source_obs_name	geo_cell_id	orig.ident	celltype	cell_type	cell_type_ontology_term_id	species	source_organism_ontology_term_id	organism_ontology_term_id	assay_ontology_term_id
MouseTMS1_AAACCCAGTCGATTTG.1	MouseTMS1_AAACCCAGTCGATTTG-1	MouseTMS1	Corneal epithelium	Corneal epithelium	CL:0000575	mouse	NCBITaxon:10090	NCBITaxon:10090	EFO:0030080
MouseTMS1_AAACGAAGTCCAGTTA.1	MouseTMS1_AAACGAAGTCCAGTTA-1	MouseTMS1	Melanocyte	Melanocyte	CL:0000148	mouse	NCBITaxon:10090	NCBITaxon:10090	EFO:0030080
MouseTMS1_AAAGGTATCCTAAGTG.1	MouseTMS1_AAAGGTATCCTAAGTG-1	MouseTMS1	JCT	JCT	CL:0002320	mouse	NCBITaxon:10090	NCBITaxon:10090	EFO:0030080
MouseTMS1_AAAGGTATCTCTCTTC.1	MouseTMS1_AAAGGTATCTCTCTTC-1	MouseTMS1	Beam A	Beam A	CL:0000327	mouse	NCBITaxon:10090	NCBITaxon:10090	EFO:0030080
MouseTMS1_AAATGGACATGGCTGC.1	MouseTMS1_AAATGGACATGGCTGC-1	MouseTMS1	Macrophage	Macrophage	CL:0000235	mouse	NCBITaxon:10090	NCBITaxon:10090	EFO:0030080
MouseTMS1_AACAAGACATCATTTC.1	MouseTMS1_AACAAGACATCATTTC-1	MouseTMS1	JCT	JCT	CL:0002320	mouse	NCBITaxon:10090	NCBITaxon:10090	EFO:0030080
MouseTMS1_AACAAGAGTAGCTTAC.1	MouseTMS1_AACAAGAGTAGCTTAC-1	MouseTMS1	Schwann cell	Schwann cell	CL:0002573	mouse	NCBITaxon:10090	NCBITaxon:10090	EFO:0030080
MouseTMS1_AACAGGGTCGTAGAGG.1	MouseTMS1_AACAGGGTCGTAGAGG-1	MouseTMS1	Macrophage	Macrophage	CL:0000235	mouse	NCBITaxon:10090	NCBITaxon:10090	EFO:0030080
MouseTMS1_AACCAACGTCTTGTCC.1	MouseTMS1_AACCAACGTCTTGTCC-1	MouseTMS1	Melanocyte	Melanocyte	CL:0000148	mouse	NCBITaxon:10090	NCBITaxon:10090	EFO:0030080
MouseTMS1_AACCAACGTTACGTAC.1	MouseTMS1_AACCAACGTTACGTAC-1	MouseTMS1	Macrophage	Macrophage	CL:0000235	mouse	NCBITaxon:10090	NCBITaxon:10090	EFO:0030080
MouseTMS1_AAGACTCCATCCGAAT.1	MouseTMS1_AAGACTCCATCCGAAT-1	MouseTMS1	Melanocyte	Melanocyte	CL:0000148	mouse	NCBITaxon:10090	NCBITaxon:10090	EFO:0030080
MouseTMS1_AAGCATCGTCATACCA.1	MouseTMS1_AAGCATCGTCATACCA-1	MouseTMS1	Macrophage	Macrophage	CL:0000235	mouse	NCBITaxon:10090	NCBITaxon:10090	EFO:0030080
MouseTMS1_AAGTGAACAAGTTCGT.1	MouseTMS1_AAGTGAACAAGTTCGT-1	MouseTMS1	Melanocyte	Melanocyte	CL:0000148	mouse	NCBITaxon:10090	NCBITaxon:10090	EFO:0030080
MouseTMS1_AATCGACTCGCCGATG.1	MouseTMS1_AATCGACTCGCCGATG-1	MouseTMS1	Melanocyte	Melanocyte	CL:0000148	mouse	NCBITaxon:10090	NCBITaxon:10090	EFO:0030080
MouseTMS1_AATCGACTCTCACTCG.1	MouseTMS1_AATCGACTCTCACTCG-1	MouseTMS1	NK/T cell	NK/T cell	CL:0000814	mouse	NCBITaxon:10090	NCBITaxon:10090	EFO:0030080
MouseTMS1_AATGAAGCAAGTGGGT.1	MouseTMS1_AATGAAGCAAGTGGGT-1	MouseTMS1	Macrophage	Macrophage	CL:0000235	mouse	NCBITaxon:10090	NCBITaxon:10090	EFO:0030080
MouseTMS1_AATGAAGCACTAACGT.1	MouseTMS1_AATGAAGCACTAACGT-1	MouseTMS1	Macrophage	Macrophage	CL:0000235	mouse	NCBITaxon:10090	NCBITaxon:10090	EFO:0030080
MouseTMS1_AATGCCAAGTAGGTTA.1	MouseTMS1_AATGCCAAGTAGGTTA-1	MouseTMS1	Pericyte	Pericyte	CL:0000669	mouse	NCBITaxon:10090	NCBITaxon:10090	EFO:0030080
MouseTMS1_AATGCCAGTGATCGTT.1	MouseTMS1_AATGCCAGTGATCGTT-1	MouseTMS1	Macrophage	Macrophage	CL:0000235	mouse	NCBITaxon:10090	NCBITaxon:10090	EFO:0030080
MouseTMS1_ACACGCGTCGCCAGAC.1	MouseTMS1_ACACGCGTCGCCAGAC-1	MouseTMS1	Melanocyte	Melanocyte	CL:0000148	mouse	NCBITaxon:10090	NCBITaxon:10090	EFO:0030080
MouseTMS1_ACAGCCGCAATCTCTT.1	MouseTMS1_ACAGCCGCAATCTCTT-1	MouseTMS1	Melanocyte	Melanocyte	CL:0000148	mouse	NCBITaxon:10090	NCBITaxon:10090	EFO:0030080
MouseTMS1_ACAGCCGTCTGTCCCA.1	MouseTMS1_ACAGCCGTCTGTCCCA-1	MouseTMS1	Corneal epithelium	Corneal epithelium	CL:0000575	mouse	NCBITaxon:10090	NCBITaxon:10090	EFO:0030080
MouseTMS1_ACATCCCCACCGCTGA.1	MouseTMS1_ACATCCCCACCGCTGA-1	MouseTMS1	Macrophage	Macrophage	CL:0000235	mouse	NCBITaxon:10090	NCBITaxon:10090	EFO:0030080
MouseTMS1_ACATCCCTCTGCGTCT.1	MouseTMS1_ACATCCCTCTGCGTCT-1	MouseTMS1	Corneal epithelium	Corneal epithelium	CL:0000575	mouse	NCBITaxon:10090	NCBITaxon:10090	EFO:0030080
MouseTMS1_ACCATTTAGCACTCCG.1	MouseTMS1_ACCATTTAGCACTCCG-1	MouseTMS1	JCT	JCT	CL:0002320	mouse	NCBITaxon:10090	NCBITaxon:10090	EFO:0030080
MouseTMS1_ACCCAAAGTGCTTATG.1	MouseTMS1_ACCCAAAGTGCTTATG-1	MouseTMS1	Pericyte	Pericyte	CL:0000669	mouse	NCBITaxon:10090	NCBITaxon:10090	EFO:0030080
MouseTMS1_ACCCTTGGTAGAATAC.1	MouseTMS1_ACCCTTGGTAGAATAC-1	MouseTMS1	Melanocyte	Melanocyte	CL:0000148	mouse	NCBITaxon:10090	NCBITaxon:10090	EFO:0030080
MouseTMS1_ACCCTTGTCGGTCGGT.1	MouseTMS1_ACCCTTGTCGGTCGGT-1	MouseTMS1	Melanocyte	Melanocyte	CL:0000148	mouse	NCBITaxon:10090	NCBITaxon:10090	EFO:0030080
MouseTMS1_ACCTACCCATTCTTCA.1	MouseTMS1_ACCTACCCATTCTTCA-1	MouseTMS1	Beam A	Beam A	CL:0000327	mouse	NCBITaxon:10090	NCBITaxon:10090	EFO:0030080
MouseTMS1_ACCTGAATCTGAGGTT.1	MouseTMS1_ACCTGAATCTGAGGTT-1	MouseTMS1	Pericyte	Pericyte	CL:0000669	mouse	NCBITaxon:10090	NCBITaxon:10090	EFO:0030080
MouseTMS1_ACGCACGCAAATCAGA.1	MouseTMS1_ACGCACGCAAATCAGA-1	MouseTMS1	Macrophage	Macrophage	CL:0000235	mouse	NCBITaxon:10090	NCBITaxon:10090	EFO:0030080
MouseTMS1_ACGGTCGTCTCGTCGT.1	MouseTMS1_ACGGTCGTCTCGTCGT-1	MouseTMS1	Macrophage	Macrophage	CL:0000235	mouse	NCBITaxon:10090	NCBITaxon:10090	EFO:0030080
MouseTMS1_ACGTACACACAGTCCG.1	MouseTMS1_ACGTACACACAGTCCG-1	MouseTMS1	Corneal epithelium	Corneal epithelium	CL:0000575	mouse	NCBITaxon:10090	NCBITaxon:10090	EFO:0030080
MouseTMS1_ACGTACATCCTACAAG.1	MouseTMS1_ACGTACATCCTACAAG-1	MouseTMS1	Macrophage	Macrophage	CL:0000235	mouse	NCBITaxon:10090	NCBITaxon:10090	EFO:0030080
MouseTMS1_ACGTAGTAGGATCACG.1	MouseTMS1_ACGTAGTAGGATCACG-1	MouseTMS1	Macrophage	Macrophage	CL:0000235	mouse	NCBITaxon:10090	NCBITaxon:10090	EFO:0030080
MouseTMS1_ACGTAGTGTTCAAAGA.1	MouseTMS1_ACGTAGTGTTCAAAGA-1	MouseTMS1	Melanocyte	Melanocyte	CL:0000148	mouse	NCBITaxon:10090	NCBITaxon:10090	EFO:0030080
MouseTMS1_ACGTAGTTCAGGAAAT.1	MouseTMS1_ACGTAGTTCAGGAAAT-1	MouseTMS1	Melanocyte	Melanocyte	CL:0000148	mouse	NCBITaxon:10090	NCBITaxon:10090	EFO:0030080
MouseTMS1_ACTATGGGTGCCTAAT.1	MouseTMS1_ACTATGGGTGCCTAAT-1	MouseTMS1	JCT	JCT	CL:0002320	mouse	NCBITaxon:10090	NCBITaxon:10090	EFO:0030080
MouseTMS1_ACTCTCGTCATACGAC.1	MouseTMS1_ACTCTCGTCATACGAC-1	MouseTMS1	Macrophage	Macrophage	CL:0000235	mouse	NCBITaxon:10090	NCBITaxon:10090	EFO:0030080
MouseTMS1_ACTGTGAAGTACAGAT.1	MouseTMS1_ACTGTGAAGTACAGAT-1	MouseTMS1	Melanocyte	Melanocyte	CL:0000148	mouse	NCBITaxon:10090	NCBITaxon:10090	EFO:0030080
MouseTMS1_ACTTCGCTCGAGAAAT.1	MouseTMS1_ACTTCGCTCGAGAAAT-1	MouseTMS1	Corneal epithelium	Corneal epithelium	CL:0000575	mouse	NCBITaxon:10090	NCBITaxon:10090	EFO:0030080
MouseTMS1_ACTTTGTGTATTCTCT.1	MouseTMS1_ACTTTGTGTATTCTCT-1	MouseTMS1	Corneal epithelium	Corneal epithelium	CL:0000575	mouse	NCBITaxon:10090	NCBITaxon:10090	EFO:0030080
MouseTMS1_AGAACAAAGCGTGAGT.1	MouseTMS1_AGAACAAAGCGTGAGT-1	MouseTMS1	Macrophage	Macrophage	CL:0000235	mouse	NCBITaxon:10090	NCBITaxon:10090	EFO:0030080
MouseTMS1_AGAAGTAGTCCACAGC.1	MouseTMS1_AGAAGTAGTCCACAGC-1	MouseTMS1	Corneal epithelium	Corneal epithelium	CL:0000575	mouse	NCBITaxon:10090	NCBITaxon:10090	EFO:0030080
MouseTMS1_AGACAAAAGCGTGTCC.1	MouseTMS1_AGACAAAAGCGTGTCC-1	MouseTMS1	Macrophage	Macrophage	CL:0000235	mouse	NCBITaxon:10090	NCBITaxon:10090	EFO:0030080
MouseTMS1_AGACAAATCTGCCTCA.1	MouseTMS1_AGACAAATCTGCCTCA-1	MouseTMS1	Melanocyte	Melanocyte	CL:0000148	mouse	NCBITaxon:10090	NCBITaxon:10090	EFO:0030080
MouseTMS1_AGACCATAGCCAGAGT.1	MouseTMS1_AGACCATAGCCAGAGT-1	MouseTMS1	Melanocyte	Melanocyte	CL:0000148	mouse	NCBITaxon:10090	NCBITaxon:10090	EFO:0030080
MouseTMS1_AGAGAATAGCAAATGT.1	MouseTMS1_AGAGAATAGCAAATGT-1	MouseTMS1	Macrophage	Macrophage	CL:0000235	mouse	NCBITaxon:10090	NCBITaxon:10090	EFO:0030080
MouseTMS1_AGAGAATCATGGAGAC.1	MouseTMS1_AGAGAATCATGGAGAC-1	MouseTMS1	Pericyte	Pericyte	CL:0000669	mouse	NCBITaxon:10090	NCBITaxon:10090	EFO:0030080
MouseTMS1_AGAGCAGGTATCACGT.1	MouseTMS1_AGAGCAGGTATCACGT-1	MouseTMS1	Melanocyte	Melanocyte	CL:0000148	mouse	NCBITaxon:10090	NCBITaxon:10090	EFO:0030080
MouseTMS1_AGATCCAGTTAGTCGT.1	MouseTMS1_AGATCCAGTTAGTCGT-1	MouseTMS1	Corneal epithelium	Corneal epithelium	CL:0000575	mouse	NCBITaxon:10090	NCBITaxon:10090	EFO:0030080
MouseTMS1_AGATCGTGTCGAGATG.1	MouseTMS1_AGATCGTGTCGAGATG-1	MouseTMS1	JCT	JCT	CL:0002320	mouse	NCBITaxon:10090	NCBITaxon:10090	EFO:0030080
MouseTMS1_AGATGAAAGCGGACAT.1	MouseTMS1_AGATGAAAGCGGACAT-1	MouseTMS1	Macrophage	Macrophage	CL:0000235	mouse	NCBITaxon:10090	NCBITaxon:10090	EFO:0030080
MouseTMS1_AGATGCTCACGACGCT.1	MouseTMS1_AGATGCTCACGACGCT-1	MouseTMS1	Corneal epithelium	Corneal epithelium	CL:0000575	mouse	NCBITaxon:10090	NCBITaxon:10090	EFO:0030080
MouseTMS1_AGATGCTTCGGTTAGT.1	MouseTMS1_AGATGCTTCGGTTAGT-1	MouseTMS1	Ciliary muscle	Ciliary muscle	CL:1000443	mouse	NCBITaxon:10090	NCBITaxon:10090	EFO:0030080
MouseTMS1_AGCCACGGTCTCTCTG.1	MouseTMS1_AGCCACGGTCTCTCTG-1	MouseTMS1	JCT	JCT	CL:0002320	mouse	NCBITaxon:10090	NCBITaxon:10090	EFO:0030080
MouseTMS1_AGCGTATCAAGCGAGT.1	MouseTMS1_AGCGTATCAAGCGAGT-1	MouseTMS1	Macrophage	Macrophage	CL:0000235	mouse	NCBITaxon:10090	NCBITaxon:10090	EFO:0030080
MouseTMS1_AGCTACAGTGACCGAA.1	MouseTMS1_AGCTACAGTGACCGAA-1	MouseTMS1	Melanocyte	Melanocyte	CL:0000148	mouse	NCBITaxon:10090	NCBITaxon:10090	EFO:0030080
MouseTMS1_AGGAAATAGACTTGTC.1	MouseTMS1_AGGAAATAGACTTGTC-1	MouseTMS1	Melanocyte	Melanocyte	CL:0000148	mouse	NCBITaxon:10090	NCBITaxon:10090	EFO:0030080
MouseTMS1_AGGACGATCCCTTCCC.1	MouseTMS1_AGGACGATCCCTTCCC-1	MouseTMS1	Corneal epithelium	Corneal epithelium	CL:0000575	mouse	NCBITaxon:10090	NCBITaxon:10090	EFO:0030080
MouseTMS1_AGGACTTCAATCCTAG.1	MouseTMS1_AGGACTTCAATCCTAG-1	MouseTMS1	SChlemm's Canal	SChlemm's Canal	CL:0000115	mouse	NCBITaxon:10090	NCBITaxon:10090	EFO:0030080
MouseTMS1_AGGCATTTCCACTTCG.1	MouseTMS1_AGGCATTTCCACTTCG-1	MouseTMS1	Ciliary muscle	Ciliary muscle	CL:1000443	mouse	NCBITaxon:10090	NCBITaxon:10090	EFO:0030080
MouseTMS1_AGGCTGCGTGTGGTCC.1	MouseTMS1_AGGCTGCGTGTGGTCC-1	MouseTMS1	Pericyte	Pericyte	CL:0000669	mouse	NCBITaxon:10090	NCBITaxon:10090	EFO:0030080
MouseTMS1_AGGGTGAAGACGCTCC.1	MouseTMS1_AGGGTGAAGACGCTCC-1	MouseTMS1	Corneal epithelium	Corneal epithelium	CL:0000575	mouse	NCBITaxon:10090	NCBITaxon:10090	EFO:0030080
MouseTMS1_AGTAACCAGTGGATAT.1	MouseTMS1_AGTAACCAGTGGATAT-1	MouseTMS1	Macrophage	Macrophage	CL:0000235	mouse	NCBITaxon:10090	NCBITaxon:10090	EFO:0030080
MouseTMS1_AGTACTGCATCCAATG.1	MouseTMS1_AGTACTGCATCCAATG-1	MouseTMS1	Melanocyte	Melanocyte	CL:0000148	mouse	NCBITaxon:10090	NCBITaxon:10090	EFO:0030080
MouseTMS1_AGTCTCCTCGTAGGAG.1	MouseTMS1_AGTCTCCTCGTAGGAG-1	MouseTMS1	Macrophage	Macrophage	CL:0000235	mouse	NCBITaxon:10090	NCBITaxon:10090	EFO:0030080
MouseTMS1_AGTGATCGTGTTCATG.1	MouseTMS1_AGTGATCGTGTTCATG-1	MouseTMS1	Melanocyte	Melanocyte	CL:0000148	mouse	NCBITaxon:10090	NCBITaxon:10090	EFO:0030080
MouseTMS1_AGTTAGCCACGTACAT.1	MouseTMS1_AGTTAGCCACGTACAT-1	MouseTMS1	Melanocyte	Melanocyte	CL:0000148	mouse	NCBITaxon:10090	NCBITaxon:10090	EFO:0030080
MouseTMS1_AGTTCCCCAGAAATTG.1	MouseTMS1_AGTTCCCCAGAAATTG-1	MouseTMS1	JCT	JCT	CL:0002320	mouse	NCBITaxon:10090	NCBITaxon:10090	EFO:0030080
MouseTMS1_AGTTCCCCATGTTTGG.1	MouseTMS1_AGTTCCCCATGTTTGG-1	MouseTMS1	Corneal epithelium	Corneal epithelium	CL:0000575	mouse	NCBITaxon:10090	NCBITaxon:10090	EFO:0030080
MouseTMS1_AGTTCGAGTGTGCCTG.1	MouseTMS1_AGTTCGAGTGTGCCTG-1	MouseTMS1	Melanocyte	Melanocyte	CL:0000148	mouse	NCBITaxon:10090	NCBITaxon:10090	EFO:0030080
MouseTMS1_ATAGAGAGTCCGGACT.1	MouseTMS1_ATAGAGAGTCCGGACT-1	MouseTMS1	Schwann cell	Schwann cell	CL:0002573	mouse	NCBITaxon:10090	NCBITaxon:10090	EFO:0030080
MouseTMS1_ATAGGCTCAGAAATCA.1	MouseTMS1_ATAGGCTCAGAAATCA-1	MouseTMS1	Macrophage	Macrophage	CL:0000235	mouse	NCBITaxon:10090	NCBITaxon:10090	EFO:0030080
MouseTMS1_ATATCCTCATCTGTTT.1	MouseTMS1_ATATCCTCATCTGTTT-1	MouseTMS1	Corneal epithelium	Corneal epithelium	CL:0000575	mouse	NCBITaxon:10090	NCBITaxon:10090	EFO:0030080
MouseTMS1_ATCGTCCCAATAGGAT.1	MouseTMS1_ATCGTCCCAATAGGAT-1	MouseTMS1	Macrophage	Macrophage	CL:0000235	mouse	NCBITaxon:10090	NCBITaxon:10090	EFO:0030080
MouseTMS1_ATGAAAGGTCTACGTA.1	MouseTMS1_ATGAAAGGTCTACGTA-1	MouseTMS1	Macrophage	Macrophage	CL:0000235	mouse	NCBITaxon:10090	NCBITaxon:10090	EFO:0030080
MouseTMS1_ATGACCACAGCCTTCT.1	MouseTMS1_ATGACCACAGCCTTCT-1	MouseTMS1	Corneal epithelium	Corneal epithelium	CL:0000575	mouse	NCBITaxon:10090	NCBITaxon:10090	EFO:0030080
MouseTMS1_ATGCATGGTGCCTTCT.1	MouseTMS1_ATGCATGGTGCCTTCT-1	MouseTMS1	Melanocyte	Melanocyte	CL:0000148	mouse	NCBITaxon:10090	NCBITaxon:10090	EFO:0030080
MouseTMS1_ATGGTTGTCTGTTCAT.1	MouseTMS1_ATGGTTGTCTGTTCAT-1	MouseTMS1	JCT	JCT	CL:0002320	mouse	NCBITaxon:10090	NCBITaxon:10090	EFO:0030080
MouseTMS1_ATTACCTCATATACCG.1	MouseTMS1_ATTACCTCATATACCG-1	MouseTMS1	SChlemm's Canal	SChlemm's Canal	CL:0000115	mouse	NCBITaxon:10090	NCBITaxon:10090	EFO:0030080
MouseTMS1_ATTACCTGTAGTCACT.1	MouseTMS1_ATTACCTGTAGTCACT-1	MouseTMS1	Macrophage	Macrophage	CL:0000235	mouse	NCBITaxon:10090	NCBITaxon:10090	EFO:0030080
MouseTMS1_ATTATCCCAGTAGTTC.1	MouseTMS1_ATTATCCCAGTAGTTC-1	MouseTMS1	SChlemm's Canal	SChlemm's Canal	CL:0000115	mouse	NCBITaxon:10090	NCBITaxon:10090	EFO:0030080
MouseTMS1_ATTCACTAGCTGAGTG.1	MouseTMS1_ATTCACTAGCTGAGTG-1	MouseTMS1	Macrophage	Macrophage	CL:0000235	mouse	NCBITaxon:10090	NCBITaxon:10090	EFO:0030080
MouseTMS1_ATTCCTAGTACTTGTG.1	MouseTMS1_ATTCCTAGTACTTGTG-1	MouseTMS1	Corneal epithelium	Corneal epithelium	CL:0000575	mouse	NCBITaxon:10090	NCBITaxon:10090	EFO:0030080
MouseTMS1_ATTCCTATCAACTACG.1	MouseTMS1_ATTCCTATCAACTACG-1	MouseTMS1	NK/T cell	NK/T cell	CL:0000814	mouse	NCBITaxon:10090	NCBITaxon:10090	EFO:0030080
MouseTMS1_ATTCTTGTCCCATAGA.1	MouseTMS1_ATTCTTGTCCCATAGA-1	MouseTMS1	JCT	JCT	CL:0002320	mouse	NCBITaxon:10090	NCBITaxon:10090	EFO:0030080
MouseTMS1_ATTTACCAGTGGAATT.1	MouseTMS1_ATTTACCAGTGGAATT-1	MouseTMS1	Macrophage	Macrophage	CL:0000235	mouse	NCBITaxon:10090	NCBITaxon:10090	EFO:0030080
MouseTMS1_CAAGACTAGGTAGACC.1	MouseTMS1_CAAGACTAGGTAGACC-1	MouseTMS1	Melanocyte	Melanocyte	CL:0000148	mouse	NCBITaxon:10090	NCBITaxon:10090	EFO:0030080
MouseTMS1_CACAACATCTGCTGAA.1	MouseTMS1_CACAACATCTGCTGAA-1	MouseTMS1	Melanocyte	Melanocyte	CL:0000148	mouse	NCBITaxon:10090	NCBITaxon:10090	EFO:0030080
MouseTMS1_CACATGAAGCCTCGTG.1	MouseTMS1_CACATGAAGCCTCGTG-1	MouseTMS1	Ciliary muscle	Ciliary muscle	CL:1000443	mouse	NCBITaxon:10090	NCBITaxon:10090	EFO:0030080
MouseTMS1_CACGAATAGCGCCCAT.1	MouseTMS1_CACGAATAGCGCCCAT-1	MouseTMS1	Beam A	Beam A	CL:0000327	mouse	NCBITaxon:10090	NCBITaxon:10090	EFO:0030080
MouseTMS1_CAGAGCCAGCTGAGCA.1	MouseTMS1_CAGAGCCAGCTGAGCA-1	MouseTMS1	Melanocyte	Melanocyte	CL:0000148	mouse	NCBITaxon:10090	NCBITaxon:10090	EFO:0030080
MouseTMS1_CAGATACGTAACAAGT.1	MouseTMS1_CAGATACGTAACAAGT-1	MouseTMS1	JCT	JCT	CL:0002320	mouse	NCBITaxon:10090	NCBITaxon:10090	EFO:0030080
MouseTMS1_CAGATACTCGTAGCTA.1	MouseTMS1_CAGATACTCGTAGCTA-1	MouseTMS1	Macrophage	Macrophage	CL:0000235	mouse	NCBITaxon:10090	NCBITaxon:10090	EFO:0030080
MouseTMS1_CAGCACGCATCGTCCT.1	MouseTMS1_CAGCACGCATCGTCCT-1	MouseTMS1	Ciliary muscle	Ciliary muscle	CL:1000443	mouse	NCBITaxon:10090	NCBITaxon:10090	EFO:0030080
MouseTMS1_CAGGCCACACACCGCA.1	MouseTMS1_CAGGCCACACACCGCA-1	MouseTMS1	Corneal epithelium	Corneal epithelium	CL:0000575	mouse	NCBITaxon:10090	NCBITaxon:10090	EFO:0030080
MouseTMS1_CAGGGCTAGGCCCAAA.1	MouseTMS1_CAGGGCTAGGCCCAAA-1	MouseTMS1	SChlemm's Canal	SChlemm's Canal	CL:0000115	mouse	NCBITaxon:10090	NCBITaxon:10090	EFO:0030080
MouseTMS1_CAGTGCGAGTAGGATT.1	MouseTMS1_CAGTGCGAGTAGGATT-1	MouseTMS1	Melanocyte	Melanocyte	CL:0000148	mouse	NCBITaxon:10090	NCBITaxon:10090	EFO:0030080
MouseTMS1_CAGTTCCCAGAGCCCT.1	MouseTMS1_CAGTTCCCAGAGCCCT-1	MouseTMS1	Pericyte	Pericyte	CL:0000669	mouse	NCBITaxon:10090	NCBITaxon:10090	EFO:0030080
MouseTMS1_CATCAAGCAGAATGTA.1	MouseTMS1_CATCAAGCAGAATGTA-1	MouseTMS1	Macrophage	Macrophage	CL:0000235	mouse	NCBITaxon:10090	NCBITaxon:10090	EFO:0030080
MouseTMS1_CATCCCACACAATGAA.1	MouseTMS1_CATCCCACACAATGAA-1	MouseTMS1	Macrophage	Macrophage	CL:0000235	mouse	NCBITaxon:10090	NCBITaxon:10090	EFO:0030080
MouseTMS1_CATCGTCCAATGAACA.1	MouseTMS1_CATCGTCCAATGAACA-1	MouseTMS1	Macrophage	Macrophage	CL:0000235	mouse	NCBITaxon:10090	NCBITaxon:10090	EFO:0030080
MouseTMS1_CATCGTCTCCGATGCG.1	MouseTMS1_CATCGTCTCCGATGCG-1	MouseTMS1	Pericyte	Pericyte	CL:0000669	mouse	NCBITaxon:10090	NCBITaxon:10090	EFO:0030080
MouseTMS1_CATGCAACATGTGTCA.1	MouseTMS1_CATGCAACATGTGTCA-1	MouseTMS1	Corneal epithelium	Corneal epithelium	CL:0000575	mouse	NCBITaxon:10090	NCBITaxon:10090	EFO:0030080
MouseTMS1_CATGCCTCACTCTGCT.1	MouseTMS1_CATGCCTCACTCTGCT-1	MouseTMS1	Macrophage	Macrophage	CL:0000235	mouse	NCBITaxon:10090	NCBITaxon:10090	EFO:0030080
MouseTMS1_CATTCATGTCGTGGAA.1	MouseTMS1_CATTCATGTCGTGGAA-1	MouseTMS1	Corneal epithelium	Corneal epithelium	CL:0000575	mouse	NCBITaxon:10090	NCBITaxon:10090	EFO:0030080
MouseTMS1_CATTGAGCACCGTGAC.1	MouseTMS1_CATTGAGCACCGTGAC-1	MouseTMS1	Macrophage	Macrophage	CL:0000235	mouse	NCBITaxon:10090	NCBITaxon:10090	EFO:0030080
MouseTMS1_CATTGTTCACCCTATC.1	MouseTMS1_CATTGTTCACCCTATC-1	MouseTMS1	Melanocyte	Melanocyte	CL:0000148	mouse	NCBITaxon:10090	NCBITaxon:10090	EFO:0030080
MouseTMS1_CCAATGACATTGGATC.1	MouseTMS1_CCAATGACATTGGATC-1	MouseTMS1	Corneal epithelium	Corneal epithelium	CL:0000575	mouse	NCBITaxon:10090	NCBITaxon:10090	EFO:0030080
MouseTMS1_CCAATTTAGCGCTGAA.1	MouseTMS1_CCAATTTAGCGCTGAA-1	MouseTMS1	Macrophage	Macrophage	CL:0000235	mouse	NCBITaxon:10090	NCBITaxon:10090	EFO:0030080
MouseTMS1_CCACACTTCCAATCTT.1	MouseTMS1_CCACACTTCCAATCTT-1	MouseTMS1	Pericyte	Pericyte	CL:0000669	mouse	NCBITaxon:10090	NCBITaxon:10090	EFO:0030080
MouseTMS1_CCACCATGTCGCGGTT.1	MouseTMS1_CCACCATGTCGCGGTT-1	MouseTMS1	Beam A	Beam A	CL:0000327	mouse	NCBITaxon:10090	NCBITaxon:10090	EFO:0030080
MouseTMS1_CCACCATTCCAAATGC.1	MouseTMS1_CCACCATTCCAAATGC-1	MouseTMS1	Melanocyte	Melanocyte	CL:0000148	mouse	NCBITaxon:10090	NCBITaxon:10090	EFO:0030080
MouseTMS1_CCACGTTAGGTTATAG.1	MouseTMS1_CCACGTTAGGTTATAG-1	MouseTMS1	Corneal epithelium	Corneal epithelium	CL:0000575	mouse	NCBITaxon:10090	NCBITaxon:10090	EFO:0030080
MouseTMS1_CCATAAGAGCAACAGC.1	MouseTMS1_CCATAAGAGCAACAGC-1	MouseTMS1	Macrophage	Macrophage	CL:0000235	mouse	NCBITaxon:10090	NCBITaxon:10090	EFO:0030080
MouseTMS1_CCATCACCAGTATTCG.1	MouseTMS1_CCATCACCAGTATTCG-1	MouseTMS1	Ciliary muscle	Ciliary muscle	CL:1000443	mouse	NCBITaxon:10090	NCBITaxon:10090	EFO:0030080
MouseTMS1_CCCAACTGTGATACTC.1	MouseTMS1_CCCAACTGTGATACTC-1	MouseTMS1	Corneal epithelium	Corneal epithelium	CL:0000575	mouse	NCBITaxon:10090	NCBITaxon:10090	EFO:0030080
MouseTMS1_CCCATTGAGAAACCAT.1	MouseTMS1_CCCATTGAGAAACCAT-1	MouseTMS1	Beam A	Beam A	CL:0000327	mouse	NCBITaxon:10090	NCBITaxon:10090	EFO:0030080
MouseTMS1_CCCTCTCCAAGTTCCA.1	MouseTMS1_CCCTCTCCAAGTTCCA-1	MouseTMS1	SChlemm's Canal	SChlemm's Canal	CL:0000115	mouse	NCBITaxon:10090	NCBITaxon:10090	EFO:0030080
MouseTMS1_CCCTTAGTCGACATCA.1	MouseTMS1_CCCTTAGTCGACATCA-1	MouseTMS1	JCT	JCT	CL:0002320	mouse	NCBITaxon:10090	NCBITaxon:10090	EFO:0030080
MouseTMS1_CCGCAAGGTCCAGGTC.1	MouseTMS1_CCGCAAGGTCCAGGTC-1	MouseTMS1	Schwann cell	Schwann cell	CL:0002573	mouse	NCBITaxon:10090	NCBITaxon:10090	EFO:0030080
MouseTMS1_CCGCAAGTCATTTCGT.1	MouseTMS1_CCGCAAGTCATTTCGT-1	MouseTMS1	Pericyte	Pericyte	CL:0000669	mouse	NCBITaxon:10090	NCBITaxon:10090	EFO:0030080
MouseTMS1_CCGGACACACTACTTT.1	MouseTMS1_CCGGACACACTACTTT-1	MouseTMS1	JCT	JCT	CL:0002320	mouse	NCBITaxon:10090	NCBITaxon:10090	EFO:0030080
MouseTMS1_CCGGACAGTCACATTG.1	MouseTMS1_CCGGACAGTCACATTG-1	MouseTMS1	Corneal epithelium	Corneal epithelium	CL:0000575	mouse	NCBITaxon:10090	NCBITaxon:10090	EFO:0030080
MouseTMS1_CCTCATGAGGATACCG.1	MouseTMS1_CCTCATGAGGATACCG-1	MouseTMS1	Corneal epithelium	Corneal epithelium	CL:0000575	mouse	NCBITaxon:10090	NCBITaxon:10090	EFO:0030080
MouseTMS1_CCTCCAAAGTGACACG.1	MouseTMS1_CCTCCAAAGTGACACG-1	MouseTMS1	JCT	JCT	CL:0002320	mouse	NCBITaxon:10090	NCBITaxon:10090	EFO:0030080
MouseTMS1_CCTCCTCAGCCATTCA.1	MouseTMS1_CCTCCTCAGCCATTCA-1	MouseTMS1	Pericyte	Pericyte	CL:0000669	mouse	NCBITaxon:10090	NCBITaxon:10090	EFO:0030080
MouseTMS1_CCTTCAGCAATGGCCC.1	MouseTMS1_CCTTCAGCAATGGCCC-1	MouseTMS1	Corneal epithelium	Corneal epithelium	CL:0000575	mouse	NCBITaxon:10090	NCBITaxon:10090	EFO:0030080
MouseTMS1_CCTTTGGCAAATGGAT.1	MouseTMS1_CCTTTGGCAAATGGAT-1	MouseTMS1	Corneal epithelium	Corneal epithelium	CL:0000575	mouse	NCBITaxon:10090	NCBITaxon:10090	EFO:0030080
MouseTMS1_CGAATTGCATACTTTC.1	MouseTMS1_CGAATTGCATACTTTC-1	MouseTMS1	JCT	JCT	CL:0002320	mouse	NCBITaxon:10090	NCBITaxon:10090	EFO:0030080
MouseTMS1_CGAGAAGCAAGGTTGG.1	MouseTMS1_CGAGAAGCAAGGTTGG-1	MouseTMS1	Corneal epithelium	Corneal epithelium	CL:0000575	mouse	NCBITaxon:10090	NCBITaxon:10090	EFO:0030080
MouseTMS1_CGAGGCTAGGTCGTGA.1	MouseTMS1_CGAGGCTAGGTCGTGA-1	MouseTMS1	Corneal epithelium	Corneal epithelium	CL:0000575	mouse	NCBITaxon:10090	NCBITaxon:10090	EFO:0030080
MouseTMS1_CGAGTTAGTTTGCCGG.1	MouseTMS1_CGAGTTAGTTTGCCGG-1	MouseTMS1	Corneal epithelium	Corneal epithelium	CL:0000575	mouse	NCBITaxon:10090	NCBITaxon:10090	EFO:0030080
MouseTMS1_CGCATGGTCATTCATC.1	MouseTMS1_CGCATGGTCATTCATC-1	MouseTMS1	Corneal epithelium	Corneal epithelium	CL:0000575	mouse	NCBITaxon:10090	NCBITaxon:10090	EFO:0030080
MouseTMS1_CGCCAGATCCTCGCAT.1	MouseTMS1_CGCCAGATCCTCGCAT-1	MouseTMS1	Corneal epithelium	Corneal epithelium	CL:0000575	mouse	NCBITaxon:10090	NCBITaxon:10090	EFO:0030080
MouseTMS1_CGCCATTCAGACCAAG.1	MouseTMS1_CGCCATTCAGACCAAG-1	MouseTMS1	Macrophage	Macrophage	CL:0000235	mouse	NCBITaxon:10090	NCBITaxon:10090	EFO:0030080
MouseTMS1_CGGAATTGTTGTTTGG.1	MouseTMS1_CGGAATTGTTGTTTGG-1	MouseTMS1	Beam A	Beam A	CL:0000327	mouse	NCBITaxon:10090	NCBITaxon:10090	EFO:0030080
MouseTMS1_CGGAATTTCGCTCTAC.1	MouseTMS1_CGGAATTTCGCTCTAC-1	MouseTMS1	Macrophage	Macrophage	CL:0000235	mouse	NCBITaxon:10090	NCBITaxon:10090	EFO:0030080
MouseTMS1_CGGAGAACAAGTCATC.1	MouseTMS1_CGGAGAACAAGTCATC-1	MouseTMS1	Melanocyte	Melanocyte	CL:0000148	mouse	NCBITaxon:10090	NCBITaxon:10090	EFO:0030080
MouseTMS1_CGGGCATGTAGAGGAA.1	MouseTMS1_CGGGCATGTAGAGGAA-1	MouseTMS1	Melanocyte	Melanocyte	CL:0000148	mouse	NCBITaxon:10090	NCBITaxon:10090	EFO:0030080
MouseTMS1_CGGGTGTAGGAATTAC.1	MouseTMS1_CGGGTGTAGGAATTAC-1	MouseTMS1	Melanocyte	Melanocyte	CL:0000148	mouse	NCBITaxon:10090	NCBITaxon:10090	EFO:0030080
MouseTMS1_CGTGAATAGCCATGCC.1	MouseTMS1_CGTGAATAGCCATGCC-1	MouseTMS1	Melanocyte	Melanocyte	CL:0000148	mouse	NCBITaxon:10090	NCBITaxon:10090	EFO:0030080
MouseTMS1_CGTTAGACACGGCTAC.1	MouseTMS1_CGTTAGACACGGCTAC-1	MouseTMS1	Melanocyte	Melanocyte	CL:0000148	mouse	NCBITaxon:10090	NCBITaxon:10090	EFO:0030080
MouseTMS1_CGTTCTGCATCGCTAA.1	MouseTMS1_CGTTCTGCATCGCTAA-1	MouseTMS1	Macrophage	Macrophage	CL:0000235	mouse	NCBITaxon:10090	NCBITaxon:10090	EFO:0030080
MouseTMS1_CGTTCTGGTGTGTGGA.1	MouseTMS1_CGTTCTGGTGTGTGGA-1	MouseTMS1	Melanocyte	Melanocyte	CL:0000148	mouse	NCBITaxon:10090	NCBITaxon:10090	EFO:0030080
MouseTMS1_CTAACCCAGAGGTTTA.1	MouseTMS1_CTAACCCAGAGGTTTA-1	MouseTMS1	Corneal epithelium	Corneal epithelium	CL:0000575	mouse	NCBITaxon:10090	NCBITaxon:10090	EFO:0030080
MouseTMS1_CTAAGTGGTCTCTCCA.1	MouseTMS1_CTAAGTGGTCTCTCCA-1	MouseTMS1	Macrophage	Macrophage	CL:0000235	mouse	NCBITaxon:10090	NCBITaxon:10090	EFO:0030080
MouseTMS1_CTACATTCAACTCGTA.1	MouseTMS1_CTACATTCAACTCGTA-1	MouseTMS1	JCT	JCT	CL:0002320	mouse	NCBITaxon:10090	NCBITaxon:10090	EFO:0030080
MouseTMS1_CTACATTTCTCCCTAG.1	MouseTMS1_CTACATTTCTCCCTAG-1	MouseTMS1	Melanocyte	Melanocyte	CL:0000148	mouse	NCBITaxon:10090	NCBITaxon:10090	EFO:0030080
MouseTMS1_CTACCCAAGAAACACT.1	MouseTMS1_CTACCCAAGAAACACT-1	MouseTMS1	Pericyte	Pericyte	CL:0000669	mouse	NCBITaxon:10090	NCBITaxon:10090	EFO:0030080
MouseTMS1_CTACGGGTCTGCGATA.1	MouseTMS1_CTACGGGTCTGCGATA-1	MouseTMS1	Ciliary muscle	Ciliary muscle	CL:1000443	mouse	NCBITaxon:10090	NCBITaxon:10090	EFO:0030080
MouseTMS1_CTCAAGACATGACTCA.1	MouseTMS1_CTCAAGACATGACTCA-1	MouseTMS1	Macrophage	Macrophage	CL:0000235	mouse	NCBITaxon:10090	NCBITaxon:10090	EFO:0030080
MouseTMS1_CTCAGGGTCGCATGAT.1	MouseTMS1_CTCAGGGTCGCATGAT-1	MouseTMS1	Corneal epithelium	Corneal epithelium	CL:0000575	mouse	NCBITaxon:10090	NCBITaxon:10090	EFO:0030080
MouseTMS1_CTCCGATGTTGTCAGT.1	MouseTMS1_CTCCGATGTTGTCAGT-1	MouseTMS1	Corneal epithelium	Corneal epithelium	CL:0000575	mouse	NCBITaxon:10090	NCBITaxon:10090	EFO:0030080
MouseTMS1_CTGAGCGGTTTGGAAA.1	MouseTMS1_CTGAGCGGTTTGGAAA-1	MouseTMS1	Melanocyte	Melanocyte	CL:0000148	mouse	NCBITaxon:10090	NCBITaxon:10090	EFO:0030080
MouseTMS1_CTGGACGAGTATGGAT.1	MouseTMS1_CTGGACGAGTATGGAT-1	MouseTMS1	Schwann cell	Schwann cell	CL:0002573	mouse	NCBITaxon:10090	NCBITaxon:10090	EFO:0030080
MouseTMS1_CTGGCAGAGTCGCCAC.1	MouseTMS1_CTGGCAGAGTCGCCAC-1	MouseTMS1	Melanocyte	Melanocyte	CL:0000148	mouse	NCBITaxon:10090	NCBITaxon:10090	EFO:0030080
MouseTMS1_CTGGTCTAGCTTGTGT.1	MouseTMS1_CTGGTCTAGCTTGTGT-1	MouseTMS1	Corneal epithelium	Corneal epithelium	CL:0000575	mouse	NCBITaxon:10090	NCBITaxon:10090	EFO:0030080
MouseTMS1_CTGGTCTTCCTGCTAC.1	MouseTMS1_CTGGTCTTCCTGCTAC-1	MouseTMS1	Melanocyte	Melanocyte	CL:0000148	mouse	NCBITaxon:10090	NCBITaxon:10090	EFO:0030080
MouseTMS1_CTGTGGGAGTATAACG.1	MouseTMS1_CTGTGGGAGTATAACG-1	MouseTMS1	Macrophage	Macrophage	CL:0000235	mouse	NCBITaxon:10090	NCBITaxon:10090	EFO:0030080
MouseTMS1_CTGTGGGGTATACCCA.1	MouseTMS1_CTGTGGGGTATACCCA-1	MouseTMS1	Macrophage	Macrophage	CL:0000235	mouse	NCBITaxon:10090	NCBITaxon:10090	EFO:0030080
MouseTMS1_CTTAGGACAGGCATTT.1	MouseTMS1_CTTAGGACAGGCATTT-1	MouseTMS1	Pericyte	Pericyte	CL:0000669	mouse	NCBITaxon:10090	NCBITaxon:10090	EFO:0030080
MouseTMS1_CTTCCGAAGCAGCCTC.1	MouseTMS1_CTTCCGAAGCAGCCTC-1	MouseTMS1	Melanocyte	Melanocyte	CL:0000148	mouse	NCBITaxon:10090	NCBITaxon:10090	EFO:0030080
MouseTMS1_CTTGAGAAGATAGCAT.1	MouseTMS1_CTTGAGAAGATAGCAT-1	MouseTMS1	Macrophage	Macrophage	CL:0000235	mouse	NCBITaxon:10090	NCBITaxon:10090	EFO:0030080
MouseTMS1_GAACTGTCATTCAGGT.1	MouseTMS1_GAACTGTCATTCAGGT-1	MouseTMS1	Macrophage	Macrophage	CL:0000235	mouse	NCBITaxon:10090	NCBITaxon:10090	EFO:0030080
MouseTMS1_GAAGGGTTCTGACCCT.1	MouseTMS1_GAAGGGTTCTGACCCT-1	MouseTMS1	Macrophage	Macrophage	CL:0000235	mouse	NCBITaxon:10090	NCBITaxon:10090	EFO:0030080
MouseTMS1_GAATAGAAGATCGCCC.1	MouseTMS1_GAATAGAAGATCGCCC-1	MouseTMS1	Macrophage	Macrophage	CL:0000235	mouse	NCBITaxon:10090	NCBITaxon:10090	EFO:0030080
MouseTMS1_GAATAGATCCAACCAA.1	MouseTMS1_GAATAGATCCAACCAA-1	MouseTMS1	Macrophage	Macrophage	CL:0000235	mouse	NCBITaxon:10090	NCBITaxon:10090	EFO:0030080
MouseTMS1_GACACGCGTGCGAACA.1	MouseTMS1_GACACGCGTGCGAACA-1	MouseTMS1	Macrophage	Macrophage	CL:0000235	mouse	NCBITaxon:10090	NCBITaxon:10090	EFO:0030080
MouseTMS1_GACCCTTTCTTCACGC.1	MouseTMS1_GACCCTTTCTTCACGC-1	MouseTMS1	Ciliary muscle	Ciliary muscle	CL:1000443	mouse	NCBITaxon:10090	NCBITaxon:10090	EFO:0030080
MouseTMS1_GACGCTGTCCAGTGTA.1	MouseTMS1_GACGCTGTCCAGTGTA-1	MouseTMS1	Melanocyte	Melanocyte	CL:0000148	mouse	NCBITaxon:10090	NCBITaxon:10090	EFO:0030080
MouseTMS1_GACTGATTCAGCAGAG.1	MouseTMS1_GACTGATTCAGCAGAG-1	MouseTMS1	Melanocyte	Melanocyte	CL:0000148	mouse	NCBITaxon:10090	NCBITaxon:10090	EFO:0030080
MouseTMS1_GAGACTTTCGAAGCCC.1	MouseTMS1_GAGACTTTCGAAGCCC-1	MouseTMS1	NK/T cell	NK/T cell	CL:0000814	mouse	NCBITaxon:10090	NCBITaxon:10090	EFO:0030080
MouseTMS1_GAGCCTGAGGACTTCT.1	MouseTMS1_GAGCCTGAGGACTTCT-1	MouseTMS1	Macrophage	Macrophage	CL:0000235	mouse	NCBITaxon:10090	NCBITaxon:10090	EFO:0030080
MouseTMS1_GAGCTGCCACTGGCGT.1	MouseTMS1_GAGCTGCCACTGGCGT-1	MouseTMS1	NK/T cell	NK/T cell	CL:0000814	mouse	NCBITaxon:10090	NCBITaxon:10090	EFO:0030080
MouseTMS1_GAGGCAATCCTCTCTT.1	MouseTMS1_GAGGCAATCCTCTCTT-1	MouseTMS1	JCT	JCT	CL:0002320	mouse	NCBITaxon:10090	NCBITaxon:10090	EFO:0030080
MouseTMS1_GAGGCCTGTGTCACAT.1	MouseTMS1_GAGGCCTGTGTCACAT-1	MouseTMS1	NK/T cell	NK/T cell	CL:0000814	mouse	NCBITaxon:10090	NCBITaxon:10090	EFO:0030080
MouseTMS1_GAGGCCTTCCTGTACC.1	MouseTMS1_GAGGCCTTCCTGTACC-1	MouseTMS1	Macrophage	Macrophage	CL:0000235	mouse	NCBITaxon:10090	NCBITaxon:10090	EFO:0030080
MouseTMS1_GAGTGAGTCGACGTCG.1	MouseTMS1_GAGTGAGTCGACGTCG-1	MouseTMS1	Melanocyte	Melanocyte	CL:0000148	mouse	NCBITaxon:10090	NCBITaxon:10090	EFO:0030080
MouseTMS1_GAGTGTTTCTGGCTGG.1	MouseTMS1_GAGTGTTTCTGGCTGG-1	MouseTMS1	Macrophage	Macrophage	CL:0000235	mouse	NCBITaxon:10090	NCBITaxon:10090	EFO:0030080
MouseTMS1_GAGTTACCAAATCCCA.1	MouseTMS1_GAGTTACCAAATCCCA-1	MouseTMS1	Schwann cell	Schwann cell	CL:0002573	mouse	NCBITaxon:10090	NCBITaxon:10090	EFO:0030080
MouseTMS1_GAGTTGTTCGTTTACT.1	MouseTMS1_GAGTTGTTCGTTTACT-1	MouseTMS1	Schwann cell	Schwann cell	CL:0002573	mouse	NCBITaxon:10090	NCBITaxon:10090	EFO:0030080
MouseTMS1_GATAGAAGTCCAGAAG.1	MouseTMS1_GATAGAAGTCCAGAAG-1	MouseTMS1	JCT	JCT	CL:0002320	mouse	NCBITaxon:10090	NCBITaxon:10090	EFO:0030080
MouseTMS1_GATCAGTGTACAAGCG.1	MouseTMS1_GATCAGTGTACAAGCG-1	MouseTMS1	Melanocyte	Melanocyte	CL:0000148	mouse	NCBITaxon:10090	NCBITaxon:10090	EFO:0030080
MouseTMS1_GATCAGTTCATGAGAA.1	MouseTMS1_GATCAGTTCATGAGAA-1	MouseTMS1	Macrophage	Macrophage	CL:0000235	mouse	NCBITaxon:10090	NCBITaxon:10090	EFO:0030080
MouseTMS1_GATGATCCAAAGCGTG.1	MouseTMS1_GATGATCCAAAGCGTG-1	MouseTMS1	Macrophage	Macrophage	CL:0000235	mouse	NCBITaxon:10090	NCBITaxon:10090	EFO:0030080
MouseTMS1_GATGGAGCAACTCCCT.1	MouseTMS1_GATGGAGCAACTCCCT-1	MouseTMS1	Melanocyte	Melanocyte	CL:0000148	mouse	NCBITaxon:10090	NCBITaxon:10090	EFO:0030080
MouseTMS1_GATTGGTAGGTCACAG.1	MouseTMS1_GATTGGTAGGTCACAG-1	MouseTMS1	Ciliary muscle	Ciliary muscle	CL:1000443	mouse	NCBITaxon:10090	NCBITaxon:10090	EFO:0030080
MouseTMS1_GATTTCTAGCTTCTAG.1	MouseTMS1_GATTTCTAGCTTCTAG-1	MouseTMS1	Macrophage	Macrophage	CL:0000235	mouse	NCBITaxon:10090	NCBITaxon:10090	EFO:0030080
MouseTMS1_GCAACCGGTTTCTTAC.1	MouseTMS1_GCAACCGGTTTCTTAC-1	MouseTMS1	Melanocyte	Melanocyte	CL:0000148	mouse	NCBITaxon:10090	NCBITaxon:10090	EFO:0030080
MouseTMS1_GCACGGTGTTACCCAA.1	MouseTMS1_GCACGGTGTTACCCAA-1	MouseTMS1	Macrophage	Macrophage	CL:0000235	mouse	NCBITaxon:10090	NCBITaxon:10090	EFO:0030080
MouseTMS1_GCACTAATCACAACCA.1	MouseTMS1_GCACTAATCACAACCA-1	MouseTMS1	Pericyte	Pericyte	CL:0000669	mouse	NCBITaxon:10090	NCBITaxon:10090	EFO:0030080
MouseTMS1_GCAGGCTGTCAACCTA.1	MouseTMS1_GCAGGCTGTCAACCTA-1	MouseTMS1	Macrophage	Macrophage	CL:0000235	mouse	NCBITaxon:10090	NCBITaxon:10090	EFO:0030080
MouseTMS1_GCATGATTCCCTTGTG.1	MouseTMS1_GCATGATTCCCTTGTG-1	MouseTMS1	Melanocyte	Melanocyte	CL:0000148	mouse	NCBITaxon:10090	NCBITaxon:10090	EFO:0030080
MouseTMS1_GCATTAGCAACGTAAA.1	MouseTMS1_GCATTAGCAACGTAAA-1	MouseTMS1	Corneal epithelium	Corneal epithelium	CL:0000575	mouse	NCBITaxon:10090	NCBITaxon:10090	EFO:0030080
MouseTMS1_GCATTAGTCAGTCATG.1	MouseTMS1_GCATTAGTCAGTCATG-1	MouseTMS1	Corneal epithelium	Corneal epithelium	CL:0000575	mouse	NCBITaxon:10090	NCBITaxon:10090	EFO:0030080
MouseTMS1_GCCAGCACATTGGCAT.1	MouseTMS1_GCCAGCACATTGGCAT-1	MouseTMS1	Macrophage	Macrophage	CL:0000235	mouse	NCBITaxon:10090	NCBITaxon:10090	EFO:0030080
MouseTMS1_GCGGATCTCTTCGTGC.1	MouseTMS1_GCGGATCTCTTCGTGC-1	MouseTMS1	Pericyte	Pericyte	CL:0000669	mouse	NCBITaxon:10090	NCBITaxon:10090	EFO:0030080
MouseTMS1_GCTACCTGTGGGATTG.1	MouseTMS1_GCTACCTGTGGGATTG-1	MouseTMS1	Macrophage	Macrophage	CL:0000235	mouse	NCBITaxon:10090	NCBITaxon:10090	EFO:0030080
MouseTMS1_GCTGGGTGTCGTCTCT.1	MouseTMS1_GCTGGGTGTCGTCTCT-1	MouseTMS1	Melanocyte	Melanocyte	CL:0000148	mouse	NCBITaxon:10090	NCBITaxon:10090	EFO:0030080
MouseTMS1_GCTTTCGAGAACAAGG.1	MouseTMS1_GCTTTCGAGAACAAGG-1	MouseTMS1	Macrophage	Macrophage	CL:0000235	mouse	NCBITaxon:10090	NCBITaxon:10090	EFO:0030080
MouseTMS1_GCTTTCGCATCGGAAG.1	MouseTMS1_GCTTTCGCATCGGAAG-1	MouseTMS1	Corneal epithelium	Corneal epithelium	CL:0000575	mouse	NCBITaxon:10090	NCBITaxon:10090	EFO:0030080
MouseTMS1_GGAATGGCAGAAATTG.1	MouseTMS1_GGAATGGCAGAAATTG-1	MouseTMS1	Pericyte	Pericyte	CL:0000669	mouse	NCBITaxon:10090	NCBITaxon:10090	EFO:0030080
MouseTMS1_GGACGTCCAGTCGCAC.1	MouseTMS1_GGACGTCCAGTCGCAC-1	MouseTMS1	Macrophage	Macrophage	CL:0000235	mouse	NCBITaxon:10090	NCBITaxon:10090	EFO:0030080
MouseTMS1_GGAGATGGTTCGGACC.1	MouseTMS1_GGAGATGGTTCGGACC-1	MouseTMS1	JCT	JCT	CL:0002320	mouse	NCBITaxon:10090	NCBITaxon:10090	EFO:0030080
MouseTMS1_GGAGCAAGTGCTATTG.1	MouseTMS1_GGAGCAAGTGCTATTG-1	MouseTMS1	Corneal epithelium	Corneal epithelium	CL:0000575	mouse	NCBITaxon:10090	NCBITaxon:10090	EFO:0030080
MouseTMS1_GGAGGATGTTCCGTTC.1	MouseTMS1_GGAGGATGTTCCGTTC-1	MouseTMS1	Macrophage	Macrophage	CL:0000235	mouse	NCBITaxon:10090	NCBITaxon:10090	EFO:0030080
MouseTMS1_GGCAGTCGTGTTGACT.1	MouseTMS1_GGCAGTCGTGTTGACT-1	MouseTMS1	Melanocyte	Melanocyte	CL:0000148	mouse	NCBITaxon:10090	NCBITaxon:10090	EFO:0030080
MouseTMS1_GGCTGTGGTCTACGAT.1	MouseTMS1_GGCTGTGGTCTACGAT-1	MouseTMS1	JCT	JCT	CL:0002320	mouse	NCBITaxon:10090	NCBITaxon:10090	EFO:0030080
MouseTMS1_GGCTTGGTCATCCTGC.1	MouseTMS1_GGCTTGGTCATCCTGC-1	MouseTMS1	Macrophage	Macrophage	CL:0000235	mouse	NCBITaxon:10090	NCBITaxon:10090	EFO:0030080
MouseTMS1_GGGAAGTCAGAGGCTA.1	MouseTMS1_GGGAAGTCAGAGGCTA-1	MouseTMS1	Melanocyte	Melanocyte	CL:0000148	mouse	NCBITaxon:10090	NCBITaxon:10090	EFO:0030080
MouseTMS1_GGGACAAGTAGACTGG.1	MouseTMS1_GGGACAAGTAGACTGG-1	MouseTMS1	Pericyte	Pericyte	CL:0000669	mouse	NCBITaxon:10090	NCBITaxon:10090	EFO:0030080
MouseTMS1_GGGATGATCCACACCT.1	MouseTMS1_GGGATGATCCACACCT-1	MouseTMS1	Macrophage	Macrophage	CL:0000235	mouse	NCBITaxon:10090	NCBITaxon:10090	EFO:0030080
MouseTMS1_GGGCCATCAGCTCATA.1	MouseTMS1_GGGCCATCAGCTCATA-1	MouseTMS1	Melanocyte	Melanocyte	CL:0000148	mouse	NCBITaxon:10090	NCBITaxon:10090	EFO:0030080
MouseTMS1_GGGCCATTCACTGAAC.1	MouseTMS1_GGGCCATTCACTGAAC-1	MouseTMS1	B cell	B cell	CL:0000236	mouse	NCBITaxon:10090	NCBITaxon:10090	EFO:0030080
MouseTMS1_GGGCTACAGAGAGGGC.1	MouseTMS1_GGGCTACAGAGAGGGC-1	MouseTMS1	Macrophage	Macrophage	CL:0000235	mouse	NCBITaxon:10090	NCBITaxon:10090	EFO:0030080
MouseTMS1_GGGCTACCATAAGCGG.1	MouseTMS1_GGGCTACCATAAGCGG-1	MouseTMS1	Macrophage	Macrophage	CL:0000235	mouse	NCBITaxon:10090	NCBITaxon:10090	EFO:0030080
MouseTMS1_GGGTAGAGTGTCTTAG.1	MouseTMS1_GGGTAGAGTGTCTTAG-1	MouseTMS1	JCT	JCT	CL:0002320	mouse	NCBITaxon:10090	NCBITaxon:10090	EFO:0030080
MouseTMS1_GGGTATTGTTGCATAC.1	MouseTMS1_GGGTATTGTTGCATAC-1	MouseTMS1	JCT	JCT	CL:0002320	mouse	NCBITaxon:10090	NCBITaxon:10090	EFO:0030080
MouseTMS1_GGGTCACCACAATCTG.1	MouseTMS1_GGGTCACCACAATCTG-1	MouseTMS1	Macrophage	Macrophage	CL:0000235	mouse	NCBITaxon:10090	NCBITaxon:10090	EFO:0030080
MouseTMS1_GGGTGAAAGAGTGAAG.1	MouseTMS1_GGGTGAAAGAGTGAAG-1	MouseTMS1	Macrophage	Macrophage	CL:0000235	mouse	NCBITaxon:10090	NCBITaxon:10090	EFO:0030080
MouseTMS1_GGGTTTAGTCCATACA.1	MouseTMS1_GGGTTTAGTCCATACA-1	MouseTMS1	Corneal epithelium	Corneal epithelium	CL:0000575	mouse	NCBITaxon:10090	NCBITaxon:10090	EFO:0030080
MouseTMS1_GGTCACGGTATACAGA.1	MouseTMS1_GGTCACGGTATACAGA-1	MouseTMS1	Ciliary muscle	Ciliary muscle	CL:1000443	mouse	NCBITaxon:10090	NCBITaxon:10090	EFO:0030080
MouseTMS1_GGTGAAGTCCTCCACA.1	MouseTMS1_GGTGAAGTCCTCCACA-1	MouseTMS1	Macrophage	Macrophage	CL:0000235	mouse	NCBITaxon:10090	NCBITaxon:10090	EFO:0030080
MouseTMS1_GGTGTCGCAAACACGG.1	MouseTMS1_GGTGTCGCAAACACGG-1	MouseTMS1	Macrophage	Macrophage	CL:0000235	mouse	NCBITaxon:10090	NCBITaxon:10090	EFO:0030080
MouseTMS1_GGTTAACGTATATGGA.1	MouseTMS1_GGTTAACGTATATGGA-1	MouseTMS1	JCT	JCT	CL:0002320	mouse	NCBITaxon:10090	NCBITaxon:10090	EFO:0030080
MouseTMS1_GTAACACAGTCGCTAT.1	MouseTMS1_GTAACACAGTCGCTAT-1	MouseTMS1	Macrophage	Macrophage	CL:0000235	mouse	NCBITaxon:10090	NCBITaxon:10090	EFO:0030080
MouseTMS1_GTACAACCATCTTCGC.1	MouseTMS1_GTACAACCATCTTCGC-1	MouseTMS1	Melanocyte	Melanocyte	CL:0000148	mouse	NCBITaxon:10090	NCBITaxon:10090	EFO:0030080
MouseTMS1_GTAGAAAAGGCCACTC.1	MouseTMS1_GTAGAAAAGGCCACTC-1	MouseTMS1	JCT	JCT	CL:0002320	mouse	NCBITaxon:10090	NCBITaxon:10090	EFO:0030080
MouseTMS1_GTAGAAATCAAACCCA.1	MouseTMS1_GTAGAAATCAAACCCA-1	MouseTMS1	Corneal epithelium	Corneal epithelium	CL:0000575	mouse	NCBITaxon:10090	NCBITaxon:10090	EFO:0030080
MouseTMS1_GTAGAAATCCATAAGC.1	MouseTMS1_GTAGAAATCCATAAGC-1	MouseTMS1	Melanocyte	Melanocyte	CL:0000148	mouse	NCBITaxon:10090	NCBITaxon:10090	EFO:0030080
MouseTMS1_GTAGGTTAGTGTACCT.1	MouseTMS1_GTAGGTTAGTGTACCT-1	MouseTMS1	Corneal epithelium	Corneal epithelium	CL:0000575	mouse	NCBITaxon:10090	NCBITaxon:10090	EFO:0030080
MouseTMS1_GTAGTACGTACGGATG.1	MouseTMS1_GTAGTACGTACGGATG-1	MouseTMS1	Melanocyte	Melanocyte	CL:0000148	mouse	NCBITaxon:10090	NCBITaxon:10090	EFO:0030080
MouseTMS1_GTCAAACAGACGCAGT.1	MouseTMS1_GTCAAACAGACGCAGT-1	MouseTMS1	Melanocyte	Melanocyte	CL:0000148	mouse	NCBITaxon:10090	NCBITaxon:10090	EFO:0030080
MouseTMS1_GTCAAACGTCGTCAGC.1	MouseTMS1_GTCAAACGTCGTCAGC-1	MouseTMS1	SChlemm's Canal	SChlemm's Canal	CL:0000115	mouse	NCBITaxon:10090	NCBITaxon:10090	EFO:0030080
MouseTMS1_GTCAAGTAGGGATCGT.1	MouseTMS1_GTCAAGTAGGGATCGT-1	MouseTMS1	Melanocyte	Melanocyte	CL:0000148	mouse	NCBITaxon:10090	NCBITaxon:10090	EFO:0030080
MouseTMS1_GTCAAGTGTCTGTCAA.1	MouseTMS1_GTCAAGTGTCTGTCAA-1	MouseTMS1	JCT	JCT	CL:0002320	mouse	NCBITaxon:10090	NCBITaxon:10090	EFO:0030080
MouseTMS1_GTCACGGGTGGACTAG.1	MouseTMS1_GTCACGGGTGGACTAG-1	MouseTMS1	Melanocyte	Melanocyte	CL:0000148	mouse	NCBITaxon:10090	NCBITaxon:10090	EFO:0030080
MouseTMS1_GTCCTCATCGTAGCCG.1	MouseTMS1_GTCCTCATCGTAGCCG-1	MouseTMS1	Macrophage	Macrophage	CL:0000235	mouse	NCBITaxon:10090	NCBITaxon:10090	EFO:0030080
MouseTMS1_GTCTACCAGCCGTCGT.1	MouseTMS1_GTCTACCAGCCGTCGT-1	MouseTMS1	SChlemm's Canal	SChlemm's Canal	CL:0000115	mouse	NCBITaxon:10090	NCBITaxon:10090	EFO:0030080
MouseTMS1_GTCTCACCACGTCGGT.1	MouseTMS1_GTCTCACCACGTCGGT-1	MouseTMS1	Melanocyte	Melanocyte	CL:0000148	mouse	NCBITaxon:10090	NCBITaxon:10090	EFO:0030080
MouseTMS1_GTGACGCCACTTGAAC.1	MouseTMS1_GTGACGCCACTTGAAC-1	MouseTMS1	Macrophage	Macrophage	CL:0000235	mouse	NCBITaxon:10090	NCBITaxon:10090	EFO:0030080
MouseTMS1_GTGACGCGTCTTTATC.1	MouseTMS1_GTGACGCGTCTTTATC-1	MouseTMS1	Melanocyte	Melanocyte	CL:0000148	mouse	NCBITaxon:10090	NCBITaxon:10090	EFO:0030080
MouseTMS1_GTGAGCCTCTGACGCG.1	MouseTMS1_GTGAGCCTCTGACGCG-1	MouseTMS1	Pericyte	Pericyte	CL:0000669	mouse	NCBITaxon:10090	NCBITaxon:10090	EFO:0030080
MouseTMS1_GTGAGGAGTGTAAACA.1	MouseTMS1_GTGAGGAGTGTAAACA-1	MouseTMS1	Pericyte	Pericyte	CL:0000669	mouse	NCBITaxon:10090	NCBITaxon:10090	EFO:0030080
MouseTMS1_GTGAGGATCAAGCCCG.1	MouseTMS1_GTGAGGATCAAGCCCG-1	MouseTMS1	Macrophage	Macrophage	CL:0000235	mouse	NCBITaxon:10090	NCBITaxon:10090	EFO:0030080
MouseTMS1_GTGCAGCGTAGAGACC.1	MouseTMS1_GTGCAGCGTAGAGACC-1	MouseTMS1	Melanocyte	Melanocyte	CL:0000148	mouse	NCBITaxon:10090	NCBITaxon:10090	EFO:0030080
MouseTMS1_GTGCTTCCAGCATACT.1	MouseTMS1_GTGCTTCCAGCATACT-1	MouseTMS1	Melanocyte	Melanocyte	CL:0000148	mouse	NCBITaxon:10090	NCBITaxon:10090	EFO:0030080
MouseTMS1_GTGGCGTTCCAATGCA.1	MouseTMS1_GTGGCGTTCCAATGCA-1	MouseTMS1	Macrophage	Macrophage	CL:0000235	mouse	NCBITaxon:10090	NCBITaxon:10090	EFO:0030080
MouseTMS1_GTGGTTACACCAGACC.1	MouseTMS1_GTGGTTACACCAGACC-1	MouseTMS1	Macrophage	Macrophage	CL:0000235	mouse	NCBITaxon:10090	NCBITaxon:10090	EFO:0030080
MouseTMS1_GTGTAACGTGGATTTC.1	MouseTMS1_GTGTAACGTGGATTTC-1	MouseTMS1	Macrophage	Macrophage	CL:0000235	mouse	NCBITaxon:10090	NCBITaxon:10090	EFO:0030080
MouseTMS1_GTGTGATAGGCTAACG.1	MouseTMS1_GTGTGATAGGCTAACG-1	MouseTMS1	Macrophage	Macrophage	CL:0000235	mouse	NCBITaxon:10090	NCBITaxon:10090	EFO:0030080
MouseTMS1_GTGTGGCGTTCAGGTT.1	MouseTMS1_GTGTGGCGTTCAGGTT-1	MouseTMS1	Pericyte	Pericyte	CL:0000669	mouse	NCBITaxon:10090	NCBITaxon:10090	EFO:0030080
MouseTMS1_GTGTGGCTCTATCGTT.1	MouseTMS1_GTGTGGCTCTATCGTT-1	MouseTMS1	Melanocyte	Melanocyte	CL:0000148	mouse	NCBITaxon:10090	NCBITaxon:10090	EFO:0030080
MouseTMS1_GTTAGTGCATTAAAGG.1	MouseTMS1_GTTAGTGCATTAAAGG-1	MouseTMS1	Melanocyte	Melanocyte	CL:0000148	mouse	NCBITaxon:10090	NCBITaxon:10090	EFO:0030080
MouseTMS1_GTTATGGGTACCGGAA.1	MouseTMS1_GTTATGGGTACCGGAA-1	MouseTMS1	Macrophage	Macrophage	CL:0000235	mouse	NCBITaxon:10090	NCBITaxon:10090	EFO:0030080
MouseTMS1_GTTCATTAGTCCCTAA.1	MouseTMS1_GTTCATTAGTCCCTAA-1	MouseTMS1	Melanocyte	Melanocyte	CL:0000148	mouse	NCBITaxon:10090	NCBITaxon:10090	EFO:0030080
MouseTMS1_GTTCATTTCAGGGTAG.1	MouseTMS1_GTTCATTTCAGGGTAG-1	MouseTMS1	Macrophage	Macrophage	CL:0000235	mouse	NCBITaxon:10090	NCBITaxon:10090	EFO:0030080
MouseTMS1_GTTCCGTCAGTCAGCC.1	MouseTMS1_GTTCCGTCAGTCAGCC-1	MouseTMS1	Melanocyte	Melanocyte	CL:0000148	mouse	NCBITaxon:10090	NCBITaxon:10090	EFO:0030080
MouseTMS1_GTTGAACGTTGAGAGC.1	MouseTMS1_GTTGAACGTTGAGAGC-1	MouseTMS1	Melanocyte	Melanocyte	CL:0000148	mouse	NCBITaxon:10090	NCBITaxon:10090	EFO:0030080
MouseTMS1_GTTTGGAAGCTAGAAT.1	MouseTMS1_GTTTGGAAGCTAGAAT-1	MouseTMS1	JCT	JCT	CL:0002320	mouse	NCBITaxon:10090	NCBITaxon:10090	EFO:0030080
MouseTMS1_TAACACGAGATGCTGG.1	MouseTMS1_TAACACGAGATGCTGG-1	MouseTMS1	Macrophage	Macrophage	CL:0000235	mouse	NCBITaxon:10090	NCBITaxon:10090	EFO:0030080
MouseTMS1_TAACGACCACACACGC.1	MouseTMS1_TAACGACCACACACGC-1	MouseTMS1	Melanocyte	Melanocyte	CL:0000148	mouse	NCBITaxon:10090	NCBITaxon:10090	EFO:0030080
MouseTMS1_TAAGCCAAGTTAGTAG.1	MouseTMS1_TAAGCCAAGTTAGTAG-1	MouseTMS1	Melanocyte	Melanocyte	CL:0000148	mouse	NCBITaxon:10090	NCBITaxon:10090	EFO:0030080
MouseTMS1_TAAGCCATCTTTGCTA.1	MouseTMS1_TAAGCCATCTTTGCTA-1	MouseTMS1	Corneal epithelium	Corneal epithelium	CL:0000575	mouse	NCBITaxon:10090	NCBITaxon:10090	EFO:0030080
MouseTMS1_TAATCTCCAGCCGTTG.1	MouseTMS1_TAATCTCCAGCCGTTG-1	MouseTMS1	Melanocyte	Melanocyte	CL:0000148	mouse	NCBITaxon:10090	NCBITaxon:10090	EFO:0030080
MouseTMS1_TACAGGTAGGAACGAA.1	MouseTMS1_TACAGGTAGGAACGAA-1	MouseTMS1	Melanocyte	Melanocyte	CL:0000148	mouse	NCBITaxon:10090	NCBITaxon:10090	EFO:0030080
MouseTMS1_TACAGGTGTCTACATG.1	MouseTMS1_TACAGGTGTCTACATG-1	MouseTMS1	Melanocyte	Melanocyte	CL:0000148	mouse	NCBITaxon:10090	NCBITaxon:10090	EFO:0030080
MouseTMS1_TACATTCAGCCATTGT.1	MouseTMS1_TACATTCAGCCATTGT-1	MouseTMS1	Macrophage	Macrophage	CL:0000235	mouse	NCBITaxon:10090	NCBITaxon:10090	EFO:0030080
MouseTMS1_TACCTGCAGGTTCTTG.1	MouseTMS1_TACCTGCAGGTTCTTG-1	MouseTMS1	Corneal epithelium	Corneal epithelium	CL:0000575	mouse	NCBITaxon:10090	NCBITaxon:10090	EFO:0030080
MouseTMS1_TACGCTCAGATCCTAC.1	MouseTMS1_TACGCTCAGATCCTAC-1	MouseTMS1	Macrophage	Macrophage	CL:0000235	mouse	NCBITaxon:10090	NCBITaxon:10090	EFO:0030080
MouseTMS1_TACGGTACAGTGGTGA.1	MouseTMS1_TACGGTACAGTGGTGA-1	MouseTMS1	Macrophage	Macrophage	CL:0000235	mouse	NCBITaxon:10090	NCBITaxon:10090	EFO:0030080
MouseTMS1_TACTGCCTCAAGCGTT.1	MouseTMS1_TACTGCCTCAAGCGTT-1	MouseTMS1	JCT	JCT	CL:0002320	mouse	NCBITaxon:10090	NCBITaxon:10090	EFO:0030080
MouseTMS1_TACTGCCTCGGTCGGT.1	MouseTMS1_TACTGCCTCGGTCGGT-1	MouseTMS1	Melanocyte	Melanocyte	CL:0000148	mouse	NCBITaxon:10090	NCBITaxon:10090	EFO:0030080
MouseTMS1_TACTTCACATCCAATG.1	MouseTMS1_TACTTCACATCCAATG-1	MouseTMS1	NK/T cell	NK/T cell	CL:0000814	mouse	NCBITaxon:10090	NCBITaxon:10090	EFO:0030080
MouseTMS1_TAGAGTCGTGTGACCC.1	MouseTMS1_TAGAGTCGTGTGACCC-1	MouseTMS1	Melanocyte	Melanocyte	CL:0000148	mouse	NCBITaxon:10090	NCBITaxon:10090	EFO:0030080
MouseTMS1_TAGCACACAGCACACC.1	MouseTMS1_TAGCACACAGCACACC-1	MouseTMS1	Pericyte	Pericyte	CL:0000669	mouse	NCBITaxon:10090	NCBITaxon:10090	EFO:0030080
MouseTMS1_TATCCTACACAGTCCG.1	MouseTMS1_TATCCTACACAGTCCG-1	MouseTMS1	Melanocyte	Melanocyte	CL:0000148	mouse	NCBITaxon:10090	NCBITaxon:10090	EFO:0030080
MouseTMS1_TATCTGTAGGTGATCG.1	MouseTMS1_TATCTGTAGGTGATCG-1	MouseTMS1	Macrophage	Macrophage	CL:0000235	mouse	NCBITaxon:10090	NCBITaxon:10090	EFO:0030080
MouseTMS1_TATCTGTCATGGGAAC.1	MouseTMS1_TATCTGTCATGGGAAC-1	MouseTMS1	Macrophage	Macrophage	CL:0000235	mouse	NCBITaxon:10090	NCBITaxon:10090	EFO:0030080
MouseTMS1_TATCTGTGTTAGGCCC.1	MouseTMS1_TATCTGTGTTAGGCCC-1	MouseTMS1	Pericyte	Pericyte	CL:0000669	mouse	NCBITaxon:10090	NCBITaxon:10090	EFO:0030080
MouseTMS1_TATGTTCGTGAGTTTC.1	MouseTMS1_TATGTTCGTGAGTTTC-1	MouseTMS1	Melanocyte	Melanocyte	CL:0000148	mouse	NCBITaxon:10090	NCBITaxon:10090	EFO:0030080
MouseTMS1_TCAAGCACACGTAGAG.1	MouseTMS1_TCAAGCACACGTAGAG-1	MouseTMS1	Corneal epithelium	Corneal epithelium	CL:0000575	mouse	NCBITaxon:10090	NCBITaxon:10090	EFO:0030080
MouseTMS1_TCACATTAGACATCCT.1	MouseTMS1_TCACATTAGACATCCT-1	MouseTMS1	Macrophage	Macrophage	CL:0000235	mouse	NCBITaxon:10090	NCBITaxon:10090	EFO:0030080
MouseTMS1_TCACGCTTCCACCTCA.1	MouseTMS1_TCACGCTTCCACCTCA-1	MouseTMS1	Pericyte	Pericyte	CL:0000669	mouse	NCBITaxon:10090	NCBITaxon:10090	EFO:0030080
MouseTMS1_TCACGGGAGAATCTAG.1	MouseTMS1_TCACGGGAGAATCTAG-1	MouseTMS1	SChlemm's Canal	SChlemm's Canal	CL:0000115	mouse	NCBITaxon:10090	NCBITaxon:10090	EFO:0030080
MouseTMS1_TCAGCAAGTTACCTGA.1	MouseTMS1_TCAGCAAGTTACCTGA-1	MouseTMS1	Macrophage	Macrophage	CL:0000235	mouse	NCBITaxon:10090	NCBITaxon:10090	EFO:0030080
MouseTMS1_TCATGCCGTACTCGAT.1	MouseTMS1_TCATGCCGTACTCGAT-1	MouseTMS1	Melanocyte	Melanocyte	CL:0000148	mouse	NCBITaxon:10090	NCBITaxon:10090	EFO:0030080
MouseTMS1_TCATGTTTCCACAGCG.1	MouseTMS1_TCATGTTTCCACAGCG-1	MouseTMS1	Corneal epithelium	Corneal epithelium	CL:0000575	mouse	NCBITaxon:10090	NCBITaxon:10090	EFO:0030080
MouseTMS1_TCATTACCATGTTTGG.1	MouseTMS1_TCATTACCATGTTTGG-1	MouseTMS1	Pericyte	Pericyte	CL:0000669	mouse	NCBITaxon:10090	NCBITaxon:10090	EFO:0030080
MouseTMS1_TCATTCATCGGTCGGT.1	MouseTMS1_TCATTCATCGGTCGGT-1	MouseTMS1	JCT	JCT	CL:0002320	mouse	NCBITaxon:10090	NCBITaxon:10090	EFO:0030080
MouseTMS1_TCATTGTGTTACGTAC.1	MouseTMS1_TCATTGTGTTACGTAC-1	MouseTMS1	Macrophage	Macrophage	CL:0000235	mouse	NCBITaxon:10090	NCBITaxon:10090	EFO:0030080
MouseTMS1_TCATTTGTCGCGGACT.1	MouseTMS1_TCATTTGTCGCGGACT-1	MouseTMS1	Melanocyte	Melanocyte	CL:0000148	mouse	NCBITaxon:10090	NCBITaxon:10090	EFO:0030080
MouseTMS1_TCCAGAACATGTCAGT.1	MouseTMS1_TCCAGAACATGTCAGT-1	MouseTMS1	NK/T cell	NK/T cell	CL:0000814	mouse	NCBITaxon:10090	NCBITaxon:10090	EFO:0030080
MouseTMS1_TCCATCGAGAGCTGCA.1	MouseTMS1_TCCATCGAGAGCTGCA-1	MouseTMS1	Macrophage	Macrophage	CL:0000235	mouse	NCBITaxon:10090	NCBITaxon:10090	EFO:0030080
MouseTMS1_TCCCAGTAGACTAGAT.1	MouseTMS1_TCCCAGTAGACTAGAT-1	MouseTMS1	Macrophage	Macrophage	CL:0000235	mouse	NCBITaxon:10090	NCBITaxon:10090	EFO:0030080
MouseTMS1_TCCGTGTTCGCAATGT.1	MouseTMS1_TCCGTGTTCGCAATGT-1	MouseTMS1	Macrophage	Macrophage	CL:0000235	mouse	NCBITaxon:10090	NCBITaxon:10090	EFO:0030080
MouseTMS1_TCCTAATGTAACATAG.1	MouseTMS1_TCCTAATGTAACATAG-1	MouseTMS1	Macrophage	Macrophage	CL:0000235	mouse	NCBITaxon:10090	NCBITaxon:10090	EFO:0030080
MouseTMS1_TCCTCCCAGACTGAGC.1	MouseTMS1_TCCTCCCAGACTGAGC-1	MouseTMS1	Melanocyte	Melanocyte	CL:0000148	mouse	NCBITaxon:10090	NCBITaxon:10090	EFO:0030080
MouseTMS1_TCGAACAGTCCGGACT.1	MouseTMS1_TCGAACAGTCCGGACT-1	MouseTMS1	Macrophage	Macrophage	CL:0000235	mouse	NCBITaxon:10090	NCBITaxon:10090	EFO:0030080
MouseTMS1_TCGACGGTCGAAATCC.1	MouseTMS1_TCGACGGTCGAAATCC-1	MouseTMS1	Corneal epithelium	Corneal epithelium	CL:0000575	mouse	NCBITaxon:10090	NCBITaxon:10090	EFO:0030080
MouseTMS1_TCGCAGGGTGAGTGAC.1	MouseTMS1_TCGCAGGGTGAGTGAC-1	MouseTMS1	JCT	JCT	CL:0002320	mouse	NCBITaxon:10090	NCBITaxon:10090	EFO:0030080
MouseTMS1_TCGCTCACAGGCGATA.1	MouseTMS1_TCGCTCACAGGCGATA-1	MouseTMS1	Ciliary muscle	Ciliary muscle	CL:1000443	mouse	NCBITaxon:10090	NCBITaxon:10090	EFO:0030080
MouseTMS1_TCGGGACCACTTGAAC.1	MouseTMS1_TCGGGACCACTTGAAC-1	MouseTMS1	Melanocyte	Melanocyte	CL:0000148	mouse	NCBITaxon:10090	NCBITaxon:10090	EFO:0030080
MouseTMS1_TCGGGTGAGCATCAAA.1	MouseTMS1_TCGGGTGAGCATCAAA-1	MouseTMS1	JCT	JCT	CL:0002320	mouse	NCBITaxon:10090	NCBITaxon:10090	EFO:0030080
MouseTMS1_TCGTCCACACCATATG.1	MouseTMS1_TCGTCCACACCATATG-1	MouseTMS1	Melanocyte	Melanocyte	CL:0000148	mouse	NCBITaxon:10090	NCBITaxon:10090	EFO:0030080
MouseTMS1_TCGTGCTTCTCTGAGA.1	MouseTMS1_TCGTGCTTCTCTGAGA-1	MouseTMS1	JCT	JCT	CL:0002320	mouse	NCBITaxon:10090	NCBITaxon:10090	EFO:0030080
MouseTMS1_TCGTGGGAGCCTGACC.1	MouseTMS1_TCGTGGGAGCCTGACC-1	MouseTMS1	Macrophage	Macrophage	CL:0000235	mouse	NCBITaxon:10090	NCBITaxon:10090	EFO:0030080
MouseTMS1_TCGTGGGTCTCTCAAT.1	MouseTMS1_TCGTGGGTCTCTCAAT-1	MouseTMS1	Corneal epithelium	Corneal epithelium	CL:0000575	mouse	NCBITaxon:10090	NCBITaxon:10090	EFO:0030080
MouseTMS1_TCTACCGAGACCAACG.1	MouseTMS1_TCTACCGAGACCAACG-1	MouseTMS1	Corneal epithelium	Corneal epithelium	CL:0000575	mouse	NCBITaxon:10090	NCBITaxon:10090	EFO:0030080
MouseTMS1_TCTATACAGATTGAGT.1	MouseTMS1_TCTATACAGATTGAGT-1	MouseTMS1	Corneal epithelium	Corneal epithelium	CL:0000575	mouse	NCBITaxon:10090	NCBITaxon:10090	EFO:0030080
MouseTMS1_TCTCAGCGTAGAATGT.1	MouseTMS1_TCTCAGCGTAGAATGT-1	MouseTMS1	Beam A	Beam A	CL:0000327	mouse	NCBITaxon:10090	NCBITaxon:10090	EFO:0030080
MouseTMS1_TCTCAGCTCCCTTCCC.1	MouseTMS1_TCTCAGCTCCCTTCCC-1	MouseTMS1	Pericyte	Pericyte	CL:0000669	mouse	NCBITaxon:10090	NCBITaxon:10090	EFO:0030080
MouseTMS1_TCTCTGGTCGCTTTAT.1	MouseTMS1_TCTCTGGTCGCTTTAT-1	MouseTMS1	Macrophage	Macrophage	CL:0000235	mouse	NCBITaxon:10090	NCBITaxon:10090	EFO:0030080
MouseTMS1_TCTGCCAAGCGGTAAC.1	MouseTMS1_TCTGCCAAGCGGTAAC-1	MouseTMS1	B cell	B cell	CL:0000236	mouse	NCBITaxon:10090	NCBITaxon:10090	EFO:0030080
MouseTMS1_TCTGGCTTCGAGAACG.1	MouseTMS1_TCTGGCTTCGAGAACG-1	MouseTMS1	Macrophage	Macrophage	CL:0000235	mouse	NCBITaxon:10090	NCBITaxon:10090	EFO:0030080
MouseTMS1_TCTGTCGGTCGGTACC.1	MouseTMS1_TCTGTCGGTCGGTACC-1	MouseTMS1	Macrophage	Macrophage	CL:0000235	mouse	NCBITaxon:10090	NCBITaxon:10090	EFO:0030080
MouseTMS1_TCTTAGTGTAGTATAG.1	MouseTMS1_TCTTAGTGTAGTATAG-1	MouseTMS1	B cell	B cell	CL:0000236	mouse	NCBITaxon:10090	NCBITaxon:10090	EFO:0030080
MouseTMS1_TCTTAGTTCGCGTTTC.1	MouseTMS1_TCTTAGTTCGCGTTTC-1	MouseTMS1	Corneal epithelium	Corneal epithelium	CL:0000575	mouse	NCBITaxon:10090	NCBITaxon:10090	EFO:0030080
MouseTMS1_TGACAGTCAGCACGAA.1	MouseTMS1_TGACAGTCAGCACGAA-1	MouseTMS1	JCT	JCT	CL:0002320	mouse	NCBITaxon:10090	NCBITaxon:10090	EFO:0030080
MouseTMS1_TGACGCGGTTCAGGTT.1	MouseTMS1_TGACGCGGTTCAGGTT-1	MouseTMS1	Melanocyte	Melanocyte	CL:0000148	mouse	NCBITaxon:10090	NCBITaxon:10090	EFO:0030080
MouseTMS1_TGAGCATTCCGAGAAG.1	MouseTMS1_TGAGCATTCCGAGAAG-1	MouseTMS1	Macrophage	Macrophage	CL:0000235	mouse	NCBITaxon:10090	NCBITaxon:10090	EFO:0030080
MouseTMS1_TGAGCGCTCCGAAGGA.1	MouseTMS1_TGAGCGCTCCGAAGGA-1	MouseTMS1	Pericyte	Pericyte	CL:0000669	mouse	NCBITaxon:10090	NCBITaxon:10090	EFO:0030080
MouseTMS1_TGAGGAGTCAAGTCGT.1	MouseTMS1_TGAGGAGTCAAGTCGT-1	MouseTMS1	JCT	JCT	CL:0002320	mouse	NCBITaxon:10090	NCBITaxon:10090	EFO:0030080
MouseTMS1_TGAGGGAAGATAGCTA.1	MouseTMS1_TGAGGGAAGATAGCTA-1	MouseTMS1	Beam A	Beam A	CL:0000327	mouse	NCBITaxon:10090	NCBITaxon:10090	EFO:0030080
MouseTMS1_TGATGCACAATACCCA.1	MouseTMS1_TGATGCACAATACCCA-1	MouseTMS1	Macrophage	Macrophage	CL:0000235	mouse	NCBITaxon:10090	NCBITaxon:10090	EFO:0030080
MouseTMS1_TGATGCAGTAGACGTG.1	MouseTMS1_TGATGCAGTAGACGTG-1	MouseTMS1	Melanocyte	Melanocyte	CL:0000148	mouse	NCBITaxon:10090	NCBITaxon:10090	EFO:0030080
MouseTMS1_TGATGCATCGCATTGA.1	MouseTMS1_TGATGCATCGCATTGA-1	MouseTMS1	Macrophage	Macrophage	CL:0000235	mouse	NCBITaxon:10090	NCBITaxon:10090	EFO:0030080
MouseTMS1_TGATGGTAGGGAGGGT.1	MouseTMS1_TGATGGTAGGGAGGGT-1	MouseTMS1	JCT	JCT	CL:0002320	mouse	NCBITaxon:10090	NCBITaxon:10090	EFO:0030080
MouseTMS1_TGCTCCAAGAAGGTAG.1	MouseTMS1_TGCTCCAAGAAGGTAG-1	MouseTMS1	JCT	JCT	CL:0002320	mouse	NCBITaxon:10090	NCBITaxon:10090	EFO:0030080
MouseTMS1_TGCTGAAGTGTACAGG.1	MouseTMS1_TGCTGAAGTGTACAGG-1	MouseTMS1	Melanocyte	Melanocyte	CL:0000148	mouse	NCBITaxon:10090	NCBITaxon:10090	EFO:0030080
MouseTMS1_TGCTTCGTCGCAATTG.1	MouseTMS1_TGCTTCGTCGCAATTG-1	MouseTMS1	Macrophage	Macrophage	CL:0000235	mouse	NCBITaxon:10090	NCBITaxon:10090	EFO:0030080
MouseTMS1_TGGCGTGCAACCGATT.1	MouseTMS1_TGGCGTGCAACCGATT-1	MouseTMS1	Pericyte	Pericyte	CL:0000669	mouse	NCBITaxon:10090	NCBITaxon:10090	EFO:0030080
MouseTMS1_TGGGAGACAAGAGAGA.1	MouseTMS1_TGGGAGACAAGAGAGA-1	MouseTMS1	Melanocyte	Melanocyte	CL:0000148	mouse	NCBITaxon:10090	NCBITaxon:10090	EFO:0030080
MouseTMS1_TGGGAGAGTCATCCGG.1	MouseTMS1_TGGGAGAGTCATCCGG-1	MouseTMS1	Macrophage	Macrophage	CL:0000235	mouse	NCBITaxon:10090	NCBITaxon:10090	EFO:0030080
MouseTMS1_TGGGCGTAGCCTTCTC.1	MouseTMS1_TGGGCGTAGCCTTCTC-1	MouseTMS1	Macrophage	Macrophage	CL:0000235	mouse	NCBITaxon:10090	NCBITaxon:10090	EFO:0030080
MouseTMS1_TGGGCGTCAAGCAGGT.1	MouseTMS1_TGGGCGTCAAGCAGGT-1	MouseTMS1	SChlemm's Canal	SChlemm's Canal	CL:0000115	mouse	NCBITaxon:10090	NCBITaxon:10090	EFO:0030080
MouseTMS1_TGGGTTAAGCAGGTCA.1	MouseTMS1_TGGGTTAAGCAGGTCA-1	MouseTMS1	Corneal epithelium	Corneal epithelium	CL:0000575	mouse	NCBITaxon:10090	NCBITaxon:10090	EFO:0030080
MouseTMS1_TGGTAGTGTAAGGCCA.1	MouseTMS1_TGGTAGTGTAAGGCCA-1	MouseTMS1	Macrophage	Macrophage	CL:0000235	mouse	NCBITaxon:10090	NCBITaxon:10090	EFO:0030080
MouseTMS1_TGGTAGTGTCACAGTT.1	MouseTMS1_TGGTAGTGTCACAGTT-1	MouseTMS1	Corneal epithelium	Corneal epithelium	CL:0000575	mouse	NCBITaxon:10090	NCBITaxon:10090	EFO:0030080
MouseTMS1_TGTACAGCACCCTGTT.1	MouseTMS1_TGTACAGCACCCTGTT-1	MouseTMS1	JCT	JCT	CL:0002320	mouse	NCBITaxon:10090	NCBITaxon:10090	EFO:0030080
MouseTMS1_TGTACAGTCGGAAGGT.1	MouseTMS1_TGTACAGTCGGAAGGT-1	MouseTMS1	JCT	JCT	CL:0002320	mouse	NCBITaxon:10090	NCBITaxon:10090	EFO:0030080
MouseTMS1_TGTCCCAGTGCCGTTG.1	MouseTMS1_TGTCCCAGTGCCGTTG-1	MouseTMS1	Pericyte	Pericyte	CL:0000669	mouse	NCBITaxon:10090	NCBITaxon:10090	EFO:0030080
MouseTMS1_TGTGCGGCACAATTCG.1	MouseTMS1_TGTGCGGCACAATTCG-1	MouseTMS1	Macrophage	Macrophage	CL:0000235	mouse	NCBITaxon:10090	NCBITaxon:10090	EFO:0030080
MouseTMS1_TGTGCGGTCTGAACGT.1	MouseTMS1_TGTGCGGTCTGAACGT-1	MouseTMS1	Melanocyte	Melanocyte	CL:0000148	mouse	NCBITaxon:10090	NCBITaxon:10090	EFO:0030080
MouseTMS1_TGTTCTATCATTGCCC.1	MouseTMS1_TGTTCTATCATTGCCC-1	MouseTMS1	Corneal epithelium	Corneal epithelium	CL:0000575	mouse	NCBITaxon:10090	NCBITaxon:10090	EFO:0030080
MouseTMS1_TGTTCTATCGGTCTGG.1	MouseTMS1_TGTTCTATCGGTCTGG-1	MouseTMS1	Melanocyte	Melanocyte	CL:0000148	mouse	NCBITaxon:10090	NCBITaxon:10090	EFO:0030080
MouseTMS1_TTAATCCAGACAACAT.1	MouseTMS1_TTAATCCAGACAACAT-1	MouseTMS1	Macrophage	Macrophage	CL:0000235	mouse	NCBITaxon:10090	NCBITaxon:10090	EFO:0030080
MouseTMS1_TTACGTTGTGGCCCAT.1	MouseTMS1_TTACGTTGTGGCCCAT-1	MouseTMS1	SChlemm's Canal	SChlemm's Canal	CL:0000115	mouse	NCBITaxon:10090	NCBITaxon:10090	EFO:0030080
MouseTMS1_TTCACCGTCTTCCAGC.1	MouseTMS1_TTCACCGTCTTCCAGC-1	MouseTMS1	Macrophage	Macrophage	CL:0000235	mouse	NCBITaxon:10090	NCBITaxon:10090	EFO:0030080
MouseTMS1_TTCAGGACAGCAGTCC.1	MouseTMS1_TTCAGGACAGCAGTCC-1	MouseTMS1	Corneal epithelium	Corneal epithelium	CL:0000575	mouse	NCBITaxon:10090	NCBITaxon:10090	EFO:0030080
MouseTMS1_TTCATGTGTGCATGAG.1	MouseTMS1_TTCATGTGTGCATGAG-1	MouseTMS1	SChlemm's Canal	SChlemm's Canal	CL:0000115	mouse	NCBITaxon:10090	NCBITaxon:10090	EFO:0030080
MouseTMS1_TTCCTCTCATAACCCA.1	MouseTMS1_TTCCTCTCATAACCCA-1	MouseTMS1	Corneal epithelium	Corneal epithelium	CL:0000575	mouse	NCBITaxon:10090	NCBITaxon:10090	EFO:0030080
MouseTMS1_TTCGATTGTGTCCCTT.1	MouseTMS1_TTCGATTGTGTCCCTT-1	MouseTMS1	Corneal epithelium	Corneal epithelium	CL:0000575	mouse	NCBITaxon:10090	NCBITaxon:10090	EFO:0030080
MouseTMS1_TTCGGTCAGGTAGGCT.1	MouseTMS1_TTCGGTCAGGTAGGCT-1	MouseTMS1	JCT	JCT	CL:0002320	mouse	NCBITaxon:10090	NCBITaxon:10090	EFO:0030080
MouseTMS1_TTCGGTCCATTCACAG.1	MouseTMS1_TTCGGTCCATTCACAG-1	MouseTMS1	Macrophage	Macrophage	CL:0000235	mouse	NCBITaxon:10090	NCBITaxon:10090	EFO:0030080
MouseTMS1_TTCGGTCGTTACCTGA.1	MouseTMS1_TTCGGTCGTTACCTGA-1	MouseTMS1	Melanocyte	Melanocyte	CL:0000148	mouse	NCBITaxon:10090	NCBITaxon:10090	EFO:0030080
MouseTMS1_TTCTTCCGTTGGGAAC.1	MouseTMS1_TTCTTCCGTTGGGAAC-1	MouseTMS1	Beam A	Beam A	CL:0000327	mouse	NCBITaxon:10090	NCBITaxon:10090	EFO:0030080
MouseTMS1_TTGAACGTCAACGAGG.1	MouseTMS1_TTGAACGTCAACGAGG-1	MouseTMS1	Macrophage	Macrophage	CL:0000235	mouse	NCBITaxon:10090	NCBITaxon:10090	EFO:0030080
MouseTMS1_TTGCCTGCAACTTGGT.1	MouseTMS1_TTGCCTGCAACTTGGT-1	MouseTMS1	Macrophage	Macrophage	CL:0000235	mouse	NCBITaxon:10090	NCBITaxon:10090	EFO:0030080
MouseTMS1_TTGCGTCCAGAGTCTT.1	MouseTMS1_TTGCGTCCAGAGTCTT-1	MouseTMS1	NK/T cell	NK/T cell	CL:0000814	mouse	NCBITaxon:10090	NCBITaxon:10090	EFO:0030080
MouseTMS1_TTGGGTATCGTTCCTG.1	MouseTMS1_TTGGGTATCGTTCCTG-1	MouseTMS1	JCT	JCT	CL:0002320	mouse	NCBITaxon:10090	NCBITaxon:10090	EFO:0030080
MouseTMS1_TTGTGTTAGGGTGAGG.1	MouseTMS1_TTGTGTTAGGGTGAGG-1	MouseTMS1	SChlemm's Canal	SChlemm's Canal	CL:0000115	mouse	NCBITaxon:10090	NCBITaxon:10090	EFO:0030080
MouseTMS1_TTGTTTGAGGCCACCT.1	MouseTMS1_TTGTTTGAGGCCACCT-1	MouseTMS1	Melanocyte	Melanocyte	CL:0000148	mouse	NCBITaxon:10090	NCBITaxon:10090	EFO:0030080
MouseTMS1_TTTCATGAGTATGACA.1	MouseTMS1_TTTCATGAGTATGACA-1	MouseTMS1	Melanocyte	Melanocyte	CL:0000148	mouse	NCBITaxon:10090	NCBITaxon:10090	EFO:0030080
MouseTMS1_TTTCATGTCGACGATT.1	MouseTMS1_TTTCATGTCGACGATT-1	MouseTMS1	Corneal epithelium	Corneal epithelium	CL:0000575	mouse	NCBITaxon:10090	NCBITaxon:10090	EFO:0030080
MouseTMS1_TTTGACTCAACACAAA.1	MouseTMS1_TTTGACTCAACACAAA-1	MouseTMS1	Melanocyte	Melanocyte	CL:0000148	mouse	NCBITaxon:10090	NCBITaxon:10090	EFO:0030080
MouseTMS1_TTTGATCTCACTAGCA.1	MouseTMS1_TTTGATCTCACTAGCA-1	MouseTMS1	Corneal epithelium	Corneal epithelium	CL:0000575	mouse	NCBITaxon:10090	NCBITaxon:10090	EFO:0030080
MouseTMS2_AAACCCATCGCTGTCT.1	MouseTMS2_AAACCCATCGCTGTCT-1	MouseTMS2	Corneal epithelium	Corneal epithelium	CL:0000575	mouse	NCBITaxon:10090	NCBITaxon:10090	EFO:0030080
MouseTMS2_AAACGAAGTTAGCGGA.1	MouseTMS2_AAACGAAGTTAGCGGA-1	MouseTMS2	Melanocyte	Melanocyte	CL:0000148	mouse	NCBITaxon:10090	NCBITaxon:10090	EFO:0030080
MouseTMS2_AAACGCTGTTCGCGTG.1	MouseTMS2_AAACGCTGTTCGCGTG-1	MouseTMS2	Pericyte	Pericyte	CL:0000669	mouse	NCBITaxon:10090	NCBITaxon:10090	EFO:0030080
MouseTMS2_AAACGCTTCAGCGCGT.1	MouseTMS2_AAACGCTTCAGCGCGT-1	MouseTMS2	Macrophage	Macrophage	CL:0000235	mouse	NCBITaxon:10090	NCBITaxon:10090	EFO:0030080
MouseTMS2_AAAGGATTCGGTGTAT.1	MouseTMS2_AAAGGATTCGGTGTAT-1	MouseTMS2	Corneal epithelium	Corneal epithelium	CL:0000575	mouse	NCBITaxon:10090	NCBITaxon:10090	EFO:0030080
MouseTMS2_AAAGGATTCTAGAACC.1	MouseTMS2_AAAGGATTCTAGAACC-1	MouseTMS2	Melanocyte	Melanocyte	CL:0000148	mouse	NCBITaxon:10090	NCBITaxon:10090	EFO:0030080
MouseTMS2_AAAGGGCAGGGACACT.1	MouseTMS2_AAAGGGCAGGGACACT-1	MouseTMS2	Melanocyte	Melanocyte	CL:0000148	mouse	NCBITaxon:10090	NCBITaxon:10090	EFO:0030080
MouseTMS2_AAAGTCCAGCCTCCAG.1	MouseTMS2_AAAGTCCAGCCTCCAG-1	MouseTMS2	JCT	JCT	CL:0002320	mouse	NCBITaxon:10090	NCBITaxon:10090	EFO:0030080
MouseTMS2_AAAGTCCAGCTAGTTC.1	MouseTMS2_AAAGTCCAGCTAGTTC-1	MouseTMS2	Melanocyte	Melanocyte	CL:0000148	mouse	NCBITaxon:10090	NCBITaxon:10090	EFO:0030080
MouseTMS2_AAAGTGAAGGGCTAAC.1	MouseTMS2_AAAGTGAAGGGCTAAC-1	MouseTMS2	Melanocyte	Melanocyte	CL:0000148	mouse	NCBITaxon:10090	NCBITaxon:10090	EFO:0030080
MouseTMS2_AAAGTGAGTGTTACAC.1	MouseTMS2_AAAGTGAGTGTTACAC-1	MouseTMS2	Melanocyte	Melanocyte	CL:0000148	mouse	NCBITaxon:10090	NCBITaxon:10090	EFO:0030080
MouseTMS2_AAAGTGATCTAGACAC.1	MouseTMS2_AAAGTGATCTAGACAC-1	MouseTMS2	Melanocyte	Melanocyte	CL:0000148	mouse	NCBITaxon:10090	NCBITaxon:10090	EFO:0030080
MouseTMS2_AAATGGAAGTACCATC.1	MouseTMS2_AAATGGAAGTACCATC-1	MouseTMS2	JCT	JCT	CL:0002320	mouse	NCBITaxon:10090	NCBITaxon:10090	EFO:0030080
MouseTMS2_AAATGGACAGTAGAAT.1	MouseTMS2_AAATGGACAGTAGAAT-1	MouseTMS2	Corneal epithelium	Corneal epithelium	CL:0000575	mouse	NCBITaxon:10090	NCBITaxon:10090	EFO:0030080
MouseTMS2_AACAAAGCAAGACTGG.1	MouseTMS2_AACAAAGCAAGACTGG-1	MouseTMS2	Corneal epithelium	Corneal epithelium	CL:0000575	mouse	NCBITaxon:10090	NCBITaxon:10090	EFO:0030080
MouseTMS2_AACAACCAGCTCTGTA.1	MouseTMS2_AACAACCAGCTCTGTA-1	MouseTMS2	Schwann cell	Schwann cell	CL:0002573	mouse	NCBITaxon:10090	NCBITaxon:10090	EFO:0030080
MouseTMS2_AACAACCCAGTCAACT.1	MouseTMS2_AACAACCCAGTCAACT-1	MouseTMS2	Pericyte	Pericyte	CL:0000669	mouse	NCBITaxon:10090	NCBITaxon:10090	EFO:0030080
MouseTMS2_AACAACCTCACCCATC.1	MouseTMS2_AACAACCTCACCCATC-1	MouseTMS2	JCT	JCT	CL:0002320	mouse	NCBITaxon:10090	NCBITaxon:10090	EFO:0030080
MouseTMS2_AACAAGAAGCAACTCT.1	MouseTMS2_AACAAGAAGCAACTCT-1	MouseTMS2	Macrophage	Macrophage	CL:0000235	mouse	NCBITaxon:10090	NCBITaxon:10090	EFO:0030080
MouseTMS2_AACAAGATCAGACTGT.1	MouseTMS2_AACAAGATCAGACTGT-1	MouseTMS2	Melanocyte	Melanocyte	CL:0000148	mouse	NCBITaxon:10090	NCBITaxon:10090	EFO:0030080
MouseTMS2_AACACACAGAACAAGG.1	MouseTMS2_AACACACAGAACAAGG-1	MouseTMS2	Macrophage	Macrophage	CL:0000235	mouse	NCBITaxon:10090	NCBITaxon:10090	EFO:0030080
MouseTMS2_AACACACCAGGCTATT.1	MouseTMS2_AACACACCAGGCTATT-1	MouseTMS2	Melanocyte	Melanocyte	CL:0000148	mouse	NCBITaxon:10090	NCBITaxon:10090	EFO:0030080
MouseTMS2_AACACACCATCATCTT.1	MouseTMS2_AACACACCATCATCTT-1	MouseTMS2	Corneal epithelium	Corneal epithelium	CL:0000575	mouse	NCBITaxon:10090	NCBITaxon:10090	EFO:0030080
MouseTMS2_AACAGGGCAAAGACTA.1	MouseTMS2_AACAGGGCAAAGACTA-1	MouseTMS2	Melanocyte	Melanocyte	CL:0000148	mouse	NCBITaxon:10090	NCBITaxon:10090	EFO:0030080
MouseTMS2_AACAGGGGTTAAGGAT.1	MouseTMS2_AACAGGGGTTAAGGAT-1	MouseTMS2	Melanocyte	Melanocyte	CL:0000148	mouse	NCBITaxon:10090	NCBITaxon:10090	EFO:0030080
MouseTMS2_AACCAACAGTACCATC.1	MouseTMS2_AACCAACAGTACCATC-1	MouseTMS2	Pericyte	Pericyte	CL:0000669	mouse	NCBITaxon:10090	NCBITaxon:10090	EFO:0030080
MouseTMS2_AACCAACTCCGTAATG.1	MouseTMS2_AACCAACTCCGTAATG-1	MouseTMS2	Macrophage	Macrophage	CL:0000235	mouse	NCBITaxon:10090	NCBITaxon:10090	EFO:0030080
MouseTMS2_AACCAACTCCTCTAGC.1	MouseTMS2_AACCAACTCCTCTAGC-1	MouseTMS2	Macrophage	Macrophage	CL:0000235	mouse	NCBITaxon:10090	NCBITaxon:10090	EFO:0030080
MouseTMS2_AACCACACACGCTTAA.1	MouseTMS2_AACCACACACGCTTAA-1	MouseTMS2	Melanocyte	Melanocyte	CL:0000148	mouse	NCBITaxon:10090	NCBITaxon:10090	EFO:0030080
MouseTMS2_AACCACAGTAACAGGC.1	MouseTMS2_AACCACAGTAACAGGC-1	MouseTMS2	JCT	JCT	CL:0002320	mouse	NCBITaxon:10090	NCBITaxon:10090	EFO:0030080
MouseTMS2_AACCACATCTTCGTGC.1	MouseTMS2_AACCACATCTTCGTGC-1	MouseTMS2	Melanocyte	Melanocyte	CL:0000148	mouse	NCBITaxon:10090	NCBITaxon:10090	EFO:0030080
MouseTMS2_AACCATGCAATTCGTG.1	MouseTMS2_AACCATGCAATTCGTG-1	MouseTMS2	Melanocyte	Melanocyte	CL:0000148	mouse	NCBITaxon:10090	NCBITaxon:10090	EFO:0030080
MouseTMS2_AACCCAAAGATGCTGG.1	MouseTMS2_AACCCAAAGATGCTGG-1	MouseTMS2	Macrophage	Macrophage	CL:0000235	mouse	NCBITaxon:10090	NCBITaxon:10090	EFO:0030080
MouseTMS2_AACCCAAGTGACTATC.1	MouseTMS2_AACCCAAGTGACTATC-1	MouseTMS2	Corneal epithelium	Corneal epithelium	CL:0000575	mouse	NCBITaxon:10090	NCBITaxon:10090	EFO:0030080
MouseTMS2_AACCTGAAGTAAGCAT.1	MouseTMS2_AACCTGAAGTAAGCAT-1	MouseTMS2	Melanocyte	Melanocyte	CL:0000148	mouse	NCBITaxon:10090	NCBITaxon:10090	EFO:0030080
MouseTMS2_AACCTTTAGTTGTCGT.1	MouseTMS2_AACCTTTAGTTGTCGT-1	MouseTMS2	JCT	JCT	CL:0002320	mouse	NCBITaxon:10090	NCBITaxon:10090	EFO:0030080
MouseTMS2_AACGAAAGTAGCGATG.1	MouseTMS2_AACGAAAGTAGCGATG-1	MouseTMS2	Corneal epithelium	Corneal epithelium	CL:0000575	mouse	NCBITaxon:10090	NCBITaxon:10090	EFO:0030080
MouseTMS2_AACGAAATCGGCATTA.1	MouseTMS2_AACGAAATCGGCATTA-1	MouseTMS2	Melanocyte	Melanocyte	CL:0000148	mouse	NCBITaxon:10090	NCBITaxon:10090	EFO:0030080
MouseTMS2_AACGGGAGTCCTTAAG.1	MouseTMS2_AACGGGAGTCCTTAAG-1	MouseTMS2	JCT	JCT	CL:0002320	mouse	NCBITaxon:10090	NCBITaxon:10090	EFO:0030080
MouseTMS2_AACGGGATCTCATTAC.1	MouseTMS2_AACGGGATCTCATTAC-1	MouseTMS2	Macrophage	Macrophage	CL:0000235	mouse	NCBITaxon:10090	NCBITaxon:10090	EFO:0030080
MouseTMS2_AACGTCAAGGACCCAA.1	MouseTMS2_AACGTCAAGGACCCAA-1	MouseTMS2	Corneal epithelium	Corneal epithelium	CL:0000575	mouse	NCBITaxon:10090	NCBITaxon:10090	EFO:0030080
MouseTMS2_AACGTCACATGTGGCC.1	MouseTMS2_AACGTCACATGTGGCC-1	MouseTMS2	Corneal epithelium	Corneal epithelium	CL:0000575	mouse	NCBITaxon:10090	NCBITaxon:10090	EFO:0030080
MouseTMS2_AACGTCATCATGCATG.1	MouseTMS2_AACGTCATCATGCATG-1	MouseTMS2	Melanocyte	Melanocyte	CL:0000148	mouse	NCBITaxon:10090	NCBITaxon:10090	EFO:0030080
MouseTMS2_AACTTCTAGGTACAAT.1	MouseTMS2_AACTTCTAGGTACAAT-1	MouseTMS2	Melanocyte	Melanocyte	CL:0000148	mouse	NCBITaxon:10090	NCBITaxon:10090	EFO:0030080
MouseTMS2_AACTTCTAGTAAGGGA.1	MouseTMS2_AACTTCTAGTAAGGGA-1	MouseTMS2	Corneal epithelium	Corneal epithelium	CL:0000575	mouse	NCBITaxon:10090	NCBITaxon:10090	EFO:0030080
MouseTMS2_AACTTCTAGTGAGTTA.1	MouseTMS2_AACTTCTAGTGAGTTA-1	MouseTMS2	JCT	JCT	CL:0002320	mouse	NCBITaxon:10090	NCBITaxon:10090	EFO:0030080
MouseTMS2_AACTTCTCAGAGATGC.1	MouseTMS2_AACTTCTCAGAGATGC-1	MouseTMS2	Corneal epithelium	Corneal epithelium	CL:0000575	mouse	NCBITaxon:10090	NCBITaxon:10090	EFO:0030080
MouseTMS2_AAGAACACAACACACT.1	MouseTMS2_AAGAACACAACACACT-1	MouseTMS2	JCT	JCT	CL:0002320	mouse	NCBITaxon:10090	NCBITaxon:10090	EFO:0030080
MouseTMS2_AAGACAACAGGAGACT.1	MouseTMS2_AAGACAACAGGAGACT-1	MouseTMS2	Melanocyte	Melanocyte	CL:0000148	mouse	NCBITaxon:10090	NCBITaxon:10090	EFO:0030080
MouseTMS2_AAGACAATCGCGAAGA.1	MouseTMS2_AAGACAATCGCGAAGA-1	MouseTMS2	Corneal epithelium	Corneal epithelium	CL:0000575	mouse	NCBITaxon:10090	NCBITaxon:10090	EFO:0030080
MouseTMS2_AAGATAGAGATACGAT.1	MouseTMS2_AAGATAGAGATACGAT-1	MouseTMS2	Corneal epithelium	Corneal epithelium	CL:0000575	mouse	NCBITaxon:10090	NCBITaxon:10090	EFO:0030080
MouseTMS2_AAGATAGGTCCATCTC.1	MouseTMS2_AAGATAGGTCCATCTC-1	MouseTMS2	Melanocyte	Melanocyte	CL:0000148	mouse	NCBITaxon:10090	NCBITaxon:10090	EFO:0030080
MouseTMS2_AAGATAGTCGTGCAGC.1	MouseTMS2_AAGATAGTCGTGCAGC-1	MouseTMS2	Corneal epithelium	Corneal epithelium	CL:0000575	mouse	NCBITaxon:10090	NCBITaxon:10090	EFO:0030080
MouseTMS2_AAGCCATGTTATAGAG.1	MouseTMS2_AAGCCATGTTATAGAG-1	MouseTMS2	Melanocyte	Melanocyte	CL:0000148	mouse	NCBITaxon:10090	NCBITaxon:10090	EFO:0030080
MouseTMS2_AAGCGAGCACTTGAGT.1	MouseTMS2_AAGCGAGCACTTGAGT-1	MouseTMS2	JCT	JCT	CL:0002320	mouse	NCBITaxon:10090	NCBITaxon:10090	EFO:0030080
MouseTMS2_AAGCGTTCATGGCTGC.1	MouseTMS2_AAGCGTTCATGGCTGC-1	MouseTMS2	Melanocyte	Melanocyte	CL:0000148	mouse	NCBITaxon:10090	NCBITaxon:10090	EFO:0030080
MouseTMS2_AAGGAATAGTCCCAAT.1	MouseTMS2_AAGGAATAGTCCCAAT-1	MouseTMS2	Beam A	Beam A	CL:0000327	mouse	NCBITaxon:10090	NCBITaxon:10090	EFO:0030080
MouseTMS2_AAGTACCGTTGTCTAG.1	MouseTMS2_AAGTACCGTTGTCTAG-1	MouseTMS2	Schwann cell	Schwann cell	CL:0002573	mouse	NCBITaxon:10090	NCBITaxon:10090	EFO:0030080
MouseTMS2_AAGTACCTCCGGTAGC.1	MouseTMS2_AAGTACCTCCGGTAGC-1	MouseTMS2	Melanocyte	Melanocyte	CL:0000148	mouse	NCBITaxon:10090	NCBITaxon:10090	EFO:0030080
MouseTMS2_AAGTTCGCACTGTCGG.1	MouseTMS2_AAGTTCGCACTGTCGG-1	MouseTMS2	Melanocyte	Melanocyte	CL:0000148	mouse	NCBITaxon:10090	NCBITaxon:10090	EFO:0030080
MouseTMS2_AAGTTCGCACTTGGGC.1	MouseTMS2_AAGTTCGCACTTGGGC-1	MouseTMS2	JCT	JCT	CL:0002320	mouse	NCBITaxon:10090	NCBITaxon:10090	EFO:0030080
MouseTMS2_AATAGAGAGTCCTGCG.1	MouseTMS2_AATAGAGAGTCCTGCG-1	MouseTMS2	JCT	JCT	CL:0002320	mouse	NCBITaxon:10090	NCBITaxon:10090	EFO:0030080
MouseTMS2_AATAGAGGTTTGCAGT.1	MouseTMS2_AATAGAGGTTTGCAGT-1	MouseTMS2	JCT	JCT	CL:0002320	mouse	NCBITaxon:10090	NCBITaxon:10090	EFO:0030080
MouseTMS2_AATCACGTCAGCTAGT.1	MouseTMS2_AATCACGTCAGCTAGT-1	MouseTMS2	Melanocyte	Melanocyte	CL:0000148	mouse	NCBITaxon:10090	NCBITaxon:10090	EFO:0030080
MouseTMS2_AATCACGTCCGTTGGG.1	MouseTMS2_AATCACGTCCGTTGGG-1	MouseTMS2	Melanocyte	Melanocyte	CL:0000148	mouse	NCBITaxon:10090	NCBITaxon:10090	EFO:0030080
MouseTMS2_AATCGACCAAGTCCAT.1	MouseTMS2_AATCGACCAAGTCCAT-1	MouseTMS2	NK/T cell	NK/T cell	CL:0000814	mouse	NCBITaxon:10090	NCBITaxon:10090	EFO:0030080
MouseTMS2_AATCGTGCAAACTGCT.1	MouseTMS2_AATCGTGCAAACTGCT-1	MouseTMS2	Macrophage	Macrophage	CL:0000235	mouse	NCBITaxon:10090	NCBITaxon:10090	EFO:0030080
MouseTMS2_AATCGTGCAAGTGACG.1	MouseTMS2_AATCGTGCAAGTGACG-1	MouseTMS2	Melanocyte	Melanocyte	CL:0000148	mouse	NCBITaxon:10090	NCBITaxon:10090	EFO:0030080
MouseTMS2_AATCGTGTCATCGACA.1	MouseTMS2_AATCGTGTCATCGACA-1	MouseTMS2	Macrophage	Macrophage	CL:0000235	mouse	NCBITaxon:10090	NCBITaxon:10090	EFO:0030080
MouseTMS2_AATCGTGTCGTAGTGT.1	MouseTMS2_AATCGTGTCGTAGTGT-1	MouseTMS2	Macrophage	Macrophage	CL:0000235	mouse	NCBITaxon:10090	NCBITaxon:10090	EFO:0030080
MouseTMS2_AATGACCAGAAACTGT.1	MouseTMS2_AATGACCAGAAACTGT-1	MouseTMS2	Melanocyte	Melanocyte	CL:0000148	mouse	NCBITaxon:10090	NCBITaxon:10090	EFO:0030080
MouseTMS2_AATGACCAGCGACTTT.1	MouseTMS2_AATGACCAGCGACTTT-1	MouseTMS2	Pericyte	Pericyte	CL:0000669	mouse	NCBITaxon:10090	NCBITaxon:10090	EFO:0030080
MouseTMS2_AATGCCAAGCAATTAG.1	MouseTMS2_AATGCCAAGCAATTAG-1	MouseTMS2	Melanocyte	Melanocyte	CL:0000148	mouse	NCBITaxon:10090	NCBITaxon:10090	EFO:0030080
MouseTMS2_AATGCCATCAACGAGG.1	MouseTMS2_AATGCCATCAACGAGG-1	MouseTMS2	Corneal epithelium	Corneal epithelium	CL:0000575	mouse	NCBITaxon:10090	NCBITaxon:10090	EFO:0030080
MouseTMS2_AATTCCTCACCGAATT.1	MouseTMS2_AATTCCTCACCGAATT-1	MouseTMS2	Melanocyte	Melanocyte	CL:0000148	mouse	NCBITaxon:10090	NCBITaxon:10090	EFO:0030080
MouseTMS2_AATTCCTTCCATTCAT.1	MouseTMS2_AATTCCTTCCATTCAT-1	MouseTMS2	Macrophage	Macrophage	CL:0000235	mouse	NCBITaxon:10090	NCBITaxon:10090	EFO:0030080
MouseTMS2_ACAAAGATCGATACAC.1	MouseTMS2_ACAAAGATCGATACAC-1	MouseTMS2	Corneal epithelium	Corneal epithelium	CL:0000575	mouse	NCBITaxon:10090	NCBITaxon:10090	EFO:0030080
MouseTMS2_ACAACCAGTTGCCATA.1	MouseTMS2_ACAACCAGTTGCCATA-1	MouseTMS2	Beam A	Beam A	CL:0000327	mouse	NCBITaxon:10090	NCBITaxon:10090	EFO:0030080
MouseTMS2_ACAAGCTGTAGAATAC.1	MouseTMS2_ACAAGCTGTAGAATAC-1	MouseTMS2	Pericyte	Pericyte	CL:0000669	mouse	NCBITaxon:10090	NCBITaxon:10090	EFO:0030080
MouseTMS2_ACAAGCTTCCTGTACC.1	MouseTMS2_ACAAGCTTCCTGTACC-1	MouseTMS2	Melanocyte	Melanocyte	CL:0000148	mouse	NCBITaxon:10090	NCBITaxon:10090	EFO:0030080
MouseTMS2_ACACCAAGTGTCATCA.1	MouseTMS2_ACACCAAGTGTCATCA-1	MouseTMS2	Melanocyte	Melanocyte	CL:0000148	mouse	NCBITaxon:10090	NCBITaxon:10090	EFO:0030080
MouseTMS2_ACACGCGAGACCTGGA.1	MouseTMS2_ACACGCGAGACCTGGA-1	MouseTMS2	Melanocyte	Melanocyte	CL:0000148	mouse	NCBITaxon:10090	NCBITaxon:10090	EFO:0030080
MouseTMS2_ACATCCCCAGGGATAC.1	MouseTMS2_ACATCCCCAGGGATAC-1	MouseTMS2	Melanocyte	Melanocyte	CL:0000148	mouse	NCBITaxon:10090	NCBITaxon:10090	EFO:0030080
MouseTMS2_ACATCCCCATCGCTAA.1	MouseTMS2_ACATCCCCATCGCTAA-1	MouseTMS2	Schwann cell	Schwann cell	CL:0002573	mouse	NCBITaxon:10090	NCBITaxon:10090	EFO:0030080
MouseTMS2_ACATCCCGTGCCTTCT.1	MouseTMS2_ACATCCCGTGCCTTCT-1	MouseTMS2	Melanocyte	Melanocyte	CL:0000148	mouse	NCBITaxon:10090	NCBITaxon:10090	EFO:0030080
MouseTMS2_ACATCCCTCTTGGTGA.1	MouseTMS2_ACATCCCTCTTGGTGA-1	MouseTMS2	Beam A	Beam A	CL:0000327	mouse	NCBITaxon:10090	NCBITaxon:10090	EFO:0030080
MouseTMS2_ACATCGAGTACAAGCG.1	MouseTMS2_ACATCGAGTACAAGCG-1	MouseTMS2	Pericyte	Pericyte	CL:0000669	mouse	NCBITaxon:10090	NCBITaxon:10090	EFO:0030080
MouseTMS2_ACATGCACACAGAGCA.1	MouseTMS2_ACATGCACACAGAGCA-1	MouseTMS2	Macrophage	Macrophage	CL:0000235	mouse	NCBITaxon:10090	NCBITaxon:10090	EFO:0030080
MouseTMS2_ACATTTCAGAGCGACT.1	MouseTMS2_ACATTTCAGAGCGACT-1	MouseTMS2	Melanocyte	Melanocyte	CL:0000148	mouse	NCBITaxon:10090	NCBITaxon:10090	EFO:0030080
MouseTMS2_ACATTTCAGGATTTGA.1	MouseTMS2_ACATTTCAGGATTTGA-1	MouseTMS2	Melanocyte	Melanocyte	CL:0000148	mouse	NCBITaxon:10090	NCBITaxon:10090	EFO:0030080
MouseTMS2_ACATTTCGTATCACCA.1	MouseTMS2_ACATTTCGTATCACCA-1	MouseTMS2	Melanocyte	Melanocyte	CL:0000148	mouse	NCBITaxon:10090	NCBITaxon:10090	EFO:0030080
MouseTMS2_ACATTTCTCTACTATC.1	MouseTMS2_ACATTTCTCTACTATC-1	MouseTMS2	JCT	JCT	CL:0002320	mouse	NCBITaxon:10090	NCBITaxon:10090	EFO:0030080
MouseTMS2_ACCAAACGTTAAACAG.1	MouseTMS2_ACCAAACGTTAAACAG-1	MouseTMS2	Melanocyte	Melanocyte	CL:0000148	mouse	NCBITaxon:10090	NCBITaxon:10090	EFO:0030080
MouseTMS2_ACCAAACTCGCCGTGA.1	MouseTMS2_ACCAAACTCGCCGTGA-1	MouseTMS2	Beam A	Beam A	CL:0000327	mouse	NCBITaxon:10090	NCBITaxon:10090	EFO:0030080
MouseTMS2_ACCAACAAGGCATGCA.1	MouseTMS2_ACCAACAAGGCATGCA-1	MouseTMS2	Corneal epithelium	Corneal epithelium	CL:0000575	mouse	NCBITaxon:10090	NCBITaxon:10090	EFO:0030080
MouseTMS2_ACCAACAGTTACCCAA.1	MouseTMS2_ACCAACAGTTACCCAA-1	MouseTMS2	Melanocyte	Melanocyte	CL:0000148	mouse	NCBITaxon:10090	NCBITaxon:10090	EFO:0030080
MouseTMS2_ACCACAACACGACAGA.1	MouseTMS2_ACCACAACACGACAGA-1	MouseTMS2	Melanocyte	Melanocyte	CL:0000148	mouse	NCBITaxon:10090	NCBITaxon:10090	EFO:0030080
MouseTMS2_ACCCAAAAGTATTAGG.1	MouseTMS2_ACCCAAAAGTATTAGG-1	MouseTMS2	Macrophage	Macrophage	CL:0000235	mouse	NCBITaxon:10090	NCBITaxon:10090	EFO:0030080
MouseTMS2_ACCCAAACAACCACGC.1	MouseTMS2_ACCCAAACAACCACGC-1	MouseTMS2	Corneal epithelium	Corneal epithelium	CL:0000575	mouse	NCBITaxon:10090	NCBITaxon:10090	EFO:0030080
MouseTMS2_ACCCTCATCAATCGGT.1	MouseTMS2_ACCCTCATCAATCGGT-1	MouseTMS2	JCT	JCT	CL:0002320	mouse	NCBITaxon:10090	NCBITaxon:10090	EFO:0030080
MouseTMS2_ACCCTTGAGGTTGCCC.1	MouseTMS2_ACCCTTGAGGTTGCCC-1	MouseTMS2	Macrophage	Macrophage	CL:0000235	mouse	NCBITaxon:10090	NCBITaxon:10090	EFO:0030080
MouseTMS2_ACCCTTGCAAAGAACT.1	MouseTMS2_ACCCTTGCAAAGAACT-1	MouseTMS2	Melanocyte	Melanocyte	CL:0000148	mouse	NCBITaxon:10090	NCBITaxon:10090	EFO:0030080
MouseTMS2_ACCCTTGGTGTAACGG.1	MouseTMS2_ACCCTTGGTGTAACGG-1	MouseTMS2	Melanocyte	Melanocyte	CL:0000148	mouse	NCBITaxon:10090	NCBITaxon:10090	EFO:0030080
MouseTMS2_ACCGTTCCATTGCCGG.1	MouseTMS2_ACCGTTCCATTGCCGG-1	MouseTMS2	Melanocyte	Melanocyte	CL:0000148	mouse	NCBITaxon:10090	NCBITaxon:10090	EFO:0030080
MouseTMS2_ACCTACCAGGCTTCCG.1	MouseTMS2_ACCTACCAGGCTTCCG-1	MouseTMS2	JCT	JCT	CL:0002320	mouse	NCBITaxon:10090	NCBITaxon:10090	EFO:0030080
MouseTMS2_ACCTACCGTAAGCTCT.1	MouseTMS2_ACCTACCGTAAGCTCT-1	MouseTMS2	Macrophage	Macrophage	CL:0000235	mouse	NCBITaxon:10090	NCBITaxon:10090	EFO:0030080
MouseTMS2_ACCTGTCAGGTCCCGT.1	MouseTMS2_ACCTGTCAGGTCCCGT-1	MouseTMS2	Melanocyte	Melanocyte	CL:0000148	mouse	NCBITaxon:10090	NCBITaxon:10090	EFO:0030080
MouseTMS2_ACCTGTCTCACGGGAA.1	MouseTMS2_ACCTGTCTCACGGGAA-1	MouseTMS2	JCT	JCT	CL:0002320	mouse	NCBITaxon:10090	NCBITaxon:10090	EFO:0030080
MouseTMS2_ACCTGTCTCGATGCAT.1	MouseTMS2_ACCTGTCTCGATGCAT-1	MouseTMS2	NK/T cell	NK/T cell	CL:0000814	mouse	NCBITaxon:10090	NCBITaxon:10090	EFO:0030080
MouseTMS2_ACGATGTTCGCGTAGC.1	MouseTMS2_ACGATGTTCGCGTAGC-1	MouseTMS2	NK/T cell	NK/T cell	CL:0000814	mouse	NCBITaxon:10090	NCBITaxon:10090	EFO:0030080
MouseTMS2_ACGATGTTCTTGGTCC.1	MouseTMS2_ACGATGTTCTTGGTCC-1	MouseTMS2	JCT	JCT	CL:0002320	mouse	NCBITaxon:10090	NCBITaxon:10090	EFO:0030080
MouseTMS2_ACGCACGCAAATACAG.1	MouseTMS2_ACGCACGCAAATACAG-1	MouseTMS2	Macrophage	Macrophage	CL:0000235	mouse	NCBITaxon:10090	NCBITaxon:10090	EFO:0030080
MouseTMS2_ACGGAAGAGGAGTCTG.1	MouseTMS2_ACGGAAGAGGAGTCTG-1	MouseTMS2	JCT	JCT	CL:0002320	mouse	NCBITaxon:10090	NCBITaxon:10090	EFO:0030080
MouseTMS2_ACGGGTCGTGTCGCTG.1	MouseTMS2_ACGGGTCGTGTCGCTG-1	MouseTMS2	Macrophage	Macrophage	CL:0000235	mouse	NCBITaxon:10090	NCBITaxon:10090	EFO:0030080
MouseTMS2_ACGGTCGCAAGAGAGA.1	MouseTMS2_ACGGTCGCAAGAGAGA-1	MouseTMS2	Macrophage	Macrophage	CL:0000235	mouse	NCBITaxon:10090	NCBITaxon:10090	EFO:0030080
MouseTMS2_ACGTAACCAGCGAGTA.1	MouseTMS2_ACGTAACCAGCGAGTA-1	MouseTMS2	Macrophage	Macrophage	CL:0000235	mouse	NCBITaxon:10090	NCBITaxon:10090	EFO:0030080
MouseTMS2_ACGTACACACTAACCA.1	MouseTMS2_ACGTACACACTAACCA-1	MouseTMS2	Macrophage	Macrophage	CL:0000235	mouse	NCBITaxon:10090	NCBITaxon:10090	EFO:0030080
MouseTMS2_ACGTAGTTCGACCACG.1	MouseTMS2_ACGTAGTTCGACCACG-1	MouseTMS2	Ciliary muscle	Ciliary muscle	CL:1000443	mouse	NCBITaxon:10090	NCBITaxon:10090	EFO:0030080
MouseTMS2_ACGTCCTGTTCCAGGC.1	MouseTMS2_ACGTCCTGTTCCAGGC-1	MouseTMS2	Melanocyte	Melanocyte	CL:0000148	mouse	NCBITaxon:10090	NCBITaxon:10090	EFO:0030080
MouseTMS2_ACGTCCTGTTTACACG.1	MouseTMS2_ACGTCCTGTTTACACG-1	MouseTMS2	Pericyte	Pericyte	CL:0000669	mouse	NCBITaxon:10090	NCBITaxon:10090	EFO:0030080
MouseTMS2_ACGTTCCAGTACAGCG.1	MouseTMS2_ACGTTCCAGTACAGCG-1	MouseTMS2	Melanocyte	Melanocyte	CL:0000148	mouse	NCBITaxon:10090	NCBITaxon:10090	EFO:0030080
MouseTMS2_ACGTTCCAGTGGATAT.1	MouseTMS2_ACGTTCCAGTGGATAT-1	MouseTMS2	Melanocyte	Melanocyte	CL:0000148	mouse	NCBITaxon:10090	NCBITaxon:10090	EFO:0030080
MouseTMS2_ACTATCTTCGAGTACT.1	MouseTMS2_ACTATCTTCGAGTACT-1	MouseTMS2	JCT	JCT	CL:0002320	mouse	NCBITaxon:10090	NCBITaxon:10090	EFO:0030080
MouseTMS2_ACTATGGTCCGTTGGG.1	MouseTMS2_ACTATGGTCCGTTGGG-1	MouseTMS2	Corneal epithelium	Corneal epithelium	CL:0000575	mouse	NCBITaxon:10090	NCBITaxon:10090	EFO:0030080
MouseTMS2_ACTATTCGTAATACCC.1	MouseTMS2_ACTATTCGTAATACCC-1	MouseTMS2	Melanocyte	Melanocyte	CL:0000148	mouse	NCBITaxon:10090	NCBITaxon:10090	EFO:0030080
MouseTMS2_ACTCCCATCTAGTACG.1	MouseTMS2_ACTCCCATCTAGTACG-1	MouseTMS2	Pericyte	Pericyte	CL:0000669	mouse	NCBITaxon:10090	NCBITaxon:10090	EFO:0030080
MouseTMS2_ACTGATGCACAACGTT.1	MouseTMS2_ACTGATGCACAACGTT-1	MouseTMS2	Macrophage	Macrophage	CL:0000235	mouse	NCBITaxon:10090	NCBITaxon:10090	EFO:0030080
MouseTMS2_ACTGATGTCTCAGTCC.1	MouseTMS2_ACTGATGTCTCAGTCC-1	MouseTMS2	Melanocyte	Melanocyte	CL:0000148	mouse	NCBITaxon:10090	NCBITaxon:10090	EFO:0030080
MouseTMS2_ACTGCAAAGGTTCCGC.1	MouseTMS2_ACTGCAAAGGTTCCGC-1	MouseTMS2	Melanocyte	Melanocyte	CL:0000148	mouse	NCBITaxon:10090	NCBITaxon:10090	EFO:0030080
MouseTMS2_ACTGCAACATATCGGT.1	MouseTMS2_ACTGCAACATATCGGT-1	MouseTMS2	Corneal epithelium	Corneal epithelium	CL:0000575	mouse	NCBITaxon:10090	NCBITaxon:10090	EFO:0030080
MouseTMS2_ACTGCAAGTATCCTTT.1	MouseTMS2_ACTGCAAGTATCCTTT-1	MouseTMS2	Melanocyte	Melanocyte	CL:0000148	mouse	NCBITaxon:10090	NCBITaxon:10090	EFO:0030080
MouseTMS2_ACTGTCCCATTGAGCT.1	MouseTMS2_ACTGTCCCATTGAGCT-1	MouseTMS2	Beam A	Beam A	CL:0000327	mouse	NCBITaxon:10090	NCBITaxon:10090	EFO:0030080
MouseTMS2_ACTTAGGCACTCCCTA.1	MouseTMS2_ACTTAGGCACTCCCTA-1	MouseTMS2	Macrophage	Macrophage	CL:0000235	mouse	NCBITaxon:10090	NCBITaxon:10090	EFO:0030080
MouseTMS2_ACTTAGGGTGTGACCC.1	MouseTMS2_ACTTAGGGTGTGACCC-1	MouseTMS2	JCT	JCT	CL:0002320	mouse	NCBITaxon:10090	NCBITaxon:10090	EFO:0030080
MouseTMS2_ACTTCCGTCCTTGACC.1	MouseTMS2_ACTTCCGTCCTTGACC-1	MouseTMS2	Melanocyte	Melanocyte	CL:0000148	mouse	NCBITaxon:10090	NCBITaxon:10090	EFO:0030080
MouseTMS2_ACTTTGTCATTCACAG.1	MouseTMS2_ACTTTGTCATTCACAG-1	MouseTMS2	JCT	JCT	CL:0002320	mouse	NCBITaxon:10090	NCBITaxon:10090	EFO:0030080
MouseTMS2_AGAACAACAGAGATTA.1	MouseTMS2_AGAACAACAGAGATTA-1	MouseTMS2	Corneal epithelium	Corneal epithelium	CL:0000575	mouse	NCBITaxon:10090	NCBITaxon:10090	EFO:0030080
MouseTMS2_AGAACCTCACCCTATC.1	MouseTMS2_AGAACCTCACCCTATC-1	MouseTMS2	Macrophage	Macrophage	CL:0000235	mouse	NCBITaxon:10090	NCBITaxon:10090	EFO:0030080
MouseTMS2_AGAACCTGTCCGACGT.1	MouseTMS2_AGAACCTGTCCGACGT-1	MouseTMS2	Macrophage	Macrophage	CL:0000235	mouse	NCBITaxon:10090	NCBITaxon:10090	EFO:0030080
MouseTMS2_AGAAGCGCAAATACAG.1	MouseTMS2_AGAAGCGCAAATACAG-1	MouseTMS2	JCT	JCT	CL:0002320	mouse	NCBITaxon:10090	NCBITaxon:10090	EFO:0030080
MouseTMS2_AGAAGCGTCGCAATTG.1	MouseTMS2_AGAAGCGTCGCAATTG-1	MouseTMS2	Beam A	Beam A	CL:0000327	mouse	NCBITaxon:10090	NCBITaxon:10090	EFO:0030080
MouseTMS2_AGAAGTAGTCGCACGT.1	MouseTMS2_AGAAGTAGTCGCACGT-1	MouseTMS2	JCT	JCT	CL:0002320	mouse	NCBITaxon:10090	NCBITaxon:10090	EFO:0030080
MouseTMS2_AGACAAAAGCGTCTCG.1	MouseTMS2_AGACAAAAGCGTCTCG-1	MouseTMS2	Macrophage	Macrophage	CL:0000235	mouse	NCBITaxon:10090	NCBITaxon:10090	EFO:0030080
MouseTMS2_AGACAAAAGCTTCGTA.1	MouseTMS2_AGACAAAAGCTTCGTA-1	MouseTMS2	JCT	JCT	CL:0002320	mouse	NCBITaxon:10090	NCBITaxon:10090	EFO:0030080
MouseTMS2_AGACAAACATCCGAGC.1	MouseTMS2_AGACAAACATCCGAGC-1	MouseTMS2	JCT	JCT	CL:0002320	mouse	NCBITaxon:10090	NCBITaxon:10090	EFO:0030080
MouseTMS2_AGACAAAGTTAAGAAC.1	MouseTMS2_AGACAAAGTTAAGAAC-1	MouseTMS2	Melanocyte	Melanocyte	CL:0000148	mouse	NCBITaxon:10090	NCBITaxon:10090	EFO:0030080
MouseTMS2_AGACAAAGTTCGAACT.1	MouseTMS2_AGACAAAGTTCGAACT-1	MouseTMS2	Melanocyte	Melanocyte	CL:0000148	mouse	NCBITaxon:10090	NCBITaxon:10090	EFO:0030080
MouseTMS2_AGACACTAGTACTGGG.1	MouseTMS2_AGACACTAGTACTGGG-1	MouseTMS2	Corneal epithelium	Corneal epithelium	CL:0000575	mouse	NCBITaxon:10090	NCBITaxon:10090	EFO:0030080
MouseTMS2_AGACACTCAATCGAAA.1	MouseTMS2_AGACACTCAATCGAAA-1	MouseTMS2	Corneal epithelium	Corneal epithelium	CL:0000575	mouse	NCBITaxon:10090	NCBITaxon:10090	EFO:0030080
MouseTMS2_AGACAGGCACAAATAG.1	MouseTMS2_AGACAGGCACAAATAG-1	MouseTMS2	Macrophage	Macrophage	CL:0000235	mouse	NCBITaxon:10090	NCBITaxon:10090	EFO:0030080
MouseTMS2_AGACCATAGTCAAGCG.1	MouseTMS2_AGACCATAGTCAAGCG-1	MouseTMS2	Macrophage	Macrophage	CL:0000235	mouse	NCBITaxon:10090	NCBITaxon:10090	EFO:0030080
MouseTMS2_AGACCCGGTAGACAGC.1	MouseTMS2_AGACCCGGTAGACAGC-1	MouseTMS2	JCT	JCT	CL:0002320	mouse	NCBITaxon:10090	NCBITaxon:10090	EFO:0030080
MouseTMS2_AGACCCGGTCACAGTT.1	MouseTMS2_AGACCCGGTCACAGTT-1	MouseTMS2	Macrophage	Macrophage	CL:0000235	mouse	NCBITaxon:10090	NCBITaxon:10090	EFO:0030080
MouseTMS2_AGACTCATCAAACCTG.1	MouseTMS2_AGACTCATCAAACCTG-1	MouseTMS2	Melanocyte	Melanocyte	CL:0000148	mouse	NCBITaxon:10090	NCBITaxon:10090	EFO:0030080
MouseTMS2_AGAGAATAGGATTCAA.1	MouseTMS2_AGAGAATAGGATTCAA-1	MouseTMS2	Corneal epithelium	Corneal epithelium	CL:0000575	mouse	NCBITaxon:10090	NCBITaxon:10090	EFO:0030080
MouseTMS2_AGAGAGCGTGGTATGG.1	MouseTMS2_AGAGAGCGTGGTATGG-1	MouseTMS2	Corneal epithelium	Corneal epithelium	CL:0000575	mouse	NCBITaxon:10090	NCBITaxon:10090	EFO:0030080
MouseTMS2_AGATAGACACGTGTGC.1	MouseTMS2_AGATAGACACGTGTGC-1	MouseTMS2	Corneal epithelium	Corneal epithelium	CL:0000575	mouse	NCBITaxon:10090	NCBITaxon:10090	EFO:0030080
MouseTMS2_AGATCCACAGCATGCC.1	MouseTMS2_AGATCCACAGCATGCC-1	MouseTMS2	Melanocyte	Melanocyte	CL:0000148	mouse	NCBITaxon:10090	NCBITaxon:10090	EFO:0030080
MouseTMS2_AGATCCAGTCACTAGT.1	MouseTMS2_AGATCCAGTCACTAGT-1	MouseTMS2	Corneal epithelium	Corneal epithelium	CL:0000575	mouse	NCBITaxon:10090	NCBITaxon:10090	EFO:0030080
MouseTMS2_AGATCGTAGTGGATAT.1	MouseTMS2_AGATCGTAGTGGATAT-1	MouseTMS2	Corneal epithelium	Corneal epithelium	CL:0000575	mouse	NCBITaxon:10090	NCBITaxon:10090	EFO:0030080
MouseTMS2_AGATCGTCATCTGCGG.1	MouseTMS2_AGATCGTCATCTGCGG-1	MouseTMS2	Melanocyte	Melanocyte	CL:0000148	mouse	NCBITaxon:10090	NCBITaxon:10090	EFO:0030080
MouseTMS2_AGATGAACACATTGTG.1	MouseTMS2_AGATGAACACATTGTG-1	MouseTMS2	Macrophage	Macrophage	CL:0000235	mouse	NCBITaxon:10090	NCBITaxon:10090	EFO:0030080
MouseTMS2_AGATGCTAGCAACAGC.1	MouseTMS2_AGATGCTAGCAACAGC-1	MouseTMS2	Pericyte	Pericyte	CL:0000669	mouse	NCBITaxon:10090	NCBITaxon:10090	EFO:0030080
MouseTMS2_AGATGCTTCGAGTACT.1	MouseTMS2_AGATGCTTCGAGTACT-1	MouseTMS2	JCT	JCT	CL:0002320	mouse	NCBITaxon:10090	NCBITaxon:10090	EFO:0030080
MouseTMS2_AGCATCAAGCCTGGAA.1	MouseTMS2_AGCATCAAGCCTGGAA-1	MouseTMS2	Macrophage	Macrophage	CL:0000235	mouse	NCBITaxon:10090	NCBITaxon:10090	EFO:0030080
MouseTMS2_AGCATCACACGTACTA.1	MouseTMS2_AGCATCACACGTACTA-1	MouseTMS2	Macrophage	Macrophage	CL:0000235	mouse	NCBITaxon:10090	NCBITaxon:10090	EFO:0030080
MouseTMS2_AGCATCAGTGTCTTAG.1	MouseTMS2_AGCATCAGTGTCTTAG-1	MouseTMS2	JCT	JCT	CL:0002320	mouse	NCBITaxon:10090	NCBITaxon:10090	EFO:0030080
MouseTMS2_AGCATCATCCCAGTGG.1	MouseTMS2_AGCATCATCCCAGTGG-1	MouseTMS2	JCT	JCT	CL:0002320	mouse	NCBITaxon:10090	NCBITaxon:10090	EFO:0030080
MouseTMS2_AGCCAATAGAGGCTGT.1	MouseTMS2_AGCCAATAGAGGCTGT-1	MouseTMS2	Macrophage	Macrophage	CL:0000235	mouse	NCBITaxon:10090	NCBITaxon:10090	EFO:0030080
MouseTMS2_AGCCAATCAAAGGGCT.1	MouseTMS2_AGCCAATCAAAGGGCT-1	MouseTMS2	Corneal epithelium	Corneal epithelium	CL:0000575	mouse	NCBITaxon:10090	NCBITaxon:10090	EFO:0030080
MouseTMS2_AGCCAATCAAGATGGC.1	MouseTMS2_AGCCAATCAAGATGGC-1	MouseTMS2	Schwann cell	Schwann cell	CL:0002573	mouse	NCBITaxon:10090	NCBITaxon:10090	EFO:0030080
MouseTMS2_AGCCAATTCCTACAAG.1	MouseTMS2_AGCCAATTCCTACAAG-1	MouseTMS2	Macrophage	Macrophage	CL:0000235	mouse	NCBITaxon:10090	NCBITaxon:10090	EFO:0030080
MouseTMS2_AGCCACGCAAGAGTAT.1	MouseTMS2_AGCCACGCAAGAGTAT-1	MouseTMS2	JCT	JCT	CL:0002320	mouse	NCBITaxon:10090	NCBITaxon:10090	EFO:0030080
MouseTMS2_AGCCAGCTCTCATGCC.1	MouseTMS2_AGCCAGCTCTCATGCC-1	MouseTMS2	Melanocyte	Melanocyte	CL:0000148	mouse	NCBITaxon:10090	NCBITaxon:10090	EFO:0030080
MouseTMS2_AGCGATTAGAAGAGCA.1	MouseTMS2_AGCGATTAGAAGAGCA-1	MouseTMS2	Beam A	Beam A	CL:0000327	mouse	NCBITaxon:10090	NCBITaxon:10090	EFO:0030080
MouseTMS2_AGCGATTAGTAAACAC.1	MouseTMS2_AGCGATTAGTAAACAC-1	MouseTMS2	Macrophage	Macrophage	CL:0000235	mouse	NCBITaxon:10090	NCBITaxon:10090	EFO:0030080
MouseTMS2_AGCGATTCAGCCGTTG.1	MouseTMS2_AGCGATTCAGCCGTTG-1	MouseTMS2	Melanocyte	Melanocyte	CL:0000148	mouse	NCBITaxon:10090	NCBITaxon:10090	EFO:0030080
MouseTMS2_AGCGATTCAGGTCCGT.1	MouseTMS2_AGCGATTCAGGTCCGT-1	MouseTMS2	B cell	B cell	CL:0000236	mouse	NCBITaxon:10090	NCBITaxon:10090	EFO:0030080
MouseTMS2_AGCGCCAGTTCCGGTG.1	MouseTMS2_AGCGCCAGTTCCGGTG-1	MouseTMS2	Macrophage	Macrophage	CL:0000235	mouse	NCBITaxon:10090	NCBITaxon:10090	EFO:0030080
MouseTMS2_AGCGCCATCATCCTGC.1	MouseTMS2_AGCGCCATCATCCTGC-1	MouseTMS2	Macrophage	Macrophage	CL:0000235	mouse	NCBITaxon:10090	NCBITaxon:10090	EFO:0030080
MouseTMS2_AGCGTCGCACTCGATA.1	MouseTMS2_AGCGTCGCACTCGATA-1	MouseTMS2	Corneal epithelium	Corneal epithelium	CL:0000575	mouse	NCBITaxon:10090	NCBITaxon:10090	EFO:0030080
MouseTMS2_AGCGTCGGTGTCCGTG.1	MouseTMS2_AGCGTCGGTGTCCGTG-1	MouseTMS2	Melanocyte	Melanocyte	CL:0000148	mouse	NCBITaxon:10090	NCBITaxon:10090	EFO:0030080
MouseTMS2_AGCTACACACCCTATC.1	MouseTMS2_AGCTACACACCCTATC-1	MouseTMS2	Macrophage	Macrophage	CL:0000235	mouse	NCBITaxon:10090	NCBITaxon:10090	EFO:0030080
MouseTMS2_AGCTACAGTAGCCAGA.1	MouseTMS2_AGCTACAGTAGCCAGA-1	MouseTMS2	Corneal epithelium	Corneal epithelium	CL:0000575	mouse	NCBITaxon:10090	NCBITaxon:10090	EFO:0030080
MouseTMS2_AGCTCAAAGCGAGAAA.1	MouseTMS2_AGCTCAAAGCGAGAAA-1	MouseTMS2	Melanocyte	Melanocyte	CL:0000148	mouse	NCBITaxon:10090	NCBITaxon:10090	EFO:0030080
MouseTMS2_AGCTCAAAGGCGAACT.1	MouseTMS2_AGCTCAAAGGCGAACT-1	MouseTMS2	Melanocyte	Melanocyte	CL:0000148	mouse	NCBITaxon:10090	NCBITaxon:10090	EFO:0030080
MouseTMS2_AGCTCAAGTGTTCAGT.1	MouseTMS2_AGCTCAAGTGTTCAGT-1	MouseTMS2	Macrophage	Macrophage	CL:0000235	mouse	NCBITaxon:10090	NCBITaxon:10090	EFO:0030080
MouseTMS2_AGCTCAATCTCTGCTG.1	MouseTMS2_AGCTCAATCTCTGCTG-1	MouseTMS2	Macrophage	Macrophage	CL:0000235	mouse	NCBITaxon:10090	NCBITaxon:10090	EFO:0030080
MouseTMS2_AGCTTCCCACTTTAGG.1	MouseTMS2_AGCTTCCCACTTTAGG-1	MouseTMS2	Melanocyte	Melanocyte	CL:0000148	mouse	NCBITaxon:10090	NCBITaxon:10090	EFO:0030080
MouseTMS2_AGCTTCCGTAGGGTAC.1	MouseTMS2_AGCTTCCGTAGGGTAC-1	MouseTMS2	JCT	JCT	CL:0002320	mouse	NCBITaxon:10090	NCBITaxon:10090	EFO:0030080
MouseTMS2_AGCTTCCTCCCTGTTG.1	MouseTMS2_AGCTTCCTCCCTGTTG-1	MouseTMS2	Melanocyte	Melanocyte	CL:0000148	mouse	NCBITaxon:10090	NCBITaxon:10090	EFO:0030080
MouseTMS2_AGGAAATTCAGACCCG.1	MouseTMS2_AGGAAATTCAGACCCG-1	MouseTMS2	Pericyte	Pericyte	CL:0000669	mouse	NCBITaxon:10090	NCBITaxon:10090	EFO:0030080
MouseTMS2_AGGAAATTCTTACGTT.1	MouseTMS2_AGGAAATTCTTACGTT-1	MouseTMS2	Melanocyte	Melanocyte	CL:0000148	mouse	NCBITaxon:10090	NCBITaxon:10090	EFO:0030080
MouseTMS2_AGGAATACAGCTCGGT.1	MouseTMS2_AGGAATACAGCTCGGT-1	MouseTMS2	JCT	JCT	CL:0002320	mouse	NCBITaxon:10090	NCBITaxon:10090	EFO:0030080
MouseTMS2_AGGAATATCGCGAAGA.1	MouseTMS2_AGGAATATCGCGAAGA-1	MouseTMS2	Macrophage	Macrophage	CL:0000235	mouse	NCBITaxon:10090	NCBITaxon:10090	EFO:0030080
MouseTMS2_AGGACGACAGTAGATA.1	MouseTMS2_AGGACGACAGTAGATA-1	MouseTMS2	Melanocyte	Melanocyte	CL:0000148	mouse	NCBITaxon:10090	NCBITaxon:10090	EFO:0030080
MouseTMS2_AGGACGATCTTAGTTC.1	MouseTMS2_AGGACGATCTTAGTTC-1	MouseTMS2	Melanocyte	Melanocyte	CL:0000148	mouse	NCBITaxon:10090	NCBITaxon:10090	EFO:0030080
MouseTMS2_AGGACTTCAATGAAAC.1	MouseTMS2_AGGACTTCAATGAAAC-1	MouseTMS2	Macrophage	Macrophage	CL:0000235	mouse	NCBITaxon:10090	NCBITaxon:10090	EFO:0030080
MouseTMS2_AGGAGGTAGGTCACAG.1	MouseTMS2_AGGAGGTAGGTCACAG-1	MouseTMS2	Macrophage	Macrophage	CL:0000235	mouse	NCBITaxon:10090	NCBITaxon:10090	EFO:0030080
MouseTMS2_AGGAGGTTCTGGGCGT.1	MouseTMS2_AGGAGGTTCTGGGCGT-1	MouseTMS2	JCT	JCT	CL:0002320	mouse	NCBITaxon:10090	NCBITaxon:10090	EFO:0030080
MouseTMS2_AGGATAAGTTCAGGTT.1	MouseTMS2_AGGATAAGTTCAGGTT-1	MouseTMS2	Macrophage	Macrophage	CL:0000235	mouse	NCBITaxon:10090	NCBITaxon:10090	EFO:0030080
MouseTMS2_AGGATCTAGTTGCCCG.1	MouseTMS2_AGGATCTAGTTGCCCG-1	MouseTMS2	JCT	JCT	CL:0002320	mouse	NCBITaxon:10090	NCBITaxon:10090	EFO:0030080
MouseTMS2_AGGATCTCAAATCAAG.1	MouseTMS2_AGGATCTCAAATCAAG-1	MouseTMS2	JCT	JCT	CL:0002320	mouse	NCBITaxon:10090	NCBITaxon:10090	EFO:0030080
MouseTMS2_AGGCATTCAGATTTCG.1	MouseTMS2_AGGCATTCAGATTTCG-1	MouseTMS2	Pericyte	Pericyte	CL:0000669	mouse	NCBITaxon:10090	NCBITaxon:10090	EFO:0030080
MouseTMS2_AGGCCACTCCAAGCCG.1	MouseTMS2_AGGCCACTCCAAGCCG-1	MouseTMS2	Macrophage	Macrophage	CL:0000235	mouse	NCBITaxon:10090	NCBITaxon:10090	EFO:0030080
MouseTMS2_AGGCCACTCTGCCCTA.1	MouseTMS2_AGGCCACTCTGCCCTA-1	MouseTMS2	Melanocyte	Melanocyte	CL:0000148	mouse	NCBITaxon:10090	NCBITaxon:10090	EFO:0030080
MouseTMS2_AGGCTGCTCTGGTGCG.1	MouseTMS2_AGGCTGCTCTGGTGCG-1	MouseTMS2	Macrophage	Macrophage	CL:0000235	mouse	NCBITaxon:10090	NCBITaxon:10090	EFO:0030080
MouseTMS2_AGGGAGTCACTGGCGT.1	MouseTMS2_AGGGAGTCACTGGCGT-1	MouseTMS2	Melanocyte	Melanocyte	CL:0000148	mouse	NCBITaxon:10090	NCBITaxon:10090	EFO:0030080
MouseTMS2_AGGGAGTGTACGCTAT.1	MouseTMS2_AGGGAGTGTACGCTAT-1	MouseTMS2	NK/T cell	NK/T cell	CL:0000814	mouse	NCBITaxon:10090	NCBITaxon:10090	EFO:0030080
MouseTMS2_AGGGAGTGTCATACCA.1	MouseTMS2_AGGGAGTGTCATACCA-1	MouseTMS2	Melanocyte	Melanocyte	CL:0000148	mouse	NCBITaxon:10090	NCBITaxon:10090	EFO:0030080
MouseTMS2_AGGGCCTCACCCTAAA.1	MouseTMS2_AGGGCCTCACCCTAAA-1	MouseTMS2	Melanocyte	Melanocyte	CL:0000148	mouse	NCBITaxon:10090	NCBITaxon:10090	EFO:0030080
MouseTMS2_AGGGCCTTCAGTGGGA.1	MouseTMS2_AGGGCCTTCAGTGGGA-1	MouseTMS2	NK/T cell	NK/T cell	CL:0000814	mouse	NCBITaxon:10090	NCBITaxon:10090	EFO:0030080
MouseTMS2_AGGGCTCCAAATAGCA.1	MouseTMS2_AGGGCTCCAAATAGCA-1	MouseTMS2	Melanocyte	Melanocyte	CL:0000148	mouse	NCBITaxon:10090	NCBITaxon:10090	EFO:0030080
MouseTMS2_AGGGCTCCACCGTGGT.1	MouseTMS2_AGGGCTCCACCGTGGT-1	MouseTMS2	JCT	JCT	CL:0002320	mouse	NCBITaxon:10090	NCBITaxon:10090	EFO:0030080
MouseTMS2_AGGGTCCAGAGAAGGT.1	MouseTMS2_AGGGTCCAGAGAAGGT-1	MouseTMS2	Pericyte	Pericyte	CL:0000669	mouse	NCBITaxon:10090	NCBITaxon:10090	EFO:0030080
MouseTMS2_AGGGTCCAGCCTGTGC.1	MouseTMS2_AGGGTCCAGCCTGTGC-1	MouseTMS2	NK/T cell	NK/T cell	CL:0000814	mouse	NCBITaxon:10090	NCBITaxon:10090	EFO:0030080
MouseTMS2_AGGGTGAAGACTCATC.1	MouseTMS2_AGGGTGAAGACTCATC-1	MouseTMS2	Melanocyte	Melanocyte	CL:0000148	mouse	NCBITaxon:10090	NCBITaxon:10090	EFO:0030080
MouseTMS2_AGGGTGACACAACATC.1	MouseTMS2_AGGGTGACACAACATC-1	MouseTMS2	Melanocyte	Melanocyte	CL:0000148	mouse	NCBITaxon:10090	NCBITaxon:10090	EFO:0030080
MouseTMS2_AGGGTGACAGGGCTTC.1	MouseTMS2_AGGGTGACAGGGCTTC-1	MouseTMS2	Corneal epithelium	Corneal epithelium	CL:0000575	mouse	NCBITaxon:10090	NCBITaxon:10090	EFO:0030080
MouseTMS2_AGGGTGACATGACTAC.1	MouseTMS2_AGGGTGACATGACTAC-1	MouseTMS2	Corneal epithelium	Corneal epithelium	CL:0000575	mouse	NCBITaxon:10090	NCBITaxon:10090	EFO:0030080
MouseTMS2_AGGGTTTAGTTGTCGT.1	MouseTMS2_AGGGTTTAGTTGTCGT-1	MouseTMS2	Macrophage	Macrophage	CL:0000235	mouse	NCBITaxon:10090	NCBITaxon:10090	EFO:0030080
MouseTMS2_AGGGTTTTCAACACCA.1	MouseTMS2_AGGGTTTTCAACACCA-1	MouseTMS2	Macrophage	Macrophage	CL:0000235	mouse	NCBITaxon:10090	NCBITaxon:10090	EFO:0030080
MouseTMS2_AGGTCATAGTTTGTCG.1	MouseTMS2_AGGTCATAGTTTGTCG-1	MouseTMS2	Melanocyte	Melanocyte	CL:0000148	mouse	NCBITaxon:10090	NCBITaxon:10090	EFO:0030080
MouseTMS2_AGGTCTAAGATTGTGA.1	MouseTMS2_AGGTCTAAGATTGTGA-1	MouseTMS2	Corneal epithelium	Corneal epithelium	CL:0000575	mouse	NCBITaxon:10090	NCBITaxon:10090	EFO:0030080
MouseTMS2_AGGTGTTCACTGTCCT.1	MouseTMS2_AGGTGTTCACTGTCCT-1	MouseTMS2	Melanocyte	Melanocyte	CL:0000148	mouse	NCBITaxon:10090	NCBITaxon:10090	EFO:0030080
MouseTMS2_AGGTGTTGTACGACTT.1	MouseTMS2_AGGTGTTGTACGACTT-1	MouseTMS2	Melanocyte	Melanocyte	CL:0000148	mouse	NCBITaxon:10090	NCBITaxon:10090	EFO:0030080
MouseTMS2_AGGTGTTTCAGATTGC.1	MouseTMS2_AGGTGTTTCAGATTGC-1	MouseTMS2	Melanocyte	Melanocyte	CL:0000148	mouse	NCBITaxon:10090	NCBITaxon:10090	EFO:0030080
MouseTMS2_AGGTGTTTCGCAACAT.1	MouseTMS2_AGGTGTTTCGCAACAT-1	MouseTMS2	Melanocyte	Melanocyte	CL:0000148	mouse	NCBITaxon:10090	NCBITaxon:10090	EFO:0030080
MouseTMS2_AGGTTACAGCAAGGAA.1	MouseTMS2_AGGTTACAGCAAGGAA-1	MouseTMS2	JCT	JCT	CL:0002320	mouse	NCBITaxon:10090	NCBITaxon:10090	EFO:0030080
MouseTMS2_AGGTTACGTATCATGC.1	MouseTMS2_AGGTTACGTATCATGC-1	MouseTMS2	JCT	JCT	CL:0002320	mouse	NCBITaxon:10090	NCBITaxon:10090	EFO:0030080
MouseTMS2_AGGTTGTAGCCAAGCA.1	MouseTMS2_AGGTTGTAGCCAAGCA-1	MouseTMS2	Melanocyte	Melanocyte	CL:0000148	mouse	NCBITaxon:10090	NCBITaxon:10090	EFO:0030080
MouseTMS2_AGTAACCGTACCGTGC.1	MouseTMS2_AGTAACCGTACCGTGC-1	MouseTMS2	Melanocyte	Melanocyte	CL:0000148	mouse	NCBITaxon:10090	NCBITaxon:10090	EFO:0030080
MouseTMS2_AGTAACCTCGAACTCA.1	MouseTMS2_AGTAACCTCGAACTCA-1	MouseTMS2	Macrophage	Macrophage	CL:0000235	mouse	NCBITaxon:10090	NCBITaxon:10090	EFO:0030080
MouseTMS2_AGTACCAAGGTTCTTG.1	MouseTMS2_AGTACCAAGGTTCTTG-1	MouseTMS2	Corneal epithelium	Corneal epithelium	CL:0000575	mouse	NCBITaxon:10090	NCBITaxon:10090	EFO:0030080
MouseTMS2_AGTACTGGTACAAGTA.1	MouseTMS2_AGTACTGGTACAAGTA-1	MouseTMS2	JCT	JCT	CL:0002320	mouse	NCBITaxon:10090	NCBITaxon:10090	EFO:0030080
MouseTMS2_AGTACTGGTCCGGTGT.1	MouseTMS2_AGTACTGGTCCGGTGT-1	MouseTMS2	Macrophage	Macrophage	CL:0000235	mouse	NCBITaxon:10090	NCBITaxon:10090	EFO:0030080
MouseTMS2_AGTAGCTAGACATCCT.1	MouseTMS2_AGTAGCTAGACATCCT-1	MouseTMS2	Corneal epithelium	Corneal epithelium	CL:0000575	mouse	NCBITaxon:10090	NCBITaxon:10090	EFO:0030080
MouseTMS2_AGTAGCTCAGCTCGGT.1	MouseTMS2_AGTAGCTCAGCTCGGT-1	MouseTMS2	NK/T cell	NK/T cell	CL:0000814	mouse	NCBITaxon:10090	NCBITaxon:10090	EFO:0030080
MouseTMS2_AGTAGTCAGCGCCTTG.1	MouseTMS2_AGTAGTCAGCGCCTTG-1	MouseTMS2	Macrophage	Macrophage	CL:0000235	mouse	NCBITaxon:10090	NCBITaxon:10090	EFO:0030080
MouseTMS2_AGTAGTCTCTATTGTC.1	MouseTMS2_AGTAGTCTCTATTGTC-1	MouseTMS2	Pericyte	Pericyte	CL:0000669	mouse	NCBITaxon:10090	NCBITaxon:10090	EFO:0030080
MouseTMS2_AGTCAACCACAACATC.1	MouseTMS2_AGTCAACCACAACATC-1	MouseTMS2	Melanocyte	Melanocyte	CL:0000148	mouse	NCBITaxon:10090	NCBITaxon:10090	EFO:0030080
MouseTMS2_AGTCAACGTCACTACA.1	MouseTMS2_AGTCAACGTCACTACA-1	MouseTMS2	Macrophage	Macrophage	CL:0000235	mouse	NCBITaxon:10090	NCBITaxon:10090	EFO:0030080
MouseTMS2_AGTCAACGTGCGTTTA.1	MouseTMS2_AGTCAACGTGCGTTTA-1	MouseTMS2	Melanocyte	Melanocyte	CL:0000148	mouse	NCBITaxon:10090	NCBITaxon:10090	EFO:0030080
MouseTMS2_AGTCACACATGGCTAT.1	MouseTMS2_AGTCACACATGGCTAT-1	MouseTMS2	Corneal epithelium	Corneal epithelium	CL:0000575	mouse	NCBITaxon:10090	NCBITaxon:10090	EFO:0030080
MouseTMS2_AGTCACATCCTGTAGA.1	MouseTMS2_AGTCACATCCTGTAGA-1	MouseTMS2	Melanocyte	Melanocyte	CL:0000148	mouse	NCBITaxon:10090	NCBITaxon:10090	EFO:0030080
MouseTMS2_AGTCATGCACGACAAG.1	MouseTMS2_AGTCATGCACGACAAG-1	MouseTMS2	Ciliary muscle	Ciliary muscle	CL:1000443	mouse	NCBITaxon:10090	NCBITaxon:10090	EFO:0030080
MouseTMS2_AGTCATGGTGTCCATA.1	MouseTMS2_AGTCATGGTGTCCATA-1	MouseTMS2	Macrophage	Macrophage	CL:0000235	mouse	NCBITaxon:10090	NCBITaxon:10090	EFO:0030080
MouseTMS2_AGTGCCGAGGTATCTC.1	MouseTMS2_AGTGCCGAGGTATCTC-1	MouseTMS2	Melanocyte	Melanocyte	CL:0000148	mouse	NCBITaxon:10090	NCBITaxon:10090	EFO:0030080
MouseTMS2_AGTGCCGAGTTGGAAT.1	MouseTMS2_AGTGCCGAGTTGGAAT-1	MouseTMS2	Melanocyte	Melanocyte	CL:0000148	mouse	NCBITaxon:10090	NCBITaxon:10090	EFO:0030080
MouseTMS2_AGTGCCGCAGAAGCGT.1	MouseTMS2_AGTGCCGCAGAAGCGT-1	MouseTMS2	Macrophage	Macrophage	CL:0000235	mouse	NCBITaxon:10090	NCBITaxon:10090	EFO:0030080
MouseTMS2_AGTGTTGTCCATTTCA.1	MouseTMS2_AGTGTTGTCCATTTCA-1	MouseTMS2	Melanocyte	Melanocyte	CL:0000148	mouse	NCBITaxon:10090	NCBITaxon:10090	EFO:0030080
MouseTMS2_AGTGTTGTCGCAATTG.1	MouseTMS2_AGTGTTGTCGCAATTG-1	MouseTMS2	Ciliary muscle	Ciliary muscle	CL:1000443	mouse	NCBITaxon:10090	NCBITaxon:10090	EFO:0030080
MouseTMS2_AGTTAGCTCCTGTTAT.1	MouseTMS2_AGTTAGCTCCTGTTAT-1	MouseTMS2	Macrophage	Macrophage	CL:0000235	mouse	NCBITaxon:10090	NCBITaxon:10090	EFO:0030080
MouseTMS2_AGTTCCCAGCAAGTGC.1	MouseTMS2_AGTTCCCAGCAAGTGC-1	MouseTMS2	Melanocyte	Melanocyte	CL:0000148	mouse	NCBITaxon:10090	NCBITaxon:10090	EFO:0030080
MouseTMS2_AGTTCCCCATTGCTGA.1	MouseTMS2_AGTTCCCCATTGCTGA-1	MouseTMS2	Macrophage	Macrophage	CL:0000235	mouse	NCBITaxon:10090	NCBITaxon:10090	EFO:0030080
MouseTMS2_AGTTCCCTCAGCGTCG.1	MouseTMS2_AGTTCCCTCAGCGTCG-1	MouseTMS2	Beam A	Beam A	CL:0000327	mouse	NCBITaxon:10090	NCBITaxon:10090	EFO:0030080
MouseTMS2_AGTTCGATCGACATAC.1	MouseTMS2_AGTTCGATCGACATAC-1	MouseTMS2	Melanocyte	Melanocyte	CL:0000148	mouse	NCBITaxon:10090	NCBITaxon:10090	EFO:0030080
MouseTMS2_ATACTTCGTGGGTATG.1	MouseTMS2_ATACTTCGTGGGTATG-1	MouseTMS2	JCT	JCT	CL:0002320	mouse	NCBITaxon:10090	NCBITaxon:10090	EFO:0030080
MouseTMS2_ATAGGCTGTGAGACCA.1	MouseTMS2_ATAGGCTGTGAGACCA-1	MouseTMS2	Macrophage	Macrophage	CL:0000235	mouse	NCBITaxon:10090	NCBITaxon:10090	EFO:0030080
MouseTMS2_ATATCCTAGAGCAACC.1	MouseTMS2_ATATCCTAGAGCAACC-1	MouseTMS2	Melanocyte	Melanocyte	CL:0000148	mouse	NCBITaxon:10090	NCBITaxon:10090	EFO:0030080
MouseTMS2_ATATCCTTCTCAATCT.1	MouseTMS2_ATATCCTTCTCAATCT-1	MouseTMS2	Beam A	Beam A	CL:0000327	mouse	NCBITaxon:10090	NCBITaxon:10090	EFO:0030080
MouseTMS2_ATCACGAAGGTTTACC.1	MouseTMS2_ATCACGAAGGTTTACC-1	MouseTMS2	Macrophage	Macrophage	CL:0000235	mouse	NCBITaxon:10090	NCBITaxon:10090	EFO:0030080
MouseTMS2_ATCACGAGTATATGGA.1	MouseTMS2_ATCACGAGTATATGGA-1	MouseTMS2	Melanocyte	Melanocyte	CL:0000148	mouse	NCBITaxon:10090	NCBITaxon:10090	EFO:0030080
MouseTMS2_ATCACTTAGGATGGCT.1	MouseTMS2_ATCACTTAGGATGGCT-1	MouseTMS2	Macrophage	Macrophage	CL:0000235	mouse	NCBITaxon:10090	NCBITaxon:10090	EFO:0030080
MouseTMS2_ATCAGGTAGCCTGAAG.1	MouseTMS2_ATCAGGTAGCCTGAAG-1	MouseTMS2	NK/T cell	NK/T cell	CL:0000814	mouse	NCBITaxon:10090	NCBITaxon:10090	EFO:0030080
MouseTMS2_ATCAGGTAGTGTTGTC.1	MouseTMS2_ATCAGGTAGTGTTGTC-1	MouseTMS2	Schwann cell	Schwann cell	CL:0002573	mouse	NCBITaxon:10090	NCBITaxon:10090	EFO:0030080
MouseTMS2_ATCATTCAGCCGTTGC.1	MouseTMS2_ATCATTCAGCCGTTGC-1	MouseTMS2	Melanocyte	Melanocyte	CL:0000148	mouse	NCBITaxon:10090	NCBITaxon:10090	EFO:0030080
MouseTMS2_ATCATTCTCGCTACAA.1	MouseTMS2_ATCATTCTCGCTACAA-1	MouseTMS2	Melanocyte	Melanocyte	CL:0000148	mouse	NCBITaxon:10090	NCBITaxon:10090	EFO:0030080
MouseTMS2_ATCCACCAGTCATGAA.1	MouseTMS2_ATCCACCAGTCATGAA-1	MouseTMS2	Macrophage	Macrophage	CL:0000235	mouse	NCBITaxon:10090	NCBITaxon:10090	EFO:0030080
MouseTMS2_ATCCATTAGTCCCAAT.1	MouseTMS2_ATCCATTAGTCCCAAT-1	MouseTMS2	Pericyte	Pericyte	CL:0000669	mouse	NCBITaxon:10090	NCBITaxon:10090	EFO:0030080
MouseTMS2_ATCCCTGTCTGGCCAG.1	MouseTMS2_ATCCCTGTCTGGCCAG-1	MouseTMS2	Melanocyte	Melanocyte	CL:0000148	mouse	NCBITaxon:10090	NCBITaxon:10090	EFO:0030080
MouseTMS2_ATCCTATGTAATGCTC.1	MouseTMS2_ATCCTATGTAATGCTC-1	MouseTMS2	JCT	JCT	CL:0002320	mouse	NCBITaxon:10090	NCBITaxon:10090	EFO:0030080
MouseTMS2_ATCGATGAGATGGTCG.1	MouseTMS2_ATCGATGAGATGGTCG-1	MouseTMS2	Pericyte	Pericyte	CL:0000669	mouse	NCBITaxon:10090	NCBITaxon:10090	EFO:0030080
MouseTMS2_ATCGATGAGCACTGGA.1	MouseTMS2_ATCGATGAGCACTGGA-1	MouseTMS2	Melanocyte	Melanocyte	CL:0000148	mouse	NCBITaxon:10090	NCBITaxon:10090	EFO:0030080
MouseTMS2_ATCGATGCACTGGCCA.1	MouseTMS2_ATCGATGCACTGGCCA-1	MouseTMS2	Melanocyte	Melanocyte	CL:0000148	mouse	NCBITaxon:10090	NCBITaxon:10090	EFO:0030080
MouseTMS2_ATCGCCTAGGGAGTGG.1	MouseTMS2_ATCGCCTAGGGAGTGG-1	MouseTMS2	NK/T cell	NK/T cell	CL:0000814	mouse	NCBITaxon:10090	NCBITaxon:10090	EFO:0030080
MouseTMS2_ATCGCCTCACCCAATA.1	MouseTMS2_ATCGCCTCACCCAATA-1	MouseTMS2	JCT	JCT	CL:0002320	mouse	NCBITaxon:10090	NCBITaxon:10090	EFO:0030080
MouseTMS2_ATCGGATTCCCATGGG.1	MouseTMS2_ATCGGATTCCCATGGG-1	MouseTMS2	Corneal epithelium	Corneal epithelium	CL:0000575	mouse	NCBITaxon:10090	NCBITaxon:10090	EFO:0030080
MouseTMS2_ATCGTAGAGTCAGGGT.1	MouseTMS2_ATCGTAGAGTCAGGGT-1	MouseTMS2	Pericyte	Pericyte	CL:0000669	mouse	NCBITaxon:10090	NCBITaxon:10090	EFO:0030080
MouseTMS2_ATCGTCCCACCCTGTT.1	MouseTMS2_ATCGTCCCACCCTGTT-1	MouseTMS2	Melanocyte	Melanocyte	CL:0000148	mouse	NCBITaxon:10090	NCBITaxon:10090	EFO:0030080
MouseTMS2_ATCGTCCGTCCAGAAG.1	MouseTMS2_ATCGTCCGTCCAGAAG-1	MouseTMS2	Corneal epithelium	Corneal epithelium	CL:0000575	mouse	NCBITaxon:10090	NCBITaxon:10090	EFO:0030080
MouseTMS2_ATCGTCCTCGCTGTCT.1	MouseTMS2_ATCGTCCTCGCTGTCT-1	MouseTMS2	Macrophage	Macrophage	CL:0000235	mouse	NCBITaxon:10090	NCBITaxon:10090	EFO:0030080
MouseTMS2_ATCGTCCTCGGACCAC.1	MouseTMS2_ATCGTCCTCGGACCAC-1	MouseTMS2	JCT	JCT	CL:0002320	mouse	NCBITaxon:10090	NCBITaxon:10090	EFO:0030080
MouseTMS2_ATCTCTAAGTATAGGT.1	MouseTMS2_ATCTCTAAGTATAGGT-1	MouseTMS2	Pericyte	Pericyte	CL:0000669	mouse	NCBITaxon:10090	NCBITaxon:10090	EFO:0030080
MouseTMS2_ATCTTCACATGGACAG.1	MouseTMS2_ATCTTCACATGGACAG-1	MouseTMS2	Ciliary muscle	Ciliary muscle	CL:1000443	mouse	NCBITaxon:10090	NCBITaxon:10090	EFO:0030080
MouseTMS2_ATGAAAGGTGGTTTAC.1	MouseTMS2_ATGAAAGGTGGTTTAC-1	MouseTMS2	Macrophage	Macrophage	CL:0000235	mouse	NCBITaxon:10090	NCBITaxon:10090	EFO:0030080
MouseTMS2_ATGAAAGTCCACCTGT.1	MouseTMS2_ATGAAAGTCCACCTGT-1	MouseTMS2	Corneal epithelium	Corneal epithelium	CL:0000575	mouse	NCBITaxon:10090	NCBITaxon:10090	EFO:0030080
MouseTMS2_ATGACCACAGAGAATT.1	MouseTMS2_ATGACCACAGAGAATT-1	MouseTMS2	NK/T cell	NK/T cell	CL:0000814	mouse	NCBITaxon:10090	NCBITaxon:10090	EFO:0030080
MouseTMS2_ATGACCAGTCTACATG.1	MouseTMS2_ATGACCAGTCTACATG-1	MouseTMS2	Melanocyte	Melanocyte	CL:0000148	mouse	NCBITaxon:10090	NCBITaxon:10090	EFO:0030080
MouseTMS2_ATGACCAGTTAGAGAT.1	MouseTMS2_ATGACCAGTTAGAGAT-1	MouseTMS2	Melanocyte	Melanocyte	CL:0000148	mouse	NCBITaxon:10090	NCBITaxon:10090	EFO:0030080
MouseTMS2_ATGACCATCCTCTCGA.1	MouseTMS2_ATGACCATCCTCTCGA-1	MouseTMS2	JCT	JCT	CL:0002320	mouse	NCBITaxon:10090	NCBITaxon:10090	EFO:0030080
MouseTMS2_ATGAGGGCACATATGC.1	MouseTMS2_ATGAGGGCACATATGC-1	MouseTMS2	Melanocyte	Melanocyte	CL:0000148	mouse	NCBITaxon:10090	NCBITaxon:10090	EFO:0030080
MouseTMS2_ATGAGTCAGAAGCGCT.1	MouseTMS2_ATGAGTCAGAAGCGCT-1	MouseTMS2	Macrophage	Macrophage	CL:0000235	mouse	NCBITaxon:10090	NCBITaxon:10090	EFO:0030080
MouseTMS2_ATGAGTCGTCAATCTG.1	MouseTMS2_ATGAGTCGTCAATCTG-1	MouseTMS2	NK/T cell	NK/T cell	CL:0000814	mouse	NCBITaxon:10090	NCBITaxon:10090	EFO:0030080
MouseTMS2_ATGATCGAGCCGATTT.1	MouseTMS2_ATGATCGAGCCGATTT-1	MouseTMS2	Melanocyte	Melanocyte	CL:0000148	mouse	NCBITaxon:10090	NCBITaxon:10090	EFO:0030080
MouseTMS2_ATGATCGTCCATTTGT.1	MouseTMS2_ATGATCGTCCATTTGT-1	MouseTMS2	Corneal epithelium	Corneal epithelium	CL:0000575	mouse	NCBITaxon:10090	NCBITaxon:10090	EFO:0030080
MouseTMS2_ATGCGATCACGGTAGA.1	MouseTMS2_ATGCGATCACGGTAGA-1	MouseTMS2	Macrophage	Macrophage	CL:0000235	mouse	NCBITaxon:10090	NCBITaxon:10090	EFO:0030080
MouseTMS2_ATGCGATTCTAGTGTG.1	MouseTMS2_ATGCGATTCTAGTGTG-1	MouseTMS2	Melanocyte	Melanocyte	CL:0000148	mouse	NCBITaxon:10090	NCBITaxon:10090	EFO:0030080
MouseTMS2_ATGGAGGGTTAGAAAC.1	MouseTMS2_ATGGAGGGTTAGAAAC-1	MouseTMS2	Corneal epithelium	Corneal epithelium	CL:0000575	mouse	NCBITaxon:10090	NCBITaxon:10090	EFO:0030080
MouseTMS2_ATGGGAGCACACCAGC.1	MouseTMS2_ATGGGAGCACACCAGC-1	MouseTMS2	Corneal epithelium	Corneal epithelium	CL:0000575	mouse	NCBITaxon:10090	NCBITaxon:10090	EFO:0030080
MouseTMS2_ATGGTTGGTCCCGCAA.1	MouseTMS2_ATGGTTGGTCCCGCAA-1	MouseTMS2	Melanocyte	Melanocyte	CL:0000148	mouse	NCBITaxon:10090	NCBITaxon:10090	EFO:0030080
MouseTMS2_ATGTCTTTCCCTCATG.1	MouseTMS2_ATGTCTTTCCCTCATG-1	MouseTMS2	Melanocyte	Melanocyte	CL:0000148	mouse	NCBITaxon:10090	NCBITaxon:10090	EFO:0030080
MouseTMS2_ATTACCTTCCCGTTCA.1	MouseTMS2_ATTACCTTCCCGTTCA-1	MouseTMS2	JCT	JCT	CL:0002320	mouse	NCBITaxon:10090	NCBITaxon:10090	EFO:0030080
MouseTMS2_ATTACTCTCGCCATAA.1	MouseTMS2_ATTACTCTCGCCATAA-1	MouseTMS2	Corneal epithelium	Corneal epithelium	CL:0000575	mouse	NCBITaxon:10090	NCBITaxon:10090	EFO:0030080
MouseTMS2_ATTATCCGTATCACCA.1	MouseTMS2_ATTATCCGTATCACCA-1	MouseTMS2	Melanocyte	Melanocyte	CL:0000148	mouse	NCBITaxon:10090	NCBITaxon:10090	EFO:0030080
MouseTMS2_ATTCAGGTCCTAGCGG.1	MouseTMS2_ATTCAGGTCCTAGCGG-1	MouseTMS2	Melanocyte	Melanocyte	CL:0000148	mouse	NCBITaxon:10090	NCBITaxon:10090	EFO:0030080
MouseTMS2_ATTCATCAGACCTCCG.1	MouseTMS2_ATTCATCAGACCTCCG-1	MouseTMS2	Melanocyte	Melanocyte	CL:0000148	mouse	NCBITaxon:10090	NCBITaxon:10090	EFO:0030080
MouseTMS2_ATTCCTATCATTGAGC.1	MouseTMS2_ATTCCTATCATTGAGC-1	MouseTMS2	Melanocyte	Melanocyte	CL:0000148	mouse	NCBITaxon:10090	NCBITaxon:10090	EFO:0030080
MouseTMS2_ATTCGTTGTCCGTTTC.1	MouseTMS2_ATTCGTTGTCCGTTTC-1	MouseTMS2	Melanocyte	Melanocyte	CL:0000148	mouse	NCBITaxon:10090	NCBITaxon:10090	EFO:0030080
MouseTMS2_ATTCGTTTCCAACCAA.1	MouseTMS2_ATTCGTTTCCAACCAA-1	MouseTMS2	Melanocyte	Melanocyte	CL:0000148	mouse	NCBITaxon:10090	NCBITaxon:10090	EFO:0030080
MouseTMS2_ATTCTTGGTCGGTGTC.1	MouseTMS2_ATTCTTGGTCGGTGTC-1	MouseTMS2	Melanocyte	Melanocyte	CL:0000148	mouse	NCBITaxon:10090	NCBITaxon:10090	EFO:0030080
MouseTMS2_ATTGGGTGTCCATAGT.1	MouseTMS2_ATTGGGTGTCCATAGT-1	MouseTMS2	JCT	JCT	CL:0002320	mouse	NCBITaxon:10090	NCBITaxon:10090	EFO:0030080
MouseTMS2_ATTGTTCTCAGCACCG.1	MouseTMS2_ATTGTTCTCAGCACCG-1	MouseTMS2	Corneal epithelium	Corneal epithelium	CL:0000575	mouse	NCBITaxon:10090	NCBITaxon:10090	EFO:0030080
MouseTMS2_CAAAGAAAGGTCACCC.1	MouseTMS2_CAAAGAAAGGTCACCC-1	MouseTMS2	Melanocyte	Melanocyte	CL:0000148	mouse	NCBITaxon:10090	NCBITaxon:10090	EFO:0030080
MouseTMS2_CAAAGAAGTCCTATAG.1	MouseTMS2_CAAAGAAGTCCTATAG-1	MouseTMS2	Corneal epithelium	Corneal epithelium	CL:0000575	mouse	NCBITaxon:10090	NCBITaxon:10090	EFO:0030080
MouseTMS2_CAAAGAATCCCATACC.1	MouseTMS2_CAAAGAATCCCATACC-1	MouseTMS2	Melanocyte	Melanocyte	CL:0000148	mouse	NCBITaxon:10090	NCBITaxon:10090	EFO:0030080
MouseTMS2_CAACAACAGTTAGTGA.1	MouseTMS2_CAACAACAGTTAGTGA-1	MouseTMS2	Corneal epithelium	Corneal epithelium	CL:0000575	mouse	NCBITaxon:10090	NCBITaxon:10090	EFO:0030080
MouseTMS2_CAACAACGTCGCCACA.1	MouseTMS2_CAACAACGTCGCCACA-1	MouseTMS2	JCT	JCT	CL:0002320	mouse	NCBITaxon:10090	NCBITaxon:10090	EFO:0030080
MouseTMS2_CAACAGTCAGACCGCT.1	MouseTMS2_CAACAGTCAGACCGCT-1	MouseTMS2	Macrophage	Macrophage	CL:0000235	mouse	NCBITaxon:10090	NCBITaxon:10090	EFO:0030080
MouseTMS2_CAACAGTCAGCTACAT.1	MouseTMS2_CAACAGTCAGCTACAT-1	MouseTMS2	Corneal epithelium	Corneal epithelium	CL:0000575	mouse	NCBITaxon:10090	NCBITaxon:10090	EFO:0030080
MouseTMS2_CAACAGTGTATGAGCG.1	MouseTMS2_CAACAGTGTATGAGCG-1	MouseTMS2	JCT	JCT	CL:0002320	mouse	NCBITaxon:10090	NCBITaxon:10090	EFO:0030080
MouseTMS2_CAACGATCAACGCCCA.1	MouseTMS2_CAACGATCAACGCCCA-1	MouseTMS2	JCT	JCT	CL:0002320	mouse	NCBITaxon:10090	NCBITaxon:10090	EFO:0030080
MouseTMS2_CAACGATCATTCAGCA.1	MouseTMS2_CAACGATCATTCAGCA-1	MouseTMS2	NK/T cell	NK/T cell	CL:0000814	mouse	NCBITaxon:10090	NCBITaxon:10090	EFO:0030080
MouseTMS2_CAACGATTCGGCGATC.1	MouseTMS2_CAACGATTCGGCGATC-1	MouseTMS2	Melanocyte	Melanocyte	CL:0000148	mouse	NCBITaxon:10090	NCBITaxon:10090	EFO:0030080
MouseTMS2_CAAGACTCACTGGAAG.1	MouseTMS2_CAAGACTCACTGGAAG-1	MouseTMS2	Macrophage	Macrophage	CL:0000235	mouse	NCBITaxon:10090	NCBITaxon:10090	EFO:0030080
MouseTMS2_CAAGACTCATTATGCG.1	MouseTMS2_CAAGACTCATTATGCG-1	MouseTMS2	Melanocyte	Melanocyte	CL:0000148	mouse	NCBITaxon:10090	NCBITaxon:10090	EFO:0030080
MouseTMS2_CAAGAGGTCTTACACT.1	MouseTMS2_CAAGAGGTCTTACACT-1	MouseTMS2	Corneal epithelium	Corneal epithelium	CL:0000575	mouse	NCBITaxon:10090	NCBITaxon:10090	EFO:0030080
MouseTMS2_CAAGCTAAGCCTAACT.1	MouseTMS2_CAAGCTAAGCCTAACT-1	MouseTMS2	Macrophage	Macrophage	CL:0000235	mouse	NCBITaxon:10090	NCBITaxon:10090	EFO:0030080
MouseTMS2_CAAGGGAAGAAAGCGA.1	MouseTMS2_CAAGGGAAGAAAGCGA-1	MouseTMS2	Melanocyte	Melanocyte	CL:0000148	mouse	NCBITaxon:10090	NCBITaxon:10090	EFO:0030080
MouseTMS2_CAAGGGAGTGTGTGGA.1	MouseTMS2_CAAGGGAGTGTGTGGA-1	MouseTMS2	Macrophage	Macrophage	CL:0000235	mouse	NCBITaxon:10090	NCBITaxon:10090	EFO:0030080
MouseTMS2_CAATACGCAACACAGG.1	MouseTMS2_CAATACGCAACACAGG-1	MouseTMS2	JCT	JCT	CL:0002320	mouse	NCBITaxon:10090	NCBITaxon:10090	EFO:0030080
MouseTMS2_CAATACGGTAATGCGG.1	MouseTMS2_CAATACGGTAATGCGG-1	MouseTMS2	NK/T cell	NK/T cell	CL:0000814	mouse	NCBITaxon:10090	NCBITaxon:10090	EFO:0030080
MouseTMS2_CAATACGTCCGATGCG.1	MouseTMS2_CAATACGTCCGATGCG-1	MouseTMS2	Melanocyte	Melanocyte	CL:0000148	mouse	NCBITaxon:10090	NCBITaxon:10090	EFO:0030080
MouseTMS2_CAATCGATCGTGTGAT.1	MouseTMS2_CAATCGATCGTGTGAT-1	MouseTMS2	Melanocyte	Melanocyte	CL:0000148	mouse	NCBITaxon:10090	NCBITaxon:10090	EFO:0030080
MouseTMS2_CAATTTCCATGCCGGT.1	MouseTMS2_CAATTTCCATGCCGGT-1	MouseTMS2	Pericyte	Pericyte	CL:0000669	mouse	NCBITaxon:10090	NCBITaxon:10090	EFO:0030080
MouseTMS2_CACAACAAGGCCCGTT.1	MouseTMS2_CACAACAAGGCCCGTT-1	MouseTMS2	Corneal epithelium	Corneal epithelium	CL:0000575	mouse	NCBITaxon:10090	NCBITaxon:10090	EFO:0030080
MouseTMS2_CACAACAGTGGATCAG.1	MouseTMS2_CACAACAGTGGATCAG-1	MouseTMS2	Melanocyte	Melanocyte	CL:0000148	mouse	NCBITaxon:10090	NCBITaxon:10090	EFO:0030080
MouseTMS2_CACAACATCGAAGGAC.1	MouseTMS2_CACAACATCGAAGGAC-1	MouseTMS2	Melanocyte	Melanocyte	CL:0000148	mouse	NCBITaxon:10090	NCBITaxon:10090	EFO:0030080
MouseTMS2_CACACAACAGGCTTGC.1	MouseTMS2_CACACAACAGGCTTGC-1	MouseTMS2	Macrophage	Macrophage	CL:0000235	mouse	NCBITaxon:10090	NCBITaxon:10090	EFO:0030080
MouseTMS2_CACAGATAGACGCCAA.1	MouseTMS2_CACAGATAGACGCCAA-1	MouseTMS2	Macrophage	Macrophage	CL:0000235	mouse	NCBITaxon:10090	NCBITaxon:10090	EFO:0030080
MouseTMS2_CACAGGCCACGGCGTT.1	MouseTMS2_CACAGGCCACGGCGTT-1	MouseTMS2	Macrophage	Macrophage	CL:0000235	mouse	NCBITaxon:10090	NCBITaxon:10090	EFO:0030080
MouseTMS2_CACAGGCCACTCCGGA.1	MouseTMS2_CACAGGCCACTCCGGA-1	MouseTMS2	Corneal epithelium	Corneal epithelium	CL:0000575	mouse	NCBITaxon:10090	NCBITaxon:10090	EFO:0030080
MouseTMS2_CACATGAAGAAGTCCG.1	MouseTMS2_CACATGAAGAAGTCCG-1	MouseTMS2	JCT	JCT	CL:0002320	mouse	NCBITaxon:10090	NCBITaxon:10090	EFO:0030080
MouseTMS2_CACATGAAGTGGTCAG.1	MouseTMS2_CACATGAAGTGGTCAG-1	MouseTMS2	Macrophage	Macrophage	CL:0000235	mouse	NCBITaxon:10090	NCBITaxon:10090	EFO:0030080
MouseTMS2_CACATGACAGTATGAA.1	MouseTMS2_CACATGACAGTATGAA-1	MouseTMS2	JCT	JCT	CL:0002320	mouse	NCBITaxon:10090	NCBITaxon:10090	EFO:0030080
MouseTMS2_CACCAAAAGTTGAAGT.1	MouseTMS2_CACCAAAAGTTGAAGT-1	MouseTMS2	JCT	JCT	CL:0002320	mouse	NCBITaxon:10090	NCBITaxon:10090	EFO:0030080
MouseTMS2_CACCGTTCAAGGGTCA.1	MouseTMS2_CACCGTTCAAGGGTCA-1	MouseTMS2	Macrophage	Macrophage	CL:0000235	mouse	NCBITaxon:10090	NCBITaxon:10090	EFO:0030080
MouseTMS2_CACCGTTCACCCTTAC.1	MouseTMS2_CACCGTTCACCCTTAC-1	MouseTMS2	Macrophage	Macrophage	CL:0000235	mouse	NCBITaxon:10090	NCBITaxon:10090	EFO:0030080
MouseTMS2_CACCGTTTCTATGCCC.1	MouseTMS2_CACCGTTTCTATGCCC-1	MouseTMS2	Beam A	Beam A	CL:0000327	mouse	NCBITaxon:10090	NCBITaxon:10090	EFO:0030080
MouseTMS2_CACGGGTCACGGAAGT.1	MouseTMS2_CACGGGTCACGGAAGT-1	MouseTMS2	Melanocyte	Melanocyte	CL:0000148	mouse	NCBITaxon:10090	NCBITaxon:10090	EFO:0030080
MouseTMS2_CACGGGTTCCGCTTAC.1	MouseTMS2_CACGGGTTCCGCTTAC-1	MouseTMS2	Melanocyte	Melanocyte	CL:0000148	mouse	NCBITaxon:10090	NCBITaxon:10090	EFO:0030080
MouseTMS2_CACTAAGAGGTCCCTG.1	MouseTMS2_CACTAAGAGGTCCCTG-1	MouseTMS2	Macrophage	Macrophage	CL:0000235	mouse	NCBITaxon:10090	NCBITaxon:10090	EFO:0030080
MouseTMS2_CACTGAAGTAACATAG.1	MouseTMS2_CACTGAAGTAACATAG-1	MouseTMS2	Melanocyte	Melanocyte	CL:0000148	mouse	NCBITaxon:10090	NCBITaxon:10090	EFO:0030080
MouseTMS2_CACTGGGCAGTCGAGA.1	MouseTMS2_CACTGGGCAGTCGAGA-1	MouseTMS2	Corneal epithelium	Corneal epithelium	CL:0000575	mouse	NCBITaxon:10090	NCBITaxon:10090	EFO:0030080
MouseTMS2_CACTGGGTCGCGATCG.1	MouseTMS2_CACTGGGTCGCGATCG-1	MouseTMS2	JCT	JCT	CL:0002320	mouse	NCBITaxon:10090	NCBITaxon:10090	EFO:0030080
MouseTMS2_CACTTCGTCCATTGGA.1	MouseTMS2_CACTTCGTCCATTGGA-1	MouseTMS2	JCT	JCT	CL:0002320	mouse	NCBITaxon:10090	NCBITaxon:10090	EFO:0030080
MouseTMS2_CAGATACAGAGATGCC.1	MouseTMS2_CAGATACAGAGATGCC-1	MouseTMS2	Melanocyte	Melanocyte	CL:0000148	mouse	NCBITaxon:10090	NCBITaxon:10090	EFO:0030080
MouseTMS2_CAGATACGTAGAATAC.1	MouseTMS2_CAGATACGTAGAATAC-1	MouseTMS2	JCT	JCT	CL:0002320	mouse	NCBITaxon:10090	NCBITaxon:10090	EFO:0030080
MouseTMS2_CAGATCAAGCAAGGAA.1	MouseTMS2_CAGATCAAGCAAGGAA-1	MouseTMS2	Macrophage	Macrophage	CL:0000235	mouse	NCBITaxon:10090	NCBITaxon:10090	EFO:0030080
MouseTMS2_CAGATCAGTTTGATCG.1	MouseTMS2_CAGATCAGTTTGATCG-1	MouseTMS2	Macrophage	Macrophage	CL:0000235	mouse	NCBITaxon:10090	NCBITaxon:10090	EFO:0030080
MouseTMS2_CAGCAATAGCAAACAT.1	MouseTMS2_CAGCAATAGCAAACAT-1	MouseTMS2	JCT	JCT	CL:0002320	mouse	NCBITaxon:10090	NCBITaxon:10090	EFO:0030080
MouseTMS2_CAGCAGCCATAGAATG.1	MouseTMS2_CAGCAGCCATAGAATG-1	MouseTMS2	Melanocyte	Melanocyte	CL:0000148	mouse	NCBITaxon:10090	NCBITaxon:10090	EFO:0030080
MouseTMS2_CAGCCAGGTACCGCGT.1	MouseTMS2_CAGCCAGGTACCGCGT-1	MouseTMS2	Corneal epithelium	Corneal epithelium	CL:0000575	mouse	NCBITaxon:10090	NCBITaxon:10090	EFO:0030080
MouseTMS2_CAGCGTGGTCCTTGTC.1	MouseTMS2_CAGCGTGGTCCTTGTC-1	MouseTMS2	NK/T cell	NK/T cell	CL:0000814	mouse	NCBITaxon:10090	NCBITaxon:10090	EFO:0030080
MouseTMS2_CAGCGTGTCTGCTAGA.1	MouseTMS2_CAGCGTGTCTGCTAGA-1	MouseTMS2	Macrophage	Macrophage	CL:0000235	mouse	NCBITaxon:10090	NCBITaxon:10090	EFO:0030080
MouseTMS2_CAGGCCAAGTATGAGT.1	MouseTMS2_CAGGCCAAGTATGAGT-1	MouseTMS2	Beam A	Beam A	CL:0000327	mouse	NCBITaxon:10090	NCBITaxon:10090	EFO:0030080
MouseTMS2_CAGGCCACAGCTGAAG.1	MouseTMS2_CAGGCCACAGCTGAAG-1	MouseTMS2	JCT	JCT	CL:0002320	mouse	NCBITaxon:10090	NCBITaxon:10090	EFO:0030080
MouseTMS2_CAGGCCACATCCGGCA.1	MouseTMS2_CAGGCCACATCCGGCA-1	MouseTMS2	JCT	JCT	CL:0002320	mouse	NCBITaxon:10090	NCBITaxon:10090	EFO:0030080
MouseTMS2_CAGGCCATCCATGAGT.1	MouseTMS2_CAGGCCATCCATGAGT-1	MouseTMS2	Melanocyte	Melanocyte	CL:0000148	mouse	NCBITaxon:10090	NCBITaxon:10090	EFO:0030080
MouseTMS2_CAGGCCATCTCTGCTG.1	MouseTMS2_CAGGCCATCTCTGCTG-1	MouseTMS2	Melanocyte	Melanocyte	CL:0000148	mouse	NCBITaxon:10090	NCBITaxon:10090	EFO:0030080
MouseTMS2_CAGGGCTAGAGATGCC.1	MouseTMS2_CAGGGCTAGAGATGCC-1	MouseTMS2	Macrophage	Macrophage	CL:0000235	mouse	NCBITaxon:10090	NCBITaxon:10090	EFO:0030080
MouseTMS2_CAGGTATCACAATGTC.1	MouseTMS2_CAGGTATCACAATGTC-1	MouseTMS2	Melanocyte	Melanocyte	CL:0000148	mouse	NCBITaxon:10090	NCBITaxon:10090	EFO:0030080
MouseTMS2_CAGGTATCAGACAATA.1	MouseTMS2_CAGGTATCAGACAATA-1	MouseTMS2	Melanocyte	Melanocyte	CL:0000148	mouse	NCBITaxon:10090	NCBITaxon:10090	EFO:0030080
MouseTMS2_CAGGTATGTAAGTTAG.1	MouseTMS2_CAGGTATGTAAGTTAG-1	MouseTMS2	Melanocyte	Melanocyte	CL:0000148	mouse	NCBITaxon:10090	NCBITaxon:10090	EFO:0030080
MouseTMS2_CAGTGCGAGCTGTCCG.1	MouseTMS2_CAGTGCGAGCTGTCCG-1	MouseTMS2	Macrophage	Macrophage	CL:0000235	mouse	NCBITaxon:10090	NCBITaxon:10090	EFO:0030080
MouseTMS2_CAGTGCGTCTTCTGTA.1	MouseTMS2_CAGTGCGTCTTCTGTA-1	MouseTMS2	Macrophage	Macrophage	CL:0000235	mouse	NCBITaxon:10090	NCBITaxon:10090	EFO:0030080
MouseTMS2_CAGTTAGAGAAGTCCG.1	MouseTMS2_CAGTTAGAGAAGTCCG-1	MouseTMS2	Corneal epithelium	Corneal epithelium	CL:0000575	mouse	NCBITaxon:10090	NCBITaxon:10090	EFO:0030080
MouseTMS2_CAGTTCCCAGCCGTTG.1	MouseTMS2_CAGTTCCCAGCCGTTG-1	MouseTMS2	JCT	JCT	CL:0002320	mouse	NCBITaxon:10090	NCBITaxon:10090	EFO:0030080
MouseTMS2_CAGTTCCGTCATCTAG.1	MouseTMS2_CAGTTCCGTCATCTAG-1	MouseTMS2	Beam A	Beam A	CL:0000327	mouse	NCBITaxon:10090	NCBITaxon:10090	EFO:0030080
MouseTMS2_CATAAGCGTGTTCAGT.1	MouseTMS2_CATAAGCGTGTTCAGT-1	MouseTMS2	Pericyte	Pericyte	CL:0000669	mouse	NCBITaxon:10090	NCBITaxon:10090	EFO:0030080
MouseTMS2_CATAAGCTCAGGAAAT.1	MouseTMS2_CATAAGCTCAGGAAAT-1	MouseTMS2	Corneal epithelium	Corneal epithelium	CL:0000575	mouse	NCBITaxon:10090	NCBITaxon:10090	EFO:0030080
MouseTMS2_CATACCCAGCATCAAA.1	MouseTMS2_CATACCCAGCATCAAA-1	MouseTMS2	Macrophage	Macrophage	CL:0000235	mouse	NCBITaxon:10090	NCBITaxon:10090	EFO:0030080
MouseTMS2_CATACTTGTGTTTACG.1	MouseTMS2_CATACTTGTGTTTACG-1	MouseTMS2	SChlemm's Canal	SChlemm's Canal	CL:0000115	mouse	NCBITaxon:10090	NCBITaxon:10090	EFO:0030080
MouseTMS2_CATCAAGCATGGAACG.1	MouseTMS2_CATCAAGCATGGAACG-1	MouseTMS2	Corneal epithelium	Corneal epithelium	CL:0000575	mouse	NCBITaxon:10090	NCBITaxon:10090	EFO:0030080
MouseTMS2_CATCAAGGTTTAGTCG.1	MouseTMS2_CATCAAGGTTTAGTCG-1	MouseTMS2	Melanocyte	Melanocyte	CL:0000148	mouse	NCBITaxon:10090	NCBITaxon:10090	EFO:0030080
MouseTMS2_CATCAAGTCATAGGCT.1	MouseTMS2_CATCAAGTCATAGGCT-1	MouseTMS2	Melanocyte	Melanocyte	CL:0000148	mouse	NCBITaxon:10090	NCBITaxon:10090	EFO:0030080
MouseTMS2_CATCAAGTCCCGTAAA.1	MouseTMS2_CATCAAGTCCCGTAAA-1	MouseTMS2	Ciliary muscle	Ciliary muscle	CL:1000443	mouse	NCBITaxon:10090	NCBITaxon:10090	EFO:0030080
MouseTMS2_CATCCCACATTGAAAG.1	MouseTMS2_CATCCCACATTGAAAG-1	MouseTMS2	Corneal epithelium	Corneal epithelium	CL:0000575	mouse	NCBITaxon:10090	NCBITaxon:10090	EFO:0030080
MouseTMS2_CATCGCTGTCGACTTA.1	MouseTMS2_CATCGCTGTCGACTTA-1	MouseTMS2	Melanocyte	Melanocyte	CL:0000148	mouse	NCBITaxon:10090	NCBITaxon:10090	EFO:0030080
MouseTMS2_CATCGTCAGTATGGAT.1	MouseTMS2_CATCGTCAGTATGGAT-1	MouseTMS2	Corneal epithelium	Corneal epithelium	CL:0000575	mouse	NCBITaxon:10090	NCBITaxon:10090	EFO:0030080
MouseTMS2_CATGAGTTCGTTCAGA.1	MouseTMS2_CATGAGTTCGTTCAGA-1	MouseTMS2	Macrophage	Macrophage	CL:0000235	mouse	NCBITaxon:10090	NCBITaxon:10090	EFO:0030080
MouseTMS2_CATGCGGAGTAGACAT.1	MouseTMS2_CATGCGGAGTAGACAT-1	MouseTMS2	Melanocyte	Melanocyte	CL:0000148	mouse	NCBITaxon:10090	NCBITaxon:10090	EFO:0030080
MouseTMS2_CATGCGGTCCAAGCCG.1	MouseTMS2_CATGCGGTCCAAGCCG-1	MouseTMS2	NK/T cell	NK/T cell	CL:0000814	mouse	NCBITaxon:10090	NCBITaxon:10090	EFO:0030080
MouseTMS2_CATGGTAGTACAGTCT.1	MouseTMS2_CATGGTAGTACAGTCT-1	MouseTMS2	B cell	B cell	CL:0000236	mouse	NCBITaxon:10090	NCBITaxon:10090	EFO:0030080
MouseTMS2_CATTCATGTCCGAAAG.1	MouseTMS2_CATTCATGTCCGAAAG-1	MouseTMS2	Melanocyte	Melanocyte	CL:0000148	mouse	NCBITaxon:10090	NCBITaxon:10090	EFO:0030080
MouseTMS2_CATTCATGTTGGGTAG.1	MouseTMS2_CATTCATGTTGGGTAG-1	MouseTMS2	Corneal epithelium	Corneal epithelium	CL:0000575	mouse	NCBITaxon:10090	NCBITaxon:10090	EFO:0030080
MouseTMS2_CATTCCGCAGTAGGAC.1	MouseTMS2_CATTCCGCAGTAGGAC-1	MouseTMS2	Macrophage	Macrophage	CL:0000235	mouse	NCBITaxon:10090	NCBITaxon:10090	EFO:0030080
MouseTMS2_CATTCCGTCGGAAGGT.1	MouseTMS2_CATTCCGTCGGAAGGT-1	MouseTMS2	Melanocyte	Melanocyte	CL:0000148	mouse	NCBITaxon:10090	NCBITaxon:10090	EFO:0030080
MouseTMS2_CATTGAGAGCGTATAA.1	MouseTMS2_CATTGAGAGCGTATAA-1	MouseTMS2	Macrophage	Macrophage	CL:0000235	mouse	NCBITaxon:10090	NCBITaxon:10090	EFO:0030080
MouseTMS2_CATTGAGAGTGTCATC.1	MouseTMS2_CATTGAGAGTGTCATC-1	MouseTMS2	Macrophage	Macrophage	CL:0000235	mouse	NCBITaxon:10090	NCBITaxon:10090	EFO:0030080
MouseTMS2_CATTGAGTCTGCCTCA.1	MouseTMS2_CATTGAGTCTGCCTCA-1	MouseTMS2	Pericyte	Pericyte	CL:0000669	mouse	NCBITaxon:10090	NCBITaxon:10090	EFO:0030080
MouseTMS2_CATTGCCGTCCTGGTG.1	MouseTMS2_CATTGCCGTCCTGGTG-1	MouseTMS2	Melanocyte	Melanocyte	CL:0000148	mouse	NCBITaxon:10090	NCBITaxon:10090	EFO:0030080
MouseTMS2_CATTGTTAGGAGAGGC.1	MouseTMS2_CATTGTTAGGAGAGGC-1	MouseTMS2	Schwann cell	Schwann cell	CL:0002573	mouse	NCBITaxon:10090	NCBITaxon:10090	EFO:0030080
MouseTMS2_CATTGTTGTATCTCTT.1	MouseTMS2_CATTGTTGTATCTCTT-1	MouseTMS2	JCT	JCT	CL:0002320	mouse	NCBITaxon:10090	NCBITaxon:10090	EFO:0030080
MouseTMS2_CATTTCACAAAGGGTC.1	MouseTMS2_CATTTCACAAAGGGTC-1	MouseTMS2	Pericyte	Pericyte	CL:0000669	mouse	NCBITaxon:10090	NCBITaxon:10090	EFO:0030080
MouseTMS2_CATTTCAGTCCGGACT.1	MouseTMS2_CATTTCAGTCCGGACT-1	MouseTMS2	Macrophage	Macrophage	CL:0000235	mouse	NCBITaxon:10090	NCBITaxon:10090	EFO:0030080
MouseTMS2_CCAATTTTCGCTCATC.1	MouseTMS2_CCAATTTTCGCTCATC-1	MouseTMS2	Macrophage	Macrophage	CL:0000235	mouse	NCBITaxon:10090	NCBITaxon:10090	EFO:0030080
MouseTMS2_CCACAAAGTCCAGCGT.1	MouseTMS2_CCACAAAGTCCAGCGT-1	MouseTMS2	Pericyte	Pericyte	CL:0000669	mouse	NCBITaxon:10090	NCBITaxon:10090	EFO:0030080
MouseTMS2_CCACAAATCATCGCCT.1	MouseTMS2_CCACAAATCATCGCCT-1	MouseTMS2	Melanocyte	Melanocyte	CL:0000148	mouse	NCBITaxon:10090	NCBITaxon:10090	EFO:0030080
MouseTMS2_CCACAAATCCAGTTCC.1	MouseTMS2_CCACAAATCCAGTTCC-1	MouseTMS2	Melanocyte	Melanocyte	CL:0000148	mouse	NCBITaxon:10090	NCBITaxon:10090	EFO:0030080
MouseTMS2_CCACACTAGATACTGA.1	MouseTMS2_CCACACTAGATACTGA-1	MouseTMS2	Macrophage	Macrophage	CL:0000235	mouse	NCBITaxon:10090	NCBITaxon:10090	EFO:0030080
MouseTMS2_CCACACTCAGGCATGA.1	MouseTMS2_CCACACTCAGGCATGA-1	MouseTMS2	Macrophage	Macrophage	CL:0000235	mouse	NCBITaxon:10090	NCBITaxon:10090	EFO:0030080
MouseTMS2_CCACGAGAGGGTCACA.1	MouseTMS2_CCACGAGAGGGTCACA-1	MouseTMS2	Melanocyte	Melanocyte	CL:0000148	mouse	NCBITaxon:10090	NCBITaxon:10090	EFO:0030080
MouseTMS2_CCACGAGGTATTCTCT.1	MouseTMS2_CCACGAGGTATTCTCT-1	MouseTMS2	Melanocyte	Melanocyte	CL:0000148	mouse	NCBITaxon:10090	NCBITaxon:10090	EFO:0030080
MouseTMS2_CCACTTGTCCATATGG.1	MouseTMS2_CCACTTGTCCATATGG-1	MouseTMS2	Melanocyte	Melanocyte	CL:0000148	mouse	NCBITaxon:10090	NCBITaxon:10090	EFO:0030080
MouseTMS2_CCATCACGTGTAACGG.1	MouseTMS2_CCATCACGTGTAACGG-1	MouseTMS2	Corneal epithelium	Corneal epithelium	CL:0000575	mouse	NCBITaxon:10090	NCBITaxon:10090	EFO:0030080
MouseTMS2_CCATCACGTTTCACAG.1	MouseTMS2_CCATCACGTTTCACAG-1	MouseTMS2	JCT	JCT	CL:0002320	mouse	NCBITaxon:10090	NCBITaxon:10090	EFO:0030080
MouseTMS2_CCATCACTCAACACCA.1	MouseTMS2_CCATCACTCAACACCA-1	MouseTMS2	Melanocyte	Melanocyte	CL:0000148	mouse	NCBITaxon:10090	NCBITaxon:10090	EFO:0030080
MouseTMS2_CCCATTGTCAAGCCTA.1	MouseTMS2_CCCATTGTCAAGCCTA-1	MouseTMS2	Melanocyte	Melanocyte	CL:0000148	mouse	NCBITaxon:10090	NCBITaxon:10090	EFO:0030080
MouseTMS2_CCCGAAGTCGACCATA.1	MouseTMS2_CCCGAAGTCGACCATA-1	MouseTMS2	NK/T cell	NK/T cell	CL:0000814	mouse	NCBITaxon:10090	NCBITaxon:10090	EFO:0030080
MouseTMS2_CCCGGAAAGGTCCTGC.1	MouseTMS2_CCCGGAAAGGTCCTGC-1	MouseTMS2	Macrophage	Macrophage	CL:0000235	mouse	NCBITaxon:10090	NCBITaxon:10090	EFO:0030080
MouseTMS2_CCCGGAACAAAGGGTC.1	MouseTMS2_CCCGGAACAAAGGGTC-1	MouseTMS2	Melanocyte	Melanocyte	CL:0000148	mouse	NCBITaxon:10090	NCBITaxon:10090	EFO:0030080
MouseTMS2_CCCGGAATCCTTATGT.1	MouseTMS2_CCCGGAATCCTTATGT-1	MouseTMS2	Melanocyte	Melanocyte	CL:0000148	mouse	NCBITaxon:10090	NCBITaxon:10090	EFO:0030080
MouseTMS2_CCCTAACAGATCGGTG.1	MouseTMS2_CCCTAACAGATCGGTG-1	MouseTMS2	Melanocyte	Melanocyte	CL:0000148	mouse	NCBITaxon:10090	NCBITaxon:10090	EFO:0030080
MouseTMS2_CCCTAACCATAACGGG.1	MouseTMS2_CCCTAACCATAACGGG-1	MouseTMS2	Macrophage	Macrophage	CL:0000235	mouse	NCBITaxon:10090	NCBITaxon:10090	EFO:0030080
MouseTMS2_CCCTAACGTGTGTTTG.1	MouseTMS2_CCCTAACGTGTGTTTG-1	MouseTMS2	Macrophage	Macrophage	CL:0000235	mouse	NCBITaxon:10090	NCBITaxon:10090	EFO:0030080
MouseTMS2_CCCTCTCCAGTCGTTA.1	MouseTMS2_CCCTCTCCAGTCGTTA-1	MouseTMS2	Melanocyte	Melanocyte	CL:0000148	mouse	NCBITaxon:10090	NCBITaxon:10090	EFO:0030080
MouseTMS2_CCCTCTCTCTGGTGCG.1	MouseTMS2_CCCTCTCTCTGGTGCG-1	MouseTMS2	Macrophage	Macrophage	CL:0000235	mouse	NCBITaxon:10090	NCBITaxon:10090	EFO:0030080
MouseTMS2_CCCTTAGCAGTGGCTC.1	MouseTMS2_CCCTTAGCAGTGGCTC-1	MouseTMS2	Melanocyte	Melanocyte	CL:0000148	mouse	NCBITaxon:10090	NCBITaxon:10090	EFO:0030080
MouseTMS2_CCCTTAGGTGTTCAGT.1	MouseTMS2_CCCTTAGGTGTTCAGT-1	MouseTMS2	SChlemm's Canal	SChlemm's Canal	CL:0000115	mouse	NCBITaxon:10090	NCBITaxon:10090	EFO:0030080
MouseTMS2_CCGAACGCAAATCGGG.1	MouseTMS2_CCGAACGCAAATCGGG-1	MouseTMS2	Melanocyte	Melanocyte	CL:0000148	mouse	NCBITaxon:10090	NCBITaxon:10090	EFO:0030080
MouseTMS2_CCGATCTAGATACCAA.1	MouseTMS2_CCGATCTAGATACCAA-1	MouseTMS2	JCT	JCT	CL:0002320	mouse	NCBITaxon:10090	NCBITaxon:10090	EFO:0030080
MouseTMS2_CCGATCTTCTTGCGCT.1	MouseTMS2_CCGATCTTCTTGCGCT-1	MouseTMS2	Macrophage	Macrophage	CL:0000235	mouse	NCBITaxon:10090	NCBITaxon:10090	EFO:0030080
MouseTMS2_CCGATGGAGAGAGCAA.1	MouseTMS2_CCGATGGAGAGAGCAA-1	MouseTMS2	JCT	JCT	CL:0002320	mouse	NCBITaxon:10090	NCBITaxon:10090	EFO:0030080
MouseTMS2_CCGATGGAGTTGGAAT.1	MouseTMS2_CCGATGGAGTTGGAAT-1	MouseTMS2	Corneal epithelium	Corneal epithelium	CL:0000575	mouse	NCBITaxon:10090	NCBITaxon:10090	EFO:0030080
MouseTMS2_CCGATGGTCGTGTCAA.1	MouseTMS2_CCGATGGTCGTGTCAA-1	MouseTMS2	Melanocyte	Melanocyte	CL:0000148	mouse	NCBITaxon:10090	NCBITaxon:10090	EFO:0030080
MouseTMS2_CCGCAAGCAAGCGAAC.1	MouseTMS2_CCGCAAGCAAGCGAAC-1	MouseTMS2	Melanocyte	Melanocyte	CL:0000148	mouse	NCBITaxon:10090	NCBITaxon:10090	EFO:0030080
MouseTMS2_CCGCAAGCAGGTATGG.1	MouseTMS2_CCGCAAGCAGGTATGG-1	MouseTMS2	Pericyte	Pericyte	CL:0000669	mouse	NCBITaxon:10090	NCBITaxon:10090	EFO:0030080
MouseTMS2_CCGGGTAGTCCGGCAT.1	MouseTMS2_CCGGGTAGTCCGGCAT-1	MouseTMS2	Corneal epithelium	Corneal epithelium	CL:0000575	mouse	NCBITaxon:10090	NCBITaxon:10090	EFO:0030080
MouseTMS2_CCGGTGAAGTTCAACC.1	MouseTMS2_CCGGTGAAGTTCAACC-1	MouseTMS2	Melanocyte	Melanocyte	CL:0000148	mouse	NCBITaxon:10090	NCBITaxon:10090	EFO:0030080
MouseTMS2_CCGGTGATCCGTATGA.1	MouseTMS2_CCGGTGATCCGTATGA-1	MouseTMS2	JCT	JCT	CL:0002320	mouse	NCBITaxon:10090	NCBITaxon:10090	EFO:0030080
MouseTMS2_CCGTAGGAGTGGACTG.1	MouseTMS2_CCGTAGGAGTGGACTG-1	MouseTMS2	Melanocyte	Melanocyte	CL:0000148	mouse	NCBITaxon:10090	NCBITaxon:10090	EFO:0030080
MouseTMS2_CCGTAGGAGTTGCTGT.1	MouseTMS2_CCGTAGGAGTTGCTGT-1	MouseTMS2	JCT	JCT	CL:0002320	mouse	NCBITaxon:10090	NCBITaxon:10090	EFO:0030080
MouseTMS2_CCGTAGGTCATAGAGA.1	MouseTMS2_CCGTAGGTCATAGAGA-1	MouseTMS2	Melanocyte	Melanocyte	CL:0000148	mouse	NCBITaxon:10090	NCBITaxon:10090	EFO:0030080
MouseTMS2_CCGTGAGTCGCTTGAA.1	MouseTMS2_CCGTGAGTCGCTTGAA-1	MouseTMS2	Melanocyte	Melanocyte	CL:0000148	mouse	NCBITaxon:10090	NCBITaxon:10090	EFO:0030080
MouseTMS2_CCTAACCCAATTGCGT.1	MouseTMS2_CCTAACCCAATTGCGT-1	MouseTMS2	Melanocyte	Melanocyte	CL:0000148	mouse	NCBITaxon:10090	NCBITaxon:10090	EFO:0030080
MouseTMS2_CCTAACCCAGGATTCT.1	MouseTMS2_CCTAACCCAGGATTCT-1	MouseTMS2	Melanocyte	Melanocyte	CL:0000148	mouse	NCBITaxon:10090	NCBITaxon:10090	EFO:0030080
MouseTMS2_CCTAAGAAGCTTAGTC.1	MouseTMS2_CCTAAGAAGCTTAGTC-1	MouseTMS2	Macrophage	Macrophage	CL:0000235	mouse	NCBITaxon:10090	NCBITaxon:10090	EFO:0030080
MouseTMS2_CCTAAGAAGGTTCACT.1	MouseTMS2_CCTAAGAAGGTTCACT-1	MouseTMS2	Macrophage	Macrophage	CL:0000235	mouse	NCBITaxon:10090	NCBITaxon:10090	EFO:0030080
MouseTMS2_CCTACGTAGCTAATGA.1	MouseTMS2_CCTACGTAGCTAATGA-1	MouseTMS2	Melanocyte	Melanocyte	CL:0000148	mouse	NCBITaxon:10090	NCBITaxon:10090	EFO:0030080
MouseTMS2_CCTATCGCATATGCGT.1	MouseTMS2_CCTATCGCATATGCGT-1	MouseTMS2	Corneal epithelium	Corneal epithelium	CL:0000575	mouse	NCBITaxon:10090	NCBITaxon:10090	EFO:0030080
MouseTMS2_CCTATCGGTAACACCT.1	MouseTMS2_CCTATCGGTAACACCT-1	MouseTMS2	Melanocyte	Melanocyte	CL:0000148	mouse	NCBITaxon:10090	NCBITaxon:10090	EFO:0030080
MouseTMS2_CCTCAACAGACATATG.1	MouseTMS2_CCTCAACAGACATATG-1	MouseTMS2	Macrophage	Macrophage	CL:0000235	mouse	NCBITaxon:10090	NCBITaxon:10090	EFO:0030080
MouseTMS2_CCTCAACAGAGTTGTA.1	MouseTMS2_CCTCAACAGAGTTGTA-1	MouseTMS2	Corneal epithelium	Corneal epithelium	CL:0000575	mouse	NCBITaxon:10090	NCBITaxon:10090	EFO:0030080
MouseTMS2_CCTCACAAGGGCTTCC.1	MouseTMS2_CCTCACAAGGGCTTCC-1	MouseTMS2	Corneal epithelium	Corneal epithelium	CL:0000575	mouse	NCBITaxon:10090	NCBITaxon:10090	EFO:0030080
MouseTMS2_CCTCACATCCGACAGC.1	MouseTMS2_CCTCACATCCGACAGC-1	MouseTMS2	Macrophage	Macrophage	CL:0000235	mouse	NCBITaxon:10090	NCBITaxon:10090	EFO:0030080
MouseTMS2_CCTCAGTAGGCCACTC.1	MouseTMS2_CCTCAGTAGGCCACTC-1	MouseTMS2	Melanocyte	Melanocyte	CL:0000148	mouse	NCBITaxon:10090	NCBITaxon:10090	EFO:0030080
MouseTMS2_CCTCAGTTCGCTGACG.1	MouseTMS2_CCTCAGTTCGCTGACG-1	MouseTMS2	Melanocyte	Melanocyte	CL:0000148	mouse	NCBITaxon:10090	NCBITaxon:10090	EFO:0030080
MouseTMS2_CCTCATGGTACAAGCG.1	MouseTMS2_CCTCATGGTACAAGCG-1	MouseTMS2	JCT	JCT	CL:0002320	mouse	NCBITaxon:10090	NCBITaxon:10090	EFO:0030080
MouseTMS2_CCTCATGGTGATCGTT.1	MouseTMS2_CCTCATGGTGATCGTT-1	MouseTMS2	Melanocyte	Melanocyte	CL:0000148	mouse	NCBITaxon:10090	NCBITaxon:10090	EFO:0030080
MouseTMS2_CCTCATGTCATCGGGC.1	MouseTMS2_CCTCATGTCATCGGGC-1	MouseTMS2	JCT	JCT	CL:0002320	mouse	NCBITaxon:10090	NCBITaxon:10090	EFO:0030080
MouseTMS2_CCTCCAAAGCATAGGC.1	MouseTMS2_CCTCCAAAGCATAGGC-1	MouseTMS2	JCT	JCT	CL:0002320	mouse	NCBITaxon:10090	NCBITaxon:10090	EFO:0030080
MouseTMS2_CCTCCAATCCCTCTTT.1	MouseTMS2_CCTCCAATCCCTCTTT-1	MouseTMS2	Macrophage	Macrophage	CL:0000235	mouse	NCBITaxon:10090	NCBITaxon:10090	EFO:0030080
MouseTMS2_CCTCTAGCATCATGAC.1	MouseTMS2_CCTCTAGCATCATGAC-1	MouseTMS2	Corneal epithelium	Corneal epithelium	CL:0000575	mouse	NCBITaxon:10090	NCBITaxon:10090	EFO:0030080
MouseTMS2_CCTCTAGGTACAGTTC.1	MouseTMS2_CCTCTAGGTACAGTTC-1	MouseTMS2	Melanocyte	Melanocyte	CL:0000148	mouse	NCBITaxon:10090	NCBITaxon:10090	EFO:0030080
MouseTMS2_CCTCTAGGTTTGACAC.1	MouseTMS2_CCTCTAGGTTTGACAC-1	MouseTMS2	Macrophage	Macrophage	CL:0000235	mouse	NCBITaxon:10090	NCBITaxon:10090	EFO:0030080
MouseTMS2_CCTCTAGTCGGAGTGA.1	MouseTMS2_CCTCTAGTCGGAGTGA-1	MouseTMS2	Schwann cell	Schwann cell	CL:0002573	mouse	NCBITaxon:10090	NCBITaxon:10090	EFO:0030080
MouseTMS2_CCTCTCCGTTCTTCAT.1	MouseTMS2_CCTCTCCGTTCTTCAT-1	MouseTMS2	Macrophage	Macrophage	CL:0000235	mouse	NCBITaxon:10090	NCBITaxon:10090	EFO:0030080
MouseTMS2_CCTGCATAGACATAAC.1	MouseTMS2_CCTGCATAGACATAAC-1	MouseTMS2	Melanocyte	Melanocyte	CL:0000148	mouse	NCBITaxon:10090	NCBITaxon:10090	EFO:0030080
MouseTMS2_CCTGCATCACCCAATA.1	MouseTMS2_CCTGCATCACCCAATA-1	MouseTMS2	JCT	JCT	CL:0002320	mouse	NCBITaxon:10090	NCBITaxon:10090	EFO:0030080
MouseTMS2_CCTGCATCACTGCATA.1	MouseTMS2_CCTGCATCACTGCATA-1	MouseTMS2	JCT	JCT	CL:0002320	mouse	NCBITaxon:10090	NCBITaxon:10090	EFO:0030080
MouseTMS2_CCTGTTGAGCCAGAGT.1	MouseTMS2_CCTGTTGAGCCAGAGT-1	MouseTMS2	Melanocyte	Melanocyte	CL:0000148	mouse	NCBITaxon:10090	NCBITaxon:10090	EFO:0030080
MouseTMS2_CCTGTTGCAAAGGCAC.1	MouseTMS2_CCTGTTGCAAAGGCAC-1	MouseTMS2	Corneal epithelium	Corneal epithelium	CL:0000575	mouse	NCBITaxon:10090	NCBITaxon:10090	EFO:0030080
MouseTMS2_CCTTCAGAGACATAGT.1	MouseTMS2_CCTTCAGAGACATAGT-1	MouseTMS2	Melanocyte	Melanocyte	CL:0000148	mouse	NCBITaxon:10090	NCBITaxon:10090	EFO:0030080
MouseTMS2_CCTTCAGCAACAACAA.1	MouseTMS2_CCTTCAGCAACAACAA-1	MouseTMS2	Schwann cell	Schwann cell	CL:0002573	mouse	NCBITaxon:10090	NCBITaxon:10090	EFO:0030080
MouseTMS2_CCTTGTGCATCATTGG.1	MouseTMS2_CCTTGTGCATCATTGG-1	MouseTMS2	Melanocyte	Melanocyte	CL:0000148	mouse	NCBITaxon:10090	NCBITaxon:10090	EFO:0030080
MouseTMS2_CCTTGTGTCCTGTTGC.1	MouseTMS2_CCTTGTGTCCTGTTGC-1	MouseTMS2	Melanocyte	Melanocyte	CL:0000148	mouse	NCBITaxon:10090	NCBITaxon:10090	EFO:0030080
MouseTMS2_CCTTTGGAGAATGTTG.1	MouseTMS2_CCTTTGGAGAATGTTG-1	MouseTMS2	JCT	JCT	CL:0002320	mouse	NCBITaxon:10090	NCBITaxon:10090	EFO:0030080
MouseTMS2_CGAAGTTAGCATAGGC.1	MouseTMS2_CGAAGTTAGCATAGGC-1	MouseTMS2	Beam A	Beam A	CL:0000327	mouse	NCBITaxon:10090	NCBITaxon:10090	EFO:0030080
MouseTMS2_CGAAGTTTCTGCTAGA.1	MouseTMS2_CGAAGTTTCTGCTAGA-1	MouseTMS2	Melanocyte	Melanocyte	CL:0000148	mouse	NCBITaxon:10090	NCBITaxon:10090	EFO:0030080
MouseTMS2_CGAATTGAGGTACTGG.1	MouseTMS2_CGAATTGAGGTACTGG-1	MouseTMS2	Melanocyte	Melanocyte	CL:0000148	mouse	NCBITaxon:10090	NCBITaxon:10090	EFO:0030080
MouseTMS2_CGAATTGCAGGTCAAG.1	MouseTMS2_CGAATTGCAGGTCAAG-1	MouseTMS2	Melanocyte	Melanocyte	CL:0000148	mouse	NCBITaxon:10090	NCBITaxon:10090	EFO:0030080
MouseTMS2_CGAATTGGTGTACATC.1	MouseTMS2_CGAATTGGTGTACATC-1	MouseTMS2	Melanocyte	Melanocyte	CL:0000148	mouse	NCBITaxon:10090	NCBITaxon:10090	EFO:0030080
MouseTMS2_CGACAGCAGAATTCAG.1	MouseTMS2_CGACAGCAGAATTCAG-1	MouseTMS2	Macrophage	Macrophage	CL:0000235	mouse	NCBITaxon:10090	NCBITaxon:10090	EFO:0030080
MouseTMS2_CGACAGCAGGGAGTGG.1	MouseTMS2_CGACAGCAGGGAGTGG-1	MouseTMS2	Macrophage	Macrophage	CL:0000235	mouse	NCBITaxon:10090	NCBITaxon:10090	EFO:0030080
MouseTMS2_CGACAGCAGTATGAAC.1	MouseTMS2_CGACAGCAGTATGAAC-1	MouseTMS2	Melanocyte	Melanocyte	CL:0000148	mouse	NCBITaxon:10090	NCBITaxon:10090	EFO:0030080
MouseTMS2_CGAGGAATCAGAATAG.1	MouseTMS2_CGAGGAATCAGAATAG-1	MouseTMS2	Pericyte	Pericyte	CL:0000669	mouse	NCBITaxon:10090	NCBITaxon:10090	EFO:0030080
MouseTMS2_CGAGTGCCATATCTCT.1	MouseTMS2_CGAGTGCCATATCTCT-1	MouseTMS2	Melanocyte	Melanocyte	CL:0000148	mouse	NCBITaxon:10090	NCBITaxon:10090	EFO:0030080
MouseTMS2_CGAGTGCTCTTGATTC.1	MouseTMS2_CGAGTGCTCTTGATTC-1	MouseTMS2	Corneal epithelium	Corneal epithelium	CL:0000575	mouse	NCBITaxon:10090	NCBITaxon:10090	EFO:0030080
MouseTMS2_CGAGTTAGTACATTGC.1	MouseTMS2_CGAGTTAGTACATTGC-1	MouseTMS2	JCT	JCT	CL:0002320	mouse	NCBITaxon:10090	NCBITaxon:10090	EFO:0030080
MouseTMS2_CGATCGGTCGCAATTG.1	MouseTMS2_CGATCGGTCGCAATTG-1	MouseTMS2	Corneal epithelium	Corneal epithelium	CL:0000575	mouse	NCBITaxon:10090	NCBITaxon:10090	EFO:0030080
MouseTMS2_CGATGGCCAGAGATTA.1	MouseTMS2_CGATGGCCAGAGATTA-1	MouseTMS2	NK/T cell	NK/T cell	CL:0000814	mouse	NCBITaxon:10090	NCBITaxon:10090	EFO:0030080
MouseTMS2_CGATGGCCATCCTAAG.1	MouseTMS2_CGATGGCCATCCTAAG-1	MouseTMS2	Melanocyte	Melanocyte	CL:0000148	mouse	NCBITaxon:10090	NCBITaxon:10090	EFO:0030080
MouseTMS2_CGCAGGTCAATCTCGA.1	MouseTMS2_CGCAGGTCAATCTCGA-1	MouseTMS2	Corneal epithelium	Corneal epithelium	CL:0000575	mouse	NCBITaxon:10090	NCBITaxon:10090	EFO:0030080
MouseTMS2_CGCATAACAGAGTTCT.1	MouseTMS2_CGCATAACAGAGTTCT-1	MouseTMS2	Melanocyte	Melanocyte	CL:0000148	mouse	NCBITaxon:10090	NCBITaxon:10090	EFO:0030080
MouseTMS2_CGCATAAGTAGTCTGT.1	MouseTMS2_CGCATAAGTAGTCTGT-1	MouseTMS2	Macrophage	Macrophage	CL:0000235	mouse	NCBITaxon:10090	NCBITaxon:10090	EFO:0030080
MouseTMS2_CGCATAATCCCGGTAG.1	MouseTMS2_CGCATAATCCCGGTAG-1	MouseTMS2	Corneal epithelium	Corneal epithelium	CL:0000575	mouse	NCBITaxon:10090	NCBITaxon:10090	EFO:0030080
MouseTMS2_CGCATAATCGCTCATC.1	MouseTMS2_CGCATAATCGCTCATC-1	MouseTMS2	Macrophage	Macrophage	CL:0000235	mouse	NCBITaxon:10090	NCBITaxon:10090	EFO:0030080
MouseTMS2_CGCCAGATCTTACACT.1	MouseTMS2_CGCCAGATCTTACACT-1	MouseTMS2	Macrophage	Macrophage	CL:0000235	mouse	NCBITaxon:10090	NCBITaxon:10090	EFO:0030080
MouseTMS2_CGCCATTAGCACTCAT.1	MouseTMS2_CGCCATTAGCACTCAT-1	MouseTMS2	Macrophage	Macrophage	CL:0000235	mouse	NCBITaxon:10090	NCBITaxon:10090	EFO:0030080
MouseTMS2_CGCCATTTCATCCTGC.1	MouseTMS2_CGCCATTTCATCCTGC-1	MouseTMS2	Melanocyte	Melanocyte	CL:0000148	mouse	NCBITaxon:10090	NCBITaxon:10090	EFO:0030080
MouseTMS2_CGCGTGACACTACCCT.1	MouseTMS2_CGCGTGACACTACCCT-1	MouseTMS2	Ciliary muscle	Ciliary muscle	CL:1000443	mouse	NCBITaxon:10090	NCBITaxon:10090	EFO:0030080
MouseTMS2_CGCGTGAGTTGCCGCA.1	MouseTMS2_CGCGTGAGTTGCCGCA-1	MouseTMS2	Melanocyte	Melanocyte	CL:0000148	mouse	NCBITaxon:10090	NCBITaxon:10090	EFO:0030080
MouseTMS2_CGGAACCCACTATCCC.1	MouseTMS2_CGGAACCCACTATCCC-1	MouseTMS2	Macrophage	Macrophage	CL:0000235	mouse	NCBITaxon:10090	NCBITaxon:10090	EFO:0030080
MouseTMS2_CGGAACCTCCAAACCA.1	MouseTMS2_CGGAACCTCCAAACCA-1	MouseTMS2	Melanocyte	Melanocyte	CL:0000148	mouse	NCBITaxon:10090	NCBITaxon:10090	EFO:0030080
MouseTMS2_CGGAATTCACAGTGAG.1	MouseTMS2_CGGAATTCACAGTGAG-1	MouseTMS2	Macrophage	Macrophage	CL:0000235	mouse	NCBITaxon:10090	NCBITaxon:10090	EFO:0030080
MouseTMS2_CGGACACTCGTAGAGG.1	MouseTMS2_CGGACACTCGTAGAGG-1	MouseTMS2	Melanocyte	Melanocyte	CL:0000148	mouse	NCBITaxon:10090	NCBITaxon:10090	EFO:0030080
MouseTMS2_CGGCAGTCAGTCAACT.1	MouseTMS2_CGGCAGTCAGTCAACT-1	MouseTMS2	Corneal epithelium	Corneal epithelium	CL:0000575	mouse	NCBITaxon:10090	NCBITaxon:10090	EFO:0030080
MouseTMS2_CGGGCATCAGGCTATT.1	MouseTMS2_CGGGCATCAGGCTATT-1	MouseTMS2	Macrophage	Macrophage	CL:0000235	mouse	NCBITaxon:10090	NCBITaxon:10090	EFO:0030080
MouseTMS2_CGGGCATGTTCCTACC.1	MouseTMS2_CGGGCATGTTCCTACC-1	MouseTMS2	JCT	JCT	CL:0002320	mouse	NCBITaxon:10090	NCBITaxon:10090	EFO:0030080
MouseTMS2_CGGGTGTAGGATTACA.1	MouseTMS2_CGGGTGTAGGATTACA-1	MouseTMS2	Melanocyte	Melanocyte	CL:0000148	mouse	NCBITaxon:10090	NCBITaxon:10090	EFO:0030080
MouseTMS2_CGGTCAGGTAACACGG.1	MouseTMS2_CGGTCAGGTAACACGG-1	MouseTMS2	Macrophage	Macrophage	CL:0000235	mouse	NCBITaxon:10090	NCBITaxon:10090	EFO:0030080
MouseTMS2_CGGTCAGGTTTGCAGT.1	MouseTMS2_CGGTCAGGTTTGCAGT-1	MouseTMS2	JCT	JCT	CL:0002320	mouse	NCBITaxon:10090	NCBITaxon:10090	EFO:0030080
MouseTMS2_CGTAAGTAGAGGGTAA.1	MouseTMS2_CGTAAGTAGAGGGTAA-1	MouseTMS2	Corneal epithelium	Corneal epithelium	CL:0000575	mouse	NCBITaxon:10090	NCBITaxon:10090	EFO:0030080
MouseTMS2_CGTAAGTCAAATAAGC.1	MouseTMS2_CGTAAGTCAAATAAGC-1	MouseTMS2	JCT	JCT	CL:0002320	mouse	NCBITaxon:10090	NCBITaxon:10090	EFO:0030080
MouseTMS2_CGTAAGTCACAAGCTT.1	MouseTMS2_CGTAAGTCACAAGCTT-1	MouseTMS2	Macrophage	Macrophage	CL:0000235	mouse	NCBITaxon:10090	NCBITaxon:10090	EFO:0030080
MouseTMS2_CGTAAGTCAGCAGTGA.1	MouseTMS2_CGTAAGTCAGCAGTGA-1	MouseTMS2	Macrophage	Macrophage	CL:0000235	mouse	NCBITaxon:10090	NCBITaxon:10090	EFO:0030080
MouseTMS2_CGTAAGTGTCTAGGTT.1	MouseTMS2_CGTAAGTGTCTAGGTT-1	MouseTMS2	Ciliary muscle	Ciliary muscle	CL:1000443	mouse	NCBITaxon:10090	NCBITaxon:10090	EFO:0030080
MouseTMS2_CGTAATGAGGCATCTT.1	MouseTMS2_CGTAATGAGGCATCTT-1	MouseTMS2	Corneal epithelium	Corneal epithelium	CL:0000575	mouse	NCBITaxon:10090	NCBITaxon:10090	EFO:0030080
MouseTMS2_CGTAATGTCGAACACT.1	MouseTMS2_CGTAATGTCGAACACT-1	MouseTMS2	Melanocyte	Melanocyte	CL:0000148	mouse	NCBITaxon:10090	NCBITaxon:10090	EFO:0030080
MouseTMS2_CGTAGTAAGTAGACCG.1	MouseTMS2_CGTAGTAAGTAGACCG-1	MouseTMS2	Melanocyte	Melanocyte	CL:0000148	mouse	NCBITaxon:10090	NCBITaxon:10090	EFO:0030080
MouseTMS2_CGTAGTACACTGCGAC.1	MouseTMS2_CGTAGTACACTGCGAC-1	MouseTMS2	JCT	JCT	CL:0002320	mouse	NCBITaxon:10090	NCBITaxon:10090	EFO:0030080
MouseTMS2_CGTAGTACAGACCAGA.1	MouseTMS2_CGTAGTACAGACCAGA-1	MouseTMS2	Melanocyte	Melanocyte	CL:0000148	mouse	NCBITaxon:10090	NCBITaxon:10090	EFO:0030080
MouseTMS2_CGTAGTACAGTGAGCA.1	MouseTMS2_CGTAGTACAGTGAGCA-1	MouseTMS2	Melanocyte	Melanocyte	CL:0000148	mouse	NCBITaxon:10090	NCBITaxon:10090	EFO:0030080
MouseTMS2_CGTCCATTCGACATAC.1	MouseTMS2_CGTCCATTCGACATAC-1	MouseTMS2	Pericyte	Pericyte	CL:0000669	mouse	NCBITaxon:10090	NCBITaxon:10090	EFO:0030080
MouseTMS2_CGTGATACATCCGAGC.1	MouseTMS2_CGTGATACATCCGAGC-1	MouseTMS2	Macrophage	Macrophage	CL:0000235	mouse	NCBITaxon:10090	NCBITaxon:10090	EFO:0030080
MouseTMS2_CGTGCTTCAGATCACT.1	MouseTMS2_CGTGCTTCAGATCACT-1	MouseTMS2	Macrophage	Macrophage	CL:0000235	mouse	NCBITaxon:10090	NCBITaxon:10090	EFO:0030080
MouseTMS2_CGTTAGACAAGCTCTA.1	MouseTMS2_CGTTAGACAAGCTCTA-1	MouseTMS2	Pericyte	Pericyte	CL:0000669	mouse	NCBITaxon:10090	NCBITaxon:10090	EFO:0030080
MouseTMS2_CGTTAGACACCCAAGC.1	MouseTMS2_CGTTAGACACCCAAGC-1	MouseTMS2	Melanocyte	Melanocyte	CL:0000148	mouse	NCBITaxon:10090	NCBITaxon:10090	EFO:0030080
MouseTMS2_CGTTGGGCATACAGCT.1	MouseTMS2_CGTTGGGCATACAGCT-1	MouseTMS2	Corneal epithelium	Corneal epithelium	CL:0000575	mouse	NCBITaxon:10090	NCBITaxon:10090	EFO:0030080
MouseTMS2_CTAACCCCAGGCACTC.1	MouseTMS2_CTAACCCCAGGCACTC-1	MouseTMS2	Schwann cell	Schwann cell	CL:0002573	mouse	NCBITaxon:10090	NCBITaxon:10090	EFO:0030080
MouseTMS2_CTAACCCCATATAGCC.1	MouseTMS2_CTAACCCCATATAGCC-1	MouseTMS2	JCT	JCT	CL:0002320	mouse	NCBITaxon:10090	NCBITaxon:10090	EFO:0030080
MouseTMS2_CTAACTTAGGATGGCT.1	MouseTMS2_CTAACTTAGGATGGCT-1	MouseTMS2	Macrophage	Macrophage	CL:0000235	mouse	NCBITaxon:10090	NCBITaxon:10090	EFO:0030080
MouseTMS2_CTACAGATCAGTGATC.1	MouseTMS2_CTACAGATCAGTGATC-1	MouseTMS2	SChlemm's Canal	SChlemm's Canal	CL:0000115	mouse	NCBITaxon:10090	NCBITaxon:10090	EFO:0030080
MouseTMS2_CTACATTGTACGTGTT.1	MouseTMS2_CTACATTGTACGTGTT-1	MouseTMS2	Macrophage	Macrophage	CL:0000235	mouse	NCBITaxon:10090	NCBITaxon:10090	EFO:0030080
MouseTMS2_CTACCCAAGCGGTAAC.1	MouseTMS2_CTACCCAAGCGGTAAC-1	MouseTMS2	Macrophage	Macrophage	CL:0000235	mouse	NCBITaxon:10090	NCBITaxon:10090	EFO:0030080
MouseTMS2_CTACCCAAGCGTCTGC.1	MouseTMS2_CTACCCAAGCGTCTGC-1	MouseTMS2	Beam A	Beam A	CL:0000327	mouse	NCBITaxon:10090	NCBITaxon:10090	EFO:0030080
MouseTMS2_CTACCCATCATGTCTT.1	MouseTMS2_CTACCCATCATGTCTT-1	MouseTMS2	Beam A	Beam A	CL:0000327	mouse	NCBITaxon:10090	NCBITaxon:10090	EFO:0030080
MouseTMS2_CTACCCATCTCATGGA.1	MouseTMS2_CTACCCATCTCATGGA-1	MouseTMS2	Macrophage	Macrophage	CL:0000235	mouse	NCBITaxon:10090	NCBITaxon:10090	EFO:0030080
MouseTMS2_CTACGGGCAGGACTAG.1	MouseTMS2_CTACGGGCAGGACTAG-1	MouseTMS2	Macrophage	Macrophage	CL:0000235	mouse	NCBITaxon:10090	NCBITaxon:10090	EFO:0030080
MouseTMS2_CTACTATAGAGCCCAA.1	MouseTMS2_CTACTATAGAGCCCAA-1	MouseTMS2	Melanocyte	Melanocyte	CL:0000148	mouse	NCBITaxon:10090	NCBITaxon:10090	EFO:0030080
MouseTMS2_CTAGACAGTGTGAGCA.1	MouseTMS2_CTAGACAGTGTGAGCA-1	MouseTMS2	Ciliary muscle	Ciliary muscle	CL:1000443	mouse	NCBITaxon:10090	NCBITaxon:10090	EFO:0030080
MouseTMS2_CTAGGTAGTACATACC.1	MouseTMS2_CTAGGTAGTACATACC-1	MouseTMS2	Beam A	Beam A	CL:0000327	mouse	NCBITaxon:10090	NCBITaxon:10090	EFO:0030080
MouseTMS2_CTATAGGCAAGCTGTT.1	MouseTMS2_CTATAGGCAAGCTGTT-1	MouseTMS2	Melanocyte	Melanocyte	CL:0000148	mouse	NCBITaxon:10090	NCBITaxon:10090	EFO:0030080
MouseTMS2_CTATAGGGTTGCACGC.1	MouseTMS2_CTATAGGGTTGCACGC-1	MouseTMS2	Corneal epithelium	Corneal epithelium	CL:0000575	mouse	NCBITaxon:10090	NCBITaxon:10090	EFO:0030080
MouseTMS2_CTATAGGTCTACCACC.1	MouseTMS2_CTATAGGTCTACCACC-1	MouseTMS2	SChlemm's Canal	SChlemm's Canal	CL:0000115	mouse	NCBITaxon:10090	NCBITaxon:10090	EFO:0030080
MouseTMS2_CTATCCGCAAATACGA.1	MouseTMS2_CTATCCGCAAATACGA-1	MouseTMS2	Melanocyte	Melanocyte	CL:0000148	mouse	NCBITaxon:10090	NCBITaxon:10090	EFO:0030080
MouseTMS2_CTCAACCGTAGCGTTT.1	MouseTMS2_CTCAACCGTAGCGTTT-1	MouseTMS2	Corneal epithelium	Corneal epithelium	CL:0000575	mouse	NCBITaxon:10090	NCBITaxon:10090	EFO:0030080
MouseTMS2_CTCAACCGTGTTTACG.1	MouseTMS2_CTCAACCGTGTTTACG-1	MouseTMS2	Corneal epithelium	Corneal epithelium	CL:0000575	mouse	NCBITaxon:10090	NCBITaxon:10090	EFO:0030080
MouseTMS2_CTCAATTAGCGCCCAT.1	MouseTMS2_CTCAATTAGCGCCCAT-1	MouseTMS2	JCT	JCT	CL:0002320	mouse	NCBITaxon:10090	NCBITaxon:10090	EFO:0030080
MouseTMS2_CTCACTGCAAAGGGCT.1	MouseTMS2_CTCACTGCAAAGGGCT-1	MouseTMS2	Corneal epithelium	Corneal epithelium	CL:0000575	mouse	NCBITaxon:10090	NCBITaxon:10090	EFO:0030080
MouseTMS2_CTCACTGTCGCAGTGC.1	MouseTMS2_CTCACTGTCGCAGTGC-1	MouseTMS2	JCT	JCT	CL:0002320	mouse	NCBITaxon:10090	NCBITaxon:10090	EFO:0030080
MouseTMS2_CTCAGAAGTCAGGAGT.1	MouseTMS2_CTCAGAAGTCAGGAGT-1	MouseTMS2	Melanocyte	Melanocyte	CL:0000148	mouse	NCBITaxon:10090	NCBITaxon:10090	EFO:0030080
MouseTMS2_CTCATCGTCATTGCTT.1	MouseTMS2_CTCATCGTCATTGCTT-1	MouseTMS2	Pericyte	Pericyte	CL:0000669	mouse	NCBITaxon:10090	NCBITaxon:10090	EFO:0030080
MouseTMS2_CTCATGCAGGGACTGT.1	MouseTMS2_CTCATGCAGGGACTGT-1	MouseTMS2	Macrophage	Macrophage	CL:0000235	mouse	NCBITaxon:10090	NCBITaxon:10090	EFO:0030080
MouseTMS2_CTCATGCTCCTTACCG.1	MouseTMS2_CTCATGCTCCTTACCG-1	MouseTMS2	Melanocyte	Melanocyte	CL:0000148	mouse	NCBITaxon:10090	NCBITaxon:10090	EFO:0030080
MouseTMS2_CTCCAACAGACTCTAC.1	MouseTMS2_CTCCAACAGACTCTAC-1	MouseTMS2	SChlemm's Canal	SChlemm's Canal	CL:0000115	mouse	NCBITaxon:10090	NCBITaxon:10090	EFO:0030080
MouseTMS2_CTCCAACCAGTCGTTA.1	MouseTMS2_CTCCAACCAGTCGTTA-1	MouseTMS2	Corneal epithelium	Corneal epithelium	CL:0000575	mouse	NCBITaxon:10090	NCBITaxon:10090	EFO:0030080
MouseTMS2_CTCCAACTCGTTCATT.1	MouseTMS2_CTCCAACTCGTTCATT-1	MouseTMS2	Macrophage	Macrophage	CL:0000235	mouse	NCBITaxon:10090	NCBITaxon:10090	EFO:0030080
MouseTMS2_CTCCACAAGTAAGACT.1	MouseTMS2_CTCCACAAGTAAGACT-1	MouseTMS2	Melanocyte	Melanocyte	CL:0000148	mouse	NCBITaxon:10090	NCBITaxon:10090	EFO:0030080
MouseTMS2_CTCCACACATAATCCG.1	MouseTMS2_CTCCACACATAATCCG-1	MouseTMS2	Corneal epithelium	Corneal epithelium	CL:0000575	mouse	NCBITaxon:10090	NCBITaxon:10090	EFO:0030080
MouseTMS2_CTCCACACATCGATCA.1	MouseTMS2_CTCCACACATCGATCA-1	MouseTMS2	Melanocyte	Melanocyte	CL:0000148	mouse	NCBITaxon:10090	NCBITaxon:10090	EFO:0030080
MouseTMS2_CTCCACATCCGTAATG.1	MouseTMS2_CTCCACATCCGTAATG-1	MouseTMS2	JCT	JCT	CL:0002320	mouse	NCBITaxon:10090	NCBITaxon:10090	EFO:0030080
MouseTMS2_CTCCATGCACCACTGG.1	MouseTMS2_CTCCATGCACCACTGG-1	MouseTMS2	Melanocyte	Melanocyte	CL:0000148	mouse	NCBITaxon:10090	NCBITaxon:10090	EFO:0030080
MouseTMS2_CTCCATGCAGCTCGGT.1	MouseTMS2_CTCCATGCAGCTCGGT-1	MouseTMS2	Melanocyte	Melanocyte	CL:0000148	mouse	NCBITaxon:10090	NCBITaxon:10090	EFO:0030080
MouseTMS2_CTCCCTCAGAGTACCG.1	MouseTMS2_CTCCCTCAGAGTACCG-1	MouseTMS2	Melanocyte	Melanocyte	CL:0000148	mouse	NCBITaxon:10090	NCBITaxon:10090	EFO:0030080
MouseTMS2_CTCCCTCTCCTACCAC.1	MouseTMS2_CTCCCTCTCCTACCAC-1	MouseTMS2	Melanocyte	Melanocyte	CL:0000148	mouse	NCBITaxon:10090	NCBITaxon:10090	EFO:0030080
MouseTMS2_CTCCGATAGGTTCCGC.1	MouseTMS2_CTCCGATAGGTTCCGC-1	MouseTMS2	Macrophage	Macrophage	CL:0000235	mouse	NCBITaxon:10090	NCBITaxon:10090	EFO:0030080
MouseTMS2_CTCCGATTCAGAGCAG.1	MouseTMS2_CTCCGATTCAGAGCAG-1	MouseTMS2	Melanocyte	Melanocyte	CL:0000148	mouse	NCBITaxon:10090	NCBITaxon:10090	EFO:0030080
MouseTMS2_CTCCTCCAGAGATTCA.1	MouseTMS2_CTCCTCCAGAGATTCA-1	MouseTMS2	Melanocyte	Melanocyte	CL:0000148	mouse	NCBITaxon:10090	NCBITaxon:10090	EFO:0030080
MouseTMS2_CTCCTCCCAACATACC.1	MouseTMS2_CTCCTCCCAACATACC-1	MouseTMS2	Melanocyte	Melanocyte	CL:0000148	mouse	NCBITaxon:10090	NCBITaxon:10090	EFO:0030080
MouseTMS2_CTCCTCCCAACTTCTT.1	MouseTMS2_CTCCTCCCAACTTCTT-1	MouseTMS2	Corneal epithelium	Corneal epithelium	CL:0000575	mouse	NCBITaxon:10090	NCBITaxon:10090	EFO:0030080
MouseTMS2_CTCCTCCCATATACCG.1	MouseTMS2_CTCCTCCCATATACCG-1	MouseTMS2	Melanocyte	Melanocyte	CL:0000148	mouse	NCBITaxon:10090	NCBITaxon:10090	EFO:0030080
MouseTMS2_CTCGAGGAGAGGCGTT.1	MouseTMS2_CTCGAGGAGAGGCGTT-1	MouseTMS2	Macrophage	Macrophage	CL:0000235	mouse	NCBITaxon:10090	NCBITaxon:10090	EFO:0030080
MouseTMS2_CTCGAGGTCCCAATAG.1	MouseTMS2_CTCGAGGTCCCAATAG-1	MouseTMS2	Melanocyte	Melanocyte	CL:0000148	mouse	NCBITaxon:10090	NCBITaxon:10090	EFO:0030080
MouseTMS2_CTCTCAGTCGTTGTGA.1	MouseTMS2_CTCTCAGTCGTTGTGA-1	MouseTMS2	SChlemm's Canal	SChlemm's Canal	CL:0000115	mouse	NCBITaxon:10090	NCBITaxon:10090	EFO:0030080
MouseTMS2_CTCTCGACACTTCAGA.1	MouseTMS2_CTCTCGACACTTCAGA-1	MouseTMS2	Macrophage	Macrophage	CL:0000235	mouse	NCBITaxon:10090	NCBITaxon:10090	EFO:0030080
MouseTMS2_CTCTCGAGTGAATTAG.1	MouseTMS2_CTCTCGAGTGAATTAG-1	MouseTMS2	Melanocyte	Melanocyte	CL:0000148	mouse	NCBITaxon:10090	NCBITaxon:10090	EFO:0030080
MouseTMS2_CTCTCGATCTTCACAT.1	MouseTMS2_CTCTCGATCTTCACAT-1	MouseTMS2	Pericyte	Pericyte	CL:0000669	mouse	NCBITaxon:10090	NCBITaxon:10090	EFO:0030080
MouseTMS2_CTGAATGCATAGCTGT.1	MouseTMS2_CTGAATGCATAGCTGT-1	MouseTMS2	Corneal epithelium	Corneal epithelium	CL:0000575	mouse	NCBITaxon:10090	NCBITaxon:10090	EFO:0030080
MouseTMS2_CTGAGCGAGCGATGCA.1	MouseTMS2_CTGAGCGAGCGATGCA-1	MouseTMS2	Macrophage	Macrophage	CL:0000235	mouse	NCBITaxon:10090	NCBITaxon:10090	EFO:0030080
MouseTMS2_CTGAGCGCAGCTCGGT.1	MouseTMS2_CTGAGCGCAGCTCGGT-1	MouseTMS2	Melanocyte	Melanocyte	CL:0000148	mouse	NCBITaxon:10090	NCBITaxon:10090	EFO:0030080
MouseTMS2_CTGAGCGGTACGCTAT.1	MouseTMS2_CTGAGCGGTACGCTAT-1	MouseTMS2	Macrophage	Macrophage	CL:0000235	mouse	NCBITaxon:10090	NCBITaxon:10090	EFO:0030080
MouseTMS2_CTGAGGCAGCTCGCAC.1	MouseTMS2_CTGAGGCAGCTCGCAC-1	MouseTMS2	Melanocyte	Melanocyte	CL:0000148	mouse	NCBITaxon:10090	NCBITaxon:10090	EFO:0030080
MouseTMS2_CTGCAGGTCTAAACGC.1	MouseTMS2_CTGCAGGTCTAAACGC-1	MouseTMS2	Melanocyte	Melanocyte	CL:0000148	mouse	NCBITaxon:10090	NCBITaxon:10090	EFO:0030080
MouseTMS2_CTGCATCGTGGTCTAT.1	MouseTMS2_CTGCATCGTGGTCTAT-1	MouseTMS2	Melanocyte	Melanocyte	CL:0000148	mouse	NCBITaxon:10090	NCBITaxon:10090	EFO:0030080
MouseTMS2_CTGCCATAGAGGCTGT.1	MouseTMS2_CTGCCATAGAGGCTGT-1	MouseTMS2	Melanocyte	Melanocyte	CL:0000148	mouse	NCBITaxon:10090	NCBITaxon:10090	EFO:0030080
MouseTMS2_CTGCCATCAGTATGAA.1	MouseTMS2_CTGCCATCAGTATGAA-1	MouseTMS2	Melanocyte	Melanocyte	CL:0000148	mouse	NCBITaxon:10090	NCBITaxon:10090	EFO:0030080
MouseTMS2_CTGCCATTCCGTAGTA.1	MouseTMS2_CTGCCATTCCGTAGTA-1	MouseTMS2	Corneal epithelium	Corneal epithelium	CL:0000575	mouse	NCBITaxon:10090	NCBITaxon:10090	EFO:0030080
MouseTMS2_CTGCCTACACGGCTAC.1	MouseTMS2_CTGCCTACACGGCTAC-1	MouseTMS2	Macrophage	Macrophage	CL:0000235	mouse	NCBITaxon:10090	NCBITaxon:10090	EFO:0030080
MouseTMS2_CTGCCTACAGGAAGTC.1	MouseTMS2_CTGCCTACAGGAAGTC-1	MouseTMS2	JCT	JCT	CL:0002320	mouse	NCBITaxon:10090	NCBITaxon:10090	EFO:0030080
MouseTMS2_CTGCGAGAGGCATGGT.1	MouseTMS2_CTGCGAGAGGCATGGT-1	MouseTMS2	Melanocyte	Melanocyte	CL:0000148	mouse	NCBITaxon:10090	NCBITaxon:10090	EFO:0030080
MouseTMS2_CTGCTCACATTGAGCT.1	MouseTMS2_CTGCTCACATTGAGCT-1	MouseTMS2	Beam A	Beam A	CL:0000327	mouse	NCBITaxon:10090	NCBITaxon:10090	EFO:0030080
MouseTMS2_CTGCTCATCCCGAGGT.1	MouseTMS2_CTGCTCATCCCGAGGT-1	MouseTMS2	Melanocyte	Melanocyte	CL:0000148	mouse	NCBITaxon:10090	NCBITaxon:10090	EFO:0030080
MouseTMS2_CTGCTCATCCCGTGAG.1	MouseTMS2_CTGCTCATCCCGTGAG-1	MouseTMS2	Corneal epithelium	Corneal epithelium	CL:0000575	mouse	NCBITaxon:10090	NCBITaxon:10090	EFO:0030080
MouseTMS2_CTGGACGAGTTACGGG.1	MouseTMS2_CTGGACGAGTTACGGG-1	MouseTMS2	Macrophage	Macrophage	CL:0000235	mouse	NCBITaxon:10090	NCBITaxon:10090	EFO:0030080
MouseTMS2_CTGGACGTCCATATGG.1	MouseTMS2_CTGGACGTCCATATGG-1	MouseTMS2	Macrophage	Macrophage	CL:0000235	mouse	NCBITaxon:10090	NCBITaxon:10090	EFO:0030080
MouseTMS2_CTGGACGTCGGAGATG.1	MouseTMS2_CTGGACGTCGGAGATG-1	MouseTMS2	Melanocyte	Melanocyte	CL:0000148	mouse	NCBITaxon:10090	NCBITaxon:10090	EFO:0030080
MouseTMS2_CTGGCAGAGGGCTAAC.1	MouseTMS2_CTGGCAGAGGGCTAAC-1	MouseTMS2	Ciliary muscle	Ciliary muscle	CL:1000443	mouse	NCBITaxon:10090	NCBITaxon:10090	EFO:0030080
MouseTMS2_CTGGCAGAGTTGCTCA.1	MouseTMS2_CTGGCAGAGTTGCTCA-1	MouseTMS2	Schwann cell	Schwann cell	CL:0002573	mouse	NCBITaxon:10090	NCBITaxon:10090	EFO:0030080
MouseTMS2_CTGGCAGTCCGAGATT.1	MouseTMS2_CTGGCAGTCCGAGATT-1	MouseTMS2	Melanocyte	Melanocyte	CL:0000148	mouse	NCBITaxon:10090	NCBITaxon:10090	EFO:0030080
MouseTMS2_CTGGCAGTCTAAGCCA.1	MouseTMS2_CTGGCAGTCTAAGCCA-1	MouseTMS2	B cell	B cell	CL:0000236	mouse	NCBITaxon:10090	NCBITaxon:10090	EFO:0030080
MouseTMS2_CTGGCAGTCTAATTCC.1	MouseTMS2_CTGGCAGTCTAATTCC-1	MouseTMS2	Beam A	Beam A	CL:0000327	mouse	NCBITaxon:10090	NCBITaxon:10090	EFO:0030080
MouseTMS2_CTGGTCTTCTTGATTC.1	MouseTMS2_CTGGTCTTCTTGATTC-1	MouseTMS2	Ciliary muscle	Ciliary muscle	CL:1000443	mouse	NCBITaxon:10090	NCBITaxon:10090	EFO:0030080
MouseTMS2_CTGTACCGTACCTTCC.1	MouseTMS2_CTGTACCGTACCTTCC-1	MouseTMS2	Corneal epithelium	Corneal epithelium	CL:0000575	mouse	NCBITaxon:10090	NCBITaxon:10090	EFO:0030080
MouseTMS2_CTGTACCTCTGCGTCT.1	MouseTMS2_CTGTACCTCTGCGTCT-1	MouseTMS2	Corneal epithelium	Corneal epithelium	CL:0000575	mouse	NCBITaxon:10090	NCBITaxon:10090	EFO:0030080
MouseTMS2_CTGTGGGCATACTGTG.1	MouseTMS2_CTGTGGGCATACTGTG-1	MouseTMS2	Schwann cell	Schwann cell	CL:0002573	mouse	NCBITaxon:10090	NCBITaxon:10090	EFO:0030080
MouseTMS2_CTGTGGGCATCGGCCA.1	MouseTMS2_CTGTGGGCATCGGCCA-1	MouseTMS2	Macrophage	Macrophage	CL:0000235	mouse	NCBITaxon:10090	NCBITaxon:10090	EFO:0030080
MouseTMS2_CTTACCGCAGCCTTCT.1	MouseTMS2_CTTACCGCAGCCTTCT-1	MouseTMS2	Macrophage	Macrophage	CL:0000235	mouse	NCBITaxon:10090	NCBITaxon:10090	EFO:0030080
MouseTMS2_CTTAGGACAAACGTGG.1	MouseTMS2_CTTAGGACAAACGTGG-1	MouseTMS2	Melanocyte	Melanocyte	CL:0000148	mouse	NCBITaxon:10090	NCBITaxon:10090	EFO:0030080
MouseTMS2_CTTCAATGTTGGACTT.1	MouseTMS2_CTTCAATGTTGGACTT-1	MouseTMS2	Macrophage	Macrophage	CL:0000235	mouse	NCBITaxon:10090	NCBITaxon:10090	EFO:0030080
MouseTMS2_CTTCCGAGTAGTCTTG.1	MouseTMS2_CTTCCGAGTAGTCTTG-1	MouseTMS2	JCT	JCT	CL:0002320	mouse	NCBITaxon:10090	NCBITaxon:10090	EFO:0030080
MouseTMS2_CTTCCGATCTAGGCAT.1	MouseTMS2_CTTCCGATCTAGGCAT-1	MouseTMS2	Melanocyte	Melanocyte	CL:0000148	mouse	NCBITaxon:10090	NCBITaxon:10090	EFO:0030080
MouseTMS2_CTTCCTTAGACTCCGC.1	MouseTMS2_CTTCCTTAGACTCCGC-1	MouseTMS2	Macrophage	Macrophage	CL:0000235	mouse	NCBITaxon:10090	NCBITaxon:10090	EFO:0030080
MouseTMS2_CTTCCTTGTCATAGTC.1	MouseTMS2_CTTCCTTGTCATAGTC-1	MouseTMS2	Melanocyte	Melanocyte	CL:0000148	mouse	NCBITaxon:10090	NCBITaxon:10090	EFO:0030080
MouseTMS2_CTTCCTTTCGATCCCT.1	MouseTMS2_CTTCCTTTCGATCCCT-1	MouseTMS2	Melanocyte	Melanocyte	CL:0000148	mouse	NCBITaxon:10090	NCBITaxon:10090	EFO:0030080
MouseTMS2_CTTCTAACATCCTTCG.1	MouseTMS2_CTTCTAACATCCTTCG-1	MouseTMS2	Melanocyte	Melanocyte	CL:0000148	mouse	NCBITaxon:10090	NCBITaxon:10090	EFO:0030080
MouseTMS2_CTTGAGACACAGCGCT.1	MouseTMS2_CTTGAGACACAGCGCT-1	MouseTMS2	Macrophage	Macrophage	CL:0000235	mouse	NCBITaxon:10090	NCBITaxon:10090	EFO:0030080
MouseTMS2_CTTGAGATCAAGGAGC.1	MouseTMS2_CTTGAGATCAAGGAGC-1	MouseTMS2	Melanocyte	Melanocyte	CL:0000148	mouse	NCBITaxon:10090	NCBITaxon:10090	EFO:0030080
MouseTMS2_CTTGATTCACAAGTTC.1	MouseTMS2_CTTGATTCACAAGTTC-1	MouseTMS2	Melanocyte	Melanocyte	CL:0000148	mouse	NCBITaxon:10090	NCBITaxon:10090	EFO:0030080
MouseTMS2_CTTTCAAAGATGACCG.1	MouseTMS2_CTTTCAAAGATGACCG-1	MouseTMS2	Macrophage	Macrophage	CL:0000235	mouse	NCBITaxon:10090	NCBITaxon:10090	EFO:0030080
MouseTMS2_CTTTCAACACACCTTC.1	MouseTMS2_CTTTCAACACACCTTC-1	MouseTMS2	Corneal epithelium	Corneal epithelium	CL:0000575	mouse	NCBITaxon:10090	NCBITaxon:10090	EFO:0030080
MouseTMS2_CTTTCAACAGCGACCT.1	MouseTMS2_CTTTCAACAGCGACCT-1	MouseTMS2	Beam A	Beam A	CL:0000327	mouse	NCBITaxon:10090	NCBITaxon:10090	EFO:0030080
MouseTMS2_CTTTCAAGTTGGCCTG.1	MouseTMS2_CTTTCAAGTTGGCCTG-1	MouseTMS2	Macrophage	Macrophage	CL:0000235	mouse	NCBITaxon:10090	NCBITaxon:10090	EFO:0030080
MouseTMS2_CTTTCGGCACTTCCTG.1	MouseTMS2_CTTTCGGCACTTCCTG-1	MouseTMS2	Macrophage	Macrophage	CL:0000235	mouse	NCBITaxon:10090	NCBITaxon:10090	EFO:0030080
MouseTMS2_GAAACCTAGGTCCAGA.1	MouseTMS2_GAAACCTAGGTCCAGA-1	MouseTMS2	Pericyte	Pericyte	CL:0000669	mouse	NCBITaxon:10090	NCBITaxon:10090	EFO:0030080
MouseTMS2_GAACGTTGTACAGAGC.1	MouseTMS2_GAACGTTGTACAGAGC-1	MouseTMS2	Melanocyte	Melanocyte	CL:0000148	mouse	NCBITaxon:10090	NCBITaxon:10090	EFO:0030080
MouseTMS2_GAACGTTGTCGCAGTC.1	MouseTMS2_GAACGTTGTCGCAGTC-1	MouseTMS2	Corneal epithelium	Corneal epithelium	CL:0000575	mouse	NCBITaxon:10090	NCBITaxon:10090	EFO:0030080
MouseTMS2_GAACGTTGTTCGCGTG.1	MouseTMS2_GAACGTTGTTCGCGTG-1	MouseTMS2	Corneal epithelium	Corneal epithelium	CL:0000575	mouse	NCBITaxon:10090	NCBITaxon:10090	EFO:0030080
MouseTMS2_GAACGTTTCGTACCTC.1	MouseTMS2_GAACGTTTCGTACCTC-1	MouseTMS2	Melanocyte	Melanocyte	CL:0000148	mouse	NCBITaxon:10090	NCBITaxon:10090	EFO:0030080
MouseTMS2_GAACTGTCACATAGCT.1	MouseTMS2_GAACTGTCACATAGCT-1	MouseTMS2	Ciliary muscle	Ciliary muscle	CL:1000443	mouse	NCBITaxon:10090	NCBITaxon:10090	EFO:0030080
MouseTMS2_GAAGCCCAGTGCTAGG.1	MouseTMS2_GAAGCCCAGTGCTAGG-1	MouseTMS2	Melanocyte	Melanocyte	CL:0000148	mouse	NCBITaxon:10090	NCBITaxon:10090	EFO:0030080
MouseTMS2_GAAGCCCTCCACTAGA.1	MouseTMS2_GAAGCCCTCCACTAGA-1	MouseTMS2	Macrophage	Macrophage	CL:0000235	mouse	NCBITaxon:10090	NCBITaxon:10090	EFO:0030080
MouseTMS2_GAAGGACTCGACGACC.1	MouseTMS2_GAAGGACTCGACGACC-1	MouseTMS2	Macrophage	Macrophage	CL:0000235	mouse	NCBITaxon:10090	NCBITaxon:10090	EFO:0030080
MouseTMS2_GAAGGGTAGGTTGAGC.1	MouseTMS2_GAAGGGTAGGTTGAGC-1	MouseTMS2	Melanocyte	Melanocyte	CL:0000148	mouse	NCBITaxon:10090	NCBITaxon:10090	EFO:0030080
MouseTMS2_GAAGTAACAGCTATAC.1	MouseTMS2_GAAGTAACAGCTATAC-1	MouseTMS2	Macrophage	Macrophage	CL:0000235	mouse	NCBITaxon:10090	NCBITaxon:10090	EFO:0030080
MouseTMS2_GAAGTAATCCCATAAG.1	MouseTMS2_GAAGTAATCCCATAAG-1	MouseTMS2	Macrophage	Macrophage	CL:0000235	mouse	NCBITaxon:10090	NCBITaxon:10090	EFO:0030080
MouseTMS2_GAATAGACAGCTGTAT.1	MouseTMS2_GAATAGACAGCTGTAT-1	MouseTMS2	Melanocyte	Melanocyte	CL:0000148	mouse	NCBITaxon:10090	NCBITaxon:10090	EFO:0030080
MouseTMS2_GAATAGAGTTGGCCGT.1	MouseTMS2_GAATAGAGTTGGCCGT-1	MouseTMS2	Melanocyte	Melanocyte	CL:0000148	mouse	NCBITaxon:10090	NCBITaxon:10090	EFO:0030080
MouseTMS2_GAATCACAGACGGAAA.1	MouseTMS2_GAATCACAGACGGAAA-1	MouseTMS2	Melanocyte	Melanocyte	CL:0000148	mouse	NCBITaxon:10090	NCBITaxon:10090	EFO:0030080
MouseTMS2_GAATCGTAGGAATCGC.1	MouseTMS2_GAATCGTAGGAATCGC-1	MouseTMS2	Melanocyte	Melanocyte	CL:0000148	mouse	NCBITaxon:10090	NCBITaxon:10090	EFO:0030080
MouseTMS2_GAATCGTGTCTGGTTA.1	MouseTMS2_GAATCGTGTCTGGTTA-1	MouseTMS2	Melanocyte	Melanocyte	CL:0000148	mouse	NCBITaxon:10090	NCBITaxon:10090	EFO:0030080
MouseTMS2_GACACGCCACCTCAGG.1	MouseTMS2_GACACGCCACCTCAGG-1	MouseTMS2	JCT	JCT	CL:0002320	mouse	NCBITaxon:10090	NCBITaxon:10090	EFO:0030080
MouseTMS2_GACAGCCTCGCCCAGA.1	MouseTMS2_GACAGCCTCGCCCAGA-1	MouseTMS2	Corneal epithelium	Corneal epithelium	CL:0000575	mouse	NCBITaxon:10090	NCBITaxon:10090	EFO:0030080
MouseTMS2_GACAGCCTCGTAGGAG.1	MouseTMS2_GACAGCCTCGTAGGAG-1	MouseTMS2	Melanocyte	Melanocyte	CL:0000148	mouse	NCBITaxon:10090	NCBITaxon:10090	EFO:0030080
MouseTMS2_GACATCATCACACCCT.1	MouseTMS2_GACATCATCACACCCT-1	MouseTMS2	Melanocyte	Melanocyte	CL:0000148	mouse	NCBITaxon:10090	NCBITaxon:10090	EFO:0030080
MouseTMS2_GACCAATAGGTAGTCG.1	MouseTMS2_GACCAATAGGTAGTCG-1	MouseTMS2	Melanocyte	Melanocyte	CL:0000148	mouse	NCBITaxon:10090	NCBITaxon:10090	EFO:0030080
MouseTMS2_GACCAATGTGTTGCCG.1	MouseTMS2_GACCAATGTGTTGCCG-1	MouseTMS2	Corneal epithelium	Corneal epithelium	CL:0000575	mouse	NCBITaxon:10090	NCBITaxon:10090	EFO:0030080
MouseTMS2_GACCCAGCACTTGGGC.1	MouseTMS2_GACCCAGCACTTGGGC-1	MouseTMS2	Schwann cell	Schwann cell	CL:0002573	mouse	NCBITaxon:10090	NCBITaxon:10090	EFO:0030080
MouseTMS2_GACCCAGCAGGTTCAT.1	MouseTMS2_GACCCAGCAGGTTCAT-1	MouseTMS2	Melanocyte	Melanocyte	CL:0000148	mouse	NCBITaxon:10090	NCBITaxon:10090	EFO:0030080
MouseTMS2_GACCCTTGTAGTCACT.1	MouseTMS2_GACCCTTGTAGTCACT-1	MouseTMS2	Melanocyte	Melanocyte	CL:0000148	mouse	NCBITaxon:10090	NCBITaxon:10090	EFO:0030080
MouseTMS2_GACCCTTTCGGACTGC.1	MouseTMS2_GACCCTTTCGGACTGC-1	MouseTMS2	Melanocyte	Melanocyte	CL:0000148	mouse	NCBITaxon:10090	NCBITaxon:10090	EFO:0030080
MouseTMS2_GACCCTTTCTTGAACG.1	MouseTMS2_GACCCTTTCTTGAACG-1	MouseTMS2	Melanocyte	Melanocyte	CL:0000148	mouse	NCBITaxon:10090	NCBITaxon:10090	EFO:0030080
MouseTMS2_GACCTTCTCCTGGCTT.1	MouseTMS2_GACCTTCTCCTGGCTT-1	MouseTMS2	NK/T cell	NK/T cell	CL:0000814	mouse	NCBITaxon:10090	NCBITaxon:10090	EFO:0030080
MouseTMS2_GACGTTAAGGCATGCA.1	MouseTMS2_GACGTTAAGGCATGCA-1	MouseTMS2	JCT	JCT	CL:0002320	mouse	NCBITaxon:10090	NCBITaxon:10090	EFO:0030080
MouseTMS2_GACGTTACAGGTTTAC.1	MouseTMS2_GACGTTACAGGTTTAC-1	MouseTMS2	Macrophage	Macrophage	CL:0000235	mouse	NCBITaxon:10090	NCBITaxon:10090	EFO:0030080
MouseTMS2_GACTATGCAATCGAAA.1	MouseTMS2_GACTATGCAATCGAAA-1	MouseTMS2	Macrophage	Macrophage	CL:0000235	mouse	NCBITaxon:10090	NCBITaxon:10090	EFO:0030080
MouseTMS2_GACTATGTCATTTCGT.1	MouseTMS2_GACTATGTCATTTCGT-1	MouseTMS2	Corneal epithelium	Corneal epithelium	CL:0000575	mouse	NCBITaxon:10090	NCBITaxon:10090	EFO:0030080
MouseTMS2_GACTCAAAGCCTAACT.1	MouseTMS2_GACTCAAAGCCTAACT-1	MouseTMS2	Corneal epithelium	Corneal epithelium	CL:0000575	mouse	NCBITaxon:10090	NCBITaxon:10090	EFO:0030080
MouseTMS2_GACTCAAAGCCTTGAT.1	MouseTMS2_GACTCAAAGCCTTGAT-1	MouseTMS2	Melanocyte	Melanocyte	CL:0000148	mouse	NCBITaxon:10090	NCBITaxon:10090	EFO:0030080
MouseTMS2_GACTCAACATCAGTGT.1	MouseTMS2_GACTCAACATCAGTGT-1	MouseTMS2	Macrophage	Macrophage	CL:0000235	mouse	NCBITaxon:10090	NCBITaxon:10090	EFO:0030080
MouseTMS2_GACTCTCTCATACGGT.1	MouseTMS2_GACTCTCTCATACGGT-1	MouseTMS2	Melanocyte	Melanocyte	CL:0000148	mouse	NCBITaxon:10090	NCBITaxon:10090	EFO:0030080
MouseTMS2_GACTGATCAAGTGGAC.1	MouseTMS2_GACTGATCAAGTGGAC-1	MouseTMS2	Pericyte	Pericyte	CL:0000669	mouse	NCBITaxon:10090	NCBITaxon:10090	EFO:0030080
MouseTMS2_GACTTCCAGCCAGAGT.1	MouseTMS2_GACTTCCAGCCAGAGT-1	MouseTMS2	Melanocyte	Melanocyte	CL:0000148	mouse	NCBITaxon:10090	NCBITaxon:10090	EFO:0030080
MouseTMS2_GACTTCCGTTCCTAGA.1	MouseTMS2_GACTTCCGTTCCTAGA-1	MouseTMS2	Melanocyte	Melanocyte	CL:0000148	mouse	NCBITaxon:10090	NCBITaxon:10090	EFO:0030080
MouseTMS2_GAGACCCGTGACACGA.1	MouseTMS2_GAGACCCGTGACACGA-1	MouseTMS2	Melanocyte	Melanocyte	CL:0000148	mouse	NCBITaxon:10090	NCBITaxon:10090	EFO:0030080
MouseTMS2_GAGACCCTCGAGAAAT.1	MouseTMS2_GAGACCCTCGAGAAAT-1	MouseTMS2	Melanocyte	Melanocyte	CL:0000148	mouse	NCBITaxon:10090	NCBITaxon:10090	EFO:0030080
MouseTMS2_GAGACTTCAACCAATC.1	MouseTMS2_GAGACTTCAACCAATC-1	MouseTMS2	Macrophage	Macrophage	CL:0000235	mouse	NCBITaxon:10090	NCBITaxon:10090	EFO:0030080
MouseTMS2_GAGACTTGTCAAAGTA.1	MouseTMS2_GAGACTTGTCAAAGTA-1	MouseTMS2	Melanocyte	Melanocyte	CL:0000148	mouse	NCBITaxon:10090	NCBITaxon:10090	EFO:0030080
MouseTMS2_GAGACTTTCCTAGCCT.1	MouseTMS2_GAGACTTTCCTAGCCT-1	MouseTMS2	Melanocyte	Melanocyte	CL:0000148	mouse	NCBITaxon:10090	NCBITaxon:10090	EFO:0030080
MouseTMS2_GAGAGGTGTAGTGATA.1	MouseTMS2_GAGAGGTGTAGTGATA-1	MouseTMS2	Melanocyte	Melanocyte	CL:0000148	mouse	NCBITaxon:10090	NCBITaxon:10090	EFO:0030080
MouseTMS2_GAGCCTGAGACAGCGT.1	MouseTMS2_GAGCCTGAGACAGCGT-1	MouseTMS2	Melanocyte	Melanocyte	CL:0000148	mouse	NCBITaxon:10090	NCBITaxon:10090	EFO:0030080
MouseTMS2_GAGCCTGAGATCCCGC.1	MouseTMS2_GAGCCTGAGATCCCGC-1	MouseTMS2	JCT	JCT	CL:0002320	mouse	NCBITaxon:10090	NCBITaxon:10090	EFO:0030080
MouseTMS2_GAGCTGCAGACTTCAC.1	MouseTMS2_GAGCTGCAGACTTCAC-1	MouseTMS2	Corneal epithelium	Corneal epithelium	CL:0000575	mouse	NCBITaxon:10090	NCBITaxon:10090	EFO:0030080
MouseTMS2_GAGGCAATCTGCTCTG.1	MouseTMS2_GAGGCAATCTGCTCTG-1	MouseTMS2	Melanocyte	Melanocyte	CL:0000148	mouse	NCBITaxon:10090	NCBITaxon:10090	EFO:0030080
MouseTMS2_GAGGCCTGTCGCTCGA.1	MouseTMS2_GAGGCCTGTCGCTCGA-1	MouseTMS2	Melanocyte	Melanocyte	CL:0000148	mouse	NCBITaxon:10090	NCBITaxon:10090	EFO:0030080
MouseTMS2_GAGGCCTTCAGTCATG.1	MouseTMS2_GAGGCCTTCAGTCATG-1	MouseTMS2	Macrophage	Macrophage	CL:0000235	mouse	NCBITaxon:10090	NCBITaxon:10090	EFO:0030080
MouseTMS2_GAGGGATCAGGCACAA.1	MouseTMS2_GAGGGATCAGGCACAA-1	MouseTMS2	Pericyte	Pericyte	CL:0000669	mouse	NCBITaxon:10090	NCBITaxon:10090	EFO:0030080
MouseTMS2_GAGGGTATCGGCTGTG.1	MouseTMS2_GAGGGTATCGGCTGTG-1	MouseTMS2	Macrophage	Macrophage	CL:0000235	mouse	NCBITaxon:10090	NCBITaxon:10090	EFO:0030080
MouseTMS2_GAGTCATGTGATGAAT.1	MouseTMS2_GAGTCATGTGATGAAT-1	MouseTMS2	JCT	JCT	CL:0002320	mouse	NCBITaxon:10090	NCBITaxon:10090	EFO:0030080
MouseTMS2_GAGTGAGTCAGCCTCT.1	MouseTMS2_GAGTGAGTCAGCCTCT-1	MouseTMS2	Corneal epithelium	Corneal epithelium	CL:0000575	mouse	NCBITaxon:10090	NCBITaxon:10090	EFO:0030080
MouseTMS2_GAGTGTTCAATCAGCT.1	MouseTMS2_GAGTGTTCAATCAGCT-1	MouseTMS2	Macrophage	Macrophage	CL:0000235	mouse	NCBITaxon:10090	NCBITaxon:10090	EFO:0030080
MouseTMS2_GAGTTTGCAAGGGCAT.1	MouseTMS2_GAGTTTGCAAGGGCAT-1	MouseTMS2	Melanocyte	Melanocyte	CL:0000148	mouse	NCBITaxon:10090	NCBITaxon:10090	EFO:0030080
MouseTMS2_GATAGAAGTGGCAGAT.1	MouseTMS2_GATAGAAGTGGCAGAT-1	MouseTMS2	Melanocyte	Melanocyte	CL:0000148	mouse	NCBITaxon:10090	NCBITaxon:10090	EFO:0030080
MouseTMS2_GATAGAATCTGAGTCA.1	MouseTMS2_GATAGAATCTGAGTCA-1	MouseTMS2	Corneal epithelium	Corneal epithelium	CL:0000575	mouse	NCBITaxon:10090	NCBITaxon:10090	EFO:0030080
MouseTMS2_GATAGCTCAAACCGGA.1	MouseTMS2_GATAGCTCAAACCGGA-1	MouseTMS2	Macrophage	Macrophage	CL:0000235	mouse	NCBITaxon:10090	NCBITaxon:10090	EFO:0030080
MouseTMS2_GATAGCTCACATATGC.1	MouseTMS2_GATAGCTCACATATGC-1	MouseTMS2	Melanocyte	Melanocyte	CL:0000148	mouse	NCBITaxon:10090	NCBITaxon:10090	EFO:0030080
MouseTMS2_GATAGCTCACTGCACG.1	MouseTMS2_GATAGCTCACTGCACG-1	MouseTMS2	Melanocyte	Melanocyte	CL:0000148	mouse	NCBITaxon:10090	NCBITaxon:10090	EFO:0030080
MouseTMS2_GATAGCTCAGCCTACG.1	MouseTMS2_GATAGCTCAGCCTACG-1	MouseTMS2	Melanocyte	Melanocyte	CL:0000148	mouse	NCBITaxon:10090	NCBITaxon:10090	EFO:0030080
MouseTMS2_GATCAGTCAAGTGGTG.1	MouseTMS2_GATCAGTCAAGTGGTG-1	MouseTMS2	JCT	JCT	CL:0002320	mouse	NCBITaxon:10090	NCBITaxon:10090	EFO:0030080
MouseTMS2_GATCAGTTCAACTGGT.1	MouseTMS2_GATCAGTTCAACTGGT-1	MouseTMS2	Pericyte	Pericyte	CL:0000669	mouse	NCBITaxon:10090	NCBITaxon:10090	EFO:0030080
MouseTMS2_GATCCCTCAAGCGAGT.1	MouseTMS2_GATCCCTCAAGCGAGT-1	MouseTMS2	Pericyte	Pericyte	CL:0000669	mouse	NCBITaxon:10090	NCBITaxon:10090	EFO:0030080
MouseTMS2_GATCCCTTCTTAGCAG.1	MouseTMS2_GATCCCTTCTTAGCAG-1	MouseTMS2	Ciliary muscle	Ciliary muscle	CL:1000443	mouse	NCBITaxon:10090	NCBITaxon:10090	EFO:0030080
MouseTMS2_GATCGTATCGTTGTGA.1	MouseTMS2_GATCGTATCGTTGTGA-1	MouseTMS2	Corneal epithelium	Corneal epithelium	CL:0000575	mouse	NCBITaxon:10090	NCBITaxon:10090	EFO:0030080
MouseTMS2_GATGAGGCATCTAGAC.1	MouseTMS2_GATGAGGCATCTAGAC-1	MouseTMS2	Corneal epithelium	Corneal epithelium	CL:0000575	mouse	NCBITaxon:10090	NCBITaxon:10090	EFO:0030080
MouseTMS2_GATGAGGTCCGATGCG.1	MouseTMS2_GATGAGGTCCGATGCG-1	MouseTMS2	Macrophage	Macrophage	CL:0000235	mouse	NCBITaxon:10090	NCBITaxon:10090	EFO:0030080
MouseTMS2_GATGAGGTCTAGATCG.1	MouseTMS2_GATGAGGTCTAGATCG-1	MouseTMS2	Melanocyte	Melanocyte	CL:0000148	mouse	NCBITaxon:10090	NCBITaxon:10090	EFO:0030080
MouseTMS2_GATGATCGTTTAGTCG.1	MouseTMS2_GATGATCGTTTAGTCG-1	MouseTMS2	Macrophage	Macrophage	CL:0000235	mouse	NCBITaxon:10090	NCBITaxon:10090	EFO:0030080
MouseTMS2_GATGATCTCAAAGAAC.1	MouseTMS2_GATGATCTCAAAGAAC-1	MouseTMS2	JCT	JCT	CL:0002320	mouse	NCBITaxon:10090	NCBITaxon:10090	EFO:0030080
MouseTMS2_GATGCTACATGAAGGC.1	MouseTMS2_GATGCTACATGAAGGC-1	MouseTMS2	Melanocyte	Melanocyte	CL:0000148	mouse	NCBITaxon:10090	NCBITaxon:10090	EFO:0030080
MouseTMS2_GATGGAGAGGCGAAGG.1	MouseTMS2_GATGGAGAGGCGAAGG-1	MouseTMS2	Macrophage	Macrophage	CL:0000235	mouse	NCBITaxon:10090	NCBITaxon:10090	EFO:0030080
MouseTMS2_GATGGAGAGGTTCCGC.1	MouseTMS2_GATGGAGAGGTTCCGC-1	MouseTMS2	Macrophage	Macrophage	CL:0000235	mouse	NCBITaxon:10090	NCBITaxon:10090	EFO:0030080
MouseTMS2_GATGGAGGTCGTTTCC.1	MouseTMS2_GATGGAGGTCGTTTCC-1	MouseTMS2	Melanocyte	Melanocyte	CL:0000148	mouse	NCBITaxon:10090	NCBITaxon:10090	EFO:0030080
MouseTMS2_GATGGAGTCGAAGGAC.1	MouseTMS2_GATGGAGTCGAAGGAC-1	MouseTMS2	JCT	JCT	CL:0002320	mouse	NCBITaxon:10090	NCBITaxon:10090	EFO:0030080
MouseTMS2_GATTCGATCCTGGGTG.1	MouseTMS2_GATTCGATCCTGGGTG-1	MouseTMS2	Melanocyte	Melanocyte	CL:0000148	mouse	NCBITaxon:10090	NCBITaxon:10090	EFO:0030080
MouseTMS2_GATTCTTAGTACAACA.1	MouseTMS2_GATTCTTAGTACAACA-1	MouseTMS2	Pericyte	Pericyte	CL:0000669	mouse	NCBITaxon:10090	NCBITaxon:10090	EFO:0030080
MouseTMS2_GATTGGTGTGAATGAT.1	MouseTMS2_GATTGGTGTGAATGAT-1	MouseTMS2	Macrophage	Macrophage	CL:0000235	mouse	NCBITaxon:10090	NCBITaxon:10090	EFO:0030080
MouseTMS2_GATTTCTCACGAGAAC.1	MouseTMS2_GATTTCTCACGAGAAC-1	MouseTMS2	Macrophage	Macrophage	CL:0000235	mouse	NCBITaxon:10090	NCBITaxon:10090	EFO:0030080
MouseTMS2_GCAACATCAAACCATC.1	MouseTMS2_GCAACATCAAACCATC-1	MouseTMS2	Melanocyte	Melanocyte	CL:0000148	mouse	NCBITaxon:10090	NCBITaxon:10090	EFO:0030080
MouseTMS2_GCAACATGTATTCTCT.1	MouseTMS2_GCAACATGTATTCTCT-1	MouseTMS2	Pericyte	Pericyte	CL:0000669	mouse	NCBITaxon:10090	NCBITaxon:10090	EFO:0030080
MouseTMS2_GCACATATCATCCTAT.1	MouseTMS2_GCACATATCATCCTAT-1	MouseTMS2	Melanocyte	Melanocyte	CL:0000148	mouse	NCBITaxon:10090	NCBITaxon:10090	EFO:0030080
MouseTMS2_GCACATATCCATAGGT.1	MouseTMS2_GCACATATCCATAGGT-1	MouseTMS2	Pericyte	Pericyte	CL:0000669	mouse	NCBITaxon:10090	NCBITaxon:10090	EFO:0030080
MouseTMS2_GCACGGTAGCGGGTTA.1	MouseTMS2_GCACGGTAGCGGGTTA-1	MouseTMS2	Macrophage	Macrophage	CL:0000235	mouse	NCBITaxon:10090	NCBITaxon:10090	EFO:0030080
MouseTMS2_GCACGTGCAAGAATGT.1	MouseTMS2_GCACGTGCAAGAATGT-1	MouseTMS2	Macrophage	Macrophage	CL:0000235	mouse	NCBITaxon:10090	NCBITaxon:10090	EFO:0030080
MouseTMS2_GCACTAACAGTATTCG.1	MouseTMS2_GCACTAACAGTATTCG-1	MouseTMS2	Macrophage	Macrophage	CL:0000235	mouse	NCBITaxon:10090	NCBITaxon:10090	EFO:0030080
MouseTMS2_GCACTAATCGCTGTCT.1	MouseTMS2_GCACTAATCGCTGTCT-1	MouseTMS2	Corneal epithelium	Corneal epithelium	CL:0000575	mouse	NCBITaxon:10090	NCBITaxon:10090	EFO:0030080
MouseTMS2_GCAGCTGGTCAGCTTA.1	MouseTMS2_GCAGCTGGTCAGCTTA-1	MouseTMS2	Melanocyte	Melanocyte	CL:0000148	mouse	NCBITaxon:10090	NCBITaxon:10090	EFO:0030080
MouseTMS2_GCAGTTAAGGTCGAGT.1	MouseTMS2_GCAGTTAAGGTCGAGT-1	MouseTMS2	Melanocyte	Melanocyte	CL:0000148	mouse	NCBITaxon:10090	NCBITaxon:10090	EFO:0030080
MouseTMS2_GCAGTTACATTCTCTA.1	MouseTMS2_GCAGTTACATTCTCTA-1	MouseTMS2	JCT	JCT	CL:0002320	mouse	NCBITaxon:10090	NCBITaxon:10090	EFO:0030080
MouseTMS2_GCAGTTATCTCGCGTT.1	MouseTMS2_GCAGTTATCTCGCGTT-1	MouseTMS2	Macrophage	Macrophage	CL:0000235	mouse	NCBITaxon:10090	NCBITaxon:10090	EFO:0030080
MouseTMS2_GCATCGGAGTTGTCGT.1	MouseTMS2_GCATCGGAGTTGTCGT-1	MouseTMS2	Macrophage	Macrophage	CL:0000235	mouse	NCBITaxon:10090	NCBITaxon:10090	EFO:0030080
MouseTMS2_GCATCTCCATGTTACG.1	MouseTMS2_GCATCTCCATGTTACG-1	MouseTMS2	Melanocyte	Melanocyte	CL:0000148	mouse	NCBITaxon:10090	NCBITaxon:10090	EFO:0030080
MouseTMS2_GCATCTCTCCCAGGAC.1	MouseTMS2_GCATCTCTCCCAGGAC-1	MouseTMS2	Melanocyte	Melanocyte	CL:0000148	mouse	NCBITaxon:10090	NCBITaxon:10090	EFO:0030080
MouseTMS2_GCATTAGGTGTTCCAA.1	MouseTMS2_GCATTAGGTGTTCCAA-1	MouseTMS2	Corneal epithelium	Corneal epithelium	CL:0000575	mouse	NCBITaxon:10090	NCBITaxon:10090	EFO:0030080
MouseTMS2_GCCAACGGTGCTATTG.1	MouseTMS2_GCCAACGGTGCTATTG-1	MouseTMS2	Corneal epithelium	Corneal epithelium	CL:0000575	mouse	NCBITaxon:10090	NCBITaxon:10090	EFO:0030080
MouseTMS2_GCCAGCAGTCATACCA.1	MouseTMS2_GCCAGCAGTCATACCA-1	MouseTMS2	Melanocyte	Melanocyte	CL:0000148	mouse	NCBITaxon:10090	NCBITaxon:10090	EFO:0030080
MouseTMS2_GCCAGGTAGAGATCGC.1	MouseTMS2_GCCAGGTAGAGATCGC-1	MouseTMS2	Corneal epithelium	Corneal epithelium	CL:0000575	mouse	NCBITaxon:10090	NCBITaxon:10090	EFO:0030080
MouseTMS2_GCCATGGGTCGTGCCA.1	MouseTMS2_GCCATGGGTCGTGCCA-1	MouseTMS2	Melanocyte	Melanocyte	CL:0000148	mouse	NCBITaxon:10090	NCBITaxon:10090	EFO:0030080
MouseTMS2_GCCATGGGTGGCATCC.1	MouseTMS2_GCCATGGGTGGCATCC-1	MouseTMS2	Melanocyte	Melanocyte	CL:0000148	mouse	NCBITaxon:10090	NCBITaxon:10090	EFO:0030080
MouseTMS2_GCCATGGTCTTACCGC.1	MouseTMS2_GCCATGGTCTTACCGC-1	MouseTMS2	Macrophage	Macrophage	CL:0000235	mouse	NCBITaxon:10090	NCBITaxon:10090	EFO:0030080
MouseTMS2_GCCCGAAAGGTGCAGT.1	MouseTMS2_GCCCGAAAGGTGCAGT-1	MouseTMS2	Pericyte	Pericyte	CL:0000669	mouse	NCBITaxon:10090	NCBITaxon:10090	EFO:0030080
MouseTMS2_GCCGATGCATAACTCG.1	MouseTMS2_GCCGATGCATAACTCG-1	MouseTMS2	Corneal epithelium	Corneal epithelium	CL:0000575	mouse	NCBITaxon:10090	NCBITaxon:10090	EFO:0030080
MouseTMS2_GCCGATGTCGCCGTGA.1	MouseTMS2_GCCGATGTCGCCGTGA-1	MouseTMS2	Macrophage	Macrophage	CL:0000235	mouse	NCBITaxon:10090	NCBITaxon:10090	EFO:0030080
MouseTMS2_GCCGTGAGTTAGAGAT.1	MouseTMS2_GCCGTGAGTTAGAGAT-1	MouseTMS2	Melanocyte	Melanocyte	CL:0000148	mouse	NCBITaxon:10090	NCBITaxon:10090	EFO:0030080
MouseTMS2_GCCTGTTAGTCACACT.1	MouseTMS2_GCCTGTTAGTCACACT-1	MouseTMS2	Macrophage	Macrophage	CL:0000235	mouse	NCBITaxon:10090	NCBITaxon:10090	EFO:0030080
MouseTMS2_GCGATCGCAACCCTCT.1	MouseTMS2_GCGATCGCAACCCTCT-1	MouseTMS2	Corneal epithelium	Corneal epithelium	CL:0000575	mouse	NCBITaxon:10090	NCBITaxon:10090	EFO:0030080
MouseTMS2_GCGATCGCAACTGTGT.1	MouseTMS2_GCGATCGCAACTGTGT-1	MouseTMS2	Melanocyte	Melanocyte	CL:0000148	mouse	NCBITaxon:10090	NCBITaxon:10090	EFO:0030080
MouseTMS2_GCGATCGGTGTTTGCA.1	MouseTMS2_GCGATCGGTGTTTGCA-1	MouseTMS2	Melanocyte	Melanocyte	CL:0000148	mouse	NCBITaxon:10090	NCBITaxon:10090	EFO:0030080
MouseTMS2_GCGGAAAGTCTCGCGA.1	MouseTMS2_GCGGAAAGTCTCGCGA-1	MouseTMS2	Melanocyte	Melanocyte	CL:0000148	mouse	NCBITaxon:10090	NCBITaxon:10090	EFO:0030080
MouseTMS2_GCGGATCAGCCAAGTG.1	MouseTMS2_GCGGATCAGCCAAGTG-1	MouseTMS2	Melanocyte	Melanocyte	CL:0000148	mouse	NCBITaxon:10090	NCBITaxon:10090	EFO:0030080
MouseTMS2_GCGTGCAAGGCAGGGA.1	MouseTMS2_GCGTGCAAGGCAGGGA-1	MouseTMS2	Melanocyte	Melanocyte	CL:0000148	mouse	NCBITaxon:10090	NCBITaxon:10090	EFO:0030080
MouseTMS2_GCGTGCACATGCGGTC.1	MouseTMS2_GCGTGCACATGCGGTC-1	MouseTMS2	Macrophage	Macrophage	CL:0000235	mouse	NCBITaxon:10090	NCBITaxon:10090	EFO:0030080
MouseTMS2_GCGTGCAGTACCGCGT.1	MouseTMS2_GCGTGCAGTACCGCGT-1	MouseTMS2	Corneal epithelium	Corneal epithelium	CL:0000575	mouse	NCBITaxon:10090	NCBITaxon:10090	EFO:0030080
MouseTMS2_GCTACAATCTCGGTAA.1	MouseTMS2_GCTACAATCTCGGTAA-1	MouseTMS2	Melanocyte	Melanocyte	CL:0000148	mouse	NCBITaxon:10090	NCBITaxon:10090	EFO:0030080
MouseTMS2_GCTACCTTCTTCACAT.1	MouseTMS2_GCTACCTTCTTCACAT-1	MouseTMS2	Macrophage	Macrophage	CL:0000235	mouse	NCBITaxon:10090	NCBITaxon:10090	EFO:0030080
MouseTMS2_GCTGAATAGATGCTAA.1	MouseTMS2_GCTGAATAGATGCTAA-1	MouseTMS2	Melanocyte	Melanocyte	CL:0000148	mouse	NCBITaxon:10090	NCBITaxon:10090	EFO:0030080
MouseTMS2_GCTGCAGGTACAGAGC.1	MouseTMS2_GCTGCAGGTACAGAGC-1	MouseTMS2	Schwann cell	Schwann cell	CL:0002573	mouse	NCBITaxon:10090	NCBITaxon:10090	EFO:0030080
MouseTMS2_GCTGGGTAGGTCCAGA.1	MouseTMS2_GCTGGGTAGGTCCAGA-1	MouseTMS2	JCT	JCT	CL:0002320	mouse	NCBITaxon:10090	NCBITaxon:10090	EFO:0030080
MouseTMS2_GCTTGGGCATGCCATA.1	MouseTMS2_GCTTGGGCATGCCATA-1	MouseTMS2	JCT	JCT	CL:0002320	mouse	NCBITaxon:10090	NCBITaxon:10090	EFO:0030080
MouseTMS2_GGAACCCTCCAATCCC.1	MouseTMS2_GGAACCCTCCAATCCC-1	MouseTMS2	Corneal epithelium	Corneal epithelium	CL:0000575	mouse	NCBITaxon:10090	NCBITaxon:10090	EFO:0030080
MouseTMS2_GGAATCTCAAATAGCA.1	MouseTMS2_GGAATCTCAAATAGCA-1	MouseTMS2	JCT	JCT	CL:0002320	mouse	NCBITaxon:10090	NCBITaxon:10090	EFO:0030080
MouseTMS2_GGAATCTCACCGAATT.1	MouseTMS2_GGAATCTCACCGAATT-1	MouseTMS2	Macrophage	Macrophage	CL:0000235	mouse	NCBITaxon:10090	NCBITaxon:10090	EFO:0030080
MouseTMS2_GGAATCTGTAGACGGT.1	MouseTMS2_GGAATCTGTAGACGGT-1	MouseTMS2	JCT	JCT	CL:0002320	mouse	NCBITaxon:10090	NCBITaxon:10090	EFO:0030080
MouseTMS2_GGAATGGAGAGCACTG.1	MouseTMS2_GGAATGGAGAGCACTG-1	MouseTMS2	Macrophage	Macrophage	CL:0000235	mouse	NCBITaxon:10090	NCBITaxon:10090	EFO:0030080
MouseTMS2_GGAATGGAGCTCCATA.1	MouseTMS2_GGAATGGAGCTCCATA-1	MouseTMS2	Beam A	Beam A	CL:0000327	mouse	NCBITaxon:10090	NCBITaxon:10090	EFO:0030080
MouseTMS2_GGACGTCAGGTGAGCT.1	MouseTMS2_GGACGTCAGGTGAGCT-1	MouseTMS2	Melanocyte	Melanocyte	CL:0000148	mouse	NCBITaxon:10090	NCBITaxon:10090	EFO:0030080
MouseTMS2_GGACGTCCACGACGTC.1	MouseTMS2_GGACGTCCACGACGTC-1	MouseTMS2	Melanocyte	Melanocyte	CL:0000148	mouse	NCBITaxon:10090	NCBITaxon:10090	EFO:0030080
MouseTMS2_GGACGTCCATTGCCTC.1	MouseTMS2_GGACGTCCATTGCCTC-1	MouseTMS2	Corneal epithelium	Corneal epithelium	CL:0000575	mouse	NCBITaxon:10090	NCBITaxon:10090	EFO:0030080
MouseTMS2_GGACGTCGTCGTTATG.1	MouseTMS2_GGACGTCGTCGTTATG-1	MouseTMS2	Melanocyte	Melanocyte	CL:0000148	mouse	NCBITaxon:10090	NCBITaxon:10090	EFO:0030080
MouseTMS2_GGAGAACGTCCAAGAG.1	MouseTMS2_GGAGAACGTCCAAGAG-1	MouseTMS2	Melanocyte	Melanocyte	CL:0000148	mouse	NCBITaxon:10090	NCBITaxon:10090	EFO:0030080
MouseTMS2_GGAGATGCATGACAGG.1	MouseTMS2_GGAGATGCATGACAGG-1	MouseTMS2	JCT	JCT	CL:0002320	mouse	NCBITaxon:10090	NCBITaxon:10090	EFO:0030080
MouseTMS2_GGAGATGGTCTTGTCC.1	MouseTMS2_GGAGATGGTCTTGTCC-1	MouseTMS2	Melanocyte	Melanocyte	CL:0000148	mouse	NCBITaxon:10090	NCBITaxon:10090	EFO:0030080
MouseTMS2_GGAGCAACATCCGTGG.1	MouseTMS2_GGAGCAACATCCGTGG-1	MouseTMS2	Schwann cell	Schwann cell	CL:0002573	mouse	NCBITaxon:10090	NCBITaxon:10090	EFO:0030080
MouseTMS2_GGAGCAAGTCTACTGA.1	MouseTMS2_GGAGCAAGTCTACTGA-1	MouseTMS2	Pericyte	Pericyte	CL:0000669	mouse	NCBITaxon:10090	NCBITaxon:10090	EFO:0030080
MouseTMS2_GGCACGTTCACCTGGG.1	MouseTMS2_GGCACGTTCACCTGGG-1	MouseTMS2	Melanocyte	Melanocyte	CL:0000148	mouse	NCBITaxon:10090	NCBITaxon:10090	EFO:0030080
MouseTMS2_GGCGTCACAACGGTAG.1	MouseTMS2_GGCGTCACAACGGTAG-1	MouseTMS2	Melanocyte	Melanocyte	CL:0000148	mouse	NCBITaxon:10090	NCBITaxon:10090	EFO:0030080
MouseTMS2_GGCTGTGAGCCTGTCG.1	MouseTMS2_GGCTGTGAGCCTGTCG-1	MouseTMS2	Corneal epithelium	Corneal epithelium	CL:0000575	mouse	NCBITaxon:10090	NCBITaxon:10090	EFO:0030080
MouseTMS2_GGCTGTGTCGGCTGTG.1	MouseTMS2_GGCTGTGTCGGCTGTG-1	MouseTMS2	Melanocyte	Melanocyte	CL:0000148	mouse	NCBITaxon:10090	NCBITaxon:10090	EFO:0030080
MouseTMS2_GGGACAAGTATACCTG.1	MouseTMS2_GGGACAAGTATACCTG-1	MouseTMS2	Melanocyte	Melanocyte	CL:0000148	mouse	NCBITaxon:10090	NCBITaxon:10090	EFO:0030080
MouseTMS2_GGGACCTCAAATACGA.1	MouseTMS2_GGGACCTCAAATACGA-1	MouseTMS2	Melanocyte	Melanocyte	CL:0000148	mouse	NCBITaxon:10090	NCBITaxon:10090	EFO:0030080
MouseTMS2_GGGATCCTCATGTCTT.1	MouseTMS2_GGGATCCTCATGTCTT-1	MouseTMS2	Melanocyte	Melanocyte	CL:0000148	mouse	NCBITaxon:10090	NCBITaxon:10090	EFO:0030080
MouseTMS2_GGGATCCTCATTTACC.1	MouseTMS2_GGGATCCTCATTTACC-1	MouseTMS2	Schwann cell	Schwann cell	CL:0002573	mouse	NCBITaxon:10090	NCBITaxon:10090	EFO:0030080
MouseTMS2_GGGCCATGTCTGATAC.1	MouseTMS2_GGGCCATGTCTGATAC-1	MouseTMS2	Macrophage	Macrophage	CL:0000235	mouse	NCBITaxon:10090	NCBITaxon:10090	EFO:0030080
MouseTMS2_GGGCGTTCAGTGTATC.1	MouseTMS2_GGGCGTTCAGTGTATC-1	MouseTMS2	JCT	JCT	CL:0002320	mouse	NCBITaxon:10090	NCBITaxon:10090	EFO:0030080
MouseTMS2_GGGCGTTCATAGAATG.1	MouseTMS2_GGGCGTTCATAGAATG-1	MouseTMS2	NK/T cell	NK/T cell	CL:0000814	mouse	NCBITaxon:10090	NCBITaxon:10090	EFO:0030080
MouseTMS2_GGGCTACAGCTCGTGC.1	MouseTMS2_GGGCTACAGCTCGTGC-1	MouseTMS2	Macrophage	Macrophage	CL:0000235	mouse	NCBITaxon:10090	NCBITaxon:10090	EFO:0030080
MouseTMS2_GGGCTACCAGATCATC.1	MouseTMS2_GGGCTACCAGATCATC-1	MouseTMS2	Melanocyte	Melanocyte	CL:0000148	mouse	NCBITaxon:10090	NCBITaxon:10090	EFO:0030080
MouseTMS2_GGGCTACCAGGCTATT.1	MouseTMS2_GGGCTACCAGGCTATT-1	MouseTMS2	Corneal epithelium	Corneal epithelium	CL:0000575	mouse	NCBITaxon:10090	NCBITaxon:10090	EFO:0030080
MouseTMS2_GGGCTACTCGTAGTCA.1	MouseTMS2_GGGCTACTCGTAGTCA-1	MouseTMS2	Melanocyte	Melanocyte	CL:0000148	mouse	NCBITaxon:10090	NCBITaxon:10090	EFO:0030080
MouseTMS2_GGGCTCAAGGCTGGAT.1	MouseTMS2_GGGCTCAAGGCTGGAT-1	MouseTMS2	JCT	JCT	CL:0002320	mouse	NCBITaxon:10090	NCBITaxon:10090	EFO:0030080
MouseTMS2_GGGCTCACAGGTGTTT.1	MouseTMS2_GGGCTCACAGGTGTTT-1	MouseTMS2	Melanocyte	Melanocyte	CL:0000148	mouse	NCBITaxon:10090	NCBITaxon:10090	EFO:0030080
MouseTMS2_GGGCTCATCGGTCAGC.1	MouseTMS2_GGGCTCATCGGTCAGC-1	MouseTMS2	Macrophage	Macrophage	CL:0000235	mouse	NCBITaxon:10090	NCBITaxon:10090	EFO:0030080
MouseTMS2_GGGCTCATCTCGTGGG.1	MouseTMS2_GGGCTCATCTCGTGGG-1	MouseTMS2	Macrophage	Macrophage	CL:0000235	mouse	NCBITaxon:10090	NCBITaxon:10090	EFO:0030080
MouseTMS2_GGGTAGACAGAGATGC.1	MouseTMS2_GGGTAGACAGAGATGC-1	MouseTMS2	Melanocyte	Melanocyte	CL:0000148	mouse	NCBITaxon:10090	NCBITaxon:10090	EFO:0030080
MouseTMS2_GGGTAGAGTATGGTAA.1	MouseTMS2_GGGTAGAGTATGGTAA-1	MouseTMS2	SChlemm's Canal	SChlemm's Canal	CL:0000115	mouse	NCBITaxon:10090	NCBITaxon:10090	EFO:0030080
MouseTMS2_GGGTATTAGTGGTTAA.1	MouseTMS2_GGGTATTAGTGGTTAA-1	MouseTMS2	Corneal epithelium	Corneal epithelium	CL:0000575	mouse	NCBITaxon:10090	NCBITaxon:10090	EFO:0030080
MouseTMS2_GGGTATTGTATCAAGA.1	MouseTMS2_GGGTATTGTATCAAGA-1	MouseTMS2	Macrophage	Macrophage	CL:0000235	mouse	NCBITaxon:10090	NCBITaxon:10090	EFO:0030080
MouseTMS2_GGGTATTTCCCGTTCA.1	MouseTMS2_GGGTATTTCCCGTTCA-1	MouseTMS2	Corneal epithelium	Corneal epithelium	CL:0000575	mouse	NCBITaxon:10090	NCBITaxon:10090	EFO:0030080
MouseTMS2_GGGTATTTCCGTGGCA.1	MouseTMS2_GGGTATTTCCGTGGCA-1	MouseTMS2	JCT	JCT	CL:0002320	mouse	NCBITaxon:10090	NCBITaxon:10090	EFO:0030080
MouseTMS2_GGGTCACGTTCTTCAT.1	MouseTMS2_GGGTCACGTTCTTCAT-1	MouseTMS2	Macrophage	Macrophage	CL:0000235	mouse	NCBITaxon:10090	NCBITaxon:10090	EFO:0030080
MouseTMS2_GGGTCACTCAATGTCG.1	MouseTMS2_GGGTCACTCAATGTCG-1	MouseTMS2	Melanocyte	Melanocyte	CL:0000148	mouse	NCBITaxon:10090	NCBITaxon:10090	EFO:0030080
MouseTMS2_GGGTCTGCATCTCAAG.1	MouseTMS2_GGGTCTGCATCTCAAG-1	MouseTMS2	NK/T cell	NK/T cell	CL:0000814	mouse	NCBITaxon:10090	NCBITaxon:10090	EFO:0030080
MouseTMS2_GGGTGAAGTTCAAAGA.1	MouseTMS2_GGGTGAAGTTCAAAGA-1	MouseTMS2	Schwann cell	Schwann cell	CL:0002573	mouse	NCBITaxon:10090	NCBITaxon:10090	EFO:0030080
MouseTMS2_GGGTGAATCTAAGGAA.1	MouseTMS2_GGGTGAATCTAAGGAA-1	MouseTMS2	Macrophage	Macrophage	CL:0000235	mouse	NCBITaxon:10090	NCBITaxon:10090	EFO:0030080
MouseTMS2_GGGTGTCGTGTGGACA.1	MouseTMS2_GGGTGTCGTGTGGACA-1	MouseTMS2	Macrophage	Macrophage	CL:0000235	mouse	NCBITaxon:10090	NCBITaxon:10090	EFO:0030080
MouseTMS2_GGGTTATAGGCGATAC.1	MouseTMS2_GGGTTATAGGCGATAC-1	MouseTMS2	Melanocyte	Melanocyte	CL:0000148	mouse	NCBITaxon:10090	NCBITaxon:10090	EFO:0030080
MouseTMS2_GGGTTATAGGTCTTTG.1	MouseTMS2_GGGTTATAGGTCTTTG-1	MouseTMS2	NK/T cell	NK/T cell	CL:0000814	mouse	NCBITaxon:10090	NCBITaxon:10090	EFO:0030080
MouseTMS2_GGGTTATTCTTGTTAC.1	MouseTMS2_GGGTTATTCTTGTTAC-1	MouseTMS2	Ciliary muscle	Ciliary muscle	CL:1000443	mouse	NCBITaxon:10090	NCBITaxon:10090	EFO:0030080
MouseTMS2_GGGTTTATCAATCCAG.1	MouseTMS2_GGGTTTATCAATCCAG-1	MouseTMS2	Macrophage	Macrophage	CL:0000235	mouse	NCBITaxon:10090	NCBITaxon:10090	EFO:0030080
MouseTMS2_GGTAACTCAGAGTCAG.1	MouseTMS2_GGTAACTCAGAGTCAG-1	MouseTMS2	NK/T cell	NK/T cell	CL:0000814	mouse	NCBITaxon:10090	NCBITaxon:10090	EFO:0030080
MouseTMS2_GGTAACTGTTCTTGTT.1	MouseTMS2_GGTAACTGTTCTTGTT-1	MouseTMS2	Macrophage	Macrophage	CL:0000235	mouse	NCBITaxon:10090	NCBITaxon:10090	EFO:0030080
MouseTMS2_GGTAACTTCCAGGACC.1	MouseTMS2_GGTAACTTCCAGGACC-1	MouseTMS2	Macrophage	Macrophage	CL:0000235	mouse	NCBITaxon:10090	NCBITaxon:10090	EFO:0030080
MouseTMS2_GGTAATCGTACGATCT.1	MouseTMS2_GGTAATCGTACGATCT-1	MouseTMS2	JCT	JCT	CL:0002320	mouse	NCBITaxon:10090	NCBITaxon:10090	EFO:0030080
MouseTMS2_GGTCACGGTGGCGTAA.1	MouseTMS2_GGTCACGGTGGCGTAA-1	MouseTMS2	Pericyte	Pericyte	CL:0000669	mouse	NCBITaxon:10090	NCBITaxon:10090	EFO:0030080
MouseTMS2_GGTCACGTCTACTGAG.1	MouseTMS2_GGTCACGTCTACTGAG-1	MouseTMS2	Macrophage	Macrophage	CL:0000235	mouse	NCBITaxon:10090	NCBITaxon:10090	EFO:0030080
MouseTMS2_GGTCACGTCTACTTCA.1	MouseTMS2_GGTCACGTCTACTTCA-1	MouseTMS2	JCT	JCT	CL:0002320	mouse	NCBITaxon:10090	NCBITaxon:10090	EFO:0030080
MouseTMS2_GGTCTGGGTGAGTAGC.1	MouseTMS2_GGTCTGGGTGAGTAGC-1	MouseTMS2	Melanocyte	Melanocyte	CL:0000148	mouse	NCBITaxon:10090	NCBITaxon:10090	EFO:0030080
MouseTMS2_GGTCTGGTCATTACCT.1	MouseTMS2_GGTCTGGTCATTACCT-1	MouseTMS2	Melanocyte	Melanocyte	CL:0000148	mouse	NCBITaxon:10090	NCBITaxon:10090	EFO:0030080
MouseTMS2_GGTGAAGAGAGTTGTA.1	MouseTMS2_GGTGAAGAGAGTTGTA-1	MouseTMS2	Macrophage	Macrophage	CL:0000235	mouse	NCBITaxon:10090	NCBITaxon:10090	EFO:0030080
MouseTMS2_GGTGAAGGTAGTGCGA.1	MouseTMS2_GGTGAAGGTAGTGCGA-1	MouseTMS2	JCT	JCT	CL:0002320	mouse	NCBITaxon:10090	NCBITaxon:10090	EFO:0030080
MouseTMS2_GGTGAAGTCCACTTTA.1	MouseTMS2_GGTGAAGTCCACTTTA-1	MouseTMS2	Macrophage	Macrophage	CL:0000235	mouse	NCBITaxon:10090	NCBITaxon:10090	EFO:0030080
MouseTMS2_GGTGGCTTCCGTATAG.1	MouseTMS2_GGTGGCTTCCGTATAG-1	MouseTMS2	Macrophage	Macrophage	CL:0000235	mouse	NCBITaxon:10090	NCBITaxon:10090	EFO:0030080
MouseTMS2_GGTTAACAGTGAACAT.1	MouseTMS2_GGTTAACAGTGAACAT-1	MouseTMS2	JCT	JCT	CL:0002320	mouse	NCBITaxon:10090	NCBITaxon:10090	EFO:0030080
MouseTMS2_GGTTAACCAAATTGGA.1	MouseTMS2_GGTTAACCAAATTGGA-1	MouseTMS2	Corneal epithelium	Corneal epithelium	CL:0000575	mouse	NCBITaxon:10090	NCBITaxon:10090	EFO:0030080
MouseTMS2_GGTTCTCAGGTTAGTA.1	MouseTMS2_GGTTCTCAGGTTAGTA-1	MouseTMS2	JCT	JCT	CL:0002320	mouse	NCBITaxon:10090	NCBITaxon:10090	EFO:0030080
MouseTMS2_GGTTCTCAGTGGCGAT.1	MouseTMS2_GGTTCTCAGTGGCGAT-1	MouseTMS2	Melanocyte	Melanocyte	CL:0000148	mouse	NCBITaxon:10090	NCBITaxon:10090	EFO:0030080
MouseTMS2_GGTTCTCCACTGCATA.1	MouseTMS2_GGTTCTCCACTGCATA-1	MouseTMS2	Beam A	Beam A	CL:0000327	mouse	NCBITaxon:10090	NCBITaxon:10090	EFO:0030080
MouseTMS2_GGTTCTCTCTCCGCAT.1	MouseTMS2_GGTTCTCTCTCCGCAT-1	MouseTMS2	Macrophage	Macrophage	CL:0000235	mouse	NCBITaxon:10090	NCBITaxon:10090	EFO:0030080
MouseTMS2_GTAACACTCGGTCAGC.1	MouseTMS2_GTAACACTCGGTCAGC-1	MouseTMS2	Macrophage	Macrophage	CL:0000235	mouse	NCBITaxon:10090	NCBITaxon:10090	EFO:0030080
MouseTMS2_GTAACACTCTATGTGG.1	MouseTMS2_GTAACACTCTATGTGG-1	MouseTMS2	Melanocyte	Melanocyte	CL:0000148	mouse	NCBITaxon:10090	NCBITaxon:10090	EFO:0030080
MouseTMS2_GTAACCAAGCATCCCG.1	MouseTMS2_GTAACCAAGCATCCCG-1	MouseTMS2	Macrophage	Macrophage	CL:0000235	mouse	NCBITaxon:10090	NCBITaxon:10090	EFO:0030080
MouseTMS2_GTAACCATCGACCAAT.1	MouseTMS2_GTAACCATCGACCAAT-1	MouseTMS2	Corneal epithelium	Corneal epithelium	CL:0000575	mouse	NCBITaxon:10090	NCBITaxon:10090	EFO:0030080
MouseTMS2_GTAAGTCAGCACCGTC.1	MouseTMS2_GTAAGTCAGCACCGTC-1	MouseTMS2	Corneal epithelium	Corneal epithelium	CL:0000575	mouse	NCBITaxon:10090	NCBITaxon:10090	EFO:0030080
MouseTMS2_GTAAGTCGTAGGAAAG.1	MouseTMS2_GTAAGTCGTAGGAAAG-1	MouseTMS2	Melanocyte	Melanocyte	CL:0000148	mouse	NCBITaxon:10090	NCBITaxon:10090	EFO:0030080
MouseTMS2_GTAAGTCGTGCTATTG.1	MouseTMS2_GTAAGTCGTGCTATTG-1	MouseTMS2	Macrophage	Macrophage	CL:0000235	mouse	NCBITaxon:10090	NCBITaxon:10090	EFO:0030080
MouseTMS2_GTAATCGAGTGAGGTC.1	MouseTMS2_GTAATCGAGTGAGGTC-1	MouseTMS2	Melanocyte	Melanocyte	CL:0000148	mouse	NCBITaxon:10090	NCBITaxon:10090	EFO:0030080
MouseTMS2_GTAATGCCACTATCCC.1	MouseTMS2_GTAATGCCACTATCCC-1	MouseTMS2	Beam A	Beam A	CL:0000327	mouse	NCBITaxon:10090	NCBITaxon:10090	EFO:0030080
MouseTMS2_GTACAGTAGCACTTTG.1	MouseTMS2_GTACAGTAGCACTTTG-1	MouseTMS2	Macrophage	Macrophage	CL:0000235	mouse	NCBITaxon:10090	NCBITaxon:10090	EFO:0030080
MouseTMS2_GTACAGTCACAAGCCC.1	MouseTMS2_GTACAGTCACAAGCCC-1	MouseTMS2	Macrophage	Macrophage	CL:0000235	mouse	NCBITaxon:10090	NCBITaxon:10090	EFO:0030080
MouseTMS2_GTAGAAACACGATTCA.1	MouseTMS2_GTAGAAACACGATTCA-1	MouseTMS2	Corneal epithelium	Corneal epithelium	CL:0000575	mouse	NCBITaxon:10090	NCBITaxon:10090	EFO:0030080
MouseTMS2_GTAGAGGCAAGTGATA.1	MouseTMS2_GTAGAGGCAAGTGATA-1	MouseTMS2	Macrophage	Macrophage	CL:0000235	mouse	NCBITaxon:10090	NCBITaxon:10090	EFO:0030080
MouseTMS2_GTAGATCGTTCTGAGT.1	MouseTMS2_GTAGATCGTTCTGAGT-1	MouseTMS2	Schwann cell	Schwann cell	CL:0002573	mouse	NCBITaxon:10090	NCBITaxon:10090	EFO:0030080
MouseTMS2_GTAGGAGTCAACTTTC.1	MouseTMS2_GTAGGAGTCAACTTTC-1	MouseTMS2	Melanocyte	Melanocyte	CL:0000148	mouse	NCBITaxon:10090	NCBITaxon:10090	EFO:0030080
MouseTMS2_GTAGGAGTCATTTGGG.1	MouseTMS2_GTAGGAGTCATTTGGG-1	MouseTMS2	Corneal epithelium	Corneal epithelium	CL:0000575	mouse	NCBITaxon:10090	NCBITaxon:10090	EFO:0030080
MouseTMS2_GTAGGAGTCTAGTTCT.1	MouseTMS2_GTAGGAGTCTAGTTCT-1	MouseTMS2	Macrophage	Macrophage	CL:0000235	mouse	NCBITaxon:10090	NCBITaxon:10090	EFO:0030080
MouseTMS2_GTAGGTTCACTGCGTG.1	MouseTMS2_GTAGGTTCACTGCGTG-1	MouseTMS2	Melanocyte	Melanocyte	CL:0000148	mouse	NCBITaxon:10090	NCBITaxon:10090	EFO:0030080
MouseTMS2_GTAGTACAGGCCACTC.1	MouseTMS2_GTAGTACAGGCCACTC-1	MouseTMS2	Corneal epithelium	Corneal epithelium	CL:0000575	mouse	NCBITaxon:10090	NCBITaxon:10090	EFO:0030080
MouseTMS2_GTATTGGGTCGCATCG.1	MouseTMS2_GTATTGGGTCGCATCG-1	MouseTMS2	Melanocyte	Melanocyte	CL:0000148	mouse	NCBITaxon:10090	NCBITaxon:10090	EFO:0030080
MouseTMS2_GTATTTCCACAATTCG.1	MouseTMS2_GTATTTCCACAATTCG-1	MouseTMS2	Corneal epithelium	Corneal epithelium	CL:0000575	mouse	NCBITaxon:10090	NCBITaxon:10090	EFO:0030080
MouseTMS2_GTATTTCCACATCATG.1	MouseTMS2_GTATTTCCACATCATG-1	MouseTMS2	Melanocyte	Melanocyte	CL:0000148	mouse	NCBITaxon:10090	NCBITaxon:10090	EFO:0030080
MouseTMS2_GTATTTCCAGAACTCT.1	MouseTMS2_GTATTTCCAGAACTCT-1	MouseTMS2	Beam A	Beam A	CL:0000327	mouse	NCBITaxon:10090	NCBITaxon:10090	EFO:0030080
MouseTMS2_GTCAAACAGAGATTCA.1	MouseTMS2_GTCAAACAGAGATTCA-1	MouseTMS2	Macrophage	Macrophage	CL:0000235	mouse	NCBITaxon:10090	NCBITaxon:10090	EFO:0030080
MouseTMS2_GTCAAGTAGCCTCTGG.1	MouseTMS2_GTCAAGTAGCCTCTGG-1	MouseTMS2	Corneal epithelium	Corneal epithelium	CL:0000575	mouse	NCBITaxon:10090	NCBITaxon:10090	EFO:0030080
MouseTMS2_GTCACTCGTATTTCCT.1	MouseTMS2_GTCACTCGTATTTCCT-1	MouseTMS2	Beam A	Beam A	CL:0000327	mouse	NCBITaxon:10090	NCBITaxon:10090	EFO:0030080
MouseTMS2_GTCATCCAGTAGACCG.1	MouseTMS2_GTCATCCAGTAGACCG-1	MouseTMS2	Macrophage	Macrophage	CL:0000235	mouse	NCBITaxon:10090	NCBITaxon:10090	EFO:0030080
MouseTMS2_GTCATCCAGTTAGTAG.1	MouseTMS2_GTCATCCAGTTAGTAG-1	MouseTMS2	Corneal epithelium	Corneal epithelium	CL:0000575	mouse	NCBITaxon:10090	NCBITaxon:10090	EFO:0030080
MouseTMS2_GTCATCCGTACAGGTG.1	MouseTMS2_GTCATCCGTACAGGTG-1	MouseTMS2	Corneal epithelium	Corneal epithelium	CL:0000575	mouse	NCBITaxon:10090	NCBITaxon:10090	EFO:0030080
MouseTMS2_GTCCACTGTGCGCTCA.1	MouseTMS2_GTCCACTGTGCGCTCA-1	MouseTMS2	Corneal epithelium	Corneal epithelium	CL:0000575	mouse	NCBITaxon:10090	NCBITaxon:10090	EFO:0030080
MouseTMS2_GTCCACTTCCATTGCC.1	MouseTMS2_GTCCACTTCCATTGCC-1	MouseTMS2	Macrophage	Macrophage	CL:0000235	mouse	NCBITaxon:10090	NCBITaxon:10090	EFO:0030080
MouseTMS2_GTCCCATCACCTGCAG.1	MouseTMS2_GTCCCATCACCTGCAG-1	MouseTMS2	Melanocyte	Melanocyte	CL:0000148	mouse	NCBITaxon:10090	NCBITaxon:10090	EFO:0030080
MouseTMS2_GTCCCATCACGTTCGG.1	MouseTMS2_GTCCCATCACGTTCGG-1	MouseTMS2	Melanocyte	Melanocyte	CL:0000148	mouse	NCBITaxon:10090	NCBITaxon:10090	EFO:0030080
MouseTMS2_GTCCTCAAGTAGGATT.1	MouseTMS2_GTCCTCAAGTAGGATT-1	MouseTMS2	Macrophage	Macrophage	CL:0000235	mouse	NCBITaxon:10090	NCBITaxon:10090	EFO:0030080
MouseTMS2_GTCCTCACAGCTGTAT.1	MouseTMS2_GTCCTCACAGCTGTAT-1	MouseTMS2	Macrophage	Macrophage	CL:0000235	mouse	NCBITaxon:10090	NCBITaxon:10090	EFO:0030080
MouseTMS2_GTCCTCAGTAACCCTA.1	MouseTMS2_GTCCTCAGTAACCCTA-1	MouseTMS2	Melanocyte	Melanocyte	CL:0000148	mouse	NCBITaxon:10090	NCBITaxon:10090	EFO:0030080
MouseTMS2_GTCCTCATCATGGATC.1	MouseTMS2_GTCCTCATCATGGATC-1	MouseTMS2	Melanocyte	Melanocyte	CL:0000148	mouse	NCBITaxon:10090	NCBITaxon:10090	EFO:0030080
MouseTMS2_GTCGAATAGATGGCGT.1	MouseTMS2_GTCGAATAGATGGCGT-1	MouseTMS2	SChlemm's Canal	SChlemm's Canal	CL:0000115	mouse	NCBITaxon:10090	NCBITaxon:10090	EFO:0030080
MouseTMS2_GTCGAATCAATTCTTC.1	MouseTMS2_GTCGAATCAATTCTTC-1	MouseTMS2	Melanocyte	Melanocyte	CL:0000148	mouse	NCBITaxon:10090	NCBITaxon:10090	EFO:0030080
MouseTMS2_GTCGCGAAGAGCTGCA.1	MouseTMS2_GTCGCGAAGAGCTGCA-1	MouseTMS2	SChlemm's Canal	SChlemm's Canal	CL:0000115	mouse	NCBITaxon:10090	NCBITaxon:10090	EFO:0030080
MouseTMS2_GTCGCGACAAATGCGG.1	MouseTMS2_GTCGCGACAAATGCGG-1	MouseTMS2	Macrophage	Macrophage	CL:0000235	mouse	NCBITaxon:10090	NCBITaxon:10090	EFO:0030080
MouseTMS2_GTCGCGAGTACAGTCT.1	MouseTMS2_GTCGCGAGTACAGTCT-1	MouseTMS2	Macrophage	Macrophage	CL:0000235	mouse	NCBITaxon:10090	NCBITaxon:10090	EFO:0030080
MouseTMS2_GTCGTAAAGTAACCGG.1	MouseTMS2_GTCGTAAAGTAACCGG-1	MouseTMS2	Macrophage	Macrophage	CL:0000235	mouse	NCBITaxon:10090	NCBITaxon:10090	EFO:0030080
MouseTMS2_GTCGTAATCCTTCTAA.1	MouseTMS2_GTCGTAATCCTTCTAA-1	MouseTMS2	Melanocyte	Melanocyte	CL:0000148	mouse	NCBITaxon:10090	NCBITaxon:10090	EFO:0030080
MouseTMS2_GTCGTTCTCCACTGGG.1	MouseTMS2_GTCGTTCTCCACTGGG-1	MouseTMS2	Corneal epithelium	Corneal epithelium	CL:0000575	mouse	NCBITaxon:10090	NCBITaxon:10090	EFO:0030080
MouseTMS2_GTCTACCCATTGTAGC.1	MouseTMS2_GTCTACCCATTGTAGC-1	MouseTMS2	Corneal epithelium	Corneal epithelium	CL:0000575	mouse	NCBITaxon:10090	NCBITaxon:10090	EFO:0030080
MouseTMS2_GTGAGCCAGCTACGTT.1	MouseTMS2_GTGAGCCAGCTACGTT-1	MouseTMS2	Melanocyte	Melanocyte	CL:0000148	mouse	NCBITaxon:10090	NCBITaxon:10090	EFO:0030080
MouseTMS2_GTGAGGAAGTCTACCA.1	MouseTMS2_GTGAGGAAGTCTACCA-1	MouseTMS2	Macrophage	Macrophage	CL:0000235	mouse	NCBITaxon:10090	NCBITaxon:10090	EFO:0030080
MouseTMS2_GTGAGGACACAATCTG.1	MouseTMS2_GTGAGGACACAATCTG-1	MouseTMS2	JCT	JCT	CL:0002320	mouse	NCBITaxon:10090	NCBITaxon:10090	EFO:0030080
MouseTMS2_GTGAGGATCGATTCCC.1	MouseTMS2_GTGAGGATCGATTCCC-1	MouseTMS2	Macrophage	Macrophage	CL:0000235	mouse	NCBITaxon:10090	NCBITaxon:10090	EFO:0030080
MouseTMS2_GTGAGTTGTTGGGCCT.1	MouseTMS2_GTGAGTTGTTGGGCCT-1	MouseTMS2	Melanocyte	Melanocyte	CL:0000148	mouse	NCBITaxon:10090	NCBITaxon:10090	EFO:0030080
MouseTMS2_GTGAGTTTCAGCCTCT.1	MouseTMS2_GTGAGTTTCAGCCTCT-1	MouseTMS2	Melanocyte	Melanocyte	CL:0000148	mouse	NCBITaxon:10090	NCBITaxon:10090	EFO:0030080
MouseTMS2_GTGCAGCAGCCTCTTC.1	MouseTMS2_GTGCAGCAGCCTCTTC-1	MouseTMS2	JCT	JCT	CL:0002320	mouse	NCBITaxon:10090	NCBITaxon:10090	EFO:0030080
MouseTMS2_GTGCAGCGTCTGCCTT.1	MouseTMS2_GTGCAGCGTCTGCCTT-1	MouseTMS2	Corneal epithelium	Corneal epithelium	CL:0000575	mouse	NCBITaxon:10090	NCBITaxon:10090	EFO:0030080
MouseTMS2_GTGCTGGGTCTCAGGC.1	MouseTMS2_GTGCTGGGTCTCAGGC-1	MouseTMS2	JCT	JCT	CL:0002320	mouse	NCBITaxon:10090	NCBITaxon:10090	EFO:0030080
MouseTMS2_GTGCTTCCAATGCAAA.1	MouseTMS2_GTGCTTCCAATGCAAA-1	MouseTMS2	Corneal epithelium	Corneal epithelium	CL:0000575	mouse	NCBITaxon:10090	NCBITaxon:10090	EFO:0030080
MouseTMS2_GTGCTTCCAGTTTGGT.1	MouseTMS2_GTGCTTCCAGTTTGGT-1	MouseTMS2	Melanocyte	Melanocyte	CL:0000148	mouse	NCBITaxon:10090	NCBITaxon:10090	EFO:0030080
MouseTMS2_GTGCTTCGTGGGCTCT.1	MouseTMS2_GTGCTTCGTGGGCTCT-1	MouseTMS2	Melanocyte	Melanocyte	CL:0000148	mouse	NCBITaxon:10090	NCBITaxon:10090	EFO:0030080
MouseTMS2_GTGGCGTAGAGGGTCT.1	MouseTMS2_GTGGCGTAGAGGGTCT-1	MouseTMS2	Melanocyte	Melanocyte	CL:0000148	mouse	NCBITaxon:10090	NCBITaxon:10090	EFO:0030080
MouseTMS2_GTGGCGTGTACAGAAT.1	MouseTMS2_GTGGCGTGTACAGAAT-1	MouseTMS2	Macrophage	Macrophage	CL:0000235	mouse	NCBITaxon:10090	NCBITaxon:10090	EFO:0030080
MouseTMS2_GTGGCGTTCGAGAAGC.1	MouseTMS2_GTGGCGTTCGAGAAGC-1	MouseTMS2	NK/T cell	NK/T cell	CL:0000814	mouse	NCBITaxon:10090	NCBITaxon:10090	EFO:0030080
MouseTMS2_GTGGGAAAGACTTGTC.1	MouseTMS2_GTGGGAAAGACTTGTC-1	MouseTMS2	Corneal epithelium	Corneal epithelium	CL:0000575	mouse	NCBITaxon:10090	NCBITaxon:10090	EFO:0030080
MouseTMS2_GTGGGAAAGAGATGCC.1	MouseTMS2_GTGGGAAAGAGATGCC-1	MouseTMS2	Melanocyte	Melanocyte	CL:0000148	mouse	NCBITaxon:10090	NCBITaxon:10090	EFO:0030080
MouseTMS2_GTGGGAACAAGCTGCC.1	MouseTMS2_GTGGGAACAAGCTGCC-1	MouseTMS2	Macrophage	Macrophage	CL:0000235	mouse	NCBITaxon:10090	NCBITaxon:10090	EFO:0030080
MouseTMS2_GTGGTTATCACCATAG.1	MouseTMS2_GTGGTTATCACCATAG-1	MouseTMS2	Macrophage	Macrophage	CL:0000235	mouse	NCBITaxon:10090	NCBITaxon:10090	EFO:0030080
MouseTMS2_GTGTGGCCAAGTCGTT.1	MouseTMS2_GTGTGGCCAAGTCGTT-1	MouseTMS2	Macrophage	Macrophage	CL:0000235	mouse	NCBITaxon:10090	NCBITaxon:10090	EFO:0030080
MouseTMS2_GTGTGGCCAGTTACCA.1	MouseTMS2_GTGTGGCCAGTTACCA-1	MouseTMS2	Macrophage	Macrophage	CL:0000235	mouse	NCBITaxon:10090	NCBITaxon:10090	EFO:0030080
MouseTMS2_GTGTGGCTCGCGAAGA.1	MouseTMS2_GTGTGGCTCGCGAAGA-1	MouseTMS2	Corneal epithelium	Corneal epithelium	CL:0000575	mouse	NCBITaxon:10090	NCBITaxon:10090	EFO:0030080
MouseTMS2_GTGTTCCCACTTGACA.1	MouseTMS2_GTGTTCCCACTTGACA-1	MouseTMS2	Ciliary muscle	Ciliary muscle	CL:1000443	mouse	NCBITaxon:10090	NCBITaxon:10090	EFO:0030080
MouseTMS2_GTGTTCCTCGAGTCCG.1	MouseTMS2_GTGTTCCTCGAGTCCG-1	MouseTMS2	Corneal epithelium	Corneal epithelium	CL:0000575	mouse	NCBITaxon:10090	NCBITaxon:10090	EFO:0030080
MouseTMS2_GTTACCCCATAATCGC.1	MouseTMS2_GTTACCCCATAATCGC-1	MouseTMS2	Corneal epithelium	Corneal epithelium	CL:0000575	mouse	NCBITaxon:10090	NCBITaxon:10090	EFO:0030080
MouseTMS2_GTTAGACAGCGAGTAC.1	MouseTMS2_GTTAGACAGCGAGTAC-1	MouseTMS2	JCT	JCT	CL:0002320	mouse	NCBITaxon:10090	NCBITaxon:10090	EFO:0030080
MouseTMS2_GTTAGACTCACGGAGA.1	MouseTMS2_GTTAGACTCACGGAGA-1	MouseTMS2	Melanocyte	Melanocyte	CL:0000148	mouse	NCBITaxon:10090	NCBITaxon:10090	EFO:0030080
MouseTMS2_GTTAGTGTCACCTCAC.1	MouseTMS2_GTTAGTGTCACCTCAC-1	MouseTMS2	Melanocyte	Melanocyte	CL:0000148	mouse	NCBITaxon:10090	NCBITaxon:10090	EFO:0030080
MouseTMS2_GTTATGGCAGGCACTC.1	MouseTMS2_GTTATGGCAGGCACTC-1	MouseTMS2	Corneal epithelium	Corneal epithelium	CL:0000575	mouse	NCBITaxon:10090	NCBITaxon:10090	EFO:0030080
MouseTMS2_GTTATGGTCCAAGAGG.1	MouseTMS2_GTTATGGTCCAAGAGG-1	MouseTMS2	JCT	JCT	CL:0002320	mouse	NCBITaxon:10090	NCBITaxon:10090	EFO:0030080
MouseTMS2_GTTCATTAGAGGTATT.1	MouseTMS2_GTTCATTAGAGGTATT-1	MouseTMS2	Corneal epithelium	Corneal epithelium	CL:0000575	mouse	NCBITaxon:10090	NCBITaxon:10090	EFO:0030080
MouseTMS2_GTTCATTCAACGTTAC.1	MouseTMS2_GTTCATTCAACGTTAC-1	MouseTMS2	Melanocyte	Melanocyte	CL:0000148	mouse	NCBITaxon:10090	NCBITaxon:10090	EFO:0030080
MouseTMS2_GTTCATTCATGATAGA.1	MouseTMS2_GTTCATTCATGATAGA-1	MouseTMS2	Corneal epithelium	Corneal epithelium	CL:0000575	mouse	NCBITaxon:10090	NCBITaxon:10090	EFO:0030080
MouseTMS2_GTTCCGTGTATTTCTC.1	MouseTMS2_GTTCCGTGTATTTCTC-1	MouseTMS2	Melanocyte	Melanocyte	CL:0000148	mouse	NCBITaxon:10090	NCBITaxon:10090	EFO:0030080
MouseTMS2_GTTCCGTGTGGCTACC.1	MouseTMS2_GTTCCGTGTGGCTACC-1	MouseTMS2	SChlemm's Canal	SChlemm's Canal	CL:0000115	mouse	NCBITaxon:10090	NCBITaxon:10090	EFO:0030080
MouseTMS2_GTTCTATGTTCGGCCA.1	MouseTMS2_GTTCTATGTTCGGCCA-1	MouseTMS2	Corneal epithelium	Corneal epithelium	CL:0000575	mouse	NCBITaxon:10090	NCBITaxon:10090	EFO:0030080
MouseTMS2_GTTGAACTCGATACAC.1	MouseTMS2_GTTGAACTCGATACAC-1	MouseTMS2	NK/T cell	NK/T cell	CL:0000814	mouse	NCBITaxon:10090	NCBITaxon:10090	EFO:0030080
MouseTMS2_GTTGCGGCATACAGGG.1	MouseTMS2_GTTGCGGCATACAGGG-1	MouseTMS2	Macrophage	Macrophage	CL:0000235	mouse	NCBITaxon:10090	NCBITaxon:10090	EFO:0030080
MouseTMS2_GTTGCGGTCCGCAAAT.1	MouseTMS2_GTTGCGGTCCGCAAAT-1	MouseTMS2	JCT	JCT	CL:0002320	mouse	NCBITaxon:10090	NCBITaxon:10090	EFO:0030080
MouseTMS2_GTTGCTCAGATGCCGA.1	MouseTMS2_GTTGCTCAGATGCCGA-1	MouseTMS2	Melanocyte	Melanocyte	CL:0000148	mouse	NCBITaxon:10090	NCBITaxon:10090	EFO:0030080
MouseTMS2_GTTGTCCTCTCGTTTA.1	MouseTMS2_GTTGTCCTCTCGTTTA-1	MouseTMS2	Macrophage	Macrophage	CL:0000235	mouse	NCBITaxon:10090	NCBITaxon:10090	EFO:0030080
MouseTMS2_GTTTACTCAATTGTGC.1	MouseTMS2_GTTTACTCAATTGTGC-1	MouseTMS2	Macrophage	Macrophage	CL:0000235	mouse	NCBITaxon:10090	NCBITaxon:10090	EFO:0030080
MouseTMS2_GTTTACTCAGTAGTTC.1	MouseTMS2_GTTTACTCAGTAGTTC-1	MouseTMS2	Melanocyte	Melanocyte	CL:0000148	mouse	NCBITaxon:10090	NCBITaxon:10090	EFO:0030080
MouseTMS2_GTTTGGACATGGAATA.1	MouseTMS2_GTTTGGACATGGAATA-1	MouseTMS2	Macrophage	Macrophage	CL:0000235	mouse	NCBITaxon:10090	NCBITaxon:10090	EFO:0030080
MouseTMS2_TAACGACCAAGGGCAT.1	MouseTMS2_TAACGACCAAGGGCAT-1	MouseTMS2	Melanocyte	Melanocyte	CL:0000148	mouse	NCBITaxon:10090	NCBITaxon:10090	EFO:0030080
MouseTMS2_TAACGACGTACAGAGC.1	MouseTMS2_TAACGACGTACAGAGC-1	MouseTMS2	Melanocyte	Melanocyte	CL:0000148	mouse	NCBITaxon:10090	NCBITaxon:10090	EFO:0030080
MouseTMS2_TAACTTCAGTCTAGCT.1	MouseTMS2_TAACTTCAGTCTAGCT-1	MouseTMS2	Corneal epithelium	Corneal epithelium	CL:0000575	mouse	NCBITaxon:10090	NCBITaxon:10090	EFO:0030080
MouseTMS2_TAACTTCCATTCTGTT.1	MouseTMS2_TAACTTCCATTCTGTT-1	MouseTMS2	Melanocyte	Melanocyte	CL:0000148	mouse	NCBITaxon:10090	NCBITaxon:10090	EFO:0030080
MouseTMS2_TAACTTCTCATTGAGC.1	MouseTMS2_TAACTTCTCATTGAGC-1	MouseTMS2	JCT	JCT	CL:0002320	mouse	NCBITaxon:10090	NCBITaxon:10090	EFO:0030080
MouseTMS2_TAAGTCGTCAAAGCCT.1	MouseTMS2_TAAGTCGTCAAAGCCT-1	MouseTMS2	Pericyte	Pericyte	CL:0000669	mouse	NCBITaxon:10090	NCBITaxon:10090	EFO:0030080
MouseTMS2_TAATCTCTCATGAGGG.1	MouseTMS2_TAATCTCTCATGAGGG-1	MouseTMS2	Pericyte	Pericyte	CL:0000669	mouse	NCBITaxon:10090	NCBITaxon:10090	EFO:0030080
MouseTMS2_TAATCTCTCCACAGCG.1	MouseTMS2_TAATCTCTCCACAGCG-1	MouseTMS2	Macrophage	Macrophage	CL:0000235	mouse	NCBITaxon:10090	NCBITaxon:10090	EFO:0030080
MouseTMS2_TACAACGGTGGAAGTC.1	MouseTMS2_TACAACGGTGGAAGTC-1	MouseTMS2	Macrophage	Macrophage	CL:0000235	mouse	NCBITaxon:10090	NCBITaxon:10090	EFO:0030080
MouseTMS2_TACACCCAGTGCAGGT.1	MouseTMS2_TACACCCAGTGCAGGT-1	MouseTMS2	Melanocyte	Melanocyte	CL:0000148	mouse	NCBITaxon:10090	NCBITaxon:10090	EFO:0030080
MouseTMS2_TACACCCCAACGATCT.1	MouseTMS2_TACACCCCAACGATCT-1	MouseTMS2	NK/T cell	NK/T cell	CL:0000814	mouse	NCBITaxon:10090	NCBITaxon:10090	EFO:0030080
MouseTMS2_TACACCCCAGGATGAC.1	MouseTMS2_TACACCCCAGGATGAC-1	MouseTMS2	Corneal epithelium	Corneal epithelium	CL:0000575	mouse	NCBITaxon:10090	NCBITaxon:10090	EFO:0030080
MouseTMS2_TACACCCGTAGCGTAG.1	MouseTMS2_TACACCCGTAGCGTAG-1	MouseTMS2	Melanocyte	Melanocyte	CL:0000148	mouse	NCBITaxon:10090	NCBITaxon:10090	EFO:0030080
MouseTMS2_TACAGGTTCCGCACTT.1	MouseTMS2_TACAGGTTCCGCACTT-1	MouseTMS2	Melanocyte	Melanocyte	CL:0000148	mouse	NCBITaxon:10090	NCBITaxon:10090	EFO:0030080
MouseTMS2_TACCCACTCCTTCACG.1	MouseTMS2_TACCCACTCCTTCACG-1	MouseTMS2	Melanocyte	Melanocyte	CL:0000148	mouse	NCBITaxon:10090	NCBITaxon:10090	EFO:0030080
MouseTMS2_TACCGAATCCGAGGCT.1	MouseTMS2_TACCGAATCCGAGGCT-1	MouseTMS2	Melanocyte	Melanocyte	CL:0000148	mouse	NCBITaxon:10090	NCBITaxon:10090	EFO:0030080
MouseTMS2_TACCGGGAGATGGTCG.1	MouseTMS2_TACCGGGAGATGGTCG-1	MouseTMS2	Melanocyte	Melanocyte	CL:0000148	mouse	NCBITaxon:10090	NCBITaxon:10090	EFO:0030080
MouseTMS2_TACCGGGAGTTAACGA.1	MouseTMS2_TACCGGGAGTTAACGA-1	MouseTMS2	Macrophage	Macrophage	CL:0000235	mouse	NCBITaxon:10090	NCBITaxon:10090	EFO:0030080
MouseTMS2_TACCTGCGTTCAGCGC.1	MouseTMS2_TACCTGCGTTCAGCGC-1	MouseTMS2	Melanocyte	Melanocyte	CL:0000148	mouse	NCBITaxon:10090	NCBITaxon:10090	EFO:0030080
MouseTMS2_TACCTGCGTTCCGCAG.1	MouseTMS2_TACCTGCGTTCCGCAG-1	MouseTMS2	Melanocyte	Melanocyte	CL:0000148	mouse	NCBITaxon:10090	NCBITaxon:10090	EFO:0030080
MouseTMS2_TACCTGCTCGGCAGTC.1	MouseTMS2_TACCTGCTCGGCAGTC-1	MouseTMS2	Macrophage	Macrophage	CL:0000235	mouse	NCBITaxon:10090	NCBITaxon:10090	EFO:0030080
MouseTMS2_TACGCTCAGCAATAAC.1	MouseTMS2_TACGCTCAGCAATAAC-1	MouseTMS2	Pericyte	Pericyte	CL:0000669	mouse	NCBITaxon:10090	NCBITaxon:10090	EFO:0030080
MouseTMS2_TACGGGCAGTCATGCT.1	MouseTMS2_TACGGGCAGTCATGCT-1	MouseTMS2	Melanocyte	Melanocyte	CL:0000148	mouse	NCBITaxon:10090	NCBITaxon:10090	EFO:0030080
MouseTMS2_TACGGGCGTCCATCTC.1	MouseTMS2_TACGGGCGTCCATCTC-1	MouseTMS2	Corneal epithelium	Corneal epithelium	CL:0000575	mouse	NCBITaxon:10090	NCBITaxon:10090	EFO:0030080
MouseTMS2_TACGGTACAAATTAGG.1	MouseTMS2_TACGGTACAAATTAGG-1	MouseTMS2	Melanocyte	Melanocyte	CL:0000148	mouse	NCBITaxon:10090	NCBITaxon:10090	EFO:0030080
MouseTMS2_TACGGTAGTATCGAGG.1	MouseTMS2_TACGGTAGTATCGAGG-1	MouseTMS2	Macrophage	Macrophage	CL:0000235	mouse	NCBITaxon:10090	NCBITaxon:10090	EFO:0030080
MouseTMS2_TACGTCCTCCTTGAAG.1	MouseTMS2_TACGTCCTCCTTGAAG-1	MouseTMS2	Melanocyte	Melanocyte	CL:0000148	mouse	NCBITaxon:10090	NCBITaxon:10090	EFO:0030080
MouseTMS2_TACTGCCGTCAACCTA.1	MouseTMS2_TACTGCCGTCAACCTA-1	MouseTMS2	Melanocyte	Melanocyte	CL:0000148	mouse	NCBITaxon:10090	NCBITaxon:10090	EFO:0030080
MouseTMS2_TACTTACTCATTGAGC.1	MouseTMS2_TACTTACTCATTGAGC-1	MouseTMS2	Macrophage	Macrophage	CL:0000235	mouse	NCBITaxon:10090	NCBITaxon:10090	EFO:0030080
MouseTMS2_TACTTCAAGTACTCGT.1	MouseTMS2_TACTTCAAGTACTCGT-1	MouseTMS2	Macrophage	Macrophage	CL:0000235	mouse	NCBITaxon:10090	NCBITaxon:10090	EFO:0030080
MouseTMS2_TACTTCACAATCACGT.1	MouseTMS2_TACTTCACAATCACGT-1	MouseTMS2	Melanocyte	Melanocyte	CL:0000148	mouse	NCBITaxon:10090	NCBITaxon:10090	EFO:0030080
MouseTMS2_TAGACCACAGAACTTC.1	MouseTMS2_TAGACCACAGAACTTC-1	MouseTMS2	Pericyte	Pericyte	CL:0000669	mouse	NCBITaxon:10090	NCBITaxon:10090	EFO:0030080
MouseTMS2_TAGACCACAGACCGCT.1	MouseTMS2_TAGACCACAGACCGCT-1	MouseTMS2	JCT	JCT	CL:0002320	mouse	NCBITaxon:10090	NCBITaxon:10090	EFO:0030080
MouseTMS2_TAGACCAGTCCGTACG.1	MouseTMS2_TAGACCAGTCCGTACG-1	MouseTMS2	Macrophage	Macrophage	CL:0000235	mouse	NCBITaxon:10090	NCBITaxon:10090	EFO:0030080
MouseTMS2_TAGACTGGTTATGTGC.1	MouseTMS2_TAGACTGGTTATGTGC-1	MouseTMS2	Melanocyte	Melanocyte	CL:0000148	mouse	NCBITaxon:10090	NCBITaxon:10090	EFO:0030080
MouseTMS2_TAGAGTCAGAACAAGG.1	MouseTMS2_TAGAGTCAGAACAAGG-1	MouseTMS2	Melanocyte	Melanocyte	CL:0000148	mouse	NCBITaxon:10090	NCBITaxon:10090	EFO:0030080
MouseTMS2_TAGAGTCTCGCTATTT.1	MouseTMS2_TAGAGTCTCGCTATTT-1	MouseTMS2	Melanocyte	Melanocyte	CL:0000148	mouse	NCBITaxon:10090	NCBITaxon:10090	EFO:0030080
MouseTMS2_TAGCACAAGCCTCTGG.1	MouseTMS2_TAGCACAAGCCTCTGG-1	MouseTMS2	Melanocyte	Melanocyte	CL:0000148	mouse	NCBITaxon:10090	NCBITaxon:10090	EFO:0030080
MouseTMS2_TAGCACAAGTACAACA.1	MouseTMS2_TAGCACAAGTACAACA-1	MouseTMS2	Melanocyte	Melanocyte	CL:0000148	mouse	NCBITaxon:10090	NCBITaxon:10090	EFO:0030080
MouseTMS2_TAGCACACACTCTCGT.1	MouseTMS2_TAGCACACACTCTCGT-1	MouseTMS2	Corneal epithelium	Corneal epithelium	CL:0000575	mouse	NCBITaxon:10090	NCBITaxon:10090	EFO:0030080
MouseTMS2_TAGCACAGTGCGACAA.1	MouseTMS2_TAGCACAGTGCGACAA-1	MouseTMS2	Macrophage	Macrophage	CL:0000235	mouse	NCBITaxon:10090	NCBITaxon:10090	EFO:0030080
MouseTMS2_TAGCACATCCGATAGT.1	MouseTMS2_TAGCACATCCGATAGT-1	MouseTMS2	JCT	JCT	CL:0002320	mouse	NCBITaxon:10090	NCBITaxon:10090	EFO:0030080
MouseTMS2_TAGCACATCTAACGGT.1	MouseTMS2_TAGCACATCTAACGGT-1	MouseTMS2	Macrophage	Macrophage	CL:0000235	mouse	NCBITaxon:10090	NCBITaxon:10090	EFO:0030080
MouseTMS2_TAGGGTTGTAGAATAC.1	MouseTMS2_TAGGGTTGTAGAATAC-1	MouseTMS2	Macrophage	Macrophage	CL:0000235	mouse	NCBITaxon:10090	NCBITaxon:10090	EFO:0030080
MouseTMS2_TAGGTACAGTCTGGAG.1	MouseTMS2_TAGGTACAGTCTGGAG-1	MouseTMS2	Melanocyte	Melanocyte	CL:0000148	mouse	NCBITaxon:10090	NCBITaxon:10090	EFO:0030080
MouseTMS2_TAGGTACGTTGTTGTG.1	MouseTMS2_TAGGTACGTTGTTGTG-1	MouseTMS2	Schwann cell	Schwann cell	CL:0002573	mouse	NCBITaxon:10090	NCBITaxon:10090	EFO:0030080
MouseTMS2_TATATCCGTCCAGAAG.1	MouseTMS2_TATATCCGTCCAGAAG-1	MouseTMS2	Melanocyte	Melanocyte	CL:0000148	mouse	NCBITaxon:10090	NCBITaxon:10090	EFO:0030080
MouseTMS2_TATATCCGTGGCTCTG.1	MouseTMS2_TATATCCGTGGCTCTG-1	MouseTMS2	Melanocyte	Melanocyte	CL:0000148	mouse	NCBITaxon:10090	NCBITaxon:10090	EFO:0030080
MouseTMS2_TATATCCGTTATGGTC.1	MouseTMS2_TATATCCGTTATGGTC-1	MouseTMS2	NK/T cell	NK/T cell	CL:0000814	mouse	NCBITaxon:10090	NCBITaxon:10090	EFO:0030080
MouseTMS2_TATCAGGAGATTGTGA.1	MouseTMS2_TATCAGGAGATTGTGA-1	MouseTMS2	Ciliary muscle	Ciliary muscle	CL:1000443	mouse	NCBITaxon:10090	NCBITaxon:10090	EFO:0030080
MouseTMS2_TATCCTATCTATTGTC.1	MouseTMS2_TATCCTATCTATTGTC-1	MouseTMS2	Corneal epithelium	Corneal epithelium	CL:0000575	mouse	NCBITaxon:10090	NCBITaxon:10090	EFO:0030080
MouseTMS2_TATCCTATCTTAGCAG.1	MouseTMS2_TATCCTATCTTAGCAG-1	MouseTMS2	Melanocyte	Melanocyte	CL:0000148	mouse	NCBITaxon:10090	NCBITaxon:10090	EFO:0030080
MouseTMS2_TATCGCCGTGACTGAG.1	MouseTMS2_TATCGCCGTGACTGAG-1	MouseTMS2	Corneal epithelium	Corneal epithelium	CL:0000575	mouse	NCBITaxon:10090	NCBITaxon:10090	EFO:0030080
MouseTMS2_TATCTGTAGCAGCACA.1	MouseTMS2_TATCTGTAGCAGCACA-1	MouseTMS2	Macrophage	Macrophage	CL:0000235	mouse	NCBITaxon:10090	NCBITaxon:10090	EFO:0030080
MouseTMS2_TATCTGTCAGTTCACA.1	MouseTMS2_TATCTGTCAGTTCACA-1	MouseTMS2	SChlemm's Canal	SChlemm's Canal	CL:0000115	mouse	NCBITaxon:10090	NCBITaxon:10090	EFO:0030080
MouseTMS2_TATCTGTGTTGGTACT.1	MouseTMS2_TATCTGTGTTGGTACT-1	MouseTMS2	Macrophage	Macrophage	CL:0000235	mouse	NCBITaxon:10090	NCBITaxon:10090	EFO:0030080
MouseTMS2_TATCTTGTCCATACTT.1	MouseTMS2_TATCTTGTCCATACTT-1	MouseTMS2	Pericyte	Pericyte	CL:0000669	mouse	NCBITaxon:10090	NCBITaxon:10090	EFO:0030080
MouseTMS2_TATGTTCGTTACGTAC.1	MouseTMS2_TATGTTCGTTACGTAC-1	MouseTMS2	Macrophage	Macrophage	CL:0000235	mouse	NCBITaxon:10090	NCBITaxon:10090	EFO:0030080
MouseTMS2_TATTGCTCATCACGGC.1	MouseTMS2_TATTGCTCATCACGGC-1	MouseTMS2	Ciliary muscle	Ciliary muscle	CL:1000443	mouse	NCBITaxon:10090	NCBITaxon:10090	EFO:0030080
MouseTMS2_TATTGCTTCGAACTCA.1	MouseTMS2_TATTGCTTCGAACTCA-1	MouseTMS2	Schwann cell	Schwann cell	CL:0002573	mouse	NCBITaxon:10090	NCBITaxon:10090	EFO:0030080
MouseTMS2_TATTGGGAGCAATTAG.1	MouseTMS2_TATTGGGAGCAATTAG-1	MouseTMS2	Macrophage	Macrophage	CL:0000235	mouse	NCBITaxon:10090	NCBITaxon:10090	EFO:0030080
MouseTMS2_TATTTCGTCAGGGTAG.1	MouseTMS2_TATTTCGTCAGGGTAG-1	MouseTMS2	Melanocyte	Melanocyte	CL:0000148	mouse	NCBITaxon:10090	NCBITaxon:10090	EFO:0030080
MouseTMS2_TCAAGCAAGGTGCCTC.1	MouseTMS2_TCAAGCAAGGTGCCTC-1	MouseTMS2	Melanocyte	Melanocyte	CL:0000148	mouse	NCBITaxon:10090	NCBITaxon:10090	EFO:0030080
MouseTMS2_TCAAGCACAACAAGAT.1	MouseTMS2_TCAAGCACAACAAGAT-1	MouseTMS2	Melanocyte	Melanocyte	CL:0000148	mouse	NCBITaxon:10090	NCBITaxon:10090	EFO:0030080
MouseTMS2_TCAAGCACACATGGTT.1	MouseTMS2_TCAAGCACACATGGTT-1	MouseTMS2	Melanocyte	Melanocyte	CL:0000148	mouse	NCBITaxon:10090	NCBITaxon:10090	EFO:0030080
MouseTMS2_TCAAGCATCATGGATC.1	MouseTMS2_TCAAGCATCATGGATC-1	MouseTMS2	JCT	JCT	CL:0002320	mouse	NCBITaxon:10090	NCBITaxon:10090	EFO:0030080
MouseTMS2_TCAAGCATCGGAACTT.1	MouseTMS2_TCAAGCATCGGAACTT-1	MouseTMS2	SChlemm's Canal	SChlemm's Canal	CL:0000115	mouse	NCBITaxon:10090	NCBITaxon:10090	EFO:0030080
MouseTMS2_TCAAGTGCAAGCGCTC.1	MouseTMS2_TCAAGTGCAAGCGCTC-1	MouseTMS2	Melanocyte	Melanocyte	CL:0000148	mouse	NCBITaxon:10090	NCBITaxon:10090	EFO:0030080
MouseTMS2_TCAATCTCAGCACCCA.1	MouseTMS2_TCAATCTCAGCACCCA-1	MouseTMS2	Macrophage	Macrophage	CL:0000235	mouse	NCBITaxon:10090	NCBITaxon:10090	EFO:0030080
MouseTMS2_TCACAAGGTACCCGCA.1	MouseTMS2_TCACAAGGTACCCGCA-1	MouseTMS2	Melanocyte	Melanocyte	CL:0000148	mouse	NCBITaxon:10090	NCBITaxon:10090	EFO:0030080
MouseTMS2_TCACATTCAGCTAACT.1	MouseTMS2_TCACATTCAGCTAACT-1	MouseTMS2	Corneal epithelium	Corneal epithelium	CL:0000575	mouse	NCBITaxon:10090	NCBITaxon:10090	EFO:0030080
MouseTMS2_TCACATTGTCGGAAAC.1	MouseTMS2_TCACATTGTCGGAAAC-1	MouseTMS2	JCT	JCT	CL:0002320	mouse	NCBITaxon:10090	NCBITaxon:10090	EFO:0030080
MouseTMS2_TCACATTTCTCGCAGG.1	MouseTMS2_TCACATTTCTCGCAGG-1	MouseTMS2	Macrophage	Macrophage	CL:0000235	mouse	NCBITaxon:10090	NCBITaxon:10090	EFO:0030080
MouseTMS2_TCACTATCACTGTGTA.1	MouseTMS2_TCACTATCACTGTGTA-1	MouseTMS2	Melanocyte	Melanocyte	CL:0000148	mouse	NCBITaxon:10090	NCBITaxon:10090	EFO:0030080
MouseTMS2_TCACTATCATTGCCGG.1	MouseTMS2_TCACTATCATTGCCGG-1	MouseTMS2	Corneal epithelium	Corneal epithelium	CL:0000575	mouse	NCBITaxon:10090	NCBITaxon:10090	EFO:0030080
MouseTMS2_TCACTATGTTCGGCGT.1	MouseTMS2_TCACTATGTTCGGCGT-1	MouseTMS2	Melanocyte	Melanocyte	CL:0000148	mouse	NCBITaxon:10090	NCBITaxon:10090	EFO:0030080
MouseTMS2_TCAGCAATCATGTCTT.1	MouseTMS2_TCAGCAATCATGTCTT-1	MouseTMS2	Corneal epithelium	Corneal epithelium	CL:0000575	mouse	NCBITaxon:10090	NCBITaxon:10090	EFO:0030080
MouseTMS2_TCAGGGCAGCTGTTAC.1	MouseTMS2_TCAGGGCAGCTGTTAC-1	MouseTMS2	Melanocyte	Melanocyte	CL:0000148	mouse	NCBITaxon:10090	NCBITaxon:10090	EFO:0030080
MouseTMS2_TCAGGGCAGTTGGAAT.1	MouseTMS2_TCAGGGCAGTTGGAAT-1	MouseTMS2	Melanocyte	Melanocyte	CL:0000148	mouse	NCBITaxon:10090	NCBITaxon:10090	EFO:0030080
MouseTMS2_TCAGTGAAGTTGGGAC.1	MouseTMS2_TCAGTGAAGTTGGGAC-1	MouseTMS2	Corneal epithelium	Corneal epithelium	CL:0000575	mouse	NCBITaxon:10090	NCBITaxon:10090	EFO:0030080
MouseTMS2_TCATATCTCCATCCGT.1	MouseTMS2_TCATATCTCCATCCGT-1	MouseTMS2	NK/T cell	NK/T cell	CL:0000814	mouse	NCBITaxon:10090	NCBITaxon:10090	EFO:0030080
MouseTMS2_TCATCCGTCAGTGCGC.1	MouseTMS2_TCATCCGTCAGTGCGC-1	MouseTMS2	JCT	JCT	CL:0002320	mouse	NCBITaxon:10090	NCBITaxon:10090	EFO:0030080
MouseTMS2_TCATGAGGTACACGTT.1	MouseTMS2_TCATGAGGTACACGTT-1	MouseTMS2	Macrophage	Macrophage	CL:0000235	mouse	NCBITaxon:10090	NCBITaxon:10090	EFO:0030080
MouseTMS2_TCATGGAGTTTACGAC.1	MouseTMS2_TCATGGAGTTTACGAC-1	MouseTMS2	Melanocyte	Melanocyte	CL:0000148	mouse	NCBITaxon:10090	NCBITaxon:10090	EFO:0030080
MouseTMS2_TCATTACGTGTAGTGG.1	MouseTMS2_TCATTACGTGTAGTGG-1	MouseTMS2	Corneal epithelium	Corneal epithelium	CL:0000575	mouse	NCBITaxon:10090	NCBITaxon:10090	EFO:0030080
MouseTMS2_TCATTACGTGTTAAAG.1	MouseTMS2_TCATTACGTGTTAAAG-1	MouseTMS2	JCT	JCT	CL:0002320	mouse	NCBITaxon:10090	NCBITaxon:10090	EFO:0030080
MouseTMS2_TCATTCAGTGCACGCT.1	MouseTMS2_TCATTCAGTGCACGCT-1	MouseTMS2	Melanocyte	Melanocyte	CL:0000148	mouse	NCBITaxon:10090	NCBITaxon:10090	EFO:0030080
MouseTMS2_TCATTCATCACGTAGT.1	MouseTMS2_TCATTCATCACGTAGT-1	MouseTMS2	Macrophage	Macrophage	CL:0000235	mouse	NCBITaxon:10090	NCBITaxon:10090	EFO:0030080
MouseTMS2_TCATTCATCATCCTGC.1	MouseTMS2_TCATTCATCATCCTGC-1	MouseTMS2	Melanocyte	Melanocyte	CL:0000148	mouse	NCBITaxon:10090	NCBITaxon:10090	EFO:0030080
MouseTMS2_TCATTGTCATGGCGCT.1	MouseTMS2_TCATTGTCATGGCGCT-1	MouseTMS2	Corneal epithelium	Corneal epithelium	CL:0000575	mouse	NCBITaxon:10090	NCBITaxon:10090	EFO:0030080
MouseTMS2_TCATTTGCAGCTGCCA.1	MouseTMS2_TCATTTGCAGCTGCCA-1	MouseTMS2	Melanocyte	Melanocyte	CL:0000148	mouse	NCBITaxon:10090	NCBITaxon:10090	EFO:0030080
MouseTMS2_TCATTTGGTACGGGAT.1	MouseTMS2_TCATTTGGTACGGGAT-1	MouseTMS2	Pericyte	Pericyte	CL:0000669	mouse	NCBITaxon:10090	NCBITaxon:10090	EFO:0030080
MouseTMS2_TCCACCACAAAGACTA.1	MouseTMS2_TCCACCACAAAGACTA-1	MouseTMS2	JCT	JCT	CL:0002320	mouse	NCBITaxon:10090	NCBITaxon:10090	EFO:0030080
MouseTMS2_TCCACCACAGCACACC.1	MouseTMS2_TCCACCACAGCACACC-1	MouseTMS2	Pericyte	Pericyte	CL:0000669	mouse	NCBITaxon:10090	NCBITaxon:10090	EFO:0030080
MouseTMS2_TCCACGTTCTCGCTTG.1	MouseTMS2_TCCACGTTCTCGCTTG-1	MouseTMS2	Beam A	Beam A	CL:0000327	mouse	NCBITaxon:10090	NCBITaxon:10090	EFO:0030080
MouseTMS2_TCCAGAACACATCATG.1	MouseTMS2_TCCAGAACACATCATG-1	MouseTMS2	Corneal epithelium	Corneal epithelium	CL:0000575	mouse	NCBITaxon:10090	NCBITaxon:10090	EFO:0030080
MouseTMS2_TCCAGAAGTAAGATCA.1	MouseTMS2_TCCAGAAGTAAGATCA-1	MouseTMS2	Melanocyte	Melanocyte	CL:0000148	mouse	NCBITaxon:10090	NCBITaxon:10090	EFO:0030080
MouseTMS2_TCCATCGAGAATCTAG.1	MouseTMS2_TCCATCGAGAATCTAG-1	MouseTMS2	Melanocyte	Melanocyte	CL:0000148	mouse	NCBITaxon:10090	NCBITaxon:10090	EFO:0030080
MouseTMS2_TCCATCGTCTGCATAG.1	MouseTMS2_TCCATCGTCTGCATAG-1	MouseTMS2	JCT	JCT	CL:0002320	mouse	NCBITaxon:10090	NCBITaxon:10090	EFO:0030080
MouseTMS2_TCCATGCAGTACAACA.1	MouseTMS2_TCCATGCAGTACAACA-1	MouseTMS2	Corneal epithelium	Corneal epithelium	CL:0000575	mouse	NCBITaxon:10090	NCBITaxon:10090	EFO:0030080
MouseTMS2_TCCCACAAGATCCAAA.1	MouseTMS2_TCCCACAAGATCCAAA-1	MouseTMS2	Macrophage	Macrophage	CL:0000235	mouse	NCBITaxon:10090	NCBITaxon:10090	EFO:0030080
MouseTMS2_TCCCAGTAGAAGAACG.1	MouseTMS2_TCCCAGTAGAAGAACG-1	MouseTMS2	Macrophage	Macrophage	CL:0000235	mouse	NCBITaxon:10090	NCBITaxon:10090	EFO:0030080
MouseTMS2_TCCCAGTTCATTTACC.1	MouseTMS2_TCCCAGTTCATTTACC-1	MouseTMS2	Melanocyte	Melanocyte	CL:0000148	mouse	NCBITaxon:10090	NCBITaxon:10090	EFO:0030080
MouseTMS2_TCCCATGAGGTCTTTG.1	MouseTMS2_TCCCATGAGGTCTTTG-1	MouseTMS2	JCT	JCT	CL:0002320	mouse	NCBITaxon:10090	NCBITaxon:10090	EFO:0030080
MouseTMS2_TCCCATGCATTCCTAT.1	MouseTMS2_TCCCATGCATTCCTAT-1	MouseTMS2	Macrophage	Macrophage	CL:0000235	mouse	NCBITaxon:10090	NCBITaxon:10090	EFO:0030080
MouseTMS2_TCCGAAACAGCAGTTT.1	MouseTMS2_TCCGAAACAGCAGTTT-1	MouseTMS2	Corneal epithelium	Corneal epithelium	CL:0000575	mouse	NCBITaxon:10090	NCBITaxon:10090	EFO:0030080
MouseTMS2_TCCGATCCACTGTGTA.1	MouseTMS2_TCCGATCCACTGTGTA-1	MouseTMS2	Melanocyte	Melanocyte	CL:0000148	mouse	NCBITaxon:10090	NCBITaxon:10090	EFO:0030080
MouseTMS2_TCCGATCGTCTTCCGT.1	MouseTMS2_TCCGATCGTCTTCCGT-1	MouseTMS2	Melanocyte	Melanocyte	CL:0000148	mouse	NCBITaxon:10090	NCBITaxon:10090	EFO:0030080
MouseTMS2_TCCGATCTCGCGCCAA.1	MouseTMS2_TCCGATCTCGCGCCAA-1	MouseTMS2	Melanocyte	Melanocyte	CL:0000148	mouse	NCBITaxon:10090	NCBITaxon:10090	EFO:0030080
MouseTMS2_TCCGTGTCAACTTGGT.1	MouseTMS2_TCCGTGTCAACTTGGT-1	MouseTMS2	Corneal epithelium	Corneal epithelium	CL:0000575	mouse	NCBITaxon:10090	NCBITaxon:10090	EFO:0030080
MouseTMS2_TCCGTGTTCCCGTGTT.1	MouseTMS2_TCCGTGTTCCCGTGTT-1	MouseTMS2	Beam A	Beam A	CL:0000327	mouse	NCBITaxon:10090	NCBITaxon:10090	EFO:0030080
MouseTMS2_TCCTCCCGTATCGGTT.1	MouseTMS2_TCCTCCCGTATCGGTT-1	MouseTMS2	Macrophage	Macrophage	CL:0000235	mouse	NCBITaxon:10090	NCBITaxon:10090	EFO:0030080
MouseTMS2_TCCTCCCTCTGAATGC.1	MouseTMS2_TCCTCCCTCTGAATGC-1	MouseTMS2	Macrophage	Macrophage	CL:0000235	mouse	NCBITaxon:10090	NCBITaxon:10090	EFO:0030080
MouseTMS2_TCCTCGATCCGTGTAA.1	MouseTMS2_TCCTCGATCCGTGTAA-1	MouseTMS2	NK/T cell	NK/T cell	CL:0000814	mouse	NCBITaxon:10090	NCBITaxon:10090	EFO:0030080
MouseTMS2_TCCTCTTAGAATTTGG.1	MouseTMS2_TCCTCTTAGAATTTGG-1	MouseTMS2	Macrophage	Macrophage	CL:0000235	mouse	NCBITaxon:10090	NCBITaxon:10090	EFO:0030080
MouseTMS2_TCCTGCAGTCGCGGTT.1	MouseTMS2_TCCTGCAGTCGCGGTT-1	MouseTMS2	Melanocyte	Melanocyte	CL:0000148	mouse	NCBITaxon:10090	NCBITaxon:10090	EFO:0030080
MouseTMS2_TCCTTCTCAATACGAA.1	MouseTMS2_TCCTTCTCAATACGAA-1	MouseTMS2	Pericyte	Pericyte	CL:0000669	mouse	NCBITaxon:10090	NCBITaxon:10090	EFO:0030080
MouseTMS2_TCGAACAAGAGTGAAG.1	MouseTMS2_TCGAACAAGAGTGAAG-1	MouseTMS2	Melanocyte	Melanocyte	CL:0000148	mouse	NCBITaxon:10090	NCBITaxon:10090	EFO:0030080
MouseTMS2_TCGAACACAAGTTCGT.1	MouseTMS2_TCGAACACAAGTTCGT-1	MouseTMS2	Macrophage	Macrophage	CL:0000235	mouse	NCBITaxon:10090	NCBITaxon:10090	EFO:0030080
MouseTMS2_TCGAAGTTCATCTCTA.1	MouseTMS2_TCGAAGTTCATCTCTA-1	MouseTMS2	Macrophage	Macrophage	CL:0000235	mouse	NCBITaxon:10090	NCBITaxon:10090	EFO:0030080
MouseTMS2_TCGACCTAGATCACCT.1	MouseTMS2_TCGACCTAGATCACCT-1	MouseTMS2	Pericyte	Pericyte	CL:0000669	mouse	NCBITaxon:10090	NCBITaxon:10090	EFO:0030080
MouseTMS2_TCGACCTAGGAGGCAG.1	MouseTMS2_TCGACCTAGGAGGCAG-1	MouseTMS2	NK/T cell	NK/T cell	CL:0000814	mouse	NCBITaxon:10090	NCBITaxon:10090	EFO:0030080
MouseTMS2_TCGACCTAGGTAGGCT.1	MouseTMS2_TCGACCTAGGTAGGCT-1	MouseTMS2	JCT	JCT	CL:0002320	mouse	NCBITaxon:10090	NCBITaxon:10090	EFO:0030080
MouseTMS2_TCGACGGTCTAAGGAA.1	MouseTMS2_TCGACGGTCTAAGGAA-1	MouseTMS2	Pericyte	Pericyte	CL:0000669	mouse	NCBITaxon:10090	NCBITaxon:10090	EFO:0030080
MouseTMS2_TCGATTTGTATCGTGT.1	MouseTMS2_TCGATTTGTATCGTGT-1	MouseTMS2	Macrophage	Macrophage	CL:0000235	mouse	NCBITaxon:10090	NCBITaxon:10090	EFO:0030080
MouseTMS2_TCGATTTGTCATATGC.1	MouseTMS2_TCGATTTGTCATATGC-1	MouseTMS2	JCT	JCT	CL:0002320	mouse	NCBITaxon:10090	NCBITaxon:10090	EFO:0030080
MouseTMS2_TCGCAGGAGCGGGTAT.1	MouseTMS2_TCGCAGGAGCGGGTAT-1	MouseTMS2	Corneal epithelium	Corneal epithelium	CL:0000575	mouse	NCBITaxon:10090	NCBITaxon:10090	EFO:0030080
MouseTMS2_TCGCAGGGTCGCATGC.1	MouseTMS2_TCGCAGGGTCGCATGC-1	MouseTMS2	Corneal epithelium	Corneal epithelium	CL:0000575	mouse	NCBITaxon:10090	NCBITaxon:10090	EFO:0030080
MouseTMS2_TCGCTCAAGGTTCCAT.1	MouseTMS2_TCGCTCAAGGTTCCAT-1	MouseTMS2	Melanocyte	Melanocyte	CL:0000148	mouse	NCBITaxon:10090	NCBITaxon:10090	EFO:0030080
MouseTMS2_TCGCTCATCGCATGAT.1	MouseTMS2_TCGCTCATCGCATGAT-1	MouseTMS2	Ciliary muscle	Ciliary muscle	CL:1000443	mouse	NCBITaxon:10090	NCBITaxon:10090	EFO:0030080
MouseTMS2_TCGCTTGCAACTTGCA.1	MouseTMS2_TCGCTTGCAACTTGCA-1	MouseTMS2	Macrophage	Macrophage	CL:0000235	mouse	NCBITaxon:10090	NCBITaxon:10090	EFO:0030080
MouseTMS2_TCGCTTGGTCGTGTTA.1	MouseTMS2_TCGCTTGGTCGTGTTA-1	MouseTMS2	Macrophage	Macrophage	CL:0000235	mouse	NCBITaxon:10090	NCBITaxon:10090	EFO:0030080
MouseTMS2_TCGGATAAGTCGCGAA.1	MouseTMS2_TCGGATAAGTCGCGAA-1	MouseTMS2	Melanocyte	Melanocyte	CL:0000148	mouse	NCBITaxon:10090	NCBITaxon:10090	EFO:0030080
MouseTMS2_TCGGATAGTGTTGACT.1	MouseTMS2_TCGGATAGTGTTGACT-1	MouseTMS2	Melanocyte	Melanocyte	CL:0000148	mouse	NCBITaxon:10090	NCBITaxon:10090	EFO:0030080
MouseTMS2_TCGGGACCAACGATCT.1	MouseTMS2_TCGGGACCAACGATCT-1	MouseTMS2	JCT	JCT	CL:0002320	mouse	NCBITaxon:10090	NCBITaxon:10090	EFO:0030080
MouseTMS2_TCGGGACTCACCCTGT.1	MouseTMS2_TCGGGACTCACCCTGT-1	MouseTMS2	Pericyte	Pericyte	CL:0000669	mouse	NCBITaxon:10090	NCBITaxon:10090	EFO:0030080
MouseTMS2_TCGGGCATCGGTCTGG.1	MouseTMS2_TCGGGCATCGGTCTGG-1	MouseTMS2	Ciliary muscle	Ciliary muscle	CL:1000443	mouse	NCBITaxon:10090	NCBITaxon:10090	EFO:0030080
MouseTMS2_TCGGGTGGTAACAGTA.1	MouseTMS2_TCGGGTGGTAACAGTA-1	MouseTMS2	Melanocyte	Melanocyte	CL:0000148	mouse	NCBITaxon:10090	NCBITaxon:10090	EFO:0030080
MouseTMS2_TCGGTCTCACGACGTC.1	MouseTMS2_TCGGTCTCACGACGTC-1	MouseTMS2	Macrophage	Macrophage	CL:0000235	mouse	NCBITaxon:10090	NCBITaxon:10090	EFO:0030080
MouseTMS2_TCGGTCTCAGGGCTTC.1	MouseTMS2_TCGGTCTCAGGGCTTC-1	MouseTMS2	Corneal epithelium	Corneal epithelium	CL:0000575	mouse	NCBITaxon:10090	NCBITaxon:10090	EFO:0030080
MouseTMS2_TCGTCCATCACTCCGT.1	MouseTMS2_TCGTCCATCACTCCGT-1	MouseTMS2	Pericyte	Pericyte	CL:0000669	mouse	NCBITaxon:10090	NCBITaxon:10090	EFO:0030080
MouseTMS2_TCGTGCTGTGTAACGG.1	MouseTMS2_TCGTGCTGTGTAACGG-1	MouseTMS2	Corneal epithelium	Corneal epithelium	CL:0000575	mouse	NCBITaxon:10090	NCBITaxon:10090	EFO:0030080
MouseTMS2_TCTAACTGTACATTGC.1	MouseTMS2_TCTAACTGTACATTGC-1	MouseTMS2	Melanocyte	Melanocyte	CL:0000148	mouse	NCBITaxon:10090	NCBITaxon:10090	EFO:0030080
MouseTMS2_TCTAACTGTATTCCGA.1	MouseTMS2_TCTAACTGTATTCCGA-1	MouseTMS2	Macrophage	Macrophage	CL:0000235	mouse	NCBITaxon:10090	NCBITaxon:10090	EFO:0030080
MouseTMS2_TCTAACTGTCCAGCCA.1	MouseTMS2_TCTAACTGTCCAGCCA-1	MouseTMS2	Melanocyte	Melanocyte	CL:0000148	mouse	NCBITaxon:10090	NCBITaxon:10090	EFO:0030080
MouseTMS2_TCTAACTGTCCGTACG.1	MouseTMS2_TCTAACTGTCCGTACG-1	MouseTMS2	Macrophage	Macrophage	CL:0000235	mouse	NCBITaxon:10090	NCBITaxon:10090	EFO:0030080
MouseTMS2_TCTACATAGATGTTGA.1	MouseTMS2_TCTACATAGATGTTGA-1	MouseTMS2	JCT	JCT	CL:0002320	mouse	NCBITaxon:10090	NCBITaxon:10090	EFO:0030080
MouseTMS2_TCTACATTCTTACACT.1	MouseTMS2_TCTACATTCTTACACT-1	MouseTMS2	Melanocyte	Melanocyte	CL:0000148	mouse	NCBITaxon:10090	NCBITaxon:10090	EFO:0030080
MouseTMS2_TCTATACTCAGACCTA.1	MouseTMS2_TCTATACTCAGACCTA-1	MouseTMS2	B cell	B cell	CL:0000236	mouse	NCBITaxon:10090	NCBITaxon:10090	EFO:0030080
MouseTMS2_TCTATACTCCTGGTCT.1	MouseTMS2_TCTATACTCCTGGTCT-1	MouseTMS2	Melanocyte	Melanocyte	CL:0000148	mouse	NCBITaxon:10090	NCBITaxon:10090	EFO:0030080
MouseTMS2_TCTATCAAGGTCGACA.1	MouseTMS2_TCTATCAAGGTCGACA-1	MouseTMS2	JCT	JCT	CL:0002320	mouse	NCBITaxon:10090	NCBITaxon:10090	EFO:0030080
MouseTMS2_TCTATCAGTCCTGTTC.1	MouseTMS2_TCTATCAGTCCTGTTC-1	MouseTMS2	Melanocyte	Melanocyte	CL:0000148	mouse	NCBITaxon:10090	NCBITaxon:10090	EFO:0030080
MouseTMS2_TCTCACGCAATTCACG.1	MouseTMS2_TCTCACGCAATTCACG-1	MouseTMS2	Pericyte	Pericyte	CL:0000669	mouse	NCBITaxon:10090	NCBITaxon:10090	EFO:0030080
MouseTMS2_TCTCACGCACGCGCTA.1	MouseTMS2_TCTCACGCACGCGCTA-1	MouseTMS2	Melanocyte	Melanocyte	CL:0000148	mouse	NCBITaxon:10090	NCBITaxon:10090	EFO:0030080
MouseTMS2_TCTCACGGTCCAATCA.1	MouseTMS2_TCTCACGGTCCAATCA-1	MouseTMS2	Melanocyte	Melanocyte	CL:0000148	mouse	NCBITaxon:10090	NCBITaxon:10090	EFO:0030080
MouseTMS2_TCTCAGCCAGGCTTGC.1	MouseTMS2_TCTCAGCCAGGCTTGC-1	MouseTMS2	Schwann cell	Schwann cell	CL:0002573	mouse	NCBITaxon:10090	NCBITaxon:10090	EFO:0030080
MouseTMS2_TCTCCGAGTGTATTGC.1	MouseTMS2_TCTCCGAGTGTATTGC-1	MouseTMS2	Corneal epithelium	Corneal epithelium	CL:0000575	mouse	NCBITaxon:10090	NCBITaxon:10090	EFO:0030080
MouseTMS2_TCTGTCGAGGGTGGGA.1	MouseTMS2_TCTGTCGAGGGTGGGA-1	MouseTMS2	Macrophage	Macrophage	CL:0000235	mouse	NCBITaxon:10090	NCBITaxon:10090	EFO:0030080
MouseTMS2_TCTGTCGCATAGATCC.1	MouseTMS2_TCTGTCGCATAGATCC-1	MouseTMS2	Macrophage	Macrophage	CL:0000235	mouse	NCBITaxon:10090	NCBITaxon:10090	EFO:0030080
MouseTMS2_TCTTCCTCACACTGGC.1	MouseTMS2_TCTTCCTCACACTGGC-1	MouseTMS2	Melanocyte	Melanocyte	CL:0000148	mouse	NCBITaxon:10090	NCBITaxon:10090	EFO:0030080
MouseTMS2_TCTTGCGTCATCCTAT.1	MouseTMS2_TCTTGCGTCATCCTAT-1	MouseTMS2	Macrophage	Macrophage	CL:0000235	mouse	NCBITaxon:10090	NCBITaxon:10090	EFO:0030080
MouseTMS2_TCTTTGACAAGGCGTA.1	MouseTMS2_TCTTTGACAAGGCGTA-1	MouseTMS2	Melanocyte	Melanocyte	CL:0000148	mouse	NCBITaxon:10090	NCBITaxon:10090	EFO:0030080
MouseTMS2_TCTTTGAGTCGTGGTC.1	MouseTMS2_TCTTTGAGTCGTGGTC-1	MouseTMS2	Macrophage	Macrophage	CL:0000235	mouse	NCBITaxon:10090	NCBITaxon:10090	EFO:0030080
MouseTMS2_TCTTTGATCAAGAGTA.1	MouseTMS2_TCTTTGATCAAGAGTA-1	MouseTMS2	Macrophage	Macrophage	CL:0000235	mouse	NCBITaxon:10090	NCBITaxon:10090	EFO:0030080
MouseTMS2_TCTTTGATCTAGACCA.1	MouseTMS2_TCTTTGATCTAGACCA-1	MouseTMS2	Macrophage	Macrophage	CL:0000235	mouse	NCBITaxon:10090	NCBITaxon:10090	EFO:0030080
MouseTMS2_TGAACGTTCTCTCAAT.1	MouseTMS2_TGAACGTTCTCTCAAT-1	MouseTMS2	Corneal epithelium	Corneal epithelium	CL:0000575	mouse	NCBITaxon:10090	NCBITaxon:10090	EFO:0030080
MouseTMS2_TGAATCGAGACTCCGC.1	MouseTMS2_TGAATCGAGACTCCGC-1	MouseTMS2	Macrophage	Macrophage	CL:0000235	mouse	NCBITaxon:10090	NCBITaxon:10090	EFO:0030080
MouseTMS2_TGAATCGCACATACTG.1	MouseTMS2_TGAATCGCACATACTG-1	MouseTMS2	JCT	JCT	CL:0002320	mouse	NCBITaxon:10090	NCBITaxon:10090	EFO:0030080
MouseTMS2_TGAATCGGTGTCCACG.1	MouseTMS2_TGAATCGGTGTCCACG-1	MouseTMS2	SChlemm's Canal	SChlemm's Canal	CL:0000115	mouse	NCBITaxon:10090	NCBITaxon:10090	EFO:0030080
MouseTMS2_TGAATGCAGCATTTGC.1	MouseTMS2_TGAATGCAGCATTTGC-1	MouseTMS2	Macrophage	Macrophage	CL:0000235	mouse	NCBITaxon:10090	NCBITaxon:10090	EFO:0030080
MouseTMS2_TGACAGTCAATTTCCT.1	MouseTMS2_TGACAGTCAATTTCCT-1	MouseTMS2	Melanocyte	Melanocyte	CL:0000148	mouse	NCBITaxon:10090	NCBITaxon:10090	EFO:0030080
MouseTMS2_TGACCCTAGAGCAGCT.1	MouseTMS2_TGACCCTAGAGCAGCT-1	MouseTMS2	Melanocyte	Melanocyte	CL:0000148	mouse	NCBITaxon:10090	NCBITaxon:10090	EFO:0030080
MouseTMS2_TGACCCTTCATCGCCT.1	MouseTMS2_TGACCCTTCATCGCCT-1	MouseTMS2	JCT	JCT	CL:0002320	mouse	NCBITaxon:10090	NCBITaxon:10090	EFO:0030080
MouseTMS2_TGACGCGAGATAGCTA.1	MouseTMS2_TGACGCGAGATAGCTA-1	MouseTMS2	Melanocyte	Melanocyte	CL:0000148	mouse	NCBITaxon:10090	NCBITaxon:10090	EFO:0030080
MouseTMS2_TGACTCCAGCCGTCGT.1	MouseTMS2_TGACTCCAGCCGTCGT-1	MouseTMS2	Melanocyte	Melanocyte	CL:0000148	mouse	NCBITaxon:10090	NCBITaxon:10090	EFO:0030080
MouseTMS2_TGACTCCCAAGGAGTC.1	MouseTMS2_TGACTCCCAAGGAGTC-1	MouseTMS2	Macrophage	Macrophage	CL:0000235	mouse	NCBITaxon:10090	NCBITaxon:10090	EFO:0030080
MouseTMS2_TGACTCCTCCTACAAG.1	MouseTMS2_TGACTCCTCCTACAAG-1	MouseTMS2	Corneal epithelium	Corneal epithelium	CL:0000575	mouse	NCBITaxon:10090	NCBITaxon:10090	EFO:0030080
MouseTMS2_TGAGACTAGAGTCTTC.1	MouseTMS2_TGAGACTAGAGTCTTC-1	MouseTMS2	Corneal epithelium	Corneal epithelium	CL:0000575	mouse	NCBITaxon:10090	NCBITaxon:10090	EFO:0030080
MouseTMS2_TGAGACTAGCTGCCTG.1	MouseTMS2_TGAGACTAGCTGCCTG-1	MouseTMS2	Macrophage	Macrophage	CL:0000235	mouse	NCBITaxon:10090	NCBITaxon:10090	EFO:0030080
MouseTMS2_TGAGACTTCCGACAGC.1	MouseTMS2_TGAGACTTCCGACAGC-1	MouseTMS2	Melanocyte	Melanocyte	CL:0000148	mouse	NCBITaxon:10090	NCBITaxon:10090	EFO:0030080
MouseTMS2_TGAGCATCACGCGCTA.1	MouseTMS2_TGAGCATCACGCGCTA-1	MouseTMS2	Corneal epithelium	Corneal epithelium	CL:0000575	mouse	NCBITaxon:10090	NCBITaxon:10090	EFO:0030080
MouseTMS2_TGAGCGCCATTAGGAA.1	MouseTMS2_TGAGCGCCATTAGGAA-1	MouseTMS2	Melanocyte	Melanocyte	CL:0000148	mouse	NCBITaxon:10090	NCBITaxon:10090	EFO:0030080
MouseTMS2_TGAGGAGGTGAGATTA.1	MouseTMS2_TGAGGAGGTGAGATTA-1	MouseTMS2	Melanocyte	Melanocyte	CL:0000148	mouse	NCBITaxon:10090	NCBITaxon:10090	EFO:0030080
MouseTMS2_TGAGGGAGTCACTTCC.1	MouseTMS2_TGAGGGAGTCACTTCC-1	MouseTMS2	Melanocyte	Melanocyte	CL:0000148	mouse	NCBITaxon:10090	NCBITaxon:10090	EFO:0030080
MouseTMS2_TGAGTCACAATTCGTG.1	MouseTMS2_TGAGTCACAATTCGTG-1	MouseTMS2	JCT	JCT	CL:0002320	mouse	NCBITaxon:10090	NCBITaxon:10090	EFO:0030080
MouseTMS2_TGATCAGGTATCGCAT.1	MouseTMS2_TGATCAGGTATCGCAT-1	MouseTMS2	Melanocyte	Melanocyte	CL:0000148	mouse	NCBITaxon:10090	NCBITaxon:10090	EFO:0030080
MouseTMS2_TGATCAGGTCCCTGTT.1	MouseTMS2_TGATCAGGTCCCTGTT-1	MouseTMS2	Melanocyte	Melanocyte	CL:0000148	mouse	NCBITaxon:10090	NCBITaxon:10090	EFO:0030080
MouseTMS2_TGATCAGTCGGTCGGT.1	MouseTMS2_TGATCAGTCGGTCGGT-1	MouseTMS2	Melanocyte	Melanocyte	CL:0000148	mouse	NCBITaxon:10090	NCBITaxon:10090	EFO:0030080
MouseTMS2_TGATGCACACAGCATT.1	MouseTMS2_TGATGCACACAGCATT-1	MouseTMS2	Corneal epithelium	Corneal epithelium	CL:0000575	mouse	NCBITaxon:10090	NCBITaxon:10090	EFO:0030080
MouseTMS2_TGATGCACAGTCACGC.1	MouseTMS2_TGATGCACAGTCACGC-1	MouseTMS2	Corneal epithelium	Corneal epithelium	CL:0000575	mouse	NCBITaxon:10090	NCBITaxon:10090	EFO:0030080
MouseTMS2_TGATGCACAGTGTGCC.1	MouseTMS2_TGATGCACAGTGTGCC-1	MouseTMS2	Melanocyte	Melanocyte	CL:0000148	mouse	NCBITaxon:10090	NCBITaxon:10090	EFO:0030080
MouseTMS2_TGATGCATCGTGTGGC.1	MouseTMS2_TGATGCATCGTGTGGC-1	MouseTMS2	Corneal epithelium	Corneal epithelium	CL:0000575	mouse	NCBITaxon:10090	NCBITaxon:10090	EFO:0030080
MouseTMS2_TGATTCTGTCTCTCTG.1	MouseTMS2_TGATTCTGTCTCTCTG-1	MouseTMS2	JCT	JCT	CL:0002320	mouse	NCBITaxon:10090	NCBITaxon:10090	EFO:0030080
MouseTMS2_TGATTTCAGCACTAAA.1	MouseTMS2_TGATTTCAGCACTAAA-1	MouseTMS2	JCT	JCT	CL:0002320	mouse	NCBITaxon:10090	NCBITaxon:10090	EFO:0030080
MouseTMS2_TGCACGGGTGGTCTCG.1	MouseTMS2_TGCACGGGTGGTCTCG-1	MouseTMS2	JCT	JCT	CL:0002320	mouse	NCBITaxon:10090	NCBITaxon:10090	EFO:0030080
MouseTMS2_TGCAGGCAGCACTCCG.1	MouseTMS2_TGCAGGCAGCACTCCG-1	MouseTMS2	Beam A	Beam A	CL:0000327	mouse	NCBITaxon:10090	NCBITaxon:10090	EFO:0030080
MouseTMS2_TGCAGGCAGTCACGAG.1	MouseTMS2_TGCAGGCAGTCACGAG-1	MouseTMS2	NK/T cell	NK/T cell	CL:0000814	mouse	NCBITaxon:10090	NCBITaxon:10090	EFO:0030080
MouseTMS2_TGCAGGCCAATCCTAG.1	MouseTMS2_TGCAGGCCAATCCTAG-1	MouseTMS2	Pericyte	Pericyte	CL:0000669	mouse	NCBITaxon:10090	NCBITaxon:10090	EFO:0030080
MouseTMS2_TGCAGGCGTGGTTTAC.1	MouseTMS2_TGCAGGCGTGGTTTAC-1	MouseTMS2	Ciliary muscle	Ciliary muscle	CL:1000443	mouse	NCBITaxon:10090	NCBITaxon:10090	EFO:0030080
MouseTMS2_TGCAGGCGTGTGACCC.1	MouseTMS2_TGCAGGCGTGTGACCC-1	MouseTMS2	Corneal epithelium	Corneal epithelium	CL:0000575	mouse	NCBITaxon:10090	NCBITaxon:10090	EFO:0030080
MouseTMS2_TGCAGTATCTCTGGTC.1	MouseTMS2_TGCAGTATCTCTGGTC-1	MouseTMS2	Corneal epithelium	Corneal epithelium	CL:0000575	mouse	NCBITaxon:10090	NCBITaxon:10090	EFO:0030080
MouseTMS2_TGCATGATCCGTGTGG.1	MouseTMS2_TGCATGATCCGTGTGG-1	MouseTMS2	JCT	JCT	CL:0002320	mouse	NCBITaxon:10090	NCBITaxon:10090	EFO:0030080
MouseTMS2_TGCGACGCACGGCACT.1	MouseTMS2_TGCGACGCACGGCACT-1	MouseTMS2	Melanocyte	Melanocyte	CL:0000148	mouse	NCBITaxon:10090	NCBITaxon:10090	EFO:0030080
MouseTMS2_TGCGATAAGTAGTCTC.1	MouseTMS2_TGCGATAAGTAGTCTC-1	MouseTMS2	Macrophage	Macrophage	CL:0000235	mouse	NCBITaxon:10090	NCBITaxon:10090	EFO:0030080
MouseTMS2_TGCGATAGTTGCTGAT.1	MouseTMS2_TGCGATAGTTGCTGAT-1	MouseTMS2	Melanocyte	Melanocyte	CL:0000148	mouse	NCBITaxon:10090	NCBITaxon:10090	EFO:0030080
MouseTMS2_TGCGGCAAGTAAGCAT.1	MouseTMS2_TGCGGCAAGTAAGCAT-1	MouseTMS2	Macrophage	Macrophage	CL:0000235	mouse	NCBITaxon:10090	NCBITaxon:10090	EFO:0030080
MouseTMS2_TGCGGGTAGAGCCCAA.1	MouseTMS2_TGCGGGTAGAGCCCAA-1	MouseTMS2	Macrophage	Macrophage	CL:0000235	mouse	NCBITaxon:10090	NCBITaxon:10090	EFO:0030080
MouseTMS2_TGCGGGTCATCCTTCG.1	MouseTMS2_TGCGGGTCATCCTTCG-1	MouseTMS2	Macrophage	Macrophage	CL:0000235	mouse	NCBITaxon:10090	NCBITaxon:10090	EFO:0030080
MouseTMS2_TGCTCCACAGCCTACG.1	MouseTMS2_TGCTCCACAGCCTACG-1	MouseTMS2	Melanocyte	Melanocyte	CL:0000148	mouse	NCBITaxon:10090	NCBITaxon:10090	EFO:0030080
MouseTMS2_TGCTCGTAGGACAACC.1	MouseTMS2_TGCTCGTAGGACAACC-1	MouseTMS2	Melanocyte	Melanocyte	CL:0000148	mouse	NCBITaxon:10090	NCBITaxon:10090	EFO:0030080
MouseTMS2_TGCTGAATCAGGAGAC.1	MouseTMS2_TGCTGAATCAGGAGAC-1	MouseTMS2	Melanocyte	Melanocyte	CL:0000148	mouse	NCBITaxon:10090	NCBITaxon:10090	EFO:0030080
MouseTMS2_TGCTTCGTCAACCCGG.1	MouseTMS2_TGCTTCGTCAACCCGG-1	MouseTMS2	Melanocyte	Melanocyte	CL:0000148	mouse	NCBITaxon:10090	NCBITaxon:10090	EFO:0030080
MouseTMS2_TGCTTCGTCCTAGCCT.1	MouseTMS2_TGCTTCGTCCTAGCCT-1	MouseTMS2	Melanocyte	Melanocyte	CL:0000148	mouse	NCBITaxon:10090	NCBITaxon:10090	EFO:0030080
MouseTMS2_TGGAACTGTTTAGAGA.1	MouseTMS2_TGGAACTGTTTAGAGA-1	MouseTMS2	Macrophage	Macrophage	CL:0000235	mouse	NCBITaxon:10090	NCBITaxon:10090	EFO:0030080
MouseTMS2_TGGATGTGTGCCCGTA.1	MouseTMS2_TGGATGTGTGCCCGTA-1	MouseTMS2	Macrophage	Macrophage	CL:0000235	mouse	NCBITaxon:10090	NCBITaxon:10090	EFO:0030080
MouseTMS2_TGGATGTTCACCGACG.1	MouseTMS2_TGGATGTTCACCGACG-1	MouseTMS2	JCT	JCT	CL:0002320	mouse	NCBITaxon:10090	NCBITaxon:10090	EFO:0030080
MouseTMS2_TGGATGTTCATCACAG.1	MouseTMS2_TGGATGTTCATCACAG-1	MouseTMS2	Melanocyte	Melanocyte	CL:0000148	mouse	NCBITaxon:10090	NCBITaxon:10090	EFO:0030080
MouseTMS2_TGGCGTGGTTATTCCT.1	MouseTMS2_TGGCGTGGTTATTCCT-1	MouseTMS2	Melanocyte	Melanocyte	CL:0000148	mouse	NCBITaxon:10090	NCBITaxon:10090	EFO:0030080
MouseTMS2_TGGCGTGTCCGCAAAT.1	MouseTMS2_TGGCGTGTCCGCAAAT-1	MouseTMS2	JCT	JCT	CL:0002320	mouse	NCBITaxon:10090	NCBITaxon:10090	EFO:0030080
MouseTMS2_TGGGAAGAGTAGTCCT.1	MouseTMS2_TGGGAAGAGTAGTCCT-1	MouseTMS2	Melanocyte	Melanocyte	CL:0000148	mouse	NCBITaxon:10090	NCBITaxon:10090	EFO:0030080
MouseTMS2_TGGGAAGCACCTCTAC.1	MouseTMS2_TGGGAAGCACCTCTAC-1	MouseTMS2	Beam A	Beam A	CL:0000327	mouse	NCBITaxon:10090	NCBITaxon:10090	EFO:0030080
MouseTMS2_TGGGAAGGTGACTGTT.1	MouseTMS2_TGGGAAGGTGACTGTT-1	MouseTMS2	JCT	JCT	CL:0002320	mouse	NCBITaxon:10090	NCBITaxon:10090	EFO:0030080
MouseTMS2_TGGGATTGTCTTTCAT.1	MouseTMS2_TGGGATTGTCTTTCAT-1	MouseTMS2	Melanocyte	Melanocyte	CL:0000148	mouse	NCBITaxon:10090	NCBITaxon:10090	EFO:0030080
MouseTMS2_TGGGCGTCAACACAAA.1	MouseTMS2_TGGGCGTCAACACAAA-1	MouseTMS2	Corneal epithelium	Corneal epithelium	CL:0000575	mouse	NCBITaxon:10090	NCBITaxon:10090	EFO:0030080
MouseTMS2_TGGGCGTGTGAAAGTT.1	MouseTMS2_TGGGCGTGTGAAAGTT-1	MouseTMS2	Macrophage	Macrophage	CL:0000235	mouse	NCBITaxon:10090	NCBITaxon:10090	EFO:0030080
MouseTMS2_TGGGTTAAGGTTCACT.1	MouseTMS2_TGGGTTAAGGTTCACT-1	MouseTMS2	Ciliary muscle	Ciliary muscle	CL:1000443	mouse	NCBITaxon:10090	NCBITaxon:10090	EFO:0030080
MouseTMS2_TGGGTTACAAGACCTT.1	MouseTMS2_TGGGTTACAAGACCTT-1	MouseTMS2	Pericyte	Pericyte	CL:0000669	mouse	NCBITaxon:10090	NCBITaxon:10090	EFO:0030080
MouseTMS2_TGGTACAAGGCTCTAT.1	MouseTMS2_TGGTACAAGGCTCTAT-1	MouseTMS2	Melanocyte	Melanocyte	CL:0000148	mouse	NCBITaxon:10090	NCBITaxon:10090	EFO:0030080
MouseTMS2_TGGTAGTGTCTAATCG.1	MouseTMS2_TGGTAGTGTCTAATCG-1	MouseTMS2	Macrophage	Macrophage	CL:0000235	mouse	NCBITaxon:10090	NCBITaxon:10090	EFO:0030080
MouseTMS2_TGGTGATCAAGTTCGT.1	MouseTMS2_TGGTGATCAAGTTCGT-1	MouseTMS2	Macrophage	Macrophage	CL:0000235	mouse	NCBITaxon:10090	NCBITaxon:10090	EFO:0030080
MouseTMS2_TGGTGATGTGATAGTA.1	MouseTMS2_TGGTGATGTGATAGTA-1	MouseTMS2	Melanocyte	Melanocyte	CL:0000148	mouse	NCBITaxon:10090	NCBITaxon:10090	EFO:0030080
MouseTMS2_TGGTTAGTCAGTCAGT.1	MouseTMS2_TGGTTAGTCAGTCAGT-1	MouseTMS2	B cell	B cell	CL:0000236	mouse	NCBITaxon:10090	NCBITaxon:10090	EFO:0030080
MouseTMS2_TGGTTAGTCTTCGGTC.1	MouseTMS2_TGGTTAGTCTTCGGTC-1	MouseTMS2	Macrophage	Macrophage	CL:0000235	mouse	NCBITaxon:10090	NCBITaxon:10090	EFO:0030080
MouseTMS2_TGTAACGGTCCGTACG.1	MouseTMS2_TGTAACGGTCCGTACG-1	MouseTMS2	Melanocyte	Melanocyte	CL:0000148	mouse	NCBITaxon:10090	NCBITaxon:10090	EFO:0030080
MouseTMS2_TGTAACGTCCCGAAAT.1	MouseTMS2_TGTAACGTCCCGAAAT-1	MouseTMS2	B cell	B cell	CL:0000236	mouse	NCBITaxon:10090	NCBITaxon:10090	EFO:0030080
MouseTMS2_TGTACAGTCTCTCCGA.1	MouseTMS2_TGTACAGTCTCTCCGA-1	MouseTMS2	JCT	JCT	CL:0002320	mouse	NCBITaxon:10090	NCBITaxon:10090	EFO:0030080
MouseTMS2_TGTCAGAGTGAGCAGT.1	MouseTMS2_TGTCAGAGTGAGCAGT-1	MouseTMS2	Beam A	Beam A	CL:0000327	mouse	NCBITaxon:10090	NCBITaxon:10090	EFO:0030080
MouseTMS2_TGTCAGATCTATCACT.1	MouseTMS2_TGTCAGATCTATCACT-1	MouseTMS2	Beam A	Beam A	CL:0000327	mouse	NCBITaxon:10090	NCBITaxon:10090	EFO:0030080
MouseTMS2_TGTCCACCATTGTACG.1	MouseTMS2_TGTCCACCATTGTACG-1	MouseTMS2	NK/T cell	NK/T cell	CL:0000814	mouse	NCBITaxon:10090	NCBITaxon:10090	EFO:0030080
MouseTMS2_TGTCCCAAGCATTGAA.1	MouseTMS2_TGTCCCAAGCATTGAA-1	MouseTMS2	Melanocyte	Melanocyte	CL:0000148	mouse	NCBITaxon:10090	NCBITaxon:10090	EFO:0030080
MouseTMS2_TGTCCTGGTAGTGGCA.1	MouseTMS2_TGTCCTGGTAGTGGCA-1	MouseTMS2	Melanocyte	Melanocyte	CL:0000148	mouse	NCBITaxon:10090	NCBITaxon:10090	EFO:0030080
MouseTMS2_TGTGAGTAGGACTGGT.1	MouseTMS2_TGTGAGTAGGACTGGT-1	MouseTMS2	Pericyte	Pericyte	CL:0000669	mouse	NCBITaxon:10090	NCBITaxon:10090	EFO:0030080
MouseTMS2_TGTGAGTGTGTGTTTG.1	MouseTMS2_TGTGAGTGTGTGTTTG-1	MouseTMS2	JCT	JCT	CL:0002320	mouse	NCBITaxon:10090	NCBITaxon:10090	EFO:0030080
MouseTMS2_TGTGAGTGTTGGTGTT.1	MouseTMS2_TGTGAGTGTTGGTGTT-1	MouseTMS2	Melanocyte	Melanocyte	CL:0000148	mouse	NCBITaxon:10090	NCBITaxon:10090	EFO:0030080
MouseTMS2_TGTGATGAGGATATAC.1	MouseTMS2_TGTGATGAGGATATAC-1	MouseTMS2	Macrophage	Macrophage	CL:0000235	mouse	NCBITaxon:10090	NCBITaxon:10090	EFO:0030080
MouseTMS2_TGTGATGCAAGAGAGA.1	MouseTMS2_TGTGATGCAAGAGAGA-1	MouseTMS2	Melanocyte	Melanocyte	CL:0000148	mouse	NCBITaxon:10090	NCBITaxon:10090	EFO:0030080
MouseTMS2_TGTGATGCAGCTTTGA.1	MouseTMS2_TGTGATGCAGCTTTGA-1	MouseTMS2	Macrophage	Macrophage	CL:0000235	mouse	NCBITaxon:10090	NCBITaxon:10090	EFO:0030080
MouseTMS2_TGTGATGGTTCCTAAG.1	MouseTMS2_TGTGATGGTTCCTAAG-1	MouseTMS2	Pericyte	Pericyte	CL:0000669	mouse	NCBITaxon:10090	NCBITaxon:10090	EFO:0030080
MouseTMS2_TGTGCGGAGCGCTTCG.1	MouseTMS2_TGTGCGGAGCGCTTCG-1	MouseTMS2	Corneal epithelium	Corneal epithelium	CL:0000575	mouse	NCBITaxon:10090	NCBITaxon:10090	EFO:0030080
MouseTMS2_TGTGGCGGTACGATTC.1	MouseTMS2_TGTGGCGGTACGATTC-1	MouseTMS2	Melanocyte	Melanocyte	CL:0000148	mouse	NCBITaxon:10090	NCBITaxon:10090	EFO:0030080
MouseTMS2_TGTGGCGGTCGGCCTA.1	MouseTMS2_TGTGGCGGTCGGCCTA-1	MouseTMS2	Melanocyte	Melanocyte	CL:0000148	mouse	NCBITaxon:10090	NCBITaxon:10090	EFO:0030080
MouseTMS2_TGTTACTAGACCAAAT.1	MouseTMS2_TGTTACTAGACCAAAT-1	MouseTMS2	Melanocyte	Melanocyte	CL:0000148	mouse	NCBITaxon:10090	NCBITaxon:10090	EFO:0030080
MouseTMS2_TGTTACTGTCTAGTGT.1	MouseTMS2_TGTTACTGTCTAGTGT-1	MouseTMS2	Melanocyte	Melanocyte	CL:0000148	mouse	NCBITaxon:10090	NCBITaxon:10090	EFO:0030080
MouseTMS2_TGTTCATGTTAATCGC.1	MouseTMS2_TGTTCATGTTAATCGC-1	MouseTMS2	Corneal epithelium	Corneal epithelium	CL:0000575	mouse	NCBITaxon:10090	NCBITaxon:10090	EFO:0030080
MouseTMS2_TGTTCCGAGCCTCCAG.1	MouseTMS2_TGTTCCGAGCCTCCAG-1	MouseTMS2	Melanocyte	Melanocyte	CL:0000148	mouse	NCBITaxon:10090	NCBITaxon:10090	EFO:0030080
MouseTMS2_TGTTCCGAGTTGCATC.1	MouseTMS2_TGTTCCGAGTTGCATC-1	MouseTMS2	Melanocyte	Melanocyte	CL:0000148	mouse	NCBITaxon:10090	NCBITaxon:10090	EFO:0030080
MouseTMS2_TTACAGGAGCTGTTAC.1	MouseTMS2_TTACAGGAGCTGTTAC-1	MouseTMS2	Corneal epithelium	Corneal epithelium	CL:0000575	mouse	NCBITaxon:10090	NCBITaxon:10090	EFO:0030080
MouseTMS2_TTACCATAGGGTGAAA.1	MouseTMS2_TTACCATAGGGTGAAA-1	MouseTMS2	B cell	B cell	CL:0000236	mouse	NCBITaxon:10090	NCBITaxon:10090	EFO:0030080
MouseTMS2_TTACCATTCTGAGCAT.1	MouseTMS2_TTACCATTCTGAGCAT-1	MouseTMS2	Macrophage	Macrophage	CL:0000235	mouse	NCBITaxon:10090	NCBITaxon:10090	EFO:0030080
MouseTMS2_TTACCGCAGAGAGGGC.1	MouseTMS2_TTACCGCAGAGAGGGC-1	MouseTMS2	Melanocyte	Melanocyte	CL:0000148	mouse	NCBITaxon:10090	NCBITaxon:10090	EFO:0030080
MouseTMS2_TTACGCCAGACTTCGT.1	MouseTMS2_TTACGCCAGACTTCGT-1	MouseTMS2	Macrophage	Macrophage	CL:0000235	mouse	NCBITaxon:10090	NCBITaxon:10090	EFO:0030080
MouseTMS2_TTACGTTCATGAGTAA.1	MouseTMS2_TTACGTTCATGAGTAA-1	MouseTMS2	Melanocyte	Melanocyte	CL:0000148	mouse	NCBITaxon:10090	NCBITaxon:10090	EFO:0030080
MouseTMS2_TTACGTTGTCACTTCC.1	MouseTMS2_TTACGTTGTCACTTCC-1	MouseTMS2	Pericyte	Pericyte	CL:0000669	mouse	NCBITaxon:10090	NCBITaxon:10090	EFO:0030080
MouseTMS2_TTACTGTTCATGAAAG.1	MouseTMS2_TTACTGTTCATGAAAG-1	MouseTMS2	Melanocyte	Melanocyte	CL:0000148	mouse	NCBITaxon:10090	NCBITaxon:10090	EFO:0030080
MouseTMS2_TTAGGCATCACTGGTA.1	MouseTMS2_TTAGGCATCACTGGTA-1	MouseTMS2	Melanocyte	Melanocyte	CL:0000148	mouse	NCBITaxon:10090	NCBITaxon:10090	EFO:0030080
MouseTMS2_TTAGGGTAGTCTGGTT.1	MouseTMS2_TTAGGGTAGTCTGGTT-1	MouseTMS2	JCT	JCT	CL:0002320	mouse	NCBITaxon:10090	NCBITaxon:10090	EFO:0030080
MouseTMS2_TTAGTCTCAGTAGAGC.1	MouseTMS2_TTAGTCTCAGTAGAGC-1	MouseTMS2	Macrophage	Macrophage	CL:0000235	mouse	NCBITaxon:10090	NCBITaxon:10090	EFO:0030080
MouseTMS2_TTCAATCCAAACACGG.1	MouseTMS2_TTCAATCCAAACACGG-1	MouseTMS2	Melanocyte	Melanocyte	CL:0000148	mouse	NCBITaxon:10090	NCBITaxon:10090	EFO:0030080
MouseTMS2_TTCAATCCACGTAGTT.1	MouseTMS2_TTCAATCCACGTAGTT-1	MouseTMS2	Melanocyte	Melanocyte	CL:0000148	mouse	NCBITaxon:10090	NCBITaxon:10090	EFO:0030080
MouseTMS2_TTCAATCGTCTAATCG.1	MouseTMS2_TTCAATCGTCTAATCG-1	MouseTMS2	Macrophage	Macrophage	CL:0000235	mouse	NCBITaxon:10090	NCBITaxon:10090	EFO:0030080
MouseTMS2_TTCACCGAGAGGGTCT.1	MouseTMS2_TTCACCGAGAGGGTCT-1	MouseTMS2	Beam A	Beam A	CL:0000327	mouse	NCBITaxon:10090	NCBITaxon:10090	EFO:0030080
MouseTMS2_TTCACCGAGTAACGTA.1	MouseTMS2_TTCACCGAGTAACGTA-1	MouseTMS2	Macrophage	Macrophage	CL:0000235	mouse	NCBITaxon:10090	NCBITaxon:10090	EFO:0030080
MouseTMS2_TTCACCGTCTCGCAGG.1	MouseTMS2_TTCACCGTCTCGCAGG-1	MouseTMS2	Melanocyte	Melanocyte	CL:0000148	mouse	NCBITaxon:10090	NCBITaxon:10090	EFO:0030080
MouseTMS2_TTCACGCTCTAGTTCT.1	MouseTMS2_TTCACGCTCTAGTTCT-1	MouseTMS2	Melanocyte	Melanocyte	CL:0000148	mouse	NCBITaxon:10090	NCBITaxon:10090	EFO:0030080
MouseTMS2_TTCATGTAGGCAGCTA.1	MouseTMS2_TTCATGTAGGCAGCTA-1	MouseTMS2	Melanocyte	Melanocyte	CL:0000148	mouse	NCBITaxon:10090	NCBITaxon:10090	EFO:0030080
MouseTMS2_TTCCAATCAGGGAATC.1	MouseTMS2_TTCCAATCAGGGAATC-1	MouseTMS2	Corneal epithelium	Corneal epithelium	CL:0000575	mouse	NCBITaxon:10090	NCBITaxon:10090	EFO:0030080
MouseTMS2_TTCCACGAGCGCTGAA.1	MouseTMS2_TTCCACGAGCGCTGAA-1	MouseTMS2	Macrophage	Macrophage	CL:0000235	mouse	NCBITaxon:10090	NCBITaxon:10090	EFO:0030080
MouseTMS2_TTCCACGGTACATACC.1	MouseTMS2_TTCCACGGTACATACC-1	MouseTMS2	Corneal epithelium	Corneal epithelium	CL:0000575	mouse	NCBITaxon:10090	NCBITaxon:10090	EFO:0030080
MouseTMS2_TTCCACGTCTTGATTC.1	MouseTMS2_TTCCACGTCTTGATTC-1	MouseTMS2	Melanocyte	Melanocyte	CL:0000148	mouse	NCBITaxon:10090	NCBITaxon:10090	EFO:0030080
MouseTMS2_TTCCGGTGTCCACTCT.1	MouseTMS2_TTCCGGTGTCCACTCT-1	MouseTMS2	Melanocyte	Melanocyte	CL:0000148	mouse	NCBITaxon:10090	NCBITaxon:10090	EFO:0030080
MouseTMS2_TTCCGTGGTGACTATC.1	MouseTMS2_TTCCGTGGTGACTATC-1	MouseTMS2	Melanocyte	Melanocyte	CL:0000148	mouse	NCBITaxon:10090	NCBITaxon:10090	EFO:0030080
MouseTMS2_TTCCTAAGTTCATCGA.1	MouseTMS2_TTCCTAAGTTCATCGA-1	MouseTMS2	Melanocyte	Melanocyte	CL:0000148	mouse	NCBITaxon:10090	NCBITaxon:10090	EFO:0030080
MouseTMS2_TTCCTAATCCCTCGTA.1	MouseTMS2_TTCCTAATCCCTCGTA-1	MouseTMS2	Melanocyte	Melanocyte	CL:0000148	mouse	NCBITaxon:10090	NCBITaxon:10090	EFO:0030080
MouseTMS2_TTCCTTCCACGCTGTG.1	MouseTMS2_TTCCTTCCACGCTGTG-1	MouseTMS2	Macrophage	Macrophage	CL:0000235	mouse	NCBITaxon:10090	NCBITaxon:10090	EFO:0030080
MouseTMS2_TTCGCTGCACGCCACA.1	MouseTMS2_TTCGCTGCACGCCACA-1	MouseTMS2	Melanocyte	Melanocyte	CL:0000148	mouse	NCBITaxon:10090	NCBITaxon:10090	EFO:0030080
MouseTMS2_TTCGGTCGTTGACTGT.1	MouseTMS2_TTCGGTCGTTGACTGT-1	MouseTMS2	NK/T cell	NK/T cell	CL:0000814	mouse	NCBITaxon:10090	NCBITaxon:10090	EFO:0030080
MouseTMS2_TTCGGTCTCAAGGTGG.1	MouseTMS2_TTCGGTCTCAAGGTGG-1	MouseTMS2	Melanocyte	Melanocyte	CL:0000148	mouse	NCBITaxon:10090	NCBITaxon:10090	EFO:0030080
MouseTMS2_TTCGGTCTCGAAACAA.1	MouseTMS2_TTCGGTCTCGAAACAA-1	MouseTMS2	Melanocyte	Melanocyte	CL:0000148	mouse	NCBITaxon:10090	NCBITaxon:10090	EFO:0030080
MouseTMS2_TTCTAACTCGTTAGAC.1	MouseTMS2_TTCTAACTCGTTAGAC-1	MouseTMS2	Corneal epithelium	Corneal epithelium	CL:0000575	mouse	NCBITaxon:10090	NCBITaxon:10090	EFO:0030080
MouseTMS2_TTCTAGTAGACATAGT.1	MouseTMS2_TTCTAGTAGACATAGT-1	MouseTMS2	Macrophage	Macrophage	CL:0000235	mouse	NCBITaxon:10090	NCBITaxon:10090	EFO:0030080
MouseTMS2_TTCTCTCAGTAACAGT.1	MouseTMS2_TTCTCTCAGTAACAGT-1	MouseTMS2	Melanocyte	Melanocyte	CL:0000148	mouse	NCBITaxon:10090	NCBITaxon:10090	EFO:0030080
MouseTMS2_TTCTCTCTCGGAACTT.1	MouseTMS2_TTCTCTCTCGGAACTT-1	MouseTMS2	JCT	JCT	CL:0002320	mouse	NCBITaxon:10090	NCBITaxon:10090	EFO:0030080
MouseTMS2_TTCTTCCAGGGAGGGT.1	MouseTMS2_TTCTTCCAGGGAGGGT-1	MouseTMS2	Corneal epithelium	Corneal epithelium	CL:0000575	mouse	NCBITaxon:10090	NCBITaxon:10090	EFO:0030080
MouseTMS2_TTCTTCCCACACGCCA.1	MouseTMS2_TTCTTCCCACACGCCA-1	MouseTMS2	Melanocyte	Melanocyte	CL:0000148	mouse	NCBITaxon:10090	NCBITaxon:10090	EFO:0030080
MouseTMS2_TTCTTCCGTGACCGAA.1	MouseTMS2_TTCTTCCGTGACCGAA-1	MouseTMS2	Corneal epithelium	Corneal epithelium	CL:0000575	mouse	NCBITaxon:10090	NCBITaxon:10090	EFO:0030080
MouseTMS2_TTCTTCCTCTTTGCAT.1	MouseTMS2_TTCTTCCTCTTTGCAT-1	MouseTMS2	Macrophage	Macrophage	CL:0000235	mouse	NCBITaxon:10090	NCBITaxon:10090	EFO:0030080
MouseTMS2_TTGAGTGCAAGTAGTA.1	MouseTMS2_TTGAGTGCAAGTAGTA-1	MouseTMS2	Macrophage	Macrophage	CL:0000235	mouse	NCBITaxon:10090	NCBITaxon:10090	EFO:0030080
MouseTMS2_TTGAGTGCAGTCGGTC.1	MouseTMS2_TTGAGTGCAGTCGGTC-1	MouseTMS2	Corneal epithelium	Corneal epithelium	CL:0000575	mouse	NCBITaxon:10090	NCBITaxon:10090	EFO:0030080
MouseTMS2_TTGCATTAGAGAGAAC.1	MouseTMS2_TTGCATTAGAGAGAAC-1	MouseTMS2	Melanocyte	Melanocyte	CL:0000148	mouse	NCBITaxon:10090	NCBITaxon:10090	EFO:0030080
MouseTMS2_TTGCATTGTTAAGTCC.1	MouseTMS2_TTGCATTGTTAAGTCC-1	MouseTMS2	Melanocyte	Melanocyte	CL:0000148	mouse	NCBITaxon:10090	NCBITaxon:10090	EFO:0030080
MouseTMS2_TTGCCTGCATGAGTAA.1	MouseTMS2_TTGCCTGCATGAGTAA-1	MouseTMS2	Melanocyte	Melanocyte	CL:0000148	mouse	NCBITaxon:10090	NCBITaxon:10090	EFO:0030080
MouseTMS2_TTGGATGCACCCTATC.1	MouseTMS2_TTGGATGCACCCTATC-1	MouseTMS2	Melanocyte	Melanocyte	CL:0000148	mouse	NCBITaxon:10090	NCBITaxon:10090	EFO:0030080
MouseTMS2_TTGGATGCATTGCCTC.1	MouseTMS2_TTGGATGCATTGCCTC-1	MouseTMS2	Macrophage	Macrophage	CL:0000235	mouse	NCBITaxon:10090	NCBITaxon:10090	EFO:0030080
MouseTMS2_TTGGGATCATCGGATT.1	MouseTMS2_TTGGGATCATCGGATT-1	MouseTMS2	Melanocyte	Melanocyte	CL:0000148	mouse	NCBITaxon:10090	NCBITaxon:10090	EFO:0030080
MouseTMS2_TTGGGATGTCATAGTC.1	MouseTMS2_TTGGGATGTCATAGTC-1	MouseTMS2	Corneal epithelium	Corneal epithelium	CL:0000575	mouse	NCBITaxon:10090	NCBITaxon:10090	EFO:0030080
MouseTMS2_TTGGGATTCCTTGACC.1	MouseTMS2_TTGGGATTCCTTGACC-1	MouseTMS2	Macrophage	Macrophage	CL:0000235	mouse	NCBITaxon:10090	NCBITaxon:10090	EFO:0030080
MouseTMS2_TTGGGCGAGTGTAGTA.1	MouseTMS2_TTGGGCGAGTGTAGTA-1	MouseTMS2	Melanocyte	Melanocyte	CL:0000148	mouse	NCBITaxon:10090	NCBITaxon:10090	EFO:0030080
MouseTMS2_TTGGGCGGTGCCTATA.1	MouseTMS2_TTGGGCGGTGCCTATA-1	MouseTMS2	Melanocyte	Melanocyte	CL:0000148	mouse	NCBITaxon:10090	NCBITaxon:10090	EFO:0030080
MouseTMS2_TTGGTTTAGCCGAACA.1	MouseTMS2_TTGGTTTAGCCGAACA-1	MouseTMS2	Corneal epithelium	Corneal epithelium	CL:0000575	mouse	NCBITaxon:10090	NCBITaxon:10090	EFO:0030080
MouseTMS2_TTGTGGAAGGAGTACC.1	MouseTMS2_TTGTGGAAGGAGTACC-1	MouseTMS2	Melanocyte	Melanocyte	CL:0000148	mouse	NCBITaxon:10090	NCBITaxon:10090	EFO:0030080
MouseTMS2_TTGTGGACAGAAATTG.1	MouseTMS2_TTGTGGACAGAAATTG-1	MouseTMS2	Melanocyte	Melanocyte	CL:0000148	mouse	NCBITaxon:10090	NCBITaxon:10090	EFO:0030080
MouseTMS2_TTGTGGAGTACGAGTG.1	MouseTMS2_TTGTGGAGTACGAGTG-1	MouseTMS2	Melanocyte	Melanocyte	CL:0000148	mouse	NCBITaxon:10090	NCBITaxon:10090	EFO:0030080
MouseTMS2_TTGTGGAGTGTCCTAA.1	MouseTMS2_TTGTGGAGTGTCCTAA-1	MouseTMS2	Corneal epithelium	Corneal epithelium	CL:0000575	mouse	NCBITaxon:10090	NCBITaxon:10090	EFO:0030080
MouseTMS2_TTGTTCAAGAGGGTCT.1	MouseTMS2_TTGTTCAAGAGGGTCT-1	MouseTMS2	Macrophage	Macrophage	CL:0000235	mouse	NCBITaxon:10090	NCBITaxon:10090	EFO:0030080
MouseTMS2_TTTACGTCATGTCGTA.1	MouseTMS2_TTTACGTCATGTCGTA-1	MouseTMS2	Corneal epithelium	Corneal epithelium	CL:0000575	mouse	NCBITaxon:10090	NCBITaxon:10090	EFO:0030080
MouseTMS2_TTTACGTGTCGAAACG.1	MouseTMS2_TTTACGTGTCGAAACG-1	MouseTMS2	Corneal epithelium	Corneal epithelium	CL:0000575	mouse	NCBITaxon:10090	NCBITaxon:10090	EFO:0030080
MouseTMS2_TTTACGTGTTCGGTAT.1	MouseTMS2_TTTACGTGTTCGGTAT-1	MouseTMS2	Melanocyte	Melanocyte	CL:0000148	mouse	NCBITaxon:10090	NCBITaxon:10090	EFO:0030080
MouseTMS2_TTTCACACAAGATGTA.1	MouseTMS2_TTTCACACAAGATGTA-1	MouseTMS2	Macrophage	Macrophage	CL:0000235	mouse	NCBITaxon:10090	NCBITaxon:10090	EFO:0030080
MouseTMS2_TTTCAGTCATCGTGCG.1	MouseTMS2_TTTCAGTCATCGTGCG-1	MouseTMS2	Schwann cell	Schwann cell	CL:0002573	mouse	NCBITaxon:10090	NCBITaxon:10090	EFO:0030080
MouseTMS2_TTTCAGTGTGTTCGAT.1	MouseTMS2_TTTCAGTGTGTTCGAT-1	MouseTMS2	Melanocyte	Melanocyte	CL:0000148	mouse	NCBITaxon:10090	NCBITaxon:10090	EFO:0030080
MouseTMS2_TTTCAGTTCAGGAACG.1	MouseTMS2_TTTCAGTTCAGGAACG-1	MouseTMS2	Melanocyte	Melanocyte	CL:0000148	mouse	NCBITaxon:10090	NCBITaxon:10090	EFO:0030080
MouseTMS2_TTTCATGGTCGACGCT.1	MouseTMS2_TTTCATGGTCGACGCT-1	MouseTMS2	Melanocyte	Melanocyte	CL:0000148	mouse	NCBITaxon:10090	NCBITaxon:10090	EFO:0030080
MouseTMS2_TTTCCTCAGCGCCTTG.1	MouseTMS2_TTTCCTCAGCGCCTTG-1	MouseTMS2	Macrophage	Macrophage	CL:0000235	mouse	NCBITaxon:10090	NCBITaxon:10090	EFO:0030080
MouseTMS2_TTTCCTCTCAAGCCAT.1	MouseTMS2_TTTCCTCTCAAGCCAT-1	MouseTMS2	Macrophage	Macrophage	CL:0000235	mouse	NCBITaxon:10090	NCBITaxon:10090	EFO:0030080
MouseTMS2_TTTCGATCACGGTCTG.1	MouseTMS2_TTTCGATCACGGTCTG-1	MouseTMS2	Macrophage	Macrophage	CL:0000235	mouse	NCBITaxon:10090	NCBITaxon:10090	EFO:0030080
MouseTMS2_TTTCGATGTGCCTGAC.1	MouseTMS2_TTTCGATGTGCCTGAC-1	MouseTMS2	Melanocyte	Melanocyte	CL:0000148	mouse	NCBITaxon:10090	NCBITaxon:10090	EFO:0030080
MouseTMS2_TTTCGATTCAGACATC.1	MouseTMS2_TTTCGATTCAGACATC-1	MouseTMS2	JCT	JCT	CL:0002320	mouse	NCBITaxon:10090	NCBITaxon:10090	EFO:0030080
MouseTMS2_TTTGACTTCCGTGGGT.1	MouseTMS2_TTTGACTTCCGTGGGT-1	MouseTMS2	Macrophage	Macrophage	CL:0000235	mouse	NCBITaxon:10090	NCBITaxon:10090	EFO:0030080
MouseTMS2_TTTGATCAGCGTTCCG.1	MouseTMS2_TTTGATCAGCGTTCCG-1	MouseTMS2	Macrophage	Macrophage	CL:0000235	mouse	NCBITaxon:10090	NCBITaxon:10090	EFO:0030080
MouseTMS2_TTTGATCTCGTGCTCT.1	MouseTMS2_TTTGATCTCGTGCTCT-1	MouseTMS2	Melanocyte	Melanocyte	CL:0000148	mouse	NCBITaxon:10090	NCBITaxon:10090	EFO:0030080
MouseTMS2_TTTGGAGGTACCAATC.1	MouseTMS2_TTTGGAGGTACCAATC-1	MouseTMS2	Macrophage	Macrophage	CL:0000235	mouse	NCBITaxon:10090	NCBITaxon:10090	EFO:0030080
MouseTMS2_TTTGGAGTCCACGTCT.1	MouseTMS2_TTTGGAGTCCACGTCT-1	MouseTMS2	Macrophage	Macrophage	CL:0000235	mouse	NCBITaxon:10090	NCBITaxon:10090	EFO:0030080
MouseTMS2_TTTGGTTAGCCGATTT.1	MouseTMS2_TTTGGTTAGCCGATTT-1	MouseTMS2	Melanocyte	Melanocyte	CL:0000148	mouse	NCBITaxon:10090	NCBITaxon:10090	EFO:0030080
MouseTMS2_TTTGGTTAGTGTGTTC.1	MouseTMS2_TTTGGTTAGTGTGTTC-1	MouseTMS2	Melanocyte	Melanocyte	CL:0000148	mouse	NCBITaxon:10090	NCBITaxon:10090	EFO:0030080
MouseTMS2_TTTGGTTGTCAGGAGT.1	MouseTMS2_TTTGGTTGTCAGGAGT-1	MouseTMS2	Melanocyte	Melanocyte	CL:0000148	mouse	NCBITaxon:10090	NCBITaxon:10090	EFO:0030080
MouseTMS2_TTTGTTGCAAGTTCGT.1	MouseTMS2_TTTGTTGCAAGTTCGT-1	MouseTMS2	Macrophage	Macrophage	CL:0000235	mouse	NCBITaxon:10090	NCBITaxon:10090	EFO:0030080
