source_obs_name	geo_cell_id	orig.ident	celltype	cell_type	cell_type_ontology_term_id	species	source_organism_ontology_term_id	organism_ontology_term_id	assay_ontology_term_id
Pig6_AAAGTCCAGGGTGAGG.1	Pig6_AAAGTCCAGGGTGAGG-1	Pig6	Beam A	Beam A	CL:0000327	pig	NCBITaxon:9823	NCBITaxon:9823	EFO:0030080
Pig6_AAAGTGAAGCATATGA.1	Pig6_AAAGTGAAGCATATGA-1	Pig6	Fibroblast	Fibroblast	CL:0000057	pig	NCBITaxon:9823	NCBITaxon:9823	EFO:0030080
Pig6_AAAGTGACACTCAGAT.1	Pig6_AAAGTGACACTCAGAT-1	Pig6	Beam A	Beam A	CL:0000327	pig	NCBITaxon:9823	NCBITaxon:9823	EFO:0030080
Pig6_AAAGTGATCATTACCT.1	Pig6_AAAGTGATCATTACCT-1	Pig6	Beam A	Beam A	CL:0000327	pig	NCBITaxon:9823	NCBITaxon:9823	EFO:0030080
Pig6_AACAAAGAGTGGACGT.1	Pig6_AACAAAGAGTGGACGT-1	Pig6	Beam A	Beam A	CL:0000327	pig	NCBITaxon:9823	NCBITaxon:9823	EFO:0030080
Pig6_AACAACCGTCGCGGTT.1	Pig6_AACAACCGTCGCGGTT-1	Pig6	Macrophage	Macrophage	CL:0000235	pig	NCBITaxon:9823	NCBITaxon:9823	EFO:0030080
Pig6_AACAAGAGTACCCGCA.1	Pig6_AACAAGAGTACCCGCA-1	Pig6	Melanocyte	Melanocyte	CL:0000148	pig	NCBITaxon:9823	NCBITaxon:9823	EFO:0030080
Pig6_AACACACAGTAAGCAT.1	Pig6_AACACACAGTAAGCAT-1	Pig6	Beam A	Beam A	CL:0000327	pig	NCBITaxon:9823	NCBITaxon:9823	EFO:0030080
Pig6_AACACACTCCAAAGGG.1	Pig6_AACACACTCCAAAGGG-1	Pig6	Beam A	Beam A	CL:0000327	pig	NCBITaxon:9823	NCBITaxon:9823	EFO:0030080
Pig6_AACCAACTCGGCTTGG.1	Pig6_AACCAACTCGGCTTGG-1	Pig6	Melanocyte	Melanocyte	CL:0000148	pig	NCBITaxon:9823	NCBITaxon:9823	EFO:0030080
Pig6_AACCATGAGAACGCGT.1	Pig6_AACCATGAGAACGCGT-1	Pig6	Ciliary muscle	Ciliary muscle	CL:1000443	pig	NCBITaxon:9823	NCBITaxon:9823	EFO:0030080
Pig6_AACCATGAGTCGTTAC.1	Pig6_AACCATGAGTCGTTAC-1	Pig6	Macrophage	Macrophage	CL:0000235	pig	NCBITaxon:9823	NCBITaxon:9823	EFO:0030080
Pig6_AACCCAAAGGAGCTGT.1	Pig6_AACCCAAAGGAGCTGT-1	Pig6	SChlemm's Canal	SChlemm's Canal	CL:0000115	pig	NCBITaxon:9823	NCBITaxon:9823	EFO:0030080
Pig6_AACCCAACACTGCACG.1	Pig6_AACCCAACACTGCACG-1	Pig6	NK/T cell	NK/T cell	CL:0000814	pig	NCBITaxon:9823	NCBITaxon:9823	EFO:0030080
Pig6_AACCTTTAGCAACTCT.1	Pig6_AACCTTTAGCAACTCT-1	Pig6	Macrophage	Macrophage	CL:0000235	pig	NCBITaxon:9823	NCBITaxon:9823	EFO:0030080
Pig6_AACCTTTCACAGCCTG.1	Pig6_AACCTTTCACAGCCTG-1	Pig6	Beam A	Beam A	CL:0000327	pig	NCBITaxon:9823	NCBITaxon:9823	EFO:0030080
Pig6_AACGAAATCTACCTTA.1	Pig6_AACGAAATCTACCTTA-1	Pig6	Pericyte	Pericyte	CL:0000669	pig	NCBITaxon:9823	NCBITaxon:9823	EFO:0030080
Pig6_AACGTCAAGGGTGAGG.1	Pig6_AACGTCAAGGGTGAGG-1	Pig6	Beam A	Beam A	CL:0000327	pig	NCBITaxon:9823	NCBITaxon:9823	EFO:0030080
Pig6_AACGTCATCTTGCAAG.1	Pig6_AACGTCATCTTGCAAG-1	Pig6	Fibroblast	Fibroblast	CL:0000057	pig	NCBITaxon:9823	NCBITaxon:9823	EFO:0030080
Pig6_AAGAACACAGAATGTA.1	Pig6_AAGAACACAGAATGTA-1	Pig6	Pericyte	Pericyte	CL:0000669	pig	NCBITaxon:9823	NCBITaxon:9823	EFO:0030080
Pig6_AAGCGAGCAACGCCCA.1	Pig6_AAGCGAGCAACGCCCA-1	Pig6	Pericyte	Pericyte	CL:0000669	pig	NCBITaxon:9823	NCBITaxon:9823	EFO:0030080
Pig6_AATAGAGGTTAAGAAC.1	Pig6_AATAGAGGTTAAGAAC-1	Pig6	Beam A	Beam A	CL:0000327	pig	NCBITaxon:9823	NCBITaxon:9823	EFO:0030080
Pig6_AATCGACGTGTAGCAG.1	Pig6_AATCGACGTGTAGCAG-1	Pig6	SChlemm's Canal	SChlemm's Canal	CL:0000115	pig	NCBITaxon:9823	NCBITaxon:9823	EFO:0030080
Pig6_AATCGTGTCTCGGTAA.1	Pig6_AATCGTGTCTCGGTAA-1	Pig6	Melanocyte	Melanocyte	CL:0000148	pig	NCBITaxon:9823	NCBITaxon:9823	EFO:0030080
Pig6_AATGAAGTCGTTCTCG.1	Pig6_AATGAAGTCGTTCTCG-1	Pig6	Macrophage	Macrophage	CL:0000235	pig	NCBITaxon:9823	NCBITaxon:9823	EFO:0030080
Pig6_AATGAAGTCTGAGATC.1	Pig6_AATGAAGTCTGAGATC-1	Pig6	Macrophage	Macrophage	CL:0000235	pig	NCBITaxon:9823	NCBITaxon:9823	EFO:0030080
Pig6_AATGACCTCAAATGCC.1	Pig6_AATGACCTCAAATGCC-1	Pig6	Pericyte	Pericyte	CL:0000669	pig	NCBITaxon:9823	NCBITaxon:9823	EFO:0030080
Pig6_AATGCCAAGACCACGA.1	Pig6_AATGCCAAGACCACGA-1	Pig6	SChlemm's Canal	SChlemm's Canal	CL:0000115	pig	NCBITaxon:9823	NCBITaxon:9823	EFO:0030080
Pig6_AATGGAACAGTCAGTT.1	Pig6_AATGGAACAGTCAGTT-1	Pig6	Beam A	Beam A	CL:0000327	pig	NCBITaxon:9823	NCBITaxon:9823	EFO:0030080
Pig6_AATTCCTCAATTGCCA.1	Pig6_AATTCCTCAATTGCCA-1	Pig6	Macrophage	Macrophage	CL:0000235	pig	NCBITaxon:9823	NCBITaxon:9823	EFO:0030080
Pig6_AATTCCTTCTCCCATG.1	Pig6_AATTCCTTCTCCCATG-1	Pig6	Fibroblast	Fibroblast	CL:0000057	pig	NCBITaxon:9823	NCBITaxon:9823	EFO:0030080
Pig6_AATTTCCAGTTGGCTT.1	Pig6_AATTTCCAGTTGGCTT-1	Pig6	Macrophage	Macrophage	CL:0000235	pig	NCBITaxon:9823	NCBITaxon:9823	EFO:0030080
Pig6_ACAACCAAGCTGGTGA.1	Pig6_ACAACCAAGCTGGTGA-1	Pig6	Beam A	Beam A	CL:0000327	pig	NCBITaxon:9823	NCBITaxon:9823	EFO:0030080
Pig6_ACAACCATCGATACGT.1	Pig6_ACAACCATCGATACGT-1	Pig6	Macrophage	Macrophage	CL:0000235	pig	NCBITaxon:9823	NCBITaxon:9823	EFO:0030080
Pig6_ACACCAATCCCAAGCG.1	Pig6_ACACCAATCCCAAGCG-1	Pig6	Macrophage	Macrophage	CL:0000235	pig	NCBITaxon:9823	NCBITaxon:9823	EFO:0030080
Pig6_ACACGCGTCAGCGCGT.1	Pig6_ACACGCGTCAGCGCGT-1	Pig6	Beam A	Beam A	CL:0000327	pig	NCBITaxon:9823	NCBITaxon:9823	EFO:0030080
Pig6_ACAGGGACAGCACGAA.1	Pig6_ACAGGGACAGCACGAA-1	Pig6	Beam A	Beam A	CL:0000327	pig	NCBITaxon:9823	NCBITaxon:9823	EFO:0030080
Pig6_ACATCGAAGGATACGC.1	Pig6_ACATCGAAGGATACGC-1	Pig6	Beam A	Beam A	CL:0000327	pig	NCBITaxon:9823	NCBITaxon:9823	EFO:0030080
Pig6_ACATGCACAACAAGTA.1	Pig6_ACATGCACAACAAGTA-1	Pig6	Beam A	Beam A	CL:0000327	pig	NCBITaxon:9823	NCBITaxon:9823	EFO:0030080
Pig6_ACATGCATCAGACTGT.1	Pig6_ACATGCATCAGACTGT-1	Pig6	Beam A	Beam A	CL:0000327	pig	NCBITaxon:9823	NCBITaxon:9823	EFO:0030080
Pig6_ACCAACAGTTCGATTG.1	Pig6_ACCAACAGTTCGATTG-1	Pig6	Fibroblast	Fibroblast	CL:0000057	pig	NCBITaxon:9823	NCBITaxon:9823	EFO:0030080
Pig6_ACCCTTGCAAGAGGTC.1	Pig6_ACCCTTGCAAGAGGTC-1	Pig6	Fibroblast	Fibroblast	CL:0000057	pig	NCBITaxon:9823	NCBITaxon:9823	EFO:0030080
Pig6_ACCCTTGTCTAGTGTG.1	Pig6_ACCCTTGTCTAGTGTG-1	Pig6	Fibroblast	Fibroblast	CL:0000057	pig	NCBITaxon:9823	NCBITaxon:9823	EFO:0030080
Pig6_ACCTGTCTCCTGTTAT.1	Pig6_ACCTGTCTCCTGTTAT-1	Pig6	Beam A	Beam A	CL:0000327	pig	NCBITaxon:9823	NCBITaxon:9823	EFO:0030080
Pig6_ACGATCACAATCAAGA.1	Pig6_ACGATCACAATCAAGA-1	Pig6	Macrophage	Macrophage	CL:0000235	pig	NCBITaxon:9823	NCBITaxon:9823	EFO:0030080
Pig6_ACGATCAGTATGTCCA.1	Pig6_ACGATCAGTATGTCCA-1	Pig6	Fibroblast	Fibroblast	CL:0000057	pig	NCBITaxon:9823	NCBITaxon:9823	EFO:0030080
Pig6_ACGCACGGTGCCGTTG.1	Pig6_ACGCACGGTGCCGTTG-1	Pig6	Fibroblast	Fibroblast	CL:0000057	pig	NCBITaxon:9823	NCBITaxon:9823	EFO:0030080
Pig6_ACGGAAGCAAGCAGGT.1	Pig6_ACGGAAGCAAGCAGGT-1	Pig6	Fibroblast	Fibroblast	CL:0000057	pig	NCBITaxon:9823	NCBITaxon:9823	EFO:0030080
Pig6_ACGGGTCAGAACCGCA.1	Pig6_ACGGGTCAGAACCGCA-1	Pig6	Beam A	Beam A	CL:0000327	pig	NCBITaxon:9823	NCBITaxon:9823	EFO:0030080
Pig6_ACGGGTCCACGATAGG.1	Pig6_ACGGGTCCACGATAGG-1	Pig6	Fibroblast	Fibroblast	CL:0000057	pig	NCBITaxon:9823	NCBITaxon:9823	EFO:0030080
Pig6_ACGGTTAAGAAGTATC.1	Pig6_ACGGTTAAGAAGTATC-1	Pig6	Beam A	Beam A	CL:0000327	pig	NCBITaxon:9823	NCBITaxon:9823	EFO:0030080
Pig6_ACGTTCCGTGCCGAAA.1	Pig6_ACGTTCCGTGCCGAAA-1	Pig6	Beam A	Beam A	CL:0000327	pig	NCBITaxon:9823	NCBITaxon:9823	EFO:0030080
Pig6_ACTATGGTCATTACCT.1	Pig6_ACTATGGTCATTACCT-1	Pig6	Beam A	Beam A	CL:0000327	pig	NCBITaxon:9823	NCBITaxon:9823	EFO:0030080
Pig6_ACTGATGGTTAGAAAC.1	Pig6_ACTGATGGTTAGAAAC-1	Pig6	Pericyte	Pericyte	CL:0000669	pig	NCBITaxon:9823	NCBITaxon:9823	EFO:0030080
Pig6_ACTGCAATCTTAATCC.1	Pig6_ACTGCAATCTTAATCC-1	Pig6	Pericyte	Pericyte	CL:0000669	pig	NCBITaxon:9823	NCBITaxon:9823	EFO:0030080
Pig6_ACTGTCCTCTAGTTCT.1	Pig6_ACTGTCCTCTAGTTCT-1	Pig6	Fibroblast	Fibroblast	CL:0000057	pig	NCBITaxon:9823	NCBITaxon:9823	EFO:0030080
Pig6_ACTTATCGTTAGAAAC.1	Pig6_ACTTATCGTTAGAAAC-1	Pig6	Beam A	Beam A	CL:0000327	pig	NCBITaxon:9823	NCBITaxon:9823	EFO:0030080
Pig6_ACTTATCGTTCAGTAC.1	Pig6_ACTTATCGTTCAGTAC-1	Pig6	Fibroblast	Fibroblast	CL:0000057	pig	NCBITaxon:9823	NCBITaxon:9823	EFO:0030080
Pig6_ACTTCCGAGGCCTAAG.1	Pig6_ACTTCCGAGGCCTAAG-1	Pig6	Beam A	Beam A	CL:0000327	pig	NCBITaxon:9823	NCBITaxon:9823	EFO:0030080
Pig6_ACTTCCGCAGACCCGT.1	Pig6_ACTTCCGCAGACCCGT-1	Pig6	Fibroblast	Fibroblast	CL:0000057	pig	NCBITaxon:9823	NCBITaxon:9823	EFO:0030080
Pig6_ACTTCCGCATAGATGA.1	Pig6_ACTTCCGCATAGATGA-1	Pig6	Beam A	Beam A	CL:0000327	pig	NCBITaxon:9823	NCBITaxon:9823	EFO:0030080
Pig6_ACTTCGCTCCTTTGAT.1	Pig6_ACTTCGCTCCTTTGAT-1	Pig6	Beam A	Beam A	CL:0000327	pig	NCBITaxon:9823	NCBITaxon:9823	EFO:0030080
Pig6_AGAAATGGTTCTATCT.1	Pig6_AGAAATGGTTCTATCT-1	Pig6	Fibroblast	Fibroblast	CL:0000057	pig	NCBITaxon:9823	NCBITaxon:9823	EFO:0030080
Pig6_AGAACCTTCGCTGACG.1	Pig6_AGAACCTTCGCTGACG-1	Pig6	Beam A	Beam A	CL:0000327	pig	NCBITaxon:9823	NCBITaxon:9823	EFO:0030080
Pig6_AGAAGTATCCAACACA.1	Pig6_AGAAGTATCCAACACA-1	Pig6	Fibroblast	Fibroblast	CL:0000057	pig	NCBITaxon:9823	NCBITaxon:9823	EFO:0030080
Pig6_AGACAAAAGACCTCCG.1	Pig6_AGACAAAAGACCTCCG-1	Pig6	Fibroblast	Fibroblast	CL:0000057	pig	NCBITaxon:9823	NCBITaxon:9823	EFO:0030080
Pig6_AGACACTCACTTGAGT.1	Pig6_AGACACTCACTTGAGT-1	Pig6	Fibroblast	Fibroblast	CL:0000057	pig	NCBITaxon:9823	NCBITaxon:9823	EFO:0030080
Pig6_AGACAGGAGTCATCGT.1	Pig6_AGACAGGAGTCATCGT-1	Pig6	Fibroblast	Fibroblast	CL:0000057	pig	NCBITaxon:9823	NCBITaxon:9823	EFO:0030080
Pig6_AGACCATAGTGCGTCC.1	Pig6_AGACCATAGTGCGTCC-1	Pig6	Fibroblast	Fibroblast	CL:0000057	pig	NCBITaxon:9823	NCBITaxon:9823	EFO:0030080
Pig6_AGACCATTCTTCCCGA.1	Pig6_AGACCATTCTTCCCGA-1	Pig6	Beam A	Beam A	CL:0000327	pig	NCBITaxon:9823	NCBITaxon:9823	EFO:0030080
Pig6_AGACCCGCACTGTGTA.1	Pig6_AGACCCGCACTGTGTA-1	Pig6	Fibroblast	Fibroblast	CL:0000057	pig	NCBITaxon:9823	NCBITaxon:9823	EFO:0030080
Pig6_AGACCCGTCAAAGACA.1	Pig6_AGACCCGTCAAAGACA-1	Pig6	Beam A	Beam A	CL:0000327	pig	NCBITaxon:9823	NCBITaxon:9823	EFO:0030080
Pig6_AGACTCAGTGGACAGT.1	Pig6_AGACTCAGTGGACAGT-1	Pig6	Fibroblast	Fibroblast	CL:0000057	pig	NCBITaxon:9823	NCBITaxon:9823	EFO:0030080
Pig6_AGACTCATCGTTGTTT.1	Pig6_AGACTCATCGTTGTTT-1	Pig6	Macrophage	Macrophage	CL:0000235	pig	NCBITaxon:9823	NCBITaxon:9823	EFO:0030080
Pig6_AGAGAATTCTCGTCAC.1	Pig6_AGAGAATTCTCGTCAC-1	Pig6	Fibroblast	Fibroblast	CL:0000057	pig	NCBITaxon:9823	NCBITaxon:9823	EFO:0030080
Pig6_AGAGCAGGTTGGCCTG.1	Pig6_AGAGCAGGTTGGCCTG-1	Pig6	Beam A	Beam A	CL:0000327	pig	NCBITaxon:9823	NCBITaxon:9823	EFO:0030080
Pig6_AGATCCAGTGAGCAGT.1	Pig6_AGATCCAGTGAGCAGT-1	Pig6	Beam A	Beam A	CL:0000327	pig	NCBITaxon:9823	NCBITaxon:9823	EFO:0030080
Pig6_AGATCGTCACCCAATA.1	Pig6_AGATCGTCACCCAATA-1	Pig6	Beam A	Beam A	CL:0000327	pig	NCBITaxon:9823	NCBITaxon:9823	EFO:0030080
Pig6_AGATGCTGTGACTAAA.1	Pig6_AGATGCTGTGACTAAA-1	Pig6	Fibroblast	Fibroblast	CL:0000057	pig	NCBITaxon:9823	NCBITaxon:9823	EFO:0030080
Pig6_AGCATCACATCAACCA.1	Pig6_AGCATCACATCAACCA-1	Pig6	Fibroblast	Fibroblast	CL:0000057	pig	NCBITaxon:9823	NCBITaxon:9823	EFO:0030080
Pig6_AGCCAGCTCCCTCAAC.1	Pig6_AGCCAGCTCCCTCAAC-1	Pig6	Macrophage	Macrophage	CL:0000235	pig	NCBITaxon:9823	NCBITaxon:9823	EFO:0030080
Pig6_AGCCAGCTCTTAGCCC.1	Pig6_AGCCAGCTCTTAGCCC-1	Pig6	SChlemm's Canal	SChlemm's Canal	CL:0000115	pig	NCBITaxon:9823	NCBITaxon:9823	EFO:0030080
Pig6_AGCGCTGTCATACGAC.1	Pig6_AGCGCTGTCATACGAC-1	Pig6	Fibroblast	Fibroblast	CL:0000057	pig	NCBITaxon:9823	NCBITaxon:9823	EFO:0030080
Pig6_AGCGTATTCCTATTTG.1	Pig6_AGCGTATTCCTATTTG-1	Pig6	Beam A	Beam A	CL:0000327	pig	NCBITaxon:9823	NCBITaxon:9823	EFO:0030080
Pig6_AGCTCAATCGCGTCGA.1	Pig6_AGCTCAATCGCGTCGA-1	Pig6	Beam A	Beam A	CL:0000327	pig	NCBITaxon:9823	NCBITaxon:9823	EFO:0030080
Pig6_AGCTTCCAGCACTCGC.1	Pig6_AGCTTCCAGCACTCGC-1	Pig6	Pericyte	Pericyte	CL:0000669	pig	NCBITaxon:9823	NCBITaxon:9823	EFO:0030080
Pig6_AGCTTCCAGGCATTTC.1	Pig6_AGCTTCCAGGCATTTC-1	Pig6	Beam A	Beam A	CL:0000327	pig	NCBITaxon:9823	NCBITaxon:9823	EFO:0030080
Pig6_AGGAATAGTGCCTACG.1	Pig6_AGGAATAGTGCCTACG-1	Pig6	Beam A	Beam A	CL:0000327	pig	NCBITaxon:9823	NCBITaxon:9823	EFO:0030080
Pig6_AGGATAATCCTAAACG.1	Pig6_AGGATAATCCTAAACG-1	Pig6	Beam A	Beam A	CL:0000327	pig	NCBITaxon:9823	NCBITaxon:9823	EFO:0030080
Pig6_AGGCCACCAACCACGC.1	Pig6_AGGCCACCAACCACGC-1	Pig6	Beam A	Beam A	CL:0000327	pig	NCBITaxon:9823	NCBITaxon:9823	EFO:0030080
Pig6_AGGGAGTCAGCATACT.1	Pig6_AGGGAGTCAGCATACT-1	Pig6	Fibroblast	Fibroblast	CL:0000057	pig	NCBITaxon:9823	NCBITaxon:9823	EFO:0030080
Pig6_AGGTCATGTTCTATCT.1	Pig6_AGGTCATGTTCTATCT-1	Pig6	Beam A	Beam A	CL:0000327	pig	NCBITaxon:9823	NCBITaxon:9823	EFO:0030080
Pig6_AGGTCTAGTCGTACAT.1	Pig6_AGGTCTAGTCGTACAT-1	Pig6	Fibroblast	Fibroblast	CL:0000057	pig	NCBITaxon:9823	NCBITaxon:9823	EFO:0030080
Pig6_AGGTGTTTCGACGCTG.1	Pig6_AGGTGTTTCGACGCTG-1	Pig6	SChlemm's Canal	SChlemm's Canal	CL:0000115	pig	NCBITaxon:9823	NCBITaxon:9823	EFO:0030080
Pig6_AGGTTACAGGTCCAGA.1	Pig6_AGGTTACAGGTCCAGA-1	Pig6	Beam A	Beam A	CL:0000327	pig	NCBITaxon:9823	NCBITaxon:9823	EFO:0030080
Pig6_AGGTTACTCGTTTACT.1	Pig6_AGGTTACTCGTTTACT-1	Pig6	SChlemm's Canal	SChlemm's Canal	CL:0000115	pig	NCBITaxon:9823	NCBITaxon:9823	EFO:0030080
Pig6_AGGTTGTGTACCAATC.1	Pig6_AGGTTGTGTACCAATC-1	Pig6	Fibroblast	Fibroblast	CL:0000057	pig	NCBITaxon:9823	NCBITaxon:9823	EFO:0030080
Pig6_AGTACCAAGAGTCTTC.1	Pig6_AGTACCAAGAGTCTTC-1	Pig6	Fibroblast	Fibroblast	CL:0000057	pig	NCBITaxon:9823	NCBITaxon:9823	EFO:0030080
Pig6_AGTCAACAGTCAGAGC.1	Pig6_AGTCAACAGTCAGAGC-1	Pig6	Macrophage	Macrophage	CL:0000235	pig	NCBITaxon:9823	NCBITaxon:9823	EFO:0030080
Pig6_AGTCACACAACGGTAG.1	Pig6_AGTCACACAACGGTAG-1	Pig6	Beam A	Beam A	CL:0000327	pig	NCBITaxon:9823	NCBITaxon:9823	EFO:0030080
Pig6_AGTCATGCAGTCTTCC.1	Pig6_AGTCATGCAGTCTTCC-1	Pig6	Beam A	Beam A	CL:0000327	pig	NCBITaxon:9823	NCBITaxon:9823	EFO:0030080
Pig6_AGTCTCCGTGGGATTG.1	Pig6_AGTCTCCGTGGGATTG-1	Pig6	Fibroblast	Fibroblast	CL:0000057	pig	NCBITaxon:9823	NCBITaxon:9823	EFO:0030080
Pig6_AGTGACTTCCTTTAGT.1	Pig6_AGTGACTTCCTTTAGT-1	Pig6	Beam A	Beam A	CL:0000327	pig	NCBITaxon:9823	NCBITaxon:9823	EFO:0030080
Pig6_AGTGCCGAGATTACCC.1	Pig6_AGTGCCGAGATTACCC-1	Pig6	Pericyte	Pericyte	CL:0000669	pig	NCBITaxon:9823	NCBITaxon:9823	EFO:0030080
Pig6_AGTGCCGGTCTCACGG.1	Pig6_AGTGCCGGTCTCACGG-1	Pig6	Fibroblast	Fibroblast	CL:0000057	pig	NCBITaxon:9823	NCBITaxon:9823	EFO:0030080
Pig6_AGTTAGCCACAAGTGG.1	Pig6_AGTTAGCCACAAGTGG-1	Pig6	Beam A	Beam A	CL:0000327	pig	NCBITaxon:9823	NCBITaxon:9823	EFO:0030080
Pig6_AGTTCCCAGACGTCCC.1	Pig6_AGTTCCCAGACGTCCC-1	Pig6	Beam A	Beam A	CL:0000327	pig	NCBITaxon:9823	NCBITaxon:9823	EFO:0030080
Pig6_ATACCGACAATTCACG.1	Pig6_ATACCGACAATTCACG-1	Pig6	Macrophage	Macrophage	CL:0000235	pig	NCBITaxon:9823	NCBITaxon:9823	EFO:0030080
Pig6_ATACTTCGTATGAGAT.1	Pig6_ATACTTCGTATGAGAT-1	Pig6	Beam A	Beam A	CL:0000327	pig	NCBITaxon:9823	NCBITaxon:9823	EFO:0030080
Pig6_ATAGACCCATCCTGTC.1	Pig6_ATAGACCCATCCTGTC-1	Pig6	Beam A	Beam A	CL:0000327	pig	NCBITaxon:9823	NCBITaxon:9823	EFO:0030080
Pig6_ATAGAGATCGTTAGAC.1	Pig6_ATAGAGATCGTTAGAC-1	Pig6	Pericyte	Pericyte	CL:0000669	pig	NCBITaxon:9823	NCBITaxon:9823	EFO:0030080
Pig6_ATAGGCTCACCTCTGT.1	Pig6_ATAGGCTCACCTCTGT-1	Pig6	Ciliary muscle	Ciliary muscle	CL:1000443	pig	NCBITaxon:9823	NCBITaxon:9823	EFO:0030080
Pig6_ATAGGCTCACGGAAGT.1	Pig6_ATAGGCTCACGGAAGT-1	Pig6	Corneal endothelium	Corneal endothelium	CL:0000132	pig	NCBITaxon:9823	NCBITaxon:9823	EFO:0030080
Pig6_ATAGGCTCATGGGTCC.1	Pig6_ATAGGCTCATGGGTCC-1	Pig6	Macrophage	Macrophage	CL:0000235	pig	NCBITaxon:9823	NCBITaxon:9823	EFO:0030080
Pig6_ATAGGCTTCTCCACTG.1	Pig6_ATAGGCTTCTCCACTG-1	Pig6	Beam A	Beam A	CL:0000327	pig	NCBITaxon:9823	NCBITaxon:9823	EFO:0030080
Pig6_ATCACTTCAGGTCCGT.1	Pig6_ATCACTTCAGGTCCGT-1	Pig6	NK/T cell	NK/T cell	CL:0000814	pig	NCBITaxon:9823	NCBITaxon:9823	EFO:0030080
Pig6_ATCATTCTCTTCGTAT.1	Pig6_ATCATTCTCTTCGTAT-1	Pig6	Beam A	Beam A	CL:0000327	pig	NCBITaxon:9823	NCBITaxon:9823	EFO:0030080
Pig6_ATCGATGCATGATAGA.1	Pig6_ATCGATGCATGATAGA-1	Pig6	Beam A	Beam A	CL:0000327	pig	NCBITaxon:9823	NCBITaxon:9823	EFO:0030080
Pig6_ATCGGATCACGCGCAT.1	Pig6_ATCGGATCACGCGCAT-1	Pig6	Beam A	Beam A	CL:0000327	pig	NCBITaxon:9823	NCBITaxon:9823	EFO:0030080
Pig6_ATCGGCGCATACAGCT.1	Pig6_ATCGGCGCATACAGCT-1	Pig6	Beam A	Beam A	CL:0000327	pig	NCBITaxon:9823	NCBITaxon:9823	EFO:0030080
Pig6_ATCGTCCGTGGATCAG.1	Pig6_ATCGTCCGTGGATCAG-1	Pig6	SChlemm's Canal	SChlemm's Canal	CL:0000115	pig	NCBITaxon:9823	NCBITaxon:9823	EFO:0030080
Pig6_ATCGTGAGTCAGCGTC.1	Pig6_ATCGTGAGTCAGCGTC-1	Pig6	Beam A	Beam A	CL:0000327	pig	NCBITaxon:9823	NCBITaxon:9823	EFO:0030080
Pig6_ATCGTGATCATGTCAG.1	Pig6_ATCGTGATCATGTCAG-1	Pig6	Beam A	Beam A	CL:0000327	pig	NCBITaxon:9823	NCBITaxon:9823	EFO:0030080
Pig6_ATCTCTATCCTACTGC.1	Pig6_ATCTCTATCCTACTGC-1	Pig6	Fibroblast	Fibroblast	CL:0000057	pig	NCBITaxon:9823	NCBITaxon:9823	EFO:0030080
Pig6_ATGAAAGGTTGTCAGT.1	Pig6_ATGAAAGGTTGTCAGT-1	Pig6	Melanocyte	Melanocyte	CL:0000148	pig	NCBITaxon:9823	NCBITaxon:9823	EFO:0030080
Pig6_ATGACCATCGAACGCC.1	Pig6_ATGACCATCGAACGCC-1	Pig6	Beam A	Beam A	CL:0000327	pig	NCBITaxon:9823	NCBITaxon:9823	EFO:0030080
Pig6_ATGATCGCAACTTGCA.1	Pig6_ATGATCGCAACTTGCA-1	Pig6	Macrophage	Macrophage	CL:0000235	pig	NCBITaxon:9823	NCBITaxon:9823	EFO:0030080
Pig6_ATGATCGCAGACGGAT.1	Pig6_ATGATCGCAGACGGAT-1	Pig6	Beam A	Beam A	CL:0000327	pig	NCBITaxon:9823	NCBITaxon:9823	EFO:0030080
Pig6_ATGCATGTCCCTCATG.1	Pig6_ATGCATGTCCCTCATG-1	Pig6	Pericyte	Pericyte	CL:0000669	pig	NCBITaxon:9823	NCBITaxon:9823	EFO:0030080
Pig6_ATGCCTCGTATATGGA.1	Pig6_ATGCCTCGTATATGGA-1	Pig6	Fibroblast	Fibroblast	CL:0000057	pig	NCBITaxon:9823	NCBITaxon:9823	EFO:0030080
Pig6_ATTCAGGTCAAGTCGT.1	Pig6_ATTCAGGTCAAGTCGT-1	Pig6	Beam A	Beam A	CL:0000327	pig	NCBITaxon:9823	NCBITaxon:9823	EFO:0030080
Pig6_ATTCATCAGTCCCTAA.1	Pig6_ATTCATCAGTCCCTAA-1	Pig6	NK/T cell	NK/T cell	CL:0000814	pig	NCBITaxon:9823	NCBITaxon:9823	EFO:0030080
Pig6_ATTCCTACAATTCGTG.1	Pig6_ATTCCTACAATTCGTG-1	Pig6	Beam A	Beam A	CL:0000327	pig	NCBITaxon:9823	NCBITaxon:9823	EFO:0030080
Pig6_ATTCTTGCATCGGTTA.1	Pig6_ATTCTTGCATCGGTTA-1	Pig6	NK/T cell	NK/T cell	CL:0000814	pig	NCBITaxon:9823	NCBITaxon:9823	EFO:0030080
Pig6_ATTGTTCCATCTGTTT.1	Pig6_ATTGTTCCATCTGTTT-1	Pig6	Beam A	Beam A	CL:0000327	pig	NCBITaxon:9823	NCBITaxon:9823	EFO:0030080
Pig6_ATTTACCTCAAGCTTG.1	Pig6_ATTTACCTCAAGCTTG-1	Pig6	Beam A	Beam A	CL:0000327	pig	NCBITaxon:9823	NCBITaxon:9823	EFO:0030080
Pig6_ATTTACCTCTCGGTCT.1	Pig6_ATTTACCTCTCGGTCT-1	Pig6	Beam A	Beam A	CL:0000327	pig	NCBITaxon:9823	NCBITaxon:9823	EFO:0030080
Pig6_CAAAGAACACTGGACC.1	Pig6_CAAAGAACACTGGACC-1	Pig6	Fibroblast	Fibroblast	CL:0000057	pig	NCBITaxon:9823	NCBITaxon:9823	EFO:0030080
Pig6_CAACAACGTAGTCTTG.1	Pig6_CAACAACGTAGTCTTG-1	Pig6	Pericyte	Pericyte	CL:0000669	pig	NCBITaxon:9823	NCBITaxon:9823	EFO:0030080
Pig6_CAACCTCGTTCGGGTC.1	Pig6_CAACCTCGTTCGGGTC-1	Pig6	Beam A	Beam A	CL:0000327	pig	NCBITaxon:9823	NCBITaxon:9823	EFO:0030080
Pig6_CAACGGCCATGGGTTT.1	Pig6_CAACGGCCATGGGTTT-1	Pig6	Beam A	Beam A	CL:0000327	pig	NCBITaxon:9823	NCBITaxon:9823	EFO:0030080
Pig6_CAACGGCTCGCCATAA.1	Pig6_CAACGGCTCGCCATAA-1	Pig6	Beam A	Beam A	CL:0000327	pig	NCBITaxon:9823	NCBITaxon:9823	EFO:0030080
Pig6_CAAGACTAGAAGTGTT.1	Pig6_CAAGACTAGAAGTGTT-1	Pig6	Beam A	Beam A	CL:0000327	pig	NCBITaxon:9823	NCBITaxon:9823	EFO:0030080
Pig6_CAAGACTCAATCAAGA.1	Pig6_CAAGACTCAATCAAGA-1	Pig6	NK/T cell	NK/T cell	CL:0000814	pig	NCBITaxon:9823	NCBITaxon:9823	EFO:0030080
Pig6_CAAGACTGTCCTCCAT.1	Pig6_CAAGACTGTCCTCCAT-1	Pig6	Beam A	Beam A	CL:0000327	pig	NCBITaxon:9823	NCBITaxon:9823	EFO:0030080
Pig6_CAAGAGGGTTTACACG.1	Pig6_CAAGAGGGTTTACACG-1	Pig6	Beam A	Beam A	CL:0000327	pig	NCBITaxon:9823	NCBITaxon:9823	EFO:0030080
Pig6_CAAGAGGTCGTCGACG.1	Pig6_CAAGAGGTCGTCGACG-1	Pig6	Fibroblast	Fibroblast	CL:0000057	pig	NCBITaxon:9823	NCBITaxon:9823	EFO:0030080
Pig6_CAAGCTAAGATCGGTG.1	Pig6_CAAGCTAAGATCGGTG-1	Pig6	Beam A	Beam A	CL:0000327	pig	NCBITaxon:9823	NCBITaxon:9823	EFO:0030080
Pig6_CAAGCTACAGTCCGTG.1	Pig6_CAAGCTACAGTCCGTG-1	Pig6	Melanocyte	Melanocyte	CL:0000148	pig	NCBITaxon:9823	NCBITaxon:9823	EFO:0030080
Pig6_CAAGCTAGTGGACAGT.1	Pig6_CAAGCTAGTGGACAGT-1	Pig6	Beam A	Beam A	CL:0000327	pig	NCBITaxon:9823	NCBITaxon:9823	EFO:0030080
Pig6_CAAGGGAGTCTCACAA.1	Pig6_CAAGGGAGTCTCACAA-1	Pig6	Fibroblast	Fibroblast	CL:0000057	pig	NCBITaxon:9823	NCBITaxon:9823	EFO:0030080
Pig6_CAATCGAAGTGCTCGC.1	Pig6_CAATCGAAGTGCTCGC-1	Pig6	Beam A	Beam A	CL:0000327	pig	NCBITaxon:9823	NCBITaxon:9823	EFO:0030080
Pig6_CAATCGAGTGCAGGAT.1	Pig6_CAATCGAGTGCAGGAT-1	Pig6	Fibroblast	Fibroblast	CL:0000057	pig	NCBITaxon:9823	NCBITaxon:9823	EFO:0030080
Pig6_CAATTTCGTCATCACA.1	Pig6_CAATTTCGTCATCACA-1	Pig6	Melanocyte	Melanocyte	CL:0000148	pig	NCBITaxon:9823	NCBITaxon:9823	EFO:0030080
Pig6_CACAACACATCAGCGC.1	Pig6_CACAACACATCAGCGC-1	Pig6	Beam A	Beam A	CL:0000327	pig	NCBITaxon:9823	NCBITaxon:9823	EFO:0030080
Pig6_CACACAAGTCCTTAAG.1	Pig6_CACACAAGTCCTTAAG-1	Pig6	Macrophage	Macrophage	CL:0000235	pig	NCBITaxon:9823	NCBITaxon:9823	EFO:0030080
Pig6_CACAGATGTCTACGAT.1	Pig6_CACAGATGTCTACGAT-1	Pig6	Beam A	Beam A	CL:0000327	pig	NCBITaxon:9823	NCBITaxon:9823	EFO:0030080
Pig6_CACAGGCCAAACCATC.1	Pig6_CACAGGCCAAACCATC-1	Pig6	Ciliary muscle	Ciliary muscle	CL:1000443	pig	NCBITaxon:9823	NCBITaxon:9823	EFO:0030080
Pig6_CACGTTCAGCCAGACA.1	Pig6_CACGTTCAGCCAGACA-1	Pig6	Melanocyte	Melanocyte	CL:0000148	pig	NCBITaxon:9823	NCBITaxon:9823	EFO:0030080
Pig6_CACTGGGTCCTCAGGG.1	Pig6_CACTGGGTCCTCAGGG-1	Pig6	Fibroblast	Fibroblast	CL:0000057	pig	NCBITaxon:9823	NCBITaxon:9823	EFO:0030080
Pig6_CACTGTCAGAGTTGCG.1	Pig6_CACTGTCAGAGTTGCG-1	Pig6	Beam A	Beam A	CL:0000327	pig	NCBITaxon:9823	NCBITaxon:9823	EFO:0030080
Pig6_CACTGTCCAACTCCCT.1	Pig6_CACTGTCCAACTCCCT-1	Pig6	Beam A	Beam A	CL:0000327	pig	NCBITaxon:9823	NCBITaxon:9823	EFO:0030080
Pig6_CACTGTCGTTATTCCT.1	Pig6_CACTGTCGTTATTCCT-1	Pig6	Beam A	Beam A	CL:0000327	pig	NCBITaxon:9823	NCBITaxon:9823	EFO:0030080
Pig6_CACTTCGCAATTCTCT.1	Pig6_CACTTCGCAATTCTCT-1	Pig6	Beam A	Beam A	CL:0000327	pig	NCBITaxon:9823	NCBITaxon:9823	EFO:0030080
Pig6_CACTTCGGTGAAGCGT.1	Pig6_CACTTCGGTGAAGCGT-1	Pig6	SChlemm's Canal	SChlemm's Canal	CL:0000115	pig	NCBITaxon:9823	NCBITaxon:9823	EFO:0030080
Pig6_CAGATACAGTAGTCAA.1	Pig6_CAGATACAGTAGTCAA-1	Pig6	Beam A	Beam A	CL:0000327	pig	NCBITaxon:9823	NCBITaxon:9823	EFO:0030080
Pig6_CAGATTGCAATCCAGT.1	Pig6_CAGATTGCAATCCAGT-1	Pig6	Macrophage	Macrophage	CL:0000235	pig	NCBITaxon:9823	NCBITaxon:9823	EFO:0030080
Pig6_CAGCACGGTTCGTTCC.1	Pig6_CAGCACGGTTCGTTCC-1	Pig6	Beam A	Beam A	CL:0000327	pig	NCBITaxon:9823	NCBITaxon:9823	EFO:0030080
Pig6_CAGCAGCAGGTTGGTG.1	Pig6_CAGCAGCAGGTTGGTG-1	Pig6	Beam A	Beam A	CL:0000327	pig	NCBITaxon:9823	NCBITaxon:9823	EFO:0030080
Pig6_CAGCCAGCAGCTGTGC.1	Pig6_CAGCCAGCAGCTGTGC-1	Pig6	Beam A	Beam A	CL:0000327	pig	NCBITaxon:9823	NCBITaxon:9823	EFO:0030080
Pig6_CAGCGTGCACAAGCTT.1	Pig6_CAGCGTGCACAAGCTT-1	Pig6	Macrophage	Macrophage	CL:0000235	pig	NCBITaxon:9823	NCBITaxon:9823	EFO:0030080
Pig6_CAGCGTGTCGCAACAT.1	Pig6_CAGCGTGTCGCAACAT-1	Pig6	Fibroblast	Fibroblast	CL:0000057	pig	NCBITaxon:9823	NCBITaxon:9823	EFO:0030080
Pig6_CAGGTATTCTCTCAAT.1	Pig6_CAGGTATTCTCTCAAT-1	Pig6	Melanocyte	Melanocyte	CL:0000148	pig	NCBITaxon:9823	NCBITaxon:9823	EFO:0030080
Pig6_CAGTGCGTCGGCGATC.1	Pig6_CAGTGCGTCGGCGATC-1	Pig6	Fibroblast	Fibroblast	CL:0000057	pig	NCBITaxon:9823	NCBITaxon:9823	EFO:0030080
Pig6_CATACAGCACTTCTCG.1	Pig6_CATACAGCACTTCTCG-1	Pig6	Fibroblast	Fibroblast	CL:0000057	pig	NCBITaxon:9823	NCBITaxon:9823	EFO:0030080
Pig6_CATACTTCAACCACAT.1	Pig6_CATACTTCAACCACAT-1	Pig6	Pericyte	Pericyte	CL:0000669	pig	NCBITaxon:9823	NCBITaxon:9823	EFO:0030080
Pig6_CATACTTTCCCTCTCC.1	Pig6_CATACTTTCCCTCTCC-1	Pig6	Beam A	Beam A	CL:0000327	pig	NCBITaxon:9823	NCBITaxon:9823	EFO:0030080
Pig6_CATAGACGTATCGTAC.1	Pig6_CATAGACGTATCGTAC-1	Pig6	Fibroblast	Fibroblast	CL:0000057	pig	NCBITaxon:9823	NCBITaxon:9823	EFO:0030080
Pig6_CATCGCTAGTTTGGCT.1	Pig6_CATCGCTAGTTTGGCT-1	Pig6	NK/T cell	NK/T cell	CL:0000814	pig	NCBITaxon:9823	NCBITaxon:9823	EFO:0030080
Pig6_CATCGGGCACGTATAC.1	Pig6_CATCGGGCACGTATAC-1	Pig6	Fibroblast	Fibroblast	CL:0000057	pig	NCBITaxon:9823	NCBITaxon:9823	EFO:0030080
Pig6_CATGAGTAGCGACAGT.1	Pig6_CATGAGTAGCGACAGT-1	Pig6	Macrophage	Macrophage	CL:0000235	pig	NCBITaxon:9823	NCBITaxon:9823	EFO:0030080
Pig6_CATGCCTTCCAGCCTT.1	Pig6_CATGCCTTCCAGCCTT-1	Pig6	Pericyte	Pericyte	CL:0000669	pig	NCBITaxon:9823	NCBITaxon:9823	EFO:0030080
Pig6_CATGCGGAGAGTAACT.1	Pig6_CATGCGGAGAGTAACT-1	Pig6	NK/T cell	NK/T cell	CL:0000814	pig	NCBITaxon:9823	NCBITaxon:9823	EFO:0030080
Pig6_CATGGATCAATTAGGA.1	Pig6_CATGGATCAATTAGGA-1	Pig6	Beam A	Beam A	CL:0000327	pig	NCBITaxon:9823	NCBITaxon:9823	EFO:0030080
Pig6_CATGGATGTCCAGCCA.1	Pig6_CATGGATGTCCAGCCA-1	Pig6	Fibroblast	Fibroblast	CL:0000057	pig	NCBITaxon:9823	NCBITaxon:9823	EFO:0030080
Pig6_CATTGCCTCCGAGGCT.1	Pig6_CATTGCCTCCGAGGCT-1	Pig6	Macrophage	Macrophage	CL:0000235	pig	NCBITaxon:9823	NCBITaxon:9823	EFO:0030080
Pig6_CATTGTTAGGCTCTAT.1	Pig6_CATTGTTAGGCTCTAT-1	Pig6	Fibroblast	Fibroblast	CL:0000057	pig	NCBITaxon:9823	NCBITaxon:9823	EFO:0030080
Pig6_CATTGTTAGTAGAGTT.1	Pig6_CATTGTTAGTAGAGTT-1	Pig6	Beam A	Beam A	CL:0000327	pig	NCBITaxon:9823	NCBITaxon:9823	EFO:0030080
Pig6_CATTGTTCACGCTATA.1	Pig6_CATTGTTCACGCTATA-1	Pig6	Macrophage	Macrophage	CL:0000235	pig	NCBITaxon:9823	NCBITaxon:9823	EFO:0030080
Pig6_CATTTCAAGTGGATTA.1	Pig6_CATTTCAAGTGGATTA-1	Pig6	Fibroblast	Fibroblast	CL:0000057	pig	NCBITaxon:9823	NCBITaxon:9823	EFO:0030080
Pig6_CCAAGCGTCCGCTGTT.1	Pig6_CCAAGCGTCCGCTGTT-1	Pig6	Fibroblast	Fibroblast	CL:0000057	pig	NCBITaxon:9823	NCBITaxon:9823	EFO:0030080
Pig6_CCAATTTTCCTTCACG.1	Pig6_CCAATTTTCCTTCACG-1	Pig6	Pericyte	Pericyte	CL:0000669	pig	NCBITaxon:9823	NCBITaxon:9823	EFO:0030080
Pig6_CCAATTTTCGATACGT.1	Pig6_CCAATTTTCGATACGT-1	Pig6	NK/T cell	NK/T cell	CL:0000814	pig	NCBITaxon:9823	NCBITaxon:9823	EFO:0030080
Pig6_CCACAAATCGGTCGGT.1	Pig6_CCACAAATCGGTCGGT-1	Pig6	Beam A	Beam A	CL:0000327	pig	NCBITaxon:9823	NCBITaxon:9823	EFO:0030080
Pig6_CCACCATAGCAGATAT.1	Pig6_CCACCATAGCAGATAT-1	Pig6	Beam A	Beam A	CL:0000327	pig	NCBITaxon:9823	NCBITaxon:9823	EFO:0030080
Pig6_CCACGTTCACTGGACC.1	Pig6_CCACGTTCACTGGACC-1	Pig6	Pericyte	Pericyte	CL:0000669	pig	NCBITaxon:9823	NCBITaxon:9823	EFO:0030080
Pig6_CCCTCTCAGCATAGGC.1	Pig6_CCCTCTCAGCATAGGC-1	Pig6	Beam A	Beam A	CL:0000327	pig	NCBITaxon:9823	NCBITaxon:9823	EFO:0030080
Pig6_CCCTCTCAGGTACAAT.1	Pig6_CCCTCTCAGGTACAAT-1	Pig6	Beam A	Beam A	CL:0000327	pig	NCBITaxon:9823	NCBITaxon:9823	EFO:0030080
Pig6_CCCTTAGGTCACATTG.1	Pig6_CCCTTAGGTCACATTG-1	Pig6	Beam A	Beam A	CL:0000327	pig	NCBITaxon:9823	NCBITaxon:9823	EFO:0030080
Pig6_CCGATCTTCTAAACGC.1	Pig6_CCGATCTTCTAAACGC-1	Pig6	Beam A	Beam A	CL:0000327	pig	NCBITaxon:9823	NCBITaxon:9823	EFO:0030080
Pig6_CCGGACAGTTGAAGTA.1	Pig6_CCGGACAGTTGAAGTA-1	Pig6	Pericyte	Pericyte	CL:0000669	pig	NCBITaxon:9823	NCBITaxon:9823	EFO:0030080
Pig6_CCGGTAGGTAGTATAG.1	Pig6_CCGGTAGGTAGTATAG-1	Pig6	Pericyte	Pericyte	CL:0000669	pig	NCBITaxon:9823	NCBITaxon:9823	EFO:0030080
Pig6_CCGTTCACACTGCTTC.1	Pig6_CCGTTCACACTGCTTC-1	Pig6	Beam A	Beam A	CL:0000327	pig	NCBITaxon:9823	NCBITaxon:9823	EFO:0030080
Pig6_CCTACGTCAATGAGCG.1	Pig6_CCTACGTCAATGAGCG-1	Pig6	Fibroblast	Fibroblast	CL:0000057	pig	NCBITaxon:9823	NCBITaxon:9823	EFO:0030080
Pig6_CCTATCGAGTCGGCAA.1	Pig6_CCTATCGAGTCGGCAA-1	Pig6	Pericyte	Pericyte	CL:0000669	pig	NCBITaxon:9823	NCBITaxon:9823	EFO:0030080
Pig6_CCTATCGGTTCTTAGG.1	Pig6_CCTATCGGTTCTTAGG-1	Pig6	Pericyte	Pericyte	CL:0000669	pig	NCBITaxon:9823	NCBITaxon:9823	EFO:0030080
Pig6_CCTATCGTCACGACTA.1	Pig6_CCTATCGTCACGACTA-1	Pig6	NK/T cell	NK/T cell	CL:0000814	pig	NCBITaxon:9823	NCBITaxon:9823	EFO:0030080
Pig6_CCTCAGTGTACGAGCA.1	Pig6_CCTCAGTGTACGAGCA-1	Pig6	Pericyte	Pericyte	CL:0000669	pig	NCBITaxon:9823	NCBITaxon:9823	EFO:0030080
Pig6_CCTCCAACAGGTGAGT.1	Pig6_CCTCCAACAGGTGAGT-1	Pig6	Fibroblast	Fibroblast	CL:0000057	pig	NCBITaxon:9823	NCBITaxon:9823	EFO:0030080
Pig6_CCTCCTCCAGCTGTCG.1	Pig6_CCTCCTCCAGCTGTCG-1	Pig6	Pericyte	Pericyte	CL:0000669	pig	NCBITaxon:9823	NCBITaxon:9823	EFO:0030080
Pig6_CCTTGTGAGAGGCGTT.1	Pig6_CCTTGTGAGAGGCGTT-1	Pig6	Beam A	Beam A	CL:0000327	pig	NCBITaxon:9823	NCBITaxon:9823	EFO:0030080
Pig6_CCTTGTGCAGCTTTGA.1	Pig6_CCTTGTGCAGCTTTGA-1	Pig6	Beam A	Beam A	CL:0000327	pig	NCBITaxon:9823	NCBITaxon:9823	EFO:0030080
Pig6_CCTTTGGCAAAGTATG.1	Pig6_CCTTTGGCAAAGTATG-1	Pig6	Beam A	Beam A	CL:0000327	pig	NCBITaxon:9823	NCBITaxon:9823	EFO:0030080
Pig6_CCTTTGGTCCCATAGA.1	Pig6_CCTTTGGTCCCATAGA-1	Pig6	Melanocyte	Melanocyte	CL:0000148	pig	NCBITaxon:9823	NCBITaxon:9823	EFO:0030080
Pig6_CCTTTGGTCGTGCTCT.1	Pig6_CCTTTGGTCGTGCTCT-1	Pig6	Beam A	Beam A	CL:0000327	pig	NCBITaxon:9823	NCBITaxon:9823	EFO:0030080
Pig6_CGAAGGACAGTCCGTG.1	Pig6_CGAAGGACAGTCCGTG-1	Pig6	Beam A	Beam A	CL:0000327	pig	NCBITaxon:9823	NCBITaxon:9823	EFO:0030080
Pig6_CGAGAAGAGGCCGCTT.1	Pig6_CGAGAAGAGGCCGCTT-1	Pig6	Pericyte	Pericyte	CL:0000669	pig	NCBITaxon:9823	NCBITaxon:9823	EFO:0030080
Pig6_CGAGTTAGTCGCGTCA.1	Pig6_CGAGTTAGTCGCGTCA-1	Pig6	Melanocyte	Melanocyte	CL:0000148	pig	NCBITaxon:9823	NCBITaxon:9823	EFO:0030080
Pig6_CGATGGCCAACTGGTT.1	Pig6_CGATGGCCAACTGGTT-1	Pig6	Macrophage	Macrophage	CL:0000235	pig	NCBITaxon:9823	NCBITaxon:9823	EFO:0030080
Pig6_CGCAGGTAGCACGATG.1	Pig6_CGCAGGTAGCACGATG-1	Pig6	Beam A	Beam A	CL:0000327	pig	NCBITaxon:9823	NCBITaxon:9823	EFO:0030080
Pig6_CGCAGGTGTCTGCCTT.1	Pig6_CGCAGGTGTCTGCCTT-1	Pig6	Beam A	Beam A	CL:0000327	pig	NCBITaxon:9823	NCBITaxon:9823	EFO:0030080
Pig6_CGCATAAGTCGCCACA.1	Pig6_CGCATAAGTCGCCACA-1	Pig6	Fibroblast	Fibroblast	CL:0000057	pig	NCBITaxon:9823	NCBITaxon:9823	EFO:0030080
Pig6_CGCATGGGTGAACGGT.1	Pig6_CGCATGGGTGAACGGT-1	Pig6	NK/T cell	NK/T cell	CL:0000814	pig	NCBITaxon:9823	NCBITaxon:9823	EFO:0030080
Pig6_CGCCATTTCAAGTCGT.1	Pig6_CGCCATTTCAAGTCGT-1	Pig6	Beam A	Beam A	CL:0000327	pig	NCBITaxon:9823	NCBITaxon:9823	EFO:0030080
Pig6_CGGGTCAAGCCTTGAT.1	Pig6_CGGGTCAAGCCTTGAT-1	Pig6	Fibroblast	Fibroblast	CL:0000057	pig	NCBITaxon:9823	NCBITaxon:9823	EFO:0030080
Pig6_CGGGTCATCTTTGCAT.1	Pig6_CGGGTCATCTTTGCAT-1	Pig6	Beam A	Beam A	CL:0000327	pig	NCBITaxon:9823	NCBITaxon:9823	EFO:0030080
Pig6_CGGGTGTAGGATTTCC.1	Pig6_CGGGTGTAGGATTTCC-1	Pig6	SChlemm's Canal	SChlemm's Canal	CL:0000115	pig	NCBITaxon:9823	NCBITaxon:9823	EFO:0030080
Pig6_CGTCAAAAGAGCCGTA.1	Pig6_CGTCAAAAGAGCCGTA-1	Pig6	Fibroblast	Fibroblast	CL:0000057	pig	NCBITaxon:9823	NCBITaxon:9823	EFO:0030080
Pig6_CGTCAAATCAGAGTGG.1	Pig6_CGTCAAATCAGAGTGG-1	Pig6	Macrophage	Macrophage	CL:0000235	pig	NCBITaxon:9823	NCBITaxon:9823	EFO:0030080
Pig6_CGTCAAATCAGTGTTG.1	Pig6_CGTCAAATCAGTGTTG-1	Pig6	Fibroblast	Fibroblast	CL:0000057	pig	NCBITaxon:9823	NCBITaxon:9823	EFO:0030080
Pig6_CGTCCATCACCAGTTA.1	Pig6_CGTCCATCACCAGTTA-1	Pig6	Pericyte	Pericyte	CL:0000669	pig	NCBITaxon:9823	NCBITaxon:9823	EFO:0030080
Pig6_CGTTAGACACTCCTTG.1	Pig6_CGTTAGACACTCCTTG-1	Pig6	Beam A	Beam A	CL:0000327	pig	NCBITaxon:9823	NCBITaxon:9823	EFO:0030080
Pig6_CGTTCTGGTACCCACG.1	Pig6_CGTTCTGGTACCCACG-1	Pig6	Beam A	Beam A	CL:0000327	pig	NCBITaxon:9823	NCBITaxon:9823	EFO:0030080
Pig6_CGTTGGGGTGGTACAG.1	Pig6_CGTTGGGGTGGTACAG-1	Pig6	Beam A	Beam A	CL:0000327	pig	NCBITaxon:9823	NCBITaxon:9823	EFO:0030080
Pig6_CTAACCCAGAAGAACG.1	Pig6_CTAACCCAGAAGAACG-1	Pig6	Melanocyte	Melanocyte	CL:0000148	pig	NCBITaxon:9823	NCBITaxon:9823	EFO:0030080
Pig6_CTAAGTGCAGCGCGTT.1	Pig6_CTAAGTGCAGCGCGTT-1	Pig6	Fibroblast	Fibroblast	CL:0000057	pig	NCBITaxon:9823	NCBITaxon:9823	EFO:0030080
Pig6_CTACAGATCTGAACGT.1	Pig6_CTACAGATCTGAACGT-1	Pig6	Beam A	Beam A	CL:0000327	pig	NCBITaxon:9823	NCBITaxon:9823	EFO:0030080
Pig6_CTACCCAGTCACATTG.1	Pig6_CTACCCAGTCACATTG-1	Pig6	Beam A	Beam A	CL:0000327	pig	NCBITaxon:9823	NCBITaxon:9823	EFO:0030080
Pig6_CTACTATGTACGCGTC.1	Pig6_CTACTATGTACGCGTC-1	Pig6	Beam A	Beam A	CL:0000327	pig	NCBITaxon:9823	NCBITaxon:9823	EFO:0030080
Pig6_CTAGACAGTCATATGC.1	Pig6_CTAGACAGTCATATGC-1	Pig6	Fibroblast	Fibroblast	CL:0000057	pig	NCBITaxon:9823	NCBITaxon:9823	EFO:0030080
Pig6_CTATCTAGTCAAGCGA.1	Pig6_CTATCTAGTCAAGCGA-1	Pig6	SChlemm's Canal	SChlemm's Canal	CL:0000115	pig	NCBITaxon:9823	NCBITaxon:9823	EFO:0030080
Pig6_CTCAAGAGTGGTATGG.1	Pig6_CTCAAGAGTGGTATGG-1	Pig6	Pericyte	Pericyte	CL:0000669	pig	NCBITaxon:9823	NCBITaxon:9823	EFO:0030080
Pig6_CTCAATTCACATGACT.1	Pig6_CTCAATTCACATGACT-1	Pig6	Fibroblast	Fibroblast	CL:0000057	pig	NCBITaxon:9823	NCBITaxon:9823	EFO:0030080
Pig6_CTCAATTGTCCTCCAT.1	Pig6_CTCAATTGTCCTCCAT-1	Pig6	Beam A	Beam A	CL:0000327	pig	NCBITaxon:9823	NCBITaxon:9823	EFO:0030080
Pig6_CTCACTGAGGTGCTTT.1	Pig6_CTCACTGAGGTGCTTT-1	Pig6	SChlemm's Canal	SChlemm's Canal	CL:0000115	pig	NCBITaxon:9823	NCBITaxon:9823	EFO:0030080
Pig6_CTCACTGCAAGTATAG.1	Pig6_CTCACTGCAAGTATAG-1	Pig6	NK/T cell	NK/T cell	CL:0000814	pig	NCBITaxon:9823	NCBITaxon:9823	EFO:0030080
Pig6_CTCAGGGAGAAGCGCT.1	Pig6_CTCAGGGAGAAGCGCT-1	Pig6	Beam A	Beam A	CL:0000327	pig	NCBITaxon:9823	NCBITaxon:9823	EFO:0030080
Pig6_CTCAGGGTCTCGTTTA.1	Pig6_CTCAGGGTCTCGTTTA-1	Pig6	Beam A	Beam A	CL:0000327	pig	NCBITaxon:9823	NCBITaxon:9823	EFO:0030080
Pig6_CTCATCGCAATTGGTC.1	Pig6_CTCATCGCAATTGGTC-1	Pig6	Beam A	Beam A	CL:0000327	pig	NCBITaxon:9823	NCBITaxon:9823	EFO:0030080
Pig6_CTCATCGTCACCATCC.1	Pig6_CTCATCGTCACCATCC-1	Pig6	Beam A	Beam A	CL:0000327	pig	NCBITaxon:9823	NCBITaxon:9823	EFO:0030080
Pig6_CTCATGCAGGAGGGTG.1	Pig6_CTCATGCAGGAGGGTG-1	Pig6	Corneal endothelium	Corneal endothelium	CL:0000132	pig	NCBITaxon:9823	NCBITaxon:9823	EFO:0030080
Pig6_CTCATGCCATCGTCCT.1	Pig6_CTCATGCCATCGTCCT-1	Pig6	Beam A	Beam A	CL:0000327	pig	NCBITaxon:9823	NCBITaxon:9823	EFO:0030080
Pig6_CTCATGCTCCAACACA.1	Pig6_CTCATGCTCCAACACA-1	Pig6	Beam A	Beam A	CL:0000327	pig	NCBITaxon:9823	NCBITaxon:9823	EFO:0030080
Pig6_CTCGAGGCAGAGGACT.1	Pig6_CTCGAGGCAGAGGACT-1	Pig6	Fibroblast	Fibroblast	CL:0000057	pig	NCBITaxon:9823	NCBITaxon:9823	EFO:0030080
Pig6_CTCGAGGCAGTCTCTC.1	Pig6_CTCGAGGCAGTCTCTC-1	Pig6	Beam A	Beam A	CL:0000327	pig	NCBITaxon:9823	NCBITaxon:9823	EFO:0030080
Pig6_CTCGAGGTCGTGGGAA.1	Pig6_CTCGAGGTCGTGGGAA-1	Pig6	Melanocyte	Melanocyte	CL:0000148	pig	NCBITaxon:9823	NCBITaxon:9823	EFO:0030080
Pig6_CTCGAGGTCGTTCGCT.1	Pig6_CTCGAGGTCGTTCGCT-1	Pig6	Macrophage	Macrophage	CL:0000235	pig	NCBITaxon:9823	NCBITaxon:9823	EFO:0030080
Pig6_CTCTCAGTCATTGAGC.1	Pig6_CTCTCAGTCATTGAGC-1	Pig6	SChlemm's Canal	SChlemm's Canal	CL:0000115	pig	NCBITaxon:9823	NCBITaxon:9823	EFO:0030080
Pig6_CTGAATGCATGGAGAC.1	Pig6_CTGAATGCATGGAGAC-1	Pig6	Beam A	Beam A	CL:0000327	pig	NCBITaxon:9823	NCBITaxon:9823	EFO:0030080
Pig6_CTGAGGCAGTCTGCAT.1	Pig6_CTGAGGCAGTCTGCAT-1	Pig6	Beam A	Beam A	CL:0000327	pig	NCBITaxon:9823	NCBITaxon:9823	EFO:0030080
Pig6_CTGAGGCCACCATAAC.1	Pig6_CTGAGGCCACCATAAC-1	Pig6	Fibroblast	Fibroblast	CL:0000057	pig	NCBITaxon:9823	NCBITaxon:9823	EFO:0030080
Pig6_CTGCCTAGTAGACAGC.1	Pig6_CTGCCTAGTAGACAGC-1	Pig6	Beam A	Beam A	CL:0000327	pig	NCBITaxon:9823	NCBITaxon:9823	EFO:0030080
Pig6_CTGCTCACACCCAACG.1	Pig6_CTGCTCACACCCAACG-1	Pig6	Fibroblast	Fibroblast	CL:0000057	pig	NCBITaxon:9823	NCBITaxon:9823	EFO:0030080
Pig6_CTGCTCAGTCTTGCTC.1	Pig6_CTGCTCAGTCTTGCTC-1	Pig6	Macrophage	Macrophage	CL:0000235	pig	NCBITaxon:9823	NCBITaxon:9823	EFO:0030080
Pig6_CTGGACGGTACGGATG.1	Pig6_CTGGACGGTACGGATG-1	Pig6	Beam A	Beam A	CL:0000327	pig	NCBITaxon:9823	NCBITaxon:9823	EFO:0030080
Pig6_CTGGACGGTTCTCTAT.1	Pig6_CTGGACGGTTCTCTAT-1	Pig6	NK/T cell	NK/T cell	CL:0000814	pig	NCBITaxon:9823	NCBITaxon:9823	EFO:0030080
Pig6_CTGGACGTCAACTTTC.1	Pig6_CTGGACGTCAACTTTC-1	Pig6	Beam A	Beam A	CL:0000327	pig	NCBITaxon:9823	NCBITaxon:9823	EFO:0030080
Pig6_CTGTACCAGTATGATG.1	Pig6_CTGTACCAGTATGATG-1	Pig6	Beam A	Beam A	CL:0000327	pig	NCBITaxon:9823	NCBITaxon:9823	EFO:0030080
Pig6_CTGTACCCAGGTTCCG.1	Pig6_CTGTACCCAGGTTCCG-1	Pig6	Beam A	Beam A	CL:0000327	pig	NCBITaxon:9823	NCBITaxon:9823	EFO:0030080
Pig6_CTGTCGTTCTAGGAAA.1	Pig6_CTGTCGTTCTAGGAAA-1	Pig6	Fibroblast	Fibroblast	CL:0000057	pig	NCBITaxon:9823	NCBITaxon:9823	EFO:0030080
Pig6_CTGTGAAGTTAAGCAA.1	Pig6_CTGTGAAGTTAAGCAA-1	Pig6	Macrophage	Macrophage	CL:0000235	pig	NCBITaxon:9823	NCBITaxon:9823	EFO:0030080
Pig6_CTGTGGGAGATAGCAT.1	Pig6_CTGTGGGAGATAGCAT-1	Pig6	Beam A	Beam A	CL:0000327	pig	NCBITaxon:9823	NCBITaxon:9823	EFO:0030080
Pig6_CTTAGGAAGGAGTATT.1	Pig6_CTTAGGAAGGAGTATT-1	Pig6	Melanocyte	Melanocyte	CL:0000148	pig	NCBITaxon:9823	NCBITaxon:9823	EFO:0030080
Pig6_CTTAGGATCTTCTAAC.1	Pig6_CTTAGGATCTTCTAAC-1	Pig6	Fibroblast	Fibroblast	CL:0000057	pig	NCBITaxon:9823	NCBITaxon:9823	EFO:0030080
Pig6_CTTCAATCAACACAAA.1	Pig6_CTTCAATCAACACAAA-1	Pig6	Fibroblast	Fibroblast	CL:0000057	pig	NCBITaxon:9823	NCBITaxon:9823	EFO:0030080
Pig6_CTTCAATGTATCGTGT.1	Pig6_CTTCAATGTATCGTGT-1	Pig6	Pericyte	Pericyte	CL:0000669	pig	NCBITaxon:9823	NCBITaxon:9823	EFO:0030080
Pig6_CTTCCGACACCTGCTT.1	Pig6_CTTCCGACACCTGCTT-1	Pig6	Fibroblast	Fibroblast	CL:0000057	pig	NCBITaxon:9823	NCBITaxon:9823	EFO:0030080
Pig6_CTTGAGACAACGGCTC.1	Pig6_CTTGAGACAACGGCTC-1	Pig6	Macrophage	Macrophage	CL:0000235	pig	NCBITaxon:9823	NCBITaxon:9823	EFO:0030080
Pig6_CTTGATTAGTAAGCAT.1	Pig6_CTTGATTAGTAAGCAT-1	Pig6	Beam A	Beam A	CL:0000327	pig	NCBITaxon:9823	NCBITaxon:9823	EFO:0030080
Pig6_CTTGATTTCTTTGCTA.1	Pig6_CTTGATTTCTTTGCTA-1	Pig6	Beam A	Beam A	CL:0000327	pig	NCBITaxon:9823	NCBITaxon:9823	EFO:0030080
Pig6_GAAGGACAGGCTCTCG.1	Pig6_GAAGGACAGGCTCTCG-1	Pig6	Pericyte	Pericyte	CL:0000669	pig	NCBITaxon:9823	NCBITaxon:9823	EFO:0030080
Pig6_GAATCACAGTGAGGTC.1	Pig6_GAATCACAGTGAGGTC-1	Pig6	Beam A	Beam A	CL:0000327	pig	NCBITaxon:9823	NCBITaxon:9823	EFO:0030080
Pig6_GAATCGTAGCGTCTGC.1	Pig6_GAATCGTAGCGTCTGC-1	Pig6	Melanocyte	Melanocyte	CL:0000148	pig	NCBITaxon:9823	NCBITaxon:9823	EFO:0030080
Pig6_GAATCGTCAATCCTAG.1	Pig6_GAATCGTCAATCCTAG-1	Pig6	Beam A	Beam A	CL:0000327	pig	NCBITaxon:9823	NCBITaxon:9823	EFO:0030080
Pig6_GACCCTTTCAGCTCTC.1	Pig6_GACCCTTTCAGCTCTC-1	Pig6	Pericyte	Pericyte	CL:0000669	pig	NCBITaxon:9823	NCBITaxon:9823	EFO:0030080
Pig6_GACCTTCGTAGCGAGT.1	Pig6_GACCTTCGTAGCGAGT-1	Pig6	Fibroblast	Fibroblast	CL:0000057	pig	NCBITaxon:9823	NCBITaxon:9823	EFO:0030080
Pig6_GACGCTGCAAAGACTA.1	Pig6_GACGCTGCAAAGACTA-1	Pig6	Fibroblast	Fibroblast	CL:0000057	pig	NCBITaxon:9823	NCBITaxon:9823	EFO:0030080
Pig6_GACGCTGTCTGGCTGG.1	Pig6_GACGCTGTCTGGCTGG-1	Pig6	Macrophage	Macrophage	CL:0000235	pig	NCBITaxon:9823	NCBITaxon:9823	EFO:0030080
Pig6_GACGTTATCCTTGACC.1	Pig6_GACGTTATCCTTGACC-1	Pig6	Beam A	Beam A	CL:0000327	pig	NCBITaxon:9823	NCBITaxon:9823	EFO:0030080
Pig6_GACTGATGTCCTACGG.1	Pig6_GACTGATGTCCTACGG-1	Pig6	NK/T cell	NK/T cell	CL:0000814	pig	NCBITaxon:9823	NCBITaxon:9823	EFO:0030080
Pig6_GACTTCCGTTCGGCGT.1	Pig6_GACTTCCGTTCGGCGT-1	Pig6	Macrophage	Macrophage	CL:0000235	pig	NCBITaxon:9823	NCBITaxon:9823	EFO:0030080
Pig6_GACTTCCTCCACCCTA.1	Pig6_GACTTCCTCCACCCTA-1	Pig6	Beam A	Beam A	CL:0000327	pig	NCBITaxon:9823	NCBITaxon:9823	EFO:0030080
Pig6_GAGACCCAGCATGCAG.1	Pig6_GAGACCCAGCATGCAG-1	Pig6	Fibroblast	Fibroblast	CL:0000057	pig	NCBITaxon:9823	NCBITaxon:9823	EFO:0030080
Pig6_GAGACCCCACGTAGAG.1	Pig6_GAGACCCCACGTAGAG-1	Pig6	Beam A	Beam A	CL:0000327	pig	NCBITaxon:9823	NCBITaxon:9823	EFO:0030080
Pig6_GAGATGGCAGTCAGCC.1	Pig6_GAGATGGCAGTCAGCC-1	Pig6	Pericyte	Pericyte	CL:0000669	pig	NCBITaxon:9823	NCBITaxon:9823	EFO:0030080
Pig6_GAGCCTGGTAGGAGTC.1	Pig6_GAGCCTGGTAGGAGTC-1	Pig6	Fibroblast	Fibroblast	CL:0000057	pig	NCBITaxon:9823	NCBITaxon:9823	EFO:0030080
Pig6_GAGGCCTAGCCGAACA.1	Pig6_GAGGCCTAGCCGAACA-1	Pig6	Pericyte	Pericyte	CL:0000669	pig	NCBITaxon:9823	NCBITaxon:9823	EFO:0030080
Pig6_GAGGGTACACTGTGAT.1	Pig6_GAGGGTACACTGTGAT-1	Pig6	Beam A	Beam A	CL:0000327	pig	NCBITaxon:9823	NCBITaxon:9823	EFO:0030080
Pig6_GAGTGTTAGAGTGACC.1	Pig6_GAGTGTTAGAGTGACC-1	Pig6	Beam A	Beam A	CL:0000327	pig	NCBITaxon:9823	NCBITaxon:9823	EFO:0030080
Pig6_GAGTGTTGTTTACCAG.1	Pig6_GAGTGTTGTTTACCAG-1	Pig6	Beam A	Beam A	CL:0000327	pig	NCBITaxon:9823	NCBITaxon:9823	EFO:0030080
Pig6_GATAGAATCGGTCGGT.1	Pig6_GATAGAATCGGTCGGT-1	Pig6	Beam A	Beam A	CL:0000327	pig	NCBITaxon:9823	NCBITaxon:9823	EFO:0030080
Pig6_GATAGCTGTTCCTACC.1	Pig6_GATAGCTGTTCCTACC-1	Pig6	Fibroblast	Fibroblast	CL:0000057	pig	NCBITaxon:9823	NCBITaxon:9823	EFO:0030080
Pig6_GATCAGTCAGCCATTA.1	Pig6_GATCAGTCAGCCATTA-1	Pig6	Beam A	Beam A	CL:0000327	pig	NCBITaxon:9823	NCBITaxon:9823	EFO:0030080
Pig6_GATCCCTCAACCGTGC.1	Pig6_GATCCCTCAACCGTGC-1	Pig6	Macrophage	Macrophage	CL:0000235	pig	NCBITaxon:9823	NCBITaxon:9823	EFO:0030080
Pig6_GATCCCTTCTCGCCTA.1	Pig6_GATCCCTTCTCGCCTA-1	Pig6	Beam A	Beam A	CL:0000327	pig	NCBITaxon:9823	NCBITaxon:9823	EFO:0030080
Pig6_GATCGTAAGGGCAATC.1	Pig6_GATCGTAAGGGCAATC-1	Pig6	NK/T cell	NK/T cell	CL:0000814	pig	NCBITaxon:9823	NCBITaxon:9823	EFO:0030080
Pig6_GATCGTACAACAGTGG.1	Pig6_GATCGTACAACAGTGG-1	Pig6	Beam A	Beam A	CL:0000327	pig	NCBITaxon:9823	NCBITaxon:9823	EFO:0030080
Pig6_GATCGTACATACCGTA.1	Pig6_GATCGTACATACCGTA-1	Pig6	Beam A	Beam A	CL:0000327	pig	NCBITaxon:9823	NCBITaxon:9823	EFO:0030080
Pig6_GATCGTATCACTGATG.1	Pig6_GATCGTATCACTGATG-1	Pig6	Beam A	Beam A	CL:0000327	pig	NCBITaxon:9823	NCBITaxon:9823	EFO:0030080
Pig6_GATGACTAGGTTGTTC.1	Pig6_GATGACTAGGTTGTTC-1	Pig6	Macrophage	Macrophage	CL:0000235	pig	NCBITaxon:9823	NCBITaxon:9823	EFO:0030080
Pig6_GATGAGGGTCCTGGGT.1	Pig6_GATGAGGGTCCTGGGT-1	Pig6	NK/T cell	NK/T cell	CL:0000814	pig	NCBITaxon:9823	NCBITaxon:9823	EFO:0030080
Pig6_GCACGGTCAGACACAG.1	Pig6_GCACGGTCAGACACAG-1	Pig6	Macrophage	Macrophage	CL:0000235	pig	NCBITaxon:9823	NCBITaxon:9823	EFO:0030080
Pig6_GCACGTGCATAAGCAA.1	Pig6_GCACGTGCATAAGCAA-1	Pig6	Macrophage	Macrophage	CL:0000235	pig	NCBITaxon:9823	NCBITaxon:9823	EFO:0030080
Pig6_GCAGCCAGTCTAGTGT.1	Pig6_GCAGCCAGTCTAGTGT-1	Pig6	Fibroblast	Fibroblast	CL:0000057	pig	NCBITaxon:9823	NCBITaxon:9823	EFO:0030080
Pig6_GCAGCTGAGGCGCTTC.1	Pig6_GCAGCTGAGGCGCTTC-1	Pig6	Beam A	Beam A	CL:0000327	pig	NCBITaxon:9823	NCBITaxon:9823	EFO:0030080
Pig6_GCAGGCTAGAGCATTA.1	Pig6_GCAGGCTAGAGCATTA-1	Pig6	Fibroblast	Fibroblast	CL:0000057	pig	NCBITaxon:9823	NCBITaxon:9823	EFO:0030080
Pig6_GCAGGCTCACGGGCTT.1	Pig6_GCAGGCTCACGGGCTT-1	Pig6	Fibroblast	Fibroblast	CL:0000057	pig	NCBITaxon:9823	NCBITaxon:9823	EFO:0030080
Pig6_GCAGGCTGTCATAACC.1	Pig6_GCAGGCTGTCATAACC-1	Pig6	Macrophage	Macrophage	CL:0000235	pig	NCBITaxon:9823	NCBITaxon:9823	EFO:0030080
Pig6_GCATCGGTCCCGAGAC.1	Pig6_GCATCGGTCCCGAGAC-1	Pig6	Melanocyte	Melanocyte	CL:0000148	pig	NCBITaxon:9823	NCBITaxon:9823	EFO:0030080
Pig6_GCATTAGTCGTCGACG.1	Pig6_GCATTAGTCGTCGACG-1	Pig6	Ciliary muscle	Ciliary muscle	CL:1000443	pig	NCBITaxon:9823	NCBITaxon:9823	EFO:0030080
Pig6_GCCAACGCACTGTCCT.1	Pig6_GCCAACGCACTGTCCT-1	Pig6	Beam A	Beam A	CL:0000327	pig	NCBITaxon:9823	NCBITaxon:9823	EFO:0030080
Pig6_GCCAGGTCAATTCTCT.1	Pig6_GCCAGGTCAATTCTCT-1	Pig6	Corneal endothelium	Corneal endothelium	CL:0000132	pig	NCBITaxon:9823	NCBITaxon:9823	EFO:0030080
Pig6_GCCATGGTCCCTTGGT.1	Pig6_GCCATGGTCCCTTGGT-1	Pig6	Beam A	Beam A	CL:0000327	pig	NCBITaxon:9823	NCBITaxon:9823	EFO:0030080
Pig6_GCCCGAAAGTTCGCAT.1	Pig6_GCCCGAAAGTTCGCAT-1	Pig6	Fibroblast	Fibroblast	CL:0000057	pig	NCBITaxon:9823	NCBITaxon:9823	EFO:0030080
Pig6_GCCGATGCAGAAACCG.1	Pig6_GCCGATGCAGAAACCG-1	Pig6	Beam A	Beam A	CL:0000327	pig	NCBITaxon:9823	NCBITaxon:9823	EFO:0030080
Pig6_GCCTGTTCATGGGTTT.1	Pig6_GCCTGTTCATGGGTTT-1	Pig6	Melanocyte	Melanocyte	CL:0000148	pig	NCBITaxon:9823	NCBITaxon:9823	EFO:0030080
Pig6_GCCTGTTTCTCATTGT.1	Pig6_GCCTGTTTCTCATTGT-1	Pig6	Melanocyte	Melanocyte	CL:0000148	pig	NCBITaxon:9823	NCBITaxon:9823	EFO:0030080
Pig6_GCGAGAAAGGTGTGAC.1	Pig6_GCGAGAAAGGTGTGAC-1	Pig6	Beam A	Beam A	CL:0000327	pig	NCBITaxon:9823	NCBITaxon:9823	EFO:0030080
Pig6_GCGATCGTCAGCGGAA.1	Pig6_GCGATCGTCAGCGGAA-1	Pig6	Beam A	Beam A	CL:0000327	pig	NCBITaxon:9823	NCBITaxon:9823	EFO:0030080
Pig6_GCGGATCAGGCTTAAA.1	Pig6_GCGGATCAGGCTTAAA-1	Pig6	Beam A	Beam A	CL:0000327	pig	NCBITaxon:9823	NCBITaxon:9823	EFO:0030080
Pig6_GCGGATCAGGTGCCAA.1	Pig6_GCGGATCAGGTGCCAA-1	Pig6	Pericyte	Pericyte	CL:0000669	pig	NCBITaxon:9823	NCBITaxon:9823	EFO:0030080
Pig6_GCGGATCCAACTGAAA.1	Pig6_GCGGATCCAACTGAAA-1	Pig6	SChlemm's Canal	SChlemm's Canal	CL:0000115	pig	NCBITaxon:9823	NCBITaxon:9823	EFO:0030080
Pig6_GCGGATCCACTCTGCT.1	Pig6_GCGGATCCACTCTGCT-1	Pig6	Beam A	Beam A	CL:0000327	pig	NCBITaxon:9823	NCBITaxon:9823	EFO:0030080
Pig6_GCGTGCATCTGTCAGA.1	Pig6_GCGTGCATCTGTCAGA-1	Pig6	Macrophage	Macrophage	CL:0000235	pig	NCBITaxon:9823	NCBITaxon:9823	EFO:0030080
Pig6_GCTGGGTTCGGCTGTG.1	Pig6_GCTGGGTTCGGCTGTG-1	Pig6	Beam A	Beam A	CL:0000327	pig	NCBITaxon:9823	NCBITaxon:9823	EFO:0030080
Pig6_GCTTGGGCATGGGCAA.1	Pig6_GCTTGGGCATGGGCAA-1	Pig6	Melanocyte	Melanocyte	CL:0000148	pig	NCBITaxon:9823	NCBITaxon:9823	EFO:0030080
Pig6_GCTTTCGCAACTCGAT.1	Pig6_GCTTTCGCAACTCGAT-1	Pig6	Melanocyte	Melanocyte	CL:0000148	pig	NCBITaxon:9823	NCBITaxon:9823	EFO:0030080
Pig6_GGAAGTGAGGTCACTT.1	Pig6_GGAAGTGAGGTCACTT-1	Pig6	Beam A	Beam A	CL:0000327	pig	NCBITaxon:9823	NCBITaxon:9823	EFO:0030080
Pig6_GGAAGTGTCAAACCTG.1	Pig6_GGAAGTGTCAAACCTG-1	Pig6	Pericyte	Pericyte	CL:0000669	pig	NCBITaxon:9823	NCBITaxon:9823	EFO:0030080
Pig6_GGAATGGAGGCTCAAG.1	Pig6_GGAATGGAGGCTCAAG-1	Pig6	Fibroblast	Fibroblast	CL:0000057	pig	NCBITaxon:9823	NCBITaxon:9823	EFO:0030080
Pig6_GGAGATGCAGCATGCC.1	Pig6_GGAGATGCAGCATGCC-1	Pig6	Beam A	Beam A	CL:0000327	pig	NCBITaxon:9823	NCBITaxon:9823	EFO:0030080
Pig6_GGAGGTAAGATGTTGA.1	Pig6_GGAGGTAAGATGTTGA-1	Pig6	SChlemm's Canal	SChlemm's Canal	CL:0000115	pig	NCBITaxon:9823	NCBITaxon:9823	EFO:0030080
Pig6_GGCACGTGTCAATCTG.1	Pig6_GGCACGTGTCAATCTG-1	Pig6	Macrophage	Macrophage	CL:0000235	pig	NCBITaxon:9823	NCBITaxon:9823	EFO:0030080
Pig6_GGCGTCACAGACACAG.1	Pig6_GGCGTCACAGACACAG-1	Pig6	Beam A	Beam A	CL:0000327	pig	NCBITaxon:9823	NCBITaxon:9823	EFO:0030080
Pig6_GGCTGTGAGGTTATAG.1	Pig6_GGCTGTGAGGTTATAG-1	Pig6	Macrophage	Macrophage	CL:0000235	pig	NCBITaxon:9823	NCBITaxon:9823	EFO:0030080
Pig6_GGCTTGGAGTTGTAGA.1	Pig6_GGCTTGGAGTTGTAGA-1	Pig6	Beam A	Beam A	CL:0000327	pig	NCBITaxon:9823	NCBITaxon:9823	EFO:0030080
Pig6_GGGACAAGTGTTCCAA.1	Pig6_GGGACAAGTGTTCCAA-1	Pig6	Beam A	Beam A	CL:0000327	pig	NCBITaxon:9823	NCBITaxon:9823	EFO:0030080
Pig6_GGGATGACAGAATGTA.1	Pig6_GGGATGACAGAATGTA-1	Pig6	Macrophage	Macrophage	CL:0000235	pig	NCBITaxon:9823	NCBITaxon:9823	EFO:0030080
Pig6_GGGCCATCAGCTGGTC.1	Pig6_GGGCCATCAGCTGGTC-1	Pig6	Fibroblast	Fibroblast	CL:0000057	pig	NCBITaxon:9823	NCBITaxon:9823	EFO:0030080
Pig6_GGGCCATGTCAACACT.1	Pig6_GGGCCATGTCAACACT-1	Pig6	NK/T cell	NK/T cell	CL:0000814	pig	NCBITaxon:9823	NCBITaxon:9823	EFO:0030080
Pig6_GGGCGTTAGCATTGAA.1	Pig6_GGGCGTTAGCATTGAA-1	Pig6	Beam A	Beam A	CL:0000327	pig	NCBITaxon:9823	NCBITaxon:9823	EFO:0030080
Pig6_GGGTATTGTTGGTAGG.1	Pig6_GGGTATTGTTGGTAGG-1	Pig6	Pericyte	Pericyte	CL:0000669	pig	NCBITaxon:9823	NCBITaxon:9823	EFO:0030080
Pig6_GGGTCACTCGACGATT.1	Pig6_GGGTCACTCGACGATT-1	Pig6	Pericyte	Pericyte	CL:0000669	pig	NCBITaxon:9823	NCBITaxon:9823	EFO:0030080
Pig6_GGGTCTGCAACCCGCA.1	Pig6_GGGTCTGCAACCCGCA-1	Pig6	Beam A	Beam A	CL:0000327	pig	NCBITaxon:9823	NCBITaxon:9823	EFO:0030080
Pig6_GGGTCTGCAGAGTGAC.1	Pig6_GGGTCTGCAGAGTGAC-1	Pig6	Pericyte	Pericyte	CL:0000669	pig	NCBITaxon:9823	NCBITaxon:9823	EFO:0030080
Pig6_GGGTGAAAGGCAGGTT.1	Pig6_GGGTGAAAGGCAGGTT-1	Pig6	Fibroblast	Fibroblast	CL:0000057	pig	NCBITaxon:9823	NCBITaxon:9823	EFO:0030080
Pig6_GGGTGTCGTGGAGGTT.1	Pig6_GGGTGTCGTGGAGGTT-1	Pig6	Pericyte	Pericyte	CL:0000669	pig	NCBITaxon:9823	NCBITaxon:9823	EFO:0030080
Pig6_GGTAACTCATGGTACT.1	Pig6_GGTAACTCATGGTACT-1	Pig6	Fibroblast	Fibroblast	CL:0000057	pig	NCBITaxon:9823	NCBITaxon:9823	EFO:0030080
Pig6_GGTGTCGAGAAGTCTA.1	Pig6_GGTGTCGAGAAGTCTA-1	Pig6	Macrophage	Macrophage	CL:0000235	pig	NCBITaxon:9823	NCBITaxon:9823	EFO:0030080
Pig6_GGTGTTAAGAGGATGA.1	Pig6_GGTGTTAAGAGGATGA-1	Pig6	Melanocyte	Melanocyte	CL:0000148	pig	NCBITaxon:9823	NCBITaxon:9823	EFO:0030080
Pig6_GGTTAACCAGATTAAG.1	Pig6_GGTTAACCAGATTAAG-1	Pig6	Beam A	Beam A	CL:0000327	pig	NCBITaxon:9823	NCBITaxon:9823	EFO:0030080
Pig6_GGTTGTAAGTCGCTAT.1	Pig6_GGTTGTAAGTCGCTAT-1	Pig6	Beam A	Beam A	CL:0000327	pig	NCBITaxon:9823	NCBITaxon:9823	EFO:0030080
Pig6_GTAATCGTCGCCAATA.1	Pig6_GTAATCGTCGCCAATA-1	Pig6	Beam A	Beam A	CL:0000327	pig	NCBITaxon:9823	NCBITaxon:9823	EFO:0030080
Pig6_GTACAACAGTGCTCAT.1	Pig6_GTACAACAGTGCTCAT-1	Pig6	Melanocyte	Melanocyte	CL:0000148	pig	NCBITaxon:9823	NCBITaxon:9823	EFO:0030080
Pig6_GTACAACCACTGGAAG.1	Pig6_GTACAACCACTGGAAG-1	Pig6	Macrophage	Macrophage	CL:0000235	pig	NCBITaxon:9823	NCBITaxon:9823	EFO:0030080
Pig6_GTACAACGTGGGTCAA.1	Pig6_GTACAACGTGGGTCAA-1	Pig6	Fibroblast	Fibroblast	CL:0000057	pig	NCBITaxon:9823	NCBITaxon:9823	EFO:0030080
Pig6_GTAGAAATCCATCAGA.1	Pig6_GTAGAAATCCATCAGA-1	Pig6	Fibroblast	Fibroblast	CL:0000057	pig	NCBITaxon:9823	NCBITaxon:9823	EFO:0030080
Pig6_GTAGCTAAGATACATG.1	Pig6_GTAGCTAAGATACATG-1	Pig6	Beam A	Beam A	CL:0000327	pig	NCBITaxon:9823	NCBITaxon:9823	EFO:0030080
Pig6_GTAGCTAAGTTTGTCG.1	Pig6_GTAGCTAAGTTTGTCG-1	Pig6	Fibroblast	Fibroblast	CL:0000057	pig	NCBITaxon:9823	NCBITaxon:9823	EFO:0030080
Pig6_GTAGCTACACGGCGTT.1	Pig6_GTAGCTACACGGCGTT-1	Pig6	Beam A	Beam A	CL:0000327	pig	NCBITaxon:9823	NCBITaxon:9823	EFO:0030080
Pig6_GTAGGAGTCGCTTTAT.1	Pig6_GTAGGAGTCGCTTTAT-1	Pig6	Pericyte	Pericyte	CL:0000669	pig	NCBITaxon:9823	NCBITaxon:9823	EFO:0030080
Pig6_GTCAAACAGGGCATGT.1	Pig6_GTCAAACAGGGCATGT-1	Pig6	Fibroblast	Fibroblast	CL:0000057	pig	NCBITaxon:9823	NCBITaxon:9823	EFO:0030080
Pig6_GTCAAACCATGCCGAC.1	Pig6_GTCAAACCATGCCGAC-1	Pig6	Fibroblast	Fibroblast	CL:0000057	pig	NCBITaxon:9823	NCBITaxon:9823	EFO:0030080
Pig6_GTCAAACGTCCATACA.1	Pig6_GTCAAACGTCCATACA-1	Pig6	Fibroblast	Fibroblast	CL:0000057	pig	NCBITaxon:9823	NCBITaxon:9823	EFO:0030080
Pig6_GTCACGGCATAGGTAA.1	Pig6_GTCACGGCATAGGTAA-1	Pig6	Beam A	Beam A	CL:0000327	pig	NCBITaxon:9823	NCBITaxon:9823	EFO:0030080
Pig6_GTCACGGTCTCGCTTG.1	Pig6_GTCACGGTCTCGCTTG-1	Pig6	Beam A	Beam A	CL:0000327	pig	NCBITaxon:9823	NCBITaxon:9823	EFO:0030080
Pig6_GTCACTCAGAAATGGG.1	Pig6_GTCACTCAGAAATGGG-1	Pig6	NK/T cell	NK/T cell	CL:0000814	pig	NCBITaxon:9823	NCBITaxon:9823	EFO:0030080
Pig6_GTCACTCGTGGACTAG.1	Pig6_GTCACTCGTGGACTAG-1	Pig6	Macrophage	Macrophage	CL:0000235	pig	NCBITaxon:9823	NCBITaxon:9823	EFO:0030080
Pig6_GTCATCCAGCAGCCCT.1	Pig6_GTCATCCAGCAGCCCT-1	Pig6	Macrophage	Macrophage	CL:0000235	pig	NCBITaxon:9823	NCBITaxon:9823	EFO:0030080
Pig6_GTCATCCGTGTCGCTG.1	Pig6_GTCATCCGTGTCGCTG-1	Pig6	Pericyte	Pericyte	CL:0000669	pig	NCBITaxon:9823	NCBITaxon:9823	EFO:0030080
Pig6_GTCATGATCTCTATGT.1	Pig6_GTCATGATCTCTATGT-1	Pig6	Fibroblast	Fibroblast	CL:0000057	pig	NCBITaxon:9823	NCBITaxon:9823	EFO:0030080
Pig6_GTCCACTCAAGTGCTT.1	Pig6_GTCCACTCAAGTGCTT-1	Pig6	Pericyte	Pericyte	CL:0000669	pig	NCBITaxon:9823	NCBITaxon:9823	EFO:0030080
Pig6_GTCGAATGTCTCAGAT.1	Pig6_GTCGAATGTCTCAGAT-1	Pig6	Beam A	Beam A	CL:0000327	pig	NCBITaxon:9823	NCBITaxon:9823	EFO:0030080
Pig6_GTCGCGACACAATCTG.1	Pig6_GTCGCGACACAATCTG-1	Pig6	Beam A	Beam A	CL:0000327	pig	NCBITaxon:9823	NCBITaxon:9823	EFO:0030080
Pig6_GTCTACCGTATCGAGG.1	Pig6_GTCTACCGTATCGAGG-1	Pig6	Beam A	Beam A	CL:0000327	pig	NCBITaxon:9823	NCBITaxon:9823	EFO:0030080
Pig6_GTCTAGAGTCACCTTC.1	Pig6_GTCTAGAGTCACCTTC-1	Pig6	Fibroblast	Fibroblast	CL:0000057	pig	NCBITaxon:9823	NCBITaxon:9823	EFO:0030080
Pig6_GTCTGTCAGTGAATAC.1	Pig6_GTCTGTCAGTGAATAC-1	Pig6	Beam A	Beam A	CL:0000327	pig	NCBITaxon:9823	NCBITaxon:9823	EFO:0030080
Pig6_GTGACGCAGTTGGCTT.1	Pig6_GTGACGCAGTTGGCTT-1	Pig6	Fibroblast	Fibroblast	CL:0000057	pig	NCBITaxon:9823	NCBITaxon:9823	EFO:0030080
Pig6_GTGAGGATCCAAGAGG.1	Pig6_GTGAGGATCCAAGAGG-1	Pig6	Beam A	Beam A	CL:0000327	pig	NCBITaxon:9823	NCBITaxon:9823	EFO:0030080
Pig6_GTGAGTTCAATCAAGA.1	Pig6_GTGAGTTCAATCAAGA-1	Pig6	Fibroblast	Fibroblast	CL:0000057	pig	NCBITaxon:9823	NCBITaxon:9823	EFO:0030080
Pig6_GTGAGTTGTAGGGAGG.1	Pig6_GTGAGTTGTAGGGAGG-1	Pig6	Fibroblast	Fibroblast	CL:0000057	pig	NCBITaxon:9823	NCBITaxon:9823	EFO:0030080
Pig6_GTGATGTAGACCGCCT.1	Pig6_GTGATGTAGACCGCCT-1	Pig6	Beam A	Beam A	CL:0000327	pig	NCBITaxon:9823	NCBITaxon:9823	EFO:0030080
Pig6_GTGCACGCAGGCTATT.1	Pig6_GTGCACGCAGGCTATT-1	Pig6	Beam A	Beam A	CL:0000327	pig	NCBITaxon:9823	NCBITaxon:9823	EFO:0030080
Pig6_GTGCACGCAGTAGAGC.1	Pig6_GTGCACGCAGTAGAGC-1	Pig6	NK/T cell	NK/T cell	CL:0000814	pig	NCBITaxon:9823	NCBITaxon:9823	EFO:0030080
Pig6_GTGCGTGGTATACAGA.1	Pig6_GTGCGTGGTATACAGA-1	Pig6	Macrophage	Macrophage	CL:0000235	pig	NCBITaxon:9823	NCBITaxon:9823	EFO:0030080
Pig6_GTGCGTGTCAAGGCTT.1	Pig6_GTGCGTGTCAAGGCTT-1	Pig6	Melanocyte	Melanocyte	CL:0000148	pig	NCBITaxon:9823	NCBITaxon:9823	EFO:0030080
Pig6_GTGGAGATCTGCCCTA.1	Pig6_GTGGAGATCTGCCCTA-1	Pig6	Beam A	Beam A	CL:0000327	pig	NCBITaxon:9823	NCBITaxon:9823	EFO:0030080
Pig6_GTGGCGTCACCTAAAC.1	Pig6_GTGGCGTCACCTAAAC-1	Pig6	Beam A	Beam A	CL:0000327	pig	NCBITaxon:9823	NCBITaxon:9823	EFO:0030080
Pig6_GTGTCCTGTCGAGCAA.1	Pig6_GTGTCCTGTCGAGCAA-1	Pig6	Fibroblast	Fibroblast	CL:0000057	pig	NCBITaxon:9823	NCBITaxon:9823	EFO:0030080
Pig6_GTGTCCTTCCGGTAAT.1	Pig6_GTGTCCTTCCGGTAAT-1	Pig6	Macrophage	Macrophage	CL:0000235	pig	NCBITaxon:9823	NCBITaxon:9823	EFO:0030080
Pig6_GTGTGATAGACCAACG.1	Pig6_GTGTGATAGACCAACG-1	Pig6	Beam A	Beam A	CL:0000327	pig	NCBITaxon:9823	NCBITaxon:9823	EFO:0030080
Pig6_GTGTGGCAGCTAGCCC.1	Pig6_GTGTGGCAGCTAGCCC-1	Pig6	Macrophage	Macrophage	CL:0000235	pig	NCBITaxon:9823	NCBITaxon:9823	EFO:0030080
Pig6_GTGTGGCCAGCGTTGC.1	Pig6_GTGTGGCCAGCGTTGC-1	Pig6	Beam A	Beam A	CL:0000327	pig	NCBITaxon:9823	NCBITaxon:9823	EFO:0030080
Pig6_GTGTTAGGTGTTTGCA.1	Pig6_GTGTTAGGTGTTTGCA-1	Pig6	Pericyte	Pericyte	CL:0000669	pig	NCBITaxon:9823	NCBITaxon:9823	EFO:0030080
Pig6_GTGTTAGTCCACGGAC.1	Pig6_GTGTTAGTCCACGGAC-1	Pig6	Beam A	Beam A	CL:0000327	pig	NCBITaxon:9823	NCBITaxon:9823	EFO:0030080
Pig6_GTTACAGGTACCTTCC.1	Pig6_GTTACAGGTACCTTCC-1	Pig6	Pericyte	Pericyte	CL:0000669	pig	NCBITaxon:9823	NCBITaxon:9823	EFO:0030080
Pig6_GTTACCCCACAGTGAG.1	Pig6_GTTACCCCACAGTGAG-1	Pig6	SChlemm's Canal	SChlemm's Canal	CL:0000115	pig	NCBITaxon:9823	NCBITaxon:9823	EFO:0030080
Pig6_GTTACGATCGAACGGA.1	Pig6_GTTACGATCGAACGGA-1	Pig6	Beam A	Beam A	CL:0000327	pig	NCBITaxon:9823	NCBITaxon:9823	EFO:0030080
Pig6_GTTACGATCTTACCGC.1	Pig6_GTTACGATCTTACCGC-1	Pig6	Beam A	Beam A	CL:0000327	pig	NCBITaxon:9823	NCBITaxon:9823	EFO:0030080
Pig6_GTTAGACAGCGTTCAT.1	Pig6_GTTAGACAGCGTTCAT-1	Pig6	SChlemm's Canal	SChlemm's Canal	CL:0000115	pig	NCBITaxon:9823	NCBITaxon:9823	EFO:0030080
Pig6_GTTCATTGTATCTTCT.1	Pig6_GTTCATTGTATCTTCT-1	Pig6	Beam A	Beam A	CL:0000327	pig	NCBITaxon:9823	NCBITaxon:9823	EFO:0030080
Pig6_GTTCATTTCAACACGT.1	Pig6_GTTCATTTCAACACGT-1	Pig6	Fibroblast	Fibroblast	CL:0000057	pig	NCBITaxon:9823	NCBITaxon:9823	EFO:0030080
Pig6_GTTCGCTCATGGCCAC.1	Pig6_GTTCGCTCATGGCCAC-1	Pig6	Macrophage	Macrophage	CL:0000235	pig	NCBITaxon:9823	NCBITaxon:9823	EFO:0030080
Pig6_GTTCGCTTCTGGAGAG.1	Pig6_GTTCGCTTCTGGAGAG-1	Pig6	Fibroblast	Fibroblast	CL:0000057	pig	NCBITaxon:9823	NCBITaxon:9823	EFO:0030080
Pig6_GTTGAACCACTGATTG.1	Pig6_GTTGAACCACTGATTG-1	Pig6	Beam A	Beam A	CL:0000327	pig	NCBITaxon:9823	NCBITaxon:9823	EFO:0030080
Pig6_GTTGCGGAGCACGTCC.1	Pig6_GTTGCGGAGCACGTCC-1	Pig6	Macrophage	Macrophage	CL:0000235	pig	NCBITaxon:9823	NCBITaxon:9823	EFO:0030080
Pig6_GTTGTAGGTATCGATC.1	Pig6_GTTGTAGGTATCGATC-1	Pig6	Pericyte	Pericyte	CL:0000669	pig	NCBITaxon:9823	NCBITaxon:9823	EFO:0030080
Pig6_GTTGTAGGTGACACAG.1	Pig6_GTTGTAGGTGACACAG-1	Pig6	Melanocyte	Melanocyte	CL:0000148	pig	NCBITaxon:9823	NCBITaxon:9823	EFO:0030080
Pig6_GTTGTCCAGTGATGGC.1	Pig6_GTTGTCCAGTGATGGC-1	Pig6	Beam A	Beam A	CL:0000327	pig	NCBITaxon:9823	NCBITaxon:9823	EFO:0030080
Pig6_GTTGTGACAGAGATGC.1	Pig6_GTTGTGACAGAGATGC-1	Pig6	Beam A	Beam A	CL:0000327	pig	NCBITaxon:9823	NCBITaxon:9823	EFO:0030080
Pig6_TAACACGAGCCTTGAT.1	Pig6_TAACACGAGCCTTGAT-1	Pig6	Fibroblast	Fibroblast	CL:0000057	pig	NCBITaxon:9823	NCBITaxon:9823	EFO:0030080
Pig6_TAACGACTCGCAAGAG.1	Pig6_TAACGACTCGCAAGAG-1	Pig6	Pericyte	Pericyte	CL:0000669	pig	NCBITaxon:9823	NCBITaxon:9823	EFO:0030080
Pig6_TAACTTCTCTGTACAG.1	Pig6_TAACTTCTCTGTACAG-1	Pig6	Beam A	Beam A	CL:0000327	pig	NCBITaxon:9823	NCBITaxon:9823	EFO:0030080
Pig6_TAAGCACTCGTTCGCT.1	Pig6_TAAGCACTCGTTCGCT-1	Pig6	Pericyte	Pericyte	CL:0000669	pig	NCBITaxon:9823	NCBITaxon:9823	EFO:0030080
Pig6_TAAGCCACAAATCAGA.1	Pig6_TAAGCCACAAATCAGA-1	Pig6	Fibroblast	Fibroblast	CL:0000057	pig	NCBITaxon:9823	NCBITaxon:9823	EFO:0030080
Pig6_TAAGCGTTCCCATTCG.1	Pig6_TAAGCGTTCCCATTCG-1	Pig6	Beam A	Beam A	CL:0000327	pig	NCBITaxon:9823	NCBITaxon:9823	EFO:0030080
Pig6_TAAGTCGGTTGTTGAC.1	Pig6_TAAGTCGGTTGTTGAC-1	Pig6	Fibroblast	Fibroblast	CL:0000057	pig	NCBITaxon:9823	NCBITaxon:9823	EFO:0030080
Pig6_TACACCCGTGCGGTAA.1	Pig6_TACACCCGTGCGGTAA-1	Pig6	Beam A	Beam A	CL:0000327	pig	NCBITaxon:9823	NCBITaxon:9823	EFO:0030080
Pig6_TACAGGTTCGATACGT.1	Pig6_TACAGGTTCGATACGT-1	Pig6	SChlemm's Canal	SChlemm's Canal	CL:0000115	pig	NCBITaxon:9823	NCBITaxon:9823	EFO:0030080
Pig6_TACCCACCAACCACAT.1	Pig6_TACCCACCAACCACAT-1	Pig6	Beam A	Beam A	CL:0000327	pig	NCBITaxon:9823	NCBITaxon:9823	EFO:0030080
Pig6_TACCCACCACTGTGTA.1	Pig6_TACCCACCACTGTGTA-1	Pig6	NK/T cell	NK/T cell	CL:0000814	pig	NCBITaxon:9823	NCBITaxon:9823	EFO:0030080
Pig6_TACCCGTCAAAGACGC.1	Pig6_TACCCGTCAAAGACGC-1	Pig6	Beam A	Beam A	CL:0000327	pig	NCBITaxon:9823	NCBITaxon:9823	EFO:0030080
Pig6_TACCGGGGTACACGTT.1	Pig6_TACCGGGGTACACGTT-1	Pig6	Beam A	Beam A	CL:0000327	pig	NCBITaxon:9823	NCBITaxon:9823	EFO:0030080
Pig6_TACTTCACAGACGCTC.1	Pig6_TACTTCACAGACGCTC-1	Pig6	SChlemm's Canal	SChlemm's Canal	CL:0000115	pig	NCBITaxon:9823	NCBITaxon:9823	EFO:0030080
Pig6_TAGCACACACCAAAGG.1	Pig6_TAGCACACACCAAAGG-1	Pig6	Beam A	Beam A	CL:0000327	pig	NCBITaxon:9823	NCBITaxon:9823	EFO:0030080
Pig6_TAGGAGGAGTAAGCAT.1	Pig6_TAGGAGGAGTAAGCAT-1	Pig6	Beam A	Beam A	CL:0000327	pig	NCBITaxon:9823	NCBITaxon:9823	EFO:0030080
Pig6_TAGGGTTGTCTTTCTA.1	Pig6_TAGGGTTGTCTTTCTA-1	Pig6	Macrophage	Macrophage	CL:0000235	pig	NCBITaxon:9823	NCBITaxon:9823	EFO:0030080
Pig6_TAGGTACCAAGCCCAC.1	Pig6_TAGGTACCAAGCCCAC-1	Pig6	Fibroblast	Fibroblast	CL:0000057	pig	NCBITaxon:9823	NCBITaxon:9823	EFO:0030080
Pig6_TAGGTTGCAAGACAAT.1	Pig6_TAGGTTGCAAGACAAT-1	Pig6	Beam A	Beam A	CL:0000327	pig	NCBITaxon:9823	NCBITaxon:9823	EFO:0030080
Pig6_TATACCTTCCGCGGAT.1	Pig6_TATACCTTCCGCGGAT-1	Pig6	Pericyte	Pericyte	CL:0000669	pig	NCBITaxon:9823	NCBITaxon:9823	EFO:0030080
Pig6_TATCCTATCCTAGAGT.1	Pig6_TATCCTATCCTAGAGT-1	Pig6	Beam A	Beam A	CL:0000327	pig	NCBITaxon:9823	NCBITaxon:9823	EFO:0030080
Pig6_TATCGCCTCGGTAAGG.1	Pig6_TATCGCCTCGGTAAGG-1	Pig6	Beam A	Beam A	CL:0000327	pig	NCBITaxon:9823	NCBITaxon:9823	EFO:0030080
Pig6_TATCTGTCATGCCGGT.1	Pig6_TATCTGTCATGCCGGT-1	Pig6	Pericyte	Pericyte	CL:0000669	pig	NCBITaxon:9823	NCBITaxon:9823	EFO:0030080
Pig6_TATGTTCTCACGAACT.1	Pig6_TATGTTCTCACGAACT-1	Pig6	Beam A	Beam A	CL:0000327	pig	NCBITaxon:9823	NCBITaxon:9823	EFO:0030080
Pig6_TATTGCTAGGTCTACT.1	Pig6_TATTGCTAGGTCTACT-1	Pig6	Beam A	Beam A	CL:0000327	pig	NCBITaxon:9823	NCBITaxon:9823	EFO:0030080
Pig6_TATTGGGCATAACTCG.1	Pig6_TATTGGGCATAACTCG-1	Pig6	Beam A	Beam A	CL:0000327	pig	NCBITaxon:9823	NCBITaxon:9823	EFO:0030080
Pig6_TATTGGGTCCGGACGT.1	Pig6_TATTGGGTCCGGACGT-1	Pig6	Macrophage	Macrophage	CL:0000235	pig	NCBITaxon:9823	NCBITaxon:9823	EFO:0030080
Pig6_TCAAGACAGCCAGTAG.1	Pig6_TCAAGACAGCCAGTAG-1	Pig6	Fibroblast	Fibroblast	CL:0000057	pig	NCBITaxon:9823	NCBITaxon:9823	EFO:0030080
Pig6_TCAATTCGTTCCAGGC.1	Pig6_TCAATTCGTTCCAGGC-1	Pig6	Beam A	Beam A	CL:0000327	pig	NCBITaxon:9823	NCBITaxon:9823	EFO:0030080
Pig6_TCACAAGAGGCAATGC.1	Pig6_TCACAAGAGGCAATGC-1	Pig6	Beam A	Beam A	CL:0000327	pig	NCBITaxon:9823	NCBITaxon:9823	EFO:0030080
Pig6_TCACGGGCAGTTGTTG.1	Pig6_TCACGGGCAGTTGTTG-1	Pig6	NK/T cell	NK/T cell	CL:0000814	pig	NCBITaxon:9823	NCBITaxon:9823	EFO:0030080
Pig6_TCACGGGTCCAACTGA.1	Pig6_TCACGGGTCCAACTGA-1	Pig6	Fibroblast	Fibroblast	CL:0000057	pig	NCBITaxon:9823	NCBITaxon:9823	EFO:0030080
Pig6_TCACTATGTTCGGTTA.1	Pig6_TCACTATGTTCGGTTA-1	Pig6	Pericyte	Pericyte	CL:0000669	pig	NCBITaxon:9823	NCBITaxon:9823	EFO:0030080
Pig6_TCACTCGAGTGTCATC.1	Pig6_TCACTCGAGTGTCATC-1	Pig6	Beam A	Beam A	CL:0000327	pig	NCBITaxon:9823	NCBITaxon:9823	EFO:0030080
Pig6_TCAGCCTTCTCACGAA.1	Pig6_TCAGCCTTCTCACGAA-1	Pig6	Beam A	Beam A	CL:0000327	pig	NCBITaxon:9823	NCBITaxon:9823	EFO:0030080
Pig6_TCAGGGCCAGTCTCTC.1	Pig6_TCAGGGCCAGTCTCTC-1	Pig6	Ciliary muscle	Ciliary muscle	CL:1000443	pig	NCBITaxon:9823	NCBITaxon:9823	EFO:0030080
Pig6_TCAGTCCAGATTCGCT.1	Pig6_TCAGTCCAGATTCGCT-1	Pig6	NK/T cell	NK/T cell	CL:0000814	pig	NCBITaxon:9823	NCBITaxon:9823	EFO:0030080
Pig6_TCAGTTTCAAGGTCGA.1	Pig6_TCAGTTTCAAGGTCGA-1	Pig6	Beam A	Beam A	CL:0000327	pig	NCBITaxon:9823	NCBITaxon:9823	EFO:0030080
Pig6_TCAGTTTTCCGCAACG.1	Pig6_TCAGTTTTCCGCAACG-1	Pig6	Beam A	Beam A	CL:0000327	pig	NCBITaxon:9823	NCBITaxon:9823	EFO:0030080
Pig6_TCATCATGTGTTCCTC.1	Pig6_TCATCATGTGTTCCTC-1	Pig6	SChlemm's Canal	SChlemm's Canal	CL:0000115	pig	NCBITaxon:9823	NCBITaxon:9823	EFO:0030080
Pig6_TCATCCGAGCTGGCCT.1	Pig6_TCATCCGAGCTGGCCT-1	Pig6	Macrophage	Macrophage	CL:0000235	pig	NCBITaxon:9823	NCBITaxon:9823	EFO:0030080
Pig6_TCATCCGCATCTCCCA.1	Pig6_TCATCCGCATCTCCCA-1	Pig6	Fibroblast	Fibroblast	CL:0000057	pig	NCBITaxon:9823	NCBITaxon:9823	EFO:0030080
Pig6_TCATGAGGTATACGGG.1	Pig6_TCATGAGGTATACGGG-1	Pig6	Macrophage	Macrophage	CL:0000235	pig	NCBITaxon:9823	NCBITaxon:9823	EFO:0030080
Pig6_TCATGAGTCTGAGCAT.1	Pig6_TCATGAGTCTGAGCAT-1	Pig6	Macrophage	Macrophage	CL:0000235	pig	NCBITaxon:9823	NCBITaxon:9823	EFO:0030080
Pig6_TCATTCAGTCGGCCTA.1	Pig6_TCATTCAGTCGGCCTA-1	Pig6	Melanocyte	Melanocyte	CL:0000148	pig	NCBITaxon:9823	NCBITaxon:9823	EFO:0030080
Pig6_TCATTCATCGGTAACT.1	Pig6_TCATTCATCGGTAACT-1	Pig6	Macrophage	Macrophage	CL:0000235	pig	NCBITaxon:9823	NCBITaxon:9823	EFO:0030080
Pig6_TCATTTGTCTGTCGCT.1	Pig6_TCATTTGTCTGTCGCT-1	Pig6	Fibroblast	Fibroblast	CL:0000057	pig	NCBITaxon:9823	NCBITaxon:9823	EFO:0030080
Pig6_TCCACCATCTCCATAT.1	Pig6_TCCACCATCTCCATAT-1	Pig6	Beam A	Beam A	CL:0000327	pig	NCBITaxon:9823	NCBITaxon:9823	EFO:0030080
Pig6_TCCACCATCTGATTCT.1	Pig6_TCCACCATCTGATTCT-1	Pig6	Melanocyte	Melanocyte	CL:0000148	pig	NCBITaxon:9823	NCBITaxon:9823	EFO:0030080
Pig6_TCCATCGTCACCTTGC.1	Pig6_TCCATCGTCACCTTGC-1	Pig6	Beam A	Beam A	CL:0000327	pig	NCBITaxon:9823	NCBITaxon:9823	EFO:0030080
Pig6_TCCGTGTTCAGGTGTT.1	Pig6_TCCGTGTTCAGGTGTT-1	Pig6	Beam A	Beam A	CL:0000327	pig	NCBITaxon:9823	NCBITaxon:9823	EFO:0030080
Pig6_TCCGTGTTCTGGGTCG.1	Pig6_TCCGTGTTCTGGGTCG-1	Pig6	Macrophage	Macrophage	CL:0000235	pig	NCBITaxon:9823	NCBITaxon:9823	EFO:0030080
Pig6_TCCTCCCTCGTAACTG.1	Pig6_TCCTCCCTCGTAACTG-1	Pig6	Macrophage	Macrophage	CL:0000235	pig	NCBITaxon:9823	NCBITaxon:9823	EFO:0030080
Pig6_TCCTCGAGTACCTATG.1	Pig6_TCCTCGAGTACCTATG-1	Pig6	Beam A	Beam A	CL:0000327	pig	NCBITaxon:9823	NCBITaxon:9823	EFO:0030080
Pig6_TCCTCTTCACCGTGGT.1	Pig6_TCCTCTTCACCGTGGT-1	Pig6	Fibroblast	Fibroblast	CL:0000057	pig	NCBITaxon:9823	NCBITaxon:9823	EFO:0030080
Pig6_TCCTGCACATAATGCC.1	Pig6_TCCTGCACATAATGCC-1	Pig6	Beam A	Beam A	CL:0000327	pig	NCBITaxon:9823	NCBITaxon:9823	EFO:0030080
Pig6_TCCTGCAGTGGCGTAA.1	Pig6_TCCTGCAGTGGCGTAA-1	Pig6	Corneal endothelium	Corneal endothelium	CL:0000132	pig	NCBITaxon:9823	NCBITaxon:9823	EFO:0030080
Pig6_TCCTTCTCACGGCCAT.1	Pig6_TCCTTCTCACGGCCAT-1	Pig6	Fibroblast	Fibroblast	CL:0000057	pig	NCBITaxon:9823	NCBITaxon:9823	EFO:0030080
Pig6_TCGAACATCCCATACC.1	Pig6_TCGAACATCCCATACC-1	Pig6	Beam A	Beam A	CL:0000327	pig	NCBITaxon:9823	NCBITaxon:9823	EFO:0030080
Pig6_TCGAAGTCACGCCAGT.1	Pig6_TCGAAGTCACGCCAGT-1	Pig6	Beam A	Beam A	CL:0000327	pig	NCBITaxon:9823	NCBITaxon:9823	EFO:0030080
Pig6_TCGCACTCAGCAGACA.1	Pig6_TCGCACTCAGCAGACA-1	Pig6	Fibroblast	Fibroblast	CL:0000057	pig	NCBITaxon:9823	NCBITaxon:9823	EFO:0030080
Pig6_TCGCTCAGTACTGTTG.1	Pig6_TCGCTCAGTACTGTTG-1	Pig6	Macrophage	Macrophage	CL:0000235	pig	NCBITaxon:9823	NCBITaxon:9823	EFO:0030080
Pig6_TCGGATAGTTCGTACA.1	Pig6_TCGGATAGTTCGTACA-1	Pig6	Macrophage	Macrophage	CL:0000235	pig	NCBITaxon:9823	NCBITaxon:9823	EFO:0030080
Pig6_TCGGATATCTGATGGT.1	Pig6_TCGGATATCTGATGGT-1	Pig6	Fibroblast	Fibroblast	CL:0000057	pig	NCBITaxon:9823	NCBITaxon:9823	EFO:0030080
Pig6_TCGGGACGTGGGACAT.1	Pig6_TCGGGACGTGGGACAT-1	Pig6	Beam A	Beam A	CL:0000327	pig	NCBITaxon:9823	NCBITaxon:9823	EFO:0030080
Pig6_TCGGGTGAGAATTGCA.1	Pig6_TCGGGTGAGAATTGCA-1	Pig6	Fibroblast	Fibroblast	CL:0000057	pig	NCBITaxon:9823	NCBITaxon:9823	EFO:0030080
Pig6_TCGGTCTAGCGCCCAT.1	Pig6_TCGGTCTAGCGCCCAT-1	Pig6	Macrophage	Macrophage	CL:0000235	pig	NCBITaxon:9823	NCBITaxon:9823	EFO:0030080
Pig6_TCGTCCACACGTAGTT.1	Pig6_TCGTCCACACGTAGTT-1	Pig6	Pericyte	Pericyte	CL:0000669	pig	NCBITaxon:9823	NCBITaxon:9823	EFO:0030080
Pig6_TCGTGGGAGGAGGTTC.1	Pig6_TCGTGGGAGGAGGTTC-1	Pig6	SChlemm's Canal	SChlemm's Canal	CL:0000115	pig	NCBITaxon:9823	NCBITaxon:9823	EFO:0030080
Pig6_TCGTGGGAGGTCCAGA.1	Pig6_TCGTGGGAGGTCCAGA-1	Pig6	Beam A	Beam A	CL:0000327	pig	NCBITaxon:9823	NCBITaxon:9823	EFO:0030080
Pig6_TCTAACTCAGACAAGC.1	Pig6_TCTAACTCAGACAAGC-1	Pig6	Fibroblast	Fibroblast	CL:0000057	pig	NCBITaxon:9823	NCBITaxon:9823	EFO:0030080
Pig6_TCTACATAGGCTAAAT.1	Pig6_TCTACATAGGCTAAAT-1	Pig6	Melanocyte	Melanocyte	CL:0000148	pig	NCBITaxon:9823	NCBITaxon:9823	EFO:0030080
Pig6_TCTATCAGTGGCTGAA.1	Pig6_TCTATCAGTGGCTGAA-1	Pig6	NK/T cell	NK/T cell	CL:0000814	pig	NCBITaxon:9823	NCBITaxon:9823	EFO:0030080
Pig6_TCTATCAGTTGCAACT.1	Pig6_TCTATCAGTTGCAACT-1	Pig6	Fibroblast	Fibroblast	CL:0000057	pig	NCBITaxon:9823	NCBITaxon:9823	EFO:0030080
Pig6_TCTCAGCAGATGGCAC.1	Pig6_TCTCAGCAGATGGCAC-1	Pig6	Fibroblast	Fibroblast	CL:0000057	pig	NCBITaxon:9823	NCBITaxon:9823	EFO:0030080
Pig6_TCTCAGCAGTCCCTAA.1	Pig6_TCTCAGCAGTCCCTAA-1	Pig6	Beam A	Beam A	CL:0000327	pig	NCBITaxon:9823	NCBITaxon:9823	EFO:0030080
Pig6_TCTCTGGTCTCATAGG.1	Pig6_TCTCTGGTCTCATAGG-1	Pig6	Fibroblast	Fibroblast	CL:0000057	pig	NCBITaxon:9823	NCBITaxon:9823	EFO:0030080
Pig6_TCTGGCTTCCAATCTT.1	Pig6_TCTGGCTTCCAATCTT-1	Pig6	Beam A	Beam A	CL:0000327	pig	NCBITaxon:9823	NCBITaxon:9823	EFO:0030080
Pig6_TCTGTCGCATGTCGTA.1	Pig6_TCTGTCGCATGTCGTA-1	Pig6	Beam A	Beam A	CL:0000327	pig	NCBITaxon:9823	NCBITaxon:9823	EFO:0030080
Pig6_TCTTAGTGTGAATGTA.1	Pig6_TCTTAGTGTGAATGTA-1	Pig6	Macrophage	Macrophage	CL:0000235	pig	NCBITaxon:9823	NCBITaxon:9823	EFO:0030080
Pig6_TCTTGCGCATTACTCT.1	Pig6_TCTTGCGCATTACTCT-1	Pig6	Fibroblast	Fibroblast	CL:0000057	pig	NCBITaxon:9823	NCBITaxon:9823	EFO:0030080
Pig6_TGAATCGTCCGTCACT.1	Pig6_TGAATCGTCCGTCACT-1	Pig6	Beam A	Beam A	CL:0000327	pig	NCBITaxon:9823	NCBITaxon:9823	EFO:0030080
Pig6_TGACAGTCAGACCATT.1	Pig6_TGACAGTCAGACCATT-1	Pig6	Fibroblast	Fibroblast	CL:0000057	pig	NCBITaxon:9823	NCBITaxon:9823	EFO:0030080
Pig6_TGACCCTAGGAAGTGA.1	Pig6_TGACCCTAGGAAGTGA-1	Pig6	Beam A	Beam A	CL:0000327	pig	NCBITaxon:9823	NCBITaxon:9823	EFO:0030080
Pig6_TGACGCGCAACCTATG.1	Pig6_TGACGCGCAACCTATG-1	Pig6	SChlemm's Canal	SChlemm's Canal	CL:0000115	pig	NCBITaxon:9823	NCBITaxon:9823	EFO:0030080
Pig6_TGAGACTCAGCTGGTC.1	Pig6_TGAGACTCAGCTGGTC-1	Pig6	Beam A	Beam A	CL:0000327	pig	NCBITaxon:9823	NCBITaxon:9823	EFO:0030080
Pig6_TGAGCGCCAGCTACCG.1	Pig6_TGAGCGCCAGCTACCG-1	Pig6	Fibroblast	Fibroblast	CL:0000057	pig	NCBITaxon:9823	NCBITaxon:9823	EFO:0030080
Pig6_TGAGGGAAGTCCGTCG.1	Pig6_TGAGGGAAGTCCGTCG-1	Pig6	Beam A	Beam A	CL:0000327	pig	NCBITaxon:9823	NCBITaxon:9823	EFO:0030080
Pig6_TGATCAGTCCTCACCA.1	Pig6_TGATCAGTCCTCACCA-1	Pig6	NK/T cell	NK/T cell	CL:0000814	pig	NCBITaxon:9823	NCBITaxon:9823	EFO:0030080
Pig6_TGATCTTCACGTCTCT.1	Pig6_TGATCTTCACGTCTCT-1	Pig6	Fibroblast	Fibroblast	CL:0000057	pig	NCBITaxon:9823	NCBITaxon:9823	EFO:0030080
Pig6_TGATGGTCATACCGTA.1	Pig6_TGATGGTCATACCGTA-1	Pig6	Beam A	Beam A	CL:0000327	pig	NCBITaxon:9823	NCBITaxon:9823	EFO:0030080
Pig6_TGCAGATTCCCATACC.1	Pig6_TGCAGATTCCCATACC-1	Pig6	Fibroblast	Fibroblast	CL:0000057	pig	NCBITaxon:9823	NCBITaxon:9823	EFO:0030080
Pig6_TGCAGGCTCTCTTGCG.1	Pig6_TGCAGGCTCTCTTGCG-1	Pig6	Ciliary muscle	Ciliary muscle	CL:1000443	pig	NCBITaxon:9823	NCBITaxon:9823	EFO:0030080
Pig6_TGCATGAGTTACACAC.1	Pig6_TGCATGAGTTACACAC-1	Pig6	Beam A	Beam A	CL:0000327	pig	NCBITaxon:9823	NCBITaxon:9823	EFO:0030080
Pig6_TGCATGAGTTGGTACT.1	Pig6_TGCATGAGTTGGTACT-1	Pig6	Ciliary muscle	Ciliary muscle	CL:1000443	pig	NCBITaxon:9823	NCBITaxon:9823	EFO:0030080
Pig6_TGCCGAGGTGAATGAT.1	Pig6_TGCCGAGGTGAATGAT-1	Pig6	Beam A	Beam A	CL:0000327	pig	NCBITaxon:9823	NCBITaxon:9823	EFO:0030080
Pig6_TGCCGAGGTTATAGCC.1	Pig6_TGCCGAGGTTATAGCC-1	Pig6	Beam A	Beam A	CL:0000327	pig	NCBITaxon:9823	NCBITaxon:9823	EFO:0030080
Pig6_TGCGACGCAGGTAGTG.1	Pig6_TGCGACGCAGGTAGTG-1	Pig6	Beam A	Beam A	CL:0000327	pig	NCBITaxon:9823	NCBITaxon:9823	EFO:0030080
Pig6_TGCGATATCCCAGGCA.1	Pig6_TGCGATATCCCAGGCA-1	Pig6	Macrophage	Macrophage	CL:0000235	pig	NCBITaxon:9823	NCBITaxon:9823	EFO:0030080
Pig6_TGCGGCACACTTCTCG.1	Pig6_TGCGGCACACTTCTCG-1	Pig6	Beam A	Beam A	CL:0000327	pig	NCBITaxon:9823	NCBITaxon:9823	EFO:0030080
Pig6_TGCGGGTTCATTGGTG.1	Pig6_TGCGGGTTCATTGGTG-1	Pig6	Beam A	Beam A	CL:0000327	pig	NCBITaxon:9823	NCBITaxon:9823	EFO:0030080
Pig6_TGCTTCGCACGTAGTT.1	Pig6_TGCTTCGCACGTAGTT-1	Pig6	Macrophage	Macrophage	CL:0000235	pig	NCBITaxon:9823	NCBITaxon:9823	EFO:0030080
Pig6_TGGAACTAGAAACTCA.1	Pig6_TGGAACTAGAAACTCA-1	Pig6	Beam A	Beam A	CL:0000327	pig	NCBITaxon:9823	NCBITaxon:9823	EFO:0030080
Pig6_TGGAACTTCGCCAATA.1	Pig6_TGGAACTTCGCCAATA-1	Pig6	Fibroblast	Fibroblast	CL:0000057	pig	NCBITaxon:9823	NCBITaxon:9823	EFO:0030080
Pig6_TGGAACTTCTCTCAAT.1	Pig6_TGGAACTTCTCTCAAT-1	Pig6	Fibroblast	Fibroblast	CL:0000057	pig	NCBITaxon:9823	NCBITaxon:9823	EFO:0030080
Pig6_TGGAGGAGTGATAGAT.1	Pig6_TGGAGGAGTGATAGAT-1	Pig6	Fibroblast	Fibroblast	CL:0000057	pig	NCBITaxon:9823	NCBITaxon:9823	EFO:0030080
Pig6_TGGAGGATCATGCATG.1	Pig6_TGGAGGATCATGCATG-1	Pig6	Beam A	Beam A	CL:0000327	pig	NCBITaxon:9823	NCBITaxon:9823	EFO:0030080
Pig6_TGGATCAGTGGACCTC.1	Pig6_TGGATCAGTGGACCTC-1	Pig6	Beam A	Beam A	CL:0000327	pig	NCBITaxon:9823	NCBITaxon:9823	EFO:0030080
Pig6_TGGATCATCGCGATCG.1	Pig6_TGGATCATCGCGATCG-1	Pig6	Fibroblast	Fibroblast	CL:0000057	pig	NCBITaxon:9823	NCBITaxon:9823	EFO:0030080
Pig6_TGGATGTCATGCCGGT.1	Pig6_TGGATGTCATGCCGGT-1	Pig6	Beam A	Beam A	CL:0000327	pig	NCBITaxon:9823	NCBITaxon:9823	EFO:0030080
Pig6_TGGGCGTCACAATGAA.1	Pig6_TGGGCGTCACAATGAA-1	Pig6	NK/T cell	NK/T cell	CL:0000814	pig	NCBITaxon:9823	NCBITaxon:9823	EFO:0030080
Pig6_TGGGTTATCTAGACCA.1	Pig6_TGGGTTATCTAGACCA-1	Pig6	Beam A	Beam A	CL:0000327	pig	NCBITaxon:9823	NCBITaxon:9823	EFO:0030080
Pig6_TGGTACACAATCTCGA.1	Pig6_TGGTACACAATCTCGA-1	Pig6	Beam A	Beam A	CL:0000327	pig	NCBITaxon:9823	NCBITaxon:9823	EFO:0030080
Pig6_TGGTAGTCAGCGGATA.1	Pig6_TGGTAGTCAGCGGATA-1	Pig6	Fibroblast	Fibroblast	CL:0000057	pig	NCBITaxon:9823	NCBITaxon:9823	EFO:0030080
Pig6_TGGTAGTTCTTAGTTC.1	Pig6_TGGTAGTTCTTAGTTC-1	Pig6	Fibroblast	Fibroblast	CL:0000057	pig	NCBITaxon:9823	NCBITaxon:9823	EFO:0030080
Pig6_TGGTTAGAGCCTTTCC.1	Pig6_TGGTTAGAGCCTTTCC-1	Pig6	Beam A	Beam A	CL:0000327	pig	NCBITaxon:9823	NCBITaxon:9823	EFO:0030080
Pig6_TGGTTAGCAGGCTCTG.1	Pig6_TGGTTAGCAGGCTCTG-1	Pig6	Fibroblast	Fibroblast	CL:0000057	pig	NCBITaxon:9823	NCBITaxon:9823	EFO:0030080
Pig6_TGTCAGAGTCTCAAGT.1	Pig6_TGTCAGAGTCTCAAGT-1	Pig6	Beam A	Beam A	CL:0000327	pig	NCBITaxon:9823	NCBITaxon:9823	EFO:0030080
Pig6_TGTCCACCAGCCCACA.1	Pig6_TGTCCACCAGCCCACA-1	Pig6	Pericyte	Pericyte	CL:0000669	pig	NCBITaxon:9823	NCBITaxon:9823	EFO:0030080
Pig6_TGTCCCAGTAGCTTGT.1	Pig6_TGTCCCAGTAGCTTGT-1	Pig6	SChlemm's Canal	SChlemm's Canal	CL:0000115	pig	NCBITaxon:9823	NCBITaxon:9823	EFO:0030080
Pig6_TGTGCGGAGTGTTCAC.1	Pig6_TGTGCGGAGTGTTCAC-1	Pig6	Beam A	Beam A	CL:0000327	pig	NCBITaxon:9823	NCBITaxon:9823	EFO:0030080
Pig6_TGTGCGGTCTGAGAGG.1	Pig6_TGTGCGGTCTGAGAGG-1	Pig6	Beam A	Beam A	CL:0000327	pig	NCBITaxon:9823	NCBITaxon:9823	EFO:0030080
Pig6_TGTGGCGCATTAAAGG.1	Pig6_TGTGGCGCATTAAAGG-1	Pig6	Fibroblast	Fibroblast	CL:0000057	pig	NCBITaxon:9823	NCBITaxon:9823	EFO:0030080
Pig6_TGTGGCGTCTGTCAGA.1	Pig6_TGTGGCGTCTGTCAGA-1	Pig6	Beam A	Beam A	CL:0000327	pig	NCBITaxon:9823	NCBITaxon:9823	EFO:0030080
Pig6_TGTGTGACATCGGATT.1	Pig6_TGTGTGACATCGGATT-1	Pig6	Beam A	Beam A	CL:0000327	pig	NCBITaxon:9823	NCBITaxon:9823	EFO:0030080
Pig6_TGTTCATCAAACAGGC.1	Pig6_TGTTCATCAAACAGGC-1	Pig6	Beam A	Beam A	CL:0000327	pig	NCBITaxon:9823	NCBITaxon:9823	EFO:0030080
Pig6_TGTTCTACAGTTAAAG.1	Pig6_TGTTCTACAGTTAAAG-1	Pig6	Beam A	Beam A	CL:0000327	pig	NCBITaxon:9823	NCBITaxon:9823	EFO:0030080
Pig6_TGTTCTAGTAGTTAGA.1	Pig6_TGTTCTAGTAGTTAGA-1	Pig6	Fibroblast	Fibroblast	CL:0000057	pig	NCBITaxon:9823	NCBITaxon:9823	EFO:0030080
Pig6_TGTTGAGCACTACAGT.1	Pig6_TGTTGAGCACTACAGT-1	Pig6	Beam A	Beam A	CL:0000327	pig	NCBITaxon:9823	NCBITaxon:9823	EFO:0030080
Pig6_TGTTGGACAAACCGGA.1	Pig6_TGTTGGACAAACCGGA-1	Pig6	Beam A	Beam A	CL:0000327	pig	NCBITaxon:9823	NCBITaxon:9823	EFO:0030080
Pig6_TGTTTGTAGAAACTGT.1	Pig6_TGTTTGTAGAAACTGT-1	Pig6	Fibroblast	Fibroblast	CL:0000057	pig	NCBITaxon:9823	NCBITaxon:9823	EFO:0030080
Pig6_TGTTTGTGTGTAAATG.1	Pig6_TGTTTGTGTGTAAATG-1	Pig6	Beam A	Beam A	CL:0000327	pig	NCBITaxon:9823	NCBITaxon:9823	EFO:0030080
Pig6_TTAATCCGTTTGTTGG.1	Pig6_TTAATCCGTTTGTTGG-1	Pig6	Beam A	Beam A	CL:0000327	pig	NCBITaxon:9823	NCBITaxon:9823	EFO:0030080
Pig6_TTACAGGAGAAGAGCA.1	Pig6_TTACAGGAGAAGAGCA-1	Pig6	Macrophage	Macrophage	CL:0000235	pig	NCBITaxon:9823	NCBITaxon:9823	EFO:0030080
Pig6_TTACCGCAGCCGGAAT.1	Pig6_TTACCGCAGCCGGAAT-1	Pig6	Beam A	Beam A	CL:0000327	pig	NCBITaxon:9823	NCBITaxon:9823	EFO:0030080
Pig6_TTACGCCCACCGTGAC.1	Pig6_TTACGCCCACCGTGAC-1	Pig6	Beam A	Beam A	CL:0000327	pig	NCBITaxon:9823	NCBITaxon:9823	EFO:0030080
Pig6_TTACGCCGTCTTACAG.1	Pig6_TTACGCCGTCTTACAG-1	Pig6	Pericyte	Pericyte	CL:0000669	pig	NCBITaxon:9823	NCBITaxon:9823	EFO:0030080
Pig6_TTACGCCGTGGCGCTT.1	Pig6_TTACGCCGTGGCGCTT-1	Pig6	Beam A	Beam A	CL:0000327	pig	NCBITaxon:9823	NCBITaxon:9823	EFO:0030080
Pig6_TTACTGTCAGGTTCCG.1	Pig6_TTACTGTCAGGTTCCG-1	Pig6	Fibroblast	Fibroblast	CL:0000057	pig	NCBITaxon:9823	NCBITaxon:9823	EFO:0030080
Pig6_TTACTGTTCCTTGACC.1	Pig6_TTACTGTTCCTTGACC-1	Pig6	Beam A	Beam A	CL:0000327	pig	NCBITaxon:9823	NCBITaxon:9823	EFO:0030080
Pig6_TTAGGCACATACAGAA.1	Pig6_TTAGGCACATACAGAA-1	Pig6	Macrophage	Macrophage	CL:0000235	pig	NCBITaxon:9823	NCBITaxon:9823	EFO:0030080
Pig6_TTAGTCTAGGACAACC.1	Pig6_TTAGTCTAGGACAACC-1	Pig6	Fibroblast	Fibroblast	CL:0000057	pig	NCBITaxon:9823	NCBITaxon:9823	EFO:0030080
Pig6_TTCAATCTCATGGTAC.1	Pig6_TTCAATCTCATGGTAC-1	Pig6	Beam A	Beam A	CL:0000327	pig	NCBITaxon:9823	NCBITaxon:9823	EFO:0030080
Pig6_TTCACCGGTTCCGCGA.1	Pig6_TTCACCGGTTCCGCGA-1	Pig6	Fibroblast	Fibroblast	CL:0000057	pig	NCBITaxon:9823	NCBITaxon:9823	EFO:0030080
Pig6_TTCATTGCACAGCTGC.1	Pig6_TTCATTGCACAGCTGC-1	Pig6	Pericyte	Pericyte	CL:0000669	pig	NCBITaxon:9823	NCBITaxon:9823	EFO:0030080
Pig6_TTCCACGCACCGCTAG.1	Pig6_TTCCACGCACCGCTAG-1	Pig6	Beam A	Beam A	CL:0000327	pig	NCBITaxon:9823	NCBITaxon:9823	EFO:0030080
Pig6_TTCCACGGTCGGTGAA.1	Pig6_TTCCACGGTCGGTGAA-1	Pig6	Beam A	Beam A	CL:0000327	pig	NCBITaxon:9823	NCBITaxon:9823	EFO:0030080
Pig6_TTCCTCTAGGAATGTT.1	Pig6_TTCCTCTAGGAATGTT-1	Pig6	Beam A	Beam A	CL:0000327	pig	NCBITaxon:9823	NCBITaxon:9823	EFO:0030080
Pig6_TTCCTCTCACATTCTT.1	Pig6_TTCCTCTCACATTCTT-1	Pig6	Beam A	Beam A	CL:0000327	pig	NCBITaxon:9823	NCBITaxon:9823	EFO:0030080
Pig6_TTCCTTCGTTGGACTT.1	Pig6_TTCCTTCGTTGGACTT-1	Pig6	Corneal endothelium	Corneal endothelium	CL:0000132	pig	NCBITaxon:9823	NCBITaxon:9823	EFO:0030080
Pig6_TTCGCTGGTATCTTCT.1	Pig6_TTCGCTGGTATCTTCT-1	Pig6	Beam A	Beam A	CL:0000327	pig	NCBITaxon:9823	NCBITaxon:9823	EFO:0030080
Pig6_TTCTAACGTTGCCGCA.1	Pig6_TTCTAACGTTGCCGCA-1	Pig6	Beam A	Beam A	CL:0000327	pig	NCBITaxon:9823	NCBITaxon:9823	EFO:0030080
Pig6_TTCTAGTTCACAGTGT.1	Pig6_TTCTAGTTCACAGTGT-1	Pig6	Fibroblast	Fibroblast	CL:0000057	pig	NCBITaxon:9823	NCBITaxon:9823	EFO:0030080
Pig6_TTGACCCCAATAACGA.1	Pig6_TTGACCCCAATAACGA-1	Pig6	Beam A	Beam A	CL:0000327	pig	NCBITaxon:9823	NCBITaxon:9823	EFO:0030080
Pig6_TTGCATTGTCTCAAGT.1	Pig6_TTGCATTGTCTCAAGT-1	Pig6	Fibroblast	Fibroblast	CL:0000057	pig	NCBITaxon:9823	NCBITaxon:9823	EFO:0030080
Pig6_TTGCCTGCAATCTGCA.1	Pig6_TTGCCTGCAATCTGCA-1	Pig6	Fibroblast	Fibroblast	CL:0000057	pig	NCBITaxon:9823	NCBITaxon:9823	EFO:0030080
Pig6_TTGCCTGGTGCCTATA.1	Pig6_TTGCCTGGTGCCTATA-1	Pig6	Fibroblast	Fibroblast	CL:0000057	pig	NCBITaxon:9823	NCBITaxon:9823	EFO:0030080
Pig6_TTGCTGCGTCTGCATA.1	Pig6_TTGCTGCGTCTGCATA-1	Pig6	SChlemm's Canal	SChlemm's Canal	CL:0000115	pig	NCBITaxon:9823	NCBITaxon:9823	EFO:0030080
Pig6_TTGGATGTCTCATAGG.1	Pig6_TTGGATGTCTCATAGG-1	Pig6	Beam A	Beam A	CL:0000327	pig	NCBITaxon:9823	NCBITaxon:9823	EFO:0030080
Pig6_TTGGGATAGCCATTGT.1	Pig6_TTGGGATAGCCATTGT-1	Pig6	Macrophage	Macrophage	CL:0000235	pig	NCBITaxon:9823	NCBITaxon:9823	EFO:0030080
Pig6_TTGGGCGGTATACGGG.1	Pig6_TTGGGCGGTATACGGG-1	Pig6	Macrophage	Macrophage	CL:0000235	pig	NCBITaxon:9823	NCBITaxon:9823	EFO:0030080
Pig6_TTGGTTTAGAGTCAAT.1	Pig6_TTGGTTTAGAGTCAAT-1	Pig6	Beam A	Beam A	CL:0000327	pig	NCBITaxon:9823	NCBITaxon:9823	EFO:0030080
Pig6_TTGTTCAGTTCCTAAG.1	Pig6_TTGTTCAGTTCCTAAG-1	Pig6	Macrophage	Macrophage	CL:0000235	pig	NCBITaxon:9823	NCBITaxon:9823	EFO:0030080
Pig6_TTGTTGTCAGCGCTTG.1	Pig6_TTGTTGTCAGCGCTTG-1	Pig6	Macrophage	Macrophage	CL:0000235	pig	NCBITaxon:9823	NCBITaxon:9823	EFO:0030080
Pig6_TTGTTGTTCACTCCGT.1	Pig6_TTGTTGTTCACTCCGT-1	Pig6	SChlemm's Canal	SChlemm's Canal	CL:0000115	pig	NCBITaxon:9823	NCBITaxon:9823	EFO:0030080
Pig6_TTTCACAAGACACACG.1	Pig6_TTTCACAAGACACACG-1	Pig6	Beam A	Beam A	CL:0000327	pig	NCBITaxon:9823	NCBITaxon:9823	EFO:0030080
Pig6_TTTCAGTTCATCTCTA.1	Pig6_TTTCAGTTCATCTCTA-1	Pig6	Beam A	Beam A	CL:0000327	pig	NCBITaxon:9823	NCBITaxon:9823	EFO:0030080
Pig6_TTTCATGGTCGCTTAA.1	Pig6_TTTCATGGTCGCTTAA-1	Pig6	Beam A	Beam A	CL:0000327	pig	NCBITaxon:9823	NCBITaxon:9823	EFO:0030080
Pig6_TTTCATGGTGGACCTC.1	Pig6_TTTCATGGTGGACCTC-1	Pig6	Fibroblast	Fibroblast	CL:0000057	pig	NCBITaxon:9823	NCBITaxon:9823	EFO:0030080
Pig6_TTTCATGGTGTCGATT.1	Pig6_TTTCATGGTGTCGATT-1	Pig6	Beam A	Beam A	CL:0000327	pig	NCBITaxon:9823	NCBITaxon:9823	EFO:0030080
Pig6_TTTCCTCAGAGCATCG.1	Pig6_TTTCCTCAGAGCATCG-1	Pig6	Beam A	Beam A	CL:0000327	pig	NCBITaxon:9823	NCBITaxon:9823	EFO:0030080
Pig6_TTTCCTCTCCTTGACC.1	Pig6_TTTCCTCTCCTTGACC-1	Pig6	Melanocyte	Melanocyte	CL:0000148	pig	NCBITaxon:9823	NCBITaxon:9823	EFO:0030080
Pig6_TTTCGATCATGGCTAT.1	Pig6_TTTCGATCATGGCTAT-1	Pig6	Beam A	Beam A	CL:0000327	pig	NCBITaxon:9823	NCBITaxon:9823	EFO:0030080
Pig6_TTTGACTGTCCAGGTC.1	Pig6_TTTGACTGTCCAGGTC-1	Pig6	NK/T cell	NK/T cell	CL:0000814	pig	NCBITaxon:9823	NCBITaxon:9823	EFO:0030080
Pig6_TTTGTTGCAAGTCATC.1	Pig6_TTTGTTGCAAGTCATC-1	Pig6	Melanocyte	Melanocyte	CL:0000148	pig	NCBITaxon:9823	NCBITaxon:9823	EFO:0030080
Pig6_TTTGTTGGTGATTGGG.1	Pig6_TTTGTTGGTGATTGGG-1	Pig6	Fibroblast	Fibroblast	CL:0000057	pig	NCBITaxon:9823	NCBITaxon:9823	EFO:0030080
Pig9_AAACCCAAGATGTTGA.1	Pig9_AAACCCAAGATGTTGA-1	Pig9	Beam A	Beam A	CL:0000327	pig	NCBITaxon:9823	NCBITaxon:9823	EFO:0030080
Pig9_AAACCCAAGCTTACGT.1	Pig9_AAACCCAAGCTTACGT-1	Pig9	Beam A	Beam A	CL:0000327	pig	NCBITaxon:9823	NCBITaxon:9823	EFO:0030080
Pig9_AAACCCACAGAGGAAA.1	Pig9_AAACCCACAGAGGAAA-1	Pig9	Macrophage	Macrophage	CL:0000235	pig	NCBITaxon:9823	NCBITaxon:9823	EFO:0030080
Pig9_AAACCCAGTCGGTAAG.1	Pig9_AAACCCAGTCGGTAAG-1	Pig9	Macrophage	Macrophage	CL:0000235	pig	NCBITaxon:9823	NCBITaxon:9823	EFO:0030080
Pig9_AAACGAACACACCTAA.1	Pig9_AAACGAACACACCTAA-1	Pig9	Fibroblast	Fibroblast	CL:0000057	pig	NCBITaxon:9823	NCBITaxon:9823	EFO:0030080
Pig9_AAACGAACATTAGGCT.1	Pig9_AAACGAACATTAGGCT-1	Pig9	Pericyte	Pericyte	CL:0000669	pig	NCBITaxon:9823	NCBITaxon:9823	EFO:0030080
Pig9_AAACGAATCGATAACC.1	Pig9_AAACGAATCGATAACC-1	Pig9	Corneal endothelium	Corneal endothelium	CL:0000132	pig	NCBITaxon:9823	NCBITaxon:9823	EFO:0030080
Pig9_AAACGCTAGATGTTGA.1	Pig9_AAACGCTAGATGTTGA-1	Pig9	Beam A	Beam A	CL:0000327	pig	NCBITaxon:9823	NCBITaxon:9823	EFO:0030080
Pig9_AAACGCTAGGTTCCGC.1	Pig9_AAACGCTAGGTTCCGC-1	Pig9	Macrophage	Macrophage	CL:0000235	pig	NCBITaxon:9823	NCBITaxon:9823	EFO:0030080
Pig9_AAACGCTCAGCACAAG.1	Pig9_AAACGCTCAGCACAAG-1	Pig9	Macrophage	Macrophage	CL:0000235	pig	NCBITaxon:9823	NCBITaxon:9823	EFO:0030080
Pig9_AAAGAACAGGGTGAAA.1	Pig9_AAAGAACAGGGTGAAA-1	Pig9	Beam A	Beam A	CL:0000327	pig	NCBITaxon:9823	NCBITaxon:9823	EFO:0030080
Pig9_AAAGAACCACCCGTAG.1	Pig9_AAAGAACCACCCGTAG-1	Pig9	Macrophage	Macrophage	CL:0000235	pig	NCBITaxon:9823	NCBITaxon:9823	EFO:0030080
Pig9_AAAGGATAGGTGGGTT.1	Pig9_AAAGGATAGGTGGGTT-1	Pig9	Macrophage	Macrophage	CL:0000235	pig	NCBITaxon:9823	NCBITaxon:9823	EFO:0030080
Pig9_AAAGGATCAGAACGCA.1	Pig9_AAAGGATCAGAACGCA-1	Pig9	Macrophage	Macrophage	CL:0000235	pig	NCBITaxon:9823	NCBITaxon:9823	EFO:0030080
Pig9_AAAGGATGTAAGAACT.1	Pig9_AAAGGATGTAAGAACT-1	Pig9	Beam A	Beam A	CL:0000327	pig	NCBITaxon:9823	NCBITaxon:9823	EFO:0030080
Pig9_AAAGGATGTATGATCC.1	Pig9_AAAGGATGTATGATCC-1	Pig9	Beam A	Beam A	CL:0000327	pig	NCBITaxon:9823	NCBITaxon:9823	EFO:0030080
Pig9_AAAGGGCCAACGTATC.1	Pig9_AAAGGGCCAACGTATC-1	Pig9	Melanocyte	Melanocyte	CL:0000148	pig	NCBITaxon:9823	NCBITaxon:9823	EFO:0030080
Pig9_AAAGGGCCAGGGACTA.1	Pig9_AAAGGGCCAGGGACTA-1	Pig9	Beam A	Beam A	CL:0000327	pig	NCBITaxon:9823	NCBITaxon:9823	EFO:0030080
Pig9_AAAGGGCGTATCGAAA.1	Pig9_AAAGGGCGTATCGAAA-1	Pig9	Macrophage	Macrophage	CL:0000235	pig	NCBITaxon:9823	NCBITaxon:9823	EFO:0030080
Pig9_AAAGGGCTCGTTTACT.1	Pig9_AAAGGGCTCGTTTACT-1	Pig9	Beam A	Beam A	CL:0000327	pig	NCBITaxon:9823	NCBITaxon:9823	EFO:0030080
Pig9_AAAGGTAAGTGTTCAC.1	Pig9_AAAGGTAAGTGTTCAC-1	Pig9	NK/T cell	NK/T cell	CL:0000814	pig	NCBITaxon:9823	NCBITaxon:9823	EFO:0030080
Pig9_AAAGGTACAAGCCCAC.1	Pig9_AAAGGTACAAGCCCAC-1	Pig9	Beam A	Beam A	CL:0000327	pig	NCBITaxon:9823	NCBITaxon:9823	EFO:0030080
Pig9_AAAGGTAGTGGTTCTA.1	Pig9_AAAGGTAGTGGTTCTA-1	Pig9	Macrophage	Macrophage	CL:0000235	pig	NCBITaxon:9823	NCBITaxon:9823	EFO:0030080
Pig9_AAAGTCCAGGAAGTGA.1	Pig9_AAAGTCCAGGAAGTGA-1	Pig9	Beam A	Beam A	CL:0000327	pig	NCBITaxon:9823	NCBITaxon:9823	EFO:0030080
Pig9_AAAGTCCCAAACTAGA.1	Pig9_AAAGTCCCAAACTAGA-1	Pig9	Beam A	Beam A	CL:0000327	pig	NCBITaxon:9823	NCBITaxon:9823	EFO:0030080
Pig9_AAAGTCCCACAAAGTA.1	Pig9_AAAGTCCCACAAAGTA-1	Pig9	Beam A	Beam A	CL:0000327	pig	NCBITaxon:9823	NCBITaxon:9823	EFO:0030080
Pig9_AAAGTCCTCCCTCATG.1	Pig9_AAAGTCCTCCCTCATG-1	Pig9	Beam A	Beam A	CL:0000327	pig	NCBITaxon:9823	NCBITaxon:9823	EFO:0030080
Pig9_AAAGTGATCCGGTTCT.1	Pig9_AAAGTGATCCGGTTCT-1	Pig9	Macrophage	Macrophage	CL:0000235	pig	NCBITaxon:9823	NCBITaxon:9823	EFO:0030080
Pig9_AAAGTGATCTACACTT.1	Pig9_AAAGTGATCTACACTT-1	Pig9	Macrophage	Macrophage	CL:0000235	pig	NCBITaxon:9823	NCBITaxon:9823	EFO:0030080
Pig9_AAATGGACAACGACTT.1	Pig9_AAATGGACAACGACTT-1	Pig9	Beam A	Beam A	CL:0000327	pig	NCBITaxon:9823	NCBITaxon:9823	EFO:0030080
Pig9_AAATGGACACGAGGAT.1	Pig9_AAATGGACACGAGGAT-1	Pig9	Beam A	Beam A	CL:0000327	pig	NCBITaxon:9823	NCBITaxon:9823	EFO:0030080
Pig9_AACAAAGAGGATGAGA.1	Pig9_AACAAAGAGGATGAGA-1	Pig9	Corneal endothelium	Corneal endothelium	CL:0000132	pig	NCBITaxon:9823	NCBITaxon:9823	EFO:0030080
Pig9_AACAAAGCACACAGCC.1	Pig9_AACAAAGCACACAGCC-1	Pig9	Beam A	Beam A	CL:0000327	pig	NCBITaxon:9823	NCBITaxon:9823	EFO:0030080
Pig9_AACAAAGCAGACACCC.1	Pig9_AACAAAGCAGACACCC-1	Pig9	Beam A	Beam A	CL:0000327	pig	NCBITaxon:9823	NCBITaxon:9823	EFO:0030080
Pig9_AACAAAGCATTGAAGA.1	Pig9_AACAAAGCATTGAAGA-1	Pig9	Fibroblast	Fibroblast	CL:0000057	pig	NCBITaxon:9823	NCBITaxon:9823	EFO:0030080
Pig9_AACAACCAGCTTTCTT.1	Pig9_AACAACCAGCTTTCTT-1	Pig9	Fibroblast	Fibroblast	CL:0000057	pig	NCBITaxon:9823	NCBITaxon:9823	EFO:0030080
Pig9_AACAACCCAAGAGGTC.1	Pig9_AACAACCCAAGAGGTC-1	Pig9	Corneal endothelium	Corneal endothelium	CL:0000132	pig	NCBITaxon:9823	NCBITaxon:9823	EFO:0030080
Pig9_AACAACCGTTCAAAGA.1	Pig9_AACAACCGTTCAAAGA-1	Pig9	Beam A	Beam A	CL:0000327	pig	NCBITaxon:9823	NCBITaxon:9823	EFO:0030080
Pig9_AACAACCTCTCCAAGA.1	Pig9_AACAACCTCTCCAAGA-1	Pig9	Beam A	Beam A	CL:0000327	pig	NCBITaxon:9823	NCBITaxon:9823	EFO:0030080
Pig9_AACAGGGCAATCCTAG.1	Pig9_AACAGGGCAATCCTAG-1	Pig9	Beam A	Beam A	CL:0000327	pig	NCBITaxon:9823	NCBITaxon:9823	EFO:0030080
Pig9_AACAGGGGTACAAGCG.1	Pig9_AACAGGGGTACAAGCG-1	Pig9	NK/T cell	NK/T cell	CL:0000814	pig	NCBITaxon:9823	NCBITaxon:9823	EFO:0030080
Pig9_AACAGGGGTCGCATCG.1	Pig9_AACAGGGGTCGCATCG-1	Pig9	Fibroblast	Fibroblast	CL:0000057	pig	NCBITaxon:9823	NCBITaxon:9823	EFO:0030080
Pig9_AACAGGGTCTGAACGT.1	Pig9_AACAGGGTCTGAACGT-1	Pig9	Beam A	Beam A	CL:0000327	pig	NCBITaxon:9823	NCBITaxon:9823	EFO:0030080
Pig9_AACCAACGTTACCCAA.1	Pig9_AACCAACGTTACCCAA-1	Pig9	Beam A	Beam A	CL:0000327	pig	NCBITaxon:9823	NCBITaxon:9823	EFO:0030080
Pig9_AACCACAAGATGCTGG.1	Pig9_AACCACAAGATGCTGG-1	Pig9	Beam A	Beam A	CL:0000327	pig	NCBITaxon:9823	NCBITaxon:9823	EFO:0030080
Pig9_AACCACAAGATTGTGA.1	Pig9_AACCACAAGATTGTGA-1	Pig9	Melanocyte	Melanocyte	CL:0000148	pig	NCBITaxon:9823	NCBITaxon:9823	EFO:0030080
Pig9_AACCACAAGCCAACCC.1	Pig9_AACCACAAGCCAACCC-1	Pig9	Macrophage	Macrophage	CL:0000235	pig	NCBITaxon:9823	NCBITaxon:9823	EFO:0030080
Pig9_AACCACACAAACTGCT.1	Pig9_AACCACACAAACTGCT-1	Pig9	Beam A	Beam A	CL:0000327	pig	NCBITaxon:9823	NCBITaxon:9823	EFO:0030080
Pig9_AACCACACAAAGGGTC.1	Pig9_AACCACACAAAGGGTC-1	Pig9	Pericyte	Pericyte	CL:0000669	pig	NCBITaxon:9823	NCBITaxon:9823	EFO:0030080
Pig9_AACCACACAATGTTGC.1	Pig9_AACCACACAATGTTGC-1	Pig9	Beam A	Beam A	CL:0000327	pig	NCBITaxon:9823	NCBITaxon:9823	EFO:0030080
Pig9_AACCACACAGTCTCTC.1	Pig9_AACCACACAGTCTCTC-1	Pig9	Macrophage	Macrophage	CL:0000235	pig	NCBITaxon:9823	NCBITaxon:9823	EFO:0030080
Pig9_AACCACAGTCAGTTTG.1	Pig9_AACCACAGTCAGTTTG-1	Pig9	Beam A	Beam A	CL:0000327	pig	NCBITaxon:9823	NCBITaxon:9823	EFO:0030080
Pig9_AACCACAGTGTCTTCC.1	Pig9_AACCACAGTGTCTTCC-1	Pig9	Pericyte	Pericyte	CL:0000669	pig	NCBITaxon:9823	NCBITaxon:9823	EFO:0030080
Pig9_AACCACATCATTACGG.1	Pig9_AACCACATCATTACGG-1	Pig9	Macrophage	Macrophage	CL:0000235	pig	NCBITaxon:9823	NCBITaxon:9823	EFO:0030080
Pig9_AACCACATCCATCACC.1	Pig9_AACCACATCCATCACC-1	Pig9	NK/T cell	NK/T cell	CL:0000814	pig	NCBITaxon:9823	NCBITaxon:9823	EFO:0030080
Pig9_AACCATGTCCTAAACG.1	Pig9_AACCATGTCCTAAACG-1	Pig9	Macrophage	Macrophage	CL:0000235	pig	NCBITaxon:9823	NCBITaxon:9823	EFO:0030080
Pig9_AACCATGTCGGAGTGA.1	Pig9_AACCATGTCGGAGTGA-1	Pig9	Beam A	Beam A	CL:0000327	pig	NCBITaxon:9823	NCBITaxon:9823	EFO:0030080
Pig9_AACCCAACACCTGCGA.1	Pig9_AACCCAACACCTGCGA-1	Pig9	Beam A	Beam A	CL:0000327	pig	NCBITaxon:9823	NCBITaxon:9823	EFO:0030080
Pig9_AACCTGAAGCGCATCC.1	Pig9_AACCTGAAGCGCATCC-1	Pig9	Fibroblast	Fibroblast	CL:0000057	pig	NCBITaxon:9823	NCBITaxon:9823	EFO:0030080
Pig9_AACCTGAGTGTCTTGA.1	Pig9_AACCTGAGTGTCTTGA-1	Pig9	Macrophage	Macrophage	CL:0000235	pig	NCBITaxon:9823	NCBITaxon:9823	EFO:0030080
Pig9_AACCTGAGTTGCTCCT.1	Pig9_AACCTGAGTTGCTCCT-1	Pig9	Beam A	Beam A	CL:0000327	pig	NCBITaxon:9823	NCBITaxon:9823	EFO:0030080
Pig9_AACCTGATCGTTACCC.1	Pig9_AACCTGATCGTTACCC-1	Pig9	Fibroblast	Fibroblast	CL:0000057	pig	NCBITaxon:9823	NCBITaxon:9823	EFO:0030080
Pig9_AACCTTTAGCCAAGTG.1	Pig9_AACCTTTAGCCAAGTG-1	Pig9	Beam A	Beam A	CL:0000327	pig	NCBITaxon:9823	NCBITaxon:9823	EFO:0030080
Pig9_AACCTTTGTATGGGAC.1	Pig9_AACCTTTGTATGGGAC-1	Pig9	Beam A	Beam A	CL:0000327	pig	NCBITaxon:9823	NCBITaxon:9823	EFO:0030080
Pig9_AACGAAAAGTACAGCG.1	Pig9_AACGAAAAGTACAGCG-1	Pig9	Beam A	Beam A	CL:0000327	pig	NCBITaxon:9823	NCBITaxon:9823	EFO:0030080
Pig9_AACGAAAGTGCATTAC.1	Pig9_AACGAAAGTGCATTAC-1	Pig9	Beam A	Beam A	CL:0000327	pig	NCBITaxon:9823	NCBITaxon:9823	EFO:0030080
Pig9_AACGTCACATCGGCCA.1	Pig9_AACGTCACATCGGCCA-1	Pig9	Fibroblast	Fibroblast	CL:0000057	pig	NCBITaxon:9823	NCBITaxon:9823	EFO:0030080
Pig9_AACGTCAGTTGCATTG.1	Pig9_AACGTCAGTTGCATTG-1	Pig9	Beam A	Beam A	CL:0000327	pig	NCBITaxon:9823	NCBITaxon:9823	EFO:0030080
Pig9_AACGTCATCCACAAGT.1	Pig9_AACGTCATCCACAAGT-1	Pig9	Beam A	Beam A	CL:0000327	pig	NCBITaxon:9823	NCBITaxon:9823	EFO:0030080
Pig9_AACGTCATCTCGAGTA.1	Pig9_AACGTCATCTCGAGTA-1	Pig9	Beam A	Beam A	CL:0000327	pig	NCBITaxon:9823	NCBITaxon:9823	EFO:0030080
Pig9_AACTTCTAGACTCATC.1	Pig9_AACTTCTAGACTCATC-1	Pig9	Macrophage	Macrophage	CL:0000235	pig	NCBITaxon:9823	NCBITaxon:9823	EFO:0030080
Pig9_AACTTCTAGGTGCAGT.1	Pig9_AACTTCTAGGTGCAGT-1	Pig9	Beam A	Beam A	CL:0000327	pig	NCBITaxon:9823	NCBITaxon:9823	EFO:0030080
Pig9_AACTTCTGTATGGAGC.1	Pig9_AACTTCTGTATGGAGC-1	Pig9	SChlemm's Canal	SChlemm's Canal	CL:0000115	pig	NCBITaxon:9823	NCBITaxon:9823	EFO:0030080
Pig9_AACTTCTGTGATACTC.1	Pig9_AACTTCTGTGATACTC-1	Pig9	NK/T cell	NK/T cell	CL:0000814	pig	NCBITaxon:9823	NCBITaxon:9823	EFO:0030080
Pig9_AACTTCTGTGCCTGAC.1	Pig9_AACTTCTGTGCCTGAC-1	Pig9	Macrophage	Macrophage	CL:0000235	pig	NCBITaxon:9823	NCBITaxon:9823	EFO:0030080
Pig9_AACTTCTTCTTCGTGC.1	Pig9_AACTTCTTCTTCGTGC-1	Pig9	Beam A	Beam A	CL:0000327	pig	NCBITaxon:9823	NCBITaxon:9823	EFO:0030080
Pig9_AAGAACACAACCGGAA.1	Pig9_AAGAACACAACCGGAA-1	Pig9	Fibroblast	Fibroblast	CL:0000057	pig	NCBITaxon:9823	NCBITaxon:9823	EFO:0030080
Pig9_AAGAACACAGAACTAA.1	Pig9_AAGAACACAGAACTAA-1	Pig9	Beam A	Beam A	CL:0000327	pig	NCBITaxon:9823	NCBITaxon:9823	EFO:0030080
Pig9_AAGAACAGTGAGCCAA.1	Pig9_AAGAACAGTGAGCCAA-1	Pig9	Beam A	Beam A	CL:0000327	pig	NCBITaxon:9823	NCBITaxon:9823	EFO:0030080
Pig9_AAGAACAGTGGAAGTC.1	Pig9_AAGAACAGTGGAAGTC-1	Pig9	NK/T cell	NK/T cell	CL:0000814	pig	NCBITaxon:9823	NCBITaxon:9823	EFO:0030080
Pig9_AAGAACAGTGTATCCA.1	Pig9_AAGAACAGTGTATCCA-1	Pig9	SChlemm's Canal	SChlemm's Canal	CL:0000115	pig	NCBITaxon:9823	NCBITaxon:9823	EFO:0030080
Pig9_AAGACAAAGACCATTC.1	Pig9_AAGACAAAGACCATTC-1	Pig9	Beam A	Beam A	CL:0000327	pig	NCBITaxon:9823	NCBITaxon:9823	EFO:0030080
Pig9_AAGACAACAACATACC.1	Pig9_AAGACAACAACATACC-1	Pig9	Beam A	Beam A	CL:0000327	pig	NCBITaxon:9823	NCBITaxon:9823	EFO:0030080
Pig9_AAGACTCAGATGTTCC.1	Pig9_AAGACTCAGATGTTCC-1	Pig9	Macrophage	Macrophage	CL:0000235	pig	NCBITaxon:9823	NCBITaxon:9823	EFO:0030080
Pig9_AAGACTCCACTGCGTG.1	Pig9_AAGACTCCACTGCGTG-1	Pig9	Corneal endothelium	Corneal endothelium	CL:0000132	pig	NCBITaxon:9823	NCBITaxon:9823	EFO:0030080
Pig9_AAGACTCGTGAGTTGG.1	Pig9_AAGACTCGTGAGTTGG-1	Pig9	Beam A	Beam A	CL:0000327	pig	NCBITaxon:9823	NCBITaxon:9823	EFO:0030080
Pig9_AAGATAGCACCTCAGG.1	Pig9_AAGATAGCACCTCAGG-1	Pig9	Beam A	Beam A	CL:0000327	pig	NCBITaxon:9823	NCBITaxon:9823	EFO:0030080
Pig9_AAGATAGTCCTGTACC.1	Pig9_AAGATAGTCCTGTACC-1	Pig9	Beam A	Beam A	CL:0000327	pig	NCBITaxon:9823	NCBITaxon:9823	EFO:0030080
Pig9_AAGATAGTCTGTCAGA.1	Pig9_AAGATAGTCTGTCAGA-1	Pig9	Fibroblast	Fibroblast	CL:0000057	pig	NCBITaxon:9823	NCBITaxon:9823	EFO:0030080
Pig9_AAGCATCCAATGTGGG.1	Pig9_AAGCATCCAATGTGGG-1	Pig9	Beam A	Beam A	CL:0000327	pig	NCBITaxon:9823	NCBITaxon:9823	EFO:0030080
Pig9_AAGCATCCAGATGCGA.1	Pig9_AAGCATCCAGATGCGA-1	Pig9	Beam A	Beam A	CL:0000327	pig	NCBITaxon:9823	NCBITaxon:9823	EFO:0030080
Pig9_AAGCATCCAGGATCTT.1	Pig9_AAGCATCCAGGATCTT-1	Pig9	Beam A	Beam A	CL:0000327	pig	NCBITaxon:9823	NCBITaxon:9823	EFO:0030080
Pig9_AAGCATCTCTAATTCC.1	Pig9_AAGCATCTCTAATTCC-1	Pig9	Fibroblast	Fibroblast	CL:0000057	pig	NCBITaxon:9823	NCBITaxon:9823	EFO:0030080
Pig9_AAGCCATCAAGAGGCT.1	Pig9_AAGCCATCAAGAGGCT-1	Pig9	Beam A	Beam A	CL:0000327	pig	NCBITaxon:9823	NCBITaxon:9823	EFO:0030080
Pig9_AAGCCATGTCTCTCCA.1	Pig9_AAGCCATGTCTCTCCA-1	Pig9	Beam A	Beam A	CL:0000327	pig	NCBITaxon:9823	NCBITaxon:9823	EFO:0030080
Pig9_AAGCGAGAGAAACACT.1	Pig9_AAGCGAGAGAAACACT-1	Pig9	Beam A	Beam A	CL:0000327	pig	NCBITaxon:9823	NCBITaxon:9823	EFO:0030080
Pig9_AAGCGAGAGACCAGCA.1	Pig9_AAGCGAGAGACCAGCA-1	Pig9	Ciliary muscle	Ciliary muscle	CL:1000443	pig	NCBITaxon:9823	NCBITaxon:9823	EFO:0030080
Pig9_AAGCGAGAGTTTCGAC.1	Pig9_AAGCGAGAGTTTCGAC-1	Pig9	Beam A	Beam A	CL:0000327	pig	NCBITaxon:9823	NCBITaxon:9823	EFO:0030080
Pig9_AAGCGAGCACAAGCCC.1	Pig9_AAGCGAGCACAAGCCC-1	Pig9	Beam A	Beam A	CL:0000327	pig	NCBITaxon:9823	NCBITaxon:9823	EFO:0030080
Pig9_AAGCGAGCACGCCAGT.1	Pig9_AAGCGAGCACGCCAGT-1	Pig9	Beam A	Beam A	CL:0000327	pig	NCBITaxon:9823	NCBITaxon:9823	EFO:0030080
Pig9_AAGCGAGCATGACTCA.1	Pig9_AAGCGAGCATGACTCA-1	Pig9	Ciliary muscle	Ciliary muscle	CL:1000443	pig	NCBITaxon:9823	NCBITaxon:9823	EFO:0030080
Pig9_AAGCGAGTCCCAGGAC.1	Pig9_AAGCGAGTCCCAGGAC-1	Pig9	Melanocyte	Melanocyte	CL:0000148	pig	NCBITaxon:9823	NCBITaxon:9823	EFO:0030080
Pig9_AAGGAATCACAAGCCC.1	Pig9_AAGGAATCACAAGCCC-1	Pig9	Beam A	Beam A	CL:0000327	pig	NCBITaxon:9823	NCBITaxon:9823	EFO:0030080
Pig9_AAGGAATGTCTACATG.1	Pig9_AAGGAATGTCTACATG-1	Pig9	Macrophage	Macrophage	CL:0000235	pig	NCBITaxon:9823	NCBITaxon:9823	EFO:0030080
Pig9_AAGGAATTCATGGTAC.1	Pig9_AAGGAATTCATGGTAC-1	Pig9	Macrophage	Macrophage	CL:0000235	pig	NCBITaxon:9823	NCBITaxon:9823	EFO:0030080
Pig9_AAGGTAAAGCCTATCA.1	Pig9_AAGGTAAAGCCTATCA-1	Pig9	Macrophage	Macrophage	CL:0000235	pig	NCBITaxon:9823	NCBITaxon:9823	EFO:0030080
Pig9_AAGGTAAAGTCTGGAG.1	Pig9_AAGGTAAAGTCTGGAG-1	Pig9	Macrophage	Macrophage	CL:0000235	pig	NCBITaxon:9823	NCBITaxon:9823	EFO:0030080
Pig9_AAGTCGTAGAACGTGC.1	Pig9_AAGTCGTAGAACGTGC-1	Pig9	Beam A	Beam A	CL:0000327	pig	NCBITaxon:9823	NCBITaxon:9823	EFO:0030080
Pig9_AAGTGAAAGACCCTTA.1	Pig9_AAGTGAAAGACCCTTA-1	Pig9	Macrophage	Macrophage	CL:0000235	pig	NCBITaxon:9823	NCBITaxon:9823	EFO:0030080
Pig9_AAGTGAAAGACTCGAG.1	Pig9_AAGTGAAAGACTCGAG-1	Pig9	Macrophage	Macrophage	CL:0000235	pig	NCBITaxon:9823	NCBITaxon:9823	EFO:0030080
Pig9_AAGTGAAAGATGCTTC.1	Pig9_AAGTGAAAGATGCTTC-1	Pig9	Beam A	Beam A	CL:0000327	pig	NCBITaxon:9823	NCBITaxon:9823	EFO:0030080
Pig9_AAGTGAAAGTAGCTCT.1	Pig9_AAGTGAAAGTAGCTCT-1	Pig9	Macrophage	Macrophage	CL:0000235	pig	NCBITaxon:9823	NCBITaxon:9823	EFO:0030080
Pig9_AAGTGAACAACGACTT.1	Pig9_AAGTGAACAACGACTT-1	Pig9	Fibroblast	Fibroblast	CL:0000057	pig	NCBITaxon:9823	NCBITaxon:9823	EFO:0030080
Pig9_AAGTGAATCCACCTGT.1	Pig9_AAGTGAATCCACCTGT-1	Pig9	Fibroblast	Fibroblast	CL:0000057	pig	NCBITaxon:9823	NCBITaxon:9823	EFO:0030080
Pig9_AAGTTCGAGCGACCCT.1	Pig9_AAGTTCGAGCGACCCT-1	Pig9	Beam A	Beam A	CL:0000327	pig	NCBITaxon:9823	NCBITaxon:9823	EFO:0030080
Pig9_AAGTTCGAGCTTCATG.1	Pig9_AAGTTCGAGCTTCATG-1	Pig9	Macrophage	Macrophage	CL:0000235	pig	NCBITaxon:9823	NCBITaxon:9823	EFO:0030080
Pig9_AAGTTCGCACAAAGCG.1	Pig9_AAGTTCGCACAAAGCG-1	Pig9	Macrophage	Macrophage	CL:0000235	pig	NCBITaxon:9823	NCBITaxon:9823	EFO:0030080
Pig9_AAGTTCGGTGCTCTTC.1	Pig9_AAGTTCGGTGCTCTTC-1	Pig9	Beam A	Beam A	CL:0000327	pig	NCBITaxon:9823	NCBITaxon:9823	EFO:0030080
Pig9_AATAGAGCACCAGACC.1	Pig9_AATAGAGCACCAGACC-1	Pig9	Macrophage	Macrophage	CL:0000235	pig	NCBITaxon:9823	NCBITaxon:9823	EFO:0030080
Pig9_AATCACGCAATCTCGA.1	Pig9_AATCACGCAATCTCGA-1	Pig9	Beam A	Beam A	CL:0000327	pig	NCBITaxon:9823	NCBITaxon:9823	EFO:0030080
Pig9_AATCACGCATCTCGTC.1	Pig9_AATCACGCATCTCGTC-1	Pig9	Beam A	Beam A	CL:0000327	pig	NCBITaxon:9823	NCBITaxon:9823	EFO:0030080
Pig9_AATCGACCAATTGTGC.1	Pig9_AATCGACCAATTGTGC-1	Pig9	SChlemm's Canal	SChlemm's Canal	CL:0000115	pig	NCBITaxon:9823	NCBITaxon:9823	EFO:0030080
Pig9_AATCGACCAGACCAGA.1	Pig9_AATCGACCAGACCAGA-1	Pig9	Beam A	Beam A	CL:0000327	pig	NCBITaxon:9823	NCBITaxon:9823	EFO:0030080
Pig9_AATCGACGTTAATGAG.1	Pig9_AATCGACGTTAATGAG-1	Pig9	Ciliary muscle	Ciliary muscle	CL:1000443	pig	NCBITaxon:9823	NCBITaxon:9823	EFO:0030080
Pig9_AATCGTGAGGTCACAG.1	Pig9_AATCGTGAGGTCACAG-1	Pig9	NK/T cell	NK/T cell	CL:0000814	pig	NCBITaxon:9823	NCBITaxon:9823	EFO:0030080
Pig9_AATCGTGCACGAGGAT.1	Pig9_AATCGTGCACGAGGAT-1	Pig9	Fibroblast	Fibroblast	CL:0000057	pig	NCBITaxon:9823	NCBITaxon:9823	EFO:0030080
Pig9_AATGAAGCATGCACTA.1	Pig9_AATGAAGCATGCACTA-1	Pig9	Macrophage	Macrophage	CL:0000235	pig	NCBITaxon:9823	NCBITaxon:9823	EFO:0030080
Pig9_AATGACCCACTACTTT.1	Pig9_AATGACCCACTACTTT-1	Pig9	NK/T cell	NK/T cell	CL:0000814	pig	NCBITaxon:9823	NCBITaxon:9823	EFO:0030080
Pig9_AATGCCAAGCTAATGA.1	Pig9_AATGCCAAGCTAATGA-1	Pig9	Beam A	Beam A	CL:0000327	pig	NCBITaxon:9823	NCBITaxon:9823	EFO:0030080
Pig9_AATGGCTAGACTTAAG.1	Pig9_AATGGCTAGACTTAAG-1	Pig9	Beam A	Beam A	CL:0000327	pig	NCBITaxon:9823	NCBITaxon:9823	EFO:0030080
Pig9_AATGGCTCAGGCACTC.1	Pig9_AATGGCTCAGGCACTC-1	Pig9	NK/T cell	NK/T cell	CL:0000814	pig	NCBITaxon:9823	NCBITaxon:9823	EFO:0030080
Pig9_AATGGCTTCCCATTTA.1	Pig9_AATGGCTTCCCATTTA-1	Pig9	Beam A	Beam A	CL:0000327	pig	NCBITaxon:9823	NCBITaxon:9823	EFO:0030080
Pig9_AATTCCTGTCACTCAA.1	Pig9_AATTCCTGTCACTCAA-1	Pig9	Beam A	Beam A	CL:0000327	pig	NCBITaxon:9823	NCBITaxon:9823	EFO:0030080
Pig9_AATTCCTTCGGTATGT.1	Pig9_AATTCCTTCGGTATGT-1	Pig9	Macrophage	Macrophage	CL:0000235	pig	NCBITaxon:9823	NCBITaxon:9823	EFO:0030080
Pig9_AATTTCCAGCACTCCG.1	Pig9_AATTTCCAGCACTCCG-1	Pig9	Macrophage	Macrophage	CL:0000235	pig	NCBITaxon:9823	NCBITaxon:9823	EFO:0030080
Pig9_AATTTCCAGTAGGATT.1	Pig9_AATTTCCAGTAGGATT-1	Pig9	Beam A	Beam A	CL:0000327	pig	NCBITaxon:9823	NCBITaxon:9823	EFO:0030080
Pig9_AATTTCCAGTGCAACG.1	Pig9_AATTTCCAGTGCAACG-1	Pig9	Macrophage	Macrophage	CL:0000235	pig	NCBITaxon:9823	NCBITaxon:9823	EFO:0030080
Pig9_AATTTCCCAAAGGGTC.1	Pig9_AATTTCCCAAAGGGTC-1	Pig9	Beam A	Beam A	CL:0000327	pig	NCBITaxon:9823	NCBITaxon:9823	EFO:0030080
Pig9_AATTTCCCATGTGGCC.1	Pig9_AATTTCCCATGTGGCC-1	Pig9	Beam A	Beam A	CL:0000327	pig	NCBITaxon:9823	NCBITaxon:9823	EFO:0030080
Pig9_ACAAAGAAGGACACTG.1	Pig9_ACAAAGAAGGACACTG-1	Pig9	Macrophage	Macrophage	CL:0000235	pig	NCBITaxon:9823	NCBITaxon:9823	EFO:0030080
Pig9_ACAAGCTCAATCAAGA.1	Pig9_ACAAGCTCAATCAAGA-1	Pig9	Macrophage	Macrophage	CL:0000235	pig	NCBITaxon:9823	NCBITaxon:9823	EFO:0030080
Pig9_ACAAGCTCAGGGTTGA.1	Pig9_ACAAGCTCAGGGTTGA-1	Pig9	Beam A	Beam A	CL:0000327	pig	NCBITaxon:9823	NCBITaxon:9823	EFO:0030080
Pig9_ACAAGCTGTGAGTAAT.1	Pig9_ACAAGCTGTGAGTAAT-1	Pig9	Beam A	Beam A	CL:0000327	pig	NCBITaxon:9823	NCBITaxon:9823	EFO:0030080
Pig9_ACACAGTTCCTTATAC.1	Pig9_ACACAGTTCCTTATAC-1	Pig9	NK/T cell	NK/T cell	CL:0000814	pig	NCBITaxon:9823	NCBITaxon:9823	EFO:0030080
Pig9_ACACCAATCGCATAGT.1	Pig9_ACACCAATCGCATAGT-1	Pig9	Fibroblast	Fibroblast	CL:0000057	pig	NCBITaxon:9823	NCBITaxon:9823	EFO:0030080
Pig9_ACACGCGAGCCTCCAG.1	Pig9_ACACGCGAGCCTCCAG-1	Pig9	Beam A	Beam A	CL:0000327	pig	NCBITaxon:9823	NCBITaxon:9823	EFO:0030080
Pig9_ACACGCGCATCCCACT.1	Pig9_ACACGCGCATCCCACT-1	Pig9	Macrophage	Macrophage	CL:0000235	pig	NCBITaxon:9823	NCBITaxon:9823	EFO:0030080
Pig9_ACACTGAGTAGGACTG.1	Pig9_ACACTGAGTAGGACTG-1	Pig9	Macrophage	Macrophage	CL:0000235	pig	NCBITaxon:9823	NCBITaxon:9823	EFO:0030080
Pig9_ACAGAAACAAGCACAG.1	Pig9_ACAGAAACAAGCACAG-1	Pig9	Macrophage	Macrophage	CL:0000235	pig	NCBITaxon:9823	NCBITaxon:9823	EFO:0030080
Pig9_ACAGAAAGTGCACGCT.1	Pig9_ACAGAAAGTGCACGCT-1	Pig9	Beam A	Beam A	CL:0000327	pig	NCBITaxon:9823	NCBITaxon:9823	EFO:0030080
Pig9_ACAGCCGCAATTCGTG.1	Pig9_ACAGCCGCAATTCGTG-1	Pig9	Beam A	Beam A	CL:0000327	pig	NCBITaxon:9823	NCBITaxon:9823	EFO:0030080
Pig9_ACAGCCGGTAGGCTGA.1	Pig9_ACAGCCGGTAGGCTGA-1	Pig9	Macrophage	Macrophage	CL:0000235	pig	NCBITaxon:9823	NCBITaxon:9823	EFO:0030080
Pig9_ACAGGGAAGTTTCAGC.1	Pig9_ACAGGGAAGTTTCAGC-1	Pig9	Macrophage	Macrophage	CL:0000235	pig	NCBITaxon:9823	NCBITaxon:9823	EFO:0030080
Pig9_ACAGGGATCCGATAGT.1	Pig9_ACAGGGATCCGATAGT-1	Pig9	Fibroblast	Fibroblast	CL:0000057	pig	NCBITaxon:9823	NCBITaxon:9823	EFO:0030080
Pig9_ACAGGGATCTTTGGAG.1	Pig9_ACAGGGATCTTTGGAG-1	Pig9	Beam A	Beam A	CL:0000327	pig	NCBITaxon:9823	NCBITaxon:9823	EFO:0030080
Pig9_ACATCCCAGACAGCGT.1	Pig9_ACATCCCAGACAGCGT-1	Pig9	Beam A	Beam A	CL:0000327	pig	NCBITaxon:9823	NCBITaxon:9823	EFO:0030080
Pig9_ACATCCCCACAGCCAC.1	Pig9_ACATCCCCACAGCCAC-1	Pig9	Beam A	Beam A	CL:0000327	pig	NCBITaxon:9823	NCBITaxon:9823	EFO:0030080
Pig9_ACATCGAAGTGGTTAA.1	Pig9_ACATCGAAGTGGTTAA-1	Pig9	Fibroblast	Fibroblast	CL:0000057	pig	NCBITaxon:9823	NCBITaxon:9823	EFO:0030080
Pig9_ACATGCACAGAGTAAT.1	Pig9_ACATGCACAGAGTAAT-1	Pig9	NK/T cell	NK/T cell	CL:0000814	pig	NCBITaxon:9823	NCBITaxon:9823	EFO:0030080
Pig9_ACATTTCAGCCATTCA.1	Pig9_ACATTTCAGCCATTCA-1	Pig9	Macrophage	Macrophage	CL:0000235	pig	NCBITaxon:9823	NCBITaxon:9823	EFO:0030080
Pig9_ACATTTCGTTTGAAAG.1	Pig9_ACATTTCGTTTGAAAG-1	Pig9	NK/T cell	NK/T cell	CL:0000814	pig	NCBITaxon:9823	NCBITaxon:9823	EFO:0030080
Pig9_ACCAAACAGCTGTTAC.1	Pig9_ACCAAACAGCTGTTAC-1	Pig9	Beam A	Beam A	CL:0000327	pig	NCBITaxon:9823	NCBITaxon:9823	EFO:0030080
Pig9_ACCAAACAGTTGCTGT.1	Pig9_ACCAAACAGTTGCTGT-1	Pig9	SChlemm's Canal	SChlemm's Canal	CL:0000115	pig	NCBITaxon:9823	NCBITaxon:9823	EFO:0030080
Pig9_ACCAAACGTTATGTGC.1	Pig9_ACCAAACGTTATGTGC-1	Pig9	Beam A	Beam A	CL:0000327	pig	NCBITaxon:9823	NCBITaxon:9823	EFO:0030080
Pig9_ACCAACAAGGCCACTC.1	Pig9_ACCAACAAGGCCACTC-1	Pig9	Fibroblast	Fibroblast	CL:0000057	pig	NCBITaxon:9823	NCBITaxon:9823	EFO:0030080
Pig9_ACCAACACACTAGAGG.1	Pig9_ACCAACACACTAGAGG-1	Pig9	Macrophage	Macrophage	CL:0000235	pig	NCBITaxon:9823	NCBITaxon:9823	EFO:0030080
Pig9_ACCAACAGTACCGTCG.1	Pig9_ACCAACAGTACCGTCG-1	Pig9	Beam A	Beam A	CL:0000327	pig	NCBITaxon:9823	NCBITaxon:9823	EFO:0030080
Pig9_ACCAACAGTTGGCCGT.1	Pig9_ACCAACAGTTGGCCGT-1	Pig9	Beam A	Beam A	CL:0000327	pig	NCBITaxon:9823	NCBITaxon:9823	EFO:0030080
Pig9_ACCACAAAGTTGCTCA.1	Pig9_ACCACAAAGTTGCTCA-1	Pig9	Macrophage	Macrophage	CL:0000235	pig	NCBITaxon:9823	NCBITaxon:9823	EFO:0030080
Pig9_ACCACAATCTCGCTCA.1	Pig9_ACCACAATCTCGCTCA-1	Pig9	Beam A	Beam A	CL:0000327	pig	NCBITaxon:9823	NCBITaxon:9823	EFO:0030080
Pig9_ACCATTTTCAACCTTT.1	Pig9_ACCATTTTCAACCTTT-1	Pig9	Melanocyte	Melanocyte	CL:0000148	pig	NCBITaxon:9823	NCBITaxon:9823	EFO:0030080
Pig9_ACCATTTTCGTCTCAC.1	Pig9_ACCATTTTCGTCTCAC-1	Pig9	Beam A	Beam A	CL:0000327	pig	NCBITaxon:9823	NCBITaxon:9823	EFO:0030080
Pig9_ACCCAAAAGGCTCTAT.1	Pig9_ACCCAAAAGGCTCTAT-1	Pig9	NK/T cell	NK/T cell	CL:0000814	pig	NCBITaxon:9823	NCBITaxon:9823	EFO:0030080
Pig9_ACCCAAAAGTCACGAG.1	Pig9_ACCCAAAAGTCACGAG-1	Pig9	Beam A	Beam A	CL:0000327	pig	NCBITaxon:9823	NCBITaxon:9823	EFO:0030080
Pig9_ACCCAAACACCTCAGG.1	Pig9_ACCCAAACACCTCAGG-1	Pig9	Macrophage	Macrophage	CL:0000235	pig	NCBITaxon:9823	NCBITaxon:9823	EFO:0030080
Pig9_ACCCAAATCATTATCC.1	Pig9_ACCCAAATCATTATCC-1	Pig9	Beam A	Beam A	CL:0000327	pig	NCBITaxon:9823	NCBITaxon:9823	EFO:0030080
Pig9_ACCCTCAAGATTGACA.1	Pig9_ACCCTCAAGATTGACA-1	Pig9	Macrophage	Macrophage	CL:0000235	pig	NCBITaxon:9823	NCBITaxon:9823	EFO:0030080
Pig9_ACCCTCAAGTTGCATC.1	Pig9_ACCCTCAAGTTGCATC-1	Pig9	Beam A	Beam A	CL:0000327	pig	NCBITaxon:9823	NCBITaxon:9823	EFO:0030080
Pig9_ACCCTCACACTTCAGA.1	Pig9_ACCCTCACACTTCAGA-1	Pig9	Fibroblast	Fibroblast	CL:0000057	pig	NCBITaxon:9823	NCBITaxon:9823	EFO:0030080
Pig9_ACCCTTGAGTTTCGGT.1	Pig9_ACCCTTGAGTTTCGGT-1	Pig9	Fibroblast	Fibroblast	CL:0000057	pig	NCBITaxon:9823	NCBITaxon:9823	EFO:0030080
Pig9_ACCCTTGCACAACATC.1	Pig9_ACCCTTGCACAACATC-1	Pig9	Macrophage	Macrophage	CL:0000235	pig	NCBITaxon:9823	NCBITaxon:9823	EFO:0030080
Pig9_ACCTACCAGAAACCCG.1	Pig9_ACCTACCAGAAACCCG-1	Pig9	Macrophage	Macrophage	CL:0000235	pig	NCBITaxon:9823	NCBITaxon:9823	EFO:0030080
Pig9_ACCTACCCACCAGTTA.1	Pig9_ACCTACCCACCAGTTA-1	Pig9	Beam A	Beam A	CL:0000327	pig	NCBITaxon:9823	NCBITaxon:9823	EFO:0030080
Pig9_ACCTACCCAGCACAGA.1	Pig9_ACCTACCCAGCACAGA-1	Pig9	Fibroblast	Fibroblast	CL:0000057	pig	NCBITaxon:9823	NCBITaxon:9823	EFO:0030080
Pig9_ACCTGAATCAGGCGAA.1	Pig9_ACCTGAATCAGGCGAA-1	Pig9	Beam A	Beam A	CL:0000327	pig	NCBITaxon:9823	NCBITaxon:9823	EFO:0030080
Pig9_ACCTGTCGTAGACACG.1	Pig9_ACCTGTCGTAGACACG-1	Pig9	NK/T cell	NK/T cell	CL:0000814	pig	NCBITaxon:9823	NCBITaxon:9823	EFO:0030080
Pig9_ACGATCAAGACCAACG.1	Pig9_ACGATCAAGACCAACG-1	Pig9	Macrophage	Macrophage	CL:0000235	pig	NCBITaxon:9823	NCBITaxon:9823	EFO:0030080
Pig9_ACGATCAGTCCATAGT.1	Pig9_ACGATCAGTCCATAGT-1	Pig9	Beam A	Beam A	CL:0000327	pig	NCBITaxon:9823	NCBITaxon:9823	EFO:0030080
Pig9_ACGATCAGTCTTCAAG.1	Pig9_ACGATCAGTCTTCAAG-1	Pig9	Fibroblast	Fibroblast	CL:0000057	pig	NCBITaxon:9823	NCBITaxon:9823	EFO:0030080
Pig9_ACGATGTAGGTGATCG.1	Pig9_ACGATGTAGGTGATCG-1	Pig9	Corneal endothelium	Corneal endothelium	CL:0000132	pig	NCBITaxon:9823	NCBITaxon:9823	EFO:0030080
Pig9_ACGATGTCACCACTGG.1	Pig9_ACGATGTCACCACTGG-1	Pig9	Macrophage	Macrophage	CL:0000235	pig	NCBITaxon:9823	NCBITaxon:9823	EFO:0030080
Pig9_ACGATGTGTACTCCGG.1	Pig9_ACGATGTGTACTCCGG-1	Pig9	Beam A	Beam A	CL:0000327	pig	NCBITaxon:9823	NCBITaxon:9823	EFO:0030080
Pig9_ACGATGTGTGAGTTTC.1	Pig9_ACGATGTGTGAGTTTC-1	Pig9	Beam A	Beam A	CL:0000327	pig	NCBITaxon:9823	NCBITaxon:9823	EFO:0030080
Pig9_ACGATGTTCGCATTGA.1	Pig9_ACGATGTTCGCATTGA-1	Pig9	Beam A	Beam A	CL:0000327	pig	NCBITaxon:9823	NCBITaxon:9823	EFO:0030080
Pig9_ACGCACGTCTTCTGGC.1	Pig9_ACGCACGTCTTCTGGC-1	Pig9	Beam A	Beam A	CL:0000327	pig	NCBITaxon:9823	NCBITaxon:9823	EFO:0030080
Pig9_ACGGAAGGTCATTGCA.1	Pig9_ACGGAAGGTCATTGCA-1	Pig9	Macrophage	Macrophage	CL:0000235	pig	NCBITaxon:9823	NCBITaxon:9823	EFO:0030080
Pig9_ACGGGTCAGAGATCGC.1	Pig9_ACGGGTCAGAGATCGC-1	Pig9	Beam A	Beam A	CL:0000327	pig	NCBITaxon:9823	NCBITaxon:9823	EFO:0030080
Pig9_ACGGGTCCAGTTGAAA.1	Pig9_ACGGGTCCAGTTGAAA-1	Pig9	Beam A	Beam A	CL:0000327	pig	NCBITaxon:9823	NCBITaxon:9823	EFO:0030080
Pig9_ACGGTCGAGTGCGCTC.1	Pig9_ACGGTCGAGTGCGCTC-1	Pig9	Beam A	Beam A	CL:0000327	pig	NCBITaxon:9823	NCBITaxon:9823	EFO:0030080
Pig9_ACGGTCGCACAGCCAC.1	Pig9_ACGGTCGCACAGCCAC-1	Pig9	Beam A	Beam A	CL:0000327	pig	NCBITaxon:9823	NCBITaxon:9823	EFO:0030080
Pig9_ACGGTCGTCCACTTTA.1	Pig9_ACGGTCGTCCACTTTA-1	Pig9	Beam A	Beam A	CL:0000327	pig	NCBITaxon:9823	NCBITaxon:9823	EFO:0030080
Pig9_ACGGTTAAGCGACAGT.1	Pig9_ACGGTTAAGCGACAGT-1	Pig9	Beam A	Beam A	CL:0000327	pig	NCBITaxon:9823	NCBITaxon:9823	EFO:0030080
Pig9_ACGGTTATCTGGAAGG.1	Pig9_ACGGTTATCTGGAAGG-1	Pig9	Macrophage	Macrophage	CL:0000235	pig	NCBITaxon:9823	NCBITaxon:9823	EFO:0030080
Pig9_ACGTAACTCGCTAATG.1	Pig9_ACGTAACTCGCTAATG-1	Pig9	Beam A	Beam A	CL:0000327	pig	NCBITaxon:9823	NCBITaxon:9823	EFO:0030080
Pig9_ACGTACACAGGCGAAT.1	Pig9_ACGTACACAGGCGAAT-1	Pig9	NK/T cell	NK/T cell	CL:0000814	pig	NCBITaxon:9823	NCBITaxon:9823	EFO:0030080
Pig9_ACGTAGTAGAGCAAGA.1	Pig9_ACGTAGTAGAGCAAGA-1	Pig9	Beam A	Beam A	CL:0000327	pig	NCBITaxon:9823	NCBITaxon:9823	EFO:0030080
Pig9_ACGTAGTCATCCGTGG.1	Pig9_ACGTAGTCATCCGTGG-1	Pig9	Macrophage	Macrophage	CL:0000235	pig	NCBITaxon:9823	NCBITaxon:9823	EFO:0030080
Pig9_ACGTCCTAGCCAGTAG.1	Pig9_ACGTCCTAGCCAGTAG-1	Pig9	Fibroblast	Fibroblast	CL:0000057	pig	NCBITaxon:9823	NCBITaxon:9823	EFO:0030080
Pig9_ACGTCCTCAGTTCTAG.1	Pig9_ACGTCCTCAGTTCTAG-1	Pig9	Beam A	Beam A	CL:0000327	pig	NCBITaxon:9823	NCBITaxon:9823	EFO:0030080
Pig9_ACGTTCCAGAAATTGC.1	Pig9_ACGTTCCAGAAATTGC-1	Pig9	Beam A	Beam A	CL:0000327	pig	NCBITaxon:9823	NCBITaxon:9823	EFO:0030080
Pig9_ACGTTCCAGCCGATCC.1	Pig9_ACGTTCCAGCCGATCC-1	Pig9	Macrophage	Macrophage	CL:0000235	pig	NCBITaxon:9823	NCBITaxon:9823	EFO:0030080
Pig9_ACGTTCCCAGATCCTA.1	Pig9_ACGTTCCCAGATCCTA-1	Pig9	Macrophage	Macrophage	CL:0000235	pig	NCBITaxon:9823	NCBITaxon:9823	EFO:0030080
Pig9_ACGTTCCGTACAAGTA.1	Pig9_ACGTTCCGTACAAGTA-1	Pig9	SChlemm's Canal	SChlemm's Canal	CL:0000115	pig	NCBITaxon:9823	NCBITaxon:9823	EFO:0030080
Pig9_ACGTTCCTCCGTACGG.1	Pig9_ACGTTCCTCCGTACGG-1	Pig9	Beam A	Beam A	CL:0000327	pig	NCBITaxon:9823	NCBITaxon:9823	EFO:0030080
Pig9_ACGTTCCTCTGCGGAC.1	Pig9_ACGTTCCTCTGCGGAC-1	Pig9	Beam A	Beam A	CL:0000327	pig	NCBITaxon:9823	NCBITaxon:9823	EFO:0030080
Pig9_ACTACGAAGGCCTTCG.1	Pig9_ACTACGAAGGCCTTCG-1	Pig9	Macrophage	Macrophage	CL:0000235	pig	NCBITaxon:9823	NCBITaxon:9823	EFO:0030080
Pig9_ACTACGACATGACGGA.1	Pig9_ACTACGACATGACGGA-1	Pig9	Macrophage	Macrophage	CL:0000235	pig	NCBITaxon:9823	NCBITaxon:9823	EFO:0030080
Pig9_ACTACGATCTCGCTTG.1	Pig9_ACTACGATCTCGCTTG-1	Pig9	Beam A	Beam A	CL:0000327	pig	NCBITaxon:9823	NCBITaxon:9823	EFO:0030080
Pig9_ACTATCTTCATCGTAG.1	Pig9_ACTATCTTCATCGTAG-1	Pig9	Macrophage	Macrophage	CL:0000235	pig	NCBITaxon:9823	NCBITaxon:9823	EFO:0030080
Pig9_ACTATGGAGCTGGCCT.1	Pig9_ACTATGGAGCTGGCCT-1	Pig9	Beam A	Beam A	CL:0000327	pig	NCBITaxon:9823	NCBITaxon:9823	EFO:0030080
Pig9_ACTATGGAGTTGGGAC.1	Pig9_ACTATGGAGTTGGGAC-1	Pig9	Beam A	Beam A	CL:0000327	pig	NCBITaxon:9823	NCBITaxon:9823	EFO:0030080
Pig9_ACTATGGCACTTCTCG.1	Pig9_ACTATGGCACTTCTCG-1	Pig9	Beam A	Beam A	CL:0000327	pig	NCBITaxon:9823	NCBITaxon:9823	EFO:0030080
Pig9_ACTATTCCAACACGTT.1	Pig9_ACTATTCCAACACGTT-1	Pig9	Fibroblast	Fibroblast	CL:0000057	pig	NCBITaxon:9823	NCBITaxon:9823	EFO:0030080
Pig9_ACTATTCCAGTTGGTT.1	Pig9_ACTATTCCAGTTGGTT-1	Pig9	Fibroblast	Fibroblast	CL:0000057	pig	NCBITaxon:9823	NCBITaxon:9823	EFO:0030080
Pig9_ACTCCCAAGGCCTAGA.1	Pig9_ACTCCCAAGGCCTAGA-1	Pig9	Beam A	Beam A	CL:0000327	pig	NCBITaxon:9823	NCBITaxon:9823	EFO:0030080
Pig9_ACTCTCGAGGAACTAT.1	Pig9_ACTCTCGAGGAACTAT-1	Pig9	Beam A	Beam A	CL:0000327	pig	NCBITaxon:9823	NCBITaxon:9823	EFO:0030080
Pig9_ACTCTCGAGGCTATCT.1	Pig9_ACTCTCGAGGCTATCT-1	Pig9	NK/T cell	NK/T cell	CL:0000814	pig	NCBITaxon:9823	NCBITaxon:9823	EFO:0030080
Pig9_ACTCTCGCATGTGCTA.1	Pig9_ACTCTCGCATGTGCTA-1	Pig9	Beam A	Beam A	CL:0000327	pig	NCBITaxon:9823	NCBITaxon:9823	EFO:0030080
Pig9_ACTCTCGTCCCTGGTT.1	Pig9_ACTCTCGTCCCTGGTT-1	Pig9	SChlemm's Canal	SChlemm's Canal	CL:0000115	pig	NCBITaxon:9823	NCBITaxon:9823	EFO:0030080
Pig9_ACTCTCGTCTCTATAC.1	Pig9_ACTCTCGTCTCTATAC-1	Pig9	Beam A	Beam A	CL:0000327	pig	NCBITaxon:9823	NCBITaxon:9823	EFO:0030080
Pig9_ACTGATGCACCCTTGT.1	Pig9_ACTGATGCACCCTTGT-1	Pig9	Beam A	Beam A	CL:0000327	pig	NCBITaxon:9823	NCBITaxon:9823	EFO:0030080
Pig9_ACTGATGCATGTCGTA.1	Pig9_ACTGATGCATGTCGTA-1	Pig9	Melanocyte	Melanocyte	CL:0000148	pig	NCBITaxon:9823	NCBITaxon:9823	EFO:0030080
Pig9_ACTGATGTCTCTCTTC.1	Pig9_ACTGATGTCTCTCTTC-1	Pig9	Beam A	Beam A	CL:0000327	pig	NCBITaxon:9823	NCBITaxon:9823	EFO:0030080
Pig9_ACTGATGTCTTAGCCC.1	Pig9_ACTGATGTCTTAGCCC-1	Pig9	Macrophage	Macrophage	CL:0000235	pig	NCBITaxon:9823	NCBITaxon:9823	EFO:0030080
Pig9_ACTGCAAAGCAGGCAT.1	Pig9_ACTGCAAAGCAGGCAT-1	Pig9	Fibroblast	Fibroblast	CL:0000057	pig	NCBITaxon:9823	NCBITaxon:9823	EFO:0030080
Pig9_ACTGCAACAGCAGTTT.1	Pig9_ACTGCAACAGCAGTTT-1	Pig9	Beam A	Beam A	CL:0000327	pig	NCBITaxon:9823	NCBITaxon:9823	EFO:0030080
Pig9_ACTGCAAGTCCGAAGA.1	Pig9_ACTGCAAGTCCGAAGA-1	Pig9	Macrophage	Macrophage	CL:0000235	pig	NCBITaxon:9823	NCBITaxon:9823	EFO:0030080
Pig9_ACTGCAATCGGCTGAC.1	Pig9_ACTGCAATCGGCTGAC-1	Pig9	Pericyte	Pericyte	CL:0000669	pig	NCBITaxon:9823	NCBITaxon:9823	EFO:0030080
Pig9_ACTGTCCAGCAAATGT.1	Pig9_ACTGTCCAGCAAATGT-1	Pig9	Beam A	Beam A	CL:0000327	pig	NCBITaxon:9823	NCBITaxon:9823	EFO:0030080
Pig9_ACTGTCCAGGGATCAC.1	Pig9_ACTGTCCAGGGATCAC-1	Pig9	NK/T cell	NK/T cell	CL:0000814	pig	NCBITaxon:9823	NCBITaxon:9823	EFO:0030080
Pig9_ACTGTCCGTCCATAGT.1	Pig9_ACTGTCCGTCCATAGT-1	Pig9	Macrophage	Macrophage	CL:0000235	pig	NCBITaxon:9823	NCBITaxon:9823	EFO:0030080
Pig9_ACTGTGAAGATGTAGT.1	Pig9_ACTGTGAAGATGTAGT-1	Pig9	Melanocyte	Melanocyte	CL:0000148	pig	NCBITaxon:9823	NCBITaxon:9823	EFO:0030080
Pig9_ACTGTGACAACACAAA.1	Pig9_ACTGTGACAACACAAA-1	Pig9	Macrophage	Macrophage	CL:0000235	pig	NCBITaxon:9823	NCBITaxon:9823	EFO:0030080
Pig9_ACTGTGACAACACTAC.1	Pig9_ACTGTGACAACACTAC-1	Pig9	Beam A	Beam A	CL:0000327	pig	NCBITaxon:9823	NCBITaxon:9823	EFO:0030080
Pig9_ACTGTGACATATAGCC.1	Pig9_ACTGTGACATATAGCC-1	Pig9	Beam A	Beam A	CL:0000327	pig	NCBITaxon:9823	NCBITaxon:9823	EFO:0030080
Pig9_ACTGTGATCCTAGCCT.1	Pig9_ACTGTGATCCTAGCCT-1	Pig9	Fibroblast	Fibroblast	CL:0000057	pig	NCBITaxon:9823	NCBITaxon:9823	EFO:0030080
Pig9_ACTTAGGCATATTCGG.1	Pig9_ACTTAGGCATATTCGG-1	Pig9	Beam A	Beam A	CL:0000327	pig	NCBITaxon:9823	NCBITaxon:9823	EFO:0030080
Pig9_ACTTAGGTCCTCTAAT.1	Pig9_ACTTAGGTCCTCTAAT-1	Pig9	Fibroblast	Fibroblast	CL:0000057	pig	NCBITaxon:9823	NCBITaxon:9823	EFO:0030080
Pig9_ACTTAGGTCGCATGAT.1	Pig9_ACTTAGGTCGCATGAT-1	Pig9	Beam A	Beam A	CL:0000327	pig	NCBITaxon:9823	NCBITaxon:9823	EFO:0030080
Pig9_ACTTATCCATCTCAAG.1	Pig9_ACTTATCCATCTCAAG-1	Pig9	Beam A	Beam A	CL:0000327	pig	NCBITaxon:9823	NCBITaxon:9823	EFO:0030080
Pig9_ACTTCCGGTGCGGTAA.1	Pig9_ACTTCCGGTGCGGTAA-1	Pig9	Beam A	Beam A	CL:0000327	pig	NCBITaxon:9823	NCBITaxon:9823	EFO:0030080
Pig9_ACTTCCGTCCACTTCG.1	Pig9_ACTTCCGTCCACTTCG-1	Pig9	Ciliary muscle	Ciliary muscle	CL:1000443	pig	NCBITaxon:9823	NCBITaxon:9823	EFO:0030080
Pig9_ACTTCCGTCCGAGCTG.1	Pig9_ACTTCCGTCCGAGCTG-1	Pig9	Beam A	Beam A	CL:0000327	pig	NCBITaxon:9823	NCBITaxon:9823	EFO:0030080
Pig9_ACTTCCGTCGCTGATA.1	Pig9_ACTTCCGTCGCTGATA-1	Pig9	Beam A	Beam A	CL:0000327	pig	NCBITaxon:9823	NCBITaxon:9823	EFO:0030080
Pig9_ACTTCCGTCGTAGGGA.1	Pig9_ACTTCCGTCGTAGGGA-1	Pig9	Fibroblast	Fibroblast	CL:0000057	pig	NCBITaxon:9823	NCBITaxon:9823	EFO:0030080
Pig9_ACTTCGCTCTGTGCGG.1	Pig9_ACTTCGCTCTGTGCGG-1	Pig9	Beam A	Beam A	CL:0000327	pig	NCBITaxon:9823	NCBITaxon:9823	EFO:0030080
Pig9_ACTTTCACACCATAAC.1	Pig9_ACTTTCACACCATAAC-1	Pig9	Beam A	Beam A	CL:0000327	pig	NCBITaxon:9823	NCBITaxon:9823	EFO:0030080
Pig9_ACTTTCATCGTGGACC.1	Pig9_ACTTTCATCGTGGACC-1	Pig9	Macrophage	Macrophage	CL:0000235	pig	NCBITaxon:9823	NCBITaxon:9823	EFO:0030080
Pig9_ACTTTGTCAGGGACTA.1	Pig9_ACTTTGTCAGGGACTA-1	Pig9	Macrophage	Macrophage	CL:0000235	pig	NCBITaxon:9823	NCBITaxon:9823	EFO:0030080
Pig9_ACTTTGTCAGTCAGTT.1	Pig9_ACTTTGTCAGTCAGTT-1	Pig9	Beam A	Beam A	CL:0000327	pig	NCBITaxon:9823	NCBITaxon:9823	EFO:0030080
Pig9_AGAAATGAGCTGGTGA.1	Pig9_AGAAATGAGCTGGTGA-1	Pig9	Fibroblast	Fibroblast	CL:0000057	pig	NCBITaxon:9823	NCBITaxon:9823	EFO:0030080
Pig9_AGAAATGCAAGACTGG.1	Pig9_AGAAATGCAAGACTGG-1	Pig9	Fibroblast	Fibroblast	CL:0000057	pig	NCBITaxon:9823	NCBITaxon:9823	EFO:0030080
Pig9_AGAAATGTCTGGAAGG.1	Pig9_AGAAATGTCTGGAAGG-1	Pig9	Beam A	Beam A	CL:0000327	pig	NCBITaxon:9823	NCBITaxon:9823	EFO:0030080
Pig9_AGAACCTAGAATAACC.1	Pig9_AGAACCTAGAATAACC-1	Pig9	Beam A	Beam A	CL:0000327	pig	NCBITaxon:9823	NCBITaxon:9823	EFO:0030080
Pig9_AGAACCTAGGTTACAA.1	Pig9_AGAACCTAGGTTACAA-1	Pig9	NK/T cell	NK/T cell	CL:0000814	pig	NCBITaxon:9823	NCBITaxon:9823	EFO:0030080
Pig9_AGAACCTGTAAGCGGT.1	Pig9_AGAACCTGTAAGCGGT-1	Pig9	Beam A	Beam A	CL:0000327	pig	NCBITaxon:9823	NCBITaxon:9823	EFO:0030080
Pig9_AGAACCTGTAGCGAGT.1	Pig9_AGAACCTGTAGCGAGT-1	Pig9	SChlemm's Canal	SChlemm's Canal	CL:0000115	pig	NCBITaxon:9823	NCBITaxon:9823	EFO:0030080
Pig9_AGAACCTGTGGATACG.1	Pig9_AGAACCTGTGGATACG-1	Pig9	Beam A	Beam A	CL:0000327	pig	NCBITaxon:9823	NCBITaxon:9823	EFO:0030080
Pig9_AGAACCTTCTCAGTCC.1	Pig9_AGAACCTTCTCAGTCC-1	Pig9	Beam A	Beam A	CL:0000327	pig	NCBITaxon:9823	NCBITaxon:9823	EFO:0030080
Pig9_AGAACCTTCTCTGGTC.1	Pig9_AGAACCTTCTCTGGTC-1	Pig9	Beam A	Beam A	CL:0000327	pig	NCBITaxon:9823	NCBITaxon:9823	EFO:0030080
Pig9_AGAACCTTCTGATTCT.1	Pig9_AGAACCTTCTGATTCT-1	Pig9	Fibroblast	Fibroblast	CL:0000057	pig	NCBITaxon:9823	NCBITaxon:9823	EFO:0030080
Pig9_AGAAGCGCAACTGATC.1	Pig9_AGAAGCGCAACTGATC-1	Pig9	Fibroblast	Fibroblast	CL:0000057	pig	NCBITaxon:9823	NCBITaxon:9823	EFO:0030080
Pig9_AGAAGTAAGAGCCGAT.1	Pig9_AGAAGTAAGAGCCGAT-1	Pig9	NK/T cell	NK/T cell	CL:0000814	pig	NCBITaxon:9823	NCBITaxon:9823	EFO:0030080
Pig9_AGAAGTAAGGGCCCTT.1	Pig9_AGAAGTAAGGGCCCTT-1	Pig9	Fibroblast	Fibroblast	CL:0000057	pig	NCBITaxon:9823	NCBITaxon:9823	EFO:0030080
Pig9_AGAAGTAGTGGACTGA.1	Pig9_AGAAGTAGTGGACTGA-1	Pig9	Melanocyte	Melanocyte	CL:0000148	pig	NCBITaxon:9823	NCBITaxon:9823	EFO:0030080
Pig9_AGAAGTAGTTACCTGA.1	Pig9_AGAAGTAGTTACCTGA-1	Pig9	Melanocyte	Melanocyte	CL:0000148	pig	NCBITaxon:9823	NCBITaxon:9823	EFO:0030080
Pig9_AGACAAATCCCTCGTA.1	Pig9_AGACAAATCCCTCGTA-1	Pig9	Macrophage	Macrophage	CL:0000235	pig	NCBITaxon:9823	NCBITaxon:9823	EFO:0030080
Pig9_AGACAAATCGACGTCG.1	Pig9_AGACAAATCGACGTCG-1	Pig9	Fibroblast	Fibroblast	CL:0000057	pig	NCBITaxon:9823	NCBITaxon:9823	EFO:0030080
Pig9_AGACACTAGTACTGGG.1	Pig9_AGACACTAGTACTGGG-1	Pig9	Fibroblast	Fibroblast	CL:0000057	pig	NCBITaxon:9823	NCBITaxon:9823	EFO:0030080
Pig9_AGACACTCAGAATTCC.1	Pig9_AGACACTCAGAATTCC-1	Pig9	Macrophage	Macrophage	CL:0000235	pig	NCBITaxon:9823	NCBITaxon:9823	EFO:0030080
Pig9_AGACACTGTACCCGCA.1	Pig9_AGACACTGTACCCGCA-1	Pig9	Beam A	Beam A	CL:0000327	pig	NCBITaxon:9823	NCBITaxon:9823	EFO:0030080
Pig9_AGACACTGTTCTAACG.1	Pig9_AGACACTGTTCTAACG-1	Pig9	Macrophage	Macrophage	CL:0000235	pig	NCBITaxon:9823	NCBITaxon:9823	EFO:0030080
Pig9_AGACAGGCAACTGGTT.1	Pig9_AGACAGGCAACTGGTT-1	Pig9	Macrophage	Macrophage	CL:0000235	pig	NCBITaxon:9823	NCBITaxon:9823	EFO:0030080
Pig9_AGACAGGCAATTGTGC.1	Pig9_AGACAGGCAATTGTGC-1	Pig9	Ciliary muscle	Ciliary muscle	CL:1000443	pig	NCBITaxon:9823	NCBITaxon:9823	EFO:0030080
Pig9_AGACAGGGTGAGCAGT.1	Pig9_AGACAGGGTGAGCAGT-1	Pig9	Macrophage	Macrophage	CL:0000235	pig	NCBITaxon:9823	NCBITaxon:9823	EFO:0030080
Pig9_AGACAGGTCATAGGCT.1	Pig9_AGACAGGTCATAGGCT-1	Pig9	Beam A	Beam A	CL:0000327	pig	NCBITaxon:9823	NCBITaxon:9823	EFO:0030080
Pig9_AGACCATGTTGTGCAT.1	Pig9_AGACCATGTTGTGCAT-1	Pig9	SChlemm's Canal	SChlemm's Canal	CL:0000115	pig	NCBITaxon:9823	NCBITaxon:9823	EFO:0030080
Pig9_AGACCCGAGTTAACGA.1	Pig9_AGACCCGAGTTAACGA-1	Pig9	Beam A	Beam A	CL:0000327	pig	NCBITaxon:9823	NCBITaxon:9823	EFO:0030080
Pig9_AGACCCGGTGTAACGG.1	Pig9_AGACCCGGTGTAACGG-1	Pig9	Beam A	Beam A	CL:0000327	pig	NCBITaxon:9823	NCBITaxon:9823	EFO:0030080
Pig9_AGACCCGTCCTTATAC.1	Pig9_AGACCCGTCCTTATAC-1	Pig9	Macrophage	Macrophage	CL:0000235	pig	NCBITaxon:9823	NCBITaxon:9823	EFO:0030080
Pig9_AGACTCAAGCTTGTGT.1	Pig9_AGACTCAAGCTTGTGT-1	Pig9	Fibroblast	Fibroblast	CL:0000057	pig	NCBITaxon:9823	NCBITaxon:9823	EFO:0030080
Pig9_AGACTCAAGTATGGAT.1	Pig9_AGACTCAAGTATGGAT-1	Pig9	Beam A	Beam A	CL:0000327	pig	NCBITaxon:9823	NCBITaxon:9823	EFO:0030080
Pig9_AGAGAATGTCGATTTG.1	Pig9_AGAGAATGTCGATTTG-1	Pig9	Beam A	Beam A	CL:0000327	pig	NCBITaxon:9823	NCBITaxon:9823	EFO:0030080
Pig9_AGAGAATTCATCCTAT.1	Pig9_AGAGAATTCATCCTAT-1	Pig9	Beam A	Beam A	CL:0000327	pig	NCBITaxon:9823	NCBITaxon:9823	EFO:0030080
Pig9_AGAGAGCCACCATAAC.1	Pig9_AGAGAGCCACCATAAC-1	Pig9	Beam A	Beam A	CL:0000327	pig	NCBITaxon:9823	NCBITaxon:9823	EFO:0030080
Pig9_AGAGAGCTCCCGAGTG.1	Pig9_AGAGAGCTCCCGAGTG-1	Pig9	Fibroblast	Fibroblast	CL:0000057	pig	NCBITaxon:9823	NCBITaxon:9823	EFO:0030080
Pig9_AGAGCAGAGGGAGATA.1	Pig9_AGAGCAGAGGGAGATA-1	Pig9	Beam A	Beam A	CL:0000327	pig	NCBITaxon:9823	NCBITaxon:9823	EFO:0030080
Pig9_AGAGCAGAGTCATTGC.1	Pig9_AGAGCAGAGTCATTGC-1	Pig9	Fibroblast	Fibroblast	CL:0000057	pig	NCBITaxon:9823	NCBITaxon:9823	EFO:0030080
Pig9_AGAGCCCAGGGTACGT.1	Pig9_AGAGCCCAGGGTACGT-1	Pig9	Pericyte	Pericyte	CL:0000669	pig	NCBITaxon:9823	NCBITaxon:9823	EFO:0030080
Pig9_AGAGCCCAGGTAAGGA.1	Pig9_AGAGCCCAGGTAAGGA-1	Pig9	Macrophage	Macrophage	CL:0000235	pig	NCBITaxon:9823	NCBITaxon:9823	EFO:0030080
Pig9_AGAGCCCGTCAATCTG.1	Pig9_AGAGCCCGTCAATCTG-1	Pig9	Beam A	Beam A	CL:0000327	pig	NCBITaxon:9823	NCBITaxon:9823	EFO:0030080
Pig9_AGAGCCCTCACCCTGT.1	Pig9_AGAGCCCTCACCCTGT-1	Pig9	Beam A	Beam A	CL:0000327	pig	NCBITaxon:9823	NCBITaxon:9823	EFO:0030080
Pig9_AGATAGAAGGCATCAG.1	Pig9_AGATAGAAGGCATCAG-1	Pig9	Beam A	Beam A	CL:0000327	pig	NCBITaxon:9823	NCBITaxon:9823	EFO:0030080
Pig9_AGATAGAAGGCGCTTC.1	Pig9_AGATAGAAGGCGCTTC-1	Pig9	Macrophage	Macrophage	CL:0000235	pig	NCBITaxon:9823	NCBITaxon:9823	EFO:0030080
Pig9_AGATAGAGTCCTTTGC.1	Pig9_AGATAGAGTCCTTTGC-1	Pig9	Beam A	Beam A	CL:0000327	pig	NCBITaxon:9823	NCBITaxon:9823	EFO:0030080
Pig9_AGATCCAAGGGCAACT.1	Pig9_AGATCCAAGGGCAACT-1	Pig9	Macrophage	Macrophage	CL:0000235	pig	NCBITaxon:9823	NCBITaxon:9823	EFO:0030080
Pig9_AGATCCATCAGACCTA.1	Pig9_AGATCCATCAGACCTA-1	Pig9	Macrophage	Macrophage	CL:0000235	pig	NCBITaxon:9823	NCBITaxon:9823	EFO:0030080
Pig9_AGATCGTCAGCCCACA.1	Pig9_AGATCGTCAGCCCACA-1	Pig9	Macrophage	Macrophage	CL:0000235	pig	NCBITaxon:9823	NCBITaxon:9823	EFO:0030080
Pig9_AGATCGTTCAGCGCAC.1	Pig9_AGATCGTTCAGCGCAC-1	Pig9	Macrophage	Macrophage	CL:0000235	pig	NCBITaxon:9823	NCBITaxon:9823	EFO:0030080
Pig9_AGATCGTTCCTCAGAA.1	Pig9_AGATCGTTCCTCAGAA-1	Pig9	Beam A	Beam A	CL:0000327	pig	NCBITaxon:9823	NCBITaxon:9823	EFO:0030080
Pig9_AGATGAAAGTGATTCC.1	Pig9_AGATGAAAGTGATTCC-1	Pig9	Beam A	Beam A	CL:0000327	pig	NCBITaxon:9823	NCBITaxon:9823	EFO:0030080
Pig9_AGATGCTAGAGGGCGA.1	Pig9_AGATGCTAGAGGGCGA-1	Pig9	Beam A	Beam A	CL:0000327	pig	NCBITaxon:9823	NCBITaxon:9823	EFO:0030080
Pig9_AGATGCTAGATTGTGA.1	Pig9_AGATGCTAGATTGTGA-1	Pig9	Macrophage	Macrophage	CL:0000235	pig	NCBITaxon:9823	NCBITaxon:9823	EFO:0030080
Pig9_AGATGCTAGTGTTGAA.1	Pig9_AGATGCTAGTGTTGAA-1	Pig9	Macrophage	Macrophage	CL:0000235	pig	NCBITaxon:9823	NCBITaxon:9823	EFO:0030080
Pig9_AGCATCAAGTATGGCG.1	Pig9_AGCATCAAGTATGGCG-1	Pig9	Beam A	Beam A	CL:0000327	pig	NCBITaxon:9823	NCBITaxon:9823	EFO:0030080
Pig9_AGCATCACAACCAGAG.1	Pig9_AGCATCACAACCAGAG-1	Pig9	Beam A	Beam A	CL:0000327	pig	NCBITaxon:9823	NCBITaxon:9823	EFO:0030080
Pig9_AGCATCATCTGAGGTT.1	Pig9_AGCATCATCTGAGGTT-1	Pig9	Macrophage	Macrophage	CL:0000235	pig	NCBITaxon:9823	NCBITaxon:9823	EFO:0030080
Pig9_AGCCAATAGTCATAGA.1	Pig9_AGCCAATAGTCATAGA-1	Pig9	Beam A	Beam A	CL:0000327	pig	NCBITaxon:9823	NCBITaxon:9823	EFO:0030080
Pig9_AGCCAATTCGGTCTGG.1	Pig9_AGCCAATTCGGTCTGG-1	Pig9	Fibroblast	Fibroblast	CL:0000057	pig	NCBITaxon:9823	NCBITaxon:9823	EFO:0030080
Pig9_AGCCAATTCTGGGAGA.1	Pig9_AGCCAATTCTGGGAGA-1	Pig9	NK/T cell	NK/T cell	CL:0000814	pig	NCBITaxon:9823	NCBITaxon:9823	EFO:0030080
Pig9_AGCCACGAGGGACACT.1	Pig9_AGCCACGAGGGACACT-1	Pig9	Macrophage	Macrophage	CL:0000235	pig	NCBITaxon:9823	NCBITaxon:9823	EFO:0030080
Pig9_AGCCACGGTCTACGAT.1	Pig9_AGCCACGGTCTACGAT-1	Pig9	Beam A	Beam A	CL:0000327	pig	NCBITaxon:9823	NCBITaxon:9823	EFO:0030080
Pig9_AGCCAGCGTTCACCGG.1	Pig9_AGCCAGCGTTCACCGG-1	Pig9	Beam A	Beam A	CL:0000327	pig	NCBITaxon:9823	NCBITaxon:9823	EFO:0030080
Pig9_AGCGATTCACCCTCTA.1	Pig9_AGCGATTCACCCTCTA-1	Pig9	NK/T cell	NK/T cell	CL:0000814	pig	NCBITaxon:9823	NCBITaxon:9823	EFO:0030080
Pig9_AGCGATTGTAATGCGG.1	Pig9_AGCGATTGTAATGCGG-1	Pig9	SChlemm's Canal	SChlemm's Canal	CL:0000115	pig	NCBITaxon:9823	NCBITaxon:9823	EFO:0030080
Pig9_AGCGATTGTCAACACT.1	Pig9_AGCGATTGTCAACACT-1	Pig9	Beam A	Beam A	CL:0000327	pig	NCBITaxon:9823	NCBITaxon:9823	EFO:0030080
Pig9_AGCGATTTCCACAAGT.1	Pig9_AGCGATTTCCACAAGT-1	Pig9	SChlemm's Canal	SChlemm's Canal	CL:0000115	pig	NCBITaxon:9823	NCBITaxon:9823	EFO:0030080
Pig9_AGCGATTTCGCCTTGT.1	Pig9_AGCGATTTCGCCTTGT-1	Pig9	Fibroblast	Fibroblast	CL:0000057	pig	NCBITaxon:9823	NCBITaxon:9823	EFO:0030080
Pig9_AGCGCTGCAGAAATCA.1	Pig9_AGCGCTGCAGAAATCA-1	Pig9	Fibroblast	Fibroblast	CL:0000057	pig	NCBITaxon:9823	NCBITaxon:9823	EFO:0030080
Pig9_AGCGCTGGTACAACGG.1	Pig9_AGCGCTGGTACAACGG-1	Pig9	Beam A	Beam A	CL:0000327	pig	NCBITaxon:9823	NCBITaxon:9823	EFO:0030080
Pig9_AGCGTATAGGCGACAT.1	Pig9_AGCGTATAGGCGACAT-1	Pig9	Macrophage	Macrophage	CL:0000235	pig	NCBITaxon:9823	NCBITaxon:9823	EFO:0030080
Pig9_AGCGTATCAAATGGAT.1	Pig9_AGCGTATCAAATGGAT-1	Pig9	Fibroblast	Fibroblast	CL:0000057	pig	NCBITaxon:9823	NCBITaxon:9823	EFO:0030080
Pig9_AGCGTATTCATCTGTT.1	Pig9_AGCGTATTCATCTGTT-1	Pig9	Beam A	Beam A	CL:0000327	pig	NCBITaxon:9823	NCBITaxon:9823	EFO:0030080
Pig9_AGCGTCGAGCCATGCC.1	Pig9_AGCGTCGAGCCATGCC-1	Pig9	Macrophage	Macrophage	CL:0000235	pig	NCBITaxon:9823	NCBITaxon:9823	EFO:0030080
Pig9_AGCGTCGGTCACTCGG.1	Pig9_AGCGTCGGTCACTCGG-1	Pig9	Macrophage	Macrophage	CL:0000235	pig	NCBITaxon:9823	NCBITaxon:9823	EFO:0030080
Pig9_AGCTACAAGCTGCCAC.1	Pig9_AGCTACAAGCTGCCAC-1	Pig9	Fibroblast	Fibroblast	CL:0000057	pig	NCBITaxon:9823	NCBITaxon:9823	EFO:0030080
Pig9_AGCTCAAAGGTAAGAG.1	Pig9_AGCTCAAAGGTAAGAG-1	Pig9	Beam A	Beam A	CL:0000327	pig	NCBITaxon:9823	NCBITaxon:9823	EFO:0030080
Pig9_AGCTCAAGTCATCAGT.1	Pig9_AGCTCAAGTCATCAGT-1	Pig9	Macrophage	Macrophage	CL:0000235	pig	NCBITaxon:9823	NCBITaxon:9823	EFO:0030080
Pig9_AGCTCAATCAATCAGC.1	Pig9_AGCTCAATCAATCAGC-1	Pig9	Beam A	Beam A	CL:0000327	pig	NCBITaxon:9823	NCBITaxon:9823	EFO:0030080
Pig9_AGCTCAATCACCTCGT.1	Pig9_AGCTCAATCACCTCGT-1	Pig9	Macrophage	Macrophage	CL:0000235	pig	NCBITaxon:9823	NCBITaxon:9823	EFO:0030080
Pig9_AGCTCAATCTCATTAC.1	Pig9_AGCTCAATCTCATTAC-1	Pig9	Beam A	Beam A	CL:0000327	pig	NCBITaxon:9823	NCBITaxon:9823	EFO:0030080
Pig9_AGCTTCCCAAGTACCT.1	Pig9_AGCTTCCCAAGTACCT-1	Pig9	Fibroblast	Fibroblast	CL:0000057	pig	NCBITaxon:9823	NCBITaxon:9823	EFO:0030080
Pig9_AGCTTCCCACCCTCTA.1	Pig9_AGCTTCCCACCCTCTA-1	Pig9	Macrophage	Macrophage	CL:0000235	pig	NCBITaxon:9823	NCBITaxon:9823	EFO:0030080
Pig9_AGCTTCCCATAGTCAC.1	Pig9_AGCTTCCCATAGTCAC-1	Pig9	Fibroblast	Fibroblast	CL:0000057	pig	NCBITaxon:9823	NCBITaxon:9823	EFO:0030080
Pig9_AGCTTCCGTTTGTGGT.1	Pig9_AGCTTCCGTTTGTGGT-1	Pig9	Macrophage	Macrophage	CL:0000235	pig	NCBITaxon:9823	NCBITaxon:9823	EFO:0030080
Pig9_AGCTTCCTCCGTTTCG.1	Pig9_AGCTTCCTCCGTTTCG-1	Pig9	Beam A	Beam A	CL:0000327	pig	NCBITaxon:9823	NCBITaxon:9823	EFO:0030080
Pig9_AGGAAATTCCGTGCGA.1	Pig9_AGGAAATTCCGTGCGA-1	Pig9	Fibroblast	Fibroblast	CL:0000057	pig	NCBITaxon:9823	NCBITaxon:9823	EFO:0030080
Pig9_AGGAATACAGCTACCG.1	Pig9_AGGAATACAGCTACCG-1	Pig9	Macrophage	Macrophage	CL:0000235	pig	NCBITaxon:9823	NCBITaxon:9823	EFO:0030080
Pig9_AGGACGAAGCACTCTA.1	Pig9_AGGACGAAGCACTCTA-1	Pig9	Fibroblast	Fibroblast	CL:0000057	pig	NCBITaxon:9823	NCBITaxon:9823	EFO:0030080
Pig9_AGGACGACAATCCTTT.1	Pig9_AGGACGACAATCCTTT-1	Pig9	NK/T cell	NK/T cell	CL:0000814	pig	NCBITaxon:9823	NCBITaxon:9823	EFO:0030080
Pig9_AGGACGAGTCTTGCGG.1	Pig9_AGGACGAGTCTTGCGG-1	Pig9	Beam A	Beam A	CL:0000327	pig	NCBITaxon:9823	NCBITaxon:9823	EFO:0030080
Pig9_AGGACGATCTTTGATC.1	Pig9_AGGACGATCTTTGATC-1	Pig9	Beam A	Beam A	CL:0000327	pig	NCBITaxon:9823	NCBITaxon:9823	EFO:0030080
Pig9_AGGACTTTCATGCCGG.1	Pig9_AGGACTTTCATGCCGG-1	Pig9	Macrophage	Macrophage	CL:0000235	pig	NCBITaxon:9823	NCBITaxon:9823	EFO:0030080
Pig9_AGGAGGTAGACTCTAC.1	Pig9_AGGAGGTAGACTCTAC-1	Pig9	Beam A	Beam A	CL:0000327	pig	NCBITaxon:9823	NCBITaxon:9823	EFO:0030080
Pig9_AGGAGGTTCAACCCGG.1	Pig9_AGGAGGTTCAACCCGG-1	Pig9	Beam A	Beam A	CL:0000327	pig	NCBITaxon:9823	NCBITaxon:9823	EFO:0030080
Pig9_AGGATAAAGCTAGCCC.1	Pig9_AGGATAAAGCTAGCCC-1	Pig9	Melanocyte	Melanocyte	CL:0000148	pig	NCBITaxon:9823	NCBITaxon:9823	EFO:0030080
Pig9_AGGATAAAGGAACGAA.1	Pig9_AGGATAAAGGAACGAA-1	Pig9	Beam A	Beam A	CL:0000327	pig	NCBITaxon:9823	NCBITaxon:9823	EFO:0030080
Pig9_AGGATAAAGGTACTGG.1	Pig9_AGGATAAAGGTACTGG-1	Pig9	Beam A	Beam A	CL:0000327	pig	NCBITaxon:9823	NCBITaxon:9823	EFO:0030080
Pig9_AGGATAACAGCGTATT.1	Pig9_AGGATAACAGCGTATT-1	Pig9	Macrophage	Macrophage	CL:0000235	pig	NCBITaxon:9823	NCBITaxon:9823	EFO:0030080
Pig9_AGGATAACATCGGATT.1	Pig9_AGGATAACATCGGATT-1	Pig9	Beam A	Beam A	CL:0000327	pig	NCBITaxon:9823	NCBITaxon:9823	EFO:0030080
Pig9_AGGATAAGTAAGCAAT.1	Pig9_AGGATAAGTAAGCAAT-1	Pig9	Macrophage	Macrophage	CL:0000235	pig	NCBITaxon:9823	NCBITaxon:9823	EFO:0030080
Pig9_AGGATAATCGGATACT.1	Pig9_AGGATAATCGGATACT-1	Pig9	Beam A	Beam A	CL:0000327	pig	NCBITaxon:9823	NCBITaxon:9823	EFO:0030080
Pig9_AGGATCTAGCTCCGAC.1	Pig9_AGGATCTAGCTCCGAC-1	Pig9	Macrophage	Macrophage	CL:0000235	pig	NCBITaxon:9823	NCBITaxon:9823	EFO:0030080
Pig9_AGGATCTAGTCCTGTA.1	Pig9_AGGATCTAGTCCTGTA-1	Pig9	Fibroblast	Fibroblast	CL:0000057	pig	NCBITaxon:9823	NCBITaxon:9823	EFO:0030080
Pig9_AGGCATTAGCCTTTCC.1	Pig9_AGGCATTAGCCTTTCC-1	Pig9	Macrophage	Macrophage	CL:0000235	pig	NCBITaxon:9823	NCBITaxon:9823	EFO:0030080
Pig9_AGGCCACAGACTGGGT.1	Pig9_AGGCCACAGACTGGGT-1	Pig9	Beam A	Beam A	CL:0000327	pig	NCBITaxon:9823	NCBITaxon:9823	EFO:0030080
Pig9_AGGCCACCAGACAAAT.1	Pig9_AGGCCACCAGACAAAT-1	Pig9	Beam A	Beam A	CL:0000327	pig	NCBITaxon:9823	NCBITaxon:9823	EFO:0030080
Pig9_AGGCCACCAGACAAGC.1	Pig9_AGGCCACCAGACAAGC-1	Pig9	Beam A	Beam A	CL:0000327	pig	NCBITaxon:9823	NCBITaxon:9823	EFO:0030080
Pig9_AGGCCACCATCATGAC.1	Pig9_AGGCCACCATCATGAC-1	Pig9	Beam A	Beam A	CL:0000327	pig	NCBITaxon:9823	NCBITaxon:9823	EFO:0030080
Pig9_AGGCCACGTGTCACAT.1	Pig9_AGGCCACGTGTCACAT-1	Pig9	Macrophage	Macrophage	CL:0000235	pig	NCBITaxon:9823	NCBITaxon:9823	EFO:0030080
Pig9_AGGCTGCAGTCGGCAA.1	Pig9_AGGCTGCAGTCGGCAA-1	Pig9	NK/T cell	NK/T cell	CL:0000814	pig	NCBITaxon:9823	NCBITaxon:9823	EFO:0030080
Pig9_AGGCTGCGTGCAACAG.1	Pig9_AGGCTGCGTGCAACAG-1	Pig9	Macrophage	Macrophage	CL:0000235	pig	NCBITaxon:9823	NCBITaxon:9823	EFO:0030080
Pig9_AGGGAGTCAGCGGTCT.1	Pig9_AGGGAGTCAGCGGTCT-1	Pig9	Beam A	Beam A	CL:0000327	pig	NCBITaxon:9823	NCBITaxon:9823	EFO:0030080
Pig9_AGGGAGTTCGTGGTAT.1	Pig9_AGGGAGTTCGTGGTAT-1	Pig9	Beam A	Beam A	CL:0000327	pig	NCBITaxon:9823	NCBITaxon:9823	EFO:0030080
Pig9_AGGGAGTTCTTCACAT.1	Pig9_AGGGAGTTCTTCACAT-1	Pig9	Beam A	Beam A	CL:0000327	pig	NCBITaxon:9823	NCBITaxon:9823	EFO:0030080
Pig9_AGGGCCTAGTCGGGAT.1	Pig9_AGGGCCTAGTCGGGAT-1	Pig9	Beam A	Beam A	CL:0000327	pig	NCBITaxon:9823	NCBITaxon:9823	EFO:0030080
Pig9_AGGGCCTCAAGTGTCT.1	Pig9_AGGGCCTCAAGTGTCT-1	Pig9	Beam A	Beam A	CL:0000327	pig	NCBITaxon:9823	NCBITaxon:9823	EFO:0030080
Pig9_AGGGCCTTCCTCACGT.1	Pig9_AGGGCCTTCCTCACGT-1	Pig9	Beam A	Beam A	CL:0000327	pig	NCBITaxon:9823	NCBITaxon:9823	EFO:0030080
Pig9_AGGGCTCGTCGTACTA.1	Pig9_AGGGCTCGTCGTACTA-1	Pig9	Beam A	Beam A	CL:0000327	pig	NCBITaxon:9823	NCBITaxon:9823	EFO:0030080
Pig9_AGGGCTCGTGTCCGGT.1	Pig9_AGGGCTCGTGTCCGGT-1	Pig9	Macrophage	Macrophage	CL:0000235	pig	NCBITaxon:9823	NCBITaxon:9823	EFO:0030080
Pig9_AGGGCTCTCTTGATTC.1	Pig9_AGGGCTCTCTTGATTC-1	Pig9	NK/T cell	NK/T cell	CL:0000814	pig	NCBITaxon:9823	NCBITaxon:9823	EFO:0030080
Pig9_AGGGTCCAGGACATCG.1	Pig9_AGGGTCCAGGACATCG-1	Pig9	Fibroblast	Fibroblast	CL:0000057	pig	NCBITaxon:9823	NCBITaxon:9823	EFO:0030080
Pig9_AGGGTCCCAGAGCTAG.1	Pig9_AGGGTCCCAGAGCTAG-1	Pig9	Macrophage	Macrophage	CL:0000235	pig	NCBITaxon:9823	NCBITaxon:9823	EFO:0030080
Pig9_AGGGTCCCATTGACCA.1	Pig9_AGGGTCCCATTGACCA-1	Pig9	Macrophage	Macrophage	CL:0000235	pig	NCBITaxon:9823	NCBITaxon:9823	EFO:0030080
Pig9_AGGGTCCTCCTCTCGA.1	Pig9_AGGGTCCTCCTCTCGA-1	Pig9	Beam A	Beam A	CL:0000327	pig	NCBITaxon:9823	NCBITaxon:9823	EFO:0030080
Pig9_AGGGTCCTCTCCCTAG.1	Pig9_AGGGTCCTCTCCCTAG-1	Pig9	Macrophage	Macrophage	CL:0000235	pig	NCBITaxon:9823	NCBITaxon:9823	EFO:0030080
Pig9_AGGGTGAAGCAGGTCA.1	Pig9_AGGGTGAAGCAGGTCA-1	Pig9	Beam A	Beam A	CL:0000327	pig	NCBITaxon:9823	NCBITaxon:9823	EFO:0030080
Pig9_AGGGTGAAGCGCCTCA.1	Pig9_AGGGTGAAGCGCCTCA-1	Pig9	Beam A	Beam A	CL:0000327	pig	NCBITaxon:9823	NCBITaxon:9823	EFO:0030080
Pig9_AGGGTGACATGCCATA.1	Pig9_AGGGTGACATGCCATA-1	Pig9	Macrophage	Macrophage	CL:0000235	pig	NCBITaxon:9823	NCBITaxon:9823	EFO:0030080
Pig9_AGGGTGAGTTCCACGG.1	Pig9_AGGGTGAGTTCCACGG-1	Pig9	Beam A	Beam A	CL:0000327	pig	NCBITaxon:9823	NCBITaxon:9823	EFO:0030080
Pig9_AGGGTTTAGCATGAAT.1	Pig9_AGGGTTTAGCATGAAT-1	Pig9	Beam A	Beam A	CL:0000327	pig	NCBITaxon:9823	NCBITaxon:9823	EFO:0030080
Pig9_AGGGTTTCAGCGCGTT.1	Pig9_AGGGTTTCAGCGCGTT-1	Pig9	Pericyte	Pericyte	CL:0000669	pig	NCBITaxon:9823	NCBITaxon:9823	EFO:0030080
Pig9_AGGTAGGGTCCAGCCA.1	Pig9_AGGTAGGGTCCAGCCA-1	Pig9	NK/T cell	NK/T cell	CL:0000814	pig	NCBITaxon:9823	NCBITaxon:9823	EFO:0030080
Pig9_AGGTAGGTCAAAGACA.1	Pig9_AGGTAGGTCAAAGACA-1	Pig9	Macrophage	Macrophage	CL:0000235	pig	NCBITaxon:9823	NCBITaxon:9823	EFO:0030080
Pig9_AGGTCATAGCATCAGG.1	Pig9_AGGTCATAGCATCAGG-1	Pig9	Beam A	Beam A	CL:0000327	pig	NCBITaxon:9823	NCBITaxon:9823	EFO:0030080
Pig9_AGGTCATAGTTCGCAT.1	Pig9_AGGTCATAGTTCGCAT-1	Pig9	SChlemm's Canal	SChlemm's Canal	CL:0000115	pig	NCBITaxon:9823	NCBITaxon:9823	EFO:0030080
Pig9_AGGTCATTCAGAACCT.1	Pig9_AGGTCATTCAGAACCT-1	Pig9	NK/T cell	NK/T cell	CL:0000814	pig	NCBITaxon:9823	NCBITaxon:9823	EFO:0030080
Pig9_AGGTCATTCTCGGTAA.1	Pig9_AGGTCATTCTCGGTAA-1	Pig9	Macrophage	Macrophage	CL:0000235	pig	NCBITaxon:9823	NCBITaxon:9823	EFO:0030080
Pig9_AGGTCTAAGTCACTGT.1	Pig9_AGGTCTAAGTCACTGT-1	Pig9	Fibroblast	Fibroblast	CL:0000057	pig	NCBITaxon:9823	NCBITaxon:9823	EFO:0030080
Pig9_AGGTCTACAAATGCGG.1	Pig9_AGGTCTACAAATGCGG-1	Pig9	Fibroblast	Fibroblast	CL:0000057	pig	NCBITaxon:9823	NCBITaxon:9823	EFO:0030080
Pig9_AGGTGTTTCTCGCCTA.1	Pig9_AGGTGTTTCTCGCCTA-1	Pig9	Fibroblast	Fibroblast	CL:0000057	pig	NCBITaxon:9823	NCBITaxon:9823	EFO:0030080
Pig9_AGGTTACGTACTGCCG.1	Pig9_AGGTTACGTACTGCCG-1	Pig9	Beam A	Beam A	CL:0000327	pig	NCBITaxon:9823	NCBITaxon:9823	EFO:0030080
Pig9_AGGTTACGTGTGGACA.1	Pig9_AGGTTACGTGTGGACA-1	Pig9	Beam A	Beam A	CL:0000327	pig	NCBITaxon:9823	NCBITaxon:9823	EFO:0030080
Pig9_AGGTTACGTTCCGCTT.1	Pig9_AGGTTACGTTCCGCTT-1	Pig9	Beam A	Beam A	CL:0000327	pig	NCBITaxon:9823	NCBITaxon:9823	EFO:0030080
Pig9_AGGTTGTCAATAGTAG.1	Pig9_AGGTTGTCAATAGTAG-1	Pig9	Beam A	Beam A	CL:0000327	pig	NCBITaxon:9823	NCBITaxon:9823	EFO:0030080
Pig9_AGGTTGTCACACGGAA.1	Pig9_AGGTTGTCACACGGAA-1	Pig9	Beam A	Beam A	CL:0000327	pig	NCBITaxon:9823	NCBITaxon:9823	EFO:0030080
Pig9_AGGTTGTCATTCCTAT.1	Pig9_AGGTTGTCATTCCTAT-1	Pig9	Beam A	Beam A	CL:0000327	pig	NCBITaxon:9823	NCBITaxon:9823	EFO:0030080
Pig9_AGGTTGTTCAGACATC.1	Pig9_AGGTTGTTCAGACATC-1	Pig9	Beam A	Beam A	CL:0000327	pig	NCBITaxon:9823	NCBITaxon:9823	EFO:0030080
Pig9_AGGTTGTTCGCACGAC.1	Pig9_AGGTTGTTCGCACGAC-1	Pig9	NK/T cell	NK/T cell	CL:0000814	pig	NCBITaxon:9823	NCBITaxon:9823	EFO:0030080
Pig9_AGTAACCAGGCTAGCA.1	Pig9_AGTAACCAGGCTAGCA-1	Pig9	Beam A	Beam A	CL:0000327	pig	NCBITaxon:9823	NCBITaxon:9823	EFO:0030080
Pig9_AGTAACCGTACCAATC.1	Pig9_AGTAACCGTACCAATC-1	Pig9	Macrophage	Macrophage	CL:0000235	pig	NCBITaxon:9823	NCBITaxon:9823	EFO:0030080
Pig9_AGTAACCTCTTCTAAC.1	Pig9_AGTAACCTCTTCTAAC-1	Pig9	Fibroblast	Fibroblast	CL:0000057	pig	NCBITaxon:9823	NCBITaxon:9823	EFO:0030080
Pig9_AGTACCAAGGCTTAAA.1	Pig9_AGTACCAAGGCTTAAA-1	Pig9	NK/T cell	NK/T cell	CL:0000814	pig	NCBITaxon:9823	NCBITaxon:9823	EFO:0030080
Pig9_AGTACTGCACCTATCC.1	Pig9_AGTACTGCACCTATCC-1	Pig9	Beam A	Beam A	CL:0000327	pig	NCBITaxon:9823	NCBITaxon:9823	EFO:0030080
Pig9_AGTACTGCATCCTCAC.1	Pig9_AGTACTGCATCCTCAC-1	Pig9	Pericyte	Pericyte	CL:0000669	pig	NCBITaxon:9823	NCBITaxon:9823	EFO:0030080
Pig9_AGTACTGTCCCATTCG.1	Pig9_AGTACTGTCCCATTCG-1	Pig9	Macrophage	Macrophage	CL:0000235	pig	NCBITaxon:9823	NCBITaxon:9823	EFO:0030080
Pig9_AGTAGCTTCGGCATTA.1	Pig9_AGTAGCTTCGGCATTA-1	Pig9	Macrophage	Macrophage	CL:0000235	pig	NCBITaxon:9823	NCBITaxon:9823	EFO:0030080
Pig9_AGTAGTCCATGAAGGC.1	Pig9_AGTAGTCCATGAAGGC-1	Pig9	Beam A	Beam A	CL:0000327	pig	NCBITaxon:9823	NCBITaxon:9823	EFO:0030080
Pig9_AGTAGTCTCAAGTCTG.1	Pig9_AGTAGTCTCAAGTCTG-1	Pig9	Beam A	Beam A	CL:0000327	pig	NCBITaxon:9823	NCBITaxon:9823	EFO:0030080
Pig9_AGTAGTCTCTGAGGCC.1	Pig9_AGTAGTCTCTGAGGCC-1	Pig9	NK/T cell	NK/T cell	CL:0000814	pig	NCBITaxon:9823	NCBITaxon:9823	EFO:0030080
Pig9_AGTCAACCAGTAACGG.1	Pig9_AGTCAACCAGTAACGG-1	Pig9	Beam A	Beam A	CL:0000327	pig	NCBITaxon:9823	NCBITaxon:9823	EFO:0030080
Pig9_AGTCACAAGCGGGTTA.1	Pig9_AGTCACAAGCGGGTTA-1	Pig9	Beam A	Beam A	CL:0000327	pig	NCBITaxon:9823	NCBITaxon:9823	EFO:0030080
Pig9_AGTCACATCCACCTCA.1	Pig9_AGTCACATCCACCTCA-1	Pig9	Beam A	Beam A	CL:0000327	pig	NCBITaxon:9823	NCBITaxon:9823	EFO:0030080
Pig9_AGTCATGCACCATTCC.1	Pig9_AGTCATGCACCATTCC-1	Pig9	Macrophage	Macrophage	CL:0000235	pig	NCBITaxon:9823	NCBITaxon:9823	EFO:0030080
Pig9_AGTCATGCAGCCCAGT.1	Pig9_AGTCATGCAGCCCAGT-1	Pig9	Beam A	Beam A	CL:0000327	pig	NCBITaxon:9823	NCBITaxon:9823	EFO:0030080
Pig9_AGTCATGCATCTAGAC.1	Pig9_AGTCATGCATCTAGAC-1	Pig9	Macrophage	Macrophage	CL:0000235	pig	NCBITaxon:9823	NCBITaxon:9823	EFO:0030080
Pig9_AGTCATGGTCATCCGG.1	Pig9_AGTCATGGTCATCCGG-1	Pig9	Macrophage	Macrophage	CL:0000235	pig	NCBITaxon:9823	NCBITaxon:9823	EFO:0030080
Pig9_AGTCTCCGTATTGCCA.1	Pig9_AGTCTCCGTATTGCCA-1	Pig9	Corneal endothelium	Corneal endothelium	CL:0000132	pig	NCBITaxon:9823	NCBITaxon:9823	EFO:0030080
Pig9_AGTCTCCTCAGTGTTG.1	Pig9_AGTCTCCTCAGTGTTG-1	Pig9	Macrophage	Macrophage	CL:0000235	pig	NCBITaxon:9823	NCBITaxon:9823	EFO:0030080
Pig9_AGTGACTAGTGTGTTC.1	Pig9_AGTGACTAGTGTGTTC-1	Pig9	Macrophage	Macrophage	CL:0000235	pig	NCBITaxon:9823	NCBITaxon:9823	EFO:0030080
Pig9_AGTGACTCAATGTGGG.1	Pig9_AGTGACTCAATGTGGG-1	Pig9	Fibroblast	Fibroblast	CL:0000057	pig	NCBITaxon:9823	NCBITaxon:9823	EFO:0030080
Pig9_AGTGACTCATTGTGCA.1	Pig9_AGTGACTCATTGTGCA-1	Pig9	Beam A	Beam A	CL:0000327	pig	NCBITaxon:9823	NCBITaxon:9823	EFO:0030080
Pig9_AGTGACTTCGGCCTTT.1	Pig9_AGTGACTTCGGCCTTT-1	Pig9	Macrophage	Macrophage	CL:0000235	pig	NCBITaxon:9823	NCBITaxon:9823	EFO:0030080
Pig9_AGTGATCAGTCTTCGA.1	Pig9_AGTGATCAGTCTTCGA-1	Pig9	SChlemm's Canal	SChlemm's Canal	CL:0000115	pig	NCBITaxon:9823	NCBITaxon:9823	EFO:0030080
Pig9_AGTGATCCATATCTGG.1	Pig9_AGTGATCCATATCTGG-1	Pig9	Ciliary muscle	Ciliary muscle	CL:1000443	pig	NCBITaxon:9823	NCBITaxon:9823	EFO:0030080
Pig9_AGTGATCGTACGAGTG.1	Pig9_AGTGATCGTACGAGTG-1	Pig9	Macrophage	Macrophage	CL:0000235	pig	NCBITaxon:9823	NCBITaxon:9823	EFO:0030080
Pig9_AGTGATCGTGCATGAG.1	Pig9_AGTGATCGTGCATGAG-1	Pig9	Beam A	Beam A	CL:0000327	pig	NCBITaxon:9823	NCBITaxon:9823	EFO:0030080
Pig9_AGTGATCGTTGGGAAC.1	Pig9_AGTGATCGTTGGGAAC-1	Pig9	Fibroblast	Fibroblast	CL:0000057	pig	NCBITaxon:9823	NCBITaxon:9823	EFO:0030080
Pig9_AGTGCCGCATCCGAGC.1	Pig9_AGTGCCGCATCCGAGC-1	Pig9	Beam A	Beam A	CL:0000327	pig	NCBITaxon:9823	NCBITaxon:9823	EFO:0030080
Pig9_AGTGCCGGTACCTTCC.1	Pig9_AGTGCCGGTACCTTCC-1	Pig9	Macrophage	Macrophage	CL:0000235	pig	NCBITaxon:9823	NCBITaxon:9823	EFO:0030080
Pig9_AGTGCCGGTGCCTATA.1	Pig9_AGTGCCGGTGCCTATA-1	Pig9	Beam A	Beam A	CL:0000327	pig	NCBITaxon:9823	NCBITaxon:9823	EFO:0030080
Pig9_AGTGCCGTCGTTCGCT.1	Pig9_AGTGCCGTCGTTCGCT-1	Pig9	Fibroblast	Fibroblast	CL:0000057	pig	NCBITaxon:9823	NCBITaxon:9823	EFO:0030080
Pig9_AGTGTTGGTATTCCGA.1	Pig9_AGTGTTGGTATTCCGA-1	Pig9	Beam A	Beam A	CL:0000327	pig	NCBITaxon:9823	NCBITaxon:9823	EFO:0030080
Pig9_AGTGTTGTCGGTGTTA.1	Pig9_AGTGTTGTCGGTGTTA-1	Pig9	Fibroblast	Fibroblast	CL:0000057	pig	NCBITaxon:9823	NCBITaxon:9823	EFO:0030080
Pig9_AGTTAGCCAACAGATA.1	Pig9_AGTTAGCCAACAGATA-1	Pig9	NK/T cell	NK/T cell	CL:0000814	pig	NCBITaxon:9823	NCBITaxon:9823	EFO:0030080
Pig9_AGTTAGCCAGTCACGC.1	Pig9_AGTTAGCCAGTCACGC-1	Pig9	Pericyte	Pericyte	CL:0000669	pig	NCBITaxon:9823	NCBITaxon:9823	EFO:0030080
Pig9_AGTTCCCAGGAACGCT.1	Pig9_AGTTCCCAGGAACGCT-1	Pig9	Fibroblast	Fibroblast	CL:0000057	pig	NCBITaxon:9823	NCBITaxon:9823	EFO:0030080
Pig9_AGTTCCCAGGCCTTCG.1	Pig9_AGTTCCCAGGCCTTCG-1	Pig9	Beam A	Beam A	CL:0000327	pig	NCBITaxon:9823	NCBITaxon:9823	EFO:0030080
Pig9_AGTTCCCCACTTGGGC.1	Pig9_AGTTCCCCACTTGGGC-1	Pig9	Fibroblast	Fibroblast	CL:0000057	pig	NCBITaxon:9823	NCBITaxon:9823	EFO:0030080
Pig9_AGTTCCCGTATTTCTC.1	Pig9_AGTTCCCGTATTTCTC-1	Pig9	NK/T cell	NK/T cell	CL:0000814	pig	NCBITaxon:9823	NCBITaxon:9823	EFO:0030080
Pig9_AGTTCGAAGGTCGTAG.1	Pig9_AGTTCGAAGGTCGTAG-1	Pig9	Beam A	Beam A	CL:0000327	pig	NCBITaxon:9823	NCBITaxon:9823	EFO:0030080
Pig9_ATACCTTCATGACTGT.1	Pig9_ATACCTTCATGACTGT-1	Pig9	Beam A	Beam A	CL:0000327	pig	NCBITaxon:9823	NCBITaxon:9823	EFO:0030080
Pig9_ATACCTTGTCACGTGC.1	Pig9_ATACCTTGTCACGTGC-1	Pig9	Macrophage	Macrophage	CL:0000235	pig	NCBITaxon:9823	NCBITaxon:9823	EFO:0030080
Pig9_ATACCTTTCCATAGGT.1	Pig9_ATACCTTTCCATAGGT-1	Pig9	Macrophage	Macrophage	CL:0000235	pig	NCBITaxon:9823	NCBITaxon:9823	EFO:0030080
Pig9_ATACCTTTCGGCTGTG.1	Pig9_ATACCTTTCGGCTGTG-1	Pig9	Macrophage	Macrophage	CL:0000235	pig	NCBITaxon:9823	NCBITaxon:9823	EFO:0030080
Pig9_ATAGACCAGCGATTCT.1	Pig9_ATAGACCAGCGATTCT-1	Pig9	Macrophage	Macrophage	CL:0000235	pig	NCBITaxon:9823	NCBITaxon:9823	EFO:0030080
Pig9_ATAGACCCAGACAATA.1	Pig9_ATAGACCCAGACAATA-1	Pig9	Beam A	Beam A	CL:0000327	pig	NCBITaxon:9823	NCBITaxon:9823	EFO:0030080
Pig9_ATAGGCTAGAATAACC.1	Pig9_ATAGGCTAGAATAACC-1	Pig9	Macrophage	Macrophage	CL:0000235	pig	NCBITaxon:9823	NCBITaxon:9823	EFO:0030080
Pig9_ATATCCTAGGTGTGAC.1	Pig9_ATATCCTAGGTGTGAC-1	Pig9	Fibroblast	Fibroblast	CL:0000057	pig	NCBITaxon:9823	NCBITaxon:9823	EFO:0030080
Pig9_ATATCCTGTGTAGGAC.1	Pig9_ATATCCTGTGTAGGAC-1	Pig9	Beam A	Beam A	CL:0000327	pig	NCBITaxon:9823	NCBITaxon:9823	EFO:0030080
Pig9_ATATCCTTCGTAGTCA.1	Pig9_ATATCCTTCGTAGTCA-1	Pig9	Beam A	Beam A	CL:0000327	pig	NCBITaxon:9823	NCBITaxon:9823	EFO:0030080
Pig9_ATCACAGTCATCGTAG.1	Pig9_ATCACAGTCATCGTAG-1	Pig9	Beam A	Beam A	CL:0000327	pig	NCBITaxon:9823	NCBITaxon:9823	EFO:0030080
Pig9_ATCACGACAAGAGGTC.1	Pig9_ATCACGACAAGAGGTC-1	Pig9	Macrophage	Macrophage	CL:0000235	pig	NCBITaxon:9823	NCBITaxon:9823	EFO:0030080
Pig9_ATCACGAGTCAATCTG.1	Pig9_ATCACGAGTCAATCTG-1	Pig9	Beam A	Beam A	CL:0000327	pig	NCBITaxon:9823	NCBITaxon:9823	EFO:0030080
Pig9_ATCACGATCGTTGTGA.1	Pig9_ATCACGATCGTTGTGA-1	Pig9	Beam A	Beam A	CL:0000327	pig	NCBITaxon:9823	NCBITaxon:9823	EFO:0030080
Pig9_ATCACTTGTGACCTGC.1	Pig9_ATCACTTGTGACCTGC-1	Pig9	Macrophage	Macrophage	CL:0000235	pig	NCBITaxon:9823	NCBITaxon:9823	EFO:0030080
Pig9_ATCACTTGTGGAATGC.1	Pig9_ATCACTTGTGGAATGC-1	Pig9	Corneal endothelium	Corneal endothelium	CL:0000132	pig	NCBITaxon:9823	NCBITaxon:9823	EFO:0030080
Pig9_ATCAGGTAGCACTTTG.1	Pig9_ATCAGGTAGCACTTTG-1	Pig9	Pericyte	Pericyte	CL:0000669	pig	NCBITaxon:9823	NCBITaxon:9823	EFO:0030080
Pig9_ATCATTCAGCACTAGG.1	Pig9_ATCATTCAGCACTAGG-1	Pig9	Macrophage	Macrophage	CL:0000235	pig	NCBITaxon:9823	NCBITaxon:9823	EFO:0030080
Pig9_ATCATTCGTCGTGCCA.1	Pig9_ATCATTCGTCGTGCCA-1	Pig9	Macrophage	Macrophage	CL:0000235	pig	NCBITaxon:9823	NCBITaxon:9823	EFO:0030080
Pig9_ATCCACCCACTGTCGG.1	Pig9_ATCCACCCACTGTCGG-1	Pig9	Macrophage	Macrophage	CL:0000235	pig	NCBITaxon:9823	NCBITaxon:9823	EFO:0030080
Pig9_ATCCACCTCAAGAGGC.1	Pig9_ATCCACCTCAAGAGGC-1	Pig9	Macrophage	Macrophage	CL:0000235	pig	NCBITaxon:9823	NCBITaxon:9823	EFO:0030080
Pig9_ATCCACCTCACTAGCA.1	Pig9_ATCCACCTCACTAGCA-1	Pig9	Macrophage	Macrophage	CL:0000235	pig	NCBITaxon:9823	NCBITaxon:9823	EFO:0030080
Pig9_ATCCATTAGCCAAGTG.1	Pig9_ATCCATTAGCCAAGTG-1	Pig9	Beam A	Beam A	CL:0000327	pig	NCBITaxon:9823	NCBITaxon:9823	EFO:0030080
Pig9_ATCCATTCACGCTGTG.1	Pig9_ATCCATTCACGCTGTG-1	Pig9	Fibroblast	Fibroblast	CL:0000057	pig	NCBITaxon:9823	NCBITaxon:9823	EFO:0030080
Pig9_ATCCATTTCAGCAGAG.1	Pig9_ATCCATTTCAGCAGAG-1	Pig9	Beam A	Beam A	CL:0000327	pig	NCBITaxon:9823	NCBITaxon:9823	EFO:0030080
Pig9_ATCCATTTCTAAGGAA.1	Pig9_ATCCATTTCTAAGGAA-1	Pig9	Beam A	Beam A	CL:0000327	pig	NCBITaxon:9823	NCBITaxon:9823	EFO:0030080
Pig9_ATCCCTGGTCGGATTT.1	Pig9_ATCCCTGGTCGGATTT-1	Pig9	Macrophage	Macrophage	CL:0000235	pig	NCBITaxon:9823	NCBITaxon:9823	EFO:0030080
Pig9_ATCCCTGTCGTACCTC.1	Pig9_ATCCCTGTCGTACCTC-1	Pig9	Macrophage	Macrophage	CL:0000235	pig	NCBITaxon:9823	NCBITaxon:9823	EFO:0030080
Pig9_ATCCGTCAGCAATTAG.1	Pig9_ATCCGTCAGCAATTAG-1	Pig9	Beam A	Beam A	CL:0000327	pig	NCBITaxon:9823	NCBITaxon:9823	EFO:0030080
Pig9_ATCCGTCGTACGGTTT.1	Pig9_ATCCGTCGTACGGTTT-1	Pig9	Macrophage	Macrophage	CL:0000235	pig	NCBITaxon:9823	NCBITaxon:9823	EFO:0030080
Pig9_ATCCGTCGTGTAAATG.1	Pig9_ATCCGTCGTGTAAATG-1	Pig9	Fibroblast	Fibroblast	CL:0000057	pig	NCBITaxon:9823	NCBITaxon:9823	EFO:0030080
Pig9_ATCCGTCTCCCGTTGT.1	Pig9_ATCCGTCTCCCGTTGT-1	Pig9	Beam A	Beam A	CL:0000327	pig	NCBITaxon:9823	NCBITaxon:9823	EFO:0030080
Pig9_ATCCTATCAGGTTCGC.1	Pig9_ATCCTATCAGGTTCGC-1	Pig9	Macrophage	Macrophage	CL:0000235	pig	NCBITaxon:9823	NCBITaxon:9823	EFO:0030080
Pig9_ATCCTATCATGCCATA.1	Pig9_ATCCTATCATGCCATA-1	Pig9	Beam A	Beam A	CL:0000327	pig	NCBITaxon:9823	NCBITaxon:9823	EFO:0030080
Pig9_ATCCTATCATTATGCG.1	Pig9_ATCCTATCATTATGCG-1	Pig9	Macrophage	Macrophage	CL:0000235	pig	NCBITaxon:9823	NCBITaxon:9823	EFO:0030080
Pig9_ATCCTATGTGCCCTTT.1	Pig9_ATCCTATGTGCCCTTT-1	Pig9	Beam A	Beam A	CL:0000327	pig	NCBITaxon:9823	NCBITaxon:9823	EFO:0030080
Pig9_ATCCTATGTTGATCGT.1	Pig9_ATCCTATGTTGATCGT-1	Pig9	Beam A	Beam A	CL:0000327	pig	NCBITaxon:9823	NCBITaxon:9823	EFO:0030080
Pig9_ATCCTATTCAGTGTGT.1	Pig9_ATCCTATTCAGTGTGT-1	Pig9	Macrophage	Macrophage	CL:0000235	pig	NCBITaxon:9823	NCBITaxon:9823	EFO:0030080
Pig9_ATCCTATTCCTATTGT.1	Pig9_ATCCTATTCCTATTGT-1	Pig9	Macrophage	Macrophage	CL:0000235	pig	NCBITaxon:9823	NCBITaxon:9823	EFO:0030080
Pig9_ATCGATGAGTGCACCC.1	Pig9_ATCGATGAGTGCACCC-1	Pig9	Macrophage	Macrophage	CL:0000235	pig	NCBITaxon:9823	NCBITaxon:9823	EFO:0030080
Pig9_ATCGATGGTATTTCCT.1	Pig9_ATCGATGGTATTTCCT-1	Pig9	Melanocyte	Melanocyte	CL:0000148	pig	NCBITaxon:9823	NCBITaxon:9823	EFO:0030080
Pig9_ATCGCCTAGCACTCAT.1	Pig9_ATCGCCTAGCACTCAT-1	Pig9	Beam A	Beam A	CL:0000327	pig	NCBITaxon:9823	NCBITaxon:9823	EFO:0030080
Pig9_ATCGCCTAGTAGGGTC.1	Pig9_ATCGCCTAGTAGGGTC-1	Pig9	Macrophage	Macrophage	CL:0000235	pig	NCBITaxon:9823	NCBITaxon:9823	EFO:0030080
Pig9_ATCGGATCAACACGTT.1	Pig9_ATCGGATCAACACGTT-1	Pig9	Pericyte	Pericyte	CL:0000669	pig	NCBITaxon:9823	NCBITaxon:9823	EFO:0030080
Pig9_ATCGGATCAGTGGGTA.1	Pig9_ATCGGATCAGTGGGTA-1	Pig9	Macrophage	Macrophage	CL:0000235	pig	NCBITaxon:9823	NCBITaxon:9823	EFO:0030080
Pig9_ATCGGCGAGACTACCT.1	Pig9_ATCGGCGAGACTACCT-1	Pig9	Beam A	Beam A	CL:0000327	pig	NCBITaxon:9823	NCBITaxon:9823	EFO:0030080
Pig9_ATCGTAGAGCTATCTG.1	Pig9_ATCGTAGAGCTATCTG-1	Pig9	Beam A	Beam A	CL:0000327	pig	NCBITaxon:9823	NCBITaxon:9823	EFO:0030080
Pig9_ATCGTAGCATCGCTCT.1	Pig9_ATCGTAGCATCGCTCT-1	Pig9	Beam A	Beam A	CL:0000327	pig	NCBITaxon:9823	NCBITaxon:9823	EFO:0030080
Pig9_ATCGTAGCATCGGTTA.1	Pig9_ATCGTAGCATCGGTTA-1	Pig9	Macrophage	Macrophage	CL:0000235	pig	NCBITaxon:9823	NCBITaxon:9823	EFO:0030080
Pig9_ATCGTAGGTATCAAGA.1	Pig9_ATCGTAGGTATCAAGA-1	Pig9	Beam A	Beam A	CL:0000327	pig	NCBITaxon:9823	NCBITaxon:9823	EFO:0030080
Pig9_ATCGTCCAGAGCATAT.1	Pig9_ATCGTCCAGAGCATAT-1	Pig9	Beam A	Beam A	CL:0000327	pig	NCBITaxon:9823	NCBITaxon:9823	EFO:0030080
Pig9_ATCGTGACAACTCATG.1	Pig9_ATCGTGACAACTCATG-1	Pig9	Beam A	Beam A	CL:0000327	pig	NCBITaxon:9823	NCBITaxon:9823	EFO:0030080
Pig9_ATCGTGACATGAAAGT.1	Pig9_ATCGTGACATGAAAGT-1	Pig9	Beam A	Beam A	CL:0000327	pig	NCBITaxon:9823	NCBITaxon:9823	EFO:0030080
Pig9_ATCGTGATCGCGTGCA.1	Pig9_ATCGTGATCGCGTGCA-1	Pig9	Melanocyte	Melanocyte	CL:0000148	pig	NCBITaxon:9823	NCBITaxon:9823	EFO:0030080
Pig9_ATCTCTACAACTACGT.1	Pig9_ATCTCTACAACTACGT-1	Pig9	Fibroblast	Fibroblast	CL:0000057	pig	NCBITaxon:9823	NCBITaxon:9823	EFO:0030080
Pig9_ATCTCTACATTCACAG.1	Pig9_ATCTCTACATTCACAG-1	Pig9	Beam A	Beam A	CL:0000327	pig	NCBITaxon:9823	NCBITaxon:9823	EFO:0030080
Pig9_ATCTCTAGTACAGTAA.1	Pig9_ATCTCTAGTACAGTAA-1	Pig9	Beam A	Beam A	CL:0000327	pig	NCBITaxon:9823	NCBITaxon:9823	EFO:0030080
Pig9_ATCTCTAGTCGTCGGT.1	Pig9_ATCTCTAGTCGTCGGT-1	Pig9	Beam A	Beam A	CL:0000327	pig	NCBITaxon:9823	NCBITaxon:9823	EFO:0030080
Pig9_ATCTCTAGTTCGTAAC.1	Pig9_ATCTCTAGTTCGTAAC-1	Pig9	Ciliary muscle	Ciliary muscle	CL:1000443	pig	NCBITaxon:9823	NCBITaxon:9823	EFO:0030080
Pig9_ATCTCTATCGTGGGAA.1	Pig9_ATCTCTATCGTGGGAA-1	Pig9	Beam A	Beam A	CL:0000327	pig	NCBITaxon:9823	NCBITaxon:9823	EFO:0030080
Pig9_ATCTTCAAGTAGCAAT.1	Pig9_ATCTTCAAGTAGCAAT-1	Pig9	Beam A	Beam A	CL:0000327	pig	NCBITaxon:9823	NCBITaxon:9823	EFO:0030080
Pig9_ATCTTCAAGTTGCGCC.1	Pig9_ATCTTCAAGTTGCGCC-1	Pig9	Macrophage	Macrophage	CL:0000235	pig	NCBITaxon:9823	NCBITaxon:9823	EFO:0030080
Pig9_ATGAAAGAGGATGAGA.1	Pig9_ATGAAAGAGGATGAGA-1	Pig9	Corneal endothelium	Corneal endothelium	CL:0000132	pig	NCBITaxon:9823	NCBITaxon:9823	EFO:0030080
Pig9_ATGAAAGCAAAGGTTA.1	Pig9_ATGAAAGCAAAGGTTA-1	Pig9	Beam A	Beam A	CL:0000327	pig	NCBITaxon:9823	NCBITaxon:9823	EFO:0030080
Pig9_ATGAAAGCAGATTTCG.1	Pig9_ATGAAAGCAGATTTCG-1	Pig9	Beam A	Beam A	CL:0000327	pig	NCBITaxon:9823	NCBITaxon:9823	EFO:0030080
Pig9_ATGAAAGTCTTACCGC.1	Pig9_ATGAAAGTCTTACCGC-1	Pig9	Fibroblast	Fibroblast	CL:0000057	pig	NCBITaxon:9823	NCBITaxon:9823	EFO:0030080
Pig9_ATGACCAAGCTTTGTG.1	Pig9_ATGACCAAGCTTTGTG-1	Pig9	Beam A	Beam A	CL:0000327	pig	NCBITaxon:9823	NCBITaxon:9823	EFO:0030080
Pig9_ATGAGGGAGAGAGCAA.1	Pig9_ATGAGGGAGAGAGCAA-1	Pig9	Fibroblast	Fibroblast	CL:0000057	pig	NCBITaxon:9823	NCBITaxon:9823	EFO:0030080
Pig9_ATGAGGGCAAGTGGTG.1	Pig9_ATGAGGGCAAGTGGTG-1	Pig9	Macrophage	Macrophage	CL:0000235	pig	NCBITaxon:9823	NCBITaxon:9823	EFO:0030080
Pig9_ATGAGTCAGATAGCAT.1	Pig9_ATGAGTCAGATAGCAT-1	Pig9	Beam A	Beam A	CL:0000327	pig	NCBITaxon:9823	NCBITaxon:9823	EFO:0030080
Pig9_ATGAGTCCATCAGTGT.1	Pig9_ATGAGTCCATCAGTGT-1	Pig9	Fibroblast	Fibroblast	CL:0000057	pig	NCBITaxon:9823	NCBITaxon:9823	EFO:0030080
Pig9_ATGAGTCCATCATCTT.1	Pig9_ATGAGTCCATCATCTT-1	Pig9	Beam A	Beam A	CL:0000327	pig	NCBITaxon:9823	NCBITaxon:9823	EFO:0030080
Pig9_ATGAGTCGTCCAGCAC.1	Pig9_ATGAGTCGTCCAGCAC-1	Pig9	Beam A	Beam A	CL:0000327	pig	NCBITaxon:9823	NCBITaxon:9823	EFO:0030080
Pig9_ATGAGTCGTCGCGGTT.1	Pig9_ATGAGTCGTCGCGGTT-1	Pig9	Beam A	Beam A	CL:0000327	pig	NCBITaxon:9823	NCBITaxon:9823	EFO:0030080
Pig9_ATGAGTCGTGCTGCAC.1	Pig9_ATGAGTCGTGCTGCAC-1	Pig9	Macrophage	Macrophage	CL:0000235	pig	NCBITaxon:9823	NCBITaxon:9823	EFO:0030080
Pig9_ATGAGTCGTGTGGTCC.1	Pig9_ATGAGTCGTGTGGTCC-1	Pig9	Macrophage	Macrophage	CL:0000235	pig	NCBITaxon:9823	NCBITaxon:9823	EFO:0030080
Pig9_ATGAGTCTCGAAGAAT.1	Pig9_ATGAGTCTCGAAGAAT-1	Pig9	Fibroblast	Fibroblast	CL:0000057	pig	NCBITaxon:9823	NCBITaxon:9823	EFO:0030080
Pig9_ATGATCGAGTAGTCTC.1	Pig9_ATGATCGAGTAGTCTC-1	Pig9	Macrophage	Macrophage	CL:0000235	pig	NCBITaxon:9823	NCBITaxon:9823	EFO:0030080
Pig9_ATGATCGCAAGATTGA.1	Pig9_ATGATCGCAAGATTGA-1	Pig9	Macrophage	Macrophage	CL:0000235	pig	NCBITaxon:9823	NCBITaxon:9823	EFO:0030080
Pig9_ATGATCGTCACTTATC.1	Pig9_ATGATCGTCACTTATC-1	Pig9	Fibroblast	Fibroblast	CL:0000057	pig	NCBITaxon:9823	NCBITaxon:9823	EFO:0030080
Pig9_ATGCATGAGGACAGCT.1	Pig9_ATGCATGAGGACAGCT-1	Pig9	Beam A	Beam A	CL:0000327	pig	NCBITaxon:9823	NCBITaxon:9823	EFO:0030080
Pig9_ATGCATGCACACCGAC.1	Pig9_ATGCATGCACACCGAC-1	Pig9	Macrophage	Macrophage	CL:0000235	pig	NCBITaxon:9823	NCBITaxon:9823	EFO:0030080
Pig9_ATGCATGGTGACTGTT.1	Pig9_ATGCATGGTGACTGTT-1	Pig9	Beam A	Beam A	CL:0000327	pig	NCBITaxon:9823	NCBITaxon:9823	EFO:0030080
Pig9_ATGCATGTCAACTGAC.1	Pig9_ATGCATGTCAACTGAC-1	Pig9	Melanocyte	Melanocyte	CL:0000148	pig	NCBITaxon:9823	NCBITaxon:9823	EFO:0030080
Pig9_ATGCATGTCACCCTTG.1	Pig9_ATGCATGTCACCCTTG-1	Pig9	Beam A	Beam A	CL:0000327	pig	NCBITaxon:9823	NCBITaxon:9823	EFO:0030080
Pig9_ATGCCTCCACCGGTCA.1	Pig9_ATGCCTCCACCGGTCA-1	Pig9	Fibroblast	Fibroblast	CL:0000057	pig	NCBITaxon:9823	NCBITaxon:9823	EFO:0030080
Pig9_ATGCCTCCATGCGTGC.1	Pig9_ATGCCTCCATGCGTGC-1	Pig9	Beam A	Beam A	CL:0000327	pig	NCBITaxon:9823	NCBITaxon:9823	EFO:0030080
Pig9_ATGCCTCGTCCACTTC.1	Pig9_ATGCCTCGTCCACTTC-1	Pig9	Macrophage	Macrophage	CL:0000235	pig	NCBITaxon:9823	NCBITaxon:9823	EFO:0030080
Pig9_ATGCCTCGTGTGCTTA.1	Pig9_ATGCCTCGTGTGCTTA-1	Pig9	Beam A	Beam A	CL:0000327	pig	NCBITaxon:9823	NCBITaxon:9823	EFO:0030080
Pig9_ATGCGATCATTGAAAG.1	Pig9_ATGCGATCATTGAAAG-1	Pig9	Beam A	Beam A	CL:0000327	pig	NCBITaxon:9823	NCBITaxon:9823	EFO:0030080
Pig9_ATGGAGGAGAGAGTGA.1	Pig9_ATGGAGGAGAGAGTGA-1	Pig9	Beam A	Beam A	CL:0000327	pig	NCBITaxon:9823	NCBITaxon:9823	EFO:0030080
Pig9_ATGGAGGCAGTTAGGG.1	Pig9_ATGGAGGCAGTTAGGG-1	Pig9	Beam A	Beam A	CL:0000327	pig	NCBITaxon:9823	NCBITaxon:9823	EFO:0030080
Pig9_ATGGAGGTCATAGACC.1	Pig9_ATGGAGGTCATAGACC-1	Pig9	Fibroblast	Fibroblast	CL:0000057	pig	NCBITaxon:9823	NCBITaxon:9823	EFO:0030080
Pig9_ATGGATCAGAACTCCT.1	Pig9_ATGGATCAGAACTCCT-1	Pig9	Fibroblast	Fibroblast	CL:0000057	pig	NCBITaxon:9823	NCBITaxon:9823	EFO:0030080
Pig9_ATGGATCAGGGATCAC.1	Pig9_ATGGATCAGGGATCAC-1	Pig9	Fibroblast	Fibroblast	CL:0000057	pig	NCBITaxon:9823	NCBITaxon:9823	EFO:0030080
Pig9_ATGGATCCAGCCCAGT.1	Pig9_ATGGATCCAGCCCAGT-1	Pig9	Beam A	Beam A	CL:0000327	pig	NCBITaxon:9823	NCBITaxon:9823	EFO:0030080
Pig9_ATGGATCGTCACAGAG.1	Pig9_ATGGATCGTCACAGAG-1	Pig9	SChlemm's Canal	SChlemm's Canal	CL:0000115	pig	NCBITaxon:9823	NCBITaxon:9823	EFO:0030080
Pig9_ATGGATCGTCACTCGG.1	Pig9_ATGGATCGTCACTCGG-1	Pig9	Macrophage	Macrophage	CL:0000235	pig	NCBITaxon:9823	NCBITaxon:9823	EFO:0030080
Pig9_ATGGGAGAGGGTATAT.1	Pig9_ATGGGAGAGGGTATAT-1	Pig9	Beam A	Beam A	CL:0000327	pig	NCBITaxon:9823	NCBITaxon:9823	EFO:0030080
Pig9_ATGGGAGTCTACAGGT.1	Pig9_ATGGGAGTCTACAGGT-1	Pig9	NK/T cell	NK/T cell	CL:0000814	pig	NCBITaxon:9823	NCBITaxon:9823	EFO:0030080
Pig9_ATGGGTTCACATTACG.1	Pig9_ATGGGTTCACATTACG-1	Pig9	Macrophage	Macrophage	CL:0000235	pig	NCBITaxon:9823	NCBITaxon:9823	EFO:0030080
Pig9_ATGGGTTCACTGCATA.1	Pig9_ATGGGTTCACTGCATA-1	Pig9	Beam A	Beam A	CL:0000327	pig	NCBITaxon:9823	NCBITaxon:9823	EFO:0030080
Pig9_ATGGGTTTCGAAGTGG.1	Pig9_ATGGGTTTCGAAGTGG-1	Pig9	Beam A	Beam A	CL:0000327	pig	NCBITaxon:9823	NCBITaxon:9823	EFO:0030080
Pig9_ATGGGTTTCTAGGCCG.1	Pig9_ATGGGTTTCTAGGCCG-1	Pig9	Beam A	Beam A	CL:0000327	pig	NCBITaxon:9823	NCBITaxon:9823	EFO:0030080
Pig9_ATGGTTGCAACGACTT.1	Pig9_ATGGTTGCAACGACTT-1	Pig9	Pericyte	Pericyte	CL:0000669	pig	NCBITaxon:9823	NCBITaxon:9823	EFO:0030080
Pig9_ATGGTTGCACAATCTG.1	Pig9_ATGGTTGCACAATCTG-1	Pig9	Fibroblast	Fibroblast	CL:0000057	pig	NCBITaxon:9823	NCBITaxon:9823	EFO:0030080
Pig9_ATGGTTGGTTTCGGCG.1	Pig9_ATGGTTGGTTTCGGCG-1	Pig9	Beam A	Beam A	CL:0000327	pig	NCBITaxon:9823	NCBITaxon:9823	EFO:0030080
Pig9_ATGTCCCCATCGGATT.1	Pig9_ATGTCCCCATCGGATT-1	Pig9	Beam A	Beam A	CL:0000327	pig	NCBITaxon:9823	NCBITaxon:9823	EFO:0030080
Pig9_ATGTCCCGTTATCTGG.1	Pig9_ATGTCCCGTTATCTGG-1	Pig9	Macrophage	Macrophage	CL:0000235	pig	NCBITaxon:9823	NCBITaxon:9823	EFO:0030080
Pig9_ATGTCCCTCATCTATC.1	Pig9_ATGTCCCTCATCTATC-1	Pig9	Macrophage	Macrophage	CL:0000235	pig	NCBITaxon:9823	NCBITaxon:9823	EFO:0030080
Pig9_ATGTCCCTCCCATACC.1	Pig9_ATGTCCCTCCCATACC-1	Pig9	Beam A	Beam A	CL:0000327	pig	NCBITaxon:9823	NCBITaxon:9823	EFO:0030080
Pig9_ATGTCCCTCCGAGTGC.1	Pig9_ATGTCCCTCCGAGTGC-1	Pig9	Beam A	Beam A	CL:0000327	pig	NCBITaxon:9823	NCBITaxon:9823	EFO:0030080
Pig9_ATGTCTTTCTAATTCC.1	Pig9_ATGTCTTTCTAATTCC-1	Pig9	Beam A	Beam A	CL:0000327	pig	NCBITaxon:9823	NCBITaxon:9823	EFO:0030080
Pig9_ATTACCTGTTTGGCTA.1	Pig9_ATTACCTGTTTGGCTA-1	Pig9	Beam A	Beam A	CL:0000327	pig	NCBITaxon:9823	NCBITaxon:9823	EFO:0030080
Pig9_ATTACTCCAACTCCAA.1	Pig9_ATTACTCCAACTCCAA-1	Pig9	Beam A	Beam A	CL:0000327	pig	NCBITaxon:9823	NCBITaxon:9823	EFO:0030080
Pig9_ATTACTCGTAATGCTC.1	Pig9_ATTACTCGTAATGCTC-1	Pig9	SChlemm's Canal	SChlemm's Canal	CL:0000115	pig	NCBITaxon:9823	NCBITaxon:9823	EFO:0030080
Pig9_ATTATCCAGAGCAGCT.1	Pig9_ATTATCCAGAGCAGCT-1	Pig9	Beam A	Beam A	CL:0000327	pig	NCBITaxon:9823	NCBITaxon:9823	EFO:0030080
Pig9_ATTATCCGTGAATATG.1	Pig9_ATTATCCGTGAATATG-1	Pig9	Macrophage	Macrophage	CL:0000235	pig	NCBITaxon:9823	NCBITaxon:9823	EFO:0030080
Pig9_ATTATCCTCATCGCCT.1	Pig9_ATTATCCTCATCGCCT-1	Pig9	Beam A	Beam A	CL:0000327	pig	NCBITaxon:9823	NCBITaxon:9823	EFO:0030080
Pig9_ATTATCCTCGGTCGGT.1	Pig9_ATTATCCTCGGTCGGT-1	Pig9	Beam A	Beam A	CL:0000327	pig	NCBITaxon:9823	NCBITaxon:9823	EFO:0030080
Pig9_ATTCACTAGGAGGGTG.1	Pig9_ATTCACTAGGAGGGTG-1	Pig9	Beam A	Beam A	CL:0000327	pig	NCBITaxon:9823	NCBITaxon:9823	EFO:0030080
Pig9_ATTCACTGTCTACACA.1	Pig9_ATTCACTGTCTACACA-1	Pig9	Beam A	Beam A	CL:0000327	pig	NCBITaxon:9823	NCBITaxon:9823	EFO:0030080
Pig9_ATTCAGGTCGTTCATT.1	Pig9_ATTCAGGTCGTTCATT-1	Pig9	Beam A	Beam A	CL:0000327	pig	NCBITaxon:9823	NCBITaxon:9823	EFO:0030080
Pig9_ATTCATCAGGCTGGAT.1	Pig9_ATTCATCAGGCTGGAT-1	Pig9	Beam A	Beam A	CL:0000327	pig	NCBITaxon:9823	NCBITaxon:9823	EFO:0030080
Pig9_ATTCATCGTGACGCCT.1	Pig9_ATTCATCGTGACGCCT-1	Pig9	SChlemm's Canal	SChlemm's Canal	CL:0000115	pig	NCBITaxon:9823	NCBITaxon:9823	EFO:0030080
Pig9_ATTCATCTCTCAACCC.1	Pig9_ATTCATCTCTCAACCC-1	Pig9	Beam A	Beam A	CL:0000327	pig	NCBITaxon:9823	NCBITaxon:9823	EFO:0030080
Pig9_ATTCCATAGTCCCAAT.1	Pig9_ATTCCATAGTCCCAAT-1	Pig9	Macrophage	Macrophage	CL:0000235	pig	NCBITaxon:9823	NCBITaxon:9823	EFO:0030080
Pig9_ATTCCATGTCAGGCAA.1	Pig9_ATTCCATGTCAGGCAA-1	Pig9	Beam A	Beam A	CL:0000327	pig	NCBITaxon:9823	NCBITaxon:9823	EFO:0030080
Pig9_ATTCCCGCAGACCCGT.1	Pig9_ATTCCCGCAGACCCGT-1	Pig9	NK/T cell	NK/T cell	CL:0000814	pig	NCBITaxon:9823	NCBITaxon:9823	EFO:0030080
Pig9_ATTCCTAAGTCACTGT.1	Pig9_ATTCCTAAGTCACTGT-1	Pig9	Beam A	Beam A	CL:0000327	pig	NCBITaxon:9823	NCBITaxon:9823	EFO:0030080
Pig9_ATTCGTTGTTCGTAAC.1	Pig9_ATTCGTTGTTCGTAAC-1	Pig9	Beam A	Beam A	CL:0000327	pig	NCBITaxon:9823	NCBITaxon:9823	EFO:0030080
Pig9_ATTCGTTTCATCGCAA.1	Pig9_ATTCGTTTCATCGCAA-1	Pig9	Beam A	Beam A	CL:0000327	pig	NCBITaxon:9823	NCBITaxon:9823	EFO:0030080
Pig9_ATTCTACTCATAGACC.1	Pig9_ATTCTACTCATAGACC-1	Pig9	Macrophage	Macrophage	CL:0000235	pig	NCBITaxon:9823	NCBITaxon:9823	EFO:0030080
Pig9_ATTCTTGAGAAGCTCG.1	Pig9_ATTCTTGAGAAGCTCG-1	Pig9	Beam A	Beam A	CL:0000327	pig	NCBITaxon:9823	NCBITaxon:9823	EFO:0030080
Pig9_ATTCTTGAGTGAACAT.1	Pig9_ATTCTTGAGTGAACAT-1	Pig9	Beam A	Beam A	CL:0000327	pig	NCBITaxon:9823	NCBITaxon:9823	EFO:0030080
Pig9_ATTCTTGCAGCACAAG.1	Pig9_ATTCTTGCAGCACAAG-1	Pig9	SChlemm's Canal	SChlemm's Canal	CL:0000115	pig	NCBITaxon:9823	NCBITaxon:9823	EFO:0030080
Pig9_ATTCTTGCAGCGAGTA.1	Pig9_ATTCTTGCAGCGAGTA-1	Pig9	Beam A	Beam A	CL:0000327	pig	NCBITaxon:9823	NCBITaxon:9823	EFO:0030080
Pig9_ATTCTTGGTGGACCAA.1	Pig9_ATTCTTGGTGGACCAA-1	Pig9	Fibroblast	Fibroblast	CL:0000057	pig	NCBITaxon:9823	NCBITaxon:9823	EFO:0030080
Pig9_ATTCTTGGTTACCTGA.1	Pig9_ATTCTTGGTTACCTGA-1	Pig9	Ciliary muscle	Ciliary muscle	CL:1000443	pig	NCBITaxon:9823	NCBITaxon:9823	EFO:0030080
Pig9_ATTCTTGTCTTGGCTC.1	Pig9_ATTCTTGTCTTGGCTC-1	Pig9	Macrophage	Macrophage	CL:0000235	pig	NCBITaxon:9823	NCBITaxon:9823	EFO:0030080
Pig9_ATTGGGTAGGAACGAA.1	Pig9_ATTGGGTAGGAACGAA-1	Pig9	Beam A	Beam A	CL:0000327	pig	NCBITaxon:9823	NCBITaxon:9823	EFO:0030080
Pig9_ATTGGGTAGTCGAATA.1	Pig9_ATTGGGTAGTCGAATA-1	Pig9	Macrophage	Macrophage	CL:0000235	pig	NCBITaxon:9823	NCBITaxon:9823	EFO:0030080
Pig9_ATTGGGTCATAACGGG.1	Pig9_ATTGGGTCATAACGGG-1	Pig9	Beam A	Beam A	CL:0000327	pig	NCBITaxon:9823	NCBITaxon:9823	EFO:0030080
Pig9_ATTGGGTGTCTCGCGA.1	Pig9_ATTGGGTGTCTCGCGA-1	Pig9	Macrophage	Macrophage	CL:0000235	pig	NCBITaxon:9823	NCBITaxon:9823	EFO:0030080
Pig9_ATTGTTCGTTTAAGGA.1	Pig9_ATTGTTCGTTTAAGGA-1	Pig9	Beam A	Beam A	CL:0000327	pig	NCBITaxon:9823	NCBITaxon:9823	EFO:0030080
Pig9_ATTGTTCTCCGGTAGC.1	Pig9_ATTGTTCTCCGGTAGC-1	Pig9	Macrophage	Macrophage	CL:0000235	pig	NCBITaxon:9823	NCBITaxon:9823	EFO:0030080
Pig9_ATTTACCCATTACGGT.1	Pig9_ATTTACCCATTACGGT-1	Pig9	Beam A	Beam A	CL:0000327	pig	NCBITaxon:9823	NCBITaxon:9823	EFO:0030080
Pig9_ATTTACCGTTCCTTGC.1	Pig9_ATTTACCGTTCCTTGC-1	Pig9	Beam A	Beam A	CL:0000327	pig	NCBITaxon:9823	NCBITaxon:9823	EFO:0030080
Pig9_ATTTACCTCTCGTTTA.1	Pig9_ATTTACCTCTCGTTTA-1	Pig9	Beam A	Beam A	CL:0000327	pig	NCBITaxon:9823	NCBITaxon:9823	EFO:0030080
Pig9_ATTTCACCATCCGAAT.1	Pig9_ATTTCACCATCCGAAT-1	Pig9	Beam A	Beam A	CL:0000327	pig	NCBITaxon:9823	NCBITaxon:9823	EFO:0030080
Pig9_ATTTCACGTAACGTTC.1	Pig9_ATTTCACGTAACGTTC-1	Pig9	Beam A	Beam A	CL:0000327	pig	NCBITaxon:9823	NCBITaxon:9823	EFO:0030080
Pig9_ATTTCTGAGACTCTAC.1	Pig9_ATTTCTGAGACTCTAC-1	Pig9	SChlemm's Canal	SChlemm's Canal	CL:0000115	pig	NCBITaxon:9823	NCBITaxon:9823	EFO:0030080
Pig9_ATTTCTGGTATGTCCA.1	Pig9_ATTTCTGGTATGTCCA-1	Pig9	Beam A	Beam A	CL:0000327	pig	NCBITaxon:9823	NCBITaxon:9823	EFO:0030080
Pig9_ATTTCTGGTGGTCTCG.1	Pig9_ATTTCTGGTGGTCTCG-1	Pig9	Macrophage	Macrophage	CL:0000235	pig	NCBITaxon:9823	NCBITaxon:9823	EFO:0030080
Pig9_CAAAGAAAGCGTATAA.1	Pig9_CAAAGAAAGCGTATAA-1	Pig9	Beam A	Beam A	CL:0000327	pig	NCBITaxon:9823	NCBITaxon:9823	EFO:0030080
Pig9_CAACAACAGAATCTAG.1	Pig9_CAACAACAGAATCTAG-1	Pig9	Beam A	Beam A	CL:0000327	pig	NCBITaxon:9823	NCBITaxon:9823	EFO:0030080
Pig9_CAACAACAGCAGGGAG.1	Pig9_CAACAACAGCAGGGAG-1	Pig9	Fibroblast	Fibroblast	CL:0000057	pig	NCBITaxon:9823	NCBITaxon:9823	EFO:0030080
Pig9_CAACAACCATTCACAG.1	Pig9_CAACAACCATTCACAG-1	Pig9	Pericyte	Pericyte	CL:0000669	pig	NCBITaxon:9823	NCBITaxon:9823	EFO:0030080
Pig9_CAACAACTCCTCATAT.1	Pig9_CAACAACTCCTCATAT-1	Pig9	Macrophage	Macrophage	CL:0000235	pig	NCBITaxon:9823	NCBITaxon:9823	EFO:0030080
Pig9_CAACAGTAGCTGGTGA.1	Pig9_CAACAGTAGCTGGTGA-1	Pig9	Beam A	Beam A	CL:0000327	pig	NCBITaxon:9823	NCBITaxon:9823	EFO:0030080
Pig9_CAACCAACAAACGGCA.1	Pig9_CAACCAACAAACGGCA-1	Pig9	Beam A	Beam A	CL:0000327	pig	NCBITaxon:9823	NCBITaxon:9823	EFO:0030080
Pig9_CAACCTCAGGCGCTTC.1	Pig9_CAACCTCAGGCGCTTC-1	Pig9	Beam A	Beam A	CL:0000327	pig	NCBITaxon:9823	NCBITaxon:9823	EFO:0030080
Pig9_CAACCTCCATGTGCTA.1	Pig9_CAACCTCCATGTGCTA-1	Pig9	Macrophage	Macrophage	CL:0000235	pig	NCBITaxon:9823	NCBITaxon:9823	EFO:0030080
Pig9_CAACCTCTCTTGGTCC.1	Pig9_CAACCTCTCTTGGTCC-1	Pig9	Beam A	Beam A	CL:0000327	pig	NCBITaxon:9823	NCBITaxon:9823	EFO:0030080
Pig9_CAACGATAGCAACAAT.1	Pig9_CAACGATAGCAACAAT-1	Pig9	Macrophage	Macrophage	CL:0000235	pig	NCBITaxon:9823	NCBITaxon:9823	EFO:0030080
Pig9_CAACGATGTATGATCC.1	Pig9_CAACGATGTATGATCC-1	Pig9	NK/T cell	NK/T cell	CL:0000814	pig	NCBITaxon:9823	NCBITaxon:9823	EFO:0030080
Pig9_CAACGATTCGACATCA.1	Pig9_CAACGATTCGACATCA-1	Pig9	Beam A	Beam A	CL:0000327	pig	NCBITaxon:9823	NCBITaxon:9823	EFO:0030080
Pig9_CAAGACTAGCTTCATG.1	Pig9_CAAGACTAGCTTCATG-1	Pig9	Beam A	Beam A	CL:0000327	pig	NCBITaxon:9823	NCBITaxon:9823	EFO:0030080
Pig9_CAAGACTCAGTGTGCC.1	Pig9_CAAGACTCAGTGTGCC-1	Pig9	Fibroblast	Fibroblast	CL:0000057	pig	NCBITaxon:9823	NCBITaxon:9823	EFO:0030080
Pig9_CAAGACTGTCACGACC.1	Pig9_CAAGACTGTCACGACC-1	Pig9	Beam A	Beam A	CL:0000327	pig	NCBITaxon:9823	NCBITaxon:9823	EFO:0030080
Pig9_CAAGACTGTTCAAGTC.1	Pig9_CAAGACTGTTCAAGTC-1	Pig9	Beam A	Beam A	CL:0000327	pig	NCBITaxon:9823	NCBITaxon:9823	EFO:0030080
Pig9_CAAGACTGTTGGAGGT.1	Pig9_CAAGACTGTTGGAGGT-1	Pig9	Macrophage	Macrophage	CL:0000235	pig	NCBITaxon:9823	NCBITaxon:9823	EFO:0030080
Pig9_CAAGACTTCCTCTCGA.1	Pig9_CAAGACTTCCTCTCGA-1	Pig9	Beam A	Beam A	CL:0000327	pig	NCBITaxon:9823	NCBITaxon:9823	EFO:0030080
Pig9_CAAGAGGTCGAGAAGC.1	Pig9_CAAGAGGTCGAGAAGC-1	Pig9	Beam A	Beam A	CL:0000327	pig	NCBITaxon:9823	NCBITaxon:9823	EFO:0030080
Pig9_CAAGCTAAGCGACCCT.1	Pig9_CAAGCTAAGCGACCCT-1	Pig9	Beam A	Beam A	CL:0000327	pig	NCBITaxon:9823	NCBITaxon:9823	EFO:0030080
Pig9_CAAGCTAGTAGAGATT.1	Pig9_CAAGCTAGTAGAGATT-1	Pig9	Beam A	Beam A	CL:0000327	pig	NCBITaxon:9823	NCBITaxon:9823	EFO:0030080
Pig9_CAAGCTAGTCGGCCTA.1	Pig9_CAAGCTAGTCGGCCTA-1	Pig9	Beam A	Beam A	CL:0000327	pig	NCBITaxon:9823	NCBITaxon:9823	EFO:0030080
Pig9_CAAGCTATCACCCTTG.1	Pig9_CAAGCTATCACCCTTG-1	Pig9	Beam A	Beam A	CL:0000327	pig	NCBITaxon:9823	NCBITaxon:9823	EFO:0030080
Pig9_CAAGCTATCATTTGGG.1	Pig9_CAAGCTATCATTTGGG-1	Pig9	Beam A	Beam A	CL:0000327	pig	NCBITaxon:9823	NCBITaxon:9823	EFO:0030080
Pig9_CAAGGGAAGTGCCTCG.1	Pig9_CAAGGGAAGTGCCTCG-1	Pig9	Beam A	Beam A	CL:0000327	pig	NCBITaxon:9823	NCBITaxon:9823	EFO:0030080
Pig9_CAAGGGAGTAAGCAAT.1	Pig9_CAAGGGAGTAAGCAAT-1	Pig9	Beam A	Beam A	CL:0000327	pig	NCBITaxon:9823	NCBITaxon:9823	EFO:0030080
Pig9_CAAGGGAGTGTTACAC.1	Pig9_CAAGGGAGTGTTACAC-1	Pig9	Fibroblast	Fibroblast	CL:0000057	pig	NCBITaxon:9823	NCBITaxon:9823	EFO:0030080
Pig9_CAATGACAGTATTGCC.1	Pig9_CAATGACAGTATTGCC-1	Pig9	Beam A	Beam A	CL:0000327	pig	NCBITaxon:9823	NCBITaxon:9823	EFO:0030080
Pig9_CAATGACCAAGTATAG.1	Pig9_CAATGACCAAGTATAG-1	Pig9	Pericyte	Pericyte	CL:0000669	pig	NCBITaxon:9823	NCBITaxon:9823	EFO:0030080
Pig9_CAATGACGTCGTCATA.1	Pig9_CAATGACGTCGTCATA-1	Pig9	Beam A	Beam A	CL:0000327	pig	NCBITaxon:9823	NCBITaxon:9823	EFO:0030080
Pig9_CAATGACTCCGGCAGT.1	Pig9_CAATGACTCCGGCAGT-1	Pig9	Macrophage	Macrophage	CL:0000235	pig	NCBITaxon:9823	NCBITaxon:9823	EFO:0030080
Pig9_CAATTTCGTCGCAGTC.1	Pig9_CAATTTCGTCGCAGTC-1	Pig9	Macrophage	Macrophage	CL:0000235	pig	NCBITaxon:9823	NCBITaxon:9823	EFO:0030080
Pig9_CACAACACACGTGAGA.1	Pig9_CACAACACACGTGAGA-1	Pig9	Beam A	Beam A	CL:0000327	pig	NCBITaxon:9823	NCBITaxon:9823	EFO:0030080
Pig9_CACAACATCATGCCAA.1	Pig9_CACAACATCATGCCAA-1	Pig9	Macrophage	Macrophage	CL:0000235	pig	NCBITaxon:9823	NCBITaxon:9823	EFO:0030080
Pig9_CACACAAAGGGAACAA.1	Pig9_CACACAAAGGGAACAA-1	Pig9	Corneal endothelium	Corneal endothelium	CL:0000132	pig	NCBITaxon:9823	NCBITaxon:9823	EFO:0030080
Pig9_CACACAACATCGTGGC.1	Pig9_CACACAACATCGTGGC-1	Pig9	Melanocyte	Melanocyte	CL:0000148	pig	NCBITaxon:9823	NCBITaxon:9823	EFO:0030080
Pig9_CACACAAGTCGAACGA.1	Pig9_CACACAAGTCGAACGA-1	Pig9	Beam A	Beam A	CL:0000327	pig	NCBITaxon:9823	NCBITaxon:9823	EFO:0030080
Pig9_CACACAAGTGCATCTA.1	Pig9_CACACAAGTGCATCTA-1	Pig9	Corneal endothelium	Corneal endothelium	CL:0000132	pig	NCBITaxon:9823	NCBITaxon:9823	EFO:0030080
Pig9_CACAGATAGGCGCTTC.1	Pig9_CACAGATAGGCGCTTC-1	Pig9	Macrophage	Macrophage	CL:0000235	pig	NCBITaxon:9823	NCBITaxon:9823	EFO:0030080
Pig9_CACAGATCAAGTTCGT.1	Pig9_CACAGATCAAGTTCGT-1	Pig9	Beam A	Beam A	CL:0000327	pig	NCBITaxon:9823	NCBITaxon:9823	EFO:0030080
Pig9_CACAGATGTTCTCCTG.1	Pig9_CACAGATGTTCTCCTG-1	Pig9	Beam A	Beam A	CL:0000327	pig	NCBITaxon:9823	NCBITaxon:9823	EFO:0030080
Pig9_CACAGGCAGATAGTCA.1	Pig9_CACAGGCAGATAGTCA-1	Pig9	Macrophage	Macrophage	CL:0000235	pig	NCBITaxon:9823	NCBITaxon:9823	EFO:0030080
Pig9_CACAGGCCAGAGGTAC.1	Pig9_CACAGGCCAGAGGTAC-1	Pig9	Beam A	Beam A	CL:0000327	pig	NCBITaxon:9823	NCBITaxon:9823	EFO:0030080
Pig9_CACAGGCGTTAGTTCG.1	Pig9_CACAGGCGTTAGTTCG-1	Pig9	Macrophage	Macrophage	CL:0000235	pig	NCBITaxon:9823	NCBITaxon:9823	EFO:0030080
Pig9_CACAGGCGTTTCACTT.1	Pig9_CACAGGCGTTTCACTT-1	Pig9	Macrophage	Macrophage	CL:0000235	pig	NCBITaxon:9823	NCBITaxon:9823	EFO:0030080
Pig9_CACAGGCTCTCTGGTC.1	Pig9_CACAGGCTCTCTGGTC-1	Pig9	Fibroblast	Fibroblast	CL:0000057	pig	NCBITaxon:9823	NCBITaxon:9823	EFO:0030080
Pig9_CACATGAAGCCGGAAT.1	Pig9_CACATGAAGCCGGAAT-1	Pig9	Macrophage	Macrophage	CL:0000235	pig	NCBITaxon:9823	NCBITaxon:9823	EFO:0030080
Pig9_CACCAAACATCGATAC.1	Pig9_CACCAAACATCGATAC-1	Pig9	Beam A	Beam A	CL:0000327	pig	NCBITaxon:9823	NCBITaxon:9823	EFO:0030080
Pig9_CACCAAAGTGCGCTCA.1	Pig9_CACCAAAGTGCGCTCA-1	Pig9	Macrophage	Macrophage	CL:0000235	pig	NCBITaxon:9823	NCBITaxon:9823	EFO:0030080
Pig9_CACCAAAGTGGCTTAT.1	Pig9_CACCAAAGTGGCTTAT-1	Pig9	Beam A	Beam A	CL:0000327	pig	NCBITaxon:9823	NCBITaxon:9823	EFO:0030080
Pig9_CACCAAATCCTCACTG.1	Pig9_CACCAAATCCTCACTG-1	Pig9	Beam A	Beam A	CL:0000327	pig	NCBITaxon:9823	NCBITaxon:9823	EFO:0030080
Pig9_CACCGTTAGGCAATGC.1	Pig9_CACCGTTAGGCAATGC-1	Pig9	Macrophage	Macrophage	CL:0000235	pig	NCBITaxon:9823	NCBITaxon:9823	EFO:0030080
Pig9_CACCGTTCATCGGAAG.1	Pig9_CACCGTTCATCGGAAG-1	Pig9	Fibroblast	Fibroblast	CL:0000057	pig	NCBITaxon:9823	NCBITaxon:9823	EFO:0030080
Pig9_CACGAATAGAAGAACG.1	Pig9_CACGAATAGAAGAACG-1	Pig9	Fibroblast	Fibroblast	CL:0000057	pig	NCBITaxon:9823	NCBITaxon:9823	EFO:0030080
Pig9_CACGAATCATCTAACG.1	Pig9_CACGAATCATCTAACG-1	Pig9	Fibroblast	Fibroblast	CL:0000057	pig	NCBITaxon:9823	NCBITaxon:9823	EFO:0030080
Pig9_CACGAATTCCGCATAA.1	Pig9_CACGAATTCCGCATAA-1	Pig9	Beam A	Beam A	CL:0000327	pig	NCBITaxon:9823	NCBITaxon:9823	EFO:0030080
Pig9_CACGGGTTCAAGCCCG.1	Pig9_CACGGGTTCAAGCCCG-1	Pig9	Beam A	Beam A	CL:0000327	pig	NCBITaxon:9823	NCBITaxon:9823	EFO:0030080
Pig9_CACGGGTTCGGCCTTT.1	Pig9_CACGGGTTCGGCCTTT-1	Pig9	Beam A	Beam A	CL:0000327	pig	NCBITaxon:9823	NCBITaxon:9823	EFO:0030080
Pig9_CACGGGTTCTTACCAT.1	Pig9_CACGGGTTCTTACCAT-1	Pig9	Beam A	Beam A	CL:0000327	pig	NCBITaxon:9823	NCBITaxon:9823	EFO:0030080
Pig9_CACGGGTTCTTACTGT.1	Pig9_CACGGGTTCTTACTGT-1	Pig9	Fibroblast	Fibroblast	CL:0000057	pig	NCBITaxon:9823	NCBITaxon:9823	EFO:0030080
Pig9_CACGTGGAGCAACTTC.1	Pig9_CACGTGGAGCAACTTC-1	Pig9	Beam A	Beam A	CL:0000327	pig	NCBITaxon:9823	NCBITaxon:9823	EFO:0030080
Pig9_CACGTGGAGTATAGGT.1	Pig9_CACGTGGAGTATAGGT-1	Pig9	Fibroblast	Fibroblast	CL:0000057	pig	NCBITaxon:9823	NCBITaxon:9823	EFO:0030080
Pig9_CACGTGGGTGGGACAT.1	Pig9_CACGTGGGTGGGACAT-1	Pig9	NK/T cell	NK/T cell	CL:0000814	pig	NCBITaxon:9823	NCBITaxon:9823	EFO:0030080
Pig9_CACGTGGTCTCCACTG.1	Pig9_CACGTGGTCTCCACTG-1	Pig9	Beam A	Beam A	CL:0000327	pig	NCBITaxon:9823	NCBITaxon:9823	EFO:0030080
Pig9_CACGTGGTCTTGCAAG.1	Pig9_CACGTGGTCTTGCAAG-1	Pig9	Macrophage	Macrophage	CL:0000235	pig	NCBITaxon:9823	NCBITaxon:9823	EFO:0030080
Pig9_CACGTTCAGATGCTAA.1	Pig9_CACGTTCAGATGCTAA-1	Pig9	Beam A	Beam A	CL:0000327	pig	NCBITaxon:9823	NCBITaxon:9823	EFO:0030080
Pig9_CACGTTCAGATGTTCC.1	Pig9_CACGTTCAGATGTTCC-1	Pig9	Beam A	Beam A	CL:0000327	pig	NCBITaxon:9823	NCBITaxon:9823	EFO:0030080
Pig9_CACGTTCGTTTCGATG.1	Pig9_CACGTTCGTTTCGATG-1	Pig9	Fibroblast	Fibroblast	CL:0000057	pig	NCBITaxon:9823	NCBITaxon:9823	EFO:0030080
Pig9_CACTAAGGTCATGACT.1	Pig9_CACTAAGGTCATGACT-1	Pig9	Fibroblast	Fibroblast	CL:0000057	pig	NCBITaxon:9823	NCBITaxon:9823	EFO:0030080
Pig9_CACTAAGGTGCAGTGA.1	Pig9_CACTAAGGTGCAGTGA-1	Pig9	Macrophage	Macrophage	CL:0000235	pig	NCBITaxon:9823	NCBITaxon:9823	EFO:0030080
Pig9_CACTAAGTCCGTGTGG.1	Pig9_CACTAAGTCCGTGTGG-1	Pig9	Beam A	Beam A	CL:0000327	pig	NCBITaxon:9823	NCBITaxon:9823	EFO:0030080
Pig9_CACTGAATCTTCACGC.1	Pig9_CACTGAATCTTCACGC-1	Pig9	Macrophage	Macrophage	CL:0000235	pig	NCBITaxon:9823	NCBITaxon:9823	EFO:0030080
Pig9_CACTGGGAGTTGAATG.1	Pig9_CACTGGGAGTTGAATG-1	Pig9	Macrophage	Macrophage	CL:0000235	pig	NCBITaxon:9823	NCBITaxon:9823	EFO:0030080
Pig9_CACTGGGCATGAGATA.1	Pig9_CACTGGGCATGAGATA-1	Pig9	Macrophage	Macrophage	CL:0000235	pig	NCBITaxon:9823	NCBITaxon:9823	EFO:0030080
Pig9_CACTGGGGTATGTCAC.1	Pig9_CACTGGGGTATGTCAC-1	Pig9	Melanocyte	Melanocyte	CL:0000148	pig	NCBITaxon:9823	NCBITaxon:9823	EFO:0030080
Pig9_CACTGTCAGAGCAGCT.1	Pig9_CACTGTCAGAGCAGCT-1	Pig9	Beam A	Beam A	CL:0000327	pig	NCBITaxon:9823	NCBITaxon:9823	EFO:0030080
Pig9_CACTGTCAGCATGCAG.1	Pig9_CACTGTCAGCATGCAG-1	Pig9	Beam A	Beam A	CL:0000327	pig	NCBITaxon:9823	NCBITaxon:9823	EFO:0030080
Pig9_CACTGTCCACGAAAGC.1	Pig9_CACTGTCCACGAAAGC-1	Pig9	NK/T cell	NK/T cell	CL:0000814	pig	NCBITaxon:9823	NCBITaxon:9823	EFO:0030080
Pig9_CACTGTCGTGTACGCC.1	Pig9_CACTGTCGTGTACGCC-1	Pig9	Beam A	Beam A	CL:0000327	pig	NCBITaxon:9823	NCBITaxon:9823	EFO:0030080
Pig9_CACTGTCTCCGAAATC.1	Pig9_CACTGTCTCCGAAATC-1	Pig9	Macrophage	Macrophage	CL:0000235	pig	NCBITaxon:9823	NCBITaxon:9823	EFO:0030080
Pig9_CACTTCGGTCTATGAC.1	Pig9_CACTTCGGTCTATGAC-1	Pig9	Beam A	Beam A	CL:0000327	pig	NCBITaxon:9823	NCBITaxon:9823	EFO:0030080
Pig9_CACTTCGTCGCGGTAC.1	Pig9_CACTTCGTCGCGGTAC-1	Pig9	Macrophage	Macrophage	CL:0000235	pig	NCBITaxon:9823	NCBITaxon:9823	EFO:0030080
Pig9_CAGAGCCAGGGACACT.1	Pig9_CAGAGCCAGGGACACT-1	Pig9	Fibroblast	Fibroblast	CL:0000057	pig	NCBITaxon:9823	NCBITaxon:9823	EFO:0030080
Pig9_CAGAGCCGTGGCTACC.1	Pig9_CAGAGCCGTGGCTACC-1	Pig9	Beam A	Beam A	CL:0000327	pig	NCBITaxon:9823	NCBITaxon:9823	EFO:0030080
Pig9_CAGATACCAACGGTAG.1	Pig9_CAGATACCAACGGTAG-1	Pig9	Fibroblast	Fibroblast	CL:0000057	pig	NCBITaxon:9823	NCBITaxon:9823	EFO:0030080
Pig9_CAGATACGTTCTGAGT.1	Pig9_CAGATACGTTCTGAGT-1	Pig9	Beam A	Beam A	CL:0000327	pig	NCBITaxon:9823	NCBITaxon:9823	EFO:0030080
Pig9_CAGATACTCCGCTGTT.1	Pig9_CAGATACTCCGCTGTT-1	Pig9	Macrophage	Macrophage	CL:0000235	pig	NCBITaxon:9823	NCBITaxon:9823	EFO:0030080
Pig9_CAGATCACAAGACAAT.1	Pig9_CAGATCACAAGACAAT-1	Pig9	Beam A	Beam A	CL:0000327	pig	NCBITaxon:9823	NCBITaxon:9823	EFO:0030080
Pig9_CAGATCACACTCCGAG.1	Pig9_CAGATCACACTCCGAG-1	Pig9	Beam A	Beam A	CL:0000327	pig	NCBITaxon:9823	NCBITaxon:9823	EFO:0030080
Pig9_CAGATCACAGACATCT.1	Pig9_CAGATCACAGACATCT-1	Pig9	Beam A	Beam A	CL:0000327	pig	NCBITaxon:9823	NCBITaxon:9823	EFO:0030080
Pig9_CAGATCACAGCTGAGA.1	Pig9_CAGATCACAGCTGAGA-1	Pig9	Beam A	Beam A	CL:0000327	pig	NCBITaxon:9823	NCBITaxon:9823	EFO:0030080
Pig9_CAGATCACAGGTCCGT.1	Pig9_CAGATCACAGGTCCGT-1	Pig9	Beam A	Beam A	CL:0000327	pig	NCBITaxon:9823	NCBITaxon:9823	EFO:0030080
Pig9_CAGCAATGTAATCAAG.1	Pig9_CAGCAATGTAATCAAG-1	Pig9	Beam A	Beam A	CL:0000327	pig	NCBITaxon:9823	NCBITaxon:9823	EFO:0030080
Pig9_CAGCACGAGGCAGGGA.1	Pig9_CAGCACGAGGCAGGGA-1	Pig9	Fibroblast	Fibroblast	CL:0000057	pig	NCBITaxon:9823	NCBITaxon:9823	EFO:0030080
Pig9_CAGCACGAGGTCATTC.1	Pig9_CAGCACGAGGTCATTC-1	Pig9	Macrophage	Macrophage	CL:0000235	pig	NCBITaxon:9823	NCBITaxon:9823	EFO:0030080
Pig9_CAGCACGCAACAGCCC.1	Pig9_CAGCACGCAACAGCCC-1	Pig9	Fibroblast	Fibroblast	CL:0000057	pig	NCBITaxon:9823	NCBITaxon:9823	EFO:0030080
Pig9_CAGCACGGTAGTTACC.1	Pig9_CAGCACGGTAGTTACC-1	Pig9	Macrophage	Macrophage	CL:0000235	pig	NCBITaxon:9823	NCBITaxon:9823	EFO:0030080
Pig9_CAGCAGCAGCTTGTTG.1	Pig9_CAGCAGCAGCTTGTTG-1	Pig9	Macrophage	Macrophage	CL:0000235	pig	NCBITaxon:9823	NCBITaxon:9823	EFO:0030080
Pig9_CAGCAGCAGGTGCTGA.1	Pig9_CAGCAGCAGGTGCTGA-1	Pig9	Macrophage	Macrophage	CL:0000235	pig	NCBITaxon:9823	NCBITaxon:9823	EFO:0030080
Pig9_CAGCAGCCAACAGCCC.1	Pig9_CAGCAGCCAACAGCCC-1	Pig9	Beam A	Beam A	CL:0000327	pig	NCBITaxon:9823	NCBITaxon:9823	EFO:0030080
Pig9_CAGCAGCCACATGACT.1	Pig9_CAGCAGCCACATGACT-1	Pig9	Beam A	Beam A	CL:0000327	pig	NCBITaxon:9823	NCBITaxon:9823	EFO:0030080
Pig9_CAGCAGCTCGCATTGA.1	Pig9_CAGCAGCTCGCATTGA-1	Pig9	Beam A	Beam A	CL:0000327	pig	NCBITaxon:9823	NCBITaxon:9823	EFO:0030080
Pig9_CAGCCAGTCACCTTGC.1	Pig9_CAGCCAGTCACCTTGC-1	Pig9	Beam A	Beam A	CL:0000327	pig	NCBITaxon:9823	NCBITaxon:9823	EFO:0030080
Pig9_CAGCCAGTCGAACTCA.1	Pig9_CAGCCAGTCGAACTCA-1	Pig9	Fibroblast	Fibroblast	CL:0000057	pig	NCBITaxon:9823	NCBITaxon:9823	EFO:0030080
Pig9_CAGCGTGAGGACAAGA.1	Pig9_CAGCGTGAGGACAAGA-1	Pig9	Pericyte	Pericyte	CL:0000669	pig	NCBITaxon:9823	NCBITaxon:9823	EFO:0030080
Pig9_CAGCGTGAGTAGTCTC.1	Pig9_CAGCGTGAGTAGTCTC-1	Pig9	Beam A	Beam A	CL:0000327	pig	NCBITaxon:9823	NCBITaxon:9823	EFO:0030080
Pig9_CAGCGTGGTGCTAGCC.1	Pig9_CAGCGTGGTGCTAGCC-1	Pig9	Macrophage	Macrophage	CL:0000235	pig	NCBITaxon:9823	NCBITaxon:9823	EFO:0030080
Pig9_CAGCGTGGTTCTGACA.1	Pig9_CAGCGTGGTTCTGACA-1	Pig9	Beam A	Beam A	CL:0000327	pig	NCBITaxon:9823	NCBITaxon:9823	EFO:0030080
Pig9_CAGGCCACAGTGGGTA.1	Pig9_CAGGCCACAGTGGGTA-1	Pig9	Beam A	Beam A	CL:0000327	pig	NCBITaxon:9823	NCBITaxon:9823	EFO:0030080
Pig9_CAGGCCAGTACAGAGC.1	Pig9_CAGGCCAGTACAGAGC-1	Pig9	Beam A	Beam A	CL:0000327	pig	NCBITaxon:9823	NCBITaxon:9823	EFO:0030080
Pig9_CAGGCCAGTAGCTTGT.1	Pig9_CAGGCCAGTAGCTTGT-1	Pig9	Beam A	Beam A	CL:0000327	pig	NCBITaxon:9823	NCBITaxon:9823	EFO:0030080
Pig9_CAGGGCTTCGGCATAT.1	Pig9_CAGGGCTTCGGCATAT-1	Pig9	Fibroblast	Fibroblast	CL:0000057	pig	NCBITaxon:9823	NCBITaxon:9823	EFO:0030080
Pig9_CAGGTATGTGACTCGC.1	Pig9_CAGGTATGTGACTCGC-1	Pig9	Pericyte	Pericyte	CL:0000669	pig	NCBITaxon:9823	NCBITaxon:9823	EFO:0030080
Pig9_CAGGTATTCGTGTGGC.1	Pig9_CAGGTATTCGTGTGGC-1	Pig9	Macrophage	Macrophage	CL:0000235	pig	NCBITaxon:9823	NCBITaxon:9823	EFO:0030080
Pig9_CAGTGCGAGGTAGACC.1	Pig9_CAGTGCGAGGTAGACC-1	Pig9	Fibroblast	Fibroblast	CL:0000057	pig	NCBITaxon:9823	NCBITaxon:9823	EFO:0030080
Pig9_CAGTGCGCAGCTTTGA.1	Pig9_CAGTGCGCAGCTTTGA-1	Pig9	Beam A	Beam A	CL:0000327	pig	NCBITaxon:9823	NCBITaxon:9823	EFO:0030080
Pig9_CAGTTAGTCCTAAGTG.1	Pig9_CAGTTAGTCCTAAGTG-1	Pig9	Beam A	Beam A	CL:0000327	pig	NCBITaxon:9823	NCBITaxon:9823	EFO:0030080
Pig9_CAGTTCCAGTCACTCA.1	Pig9_CAGTTCCAGTCACTCA-1	Pig9	Beam A	Beam A	CL:0000327	pig	NCBITaxon:9823	NCBITaxon:9823	EFO:0030080
Pig9_CAGTTCCAGTGAGTGC.1	Pig9_CAGTTCCAGTGAGTGC-1	Pig9	Beam A	Beam A	CL:0000327	pig	NCBITaxon:9823	NCBITaxon:9823	EFO:0030080
Pig9_CAGTTCCGTGCCCGTA.1	Pig9_CAGTTCCGTGCCCGTA-1	Pig9	Fibroblast	Fibroblast	CL:0000057	pig	NCBITaxon:9823	NCBITaxon:9823	EFO:0030080
Pig9_CAGTTCCTCGGTAACT.1	Pig9_CAGTTCCTCGGTAACT-1	Pig9	Macrophage	Macrophage	CL:0000235	pig	NCBITaxon:9823	NCBITaxon:9823	EFO:0030080
Pig9_CATACAGAGATTAGAC.1	Pig9_CATACAGAGATTAGAC-1	Pig9	Macrophage	Macrophage	CL:0000235	pig	NCBITaxon:9823	NCBITaxon:9823	EFO:0030080
Pig9_CATACAGTCTGTCAGA.1	Pig9_CATACAGTCTGTCAGA-1	Pig9	Beam A	Beam A	CL:0000327	pig	NCBITaxon:9823	NCBITaxon:9823	EFO:0030080
Pig9_CATACTTCAATTGAGA.1	Pig9_CATACTTCAATTGAGA-1	Pig9	Beam A	Beam A	CL:0000327	pig	NCBITaxon:9823	NCBITaxon:9823	EFO:0030080
Pig9_CATACTTGTGCGGATA.1	Pig9_CATACTTGTGCGGATA-1	Pig9	Beam A	Beam A	CL:0000327	pig	NCBITaxon:9823	NCBITaxon:9823	EFO:0030080
Pig9_CATAGACTCAAGCCAT.1	Pig9_CATAGACTCAAGCCAT-1	Pig9	Macrophage	Macrophage	CL:0000235	pig	NCBITaxon:9823	NCBITaxon:9823	EFO:0030080
Pig9_CATCAAGGTAGGGAGG.1	Pig9_CATCAAGGTAGGGAGG-1	Pig9	Macrophage	Macrophage	CL:0000235	pig	NCBITaxon:9823	NCBITaxon:9823	EFO:0030080
Pig9_CATCAAGGTCACTACA.1	Pig9_CATCAAGGTCACTACA-1	Pig9	Macrophage	Macrophage	CL:0000235	pig	NCBITaxon:9823	NCBITaxon:9823	EFO:0030080
Pig9_CATCAAGTCAGCGCAC.1	Pig9_CATCAAGTCAGCGCAC-1	Pig9	Macrophage	Macrophage	CL:0000235	pig	NCBITaxon:9823	NCBITaxon:9823	EFO:0030080
Pig9_CATCCACGTACTCCCT.1	Pig9_CATCCACGTACTCCCT-1	Pig9	Beam A	Beam A	CL:0000327	pig	NCBITaxon:9823	NCBITaxon:9823	EFO:0030080
Pig9_CATCCACGTGAACCGA.1	Pig9_CATCCACGTGAACCGA-1	Pig9	Macrophage	Macrophage	CL:0000235	pig	NCBITaxon:9823	NCBITaxon:9823	EFO:0030080
Pig9_CATCCCACACACCGAC.1	Pig9_CATCCCACACACCGAC-1	Pig9	Beam A	Beam A	CL:0000327	pig	NCBITaxon:9823	NCBITaxon:9823	EFO:0030080
Pig9_CATCCCATCAGCGCGT.1	Pig9_CATCCCATCAGCGCGT-1	Pig9	Fibroblast	Fibroblast	CL:0000057	pig	NCBITaxon:9823	NCBITaxon:9823	EFO:0030080
Pig9_CATCCCATCGCGTAGC.1	Pig9_CATCCCATCGCGTAGC-1	Pig9	Beam A	Beam A	CL:0000327	pig	NCBITaxon:9823	NCBITaxon:9823	EFO:0030080
Pig9_CATCCGTAGAAACTCA.1	Pig9_CATCCGTAGAAACTCA-1	Pig9	Beam A	Beam A	CL:0000327	pig	NCBITaxon:9823	NCBITaxon:9823	EFO:0030080
Pig9_CATCCGTAGCTTGTTG.1	Pig9_CATCCGTAGCTTGTTG-1	Pig9	Beam A	Beam A	CL:0000327	pig	NCBITaxon:9823	NCBITaxon:9823	EFO:0030080
Pig9_CATCCGTGTCTAATCG.1	Pig9_CATCCGTGTCTAATCG-1	Pig9	Beam A	Beam A	CL:0000327	pig	NCBITaxon:9823	NCBITaxon:9823	EFO:0030080
Pig9_CATCGCTGTACCGTCG.1	Pig9_CATCGCTGTACCGTCG-1	Pig9	Beam A	Beam A	CL:0000327	pig	NCBITaxon:9823	NCBITaxon:9823	EFO:0030080
Pig9_CATCGGGCAGTCGGTC.1	Pig9_CATCGGGCAGTCGGTC-1	Pig9	Fibroblast	Fibroblast	CL:0000057	pig	NCBITaxon:9823	NCBITaxon:9823	EFO:0030080
Pig9_CATCGGGTCCCTCAAC.1	Pig9_CATCGGGTCCCTCAAC-1	Pig9	Beam A	Beam A	CL:0000327	pig	NCBITaxon:9823	NCBITaxon:9823	EFO:0030080
Pig9_CATCGGGTCGTCAAAC.1	Pig9_CATCGGGTCGTCAAAC-1	Pig9	Beam A	Beam A	CL:0000327	pig	NCBITaxon:9823	NCBITaxon:9823	EFO:0030080
Pig9_CATCGTCTCGAACCAT.1	Pig9_CATCGTCTCGAACCAT-1	Pig9	Macrophage	Macrophage	CL:0000235	pig	NCBITaxon:9823	NCBITaxon:9823	EFO:0030080
Pig9_CATGAGTAGCAGCCTC.1	Pig9_CATGAGTAGCAGCCTC-1	Pig9	Beam A	Beam A	CL:0000327	pig	NCBITaxon:9823	NCBITaxon:9823	EFO:0030080
Pig9_CATGAGTAGGCCCAAA.1	Pig9_CATGAGTAGGCCCAAA-1	Pig9	Macrophage	Macrophage	CL:0000235	pig	NCBITaxon:9823	NCBITaxon:9823	EFO:0030080
Pig9_CATGAGTCACGTAGTT.1	Pig9_CATGAGTCACGTAGTT-1	Pig9	Macrophage	Macrophage	CL:0000235	pig	NCBITaxon:9823	NCBITaxon:9823	EFO:0030080
Pig9_CATGAGTGTGATACCT.1	Pig9_CATGAGTGTGATACCT-1	Pig9	Beam A	Beam A	CL:0000327	pig	NCBITaxon:9823	NCBITaxon:9823	EFO:0030080
Pig9_CATGCAAGTCGCGTCA.1	Pig9_CATGCAAGTCGCGTCA-1	Pig9	Beam A	Beam A	CL:0000327	pig	NCBITaxon:9823	NCBITaxon:9823	EFO:0030080
Pig9_CATGCAATCTGATTCT.1	Pig9_CATGCAATCTGATTCT-1	Pig9	Beam A	Beam A	CL:0000327	pig	NCBITaxon:9823	NCBITaxon:9823	EFO:0030080
Pig9_CATGCCTCAGGCTATT.1	Pig9_CATGCCTCAGGCTATT-1	Pig9	Macrophage	Macrophage	CL:0000235	pig	NCBITaxon:9823	NCBITaxon:9823	EFO:0030080
Pig9_CATGCCTCAGTCTGGC.1	Pig9_CATGCCTCAGTCTGGC-1	Pig9	Macrophage	Macrophage	CL:0000235	pig	NCBITaxon:9823	NCBITaxon:9823	EFO:0030080
Pig9_CATGCGGAGCTTCGTA.1	Pig9_CATGCGGAGCTTCGTA-1	Pig9	Macrophage	Macrophage	CL:0000235	pig	NCBITaxon:9823	NCBITaxon:9823	EFO:0030080
Pig9_CATGCGGGTACGCTAT.1	Pig9_CATGCGGGTACGCTAT-1	Pig9	Beam A	Beam A	CL:0000327	pig	NCBITaxon:9823	NCBITaxon:9823	EFO:0030080
Pig9_CATGCGGGTCGTGATT.1	Pig9_CATGCGGGTCGTGATT-1	Pig9	Fibroblast	Fibroblast	CL:0000057	pig	NCBITaxon:9823	NCBITaxon:9823	EFO:0030080
Pig9_CATGCGGGTGTAGCAG.1	Pig9_CATGCGGGTGTAGCAG-1	Pig9	Beam A	Beam A	CL:0000327	pig	NCBITaxon:9823	NCBITaxon:9823	EFO:0030080
Pig9_CATGCGGTCAAGCGTT.1	Pig9_CATGCGGTCAAGCGTT-1	Pig9	Macrophage	Macrophage	CL:0000235	pig	NCBITaxon:9823	NCBITaxon:9823	EFO:0030080
Pig9_CATGCGGTCCGCGATG.1	Pig9_CATGCGGTCCGCGATG-1	Pig9	Fibroblast	Fibroblast	CL:0000057	pig	NCBITaxon:9823	NCBITaxon:9823	EFO:0030080
Pig9_CATGCGGTCTGGCTGG.1	Pig9_CATGCGGTCTGGCTGG-1	Pig9	Beam A	Beam A	CL:0000327	pig	NCBITaxon:9823	NCBITaxon:9823	EFO:0030080
Pig9_CATGCTCGTAGGGAGG.1	Pig9_CATGCTCGTAGGGAGG-1	Pig9	Beam A	Beam A	CL:0000327	pig	NCBITaxon:9823	NCBITaxon:9823	EFO:0030080
Pig9_CATGCTCGTTGTGGCC.1	Pig9_CATGCTCGTTGTGGCC-1	Pig9	Fibroblast	Fibroblast	CL:0000057	pig	NCBITaxon:9823	NCBITaxon:9823	EFO:0030080
Pig9_CATGCTCTCTAGGAAA.1	Pig9_CATGCTCTCTAGGAAA-1	Pig9	Beam A	Beam A	CL:0000327	pig	NCBITaxon:9823	NCBITaxon:9823	EFO:0030080
Pig9_CATGGATGTTATGTCG.1	Pig9_CATGGATGTTATGTCG-1	Pig9	Fibroblast	Fibroblast	CL:0000057	pig	NCBITaxon:9823	NCBITaxon:9823	EFO:0030080
Pig9_CATGGATTCACTGTCC.1	Pig9_CATGGATTCACTGTCC-1	Pig9	Beam A	Beam A	CL:0000327	pig	NCBITaxon:9823	NCBITaxon:9823	EFO:0030080
Pig9_CATGGATTCCGCAACG.1	Pig9_CATGGATTCCGCAACG-1	Pig9	Macrophage	Macrophage	CL:0000235	pig	NCBITaxon:9823	NCBITaxon:9823	EFO:0030080
Pig9_CATTCATAGGATACAT.1	Pig9_CATTCATAGGATACAT-1	Pig9	Macrophage	Macrophage	CL:0000235	pig	NCBITaxon:9823	NCBITaxon:9823	EFO:0030080
Pig9_CATTCATGTCGCCTAG.1	Pig9_CATTCATGTCGCCTAG-1	Pig9	Macrophage	Macrophage	CL:0000235	pig	NCBITaxon:9823	NCBITaxon:9823	EFO:0030080
Pig9_CATTCATGTGGCATCC.1	Pig9_CATTCATGTGGCATCC-1	Pig9	Fibroblast	Fibroblast	CL:0000057	pig	NCBITaxon:9823	NCBITaxon:9823	EFO:0030080
Pig9_CATTCATGTTGAATCC.1	Pig9_CATTCATGTTGAATCC-1	Pig9	Macrophage	Macrophage	CL:0000235	pig	NCBITaxon:9823	NCBITaxon:9823	EFO:0030080
Pig9_CATTCCGCACCGCTGA.1	Pig9_CATTCCGCACCGCTGA-1	Pig9	Fibroblast	Fibroblast	CL:0000057	pig	NCBITaxon:9823	NCBITaxon:9823	EFO:0030080
Pig9_CATTCCGCACGAGGAT.1	Pig9_CATTCCGCACGAGGAT-1	Pig9	Beam A	Beam A	CL:0000327	pig	NCBITaxon:9823	NCBITaxon:9823	EFO:0030080
Pig9_CATTCTACACGGTAGA.1	Pig9_CATTCTACACGGTAGA-1	Pig9	Macrophage	Macrophage	CL:0000235	pig	NCBITaxon:9823	NCBITaxon:9823	EFO:0030080
Pig9_CATTCTAGTCTGTCCT.1	Pig9_CATTCTAGTCTGTCCT-1	Pig9	Macrophage	Macrophage	CL:0000235	pig	NCBITaxon:9823	NCBITaxon:9823	EFO:0030080
Pig9_CATTCTATCCAAGCCG.1	Pig9_CATTCTATCCAAGCCG-1	Pig9	Pericyte	Pericyte	CL:0000669	pig	NCBITaxon:9823	NCBITaxon:9823	EFO:0030080
Pig9_CATTCTATCGAACACT.1	Pig9_CATTCTATCGAACACT-1	Pig9	Fibroblast	Fibroblast	CL:0000057	pig	NCBITaxon:9823	NCBITaxon:9823	EFO:0030080
Pig9_CATTGAGCACAGTGTT.1	Pig9_CATTGAGCACAGTGTT-1	Pig9	Beam A	Beam A	CL:0000327	pig	NCBITaxon:9823	NCBITaxon:9823	EFO:0030080
Pig9_CATTGAGGTTGCTAGT.1	Pig9_CATTGAGGTTGCTAGT-1	Pig9	Ciliary muscle	Ciliary muscle	CL:1000443	pig	NCBITaxon:9823	NCBITaxon:9823	EFO:0030080
Pig9_CATTGAGTCCTTCTTC.1	Pig9_CATTGAGTCCTTCTTC-1	Pig9	Fibroblast	Fibroblast	CL:0000057	pig	NCBITaxon:9823	NCBITaxon:9823	EFO:0030080
Pig9_CATTGTTAGGGCAAGG.1	Pig9_CATTGTTAGGGCAAGG-1	Pig9	Beam A	Beam A	CL:0000327	pig	NCBITaxon:9823	NCBITaxon:9823	EFO:0030080
Pig9_CATTTCAAGACTACCT.1	Pig9_CATTTCAAGACTACCT-1	Pig9	Fibroblast	Fibroblast	CL:0000057	pig	NCBITaxon:9823	NCBITaxon:9823	EFO:0030080
Pig9_CATTTCAGTCTACAGT.1	Pig9_CATTTCAGTCTACAGT-1	Pig9	Pericyte	Pericyte	CL:0000669	pig	NCBITaxon:9823	NCBITaxon:9823	EFO:0030080
Pig9_CATTTCAGTTCTGAGT.1	Pig9_CATTTCAGTTCTGAGT-1	Pig9	Macrophage	Macrophage	CL:0000235	pig	NCBITaxon:9823	NCBITaxon:9823	EFO:0030080
Pig9_CATTTCAGTTTCGACA.1	Pig9_CATTTCAGTTTCGACA-1	Pig9	Macrophage	Macrophage	CL:0000235	pig	NCBITaxon:9823	NCBITaxon:9823	EFO:0030080
Pig9_CCAAGCGGTCTTCAAG.1	Pig9_CCAAGCGGTCTTCAAG-1	Pig9	Macrophage	Macrophage	CL:0000235	pig	NCBITaxon:9823	NCBITaxon:9823	EFO:0030080
Pig9_CCAAGCGTCTTCGTGC.1	Pig9_CCAAGCGTCTTCGTGC-1	Pig9	Beam A	Beam A	CL:0000327	pig	NCBITaxon:9823	NCBITaxon:9823	EFO:0030080
Pig9_CCAATGATCCGCACGA.1	Pig9_CCAATGATCCGCACGA-1	Pig9	Beam A	Beam A	CL:0000327	pig	NCBITaxon:9823	NCBITaxon:9823	EFO:0030080
Pig9_CCAATTTCACCAACAT.1	Pig9_CCAATTTCACCAACAT-1	Pig9	NK/T cell	NK/T cell	CL:0000814	pig	NCBITaxon:9823	NCBITaxon:9823	EFO:0030080
Pig9_CCAATTTCACTAACGT.1	Pig9_CCAATTTCACTAACGT-1	Pig9	NK/T cell	NK/T cell	CL:0000814	pig	NCBITaxon:9823	NCBITaxon:9823	EFO:0030080
Pig9_CCAATTTCATGAAGCG.1	Pig9_CCAATTTCATGAAGCG-1	Pig9	Macrophage	Macrophage	CL:0000235	pig	NCBITaxon:9823	NCBITaxon:9823	EFO:0030080
Pig9_CCAATTTTCGGTCGAC.1	Pig9_CCAATTTTCGGTCGAC-1	Pig9	Fibroblast	Fibroblast	CL:0000057	pig	NCBITaxon:9823	NCBITaxon:9823	EFO:0030080
Pig9_CCACAAACAGATAAAC.1	Pig9_CCACAAACAGATAAAC-1	Pig9	Beam A	Beam A	CL:0000327	pig	NCBITaxon:9823	NCBITaxon:9823	EFO:0030080
Pig9_CCACAAACATTCCTCG.1	Pig9_CCACAAACATTCCTCG-1	Pig9	Macrophage	Macrophage	CL:0000235	pig	NCBITaxon:9823	NCBITaxon:9823	EFO:0030080
Pig9_CCACAAAGTCAACGCC.1	Pig9_CCACAAAGTCAACGCC-1	Pig9	Ciliary muscle	Ciliary muscle	CL:1000443	pig	NCBITaxon:9823	NCBITaxon:9823	EFO:0030080
Pig9_CCACAAATCACCGCTT.1	Pig9_CCACAAATCACCGCTT-1	Pig9	Beam A	Beam A	CL:0000327	pig	NCBITaxon:9823	NCBITaxon:9823	EFO:0030080
Pig9_CCACAAATCGAATCCA.1	Pig9_CCACAAATCGAATCCA-1	Pig9	Beam A	Beam A	CL:0000327	pig	NCBITaxon:9823	NCBITaxon:9823	EFO:0030080
Pig9_CCACAAATCGCTAATG.1	Pig9_CCACAAATCGCTAATG-1	Pig9	Beam A	Beam A	CL:0000327	pig	NCBITaxon:9823	NCBITaxon:9823	EFO:0030080
Pig9_CCACACTCAGCCTACG.1	Pig9_CCACACTCAGCCTACG-1	Pig9	NK/T cell	NK/T cell	CL:0000814	pig	NCBITaxon:9823	NCBITaxon:9823	EFO:0030080
Pig9_CCACACTTCCTGTAAG.1	Pig9_CCACACTTCCTGTAAG-1	Pig9	Macrophage	Macrophage	CL:0000235	pig	NCBITaxon:9823	NCBITaxon:9823	EFO:0030080
Pig9_CCACCATAGACCAAGC.1	Pig9_CCACCATAGACCAAGC-1	Pig9	SChlemm's Canal	SChlemm's Canal	CL:0000115	pig	NCBITaxon:9823	NCBITaxon:9823	EFO:0030080
Pig9_CCACCATAGCCGTAAG.1	Pig9_CCACCATAGCCGTAAG-1	Pig9	Beam A	Beam A	CL:0000327	pig	NCBITaxon:9823	NCBITaxon:9823	EFO:0030080
Pig9_CCACCATCACCGTCTT.1	Pig9_CCACCATCACCGTCTT-1	Pig9	Beam A	Beam A	CL:0000327	pig	NCBITaxon:9823	NCBITaxon:9823	EFO:0030080
Pig9_CCACCATCACGATTCA.1	Pig9_CCACCATCACGATTCA-1	Pig9	Fibroblast	Fibroblast	CL:0000057	pig	NCBITaxon:9823	NCBITaxon:9823	EFO:0030080
Pig9_CCACCATCATATGGCT.1	Pig9_CCACCATCATATGGCT-1	Pig9	Beam A	Beam A	CL:0000327	pig	NCBITaxon:9823	NCBITaxon:9823	EFO:0030080
Pig9_CCACCATTCTATGCCC.1	Pig9_CCACCATTCTATGCCC-1	Pig9	Fibroblast	Fibroblast	CL:0000057	pig	NCBITaxon:9823	NCBITaxon:9823	EFO:0030080
Pig9_CCACGTTCAGCAAGAC.1	Pig9_CCACGTTCAGCAAGAC-1	Pig9	Beam A	Beam A	CL:0000327	pig	NCBITaxon:9823	NCBITaxon:9823	EFO:0030080
Pig9_CCACGTTGTTTAGACC.1	Pig9_CCACGTTGTTTAGACC-1	Pig9	Macrophage	Macrophage	CL:0000235	pig	NCBITaxon:9823	NCBITaxon:9823	EFO:0030080
Pig9_CCACGTTTCCCACAGG.1	Pig9_CCACGTTTCCCACAGG-1	Pig9	NK/T cell	NK/T cell	CL:0000814	pig	NCBITaxon:9823	NCBITaxon:9823	EFO:0030080
Pig9_CCACGTTTCTCGACGG.1	Pig9_CCACGTTTCTCGACGG-1	Pig9	Macrophage	Macrophage	CL:0000235	pig	NCBITaxon:9823	NCBITaxon:9823	EFO:0030080
Pig9_CCACTTGAGGATGAGA.1	Pig9_CCACTTGAGGATGAGA-1	Pig9	Fibroblast	Fibroblast	CL:0000057	pig	NCBITaxon:9823	NCBITaxon:9823	EFO:0030080
Pig9_CCACTTGCAGCAAGAC.1	Pig9_CCACTTGCAGCAAGAC-1	Pig9	Beam A	Beam A	CL:0000327	pig	NCBITaxon:9823	NCBITaxon:9823	EFO:0030080
Pig9_CCACTTGTCGGTAACT.1	Pig9_CCACTTGTCGGTAACT-1	Pig9	Pericyte	Pericyte	CL:0000669	pig	NCBITaxon:9823	NCBITaxon:9823	EFO:0030080
Pig9_CCATAAGGTGAATTAG.1	Pig9_CCATAAGGTGAATTAG-1	Pig9	Ciliary muscle	Ciliary muscle	CL:1000443	pig	NCBITaxon:9823	NCBITaxon:9823	EFO:0030080
Pig9_CCATCACAGCAGGGAG.1	Pig9_CCATCACAGCAGGGAG-1	Pig9	Fibroblast	Fibroblast	CL:0000057	pig	NCBITaxon:9823	NCBITaxon:9823	EFO:0030080
Pig9_CCATCACGTATTAAGG.1	Pig9_CCATCACGTATTAAGG-1	Pig9	Ciliary muscle	Ciliary muscle	CL:1000443	pig	NCBITaxon:9823	NCBITaxon:9823	EFO:0030080
Pig9_CCATCACGTTGAGTCT.1	Pig9_CCATCACGTTGAGTCT-1	Pig9	NK/T cell	NK/T cell	CL:0000814	pig	NCBITaxon:9823	NCBITaxon:9823	EFO:0030080
Pig9_CCATCACTCCGTTTCG.1	Pig9_CCATCACTCCGTTTCG-1	Pig9	Beam A	Beam A	CL:0000327	pig	NCBITaxon:9823	NCBITaxon:9823	EFO:0030080
Pig9_CCCAACTTCCCTTGGT.1	Pig9_CCCAACTTCCCTTGGT-1	Pig9	Beam A	Beam A	CL:0000327	pig	NCBITaxon:9823	NCBITaxon:9823	EFO:0030080
Pig9_CCCATTGAGGGCTTCC.1	Pig9_CCCATTGAGGGCTTCC-1	Pig9	Beam A	Beam A	CL:0000327	pig	NCBITaxon:9823	NCBITaxon:9823	EFO:0030080
Pig9_CCCATTGAGGTGCTGA.1	Pig9_CCCATTGAGGTGCTGA-1	Pig9	Beam A	Beam A	CL:0000327	pig	NCBITaxon:9823	NCBITaxon:9823	EFO:0030080
Pig9_CCCGAAGAGGCTCAAG.1	Pig9_CCCGAAGAGGCTCAAG-1	Pig9	Beam A	Beam A	CL:0000327	pig	NCBITaxon:9823	NCBITaxon:9823	EFO:0030080
Pig9_CCCGAAGGTACACGTT.1	Pig9_CCCGAAGGTACACGTT-1	Pig9	Macrophage	Macrophage	CL:0000235	pig	NCBITaxon:9823	NCBITaxon:9823	EFO:0030080
Pig9_CCCGAAGGTATACGGG.1	Pig9_CCCGAAGGTATACGGG-1	Pig9	Macrophage	Macrophage	CL:0000235	pig	NCBITaxon:9823	NCBITaxon:9823	EFO:0030080
Pig9_CCCGGAAGTCTGCATA.1	Pig9_CCCGGAAGTCTGCATA-1	Pig9	Macrophage	Macrophage	CL:0000235	pig	NCBITaxon:9823	NCBITaxon:9823	EFO:0030080
Pig9_CCCGGAATCCCATTTA.1	Pig9_CCCGGAATCCCATTTA-1	Pig9	Ciliary muscle	Ciliary muscle	CL:1000443	pig	NCBITaxon:9823	NCBITaxon:9823	EFO:0030080
Pig9_CCCGGAATCGGTTAGT.1	Pig9_CCCGGAATCGGTTAGT-1	Pig9	Beam A	Beam A	CL:0000327	pig	NCBITaxon:9823	NCBITaxon:9823	EFO:0030080
Pig9_CCCTAACTCCATCTCG.1	Pig9_CCCTAACTCCATCTCG-1	Pig9	Pericyte	Pericyte	CL:0000669	pig	NCBITaxon:9823	NCBITaxon:9823	EFO:0030080
Pig9_CCCTCAACAAGGATGC.1	Pig9_CCCTCAACAAGGATGC-1	Pig9	Beam A	Beam A	CL:0000327	pig	NCBITaxon:9823	NCBITaxon:9823	EFO:0030080
Pig9_CCCTCAATCGAAACAA.1	Pig9_CCCTCAATCGAAACAA-1	Pig9	Fibroblast	Fibroblast	CL:0000057	pig	NCBITaxon:9823	NCBITaxon:9823	EFO:0030080
Pig9_CCCTCAATCGGTCGGT.1	Pig9_CCCTCAATCGGTCGGT-1	Pig9	Beam A	Beam A	CL:0000327	pig	NCBITaxon:9823	NCBITaxon:9823	EFO:0030080
Pig9_CCCTCTCCAGAATCGG.1	Pig9_CCCTCTCCAGAATCGG-1	Pig9	Fibroblast	Fibroblast	CL:0000057	pig	NCBITaxon:9823	NCBITaxon:9823	EFO:0030080
Pig9_CCCTCTCTCACTTATC.1	Pig9_CCCTCTCTCACTTATC-1	Pig9	Beam A	Beam A	CL:0000327	pig	NCBITaxon:9823	NCBITaxon:9823	EFO:0030080
Pig9_CCCTCTCTCCTTTGAT.1	Pig9_CCCTCTCTCCTTTGAT-1	Pig9	Macrophage	Macrophage	CL:0000235	pig	NCBITaxon:9823	NCBITaxon:9823	EFO:0030080
Pig9_CCCTCTCTCGGACGTC.1	Pig9_CCCTCTCTCGGACGTC-1	Pig9	Macrophage	Macrophage	CL:0000235	pig	NCBITaxon:9823	NCBITaxon:9823	EFO:0030080
Pig9_CCCTGATAGCTATCCA.1	Pig9_CCCTGATAGCTATCCA-1	Pig9	Beam A	Beam A	CL:0000327	pig	NCBITaxon:9823	NCBITaxon:9823	EFO:0030080
Pig9_CCCTGATTCAAGCTGT.1	Pig9_CCCTGATTCAAGCTGT-1	Pig9	Fibroblast	Fibroblast	CL:0000057	pig	NCBITaxon:9823	NCBITaxon:9823	EFO:0030080
Pig9_CCCTGATTCACGGTCG.1	Pig9_CCCTGATTCACGGTCG-1	Pig9	Fibroblast	Fibroblast	CL:0000057	pig	NCBITaxon:9823	NCBITaxon:9823	EFO:0030080
Pig9_CCCTGATTCCTGATAG.1	Pig9_CCCTGATTCCTGATAG-1	Pig9	Fibroblast	Fibroblast	CL:0000057	pig	NCBITaxon:9823	NCBITaxon:9823	EFO:0030080
Pig9_CCCTTAGAGCCGCACT.1	Pig9_CCCTTAGAGCCGCACT-1	Pig9	Beam A	Beam A	CL:0000327	pig	NCBITaxon:9823	NCBITaxon:9823	EFO:0030080
Pig9_CCCTTAGAGCGCGTTC.1	Pig9_CCCTTAGAGCGCGTTC-1	Pig9	Fibroblast	Fibroblast	CL:0000057	pig	NCBITaxon:9823	NCBITaxon:9823	EFO:0030080
Pig9_CCCTTAGGTCGTACTA.1	Pig9_CCCTTAGGTCGTACTA-1	Pig9	Fibroblast	Fibroblast	CL:0000057	pig	NCBITaxon:9823	NCBITaxon:9823	EFO:0030080
Pig9_CCGAACGTCACACCCT.1	Pig9_CCGAACGTCACACCCT-1	Pig9	Pericyte	Pericyte	CL:0000669	pig	NCBITaxon:9823	NCBITaxon:9823	EFO:0030080
Pig9_CCGATCTAGTAAACAC.1	Pig9_CCGATCTAGTAAACAC-1	Pig9	Beam A	Beam A	CL:0000327	pig	NCBITaxon:9823	NCBITaxon:9823	EFO:0030080
Pig9_CCGATCTAGTAACCTC.1	Pig9_CCGATCTAGTAACCTC-1	Pig9	Beam A	Beam A	CL:0000327	pig	NCBITaxon:9823	NCBITaxon:9823	EFO:0030080
Pig9_CCGATCTTCGACCCAG.1	Pig9_CCGATCTTCGACCCAG-1	Pig9	Macrophage	Macrophage	CL:0000235	pig	NCBITaxon:9823	NCBITaxon:9823	EFO:0030080
Pig9_CCGATGGCAACCGACC.1	Pig9_CCGATGGCAACCGACC-1	Pig9	Beam A	Beam A	CL:0000327	pig	NCBITaxon:9823	NCBITaxon:9823	EFO:0030080
Pig9_CCGATGGTCTCGCTTG.1	Pig9_CCGATGGTCTCGCTTG-1	Pig9	Ciliary muscle	Ciliary muscle	CL:1000443	pig	NCBITaxon:9823	NCBITaxon:9823	EFO:0030080
Pig9_CCGCAAGAGTAACGTA.1	Pig9_CCGCAAGAGTAACGTA-1	Pig9	Macrophage	Macrophage	CL:0000235	pig	NCBITaxon:9823	NCBITaxon:9823	EFO:0030080
Pig9_CCGCAAGCACCAGTTA.1	Pig9_CCGCAAGCACCAGTTA-1	Pig9	Beam A	Beam A	CL:0000327	pig	NCBITaxon:9823	NCBITaxon:9823	EFO:0030080
Pig9_CCGCAAGGTGCCCACA.1	Pig9_CCGCAAGGTGCCCACA-1	Pig9	Macrophage	Macrophage	CL:0000235	pig	NCBITaxon:9823	NCBITaxon:9823	EFO:0030080
Pig9_CCGCAAGTCAGGAGAC.1	Pig9_CCGCAAGTCAGGAGAC-1	Pig9	Macrophage	Macrophage	CL:0000235	pig	NCBITaxon:9823	NCBITaxon:9823	EFO:0030080
Pig9_CCGGACATCATTTGTC.1	Pig9_CCGGACATCATTTGTC-1	Pig9	Beam A	Beam A	CL:0000327	pig	NCBITaxon:9823	NCBITaxon:9823	EFO:0030080
Pig9_CCGGGTAAGTTTGCTG.1	Pig9_CCGGGTAAGTTTGCTG-1	Pig9	Beam A	Beam A	CL:0000327	pig	NCBITaxon:9823	NCBITaxon:9823	EFO:0030080
Pig9_CCGGGTACATGAGGGT.1	Pig9_CCGGGTACATGAGGGT-1	Pig9	Macrophage	Macrophage	CL:0000235	pig	NCBITaxon:9823	NCBITaxon:9823	EFO:0030080
Pig9_CCGGGTATCATTTCGT.1	Pig9_CCGGGTATCATTTCGT-1	Pig9	Fibroblast	Fibroblast	CL:0000057	pig	NCBITaxon:9823	NCBITaxon:9823	EFO:0030080
Pig9_CCGGTAGAGGTAACTA.1	Pig9_CCGGTAGAGGTAACTA-1	Pig9	Macrophage	Macrophage	CL:0000235	pig	NCBITaxon:9823	NCBITaxon:9823	EFO:0030080
Pig9_CCGGTAGAGGTTATAG.1	Pig9_CCGGTAGAGGTTATAG-1	Pig9	Beam A	Beam A	CL:0000327	pig	NCBITaxon:9823	NCBITaxon:9823	EFO:0030080
Pig9_CCGGTAGCATGAAGCG.1	Pig9_CCGGTAGCATGAAGCG-1	Pig9	Beam A	Beam A	CL:0000327	pig	NCBITaxon:9823	NCBITaxon:9823	EFO:0030080
Pig9_CCGGTAGCATTCTCTA.1	Pig9_CCGGTAGCATTCTCTA-1	Pig9	NK/T cell	NK/T cell	CL:0000814	pig	NCBITaxon:9823	NCBITaxon:9823	EFO:0030080
Pig9_CCGGTAGGTGTTAGCT.1	Pig9_CCGGTAGGTGTTAGCT-1	Pig9	Fibroblast	Fibroblast	CL:0000057	pig	NCBITaxon:9823	NCBITaxon:9823	EFO:0030080
Pig9_CCGGTGAAGGTTGACG.1	Pig9_CCGGTGAAGGTTGACG-1	Pig9	Macrophage	Macrophage	CL:0000235	pig	NCBITaxon:9823	NCBITaxon:9823	EFO:0030080
Pig9_CCGGTGAAGTAACCTC.1	Pig9_CCGGTGAAGTAACCTC-1	Pig9	Beam A	Beam A	CL:0000327	pig	NCBITaxon:9823	NCBITaxon:9823	EFO:0030080
Pig9_CCGGTGACAGCGCGTT.1	Pig9_CCGGTGACAGCGCGTT-1	Pig9	Beam A	Beam A	CL:0000327	pig	NCBITaxon:9823	NCBITaxon:9823	EFO:0030080
Pig9_CCGGTGACAGCTACCG.1	Pig9_CCGGTGACAGCTACCG-1	Pig9	Beam A	Beam A	CL:0000327	pig	NCBITaxon:9823	NCBITaxon:9823	EFO:0030080
Pig9_CCGGTGATCGAGTGGA.1	Pig9_CCGGTGATCGAGTGGA-1	Pig9	Beam A	Beam A	CL:0000327	pig	NCBITaxon:9823	NCBITaxon:9823	EFO:0030080
Pig9_CCGTAGGAGTGCACCC.1	Pig9_CCGTAGGAGTGCACCC-1	Pig9	Beam A	Beam A	CL:0000327	pig	NCBITaxon:9823	NCBITaxon:9823	EFO:0030080
Pig9_CCGTAGGCAAGTGGTG.1	Pig9_CCGTAGGCAAGTGGTG-1	Pig9	Macrophage	Macrophage	CL:0000235	pig	NCBITaxon:9823	NCBITaxon:9823	EFO:0030080
Pig9_CCGTAGGTCAGCTCTC.1	Pig9_CCGTAGGTCAGCTCTC-1	Pig9	Macrophage	Macrophage	CL:0000235	pig	NCBITaxon:9823	NCBITaxon:9823	EFO:0030080
Pig9_CCGTAGGTCGGCTGGT.1	Pig9_CCGTAGGTCGGCTGGT-1	Pig9	Pericyte	Pericyte	CL:0000669	pig	NCBITaxon:9823	NCBITaxon:9823	EFO:0030080
Pig9_CCGTTCAGTCGCTTGG.1	Pig9_CCGTTCAGTCGCTTGG-1	Pig9	Macrophage	Macrophage	CL:0000235	pig	NCBITaxon:9823	NCBITaxon:9823	EFO:0030080
Pig9_CCGTTCAGTGTGCCTG.1	Pig9_CCGTTCAGTGTGCCTG-1	Pig9	Macrophage	Macrophage	CL:0000235	pig	NCBITaxon:9823	NCBITaxon:9823	EFO:0030080
Pig9_CCTAACCCAGCTCATA.1	Pig9_CCTAACCCAGCTCATA-1	Pig9	Beam A	Beam A	CL:0000327	pig	NCBITaxon:9823	NCBITaxon:9823	EFO:0030080
Pig9_CCTAAGAGTTCAGGTT.1	Pig9_CCTAAGAGTTCAGGTT-1	Pig9	Beam A	Beam A	CL:0000327	pig	NCBITaxon:9823	NCBITaxon:9823	EFO:0030080
Pig9_CCTAAGATCTTGTGCC.1	Pig9_CCTAAGATCTTGTGCC-1	Pig9	Macrophage	Macrophage	CL:0000235	pig	NCBITaxon:9823	NCBITaxon:9823	EFO:0030080
Pig9_CCTACGTAGCCGTAAG.1	Pig9_CCTACGTAGCCGTAAG-1	Pig9	Macrophage	Macrophage	CL:0000235	pig	NCBITaxon:9823	NCBITaxon:9823	EFO:0030080
Pig9_CCTACGTAGTGGTGAC.1	Pig9_CCTACGTAGTGGTGAC-1	Pig9	Macrophage	Macrophage	CL:0000235	pig	NCBITaxon:9823	NCBITaxon:9823	EFO:0030080
Pig9_CCTACGTTCCATTGGA.1	Pig9_CCTACGTTCCATTGGA-1	Pig9	SChlemm's Canal	SChlemm's Canal	CL:0000115	pig	NCBITaxon:9823	NCBITaxon:9823	EFO:0030080
Pig9_CCTATCGCAAATAGCA.1	Pig9_CCTATCGCAAATAGCA-1	Pig9	Macrophage	Macrophage	CL:0000235	pig	NCBITaxon:9823	NCBITaxon:9823	EFO:0030080
Pig9_CCTCACAAGCATGAAT.1	Pig9_CCTCACAAGCATGAAT-1	Pig9	Beam A	Beam A	CL:0000327	pig	NCBITaxon:9823	NCBITaxon:9823	EFO:0030080
Pig9_CCTCACAAGGATTTCC.1	Pig9_CCTCACAAGGATTTCC-1	Pig9	Macrophage	Macrophage	CL:0000235	pig	NCBITaxon:9823	NCBITaxon:9823	EFO:0030080
Pig9_CCTCACACAGCTTTCC.1	Pig9_CCTCACACAGCTTTCC-1	Pig9	Pericyte	Pericyte	CL:0000669	pig	NCBITaxon:9823	NCBITaxon:9823	EFO:0030080
Pig9_CCTCAGTCATTACTCT.1	Pig9_CCTCAGTCATTACTCT-1	Pig9	Fibroblast	Fibroblast	CL:0000057	pig	NCBITaxon:9823	NCBITaxon:9823	EFO:0030080
Pig9_CCTCAGTGTACTCGCG.1	Pig9_CCTCAGTGTACTCGCG-1	Pig9	Ciliary muscle	Ciliary muscle	CL:1000443	pig	NCBITaxon:9823	NCBITaxon:9823	EFO:0030080
Pig9_CCTCATGGTTGGACCC.1	Pig9_CCTCATGGTTGGACCC-1	Pig9	Beam A	Beam A	CL:0000327	pig	NCBITaxon:9823	NCBITaxon:9823	EFO:0030080
Pig9_CCTCCAAAGCGCGTTC.1	Pig9_CCTCCAAAGCGCGTTC-1	Pig9	Macrophage	Macrophage	CL:0000235	pig	NCBITaxon:9823	NCBITaxon:9823	EFO:0030080
Pig9_CCTCCAACACTCTAGA.1	Pig9_CCTCCAACACTCTAGA-1	Pig9	Fibroblast	Fibroblast	CL:0000057	pig	NCBITaxon:9823	NCBITaxon:9823	EFO:0030080
Pig9_CCTCCAATCCGGTAGC.1	Pig9_CCTCCAATCCGGTAGC-1	Pig9	Beam A	Beam A	CL:0000327	pig	NCBITaxon:9823	NCBITaxon:9823	EFO:0030080
Pig9_CCTCCTCAGCACTCAT.1	Pig9_CCTCCTCAGCACTCAT-1	Pig9	Macrophage	Macrophage	CL:0000235	pig	NCBITaxon:9823	NCBITaxon:9823	EFO:0030080
Pig9_CCTCCTCCAAGGTCAG.1	Pig9_CCTCCTCCAAGGTCAG-1	Pig9	Macrophage	Macrophage	CL:0000235	pig	NCBITaxon:9823	NCBITaxon:9823	EFO:0030080
Pig9_CCTCCTCGTCATCCCT.1	Pig9_CCTCCTCGTCATCCCT-1	Pig9	Beam A	Beam A	CL:0000327	pig	NCBITaxon:9823	NCBITaxon:9823	EFO:0030080
Pig9_CCTCTAGTCCGAGCTG.1	Pig9_CCTCTAGTCCGAGCTG-1	Pig9	Beam A	Beam A	CL:0000327	pig	NCBITaxon:9823	NCBITaxon:9823	EFO:0030080
Pig9_CCTCTCCTCGCGGTAC.1	Pig9_CCTCTCCTCGCGGTAC-1	Pig9	Pericyte	Pericyte	CL:0000669	pig	NCBITaxon:9823	NCBITaxon:9823	EFO:0030080
Pig9_CCTGTTGCAAATGGCG.1	Pig9_CCTGTTGCAAATGGCG-1	Pig9	Macrophage	Macrophage	CL:0000235	pig	NCBITaxon:9823	NCBITaxon:9823	EFO:0030080
Pig9_CCTGTTGCATGTTCAG.1	Pig9_CCTGTTGCATGTTCAG-1	Pig9	Ciliary muscle	Ciliary muscle	CL:1000443	pig	NCBITaxon:9823	NCBITaxon:9823	EFO:0030080
Pig9_CCTTCAGCAACCCTCT.1	Pig9_CCTTCAGCAACCCTCT-1	Pig9	Pericyte	Pericyte	CL:0000669	pig	NCBITaxon:9823	NCBITaxon:9823	EFO:0030080
Pig9_CCTTCAGTCTGAGGCC.1	Pig9_CCTTCAGTCTGAGGCC-1	Pig9	Corneal endothelium	Corneal endothelium	CL:0000132	pig	NCBITaxon:9823	NCBITaxon:9823	EFO:0030080
Pig9_CCTTGTGTCCATCTAT.1	Pig9_CCTTGTGTCCATCTAT-1	Pig9	Beam A	Beam A	CL:0000327	pig	NCBITaxon:9823	NCBITaxon:9823	EFO:0030080
Pig9_CCTTTGGAGTGCCAGA.1	Pig9_CCTTTGGAGTGCCAGA-1	Pig9	Fibroblast	Fibroblast	CL:0000057	pig	NCBITaxon:9823	NCBITaxon:9823	EFO:0030080
Pig9_CCTTTGGCAGATCACT.1	Pig9_CCTTTGGCAGATCACT-1	Pig9	Beam A	Beam A	CL:0000327	pig	NCBITaxon:9823	NCBITaxon:9823	EFO:0030080
Pig9_CGAAGGAAGGTGCTGA.1	Pig9_CGAAGGAAGGTGCTGA-1	Pig9	Beam A	Beam A	CL:0000327	pig	NCBITaxon:9823	NCBITaxon:9823	EFO:0030080
Pig9_CGAAGGAGTGTTCAGT.1	Pig9_CGAAGGAGTGTTCAGT-1	Pig9	Beam A	Beam A	CL:0000327	pig	NCBITaxon:9823	NCBITaxon:9823	EFO:0030080
Pig9_CGAAGGATCTCCTGTG.1	Pig9_CGAAGGATCTCCTGTG-1	Pig9	Beam A	Beam A	CL:0000327	pig	NCBITaxon:9823	NCBITaxon:9823	EFO:0030080
Pig9_CGAAGTTAGACATCCT.1	Pig9_CGAAGTTAGACATCCT-1	Pig9	Fibroblast	Fibroblast	CL:0000057	pig	NCBITaxon:9823	NCBITaxon:9823	EFO:0030080
Pig9_CGAAGTTAGCATCCTA.1	Pig9_CGAAGTTAGCATCCTA-1	Pig9	Beam A	Beam A	CL:0000327	pig	NCBITaxon:9823	NCBITaxon:9823	EFO:0030080
Pig9_CGAAGTTTCGTGCATA.1	Pig9_CGAAGTTTCGTGCATA-1	Pig9	Beam A	Beam A	CL:0000327	pig	NCBITaxon:9823	NCBITaxon:9823	EFO:0030080
Pig9_CGAAGTTTCTTCGGAA.1	Pig9_CGAAGTTTCTTCGGAA-1	Pig9	Beam A	Beam A	CL:0000327	pig	NCBITaxon:9823	NCBITaxon:9823	EFO:0030080
Pig9_CGAATTGAGACTCTAC.1	Pig9_CGAATTGAGACTCTAC-1	Pig9	Macrophage	Macrophage	CL:0000235	pig	NCBITaxon:9823	NCBITaxon:9823	EFO:0030080
Pig9_CGACAGCAGTCTGCAT.1	Pig9_CGACAGCAGTCTGCAT-1	Pig9	Macrophage	Macrophage	CL:0000235	pig	NCBITaxon:9823	NCBITaxon:9823	EFO:0030080
Pig9_CGAGAAGAGCACACCC.1	Pig9_CGAGAAGAGCACACCC-1	Pig9	Macrophage	Macrophage	CL:0000235	pig	NCBITaxon:9823	NCBITaxon:9823	EFO:0030080
Pig9_CGAGAAGCAAGTGGAC.1	Pig9_CGAGAAGCAAGTGGAC-1	Pig9	Beam A	Beam A	CL:0000327	pig	NCBITaxon:9823	NCBITaxon:9823	EFO:0030080
Pig9_CGAGAAGGTTAAGCAA.1	Pig9_CGAGAAGGTTAAGCAA-1	Pig9	NK/T cell	NK/T cell	CL:0000814	pig	NCBITaxon:9823	NCBITaxon:9823	EFO:0030080
Pig9_CGAGAAGGTTCGGTCG.1	Pig9_CGAGAAGGTTCGGTCG-1	Pig9	Macrophage	Macrophage	CL:0000235	pig	NCBITaxon:9823	NCBITaxon:9823	EFO:0030080
Pig9_CGAGAAGTCGTTAGTG.1	Pig9_CGAGAAGTCGTTAGTG-1	Pig9	Beam A	Beam A	CL:0000327	pig	NCBITaxon:9823	NCBITaxon:9823	EFO:0030080
Pig9_CGAGGAAAGCCGATCC.1	Pig9_CGAGGAAAGCCGATCC-1	Pig9	Beam A	Beam A	CL:0000327	pig	NCBITaxon:9823	NCBITaxon:9823	EFO:0030080
Pig9_CGAGGAAAGCGTTACT.1	Pig9_CGAGGAAAGCGTTACT-1	Pig9	Ciliary muscle	Ciliary muscle	CL:1000443	pig	NCBITaxon:9823	NCBITaxon:9823	EFO:0030080
Pig9_CGAGGAACACTTACAG.1	Pig9_CGAGGAACACTTACAG-1	Pig9	Beam A	Beam A	CL:0000327	pig	NCBITaxon:9823	NCBITaxon:9823	EFO:0030080
Pig9_CGAGGAACATATCTCT.1	Pig9_CGAGGAACATATCTCT-1	Pig9	Pericyte	Pericyte	CL:0000669	pig	NCBITaxon:9823	NCBITaxon:9823	EFO:0030080
Pig9_CGAGGAATCATTACTC.1	Pig9_CGAGGAATCATTACTC-1	Pig9	Fibroblast	Fibroblast	CL:0000057	pig	NCBITaxon:9823	NCBITaxon:9823	EFO:0030080
Pig9_CGAGGCTAGGCATCTT.1	Pig9_CGAGGCTAGGCATCTT-1	Pig9	Beam A	Beam A	CL:0000327	pig	NCBITaxon:9823	NCBITaxon:9823	EFO:0030080
Pig9_CGAGGCTCATGGATCT.1	Pig9_CGAGGCTCATGGATCT-1	Pig9	Macrophage	Macrophage	CL:0000235	pig	NCBITaxon:9823	NCBITaxon:9823	EFO:0030080
Pig9_CGAGGCTGTTGTTTGG.1	Pig9_CGAGGCTGTTGTTTGG-1	Pig9	Beam A	Beam A	CL:0000327	pig	NCBITaxon:9823	NCBITaxon:9823	EFO:0030080
Pig9_CGAGTGCTCATCCCGT.1	Pig9_CGAGTGCTCATCCCGT-1	Pig9	Beam A	Beam A	CL:0000327	pig	NCBITaxon:9823	NCBITaxon:9823	EFO:0030080
Pig9_CGAGTTAGTGAATGTA.1	Pig9_CGAGTTAGTGAATGTA-1	Pig9	Macrophage	Macrophage	CL:0000235	pig	NCBITaxon:9823	NCBITaxon:9823	EFO:0030080
Pig9_CGAGTTATCTGCGGAC.1	Pig9_CGAGTTATCTGCGGAC-1	Pig9	SChlemm's Canal	SChlemm's Canal	CL:0000115	pig	NCBITaxon:9823	NCBITaxon:9823	EFO:0030080
Pig9_CGATCGGCATGACAGG.1	Pig9_CGATCGGCATGACAGG-1	Pig9	Beam A	Beam A	CL:0000327	pig	NCBITaxon:9823	NCBITaxon:9823	EFO:0030080
Pig9_CGATGCGCAATCCTTT.1	Pig9_CGATGCGCAATCCTTT-1	Pig9	Beam A	Beam A	CL:0000327	pig	NCBITaxon:9823	NCBITaxon:9823	EFO:0030080
Pig9_CGATGCGCATGACTCA.1	Pig9_CGATGCGCATGACTCA-1	Pig9	Beam A	Beam A	CL:0000327	pig	NCBITaxon:9823	NCBITaxon:9823	EFO:0030080
Pig9_CGATGCGGTCGCATCG.1	Pig9_CGATGCGGTCGCATCG-1	Pig9	Ciliary muscle	Ciliary muscle	CL:1000443	pig	NCBITaxon:9823	NCBITaxon:9823	EFO:0030080
Pig9_CGATGCGGTCTTTCAT.1	Pig9_CGATGCGGTCTTTCAT-1	Pig9	Beam A	Beam A	CL:0000327	pig	NCBITaxon:9823	NCBITaxon:9823	EFO:0030080
Pig9_CGATGCGTCTTCGGTC.1	Pig9_CGATGCGTCTTCGGTC-1	Pig9	Beam A	Beam A	CL:0000327	pig	NCBITaxon:9823	NCBITaxon:9823	EFO:0030080
Pig9_CGATGGCGTTCGGTAT.1	Pig9_CGATGGCGTTCGGTAT-1	Pig9	NK/T cell	NK/T cell	CL:0000814	pig	NCBITaxon:9823	NCBITaxon:9823	EFO:0030080
Pig9_CGCAGGTCAATCGAAA.1	Pig9_CGCAGGTCAATCGAAA-1	Pig9	Macrophage	Macrophage	CL:0000235	pig	NCBITaxon:9823	NCBITaxon:9823	EFO:0030080
Pig9_CGCAGGTGTTATGACC.1	Pig9_CGCAGGTGTTATGACC-1	Pig9	Beam A	Beam A	CL:0000327	pig	NCBITaxon:9823	NCBITaxon:9823	EFO:0030080
Pig9_CGCATAACAAGCCCAC.1	Pig9_CGCATAACAAGCCCAC-1	Pig9	Macrophage	Macrophage	CL:0000235	pig	NCBITaxon:9823	NCBITaxon:9823	EFO:0030080
Pig9_CGCATAACATGAAGCG.1	Pig9_CGCATAACATGAAGCG-1	Pig9	Beam A	Beam A	CL:0000327	pig	NCBITaxon:9823	NCBITaxon:9823	EFO:0030080
Pig9_CGCATGGGTCTTGCGG.1	Pig9_CGCATGGGTCTTGCGG-1	Pig9	Beam A	Beam A	CL:0000327	pig	NCBITaxon:9823	NCBITaxon:9823	EFO:0030080
Pig9_CGCATGGTCCTTCACG.1	Pig9_CGCATGGTCCTTCACG-1	Pig9	SChlemm's Canal	SChlemm's Canal	CL:0000115	pig	NCBITaxon:9823	NCBITaxon:9823	EFO:0030080
Pig9_CGCCAGAAGGCGAACT.1	Pig9_CGCCAGAAGGCGAACT-1	Pig9	Macrophage	Macrophage	CL:0000235	pig	NCBITaxon:9823	NCBITaxon:9823	EFO:0030080
Pig9_CGCCAGACACCCTAGG.1	Pig9_CGCCAGACACCCTAGG-1	Pig9	Fibroblast	Fibroblast	CL:0000057	pig	NCBITaxon:9823	NCBITaxon:9823	EFO:0030080
Pig9_CGCCAGATCCATGAGT.1	Pig9_CGCCAGATCCATGAGT-1	Pig9	Beam A	Beam A	CL:0000327	pig	NCBITaxon:9823	NCBITaxon:9823	EFO:0030080
Pig9_CGCCATTCAGTCGGAA.1	Pig9_CGCCATTCAGTCGGAA-1	Pig9	Macrophage	Macrophage	CL:0000235	pig	NCBITaxon:9823	NCBITaxon:9823	EFO:0030080
Pig9_CGCCATTGTACCTTCC.1	Pig9_CGCCATTGTACCTTCC-1	Pig9	Macrophage	Macrophage	CL:0000235	pig	NCBITaxon:9823	NCBITaxon:9823	EFO:0030080
Pig9_CGCGTGAAGACATCAA.1	Pig9_CGCGTGAAGACATCAA-1	Pig9	Beam A	Beam A	CL:0000327	pig	NCBITaxon:9823	NCBITaxon:9823	EFO:0030080
Pig9_CGCGTGAAGCGTGCCT.1	Pig9_CGCGTGAAGCGTGCCT-1	Pig9	Beam A	Beam A	CL:0000327	pig	NCBITaxon:9823	NCBITaxon:9823	EFO:0030080
Pig9_CGCGTGACACCCAAGC.1	Pig9_CGCGTGACACCCAAGC-1	Pig9	Fibroblast	Fibroblast	CL:0000057	pig	NCBITaxon:9823	NCBITaxon:9823	EFO:0030080
Pig9_CGCGTGAGTATCTTCT.1	Pig9_CGCGTGAGTATCTTCT-1	Pig9	Beam A	Beam A	CL:0000327	pig	NCBITaxon:9823	NCBITaxon:9823	EFO:0030080
Pig9_CGGAATTCAGTAGGAC.1	Pig9_CGGAATTCAGTAGGAC-1	Pig9	Macrophage	Macrophage	CL:0000235	pig	NCBITaxon:9823	NCBITaxon:9823	EFO:0030080
Pig9_CGGAATTTCCTCAGAA.1	Pig9_CGGAATTTCCTCAGAA-1	Pig9	Fibroblast	Fibroblast	CL:0000057	pig	NCBITaxon:9823	NCBITaxon:9823	EFO:0030080
Pig9_CGGACACAGTAATACG.1	Pig9_CGGACACAGTAATACG-1	Pig9	Beam A	Beam A	CL:0000327	pig	NCBITaxon:9823	NCBITaxon:9823	EFO:0030080
Pig9_CGGACACGTACGTACT.1	Pig9_CGGACACGTACGTACT-1	Pig9	Macrophage	Macrophage	CL:0000235	pig	NCBITaxon:9823	NCBITaxon:9823	EFO:0030080
Pig9_CGGACACGTCCAGTTA.1	Pig9_CGGACACGTCCAGTTA-1	Pig9	Beam A	Beam A	CL:0000327	pig	NCBITaxon:9823	NCBITaxon:9823	EFO:0030080
Pig9_CGGACACGTCCTACGG.1	Pig9_CGGACACGTCCTACGG-1	Pig9	Fibroblast	Fibroblast	CL:0000057	pig	NCBITaxon:9823	NCBITaxon:9823	EFO:0030080
Pig9_CGGACACTCGGTGTTA.1	Pig9_CGGACACTCGGTGTTA-1	Pig9	Beam A	Beam A	CL:0000327	pig	NCBITaxon:9823	NCBITaxon:9823	EFO:0030080
Pig9_CGGACACTCTCAGGCG.1	Pig9_CGGACACTCTCAGGCG-1	Pig9	Pericyte	Pericyte	CL:0000669	pig	NCBITaxon:9823	NCBITaxon:9823	EFO:0030080
Pig9_CGGAGAACACATGGTT.1	Pig9_CGGAGAACACATGGTT-1	Pig9	Beam A	Beam A	CL:0000327	pig	NCBITaxon:9823	NCBITaxon:9823	EFO:0030080
Pig9_CGGAGAATCTTAGGAC.1	Pig9_CGGAGAATCTTAGGAC-1	Pig9	Beam A	Beam A	CL:0000327	pig	NCBITaxon:9823	NCBITaxon:9823	EFO:0030080
Pig9_CGGCAGTAGAGCATAT.1	Pig9_CGGCAGTAGAGCATAT-1	Pig9	Beam A	Beam A	CL:0000327	pig	NCBITaxon:9823	NCBITaxon:9823	EFO:0030080
Pig9_CGGCAGTGTGTTAAAG.1	Pig9_CGGCAGTGTGTTAAAG-1	Pig9	Beam A	Beam A	CL:0000327	pig	NCBITaxon:9823	NCBITaxon:9823	EFO:0030080
Pig9_CGGGCATAGGCATCAG.1	Pig9_CGGGCATAGGCATCAG-1	Pig9	Fibroblast	Fibroblast	CL:0000057	pig	NCBITaxon:9823	NCBITaxon:9823	EFO:0030080
Pig9_CGGGTCATCAACCTCC.1	Pig9_CGGGTCATCAACCTCC-1	Pig9	Beam A	Beam A	CL:0000327	pig	NCBITaxon:9823	NCBITaxon:9823	EFO:0030080
Pig9_CGGGTGTAGGTATCTC.1	Pig9_CGGGTGTAGGTATCTC-1	Pig9	Macrophage	Macrophage	CL:0000235	pig	NCBITaxon:9823	NCBITaxon:9823	EFO:0030080
Pig9_CGGGTGTGTACCCGAC.1	Pig9_CGGGTGTGTACCCGAC-1	Pig9	Ciliary muscle	Ciliary muscle	CL:1000443	pig	NCBITaxon:9823	NCBITaxon:9823	EFO:0030080
Pig9_CGGGTGTGTATGAGGC.1	Pig9_CGGGTGTGTATGAGGC-1	Pig9	Fibroblast	Fibroblast	CL:0000057	pig	NCBITaxon:9823	NCBITaxon:9823	EFO:0030080
Pig9_CGGGTGTGTCGTGATT.1	Pig9_CGGGTGTGTCGTGATT-1	Pig9	Beam A	Beam A	CL:0000327	pig	NCBITaxon:9823	NCBITaxon:9823	EFO:0030080
Pig9_CGGGTGTGTGCTTCAA.1	Pig9_CGGGTGTGTGCTTCAA-1	Pig9	Fibroblast	Fibroblast	CL:0000057	pig	NCBITaxon:9823	NCBITaxon:9823	EFO:0030080
Pig9_CGGGTGTTCGAATCCA.1	Pig9_CGGGTGTTCGAATCCA-1	Pig9	Beam A	Beam A	CL:0000327	pig	NCBITaxon:9823	NCBITaxon:9823	EFO:0030080
Pig9_CGGGTGTTCTCATGCC.1	Pig9_CGGGTGTTCTCATGCC-1	Pig9	Beam A	Beam A	CL:0000327	pig	NCBITaxon:9823	NCBITaxon:9823	EFO:0030080
Pig9_CGGTCAGAGGATCACG.1	Pig9_CGGTCAGAGGATCACG-1	Pig9	Beam A	Beam A	CL:0000327	pig	NCBITaxon:9823	NCBITaxon:9823	EFO:0030080
Pig9_CGGTCAGAGGCGAAGG.1	Pig9_CGGTCAGAGGCGAAGG-1	Pig9	NK/T cell	NK/T cell	CL:0000814	pig	NCBITaxon:9823	NCBITaxon:9823	EFO:0030080
Pig9_CGGTCAGCAATACGCT.1	Pig9_CGGTCAGCAATACGCT-1	Pig9	Beam A	Beam A	CL:0000327	pig	NCBITaxon:9823	NCBITaxon:9823	EFO:0030080
Pig9_CGTAAGTCACCAAATC.1	Pig9_CGTAAGTCACCAAATC-1	Pig9	Macrophage	Macrophage	CL:0000235	pig	NCBITaxon:9823	NCBITaxon:9823	EFO:0030080
Pig9_CGTAAGTGTGGTCTTA.1	Pig9_CGTAAGTGTGGTCTTA-1	Pig9	Macrophage	Macrophage	CL:0000235	pig	NCBITaxon:9823	NCBITaxon:9823	EFO:0030080
Pig9_CGTAAGTTCCGTTTCG.1	Pig9_CGTAAGTTCCGTTTCG-1	Pig9	Beam A	Beam A	CL:0000327	pig	NCBITaxon:9823	NCBITaxon:9823	EFO:0030080
Pig9_CGTAATGCAATATCCG.1	Pig9_CGTAATGCAATATCCG-1	Pig9	Beam A	Beam A	CL:0000327	pig	NCBITaxon:9823	NCBITaxon:9823	EFO:0030080
Pig9_CGTAATGCAGGACTTT.1	Pig9_CGTAATGCAGGACTTT-1	Pig9	Macrophage	Macrophage	CL:0000235	pig	NCBITaxon:9823	NCBITaxon:9823	EFO:0030080
Pig9_CGTAATGTCGGCAGTC.1	Pig9_CGTAATGTCGGCAGTC-1	Pig9	Macrophage	Macrophage	CL:0000235	pig	NCBITaxon:9823	NCBITaxon:9823	EFO:0030080
Pig9_CGTAGTAAGAAACTCA.1	Pig9_CGTAGTAAGAAACTCA-1	Pig9	Macrophage	Macrophage	CL:0000235	pig	NCBITaxon:9823	NCBITaxon:9823	EFO:0030080
Pig9_CGTAGTAAGGCGACAT.1	Pig9_CGTAGTAAGGCGACAT-1	Pig9	Pericyte	Pericyte	CL:0000669	pig	NCBITaxon:9823	NCBITaxon:9823	EFO:0030080
Pig9_CGTAGTAGTACGTAGG.1	Pig9_CGTAGTAGTACGTAGG-1	Pig9	Pericyte	Pericyte	CL:0000669	pig	NCBITaxon:9823	NCBITaxon:9823	EFO:0030080
Pig9_CGTAGTAGTACTCGCG.1	Pig9_CGTAGTAGTACTCGCG-1	Pig9	Beam A	Beam A	CL:0000327	pig	NCBITaxon:9823	NCBITaxon:9823	EFO:0030080
Pig9_CGTAGTAGTGAGATTA.1	Pig9_CGTAGTAGTGAGATTA-1	Pig9	Beam A	Beam A	CL:0000327	pig	NCBITaxon:9823	NCBITaxon:9823	EFO:0030080
Pig9_CGTAGTATCGAGAAGC.1	Pig9_CGTAGTATCGAGAAGC-1	Pig9	Fibroblast	Fibroblast	CL:0000057	pig	NCBITaxon:9823	NCBITaxon:9823	EFO:0030080
Pig9_CGTAGTATCGCCACTT.1	Pig9_CGTAGTATCGCCACTT-1	Pig9	Macrophage	Macrophage	CL:0000235	pig	NCBITaxon:9823	NCBITaxon:9823	EFO:0030080
Pig9_CGTCAAAAGCCTCAAT.1	Pig9_CGTCAAAAGCCTCAAT-1	Pig9	Beam A	Beam A	CL:0000327	pig	NCBITaxon:9823	NCBITaxon:9823	EFO:0030080
Pig9_CGTCAAAGTCCAGGTC.1	Pig9_CGTCAAAGTCCAGGTC-1	Pig9	Fibroblast	Fibroblast	CL:0000057	pig	NCBITaxon:9823	NCBITaxon:9823	EFO:0030080
Pig9_CGTCAAAGTTACTCAG.1	Pig9_CGTCAAAGTTACTCAG-1	Pig9	Fibroblast	Fibroblast	CL:0000057	pig	NCBITaxon:9823	NCBITaxon:9823	EFO:0030080
Pig9_CGTCCATGTAGCTGTT.1	Pig9_CGTCCATGTAGCTGTT-1	Pig9	NK/T cell	NK/T cell	CL:0000814	pig	NCBITaxon:9823	NCBITaxon:9823	EFO:0030080
Pig9_CGTCCATGTTAGAAGT.1	Pig9_CGTCCATGTTAGAAGT-1	Pig9	Beam A	Beam A	CL:0000327	pig	NCBITaxon:9823	NCBITaxon:9823	EFO:0030080
Pig9_CGTCCATGTTCGGTAT.1	Pig9_CGTCCATGTTCGGTAT-1	Pig9	Beam A	Beam A	CL:0000327	pig	NCBITaxon:9823	NCBITaxon:9823	EFO:0030080
Pig9_CGTCCATTCTAGATCG.1	Pig9_CGTCCATTCTAGATCG-1	Pig9	Macrophage	Macrophage	CL:0000235	pig	NCBITaxon:9823	NCBITaxon:9823	EFO:0030080
Pig9_CGTGAATCAGGCGTTC.1	Pig9_CGTGAATCAGGCGTTC-1	Pig9	Beam A	Beam A	CL:0000327	pig	NCBITaxon:9823	NCBITaxon:9823	EFO:0030080
Pig9_CGTGAATGTACAGTTC.1	Pig9_CGTGAATGTACAGTTC-1	Pig9	Beam A	Beam A	CL:0000327	pig	NCBITaxon:9823	NCBITaxon:9823	EFO:0030080
Pig9_CGTGATAAGATAACGT.1	Pig9_CGTGATAAGATAACGT-1	Pig9	Macrophage	Macrophage	CL:0000235	pig	NCBITaxon:9823	NCBITaxon:9823	EFO:0030080
Pig9_CGTGATACAAGCACCC.1	Pig9_CGTGATACAAGCACCC-1	Pig9	Fibroblast	Fibroblast	CL:0000057	pig	NCBITaxon:9823	NCBITaxon:9823	EFO:0030080
Pig9_CGTGATACATCAGCAT.1	Pig9_CGTGATACATCAGCAT-1	Pig9	Beam A	Beam A	CL:0000327	pig	NCBITaxon:9823	NCBITaxon:9823	EFO:0030080
Pig9_CGTGCTTGTGTCCGGT.1	Pig9_CGTGCTTGTGTCCGGT-1	Pig9	Beam A	Beam A	CL:0000327	pig	NCBITaxon:9823	NCBITaxon:9823	EFO:0030080
Pig9_CGTGTCTAGACGGTTG.1	Pig9_CGTGTCTAGACGGTTG-1	Pig9	Beam A	Beam A	CL:0000327	pig	NCBITaxon:9823	NCBITaxon:9823	EFO:0030080
Pig9_CGTGTCTCAGCACCCA.1	Pig9_CGTGTCTCAGCACCCA-1	Pig9	Beam A	Beam A	CL:0000327	pig	NCBITaxon:9823	NCBITaxon:9823	EFO:0030080
Pig9_CGTTAGAAGTAGCTCT.1	Pig9_CGTTAGAAGTAGCTCT-1	Pig9	Ciliary muscle	Ciliary muscle	CL:1000443	pig	NCBITaxon:9823	NCBITaxon:9823	EFO:0030080
Pig9_CGTTAGACATGCCGAC.1	Pig9_CGTTAGACATGCCGAC-1	Pig9	Beam A	Beam A	CL:0000327	pig	NCBITaxon:9823	NCBITaxon:9823	EFO:0030080
Pig9_CGTTAGATCGGTGTAT.1	Pig9_CGTTAGATCGGTGTAT-1	Pig9	Macrophage	Macrophage	CL:0000235	pig	NCBITaxon:9823	NCBITaxon:9823	EFO:0030080
Pig9_CGTTCTGAGCAGAAAG.1	Pig9_CGTTCTGAGCAGAAAG-1	Pig9	Beam A	Beam A	CL:0000327	pig	NCBITaxon:9823	NCBITaxon:9823	EFO:0030080
Pig9_CGTTCTGGTGAGCGAT.1	Pig9_CGTTCTGGTGAGCGAT-1	Pig9	Beam A	Beam A	CL:0000327	pig	NCBITaxon:9823	NCBITaxon:9823	EFO:0030080
Pig9_CGTTCTGGTGTCGCTG.1	Pig9_CGTTCTGGTGTCGCTG-1	Pig9	Macrophage	Macrophage	CL:0000235	pig	NCBITaxon:9823	NCBITaxon:9823	EFO:0030080
Pig9_CGTTCTGTCAGGACGA.1	Pig9_CGTTCTGTCAGGACGA-1	Pig9	Macrophage	Macrophage	CL:0000235	pig	NCBITaxon:9823	NCBITaxon:9823	EFO:0030080
Pig9_CGTTGGGTCATGCCCT.1	Pig9_CGTTGGGTCATGCCCT-1	Pig9	Fibroblast	Fibroblast	CL:0000057	pig	NCBITaxon:9823	NCBITaxon:9823	EFO:0030080
Pig9_CGTTGGGTCCTTTGAT.1	Pig9_CGTTGGGTCCTTTGAT-1	Pig9	Macrophage	Macrophage	CL:0000235	pig	NCBITaxon:9823	NCBITaxon:9823	EFO:0030080
Pig9_CTAACCCCAAATGCGG.1	Pig9_CTAACCCCAAATGCGG-1	Pig9	Macrophage	Macrophage	CL:0000235	pig	NCBITaxon:9823	NCBITaxon:9823	EFO:0030080
Pig9_CTAACCCCAACTCGTA.1	Pig9_CTAACCCCAACTCGTA-1	Pig9	Beam A	Beam A	CL:0000327	pig	NCBITaxon:9823	NCBITaxon:9823	EFO:0030080
Pig9_CTAACCCCAGCTCCTT.1	Pig9_CTAACCCCAGCTCCTT-1	Pig9	Macrophage	Macrophage	CL:0000235	pig	NCBITaxon:9823	NCBITaxon:9823	EFO:0030080
Pig9_CTAACCCGTGCGACAA.1	Pig9_CTAACCCGTGCGACAA-1	Pig9	Beam A	Beam A	CL:0000327	pig	NCBITaxon:9823	NCBITaxon:9823	EFO:0030080
Pig9_CTAACCCTCTCGTCGT.1	Pig9_CTAACCCTCTCGTCGT-1	Pig9	Fibroblast	Fibroblast	CL:0000057	pig	NCBITaxon:9823	NCBITaxon:9823	EFO:0030080
Pig9_CTAACTTTCAGCATTG.1	Pig9_CTAACTTTCAGCATTG-1	Pig9	Beam A	Beam A	CL:0000327	pig	NCBITaxon:9823	NCBITaxon:9823	EFO:0030080
Pig9_CTAACTTTCCTCACGT.1	Pig9_CTAACTTTCCTCACGT-1	Pig9	Beam A	Beam A	CL:0000327	pig	NCBITaxon:9823	NCBITaxon:9823	EFO:0030080
Pig9_CTAAGTGTCGCACGGT.1	Pig9_CTAAGTGTCGCACGGT-1	Pig9	Beam A	Beam A	CL:0000327	pig	NCBITaxon:9823	NCBITaxon:9823	EFO:0030080
Pig9_CTAAGTGTCGTCCTCA.1	Pig9_CTAAGTGTCGTCCTCA-1	Pig9	Macrophage	Macrophage	CL:0000235	pig	NCBITaxon:9823	NCBITaxon:9823	EFO:0030080
Pig9_CTAAGTGTCTTCCAGC.1	Pig9_CTAAGTGTCTTCCAGC-1	Pig9	Fibroblast	Fibroblast	CL:0000057	pig	NCBITaxon:9823	NCBITaxon:9823	EFO:0030080
Pig9_CTACAGACAAATTGGA.1	Pig9_CTACAGACAAATTGGA-1	Pig9	Beam A	Beam A	CL:0000327	pig	NCBITaxon:9823	NCBITaxon:9823	EFO:0030080
Pig9_CTACATTAGGACTAAT.1	Pig9_CTACATTAGGACTAAT-1	Pig9	NK/T cell	NK/T cell	CL:0000814	pig	NCBITaxon:9823	NCBITaxon:9823	EFO:0030080
Pig9_CTACATTCAAGTTTGC.1	Pig9_CTACATTCAAGTTTGC-1	Pig9	Macrophage	Macrophage	CL:0000235	pig	NCBITaxon:9823	NCBITaxon:9823	EFO:0030080
Pig9_CTACATTCACAGTATC.1	Pig9_CTACATTCACAGTATC-1	Pig9	Beam A	Beam A	CL:0000327	pig	NCBITaxon:9823	NCBITaxon:9823	EFO:0030080
Pig9_CTACATTCATATCTCT.1	Pig9_CTACATTCATATCTCT-1	Pig9	Macrophage	Macrophage	CL:0000235	pig	NCBITaxon:9823	NCBITaxon:9823	EFO:0030080
Pig9_CTACATTGTTGTGTAC.1	Pig9_CTACATTGTTGTGTAC-1	Pig9	Beam A	Beam A	CL:0000327	pig	NCBITaxon:9823	NCBITaxon:9823	EFO:0030080
Pig9_CTACCCAAGTCAATCC.1	Pig9_CTACCCAAGTCAATCC-1	Pig9	Beam A	Beam A	CL:0000327	pig	NCBITaxon:9823	NCBITaxon:9823	EFO:0030080
Pig9_CTACCCACACAAATCC.1	Pig9_CTACCCACACAAATCC-1	Pig9	Macrophage	Macrophage	CL:0000235	pig	NCBITaxon:9823	NCBITaxon:9823	EFO:0030080
Pig9_CTACCCAGTGGTCAAG.1	Pig9_CTACCCAGTGGTCAAG-1	Pig9	Beam A	Beam A	CL:0000327	pig	NCBITaxon:9823	NCBITaxon:9823	EFO:0030080
Pig9_CTACCCATCTGCCTCA.1	Pig9_CTACCCATCTGCCTCA-1	Pig9	Beam A	Beam A	CL:0000327	pig	NCBITaxon:9823	NCBITaxon:9823	EFO:0030080
Pig9_CTACCTGAGGTTGTTC.1	Pig9_CTACCTGAGGTTGTTC-1	Pig9	Macrophage	Macrophage	CL:0000235	pig	NCBITaxon:9823	NCBITaxon:9823	EFO:0030080
Pig9_CTACCTGCAATGGGTG.1	Pig9_CTACCTGCAATGGGTG-1	Pig9	Beam A	Beam A	CL:0000327	pig	NCBITaxon:9823	NCBITaxon:9823	EFO:0030080
Pig9_CTACCTGTCATAGACC.1	Pig9_CTACCTGTCATAGACC-1	Pig9	NK/T cell	NK/T cell	CL:0000814	pig	NCBITaxon:9823	NCBITaxon:9823	EFO:0030080
Pig9_CTACGGGAGCTCGTGC.1	Pig9_CTACGGGAGCTCGTGC-1	Pig9	SChlemm's Canal	SChlemm's Canal	CL:0000115	pig	NCBITaxon:9823	NCBITaxon:9823	EFO:0030080
Pig9_CTACGGGCAGCTACAT.1	Pig9_CTACGGGCAGCTACAT-1	Pig9	Fibroblast	Fibroblast	CL:0000057	pig	NCBITaxon:9823	NCBITaxon:9823	EFO:0030080
Pig9_CTACGGGGTAAGGCTG.1	Pig9_CTACGGGGTAAGGCTG-1	Pig9	Macrophage	Macrophage	CL:0000235	pig	NCBITaxon:9823	NCBITaxon:9823	EFO:0030080
Pig9_CTACGGGTCGAGCCAC.1	Pig9_CTACGGGTCGAGCCAC-1	Pig9	Macrophage	Macrophage	CL:0000235	pig	NCBITaxon:9823	NCBITaxon:9823	EFO:0030080
Pig9_CTACTATAGATTAGTG.1	Pig9_CTACTATAGATTAGTG-1	Pig9	Beam A	Beam A	CL:0000327	pig	NCBITaxon:9823	NCBITaxon:9823	EFO:0030080
Pig9_CTACTATCAATCCTAG.1	Pig9_CTACTATCAATCCTAG-1	Pig9	Beam A	Beam A	CL:0000327	pig	NCBITaxon:9823	NCBITaxon:9823	EFO:0030080
Pig9_CTACTATTCTATCGGA.1	Pig9_CTACTATTCTATCGGA-1	Pig9	Fibroblast	Fibroblast	CL:0000057	pig	NCBITaxon:9823	NCBITaxon:9823	EFO:0030080
Pig9_CTAGACAAGACCTCCG.1	Pig9_CTAGACAAGACCTCCG-1	Pig9	Beam A	Beam A	CL:0000327	pig	NCBITaxon:9823	NCBITaxon:9823	EFO:0030080
Pig9_CTAGACACACGGTAGA.1	Pig9_CTAGACACACGGTAGA-1	Pig9	Beam A	Beam A	CL:0000327	pig	NCBITaxon:9823	NCBITaxon:9823	EFO:0030080
Pig9_CTAGACACATGACGTT.1	Pig9_CTAGACACATGACGTT-1	Pig9	Melanocyte	Melanocyte	CL:0000148	pig	NCBITaxon:9823	NCBITaxon:9823	EFO:0030080
Pig9_CTAGACAGTAGCGTTT.1	Pig9_CTAGACAGTAGCGTTT-1	Pig9	Beam A	Beam A	CL:0000327	pig	NCBITaxon:9823	NCBITaxon:9823	EFO:0030080
Pig9_CTAGGTAAGCTAGCCC.1	Pig9_CTAGGTAAGCTAGCCC-1	Pig9	Beam A	Beam A	CL:0000327	pig	NCBITaxon:9823	NCBITaxon:9823	EFO:0030080
Pig9_CTAGGTAAGTAGGTTA.1	Pig9_CTAGGTAAGTAGGTTA-1	Pig9	Macrophage	Macrophage	CL:0000235	pig	NCBITaxon:9823	NCBITaxon:9823	EFO:0030080
Pig9_CTAGGTACACCTGAAT.1	Pig9_CTAGGTACACCTGAAT-1	Pig9	Beam A	Beam A	CL:0000327	pig	NCBITaxon:9823	NCBITaxon:9823	EFO:0030080
Pig9_CTAGGTAGTTCGAGCC.1	Pig9_CTAGGTAGTTCGAGCC-1	Pig9	Macrophage	Macrophage	CL:0000235	pig	NCBITaxon:9823	NCBITaxon:9823	EFO:0030080
Pig9_CTAGGTATCCAGGACC.1	Pig9_CTAGGTATCCAGGACC-1	Pig9	Beam A	Beam A	CL:0000327	pig	NCBITaxon:9823	NCBITaxon:9823	EFO:0030080
Pig9_CTAGGTATCTATTCGT.1	Pig9_CTAGGTATCTATTCGT-1	Pig9	Beam A	Beam A	CL:0000327	pig	NCBITaxon:9823	NCBITaxon:9823	EFO:0030080
Pig9_CTATAGGTCTGGAGAG.1	Pig9_CTATAGGTCTGGAGAG-1	Pig9	Fibroblast	Fibroblast	CL:0000057	pig	NCBITaxon:9823	NCBITaxon:9823	EFO:0030080
Pig9_CTATAGGTCTGTACAG.1	Pig9_CTATAGGTCTGTACAG-1	Pig9	Beam A	Beam A	CL:0000327	pig	NCBITaxon:9823	NCBITaxon:9823	EFO:0030080
Pig9_CTATCCGAGCAAGCCA.1	Pig9_CTATCCGAGCAAGCCA-1	Pig9	Macrophage	Macrophage	CL:0000235	pig	NCBITaxon:9823	NCBITaxon:9823	EFO:0030080
Pig9_CTATCCGCACTGGATT.1	Pig9_CTATCCGCACTGGATT-1	Pig9	Macrophage	Macrophage	CL:0000235	pig	NCBITaxon:9823	NCBITaxon:9823	EFO:0030080
Pig9_CTATCCGCAGAATCGG.1	Pig9_CTATCCGCAGAATCGG-1	Pig9	Corneal endothelium	Corneal endothelium	CL:0000132	pig	NCBITaxon:9823	NCBITaxon:9823	EFO:0030080
Pig9_CTATCCGGTAACAGGC.1	Pig9_CTATCCGGTAACAGGC-1	Pig9	Macrophage	Macrophage	CL:0000235	pig	NCBITaxon:9823	NCBITaxon:9823	EFO:0030080
Pig9_CTATCCGGTGAACTAA.1	Pig9_CTATCCGGTGAACTAA-1	Pig9	Beam A	Beam A	CL:0000327	pig	NCBITaxon:9823	NCBITaxon:9823	EFO:0030080
Pig9_CTATCCGGTTACCTGA.1	Pig9_CTATCCGGTTACCTGA-1	Pig9	Beam A	Beam A	CL:0000327	pig	NCBITaxon:9823	NCBITaxon:9823	EFO:0030080
Pig9_CTATCTACAGCGTAGA.1	Pig9_CTATCTACAGCGTAGA-1	Pig9	Beam A	Beam A	CL:0000327	pig	NCBITaxon:9823	NCBITaxon:9823	EFO:0030080
Pig9_CTCAAGACATTGACCA.1	Pig9_CTCAAGACATTGACCA-1	Pig9	Beam A	Beam A	CL:0000327	pig	NCBITaxon:9823	NCBITaxon:9823	EFO:0030080
Pig9_CTCAATTAGCAGGCAT.1	Pig9_CTCAATTAGCAGGCAT-1	Pig9	Macrophage	Macrophage	CL:0000235	pig	NCBITaxon:9823	NCBITaxon:9823	EFO:0030080
Pig9_CTCAATTAGCCAAGTG.1	Pig9_CTCAATTAGCCAAGTG-1	Pig9	Macrophage	Macrophage	CL:0000235	pig	NCBITaxon:9823	NCBITaxon:9823	EFO:0030080
Pig9_CTCAATTAGTCGGCAA.1	Pig9_CTCAATTAGTCGGCAA-1	Pig9	Macrophage	Macrophage	CL:0000235	pig	NCBITaxon:9823	NCBITaxon:9823	EFO:0030080
Pig9_CTCAATTGTCGACTTA.1	Pig9_CTCAATTGTCGACTTA-1	Pig9	Macrophage	Macrophage	CL:0000235	pig	NCBITaxon:9823	NCBITaxon:9823	EFO:0030080
Pig9_CTCAATTGTGAGCAGT.1	Pig9_CTCAATTGTGAGCAGT-1	Pig9	Beam A	Beam A	CL:0000327	pig	NCBITaxon:9823	NCBITaxon:9823	EFO:0030080
Pig9_CTCAATTGTTCTGACA.1	Pig9_CTCAATTGTTCTGACA-1	Pig9	Pericyte	Pericyte	CL:0000669	pig	NCBITaxon:9823	NCBITaxon:9823	EFO:0030080
Pig9_CTCAATTTCAAGTGGG.1	Pig9_CTCAATTTCAAGTGGG-1	Pig9	Beam A	Beam A	CL:0000327	pig	NCBITaxon:9823	NCBITaxon:9823	EFO:0030080
Pig9_CTCAATTTCGACCCAG.1	Pig9_CTCAATTTCGACCCAG-1	Pig9	NK/T cell	NK/T cell	CL:0000814	pig	NCBITaxon:9823	NCBITaxon:9823	EFO:0030080
Pig9_CTCACTGAGAATACAC.1	Pig9_CTCACTGAGAATACAC-1	Pig9	Macrophage	Macrophage	CL:0000235	pig	NCBITaxon:9823	NCBITaxon:9823	EFO:0030080
Pig9_CTCACTGGTACCTTCC.1	Pig9_CTCACTGGTACCTTCC-1	Pig9	Beam A	Beam A	CL:0000327	pig	NCBITaxon:9823	NCBITaxon:9823	EFO:0030080
Pig9_CTCACTGTCGATACTG.1	Pig9_CTCACTGTCGATACTG-1	Pig9	NK/T cell	NK/T cell	CL:0000814	pig	NCBITaxon:9823	NCBITaxon:9823	EFO:0030080
Pig9_CTCAGAACACTGGCCA.1	Pig9_CTCAGAACACTGGCCA-1	Pig9	NK/T cell	NK/T cell	CL:0000814	pig	NCBITaxon:9823	NCBITaxon:9823	EFO:0030080
Pig9_CTCAGGGAGTATAGAC.1	Pig9_CTCAGGGAGTATAGAC-1	Pig9	Fibroblast	Fibroblast	CL:0000057	pig	NCBITaxon:9823	NCBITaxon:9823	EFO:0030080
Pig9_CTCAGGGAGTCTCGTA.1	Pig9_CTCAGGGAGTCTCGTA-1	Pig9	Macrophage	Macrophage	CL:0000235	pig	NCBITaxon:9823	NCBITaxon:9823	EFO:0030080
Pig9_CTCAGGGCAAGCCCAC.1	Pig9_CTCAGGGCAAGCCCAC-1	Pig9	Beam A	Beam A	CL:0000327	pig	NCBITaxon:9823	NCBITaxon:9823	EFO:0030080
Pig9_CTCAGGGCAGCATCTA.1	Pig9_CTCAGGGCAGCATCTA-1	Pig9	Macrophage	Macrophage	CL:0000235	pig	NCBITaxon:9823	NCBITaxon:9823	EFO:0030080
Pig9_CTCAGGGGTTAAGGAT.1	Pig9_CTCAGGGGTTAAGGAT-1	Pig9	Beam A	Beam A	CL:0000327	pig	NCBITaxon:9823	NCBITaxon:9823	EFO:0030080
Pig9_CTCAGTCAGGCTTCCG.1	Pig9_CTCAGTCAGGCTTCCG-1	Pig9	Beam A	Beam A	CL:0000327	pig	NCBITaxon:9823	NCBITaxon:9823	EFO:0030080
Pig9_CTCAGTCCAAGAGGCT.1	Pig9_CTCAGTCCAAGAGGCT-1	Pig9	Beam A	Beam A	CL:0000327	pig	NCBITaxon:9823	NCBITaxon:9823	EFO:0030080
Pig9_CTCAGTCGTCTTACTT.1	Pig9_CTCAGTCGTCTTACTT-1	Pig9	Beam A	Beam A	CL:0000327	pig	NCBITaxon:9823	NCBITaxon:9823	EFO:0030080
Pig9_CTCAGTCTCCGTGCGA.1	Pig9_CTCAGTCTCCGTGCGA-1	Pig9	Macrophage	Macrophage	CL:0000235	pig	NCBITaxon:9823	NCBITaxon:9823	EFO:0030080
Pig9_CTCAGTCTCGAAGGAC.1	Pig9_CTCAGTCTCGAAGGAC-1	Pig9	Beam A	Beam A	CL:0000327	pig	NCBITaxon:9823	NCBITaxon:9823	EFO:0030080
Pig9_CTCATCGAGCGGACAT.1	Pig9_CTCATCGAGCGGACAT-1	Pig9	Macrophage	Macrophage	CL:0000235	pig	NCBITaxon:9823	NCBITaxon:9823	EFO:0030080
Pig9_CTCATCGAGGGAGTTC.1	Pig9_CTCATCGAGGGAGTTC-1	Pig9	Beam A	Beam A	CL:0000327	pig	NCBITaxon:9823	NCBITaxon:9823	EFO:0030080
Pig9_CTCATCGGTCGTACAT.1	Pig9_CTCATCGGTCGTACAT-1	Pig9	Macrophage	Macrophage	CL:0000235	pig	NCBITaxon:9823	NCBITaxon:9823	EFO:0030080
Pig9_CTCATCGTCATGAGGG.1	Pig9_CTCATCGTCATGAGGG-1	Pig9	Macrophage	Macrophage	CL:0000235	pig	NCBITaxon:9823	NCBITaxon:9823	EFO:0030080
Pig9_CTCATCGTCTAACACG.1	Pig9_CTCATCGTCTAACACG-1	Pig9	Macrophage	Macrophage	CL:0000235	pig	NCBITaxon:9823	NCBITaxon:9823	EFO:0030080
Pig9_CTCATGCAGCGATGGT.1	Pig9_CTCATGCAGCGATGGT-1	Pig9	Beam A	Beam A	CL:0000327	pig	NCBITaxon:9823	NCBITaxon:9823	EFO:0030080
Pig9_CTCATGCTCCGGTTCT.1	Pig9_CTCATGCTCCGGTTCT-1	Pig9	Fibroblast	Fibroblast	CL:0000057	pig	NCBITaxon:9823	NCBITaxon:9823	EFO:0030080
Pig9_CTCATTACAGCGTTGC.1	Pig9_CTCATTACAGCGTTGC-1	Pig9	Beam A	Beam A	CL:0000327	pig	NCBITaxon:9823	NCBITaxon:9823	EFO:0030080
Pig9_CTCATTAGTAACGATA.1	Pig9_CTCATTAGTAACGATA-1	Pig9	Beam A	Beam A	CL:0000327	pig	NCBITaxon:9823	NCBITaxon:9823	EFO:0030080
Pig9_CTCATTATCCACTGGG.1	Pig9_CTCATTATCCACTGGG-1	Pig9	Beam A	Beam A	CL:0000327	pig	NCBITaxon:9823	NCBITaxon:9823	EFO:0030080
Pig9_CTCATTATCGCAGTTA.1	Pig9_CTCATTATCGCAGTTA-1	Pig9	Beam A	Beam A	CL:0000327	pig	NCBITaxon:9823	NCBITaxon:9823	EFO:0030080
Pig9_CTCCAACCAAGACCTT.1	Pig9_CTCCAACCAAGACCTT-1	Pig9	Beam A	Beam A	CL:0000327	pig	NCBITaxon:9823	NCBITaxon:9823	EFO:0030080
Pig9_CTCCAACCACGTACTA.1	Pig9_CTCCAACCACGTACTA-1	Pig9	Fibroblast	Fibroblast	CL:0000057	pig	NCBITaxon:9823	NCBITaxon:9823	EFO:0030080
Pig9_CTCCAACGTACCGCGT.1	Pig9_CTCCAACGTACCGCGT-1	Pig9	Macrophage	Macrophage	CL:0000235	pig	NCBITaxon:9823	NCBITaxon:9823	EFO:0030080
Pig9_CTCCAACTCGATTTCT.1	Pig9_CTCCAACTCGATTTCT-1	Pig9	Pericyte	Pericyte	CL:0000669	pig	NCBITaxon:9823	NCBITaxon:9823	EFO:0030080
Pig9_CTCCACAAGGTAAGAG.1	Pig9_CTCCACAAGGTAAGAG-1	Pig9	Macrophage	Macrophage	CL:0000235	pig	NCBITaxon:9823	NCBITaxon:9823	EFO:0030080
Pig9_CTCCACATCCTTCTTC.1	Pig9_CTCCACATCCTTCTTC-1	Pig9	Beam A	Beam A	CL:0000327	pig	NCBITaxon:9823	NCBITaxon:9823	EFO:0030080
Pig9_CTCCACATCTACCTTA.1	Pig9_CTCCACATCTACCTTA-1	Pig9	Beam A	Beam A	CL:0000327	pig	NCBITaxon:9823	NCBITaxon:9823	EFO:0030080
Pig9_CTCCATGCAGACCCGT.1	Pig9_CTCCATGCAGACCCGT-1	Pig9	Fibroblast	Fibroblast	CL:0000057	pig	NCBITaxon:9823	NCBITaxon:9823	EFO:0030080
Pig9_CTCCATGTCGTGGAAG.1	Pig9_CTCCATGTCGTGGAAG-1	Pig9	Beam A	Beam A	CL:0000327	pig	NCBITaxon:9823	NCBITaxon:9823	EFO:0030080
Pig9_CTCCATGTCGTTACCC.1	Pig9_CTCCATGTCGTTACCC-1	Pig9	SChlemm's Canal	SChlemm's Canal	CL:0000115	pig	NCBITaxon:9823	NCBITaxon:9823	EFO:0030080
Pig9_CTCCCAACATCCTTGC.1	Pig9_CTCCCAACATCCTTGC-1	Pig9	Beam A	Beam A	CL:0000327	pig	NCBITaxon:9823	NCBITaxon:9823	EFO:0030080
Pig9_CTCCCTCAGGAACATT.1	Pig9_CTCCCTCAGGAACATT-1	Pig9	Macrophage	Macrophage	CL:0000235	pig	NCBITaxon:9823	NCBITaxon:9823	EFO:0030080
Pig9_CTCCCTCCAAGAGTAT.1	Pig9_CTCCCTCCAAGAGTAT-1	Pig9	Beam A	Beam A	CL:0000327	pig	NCBITaxon:9823	NCBITaxon:9823	EFO:0030080
Pig9_CTCCCTCTCGAGAACG.1	Pig9_CTCCCTCTCGAGAACG-1	Pig9	Beam A	Beam A	CL:0000327	pig	NCBITaxon:9823	NCBITaxon:9823	EFO:0030080
Pig9_CTCCCTCTCGCATTGA.1	Pig9_CTCCCTCTCGCATTGA-1	Pig9	Macrophage	Macrophage	CL:0000235	pig	NCBITaxon:9823	NCBITaxon:9823	EFO:0030080
Pig9_CTCCGATCATGCAGCC.1	Pig9_CTCCGATCATGCAGCC-1	Pig9	Fibroblast	Fibroblast	CL:0000057	pig	NCBITaxon:9823	NCBITaxon:9823	EFO:0030080
Pig9_CTCCTCCAGCAGGCTA.1	Pig9_CTCCTCCAGCAGGCTA-1	Pig9	Beam A	Beam A	CL:0000327	pig	NCBITaxon:9823	NCBITaxon:9823	EFO:0030080
Pig9_CTCCTCCCACGTGTGC.1	Pig9_CTCCTCCCACGTGTGC-1	Pig9	Beam A	Beam A	CL:0000327	pig	NCBITaxon:9823	NCBITaxon:9823	EFO:0030080
Pig9_CTCCTCCCATCCCACT.1	Pig9_CTCCTCCCATCCCACT-1	Pig9	Melanocyte	Melanocyte	CL:0000148	pig	NCBITaxon:9823	NCBITaxon:9823	EFO:0030080
Pig9_CTCCTCCTCGGTTAGT.1	Pig9_CTCCTCCTCGGTTAGT-1	Pig9	Fibroblast	Fibroblast	CL:0000057	pig	NCBITaxon:9823	NCBITaxon:9823	EFO:0030080
Pig9_CTCCTTTAGCACCTGC.1	Pig9_CTCCTTTAGCACCTGC-1	Pig9	Beam A	Beam A	CL:0000327	pig	NCBITaxon:9823	NCBITaxon:9823	EFO:0030080
Pig9_CTCCTTTTCGTAGTGT.1	Pig9_CTCCTTTTCGTAGTGT-1	Pig9	Macrophage	Macrophage	CL:0000235	pig	NCBITaxon:9823	NCBITaxon:9823	EFO:0030080
Pig9_CTCGAGGGTAAGCGGT.1	Pig9_CTCGAGGGTAAGCGGT-1	Pig9	Fibroblast	Fibroblast	CL:0000057	pig	NCBITaxon:9823	NCBITaxon:9823	EFO:0030080
Pig9_CTCGAGGGTTATAGCC.1	Pig9_CTCGAGGGTTATAGCC-1	Pig9	Beam A	Beam A	CL:0000327	pig	NCBITaxon:9823	NCBITaxon:9823	EFO:0030080
Pig9_CTCGAGGTCAGTAGGG.1	Pig9_CTCGAGGTCAGTAGGG-1	Pig9	Macrophage	Macrophage	CL:0000235	pig	NCBITaxon:9823	NCBITaxon:9823	EFO:0030080
Pig9_CTCGAGGTCTGCGGAC.1	Pig9_CTCGAGGTCTGCGGAC-1	Pig9	Fibroblast	Fibroblast	CL:0000057	pig	NCBITaxon:9823	NCBITaxon:9823	EFO:0030080
Pig9_CTCTCAGAGCGTATGG.1	Pig9_CTCTCAGAGCGTATGG-1	Pig9	Beam A	Beam A	CL:0000327	pig	NCBITaxon:9823	NCBITaxon:9823	EFO:0030080
Pig9_CTCTCAGGTACCCGCA.1	Pig9_CTCTCAGGTACCCGCA-1	Pig9	Fibroblast	Fibroblast	CL:0000057	pig	NCBITaxon:9823	NCBITaxon:9823	EFO:0030080
Pig9_CTCTCAGGTTTGCCGG.1	Pig9_CTCTCAGGTTTGCCGG-1	Pig9	Fibroblast	Fibroblast	CL:0000057	pig	NCBITaxon:9823	NCBITaxon:9823	EFO:0030080
Pig9_CTCTCGAGTAGACGTG.1	Pig9_CTCTCGAGTAGACGTG-1	Pig9	Beam A	Beam A	CL:0000327	pig	NCBITaxon:9823	NCBITaxon:9823	EFO:0030080
Pig9_CTCTGGTAGTGCTCGC.1	Pig9_CTCTGGTAGTGCTCGC-1	Pig9	Beam A	Beam A	CL:0000327	pig	NCBITaxon:9823	NCBITaxon:9823	EFO:0030080
Pig9_CTGAATGAGCCATATC.1	Pig9_CTGAATGAGCCATATC-1	Pig9	Beam A	Beam A	CL:0000327	pig	NCBITaxon:9823	NCBITaxon:9823	EFO:0030080
Pig9_CTGATCCAGGCCTTCG.1	Pig9_CTGATCCAGGCCTTCG-1	Pig9	Beam A	Beam A	CL:0000327	pig	NCBITaxon:9823	NCBITaxon:9823	EFO:0030080
Pig9_CTGATCCGTTCTCACC.1	Pig9_CTGATCCGTTCTCACC-1	Pig9	Beam A	Beam A	CL:0000327	pig	NCBITaxon:9823	NCBITaxon:9823	EFO:0030080
Pig9_CTGCATCAGAGTGACC.1	Pig9_CTGCATCAGAGTGACC-1	Pig9	Beam A	Beam A	CL:0000327	pig	NCBITaxon:9823	NCBITaxon:9823	EFO:0030080
Pig9_CTGCATCGTCCGGACT.1	Pig9_CTGCATCGTCCGGACT-1	Pig9	Macrophage	Macrophage	CL:0000235	pig	NCBITaxon:9823	NCBITaxon:9823	EFO:0030080
Pig9_CTGCCATCAGGCTACC.1	Pig9_CTGCCATCAGGCTACC-1	Pig9	Macrophage	Macrophage	CL:0000235	pig	NCBITaxon:9823	NCBITaxon:9823	EFO:0030080
Pig9_CTGCCATCATACAGAA.1	Pig9_CTGCCATCATACAGAA-1	Pig9	Melanocyte	Melanocyte	CL:0000148	pig	NCBITaxon:9823	NCBITaxon:9823	EFO:0030080
Pig9_CTGCCATTCCATAAGC.1	Pig9_CTGCCATTCCATAAGC-1	Pig9	Beam A	Beam A	CL:0000327	pig	NCBITaxon:9823	NCBITaxon:9823	EFO:0030080
Pig9_CTGCCTAGTTAGGCTT.1	Pig9_CTGCCTAGTTAGGCTT-1	Pig9	Fibroblast	Fibroblast	CL:0000057	pig	NCBITaxon:9823	NCBITaxon:9823	EFO:0030080
Pig9_CTGCCTATCTCGGCTT.1	Pig9_CTGCCTATCTCGGCTT-1	Pig9	Beam A	Beam A	CL:0000327	pig	NCBITaxon:9823	NCBITaxon:9823	EFO:0030080
Pig9_CTGCGAGTCGAGATAA.1	Pig9_CTGCGAGTCGAGATAA-1	Pig9	Macrophage	Macrophage	CL:0000235	pig	NCBITaxon:9823	NCBITaxon:9823	EFO:0030080
Pig9_CTGCTCAAGAAGTGTT.1	Pig9_CTGCTCAAGAAGTGTT-1	Pig9	Fibroblast	Fibroblast	CL:0000057	pig	NCBITaxon:9823	NCBITaxon:9823	EFO:0030080
Pig9_CTGCTCAGTCTGCATA.1	Pig9_CTGCTCAGTCTGCATA-1	Pig9	Beam A	Beam A	CL:0000327	pig	NCBITaxon:9823	NCBITaxon:9823	EFO:0030080
Pig9_CTGCTCATCAATCTTC.1	Pig9_CTGCTCATCAATCTTC-1	Pig9	Macrophage	Macrophage	CL:0000235	pig	NCBITaxon:9823	NCBITaxon:9823	EFO:0030080
Pig9_CTGCTCATCGGTAACT.1	Pig9_CTGCTCATCGGTAACT-1	Pig9	Macrophage	Macrophage	CL:0000235	pig	NCBITaxon:9823	NCBITaxon:9823	EFO:0030080
Pig9_CTGGACGTCAAGTCGT.1	Pig9_CTGGACGTCAAGTCGT-1	Pig9	Beam A	Beam A	CL:0000327	pig	NCBITaxon:9823	NCBITaxon:9823	EFO:0030080
Pig9_CTGGCAGAGGCGAACT.1	Pig9_CTGGCAGAGGCGAACT-1	Pig9	SChlemm's Canal	SChlemm's Canal	CL:0000115	pig	NCBITaxon:9823	NCBITaxon:9823	EFO:0030080
Pig9_CTGGCAGAGTTGGACG.1	Pig9_CTGGCAGAGTTGGACG-1	Pig9	Beam A	Beam A	CL:0000327	pig	NCBITaxon:9823	NCBITaxon:9823	EFO:0030080
Pig9_CTGGCAGGTTTACTTC.1	Pig9_CTGGCAGGTTTACTTC-1	Pig9	Macrophage	Macrophage	CL:0000235	pig	NCBITaxon:9823	NCBITaxon:9823	EFO:0030080
Pig9_CTGGCAGTCCGTACGG.1	Pig9_CTGGCAGTCCGTACGG-1	Pig9	Fibroblast	Fibroblast	CL:0000057	pig	NCBITaxon:9823	NCBITaxon:9823	EFO:0030080
Pig9_CTGGTCTTCACACGAT.1	Pig9_CTGGTCTTCACACGAT-1	Pig9	Macrophage	Macrophage	CL:0000235	pig	NCBITaxon:9823	NCBITaxon:9823	EFO:0030080
Pig9_CTGGTCTTCGGAGTGA.1	Pig9_CTGGTCTTCGGAGTGA-1	Pig9	Fibroblast	Fibroblast	CL:0000057	pig	NCBITaxon:9823	NCBITaxon:9823	EFO:0030080
Pig9_CTGTACCAGGAAAGAC.1	Pig9_CTGTACCAGGAAAGAC-1	Pig9	NK/T cell	NK/T cell	CL:0000814	pig	NCBITaxon:9823	NCBITaxon:9823	EFO:0030080
Pig9_CTGTACCCATAAGCAA.1	Pig9_CTGTACCCATAAGCAA-1	Pig9	Beam A	Beam A	CL:0000327	pig	NCBITaxon:9823	NCBITaxon:9823	EFO:0030080
Pig9_CTGTACCGTATGGAGC.1	Pig9_CTGTACCGTATGGAGC-1	Pig9	Beam A	Beam A	CL:0000327	pig	NCBITaxon:9823	NCBITaxon:9823	EFO:0030080
Pig9_CTGTAGAAGTAGCAAT.1	Pig9_CTGTAGAAGTAGCAAT-1	Pig9	NK/T cell	NK/T cell	CL:0000814	pig	NCBITaxon:9823	NCBITaxon:9823	EFO:0030080
Pig9_CTGTAGATCCCAGGCA.1	Pig9_CTGTAGATCCCAGGCA-1	Pig9	Beam A	Beam A	CL:0000327	pig	NCBITaxon:9823	NCBITaxon:9823	EFO:0030080
Pig9_CTGTAGATCGTGTGAT.1	Pig9_CTGTAGATCGTGTGAT-1	Pig9	Beam A	Beam A	CL:0000327	pig	NCBITaxon:9823	NCBITaxon:9823	EFO:0030080
Pig9_CTGTATTAGCAGATAT.1	Pig9_CTGTATTAGCAGATAT-1	Pig9	Fibroblast	Fibroblast	CL:0000057	pig	NCBITaxon:9823	NCBITaxon:9823	EFO:0030080
Pig9_CTGTATTCAAGACCTT.1	Pig9_CTGTATTCAAGACCTT-1	Pig9	SChlemm's Canal	SChlemm's Canal	CL:0000115	pig	NCBITaxon:9823	NCBITaxon:9823	EFO:0030080
Pig9_CTGTATTCACTACACA.1	Pig9_CTGTATTCACTACACA-1	Pig9	Macrophage	Macrophage	CL:0000235	pig	NCBITaxon:9823	NCBITaxon:9823	EFO:0030080
Pig9_CTGTATTTCTATACTC.1	Pig9_CTGTATTTCTATACTC-1	Pig9	Beam A	Beam A	CL:0000327	pig	NCBITaxon:9823	NCBITaxon:9823	EFO:0030080
Pig9_CTGTCGTAGAAGCTCG.1	Pig9_CTGTCGTAGAAGCTCG-1	Pig9	Macrophage	Macrophage	CL:0000235	pig	NCBITaxon:9823	NCBITaxon:9823	EFO:0030080
Pig9_CTGTCGTCATCGCTCT.1	Pig9_CTGTCGTCATCGCTCT-1	Pig9	Beam A	Beam A	CL:0000327	pig	NCBITaxon:9823	NCBITaxon:9823	EFO:0030080
Pig9_CTGTGAAAGGTAGGCT.1	Pig9_CTGTGAAAGGTAGGCT-1	Pig9	Ciliary muscle	Ciliary muscle	CL:1000443	pig	NCBITaxon:9823	NCBITaxon:9823	EFO:0030080
Pig9_CTGTGGGAGCTCTGTA.1	Pig9_CTGTGGGAGCTCTGTA-1	Pig9	Macrophage	Macrophage	CL:0000235	pig	NCBITaxon:9823	NCBITaxon:9823	EFO:0030080
Pig9_CTGTGGGCACTGGCGT.1	Pig9_CTGTGGGCACTGGCGT-1	Pig9	Beam A	Beam A	CL:0000327	pig	NCBITaxon:9823	NCBITaxon:9823	EFO:0030080
Pig9_CTGTGGGGTACAGAGC.1	Pig9_CTGTGGGGTACAGAGC-1	Pig9	Beam A	Beam A	CL:0000327	pig	NCBITaxon:9823	NCBITaxon:9823	EFO:0030080
Pig9_CTGTGGGGTCCGCAGT.1	Pig9_CTGTGGGGTCCGCAGT-1	Pig9	Beam A	Beam A	CL:0000327	pig	NCBITaxon:9823	NCBITaxon:9823	EFO:0030080
Pig9_CTGTGGGGTGCTATTG.1	Pig9_CTGTGGGGTGCTATTG-1	Pig9	Macrophage	Macrophage	CL:0000235	pig	NCBITaxon:9823	NCBITaxon:9823	EFO:0030080
Pig9_CTGTGGGTCCCAATAG.1	Pig9_CTGTGGGTCCCAATAG-1	Pig9	Macrophage	Macrophage	CL:0000235	pig	NCBITaxon:9823	NCBITaxon:9823	EFO:0030080
Pig9_CTTACCGAGAGTCCGA.1	Pig9_CTTACCGAGAGTCCGA-1	Pig9	Macrophage	Macrophage	CL:0000235	pig	NCBITaxon:9823	NCBITaxon:9823	EFO:0030080
Pig9_CTTACCGAGGATTCAA.1	Pig9_CTTACCGAGGATTCAA-1	Pig9	Macrophage	Macrophage	CL:0000235	pig	NCBITaxon:9823	NCBITaxon:9823	EFO:0030080
Pig9_CTTACCGTCCCAGCGA.1	Pig9_CTTACCGTCCCAGCGA-1	Pig9	Macrophage	Macrophage	CL:0000235	pig	NCBITaxon:9823	NCBITaxon:9823	EFO:0030080
Pig9_CTTAGGACAACTGCCG.1	Pig9_CTTAGGACAACTGCCG-1	Pig9	Macrophage	Macrophage	CL:0000235	pig	NCBITaxon:9823	NCBITaxon:9823	EFO:0030080
Pig9_CTTAGGAGTTGTATGC.1	Pig9_CTTAGGAGTTGTATGC-1	Pig9	Macrophage	Macrophage	CL:0000235	pig	NCBITaxon:9823	NCBITaxon:9823	EFO:0030080
Pig9_CTTAGGATCAAGAATG.1	Pig9_CTTAGGATCAAGAATG-1	Pig9	Pericyte	Pericyte	CL:0000669	pig	NCBITaxon:9823	NCBITaxon:9823	EFO:0030080
Pig9_CTTCAATCAGTGAGCA.1	Pig9_CTTCAATCAGTGAGCA-1	Pig9	Beam A	Beam A	CL:0000327	pig	NCBITaxon:9823	NCBITaxon:9823	EFO:0030080
Pig9_CTTCAATGTCCGTTTC.1	Pig9_CTTCAATGTCCGTTTC-1	Pig9	Beam A	Beam A	CL:0000327	pig	NCBITaxon:9823	NCBITaxon:9823	EFO:0030080
Pig9_CTTCAATGTGGCTTAT.1	Pig9_CTTCAATGTGGCTTAT-1	Pig9	Fibroblast	Fibroblast	CL:0000057	pig	NCBITaxon:9823	NCBITaxon:9823	EFO:0030080
Pig9_CTTCCTTAGACTTCCA.1	Pig9_CTTCCTTAGACTTCCA-1	Pig9	Beam A	Beam A	CL:0000327	pig	NCBITaxon:9823	NCBITaxon:9823	EFO:0030080
Pig9_CTTCGGTAGGTGCTGA.1	Pig9_CTTCGGTAGGTGCTGA-1	Pig9	SChlemm's Canal	SChlemm's Canal	CL:0000115	pig	NCBITaxon:9823	NCBITaxon:9823	EFO:0030080
Pig9_CTTCGGTCAGCAGTGA.1	Pig9_CTTCGGTCAGCAGTGA-1	Pig9	Macrophage	Macrophage	CL:0000235	pig	NCBITaxon:9823	NCBITaxon:9823	EFO:0030080
Pig9_CTTCTAACAATTTCGG.1	Pig9_CTTCTAACAATTTCGG-1	Pig9	Beam A	Beam A	CL:0000327	pig	NCBITaxon:9823	NCBITaxon:9823	EFO:0030080
Pig9_CTTCTAATCTAGTGTG.1	Pig9_CTTCTAATCTAGTGTG-1	Pig9	Ciliary muscle	Ciliary muscle	CL:1000443	pig	NCBITaxon:9823	NCBITaxon:9823	EFO:0030080
Pig9_CTTCTCTAGACGCCCT.1	Pig9_CTTCTCTAGACGCCCT-1	Pig9	Macrophage	Macrophage	CL:0000235	pig	NCBITaxon:9823	NCBITaxon:9823	EFO:0030080
Pig9_CTTCTCTGTCTGTGCG.1	Pig9_CTTCTCTGTCTGTGCG-1	Pig9	Beam A	Beam A	CL:0000327	pig	NCBITaxon:9823	NCBITaxon:9823	EFO:0030080
Pig9_CTTCTCTGTTCAATCG.1	Pig9_CTTCTCTGTTCAATCG-1	Pig9	Fibroblast	Fibroblast	CL:0000057	pig	NCBITaxon:9823	NCBITaxon:9823	EFO:0030080
Pig9_CTTGAGAAGATACAGT.1	Pig9_CTTGAGAAGATACAGT-1	Pig9	SChlemm's Canal	SChlemm's Canal	CL:0000115	pig	NCBITaxon:9823	NCBITaxon:9823	EFO:0030080
Pig9_CTTGAGACACACGCCA.1	Pig9_CTTGAGACACACGCCA-1	Pig9	Beam A	Beam A	CL:0000327	pig	NCBITaxon:9823	NCBITaxon:9823	EFO:0030080
Pig9_CTTGAGAGTAACATCC.1	Pig9_CTTGAGAGTAACATCC-1	Pig9	Macrophage	Macrophage	CL:0000235	pig	NCBITaxon:9823	NCBITaxon:9823	EFO:0030080
Pig9_CTTGATTAGCAGAAAG.1	Pig9_CTTGATTAGCAGAAAG-1	Pig9	Beam A	Beam A	CL:0000327	pig	NCBITaxon:9823	NCBITaxon:9823	EFO:0030080
Pig9_CTTTCAAAGCATTTGC.1	Pig9_CTTTCAAAGCATTTGC-1	Pig9	Fibroblast	Fibroblast	CL:0000057	pig	NCBITaxon:9823	NCBITaxon:9823	EFO:0030080
Pig9_CTTTCAAAGGCGTTGA.1	Pig9_CTTTCAAAGGCGTTGA-1	Pig9	Beam A	Beam A	CL:0000327	pig	NCBITaxon:9823	NCBITaxon:9823	EFO:0030080
Pig9_CTTTCGGAGCCAAGCA.1	Pig9_CTTTCGGAGCCAAGCA-1	Pig9	Fibroblast	Fibroblast	CL:0000057	pig	NCBITaxon:9823	NCBITaxon:9823	EFO:0030080
Pig9_CTTTCGGCAAGTTTGC.1	Pig9_CTTTCGGCAAGTTTGC-1	Pig9	Macrophage	Macrophage	CL:0000235	pig	NCBITaxon:9823	NCBITaxon:9823	EFO:0030080
Pig9_CTTTCGGCACTTCTCG.1	Pig9_CTTTCGGCACTTCTCG-1	Pig9	Fibroblast	Fibroblast	CL:0000057	pig	NCBITaxon:9823	NCBITaxon:9823	EFO:0030080
Pig9_CTTTCGGCATTCTCCG.1	Pig9_CTTTCGGCATTCTCCG-1	Pig9	Beam A	Beam A	CL:0000327	pig	NCBITaxon:9823	NCBITaxon:9823	EFO:0030080
Pig9_CTTTCGGGTGAATATG.1	Pig9_CTTTCGGGTGAATATG-1	Pig9	Fibroblast	Fibroblast	CL:0000057	pig	NCBITaxon:9823	NCBITaxon:9823	EFO:0030080
Pig9_CTTTCGGTCACTACGA.1	Pig9_CTTTCGGTCACTACGA-1	Pig9	Beam A	Beam A	CL:0000327	pig	NCBITaxon:9823	NCBITaxon:9823	EFO:0030080
Pig9_GAAACCTAGACAAGCC.1	Pig9_GAAACCTAGACAAGCC-1	Pig9	Macrophage	Macrophage	CL:0000235	pig	NCBITaxon:9823	NCBITaxon:9823	EFO:0030080
Pig9_GAAACCTGTAACCAGG.1	Pig9_GAAACCTGTAACCAGG-1	Pig9	Beam A	Beam A	CL:0000327	pig	NCBITaxon:9823	NCBITaxon:9823	EFO:0030080
Pig9_GAAATGAAGCTAGAAT.1	Pig9_GAAATGAAGCTAGAAT-1	Pig9	Melanocyte	Melanocyte	CL:0000148	pig	NCBITaxon:9823	NCBITaxon:9823	EFO:0030080
Pig9_GAAATGATCCTAGCGG.1	Pig9_GAAATGATCCTAGCGG-1	Pig9	Beam A	Beam A	CL:0000327	pig	NCBITaxon:9823	NCBITaxon:9823	EFO:0030080
Pig9_GAACGTTAGTGCCAGA.1	Pig9_GAACGTTAGTGCCAGA-1	Pig9	Beam A	Beam A	CL:0000327	pig	NCBITaxon:9823	NCBITaxon:9823	EFO:0030080
Pig9_GAACGTTAGTTACTCG.1	Pig9_GAACGTTAGTTACTCG-1	Pig9	Macrophage	Macrophage	CL:0000235	pig	NCBITaxon:9823	NCBITaxon:9823	EFO:0030080
Pig9_GAACGTTGTAACGATA.1	Pig9_GAACGTTGTAACGATA-1	Pig9	Macrophage	Macrophage	CL:0000235	pig	NCBITaxon:9823	NCBITaxon:9823	EFO:0030080
Pig9_GAACGTTTCGTTATCT.1	Pig9_GAACGTTTCGTTATCT-1	Pig9	Macrophage	Macrophage	CL:0000235	pig	NCBITaxon:9823	NCBITaxon:9823	EFO:0030080
Pig9_GAACTGTAGGTAAAGG.1	Pig9_GAACTGTAGGTAAAGG-1	Pig9	NK/T cell	NK/T cell	CL:0000814	pig	NCBITaxon:9823	NCBITaxon:9823	EFO:0030080
Pig9_GAACTGTCAAGTAGTA.1	Pig9_GAACTGTCAAGTAGTA-1	Pig9	Macrophage	Macrophage	CL:0000235	pig	NCBITaxon:9823	NCBITaxon:9823	EFO:0030080
Pig9_GAACTGTCAGCGAGTA.1	Pig9_GAACTGTCAGCGAGTA-1	Pig9	Beam A	Beam A	CL:0000327	pig	NCBITaxon:9823	NCBITaxon:9823	EFO:0030080
Pig9_GAACTGTGTTCCGCTT.1	Pig9_GAACTGTGTTCCGCTT-1	Pig9	Macrophage	Macrophage	CL:0000235	pig	NCBITaxon:9823	NCBITaxon:9823	EFO:0030080
Pig9_GAAGAATCATCCGAGC.1	Pig9_GAAGAATCATCCGAGC-1	Pig9	Beam A	Beam A	CL:0000327	pig	NCBITaxon:9823	NCBITaxon:9823	EFO:0030080
Pig9_GAAGAATGTATCGAAA.1	Pig9_GAAGAATGTATCGAAA-1	Pig9	Beam A	Beam A	CL:0000327	pig	NCBITaxon:9823	NCBITaxon:9823	EFO:0030080
Pig9_GAAGCCCAGAGAACCC.1	Pig9_GAAGCCCAGAGAACCC-1	Pig9	NK/T cell	NK/T cell	CL:0000814	pig	NCBITaxon:9823	NCBITaxon:9823	EFO:0030080
Pig9_GAAGCGAAGTCCTGCG.1	Pig9_GAAGCGAAGTCCTGCG-1	Pig9	Beam A	Beam A	CL:0000327	pig	NCBITaxon:9823	NCBITaxon:9823	EFO:0030080
Pig9_GAAGCGACAACGATTC.1	Pig9_GAAGCGACAACGATTC-1	Pig9	Beam A	Beam A	CL:0000327	pig	NCBITaxon:9823	NCBITaxon:9823	EFO:0030080
Pig9_GAAGCGACACTCAGAT.1	Pig9_GAAGCGACACTCAGAT-1	Pig9	Fibroblast	Fibroblast	CL:0000057	pig	NCBITaxon:9823	NCBITaxon:9823	EFO:0030080
Pig9_GAAGCGACAGCCTATA.1	Pig9_GAAGCGACAGCCTATA-1	Pig9	Fibroblast	Fibroblast	CL:0000057	pig	NCBITaxon:9823	NCBITaxon:9823	EFO:0030080
Pig9_GAAGCGATCCCGTGAG.1	Pig9_GAAGCGATCCCGTGAG-1	Pig9	NK/T cell	NK/T cell	CL:0000814	pig	NCBITaxon:9823	NCBITaxon:9823	EFO:0030080
Pig9_GAAGCGATCTGACGCG.1	Pig9_GAAGCGATCTGACGCG-1	Pig9	SChlemm's Canal	SChlemm's Canal	CL:0000115	pig	NCBITaxon:9823	NCBITaxon:9823	EFO:0030080
Pig9_GAAGGACCAGGGTCTC.1	Pig9_GAAGGACCAGGGTCTC-1	Pig9	Macrophage	Macrophage	CL:0000235	pig	NCBITaxon:9823	NCBITaxon:9823	EFO:0030080
Pig9_GAAGGACGTAGTCGGA.1	Pig9_GAAGGACGTAGTCGGA-1	Pig9	Beam A	Beam A	CL:0000327	pig	NCBITaxon:9823	NCBITaxon:9823	EFO:0030080
Pig9_GAAGGGTAGCCTCTTC.1	Pig9_GAAGGGTAGCCTCTTC-1	Pig9	SChlemm's Canal	SChlemm's Canal	CL:0000115	pig	NCBITaxon:9823	NCBITaxon:9823	EFO:0030080
Pig9_GAAGTAAAGCTGAGTG.1	Pig9_GAAGTAAAGCTGAGTG-1	Pig9	Beam A	Beam A	CL:0000327	pig	NCBITaxon:9823	NCBITaxon:9823	EFO:0030080
Pig9_GAAGTAACACAAACGG.1	Pig9_GAAGTAACACAAACGG-1	Pig9	Pericyte	Pericyte	CL:0000669	pig	NCBITaxon:9823	NCBITaxon:9823	EFO:0030080
Pig9_GAAGTAAGTGATATAG.1	Pig9_GAAGTAAGTGATATAG-1	Pig9	SChlemm's Canal	SChlemm's Canal	CL:0000115	pig	NCBITaxon:9823	NCBITaxon:9823	EFO:0030080
Pig9_GAAGTAATCGTCTAAG.1	Pig9_GAAGTAATCGTCTAAG-1	Pig9	Beam A	Beam A	CL:0000327	pig	NCBITaxon:9823	NCBITaxon:9823	EFO:0030080
Pig9_GAATAGAAGTATGAGT.1	Pig9_GAATAGAAGTATGAGT-1	Pig9	Macrophage	Macrophage	CL:0000235	pig	NCBITaxon:9823	NCBITaxon:9823	EFO:0030080
Pig9_GAATAGAAGTCATACC.1	Pig9_GAATAGAAGTCATACC-1	Pig9	Macrophage	Macrophage	CL:0000235	pig	NCBITaxon:9823	NCBITaxon:9823	EFO:0030080
Pig9_GAATAGATCGATGCAT.1	Pig9_GAATAGATCGATGCAT-1	Pig9	Beam A	Beam A	CL:0000327	pig	NCBITaxon:9823	NCBITaxon:9823	EFO:0030080
Pig9_GAATCACTCTTCTGTA.1	Pig9_GAATCACTCTTCTGTA-1	Pig9	Beam A	Beam A	CL:0000327	pig	NCBITaxon:9823	NCBITaxon:9823	EFO:0030080
Pig9_GACACGCAGCACACCC.1	Pig9_GACACGCAGCACACCC-1	Pig9	Pericyte	Pericyte	CL:0000669	pig	NCBITaxon:9823	NCBITaxon:9823	EFO:0030080
Pig9_GACACGCAGTTGGAGC.1	Pig9_GACACGCAGTTGGAGC-1	Pig9	Beam A	Beam A	CL:0000327	pig	NCBITaxon:9823	NCBITaxon:9823	EFO:0030080
Pig9_GACACGCGTGGCATCC.1	Pig9_GACACGCGTGGCATCC-1	Pig9	Fibroblast	Fibroblast	CL:0000057	pig	NCBITaxon:9823	NCBITaxon:9823	EFO:0030080
Pig9_GACAGCCAGACACACG.1	Pig9_GACAGCCAGACACACG-1	Pig9	Beam A	Beam A	CL:0000327	pig	NCBITaxon:9823	NCBITaxon:9823	EFO:0030080
Pig9_GACCCAGGTCGGCCTA.1	Pig9_GACCCAGGTCGGCCTA-1	Pig9	Beam A	Beam A	CL:0000327	pig	NCBITaxon:9823	NCBITaxon:9823	EFO:0030080
Pig9_GACCCAGGTCGTGGTC.1	Pig9_GACCCAGGTCGTGGTC-1	Pig9	Beam A	Beam A	CL:0000327	pig	NCBITaxon:9823	NCBITaxon:9823	EFO:0030080
Pig9_GACCCTTCAACCGCTG.1	Pig9_GACCCTTCAACCGCTG-1	Pig9	NK/T cell	NK/T cell	CL:0000814	pig	NCBITaxon:9823	NCBITaxon:9823	EFO:0030080
Pig9_GACCCTTGTGACAGCA.1	Pig9_GACCCTTGTGACAGCA-1	Pig9	Macrophage	Macrophage	CL:0000235	pig	NCBITaxon:9823	NCBITaxon:9823	EFO:0030080
Pig9_GACCCTTGTGTAGTGG.1	Pig9_GACCCTTGTGTAGTGG-1	Pig9	Beam A	Beam A	CL:0000327	pig	NCBITaxon:9823	NCBITaxon:9823	EFO:0030080
Pig9_GACCGTGAGCCGCTTG.1	Pig9_GACCGTGAGCCGCTTG-1	Pig9	Macrophage	Macrophage	CL:0000235	pig	NCBITaxon:9823	NCBITaxon:9823	EFO:0030080
Pig9_GACCGTGCAACCTAAC.1	Pig9_GACCGTGCAACCTAAC-1	Pig9	Beam A	Beam A	CL:0000327	pig	NCBITaxon:9823	NCBITaxon:9823	EFO:0030080
Pig9_GACCGTGCAGCATTGT.1	Pig9_GACCGTGCAGCATTGT-1	Pig9	Beam A	Beam A	CL:0000327	pig	NCBITaxon:9823	NCBITaxon:9823	EFO:0030080
Pig9_GACCGTGGTACGTAGG.1	Pig9_GACCGTGGTACGTAGG-1	Pig9	Macrophage	Macrophage	CL:0000235	pig	NCBITaxon:9823	NCBITaxon:9823	EFO:0030080
Pig9_GACCTTCAGAGTCTGG.1	Pig9_GACCTTCAGAGTCTGG-1	Pig9	Macrophage	Macrophage	CL:0000235	pig	NCBITaxon:9823	NCBITaxon:9823	EFO:0030080
Pig9_GACCTTCAGATACGAT.1	Pig9_GACCTTCAGATACGAT-1	Pig9	Fibroblast	Fibroblast	CL:0000057	pig	NCBITaxon:9823	NCBITaxon:9823	EFO:0030080
Pig9_GACGCTGCACAGAGCA.1	Pig9_GACGCTGCACAGAGCA-1	Pig9	SChlemm's Canal	SChlemm's Canal	CL:0000115	pig	NCBITaxon:9823	NCBITaxon:9823	EFO:0030080
Pig9_GACGCTGCAGGAATAT.1	Pig9_GACGCTGCAGGAATAT-1	Pig9	Macrophage	Macrophage	CL:0000235	pig	NCBITaxon:9823	NCBITaxon:9823	EFO:0030080
Pig9_GACGCTGTCAGTGATC.1	Pig9_GACGCTGTCAGTGATC-1	Pig9	SChlemm's Canal	SChlemm's Canal	CL:0000115	pig	NCBITaxon:9823	NCBITaxon:9823	EFO:0030080
Pig9_GACGTTATCGAAGTGG.1	Pig9_GACGTTATCGAAGTGG-1	Pig9	Pericyte	Pericyte	CL:0000669	pig	NCBITaxon:9823	NCBITaxon:9823	EFO:0030080
Pig9_GACTATGCAAAGGGCT.1	Pig9_GACTATGCAAAGGGCT-1	Pig9	Macrophage	Macrophage	CL:0000235	pig	NCBITaxon:9823	NCBITaxon:9823	EFO:0030080
Pig9_GACTATGCAGAAGTTA.1	Pig9_GACTATGCAGAAGTTA-1	Pig9	Beam A	Beam A	CL:0000327	pig	NCBITaxon:9823	NCBITaxon:9823	EFO:0030080
Pig9_GACTATGCAGAGAGGG.1	Pig9_GACTATGCAGAGAGGG-1	Pig9	Beam A	Beam A	CL:0000327	pig	NCBITaxon:9823	NCBITaxon:9823	EFO:0030080
Pig9_GACTATGGTCTTACTT.1	Pig9_GACTATGGTCTTACTT-1	Pig9	Beam A	Beam A	CL:0000327	pig	NCBITaxon:9823	NCBITaxon:9823	EFO:0030080
Pig9_GACTATGTCGCTGCGA.1	Pig9_GACTATGTCGCTGCGA-1	Pig9	Corneal endothelium	Corneal endothelium	CL:0000132	pig	NCBITaxon:9823	NCBITaxon:9823	EFO:0030080
Pig9_GACTCAAAGGGTTAAT.1	Pig9_GACTCAAAGGGTTAAT-1	Pig9	NK/T cell	NK/T cell	CL:0000814	pig	NCBITaxon:9823	NCBITaxon:9823	EFO:0030080
Pig9_GACTCAACAGGAACCA.1	Pig9_GACTCAACAGGAACCA-1	Pig9	Beam A	Beam A	CL:0000327	pig	NCBITaxon:9823	NCBITaxon:9823	EFO:0030080
Pig9_GACTCAAGTAGGAAAG.1	Pig9_GACTCAAGTAGGAAAG-1	Pig9	Fibroblast	Fibroblast	CL:0000057	pig	NCBITaxon:9823	NCBITaxon:9823	EFO:0030080
Pig9_GACTCAATCATGACAC.1	Pig9_GACTCAATCATGACAC-1	Pig9	Macrophage	Macrophage	CL:0000235	pig	NCBITaxon:9823	NCBITaxon:9823	EFO:0030080
Pig9_GACTCAATCGAACCAT.1	Pig9_GACTCAATCGAACCAT-1	Pig9	Beam A	Beam A	CL:0000327	pig	NCBITaxon:9823	NCBITaxon:9823	EFO:0030080
Pig9_GACTCAATCGGAGTAG.1	Pig9_GACTCAATCGGAGTAG-1	Pig9	Beam A	Beam A	CL:0000327	pig	NCBITaxon:9823	NCBITaxon:9823	EFO:0030080
Pig9_GACTCTCCAGAACTAA.1	Pig9_GACTCTCCAGAACTAA-1	Pig9	Beam A	Beam A	CL:0000327	pig	NCBITaxon:9823	NCBITaxon:9823	EFO:0030080
Pig9_GACTGATAGAGGATGA.1	Pig9_GACTGATAGAGGATGA-1	Pig9	Beam A	Beam A	CL:0000327	pig	NCBITaxon:9823	NCBITaxon:9823	EFO:0030080
Pig9_GACTGATTCGAAGGAC.1	Pig9_GACTGATTCGAAGGAC-1	Pig9	Beam A	Beam A	CL:0000327	pig	NCBITaxon:9823	NCBITaxon:9823	EFO:0030080
Pig9_GACTTCCAGACTAGAT.1	Pig9_GACTTCCAGACTAGAT-1	Pig9	Beam A	Beam A	CL:0000327	pig	NCBITaxon:9823	NCBITaxon:9823	EFO:0030080
Pig9_GACTTCCAGGCTAACG.1	Pig9_GACTTCCAGGCTAACG-1	Pig9	NK/T cell	NK/T cell	CL:0000814	pig	NCBITaxon:9823	NCBITaxon:9823	EFO:0030080
Pig9_GAGACCCAGTGGCAGT.1	Pig9_GAGACCCAGTGGCAGT-1	Pig9	Beam A	Beam A	CL:0000327	pig	NCBITaxon:9823	NCBITaxon:9823	EFO:0030080
Pig9_GAGACCCCATTCGATG.1	Pig9_GAGACCCCATTCGATG-1	Pig9	Beam A	Beam A	CL:0000327	pig	NCBITaxon:9823	NCBITaxon:9823	EFO:0030080
Pig9_GAGACCCGTCGACGCT.1	Pig9_GAGACCCGTCGACGCT-1	Pig9	Beam A	Beam A	CL:0000327	pig	NCBITaxon:9823	NCBITaxon:9823	EFO:0030080
Pig9_GAGACTTTCACGTAGT.1	Pig9_GAGACTTTCACGTAGT-1	Pig9	Fibroblast	Fibroblast	CL:0000057	pig	NCBITaxon:9823	NCBITaxon:9823	EFO:0030080
Pig9_GAGAGGTTCAAGCCGC.1	Pig9_GAGAGGTTCAAGCCGC-1	Pig9	Beam A	Beam A	CL:0000327	pig	NCBITaxon:9823	NCBITaxon:9823	EFO:0030080
Pig9_GAGATGGAGACCAAAT.1	Pig9_GAGATGGAGACCAAAT-1	Pig9	Beam A	Beam A	CL:0000327	pig	NCBITaxon:9823	NCBITaxon:9823	EFO:0030080
Pig9_GAGATGGCACAGTGAG.1	Pig9_GAGATGGCACAGTGAG-1	Pig9	Macrophage	Macrophage	CL:0000235	pig	NCBITaxon:9823	NCBITaxon:9823	EFO:0030080
Pig9_GAGATGGTCTAGTTCT.1	Pig9_GAGATGGTCTAGTTCT-1	Pig9	Beam A	Beam A	CL:0000327	pig	NCBITaxon:9823	NCBITaxon:9823	EFO:0030080
Pig9_GAGCCTGCATGAATAG.1	Pig9_GAGCCTGCATGAATAG-1	Pig9	Beam A	Beam A	CL:0000327	pig	NCBITaxon:9823	NCBITaxon:9823	EFO:0030080
Pig9_GAGCCTGGTCTCGGAC.1	Pig9_GAGCCTGGTCTCGGAC-1	Pig9	Beam A	Beam A	CL:0000327	pig	NCBITaxon:9823	NCBITaxon:9823	EFO:0030080
Pig9_GAGCCTGTCCAAACCA.1	Pig9_GAGCCTGTCCAAACCA-1	Pig9	Beam A	Beam A	CL:0000327	pig	NCBITaxon:9823	NCBITaxon:9823	EFO:0030080
Pig9_GAGCCTGTCCTCTAAT.1	Pig9_GAGCCTGTCCTCTAAT-1	Pig9	Beam A	Beam A	CL:0000327	pig	NCBITaxon:9823	NCBITaxon:9823	EFO:0030080
Pig9_GAGCTGCAGGCGCTCT.1	Pig9_GAGCTGCAGGCGCTCT-1	Pig9	NK/T cell	NK/T cell	CL:0000814	pig	NCBITaxon:9823	NCBITaxon:9823	EFO:0030080
Pig9_GAGGCAAAGTAGAGTT.1	Pig9_GAGGCAAAGTAGAGTT-1	Pig9	Beam A	Beam A	CL:0000327	pig	NCBITaxon:9823	NCBITaxon:9823	EFO:0030080
Pig9_GAGGCAACATCTGCGG.1	Pig9_GAGGCAACATCTGCGG-1	Pig9	Macrophage	Macrophage	CL:0000235	pig	NCBITaxon:9823	NCBITaxon:9823	EFO:0030080
Pig9_GAGGCAAGTAGCACAG.1	Pig9_GAGGCAAGTAGCACAG-1	Pig9	Fibroblast	Fibroblast	CL:0000057	pig	NCBITaxon:9823	NCBITaxon:9823	EFO:0030080
Pig9_GAGGCAATCCTCAGGG.1	Pig9_GAGGCAATCCTCAGGG-1	Pig9	Corneal endothelium	Corneal endothelium	CL:0000132	pig	NCBITaxon:9823	NCBITaxon:9823	EFO:0030080
Pig9_GAGGCAATCTGCTTAT.1	Pig9_GAGGCAATCTGCTTAT-1	Pig9	Corneal endothelium	Corneal endothelium	CL:0000132	pig	NCBITaxon:9823	NCBITaxon:9823	EFO:0030080
Pig9_GAGGCCTCAACTTGCA.1	Pig9_GAGGCCTCAACTTGCA-1	Pig9	Beam A	Beam A	CL:0000327	pig	NCBITaxon:9823	NCBITaxon:9823	EFO:0030080
Pig9_GAGGGATAGGACAACC.1	Pig9_GAGGGATAGGACAACC-1	Pig9	Macrophage	Macrophage	CL:0000235	pig	NCBITaxon:9823	NCBITaxon:9823	EFO:0030080
Pig9_GAGGGATTCGAGAGCA.1	Pig9_GAGGGATTCGAGAGCA-1	Pig9	Macrophage	Macrophage	CL:0000235	pig	NCBITaxon:9823	NCBITaxon:9823	EFO:0030080
Pig9_GAGGGATTCTTTCAGT.1	Pig9_GAGGGATTCTTTCAGT-1	Pig9	Beam A	Beam A	CL:0000327	pig	NCBITaxon:9823	NCBITaxon:9823	EFO:0030080
Pig9_GAGGGTAGTGATACAA.1	Pig9_GAGGGTAGTGATACAA-1	Pig9	Beam A	Beam A	CL:0000327	pig	NCBITaxon:9823	NCBITaxon:9823	EFO:0030080
Pig9_GAGGGTATCTGTGCAA.1	Pig9_GAGGGTATCTGTGCAA-1	Pig9	Beam A	Beam A	CL:0000327	pig	NCBITaxon:9823	NCBITaxon:9823	EFO:0030080
Pig9_GAGTCTACACTTCAAG.1	Pig9_GAGTCTACACTTCAAG-1	Pig9	Beam A	Beam A	CL:0000327	pig	NCBITaxon:9823	NCBITaxon:9823	EFO:0030080
Pig9_GAGTCTAGTAGTCCTA.1	Pig9_GAGTCTAGTAGTCCTA-1	Pig9	Beam A	Beam A	CL:0000327	pig	NCBITaxon:9823	NCBITaxon:9823	EFO:0030080
Pig9_GAGTGAGAGTGGACGT.1	Pig9_GAGTGAGAGTGGACGT-1	Pig9	Macrophage	Macrophage	CL:0000235	pig	NCBITaxon:9823	NCBITaxon:9823	EFO:0030080
Pig9_GAGTGAGCACGAAAGC.1	Pig9_GAGTGAGCACGAAAGC-1	Pig9	Macrophage	Macrophage	CL:0000235	pig	NCBITaxon:9823	NCBITaxon:9823	EFO:0030080
Pig9_GAGTGTTAGGCCTAAG.1	Pig9_GAGTGTTAGGCCTAAG-1	Pig9	Beam A	Beam A	CL:0000327	pig	NCBITaxon:9823	NCBITaxon:9823	EFO:0030080
Pig9_GAGTGTTAGTTAGTGA.1	Pig9_GAGTGTTAGTTAGTGA-1	Pig9	Macrophage	Macrophage	CL:0000235	pig	NCBITaxon:9823	NCBITaxon:9823	EFO:0030080
Pig9_GAGTGTTCAGCTACTA.1	Pig9_GAGTGTTCAGCTACTA-1	Pig9	NK/T cell	NK/T cell	CL:0000814	pig	NCBITaxon:9823	NCBITaxon:9823	EFO:0030080
Pig9_GAGTGTTCAGTTTCGA.1	Pig9_GAGTGTTCAGTTTCGA-1	Pig9	Beam A	Beam A	CL:0000327	pig	NCBITaxon:9823	NCBITaxon:9823	EFO:0030080
Pig9_GAGTGTTGTATCTCTT.1	Pig9_GAGTGTTGTATCTCTT-1	Pig9	SChlemm's Canal	SChlemm's Canal	CL:0000115	pig	NCBITaxon:9823	NCBITaxon:9823	EFO:0030080
Pig9_GAGTGTTTCCCTCTCC.1	Pig9_GAGTGTTTCCCTCTCC-1	Pig9	Macrophage	Macrophage	CL:0000235	pig	NCBITaxon:9823	NCBITaxon:9823	EFO:0030080
Pig9_GAGTTACAGCTCACTA.1	Pig9_GAGTTACAGCTCACTA-1	Pig9	Beam A	Beam A	CL:0000327	pig	NCBITaxon:9823	NCBITaxon:9823	EFO:0030080
Pig9_GAGTTACCACCACTGG.1	Pig9_GAGTTACCACCACTGG-1	Pig9	Beam A	Beam A	CL:0000327	pig	NCBITaxon:9823	NCBITaxon:9823	EFO:0030080
Pig9_GAGTTACCACTCACTC.1	Pig9_GAGTTACCACTCACTC-1	Pig9	Beam A	Beam A	CL:0000327	pig	NCBITaxon:9823	NCBITaxon:9823	EFO:0030080
Pig9_GAGTTACCATCAGTGT.1	Pig9_GAGTTACCATCAGTGT-1	Pig9	Beam A	Beam A	CL:0000327	pig	NCBITaxon:9823	NCBITaxon:9823	EFO:0030080
Pig9_GAGTTGTCAAACACCT.1	Pig9_GAGTTGTCAAACACCT-1	Pig9	Fibroblast	Fibroblast	CL:0000057	pig	NCBITaxon:9823	NCBITaxon:9823	EFO:0030080
Pig9_GAGTTGTCAACGGTAG.1	Pig9_GAGTTGTCAACGGTAG-1	Pig9	Beam A	Beam A	CL:0000327	pig	NCBITaxon:9823	NCBITaxon:9823	EFO:0030080
Pig9_GAGTTGTGTCGTTCAA.1	Pig9_GAGTTGTGTCGTTCAA-1	Pig9	Beam A	Beam A	CL:0000327	pig	NCBITaxon:9823	NCBITaxon:9823	EFO:0030080
Pig9_GATAGAATCATGTCTT.1	Pig9_GATAGAATCATGTCTT-1	Pig9	Beam A	Beam A	CL:0000327	pig	NCBITaxon:9823	NCBITaxon:9823	EFO:0030080
Pig9_GATAGCTCACCAGCTG.1	Pig9_GATAGCTCACCAGCTG-1	Pig9	Macrophage	Macrophage	CL:0000235	pig	NCBITaxon:9823	NCBITaxon:9823	EFO:0030080
Pig9_GATAGCTCACTACAGT.1	Pig9_GATAGCTCACTACAGT-1	Pig9	Fibroblast	Fibroblast	CL:0000057	pig	NCBITaxon:9823	NCBITaxon:9823	EFO:0030080
Pig9_GATAGCTCATTCCTCG.1	Pig9_GATAGCTCATTCCTCG-1	Pig9	Pericyte	Pericyte	CL:0000669	pig	NCBITaxon:9823	NCBITaxon:9823	EFO:0030080
Pig9_GATAGCTGTATAGGAT.1	Pig9_GATAGCTGTATAGGAT-1	Pig9	Beam A	Beam A	CL:0000327	pig	NCBITaxon:9823	NCBITaxon:9823	EFO:0030080
Pig9_GATCACAAGGCAGGTT.1	Pig9_GATCACAAGGCAGGTT-1	Pig9	Fibroblast	Fibroblast	CL:0000057	pig	NCBITaxon:9823	NCBITaxon:9823	EFO:0030080
Pig9_GATCACAGTCTCAGAT.1	Pig9_GATCACAGTCTCAGAT-1	Pig9	Beam A	Beam A	CL:0000327	pig	NCBITaxon:9823	NCBITaxon:9823	EFO:0030080
Pig9_GATCAGTTCGACACCG.1	Pig9_GATCAGTTCGACACCG-1	Pig9	Beam A	Beam A	CL:0000327	pig	NCBITaxon:9823	NCBITaxon:9823	EFO:0030080
Pig9_GATCATGGTGTCATTG.1	Pig9_GATCATGGTGTCATTG-1	Pig9	Fibroblast	Fibroblast	CL:0000057	pig	NCBITaxon:9823	NCBITaxon:9823	EFO:0030080
Pig9_GATCATGGTTCAGGTT.1	Pig9_GATCATGGTTCAGGTT-1	Pig9	NK/T cell	NK/T cell	CL:0000814	pig	NCBITaxon:9823	NCBITaxon:9823	EFO:0030080
Pig9_GATCCCTTCGCTGTCT.1	Pig9_GATCCCTTCGCTGTCT-1	Pig9	Beam A	Beam A	CL:0000327	pig	NCBITaxon:9823	NCBITaxon:9823	EFO:0030080
Pig9_GATCCCTTCGGTAGGA.1	Pig9_GATCCCTTCGGTAGGA-1	Pig9	Beam A	Beam A	CL:0000327	pig	NCBITaxon:9823	NCBITaxon:9823	EFO:0030080
Pig9_GATCCCTTCTATTCGT.1	Pig9_GATCCCTTCTATTCGT-1	Pig9	Macrophage	Macrophage	CL:0000235	pig	NCBITaxon:9823	NCBITaxon:9823	EFO:0030080
Pig9_GATCGTAAGCTCTGTA.1	Pig9_GATCGTAAGCTCTGTA-1	Pig9	Beam A	Beam A	CL:0000327	pig	NCBITaxon:9823	NCBITaxon:9823	EFO:0030080
Pig9_GATGACTAGTAAGCAT.1	Pig9_GATGACTAGTAAGCAT-1	Pig9	Beam A	Beam A	CL:0000327	pig	NCBITaxon:9823	NCBITaxon:9823	EFO:0030080
Pig9_GATGACTCACTAACCA.1	Pig9_GATGACTCACTAACCA-1	Pig9	Macrophage	Macrophage	CL:0000235	pig	NCBITaxon:9823	NCBITaxon:9823	EFO:0030080
Pig9_GATGAGGAGACATATG.1	Pig9_GATGAGGAGACATATG-1	Pig9	Macrophage	Macrophage	CL:0000235	pig	NCBITaxon:9823	NCBITaxon:9823	EFO:0030080
Pig9_GATGAGGAGTCAGGGT.1	Pig9_GATGAGGAGTCAGGGT-1	Pig9	Macrophage	Macrophage	CL:0000235	pig	NCBITaxon:9823	NCBITaxon:9823	EFO:0030080
Pig9_GATGAGGAGTGGTTGG.1	Pig9_GATGAGGAGTGGTTGG-1	Pig9	Beam A	Beam A	CL:0000327	pig	NCBITaxon:9823	NCBITaxon:9823	EFO:0030080
Pig9_GATGAGGTCCCTTTGG.1	Pig9_GATGAGGTCCCTTTGG-1	Pig9	Macrophage	Macrophage	CL:0000235	pig	NCBITaxon:9823	NCBITaxon:9823	EFO:0030080
Pig9_GATGAGGTCGAGGCAA.1	Pig9_GATGAGGTCGAGGCAA-1	Pig9	Beam A	Beam A	CL:0000327	pig	NCBITaxon:9823	NCBITaxon:9823	EFO:0030080
Pig9_GATGATCAGAGCATTA.1	Pig9_GATGATCAGAGCATTA-1	Pig9	Macrophage	Macrophage	CL:0000235	pig	NCBITaxon:9823	NCBITaxon:9823	EFO:0030080
Pig9_GATGATCAGCAGTACG.1	Pig9_GATGATCAGCAGTACG-1	Pig9	Macrophage	Macrophage	CL:0000235	pig	NCBITaxon:9823	NCBITaxon:9823	EFO:0030080
Pig9_GATGATCCATAAGATG.1	Pig9_GATGATCCATAAGATG-1	Pig9	Fibroblast	Fibroblast	CL:0000057	pig	NCBITaxon:9823	NCBITaxon:9823	EFO:0030080
Pig9_GATGATCGTACACGTT.1	Pig9_GATGATCGTACACGTT-1	Pig9	Beam A	Beam A	CL:0000327	pig	NCBITaxon:9823	NCBITaxon:9823	EFO:0030080
Pig9_GATGATCTCTGTCCCA.1	Pig9_GATGATCTCTGTCCCA-1	Pig9	Beam A	Beam A	CL:0000327	pig	NCBITaxon:9823	NCBITaxon:9823	EFO:0030080
Pig9_GATGCTACATTGCCGG.1	Pig9_GATGCTACATTGCCGG-1	Pig9	Beam A	Beam A	CL:0000327	pig	NCBITaxon:9823	NCBITaxon:9823	EFO:0030080
Pig9_GATGGAGGTGCGACAA.1	Pig9_GATGGAGGTGCGACAA-1	Pig9	Beam A	Beam A	CL:0000327	pig	NCBITaxon:9823	NCBITaxon:9823	EFO:0030080
Pig9_GATGGAGGTGCTGATT.1	Pig9_GATGGAGGTGCTGATT-1	Pig9	Fibroblast	Fibroblast	CL:0000057	pig	NCBITaxon:9823	NCBITaxon:9823	EFO:0030080
Pig9_GATGGAGTCACAACCA.1	Pig9_GATGGAGTCACAACCA-1	Pig9	Beam A	Beam A	CL:0000327	pig	NCBITaxon:9823	NCBITaxon:9823	EFO:0030080
Pig9_GATGTTGGTTGTTTGG.1	Pig9_GATGTTGGTTGTTTGG-1	Pig9	Macrophage	Macrophage	CL:0000235	pig	NCBITaxon:9823	NCBITaxon:9823	EFO:0030080
Pig9_GATTCGAAGGGATCGT.1	Pig9_GATTCGAAGGGATCGT-1	Pig9	Macrophage	Macrophage	CL:0000235	pig	NCBITaxon:9823	NCBITaxon:9823	EFO:0030080
Pig9_GATTCGAAGTGCTCAT.1	Pig9_GATTCGAAGTGCTCAT-1	Pig9	Beam A	Beam A	CL:0000327	pig	NCBITaxon:9823	NCBITaxon:9823	EFO:0030080
Pig9_GATTCTTAGGCGAACT.1	Pig9_GATTCTTAGGCGAACT-1	Pig9	Beam A	Beam A	CL:0000327	pig	NCBITaxon:9823	NCBITaxon:9823	EFO:0030080
Pig9_GATTGGTTCCTGGGTG.1	Pig9_GATTGGTTCCTGGGTG-1	Pig9	Macrophage	Macrophage	CL:0000235	pig	NCBITaxon:9823	NCBITaxon:9823	EFO:0030080
Pig9_GATTTCTGTCTGATAC.1	Pig9_GATTTCTGTCTGATAC-1	Pig9	Corneal endothelium	Corneal endothelium	CL:0000132	pig	NCBITaxon:9823	NCBITaxon:9823	EFO:0030080
Pig9_GATTTCTGTGGTAATA.1	Pig9_GATTTCTGTGGTAATA-1	Pig9	Beam A	Beam A	CL:0000327	pig	NCBITaxon:9823	NCBITaxon:9823	EFO:0030080
Pig9_GCAACATAGCTCTGTA.1	Pig9_GCAACATAGCTCTGTA-1	Pig9	Fibroblast	Fibroblast	CL:0000057	pig	NCBITaxon:9823	NCBITaxon:9823	EFO:0030080
Pig9_GCAACATCAACTCGTA.1	Pig9_GCAACATCAACTCGTA-1	Pig9	Beam A	Beam A	CL:0000327	pig	NCBITaxon:9823	NCBITaxon:9823	EFO:0030080
Pig9_GCAACATTCACACCCT.1	Pig9_GCAACATTCACACCCT-1	Pig9	Beam A	Beam A	CL:0000327	pig	NCBITaxon:9823	NCBITaxon:9823	EFO:0030080
Pig9_GCAACATTCGAGAGCA.1	Pig9_GCAACATTCGAGAGCA-1	Pig9	Beam A	Beam A	CL:0000327	pig	NCBITaxon:9823	NCBITaxon:9823	EFO:0030080
Pig9_GCAACATTCTTGATTC.1	Pig9_GCAACATTCTTGATTC-1	Pig9	Melanocyte	Melanocyte	CL:0000148	pig	NCBITaxon:9823	NCBITaxon:9823	EFO:0030080
Pig9_GCAACCGAGGACAGTC.1	Pig9_GCAACCGAGGACAGTC-1	Pig9	Beam A	Beam A	CL:0000327	pig	NCBITaxon:9823	NCBITaxon:9823	EFO:0030080
Pig9_GCACATAAGAAATTCG.1	Pig9_GCACATAAGAAATTCG-1	Pig9	Beam A	Beam A	CL:0000327	pig	NCBITaxon:9823	NCBITaxon:9823	EFO:0030080
Pig9_GCACGTGAGATTGTGA.1	Pig9_GCACGTGAGATTGTGA-1	Pig9	Beam A	Beam A	CL:0000327	pig	NCBITaxon:9823	NCBITaxon:9823	EFO:0030080
Pig9_GCACGTGAGGGCTTCC.1	Pig9_GCACGTGAGGGCTTCC-1	Pig9	Macrophage	Macrophage	CL:0000235	pig	NCBITaxon:9823	NCBITaxon:9823	EFO:0030080
Pig9_GCACGTGAGTTTGAGA.1	Pig9_GCACGTGAGTTTGAGA-1	Pig9	Beam A	Beam A	CL:0000327	pig	NCBITaxon:9823	NCBITaxon:9823	EFO:0030080
Pig9_GCACGTGCAGCTAACT.1	Pig9_GCACGTGCAGCTAACT-1	Pig9	Macrophage	Macrophage	CL:0000235	pig	NCBITaxon:9823	NCBITaxon:9823	EFO:0030080
Pig9_GCACGTGCAGGACATG.1	Pig9_GCACGTGCAGGACATG-1	Pig9	Macrophage	Macrophage	CL:0000235	pig	NCBITaxon:9823	NCBITaxon:9823	EFO:0030080
Pig9_GCACTAAGTGCAATAA.1	Pig9_GCACTAAGTGCAATAA-1	Pig9	Beam A	Beam A	CL:0000327	pig	NCBITaxon:9823	NCBITaxon:9823	EFO:0030080
Pig9_GCACTAATCATTCCTA.1	Pig9_GCACTAATCATTCCTA-1	Pig9	Beam A	Beam A	CL:0000327	pig	NCBITaxon:9823	NCBITaxon:9823	EFO:0030080
Pig9_GCAGCCAAGAGATTCA.1	Pig9_GCAGCCAAGAGATTCA-1	Pig9	Macrophage	Macrophage	CL:0000235	pig	NCBITaxon:9823	NCBITaxon:9823	EFO:0030080
Pig9_GCAGCCACACACCAGC.1	Pig9_GCAGCCACACACCAGC-1	Pig9	Beam A	Beam A	CL:0000327	pig	NCBITaxon:9823	NCBITaxon:9823	EFO:0030080
Pig9_GCAGCTGCAAATCGGG.1	Pig9_GCAGCTGCAAATCGGG-1	Pig9	Beam A	Beam A	CL:0000327	pig	NCBITaxon:9823	NCBITaxon:9823	EFO:0030080
Pig9_GCAGCTGCACTCACTC.1	Pig9_GCAGCTGCACTCACTC-1	Pig9	Beam A	Beam A	CL:0000327	pig	NCBITaxon:9823	NCBITaxon:9823	EFO:0030080
Pig9_GCAGGCTGTGTCTTGA.1	Pig9_GCAGGCTGTGTCTTGA-1	Pig9	Beam A	Beam A	CL:0000327	pig	NCBITaxon:9823	NCBITaxon:9823	EFO:0030080
Pig9_GCAGTTACAGAGTTGG.1	Pig9_GCAGTTACAGAGTTGG-1	Pig9	NK/T cell	NK/T cell	CL:0000814	pig	NCBITaxon:9823	NCBITaxon:9823	EFO:0030080
Pig9_GCAGTTATCTCTTCAA.1	Pig9_GCAGTTATCTCTTCAA-1	Pig9	Beam A	Beam A	CL:0000327	pig	NCBITaxon:9823	NCBITaxon:9823	EFO:0030080
Pig9_GCAGTTATCTGCTAGA.1	Pig9_GCAGTTATCTGCTAGA-1	Pig9	Macrophage	Macrophage	CL:0000235	pig	NCBITaxon:9823	NCBITaxon:9823	EFO:0030080
Pig9_GCATCGGCACACCTTC.1	Pig9_GCATCGGCACACCTTC-1	Pig9	Macrophage	Macrophage	CL:0000235	pig	NCBITaxon:9823	NCBITaxon:9823	EFO:0030080
Pig9_GCATCTCCACGTACAT.1	Pig9_GCATCTCCACGTACAT-1	Pig9	Beam A	Beam A	CL:0000327	pig	NCBITaxon:9823	NCBITaxon:9823	EFO:0030080
Pig9_GCATCTCGTGTCATCA.1	Pig9_GCATCTCGTGTCATCA-1	Pig9	Macrophage	Macrophage	CL:0000235	pig	NCBITaxon:9823	NCBITaxon:9823	EFO:0030080
Pig9_GCATGATAGGATACCG.1	Pig9_GCATGATAGGATACCG-1	Pig9	Beam A	Beam A	CL:0000327	pig	NCBITaxon:9823	NCBITaxon:9823	EFO:0030080
Pig9_GCATGATGTAGTGCGA.1	Pig9_GCATGATGTAGTGCGA-1	Pig9	Melanocyte	Melanocyte	CL:0000148	pig	NCBITaxon:9823	NCBITaxon:9823	EFO:0030080
Pig9_GCATGATTCGGTCATA.1	Pig9_GCATGATTCGGTCATA-1	Pig9	Beam A	Beam A	CL:0000327	pig	NCBITaxon:9823	NCBITaxon:9823	EFO:0030080
Pig9_GCATTAGAGCTGCCAC.1	Pig9_GCATTAGAGCTGCCAC-1	Pig9	Beam A	Beam A	CL:0000327	pig	NCBITaxon:9823	NCBITaxon:9823	EFO:0030080
Pig9_GCATTAGCACTAGGTT.1	Pig9_GCATTAGCACTAGGTT-1	Pig9	Macrophage	Macrophage	CL:0000235	pig	NCBITaxon:9823	NCBITaxon:9823	EFO:0030080
Pig9_GCATTAGCAGTCAGCC.1	Pig9_GCATTAGCAGTCAGCC-1	Pig9	Macrophage	Macrophage	CL:0000235	pig	NCBITaxon:9823	NCBITaxon:9823	EFO:0030080
Pig9_GCATTAGGTAGATGTA.1	Pig9_GCATTAGGTAGATGTA-1	Pig9	Pericyte	Pericyte	CL:0000669	pig	NCBITaxon:9823	NCBITaxon:9823	EFO:0030080
Pig9_GCATTAGTCTTCTGGC.1	Pig9_GCATTAGTCTTCTGGC-1	Pig9	NK/T cell	NK/T cell	CL:0000814	pig	NCBITaxon:9823	NCBITaxon:9823	EFO:0030080
Pig9_GCCAACGCACACCAGC.1	Pig9_GCCAACGCACACCAGC-1	Pig9	NK/T cell	NK/T cell	CL:0000814	pig	NCBITaxon:9823	NCBITaxon:9823	EFO:0030080
Pig9_GCCAACGCAGCTACTA.1	Pig9_GCCAACGCAGCTACTA-1	Pig9	Beam A	Beam A	CL:0000327	pig	NCBITaxon:9823	NCBITaxon:9823	EFO:0030080
Pig9_GCCAACGCATATACCG.1	Pig9_GCCAACGCATATACCG-1	Pig9	Beam A	Beam A	CL:0000327	pig	NCBITaxon:9823	NCBITaxon:9823	EFO:0030080
Pig9_GCCAACGTCGATGGAG.1	Pig9_GCCAACGTCGATGGAG-1	Pig9	Beam A	Beam A	CL:0000327	pig	NCBITaxon:9823	NCBITaxon:9823	EFO:0030080
Pig9_GCCAGCAGTTTAGTCG.1	Pig9_GCCAGCAGTTTAGTCG-1	Pig9	Beam A	Beam A	CL:0000327	pig	NCBITaxon:9823	NCBITaxon:9823	EFO:0030080
Pig9_GCCAGCATCACTGAAC.1	Pig9_GCCAGCATCACTGAAC-1	Pig9	Beam A	Beam A	CL:0000327	pig	NCBITaxon:9823	NCBITaxon:9823	EFO:0030080
Pig9_GCCAGCATCGACGCGT.1	Pig9_GCCAGCATCGACGCGT-1	Pig9	Macrophage	Macrophage	CL:0000235	pig	NCBITaxon:9823	NCBITaxon:9823	EFO:0030080
Pig9_GCCAGGTCACAGCTGC.1	Pig9_GCCAGGTCACAGCTGC-1	Pig9	Fibroblast	Fibroblast	CL:0000057	pig	NCBITaxon:9823	NCBITaxon:9823	EFO:0030080
Pig9_GCCAGTGCATCGGAGA.1	Pig9_GCCAGTGCATCGGAGA-1	Pig9	Beam A	Beam A	CL:0000327	pig	NCBITaxon:9823	NCBITaxon:9823	EFO:0030080
Pig9_GCCAGTGGTAACGCGA.1	Pig9_GCCAGTGGTAACGCGA-1	Pig9	Beam A	Beam A	CL:0000327	pig	NCBITaxon:9823	NCBITaxon:9823	EFO:0030080
Pig9_GCCAGTGGTGGTAACG.1	Pig9_GCCAGTGGTGGTAACG-1	Pig9	Macrophage	Macrophage	CL:0000235	pig	NCBITaxon:9823	NCBITaxon:9823	EFO:0030080
Pig9_GCCAGTGTCAGCTGAT.1	Pig9_GCCAGTGTCAGCTGAT-1	Pig9	NK/T cell	NK/T cell	CL:0000814	pig	NCBITaxon:9823	NCBITaxon:9823	EFO:0030080
Pig9_GCCAGTGTCTGCGGGT.1	Pig9_GCCAGTGTCTGCGGGT-1	Pig9	SChlemm's Canal	SChlemm's Canal	CL:0000115	pig	NCBITaxon:9823	NCBITaxon:9823	EFO:0030080
Pig9_GCCATGGAGGAAGTCC.1	Pig9_GCCATGGAGGAAGTCC-1	Pig9	Beam A	Beam A	CL:0000327	pig	NCBITaxon:9823	NCBITaxon:9823	EFO:0030080
Pig9_GCCATGGAGTAGCAAT.1	Pig9_GCCATGGAGTAGCAAT-1	Pig9	NK/T cell	NK/T cell	CL:0000814	pig	NCBITaxon:9823	NCBITaxon:9823	EFO:0030080
Pig9_GCCATGGAGTATGAAC.1	Pig9_GCCATGGAGTATGAAC-1	Pig9	Macrophage	Macrophage	CL:0000235	pig	NCBITaxon:9823	NCBITaxon:9823	EFO:0030080
Pig9_GCCATGGGTAACCAGG.1	Pig9_GCCATGGGTAACCAGG-1	Pig9	Beam A	Beam A	CL:0000327	pig	NCBITaxon:9823	NCBITaxon:9823	EFO:0030080
Pig9_GCCATTCAGGTGAGAA.1	Pig9_GCCATTCAGGTGAGAA-1	Pig9	Beam A	Beam A	CL:0000327	pig	NCBITaxon:9823	NCBITaxon:9823	EFO:0030080
Pig9_GCCATTCCATTCCTCG.1	Pig9_GCCATTCCATTCCTCG-1	Pig9	Beam A	Beam A	CL:0000327	pig	NCBITaxon:9823	NCBITaxon:9823	EFO:0030080
Pig9_GCCATTCGTAGACGGT.1	Pig9_GCCATTCGTAGACGGT-1	Pig9	Fibroblast	Fibroblast	CL:0000057	pig	NCBITaxon:9823	NCBITaxon:9823	EFO:0030080
Pig9_GCCATTCGTGACGTCC.1	Pig9_GCCATTCGTGACGTCC-1	Pig9	Beam A	Beam A	CL:0000327	pig	NCBITaxon:9823	NCBITaxon:9823	EFO:0030080
Pig9_GCCATTCGTTCGGCCA.1	Pig9_GCCATTCGTTCGGCCA-1	Pig9	NK/T cell	NK/T cell	CL:0000814	pig	NCBITaxon:9823	NCBITaxon:9823	EFO:0030080
Pig9_GCCCAGAAGTCGTTAC.1	Pig9_GCCCAGAAGTCGTTAC-1	Pig9	Beam A	Beam A	CL:0000327	pig	NCBITaxon:9823	NCBITaxon:9823	EFO:0030080
Pig9_GCCCAGACACCTGCGA.1	Pig9_GCCCAGACACCTGCGA-1	Pig9	Macrophage	Macrophage	CL:0000235	pig	NCBITaxon:9823	NCBITaxon:9823	EFO:0030080
Pig9_GCCCAGATCTAGCATG.1	Pig9_GCCCAGATCTAGCATG-1	Pig9	Beam A	Beam A	CL:0000327	pig	NCBITaxon:9823	NCBITaxon:9823	EFO:0030080
Pig9_GCCCAGATCTGGGCGT.1	Pig9_GCCCAGATCTGGGCGT-1	Pig9	Beam A	Beam A	CL:0000327	pig	NCBITaxon:9823	NCBITaxon:9823	EFO:0030080
Pig9_GCCCGAAAGTGCAACG.1	Pig9_GCCCGAAAGTGCAACG-1	Pig9	Fibroblast	Fibroblast	CL:0000057	pig	NCBITaxon:9823	NCBITaxon:9823	EFO:0030080
Pig9_GCCCGAAGTACGGCAA.1	Pig9_GCCCGAAGTACGGCAA-1	Pig9	Beam A	Beam A	CL:0000327	pig	NCBITaxon:9823	NCBITaxon:9823	EFO:0030080
Pig9_GCCGATGCAACAGCCC.1	Pig9_GCCGATGCAACAGCCC-1	Pig9	Melanocyte	Melanocyte	CL:0000148	pig	NCBITaxon:9823	NCBITaxon:9823	EFO:0030080
Pig9_GCCGATGCACATATCG.1	Pig9_GCCGATGCACATATCG-1	Pig9	Macrophage	Macrophage	CL:0000235	pig	NCBITaxon:9823	NCBITaxon:9823	EFO:0030080
Pig9_GCCGTGACAACCCTAA.1	Pig9_GCCGTGACAACCCTAA-1	Pig9	Macrophage	Macrophage	CL:0000235	pig	NCBITaxon:9823	NCBITaxon:9823	EFO:0030080
Pig9_GCCGTGACAATAACCC.1	Pig9_GCCGTGACAATAACCC-1	Pig9	Beam A	Beam A	CL:0000327	pig	NCBITaxon:9823	NCBITaxon:9823	EFO:0030080
Pig9_GCCGTGATCGGCTCTT.1	Pig9_GCCGTGATCGGCTCTT-1	Pig9	NK/T cell	NK/T cell	CL:0000814	pig	NCBITaxon:9823	NCBITaxon:9823	EFO:0030080
Pig9_GCCTGTTAGAACTCCT.1	Pig9_GCCTGTTAGAACTCCT-1	Pig9	Ciliary muscle	Ciliary muscle	CL:1000443	pig	NCBITaxon:9823	NCBITaxon:9823	EFO:0030080
Pig9_GCCTGTTAGGCCTTGC.1	Pig9_GCCTGTTAGGCCTTGC-1	Pig9	Fibroblast	Fibroblast	CL:0000057	pig	NCBITaxon:9823	NCBITaxon:9823	EFO:0030080
Pig9_GCCTGTTAGGCTAAAT.1	Pig9_GCCTGTTAGGCTAAAT-1	Pig9	Beam A	Beam A	CL:0000327	pig	NCBITaxon:9823	NCBITaxon:9823	EFO:0030080
Pig9_GCCTGTTGTCATGACT.1	Pig9_GCCTGTTGTCATGACT-1	Pig9	Beam A	Beam A	CL:0000327	pig	NCBITaxon:9823	NCBITaxon:9823	EFO:0030080
Pig9_GCCTGTTTCTGAGAGG.1	Pig9_GCCTGTTTCTGAGAGG-1	Pig9	Macrophage	Macrophage	CL:0000235	pig	NCBITaxon:9823	NCBITaxon:9823	EFO:0030080
Pig9_GCCTGTTTCTGCTCTG.1	Pig9_GCCTGTTTCTGCTCTG-1	Pig9	Beam A	Beam A	CL:0000327	pig	NCBITaxon:9823	NCBITaxon:9823	EFO:0030080
Pig9_GCGAGAAAGTATGTAG.1	Pig9_GCGAGAAAGTATGTAG-1	Pig9	Beam A	Beam A	CL:0000327	pig	NCBITaxon:9823	NCBITaxon:9823	EFO:0030080
Pig9_GCGAGAATCAAATGCC.1	Pig9_GCGAGAATCAAATGCC-1	Pig9	Macrophage	Macrophage	CL:0000235	pig	NCBITaxon:9823	NCBITaxon:9823	EFO:0030080
Pig9_GCGAGAATCACGGTCG.1	Pig9_GCGAGAATCACGGTCG-1	Pig9	SChlemm's Canal	SChlemm's Canal	CL:0000115	pig	NCBITaxon:9823	NCBITaxon:9823	EFO:0030080
Pig9_GCGAGAATCGTGTCAA.1	Pig9_GCGAGAATCGTGTCAA-1	Pig9	Fibroblast	Fibroblast	CL:0000057	pig	NCBITaxon:9823	NCBITaxon:9823	EFO:0030080
Pig9_GCGATCGAGCTGCCAC.1	Pig9_GCGATCGAGCTGCCAC-1	Pig9	Beam A	Beam A	CL:0000327	pig	NCBITaxon:9823	NCBITaxon:9823	EFO:0030080
Pig9_GCGATCGCAACTACGT.1	Pig9_GCGATCGCAACTACGT-1	Pig9	Beam A	Beam A	CL:0000327	pig	NCBITaxon:9823	NCBITaxon:9823	EFO:0030080
Pig9_GCGATCGGTGTCACAT.1	Pig9_GCGATCGGTGTCACAT-1	Pig9	Beam A	Beam A	CL:0000327	pig	NCBITaxon:9823	NCBITaxon:9823	EFO:0030080
Pig9_GCGATCGTCAAAGAAC.1	Pig9_GCGATCGTCAAAGAAC-1	Pig9	Fibroblast	Fibroblast	CL:0000057	pig	NCBITaxon:9823	NCBITaxon:9823	EFO:0030080
Pig9_GCGATCGTCTCGCCTA.1	Pig9_GCGATCGTCTCGCCTA-1	Pig9	Melanocyte	Melanocyte	CL:0000148	pig	NCBITaxon:9823	NCBITaxon:9823	EFO:0030080
Pig9_GCGGAAACACAAGTGG.1	Pig9_GCGGAAACACAAGTGG-1	Pig9	Beam A	Beam A	CL:0000327	pig	NCBITaxon:9823	NCBITaxon:9823	EFO:0030080
Pig9_GCGGAAACACGCTGAC.1	Pig9_GCGGAAACACGCTGAC-1	Pig9	Beam A	Beam A	CL:0000327	pig	NCBITaxon:9823	NCBITaxon:9823	EFO:0030080
Pig9_GCGGAAAGTTCGGCTG.1	Pig9_GCGGAAAGTTCGGCTG-1	Pig9	Macrophage	Macrophage	CL:0000235	pig	NCBITaxon:9823	NCBITaxon:9823	EFO:0030080
Pig9_GCGGATCCATGGATCT.1	Pig9_GCGGATCCATGGATCT-1	Pig9	Beam A	Beam A	CL:0000327	pig	NCBITaxon:9823	NCBITaxon:9823	EFO:0030080
Pig9_GCGTGCAAGTGACACG.1	Pig9_GCGTGCAAGTGACACG-1	Pig9	Fibroblast	Fibroblast	CL:0000057	pig	NCBITaxon:9823	NCBITaxon:9823	EFO:0030080
Pig9_GCGTGCAGTGATATAG.1	Pig9_GCGTGCAGTGATATAG-1	Pig9	Beam A	Beam A	CL:0000327	pig	NCBITaxon:9823	NCBITaxon:9823	EFO:0030080
Pig9_GCGTGCATCACTCACC.1	Pig9_GCGTGCATCACTCACC-1	Pig9	Macrophage	Macrophage	CL:0000235	pig	NCBITaxon:9823	NCBITaxon:9823	EFO:0030080
Pig9_GCGTTTCAGAAGGGAT.1	Pig9_GCGTTTCAGAAGGGAT-1	Pig9	Fibroblast	Fibroblast	CL:0000057	pig	NCBITaxon:9823	NCBITaxon:9823	EFO:0030080
Pig9_GCGTTTCAGCGAACTG.1	Pig9_GCGTTTCAGCGAACTG-1	Pig9	Fibroblast	Fibroblast	CL:0000057	pig	NCBITaxon:9823	NCBITaxon:9823	EFO:0030080
Pig9_GCGTTTCTCGCGTAGC.1	Pig9_GCGTTTCTCGCGTAGC-1	Pig9	Beam A	Beam A	CL:0000327	pig	NCBITaxon:9823	NCBITaxon:9823	EFO:0030080
Pig9_GCTACAACAAACGAGC.1	Pig9_GCTACAACAAACGAGC-1	Pig9	NK/T cell	NK/T cell	CL:0000814	pig	NCBITaxon:9823	NCBITaxon:9823	EFO:0030080
Pig9_GCTACCTAGCGTTAGG.1	Pig9_GCTACCTAGCGTTAGG-1	Pig9	Macrophage	Macrophage	CL:0000235	pig	NCBITaxon:9823	NCBITaxon:9823	EFO:0030080
Pig9_GCTACCTAGTGATTCC.1	Pig9_GCTACCTAGTGATTCC-1	Pig9	Beam A	Beam A	CL:0000327	pig	NCBITaxon:9823	NCBITaxon:9823	EFO:0030080
Pig9_GCTACCTCAATAGTGA.1	Pig9_GCTACCTCAATAGTGA-1	Pig9	Fibroblast	Fibroblast	CL:0000057	pig	NCBITaxon:9823	NCBITaxon:9823	EFO:0030080
Pig9_GCTACCTGTCCAGGTC.1	Pig9_GCTACCTGTCCAGGTC-1	Pig9	Beam A	Beam A	CL:0000327	pig	NCBITaxon:9823	NCBITaxon:9823	EFO:0030080
Pig9_GCTACCTTCGATTGGT.1	Pig9_GCTACCTTCGATTGGT-1	Pig9	Fibroblast	Fibroblast	CL:0000057	pig	NCBITaxon:9823	NCBITaxon:9823	EFO:0030080
Pig9_GCTCAAACATGTCGTA.1	Pig9_GCTCAAACATGTCGTA-1	Pig9	Ciliary muscle	Ciliary muscle	CL:1000443	pig	NCBITaxon:9823	NCBITaxon:9823	EFO:0030080
Pig9_GCTCAAATCCGTGGTG.1	Pig9_GCTCAAATCCGTGGTG-1	Pig9	Macrophage	Macrophage	CL:0000235	pig	NCBITaxon:9823	NCBITaxon:9823	EFO:0030080
Pig9_GCTCAAATCGGCGATC.1	Pig9_GCTCAAATCGGCGATC-1	Pig9	Beam A	Beam A	CL:0000327	pig	NCBITaxon:9823	NCBITaxon:9823	EFO:0030080
Pig9_GCTGAATGTTCGGACC.1	Pig9_GCTGAATGTTCGGACC-1	Pig9	NK/T cell	NK/T cell	CL:0000814	pig	NCBITaxon:9823	NCBITaxon:9823	EFO:0030080
Pig9_GCTGAATTCGTGTCAA.1	Pig9_GCTGAATTCGTGTCAA-1	Pig9	Beam A	Beam A	CL:0000327	pig	NCBITaxon:9823	NCBITaxon:9823	EFO:0030080
Pig9_GCTGCAGAGCCTAACT.1	Pig9_GCTGCAGAGCCTAACT-1	Pig9	Fibroblast	Fibroblast	CL:0000057	pig	NCBITaxon:9823	NCBITaxon:9823	EFO:0030080
Pig9_GCTGCAGAGGCCACTC.1	Pig9_GCTGCAGAGGCCACTC-1	Pig9	Beam A	Beam A	CL:0000327	pig	NCBITaxon:9823	NCBITaxon:9823	EFO:0030080
Pig9_GCTGCAGCAAGGACAC.1	Pig9_GCTGCAGCAAGGACAC-1	Pig9	Beam A	Beam A	CL:0000327	pig	NCBITaxon:9823	NCBITaxon:9823	EFO:0030080
Pig9_GCTGCAGCATTGCAAC.1	Pig9_GCTGCAGCATTGCAAC-1	Pig9	Beam A	Beam A	CL:0000327	pig	NCBITaxon:9823	NCBITaxon:9823	EFO:0030080
Pig9_GCTGCAGTCCCAAGTA.1	Pig9_GCTGCAGTCCCAAGTA-1	Pig9	Macrophage	Macrophage	CL:0000235	pig	NCBITaxon:9823	NCBITaxon:9823	EFO:0030080
Pig9_GCTGGGTAGACGACGT.1	Pig9_GCTGGGTAGACGACGT-1	Pig9	Macrophage	Macrophage	CL:0000235	pig	NCBITaxon:9823	NCBITaxon:9823	EFO:0030080
Pig9_GCTGGGTGTCGCGTTG.1	Pig9_GCTGGGTGTCGCGTTG-1	Pig9	Macrophage	Macrophage	CL:0000235	pig	NCBITaxon:9823	NCBITaxon:9823	EFO:0030080
Pig9_GCTGGGTGTGCCTGCA.1	Pig9_GCTGGGTGTGCCTGCA-1	Pig9	Beam A	Beam A	CL:0000327	pig	NCBITaxon:9823	NCBITaxon:9823	EFO:0030080
Pig9_GCTTCACAGTAACGTA.1	Pig9_GCTTCACAGTAACGTA-1	Pig9	Beam A	Beam A	CL:0000327	pig	NCBITaxon:9823	NCBITaxon:9823	EFO:0030080
Pig9_GCTTCACCAACACAGG.1	Pig9_GCTTCACCAACACAGG-1	Pig9	Macrophage	Macrophage	CL:0000235	pig	NCBITaxon:9823	NCBITaxon:9823	EFO:0030080
Pig9_GCTTCACCATCAGCAT.1	Pig9_GCTTCACCATCAGCAT-1	Pig9	Fibroblast	Fibroblast	CL:0000057	pig	NCBITaxon:9823	NCBITaxon:9823	EFO:0030080
Pig9_GCTTCACGTATTGACC.1	Pig9_GCTTCACGTATTGACC-1	Pig9	Beam A	Beam A	CL:0000327	pig	NCBITaxon:9823	NCBITaxon:9823	EFO:0030080
Pig9_GCTTGGGAGCGTACAG.1	Pig9_GCTTGGGAGCGTACAG-1	Pig9	Macrophage	Macrophage	CL:0000235	pig	NCBITaxon:9823	NCBITaxon:9823	EFO:0030080
Pig9_GCTTGGGGTACTCCCT.1	Pig9_GCTTGGGGTACTCCCT-1	Pig9	Beam A	Beam A	CL:0000327	pig	NCBITaxon:9823	NCBITaxon:9823	EFO:0030080
Pig9_GCTTGGGGTATCGATC.1	Pig9_GCTTGGGGTATCGATC-1	Pig9	Corneal endothelium	Corneal endothelium	CL:0000132	pig	NCBITaxon:9823	NCBITaxon:9823	EFO:0030080
Pig9_GCTTTCGAGCGCACAA.1	Pig9_GCTTTCGAGCGCACAA-1	Pig9	Melanocyte	Melanocyte	CL:0000148	pig	NCBITaxon:9823	NCBITaxon:9823	EFO:0030080
Pig9_GCTTTCGGTGTCATGT.1	Pig9_GCTTTCGGTGTCATGT-1	Pig9	Macrophage	Macrophage	CL:0000235	pig	NCBITaxon:9823	NCBITaxon:9823	EFO:0030080
Pig9_GGAACCCCAGTACTAC.1	Pig9_GGAACCCCAGTACTAC-1	Pig9	Fibroblast	Fibroblast	CL:0000057	pig	NCBITaxon:9823	NCBITaxon:9823	EFO:0030080
Pig9_GGAACCCTCTTCTGGC.1	Pig9_GGAACCCTCTTCTGGC-1	Pig9	Macrophage	Macrophage	CL:0000235	pig	NCBITaxon:9823	NCBITaxon:9823	EFO:0030080
Pig9_GGAAGTGCACAACATC.1	Pig9_GGAAGTGCACAACATC-1	Pig9	Macrophage	Macrophage	CL:0000235	pig	NCBITaxon:9823	NCBITaxon:9823	EFO:0030080
Pig9_GGAAGTGGTACCCGCA.1	Pig9_GGAAGTGGTACCCGCA-1	Pig9	Fibroblast	Fibroblast	CL:0000057	pig	NCBITaxon:9823	NCBITaxon:9823	EFO:0030080
Pig9_GGAATCTCAGAACTCT.1	Pig9_GGAATCTCAGAACTCT-1	Pig9	Beam A	Beam A	CL:0000327	pig	NCBITaxon:9823	NCBITaxon:9823	EFO:0030080
Pig9_GGAATCTGTCAGATTC.1	Pig9_GGAATCTGTCAGATTC-1	Pig9	Beam A	Beam A	CL:0000327	pig	NCBITaxon:9823	NCBITaxon:9823	EFO:0030080
Pig9_GGAATCTTCGGCTATA.1	Pig9_GGAATCTTCGGCTATA-1	Pig9	Macrophage	Macrophage	CL:0000235	pig	NCBITaxon:9823	NCBITaxon:9823	EFO:0030080
Pig9_GGAATGGGTTACTCAG.1	Pig9_GGAATGGGTTACTCAG-1	Pig9	Macrophage	Macrophage	CL:0000235	pig	NCBITaxon:9823	NCBITaxon:9823	EFO:0030080
Pig9_GGAATGGTCGCTGTCT.1	Pig9_GGAATGGTCGCTGTCT-1	Pig9	Macrophage	Macrophage	CL:0000235	pig	NCBITaxon:9823	NCBITaxon:9823	EFO:0030080
Pig9_GGAATGGTCTGGGTCG.1	Pig9_GGAATGGTCTGGGTCG-1	Pig9	Pericyte	Pericyte	CL:0000669	pig	NCBITaxon:9823	NCBITaxon:9823	EFO:0030080
Pig9_GGACGTCAGAGAGCAA.1	Pig9_GGACGTCAGAGAGCAA-1	Pig9	Beam A	Beam A	CL:0000327	pig	NCBITaxon:9823	NCBITaxon:9823	EFO:0030080
Pig9_GGACGTCAGCTTACGT.1	Pig9_GGACGTCAGCTTACGT-1	Pig9	NK/T cell	NK/T cell	CL:0000814	pig	NCBITaxon:9823	NCBITaxon:9823	EFO:0030080
Pig9_GGACGTCAGTCGAAAT.1	Pig9_GGACGTCAGTCGAAAT-1	Pig9	Beam A	Beam A	CL:0000327	pig	NCBITaxon:9823	NCBITaxon:9823	EFO:0030080
Pig9_GGACGTCAGTCTAACC.1	Pig9_GGACGTCAGTCTAACC-1	Pig9	Fibroblast	Fibroblast	CL:0000057	pig	NCBITaxon:9823	NCBITaxon:9823	EFO:0030080
Pig9_GGACGTCCAACTGAAA.1	Pig9_GGACGTCCAACTGAAA-1	Pig9	Macrophage	Macrophage	CL:0000235	pig	NCBITaxon:9823	NCBITaxon:9823	EFO:0030080
Pig9_GGAGAACTCCGTCACT.1	Pig9_GGAGAACTCCGTCACT-1	Pig9	Macrophage	Macrophage	CL:0000235	pig	NCBITaxon:9823	NCBITaxon:9823	EFO:0030080
Pig9_GGAGATGTCATTGAGC.1	Pig9_GGAGATGTCATTGAGC-1	Pig9	Beam A	Beam A	CL:0000327	pig	NCBITaxon:9823	NCBITaxon:9823	EFO:0030080
Pig9_GGAGGATAGCGAGTAC.1	Pig9_GGAGGATAGCGAGTAC-1	Pig9	Macrophage	Macrophage	CL:0000235	pig	NCBITaxon:9823	NCBITaxon:9823	EFO:0030080
Pig9_GGAGGATCAGTAGTTC.1	Pig9_GGAGGATCAGTAGTTC-1	Pig9	SChlemm's Canal	SChlemm's Canal	CL:0000115	pig	NCBITaxon:9823	NCBITaxon:9823	EFO:0030080
Pig9_GGAGGATGTGCTGATT.1	Pig9_GGAGGATGTGCTGATT-1	Pig9	Beam A	Beam A	CL:0000327	pig	NCBITaxon:9823	NCBITaxon:9823	EFO:0030080
Pig9_GGAGGATTCTCACCCA.1	Pig9_GGAGGATTCTCACCCA-1	Pig9	Beam A	Beam A	CL:0000327	pig	NCBITaxon:9823	NCBITaxon:9823	EFO:0030080
Pig9_GGAGGTAAGAGCTTTC.1	Pig9_GGAGGTAAGAGCTTTC-1	Pig9	Beam A	Beam A	CL:0000327	pig	NCBITaxon:9823	NCBITaxon:9823	EFO:0030080
Pig9_GGAGGTAAGGGTAGCT.1	Pig9_GGAGGTAAGGGTAGCT-1	Pig9	Macrophage	Macrophage	CL:0000235	pig	NCBITaxon:9823	NCBITaxon:9823	EFO:0030080
Pig9_GGAGGTACAATCGCAT.1	Pig9_GGAGGTACAATCGCAT-1	Pig9	Beam A	Beam A	CL:0000327	pig	NCBITaxon:9823	NCBITaxon:9823	EFO:0030080
Pig9_GGAGGTACAGTAGAGC.1	Pig9_GGAGGTACAGTAGAGC-1	Pig9	SChlemm's Canal	SChlemm's Canal	CL:0000115	pig	NCBITaxon:9823	NCBITaxon:9823	EFO:0030080
Pig9_GGAGGTACATTGTAGC.1	Pig9_GGAGGTACATTGTAGC-1	Pig9	Beam A	Beam A	CL:0000327	pig	NCBITaxon:9823	NCBITaxon:9823	EFO:0030080
Pig9_GGAGGTAGTCCGCAGT.1	Pig9_GGAGGTAGTCCGCAGT-1	Pig9	NK/T cell	NK/T cell	CL:0000814	pig	NCBITaxon:9823	NCBITaxon:9823	EFO:0030080
Pig9_GGAGGTATCTACGGTA.1	Pig9_GGAGGTATCTACGGTA-1	Pig9	Beam A	Beam A	CL:0000327	pig	NCBITaxon:9823	NCBITaxon:9823	EFO:0030080
Pig9_GGAGGTATCTAGTTCT.1	Pig9_GGAGGTATCTAGTTCT-1	Pig9	Melanocyte	Melanocyte	CL:0000148	pig	NCBITaxon:9823	NCBITaxon:9823	EFO:0030080
Pig9_GGAGGTATCTTGGTGA.1	Pig9_GGAGGTATCTTGGTGA-1	Pig9	Fibroblast	Fibroblast	CL:0000057	pig	NCBITaxon:9823	NCBITaxon:9823	EFO:0030080
Pig9_GGATCTACATGAAGCG.1	Pig9_GGATCTACATGAAGCG-1	Pig9	Beam A	Beam A	CL:0000327	pig	NCBITaxon:9823	NCBITaxon:9823	EFO:0030080
Pig9_GGATCTATCATGGATC.1	Pig9_GGATCTATCATGGATC-1	Pig9	Beam A	Beam A	CL:0000327	pig	NCBITaxon:9823	NCBITaxon:9823	EFO:0030080
Pig9_GGATCTATCATTTCCA.1	Pig9_GGATCTATCATTTCCA-1	Pig9	Beam A	Beam A	CL:0000327	pig	NCBITaxon:9823	NCBITaxon:9823	EFO:0030080
Pig9_GGATCTATCTCCACTG.1	Pig9_GGATCTATCTCCACTG-1	Pig9	Beam A	Beam A	CL:0000327	pig	NCBITaxon:9823	NCBITaxon:9823	EFO:0030080
Pig9_GGATGTTGTTCCGGTG.1	Pig9_GGATGTTGTTCCGGTG-1	Pig9	Beam A	Beam A	CL:0000327	pig	NCBITaxon:9823	NCBITaxon:9823	EFO:0030080
Pig9_GGATGTTTCACTGATG.1	Pig9_GGATGTTTCACTGATG-1	Pig9	Macrophage	Macrophage	CL:0000235	pig	NCBITaxon:9823	NCBITaxon:9823	EFO:0030080
Pig9_GGCAGTCCATACACCA.1	Pig9_GGCAGTCCATACACCA-1	Pig9	Pericyte	Pericyte	CL:0000669	pig	NCBITaxon:9823	NCBITaxon:9823	EFO:0030080
Pig9_GGCAGTCCATAGCACT.1	Pig9_GGCAGTCCATAGCACT-1	Pig9	Beam A	Beam A	CL:0000327	pig	NCBITaxon:9823	NCBITaxon:9823	EFO:0030080
Pig9_GGCTGTGAGGCCTGCT.1	Pig9_GGCTGTGAGGCCTGCT-1	Pig9	Fibroblast	Fibroblast	CL:0000057	pig	NCBITaxon:9823	NCBITaxon:9823	EFO:0030080
Pig9_GGCTGTGCAATACCTG.1	Pig9_GGCTGTGCAATACCTG-1	Pig9	Macrophage	Macrophage	CL:0000235	pig	NCBITaxon:9823	NCBITaxon:9823	EFO:0030080
Pig9_GGCTGTGCAGCCTACG.1	Pig9_GGCTGTGCAGCCTACG-1	Pig9	Beam A	Beam A	CL:0000327	pig	NCBITaxon:9823	NCBITaxon:9823	EFO:0030080
Pig9_GGCTTGGCAGGACTTT.1	Pig9_GGCTTGGCAGGACTTT-1	Pig9	NK/T cell	NK/T cell	CL:0000814	pig	NCBITaxon:9823	NCBITaxon:9823	EFO:0030080
Pig9_GGCTTGGGTCCAAGAG.1	Pig9_GGCTTGGGTCCAAGAG-1	Pig9	Macrophage	Macrophage	CL:0000235	pig	NCBITaxon:9823	NCBITaxon:9823	EFO:0030080
Pig9_GGCTTGGTCGACCACG.1	Pig9_GGCTTGGTCGACCACG-1	Pig9	Beam A	Beam A	CL:0000327	pig	NCBITaxon:9823	NCBITaxon:9823	EFO:0030080
Pig9_GGGACAACAGTAACGG.1	Pig9_GGGACAACAGTAACGG-1	Pig9	Melanocyte	Melanocyte	CL:0000148	pig	NCBITaxon:9823	NCBITaxon:9823	EFO:0030080
Pig9_GGGACAAGTACGTAGG.1	Pig9_GGGACAAGTACGTAGG-1	Pig9	Beam A	Beam A	CL:0000327	pig	NCBITaxon:9823	NCBITaxon:9823	EFO:0030080
Pig9_GGGACAATCCGCTGTT.1	Pig9_GGGACAATCCGCTGTT-1	Pig9	Beam A	Beam A	CL:0000327	pig	NCBITaxon:9823	NCBITaxon:9823	EFO:0030080
Pig9_GGGACCTCACCGTGGT.1	Pig9_GGGACCTCACCGTGGT-1	Pig9	Beam A	Beam A	CL:0000327	pig	NCBITaxon:9823	NCBITaxon:9823	EFO:0030080
Pig9_GGGACCTCAGTTGCGC.1	Pig9_GGGACCTCAGTTGCGC-1	Pig9	Fibroblast	Fibroblast	CL:0000057	pig	NCBITaxon:9823	NCBITaxon:9823	EFO:0030080
Pig9_GGGACTCAGATCACCT.1	Pig9_GGGACTCAGATCACCT-1	Pig9	Beam A	Beam A	CL:0000327	pig	NCBITaxon:9823	NCBITaxon:9823	EFO:0030080
Pig9_GGGAGATCATCCTGTC.1	Pig9_GGGAGATCATCCTGTC-1	Pig9	Macrophage	Macrophage	CL:0000235	pig	NCBITaxon:9823	NCBITaxon:9823	EFO:0030080
Pig9_GGGAGATGTTAGCGGA.1	Pig9_GGGAGATGTTAGCGGA-1	Pig9	NK/T cell	NK/T cell	CL:0000814	pig	NCBITaxon:9823	NCBITaxon:9823	EFO:0030080
Pig9_GGGAGATTCAACTACG.1	Pig9_GGGAGATTCAACTACG-1	Pig9	Macrophage	Macrophage	CL:0000235	pig	NCBITaxon:9823	NCBITaxon:9823	EFO:0030080
Pig9_GGGAGTACACTCCACT.1	Pig9_GGGAGTACACTCCACT-1	Pig9	Beam A	Beam A	CL:0000327	pig	NCBITaxon:9823	NCBITaxon:9823	EFO:0030080
Pig9_GGGAGTAGTACTGGGA.1	Pig9_GGGAGTAGTACTGGGA-1	Pig9	Macrophage	Macrophage	CL:0000235	pig	NCBITaxon:9823	NCBITaxon:9823	EFO:0030080
Pig9_GGGAGTAGTTATCTTC.1	Pig9_GGGAGTAGTTATCTTC-1	Pig9	Beam A	Beam A	CL:0000327	pig	NCBITaxon:9823	NCBITaxon:9823	EFO:0030080
Pig9_GGGATCCAGAATTCAG.1	Pig9_GGGATCCAGAATTCAG-1	Pig9	Macrophage	Macrophage	CL:0000235	pig	NCBITaxon:9823	NCBITaxon:9823	EFO:0030080
Pig9_GGGATGACACCAACAT.1	Pig9_GGGATGACACCAACAT-1	Pig9	Fibroblast	Fibroblast	CL:0000057	pig	NCBITaxon:9823	NCBITaxon:9823	EFO:0030080
Pig9_GGGCCATGTGTCTTGA.1	Pig9_GGGCCATGTGTCTTGA-1	Pig9	Fibroblast	Fibroblast	CL:0000057	pig	NCBITaxon:9823	NCBITaxon:9823	EFO:0030080
Pig9_GGGCCATTCTACCACC.1	Pig9_GGGCCATTCTACCACC-1	Pig9	Fibroblast	Fibroblast	CL:0000057	pig	NCBITaxon:9823	NCBITaxon:9823	EFO:0030080
Pig9_GGGCGTTCACTCCTTG.1	Pig9_GGGCGTTCACTCCTTG-1	Pig9	Beam A	Beam A	CL:0000327	pig	NCBITaxon:9823	NCBITaxon:9823	EFO:0030080
Pig9_GGGCGTTTCAGACAAA.1	Pig9_GGGCGTTTCAGACAAA-1	Pig9	Beam A	Beam A	CL:0000327	pig	NCBITaxon:9823	NCBITaxon:9823	EFO:0030080
Pig9_GGGCGTTTCCACACAA.1	Pig9_GGGCGTTTCCACACAA-1	Pig9	NK/T cell	NK/T cell	CL:0000814	pig	NCBITaxon:9823	NCBITaxon:9823	EFO:0030080
Pig9_GGGCTACAGAAGCTGC.1	Pig9_GGGCTACAGAAGCTGC-1	Pig9	Beam A	Beam A	CL:0000327	pig	NCBITaxon:9823	NCBITaxon:9823	EFO:0030080
Pig9_GGGCTACAGCAGAAAG.1	Pig9_GGGCTACAGCAGAAAG-1	Pig9	Beam A	Beam A	CL:0000327	pig	NCBITaxon:9823	NCBITaxon:9823	EFO:0030080
Pig9_GGGCTACAGCCTCCAG.1	Pig9_GGGCTACAGCCTCCAG-1	Pig9	Melanocyte	Melanocyte	CL:0000148	pig	NCBITaxon:9823	NCBITaxon:9823	EFO:0030080
Pig9_GGGCTACGTACAGCGA.1	Pig9_GGGCTACGTACAGCGA-1	Pig9	Fibroblast	Fibroblast	CL:0000057	pig	NCBITaxon:9823	NCBITaxon:9823	EFO:0030080
Pig9_GGGCTCAAGGGCAGTT.1	Pig9_GGGCTCAAGGGCAGTT-1	Pig9	Beam A	Beam A	CL:0000327	pig	NCBITaxon:9823	NCBITaxon:9823	EFO:0030080
Pig9_GGGCTCATCCTCACTG.1	Pig9_GGGCTCATCCTCACTG-1	Pig9	Macrophage	Macrophage	CL:0000235	pig	NCBITaxon:9823	NCBITaxon:9823	EFO:0030080
Pig9_GGGTAGATCAAGGACG.1	Pig9_GGGTAGATCAAGGACG-1	Pig9	Fibroblast	Fibroblast	CL:0000057	pig	NCBITaxon:9823	NCBITaxon:9823	EFO:0030080
Pig9_GGGTAGATCTCACCCA.1	Pig9_GGGTAGATCTCACCCA-1	Pig9	Beam A	Beam A	CL:0000327	pig	NCBITaxon:9823	NCBITaxon:9823	EFO:0030080
Pig9_GGGTATTGTCTCGGAC.1	Pig9_GGGTATTGTCTCGGAC-1	Pig9	Macrophage	Macrophage	CL:0000235	pig	NCBITaxon:9823	NCBITaxon:9823	EFO:0030080
Pig9_GGGTATTGTGCGGATA.1	Pig9_GGGTATTGTGCGGATA-1	Pig9	Macrophage	Macrophage	CL:0000235	pig	NCBITaxon:9823	NCBITaxon:9823	EFO:0030080
Pig9_GGGTATTGTGTAGTGG.1	Pig9_GGGTATTGTGTAGTGG-1	Pig9	Fibroblast	Fibroblast	CL:0000057	pig	NCBITaxon:9823	NCBITaxon:9823	EFO:0030080
Pig9_GGGTATTTCGAAACAA.1	Pig9_GGGTATTTCGAAACAA-1	Pig9	Beam A	Beam A	CL:0000327	pig	NCBITaxon:9823	NCBITaxon:9823	EFO:0030080
Pig9_GGGTATTTCGAGTGGA.1	Pig9_GGGTATTTCGAGTGGA-1	Pig9	Beam A	Beam A	CL:0000327	pig	NCBITaxon:9823	NCBITaxon:9823	EFO:0030080
Pig9_GGGTCACAGTTAGTGA.1	Pig9_GGGTCACAGTTAGTGA-1	Pig9	NK/T cell	NK/T cell	CL:0000814	pig	NCBITaxon:9823	NCBITaxon:9823	EFO:0030080
Pig9_GGGTCACTCTGAGAGG.1	Pig9_GGGTCACTCTGAGAGG-1	Pig9	Beam A	Beam A	CL:0000327	pig	NCBITaxon:9823	NCBITaxon:9823	EFO:0030080
Pig9_GGGTCTGCACGGATCC.1	Pig9_GGGTCTGCACGGATCC-1	Pig9	Macrophage	Macrophage	CL:0000235	pig	NCBITaxon:9823	NCBITaxon:9823	EFO:0030080
Pig9_GGGTCTGCAGCATACT.1	Pig9_GGGTCTGCAGCATACT-1	Pig9	Beam A	Beam A	CL:0000327	pig	NCBITaxon:9823	NCBITaxon:9823	EFO:0030080
Pig9_GGGTCTGTCCACGGGT.1	Pig9_GGGTCTGTCCACGGGT-1	Pig9	Beam A	Beam A	CL:0000327	pig	NCBITaxon:9823	NCBITaxon:9823	EFO:0030080
Pig9_GGGTGAACAAGATCCT.1	Pig9_GGGTGAACAAGATCCT-1	Pig9	Beam A	Beam A	CL:0000327	pig	NCBITaxon:9823	NCBITaxon:9823	EFO:0030080
Pig9_GGGTGAAGTCGACTGC.1	Pig9_GGGTGAAGTCGACTGC-1	Pig9	Melanocyte	Melanocyte	CL:0000148	pig	NCBITaxon:9823	NCBITaxon:9823	EFO:0030080
Pig9_GGGTGAAGTGTCCATA.1	Pig9_GGGTGAAGTGTCCATA-1	Pig9	Beam A	Beam A	CL:0000327	pig	NCBITaxon:9823	NCBITaxon:9823	EFO:0030080
Pig9_GGGTGTCAGTGAGGTC.1	Pig9_GGGTGTCAGTGAGGTC-1	Pig9	NK/T cell	NK/T cell	CL:0000814	pig	NCBITaxon:9823	NCBITaxon:9823	EFO:0030080
Pig9_GGGTGTCCATGTCTAG.1	Pig9_GGGTGTCCATGTCTAG-1	Pig9	Macrophage	Macrophage	CL:0000235	pig	NCBITaxon:9823	NCBITaxon:9823	EFO:0030080
Pig9_GGGTGTCCATGTTCGA.1	Pig9_GGGTGTCCATGTTCGA-1	Pig9	Macrophage	Macrophage	CL:0000235	pig	NCBITaxon:9823	NCBITaxon:9823	EFO:0030080
Pig9_GGGTTATGTTGCTTGA.1	Pig9_GGGTTATGTTGCTTGA-1	Pig9	Beam A	Beam A	CL:0000327	pig	NCBITaxon:9823	NCBITaxon:9823	EFO:0030080
Pig9_GGGTTATTCCGTGGTG.1	Pig9_GGGTTATTCCGTGGTG-1	Pig9	Beam A	Beam A	CL:0000327	pig	NCBITaxon:9823	NCBITaxon:9823	EFO:0030080
Pig9_GGTAACTTCATTGAGC.1	Pig9_GGTAACTTCATTGAGC-1	Pig9	Beam A	Beam A	CL:0000327	pig	NCBITaxon:9823	NCBITaxon:9823	EFO:0030080
Pig9_GGTAACTTCCCTCTCC.1	Pig9_GGTAACTTCCCTCTCC-1	Pig9	Beam A	Beam A	CL:0000327	pig	NCBITaxon:9823	NCBITaxon:9823	EFO:0030080
Pig9_GGTAATCAGACTCCGC.1	Pig9_GGTAATCAGACTCCGC-1	Pig9	Macrophage	Macrophage	CL:0000235	pig	NCBITaxon:9823	NCBITaxon:9823	EFO:0030080
Pig9_GGTAATCCACTGCGAC.1	Pig9_GGTAATCCACTGCGAC-1	Pig9	Macrophage	Macrophage	CL:0000235	pig	NCBITaxon:9823	NCBITaxon:9823	EFO:0030080
Pig9_GGTAATCGTACATTGC.1	Pig9_GGTAATCGTACATTGC-1	Pig9	NK/T cell	NK/T cell	CL:0000814	pig	NCBITaxon:9823	NCBITaxon:9823	EFO:0030080
Pig9_GGTAGAGCATAATCGC.1	Pig9_GGTAGAGCATAATCGC-1	Pig9	NK/T cell	NK/T cell	CL:0000814	pig	NCBITaxon:9823	NCBITaxon:9823	EFO:0030080
Pig9_GGTAGAGTCCTTATGT.1	Pig9_GGTAGAGTCCTTATGT-1	Pig9	Beam A	Beam A	CL:0000327	pig	NCBITaxon:9823	NCBITaxon:9823	EFO:0030080
Pig9_GGTCACGTCCATACTT.1	Pig9_GGTCACGTCCATACTT-1	Pig9	Macrophage	Macrophage	CL:0000235	pig	NCBITaxon:9823	NCBITaxon:9823	EFO:0030080
Pig9_GGTCTGGAGAGAGCCT.1	Pig9_GGTCTGGAGAGAGCCT-1	Pig9	Macrophage	Macrophage	CL:0000235	pig	NCBITaxon:9823	NCBITaxon:9823	EFO:0030080
Pig9_GGTCTGGAGTAAGAGG.1	Pig9_GGTCTGGAGTAAGAGG-1	Pig9	Macrophage	Macrophage	CL:0000235	pig	NCBITaxon:9823	NCBITaxon:9823	EFO:0030080
Pig9_GGTCTGGAGTTCTACG.1	Pig9_GGTCTGGAGTTCTACG-1	Pig9	Beam A	Beam A	CL:0000327	pig	NCBITaxon:9823	NCBITaxon:9823	EFO:0030080
Pig9_GGTCTGGCACGCCAGT.1	Pig9_GGTCTGGCACGCCAGT-1	Pig9	Macrophage	Macrophage	CL:0000235	pig	NCBITaxon:9823	NCBITaxon:9823	EFO:0030080
Pig9_GGTCTGGTCCCTGTTG.1	Pig9_GGTCTGGTCCCTGTTG-1	Pig9	Pericyte	Pericyte	CL:0000669	pig	NCBITaxon:9823	NCBITaxon:9823	EFO:0030080
Pig9_GGTGAAGGTTAGTCGT.1	Pig9_GGTGAAGGTTAGTCGT-1	Pig9	Fibroblast	Fibroblast	CL:0000057	pig	NCBITaxon:9823	NCBITaxon:9823	EFO:0030080
Pig9_GGTGAAGTCATGAAAG.1	Pig9_GGTGAAGTCATGAAAG-1	Pig9	NK/T cell	NK/T cell	CL:0000814	pig	NCBITaxon:9823	NCBITaxon:9823	EFO:0030080
Pig9_GGTGATTAGGTACAGC.1	Pig9_GGTGATTAGGTACAGC-1	Pig9	Beam A	Beam A	CL:0000327	pig	NCBITaxon:9823	NCBITaxon:9823	EFO:0030080
Pig9_GGTGATTGTGACAGGT.1	Pig9_GGTGATTGTGACAGGT-1	Pig9	NK/T cell	NK/T cell	CL:0000814	pig	NCBITaxon:9823	NCBITaxon:9823	EFO:0030080
Pig9_GGTGATTTCATCTGTT.1	Pig9_GGTGATTTCATCTGTT-1	Pig9	Macrophage	Macrophage	CL:0000235	pig	NCBITaxon:9823	NCBITaxon:9823	EFO:0030080
Pig9_GGTGGCTAGCTCGGCT.1	Pig9_GGTGGCTAGCTCGGCT-1	Pig9	Fibroblast	Fibroblast	CL:0000057	pig	NCBITaxon:9823	NCBITaxon:9823	EFO:0030080
Pig9_GGTGGCTCACAGAAGC.1	Pig9_GGTGGCTCACAGAAGC-1	Pig9	Beam A	Beam A	CL:0000327	pig	NCBITaxon:9823	NCBITaxon:9823	EFO:0030080
Pig9_GGTGTCGAGACACACG.1	Pig9_GGTGTCGAGACACACG-1	Pig9	Beam A	Beam A	CL:0000327	pig	NCBITaxon:9823	NCBITaxon:9823	EFO:0030080
Pig9_GGTGTCGAGTGAGCCA.1	Pig9_GGTGTCGAGTGAGCCA-1	Pig9	Macrophage	Macrophage	CL:0000235	pig	NCBITaxon:9823	NCBITaxon:9823	EFO:0030080
Pig9_GGTGTCGCAGAGAATT.1	Pig9_GGTGTCGCAGAGAATT-1	Pig9	Beam A	Beam A	CL:0000327	pig	NCBITaxon:9823	NCBITaxon:9823	EFO:0030080
Pig9_GGTGTTAAGGTCATTC.1	Pig9_GGTGTTAAGGTCATTC-1	Pig9	Beam A	Beam A	CL:0000327	pig	NCBITaxon:9823	NCBITaxon:9823	EFO:0030080
Pig9_GGTTAACAGTTGTCAC.1	Pig9_GGTTAACAGTTGTCAC-1	Pig9	Macrophage	Macrophage	CL:0000235	pig	NCBITaxon:9823	NCBITaxon:9823	EFO:0030080
Pig9_GGTTAACCAGTTAGGG.1	Pig9_GGTTAACCAGTTAGGG-1	Pig9	Macrophage	Macrophage	CL:0000235	pig	NCBITaxon:9823	NCBITaxon:9823	EFO:0030080
Pig9_GGTTAACCATGCCGGT.1	Pig9_GGTTAACCATGCCGGT-1	Pig9	Fibroblast	Fibroblast	CL:0000057	pig	NCBITaxon:9823	NCBITaxon:9823	EFO:0030080
Pig9_GGTTAACGTAGTGCGA.1	Pig9_GGTTAACGTAGTGCGA-1	Pig9	Beam A	Beam A	CL:0000327	pig	NCBITaxon:9823	NCBITaxon:9823	EFO:0030080
Pig9_GGTTAACGTGCGTGCT.1	Pig9_GGTTAACGTGCGTGCT-1	Pig9	Beam A	Beam A	CL:0000327	pig	NCBITaxon:9823	NCBITaxon:9823	EFO:0030080
Pig9_GGTTCTCTCCCTATTA.1	Pig9_GGTTCTCTCCCTATTA-1	Pig9	Fibroblast	Fibroblast	CL:0000057	pig	NCBITaxon:9823	NCBITaxon:9823	EFO:0030080
Pig9_GGTTCTCTCCTCACCA.1	Pig9_GGTTCTCTCCTCACCA-1	Pig9	Beam A	Beam A	CL:0000327	pig	NCBITaxon:9823	NCBITaxon:9823	EFO:0030080
Pig9_GGTTGTACATGGATCT.1	Pig9_GGTTGTACATGGATCT-1	Pig9	Macrophage	Macrophage	CL:0000235	pig	NCBITaxon:9823	NCBITaxon:9823	EFO:0030080
Pig9_GGTTGTATCCTCCACA.1	Pig9_GGTTGTATCCTCCACA-1	Pig9	Beam A	Beam A	CL:0000327	pig	NCBITaxon:9823	NCBITaxon:9823	EFO:0030080
Pig9_GTAACACAGGACAAGA.1	Pig9_GTAACACAGGACAAGA-1	Pig9	Macrophage	Macrophage	CL:0000235	pig	NCBITaxon:9823	NCBITaxon:9823	EFO:0030080
Pig9_GTAACACCAGTGGGTA.1	Pig9_GTAACACCAGTGGGTA-1	Pig9	Beam A	Beam A	CL:0000327	pig	NCBITaxon:9823	NCBITaxon:9823	EFO:0030080
Pig9_GTAACACGTTAAGGAT.1	Pig9_GTAACACGTTAAGGAT-1	Pig9	Beam A	Beam A	CL:0000327	pig	NCBITaxon:9823	NCBITaxon:9823	EFO:0030080
Pig9_GTAACCAAGCCACAAG.1	Pig9_GTAACCAAGCCACAAG-1	Pig9	Beam A	Beam A	CL:0000327	pig	NCBITaxon:9823	NCBITaxon:9823	EFO:0030080
Pig9_GTAACCATCACGTAGT.1	Pig9_GTAACCATCACGTAGT-1	Pig9	Beam A	Beam A	CL:0000327	pig	NCBITaxon:9823	NCBITaxon:9823	EFO:0030080
Pig9_GTAACCATCGATTCCC.1	Pig9_GTAACCATCGATTCCC-1	Pig9	Macrophage	Macrophage	CL:0000235	pig	NCBITaxon:9823	NCBITaxon:9823	EFO:0030080
Pig9_GTAAGTCAGCGATCGA.1	Pig9_GTAAGTCAGCGATCGA-1	Pig9	Macrophage	Macrophage	CL:0000235	pig	NCBITaxon:9823	NCBITaxon:9823	EFO:0030080
Pig9_GTAAGTCCAGACGATG.1	Pig9_GTAAGTCCAGACGATG-1	Pig9	Beam A	Beam A	CL:0000327	pig	NCBITaxon:9823	NCBITaxon:9823	EFO:0030080
Pig9_GTAAGTCTCTATGTGG.1	Pig9_GTAAGTCTCTATGTGG-1	Pig9	Beam A	Beam A	CL:0000327	pig	NCBITaxon:9823	NCBITaxon:9823	EFO:0030080
Pig9_GTAATCGGTAAGTTAG.1	Pig9_GTAATCGGTAAGTTAG-1	Pig9	Beam A	Beam A	CL:0000327	pig	NCBITaxon:9823	NCBITaxon:9823	EFO:0030080
Pig9_GTAATCGGTCTTACTT.1	Pig9_GTAATCGGTCTTACTT-1	Pig9	Macrophage	Macrophage	CL:0000235	pig	NCBITaxon:9823	NCBITaxon:9823	EFO:0030080
Pig9_GTAATCGTCTGCGGAC.1	Pig9_GTAATCGTCTGCGGAC-1	Pig9	Macrophage	Macrophage	CL:0000235	pig	NCBITaxon:9823	NCBITaxon:9823	EFO:0030080
Pig9_GTAATGCGTCAGGAGT.1	Pig9_GTAATGCGTCAGGAGT-1	Pig9	Macrophage	Macrophage	CL:0000235	pig	NCBITaxon:9823	NCBITaxon:9823	EFO:0030080
Pig9_GTAATGCTCGACGACC.1	Pig9_GTAATGCTCGACGACC-1	Pig9	Fibroblast	Fibroblast	CL:0000057	pig	NCBITaxon:9823	NCBITaxon:9823	EFO:0030080
Pig9_GTACAACAGTAGCTCT.1	Pig9_GTACAACAGTAGCTCT-1	Pig9	Beam A	Beam A	CL:0000327	pig	NCBITaxon:9823	NCBITaxon:9823	EFO:0030080
Pig9_GTACAACCAATGGCCC.1	Pig9_GTACAACCAATGGCCC-1	Pig9	Beam A	Beam A	CL:0000327	pig	NCBITaxon:9823	NCBITaxon:9823	EFO:0030080
Pig9_GTACAACGTGAGGAAA.1	Pig9_GTACAACGTGAGGAAA-1	Pig9	Macrophage	Macrophage	CL:0000235	pig	NCBITaxon:9823	NCBITaxon:9823	EFO:0030080
Pig9_GTACAACGTTTAGAGA.1	Pig9_GTACAACGTTTAGAGA-1	Pig9	Beam A	Beam A	CL:0000327	pig	NCBITaxon:9823	NCBITaxon:9823	EFO:0030080
Pig9_GTACAGTCAAAGCGTG.1	Pig9_GTACAGTCAAAGCGTG-1	Pig9	Corneal endothelium	Corneal endothelium	CL:0000132	pig	NCBITaxon:9823	NCBITaxon:9823	EFO:0030080
Pig9_GTACAGTCATTGACAC.1	Pig9_GTACAGTCATTGACAC-1	Pig9	Fibroblast	Fibroblast	CL:0000057	pig	NCBITaxon:9823	NCBITaxon:9823	EFO:0030080
Pig9_GTACAGTGTGTATTGC.1	Pig9_GTACAGTGTGTATTGC-1	Pig9	Beam A	Beam A	CL:0000327	pig	NCBITaxon:9823	NCBITaxon:9823	EFO:0030080
Pig9_GTACAGTGTTAGCGGA.1	Pig9_GTACAGTGTTAGCGGA-1	Pig9	Macrophage	Macrophage	CL:0000235	pig	NCBITaxon:9823	NCBITaxon:9823	EFO:0030080
Pig9_GTAGAAACAACTGCTA.1	Pig9_GTAGAAACAACTGCTA-1	Pig9	Macrophage	Macrophage	CL:0000235	pig	NCBITaxon:9823	NCBITaxon:9823	EFO:0030080
Pig9_GTAGAAACACGTAACT.1	Pig9_GTAGAAACACGTAACT-1	Pig9	Beam A	Beam A	CL:0000327	pig	NCBITaxon:9823	NCBITaxon:9823	EFO:0030080
Pig9_GTAGAAACACGTCATA.1	Pig9_GTAGAAACACGTCATA-1	Pig9	Macrophage	Macrophage	CL:0000235	pig	NCBITaxon:9823	NCBITaxon:9823	EFO:0030080
Pig9_GTAGAAAGTGGCATCC.1	Pig9_GTAGAAAGTGGCATCC-1	Pig9	Beam A	Beam A	CL:0000327	pig	NCBITaxon:9823	NCBITaxon:9823	EFO:0030080
Pig9_GTAGAAAGTTTAGAGA.1	Pig9_GTAGAAAGTTTAGAGA-1	Pig9	Beam A	Beam A	CL:0000327	pig	NCBITaxon:9823	NCBITaxon:9823	EFO:0030080
Pig9_GTAGAGGAGGGATCAC.1	Pig9_GTAGAGGAGGGATCAC-1	Pig9	Beam A	Beam A	CL:0000327	pig	NCBITaxon:9823	NCBITaxon:9823	EFO:0030080
Pig9_GTAGAGGCAGCGTATT.1	Pig9_GTAGAGGCAGCGTATT-1	Pig9	Beam A	Beam A	CL:0000327	pig	NCBITaxon:9823	NCBITaxon:9823	EFO:0030080
Pig9_GTAGATCAGGTTGGTG.1	Pig9_GTAGATCAGGTTGGTG-1	Pig9	Pericyte	Pericyte	CL:0000669	pig	NCBITaxon:9823	NCBITaxon:9823	EFO:0030080
Pig9_GTAGATCCACGAGAAC.1	Pig9_GTAGATCCACGAGAAC-1	Pig9	SChlemm's Canal	SChlemm's Canal	CL:0000115	pig	NCBITaxon:9823	NCBITaxon:9823	EFO:0030080
Pig9_GTAGATCTCGAACGCC.1	Pig9_GTAGATCTCGAACGCC-1	Pig9	Macrophage	Macrophage	CL:0000235	pig	NCBITaxon:9823	NCBITaxon:9823	EFO:0030080
Pig9_GTAGATCTCTGTGTGA.1	Pig9_GTAGATCTCTGTGTGA-1	Pig9	Macrophage	Macrophage	CL:0000235	pig	NCBITaxon:9823	NCBITaxon:9823	EFO:0030080
Pig9_GTAGGAGAGTTCTACG.1	Pig9_GTAGGAGAGTTCTACG-1	Pig9	Fibroblast	Fibroblast	CL:0000057	pig	NCBITaxon:9823	NCBITaxon:9823	EFO:0030080
Pig9_GTAGGAGCAGAACTCT.1	Pig9_GTAGGAGCAGAACTCT-1	Pig9	Beam A	Beam A	CL:0000327	pig	NCBITaxon:9823	NCBITaxon:9823	EFO:0030080
Pig9_GTAGGAGCATACATCG.1	Pig9_GTAGGAGCATACATCG-1	Pig9	Beam A	Beam A	CL:0000327	pig	NCBITaxon:9823	NCBITaxon:9823	EFO:0030080
Pig9_GTAGGAGGTAGCTGAG.1	Pig9_GTAGGAGGTAGCTGAG-1	Pig9	Beam A	Beam A	CL:0000327	pig	NCBITaxon:9823	NCBITaxon:9823	EFO:0030080
Pig9_GTAGGAGGTAGGACCA.1	Pig9_GTAGGAGGTAGGACCA-1	Pig9	Fibroblast	Fibroblast	CL:0000057	pig	NCBITaxon:9823	NCBITaxon:9823	EFO:0030080
Pig9_GTAGGAGTCATGAGTC.1	Pig9_GTAGGAGTCATGAGTC-1	Pig9	SChlemm's Canal	SChlemm's Canal	CL:0000115	pig	NCBITaxon:9823	NCBITaxon:9823	EFO:0030080
Pig9_GTAGGAGTCCTGGCTT.1	Pig9_GTAGGAGTCCTGGCTT-1	Pig9	Macrophage	Macrophage	CL:0000235	pig	NCBITaxon:9823	NCBITaxon:9823	EFO:0030080
Pig9_GTAGGTTCAAGTTTGC.1	Pig9_GTAGGTTCAAGTTTGC-1	Pig9	Fibroblast	Fibroblast	CL:0000057	pig	NCBITaxon:9823	NCBITaxon:9823	EFO:0030080
Pig9_GTAGGTTTCGGTCTGG.1	Pig9_GTAGGTTTCGGTCTGG-1	Pig9	Macrophage	Macrophage	CL:0000235	pig	NCBITaxon:9823	NCBITaxon:9823	EFO:0030080
Pig9_GTAGTACGTGAAAGTT.1	Pig9_GTAGTACGTGAAAGTT-1	Pig9	Beam A	Beam A	CL:0000327	pig	NCBITaxon:9823	NCBITaxon:9823	EFO:0030080
Pig9_GTATTGGCACTGCGAC.1	Pig9_GTATTGGCACTGCGAC-1	Pig9	Beam A	Beam A	CL:0000327	pig	NCBITaxon:9823	NCBITaxon:9823	EFO:0030080
Pig9_GTATTGGGTATCTCTT.1	Pig9_GTATTGGGTATCTCTT-1	Pig9	NK/T cell	NK/T cell	CL:0000814	pig	NCBITaxon:9823	NCBITaxon:9823	EFO:0030080
Pig9_GTATTGGTCTCCACTG.1	Pig9_GTATTGGTCTCCACTG-1	Pig9	Macrophage	Macrophage	CL:0000235	pig	NCBITaxon:9823	NCBITaxon:9823	EFO:0030080
Pig9_GTATTTCGTCACCGAC.1	Pig9_GTATTTCGTCACCGAC-1	Pig9	Fibroblast	Fibroblast	CL:0000057	pig	NCBITaxon:9823	NCBITaxon:9823	EFO:0030080
Pig9_GTCAAACAGGAATGTT.1	Pig9_GTCAAACAGGAATGTT-1	Pig9	Macrophage	Macrophage	CL:0000235	pig	NCBITaxon:9823	NCBITaxon:9823	EFO:0030080
Pig9_GTCAAACCAATCGCCG.1	Pig9_GTCAAACCAATCGCCG-1	Pig9	Beam A	Beam A	CL:0000327	pig	NCBITaxon:9823	NCBITaxon:9823	EFO:0030080
Pig9_GTCAAACGTCTGTGCG.1	Pig9_GTCAAACGTCTGTGCG-1	Pig9	Macrophage	Macrophage	CL:0000235	pig	NCBITaxon:9823	NCBITaxon:9823	EFO:0030080
Pig9_GTCAAACTCGGAATGG.1	Pig9_GTCAAACTCGGAATGG-1	Pig9	NK/T cell	NK/T cell	CL:0000814	pig	NCBITaxon:9823	NCBITaxon:9823	EFO:0030080
Pig9_GTCAAGTCACCGTACG.1	Pig9_GTCAAGTCACCGTACG-1	Pig9	Beam A	Beam A	CL:0000327	pig	NCBITaxon:9823	NCBITaxon:9823	EFO:0030080
Pig9_GTCAAGTGTTGCATTG.1	Pig9_GTCAAGTGTTGCATTG-1	Pig9	Melanocyte	Melanocyte	CL:0000148	pig	NCBITaxon:9823	NCBITaxon:9823	EFO:0030080
Pig9_GTCACGGAGACAGCGT.1	Pig9_GTCACGGAGACAGCGT-1	Pig9	Macrophage	Macrophage	CL:0000235	pig	NCBITaxon:9823	NCBITaxon:9823	EFO:0030080
Pig9_GTCACGGTCCAAAGGG.1	Pig9_GTCACGGTCCAAAGGG-1	Pig9	Macrophage	Macrophage	CL:0000235	pig	NCBITaxon:9823	NCBITaxon:9823	EFO:0030080
Pig9_GTCACTCAGAGTGGCT.1	Pig9_GTCACTCAGAGTGGCT-1	Pig9	Macrophage	Macrophage	CL:0000235	pig	NCBITaxon:9823	NCBITaxon:9823	EFO:0030080
Pig9_GTCACTCAGGAATTAC.1	Pig9_GTCACTCAGGAATTAC-1	Pig9	Fibroblast	Fibroblast	CL:0000057	pig	NCBITaxon:9823	NCBITaxon:9823	EFO:0030080
Pig9_GTCACTCTCCTGTTAT.1	Pig9_GTCACTCTCCTGTTAT-1	Pig9	Beam A	Beam A	CL:0000327	pig	NCBITaxon:9823	NCBITaxon:9823	EFO:0030080
Pig9_GTCAGCGCACACAGCC.1	Pig9_GTCAGCGCACACAGCC-1	Pig9	Beam A	Beam A	CL:0000327	pig	NCBITaxon:9823	NCBITaxon:9823	EFO:0030080
Pig9_GTCAGCGGTATGCAAA.1	Pig9_GTCAGCGGTATGCAAA-1	Pig9	Beam A	Beam A	CL:0000327	pig	NCBITaxon:9823	NCBITaxon:9823	EFO:0030080
Pig9_GTCAGCGGTGGAATGC.1	Pig9_GTCAGCGGTGGAATGC-1	Pig9	Beam A	Beam A	CL:0000327	pig	NCBITaxon:9823	NCBITaxon:9823	EFO:0030080
Pig9_GTCAGCGGTGGTTTGT.1	Pig9_GTCAGCGGTGGTTTGT-1	Pig9	Pericyte	Pericyte	CL:0000669	pig	NCBITaxon:9823	NCBITaxon:9823	EFO:0030080
Pig9_GTCAGCGTCGCCTATC.1	Pig9_GTCAGCGTCGCCTATC-1	Pig9	Macrophage	Macrophage	CL:0000235	pig	NCBITaxon:9823	NCBITaxon:9823	EFO:0030080
Pig9_GTCATCCCAGTCTGGC.1	Pig9_GTCATCCCAGTCTGGC-1	Pig9	Pericyte	Pericyte	CL:0000669	pig	NCBITaxon:9823	NCBITaxon:9823	EFO:0030080
Pig9_GTCATGACACTAGTAC.1	Pig9_GTCATGACACTAGTAC-1	Pig9	Macrophage	Macrophage	CL:0000235	pig	NCBITaxon:9823	NCBITaxon:9823	EFO:0030080
Pig9_GTCATGACAGTGACCC.1	Pig9_GTCATGACAGTGACCC-1	Pig9	Beam A	Beam A	CL:0000327	pig	NCBITaxon:9823	NCBITaxon:9823	EFO:0030080
Pig9_GTCATGATCACTGATG.1	Pig9_GTCATGATCACTGATG-1	Pig9	Macrophage	Macrophage	CL:0000235	pig	NCBITaxon:9823	NCBITaxon:9823	EFO:0030080
Pig9_GTCATTTAGGCCGCTT.1	Pig9_GTCATTTAGGCCGCTT-1	Pig9	SChlemm's Canal	SChlemm's Canal	CL:0000115	pig	NCBITaxon:9823	NCBITaxon:9823	EFO:0030080
Pig9_GTCATTTCAGCGTGCT.1	Pig9_GTCATTTCAGCGTGCT-1	Pig9	Fibroblast	Fibroblast	CL:0000057	pig	NCBITaxon:9823	NCBITaxon:9823	EFO:0030080
Pig9_GTCATTTGTTCGTGCG.1	Pig9_GTCATTTGTTCGTGCG-1	Pig9	Beam A	Beam A	CL:0000327	pig	NCBITaxon:9823	NCBITaxon:9823	EFO:0030080
Pig9_GTCCACTCAATTTCTC.1	Pig9_GTCCACTCAATTTCTC-1	Pig9	Beam A	Beam A	CL:0000327	pig	NCBITaxon:9823	NCBITaxon:9823	EFO:0030080
Pig9_GTCCACTGTTGATGTC.1	Pig9_GTCCACTGTTGATGTC-1	Pig9	Macrophage	Macrophage	CL:0000235	pig	NCBITaxon:9823	NCBITaxon:9823	EFO:0030080
Pig9_GTCCACTTCCGACAGC.1	Pig9_GTCCACTTCCGACAGC-1	Pig9	Beam A	Beam A	CL:0000327	pig	NCBITaxon:9823	NCBITaxon:9823	EFO:0030080
Pig9_GTCCACTTCCGTGCGA.1	Pig9_GTCCACTTCCGTGCGA-1	Pig9	Beam A	Beam A	CL:0000327	pig	NCBITaxon:9823	NCBITaxon:9823	EFO:0030080
Pig9_GTCCCATCATTGGGAG.1	Pig9_GTCCCATCATTGGGAG-1	Pig9	Beam A	Beam A	CL:0000327	pig	NCBITaxon:9823	NCBITaxon:9823	EFO:0030080
Pig9_GTCCTCAAGAATCGTA.1	Pig9_GTCCTCAAGAATCGTA-1	Pig9	Beam A	Beam A	CL:0000327	pig	NCBITaxon:9823	NCBITaxon:9823	EFO:0030080
Pig9_GTCCTCAAGTTCTACG.1	Pig9_GTCCTCAAGTTCTACG-1	Pig9	Fibroblast	Fibroblast	CL:0000057	pig	NCBITaxon:9823	NCBITaxon:9823	EFO:0030080
Pig9_GTCCTCACAGTTAAAG.1	Pig9_GTCCTCACAGTTAAAG-1	Pig9	NK/T cell	NK/T cell	CL:0000814	pig	NCBITaxon:9823	NCBITaxon:9823	EFO:0030080
Pig9_GTCCTCACATACCACA.1	Pig9_GTCCTCACATACCACA-1	Pig9	Macrophage	Macrophage	CL:0000235	pig	NCBITaxon:9823	NCBITaxon:9823	EFO:0030080
Pig9_GTCCTCAGTTTGATCG.1	Pig9_GTCCTCAGTTTGATCG-1	Pig9	Macrophage	Macrophage	CL:0000235	pig	NCBITaxon:9823	NCBITaxon:9823	EFO:0030080
Pig9_GTCCTCATCCACAGGC.1	Pig9_GTCCTCATCCACAGGC-1	Pig9	Fibroblast	Fibroblast	CL:0000057	pig	NCBITaxon:9823	NCBITaxon:9823	EFO:0030080
Pig9_GTCCTCATCGCCGTGA.1	Pig9_GTCCTCATCGCCGTGA-1	Pig9	NK/T cell	NK/T cell	CL:0000814	pig	NCBITaxon:9823	NCBITaxon:9823	EFO:0030080
Pig9_GTCGAATAGCCAGTAG.1	Pig9_GTCGAATAGCCAGTAG-1	Pig9	Beam A	Beam A	CL:0000327	pig	NCBITaxon:9823	NCBITaxon:9823	EFO:0030080
Pig9_GTCGAATTCCGAACGC.1	Pig9_GTCGAATTCCGAACGC-1	Pig9	Macrophage	Macrophage	CL:0000235	pig	NCBITaxon:9823	NCBITaxon:9823	EFO:0030080
Pig9_GTCGAATTCTATCGGA.1	Pig9_GTCGAATTCTATCGGA-1	Pig9	Fibroblast	Fibroblast	CL:0000057	pig	NCBITaxon:9823	NCBITaxon:9823	EFO:0030080
Pig9_GTCGCGAAGAGAGTGA.1	Pig9_GTCGCGAAGAGAGTGA-1	Pig9	Macrophage	Macrophage	CL:0000235	pig	NCBITaxon:9823	NCBITaxon:9823	EFO:0030080
Pig9_GTCGTAAGTGGGAGAG.1	Pig9_GTCGTAAGTGGGAGAG-1	Pig9	Beam A	Beam A	CL:0000327	pig	NCBITaxon:9823	NCBITaxon:9823	EFO:0030080
Pig9_GTCGTAATCAAGCTGT.1	Pig9_GTCGTAATCAAGCTGT-1	Pig9	Macrophage	Macrophage	CL:0000235	pig	NCBITaxon:9823	NCBITaxon:9823	EFO:0030080
Pig9_GTCGTAATCTGAGGCC.1	Pig9_GTCGTAATCTGAGGCC-1	Pig9	Fibroblast	Fibroblast	CL:0000057	pig	NCBITaxon:9823	NCBITaxon:9823	EFO:0030080
Pig9_GTCGTTCCATAGGCGA.1	Pig9_GTCGTTCCATAGGCGA-1	Pig9	Beam A	Beam A	CL:0000327	pig	NCBITaxon:9823	NCBITaxon:9823	EFO:0030080
Pig9_GTCGTTCTCTGTCGCT.1	Pig9_GTCGTTCTCTGTCGCT-1	Pig9	Beam A	Beam A	CL:0000327	pig	NCBITaxon:9823	NCBITaxon:9823	EFO:0030080
Pig9_GTCTACCAGATTTGCC.1	Pig9_GTCTACCAGATTTGCC-1	Pig9	Macrophage	Macrophage	CL:0000235	pig	NCBITaxon:9823	NCBITaxon:9823	EFO:0030080
Pig9_GTCTACCCATCCGGCA.1	Pig9_GTCTACCCATCCGGCA-1	Pig9	Beam A	Beam A	CL:0000327	pig	NCBITaxon:9823	NCBITaxon:9823	EFO:0030080
Pig9_GTCTACCGTTAGGGTG.1	Pig9_GTCTACCGTTAGGGTG-1	Pig9	Fibroblast	Fibroblast	CL:0000057	pig	NCBITaxon:9823	NCBITaxon:9823	EFO:0030080
Pig9_GTCTACCTCCATCTGC.1	Pig9_GTCTACCTCCATCTGC-1	Pig9	Beam A	Beam A	CL:0000327	pig	NCBITaxon:9823	NCBITaxon:9823	EFO:0030080
Pig9_GTCTACCTCGCGTGCA.1	Pig9_GTCTACCTCGCGTGCA-1	Pig9	Fibroblast	Fibroblast	CL:0000057	pig	NCBITaxon:9823	NCBITaxon:9823	EFO:0030080
Pig9_GTCTAGACAGCCGTCA.1	Pig9_GTCTAGACAGCCGTCA-1	Pig9	NK/T cell	NK/T cell	CL:0000814	pig	NCBITaxon:9823	NCBITaxon:9823	EFO:0030080
Pig9_GTCTAGACAGTAGAAT.1	Pig9_GTCTAGACAGTAGAAT-1	Pig9	Beam A	Beam A	CL:0000327	pig	NCBITaxon:9823	NCBITaxon:9823	EFO:0030080
Pig9_GTCTAGACAGTGCCTG.1	Pig9_GTCTAGACAGTGCCTG-1	Pig9	Beam A	Beam A	CL:0000327	pig	NCBITaxon:9823	NCBITaxon:9823	EFO:0030080
Pig9_GTCTAGACATCACCAA.1	Pig9_GTCTAGACATCACCAA-1	Pig9	Beam A	Beam A	CL:0000327	pig	NCBITaxon:9823	NCBITaxon:9823	EFO:0030080
Pig9_GTCTAGAGTCAACACT.1	Pig9_GTCTAGAGTCAACACT-1	Pig9	Ciliary muscle	Ciliary muscle	CL:1000443	pig	NCBITaxon:9823	NCBITaxon:9823	EFO:0030080
Pig9_GTCTGTCAGGTCCCTG.1	Pig9_GTCTGTCAGGTCCCTG-1	Pig9	Macrophage	Macrophage	CL:0000235	pig	NCBITaxon:9823	NCBITaxon:9823	EFO:0030080
Pig9_GTCTGTCCAAAGGATT.1	Pig9_GTCTGTCCAAAGGATT-1	Pig9	Beam A	Beam A	CL:0000327	pig	NCBITaxon:9823	NCBITaxon:9823	EFO:0030080
Pig9_GTCTGTCCAATCGCAT.1	Pig9_GTCTGTCCAATCGCAT-1	Pig9	Beam A	Beam A	CL:0000327	pig	NCBITaxon:9823	NCBITaxon:9823	EFO:0030080
Pig9_GTCTGTCTCATGAAAG.1	Pig9_GTCTGTCTCATGAAAG-1	Pig9	NK/T cell	NK/T cell	CL:0000814	pig	NCBITaxon:9823	NCBITaxon:9823	EFO:0030080
Pig9_GTCTGTCTCTGTGCAA.1	Pig9_GTCTGTCTCTGTGCAA-1	Pig9	Beam A	Beam A	CL:0000327	pig	NCBITaxon:9823	NCBITaxon:9823	EFO:0030080
Pig9_GTCTTTAAGAATTTGG.1	Pig9_GTCTTTAAGAATTTGG-1	Pig9	Macrophage	Macrophage	CL:0000235	pig	NCBITaxon:9823	NCBITaxon:9823	EFO:0030080
Pig9_GTCTTTACACTAAACC.1	Pig9_GTCTTTACACTAAACC-1	Pig9	Beam A	Beam A	CL:0000327	pig	NCBITaxon:9823	NCBITaxon:9823	EFO:0030080
Pig9_GTGACGCAGTTTCTTC.1	Pig9_GTGACGCAGTTTCTTC-1	Pig9	Ciliary muscle	Ciliary muscle	CL:1000443	pig	NCBITaxon:9823	NCBITaxon:9823	EFO:0030080
Pig9_GTGACGCGTGGATCAG.1	Pig9_GTGACGCGTGGATCAG-1	Pig9	Beam A	Beam A	CL:0000327	pig	NCBITaxon:9823	NCBITaxon:9823	EFO:0030080
Pig9_GTGACGCGTTCAAACC.1	Pig9_GTGACGCGTTCAAACC-1	Pig9	Beam A	Beam A	CL:0000327	pig	NCBITaxon:9823	NCBITaxon:9823	EFO:0030080
Pig9_GTGACGCTCAAAGGAT.1	Pig9_GTGACGCTCAAAGGAT-1	Pig9	Beam A	Beam A	CL:0000327	pig	NCBITaxon:9823	NCBITaxon:9823	EFO:0030080
Pig9_GTGAGCCAGAAAGCGA.1	Pig9_GTGAGCCAGAAAGCGA-1	Pig9	Beam A	Beam A	CL:0000327	pig	NCBITaxon:9823	NCBITaxon:9823	EFO:0030080
Pig9_GTGAGCCCATGACGAG.1	Pig9_GTGAGCCCATGACGAG-1	Pig9	Fibroblast	Fibroblast	CL:0000057	pig	NCBITaxon:9823	NCBITaxon:9823	EFO:0030080
Pig9_GTGAGGAAGTATGCAA.1	Pig9_GTGAGGAAGTATGCAA-1	Pig9	Beam A	Beam A	CL:0000327	pig	NCBITaxon:9823	NCBITaxon:9823	EFO:0030080
Pig9_GTGAGGAAGTCCGTCG.1	Pig9_GTGAGGAAGTCCGTCG-1	Pig9	Beam A	Beam A	CL:0000327	pig	NCBITaxon:9823	NCBITaxon:9823	EFO:0030080
Pig9_GTGAGGAGTCAGACGA.1	Pig9_GTGAGGAGTCAGACGA-1	Pig9	Beam A	Beam A	CL:0000327	pig	NCBITaxon:9823	NCBITaxon:9823	EFO:0030080
Pig9_GTGAGGATCACTCGAA.1	Pig9_GTGAGGATCACTCGAA-1	Pig9	Beam A	Beam A	CL:0000327	pig	NCBITaxon:9823	NCBITaxon:9823	EFO:0030080
Pig9_GTGAGTTAGGCTTAGG.1	Pig9_GTGAGTTAGGCTTAGG-1	Pig9	Beam A	Beam A	CL:0000327	pig	NCBITaxon:9823	NCBITaxon:9823	EFO:0030080
Pig9_GTGAGTTAGGGTACGT.1	Pig9_GTGAGTTAGGGTACGT-1	Pig9	Fibroblast	Fibroblast	CL:0000057	pig	NCBITaxon:9823	NCBITaxon:9823	EFO:0030080
Pig9_GTGAGTTGTCGTACAT.1	Pig9_GTGAGTTGTCGTACAT-1	Pig9	Beam A	Beam A	CL:0000327	pig	NCBITaxon:9823	NCBITaxon:9823	EFO:0030080
Pig9_GTGATGTAGGACAGCT.1	Pig9_GTGATGTAGGACAGCT-1	Pig9	Beam A	Beam A	CL:0000327	pig	NCBITaxon:9823	NCBITaxon:9823	EFO:0030080
Pig9_GTGATGTCAATTCTTC.1	Pig9_GTGATGTCAATTCTTC-1	Pig9	Beam A	Beam A	CL:0000327	pig	NCBITaxon:9823	NCBITaxon:9823	EFO:0030080
Pig9_GTGATGTGTATACGGG.1	Pig9_GTGATGTGTATACGGG-1	Pig9	Macrophage	Macrophage	CL:0000235	pig	NCBITaxon:9823	NCBITaxon:9823	EFO:0030080
Pig9_GTGCACGAGATACATG.1	Pig9_GTGCACGAGATACATG-1	Pig9	Macrophage	Macrophage	CL:0000235	pig	NCBITaxon:9823	NCBITaxon:9823	EFO:0030080
Pig9_GTGCAGCTCAATCCGA.1	Pig9_GTGCAGCTCAATCCGA-1	Pig9	Beam A	Beam A	CL:0000327	pig	NCBITaxon:9823	NCBITaxon:9823	EFO:0030080
Pig9_GTGCAGCTCATACGAC.1	Pig9_GTGCAGCTCATACGAC-1	Pig9	Melanocyte	Melanocyte	CL:0000148	pig	NCBITaxon:9823	NCBITaxon:9823	EFO:0030080
Pig9_GTGCGTGAGATGACCG.1	Pig9_GTGCGTGAGATGACCG-1	Pig9	Macrophage	Macrophage	CL:0000235	pig	NCBITaxon:9823	NCBITaxon:9823	EFO:0030080
Pig9_GTGCGTGAGCAGCGAT.1	Pig9_GTGCGTGAGCAGCGAT-1	Pig9	SChlemm's Canal	SChlemm's Canal	CL:0000115	pig	NCBITaxon:9823	NCBITaxon:9823	EFO:0030080
Pig9_GTGCGTGCACTGTGAT.1	Pig9_GTGCGTGCACTGTGAT-1	Pig9	Beam A	Beam A	CL:0000327	pig	NCBITaxon:9823	NCBITaxon:9823	EFO:0030080
Pig9_GTGCGTGCATAACGGG.1	Pig9_GTGCGTGCATAACGGG-1	Pig9	Macrophage	Macrophage	CL:0000235	pig	NCBITaxon:9823	NCBITaxon:9823	EFO:0030080
Pig9_GTGCGTGGTACCGCGT.1	Pig9_GTGCGTGGTACCGCGT-1	Pig9	Beam A	Beam A	CL:0000327	pig	NCBITaxon:9823	NCBITaxon:9823	EFO:0030080
Pig9_GTGCGTGTCCTAGCGG.1	Pig9_GTGCGTGTCCTAGCGG-1	Pig9	Macrophage	Macrophage	CL:0000235	pig	NCBITaxon:9823	NCBITaxon:9823	EFO:0030080
Pig9_GTGCGTGTCTCTCTTC.1	Pig9_GTGCGTGTCTCTCTTC-1	Pig9	Fibroblast	Fibroblast	CL:0000057	pig	NCBITaxon:9823	NCBITaxon:9823	EFO:0030080
Pig9_GTGCTGGTCGACGTCG.1	Pig9_GTGCTGGTCGACGTCG-1	Pig9	Corneal endothelium	Corneal endothelium	CL:0000132	pig	NCBITaxon:9823	NCBITaxon:9823	EFO:0030080
Pig9_GTGCTTCCAGTTGTTG.1	Pig9_GTGCTTCCAGTTGTTG-1	Pig9	Beam A	Beam A	CL:0000327	pig	NCBITaxon:9823	NCBITaxon:9823	EFO:0030080
Pig9_GTGCTTCGTACTCCGG.1	Pig9_GTGCTTCGTACTCCGG-1	Pig9	Beam A	Beam A	CL:0000327	pig	NCBITaxon:9823	NCBITaxon:9823	EFO:0030080
Pig9_GTGCTTCGTCGACGCT.1	Pig9_GTGCTTCGTCGACGCT-1	Pig9	Corneal endothelium	Corneal endothelium	CL:0000132	pig	NCBITaxon:9823	NCBITaxon:9823	EFO:0030080
Pig9_GTGCTTCTCTGTTGGA.1	Pig9_GTGCTTCTCTGTTGGA-1	Pig9	Macrophage	Macrophage	CL:0000235	pig	NCBITaxon:9823	NCBITaxon:9823	EFO:0030080
Pig9_GTGGAAGCAGAGGGTT.1	Pig9_GTGGAAGCAGAGGGTT-1	Pig9	Beam A	Beam A	CL:0000327	pig	NCBITaxon:9823	NCBITaxon:9823	EFO:0030080
Pig9_GTGGAGAGTGTAGTGG.1	Pig9_GTGGAGAGTGTAGTGG-1	Pig9	Macrophage	Macrophage	CL:0000235	pig	NCBITaxon:9823	NCBITaxon:9823	EFO:0030080
Pig9_GTGGCGTAGAATCTAG.1	Pig9_GTGGCGTAGAATCTAG-1	Pig9	Macrophage	Macrophage	CL:0000235	pig	NCBITaxon:9823	NCBITaxon:9823	EFO:0030080
Pig9_GTGGCGTGTACAACGG.1	Pig9_GTGGCGTGTACAACGG-1	Pig9	Beam A	Beam A	CL:0000327	pig	NCBITaxon:9823	NCBITaxon:9823	EFO:0030080
Pig9_GTGGGAACACACCGAC.1	Pig9_GTGGGAACACACCGAC-1	Pig9	Beam A	Beam A	CL:0000327	pig	NCBITaxon:9823	NCBITaxon:9823	EFO:0030080
Pig9_GTGGGAAGTCCGAAAG.1	Pig9_GTGGGAAGTCCGAAAG-1	Pig9	Macrophage	Macrophage	CL:0000235	pig	NCBITaxon:9823	NCBITaxon:9823	EFO:0030080
Pig9_GTGGGAATCGACGAGA.1	Pig9_GTGGGAATCGACGAGA-1	Pig9	Fibroblast	Fibroblast	CL:0000057	pig	NCBITaxon:9823	NCBITaxon:9823	EFO:0030080
Pig9_GTGGGAATCTACACTT.1	Pig9_GTGGGAATCTACACTT-1	Pig9	Beam A	Beam A	CL:0000327	pig	NCBITaxon:9823	NCBITaxon:9823	EFO:0030080
Pig9_GTGGTTACAATAGGAT.1	Pig9_GTGGTTACAATAGGAT-1	Pig9	Beam A	Beam A	CL:0000327	pig	NCBITaxon:9823	NCBITaxon:9823	EFO:0030080
Pig9_GTGGTTACACTGCGAC.1	Pig9_GTGGTTACACTGCGAC-1	Pig9	NK/T cell	NK/T cell	CL:0000814	pig	NCBITaxon:9823	NCBITaxon:9823	EFO:0030080
Pig9_GTGGTTAGTCCGGCAT.1	Pig9_GTGGTTAGTCCGGCAT-1	Pig9	Fibroblast	Fibroblast	CL:0000057	pig	NCBITaxon:9823	NCBITaxon:9823	EFO:0030080
Pig9_GTGGTTATCCGATTAG.1	Pig9_GTGGTTATCCGATTAG-1	Pig9	Beam A	Beam A	CL:0000327	pig	NCBITaxon:9823	NCBITaxon:9823	EFO:0030080
Pig9_GTGGTTATCGGTCTGG.1	Pig9_GTGGTTATCGGTCTGG-1	Pig9	Beam A	Beam A	CL:0000327	pig	NCBITaxon:9823	NCBITaxon:9823	EFO:0030080
Pig9_GTGGTTATCTAGTACG.1	Pig9_GTGGTTATCTAGTACG-1	Pig9	Beam A	Beam A	CL:0000327	pig	NCBITaxon:9823	NCBITaxon:9823	EFO:0030080
Pig9_GTGTAACTCCGGGACT.1	Pig9_GTGTAACTCCGGGACT-1	Pig9	Beam A	Beam A	CL:0000327	pig	NCBITaxon:9823	NCBITaxon:9823	EFO:0030080
Pig9_GTGTAACTCCTAAGTG.1	Pig9_GTGTAACTCCTAAGTG-1	Pig9	SChlemm's Canal	SChlemm's Canal	CL:0000115	pig	NCBITaxon:9823	NCBITaxon:9823	EFO:0030080
Pig9_GTGTCCTTCGTGCTCT.1	Pig9_GTGTCCTTCGTGCTCT-1	Pig9	Macrophage	Macrophage	CL:0000235	pig	NCBITaxon:9823	NCBITaxon:9823	EFO:0030080
Pig9_GTGTGATAGGTCCTGC.1	Pig9_GTGTGATAGGTCCTGC-1	Pig9	NK/T cell	NK/T cell	CL:0000814	pig	NCBITaxon:9823	NCBITaxon:9823	EFO:0030080
Pig9_GTGTGATCATAGATCC.1	Pig9_GTGTGATCATAGATCC-1	Pig9	Macrophage	Macrophage	CL:0000235	pig	NCBITaxon:9823	NCBITaxon:9823	EFO:0030080
Pig9_GTGTGATCATTCTTCA.1	Pig9_GTGTGATCATTCTTCA-1	Pig9	Corneal endothelium	Corneal endothelium	CL:0000132	pig	NCBITaxon:9823	NCBITaxon:9823	EFO:0030080
Pig9_GTGTGATTCAGCTTGA.1	Pig9_GTGTGATTCAGCTTGA-1	Pig9	Fibroblast	Fibroblast	CL:0000057	pig	NCBITaxon:9823	NCBITaxon:9823	EFO:0030080
Pig9_GTGTGATTCCGCACTT.1	Pig9_GTGTGATTCCGCACTT-1	Pig9	Corneal endothelium	Corneal endothelium	CL:0000132	pig	NCBITaxon:9823	NCBITaxon:9823	EFO:0030080
Pig9_GTGTGGCGTCCTGTTC.1	Pig9_GTGTGGCGTCCTGTTC-1	Pig9	Beam A	Beam A	CL:0000327	pig	NCBITaxon:9823	NCBITaxon:9823	EFO:0030080
Pig9_GTGTGGCTCGCTGTCT.1	Pig9_GTGTGGCTCGCTGTCT-1	Pig9	Melanocyte	Melanocyte	CL:0000148	pig	NCBITaxon:9823	NCBITaxon:9823	EFO:0030080
Pig9_GTGTTAGAGCAAGTCG.1	Pig9_GTGTTAGAGCAAGTCG-1	Pig9	Beam A	Beam A	CL:0000327	pig	NCBITaxon:9823	NCBITaxon:9823	EFO:0030080
Pig9_GTGTTAGAGTGCAAAT.1	Pig9_GTGTTAGAGTGCAAAT-1	Pig9	Macrophage	Macrophage	CL:0000235	pig	NCBITaxon:9823	NCBITaxon:9823	EFO:0030080
Pig9_GTGTTAGCAGCTCATA.1	Pig9_GTGTTAGCAGCTCATA-1	Pig9	Macrophage	Macrophage	CL:0000235	pig	NCBITaxon:9823	NCBITaxon:9823	EFO:0030080
Pig9_GTGTTAGGTCTTCATT.1	Pig9_GTGTTAGGTCTTCATT-1	Pig9	NK/T cell	NK/T cell	CL:0000814	pig	NCBITaxon:9823	NCBITaxon:9823	EFO:0030080
Pig9_GTTACAGAGATACGAT.1	Pig9_GTTACAGAGATACGAT-1	Pig9	Macrophage	Macrophage	CL:0000235	pig	NCBITaxon:9823	NCBITaxon:9823	EFO:0030080
Pig9_GTTACAGAGTTGGCTT.1	Pig9_GTTACAGAGTTGGCTT-1	Pig9	Beam A	Beam A	CL:0000327	pig	NCBITaxon:9823	NCBITaxon:9823	EFO:0030080
Pig9_GTTACAGGTTGTGTTG.1	Pig9_GTTACAGGTTGTGTTG-1	Pig9	Beam A	Beam A	CL:0000327	pig	NCBITaxon:9823	NCBITaxon:9823	EFO:0030080
Pig9_GTTACCCCAATGTTGC.1	Pig9_GTTACCCCAATGTTGC-1	Pig9	Beam A	Beam A	CL:0000327	pig	NCBITaxon:9823	NCBITaxon:9823	EFO:0030080
Pig9_GTTACCCTCATGCCGG.1	Pig9_GTTACCCTCATGCCGG-1	Pig9	Beam A	Beam A	CL:0000327	pig	NCBITaxon:9823	NCBITaxon:9823	EFO:0030080
Pig9_GTTACGAAGAATCCCT.1	Pig9_GTTACGAAGAATCCCT-1	Pig9	Fibroblast	Fibroblast	CL:0000057	pig	NCBITaxon:9823	NCBITaxon:9823	EFO:0030080
Pig9_GTTAGACAGAGCATAT.1	Pig9_GTTAGACAGAGCATAT-1	Pig9	Beam A	Beam A	CL:0000327	pig	NCBITaxon:9823	NCBITaxon:9823	EFO:0030080
Pig9_GTTAGACCAGTGGGTA.1	Pig9_GTTAGACCAGTGGGTA-1	Pig9	NK/T cell	NK/T cell	CL:0000814	pig	NCBITaxon:9823	NCBITaxon:9823	EFO:0030080
Pig9_GTTAGACGTAGGCAAC.1	Pig9_GTTAGACGTAGGCAAC-1	Pig9	NK/T cell	NK/T cell	CL:0000814	pig	NCBITaxon:9823	NCBITaxon:9823	EFO:0030080
Pig9_GTTAGACTCGCTAATG.1	Pig9_GTTAGACTCGCTAATG-1	Pig9	Beam A	Beam A	CL:0000327	pig	NCBITaxon:9823	NCBITaxon:9823	EFO:0030080
Pig9_GTTAGTGGTGAACCGA.1	Pig9_GTTAGTGGTGAACCGA-1	Pig9	Beam A	Beam A	CL:0000327	pig	NCBITaxon:9823	NCBITaxon:9823	EFO:0030080
Pig9_GTTATGGAGCCGCTTG.1	Pig9_GTTATGGAGCCGCTTG-1	Pig9	Fibroblast	Fibroblast	CL:0000057	pig	NCBITaxon:9823	NCBITaxon:9823	EFO:0030080
Pig9_GTTATGGCACTCATAG.1	Pig9_GTTATGGCACTCATAG-1	Pig9	Fibroblast	Fibroblast	CL:0000057	pig	NCBITaxon:9823	NCBITaxon:9823	EFO:0030080
Pig9_GTTATGGCATACAGAA.1	Pig9_GTTATGGCATACAGAA-1	Pig9	Beam A	Beam A	CL:0000327	pig	NCBITaxon:9823	NCBITaxon:9823	EFO:0030080
Pig9_GTTATGGGTATGGAAT.1	Pig9_GTTATGGGTATGGAAT-1	Pig9	Beam A	Beam A	CL:0000327	pig	NCBITaxon:9823	NCBITaxon:9823	EFO:0030080
Pig9_GTTATGGTCCTAGCTC.1	Pig9_GTTATGGTCCTAGCTC-1	Pig9	Beam A	Beam A	CL:0000327	pig	NCBITaxon:9823	NCBITaxon:9823	EFO:0030080
Pig9_GTTATGGTCTGCTCTG.1	Pig9_GTTATGGTCTGCTCTG-1	Pig9	NK/T cell	NK/T cell	CL:0000814	pig	NCBITaxon:9823	NCBITaxon:9823	EFO:0030080
Pig9_GTTATGGTCTTGCGCT.1	Pig9_GTTATGGTCTTGCGCT-1	Pig9	Beam A	Beam A	CL:0000327	pig	NCBITaxon:9823	NCBITaxon:9823	EFO:0030080
Pig9_GTTCATTCATTGGGAG.1	Pig9_GTTCATTCATTGGGAG-1	Pig9	Beam A	Beam A	CL:0000327	pig	NCBITaxon:9823	NCBITaxon:9823	EFO:0030080
Pig9_GTTCATTTCGCTGTCT.1	Pig9_GTTCATTTCGCTGTCT-1	Pig9	Beam A	Beam A	CL:0000327	pig	NCBITaxon:9823	NCBITaxon:9823	EFO:0030080
Pig9_GTTCCGTGTATAATGG.1	Pig9_GTTCCGTGTATAATGG-1	Pig9	Macrophage	Macrophage	CL:0000235	pig	NCBITaxon:9823	NCBITaxon:9823	EFO:0030080
Pig9_GTTCCGTGTGGACAGT.1	Pig9_GTTCCGTGTGGACAGT-1	Pig9	Beam A	Beam A	CL:0000327	pig	NCBITaxon:9823	NCBITaxon:9823	EFO:0030080
Pig9_GTTCCGTTCAAGGTGG.1	Pig9_GTTCCGTTCAAGGTGG-1	Pig9	Macrophage	Macrophage	CL:0000235	pig	NCBITaxon:9823	NCBITaxon:9823	EFO:0030080
Pig9_GTTCCGTTCCCACAGG.1	Pig9_GTTCCGTTCCCACAGG-1	Pig9	Corneal endothelium	Corneal endothelium	CL:0000132	pig	NCBITaxon:9823	NCBITaxon:9823	EFO:0030080
Pig9_GTTCCGTTCCCGAATA.1	Pig9_GTTCCGTTCCCGAATA-1	Pig9	Fibroblast	Fibroblast	CL:0000057	pig	NCBITaxon:9823	NCBITaxon:9823	EFO:0030080
Pig9_GTTCGCTAGTGTTCAC.1	Pig9_GTTCGCTAGTGTTCAC-1	Pig9	Macrophage	Macrophage	CL:0000235	pig	NCBITaxon:9823	NCBITaxon:9823	EFO:0030080
Pig9_GTTCGCTCACCCAAGC.1	Pig9_GTTCGCTCACCCAAGC-1	Pig9	NK/T cell	NK/T cell	CL:0000814	pig	NCBITaxon:9823	NCBITaxon:9823	EFO:0030080
Pig9_GTTCGCTGTAACTTCG.1	Pig9_GTTCGCTGTAACTTCG-1	Pig9	Macrophage	Macrophage	CL:0000235	pig	NCBITaxon:9823	NCBITaxon:9823	EFO:0030080
Pig9_GTTCGCTGTATTTCCT.1	Pig9_GTTCGCTGTATTTCCT-1	Pig9	Macrophage	Macrophage	CL:0000235	pig	NCBITaxon:9823	NCBITaxon:9823	EFO:0030080
Pig9_GTTCGCTTCCGTATGA.1	Pig9_GTTCGCTTCCGTATGA-1	Pig9	Macrophage	Macrophage	CL:0000235	pig	NCBITaxon:9823	NCBITaxon:9823	EFO:0030080
Pig9_GTTCGCTTCTACACAG.1	Pig9_GTTCGCTTCTACACAG-1	Pig9	Beam A	Beam A	CL:0000327	pig	NCBITaxon:9823	NCBITaxon:9823	EFO:0030080
Pig9_GTTCTATAGTAGTGCG.1	Pig9_GTTCTATAGTAGTGCG-1	Pig9	Beam A	Beam A	CL:0000327	pig	NCBITaxon:9823	NCBITaxon:9823	EFO:0030080
Pig9_GTTCTATCACCAAATC.1	Pig9_GTTCTATCACCAAATC-1	Pig9	Macrophage	Macrophage	CL:0000235	pig	NCBITaxon:9823	NCBITaxon:9823	EFO:0030080
Pig9_GTTCTATCAGGACTTT.1	Pig9_GTTCTATCAGGACTTT-1	Pig9	Fibroblast	Fibroblast	CL:0000057	pig	NCBITaxon:9823	NCBITaxon:9823	EFO:0030080
Pig9_GTTCTATTCCGTGGTG.1	Pig9_GTTCTATTCCGTGGTG-1	Pig9	Beam A	Beam A	CL:0000327	pig	NCBITaxon:9823	NCBITaxon:9823	EFO:0030080
Pig9_GTTGAACGTCCTCAGG.1	Pig9_GTTGAACGTCCTCAGG-1	Pig9	Beam A	Beam A	CL:0000327	pig	NCBITaxon:9823	NCBITaxon:9823	EFO:0030080
Pig9_GTTGAACGTTCGGCTG.1	Pig9_GTTGAACGTTCGGCTG-1	Pig9	Beam A	Beam A	CL:0000327	pig	NCBITaxon:9823	NCBITaxon:9823	EFO:0030080
Pig9_GTTGCGGAGAAACCAT.1	Pig9_GTTGCGGAGAAACCAT-1	Pig9	Fibroblast	Fibroblast	CL:0000057	pig	NCBITaxon:9823	NCBITaxon:9823	EFO:0030080
Pig9_GTTGCGGCACAATGCT.1	Pig9_GTTGCGGCACAATGCT-1	Pig9	Macrophage	Macrophage	CL:0000235	pig	NCBITaxon:9823	NCBITaxon:9823	EFO:0030080
Pig9_GTTGCGGCATCCGTGG.1	Pig9_GTTGCGGCATCCGTGG-1	Pig9	Beam A	Beam A	CL:0000327	pig	NCBITaxon:9823	NCBITaxon:9823	EFO:0030080
Pig9_GTTGCGGGTACTCCCT.1	Pig9_GTTGCGGGTACTCCCT-1	Pig9	Fibroblast	Fibroblast	CL:0000057	pig	NCBITaxon:9823	NCBITaxon:9823	EFO:0030080
Pig9_GTTGCGGTCCCGATCT.1	Pig9_GTTGCGGTCCCGATCT-1	Pig9	Macrophage	Macrophage	CL:0000235	pig	NCBITaxon:9823	NCBITaxon:9823	EFO:0030080
Pig9_GTTGCTCAGTTAGAAC.1	Pig9_GTTGCTCAGTTAGAAC-1	Pig9	Beam A	Beam A	CL:0000327	pig	NCBITaxon:9823	NCBITaxon:9823	EFO:0030080
Pig9_GTTGTAGAGAAGAGCA.1	Pig9_GTTGTAGAGAAGAGCA-1	Pig9	Macrophage	Macrophage	CL:0000235	pig	NCBITaxon:9823	NCBITaxon:9823	EFO:0030080
Pig9_GTTGTAGCAGCCTATA.1	Pig9_GTTGTAGCAGCCTATA-1	Pig9	Pericyte	Pericyte	CL:0000669	pig	NCBITaxon:9823	NCBITaxon:9823	EFO:0030080
Pig9_GTTGTAGCATCGGATT.1	Pig9_GTTGTAGCATCGGATT-1	Pig9	Macrophage	Macrophage	CL:0000235	pig	NCBITaxon:9823	NCBITaxon:9823	EFO:0030080
Pig9_GTTGTAGGTGTGTGTT.1	Pig9_GTTGTAGGTGTGTGTT-1	Pig9	Macrophage	Macrophage	CL:0000235	pig	NCBITaxon:9823	NCBITaxon:9823	EFO:0030080
Pig9_GTTGTCCAGAGCGACT.1	Pig9_GTTGTCCAGAGCGACT-1	Pig9	SChlemm's Canal	SChlemm's Canal	CL:0000115	pig	NCBITaxon:9823	NCBITaxon:9823	EFO:0030080
Pig9_GTTGTCCAGCTACTGT.1	Pig9_GTTGTCCAGCTACTGT-1	Pig9	Beam A	Beam A	CL:0000327	pig	NCBITaxon:9823	NCBITaxon:9823	EFO:0030080
Pig9_GTTGTGAAGTAATCCC.1	Pig9_GTTGTGAAGTAATCCC-1	Pig9	Beam A	Beam A	CL:0000327	pig	NCBITaxon:9823	NCBITaxon:9823	EFO:0030080
Pig9_GTTGTGACAAGCGATG.1	Pig9_GTTGTGACAAGCGATG-1	Pig9	Pericyte	Pericyte	CL:0000669	pig	NCBITaxon:9823	NCBITaxon:9823	EFO:0030080
Pig9_GTTGTGACAATGGCCC.1	Pig9_GTTGTGACAATGGCCC-1	Pig9	Fibroblast	Fibroblast	CL:0000057	pig	NCBITaxon:9823	NCBITaxon:9823	EFO:0030080
Pig9_GTTGTGAGTGGCTACC.1	Pig9_GTTGTGAGTGGCTACC-1	Pig9	Fibroblast	Fibroblast	CL:0000057	pig	NCBITaxon:9823	NCBITaxon:9823	EFO:0030080
Pig9_GTTGTGAGTTAAACCC.1	Pig9_GTTGTGAGTTAAACCC-1	Pig9	Beam A	Beam A	CL:0000327	pig	NCBITaxon:9823	NCBITaxon:9823	EFO:0030080
Pig9_GTTTACTAGACCATAA.1	Pig9_GTTTACTAGACCATAA-1	Pig9	Macrophage	Macrophage	CL:0000235	pig	NCBITaxon:9823	NCBITaxon:9823	EFO:0030080
Pig9_GTTTACTAGTGAGCCA.1	Pig9_GTTTACTAGTGAGCCA-1	Pig9	Fibroblast	Fibroblast	CL:0000057	pig	NCBITaxon:9823	NCBITaxon:9823	EFO:0030080
Pig9_GTTTACTCATCGCTCT.1	Pig9_GTTTACTCATCGCTCT-1	Pig9	Macrophage	Macrophage	CL:0000235	pig	NCBITaxon:9823	NCBITaxon:9823	EFO:0030080
Pig9_GTTTACTGTATGTCAC.1	Pig9_GTTTACTGTATGTCAC-1	Pig9	Macrophage	Macrophage	CL:0000235	pig	NCBITaxon:9823	NCBITaxon:9823	EFO:0030080
Pig9_GTTTGGAAGGTTGGTG.1	Pig9_GTTTGGAAGGTTGGTG-1	Pig9	NK/T cell	NK/T cell	CL:0000814	pig	NCBITaxon:9823	NCBITaxon:9823	EFO:0030080
Pig9_GTTTGGACAACCCGCA.1	Pig9_GTTTGGACAACCCGCA-1	Pig9	Beam A	Beam A	CL:0000327	pig	NCBITaxon:9823	NCBITaxon:9823	EFO:0030080
Pig9_GTTTGGAGTCGGCCTA.1	Pig9_GTTTGGAGTCGGCCTA-1	Pig9	Beam A	Beam A	CL:0000327	pig	NCBITaxon:9823	NCBITaxon:9823	EFO:0030080
Pig9_GTTTGGATCCTTCTGG.1	Pig9_GTTTGGATCCTTCTGG-1	Pig9	Macrophage	Macrophage	CL:0000235	pig	NCBITaxon:9823	NCBITaxon:9823	EFO:0030080
Pig9_GTTTGGATCGGAATGG.1	Pig9_GTTTGGATCGGAATGG-1	Pig9	Beam A	Beam A	CL:0000327	pig	NCBITaxon:9823	NCBITaxon:9823	EFO:0030080
Pig9_TAACACGAGTCCCGAC.1	Pig9_TAACACGAGTCCCGAC-1	Pig9	Beam A	Beam A	CL:0000327	pig	NCBITaxon:9823	NCBITaxon:9823	EFO:0030080
Pig9_TAACACGCATCGGAAG.1	Pig9_TAACACGCATCGGAAG-1	Pig9	Fibroblast	Fibroblast	CL:0000057	pig	NCBITaxon:9823	NCBITaxon:9823	EFO:0030080
Pig9_TAACCAGCAAGGCAAC.1	Pig9_TAACCAGCAAGGCAAC-1	Pig9	Melanocyte	Melanocyte	CL:0000148	pig	NCBITaxon:9823	NCBITaxon:9823	EFO:0030080
Pig9_TAACCAGGTGTCCAAT.1	Pig9_TAACCAGGTGTCCAAT-1	Pig9	Beam A	Beam A	CL:0000327	pig	NCBITaxon:9823	NCBITaxon:9823	EFO:0030080
Pig9_TAACGACCACTGTCGG.1	Pig9_TAACGACCACTGTCGG-1	Pig9	Macrophage	Macrophage	CL:0000235	pig	NCBITaxon:9823	NCBITaxon:9823	EFO:0030080
Pig9_TAACGACGTGCCTGCA.1	Pig9_TAACGACGTGCCTGCA-1	Pig9	Ciliary muscle	Ciliary muscle	CL:1000443	pig	NCBITaxon:9823	NCBITaxon:9823	EFO:0030080
Pig9_TAACTTCTCGCCATAA.1	Pig9_TAACTTCTCGCCATAA-1	Pig9	Melanocyte	Melanocyte	CL:0000148	pig	NCBITaxon:9823	NCBITaxon:9823	EFO:0030080
Pig9_TAAGCACGTGACCGTC.1	Pig9_TAAGCACGTGACCGTC-1	Pig9	Beam A	Beam A	CL:0000327	pig	NCBITaxon:9823	NCBITaxon:9823	EFO:0030080
Pig9_TAAGCCACATCGAAGG.1	Pig9_TAAGCCACATCGAAGG-1	Pig9	Beam A	Beam A	CL:0000327	pig	NCBITaxon:9823	NCBITaxon:9823	EFO:0030080
Pig9_TAAGCCACATTGACTG.1	Pig9_TAAGCCACATTGACTG-1	Pig9	Beam A	Beam A	CL:0000327	pig	NCBITaxon:9823	NCBITaxon:9823	EFO:0030080
Pig9_TAAGCCATCGTGGGAA.1	Pig9_TAAGCCATCGTGGGAA-1	Pig9	Beam A	Beam A	CL:0000327	pig	NCBITaxon:9823	NCBITaxon:9823	EFO:0030080
Pig9_TAAGCGTGTACGCTTA.1	Pig9_TAAGCGTGTACGCTTA-1	Pig9	Beam A	Beam A	CL:0000327	pig	NCBITaxon:9823	NCBITaxon:9823	EFO:0030080
Pig9_TAAGCGTTCGGATTAC.1	Pig9_TAAGCGTTCGGATTAC-1	Pig9	Beam A	Beam A	CL:0000327	pig	NCBITaxon:9823	NCBITaxon:9823	EFO:0030080
Pig9_TAAGTCGCATTGCCTC.1	Pig9_TAAGTCGCATTGCCTC-1	Pig9	Macrophage	Macrophage	CL:0000235	pig	NCBITaxon:9823	NCBITaxon:9823	EFO:0030080
Pig9_TAAGTCGTCAAGCCAT.1	Pig9_TAAGTCGTCAAGCCAT-1	Pig9	Beam A	Beam A	CL:0000327	pig	NCBITaxon:9823	NCBITaxon:9823	EFO:0030080
Pig9_TAATCTCAGAGTTGTA.1	Pig9_TAATCTCAGAGTTGTA-1	Pig9	SChlemm's Canal	SChlemm's Canal	CL:0000115	pig	NCBITaxon:9823	NCBITaxon:9823	EFO:0030080
Pig9_TAATTCCAGTGTTCCA.1	Pig9_TAATTCCAGTGTTCCA-1	Pig9	Beam A	Beam A	CL:0000327	pig	NCBITaxon:9823	NCBITaxon:9823	EFO:0030080
Pig9_TAATTCCTCCGTTGAA.1	Pig9_TAATTCCTCCGTTGAA-1	Pig9	Macrophage	Macrophage	CL:0000235	pig	NCBITaxon:9823	NCBITaxon:9823	EFO:0030080
Pig9_TACAACGGTTACCTGA.1	Pig9_TACAACGGTTACCTGA-1	Pig9	NK/T cell	NK/T cell	CL:0000814	pig	NCBITaxon:9823	NCBITaxon:9823	EFO:0030080
Pig9_TACAACGTCAACCTCC.1	Pig9_TACAACGTCAACCTCC-1	Pig9	Macrophage	Macrophage	CL:0000235	pig	NCBITaxon:9823	NCBITaxon:9823	EFO:0030080
Pig9_TACAACGTCCTGTAGA.1	Pig9_TACAACGTCCTGTAGA-1	Pig9	Beam A	Beam A	CL:0000327	pig	NCBITaxon:9823	NCBITaxon:9823	EFO:0030080
Pig9_TACAACGTCGCCAATA.1	Pig9_TACAACGTCGCCAATA-1	Pig9	Beam A	Beam A	CL:0000327	pig	NCBITaxon:9823	NCBITaxon:9823	EFO:0030080
Pig9_TACACCCAGGCTGTAG.1	Pig9_TACACCCAGGCTGTAG-1	Pig9	Fibroblast	Fibroblast	CL:0000057	pig	NCBITaxon:9823	NCBITaxon:9823	EFO:0030080
Pig9_TACACCCAGGTAATCA.1	Pig9_TACACCCAGGTAATCA-1	Pig9	Fibroblast	Fibroblast	CL:0000057	pig	NCBITaxon:9823	NCBITaxon:9823	EFO:0030080
Pig9_TACAGGTAGCTTGTGT.1	Pig9_TACAGGTAGCTTGTGT-1	Pig9	Macrophage	Macrophage	CL:0000235	pig	NCBITaxon:9823	NCBITaxon:9823	EFO:0030080
Pig9_TACAGGTAGTCTTCGA.1	Pig9_TACAGGTAGTCTTCGA-1	Pig9	Beam A	Beam A	CL:0000327	pig	NCBITaxon:9823	NCBITaxon:9823	EFO:0030080
Pig9_TACAGGTGTGCCGGTT.1	Pig9_TACAGGTGTGCCGGTT-1	Pig9	Macrophage	Macrophage	CL:0000235	pig	NCBITaxon:9823	NCBITaxon:9823	EFO:0030080
Pig9_TACAGGTTCTGCATGA.1	Pig9_TACAGGTTCTGCATGA-1	Pig9	Fibroblast	Fibroblast	CL:0000057	pig	NCBITaxon:9823	NCBITaxon:9823	EFO:0030080
Pig9_TACATTCTCGGAAGGT.1	Pig9_TACATTCTCGGAAGGT-1	Pig9	Beam A	Beam A	CL:0000327	pig	NCBITaxon:9823	NCBITaxon:9823	EFO:0030080
Pig9_TACCCACAGCATCAGG.1	Pig9_TACCCACAGCATCAGG-1	Pig9	Macrophage	Macrophage	CL:0000235	pig	NCBITaxon:9823	NCBITaxon:9823	EFO:0030080
Pig9_TACCCACAGTATCCTG.1	Pig9_TACCCACAGTATCCTG-1	Pig9	Macrophage	Macrophage	CL:0000235	pig	NCBITaxon:9823	NCBITaxon:9823	EFO:0030080
Pig9_TACCCACGTTTACGAC.1	Pig9_TACCCACGTTTACGAC-1	Pig9	Beam A	Beam A	CL:0000327	pig	NCBITaxon:9823	NCBITaxon:9823	EFO:0030080
Pig9_TACCCACTCGAGTCTA.1	Pig9_TACCCACTCGAGTCTA-1	Pig9	Macrophage	Macrophage	CL:0000235	pig	NCBITaxon:9823	NCBITaxon:9823	EFO:0030080
Pig9_TACCCGTCATTCTTCA.1	Pig9_TACCCGTCATTCTTCA-1	Pig9	Macrophage	Macrophage	CL:0000235	pig	NCBITaxon:9823	NCBITaxon:9823	EFO:0030080
Pig9_TACCCGTTCAGACCTA.1	Pig9_TACCCGTTCAGACCTA-1	Pig9	Macrophage	Macrophage	CL:0000235	pig	NCBITaxon:9823	NCBITaxon:9823	EFO:0030080
Pig9_TACCGAAAGATCCGAG.1	Pig9_TACCGAAAGATCCGAG-1	Pig9	Beam A	Beam A	CL:0000327	pig	NCBITaxon:9823	NCBITaxon:9823	EFO:0030080
Pig9_TACCGAACAAGGCGTA.1	Pig9_TACCGAACAAGGCGTA-1	Pig9	Fibroblast	Fibroblast	CL:0000057	pig	NCBITaxon:9823	NCBITaxon:9823	EFO:0030080
Pig9_TACCGGGAGGCCCACT.1	Pig9_TACCGGGAGGCCCACT-1	Pig9	SChlemm's Canal	SChlemm's Canal	CL:0000115	pig	NCBITaxon:9823	NCBITaxon:9823	EFO:0030080
Pig9_TACCGGGGTAGCGATG.1	Pig9_TACCGGGGTAGCGATG-1	Pig9	Macrophage	Macrophage	CL:0000235	pig	NCBITaxon:9823	NCBITaxon:9823	EFO:0030080
Pig9_TACCTCGCATCGTTCC.1	Pig9_TACCTCGCATCGTTCC-1	Pig9	SChlemm's Canal	SChlemm's Canal	CL:0000115	pig	NCBITaxon:9823	NCBITaxon:9823	EFO:0030080
Pig9_TACCTCGGTGGGACAT.1	Pig9_TACCTCGGTGGGACAT-1	Pig9	Macrophage	Macrophage	CL:0000235	pig	NCBITaxon:9823	NCBITaxon:9823	EFO:0030080
Pig9_TACCTCGGTGTAGGAC.1	Pig9_TACCTCGGTGTAGGAC-1	Pig9	Macrophage	Macrophage	CL:0000235	pig	NCBITaxon:9823	NCBITaxon:9823	EFO:0030080
Pig9_TACCTCGTCGTCAGAT.1	Pig9_TACCTCGTCGTCAGAT-1	Pig9	Beam A	Beam A	CL:0000327	pig	NCBITaxon:9823	NCBITaxon:9823	EFO:0030080
Pig9_TACCTCGTCTTTCGAT.1	Pig9_TACCTCGTCTTTCGAT-1	Pig9	Beam A	Beam A	CL:0000327	pig	NCBITaxon:9823	NCBITaxon:9823	EFO:0030080
Pig9_TACCTGCAGCGATCGA.1	Pig9_TACCTGCAGCGATCGA-1	Pig9	Macrophage	Macrophage	CL:0000235	pig	NCBITaxon:9823	NCBITaxon:9823	EFO:0030080
Pig9_TACCTGCTCACTTCTA.1	Pig9_TACCTGCTCACTTCTA-1	Pig9	Beam A	Beam A	CL:0000327	pig	NCBITaxon:9823	NCBITaxon:9823	EFO:0030080
Pig9_TACGCTCCAATTTCTC.1	Pig9_TACGCTCCAATTTCTC-1	Pig9	Macrophage	Macrophage	CL:0000235	pig	NCBITaxon:9823	NCBITaxon:9823	EFO:0030080
Pig9_TACGCTCCATGACGTT.1	Pig9_TACGCTCCATGACGTT-1	Pig9	Macrophage	Macrophage	CL:0000235	pig	NCBITaxon:9823	NCBITaxon:9823	EFO:0030080
Pig9_TACGGGCAGAGTCTTC.1	Pig9_TACGGGCAGAGTCTTC-1	Pig9	Macrophage	Macrophage	CL:0000235	pig	NCBITaxon:9823	NCBITaxon:9823	EFO:0030080
Pig9_TACGGGCAGGAGTCTG.1	Pig9_TACGGGCAGGAGTCTG-1	Pig9	Macrophage	Macrophage	CL:0000235	pig	NCBITaxon:9823	NCBITaxon:9823	EFO:0030080
Pig9_TACGGGCCAGACGCTC.1	Pig9_TACGGGCCAGACGCTC-1	Pig9	Beam A	Beam A	CL:0000327	pig	NCBITaxon:9823	NCBITaxon:9823	EFO:0030080
Pig9_TACGGGCTCAAACCTG.1	Pig9_TACGGGCTCAAACCTG-1	Pig9	Macrophage	Macrophage	CL:0000235	pig	NCBITaxon:9823	NCBITaxon:9823	EFO:0030080
Pig9_TACGGGCTCGCCTAGG.1	Pig9_TACGGGCTCGCCTAGG-1	Pig9	Pericyte	Pericyte	CL:0000669	pig	NCBITaxon:9823	NCBITaxon:9823	EFO:0030080
Pig9_TACGGGCTCGCGTGAC.1	Pig9_TACGGGCTCGCGTGAC-1	Pig9	Beam A	Beam A	CL:0000327	pig	NCBITaxon:9823	NCBITaxon:9823	EFO:0030080
Pig9_TACGGTATCGTGCACG.1	Pig9_TACGGTATCGTGCACG-1	Pig9	Macrophage	Macrophage	CL:0000235	pig	NCBITaxon:9823	NCBITaxon:9823	EFO:0030080
Pig9_TACGGTATCTGAGGTT.1	Pig9_TACGGTATCTGAGGTT-1	Pig9	Beam A	Beam A	CL:0000327	pig	NCBITaxon:9823	NCBITaxon:9823	EFO:0030080
Pig9_TACTTACAGTCGTTAC.1	Pig9_TACTTACAGTCGTTAC-1	Pig9	Macrophage	Macrophage	CL:0000235	pig	NCBITaxon:9823	NCBITaxon:9823	EFO:0030080
Pig9_TACTTCAAGATGGCGT.1	Pig9_TACTTCAAGATGGCGT-1	Pig9	Beam A	Beam A	CL:0000327	pig	NCBITaxon:9823	NCBITaxon:9823	EFO:0030080
Pig9_TACTTCAGTACCGGAA.1	Pig9_TACTTCAGTACCGGAA-1	Pig9	Macrophage	Macrophage	CL:0000235	pig	NCBITaxon:9823	NCBITaxon:9823	EFO:0030080
Pig9_TACTTGTAGCAAACAT.1	Pig9_TACTTGTAGCAAACAT-1	Pig9	Macrophage	Macrophage	CL:0000235	pig	NCBITaxon:9823	NCBITaxon:9823	EFO:0030080
Pig9_TACTTGTCAGCCTACG.1	Pig9_TACTTGTCAGCCTACG-1	Pig9	Beam A	Beam A	CL:0000327	pig	NCBITaxon:9823	NCBITaxon:9823	EFO:0030080
Pig9_TACTTGTGTTAAGACA.1	Pig9_TACTTGTGTTAAGACA-1	Pig9	Beam A	Beam A	CL:0000327	pig	NCBITaxon:9823	NCBITaxon:9823	EFO:0030080
Pig9_TAGACCACAGGCTCTG.1	Pig9_TAGACCACAGGCTCTG-1	Pig9	Fibroblast	Fibroblast	CL:0000057	pig	NCBITaxon:9823	NCBITaxon:9823	EFO:0030080
Pig9_TAGACCATCGTTGTTT.1	Pig9_TAGACCATCGTTGTTT-1	Pig9	Fibroblast	Fibroblast	CL:0000057	pig	NCBITaxon:9823	NCBITaxon:9823	EFO:0030080
Pig9_TAGATCGGTGTTCAGT.1	Pig9_TAGATCGGTGTTCAGT-1	Pig9	Macrophage	Macrophage	CL:0000235	pig	NCBITaxon:9823	NCBITaxon:9823	EFO:0030080
Pig9_TAGATCGTCTAGGAAA.1	Pig9_TAGATCGTCTAGGAAA-1	Pig9	Beam A	Beam A	CL:0000327	pig	NCBITaxon:9823	NCBITaxon:9823	EFO:0030080
Pig9_TAGCACATCCTAACAG.1	Pig9_TAGCACATCCTAACAG-1	Pig9	Macrophage	Macrophage	CL:0000235	pig	NCBITaxon:9823	NCBITaxon:9823	EFO:0030080
Pig9_TAGGAGGAGCGTCAGA.1	Pig9_TAGGAGGAGCGTCAGA-1	Pig9	Macrophage	Macrophage	CL:0000235	pig	NCBITaxon:9823	NCBITaxon:9823	EFO:0030080
Pig9_TAGGAGGGTATCGCAT.1	Pig9_TAGGAGGGTATCGCAT-1	Pig9	Beam A	Beam A	CL:0000327	pig	NCBITaxon:9823	NCBITaxon:9823	EFO:0030080
Pig9_TAGGAGGTCCCGAACG.1	Pig9_TAGGAGGTCCCGAACG-1	Pig9	Beam A	Beam A	CL:0000327	pig	NCBITaxon:9823	NCBITaxon:9823	EFO:0030080
Pig9_TAGGGTTCACTCTGCT.1	Pig9_TAGGGTTCACTCTGCT-1	Pig9	Beam A	Beam A	CL:0000327	pig	NCBITaxon:9823	NCBITaxon:9823	EFO:0030080
Pig9_TAGGGTTGTGTGTGTT.1	Pig9_TAGGGTTGTGTGTGTT-1	Pig9	Beam A	Beam A	CL:0000327	pig	NCBITaxon:9823	NCBITaxon:9823	EFO:0030080
Pig9_TAGGTACAGCCATCCG.1	Pig9_TAGGTACAGCCATCCG-1	Pig9	Pericyte	Pericyte	CL:0000669	pig	NCBITaxon:9823	NCBITaxon:9823	EFO:0030080
Pig9_TAGGTACAGTCTTCCC.1	Pig9_TAGGTACAGTCTTCCC-1	Pig9	Beam A	Beam A	CL:0000327	pig	NCBITaxon:9823	NCBITaxon:9823	EFO:0030080
Pig9_TAGGTACTCATTGAGC.1	Pig9_TAGGTACTCATTGAGC-1	Pig9	Macrophage	Macrophage	CL:0000235	pig	NCBITaxon:9823	NCBITaxon:9823	EFO:0030080
Pig9_TAGTGCAAGAGCAGCT.1	Pig9_TAGTGCAAGAGCAGCT-1	Pig9	Beam A	Beam A	CL:0000327	pig	NCBITaxon:9823	NCBITaxon:9823	EFO:0030080
Pig9_TAGTGCAAGATCCTAC.1	Pig9_TAGTGCAAGATCCTAC-1	Pig9	NK/T cell	NK/T cell	CL:0000814	pig	NCBITaxon:9823	NCBITaxon:9823	EFO:0030080
Pig9_TATACCTAGATACGAT.1	Pig9_TATACCTAGATACGAT-1	Pig9	Macrophage	Macrophage	CL:0000235	pig	NCBITaxon:9823	NCBITaxon:9823	EFO:0030080
Pig9_TATATCCCACGCGTCA.1	Pig9_TATATCCCACGCGTCA-1	Pig9	Macrophage	Macrophage	CL:0000235	pig	NCBITaxon:9823	NCBITaxon:9823	EFO:0030080
Pig9_TATCAGGTCCGAGAAG.1	Pig9_TATCAGGTCCGAGAAG-1	Pig9	Beam A	Beam A	CL:0000327	pig	NCBITaxon:9823	NCBITaxon:9823	EFO:0030080
Pig9_TATCCTAGTACTCGCG.1	Pig9_TATCCTAGTACTCGCG-1	Pig9	Beam A	Beam A	CL:0000327	pig	NCBITaxon:9823	NCBITaxon:9823	EFO:0030080
Pig9_TATCCTAGTCACAGAG.1	Pig9_TATCCTAGTCACAGAG-1	Pig9	Beam A	Beam A	CL:0000327	pig	NCBITaxon:9823	NCBITaxon:9823	EFO:0030080
Pig9_TATCCTATCTAGCAAC.1	Pig9_TATCCTATCTAGCAAC-1	Pig9	Corneal endothelium	Corneal endothelium	CL:0000132	pig	NCBITaxon:9823	NCBITaxon:9823	EFO:0030080
Pig9_TATCCTATCTTTGCAT.1	Pig9_TATCCTATCTTTGCAT-1	Pig9	Fibroblast	Fibroblast	CL:0000057	pig	NCBITaxon:9823	NCBITaxon:9823	EFO:0030080
Pig9_TATCTGTCATCATCTT.1	Pig9_TATCTGTCATCATCTT-1	Pig9	Beam A	Beam A	CL:0000327	pig	NCBITaxon:9823	NCBITaxon:9823	EFO:0030080
Pig9_TATCTGTGTCATCCGG.1	Pig9_TATCTGTGTCATCCGG-1	Pig9	Beam A	Beam A	CL:0000327	pig	NCBITaxon:9823	NCBITaxon:9823	EFO:0030080
Pig9_TATCTGTTCCGATCTC.1	Pig9_TATCTGTTCCGATCTC-1	Pig9	Beam A	Beam A	CL:0000327	pig	NCBITaxon:9823	NCBITaxon:9823	EFO:0030080
Pig9_TATCTGTTCGACACCG.1	Pig9_TATCTGTTCGACACCG-1	Pig9	Beam A	Beam A	CL:0000327	pig	NCBITaxon:9823	NCBITaxon:9823	EFO:0030080
Pig9_TATCTGTTCGGCTTGG.1	Pig9_TATCTGTTCGGCTTGG-1	Pig9	Macrophage	Macrophage	CL:0000235	pig	NCBITaxon:9823	NCBITaxon:9823	EFO:0030080
Pig9_TATCTTGCACTTCATT.1	Pig9_TATCTTGCACTTCATT-1	Pig9	Beam A	Beam A	CL:0000327	pig	NCBITaxon:9823	NCBITaxon:9823	EFO:0030080
Pig9_TATCTTGCATGAGGGT.1	Pig9_TATCTTGCATGAGGGT-1	Pig9	NK/T cell	NK/T cell	CL:0000814	pig	NCBITaxon:9823	NCBITaxon:9823	EFO:0030080
Pig9_TATCTTGTCTATGCCC.1	Pig9_TATCTTGTCTATGCCC-1	Pig9	Fibroblast	Fibroblast	CL:0000057	pig	NCBITaxon:9823	NCBITaxon:9823	EFO:0030080
Pig9_TATGTTCGTATCCCAA.1	Pig9_TATGTTCGTATCCCAA-1	Pig9	Beam A	Beam A	CL:0000327	pig	NCBITaxon:9823	NCBITaxon:9823	EFO:0030080
Pig9_TATGTTCTCAACCTCC.1	Pig9_TATGTTCTCAACCTCC-1	Pig9	Beam A	Beam A	CL:0000327	pig	NCBITaxon:9823	NCBITaxon:9823	EFO:0030080
Pig9_TATGTTCTCAGCATTG.1	Pig9_TATGTTCTCAGCATTG-1	Pig9	Beam A	Beam A	CL:0000327	pig	NCBITaxon:9823	NCBITaxon:9823	EFO:0030080
Pig9_TATTCCAAGAAACCAT.1	Pig9_TATTCCAAGAAACCAT-1	Pig9	Macrophage	Macrophage	CL:0000235	pig	NCBITaxon:9823	NCBITaxon:9823	EFO:0030080
Pig9_TATTCCAAGGTCTGGA.1	Pig9_TATTCCAAGGTCTGGA-1	Pig9	Fibroblast	Fibroblast	CL:0000057	pig	NCBITaxon:9823	NCBITaxon:9823	EFO:0030080
Pig9_TATTCCACAATAACCC.1	Pig9_TATTCCACAATAACCC-1	Pig9	Beam A	Beam A	CL:0000327	pig	NCBITaxon:9823	NCBITaxon:9823	EFO:0030080
Pig9_TATTCCACACACCTTC.1	Pig9_TATTCCACACACCTTC-1	Pig9	Beam A	Beam A	CL:0000327	pig	NCBITaxon:9823	NCBITaxon:9823	EFO:0030080
Pig9_TATTCCACATTGTCGA.1	Pig9_TATTCCACATTGTCGA-1	Pig9	Macrophage	Macrophage	CL:0000235	pig	NCBITaxon:9823	NCBITaxon:9823	EFO:0030080
Pig9_TATTGCTAGGGATCGT.1	Pig9_TATTGCTAGGGATCGT-1	Pig9	Fibroblast	Fibroblast	CL:0000057	pig	NCBITaxon:9823	NCBITaxon:9823	EFO:0030080
Pig9_TATTGCTAGGTTGCCC.1	Pig9_TATTGCTAGGTTGCCC-1	Pig9	Beam A	Beam A	CL:0000327	pig	NCBITaxon:9823	NCBITaxon:9823	EFO:0030080
Pig9_TATTGCTGTAAGGTCG.1	Pig9_TATTGCTGTAAGGTCG-1	Pig9	Beam A	Beam A	CL:0000327	pig	NCBITaxon:9823	NCBITaxon:9823	EFO:0030080
Pig9_TATTGGGAGGGCCTCT.1	Pig9_TATTGGGAGGGCCTCT-1	Pig9	Ciliary muscle	Ciliary muscle	CL:1000443	pig	NCBITaxon:9823	NCBITaxon:9823	EFO:0030080
Pig9_TATTGGGGTACATTGC.1	Pig9_TATTGGGGTACATTGC-1	Pig9	Macrophage	Macrophage	CL:0000235	pig	NCBITaxon:9823	NCBITaxon:9823	EFO:0030080
Pig9_TATTGGGGTCCACTCT.1	Pig9_TATTGGGGTCCACTCT-1	Pig9	Beam A	Beam A	CL:0000327	pig	NCBITaxon:9823	NCBITaxon:9823	EFO:0030080
Pig9_TATTTCGGTAGTCCTA.1	Pig9_TATTTCGGTAGTCCTA-1	Pig9	NK/T cell	NK/T cell	CL:0000814	pig	NCBITaxon:9823	NCBITaxon:9823	EFO:0030080
Pig9_TATTTCGTCTCCAAGA.1	Pig9_TATTTCGTCTCCAAGA-1	Pig9	Macrophage	Macrophage	CL:0000235	pig	NCBITaxon:9823	NCBITaxon:9823	EFO:0030080
Pig9_TATTTCGTCTCCTGCA.1	Pig9_TATTTCGTCTCCTGCA-1	Pig9	Melanocyte	Melanocyte	CL:0000148	pig	NCBITaxon:9823	NCBITaxon:9823	EFO:0030080
Pig9_TCAAGACGTGCACATT.1	Pig9_TCAAGACGTGCACATT-1	Pig9	Macrophage	Macrophage	CL:0000235	pig	NCBITaxon:9823	NCBITaxon:9823	EFO:0030080
Pig9_TCAAGACTCAACTCTT.1	Pig9_TCAAGACTCAACTCTT-1	Pig9	Melanocyte	Melanocyte	CL:0000148	pig	NCBITaxon:9823	NCBITaxon:9823	EFO:0030080
Pig9_TCAAGCACAATAGTCC.1	Pig9_TCAAGCACAATAGTCC-1	Pig9	NK/T cell	NK/T cell	CL:0000814	pig	NCBITaxon:9823	NCBITaxon:9823	EFO:0030080
Pig9_TCAAGCATCTACTGCC.1	Pig9_TCAAGCATCTACTGCC-1	Pig9	NK/T cell	NK/T cell	CL:0000814	pig	NCBITaxon:9823	NCBITaxon:9823	EFO:0030080
Pig9_TCAATCTAGAAAGCGA.1	Pig9_TCAATCTAGAAAGCGA-1	Pig9	Fibroblast	Fibroblast	CL:0000057	pig	NCBITaxon:9823	NCBITaxon:9823	EFO:0030080
Pig9_TCAATCTCAAGTTCGT.1	Pig9_TCAATCTCAAGTTCGT-1	Pig9	Macrophage	Macrophage	CL:0000235	pig	NCBITaxon:9823	NCBITaxon:9823	EFO:0030080
Pig9_TCAATCTTCAGCTGTA.1	Pig9_TCAATCTTCAGCTGTA-1	Pig9	Beam A	Beam A	CL:0000327	pig	NCBITaxon:9823	NCBITaxon:9823	EFO:0030080
Pig9_TCAATTCAGTAGGATT.1	Pig9_TCAATTCAGTAGGATT-1	Pig9	Beam A	Beam A	CL:0000327	pig	NCBITaxon:9823	NCBITaxon:9823	EFO:0030080
Pig9_TCAATTCCACCTAAAC.1	Pig9_TCAATTCCACCTAAAC-1	Pig9	Melanocyte	Melanocyte	CL:0000148	pig	NCBITaxon:9823	NCBITaxon:9823	EFO:0030080
Pig9_TCAATTCCATGGAGAC.1	Pig9_TCAATTCCATGGAGAC-1	Pig9	Macrophage	Macrophage	CL:0000235	pig	NCBITaxon:9823	NCBITaxon:9823	EFO:0030080
Pig9_TCAATTCGTCCCGTGA.1	Pig9_TCAATTCGTCCCGTGA-1	Pig9	Macrophage	Macrophage	CL:0000235	pig	NCBITaxon:9823	NCBITaxon:9823	EFO:0030080
Pig9_TCAATTCTCGTCTACC.1	Pig9_TCAATTCTCGTCTACC-1	Pig9	Macrophage	Macrophage	CL:0000235	pig	NCBITaxon:9823	NCBITaxon:9823	EFO:0030080
Pig9_TCACAAGAGGTTGTTC.1	Pig9_TCACAAGAGGTTGTTC-1	Pig9	Macrophage	Macrophage	CL:0000235	pig	NCBITaxon:9823	NCBITaxon:9823	EFO:0030080
Pig9_TCACACCAGGTAGCCA.1	Pig9_TCACACCAGGTAGCCA-1	Pig9	Fibroblast	Fibroblast	CL:0000057	pig	NCBITaxon:9823	NCBITaxon:9823	EFO:0030080
Pig9_TCACACCCAAGTGGGT.1	Pig9_TCACACCCAAGTGGGT-1	Pig9	NK/T cell	NK/T cell	CL:0000814	pig	NCBITaxon:9823	NCBITaxon:9823	EFO:0030080
Pig9_TCACACCCAATGCAGG.1	Pig9_TCACACCCAATGCAGG-1	Pig9	NK/T cell	NK/T cell	CL:0000814	pig	NCBITaxon:9823	NCBITaxon:9823	EFO:0030080
Pig9_TCACACCTCTATGTGG.1	Pig9_TCACACCTCTATGTGG-1	Pig9	Beam A	Beam A	CL:0000327	pig	NCBITaxon:9823	NCBITaxon:9823	EFO:0030080
Pig9_TCACATTAGCACTCAT.1	Pig9_TCACATTAGCACTCAT-1	Pig9	Macrophage	Macrophage	CL:0000235	pig	NCBITaxon:9823	NCBITaxon:9823	EFO:0030080
Pig9_TCACATTCAACCTATG.1	Pig9_TCACATTCAACCTATG-1	Pig9	Macrophage	Macrophage	CL:0000235	pig	NCBITaxon:9823	NCBITaxon:9823	EFO:0030080
Pig9_TCACATTCATCCGGTG.1	Pig9_TCACATTCATCCGGTG-1	Pig9	Macrophage	Macrophage	CL:0000235	pig	NCBITaxon:9823	NCBITaxon:9823	EFO:0030080
Pig9_TCACATTCATGCCATA.1	Pig9_TCACATTCATGCCATA-1	Pig9	Beam A	Beam A	CL:0000327	pig	NCBITaxon:9823	NCBITaxon:9823	EFO:0030080
Pig9_TCACGGGAGATTGCGG.1	Pig9_TCACGGGAGATTGCGG-1	Pig9	Beam A	Beam A	CL:0000327	pig	NCBITaxon:9823	NCBITaxon:9823	EFO:0030080
Pig9_TCACGGGCAAATAAGC.1	Pig9_TCACGGGCAAATAAGC-1	Pig9	Beam A	Beam A	CL:0000327	pig	NCBITaxon:9823	NCBITaxon:9823	EFO:0030080
Pig9_TCACGGGCATCACAGT.1	Pig9_TCACGGGCATCACAGT-1	Pig9	Macrophage	Macrophage	CL:0000235	pig	NCBITaxon:9823	NCBITaxon:9823	EFO:0030080
Pig9_TCACGGGGTGGTACAG.1	Pig9_TCACGGGGTGGTACAG-1	Pig9	Beam A	Beam A	CL:0000327	pig	NCBITaxon:9823	NCBITaxon:9823	EFO:0030080
Pig9_TCACGGGGTTAACAGA.1	Pig9_TCACGGGGTTAACAGA-1	Pig9	Beam A	Beam A	CL:0000327	pig	NCBITaxon:9823	NCBITaxon:9823	EFO:0030080
Pig9_TCACGGGTCTAGAACC.1	Pig9_TCACGGGTCTAGAACC-1	Pig9	Beam A	Beam A	CL:0000327	pig	NCBITaxon:9823	NCBITaxon:9823	EFO:0030080
Pig9_TCACTATAGTCGCCCA.1	Pig9_TCACTATAGTCGCCCA-1	Pig9	Pericyte	Pericyte	CL:0000669	pig	NCBITaxon:9823	NCBITaxon:9823	EFO:0030080
Pig9_TCACTATCAGTCAGTT.1	Pig9_TCACTATCAGTCAGTT-1	Pig9	Beam A	Beam A	CL:0000327	pig	NCBITaxon:9823	NCBITaxon:9823	EFO:0030080
Pig9_TCACTATCATAGACTC.1	Pig9_TCACTATCATAGACTC-1	Pig9	Beam A	Beam A	CL:0000327	pig	NCBITaxon:9823	NCBITaxon:9823	EFO:0030080
Pig9_TCACTATTCTGAGCAT.1	Pig9_TCACTATTCTGAGCAT-1	Pig9	Macrophage	Macrophage	CL:0000235	pig	NCBITaxon:9823	NCBITaxon:9823	EFO:0030080
Pig9_TCACTCGAGGTTTGAA.1	Pig9_TCACTCGAGGTTTGAA-1	Pig9	NK/T cell	NK/T cell	CL:0000814	pig	NCBITaxon:9823	NCBITaxon:9823	EFO:0030080
Pig9_TCACTCGAGTGTAGTA.1	Pig9_TCACTCGAGTGTAGTA-1	Pig9	Beam A	Beam A	CL:0000327	pig	NCBITaxon:9823	NCBITaxon:9823	EFO:0030080
Pig9_TCACTCGCAGACGCTC.1	Pig9_TCACTCGCAGACGCTC-1	Pig9	SChlemm's Canal	SChlemm's Canal	CL:0000115	pig	NCBITaxon:9823	NCBITaxon:9823	EFO:0030080
Pig9_TCACTCGGTGTCTTGA.1	Pig9_TCACTCGGTGTCTTGA-1	Pig9	Macrophage	Macrophage	CL:0000235	pig	NCBITaxon:9823	NCBITaxon:9823	EFO:0030080
Pig9_TCACTCGGTTGTTGCA.1	Pig9_TCACTCGGTTGTTGCA-1	Pig9	Fibroblast	Fibroblast	CL:0000057	pig	NCBITaxon:9823	NCBITaxon:9823	EFO:0030080
Pig9_TCAGCAAGTAGCTGAG.1	Pig9_TCAGCAAGTAGCTGAG-1	Pig9	Beam A	Beam A	CL:0000327	pig	NCBITaxon:9823	NCBITaxon:9823	EFO:0030080
Pig9_TCAGCCTTCGATTCCC.1	Pig9_TCAGCCTTCGATTCCC-1	Pig9	NK/T cell	NK/T cell	CL:0000814	pig	NCBITaxon:9823	NCBITaxon:9823	EFO:0030080
Pig9_TCAGGGCCAGAACTCT.1	Pig9_TCAGGGCCAGAACTCT-1	Pig9	Beam A	Beam A	CL:0000327	pig	NCBITaxon:9823	NCBITaxon:9823	EFO:0030080
Pig9_TCAGGGCTCGACCTAA.1	Pig9_TCAGGGCTCGACCTAA-1	Pig9	Beam A	Beam A	CL:0000327	pig	NCBITaxon:9823	NCBITaxon:9823	EFO:0030080
Pig9_TCAGGTAGTGACCTGC.1	Pig9_TCAGGTAGTGACCTGC-1	Pig9	Beam A	Beam A	CL:0000327	pig	NCBITaxon:9823	NCBITaxon:9823	EFO:0030080
Pig9_TCAGTGAAGCCAACCC.1	Pig9_TCAGTGAAGCCAACCC-1	Pig9	Beam A	Beam A	CL:0000327	pig	NCBITaxon:9823	NCBITaxon:9823	EFO:0030080
Pig9_TCAGTTTCAGCCTACG.1	Pig9_TCAGTTTCAGCCTACG-1	Pig9	Beam A	Beam A	CL:0000327	pig	NCBITaxon:9823	NCBITaxon:9823	EFO:0030080
Pig9_TCAGTTTGTTGAGTCT.1	Pig9_TCAGTTTGTTGAGTCT-1	Pig9	Fibroblast	Fibroblast	CL:0000057	pig	NCBITaxon:9823	NCBITaxon:9823	EFO:0030080
Pig9_TCAGTTTTCTTAGGAC.1	Pig9_TCAGTTTTCTTAGGAC-1	Pig9	Ciliary muscle	Ciliary muscle	CL:1000443	pig	NCBITaxon:9823	NCBITaxon:9823	EFO:0030080
Pig9_TCATACTAGTGCAACG.1	Pig9_TCATACTAGTGCAACG-1	Pig9	Beam A	Beam A	CL:0000327	pig	NCBITaxon:9823	NCBITaxon:9823	EFO:0030080
Pig9_TCATACTCAACACAGG.1	Pig9_TCATACTCAACACAGG-1	Pig9	Ciliary muscle	Ciliary muscle	CL:1000443	pig	NCBITaxon:9823	NCBITaxon:9823	EFO:0030080
Pig9_TCATACTCAGATAAAC.1	Pig9_TCATACTCAGATAAAC-1	Pig9	Beam A	Beam A	CL:0000327	pig	NCBITaxon:9823	NCBITaxon:9823	EFO:0030080
Pig9_TCATATCAGACATAAC.1	Pig9_TCATATCAGACATAAC-1	Pig9	Macrophage	Macrophage	CL:0000235	pig	NCBITaxon:9823	NCBITaxon:9823	EFO:0030080
Pig9_TCATATCAGTCTCTGA.1	Pig9_TCATATCAGTCTCTGA-1	Pig9	Beam A	Beam A	CL:0000327	pig	NCBITaxon:9823	NCBITaxon:9823	EFO:0030080
Pig9_TCATATCCATCCTTGC.1	Pig9_TCATATCCATCCTTGC-1	Pig9	Beam A	Beam A	CL:0000327	pig	NCBITaxon:9823	NCBITaxon:9823	EFO:0030080
Pig9_TCATCATAGCCTGCCA.1	Pig9_TCATCATAGCCTGCCA-1	Pig9	Macrophage	Macrophage	CL:0000235	pig	NCBITaxon:9823	NCBITaxon:9823	EFO:0030080
Pig9_TCATCATCACTTGAGT.1	Pig9_TCATCATCACTTGAGT-1	Pig9	Fibroblast	Fibroblast	CL:0000057	pig	NCBITaxon:9823	NCBITaxon:9823	EFO:0030080
Pig9_TCATCCGAGACGACTG.1	Pig9_TCATCCGAGACGACTG-1	Pig9	NK/T cell	NK/T cell	CL:0000814	pig	NCBITaxon:9823	NCBITaxon:9823	EFO:0030080
Pig9_TCATCCGCAAGCGCAA.1	Pig9_TCATCCGCAAGCGCAA-1	Pig9	Fibroblast	Fibroblast	CL:0000057	pig	NCBITaxon:9823	NCBITaxon:9823	EFO:0030080
Pig9_TCATCCGCAGCACAAG.1	Pig9_TCATCCGCAGCACAAG-1	Pig9	Macrophage	Macrophage	CL:0000235	pig	NCBITaxon:9823	NCBITaxon:9823	EFO:0030080
Pig9_TCATCCGGTCAAACGG.1	Pig9_TCATCCGGTCAAACGG-1	Pig9	Beam A	Beam A	CL:0000327	pig	NCBITaxon:9823	NCBITaxon:9823	EFO:0030080
Pig9_TCATCCGTCGTCAAAC.1	Pig9_TCATCCGTCGTCAAAC-1	Pig9	Beam A	Beam A	CL:0000327	pig	NCBITaxon:9823	NCBITaxon:9823	EFO:0030080
Pig9_TCATGAGGTCTAATCG.1	Pig9_TCATGAGGTCTAATCG-1	Pig9	Pericyte	Pericyte	CL:0000669	pig	NCBITaxon:9823	NCBITaxon:9823	EFO:0030080
Pig9_TCATGAGGTGGTCTCG.1	Pig9_TCATGAGGTGGTCTCG-1	Pig9	Beam A	Beam A	CL:0000327	pig	NCBITaxon:9823	NCBITaxon:9823	EFO:0030080
Pig9_TCATGAGGTGTAACGG.1	Pig9_TCATGAGGTGTAACGG-1	Pig9	Macrophage	Macrophage	CL:0000235	pig	NCBITaxon:9823	NCBITaxon:9823	EFO:0030080
Pig9_TCATGAGTCATCCTGC.1	Pig9_TCATGAGTCATCCTGC-1	Pig9	Macrophage	Macrophage	CL:0000235	pig	NCBITaxon:9823	NCBITaxon:9823	EFO:0030080
Pig9_TCATGCCCAAGCGAGT.1	Pig9_TCATGCCCAAGCGAGT-1	Pig9	SChlemm's Canal	SChlemm's Canal	CL:0000115	pig	NCBITaxon:9823	NCBITaxon:9823	EFO:0030080
Pig9_TCATGCCCAGTACTAC.1	Pig9_TCATGCCCAGTACTAC-1	Pig9	Macrophage	Macrophage	CL:0000235	pig	NCBITaxon:9823	NCBITaxon:9823	EFO:0030080
Pig9_TCATGCCGTCTTCCGT.1	Pig9_TCATGCCGTCTTCCGT-1	Pig9	Beam A	Beam A	CL:0000327	pig	NCBITaxon:9823	NCBITaxon:9823	EFO:0030080
Pig9_TCATGCCGTGTCTCCT.1	Pig9_TCATGCCGTGTCTCCT-1	Pig9	Macrophage	Macrophage	CL:0000235	pig	NCBITaxon:9823	NCBITaxon:9823	EFO:0030080
Pig9_TCATGCCTCGCTTACC.1	Pig9_TCATGCCTCGCTTACC-1	Pig9	Macrophage	Macrophage	CL:0000235	pig	NCBITaxon:9823	NCBITaxon:9823	EFO:0030080
Pig9_TCATGCCTCTATCGTT.1	Pig9_TCATGCCTCTATCGTT-1	Pig9	Beam A	Beam A	CL:0000327	pig	NCBITaxon:9823	NCBITaxon:9823	EFO:0030080
Pig9_TCATGCCTCTGGTGCG.1	Pig9_TCATGCCTCTGGTGCG-1	Pig9	Macrophage	Macrophage	CL:0000235	pig	NCBITaxon:9823	NCBITaxon:9823	EFO:0030080
Pig9_TCATGGACACTAGTAC.1	Pig9_TCATGGACACTAGTAC-1	Pig9	Pericyte	Pericyte	CL:0000669	pig	NCBITaxon:9823	NCBITaxon:9823	EFO:0030080
Pig9_TCATGGACAGTCTCTC.1	Pig9_TCATGGACAGTCTCTC-1	Pig9	Beam A	Beam A	CL:0000327	pig	NCBITaxon:9823	NCBITaxon:9823	EFO:0030080
Pig9_TCATGGAGTAGACGTG.1	Pig9_TCATGGAGTAGACGTG-1	Pig9	Macrophage	Macrophage	CL:0000235	pig	NCBITaxon:9823	NCBITaxon:9823	EFO:0030080
Pig9_TCATGGAGTTTAGTCG.1	Pig9_TCATGGAGTTTAGTCG-1	Pig9	Macrophage	Macrophage	CL:0000235	pig	NCBITaxon:9823	NCBITaxon:9823	EFO:0030080
Pig9_TCATGGATCCTGTTAT.1	Pig9_TCATGGATCCTGTTAT-1	Pig9	Beam A	Beam A	CL:0000327	pig	NCBITaxon:9823	NCBITaxon:9823	EFO:0030080
Pig9_TCATGTTCAAGCAATA.1	Pig9_TCATGTTCAAGCAATA-1	Pig9	Pericyte	Pericyte	CL:0000669	pig	NCBITaxon:9823	NCBITaxon:9823	EFO:0030080
Pig9_TCATGTTGTTCGGCTG.1	Pig9_TCATGTTGTTCGGCTG-1	Pig9	Beam A	Beam A	CL:0000327	pig	NCBITaxon:9823	NCBITaxon:9823	EFO:0030080
Pig9_TCATTACCACGAGGAT.1	Pig9_TCATTACCACGAGGAT-1	Pig9	Beam A	Beam A	CL:0000327	pig	NCBITaxon:9823	NCBITaxon:9823	EFO:0030080
Pig9_TCATTACGTTATCTTC.1	Pig9_TCATTACGTTATCTTC-1	Pig9	Pericyte	Pericyte	CL:0000669	pig	NCBITaxon:9823	NCBITaxon:9823	EFO:0030080
Pig9_TCATTACTCCAAGCAT.1	Pig9_TCATTACTCCAAGCAT-1	Pig9	Macrophage	Macrophage	CL:0000235	pig	NCBITaxon:9823	NCBITaxon:9823	EFO:0030080
Pig9_TCATTCACAGATACCT.1	Pig9_TCATTCACAGATACCT-1	Pig9	Macrophage	Macrophage	CL:0000235	pig	NCBITaxon:9823	NCBITaxon:9823	EFO:0030080
Pig9_TCATTGTTCACCTGGG.1	Pig9_TCATTGTTCACCTGGG-1	Pig9	Corneal endothelium	Corneal endothelium	CL:0000132	pig	NCBITaxon:9823	NCBITaxon:9823	EFO:0030080
Pig9_TCATTGTTCCGGTAGC.1	Pig9_TCATTGTTCCGGTAGC-1	Pig9	NK/T cell	NK/T cell	CL:0000814	pig	NCBITaxon:9823	NCBITaxon:9823	EFO:0030080
Pig9_TCATTTGGTAGTTACC.1	Pig9_TCATTTGGTAGTTACC-1	Pig9	Melanocyte	Melanocyte	CL:0000148	pig	NCBITaxon:9823	NCBITaxon:9823	EFO:0030080
Pig9_TCCACCAAGATCACCT.1	Pig9_TCCACCAAGATCACCT-1	Pig9	Ciliary muscle	Ciliary muscle	CL:1000443	pig	NCBITaxon:9823	NCBITaxon:9823	EFO:0030080
Pig9_TCCACCACACTTGTGA.1	Pig9_TCCACCACACTTGTGA-1	Pig9	Beam A	Beam A	CL:0000327	pig	NCBITaxon:9823	NCBITaxon:9823	EFO:0030080
Pig9_TCCACCAGTCCGGTGT.1	Pig9_TCCACCAGTCCGGTGT-1	Pig9	Fibroblast	Fibroblast	CL:0000057	pig	NCBITaxon:9823	NCBITaxon:9823	EFO:0030080
Pig9_TCCACCAGTTTCGTGA.1	Pig9_TCCACCAGTTTCGTGA-1	Pig9	Beam A	Beam A	CL:0000327	pig	NCBITaxon:9823	NCBITaxon:9823	EFO:0030080
Pig9_TCCACCATCGACACTA.1	Pig9_TCCACCATCGACACTA-1	Pig9	Pericyte	Pericyte	CL:0000669	pig	NCBITaxon:9823	NCBITaxon:9823	EFO:0030080
Pig9_TCCACGTAGCTCCGAC.1	Pig9_TCCACGTAGCTCCGAC-1	Pig9	Beam A	Beam A	CL:0000327	pig	NCBITaxon:9823	NCBITaxon:9823	EFO:0030080
Pig9_TCCACGTAGGTACCTT.1	Pig9_TCCACGTAGGTACCTT-1	Pig9	Beam A	Beam A	CL:0000327	pig	NCBITaxon:9823	NCBITaxon:9823	EFO:0030080
Pig9_TCCACGTCATGGCTAT.1	Pig9_TCCACGTCATGGCTAT-1	Pig9	Macrophage	Macrophage	CL:0000235	pig	NCBITaxon:9823	NCBITaxon:9823	EFO:0030080
Pig9_TCCACGTGTTAAGAAC.1	Pig9_TCCACGTGTTAAGAAC-1	Pig9	Macrophage	Macrophage	CL:0000235	pig	NCBITaxon:9823	NCBITaxon:9823	EFO:0030080
Pig9_TCCACGTTCTATGTGG.1	Pig9_TCCACGTTCTATGTGG-1	Pig9	Macrophage	Macrophage	CL:0000235	pig	NCBITaxon:9823	NCBITaxon:9823	EFO:0030080
Pig9_TCCAGAAGTATGTCAC.1	Pig9_TCCAGAAGTATGTCAC-1	Pig9	Fibroblast	Fibroblast	CL:0000057	pig	NCBITaxon:9823	NCBITaxon:9823	EFO:0030080
Pig9_TCCAGAAGTCCGGCAT.1	Pig9_TCCAGAAGTCCGGCAT-1	Pig9	Pericyte	Pericyte	CL:0000669	pig	NCBITaxon:9823	NCBITaxon:9823	EFO:0030080
Pig9_TCCAGAATCTTGTGCC.1	Pig9_TCCAGAATCTTGTGCC-1	Pig9	Beam A	Beam A	CL:0000327	pig	NCBITaxon:9823	NCBITaxon:9823	EFO:0030080
Pig9_TCCATCGAGCGTTCAT.1	Pig9_TCCATCGAGCGTTCAT-1	Pig9	Macrophage	Macrophage	CL:0000235	pig	NCBITaxon:9823	NCBITaxon:9823	EFO:0030080
Pig9_TCCATCGAGTGAGGTC.1	Pig9_TCCATCGAGTGAGGTC-1	Pig9	Corneal endothelium	Corneal endothelium	CL:0000132	pig	NCBITaxon:9823	NCBITaxon:9823	EFO:0030080
Pig9_TCCATCGCAGGTTCAT.1	Pig9_TCCATCGCAGGTTCAT-1	Pig9	Beam A	Beam A	CL:0000327	pig	NCBITaxon:9823	NCBITaxon:9823	EFO:0030080
Pig9_TCCATGCAGTTGGAGC.1	Pig9_TCCATGCAGTTGGAGC-1	Pig9	Macrophage	Macrophage	CL:0000235	pig	NCBITaxon:9823	NCBITaxon:9823	EFO:0030080
Pig9_TCCCACAAGTGACCTT.1	Pig9_TCCCACAAGTGACCTT-1	Pig9	Beam A	Beam A	CL:0000327	pig	NCBITaxon:9823	NCBITaxon:9823	EFO:0030080
Pig9_TCCCACACAGAGAAAG.1	Pig9_TCCCACACAGAGAAAG-1	Pig9	Fibroblast	Fibroblast	CL:0000057	pig	NCBITaxon:9823	NCBITaxon:9823	EFO:0030080
Pig9_TCCCACAGTGACTCGC.1	Pig9_TCCCACAGTGACTCGC-1	Pig9	Beam A	Beam A	CL:0000327	pig	NCBITaxon:9823	NCBITaxon:9823	EFO:0030080
Pig9_TCCCACAGTTGCGTAT.1	Pig9_TCCCACAGTTGCGTAT-1	Pig9	Fibroblast	Fibroblast	CL:0000057	pig	NCBITaxon:9823	NCBITaxon:9823	EFO:0030080
Pig9_TCCCAGTGTCGATTTG.1	Pig9_TCCCAGTGTCGATTTG-1	Pig9	NK/T cell	NK/T cell	CL:0000814	pig	NCBITaxon:9823	NCBITaxon:9823	EFO:0030080
Pig9_TCCCAGTGTTTCGGCG.1	Pig9_TCCCAGTGTTTCGGCG-1	Pig9	Beam A	Beam A	CL:0000327	pig	NCBITaxon:9823	NCBITaxon:9823	EFO:0030080
Pig9_TCCCAGTTCACCATAG.1	Pig9_TCCCAGTTCACCATAG-1	Pig9	Beam A	Beam A	CL:0000327	pig	NCBITaxon:9823	NCBITaxon:9823	EFO:0030080
Pig9_TCCCAGTTCCGTGCGA.1	Pig9_TCCCAGTTCCGTGCGA-1	Pig9	Macrophage	Macrophage	CL:0000235	pig	NCBITaxon:9823	NCBITaxon:9823	EFO:0030080
Pig9_TCCCATGCAAGATGTA.1	Pig9_TCCCATGCAAGATGTA-1	Pig9	Beam A	Beam A	CL:0000327	pig	NCBITaxon:9823	NCBITaxon:9823	EFO:0030080
Pig9_TCCCATGTCGTGGACC.1	Pig9_TCCCATGTCGTGGACC-1	Pig9	Beam A	Beam A	CL:0000327	pig	NCBITaxon:9823	NCBITaxon:9823	EFO:0030080
Pig9_TCCGAAACACTTCAAG.1	Pig9_TCCGAAACACTTCAAG-1	Pig9	Macrophage	Macrophage	CL:0000235	pig	NCBITaxon:9823	NCBITaxon:9823	EFO:0030080
Pig9_TCCGAAACATGGACAG.1	Pig9_TCCGAAACATGGACAG-1	Pig9	Beam A	Beam A	CL:0000327	pig	NCBITaxon:9823	NCBITaxon:9823	EFO:0030080
Pig9_TCCGAAAGTATGTCTG.1	Pig9_TCCGAAAGTATGTCTG-1	Pig9	Macrophage	Macrophage	CL:0000235	pig	NCBITaxon:9823	NCBITaxon:9823	EFO:0030080
Pig9_TCCGAAAGTGTACGCC.1	Pig9_TCCGAAAGTGTACGCC-1	Pig9	Beam A	Beam A	CL:0000327	pig	NCBITaxon:9823	NCBITaxon:9823	EFO:0030080
Pig9_TCCGATCCACTTTATC.1	Pig9_TCCGATCCACTTTATC-1	Pig9	Beam A	Beam A	CL:0000327	pig	NCBITaxon:9823	NCBITaxon:9823	EFO:0030080
Pig9_TCCGATCGTACGATTC.1	Pig9_TCCGATCGTACGATTC-1	Pig9	Macrophage	Macrophage	CL:0000235	pig	NCBITaxon:9823	NCBITaxon:9823	EFO:0030080
Pig9_TCCGATCTCTAAGCCA.1	Pig9_TCCGATCTCTAAGCCA-1	Pig9	Fibroblast	Fibroblast	CL:0000057	pig	NCBITaxon:9823	NCBITaxon:9823	EFO:0030080
Pig9_TCCGGGAAGCCTCATA.1	Pig9_TCCGGGAAGCCTCATA-1	Pig9	Macrophage	Macrophage	CL:0000235	pig	NCBITaxon:9823	NCBITaxon:9823	EFO:0030080
Pig9_TCCGGGACAATTTCTC.1	Pig9_TCCGGGACAATTTCTC-1	Pig9	Beam A	Beam A	CL:0000327	pig	NCBITaxon:9823	NCBITaxon:9823	EFO:0030080
Pig9_TCCGTGTCATTGAGGG.1	Pig9_TCCGTGTCATTGAGGG-1	Pig9	Fibroblast	Fibroblast	CL:0000057	pig	NCBITaxon:9823	NCBITaxon:9823	EFO:0030080
Pig9_TCCGTGTGTGCGACAA.1	Pig9_TCCGTGTGTGCGACAA-1	Pig9	Macrophage	Macrophage	CL:0000235	pig	NCBITaxon:9823	NCBITaxon:9823	EFO:0030080
Pig9_TCCGTGTGTTGCACGC.1	Pig9_TCCGTGTGTTGCACGC-1	Pig9	Fibroblast	Fibroblast	CL:0000057	pig	NCBITaxon:9823	NCBITaxon:9823	EFO:0030080
Pig9_TCCTAATCAAGCGAGT.1	Pig9_TCCTAATCAAGCGAGT-1	Pig9	Beam A	Beam A	CL:0000327	pig	NCBITaxon:9823	NCBITaxon:9823	EFO:0030080
Pig9_TCCTCCCGTAGGCAAC.1	Pig9_TCCTCCCGTAGGCAAC-1	Pig9	Beam A	Beam A	CL:0000327	pig	NCBITaxon:9823	NCBITaxon:9823	EFO:0030080
Pig9_TCCTCGAAGACACACG.1	Pig9_TCCTCGAAGACACACG-1	Pig9	Beam A	Beam A	CL:0000327	pig	NCBITaxon:9823	NCBITaxon:9823	EFO:0030080
Pig9_TCCTCGAAGGAACATT.1	Pig9_TCCTCGAAGGAACATT-1	Pig9	NK/T cell	NK/T cell	CL:0000814	pig	NCBITaxon:9823	NCBITaxon:9823	EFO:0030080
Pig9_TCCTCGACACTCCGGA.1	Pig9_TCCTCGACACTCCGGA-1	Pig9	Macrophage	Macrophage	CL:0000235	pig	NCBITaxon:9823	NCBITaxon:9823	EFO:0030080
Pig9_TCCTCGACATACATCG.1	Pig9_TCCTCGACATACATCG-1	Pig9	Fibroblast	Fibroblast	CL:0000057	pig	NCBITaxon:9823	NCBITaxon:9823	EFO:0030080
Pig9_TCCTCGAGTAGGAAAG.1	Pig9_TCCTCGAGTAGGAAAG-1	Pig9	Fibroblast	Fibroblast	CL:0000057	pig	NCBITaxon:9823	NCBITaxon:9823	EFO:0030080
Pig9_TCCTGCAAGCAGGCAT.1	Pig9_TCCTGCAAGCAGGCAT-1	Pig9	Macrophage	Macrophage	CL:0000235	pig	NCBITaxon:9823	NCBITaxon:9823	EFO:0030080
Pig9_TCCTGCAGTCATCACA.1	Pig9_TCCTGCAGTCATCACA-1	Pig9	Pericyte	Pericyte	CL:0000669	pig	NCBITaxon:9823	NCBITaxon:9823	EFO:0030080
Pig9_TCCTGCATCCATGAGT.1	Pig9_TCCTGCATCCATGAGT-1	Pig9	Beam A	Beam A	CL:0000327	pig	NCBITaxon:9823	NCBITaxon:9823	EFO:0030080
Pig9_TCCTGCATCGGTGTTA.1	Pig9_TCCTGCATCGGTGTTA-1	Pig9	SChlemm's Canal	SChlemm's Canal	CL:0000115	pig	NCBITaxon:9823	NCBITaxon:9823	EFO:0030080
Pig9_TCCTTCTGTGATACAA.1	Pig9_TCCTTCTGTGATACAA-1	Pig9	Beam A	Beam A	CL:0000327	pig	NCBITaxon:9823	NCBITaxon:9823	EFO:0030080
Pig9_TCCTTCTTCACTACTT.1	Pig9_TCCTTCTTCACTACTT-1	Pig9	Fibroblast	Fibroblast	CL:0000057	pig	NCBITaxon:9823	NCBITaxon:9823	EFO:0030080
Pig9_TCCTTTCCAATCCTAG.1	Pig9_TCCTTTCCAATCCTAG-1	Pig9	Beam A	Beam A	CL:0000327	pig	NCBITaxon:9823	NCBITaxon:9823	EFO:0030080
Pig9_TCCTTTCTCAATCGGT.1	Pig9_TCCTTTCTCAATCGGT-1	Pig9	Fibroblast	Fibroblast	CL:0000057	pig	NCBITaxon:9823	NCBITaxon:9823	EFO:0030080
Pig9_TCCTTTCTCTACCTTA.1	Pig9_TCCTTTCTCTACCTTA-1	Pig9	Beam A	Beam A	CL:0000327	pig	NCBITaxon:9823	NCBITaxon:9823	EFO:0030080
Pig9_TCGAACAAGGCAGTCA.1	Pig9_TCGAACAAGGCAGTCA-1	Pig9	Beam A	Beam A	CL:0000327	pig	NCBITaxon:9823	NCBITaxon:9823	EFO:0030080
Pig9_TCGAACAAGGGTACAC.1	Pig9_TCGAACAAGGGTACAC-1	Pig9	Macrophage	Macrophage	CL:0000235	pig	NCBITaxon:9823	NCBITaxon:9823	EFO:0030080
Pig9_TCGAACACAGCACAAG.1	Pig9_TCGAACACAGCACAAG-1	Pig9	Beam A	Beam A	CL:0000327	pig	NCBITaxon:9823	NCBITaxon:9823	EFO:0030080
Pig9_TCGAACATCCGCGAGT.1	Pig9_TCGAACATCCGCGAGT-1	Pig9	Beam A	Beam A	CL:0000327	pig	NCBITaxon:9823	NCBITaxon:9823	EFO:0030080
Pig9_TCGAAGTAGAATAGTC.1	Pig9_TCGAAGTAGAATAGTC-1	Pig9	Macrophage	Macrophage	CL:0000235	pig	NCBITaxon:9823	NCBITaxon:9823	EFO:0030080
Pig9_TCGAAGTCAAGAGGCT.1	Pig9_TCGAAGTCAAGAGGCT-1	Pig9	Fibroblast	Fibroblast	CL:0000057	pig	NCBITaxon:9823	NCBITaxon:9823	EFO:0030080
Pig9_TCGAAGTGTATGCAAA.1	Pig9_TCGAAGTGTATGCAAA-1	Pig9	Macrophage	Macrophage	CL:0000235	pig	NCBITaxon:9823	NCBITaxon:9823	EFO:0030080
Pig9_TCGAAGTGTGTTAAAG.1	Pig9_TCGAAGTGTGTTAAAG-1	Pig9	Melanocyte	Melanocyte	CL:0000148	pig	NCBITaxon:9823	NCBITaxon:9823	EFO:0030080
Pig9_TCGAAGTTCTGCGAGC.1	Pig9_TCGAAGTTCTGCGAGC-1	Pig9	Beam A	Beam A	CL:0000327	pig	NCBITaxon:9823	NCBITaxon:9823	EFO:0030080
Pig9_TCGACCTAGCTTTCCC.1	Pig9_TCGACCTAGCTTTCCC-1	Pig9	Fibroblast	Fibroblast	CL:0000057	pig	NCBITaxon:9823	NCBITaxon:9823	EFO:0030080
Pig9_TCGACCTGTATTCCTT.1	Pig9_TCGACCTGTATTCCTT-1	Pig9	Macrophage	Macrophage	CL:0000235	pig	NCBITaxon:9823	NCBITaxon:9823	EFO:0030080
Pig9_TCGACCTGTGTCATCA.1	Pig9_TCGACCTGTGTCATCA-1	Pig9	Fibroblast	Fibroblast	CL:0000057	pig	NCBITaxon:9823	NCBITaxon:9823	EFO:0030080
Pig9_TCGACCTTCGAGGCAA.1	Pig9_TCGACCTTCGAGGCAA-1	Pig9	Beam A	Beam A	CL:0000327	pig	NCBITaxon:9823	NCBITaxon:9823	EFO:0030080
Pig9_TCGACGGCAGTAACGG.1	Pig9_TCGACGGCAGTAACGG-1	Pig9	Beam A	Beam A	CL:0000327	pig	NCBITaxon:9823	NCBITaxon:9823	EFO:0030080
Pig9_TCGACGGTCGAACACT.1	Pig9_TCGACGGTCGAACACT-1	Pig9	Beam A	Beam A	CL:0000327	pig	NCBITaxon:9823	NCBITaxon:9823	EFO:0030080
Pig9_TCGACGGTCGTGGGTC.1	Pig9_TCGACGGTCGTGGGTC-1	Pig9	Beam A	Beam A	CL:0000327	pig	NCBITaxon:9823	NCBITaxon:9823	EFO:0030080
Pig9_TCGACGGTCTCACGAA.1	Pig9_TCGACGGTCTCACGAA-1	Pig9	Macrophage	Macrophage	CL:0000235	pig	NCBITaxon:9823	NCBITaxon:9823	EFO:0030080
Pig9_TCGACGGTCTGCACCT.1	Pig9_TCGACGGTCTGCACCT-1	Pig9	Fibroblast	Fibroblast	CL:0000057	pig	NCBITaxon:9823	NCBITaxon:9823	EFO:0030080
Pig9_TCGATTTCAGCTACAT.1	Pig9_TCGATTTCAGCTACAT-1	Pig9	Beam A	Beam A	CL:0000327	pig	NCBITaxon:9823	NCBITaxon:9823	EFO:0030080
Pig9_TCGATTTGTCTCAGGC.1	Pig9_TCGATTTGTCTCAGGC-1	Pig9	Macrophage	Macrophage	CL:0000235	pig	NCBITaxon:9823	NCBITaxon:9823	EFO:0030080
Pig9_TCGCACTAGGGCGAGA.1	Pig9_TCGCACTAGGGCGAGA-1	Pig9	Beam A	Beam A	CL:0000327	pig	NCBITaxon:9823	NCBITaxon:9823	EFO:0030080
Pig9_TCGCACTGTAAGGCCA.1	Pig9_TCGCACTGTAAGGCCA-1	Pig9	Beam A	Beam A	CL:0000327	pig	NCBITaxon:9823	NCBITaxon:9823	EFO:0030080
Pig9_TCGCACTGTTCAGGTT.1	Pig9_TCGCACTGTTCAGGTT-1	Pig9	Beam A	Beam A	CL:0000327	pig	NCBITaxon:9823	NCBITaxon:9823	EFO:0030080
Pig9_TCGCAGGAGGATTCCT.1	Pig9_TCGCAGGAGGATTCCT-1	Pig9	Beam A	Beam A	CL:0000327	pig	NCBITaxon:9823	NCBITaxon:9823	EFO:0030080
Pig9_TCGCAGGTCTCCAAGA.1	Pig9_TCGCAGGTCTCCAAGA-1	Pig9	Beam A	Beam A	CL:0000327	pig	NCBITaxon:9823	NCBITaxon:9823	EFO:0030080
Pig9_TCGCTCACAGCGACCT.1	Pig9_TCGCTCACAGCGACCT-1	Pig9	Macrophage	Macrophage	CL:0000235	pig	NCBITaxon:9823	NCBITaxon:9823	EFO:0030080
Pig9_TCGCTTGAGAGACAAG.1	Pig9_TCGCTTGAGAGACAAG-1	Pig9	Fibroblast	Fibroblast	CL:0000057	pig	NCBITaxon:9823	NCBITaxon:9823	EFO:0030080
Pig9_TCGCTTGAGCGTACAG.1	Pig9_TCGCTTGAGCGTACAG-1	Pig9	Fibroblast	Fibroblast	CL:0000057	pig	NCBITaxon:9823	NCBITaxon:9823	EFO:0030080
Pig9_TCGCTTGAGTGGGAAA.1	Pig9_TCGCTTGAGTGGGAAA-1	Pig9	Beam A	Beam A	CL:0000327	pig	NCBITaxon:9823	NCBITaxon:9823	EFO:0030080
Pig9_TCGCTTGCAGAAATTG.1	Pig9_TCGCTTGCAGAAATTG-1	Pig9	NK/T cell	NK/T cell	CL:0000814	pig	NCBITaxon:9823	NCBITaxon:9823	EFO:0030080
Pig9_TCGCTTGTCAACACGT.1	Pig9_TCGCTTGTCAACACGT-1	Pig9	Melanocyte	Melanocyte	CL:0000148	pig	NCBITaxon:9823	NCBITaxon:9823	EFO:0030080
Pig9_TCGCTTGTCCATGATG.1	Pig9_TCGCTTGTCCATGATG-1	Pig9	Beam A	Beam A	CL:0000327	pig	NCBITaxon:9823	NCBITaxon:9823	EFO:0030080
Pig9_TCGGATAGTTTACTTC.1	Pig9_TCGGATAGTTTACTTC-1	Pig9	SChlemm's Canal	SChlemm's Canal	CL:0000115	pig	NCBITaxon:9823	NCBITaxon:9823	EFO:0030080
Pig9_TCGGGACTCTCTCGAC.1	Pig9_TCGGGACTCTCTCGAC-1	Pig9	NK/T cell	NK/T cell	CL:0000814	pig	NCBITaxon:9823	NCBITaxon:9823	EFO:0030080
Pig9_TCGGGCAGTGTTTGCA.1	Pig9_TCGGGCAGTGTTTGCA-1	Pig9	Macrophage	Macrophage	CL:0000235	pig	NCBITaxon:9823	NCBITaxon:9823	EFO:0030080
Pig9_TCGGGTGAGCCGCACT.1	Pig9_TCGGGTGAGCCGCACT-1	Pig9	Macrophage	Macrophage	CL:0000235	pig	NCBITaxon:9823	NCBITaxon:9823	EFO:0030080
Pig9_TCGGGTGCATGCAGGA.1	Pig9_TCGGGTGCATGCAGGA-1	Pig9	Macrophage	Macrophage	CL:0000235	pig	NCBITaxon:9823	NCBITaxon:9823	EFO:0030080
Pig9_TCGGTCTCAAAGGGCT.1	Pig9_TCGGTCTCAAAGGGCT-1	Pig9	Beam A	Beam A	CL:0000327	pig	NCBITaxon:9823	NCBITaxon:9823	EFO:0030080
Pig9_TCGGTCTGTGAACCGA.1	Pig9_TCGGTCTGTGAACCGA-1	Pig9	Beam A	Beam A	CL:0000327	pig	NCBITaxon:9823	NCBITaxon:9823	EFO:0030080
Pig9_TCGGTCTGTTCGGACC.1	Pig9_TCGGTCTGTTCGGACC-1	Pig9	Macrophage	Macrophage	CL:0000235	pig	NCBITaxon:9823	NCBITaxon:9823	EFO:0030080
Pig9_TCGTAGACATGAAGCG.1	Pig9_TCGTAGACATGAAGCG-1	Pig9	Beam A	Beam A	CL:0000327	pig	NCBITaxon:9823	NCBITaxon:9823	EFO:0030080
Pig9_TCGTAGATCCTGTTGC.1	Pig9_TCGTAGATCCTGTTGC-1	Pig9	Beam A	Beam A	CL:0000327	pig	NCBITaxon:9823	NCBITaxon:9823	EFO:0030080
Pig9_TCGTCCACAAGAAACT.1	Pig9_TCGTCCACAAGAAACT-1	Pig9	Macrophage	Macrophage	CL:0000235	pig	NCBITaxon:9823	NCBITaxon:9823	EFO:0030080
Pig9_TCGTCCAGTCTCACAA.1	Pig9_TCGTCCAGTCTCACAA-1	Pig9	Fibroblast	Fibroblast	CL:0000057	pig	NCBITaxon:9823	NCBITaxon:9823	EFO:0030080
Pig9_TCGTCCATCATCTACT.1	Pig9_TCGTCCATCATCTACT-1	Pig9	Beam A	Beam A	CL:0000327	pig	NCBITaxon:9823	NCBITaxon:9823	EFO:0030080
Pig9_TCGTGCTAGAACCGCA.1	Pig9_TCGTGCTAGAACCGCA-1	Pig9	Beam A	Beam A	CL:0000327	pig	NCBITaxon:9823	NCBITaxon:9823	EFO:0030080
Pig9_TCGTGCTGTCAAAGCG.1	Pig9_TCGTGCTGTCAAAGCG-1	Pig9	Fibroblast	Fibroblast	CL:0000057	pig	NCBITaxon:9823	NCBITaxon:9823	EFO:0030080
Pig9_TCGTGGGCAGTCTGGC.1	Pig9_TCGTGGGCAGTCTGGC-1	Pig9	Macrophage	Macrophage	CL:0000235	pig	NCBITaxon:9823	NCBITaxon:9823	EFO:0030080
Pig9_TCGTGGGTCATCTCTA.1	Pig9_TCGTGGGTCATCTCTA-1	Pig9	Beam A	Beam A	CL:0000327	pig	NCBITaxon:9823	NCBITaxon:9823	EFO:0030080
Pig9_TCTAACTGTATTGACC.1	Pig9_TCTAACTGTATTGACC-1	Pig9	Beam A	Beam A	CL:0000327	pig	NCBITaxon:9823	NCBITaxon:9823	EFO:0030080
Pig9_TCTACATGTCAAAGCG.1	Pig9_TCTACATGTCAAAGCG-1	Pig9	Beam A	Beam A	CL:0000327	pig	NCBITaxon:9823	NCBITaxon:9823	EFO:0030080
Pig9_TCTACATTCCGGACGT.1	Pig9_TCTACATTCCGGACGT-1	Pig9	Fibroblast	Fibroblast	CL:0000057	pig	NCBITaxon:9823	NCBITaxon:9823	EFO:0030080
Pig9_TCTACATTCTACCCAC.1	Pig9_TCTACATTCTACCCAC-1	Pig9	Macrophage	Macrophage	CL:0000235	pig	NCBITaxon:9823	NCBITaxon:9823	EFO:0030080
Pig9_TCTACATTCTACCTTA.1	Pig9_TCTACATTCTACCTTA-1	Pig9	Macrophage	Macrophage	CL:0000235	pig	NCBITaxon:9823	NCBITaxon:9823	EFO:0030080
Pig9_TCTACCGCACACCGAC.1	Pig9_TCTACCGCACACCGAC-1	Pig9	NK/T cell	NK/T cell	CL:0000814	pig	NCBITaxon:9823	NCBITaxon:9823	EFO:0030080
Pig9_TCTACCGCAGAGGTAC.1	Pig9_TCTACCGCAGAGGTAC-1	Pig9	Beam A	Beam A	CL:0000327	pig	NCBITaxon:9823	NCBITaxon:9823	EFO:0030080
Pig9_TCTACCGGTCACCGAC.1	Pig9_TCTACCGGTCACCGAC-1	Pig9	Macrophage	Macrophage	CL:0000235	pig	NCBITaxon:9823	NCBITaxon:9823	EFO:0030080
Pig9_TCTACCGGTCGAGCAA.1	Pig9_TCTACCGGTCGAGCAA-1	Pig9	Melanocyte	Melanocyte	CL:0000148	pig	NCBITaxon:9823	NCBITaxon:9823	EFO:0030080
Pig9_TCTATACAGCCGTTGC.1	Pig9_TCTATACAGCCGTTGC-1	Pig9	Corneal endothelium	Corneal endothelium	CL:0000132	pig	NCBITaxon:9823	NCBITaxon:9823	EFO:0030080
Pig9_TCTATACAGGAATCGC.1	Pig9_TCTATACAGGAATCGC-1	Pig9	Melanocyte	Melanocyte	CL:0000148	pig	NCBITaxon:9823	NCBITaxon:9823	EFO:0030080
Pig9_TCTATACTCGGTAGAG.1	Pig9_TCTATACTCGGTAGAG-1	Pig9	Macrophage	Macrophage	CL:0000235	pig	NCBITaxon:9823	NCBITaxon:9823	EFO:0030080
Pig9_TCTATCAAGAGGCGGA.1	Pig9_TCTATCAAGAGGCGGA-1	Pig9	Beam A	Beam A	CL:0000327	pig	NCBITaxon:9823	NCBITaxon:9823	EFO:0030080
Pig9_TCTATCACAGTTTGGT.1	Pig9_TCTATCACAGTTTGGT-1	Pig9	Beam A	Beam A	CL:0000327	pig	NCBITaxon:9823	NCBITaxon:9823	EFO:0030080
Pig9_TCTCACGAGAAGCTCG.1	Pig9_TCTCACGAGAAGCTCG-1	Pig9	Beam A	Beam A	CL:0000327	pig	NCBITaxon:9823	NCBITaxon:9823	EFO:0030080
Pig9_TCTCACGCAAGAGTAT.1	Pig9_TCTCACGCAAGAGTAT-1	Pig9	Macrophage	Macrophage	CL:0000235	pig	NCBITaxon:9823	NCBITaxon:9823	EFO:0030080
Pig9_TCTCACGCAAGTACCT.1	Pig9_TCTCACGCAAGTACCT-1	Pig9	Fibroblast	Fibroblast	CL:0000057	pig	NCBITaxon:9823	NCBITaxon:9823	EFO:0030080
Pig9_TCTCACGGTCGTATGT.1	Pig9_TCTCACGGTCGTATGT-1	Pig9	Fibroblast	Fibroblast	CL:0000057	pig	NCBITaxon:9823	NCBITaxon:9823	EFO:0030080
Pig9_TCTCACGTCCATCACC.1	Pig9_TCTCACGTCCATCACC-1	Pig9	Macrophage	Macrophage	CL:0000235	pig	NCBITaxon:9823	NCBITaxon:9823	EFO:0030080
Pig9_TCTCACGTCGGCATCG.1	Pig9_TCTCACGTCGGCATCG-1	Pig9	Macrophage	Macrophage	CL:0000235	pig	NCBITaxon:9823	NCBITaxon:9823	EFO:0030080
Pig9_TCTCAGCTCTAGACCA.1	Pig9_TCTCAGCTCTAGACCA-1	Pig9	Fibroblast	Fibroblast	CL:0000057	pig	NCBITaxon:9823	NCBITaxon:9823	EFO:0030080
Pig9_TCTCCGACAGACGATG.1	Pig9_TCTCCGACAGACGATG-1	Pig9	Macrophage	Macrophage	CL:0000235	pig	NCBITaxon:9823	NCBITaxon:9823	EFO:0030080
Pig9_TCTCCGAGTAGGTAGC.1	Pig9_TCTCCGAGTAGGTAGC-1	Pig9	Fibroblast	Fibroblast	CL:0000057	pig	NCBITaxon:9823	NCBITaxon:9823	EFO:0030080
Pig9_TCTCCGAGTTTACTTC.1	Pig9_TCTCCGAGTTTACTTC-1	Pig9	Fibroblast	Fibroblast	CL:0000057	pig	NCBITaxon:9823	NCBITaxon:9823	EFO:0030080
Pig9_TCTCTGGAGTAAACGT.1	Pig9_TCTCTGGAGTAAACGT-1	Pig9	NK/T cell	NK/T cell	CL:0000814	pig	NCBITaxon:9823	NCBITaxon:9823	EFO:0030080
Pig9_TCTCTGGGTATGTCAC.1	Pig9_TCTCTGGGTATGTCAC-1	Pig9	Beam A	Beam A	CL:0000327	pig	NCBITaxon:9823	NCBITaxon:9823	EFO:0030080
Pig9_TCTCTGGGTTACACAC.1	Pig9_TCTCTGGGTTACACAC-1	Pig9	NK/T cell	NK/T cell	CL:0000814	pig	NCBITaxon:9823	NCBITaxon:9823	EFO:0030080
Pig9_TCTGCCAGTCCGGTCA.1	Pig9_TCTGCCAGTCCGGTCA-1	Pig9	Macrophage	Macrophage	CL:0000235	pig	NCBITaxon:9823	NCBITaxon:9823	EFO:0030080
Pig9_TCTGCCATCCCGTAAA.1	Pig9_TCTGCCATCCCGTAAA-1	Pig9	Beam A	Beam A	CL:0000327	pig	NCBITaxon:9823	NCBITaxon:9823	EFO:0030080
Pig9_TCTGCCATCCGGTAAT.1	Pig9_TCTGCCATCCGGTAAT-1	Pig9	Macrophage	Macrophage	CL:0000235	pig	NCBITaxon:9823	NCBITaxon:9823	EFO:0030080
Pig9_TCTGGCTAGTAAAGCT.1	Pig9_TCTGGCTAGTAAAGCT-1	Pig9	Macrophage	Macrophage	CL:0000235	pig	NCBITaxon:9823	NCBITaxon:9823	EFO:0030080
Pig9_TCTGGCTCACGGCACT.1	Pig9_TCTGGCTCACGGCACT-1	Pig9	Beam A	Beam A	CL:0000327	pig	NCBITaxon:9823	NCBITaxon:9823	EFO:0030080
Pig9_TCTGGCTGTAGGCTCC.1	Pig9_TCTGGCTGTAGGCTCC-1	Pig9	Fibroblast	Fibroblast	CL:0000057	pig	NCBITaxon:9823	NCBITaxon:9823	EFO:0030080
Pig9_TCTGGCTTCCATTTAC.1	Pig9_TCTGGCTTCCATTTAC-1	Pig9	Beam A	Beam A	CL:0000327	pig	NCBITaxon:9823	NCBITaxon:9823	EFO:0030080
Pig9_TCTGGCTTCGGCACTG.1	Pig9_TCTGGCTTCGGCACTG-1	Pig9	Macrophage	Macrophage	CL:0000235	pig	NCBITaxon:9823	NCBITaxon:9823	EFO:0030080
Pig9_TCTGTCGAGCAGGGAG.1	Pig9_TCTGTCGAGCAGGGAG-1	Pig9	Beam A	Beam A	CL:0000327	pig	NCBITaxon:9823	NCBITaxon:9823	EFO:0030080
Pig9_TCTGTCGCAAATACAG.1	Pig9_TCTGTCGCAAATACAG-1	Pig9	Beam A	Beam A	CL:0000327	pig	NCBITaxon:9823	NCBITaxon:9823	EFO:0030080
Pig9_TCTTAGTAGCTAGAGC.1	Pig9_TCTTAGTAGCTAGAGC-1	Pig9	Beam A	Beam A	CL:0000327	pig	NCBITaxon:9823	NCBITaxon:9823	EFO:0030080
Pig9_TCTTAGTAGGAAAGAC.1	Pig9_TCTTAGTAGGAAAGAC-1	Pig9	Macrophage	Macrophage	CL:0000235	pig	NCBITaxon:9823	NCBITaxon:9823	EFO:0030080
Pig9_TCTTCCTCACTCAAGT.1	Pig9_TCTTCCTCACTCAAGT-1	Pig9	Macrophage	Macrophage	CL:0000235	pig	NCBITaxon:9823	NCBITaxon:9823	EFO:0030080
Pig9_TCTTCCTTCTCCGTGT.1	Pig9_TCTTCCTTCTCCGTGT-1	Pig9	Beam A	Beam A	CL:0000327	pig	NCBITaxon:9823	NCBITaxon:9823	EFO:0030080
Pig9_TCTTGCGAGGTTGAGC.1	Pig9_TCTTGCGAGGTTGAGC-1	Pig9	Fibroblast	Fibroblast	CL:0000057	pig	NCBITaxon:9823	NCBITaxon:9823	EFO:0030080
Pig9_TCTTTGACAAGGCTTT.1	Pig9_TCTTTGACAAGGCTTT-1	Pig9	Beam A	Beam A	CL:0000327	pig	NCBITaxon:9823	NCBITaxon:9823	EFO:0030080
Pig9_TCTTTGAGTACAGCGA.1	Pig9_TCTTTGAGTACAGCGA-1	Pig9	NK/T cell	NK/T cell	CL:0000814	pig	NCBITaxon:9823	NCBITaxon:9823	EFO:0030080
Pig9_TCTTTGAGTCCAATCA.1	Pig9_TCTTTGAGTCCAATCA-1	Pig9	Beam A	Beam A	CL:0000327	pig	NCBITaxon:9823	NCBITaxon:9823	EFO:0030080
Pig9_TCTTTGAGTGCTGTCG.1	Pig9_TCTTTGAGTGCTGTCG-1	Pig9	Macrophage	Macrophage	CL:0000235	pig	NCBITaxon:9823	NCBITaxon:9823	EFO:0030080
Pig9_TCTTTGATCATCTCTA.1	Pig9_TCTTTGATCATCTCTA-1	Pig9	Beam A	Beam A	CL:0000327	pig	NCBITaxon:9823	NCBITaxon:9823	EFO:0030080
Pig9_TCTTTGATCCACGAAT.1	Pig9_TCTTTGATCCACGAAT-1	Pig9	Beam A	Beam A	CL:0000327	pig	NCBITaxon:9823	NCBITaxon:9823	EFO:0030080
Pig9_TCTTTGATCTGCCTGT.1	Pig9_TCTTTGATCTGCCTGT-1	Pig9	Beam A	Beam A	CL:0000327	pig	NCBITaxon:9823	NCBITaxon:9823	EFO:0030080
Pig9_TGAACGTTCATCCTGC.1	Pig9_TGAACGTTCATCCTGC-1	Pig9	Fibroblast	Fibroblast	CL:0000057	pig	NCBITaxon:9823	NCBITaxon:9823	EFO:0030080
Pig9_TGAATCGGTCACTACA.1	Pig9_TGAATCGGTCACTACA-1	Pig9	Macrophage	Macrophage	CL:0000235	pig	NCBITaxon:9823	NCBITaxon:9823	EFO:0030080
Pig9_TGACAGTAGATGGGCT.1	Pig9_TGACAGTAGATGGGCT-1	Pig9	Beam A	Beam A	CL:0000327	pig	NCBITaxon:9823	NCBITaxon:9823	EFO:0030080
Pig9_TGACAGTTCTGTGCAA.1	Pig9_TGACAGTTCTGTGCAA-1	Pig9	Macrophage	Macrophage	CL:0000235	pig	NCBITaxon:9823	NCBITaxon:9823	EFO:0030080
Pig9_TGACAGTTCTTACGTT.1	Pig9_TGACAGTTCTTACGTT-1	Pig9	Fibroblast	Fibroblast	CL:0000057	pig	NCBITaxon:9823	NCBITaxon:9823	EFO:0030080
Pig9_TGACGCGGTGTGAATA.1	Pig9_TGACGCGGTGTGAATA-1	Pig9	Macrophage	Macrophage	CL:0000235	pig	NCBITaxon:9823	NCBITaxon:9823	EFO:0030080
Pig9_TGACTCCAGCCGAACA.1	Pig9_TGACTCCAGCCGAACA-1	Pig9	Macrophage	Macrophage	CL:0000235	pig	NCBITaxon:9823	NCBITaxon:9823	EFO:0030080
Pig9_TGACTCCTCTGTGCGG.1	Pig9_TGACTCCTCTGTGCGG-1	Pig9	Macrophage	Macrophage	CL:0000235	pig	NCBITaxon:9823	NCBITaxon:9823	EFO:0030080
Pig9_TGAGACTAGGAACGTC.1	Pig9_TGAGACTAGGAACGTC-1	Pig9	Beam A	Beam A	CL:0000327	pig	NCBITaxon:9823	NCBITaxon:9823	EFO:0030080
Pig9_TGAGACTCATACACCA.1	Pig9_TGAGACTCATACACCA-1	Pig9	Macrophage	Macrophage	CL:0000235	pig	NCBITaxon:9823	NCBITaxon:9823	EFO:0030080
Pig9_TGAGACTCATGGGTTT.1	Pig9_TGAGACTCATGGGTTT-1	Pig9	Macrophage	Macrophage	CL:0000235	pig	NCBITaxon:9823	NCBITaxon:9823	EFO:0030080
Pig9_TGAGACTGTTGTTTGG.1	Pig9_TGAGACTGTTGTTTGG-1	Pig9	Beam A	Beam A	CL:0000327	pig	NCBITaxon:9823	NCBITaxon:9823	EFO:0030080
Pig9_TGAGACTTCGCACGGT.1	Pig9_TGAGACTTCGCACGGT-1	Pig9	Beam A	Beam A	CL:0000327	pig	NCBITaxon:9823	NCBITaxon:9823	EFO:0030080
Pig9_TGAGACTTCTCAGAAC.1	Pig9_TGAGACTTCTCAGAAC-1	Pig9	Beam A	Beam A	CL:0000327	pig	NCBITaxon:9823	NCBITaxon:9823	EFO:0030080
Pig9_TGAGCATCAATTTCCT.1	Pig9_TGAGCATCAATTTCCT-1	Pig9	Beam A	Beam A	CL:0000327	pig	NCBITaxon:9823	NCBITaxon:9823	EFO:0030080
Pig9_TGAGCATCAGCAGTGA.1	Pig9_TGAGCATCAGCAGTGA-1	Pig9	Beam A	Beam A	CL:0000327	pig	NCBITaxon:9823	NCBITaxon:9823	EFO:0030080
Pig9_TGAGCATGTAAGCAAT.1	Pig9_TGAGCATGTAAGCAAT-1	Pig9	Fibroblast	Fibroblast	CL:0000057	pig	NCBITaxon:9823	NCBITaxon:9823	EFO:0030080
Pig9_TGAGCATGTATGCGGA.1	Pig9_TGAGCATGTATGCGGA-1	Pig9	NK/T cell	NK/T cell	CL:0000814	pig	NCBITaxon:9823	NCBITaxon:9823	EFO:0030080
Pig9_TGAGCATGTGGCGTAA.1	Pig9_TGAGCATGTGGCGTAA-1	Pig9	NK/T cell	NK/T cell	CL:0000814	pig	NCBITaxon:9823	NCBITaxon:9823	EFO:0030080
Pig9_TGAGCATGTTCCACGG.1	Pig9_TGAGCATGTTCCACGG-1	Pig9	Beam A	Beam A	CL:0000327	pig	NCBITaxon:9823	NCBITaxon:9823	EFO:0030080
Pig9_TGAGCATTCGAGAACG.1	Pig9_TGAGCATTCGAGAACG-1	Pig9	Beam A	Beam A	CL:0000327	pig	NCBITaxon:9823	NCBITaxon:9823	EFO:0030080
Pig9_TGAGCATTCGGACTTA.1	Pig9_TGAGCATTCGGACTTA-1	Pig9	Beam A	Beam A	CL:0000327	pig	NCBITaxon:9823	NCBITaxon:9823	EFO:0030080
Pig9_TGAGCGCCATCAGCTA.1	Pig9_TGAGCGCCATCAGCTA-1	Pig9	Beam A	Beam A	CL:0000327	pig	NCBITaxon:9823	NCBITaxon:9823	EFO:0030080
Pig9_TGAGCGCGTACCAATC.1	Pig9_TGAGCGCGTACCAATC-1	Pig9	Beam A	Beam A	CL:0000327	pig	NCBITaxon:9823	NCBITaxon:9823	EFO:0030080
Pig9_TGAGCGCTCGGCACTG.1	Pig9_TGAGCGCTCGGCACTG-1	Pig9	NK/T cell	NK/T cell	CL:0000814	pig	NCBITaxon:9823	NCBITaxon:9823	EFO:0030080
Pig9_TGAGGAGAGAAATTGC.1	Pig9_TGAGGAGAGAAATTGC-1	Pig9	Beam A	Beam A	CL:0000327	pig	NCBITaxon:9823	NCBITaxon:9823	EFO:0030080
Pig9_TGAGGAGCAGAAATTG.1	Pig9_TGAGGAGCAGAAATTG-1	Pig9	Beam A	Beam A	CL:0000327	pig	NCBITaxon:9823	NCBITaxon:9823	EFO:0030080
Pig9_TGAGGAGGTTATGTCG.1	Pig9_TGAGGAGGTTATGTCG-1	Pig9	Beam A	Beam A	CL:0000327	pig	NCBITaxon:9823	NCBITaxon:9823	EFO:0030080
Pig9_TGAGGGAAGTGTGTTC.1	Pig9_TGAGGGAAGTGTGTTC-1	Pig9	Fibroblast	Fibroblast	CL:0000057	pig	NCBITaxon:9823	NCBITaxon:9823	EFO:0030080
Pig9_TGAGGTTAGTTAACGA.1	Pig9_TGAGGTTAGTTAACGA-1	Pig9	Beam A	Beam A	CL:0000327	pig	NCBITaxon:9823	NCBITaxon:9823	EFO:0030080
Pig9_TGAGGTTCACACACTA.1	Pig9_TGAGGTTCACACACTA-1	Pig9	Beam A	Beam A	CL:0000327	pig	NCBITaxon:9823	NCBITaxon:9823	EFO:0030080
Pig9_TGAGGTTCATCGATCA.1	Pig9_TGAGGTTCATCGATCA-1	Pig9	Pericyte	Pericyte	CL:0000669	pig	NCBITaxon:9823	NCBITaxon:9823	EFO:0030080
Pig9_TGATCAGTCTCTCAAT.1	Pig9_TGATCAGTCTCTCAAT-1	Pig9	Beam A	Beam A	CL:0000327	pig	NCBITaxon:9823	NCBITaxon:9823	EFO:0030080
Pig9_TGATCTTCAGTCGAGA.1	Pig9_TGATCTTCAGTCGAGA-1	Pig9	Beam A	Beam A	CL:0000327	pig	NCBITaxon:9823	NCBITaxon:9823	EFO:0030080
Pig9_TGATCTTTCCTCTAAT.1	Pig9_TGATCTTTCCTCTAAT-1	Pig9	Macrophage	Macrophage	CL:0000235	pig	NCBITaxon:9823	NCBITaxon:9823	EFO:0030080
Pig9_TGATCTTTCCTTGACC.1	Pig9_TGATCTTTCCTTGACC-1	Pig9	Macrophage	Macrophage	CL:0000235	pig	NCBITaxon:9823	NCBITaxon:9823	EFO:0030080
Pig9_TGATCTTTCGAAATCC.1	Pig9_TGATCTTTCGAAATCC-1	Pig9	Fibroblast	Fibroblast	CL:0000057	pig	NCBITaxon:9823	NCBITaxon:9823	EFO:0030080
Pig9_TGATGCAAGTATGATG.1	Pig9_TGATGCAAGTATGATG-1	Pig9	Beam A	Beam A	CL:0000327	pig	NCBITaxon:9823	NCBITaxon:9823	EFO:0030080
Pig9_TGATGCAGTCTCACAA.1	Pig9_TGATGCAGTCTCACAA-1	Pig9	Beam A	Beam A	CL:0000327	pig	NCBITaxon:9823	NCBITaxon:9823	EFO:0030080
Pig9_TGATGCAGTTGACTAC.1	Pig9_TGATGCAGTTGACTAC-1	Pig9	Beam A	Beam A	CL:0000327	pig	NCBITaxon:9823	NCBITaxon:9823	EFO:0030080
Pig9_TGATGGTAGCGTGCCT.1	Pig9_TGATGGTAGCGTGCCT-1	Pig9	Macrophage	Macrophage	CL:0000235	pig	NCBITaxon:9823	NCBITaxon:9823	EFO:0030080
Pig9_TGATGGTAGTGATCGG.1	Pig9_TGATGGTAGTGATCGG-1	Pig9	Beam A	Beam A	CL:0000327	pig	NCBITaxon:9823	NCBITaxon:9823	EFO:0030080
Pig9_TGATGGTCACTCAGAT.1	Pig9_TGATGGTCACTCAGAT-1	Pig9	Fibroblast	Fibroblast	CL:0000057	pig	NCBITaxon:9823	NCBITaxon:9823	EFO:0030080
Pig9_TGATGGTCATTACTCT.1	Pig9_TGATGGTCATTACTCT-1	Pig9	Beam A	Beam A	CL:0000327	pig	NCBITaxon:9823	NCBITaxon:9823	EFO:0030080
Pig9_TGATGGTTCGCGTCGA.1	Pig9_TGATGGTTCGCGTCGA-1	Pig9	Fibroblast	Fibroblast	CL:0000057	pig	NCBITaxon:9823	NCBITaxon:9823	EFO:0030080
Pig9_TGATTCTAGACCTCAT.1	Pig9_TGATTCTAGACCTCAT-1	Pig9	Macrophage	Macrophage	CL:0000235	pig	NCBITaxon:9823	NCBITaxon:9823	EFO:0030080
Pig9_TGATTCTCAACTAGAA.1	Pig9_TGATTCTCAACTAGAA-1	Pig9	Ciliary muscle	Ciliary muscle	CL:1000443	pig	NCBITaxon:9823	NCBITaxon:9823	EFO:0030080
Pig9_TGATTCTCAGGTTCCG.1	Pig9_TGATTCTCAGGTTCCG-1	Pig9	Macrophage	Macrophage	CL:0000235	pig	NCBITaxon:9823	NCBITaxon:9823	EFO:0030080
Pig9_TGATTTCAGCATGTTC.1	Pig9_TGATTTCAGCATGTTC-1	Pig9	Fibroblast	Fibroblast	CL:0000057	pig	NCBITaxon:9823	NCBITaxon:9823	EFO:0030080
Pig9_TGATTTCAGGATCACG.1	Pig9_TGATTTCAGGATCACG-1	Pig9	Fibroblast	Fibroblast	CL:0000057	pig	NCBITaxon:9823	NCBITaxon:9823	EFO:0030080
Pig9_TGATTTCCACACAGAG.1	Pig9_TGATTTCCACACAGAG-1	Pig9	Beam A	Beam A	CL:0000327	pig	NCBITaxon:9823	NCBITaxon:9823	EFO:0030080
Pig9_TGATTTCGTTGCATGT.1	Pig9_TGATTTCGTTGCATGT-1	Pig9	Macrophage	Macrophage	CL:0000235	pig	NCBITaxon:9823	NCBITaxon:9823	EFO:0030080
Pig9_TGCACGGAGTCACGCC.1	Pig9_TGCACGGAGTCACGCC-1	Pig9	NK/T cell	NK/T cell	CL:0000814	pig	NCBITaxon:9823	NCBITaxon:9823	EFO:0030080
Pig9_TGCACGGAGTCTAGAA.1	Pig9_TGCACGGAGTCTAGAA-1	Pig9	Beam A	Beam A	CL:0000327	pig	NCBITaxon:9823	NCBITaxon:9823	EFO:0030080
Pig9_TGCACGGGTAGCCAGA.1	Pig9_TGCACGGGTAGCCAGA-1	Pig9	Beam A	Beam A	CL:0000327	pig	NCBITaxon:9823	NCBITaxon:9823	EFO:0030080
Pig9_TGCACGGGTTTCGATG.1	Pig9_TGCACGGGTTTCGATG-1	Pig9	Beam A	Beam A	CL:0000327	pig	NCBITaxon:9823	NCBITaxon:9823	EFO:0030080
Pig9_TGCACGGTCGCTAGCG.1	Pig9_TGCACGGTCGCTAGCG-1	Pig9	Macrophage	Macrophage	CL:0000235	pig	NCBITaxon:9823	NCBITaxon:9823	EFO:0030080
Pig9_TGCAGATCATGTGCTA.1	Pig9_TGCAGATCATGTGCTA-1	Pig9	Macrophage	Macrophage	CL:0000235	pig	NCBITaxon:9823	NCBITaxon:9823	EFO:0030080
Pig9_TGCAGATGTGCCGAAA.1	Pig9_TGCAGATGTGCCGAAA-1	Pig9	NK/T cell	NK/T cell	CL:0000814	pig	NCBITaxon:9823	NCBITaxon:9823	EFO:0030080
Pig9_TGCAGGCAGAAGAACG.1	Pig9_TGCAGGCAGAAGAACG-1	Pig9	Macrophage	Macrophage	CL:0000235	pig	NCBITaxon:9823	NCBITaxon:9823	EFO:0030080
Pig9_TGCAGGCAGGTCCTGC.1	Pig9_TGCAGGCAGGTCCTGC-1	Pig9	Macrophage	Macrophage	CL:0000235	pig	NCBITaxon:9823	NCBITaxon:9823	EFO:0030080
Pig9_TGCAGGCAGGTTTGAA.1	Pig9_TGCAGGCAGGTTTGAA-1	Pig9	Beam A	Beam A	CL:0000327	pig	NCBITaxon:9823	NCBITaxon:9823	EFO:0030080
Pig9_TGCAGGCCACCTAAAC.1	Pig9_TGCAGGCCACCTAAAC-1	Pig9	Fibroblast	Fibroblast	CL:0000057	pig	NCBITaxon:9823	NCBITaxon:9823	EFO:0030080
Pig9_TGCAGGCTCCATATGG.1	Pig9_TGCAGGCTCCATATGG-1	Pig9	Beam A	Beam A	CL:0000327	pig	NCBITaxon:9823	NCBITaxon:9823	EFO:0030080
Pig9_TGCAGTAAGGTCCTGC.1	Pig9_TGCAGTAAGGTCCTGC-1	Pig9	NK/T cell	NK/T cell	CL:0000814	pig	NCBITaxon:9823	NCBITaxon:9823	EFO:0030080
Pig9_TGCAGTATCCCTATTA.1	Pig9_TGCAGTATCCCTATTA-1	Pig9	Beam A	Beam A	CL:0000327	pig	NCBITaxon:9823	NCBITaxon:9823	EFO:0030080
Pig9_TGCATGAAGACGCAGT.1	Pig9_TGCATGAAGACGCAGT-1	Pig9	Beam A	Beam A	CL:0000327	pig	NCBITaxon:9823	NCBITaxon:9823	EFO:0030080
Pig9_TGCATGAAGGTCATCT.1	Pig9_TGCATGAAGGTCATCT-1	Pig9	Beam A	Beam A	CL:0000327	pig	NCBITaxon:9823	NCBITaxon:9823	EFO:0030080
Pig9_TGCATGAAGTGTTCCA.1	Pig9_TGCATGAAGTGTTCCA-1	Pig9	Melanocyte	Melanocyte	CL:0000148	pig	NCBITaxon:9823	NCBITaxon:9823	EFO:0030080
Pig9_TGCATGAGTGCTCTTC.1	Pig9_TGCATGAGTGCTCTTC-1	Pig9	Macrophage	Macrophage	CL:0000235	pig	NCBITaxon:9823	NCBITaxon:9823	EFO:0030080
Pig9_TGCATGATCTACTCAT.1	Pig9_TGCATGATCTACTCAT-1	Pig9	Macrophage	Macrophage	CL:0000235	pig	NCBITaxon:9823	NCBITaxon:9823	EFO:0030080
Pig9_TGCCGAGAGGACAAGA.1	Pig9_TGCCGAGAGGACAAGA-1	Pig9	SChlemm's Canal	SChlemm's Canal	CL:0000115	pig	NCBITaxon:9823	NCBITaxon:9823	EFO:0030080
Pig9_TGCGACGGTAGTTACC.1	Pig9_TGCGACGGTAGTTACC-1	Pig9	Beam A	Beam A	CL:0000327	pig	NCBITaxon:9823	NCBITaxon:9823	EFO:0030080
Pig9_TGCGACGTCTACGCGG.1	Pig9_TGCGACGTCTACGCGG-1	Pig9	Macrophage	Macrophage	CL:0000235	pig	NCBITaxon:9823	NCBITaxon:9823	EFO:0030080
Pig9_TGCGATACAGTTAAAG.1	Pig9_TGCGATACAGTTAAAG-1	Pig9	NK/T cell	NK/T cell	CL:0000814	pig	NCBITaxon:9823	NCBITaxon:9823	EFO:0030080
Pig9_TGCGGGTTCACTGTCC.1	Pig9_TGCGGGTTCACTGTCC-1	Pig9	Macrophage	Macrophage	CL:0000235	pig	NCBITaxon:9823	NCBITaxon:9823	EFO:0030080
Pig9_TGCGGGTTCTCCTACG.1	Pig9_TGCGGGTTCTCCTACG-1	Pig9	NK/T cell	NK/T cell	CL:0000814	pig	NCBITaxon:9823	NCBITaxon:9823	EFO:0030080
Pig9_TGCTCCACACAAAGCG.1	Pig9_TGCTCCACACAAAGCG-1	Pig9	Beam A	Beam A	CL:0000327	pig	NCBITaxon:9823	NCBITaxon:9823	EFO:0030080
Pig9_TGCTCCAGTGGCCTCA.1	Pig9_TGCTCCAGTGGCCTCA-1	Pig9	Beam A	Beam A	CL:0000327	pig	NCBITaxon:9823	NCBITaxon:9823	EFO:0030080
Pig9_TGCTCGTAGCATGGGT.1	Pig9_TGCTCGTAGCATGGGT-1	Pig9	Macrophage	Macrophage	CL:0000235	pig	NCBITaxon:9823	NCBITaxon:9823	EFO:0030080
Pig9_TGCTCGTTCTCTAGGA.1	Pig9_TGCTCGTTCTCTAGGA-1	Pig9	Melanocyte	Melanocyte	CL:0000148	pig	NCBITaxon:9823	NCBITaxon:9823	EFO:0030080
Pig9_TGCTGAAAGAGTTCGG.1	Pig9_TGCTGAAAGAGTTCGG-1	Pig9	Beam A	Beam A	CL:0000327	pig	NCBITaxon:9823	NCBITaxon:9823	EFO:0030080
Pig9_TGCTTCGCACGTTCGG.1	Pig9_TGCTTCGCACGTTCGG-1	Pig9	Beam A	Beam A	CL:0000327	pig	NCBITaxon:9823	NCBITaxon:9823	EFO:0030080
Pig9_TGCTTCGCAGACCTGC.1	Pig9_TGCTTCGCAGACCTGC-1	Pig9	Fibroblast	Fibroblast	CL:0000057	pig	NCBITaxon:9823	NCBITaxon:9823	EFO:0030080
Pig9_TGCTTCGGTAGGCTGA.1	Pig9_TGCTTCGGTAGGCTGA-1	Pig9	Beam A	Beam A	CL:0000327	pig	NCBITaxon:9823	NCBITaxon:9823	EFO:0030080
Pig9_TGCTTCGTCAAGTCTG.1	Pig9_TGCTTCGTCAAGTCTG-1	Pig9	Macrophage	Macrophage	CL:0000235	pig	NCBITaxon:9823	NCBITaxon:9823	EFO:0030080
Pig9_TGCTTGCCATTCGATG.1	Pig9_TGCTTGCCATTCGATG-1	Pig9	Beam A	Beam A	CL:0000327	pig	NCBITaxon:9823	NCBITaxon:9823	EFO:0030080
Pig9_TGCTTGCGTTATGGTC.1	Pig9_TGCTTGCGTTATGGTC-1	Pig9	Beam A	Beam A	CL:0000327	pig	NCBITaxon:9823	NCBITaxon:9823	EFO:0030080
Pig9_TGCTTGCTCAGAGCAG.1	Pig9_TGCTTGCTCAGAGCAG-1	Pig9	Beam A	Beam A	CL:0000327	pig	NCBITaxon:9823	NCBITaxon:9823	EFO:0030080
Pig9_TGGAACTGTCGCCACA.1	Pig9_TGGAACTGTCGCCACA-1	Pig9	Beam A	Beam A	CL:0000327	pig	NCBITaxon:9823	NCBITaxon:9823	EFO:0030080
Pig9_TGGAACTTCTTACGTT.1	Pig9_TGGAACTTCTTACGTT-1	Pig9	Beam A	Beam A	CL:0000327	pig	NCBITaxon:9823	NCBITaxon:9823	EFO:0030080
Pig9_TGGAGAGCAAGTTTGC.1	Pig9_TGGAGAGCAAGTTTGC-1	Pig9	Ciliary muscle	Ciliary muscle	CL:1000443	pig	NCBITaxon:9823	NCBITaxon:9823	EFO:0030080
Pig9_TGGAGAGCAGAAATCA.1	Pig9_TGGAGAGCAGAAATCA-1	Pig9	Fibroblast	Fibroblast	CL:0000057	pig	NCBITaxon:9823	NCBITaxon:9823	EFO:0030080
Pig9_TGGAGGACATTGTGCA.1	Pig9_TGGAGGACATTGTGCA-1	Pig9	Beam A	Beam A	CL:0000327	pig	NCBITaxon:9823	NCBITaxon:9823	EFO:0030080
Pig9_TGGATGTAGATCCAAA.1	Pig9_TGGATGTAGATCCAAA-1	Pig9	NK/T cell	NK/T cell	CL:0000814	pig	NCBITaxon:9823	NCBITaxon:9823	EFO:0030080
Pig9_TGGATGTTCGGTTGTA.1	Pig9_TGGATGTTCGGTTGTA-1	Pig9	NK/T cell	NK/T cell	CL:0000814	pig	NCBITaxon:9823	NCBITaxon:9823	EFO:0030080
Pig9_TGGCGTGTCCGTGTAA.1	Pig9_TGGCGTGTCCGTGTAA-1	Pig9	SChlemm's Canal	SChlemm's Canal	CL:0000115	pig	NCBITaxon:9823	NCBITaxon:9823	EFO:0030080
Pig9_TGGGAAGCACCTATCC.1	Pig9_TGGGAAGCACCTATCC-1	Pig9	SChlemm's Canal	SChlemm's Canal	CL:0000115	pig	NCBITaxon:9823	NCBITaxon:9823	EFO:0030080
Pig9_TGGGAAGGTACGTTCA.1	Pig9_TGGGAAGGTACGTTCA-1	Pig9	Macrophage	Macrophage	CL:0000235	pig	NCBITaxon:9823	NCBITaxon:9823	EFO:0030080
Pig9_TGGGAGAAGCGTGAAC.1	Pig9_TGGGAGAAGCGTGAAC-1	Pig9	Fibroblast	Fibroblast	CL:0000057	pig	NCBITaxon:9823	NCBITaxon:9823	EFO:0030080
Pig9_TGGGAGAAGGTAACTA.1	Pig9_TGGGAGAAGGTAACTA-1	Pig9	Macrophage	Macrophage	CL:0000235	pig	NCBITaxon:9823	NCBITaxon:9823	EFO:0030080
Pig9_TGGGAGACACGTACTA.1	Pig9_TGGGAGACACGTACTA-1	Pig9	Fibroblast	Fibroblast	CL:0000057	pig	NCBITaxon:9823	NCBITaxon:9823	EFO:0030080
Pig9_TGGGAGATCACGGAGA.1	Pig9_TGGGAGATCACGGAGA-1	Pig9	Macrophage	Macrophage	CL:0000235	pig	NCBITaxon:9823	NCBITaxon:9823	EFO:0030080
Pig9_TGGGAGATCATACGAC.1	Pig9_TGGGAGATCATACGAC-1	Pig9	Fibroblast	Fibroblast	CL:0000057	pig	NCBITaxon:9823	NCBITaxon:9823	EFO:0030080
Pig9_TGGGAGATCATCTGTT.1	Pig9_TGGGAGATCATCTGTT-1	Pig9	NK/T cell	NK/T cell	CL:0000814	pig	NCBITaxon:9823	NCBITaxon:9823	EFO:0030080
Pig9_TGGGATTAGTTGCATC.1	Pig9_TGGGATTAGTTGCATC-1	Pig9	Corneal endothelium	Corneal endothelium	CL:0000132	pig	NCBITaxon:9823	NCBITaxon:9823	EFO:0030080
Pig9_TGGGATTTCGCGTGCA.1	Pig9_TGGGATTTCGCGTGCA-1	Pig9	Pericyte	Pericyte	CL:0000669	pig	NCBITaxon:9823	NCBITaxon:9823	EFO:0030080
Pig9_TGGGATTTCTACGCGG.1	Pig9_TGGGATTTCTACGCGG-1	Pig9	Macrophage	Macrophage	CL:0000235	pig	NCBITaxon:9823	NCBITaxon:9823	EFO:0030080
Pig9_TGGGCGTGTAATGCTC.1	Pig9_TGGGCGTGTAATGCTC-1	Pig9	Beam A	Beam A	CL:0000327	pig	NCBITaxon:9823	NCBITaxon:9823	EFO:0030080
Pig9_TGGGCGTGTGCCTGAC.1	Pig9_TGGGCGTGTGCCTGAC-1	Pig9	Beam A	Beam A	CL:0000327	pig	NCBITaxon:9823	NCBITaxon:9823	EFO:0030080
Pig9_TGGGCGTTCACTTCTA.1	Pig9_TGGGCGTTCACTTCTA-1	Pig9	Macrophage	Macrophage	CL:0000235	pig	NCBITaxon:9823	NCBITaxon:9823	EFO:0030080
Pig9_TGGGCGTTCCGATTAG.1	Pig9_TGGGCGTTCCGATTAG-1	Pig9	Beam A	Beam A	CL:0000327	pig	NCBITaxon:9823	NCBITaxon:9823	EFO:0030080
Pig9_TGGGCGTTCGATAACC.1	Pig9_TGGGCGTTCGATAACC-1	Pig9	Fibroblast	Fibroblast	CL:0000057	pig	NCBITaxon:9823	NCBITaxon:9823	EFO:0030080
Pig9_TGGGCTGAGTCACTGT.1	Pig9_TGGGCTGAGTCACTGT-1	Pig9	Beam A	Beam A	CL:0000327	pig	NCBITaxon:9823	NCBITaxon:9823	EFO:0030080
Pig9_TGGGCTGGTTCCGGTG.1	Pig9_TGGGCTGGTTCCGGTG-1	Pig9	Beam A	Beam A	CL:0000327	pig	NCBITaxon:9823	NCBITaxon:9823	EFO:0030080
Pig9_TGGGTTAGTCAAGTTC.1	Pig9_TGGGTTAGTCAAGTTC-1	Pig9	Beam A	Beam A	CL:0000327	pig	NCBITaxon:9823	NCBITaxon:9823	EFO:0030080
Pig9_TGGTACACAGAAGCTG.1	Pig9_TGGTACACAGAAGCTG-1	Pig9	Fibroblast	Fibroblast	CL:0000057	pig	NCBITaxon:9823	NCBITaxon:9823	EFO:0030080
Pig9_TGGTACACATTCGATG.1	Pig9_TGGTACACATTCGATG-1	Pig9	Macrophage	Macrophage	CL:0000235	pig	NCBITaxon:9823	NCBITaxon:9823	EFO:0030080
Pig9_TGGTAGTAGCGTTGTT.1	Pig9_TGGTAGTAGCGTTGTT-1	Pig9	Macrophage	Macrophage	CL:0000235	pig	NCBITaxon:9823	NCBITaxon:9823	EFO:0030080
Pig9_TGGTAGTGTGAGGAAA.1	Pig9_TGGTAGTGTGAGGAAA-1	Pig9	Beam A	Beam A	CL:0000327	pig	NCBITaxon:9823	NCBITaxon:9823	EFO:0030080
Pig9_TGGTAGTTCGGACGTC.1	Pig9_TGGTAGTTCGGACGTC-1	Pig9	Beam A	Beam A	CL:0000327	pig	NCBITaxon:9823	NCBITaxon:9823	EFO:0030080
Pig9_TGGTGATCAATTGTGC.1	Pig9_TGGTGATCAATTGTGC-1	Pig9	Fibroblast	Fibroblast	CL:0000057	pig	NCBITaxon:9823	NCBITaxon:9823	EFO:0030080
Pig9_TGGTGATGTCCGAAAG.1	Pig9_TGGTGATGTCCGAAAG-1	Pig9	Beam A	Beam A	CL:0000327	pig	NCBITaxon:9823	NCBITaxon:9823	EFO:0030080
Pig9_TGGTGATTCCTAAACG.1	Pig9_TGGTGATTCCTAAACG-1	Pig9	Macrophage	Macrophage	CL:0000235	pig	NCBITaxon:9823	NCBITaxon:9823	EFO:0030080
Pig9_TGGTTAGAGGCGTCCT.1	Pig9_TGGTTAGAGGCGTCCT-1	Pig9	Beam A	Beam A	CL:0000327	pig	NCBITaxon:9823	NCBITaxon:9823	EFO:0030080
Pig9_TGGTTAGGTGACCGTC.1	Pig9_TGGTTAGGTGACCGTC-1	Pig9	Beam A	Beam A	CL:0000327	pig	NCBITaxon:9823	NCBITaxon:9823	EFO:0030080
Pig9_TGGTTAGGTTCTCACC.1	Pig9_TGGTTAGGTTCTCACC-1	Pig9	Beam A	Beam A	CL:0000327	pig	NCBITaxon:9823	NCBITaxon:9823	EFO:0030080
Pig9_TGGTTAGGTTGGGCCT.1	Pig9_TGGTTAGGTTGGGCCT-1	Pig9	Fibroblast	Fibroblast	CL:0000057	pig	NCBITaxon:9823	NCBITaxon:9823	EFO:0030080
Pig9_TGGTTAGTCCTACGAA.1	Pig9_TGGTTAGTCCTACGAA-1	Pig9	Beam A	Beam A	CL:0000327	pig	NCBITaxon:9823	NCBITaxon:9823	EFO:0030080
Pig9_TGGTTAGTCTACACTT.1	Pig9_TGGTTAGTCTACACTT-1	Pig9	NK/T cell	NK/T cell	CL:0000814	pig	NCBITaxon:9823	NCBITaxon:9823	EFO:0030080
Pig9_TGTAACGGTCGATTTG.1	Pig9_TGTAACGGTCGATTTG-1	Pig9	NK/T cell	NK/T cell	CL:0000814	pig	NCBITaxon:9823	NCBITaxon:9823	EFO:0030080
Pig9_TGTAAGCAGAGGTGCT.1	Pig9_TGTAAGCAGAGGTGCT-1	Pig9	SChlemm's Canal	SChlemm's Canal	CL:0000115	pig	NCBITaxon:9823	NCBITaxon:9823	EFO:0030080
Pig9_TGTAAGCCAGGCAATG.1	Pig9_TGTAAGCCAGGCAATG-1	Pig9	Macrophage	Macrophage	CL:0000235	pig	NCBITaxon:9823	NCBITaxon:9823	EFO:0030080
Pig9_TGTAAGCCATCAGCTA.1	Pig9_TGTAAGCCATCAGCTA-1	Pig9	Fibroblast	Fibroblast	CL:0000057	pig	NCBITaxon:9823	NCBITaxon:9823	EFO:0030080
Pig9_TGTAAGCGTTCCAAAC.1	Pig9_TGTAAGCGTTCCAAAC-1	Pig9	Beam A	Beam A	CL:0000327	pig	NCBITaxon:9823	NCBITaxon:9823	EFO:0030080
Pig9_TGTAAGCTCAACTGGT.1	Pig9_TGTAAGCTCAACTGGT-1	Pig9	Macrophage	Macrophage	CL:0000235	pig	NCBITaxon:9823	NCBITaxon:9823	EFO:0030080
Pig9_TGTAAGCTCGGTATGT.1	Pig9_TGTAAGCTCGGTATGT-1	Pig9	Beam A	Beam A	CL:0000327	pig	NCBITaxon:9823	NCBITaxon:9823	EFO:0030080
Pig9_TGTACAGAGAATCGTA.1	Pig9_TGTACAGAGAATCGTA-1	Pig9	Macrophage	Macrophage	CL:0000235	pig	NCBITaxon:9823	NCBITaxon:9823	EFO:0030080
Pig9_TGTACAGGTTAGCTAC.1	Pig9_TGTACAGGTTAGCTAC-1	Pig9	Macrophage	Macrophage	CL:0000235	pig	NCBITaxon:9823	NCBITaxon:9823	EFO:0030080
Pig9_TGTAGACCAGCAGTCC.1	Pig9_TGTAGACCAGCAGTCC-1	Pig9	Macrophage	Macrophage	CL:0000235	pig	NCBITaxon:9823	NCBITaxon:9823	EFO:0030080
Pig9_TGTCAGAGTAATGCTC.1	Pig9_TGTCAGAGTAATGCTC-1	Pig9	Beam A	Beam A	CL:0000327	pig	NCBITaxon:9823	NCBITaxon:9823	EFO:0030080
Pig9_TGTCAGAGTAGCTCGC.1	Pig9_TGTCAGAGTAGCTCGC-1	Pig9	SChlemm's Canal	SChlemm's Canal	CL:0000115	pig	NCBITaxon:9823	NCBITaxon:9823	EFO:0030080
Pig9_TGTCAGAGTGCCGTAC.1	Pig9_TGTCAGAGTGCCGTAC-1	Pig9	Beam A	Beam A	CL:0000327	pig	NCBITaxon:9823	NCBITaxon:9823	EFO:0030080
Pig9_TGTCCACAGAGTCACG.1	Pig9_TGTCCACAGAGTCACG-1	Pig9	Beam A	Beam A	CL:0000327	pig	NCBITaxon:9823	NCBITaxon:9823	EFO:0030080
Pig9_TGTCCACCAACGAGGT.1	Pig9_TGTCCACCAACGAGGT-1	Pig9	Macrophage	Macrophage	CL:0000235	pig	NCBITaxon:9823	NCBITaxon:9823	EFO:0030080
Pig9_TGTCCACCAGCTGAGA.1	Pig9_TGTCCACCAGCTGAGA-1	Pig9	Beam A	Beam A	CL:0000327	pig	NCBITaxon:9823	NCBITaxon:9823	EFO:0030080
Pig9_TGTCCACGTCACAGAG.1	Pig9_TGTCCACGTCACAGAG-1	Pig9	Beam A	Beam A	CL:0000327	pig	NCBITaxon:9823	NCBITaxon:9823	EFO:0030080
Pig9_TGTCCCAAGTGAGGTC.1	Pig9_TGTCCCAAGTGAGGTC-1	Pig9	Beam A	Beam A	CL:0000327	pig	NCBITaxon:9823	NCBITaxon:9823	EFO:0030080
Pig9_TGTCCCAGTACTGAGG.1	Pig9_TGTCCCAGTACTGAGG-1	Pig9	Macrophage	Macrophage	CL:0000235	pig	NCBITaxon:9823	NCBITaxon:9823	EFO:0030080
Pig9_TGTCCCATCATCACAG.1	Pig9_TGTCCCATCATCACAG-1	Pig9	Macrophage	Macrophage	CL:0000235	pig	NCBITaxon:9823	NCBITaxon:9823	EFO:0030080
Pig9_TGTCCTGAGCAGGGAG.1	Pig9_TGTCCTGAGCAGGGAG-1	Pig9	Macrophage	Macrophage	CL:0000235	pig	NCBITaxon:9823	NCBITaxon:9823	EFO:0030080
Pig9_TGTCCTGCAAGTGCTT.1	Pig9_TGTCCTGCAAGTGCTT-1	Pig9	Beam A	Beam A	CL:0000327	pig	NCBITaxon:9823	NCBITaxon:9823	EFO:0030080
Pig9_TGTCCTGCAGGCGAAT.1	Pig9_TGTCCTGCAGGCGAAT-1	Pig9	Fibroblast	Fibroblast	CL:0000057	pig	NCBITaxon:9823	NCBITaxon:9823	EFO:0030080
Pig9_TGTGAGTCACCACATA.1	Pig9_TGTGAGTCACCACATA-1	Pig9	Macrophage	Macrophage	CL:0000235	pig	NCBITaxon:9823	NCBITaxon:9823	EFO:0030080
Pig9_TGTGCGGCATAGAATG.1	Pig9_TGTGCGGCATAGAATG-1	Pig9	Fibroblast	Fibroblast	CL:0000057	pig	NCBITaxon:9823	NCBITaxon:9823	EFO:0030080
Pig9_TGTGGCGAGAAACACT.1	Pig9_TGTGGCGAGAAACACT-1	Pig9	Beam A	Beam A	CL:0000327	pig	NCBITaxon:9823	NCBITaxon:9823	EFO:0030080
Pig9_TGTGGCGAGCCTTTGA.1	Pig9_TGTGGCGAGCCTTTGA-1	Pig9	Fibroblast	Fibroblast	CL:0000057	pig	NCBITaxon:9823	NCBITaxon:9823	EFO:0030080
Pig9_TGTGGCGCACGAAAGC.1	Pig9_TGTGGCGCACGAAAGC-1	Pig9	Beam A	Beam A	CL:0000327	pig	NCBITaxon:9823	NCBITaxon:9823	EFO:0030080
Pig9_TGTGTGAGTAACCCTA.1	Pig9_TGTGTGAGTAACCCTA-1	Pig9	Beam A	Beam A	CL:0000327	pig	NCBITaxon:9823	NCBITaxon:9823	EFO:0030080
Pig9_TGTGTGAGTAGGGAGG.1	Pig9_TGTGTGAGTAGGGAGG-1	Pig9	Beam A	Beam A	CL:0000327	pig	NCBITaxon:9823	NCBITaxon:9823	EFO:0030080
Pig9_TGTTACTAGCGGTATG.1	Pig9_TGTTACTAGCGGTATG-1	Pig9	Beam A	Beam A	CL:0000327	pig	NCBITaxon:9823	NCBITaxon:9823	EFO:0030080
Pig9_TGTTACTGTGGTCTTA.1	Pig9_TGTTACTGTGGTCTTA-1	Pig9	Macrophage	Macrophage	CL:0000235	pig	NCBITaxon:9823	NCBITaxon:9823	EFO:0030080
Pig9_TGTTCATGTACGATGG.1	Pig9_TGTTCATGTACGATGG-1	Pig9	Beam A	Beam A	CL:0000327	pig	NCBITaxon:9823	NCBITaxon:9823	EFO:0030080
Pig9_TGTTCATGTGTACGCC.1	Pig9_TGTTCATGTGTACGCC-1	Pig9	Beam A	Beam A	CL:0000327	pig	NCBITaxon:9823	NCBITaxon:9823	EFO:0030080
Pig9_TGTTCATGTTCCCACT.1	Pig9_TGTTCATGTTCCCACT-1	Pig9	Beam A	Beam A	CL:0000327	pig	NCBITaxon:9823	NCBITaxon:9823	EFO:0030080
Pig9_TGTTCCGTCGACACCG.1	Pig9_TGTTCCGTCGACACCG-1	Pig9	NK/T cell	NK/T cell	CL:0000814	pig	NCBITaxon:9823	NCBITaxon:9823	EFO:0030080
Pig9_TGTTCTACAAGTGTCT.1	Pig9_TGTTCTACAAGTGTCT-1	Pig9	Beam A	Beam A	CL:0000327	pig	NCBITaxon:9823	NCBITaxon:9823	EFO:0030080
Pig9_TGTTGGACAGGTTTAC.1	Pig9_TGTTGGACAGGTTTAC-1	Pig9	Fibroblast	Fibroblast	CL:0000057	pig	NCBITaxon:9823	NCBITaxon:9823	EFO:0030080
Pig9_TGTTGGAGTCGTGGAA.1	Pig9_TGTTGGAGTCGTGGAA-1	Pig9	Macrophage	Macrophage	CL:0000235	pig	NCBITaxon:9823	NCBITaxon:9823	EFO:0030080
Pig9_TGTTTGTCACGACAAG.1	Pig9_TGTTTGTCACGACAAG-1	Pig9	Macrophage	Macrophage	CL:0000235	pig	NCBITaxon:9823	NCBITaxon:9823	EFO:0030080
Pig9_TGTTTGTGTAGGTCAG.1	Pig9_TGTTTGTGTAGGTCAG-1	Pig9	Macrophage	Macrophage	CL:0000235	pig	NCBITaxon:9823	NCBITaxon:9823	EFO:0030080
Pig9_TGTTTGTGTCTGCATA.1	Pig9_TGTTTGTGTCTGCATA-1	Pig9	Macrophage	Macrophage	CL:0000235	pig	NCBITaxon:9823	NCBITaxon:9823	EFO:0030080
Pig9_TGTTTGTTCGGTGTTA.1	Pig9_TGTTTGTTCGGTGTTA-1	Pig9	Beam A	Beam A	CL:0000327	pig	NCBITaxon:9823	NCBITaxon:9823	EFO:0030080
Pig9_TTAATCCAGTGGCAGT.1	Pig9_TTAATCCAGTGGCAGT-1	Pig9	Beam A	Beam A	CL:0000327	pig	NCBITaxon:9823	NCBITaxon:9823	EFO:0030080
Pig9_TTAATCCCACGCCACA.1	Pig9_TTAATCCCACGCCACA-1	Pig9	Beam A	Beam A	CL:0000327	pig	NCBITaxon:9823	NCBITaxon:9823	EFO:0030080
Pig9_TTAATCCTCACCGCTT.1	Pig9_TTAATCCTCACCGCTT-1	Pig9	Beam A	Beam A	CL:0000327	pig	NCBITaxon:9823	NCBITaxon:9823	EFO:0030080
Pig9_TTAATCCTCAGAGTGG.1	Pig9_TTAATCCTCAGAGTGG-1	Pig9	SChlemm's Canal	SChlemm's Canal	CL:0000115	pig	NCBITaxon:9823	NCBITaxon:9823	EFO:0030080
Pig9_TTACAGGCAGAGGTTG.1	Pig9_TTACAGGCAGAGGTTG-1	Pig9	Macrophage	Macrophage	CL:0000235	pig	NCBITaxon:9823	NCBITaxon:9823	EFO:0030080
Pig9_TTACAGGTCACAGTGT.1	Pig9_TTACAGGTCACAGTGT-1	Pig9	Macrophage	Macrophage	CL:0000235	pig	NCBITaxon:9823	NCBITaxon:9823	EFO:0030080
Pig9_TTACAGGTCGCGGTAC.1	Pig9_TTACAGGTCGCGGTAC-1	Pig9	Fibroblast	Fibroblast	CL:0000057	pig	NCBITaxon:9823	NCBITaxon:9823	EFO:0030080
Pig9_TTACCATCAGGTCCGT.1	Pig9_TTACCATCAGGTCCGT-1	Pig9	Beam A	Beam A	CL:0000327	pig	NCBITaxon:9823	NCBITaxon:9823	EFO:0030080
Pig9_TTACCGCAGTTCATCG.1	Pig9_TTACCGCAGTTCATCG-1	Pig9	Beam A	Beam A	CL:0000327	pig	NCBITaxon:9823	NCBITaxon:9823	EFO:0030080
Pig9_TTACCGCCAAGGTACG.1	Pig9_TTACCGCCAAGGTACG-1	Pig9	Macrophage	Macrophage	CL:0000235	pig	NCBITaxon:9823	NCBITaxon:9823	EFO:0030080
Pig9_TTACGCCTCGTTCTCG.1	Pig9_TTACGCCTCGTTCTCG-1	Pig9	Macrophage	Macrophage	CL:0000235	pig	NCBITaxon:9823	NCBITaxon:9823	EFO:0030080
Pig9_TTACGTTAGAAATCCA.1	Pig9_TTACGTTAGAAATCCA-1	Pig9	Beam A	Beam A	CL:0000327	pig	NCBITaxon:9823	NCBITaxon:9823	EFO:0030080
Pig9_TTACGTTCATGACGTT.1	Pig9_TTACGTTCATGACGTT-1	Pig9	Fibroblast	Fibroblast	CL:0000057	pig	NCBITaxon:9823	NCBITaxon:9823	EFO:0030080
Pig9_TTACGTTCATGAGTAA.1	Pig9_TTACGTTCATGAGTAA-1	Pig9	Macrophage	Macrophage	CL:0000235	pig	NCBITaxon:9823	NCBITaxon:9823	EFO:0030080
Pig9_TTACGTTTCGACCAAT.1	Pig9_TTACGTTTCGACCAAT-1	Pig9	Beam A	Beam A	CL:0000327	pig	NCBITaxon:9823	NCBITaxon:9823	EFO:0030080
Pig9_TTACTGTAGAAACTAC.1	Pig9_TTACTGTAGAAACTAC-1	Pig9	Macrophage	Macrophage	CL:0000235	pig	NCBITaxon:9823	NCBITaxon:9823	EFO:0030080
Pig9_TTACTGTAGCCGTTGC.1	Pig9_TTACTGTAGCCGTTGC-1	Pig9	Fibroblast	Fibroblast	CL:0000057	pig	NCBITaxon:9823	NCBITaxon:9823	EFO:0030080
Pig9_TTACTGTCAAGGTCGA.1	Pig9_TTACTGTCAAGGTCGA-1	Pig9	Macrophage	Macrophage	CL:0000235	pig	NCBITaxon:9823	NCBITaxon:9823	EFO:0030080
Pig9_TTACTGTCACCAGCTG.1	Pig9_TTACTGTCACCAGCTG-1	Pig9	Beam A	Beam A	CL:0000327	pig	NCBITaxon:9823	NCBITaxon:9823	EFO:0030080
Pig9_TTACTGTGTCGCGTCA.1	Pig9_TTACTGTGTCGCGTCA-1	Pig9	Beam A	Beam A	CL:0000327	pig	NCBITaxon:9823	NCBITaxon:9823	EFO:0030080
Pig9_TTAGGCATCTTCTAAC.1	Pig9_TTAGGCATCTTCTAAC-1	Pig9	Beam A	Beam A	CL:0000327	pig	NCBITaxon:9823	NCBITaxon:9823	EFO:0030080
Pig9_TTAGGGTCAGAGTAAT.1	Pig9_TTAGGGTCAGAGTAAT-1	Pig9	Fibroblast	Fibroblast	CL:0000057	pig	NCBITaxon:9823	NCBITaxon:9823	EFO:0030080
Pig9_TTAGGGTGTAACATAG.1	Pig9_TTAGGGTGTAACATAG-1	Pig9	Beam A	Beam A	CL:0000327	pig	NCBITaxon:9823	NCBITaxon:9823	EFO:0030080
Pig9_TTAGGGTGTTCTTGTT.1	Pig9_TTAGGGTGTTCTTGTT-1	Pig9	Beam A	Beam A	CL:0000327	pig	NCBITaxon:9823	NCBITaxon:9823	EFO:0030080
Pig9_TTAGTCTAGACTGGGT.1	Pig9_TTAGTCTAGACTGGGT-1	Pig9	Beam A	Beam A	CL:0000327	pig	NCBITaxon:9823	NCBITaxon:9823	EFO:0030080
Pig9_TTAGTCTAGAGCAACC.1	Pig9_TTAGTCTAGAGCAACC-1	Pig9	Beam A	Beam A	CL:0000327	pig	NCBITaxon:9823	NCBITaxon:9823	EFO:0030080
Pig9_TTAGTCTTCAGCTGAT.1	Pig9_TTAGTCTTCAGCTGAT-1	Pig9	Macrophage	Macrophage	CL:0000235	pig	NCBITaxon:9823	NCBITaxon:9823	EFO:0030080
Pig9_TTAGTCTTCTTCACGC.1	Pig9_TTAGTCTTCTTCACGC-1	Pig9	Fibroblast	Fibroblast	CL:0000057	pig	NCBITaxon:9823	NCBITaxon:9823	EFO:0030080
Pig9_TTATTGCAGATCCAAA.1	Pig9_TTATTGCAGATCCAAA-1	Pig9	Beam A	Beam A	CL:0000327	pig	NCBITaxon:9823	NCBITaxon:9823	EFO:0030080
Pig9_TTATTGCAGGAGGTTC.1	Pig9_TTATTGCAGGAGGTTC-1	Pig9	Melanocyte	Melanocyte	CL:0000148	pig	NCBITaxon:9823	NCBITaxon:9823	EFO:0030080
Pig9_TTATTGCCAGAGTGTG.1	Pig9_TTATTGCCAGAGTGTG-1	Pig9	Macrophage	Macrophage	CL:0000235	pig	NCBITaxon:9823	NCBITaxon:9823	EFO:0030080
Pig9_TTATTGCGTCGAGTGA.1	Pig9_TTATTGCGTCGAGTGA-1	Pig9	Beam A	Beam A	CL:0000327	pig	NCBITaxon:9823	NCBITaxon:9823	EFO:0030080
Pig9_TTATTGCTCGTGCACG.1	Pig9_TTATTGCTCGTGCACG-1	Pig9	Macrophage	Macrophage	CL:0000235	pig	NCBITaxon:9823	NCBITaxon:9823	EFO:0030080
Pig9_TTCAATCAGCGTTCAT.1	Pig9_TTCAATCAGCGTTCAT-1	Pig9	Fibroblast	Fibroblast	CL:0000057	pig	NCBITaxon:9823	NCBITaxon:9823	EFO:0030080
Pig9_TTCAATCAGCGTTCCG.1	Pig9_TTCAATCAGCGTTCCG-1	Pig9	Beam A	Beam A	CL:0000327	pig	NCBITaxon:9823	NCBITaxon:9823	EFO:0030080
Pig9_TTCACCGCACAGCCTG.1	Pig9_TTCACCGCACAGCCTG-1	Pig9	Fibroblast	Fibroblast	CL:0000057	pig	NCBITaxon:9823	NCBITaxon:9823	EFO:0030080
Pig9_TTCACCGCACGCAAAG.1	Pig9_TTCACCGCACGCAAAG-1	Pig9	Beam A	Beam A	CL:0000327	pig	NCBITaxon:9823	NCBITaxon:9823	EFO:0030080
Pig9_TTCACCGGTTATGTGC.1	Pig9_TTCACCGGTTATGTGC-1	Pig9	Macrophage	Macrophage	CL:0000235	pig	NCBITaxon:9823	NCBITaxon:9823	EFO:0030080
Pig9_TTCACCGTCACACCGG.1	Pig9_TTCACCGTCACACCGG-1	Pig9	Macrophage	Macrophage	CL:0000235	pig	NCBITaxon:9823	NCBITaxon:9823	EFO:0030080
Pig9_TTCAGGACACATTGTG.1	Pig9_TTCAGGACACATTGTG-1	Pig9	Macrophage	Macrophage	CL:0000235	pig	NCBITaxon:9823	NCBITaxon:9823	EFO:0030080
Pig9_TTCATGTCAATGTCTG.1	Pig9_TTCATGTCAATGTCTG-1	Pig9	Beam A	Beam A	CL:0000327	pig	NCBITaxon:9823	NCBITaxon:9823	EFO:0030080
Pig9_TTCATGTCACAGAGAC.1	Pig9_TTCATGTCACAGAGAC-1	Pig9	Beam A	Beam A	CL:0000327	pig	NCBITaxon:9823	NCBITaxon:9823	EFO:0030080
Pig9_TTCATGTCATGACCCG.1	Pig9_TTCATGTCATGACCCG-1	Pig9	Beam A	Beam A	CL:0000327	pig	NCBITaxon:9823	NCBITaxon:9823	EFO:0030080
Pig9_TTCATGTCATGAGGGT.1	Pig9_TTCATGTCATGAGGGT-1	Pig9	Beam A	Beam A	CL:0000327	pig	NCBITaxon:9823	NCBITaxon:9823	EFO:0030080
Pig9_TTCATGTTCACTTATC.1	Pig9_TTCATGTTCACTTATC-1	Pig9	Beam A	Beam A	CL:0000327	pig	NCBITaxon:9823	NCBITaxon:9823	EFO:0030080
Pig9_TTCATGTTCTAGCAAC.1	Pig9_TTCATGTTCTAGCAAC-1	Pig9	Beam A	Beam A	CL:0000327	pig	NCBITaxon:9823	NCBITaxon:9823	EFO:0030080
Pig9_TTCATTGAGAGCCATG.1	Pig9_TTCATTGAGAGCCATG-1	Pig9	Beam A	Beam A	CL:0000327	pig	NCBITaxon:9823	NCBITaxon:9823	EFO:0030080
Pig9_TTCATTGAGCCTCCAG.1	Pig9_TTCATTGAGCCTCCAG-1	Pig9	Beam A	Beam A	CL:0000327	pig	NCBITaxon:9823	NCBITaxon:9823	EFO:0030080
Pig9_TTCATTGCACAGCGCT.1	Pig9_TTCATTGCACAGCGCT-1	Pig9	Beam A	Beam A	CL:0000327	pig	NCBITaxon:9823	NCBITaxon:9823	EFO:0030080
Pig9_TTCATTGCACCGGTCA.1	Pig9_TTCATTGCACCGGTCA-1	Pig9	Fibroblast	Fibroblast	CL:0000057	pig	NCBITaxon:9823	NCBITaxon:9823	EFO:0030080
Pig9_TTCATTGGTCCGAAGA.1	Pig9_TTCATTGGTCCGAAGA-1	Pig9	Macrophage	Macrophage	CL:0000235	pig	NCBITaxon:9823	NCBITaxon:9823	EFO:0030080
Pig9_TTCATTGGTTGCCATA.1	Pig9_TTCATTGGTTGCCATA-1	Pig9	Fibroblast	Fibroblast	CL:0000057	pig	NCBITaxon:9823	NCBITaxon:9823	EFO:0030080
Pig9_TTCCAATTCGCAGTCG.1	Pig9_TTCCAATTCGCAGTCG-1	Pig9	SChlemm's Canal	SChlemm's Canal	CL:0000115	pig	NCBITaxon:9823	NCBITaxon:9823	EFO:0030080
Pig9_TTCCACGAGGGAGGTG.1	Pig9_TTCCACGAGGGAGGTG-1	Pig9	Beam A	Beam A	CL:0000327	pig	NCBITaxon:9823	NCBITaxon:9823	EFO:0030080
Pig9_TTCCACGCAGACGGAT.1	Pig9_TTCCACGCAGACGGAT-1	Pig9	Macrophage	Macrophage	CL:0000235	pig	NCBITaxon:9823	NCBITaxon:9823	EFO:0030080
Pig9_TTCCACGGTGTTTGCA.1	Pig9_TTCCACGGTGTTTGCA-1	Pig9	Beam A	Beam A	CL:0000327	pig	NCBITaxon:9823	NCBITaxon:9823	EFO:0030080
Pig9_TTCCGGTGTGTGTGTT.1	Pig9_TTCCGGTGTGTGTGTT-1	Pig9	Pericyte	Pericyte	CL:0000669	pig	NCBITaxon:9823	NCBITaxon:9823	EFO:0030080
Pig9_TTCCGGTTCATTACTC.1	Pig9_TTCCGGTTCATTACTC-1	Pig9	Macrophage	Macrophage	CL:0000235	pig	NCBITaxon:9823	NCBITaxon:9823	EFO:0030080
Pig9_TTCCGTGAGTGGCGAT.1	Pig9_TTCCGTGAGTGGCGAT-1	Pig9	NK/T cell	NK/T cell	CL:0000814	pig	NCBITaxon:9823	NCBITaxon:9823	EFO:0030080
Pig9_TTCCGTGTCATTGCGA.1	Pig9_TTCCGTGTCATTGCGA-1	Pig9	Ciliary muscle	Ciliary muscle	CL:1000443	pig	NCBITaxon:9823	NCBITaxon:9823	EFO:0030080
Pig9_TTCCTAAAGGCACGAT.1	Pig9_TTCCTAAAGGCACGAT-1	Pig9	Melanocyte	Melanocyte	CL:0000148	pig	NCBITaxon:9823	NCBITaxon:9823	EFO:0030080
Pig9_TTCCTAAAGTGAATAC.1	Pig9_TTCCTAAAGTGAATAC-1	Pig9	Beam A	Beam A	CL:0000327	pig	NCBITaxon:9823	NCBITaxon:9823	EFO:0030080
Pig9_TTCCTCTCAGAAGTGC.1	Pig9_TTCCTCTCAGAAGTGC-1	Pig9	Beam A	Beam A	CL:0000327	pig	NCBITaxon:9823	NCBITaxon:9823	EFO:0030080
Pig9_TTCCTCTCAGTTCACA.1	Pig9_TTCCTCTCAGTTCACA-1	Pig9	Macrophage	Macrophage	CL:0000235	pig	NCBITaxon:9823	NCBITaxon:9823	EFO:0030080
Pig9_TTCCTCTCATGATCTG.1	Pig9_TTCCTCTCATGATCTG-1	Pig9	Beam A	Beam A	CL:0000327	pig	NCBITaxon:9823	NCBITaxon:9823	EFO:0030080
Pig9_TTCCTCTGTCGCCACA.1	Pig9_TTCCTCTGTCGCCACA-1	Pig9	Beam A	Beam A	CL:0000327	pig	NCBITaxon:9823	NCBITaxon:9823	EFO:0030080
Pig9_TTCCTTCAGATCCTAC.1	Pig9_TTCCTTCAGATCCTAC-1	Pig9	Beam A	Beam A	CL:0000327	pig	NCBITaxon:9823	NCBITaxon:9823	EFO:0030080
Pig9_TTCCTTCAGTTTGGCT.1	Pig9_TTCCTTCAGTTTGGCT-1	Pig9	Beam A	Beam A	CL:0000327	pig	NCBITaxon:9823	NCBITaxon:9823	EFO:0030080
Pig9_TTCCTTCCAACCGACC.1	Pig9_TTCCTTCCAACCGACC-1	Pig9	Beam A	Beam A	CL:0000327	pig	NCBITaxon:9823	NCBITaxon:9823	EFO:0030080
Pig9_TTCCTTCCATATCTGG.1	Pig9_TTCCTTCCATATCTGG-1	Pig9	Beam A	Beam A	CL:0000327	pig	NCBITaxon:9823	NCBITaxon:9823	EFO:0030080
Pig9_TTCCTTCCATGCCGCA.1	Pig9_TTCCTTCCATGCCGCA-1	Pig9	Macrophage	Macrophage	CL:0000235	pig	NCBITaxon:9823	NCBITaxon:9823	EFO:0030080
Pig9_TTCCTTCTCCCTCAAC.1	Pig9_TTCCTTCTCCCTCAAC-1	Pig9	Fibroblast	Fibroblast	CL:0000057	pig	NCBITaxon:9823	NCBITaxon:9823	EFO:0030080
Pig9_TTCCTTCTCTTCGTAT.1	Pig9_TTCCTTCTCTTCGTAT-1	Pig9	Macrophage	Macrophage	CL:0000235	pig	NCBITaxon:9823	NCBITaxon:9823	EFO:0030080
Pig9_TTCGATTAGACATGCG.1	Pig9_TTCGATTAGACATGCG-1	Pig9	Macrophage	Macrophage	CL:0000235	pig	NCBITaxon:9823	NCBITaxon:9823	EFO:0030080
Pig9_TTCGATTAGCTGCGAA.1	Pig9_TTCGATTAGCTGCGAA-1	Pig9	SChlemm's Canal	SChlemm's Canal	CL:0000115	pig	NCBITaxon:9823	NCBITaxon:9823	EFO:0030080
Pig9_TTCGCTGAGCCATTTG.1	Pig9_TTCGCTGAGCCATTTG-1	Pig9	Macrophage	Macrophage	CL:0000235	pig	NCBITaxon:9823	NCBITaxon:9823	EFO:0030080
Pig9_TTCGCTGAGTATGAAC.1	Pig9_TTCGCTGAGTATGAAC-1	Pig9	Beam A	Beam A	CL:0000327	pig	NCBITaxon:9823	NCBITaxon:9823	EFO:0030080
Pig9_TTCGCTGCAGAAGTGC.1	Pig9_TTCGCTGCAGAAGTGC-1	Pig9	Beam A	Beam A	CL:0000327	pig	NCBITaxon:9823	NCBITaxon:9823	EFO:0030080
Pig9_TTCGCTGTCTGCCCTA.1	Pig9_TTCGCTGTCTGCCCTA-1	Pig9	Fibroblast	Fibroblast	CL:0000057	pig	NCBITaxon:9823	NCBITaxon:9823	EFO:0030080
Pig9_TTCGGTCTCATTACTC.1	Pig9_TTCGGTCTCATTACTC-1	Pig9	Macrophage	Macrophage	CL:0000235	pig	NCBITaxon:9823	NCBITaxon:9823	EFO:0030080
Pig9_TTCGGTCTCCGGACGT.1	Pig9_TTCGGTCTCCGGACGT-1	Pig9	Beam A	Beam A	CL:0000327	pig	NCBITaxon:9823	NCBITaxon:9823	EFO:0030080
Pig9_TTCGGTCTCTAGTGAC.1	Pig9_TTCGGTCTCTAGTGAC-1	Pig9	Macrophage	Macrophage	CL:0000235	pig	NCBITaxon:9823	NCBITaxon:9823	EFO:0030080
Pig9_TTCTAACCACTGTGAT.1	Pig9_TTCTAACCACTGTGAT-1	Pig9	Beam A	Beam A	CL:0000327	pig	NCBITaxon:9823	NCBITaxon:9823	EFO:0030080
Pig9_TTCTAACGTCGATGCC.1	Pig9_TTCTAACGTCGATGCC-1	Pig9	Beam A	Beam A	CL:0000327	pig	NCBITaxon:9823	NCBITaxon:9823	EFO:0030080
Pig9_TTCTAACTCAAGAGTA.1	Pig9_TTCTAACTCAAGAGTA-1	Pig9	Macrophage	Macrophage	CL:0000235	pig	NCBITaxon:9823	NCBITaxon:9823	EFO:0030080
Pig9_TTCTAGTAGTGCACCC.1	Pig9_TTCTAGTAGTGCACCC-1	Pig9	Beam A	Beam A	CL:0000327	pig	NCBITaxon:9823	NCBITaxon:9823	EFO:0030080
Pig9_TTCTAGTGTTCAAAGA.1	Pig9_TTCTAGTGTTCAAAGA-1	Pig9	Beam A	Beam A	CL:0000327	pig	NCBITaxon:9823	NCBITaxon:9823	EFO:0030080
Pig9_TTCTAGTTCCATTGTT.1	Pig9_TTCTAGTTCCATTGTT-1	Pig9	Beam A	Beam A	CL:0000327	pig	NCBITaxon:9823	NCBITaxon:9823	EFO:0030080
Pig9_TTCTAGTTCGTGTGGC.1	Pig9_TTCTAGTTCGTGTGGC-1	Pig9	Macrophage	Macrophage	CL:0000235	pig	NCBITaxon:9823	NCBITaxon:9823	EFO:0030080
Pig9_TTCTCTCCATAATCCG.1	Pig9_TTCTCTCCATAATCCG-1	Pig9	Beam A	Beam A	CL:0000327	pig	NCBITaxon:9823	NCBITaxon:9823	EFO:0030080
Pig9_TTCTCTCTCGTCTACC.1	Pig9_TTCTCTCTCGTCTACC-1	Pig9	SChlemm's Canal	SChlemm's Canal	CL:0000115	pig	NCBITaxon:9823	NCBITaxon:9823	EFO:0030080
Pig9_TTCTGTACAAAGTATG.1	Pig9_TTCTGTACAAAGTATG-1	Pig9	Fibroblast	Fibroblast	CL:0000057	pig	NCBITaxon:9823	NCBITaxon:9823	EFO:0030080
Pig9_TTCTGTACAGTAACGG.1	Pig9_TTCTGTACAGTAACGG-1	Pig9	Beam A	Beam A	CL:0000327	pig	NCBITaxon:9823	NCBITaxon:9823	EFO:0030080
Pig9_TTCTGTATCTGTCTCG.1	Pig9_TTCTGTATCTGTCTCG-1	Pig9	Corneal endothelium	Corneal endothelium	CL:0000132	pig	NCBITaxon:9823	NCBITaxon:9823	EFO:0030080
Pig9_TTCTTCCCATGGAATA.1	Pig9_TTCTTCCCATGGAATA-1	Pig9	Macrophage	Macrophage	CL:0000235	pig	NCBITaxon:9823	NCBITaxon:9823	EFO:0030080
Pig9_TTCTTGAAGTGGCGAT.1	Pig9_TTCTTGAAGTGGCGAT-1	Pig9	Melanocyte	Melanocyte	CL:0000148	pig	NCBITaxon:9823	NCBITaxon:9823	EFO:0030080
Pig9_TTCTTGACACGAAGAC.1	Pig9_TTCTTGACACGAAGAC-1	Pig9	Macrophage	Macrophage	CL:0000235	pig	NCBITaxon:9823	NCBITaxon:9823	EFO:0030080
Pig9_TTGAACGTCCCGAAAT.1	Pig9_TTGAACGTCCCGAAAT-1	Pig9	Beam A	Beam A	CL:0000327	pig	NCBITaxon:9823	NCBITaxon:9823	EFO:0030080
Pig9_TTGACCCAGCTTCGTA.1	Pig9_TTGACCCAGCTTCGTA-1	Pig9	Macrophage	Macrophage	CL:0000235	pig	NCBITaxon:9823	NCBITaxon:9823	EFO:0030080
Pig9_TTGACCCTCAACGTGT.1	Pig9_TTGACCCTCAACGTGT-1	Pig9	Beam A	Beam A	CL:0000327	pig	NCBITaxon:9823	NCBITaxon:9823	EFO:0030080
Pig9_TTGAGTGGTTTCGTAG.1	Pig9_TTGAGTGGTTTCGTAG-1	Pig9	Beam A	Beam A	CL:0000327	pig	NCBITaxon:9823	NCBITaxon:9823	EFO:0030080
Pig9_TTGATGGGTGAATTGA.1	Pig9_TTGATGGGTGAATTGA-1	Pig9	Beam A	Beam A	CL:0000327	pig	NCBITaxon:9823	NCBITaxon:9823	EFO:0030080
Pig9_TTGCCTGAGATTTGCC.1	Pig9_TTGCCTGAGATTTGCC-1	Pig9	Beam A	Beam A	CL:0000327	pig	NCBITaxon:9823	NCBITaxon:9823	EFO:0030080
Pig9_TTGCCTGGTCCTCCAT.1	Pig9_TTGCCTGGTCCTCCAT-1	Pig9	Beam A	Beam A	CL:0000327	pig	NCBITaxon:9823	NCBITaxon:9823	EFO:0030080
Pig9_TTGCCTGGTTACAGCT.1	Pig9_TTGCCTGGTTACAGCT-1	Pig9	Beam A	Beam A	CL:0000327	pig	NCBITaxon:9823	NCBITaxon:9823	EFO:0030080
Pig9_TTGCCTGTCCAAATGC.1	Pig9_TTGCCTGTCCAAATGC-1	Pig9	Beam A	Beam A	CL:0000327	pig	NCBITaxon:9823	NCBITaxon:9823	EFO:0030080
Pig9_TTGCGTCCAGGTAGTG.1	Pig9_TTGCGTCCAGGTAGTG-1	Pig9	Beam A	Beam A	CL:0000327	pig	NCBITaxon:9823	NCBITaxon:9823	EFO:0030080
Pig9_TTGCTGCTCAAATGCC.1	Pig9_TTGCTGCTCAAATGCC-1	Pig9	Macrophage	Macrophage	CL:0000235	pig	NCBITaxon:9823	NCBITaxon:9823	EFO:0030080
Pig9_TTGCTGCTCACGAGGA.1	Pig9_TTGCTGCTCACGAGGA-1	Pig9	Melanocyte	Melanocyte	CL:0000148	pig	NCBITaxon:9823	NCBITaxon:9823	EFO:0030080
Pig9_TTGCTGCTCGGACTTA.1	Pig9_TTGCTGCTCGGACTTA-1	Pig9	Beam A	Beam A	CL:0000327	pig	NCBITaxon:9823	NCBITaxon:9823	EFO:0030080
Pig9_TTGCTGCTCGGCGATC.1	Pig9_TTGCTGCTCGGCGATC-1	Pig9	Beam A	Beam A	CL:0000327	pig	NCBITaxon:9823	NCBITaxon:9823	EFO:0030080
Pig9_TTGGATGAGATGATTG.1	Pig9_TTGGATGAGATGATTG-1	Pig9	Beam A	Beam A	CL:0000327	pig	NCBITaxon:9823	NCBITaxon:9823	EFO:0030080
Pig9_TTGGATGGTCTGTAGT.1	Pig9_TTGGATGGTCTGTAGT-1	Pig9	Beam A	Beam A	CL:0000327	pig	NCBITaxon:9823	NCBITaxon:9823	EFO:0030080
Pig9_TTGGATGTCCAAGCTA.1	Pig9_TTGGATGTCCAAGCTA-1	Pig9	Macrophage	Macrophage	CL:0000235	pig	NCBITaxon:9823	NCBITaxon:9823	EFO:0030080
Pig9_TTGGGATCAACCAACT.1	Pig9_TTGGGATCAACCAACT-1	Pig9	Beam A	Beam A	CL:0000327	pig	NCBITaxon:9823	NCBITaxon:9823	EFO:0030080
Pig9_TTGGGCGAGTCTAGCT.1	Pig9_TTGGGCGAGTCTAGCT-1	Pig9	Beam A	Beam A	CL:0000327	pig	NCBITaxon:9823	NCBITaxon:9823	EFO:0030080
Pig9_TTGGGCGGTCGGTGTC.1	Pig9_TTGGGCGGTCGGTGTC-1	Pig9	Macrophage	Macrophage	CL:0000235	pig	NCBITaxon:9823	NCBITaxon:9823	EFO:0030080
Pig9_TTGGGTAAGGACTAAT.1	Pig9_TTGGGTAAGGACTAAT-1	Pig9	Pericyte	Pericyte	CL:0000669	pig	NCBITaxon:9823	NCBITaxon:9823	EFO:0030080
Pig9_TTGGGTACAACTCGTA.1	Pig9_TTGGGTACAACTCGTA-1	Pig9	Macrophage	Macrophage	CL:0000235	pig	NCBITaxon:9823	NCBITaxon:9823	EFO:0030080
Pig9_TTGGGTAGTGTCCTAA.1	Pig9_TTGGGTAGTGTCCTAA-1	Pig9	Macrophage	Macrophage	CL:0000235	pig	NCBITaxon:9823	NCBITaxon:9823	EFO:0030080
Pig9_TTGGGTATCAAGTCTG.1	Pig9_TTGGGTATCAAGTCTG-1	Pig9	Fibroblast	Fibroblast	CL:0000057	pig	NCBITaxon:9823	NCBITaxon:9823	EFO:0030080
Pig9_TTGGGTATCGGCTGAC.1	Pig9_TTGGGTATCGGCTGAC-1	Pig9	Macrophage	Macrophage	CL:0000235	pig	NCBITaxon:9823	NCBITaxon:9823	EFO:0030080
Pig9_TTGGTTTAGACGTCGA.1	Pig9_TTGGTTTAGACGTCGA-1	Pig9	Beam A	Beam A	CL:0000327	pig	NCBITaxon:9823	NCBITaxon:9823	EFO:0030080
Pig9_TTGTGGAGTGAGCAGT.1	Pig9_TTGTGGAGTGAGCAGT-1	Pig9	Beam A	Beam A	CL:0000327	pig	NCBITaxon:9823	NCBITaxon:9823	EFO:0030080
Pig9_TTGTGGATCGGTAACT.1	Pig9_TTGTGGATCGGTAACT-1	Pig9	Beam A	Beam A	CL:0000327	pig	NCBITaxon:9823	NCBITaxon:9823	EFO:0030080
Pig9_TTGTGGATCTACTATC.1	Pig9_TTGTGGATCTACTATC-1	Pig9	Melanocyte	Melanocyte	CL:0000148	pig	NCBITaxon:9823	NCBITaxon:9823	EFO:0030080
Pig9_TTGTGTTAGCGGATCA.1	Pig9_TTGTGTTAGCGGATCA-1	Pig9	Beam A	Beam A	CL:0000327	pig	NCBITaxon:9823	NCBITaxon:9823	EFO:0030080
Pig9_TTGTGTTCAGTCGAGA.1	Pig9_TTGTGTTCAGTCGAGA-1	Pig9	Macrophage	Macrophage	CL:0000235	pig	NCBITaxon:9823	NCBITaxon:9823	EFO:0030080
Pig9_TTGTGTTGTCTGTGAT.1	Pig9_TTGTGTTGTCTGTGAT-1	Pig9	NK/T cell	NK/T cell	CL:0000814	pig	NCBITaxon:9823	NCBITaxon:9823	EFO:0030080
Pig9_TTGTGTTGTTCGGCCA.1	Pig9_TTGTGTTGTTCGGCCA-1	Pig9	Macrophage	Macrophage	CL:0000235	pig	NCBITaxon:9823	NCBITaxon:9823	EFO:0030080
Pig9_TTGTTCAAGTGCTCGC.1	Pig9_TTGTTCAAGTGCTCGC-1	Pig9	Fibroblast	Fibroblast	CL:0000057	pig	NCBITaxon:9823	NCBITaxon:9823	EFO:0030080
Pig9_TTGTTCATCTACACAG.1	Pig9_TTGTTCATCTACACAG-1	Pig9	Macrophage	Macrophage	CL:0000235	pig	NCBITaxon:9823	NCBITaxon:9823	EFO:0030080
Pig9_TTGTTCATCTCCCATG.1	Pig9_TTGTTCATCTCCCATG-1	Pig9	Macrophage	Macrophage	CL:0000235	pig	NCBITaxon:9823	NCBITaxon:9823	EFO:0030080
Pig9_TTGTTGTAGCGTTAGG.1	Pig9_TTGTTGTAGCGTTAGG-1	Pig9	Beam A	Beam A	CL:0000327	pig	NCBITaxon:9823	NCBITaxon:9823	EFO:0030080
Pig9_TTGTTGTGTTGTAAAG.1	Pig9_TTGTTGTGTTGTAAAG-1	Pig9	Beam A	Beam A	CL:0000327	pig	NCBITaxon:9823	NCBITaxon:9823	EFO:0030080
Pig9_TTGTTTGCAATAGTAG.1	Pig9_TTGTTTGCAATAGTAG-1	Pig9	Beam A	Beam A	CL:0000327	pig	NCBITaxon:9823	NCBITaxon:9823	EFO:0030080
Pig9_TTGTTTGGTCAGATTC.1	Pig9_TTGTTTGGTCAGATTC-1	Pig9	Beam A	Beam A	CL:0000327	pig	NCBITaxon:9823	NCBITaxon:9823	EFO:0030080
Pig9_TTGTTTGGTCCAATCA.1	Pig9_TTGTTTGGTCCAATCA-1	Pig9	Macrophage	Macrophage	CL:0000235	pig	NCBITaxon:9823	NCBITaxon:9823	EFO:0030080
Pig9_TTTACCAGTGTGTCCG.1	Pig9_TTTACCAGTGTGTCCG-1	Pig9	Beam A	Beam A	CL:0000327	pig	NCBITaxon:9823	NCBITaxon:9823	EFO:0030080
Pig9_TTTACCATCATAGCAC.1	Pig9_TTTACCATCATAGCAC-1	Pig9	Macrophage	Macrophage	CL:0000235	pig	NCBITaxon:9823	NCBITaxon:9823	EFO:0030080
Pig9_TTTACGTCACCCAATA.1	Pig9_TTTACGTCACCCAATA-1	Pig9	Macrophage	Macrophage	CL:0000235	pig	NCBITaxon:9823	NCBITaxon:9823	EFO:0030080
Pig9_TTTACGTCATACTTTC.1	Pig9_TTTACGTCATACTTTC-1	Pig9	Fibroblast	Fibroblast	CL:0000057	pig	NCBITaxon:9823	NCBITaxon:9823	EFO:0030080
Pig9_TTTACGTTCTCCAAGA.1	Pig9_TTTACGTTCTCCAAGA-1	Pig9	Beam A	Beam A	CL:0000327	pig	NCBITaxon:9823	NCBITaxon:9823	EFO:0030080
Pig9_TTTACTGAGAGGTTTA.1	Pig9_TTTACTGAGAGGTTTA-1	Pig9	Macrophage	Macrophage	CL:0000235	pig	NCBITaxon:9823	NCBITaxon:9823	EFO:0030080
Pig9_TTTACTGAGGTTGTTC.1	Pig9_TTTACTGAGGTTGTTC-1	Pig9	Beam A	Beam A	CL:0000327	pig	NCBITaxon:9823	NCBITaxon:9823	EFO:0030080
Pig9_TTTACTGTCGTGTGAT.1	Pig9_TTTACTGTCGTGTGAT-1	Pig9	Beam A	Beam A	CL:0000327	pig	NCBITaxon:9823	NCBITaxon:9823	EFO:0030080
Pig9_TTTAGTCAGCCTGAAG.1	Pig9_TTTAGTCAGCCTGAAG-1	Pig9	Beam A	Beam A	CL:0000327	pig	NCBITaxon:9823	NCBITaxon:9823	EFO:0030080
Pig9_TTTATGCCACTCCGAG.1	Pig9_TTTATGCCACTCCGAG-1	Pig9	NK/T cell	NK/T cell	CL:0000814	pig	NCBITaxon:9823	NCBITaxon:9823	EFO:0030080
Pig9_TTTATGCGTAAGCGGT.1	Pig9_TTTATGCGTAAGCGGT-1	Pig9	Macrophage	Macrophage	CL:0000235	pig	NCBITaxon:9823	NCBITaxon:9823	EFO:0030080
Pig9_TTTATGCTCTTCCGTG.1	Pig9_TTTATGCTCTTCCGTG-1	Pig9	Macrophage	Macrophage	CL:0000235	pig	NCBITaxon:9823	NCBITaxon:9823	EFO:0030080
Pig9_TTTCACACAGCGCTTG.1	Pig9_TTTCACACAGCGCTTG-1	Pig9	Macrophage	Macrophage	CL:0000235	pig	NCBITaxon:9823	NCBITaxon:9823	EFO:0030080
Pig9_TTTCACAGTACTCCGG.1	Pig9_TTTCACAGTACTCCGG-1	Pig9	Macrophage	Macrophage	CL:0000235	pig	NCBITaxon:9823	NCBITaxon:9823	EFO:0030080
Pig9_TTTCACATCCCATAGA.1	Pig9_TTTCACATCCCATAGA-1	Pig9	Macrophage	Macrophage	CL:0000235	pig	NCBITaxon:9823	NCBITaxon:9823	EFO:0030080
Pig9_TTTCACATCCGTGTAA.1	Pig9_TTTCACATCCGTGTAA-1	Pig9	Fibroblast	Fibroblast	CL:0000057	pig	NCBITaxon:9823	NCBITaxon:9823	EFO:0030080
Pig9_TTTCATGCAGCAGTTT.1	Pig9_TTTCATGCAGCAGTTT-1	Pig9	Beam A	Beam A	CL:0000327	pig	NCBITaxon:9823	NCBITaxon:9823	EFO:0030080
Pig9_TTTCATGCATTCGGGC.1	Pig9_TTTCATGCATTCGGGC-1	Pig9	Macrophage	Macrophage	CL:0000235	pig	NCBITaxon:9823	NCBITaxon:9823	EFO:0030080
Pig9_TTTCATGGTTAGTCGT.1	Pig9_TTTCATGGTTAGTCGT-1	Pig9	Melanocyte	Melanocyte	CL:0000148	pig	NCBITaxon:9823	NCBITaxon:9823	EFO:0030080
Pig9_TTTCATGTCCTCTCGA.1	Pig9_TTTCATGTCCTCTCGA-1	Pig9	Beam A	Beam A	CL:0000327	pig	NCBITaxon:9823	NCBITaxon:9823	EFO:0030080
Pig9_TTTCCTCCACGTGAGA.1	Pig9_TTTCCTCCACGTGAGA-1	Pig9	Melanocyte	Melanocyte	CL:0000148	pig	NCBITaxon:9823	NCBITaxon:9823	EFO:0030080
Pig9_TTTCCTCCACTCCCTA.1	Pig9_TTTCCTCCACTCCCTA-1	Pig9	Beam A	Beam A	CL:0000327	pig	NCBITaxon:9823	NCBITaxon:9823	EFO:0030080
Pig9_TTTCCTCCATGGAACG.1	Pig9_TTTCCTCCATGGAACG-1	Pig9	Fibroblast	Fibroblast	CL:0000057	pig	NCBITaxon:9823	NCBITaxon:9823	EFO:0030080
Pig9_TTTCCTCGTCGGCTAC.1	Pig9_TTTCCTCGTCGGCTAC-1	Pig9	Macrophage	Macrophage	CL:0000235	pig	NCBITaxon:9823	NCBITaxon:9823	EFO:0030080
Pig9_TTTCGATTCACCTTGC.1	Pig9_TTTCGATTCACCTTGC-1	Pig9	Macrophage	Macrophage	CL:0000235	pig	NCBITaxon:9823	NCBITaxon:9823	EFO:0030080
Pig9_TTTGACTGTCGTTCAA.1	Pig9_TTTGACTGTCGTTCAA-1	Pig9	Macrophage	Macrophage	CL:0000235	pig	NCBITaxon:9823	NCBITaxon:9823	EFO:0030080
Pig9_TTTGATCGTCTCAGAT.1	Pig9_TTTGATCGTCTCAGAT-1	Pig9	Beam A	Beam A	CL:0000327	pig	NCBITaxon:9823	NCBITaxon:9823	EFO:0030080
Pig9_TTTGGAGCACTGTCCT.1	Pig9_TTTGGAGCACTGTCCT-1	Pig9	Beam A	Beam A	CL:0000327	pig	NCBITaxon:9823	NCBITaxon:9823	EFO:0030080
Pig9_TTTGGAGTCGTGGGTC.1	Pig9_TTTGGAGTCGTGGGTC-1	Pig9	Melanocyte	Melanocyte	CL:0000148	pig	NCBITaxon:9823	NCBITaxon:9823	EFO:0030080
Pig9_TTTGGTTAGATTGTGA.1	Pig9_TTTGGTTAGATTGTGA-1	Pig9	Macrophage	Macrophage	CL:0000235	pig	NCBITaxon:9823	NCBITaxon:9823	EFO:0030080
Pig9_TTTGGTTAGGTAGATT.1	Pig9_TTTGGTTAGGTAGATT-1	Pig9	Beam A	Beam A	CL:0000327	pig	NCBITaxon:9823	NCBITaxon:9823	EFO:0030080
Pig9_TTTGGTTCAATATCCG.1	Pig9_TTTGGTTCAATATCCG-1	Pig9	Macrophage	Macrophage	CL:0000235	pig	NCBITaxon:9823	NCBITaxon:9823	EFO:0030080
Pig9_TTTGTTGGTCCAGAAG.1	Pig9_TTTGTTGGTCCAGAAG-1	Pig9	Beam A	Beam A	CL:0000327	pig	NCBITaxon:9823	NCBITaxon:9823	EFO:0030080
Pig9_TTTGTTGTCGGAATGG.1	Pig9_TTTGTTGTCGGAATGG-1	Pig9	Macrophage	Macrophage	CL:0000235	pig	NCBITaxon:9823	NCBITaxon:9823	EFO:0030080
