Gene stable ID	Pig gene stable ID	Pig homology type	Pig orthology confidence [0 low, 1 high]
ENSMUSG00000064345	ENSSSCG00000018069	ortholog_one2one	1
ENSMUSG00000064351	ENSSSCG00000018075	ortholog_one2one	1
ENSMUSG00000064354	ENSSSCG00000018078	ortholog_one2one	1
ENSMUSG00000064356	ENSSSCG00000018080	ortholog_one2one	1
ENSMUSG00000064358	ENSSSCG00000018082	ortholog_one2one	1
ENSMUSG00000064360	ENSSSCG00000018084	ortholog_one2one	1
ENSMUSG00000064363	ENSSSCG00000018087	ortholog_one2one	1
ENSMUSG00000064367	ENSSSCG00000018091	ortholog_one2one	1
ENSMUSG00000064368	ENSSSCG00000018092	ortholog_one2one	1
ENSMUSG00000001804	ENSSSCG00000020740	ortholog_one2one	1
ENSMUSG00000042514	ENSSSCG00000003733	ortholog_one2one	1
ENSMUSG00000024578	ENSSSCG00000014434	ortholog_one2one	1
ENSMUSG00000044982	ENSSSCG00000015860	ortholog_one2one	1
ENSMUSG00000024388	ENSSSCG00000015864	ortholog_one2one	1
ENSMUSG00000045991	ENSSSCG00000004540	ortholog_one2one	1
ENSMUSG00000065402	ENSSSCG00000019572	ortholog_one2one	1
ENSMUSG00000024519	ENSSSCG00000004909	ortholog_one2one	1
ENSMUSG00000051401	ENSSSCG00000032826	ortholog_one2one	1
ENSMUSG00000005864	ENSSSCG00000012753	ortholog_one2one	1
ENSMUSG00000042816	ENSSSCG00000014415	ortholog_one2one	1
ENSMUSG00000055561	ENSSSCG00000014422	ortholog_one2one	1
ENSMUSG00000031224	ENSSSCG00000062125	ortholog_one2one	1
ENSMUSG00000071855	ENSSSCG00000029866	ortholog_one2one	1
ENSMUSG00000024510	ENSSSCG00000014231	ortholog_one2one	1
ENSMUSG00000032818	ENSSSCG00000004503	ortholog_one2one	1
ENSMUSG00000091055	ENSSSCG00000004493	ortholog_one2one	1
ENSMUSG00000117781	ENSSSCG00000004874	ortholog_one2one	1
ENSMUSG00000056854	ENSSSCG00000012454	ortholog_one2one	1
ENSMUSG00000065510	ENSSSCG00000019895	ortholog_one2one	1
ENSMUSG00000007480	ENSSSCG00000028411	ortholog_one2one	1
ENSMUSG00000091519	ENSSSCG00000005767	ortholog_one2one	1
ENSMUSG00000065649	ENSSSCG00000018891	ortholog_one2one	1
ENSMUSG00000073600	ENSSSCG00000014347	ortholog_one2one	1
ENSMUSG00000047485	ENSSSCG00000033979	ortholog_one2one	1
ENSMUSG00000051209	ENSSSCG00000012661	ortholog_one2one	1
ENSMUSG00000045215	ENSSSCG00000003736	ortholog_one2one	1
ENSMUSG00000046269	ENSSSCG00000012305	ortholog_one2one	1
ENSMUSG00000031143	ENSSSCG00000012297	ortholog_one2one	1
ENSMUSG00000056281	ENSSSCG00000012666	ortholog_one2one	1
ENSMUSG00000051439	ENSSSCG00000014369	ortholog_one2one	1
ENSMUSG00000031303	ENSSSCG00000020735	ortholog_one2one	1
ENSMUSG00000051663	ENSSSCG00000014377	ortholog_one2one	1
ENSMUSG00000044043	ENSSSCG00000021414	ortholog_one2one	1
ENSMUSG00000047033	ENSSSCG00000036961	ortholog_one2one	1
ENSMUSG00000044022	ENSSSCG00000053239	ortholog_one2one	1
ENSMUSG00000042425	ENSSSCG00000012561	ortholog_one2one	1
ENSMUSG00000031273	ENSSSCG00000012571	ortholog_one2one	1
ENSMUSG00000054667	ENSSSCG00000031027	ortholog_one2one	1
ENSMUSG00000076011	ENSSSCG00000029520	ortholog_one2one	1
ENSMUSG00000071679	ENSSSCG00000012589	ortholog_one2one	1
ENSMUSG00000035045	ENSSSCG00000012367	ortholog_one2one	1
ENSMUSG00000051582	ENSSSCG00000012383	ortholog_one2one	1
ENSMUSG00000067597	ENSSSCG00000012381	ortholog_one2one	1
ENSMUSG00000044359	ENSSSCG00000012380	ortholog_one2one	1
ENSMUSG00000037358	ENSSSCG00000026984	ortholog_one2one	1
ENSMUSG00000049191	ENSSSCG00000020876	ortholog_one2one	1
ENSMUSG00000062393	ENSSSCG00000012308	ortholog_one2one	1
ENSMUSG00000031430	ENSSSCG00000059089	ortholog_one2one	1
ENSMUSG00000045179	ENSSSCG00000022501	ortholog_one2one	1
ENSMUSG00000082226	ENSSSCG00000053215	ortholog_one2one	1
ENSMUSG00000044400	ENSSSCG00000012618	ortholog_one2one	1
ENSMUSG00000050148	ENSSSCG00000035264	ortholog_one2one	1
ENSMUSG00000072964	ENSSSCG00000012520	ortholog_one2one	1
ENSMUSG00000031130	ENSSSCG00000058797	ortholog_one2one	1
ENSMUSG00000036357	ENSSSCG00000040432	ortholog_one2one	1
ENSMUSG00000090122	ENSSSCG00000056007	ortholog_one2one	1
ENSMUSG00000085584	ENSSSCG00000027981	ortholog_one2one	1
ENSMUSG00000037167	ENSSSCG00000012285	ortholog_one2one	1
ENSMUSG00000031150	ENSSSCG00000012288	ortholog_one2one	1
ENSMUSG00000009731	ENSSSCG00000028284	ortholog_one2one	1
ENSMUSG00000062564	ENSSSCG00000029513	ortholog_one2one	1
ENSMUSG00000041245	ENSSSCG00000012332	ortholog_one2one	1
ENSMUSG00000074922	ENSSSCG00000057474	ortholog_one2one	1
ENSMUSG00000051490	ENSSSCG00000041279	ortholog_one2one	1
ENSMUSG00000035283	ENSSSCG00000010647	ortholog_one2one	1
ENSMUSG00000025082	ENSSSCG00000010649	ortholog_one2one	1
ENSMUSG00000039330	ENSSSCG00000012964	ortholog_one2one	1
ENSMUSG00000024912	ENSSSCG00000012967	ortholog_one2one	1
ENSMUSG00000024922	ENSSSCG00000027361	ortholog_one2one	1
ENSMUSG00000043969	ENSSSCG00000032558	ortholog_one2one	1
ENSMUSG00000072437	ENSSSCG00000040025	ortholog_one2one	1
ENSMUSG00002075125	ENSSSCG00000018541	ortholog_one2one	1
ENSMUSG00000053536	ENSSSCG00000010430	ortholog_one2one	1
ENSMUSG00000024774	ENSSSCG00000010445	ortholog_one2one	1
ENSMUSG00000050370	ENSSSCG00000010449	ortholog_one2one	1
ENSMUSG00000024992	ENSSSCG00000010480	ortholog_one2one	1
ENSMUSG00000050232	ENSSSCG00000012402	ortholog_one2one	1
ENSMUSG00000057457	ENSSSCG00000012167	ortholog_one2one	1
ENSMUSG00000047604	ENSSSCG00000038904	ortholog_one2one	1
ENSMUSG00000074852	ENSSSCG00000010535	ortholog_one2one	1
ENSMUSG00000044220	ENSSSCG00000010538	ortholog_one2one	1
ENSMUSG00000090291	ENSSSCG00000013088	ortholog_one2one	1
ENSMUSG00000037578	ENSSSCG00000010552	ortholog_one2one	1
ENSMUSG00000043789	ENSSSCG00000013093	ortholog_one2one	1
ENSMUSG00000034117	ENSSSCG00000013106	ortholog_one2one	1
ENSMUSG00000046272	ENSSSCG00000013157	ortholog_one2one	1
ENSMUSG00000044040	ENSSSCG00000044981	ortholog_one2one	1
ENSMUSG00000079258	ENSSSCG00000010601	ortholog_one2one	1
ENSMUSG00000094219	ENSSSCG00000034671	ortholog_one2one	1
ENSMUSG00000025064	ENSSSCG00000010607	ortholog_one2one	1
ENSMUSG00000065507	ENSSSCG00000019666	ortholog_one2one	1
ENSMUSG00000024842	ENSSSCG00000012906	ortholog_one2one	1
ENSMUSG00000044724	ENSSSCG00000059139	ortholog_one2one	1
ENSMUSG00000075227	ENSSSCG00000013003	ortholog_one2one	1
ENSMUSG00000018822	ENSSSCG00000010529	ortholog_one2one	1
ENSMUSG00000070167	ENSSSCG00000025282	ortholog_one2one	1
ENSMUSG00000040105	ENSSSCG00000005220	ortholog_one2one	1
ENSMUSG00000071573	ENSSSCG00000023141	ortholog_one2one	1
ENSMUSG00000071648	ENSSSCG00000033054	ortholog_one2one	1
ENSMUSG00000071653	ENSSSCG00000058339	ortholog_one2one	1
ENSMUSG00000056481	ENSSSCG00000029949	ortholog_one2one	1
ENSMUSG00000033478	ENSSSCG00000010652	ortholog_one2one	1
ENSMUSG00000006270	ENSSSCG00000010666	ortholog_one2one	1
ENSMUSG00000047298	ENSSSCG00000005228	ortholog_one2one	1
ENSMUSG00000059632	ENSSSCG00000056362	ortholog_one2one	1
ENSMUSG00000056706	ENSSSCG00000062373	ortholog_one2one	1
ENSMUSG00000091212	ENSSSCG00000038131	ortholog_one2one	1
ENSMUSG00000022705	ENSSSCG00000011911	ortholog_one2one	1
ENSMUSG00000071637	ENSSSCG00000032367	ortholog_one2one	1
ENSMUSG00000033210	ENSSSCG00000023918	ortholog_one2one	1
ENSMUSG00000064310	ENSSSCG00000011947	ortholog_one2one	1
ENSMUSG00000090777	ENSSSCG00000010139	ortholog_one2one	1
ENSMUSG00000022755	ENSSSCG00000011962	ortholog_one2one	1
ENSMUSG00000022753	ENSSSCG00000011967	ortholog_one2one	1
ENSMUSG00000047293	ENSSSCG00000058669	ortholog_one2one	1
ENSMUSG00000064427	ENSSSCG00000027845	ortholog_one2one	1
ENSMUSG00000074991	ENSSSCG00000032124	ortholog_one2one	1
ENSMUSG00000055540	ENSSSCG00000033898	ortholog_one2one	1
ENSMUSG00000047854	ENSSSCG00000045484	ortholog_one2one	1
ENSMUSG00000046782	ENSSSCG00000001939	ortholog_one2one	1
ENSMUSG00000034168	ENSSSCG00000002392	ortholog_one2one	1
ENSMUSG00000021294	ENSSSCG00000035093	ortholog_one2one	1
ENSMUSG00000045022	ENSSSCG00000016977	ortholog_one2one	1
ENSMUSG00000021335	ENSSSCG00000001107	ortholog_one2one	1
ENSMUSG00000055811	ENSSSCG00000012031	ortholog_one2one	1
ENSMUSG00000050520	ENSSSCG00000012030	ortholog_one2one	1
ENSMUSG00000050239	ENSSSCG00000021804	ortholog_one2one	1
ENSMUSG00000060081	ENSSSCG00000041660	ortholog_one2one	1
ENSMUSG00000063632	ENSSSCG00000008649	ortholog_one2one	1
ENSMUSG00000087790	ENSSSCG00000019885	ortholog_one2one	1
ENSMUSG00000005980	ENSSSCG00000036527	ortholog_one2one	1
ENSMUSG00000033618	ENSSSCG00000011791	ortholog_one2one	1
ENSMUSG00000033501	ENSSSCG00000040431	ortholog_one2one	1
ENSMUSG00000039179	ENSSSCG00000007904	ortholog_one2one	1
ENSMUSG00000033383	ENSSSCG00000037108	ortholog_one2one	1
ENSMUSG00000076431	ENSSSCG00000056309	ortholog_one2one	1
ENSMUSG00000091972	ENSSSCG00000022341	ortholog_one2one	1
ENSMUSG00000043998	ENSSSCG00000035611	ortholog_one2one	1
ENSMUSG00000046546	ENSSSCG00000011828	ortholog_one2one	1
ENSMUSG00000022780	ENSSSCG00000011837	ortholog_one2one	1
ENSMUSG00000034379	ENSSSCG00000053171	ortholog_one2one	1
ENSMUSG00000034243	ENSSSCG00000011882	ortholog_one2one	1
ENSMUSG00000021721	ENSSSCG00000054440	ortholog_one2one	1
ENSMUSG00000021216	ENSSSCG00000029077	ortholog_one2one	1
ENSMUSG00000046160	ENSSSCG00000012040	ortholog_one2one	1
ENSMUSG00000050423	ENSSSCG00000000997	ortholog_one2one	1
ENSMUSG00000046516	ENSSSCG00000011893	ortholog_one2one	1
ENSMUSG00000022508	ENSSSCG00000011810	ortholog_one2one	1
ENSMUSG00000055194	ENSSSCG00000016923	ortholog_one2one	1
ENSMUSG00000041378	ENSSSCG00000041667	ortholog_one2one	1
ENSMUSG00000050761	ENSSSCG00000030732	ortholog_one2one	1
ENSMUSG00000024575	ENSSSCG00000014438	ortholog_one2one	1
ENSMUSG00000005251	ENSSSCG00000012083	ortholog_one2one	1
ENSMUSG00000045975	ENSSSCG00000025821	ortholog_one2one	1
ENSMUSG00000071636	ENSSSCG00000010089	ortholog_one2one	1
ENSMUSG00000015533	ENSSSCG00000016887	ortholog_one2one	1
ENSMUSG00000110086	ENSSSCG00000040031	ortholog_one2one	1
ENSMUSG00000021704	ENSSSCG00000014116	ortholog_one2one	1
ENSMUSG00000074928	ENSSSCG00000040382	ortholog_one2one	1
ENSMUSG00000068196	ENSSSCG00000011973	ortholog_one2one	1
ENSMUSG00000095105	ENSSSCG00000025986	ortholog_one2one	1
ENSMUSG00000073565	ENSSSCG00000039760	ortholog_one2one	1
ENSMUSG00000037253	ENSSSCG00000034427	ortholog_one2one	1
ENSMUSG00000047161	ENSSSCG00000003721	ortholog_one2one	1
ENSMUSG00000044595	ENSSSCG00000014374	ortholog_one2one	1
ENSMUSG00000051111	ENSSSCG00000034062	ortholog_one2one	1
ENSMUSG00000021553	ENSSSCG00000010960	ortholog_one2one	1
ENSMUSG00000073598	ENSSSCG00000042105	ortholog_one2one	1
ENSMUSG00000044906	ENSSSCG00000004531	ortholog_one2one	1
ENSMUSG00000052957	ENSSSCG00000056862	ortholog_one2one	1
ENSMUSG00000065599	ENSSSCG00000019456	ortholog_one2one	1
ENSMUSG00000065475	ENSSSCG00000019359	ortholog_one2one	1
ENSMUSG00000048904	ENSSSCG00000014309	ortholog_one2one	1
ENSMUSG00000021538	ENSSSCG00000025818	ortholog_one2one	1
ENSMUSG00000018581	ENSSSCG00000015379	ortholog_one2one	1
ENSMUSG00000048996	ENSSSCG00000054486	ortholog_one2one	1
ENSMUSG00000051258	ENSSSCG00000028136	ortholog_one2one	1
ENSMUSG00000046518	ENSSSCG00000015371	ortholog_one2one	1
ENSMUSG00000021362	ENSSSCG00000035562	ortholog_one2one	1
ENSMUSG00000050332	ENSSSCG00000012361	ortholog_one2one	1
ENSMUSG00000043398	ENSSSCG00000032928	ortholog_one2one	1
ENSMUSG00000109858	ENSSSCG00000053523	ortholog_one2one	1
ENSMUSG00000035765	ENSSSCG00000004508	ortholog_one2one	1
ENSMUSG00000021099	ENSSSCG00000005086	ortholog_one2one	1
ENSMUSG00000034460	ENSSSCG00000005089	ortholog_one2one	1
ENSMUSG00000048982	ENSSSCG00000005116	ortholog_one2one	1
ENSMUSG00000059493	ENSSSCG00000012151	ortholog_one2one	1
ENSMUSG00000078302	ENSSSCG00000035878	ortholog_one2one	1
ENSMUSG00000046082	ENSSSCG00000014067	ortholog_one2one	1
ENSMUSG00000020950	ENSSSCG00000033761	ortholog_one2one	1
ENSMUSG00000022155	ENSSSCG00000021645	ortholog_one2one	1
ENSMUSG00000037106	ENSSSCG00000033333	ortholog_one2one	1
ENSMUSG00000045508	ENSSSCG00000001211	ortholog_one2one	1
ENSMUSG00000032905	ENSSSCG00000033912	ortholog_one2one	1
ENSMUSG00000054364	ENSSSCG00000043781	ortholog_one2one	1
ENSMUSG00000050321	ENSSSCG00000027654	ortholog_one2one	1
ENSMUSG00000038415	ENSSSCG00000000991	ortholog_one2one	1
ENSMUSG00000050295	ENSSSCG00000039756	ortholog_one2one	1
ENSMUSG00000047002	ENSSSCG00000026538	ortholog_one2one	1
ENSMUSG00000051224	ENSSSCG00000012122	ortholog_one2one	1
ENSMUSG00000003882	ENSSSCG00000016832	ortholog_one2one	1
ENSMUSG00000021298	ENSSSCG00000036892	ortholog_one2one	1
ENSMUSG00000031138	ENSSSCG00000012711	ortholog_one2one	1
ENSMUSG00000041415	ENSSSCG00000028225	ortholog_one2one	1
ENSMUSG00000044444	ENSSSCG00000058596	ortholog_one2one	1
ENSMUSG00000035711	ENSSSCG00000063429	ortholog_one2one	1
ENSMUSG00000056258	ENSSSCG00000005953	ortholog_one2one	1
ENSMUSG00000024544	ENSSSCG00000027417	ortholog_one2one	1
ENSMUSG00000082229	ENSSSCG00000012415	ortholog_one2one	1
ENSMUSG00000001225	ENSSSCG00000021813	ortholog_one2one	1
ENSMUSG00000053469	ENSSSCG00000005948	ortholog_one2one	1
ENSMUSG00000060534	ENSSSCG00000040836	ortholog_one2one	1
ENSMUSG00000051726	ENSSSCG00000033463	ortholog_one2one	1
ENSMUSG00000024424	ENSSSCG00000003710	ortholog_one2one	1
ENSMUSG00000021356	ENSSSCG00000033381	ortholog_one2one	1
ENSMUSG00000035757	ENSSSCG00000000973	ortholog_one2one	1
ENSMUSG00000024589	ENSSSCG00000004919	ortholog_one2one	1
ENSMUSG00000046791	ENSSSCG00000002344	ortholog_one2one	1
ENSMUSG00000054383	ENSSSCG00000062320	ortholog_one2one	1
ENSMUSG00000064493	ENSSSCG00000036992	ortholog_one2one	1
ENSMUSG00000022262	ENSSSCG00000032827	ortholog_one2one	1
ENSMUSG00000031330	ENSSSCG00000035737	ortholog_one2one	1
ENSMUSG00000035148	ENSSSCG00000025131	ortholog_one2one	1
ENSMUSG00000045440	ENSSSCG00000001949	ortholog_one2one	1
ENSMUSG00000045930	ENSSSCG00000023760	ortholog_one2one	1
ENSMUSG00000065612	ENSSSCG00000024238	ortholog_one2one	1
ENSMUSG00000079871	ENSSSCG00000012248	ortholog_one2one	1
ENSMUSG00000067971	ENSSSCG00000012668	ortholog_one2one	1
ENSMUSG00000045281	ENSSSCG00000021284	ortholog_one2one	1
ENSMUSG00000089317	ENSSSCG00000019258	ortholog_one2one	1
ENSMUSG00000038984	ENSSSCG00000033112	ortholog_one2one	1
ENSMUSG00000018595	ENSSSCG00000012535	ortholog_one2one	1
ENSMUSG00000037347	ENSSSCG00000012265	ortholog_one2one	1
ENSMUSG00000061923	ENSSSCG00000006056	ortholog_one2one	1
ENSMUSG00000031355	ENSSSCG00000012112	ortholog_one2one	1
ENSMUSG00000022315	ENSSSCG00000006011	ortholog_one2one	1
ENSMUSG00000033578	ENSSSCG00000012490	ortholog_one2one	1
ENSMUSG00000038591	ENSSSCG00000029324	ortholog_one2one	1
ENSMUSG00000078907	ENSSSCG00000000205	ortholog_one2one	1
ENSMUSG00000025038	ENSSSCG00000021846	ortholog_one2one	1
ENSMUSG00000057615	ENSSSCG00000060354	ortholog_one2one	1
ENSMUSG00000031374	ENSSSCG00000012768	ortholog_one2one	1
ENSMUSG00000022986	ENSSSCG00000000236	ortholog_one2one	1
ENSMUSG00000051879	ENSSSCG00000000247	ortholog_one2one	1
ENSMUSG00000046834	ENSSSCG00000000251	ortholog_one2one	1
ENSMUSG00000059668	ENSSSCG00000024610	ortholog_one2one	1
ENSMUSG00000061397	ENSSSCG00000027548	ortholog_one2one	1
ENSMUSG00000075394	ENSSSCG00000038993	ortholog_one2one	1
ENSMUSG00000098678	ENSSSCG00000006948	ortholog_one2one	1
ENSMUSG00000065582	ENSSSCG00000019906	ortholog_one2one	1
ENSMUSG00000065523	ENSSSCG00000018349	ortholog_one2one	1
ENSMUSG00000103906	ENSSSCG00000040119	ortholog_one2one	1
ENSMUSG00000024769	ENSSSCG00000013018	ortholog_one2one	1
ENSMUSG00000118671	ENSSSCG00000062085	ortholog_one2one	1
ENSMUSG00000071724	ENSSSCG00000005922	ortholog_one2one	1
ENSMUSG00000031162	ENSSSCG00000027237	ortholog_one2one	1
ENSMUSG00000116336	ENSSSCG00000000240	ortholog_one2one	1
ENSMUSG00000044294	ENSSSCG00000000241	ortholog_one2one	1
ENSMUSG00000049548	ENSSSCG00000000235	ortholog_one2one	1
ENSMUSG00000024518	ENSSSCG00000004910	ortholog_one2one	1
ENSMUSG00000048699	ENSSSCG00000000238	ortholog_one2one	1
ENSMUSG00000054008	ENSSSCG00000032731	ortholog_one2one	1
ENSMUSG00000001655	ENSSSCG00000000279	ortholog_one2one	1
ENSMUSG00000001656	ENSSSCG00000028104	ortholog_one2one	1
ENSMUSG00000001473	ENSSSCG00000038992	ortholog_one2one	1
ENSMUSG00000065488	ENSSSCG00000030509	ortholog_one2one	1
ENSMUSG00000076010	ENSSSCG00000039239	ortholog_one2one	1
ENSMUSG00000046532	ENSSSCG00000012371	ortholog_one2one	1
ENSMUSG00000024302	ENSSSCG00000028047	ortholog_one2one	1
ENSMUSG00000029875	ENSSSCG00000039340	ortholog_one2one	1
ENSMUSG00000051793	ENSSSCG00000059126	ortholog_one2one	1
ENSMUSG00000022421	ENSSSCG00000000092	ortholog_one2one	1
ENSMUSG00000022997	ENSSSCG00000000183	ortholog_one2one	1
ENSMUSG00000022286	ENSSSCG00000006060	ortholog_one2one	1
ENSMUSG00000024682	ENSSSCG00000013117	ortholog_one2one	1
ENSMUSG00000060878	ENSSSCG00000013122	ortholog_one2one	1
ENSMUSG00000067529	ENSSSCG00000056935	ortholog_one2one	1
ENSMUSG00000023039	ENSSSCG00000038966	ortholog_one2one	1
ENSMUSG00000061742	ENSSSCG00000013025	ortholog_one2one	1
ENSMUSG00000056829	ENSSSCG00000005279	ortholog_one2one	1
ENSMUSG00000055745	ENSSSCG00000000022	ortholog_one2one	1
ENSMUSG00000023052	ENSSSCG00000000277	ortholog_one2one	1
ENSMUSG00000063780	ENSSSCG00000049478	ortholog_one2one	1
ENSMUSG00000031101	ENSSSCG00000012652	ortholog_one2one	1
ENSMUSG00000032987	ENSSSCG00000059509	ortholog_one2one	1
ENSMUSG00000022991	ENSSSCG00000024573	ortholog_one2one	1
ENSMUSG00000049536	ENSSSCG00000012532	ortholog_one2one	1
ENSMUSG00000042473	ENSSSCG00000022993	ortholog_one2one	1
ENSMUSG00000037418	ENSSSCG00000023090	ortholog_one2one	1
ENSMUSG00000023074	ENSSSCG00000012686	ortholog_one2one	1
ENSMUSG00000065392	ENSSSCG00000026837	ortholog_one2one	1
ENSMUSG00000065281	ENSSSCG00000028290	ortholog_one2one	1
ENSMUSG00000065782	ENSSSCG00000023669	ortholog_one2one	1
ENSMUSG00000065305	ENSSSCG00000027032	ortholog_one2one	1
ENSMUSG00000024947	ENSSSCG00000013019	ortholog_one2one	1
ENSMUSG00000031012	ENSSSCG00000012253	ortholog_one2one	1
ENSMUSG00000024683	ENSSSCG00000013118	ortholog_one2one	1
ENSMUSG00000044345	ENSSSCG00000010527	ortholog_one2one	1
ENSMUSG00000045903	ENSSSCG00000012942	ortholog_one2one	1
ENSMUSG00000075289	ENSSSCG00000012911	ortholog_one2one	1
ENSMUSG00000063434	ENSSSCG00000010617	ortholog_one2one	1
ENSMUSG00000025017	ENSSSCG00000010509	ortholog_one2one	1
ENSMUSG00000045052	ENSSSCG00000037789	ortholog_one2one	1
ENSMUSG00000031264	ENSSSCG00000026742	ortholog_one2one	1
ENSMUSG00000036278	ENSSSCG00000013043	ortholog_one2one	1
ENSMUSG00000043518	ENSSSCG00000012153	ortholog_one2one	1
ENSMUSG00000025592	ENSSSCG00000036515	ortholog_one2one	1
ENSMUSG00000006456	ENSSSCG00000038008	ortholog_one2one	1
ENSMUSG00000024507	ENSSSCG00000028431	ortholog_one2one	1
ENSMUSG00000024939	ENSSSCG00000035604	ortholog_one2one	1
ENSMUSG00000016534	ENSSSCG00000012604	ortholog_one2one	1
ENSMUSG00000025026	ENSSSCG00000010621	ortholog_one2one	1
ENSMUSG00000035984	ENSSSCG00000054759	ortholog_one2one	1
ENSMUSG00000024621	ENSSSCG00000014441	ortholog_one2one	1
ENSMUSG00000008035	ENSSSCG00000025447	ortholog_one2one	1
ENSMUSG00000052372	ENSSSCG00000012196	ortholog_one2one	1
ENSMUSG00000024359	ENSSSCG00000014338	ortholog_one2one	1
ENSMUSG00000039521	ENSSSCG00000012300	ortholog_one2one	1
ENSMUSG00000044957	ENSSSCG00000027327	ortholog_one2one	1
ENSMUSG00000071112	ENSSSCG00000032123	ortholog_one2one	1
ENSMUSG00000031112	ENSSSCG00000021205	ortholog_one2one	1
ENSMUSG00000085111	ENSSSCG00000000159	ortholog_one2one	1
ENSMUSG00000024511	ENSSSCG00000035243	ortholog_one2one	1
ENSMUSG00000032855	ENSSSCG00000008041	ortholog_one2one	1
ENSMUSG00000054477	ENSSSCG00000014213	ortholog_one2one	1
ENSMUSG00000031139	ENSSSCG00000012712	ortholog_one2one	1
ENSMUSG00000052229	ENSSSCG00000040850	ortholog_one2one	1
ENSMUSG00000044322	ENSSSCG00000003726	ortholog_one2one	1
ENSMUSG00000053604	ENSSSCG00000008207	ortholog_one2one	1
ENSMUSG00000024331	ENSSSCG00000024800	ortholog_one2one	1
ENSMUSG00000056203	ENSSSCG00000016458	ortholog_one2one	1
ENSMUSG00000071494	ENSSSCG00000036539	ortholog_one2one	1
ENSMUSG00000065406	ENSSSCG00000019827	ortholog_one2one	1
ENSMUSG00000080115	ENSSSCG00000037619	ortholog_one2one	1
ENSMUSG00000025666	ENSSSCG00000024132	ortholog_one2one	1
ENSMUSG00000006724	ENSSSCG00000028637	ortholog_one2one	1
ENSMUSG00000043605	ENSSSCG00000015469	ortholog_one2one	1
ENSMUSG00000025269	ENSSSCG00000012348	ortholog_one2one	1
ENSMUSG00000064036	ENSSSCG00000004521	ortholog_one2one	1
ENSMUSG00000055639	ENSSSCG00000009457	ortholog_one2one	1
ENSMUSG00000020021	ENSSSCG00000000901	ortholog_one2one	1
ENSMUSG00000019647	ENSSSCG00000014224	ortholog_one2one	1
ENSMUSG00000047492	ENSSSCG00000000442	ortholog_one2one	1
ENSMUSG00000048473	ENSSSCG00000026594	ortholog_one2one	1
ENSMUSG00000048279	ENSSSCG00000035493	ortholog_one2one	1
ENSMUSG00000047025	ENSSSCG00000039400	ortholog_one2one	1
ENSMUSG00000019893	ENSSSCG00000026978	ortholog_one2one	1
ENSMUSG00000051728	ENSSSCG00000062452	ortholog_one2one	1
ENSMUSG00000116967	ENSSSCG00000057115	ortholog_one2one	1
ENSMUSG00000075478	ENSSSCG00000009485	ortholog_one2one	1
ENSMUSG00000043972	ENSSSCG00000027863	ortholog_one2one	1
ENSMUSG00000016327	ENSSSCG00000012606	ortholog_one2one	1
ENSMUSG00000100486	ENSSSCG00000047857	ortholog_one2one	1
ENSMUSG00000041293	ENSSSCG00000001726	ortholog_one2one	1
ENSMUSG00000056632	ENSSSCG00000027160	ortholog_one2one	1
ENSMUSG00000022129	ENSSSCG00000009490	ortholog_one2one	1
ENSMUSG00000038602	ENSSSCG00000004250	ortholog_one2one	1
ENSMUSG00000079480	ENSSSCG00000023312	ortholog_one2one	1
ENSMUSG00000096140	ENSSSCG00000032691	ortholog_one2one	1
ENSMUSG00000061517	ENSSSCG00000009494	ortholog_one2one	1
ENSMUSG00000024826	ENSSSCG00000012995	ortholog_one2one	1
ENSMUSG00000025401	ENSSSCG00000000413	ortholog_one2one	1
ENSMUSG00000024515	ENSSSCG00000004524	ortholog_one2one	1
ENSMUSG00000031278	ENSSSCG00000012583	ortholog_one2one	1
ENSMUSG00000040127	ENSSSCG00000000415	ortholog_one2one	1
ENSMUSG00000022056	ENSSSCG00000009646	ortholog_one2one	1
ENSMUSG00000022057	ENSSSCG00000009645	ortholog_one2one	1
ENSMUSG00000036019	ENSSSCG00000024065	ortholog_one2one	1
ENSMUSG00000024353	ENSSSCG00000029239	ortholog_one2one	1
ENSMUSG00000044186	ENSSSCG00000028064	ortholog_one2one	1
ENSMUSG00000036585	ENSSSCG00000024954	ortholog_one2one	1
ENSMUSG00000022061	ENSSSCG00000031924	ortholog_one2one	1
ENSMUSG00000044026	ENSSSCG00000027230	ortholog_one2one	1
ENSMUSG00000024979	ENSSSCG00000010632	ortholog_one2one	1
ENSMUSG00000000435	ENSSSCG00000000937	ortholog_one2one	1
ENSMUSG00000091455	ENSSSCG00000000943	ortholog_one2one	1
ENSMUSG00000040247	ENSSSCG00000012912	ortholog_one2one	1
ENSMUSG00000029553	ENSSSCG00000038138	ortholog_one2one	1
ENSMUSG00000029831	ENSSSCG00000036611	ortholog_one2one	1
ENSMUSG00000024317	ENSSSCG00000003730	ortholog_one2one	1
ENSMUSG00000000183	ENSSSCG00000032662	ortholog_one2one	1
ENSMUSG00000067571	ENSSSCG00000034847	ortholog_one2one	1
ENSMUSG00000036430	ENSSSCG00000026741	ortholog_one2one	1
ENSMUSG00000023978	ENSSSCG00000031628	ortholog_one2one	1
ENSMUSG00000025226	ENSSSCG00000038504	ortholog_one2one	1
ENSMUSG00000109835	ENSSSCG00000031389	ortholog_one2one	1
ENSMUSG00000014498	ENSSSCG00000000386	ortholog_one2one	1
ENSMUSG00000094692	ENSSSCG00000060525	ortholog_one2one	1
ENSMUSG00000024991	ENSSSCG00000010679	ortholog_one2one	1
ENSMUSG00000020205	ENSSSCG00000044141	ortholog_one2one	1
ENSMUSG00000034832	ENSSSCG00000008292	ortholog_one2one	1
ENSMUSG00000042286	ENSSSCG00000011443	ortholog_one2one	1
ENSMUSG00000074748	ENSSSCG00000054160	ortholog_one2one	1
ENSMUSG00000031109	ENSSSCG00000012663	ortholog_one2one	1
ENSMUSG00000006764	ENSSSCG00000021122	ortholog_one2one	1
ENSMUSG00000020140	ENSSSCG00000030511	ortholog_one2one	1
ENSMUSG00000025060	ENSSSCG00000010606	ortholog_one2one	1
ENSMUSG00000023982	ENSSSCG00000001636	ortholog_one2one	1
ENSMUSG00000024576	ENSSSCG00000014435	ortholog_one2one	1
ENSMUSG00000035057	ENSSSCG00000038236	ortholog_one2one	1
ENSMUSG00000031727	ENSSSCG00000002747	ortholog_one2one	1
ENSMUSG00000091043	ENSSSCG00000033245	ortholog_one2one	1
ENSMUSG00000031449	ENSSSCG00000009561	ortholog_one2one	1
ENSMUSG00000098207	ENSSSCG00000056934	ortholog_one2one	1
ENSMUSG00000024998	ENSSSCG00000010483	ortholog_one2one	1
ENSMUSG00000027788	ENSSSCG00000022248	ortholog_one2one	1
ENSMUSG00000078348	ENSSSCG00000062397	ortholog_one2one	1
ENSMUSG00000019867	ENSSSCG00000034307	ortholog_one2one	1
ENSMUSG00000027790	ENSSSCG00000011735	ortholog_one2one	1
ENSMUSG00000023903	ENSSSCG00000021569	ortholog_one2one	1
ENSMUSG00000066720	ENSSSCG00000021536	ortholog_one2one	1
ENSMUSG00000062638	ENSSSCG00000027921	ortholog_one2one	1
ENSMUSG00000071392	ENSSSCG00000004147	ortholog_one2one	1
ENSMUSG00000045591	ENSSSCG00000004155	ortholog_one2one	1
ENSMUSG00000031568	ENSSSCG00000015776	ortholog_one2one	1
ENSMUSG00000072473	ENSSSCG00000010393	ortholog_one2one	1
ENSMUSG00000079478	ENSSSCG00000020737	ortholog_one2one	1
ENSMUSG00000024806	ENSSSCG00000005206	ortholog_one2one	1
ENSMUSG00000052387	ENSSSCG00000005257	ortholog_one2one	1
ENSMUSG00000100241	ENSSSCG00000022274	ortholog_one2one	1
ENSMUSG00000060924	ENSSSCG00000015748	ortholog_one2one	1
ENSMUSG00000069581	ENSSSCG00000022988	ortholog_one2one	1
ENSMUSG00000043865	ENSSSCG00000037368	ortholog_one2one	1
ENSMUSG00000029680	ENSSSCG00000016603	ortholog_one2one	1
ENSMUSG00000036322	ENSSSCG00000001453	ortholog_one2one	1
ENSMUSG00000048022	ENSSSCG00000016600	ortholog_one2one	1
ENSMUSG00000039518	ENSSSCG00000030903	ortholog_one2one	1
ENSMUSG00000118646	ENSSSCG00000057666	ortholog_one2one	1
ENSMUSG00000047819	ENSSSCG00000038186	ortholog_one2one	1
ENSMUSG00000109941	ENSSSCG00000002719	ortholog_one2one	1
ENSMUSG00000027720	ENSSSCG00000033267	ortholog_one2one	1
ENSMUSG00000027718	ENSSSCG00000009087	ortholog_one2one	1
ENSMUSG00000071185	ENSSSCG00000013828	ortholog_one2one	1
ENSMUSG00000038045	ENSSSCG00000038378	ortholog_one2one	1
ENSMUSG00000068302	ENSSSCG00000059555	ortholog_one2one	1
ENSMUSG00000046196	ENSSSCG00000008483	ortholog_one2one	1
ENSMUSG00000073414	ENSSSCG00000034664	ortholog_one2one	1
ENSMUSG00000071424	ENSSSCG00000009197	ortholog_one2one	1
ENSMUSG00000051506	ENSSSCG00000045502	ortholog_one2one	1
ENSMUSG00000073043	ENSSSCG00000009196	ortholog_one2one	1
ENSMUSG00000064984	ENSSSCG00000018727	ortholog_one2one	1
ENSMUSG00000064390	ENSSSCG00000018533	ortholog_one2one	1
ENSMUSG00000046743	ENSSSCG00000036155	ortholog_one2one	1
ENSMUSG00000071202	ENSSSCG00000050615	ortholog_one2one	1
ENSMUSG00000031221	ENSSSCG00000012382	ortholog_one2one	1
ENSMUSG00000045518	ENSSSCG00000013439	ortholog_one2one	1
ENSMUSG00000065431	ENSSSCG00000019065	ortholog_one2one	1
ENSMUSG00000035262	ENSSSCG00000035812	ortholog_one2one	1
ENSMUSG00000059708	ENSSSCG00000012627	ortholog_one2one	1
ENSMUSG00000034591	ENSSSCG00000000838	ortholog_one2one	1
ENSMUSG00000032739	ENSSSCG00000060035	ortholog_one2one	1
ENSMUSG00000031380	ENSSSCG00000012135	ortholog_one2one	1
ENSMUSG00000031481	ENSSSCG00000009374	ortholog_one2one	1
ENSMUSG00000030219	ENSSSCG00000000605	ortholog_one2one	1
ENSMUSG00000063689	ENSSSCG00000063420	ortholog_one2one	1
ENSMUSG00000031535	ENSSSCG00000007029	ortholog_one2one	1
ENSMUSG00000060275	ENSSSCG00000021082	ortholog_one2one	1
ENSMUSG00000024224	ENSSSCG00000001551	ortholog_one2one	1
ENSMUSG00000053399	ENSSSCG00000038627	ortholog_one2one	1
ENSMUSG00000047123	ENSSSCG00000024771	ortholog_one2one	1
ENSMUSG00000041225	ENSSSCG00000011026	ortholog_one2one	1
ENSMUSG00000044378	ENSSSCG00000000598	ortholog_one2one	1
ENSMUSG00000008874	ENSSSCG00000034604	ortholog_one2one	1
ENSMUSG00000090685	ENSSSCG00000023540	ortholog_one2one	1
ENSMUSG00000030230	ENSSSCG00000000590	ortholog_one2one	1
ENSMUSG00000064441	ENSSSCG00000029719	ortholog_one2one	1
ENSMUSG00000060187	ENSSSCG00000036760	ortholog_one2one	1
ENSMUSG00000051323	ENSSSCG00000012479	ortholog_one2one	1
ENSMUSG00000041791	ENSSSCG00000000589	ortholog_one2one	1
ENSMUSG00000049908	ENSSSCG00000036239	ortholog_one2one	1
ENSMUSG00000033327	ENSSSCG00000023611	ortholog_one2one	1
ENSMUSG00000065619	ENSSSCG00000018417	ortholog_one2one	1
ENSMUSG00000061778	ENSSSCG00000012131	ortholog_one2one	1
ENSMUSG00000051392	ENSSSCG00000033862	ortholog_one2one	1
ENSMUSG00000071553	ENSSSCG00000016559	ortholog_one2one	1
ENSMUSG00000108841	ENSSSCG00000010379	ortholog_one2one	1
ENSMUSG00000090035	ENSSSCG00000043102	ortholog_one2one	1
ENSMUSG00000047654	ENSSSCG00000013937	ortholog_one2one	1
ENSMUSG00000054206	ENSSSCG00000032810	ortholog_one2one	1
ENSMUSG00000041534	ENSSSCG00000010374	ortholog_one2one	1
ENSMUSG00000048337	ENSSSCG00000010369	ortholog_one2one	1
ENSMUSG00000064563	ENSSSCG00000030032	ortholog_one2one	1
ENSMUSG00000056313	ENSSSCG00000032320	ortholog_one2one	1
ENSMUSG00000065501	ENSSSCG00000018951	ortholog_one2one	1
ENSMUSG00000021799	ENSSSCG00000010358	ortholog_one2one	1
ENSMUSG00000053391	ENSSSCG00000057219	ortholog_one2one	1
ENSMUSG00000057134	ENSSSCG00000031360	ortholog_one2one	1
ENSMUSG00000037424	ENSSSCG00000004189	ortholog_one2one	1
ENSMUSG00000041044	ENSSSCG00000034402	ortholog_one2one	1
ENSMUSG00000043418	ENSSSCG00000010347	ortholog_one2one	1
ENSMUSG00000035847	ENSSSCG00000012731	ortholog_one2one	1
ENSMUSG00000029830	ENSSSCG00000016517	ortholog_one2one	1
ENSMUSG00000036913	ENSSSCG00000010177	ortholog_one2one	1
ENSMUSG00000074480	ENSSSCG00000006497	ortholog_one2one	1
ENSMUSG00000020080	ENSSSCG00000010252	ortholog_one2one	1
ENSMUSG00000038600	ENSSSCG00000016516	ortholog_one2one	1
ENSMUSG00000074030	ENSSSCG00000010174	ortholog_one2one	1
ENSMUSG00000031320	ENSSSCG00000012405	ortholog_one2one	1
ENSMUSG00000091530	ENSSSCG00000063189	ortholog_one2one	1
ENSMUSG00000043705	ENSSSCG00000020986	ortholog_one2one	1
ENSMUSG00000044199	ENSSSCG00000013474	ortholog_one2one	1
ENSMUSG00000029829	ENSSSCG00000045348	ortholog_one2one	1
ENSMUSG00000056947	ENSSSCG00000009351	ortholog_one2one	1
ENSMUSG00000050930	ENSSSCG00000010167	ortholog_one2one	1
ENSMUSG00000064128	ENSSSCG00000029393	ortholog_one2one	1
ENSMUSG00000067377	ENSSSCG00000012481	ortholog_one2one	1
ENSMUSG00000068323	ENSSSCG00000027320	ortholog_one2one	1
ENSMUSG00000053054	ENSSSCG00000035409	ortholog_one2one	1
ENSMUSG00000038253	ENSSSCG00000016703	ortholog_one2one	1
ENSMUSG00000101860	ENSSSCG00000047943	ortholog_one2one	1
ENSMUSG00000049411	ENSSSCG00000040452	ortholog_one2one	1
ENSMUSG00000117965	ENSSSCG00000055020	ortholog_one2one	1
ENSMUSG00000058706	ENSSSCG00000028287	ortholog_one2one	1
ENSMUSG00000025128	ENSSSCG00000059145	ortholog_one2one	1
ENSMUSG00000005503	ENSSSCG00000016696	ortholog_one2one	1
ENSMUSG00000025279	ENSSSCG00000032019	ortholog_one2one	1
ENSMUSG00000042271	ENSSSCG00000012581	ortholog_one2one	1
ENSMUSG00000049741	ENSSSCG00000006503	ortholog_one2one	1
ENSMUSG00000050075	ENSSSCG00000036844	ortholog_one2one	1
ENSMUSG00000065211	ENSSSCG00000033096	ortholog_one2one	1
ENSMUSG00000105690	ENSSSCG00000018522	ortholog_one2one	1
ENSMUSG00000031297	ENSSSCG00000024346	ortholog_one2one	1
ENSMUSG00000044098	ENSSSCG00000030154	ortholog_one2one	1
ENSMUSG00000065524	ENSSSCG00000018866	ortholog_one2one	1
ENSMUSG00000074384	ENSSSCG00000006972	ortholog_one2one	1
ENSMUSG00000032948	ENSSSCG00000012004	ortholog_one2one	1
ENSMUSG00000039539	ENSSSCG00000038257	ortholog_one2one	1
ENSMUSG00000025044	ENSSSCG00000006979	ortholog_one2one	1
ENSMUSG00000067714	ENSSSCG00000000699	ortholog_one2one	1
ENSMUSG00000090799	ENSSSCG00000002140	ortholog_one2one	1
ENSMUSG00000030208	ENSSSCG00000036723	ortholog_one2one	1
ENSMUSG00000068407	ENSSSCG00000002131	ortholog_one2one	1
ENSMUSG00000014782	ENSSSCG00000002782	ortholog_one2one	1
ENSMUSG00000035932	ENSSSCG00000002130	ortholog_one2one	1
ENSMUSG00000108900	ENSSSCG00000041467	ortholog_one2one	1
ENSMUSG00000047230	ENSSSCG00000037234	ortholog_one2one	1
ENSMUSG00000041566	ENSSSCG00000058838	ortholog_one2one	1
ENSMUSG00000121513	ENSSSCG00000011485	ortholog_one2one	1
ENSMUSG00000031283	ENSSSCG00000012576	ortholog_one2one	1
ENSMUSG00000044927	ENSSSCG00000061599	ortholog_one2one	1
ENSMUSG00000045521	ENSSSCG00000010113	ortholog_one2one	1
ENSMUSG00000040236	ENSSSCG00000013573	ortholog_one2one	1
ENSMUSG00000092009	ENSSSCG00000022175	ortholog_one2one	1
ENSMUSG00000028255	ENSSSCG00000006933	ortholog_one2one	1
ENSMUSG00000024914	ENSSSCG00000012965	ortholog_one2one	1
ENSMUSG00000034112	ENSSSCG00000002671	ortholog_one2one	1
ENSMUSG00000045094	ENSSSCG00000014436	ortholog_one2one	1
ENSMUSG00000027831	ENSSSCG00000011726	ortholog_one2one	1
ENSMUSG00000042269	ENSSSCG00000002668	ortholog_one2one	1
ENSMUSG00000035776	ENSSSCG00000012744	ortholog_one2one	1
ENSMUSG00000024647	ENSSSCG00000020859	ortholog_one2one	1
ENSMUSG00000046714	ENSSSCG00000029296	ortholog_one2one	1
ENSMUSG00000072423	ENSSSCG00000002038	ortholog_one2one	1
ENSMUSG00000097084	ENSSSCG00000002658	ortholog_one2one	1
ENSMUSG00000052435	ENSSSCG00000002033	ortholog_one2one	1
ENSMUSG00000030050	ENSSSCG00000035529	ortholog_one2one	1
ENSMUSG00000039699	ENSSSCG00000023178	ortholog_one2one	1
ENSMUSG00000040770	ENSSSCG00000057348	ortholog_one2one	1
ENSMUSG00000024493	ENSSSCG00000014411	ortholog_one2one	1
ENSMUSG00000030049	ENSSSCG00000038802	ortholog_one2one	1
ENSMUSG00000027832	ENSSSCG00000011727	ortholog_one2one	1
ENSMUSG00000074037	ENSSSCG00000020924	ortholog_one2one	1
ENSMUSG00000022657	ENSSSCG00000023993	ortholog_one2one	1
ENSMUSG00000033446	ENSSSCG00000061460	ortholog_one2one	1
ENSMUSG00000078173	ENSSSCG00000054434	ortholog_one2one	1
ENSMUSG00000041035	ENSSSCG00000010565	ortholog_one2one	1
ENSMUSG00000040600	ENSSSCG00000006820	ortholog_one2one	1
ENSMUSG00000004264	ENSSSCG00000024655	ortholog_one2one	1
ENSMUSG00000046881	ENSSSCG00000013850	ortholog_one2one	1
ENSMUSG00000074240	ENSSSCG00000055450	ortholog_one2one	1
ENSMUSG00000004054	ENSSSCG00000037531	ortholog_one2one	1
ENSMUSG00000058254	ENSSSCG00000012238	ortholog_one2one	1
ENSMUSG00000052557	ENSSSCG00000002690	ortholog_one2one	1
ENSMUSG00000109588	ENSSSCG00000011964	ortholog_one2one	1
ENSMUSG00000022494	ENSSSCG00000032878	ortholog_one2one	1
ENSMUSG00000107002	ENSSSCG00000059099	ortholog_one2one	1
ENSMUSG00000053560	ENSSSCG00000013753	ortholog_one2one	1
ENSMUSG00000022672	ENSSSCG00000006274	ortholog_one2one	1
ENSMUSG00000107486	ENSSSCG00000047566	ortholog_one2one	1
ENSMUSG00000034403	ENSSSCG00000024463	ortholog_one2one	1
ENSMUSG00000077549	ENSSSCG00000019395	ortholog_one2one	1
ENSMUSG00000051159	ENSSSCG00000012409	ortholog_one2one	1
ENSMUSG00000061132	ENSSSCG00000010504	ortholog_one2one	1
ENSMUSG00000024608	ENSSSCG00000054578	ortholog_one2one	1
ENSMUSG00000076475	ENSSSCG00000016479	ortholog_one2one	1
ENSMUSG00000096014	ENSSSCG00000052182	ortholog_one2one	1
ENSMUSG00000098557	ENSSSCG00000059342	ortholog_one2one	1
ENSMUSG00000034551	ENSSSCG00000038744	ortholog_one2one	1
ENSMUSG00000022126	ENSSSCG00000009469	ortholog_one2one	1
ENSMUSG00000046999	ENSSSCG00000035935	ortholog_one2one	1
ENSMUSG00000022894	ENSSSCG00000012027	ortholog_one2one	1
ENSMUSG00000031154	ENSSSCG00000021934	ortholog_one2one	1
ENSMUSG00000040380	ENSSSCG00000001985	ortholog_one2one	1
ENSMUSG00000053441	ENSSSCG00000014259	ortholog_one2one	1
ENSMUSG00000022848	ENSSSCG00000036766	ortholog_one2one	1
ENSMUSG00000037111	ENSSSCG00000030396	ortholog_one2one	1
ENSMUSG00000038055	ENSSSCG00000062538	ortholog_one2one	1
ENSMUSG00000058881	ENSSSCG00000004859	ortholog_one2one	1
ENSMUSG00000057777	ENSSSCG00000052676	ortholog_one2one	1
ENSMUSG00000022818	ENSSSCG00000011780	ortholog_one2one	1
ENSMUSG00000061082	ENSSSCG00000031207	ortholog_one2one	1
ENSMUSG00000038418	ENSSSCG00000014336	ortholog_one2one	1
ENSMUSG00000051065	ENSSSCG00000011819	ortholog_one2one	1
ENSMUSG00000042439	ENSSSCG00000034704	ortholog_one2one	1
ENSMUSG00000004221	ENSSSCG00000012825	ortholog_one2one	1
ENSMUSG00000022496	ENSSSCG00000032578	ortholog_one2one	1
ENSMUSG00000051860	ENSSSCG00000028497	ortholog_one2one	1
ENSMUSG00000025006	ENSSSCG00000010494	ortholog_one2one	1
ENSMUSG00000022940	ENSSSCG00000012061	ortholog_one2one	1
ENSMUSG00000093865	ENSSSCG00000009135	ortholog_one2one	1
ENSMUSG00000046345	ENSSSCG00000031614	ortholog_one2one	1
ENSMUSG00000036899	ENSSSCG00000062134	ortholog_one2one	1
ENSMUSG00000050685	ENSSSCG00000031231	ortholog_one2one	1
ENSMUSG00000090066	ENSSSCG00000057637	ortholog_one2one	1
ENSMUSG00000029866	ENSSSCG00000016472	ortholog_one2one	1
ENSMUSG00000034416	ENSSSCG00000039200	ortholog_one2one	1
ENSMUSG00000045479	ENSSSCG00000056503	ortholog_one2one	1
ENSMUSG00000100962	ENSSSCG00000040950	ortholog_one2one	1
ENSMUSG00000047959	ENSSSCG00000006802	ortholog_one2one	1
ENSMUSG00000042861	ENSSSCG00000006803	ortholog_one2one	1
ENSMUSG00000046213	ENSSSCG00000006804	ortholog_one2one	1
ENSMUSG00000065512	ENSSSCG00000022561	ortholog_one2one	1
ENSMUSG00000074151	ENSSSCG00000039751	ortholog_one2one	1
ENSMUSG00000090356	ENSSSCG00000027025	ortholog_one2one	1
ENSMUSG00000091243	ENSSSCG00000032398	ortholog_one2one	1
ENSMUSG00000047879	ENSSSCG00000022559	ortholog_one2one	1
ENSMUSG00000052854	ENSSSCG00000012546	ortholog_one2one	1
ENSMUSG00000022538	ENSSSCG00000011827	ortholog_one2one	1
ENSMUSG00000071113	ENSSSCG00000015847	ortholog_one2one	1
ENSMUSG00000031388	ENSSSCG00000012791	ortholog_one2one	1
ENSMUSG00000036894	ENSSSCG00000038366	ortholog_one2one	1
ENSMUSG00000004885	ENSSSCG00000006472	ortholog_one2one	1
ENSMUSG00000069041	ENSSSCG00000009078	ortholog_one2one	1
ENSMUSG00000034206	ENSSSCG00000036613	ortholog_one2one	1
ENSMUSG00000065580	ENSSSCG00000019020	ortholog_one2one	1
ENSMUSG00000065606	ENSSSCG00000019389	ortholog_one2one	1
ENSMUSG00000043468	ENSSSCG00000006713	ortholog_one2one	1
ENSMUSG00000015401	ENSSSCG00000035893	ortholog_one2one	1
ENSMUSG00000022799	ENSSSCG00000026224	ortholog_one2one	1
ENSMUSG00000042244	ENSSSCG00000027322	ortholog_one2one	1
ENSMUSG00000005262	ENSSSCG00000010121	ortholog_one2one	1
ENSMUSG00000048206	ENSSSCG00000058052	ortholog_one2one	1
ENSMUSG00000074637	ENSSSCG00000062993	ortholog_one2one	1
ENSMUSG00000073209	ENSSSCG00000016550	ortholog_one2one	1
ENSMUSG00000031153	ENSSSCG00000021106	ortholog_one2one	1
ENSMUSG00000022747	ENSSSCG00000034493	ortholog_one2one	1
ENSMUSG00000045322	ENSSSCG00000011436	ortholog_one2one	1
ENSMUSG00000047992	ENSSSCG00000039486	ortholog_one2one	1
ENSMUSG00000022801	ENSSSCG00000011854	ortholog_one2one	1
ENSMUSG00000033016	ENSSSCG00000004856	ortholog_one2one	1
ENSMUSG00000046460	ENSSSCG00000001764	ortholog_one2one	1
ENSMUSG00000010051	ENSSSCG00000060807	ortholog_one2one	1
ENSMUSG00000024530	ENSSSCG00000036781	ortholog_one2one	1
ENSMUSG00000079334	ENSSSCG00000011404	ortholog_one2one	1
ENSMUSG00000032318	ENSSSCG00000033348	ortholog_one2one	1
ENSMUSG00000034028	ENSSSCG00000038398	ortholog_one2one	1
ENSMUSG00000011118	ENSSSCG00000015194	ortholog_one2one	1
ENSMUSG00000066749	ENSSSCG00000042221	ortholog_one2one	1
ENSMUSG00000066748	ENSSSCG00000055432	ortholog_one2one	1
ENSMUSG00000066747	ENSSSCG00000054402	ortholog_one2one	1
ENSMUSG00000024293	ENSSSCG00000003700	ortholog_one2one	1
ENSMUSG00000055547	ENSSSCG00000015561	ortholog_one2one	1
ENSMUSG00000020609	ENSSSCG00000008595	ortholog_one2one	1
ENSMUSG00000031161	ENSSSCG00000025545	ortholog_one2one	1
ENSMUSG00000024501	ENSSSCG00000036549	ortholog_one2one	1
ENSMUSG00000053950	ENSSSCG00000038632	ortholog_one2one	1
ENSMUSG00000024360	ENSSSCG00000014337	ortholog_one2one	1
ENSMUSG00000004462	ENSSSCG00000011797	ortholog_one2one	1
ENSMUSG00000062309	ENSSSCG00000001888	ortholog_one2one	1
ENSMUSG00000044646	ENSSSCG00000028076	ortholog_one2one	1
ENSMUSG00000056271	ENSSSCG00000001899	ortholog_one2one	1
ENSMUSG00000024588	ENSSSCG00000004541	ortholog_one2one	1
ENSMUSG00000042501	ENSSSCG00000006200	ortholog_one2one	1
ENSMUSG00000005982	ENSSSCG00000021065	ortholog_one2one	1
ENSMUSG00000050901	ENSSSCG00000014939	ortholog_one2one	1
ENSMUSG00000056708	ENSSSCG00000015541	ortholog_one2one	1
ENSMUSG00000064225	ENSSSCG00000060874	ortholog_one2one	1
ENSMUSG00000054141	ENSSSCG00000052752	ortholog_one2one	1
ENSMUSG00000033671	ENSSSCG00000062714	ortholog_one2one	1
ENSMUSG00000036743	ENSSSCG00000003717	ortholog_one2one	1
ENSMUSG00000098923	ENSSSCG00000038305	ortholog_one2one	1
ENSMUSG00000024601	ENSSSCG00000014258	ortholog_one2one	1
ENSMUSG00000024592	ENSSSCG00000014250	ortholog_one2one	1
ENSMUSG00000032769	ENSSSCG00000006186	ortholog_one2one	1
ENSMUSG00000103037	ENSSSCG00000025141	ortholog_one2one	1
ENSMUSG00000006850	ENSSSCG00000014370	ortholog_one2one	1
ENSMUSG00000041079	ENSSSCG00000057067	ortholog_one2one	1
ENSMUSG00000022528	ENSSSCG00000031356	ortholog_one2one	1
ENSMUSG00000053773	ENSSSCG00000013666	ortholog_one2one	1
ENSMUSG00000049932	ENSSSCG00000042208	ortholog_one2one	1
ENSMUSG00000018830	ENSSSCG00000000146	ortholog_one2one	1
ENSMUSG00000025885	ENSSSCG00000004511	ortholog_one2one	1
ENSMUSG00000032451	ENSSSCG00000011668	ortholog_one2one	1
ENSMUSG00000025531	ENSSSCG00000012463	ortholog_one2one	1
ENSMUSG00000073735	ENSSSCG00000034490	ortholog_one2one	1
ENSMUSG00000067773	ENSSSCG00000001743	ortholog_one2one	1
ENSMUSG00000042596	ENSSSCG00000001744	ortholog_one2one	1
ENSMUSG00000043760	ENSSSCG00000001746	ortholog_one2one	1
ENSMUSG00000037953	ENSSSCG00000022473	ortholog_one2one	1
ENSMUSG00000022827	ENSSSCG00000035258	ortholog_one2one	1
ENSMUSG00000049699	ENSSSCG00000036910	ortholog_one2one	1
ENSMUSG00000053747	ENSSSCG00000031721	ortholog_one2one	1
ENSMUSG00000048799	ENSSSCG00000014239	ortholog_one2one	1
ENSMUSG00000025929	ENSSSCG00000001748	ortholog_one2one	1
ENSMUSG00000079625	ENSSSCG00000028376	ortholog_one2one	1
ENSMUSG00000009097	ENSSSCG00000037762	ortholog_one2one	1
ENSMUSG00000031132	ENSSSCG00000030172	ortholog_one2one	1
ENSMUSG00000031310	ENSSSCG00000024163	ortholog_one2one	1
ENSMUSG00000046994	ENSSSCG00000034494	ortholog_one2one	1
ENSMUSG00000047636	ENSSSCG00000030538	ortholog_one2one	1
ENSMUSG00000012017	ENSSSCG00000010109	ortholog_one2one	1
ENSMUSG00000070877	ENSSSCG00000027641	ortholog_one2one	1
ENSMUSG00000034785	ENSSSCG00000028896	ortholog_one2one	1
ENSMUSG00000103310	ENSSSCG00000028030	ortholog_one2one	1
ENSMUSG00000038349	ENSSSCG00000016083	ortholog_one2one	1
ENSMUSG00000041238	ENSSSCG00000024419	ortholog_one2one	1
ENSMUSG00000070720	ENSSSCG00000058017	ortholog_one2one	1
ENSMUSG00000065520	ENSSSCG00000019503	ortholog_one2one	1
ENSMUSG00000064115	ENSSSCG00000011999	ortholog_one2one	1
ENSMUSG00000028972	ENSSSCG00000003391	ortholog_one2one	1
ENSMUSG00000118764	ENSSSCG00000058228	ortholog_one2one	1
ENSMUSG00000032403	ENSSSCG00000004954	ortholog_one2one	1
ENSMUSG00000028370	ENSSSCG00000005498	ortholog_one2one	1
ENSMUSG00000022906	ENSSSCG00000027709	ortholog_one2one	1
ENSMUSG00000032080	ENSSSCG00000040689	ortholog_one2one	1
ENSMUSG00000039349	ENSSSCG00000027882	ortholog_one2one	1
ENSMUSG00000034452	ENSSSCG00000004937	ortholog_one2one	1
ENSMUSG00000070103	ENSSSCG00000018556	ortholog_one2one	1
ENSMUSG00000073530	ENSSSCG00000015512	ortholog_one2one	1
ENSMUSG00000054978	ENSSSCG00000035667	ortholog_one2one	1
ENSMUSG00000064604	ENSSSCG00000023086	ortholog_one2one	1
ENSMUSG00000080615	ENSSSCG00000027280	ortholog_one2one	1
ENSMUSG00000066510	ENSSSCG00000004545	ortholog_one2one	1
ENSMUSG00000032493	ENSSSCG00000011324	ortholog_one2one	1
ENSMUSG00002075146	ENSSSCG00000018308	ortholog_one2one	1
ENSMUSG00000022503	ENSSSCG00000024488	ortholog_one2one	1
ENSMUSG00000090394	ENSSSCG00000040719	ortholog_one2one	1
ENSMUSG00000065581	ENSSSCG00000040000	ortholog_one2one	1
ENSMUSG00000065562	ENSSSCG00000032560	ortholog_one2one	1
ENSMUSG00000079554	ENSSSCG00000016093	ortholog_one2one	1
ENSMUSG00000044201	ENSSSCG00000051455	ortholog_one2one	1
ENSMUSG00000079259	ENSSSCG00000036996	ortholog_one2one	1
ENSMUSG00000026147	ENSSSCG00000004274	ortholog_one2one	1
ENSMUSG00000025630	ENSSSCG00000034896	ortholog_one2one	1
ENSMUSG00000002845	ENSSSCG00000011901	ortholog_one2one	1
ENSMUSG00000059246	ENSSSCG00000035244	ortholog_one2one	1
ENSMUSG00000032226	ENSSSCG00000004584	ortholog_one2one	1
ENSMUSG00000024294	ENSSSCG00000025478	ortholog_one2one	1
ENSMUSG00000070934	ENSSSCG00000005174	ortholog_one2one	1
ENSMUSG00000056380	ENSSSCG00000023462	ortholog_one2one	1
ENSMUSG00000024497	ENSSSCG00000014412	ortholog_one2one	1
ENSMUSG00000044976	ENSSSCG00000004615	ortholog_one2one	1
ENSMUSG00000024487	ENSSSCG00000039309	ortholog_one2one	1
ENSMUSG00000031160	ENSSSCG00000042563	ortholog_one2one	1
ENSMUSG00000060509	ENSSSCG00000026707	ortholog_one2one	1
ENSMUSG00000024485	ENSSSCG00000014363	ortholog_one2one	1
ENSMUSG00000054000	ENSSSCG00000005128	ortholog_one2one	1
ENSMUSG00000035448	ENSSSCG00000024311	ortholog_one2one	1
ENSMUSG00000110404	ENSSSCG00000034107	ortholog_one2one	1
ENSMUSG00000028730	ENSSSCG00000023904	ortholog_one2one	1
ENSMUSG00000079083	ENSSSCG00000034924	ortholog_one2one	1
ENSMUSG00000031239	ENSSSCG00000012448	ortholog_one2one	1
ENSMUSG00000043698	ENSSSCG00000003955	ortholog_one2one	1
ENSMUSG00000023473	ENSSSCG00000011360	ortholog_one2one	1
ENSMUSG00000048490	ENSSSCG00000021038	ortholog_one2one	1
ENSMUSG00000043383	ENSSSCG00000003957	ortholog_one2one	1
ENSMUSG00000024270	ENSSSCG00000027455	ortholog_one2one	1
ENSMUSG00000046790	ENSSSCG00000003958	ortholog_one2one	1
ENSMUSG00000070820	ENSSSCG00000003960	ortholog_one2one	1
ENSMUSG00000031209	ENSSSCG00000012363	ortholog_one2one	1
ENSMUSG00000022914	ENSSSCG00000021042	ortholog_one2one	1
ENSMUSG00000003779	ENSSSCG00000014326	ortholog_one2one	1
ENSMUSG00000047619	ENSSSCG00000014995	ortholog_one2one	1
ENSMUSG00000050578	ENSSSCG00000014988	ortholog_one2one	1
ENSMUSG00000049723	ENSSSCG00000014987	ortholog_one2one	1
ENSMUSG00000049866	ENSSSCG00000034293	ortholog_one2one	1
ENSMUSG00000095576	ENSSSCG00000022759	ortholog_one2one	1
ENSMUSG00000028635	ENSSSCG00000037856	ortholog_one2one	1
ENSMUSG00000047810	ENSSSCG00000013042	ortholog_one2one	1
ENSMUSG00000065490	ENSSSCG00000018207	ortholog_one2one	1
ENSMUSG00000026012	ENSSSCG00000028561	ortholog_one2one	1
ENSMUSG00000026011	ENSSSCG00000016122	ortholog_one2one	1
ENSMUSG00000026009	ENSSSCG00000025042	ortholog_one2one	1
ENSMUSG00000040935	ENSSSCG00000003484	ortholog_one2one	1
ENSMUSG00000065579	ENSSSCG00000018173	ortholog_one2one	1
ENSMUSG00000052062	ENSSSCG00000016123	ortholog_one2one	1
ENSMUSG00000020673	ENSSSCG00000033193	ortholog_one2one	1
ENSMUSG00000034837	ENSSSCG00000042718	ortholog_one2one	1
ENSMUSG00000110067	ENSSSCG00000054874	ortholog_one2one	1
ENSMUSG00000091896	ENSSSCG00000036711	ortholog_one2one	1
ENSMUSG00000031422	ENSSSCG00000012534	ortholog_one2one	1
ENSMUSG00000090125	ENSSSCG00000003646	ortholog_one2one	1
ENSMUSG00000022696	ENSSSCG00000024429	ortholog_one2one	1
ENSMUSG00000024565	ENSSSCG00000004858	ortholog_one2one	1
ENSMUSG00000026573	ENSSSCG00000006298	ortholog_one2one	1
ENSMUSG00000056153	ENSSSCG00000032214	ortholog_one2one	1
ENSMUSG00000049515	ENSSSCG00000016335	ortholog_one2one	1
ENSMUSG00000024987	ENSSSCG00000010475	ortholog_one2one	1
ENSMUSG00000035783	ENSSSCG00000010447	ortholog_one2one	1
ENSMUSG00000048686	ENSSSCG00000021247	ortholog_one2one	1
ENSMUSG00000037432	ENSSSCG00000025022	ortholog_one2one	1
ENSMUSG00000024528	ENSSSCG00000022656	ortholog_one2one	1
ENSMUSG00000045045	ENSSSCG00000039360	ortholog_one2one	1
ENSMUSG00000095139	ENSSSCG00000056101	ortholog_one2one	1
ENSMUSG00000041180	ENSSSCG00000020912	ortholog_one2one	1
ENSMUSG00000039840	ENSSSCG00000021072	ortholog_one2one	1
ENSMUSG00000031391	ENSSSCG00000012787	ortholog_one2one	1
ENSMUSG00000103793	ENSSSCG00000046808	ortholog_one2one	1
ENSMUSG00000051344	ENSSSCG00000016141	ortholog_one2one	1
ENSMUSG00000051056	ENSSSCG00000004330	ortholog_one2one	1
ENSMUSG00000004069	ENSSSCG00000022874	ortholog_one2one	1
ENSMUSG00000091735	ENSSSCG00000048899	ortholog_one2one	1
ENSMUSG00000078365	ENSSSCG00000006248	ortholog_one2one	1
ENSMUSG00000037681	ENSSSCG00000027505	ortholog_one2one	1
ENSMUSG00000003282	ENSSSCG00000006247	ortholog_one2one	1
ENSMUSG00000005986	ENSSSCG00000012917	ortholog_one2one	1
ENSMUSG00000028236	ENSSSCG00000006245	ortholog_one2one	1
ENSMUSG00000024413	ENSSSCG00000003707	ortholog_one2one	1
ENSMUSG00000096968	ENSSSCG00000039073	ortholog_one2one	1
ENSMUSG00000070524	ENSSSCG00000006348	ortholog_one2one	1
ENSMUSG00000054360	ENSSSCG00000015139	ortholog_one2one	1
ENSMUSG00000039954	ENSSSCG00000014418	ortholog_one2one	1
ENSMUSG00000094985	ENSSSCG00000029268	ortholog_one2one	1
ENSMUSG00000062184	ENSSSCG00000021375	ortholog_one2one	1
ENSMUSG00000044674	ENSSSCG00000036436	ortholog_one2one	1
ENSMUSG00000046610	ENSSSCG00000004911	ortholog_one2one	1
ENSMUSG00000031347	ENSSSCG00000012757	ortholog_one2one	1
ENSMUSG00000050296	ENSSSCG00000034282	ortholog_one2one	1
ENSMUSG00000090264	ENSSSCG00000059551	ortholog_one2one	1
ENSMUSG00000042041	ENSSSCG00000040729	ortholog_one2one	1
ENSMUSG00000090946	ENSSSCG00000059202	ortholog_one2one	1
ENSMUSG00000024427	ENSSSCG00000036322	ortholog_one2one	1
ENSMUSG00000098590	ENSSSCG00000050125	ortholog_one2one	1
ENSMUSG00000024477	ENSSSCG00000014215	ortholog_one2one	1
ENSMUSG00000094995	ENSSSCG00000015221	ortholog_one2one	1
ENSMUSG00000054526	ENSSSCG00000041862	ortholog_one2one	1
ENSMUSG00000051146	ENSSSCG00000053887	ortholog_one2one	1
ENSMUSG00000008393	ENSSSCG00000026710	ortholog_one2one	1
ENSMUSG00000002014	ENSSSCG00000012784	ortholog_one2one	1
ENSMUSG00000025154	ENSSSCG00000037185	ortholog_one2one	1
ENSMUSG00000070999	ENSSSCG00000005340	ortholog_one2one	1
ENSMUSG00000092094	ENSSSCG00000015300	ortholog_one2one	1
ENSMUSG00000070990	ENSSSCG00000005369	ortholog_one2one	1
ENSMUSG00000022973	ENSSSCG00000012035	ortholog_one2one	1
ENSMUSG00000025094	ENSSSCG00000020671	ortholog_one2one	1
ENSMUSG00000067261	ENSSSCG00000032215	ortholog_one2one	1
ENSMUSG00000048775	ENSSSCG00000034519	ortholog_one2one	1
ENSMUSG00000070304	ENSSSCG00000021651	ortholog_one2one	1
ENSMUSG00000025090	ENSSSCG00000010656	ortholog_one2one	1
ENSMUSG00000044303	ENSSSCG00000005134	ortholog_one2one	1
ENSMUSG00000032091	ENSSSCG00000015086	ortholog_one2one	1
ENSMUSG00000025428	ENSSSCG00000004499	ortholog_one2one	1
ENSMUSG00000091996	ENSSSCG00000050318	ortholog_one2one	1
ENSMUSG00000109572	ENSSSCG00000034633	ortholog_one2one	1
ENSMUSG00000095654	ENSSSCG00000011691	ortholog_one2one	1
ENSMUSG00000025231	ENSSSCG00000010586	ortholog_one2one	1
ENSMUSG00000041907	ENSSSCG00000025772	ortholog_one2one	1
ENSMUSG00000032593	ENSSSCG00000011389	ortholog_one2one	1
ENSMUSG00000033774	ENSSSCG00000059721	ortholog_one2one	1
ENSMUSG00000022961	ENSSSCG00000023674	ortholog_one2one	1
ENSMUSG00000056494	ENSSSCG00000006134	ortholog_one2one	1
ENSMUSG00000073991	ENSSSCG00000036161	ortholog_one2one	1
ENSMUSG00000007107	ENSSSCG00000054190	ortholog_one2one	1
ENSMUSG00000029644	ENSSSCG00000055811	ortholog_one2one	1
ENSMUSG00000079559	ENSSSCG00000015019	ortholog_one2one	1
ENSMUSG00000036027	ENSSSCG00000015018	ortholog_one2one	1
ENSMUSG00000042694	ENSSSCG00000010605	ortholog_one2one	1
ENSMUSG00000079481	ENSSSCG00000012408	ortholog_one2one	1
ENSMUSG00000026358	ENSSSCG00000032416	ortholog_one2one	1
ENSMUSG00000062234	ENSSSCG00000021289	ortholog_one2one	1
ENSMUSG00000043613	ENSSSCG00000059078	ortholog_one2one	1
ENSMUSG00000022545	ENSSSCG00000007881	ortholog_one2one	1
ENSMUSG00000018620	ENSSSCG00000014983	ortholog_one2one	1
ENSMUSG00000031302	ENSSSCG00000027465	ortholog_one2one	1
ENSMUSG00000098509	ENSSSCG00000053520	ortholog_one2one	1
ENSMUSG00000018623	ENSSSCG00000014982	ortholog_one2one	1
ENSMUSG00000032021	ENSSSCG00000015137	ortholog_one2one	1
ENSMUSG00000024853	ENSSSCG00000012957	ortholog_one2one	1
ENSMUSG00000037924	ENSSSCG00000058791	ortholog_one2one	1
ENSMUSG00000055210	ENSSSCG00000034880	ortholog_one2one	1
ENSMUSG00000044518	ENSSSCG00000003884	ortholog_one2one	1
ENSMUSG00000105298	ENSSSCG00000015051	ortholog_one2one	1
ENSMUSG00000031111	ENSSSCG00000012667	ortholog_one2one	1
ENSMUSG00000049605	ENSSSCG00000058649	ortholog_one2one	1
ENSMUSG00000093011	ENSSSCG00000019317	ortholog_one2one	1
ENSMUSG00000093354	ENSSSCG00000025183	ortholog_one2one	1
ENSMUSG00000034435	ENSSSCG00000061900	ortholog_one2one	1
ENSMUSG00000074738	ENSSSCG00000053115	ortholog_one2one	1
ENSMUSG00000004460	ENSSSCG00000011798	ortholog_one2one	1
ENSMUSG00000029072	ENSSSCG00000003341	ortholog_one2one	1
ENSMUSG00000050796	ENSSSCG00000022151	ortholog_one2one	1
ENSMUSG00000065427	ENSSSCG00000019012	ortholog_one2one	1
ENSMUSG00000078588	ENSSSCG00000034727	ortholog_one2one	1
ENSMUSG00000045318	ENSSSCG00000008703	ortholog_one2one	1
ENSMUSG00000043429	ENSSSCG00000010888	ortholog_one2one	1
ENSMUSG00000038037	ENSSSCG00000027855	ortholog_one2one	1
ENSMUSG00000047502	ENSSSCG00000003845	ortholog_one2one	1
ENSMUSG00000039830	ENSSSCG00000012039	ortholog_one2one	1
ENSMUSG00000090071	ENSSSCG00000059789	ortholog_one2one	1
ENSMUSG00000006546	ENSSSCG00000040776	ortholog_one2one	1
ENSMUSG00000022601	ENSSSCG00000011953	ortholog_one2one	1
ENSMUSG00000024940	ENSSSCG00000012985	ortholog_one2one	1
ENSMUSG00000026205	ENSSSCG00000029694	ortholog_one2one	1
ENSMUSG00000031381	ENSSSCG00000012134	ortholog_one2one	1
ENSMUSG00000073775	ENSSSCG00000046753	ortholog_one2one	1
ENSMUSG00000022898	ENSSSCG00000012063	ortholog_one2one	1
ENSMUSG00000026601	ENSSSCG00000015528	ortholog_one2one	1
ENSMUSG00000090084	ENSSSCG00000012234	ortholog_one2one	1
ENSMUSG00000038791	ENSSSCG00000024111	ortholog_one2one	1
ENSMUSG00000033107	ENSSSCG00000003729	ortholog_one2one	1
ENSMUSG00000045364	ENSSSCG00000005136	ortholog_one2one	1
ENSMUSG00000065408	ENSSSCG00000018175	ortholog_one2one	1
ENSMUSG00000070645	ENSSSCG00000031235	ortholog_one2one	1
ENSMUSG00000070980	ENSSSCG00000005438	ortholog_one2one	1
ENSMUSG00000065544	ENSSSCG00000028093	ortholog_one2one	1
ENSMUSG00000031284	ENSSSCG00000025306	ortholog_one2one	1
ENSMUSG00000050677	ENSSSCG00000028085	ortholog_one2one	1
ENSMUSG00000026420	ENSSSCG00000015655	ortholog_one2one	1
ENSMUSG00000070576	ENSSSCG00000009966	ortholog_one2one	1
ENSMUSG00000024566	ENSSSCG00000004857	ortholog_one2one	1
ENSMUSG00000026416	ENSSSCG00000015654	ortholog_one2one	1
ENSMUSG00000052684	ENSSSCG00000031912	ortholog_one2one	1
ENSMUSG00000040865	ENSSSCG00000016125	ortholog_one2one	1
ENSMUSG00000060708	ENSSSCG00000059110	ortholog_one2one	1
ENSMUSG00000028369	ENSSSCG00000005455	ortholog_one2one	1
ENSMUSG00000052759	ENSSSCG00000055738	ortholog_one2one	1
ENSMUSG00000024816	ENSSSCG00000012992	ortholog_one2one	1
ENSMUSG00000044626	ENSSSCG00000011793	ortholog_one2one	1
ENSMUSG00000026497	ENSSSCG00000030675	ortholog_one2one	1
ENSMUSG00000026580	ENSSSCG00000006288	ortholog_one2one	1
ENSMUSG00000072487	ENSSSCG00000005928	ortholog_one2one	1
ENSMUSG00000051251	ENSSSCG00000006384	ortholog_one2one	1
ENSMUSG00000022507	ENSSSCG00000028454	ortholog_one2one	1
ENSMUSG00000073774	ENSSSCG00000058745	ortholog_one2one	1
ENSMUSG00000081683	ENSSSCG00000009751	ortholog_one2one	1
ENSMUSG00000061184	ENSSSCG00000029658	ortholog_one2one	1
ENSMUSG00000003527	ENSSSCG00000010114	ortholog_one2one	1
ENSMUSG00000072845	ENSSSCG00000008927	ortholog_one2one	1
ENSMUSG00000048764	ENSSSCG00000008930	ortholog_one2one	1
ENSMUSG00000097993	ENSSSCG00000049544	ortholog_one2one	1
ENSMUSG00000051276	ENSSSCG00000003357	ortholog_one2one	1
ENSMUSG00000035861	ENSSSCG00000038616	ortholog_one2one	1
ENSMUSG00000054537	ENSSSCG00000022140	ortholog_one2one	1
ENSMUSG00000026424	ENSSSCG00000038768	ortholog_one2one	1
ENSMUSG00000092572	ENSSSCG00000004889	ortholog_one2one	1
ENSMUSG00000025078	ENSSSCG00000010645	ortholog_one2one	1
ENSMUSG00000059049	ENSSSCG00000039025	ortholog_one2one	1
ENSMUSG00000022768	ENSSSCG00000010086	ortholog_one2one	1
ENSMUSG00000103421	ENSSSCG00000038350	ortholog_one2one	1
ENSMUSG00000025075	ENSSSCG00000010639	ortholog_one2one	1
ENSMUSG00000097918	ENSSSCG00000050131	ortholog_one2one	1
ENSMUSG00000026181	ENSSSCG00000010079	ortholog_one2one	1
ENSMUSG00000034185	ENSSSCG00000063244	ortholog_one2one	1
ENSMUSG00000115378	ENSSSCG00000036691	ortholog_one2one	1
ENSMUSG00000070683	ENSSSCG00000003529	ortholog_one2one	1
ENSMUSG00000069085	ENSSSCG00000035158	ortholog_one2one	1
ENSMUSG00000022805	ENSSSCG00000011892	ortholog_one2one	1
ENSMUSG00000034762	ENSSSCG00000003846	ortholog_one2one	1
ENSMUSG00000077704	ENSSSCG00000018864	ortholog_one2one	1
ENSMUSG00000039201	ENSSSCG00000040599	ortholog_one2one	1
ENSMUSG00000052920	ENSSSCG00000010429	ortholog_one2one	1
ENSMUSG00000022510	ENSSSCG00000025592	ortholog_one2one	1
ENSMUSG00000024897	ENSSSCG00000005250	ortholog_one2one	1
ENSMUSG00000070697	ENSSSCG00000028466	ortholog_one2one	1
ENSMUSG00000021506	ENSSSCG00000061433	ortholog_one2one	1
ENSMUSG00000078234	ENSSSCG00000023732	ortholog_one2one	1
ENSMUSG00000022603	ENSSSCG00000033726	ortholog_one2one	1
ENSMUSG00000029005	ENSSSCG00000003423	ortholog_one2one	1
ENSMUSG00000033053	ENSSSCG00000035668	ortholog_one2one	1
ENSMUSG00000063683	ENSSSCG00000062244	ortholog_one2one	1
ENSMUSG00000038199	ENSSSCG00000025737	ortholog_one2one	1
ENSMUSG00000025261	ENSSSCG00000012328	ortholog_one2one	1
ENSMUSG00000035528	ENSSSCG00000008944	ortholog_one2one	1
ENSMUSG00000038135	ENSSSCG00000038413	ortholog_one2one	1
ENSMUSG00000024737	ENSSSCG00000013114	ortholog_one2one	1
ENSMUSG00000022877	ENSSSCG00000011801	ortholog_one2one	1
ENSMUSG00000050215	ENSSSCG00000005326	ortholog_one2one	1
ENSMUSG00000035969	ENSSSCG00000005308	ortholog_one2one	1
ENSMUSG00000047591	ENSSSCG00000034820	ortholog_one2one	1
ENSMUSG00000033581	ENSSSCG00000011795	ortholog_one2one	1
ENSMUSG00000038044	ENSSSCG00000016428	ortholog_one2one	1
ENSMUSG00000081984	ENSSSCG00000028217	ortholog_one2one	1
ENSMUSG00000079429	ENSSSCG00000016305	ortholog_one2one	1
ENSMUSG00000034111	ENSSSCG00000036028	ortholog_one2one	1
ENSMUSG00000051367	ENSSSCG00000005087	ortholog_one2one	1
ENSMUSG00000065560	ENSSSCG00000018994	ortholog_one2one	1
ENSMUSG00000028460	ENSSSCG00000005312	ortholog_one2one	1
ENSMUSG00000060499	ENSSSCG00000005001	ortholog_one2one	1
ENSMUSG00000109179	ENSSSCG00000005916	ortholog_one2one	1
ENSMUSG00000021024	ENSSSCG00000054516	ortholog_one2one	1
ENSMUSG00000013663	ENSSSCG00000010440	ortholog_one2one	1
ENSMUSG00000052384	ENSSSCG00000023527	ortholog_one2one	1
ENSMUSG00000047369	ENSSSCG00000031483	ortholog_one2one	1
ENSMUSG00000025194	ENSSSCG00000010543	ortholog_one2one	1
ENSMUSG00000025189	ENSSSCG00000010536	ortholog_one2one	1
ENSMUSG00000090121	ENSSSCG00000005023	ortholog_one2one	1
ENSMUSG00000029188	ENSSSCG00000008758	ortholog_one2one	1
ENSMUSG00000003234	ENSSSCG00000028856	ortholog_one2one	1
ENSMUSG00000044408	ENSSSCG00000060304	ortholog_one2one	1
ENSMUSG00000037408	ENSSSCG00000008202	ortholog_one2one	1
ENSMUSG00000025193	ENSSSCG00000010542	ortholog_one2one	1
ENSMUSG00000096210	ENSSSCG00000039348	ortholog_one2one	1
ENSMUSG00000044583	ENSSSCG00000012117	ortholog_one2one	1
ENSMUSG00000005873	ENSSSCG00000022048	ortholog_one2one	1
ENSMUSG00000054523	ENSSSCG00000026796	ortholog_one2one	1
ENSMUSG00000031360	ENSSSCG00000012146	ortholog_one2one	1
ENSMUSG00000045314	ENSSSCG00000008985	ortholog_one2one	1
ENSMUSG00000090326	ENSSSCG00000028471	ortholog_one2one	1
ENSMUSG00000056124	ENSSSCG00000025005	ortholog_one2one	1
ENSMUSG00000042800	ENSSSCG00000006343	ortholog_one2one	1
ENSMUSG00000024959	ENSSSCG00000013033	ortholog_one2one	1
ENSMUSG00000052316	ENSSSCG00000026868	ortholog_one2one	1
ENSMUSG00000024777	ENSSSCG00000013016	ortholog_one2one	1
ENSMUSG00000003955	ENSSSCG00000026990	ortholog_one2one	1
ENSMUSG00000024313	ENSSSCG00000003732	ortholog_one2one	1
ENSMUSG00000057719	ENSSSCG00000014410	ortholog_one2one	1
ENSMUSG00000050553	ENSSSCG00000009257	ortholog_one2one	1
ENSMUSG00000094282	ENSSSCG00000009875	ortholog_one2one	1
ENSMUSG00000045515	ENSSSCG00000022096	ortholog_one2one	1
ENSMUSG00000022770	ENSSSCG00000011833	ortholog_one2one	1
ENSMUSG00000021179	ENSSSCG00000002434	ortholog_one2one	1
ENSMUSG00000024421	ENSSSCG00000003709	ortholog_one2one	1
ENSMUSG00000056665	ENSSSCG00000032063	ortholog_one2one	1
ENSMUSG00000022431	ENSSSCG00000024718	ortholog_one2one	1
ENSMUSG00000042605	ENSSSCG00000009834	ortholog_one2one	1
ENSMUSG00000033207	ENSSSCG00000030655	ortholog_one2one	1
ENSMUSG00000049148	ENSSSCG00000033993	ortholog_one2one	1
ENSMUSG00000022263	ENSSSCG00000016781	ortholog_one2one	1
ENSMUSG00000079036	ENSSSCG00000025906	ortholog_one2one	1
ENSMUSG00000041840	ENSSSCG00000004498	ortholog_one2one	1
ENSMUSG00000013662	ENSSSCG00000062685	ortholog_one2one	1
ENSMUSG00000025420	ENSSSCG00000022643	ortholog_one2one	1
ENSMUSG00000036698	ENSSSCG00000005935	ortholog_one2one	1
ENSMUSG00000020993	ENSSSCG00000004986	ortholog_one2one	1
ENSMUSG00000049551	ENSSSCG00000023004	ortholog_one2one	1
ENSMUSG00000053388	ENSSSCG00000007703	ortholog_one2one	1
ENSMUSG00000039382	ENSSSCG00000012290	ortholog_one2one	1
ENSMUSG00000024517	ENSSSCG00000037300	ortholog_one2one	1
ENSMUSG00000022617	ENSSSCG00000051883	ortholog_one2one	1
ENSMUSG00000024807	ENSSSCG00000039740	ortholog_one2one	1
ENSMUSG00000033382	ENSSSCG00000003728	ortholog_one2one	1
ENSMUSG00000094504	ENSSSCG00000050310	ortholog_one2one	1
ENSMUSG00000029541	ENSSSCG00000007549	ortholog_one2one	1
ENSMUSG00000033713	ENSSSCG00000002429	ortholog_one2one	1
ENSMUSG00000075408	ENSSSCG00000052770	ortholog_one2one	1
ENSMUSG00000036800	ENSSSCG00000005939	ortholog_one2one	1
ENSMUSG00000024913	ENSSSCG00000012885	ortholog_one2one	1
ENSMUSG00000039358	ENSSSCG00000008730	ortholog_one2one	1
ENSMUSG00000033762	ENSSSCG00000025736	ortholog_one2one	1
ENSMUSG00000021235	ENSSSCG00000002354	ortholog_one2one	1
ENSMUSG00000071647	ENSSSCG00000013061	ortholog_one2one	1
ENSMUSG00000042428	ENSSSCG00000038126	ortholog_one2one	1
ENSMUSG00000022439	ENSSSCG00000000025	ortholog_one2one	1
ENSMUSG00000029715	ENSSSCG00000007672	ortholog_one2one	1
ENSMUSG00000029714	ENSSSCG00000007668	ortholog_one2one	1
ENSMUSG00000001383	ENSSSCG00000029158	ortholog_one2one	1
ENSMUSG00000024579	ENSSSCG00000014433	ortholog_one2one	1
ENSMUSG00000068082	ENSSSCG00000008804	ortholog_one2one	1
ENSMUSG00000041134	ENSSSCG00000037935	ortholog_one2one	1
ENSMUSG00000045502	ENSSSCG00000037735	ortholog_one2one	1
ENSMUSG00000022350	ENSSSCG00000005969	ortholog_one2one	1
ENSMUSG00000049241	ENSSSCG00000060429	ortholog_one2one	1
ENSMUSG00000021190	ENSSSCG00000002452	ortholog_one2one	1
ENSMUSG00000024905	ENSSSCG00000012882	ortholog_one2one	1
ENSMUSG00000033632	ENSSSCG00000003747	ortholog_one2one	1
ENSMUSG00000063358	ENSSSCG00000010081	ortholog_one2one	1
ENSMUSG00000035818	ENSSSCG00000034754	ortholog_one2one	1
ENSMUSG00000033794	ENSSSCG00000056240	ortholog_one2one	1
ENSMUSG00000043948	ENSSSCG00000055267	ortholog_one2one	1
ENSMUSG00000024727	ENSSSCG00000005269	ortholog_one2one	1
ENSMUSG00000034484	ENSSSCG00000022790	ortholog_one2one	1
ENSMUSG00000042385	ENSSSCG00000016901	ortholog_one2one	1
ENSMUSG00000071652	ENSSSCG00000028275	ortholog_one2one	1
ENSMUSG00000024833	ENSSSCG00000012997	ortholog_one2one	1
ENSMUSG00000003166	ENSSSCG00000036280	ortholog_one2one	1
ENSMUSG00000006638	ENSSSCG00000008554	ortholog_one2one	1
ENSMUSG00000046808	ENSSSCG00000008812	ortholog_one2one	1
ENSMUSG00000031383	ENSSSCG00000012774	ortholog_one2one	1
ENSMUSG00000071757	ENSSSCG00000021586	ortholog_one2one	1
ENSMUSG00000102018	ENSSSCG00000034987	ortholog_one2one	1
ENSMUSG00000077185	ENSSSCG00000019120	ortholog_one2one	1
ENSMUSG00000077564	ENSSSCG00000019590	ortholog_one2one	1
ENSMUSG00000031204	ENSSSCG00000032889	ortholog_one2one	1
ENSMUSG00000066964	ENSSSCG00000009952	ortholog_one2one	1
ENSMUSG00000033728	ENSSSCG00000030451	ortholog_one2one	1
ENSMUSG00000031399	ENSSSCG00000028934	ortholog_one2one	1
ENSMUSG00000035614	ENSSSCG00000027765	ortholog_one2one	1
ENSMUSG00000048029	ENSSSCG00000010664	ortholog_one2one	1
ENSMUSG00000024304	ENSSSCG00000003722	ortholog_one2one	1
ENSMUSG00000051456	ENSSSCG00000036059	ortholog_one2one	1
ENSMUSG00000047632	ENSSSCG00000010466	ortholog_one2one	1
ENSMUSG00000035173	ENSSSCG00000010648	ortholog_one2one	1
ENSMUSG00000022652	ENSSSCG00000011937	ortholog_one2one	1
ENSMUSG00000033458	ENSSSCG00000004845	ortholog_one2one	1
ENSMUSG00000068270	ENSSSCG00000012309	ortholog_one2one	1
ENSMUSG00000046727	ENSSSCG00000014361	ortholog_one2one	1
ENSMUSG00000052133	ENSSSCG00000011872	ortholog_one2one	1
ENSMUSG00000071645	ENSSSCG00000013063	ortholog_one2one	1
ENSMUSG00000063354	ENSSSCG00000005905	ortholog_one2one	1
ENSMUSG00000029641	ENSSSCG00000039890	ortholog_one2one	1
ENSMUSG00000021070	ENSSSCG00000027030	ortholog_one2one	1
ENSMUSG00000097789	ENSSSCG00000056088	ortholog_one2one	1
ENSMUSG00000040022	ENSSSCG00000010672	ortholog_one2one	1
ENSMUSG00000021171	ENSSSCG00000016406	ortholog_one2one	1
ENSMUSG00000054737	ENSSSCG00000012284	ortholog_one2one	1
ENSMUSG00000022303	ENSSSCG00000006043	ortholog_one2one	1
ENSMUSG00000031364	ENSSSCG00000012144	ortholog_one2one	1
ENSMUSG00000024937	ENSSSCG00000012988	ortholog_one2one	1
ENSMUSG00000029618	ENSSSCG00000007596	ortholog_one2one	1
ENSMUSG00000042961	ENSSSCG00000016848	ortholog_one2one	1
ENSMUSG00000061882	ENSSSCG00000009787	ortholog_one2one	1
ENSMUSG00000022636	ENSSSCG00000011946	ortholog_one2one	1
ENSMUSG00000032688	ENSSSCG00000004917	ortholog_one2one	1
ENSMUSG00000029112	ENSSSCG00000038573	ortholog_one2one	1
ENSMUSG00000031232	ENSSSCG00000012435	ortholog_one2one	1
ENSMUSG00000022375	ENSSSCG00000005952	ortholog_one2one	1
ENSMUSG00000035356	ENSSSCG00000011951	ortholog_one2one	1
ENSMUSG00000030510	ENSSSCG00000004819	ortholog_one2one	1
ENSMUSG00000031375	ENSSSCG00000012766	ortholog_one2one	1
ENSMUSG00000004651	ENSSSCG00000026409	ortholog_one2one	1
ENSMUSG00000010830	ENSSSCG00000000105	ortholog_one2one	1
ENSMUSG00000024277	ENSSSCG00000003738	ortholog_one2one	1
ENSMUSG00000067642	ENSSSCG00000008570	ortholog_one2one	1
ENSMUSG00000075703	ENSSSCG00000030643	ortholog_one2one	1
ENSMUSG00000046598	ENSSSCG00000024109	ortholog_one2one	1
ENSMUSG00000031309	ENSSSCG00000012163	ortholog_one2one	1
ENSMUSG00000074634	ENSSSCG00000032979	ortholog_one2one	1
ENSMUSG00000034320	ENSSSCG00000039045	ortholog_one2one	1
ENSMUSG00000029282	ENSSSCG00000008936	ortholog_one2one	1
ENSMUSG00000067149	ENSSSCG00000035379	ortholog_one2one	1
ENSMUSG00000052299	ENSSSCG00000030528	ortholog_one2one	1
ENSMUSG00000073897	ENSSSCG00000014602	ortholog_one2one	1
ENSMUSG00000001924	ENSSSCG00000012270	ortholog_one2one	1
ENSMUSG00000021287	ENSSSCG00000002546	ortholog_one2one	1
ENSMUSG00000023026	ENSSSCG00000029196	ortholog_one2one	1
ENSMUSG00000048236	ENSSSCG00000021619	ortholog_one2one	1
ENSMUSG00000055917	ENSSSCG00000025910	ortholog_one2one	1
ENSMUSG00000066242	ENSSSCG00000044470	ortholog_one2one	1
ENSMUSG00000091204	ENSSSCG00000022882	ortholog_one2one	1
ENSMUSG00000051989	ENSSSCG00000012046	ortholog_one2one	1
ENSMUSG00000048387	ENSSSCG00000060496	ortholog_one2one	1
ENSMUSG00000022678	ENSSSCG00000040479	ortholog_one2one	1
ENSMUSG00000076432	ENSSSCG00000008638	ortholog_one2one	1
ENSMUSG00000023045	ENSSSCG00000000260	ortholog_one2one	1
ENSMUSG00000073234	ENSSSCG00000031091	ortholog_one2one	1
ENSMUSG00000043430	ENSSSCG00000055134	ortholog_one2one	1
ENSMUSG00000015002	ENSSSCG00000005955	ortholog_one2one	1
ENSMUSG00000021257	ENSSSCG00000002390	ortholog_one2one	1
ENSMUSG00000034525	ENSSSCG00000031547	ortholog_one2one	1
ENSMUSG00000022841	ENSSSCG00000024437	ortholog_one2one	1
ENSMUSG00000036123	ENSSSCG00000039413	ortholog_one2one	1
ENSMUSG00000057240	ENSSSCG00000032893	ortholog_one2one	1
ENSMUSG00000038683	ENSSSCG00000001041	ortholog_one2one	1
ENSMUSG00000078671	ENSSSCG00000002266	ortholog_one2one	1
ENSMUSG00000052981	ENSSSCG00000035825	ortholog_one2one	1
ENSMUSG00000067279	ENSSSCG00000010464	ortholog_one2one	1
ENSMUSG00000057858	ENSSSCG00000010674	ortholog_one2one	1
ENSMUSG00000022974	ENSSSCG00000012037	ortholog_one2one	1
ENSMUSG00000035062	ENSSSCG00000027657	ortholog_one2one	1
ENSMUSG00000051965	ENSSSCG00000003096	ortholog_one2one	1
ENSMUSG00000056537	ENSSSCG00000028538	ortholog_one2one	1
ENSMUSG00000047117	ENSSSCG00000014083	ortholog_one2one	1
ENSMUSG00000046675	ENSSSCG00000002458	ortholog_one2one	1
ENSMUSG00000021277	ENSSSCG00000002525	ortholog_one2one	1
ENSMUSG00000065543	ENSSSCG00000026843	ortholog_one2one	1
ENSMUSG00000052485	ENSSSCG00000014066	ortholog_one2one	1
ENSMUSG00000025612	ENSSSCG00000012029	ortholog_one2one	1
ENSMUSG00000064451	ENSSSCG00000023953	ortholog_one2one	1
ENSMUSG00000021384	ENSSSCG00000022237	ortholog_one2one	1
ENSMUSG00000022604	ENSSSCG00000011949	ortholog_one2one	1
ENSMUSG00000058569	ENSSSCG00000014036	ortholog_one2one	1
ENSMUSG00000044362	ENSSSCG00000062997	ortholog_one2one	1
ENSMUSG00000024481	ENSSSCG00000014221	ortholog_one2one	1
ENSMUSG00000054083	ENSSSCG00000002967	ortholog_one2one	1
ENSMUSG00000042372	ENSSSCG00000040481	ortholog_one2one	1
ENSMUSG00000109228	ENSSSCG00000026175	ortholog_one2one	1
ENSMUSG00000052593	ENSSSCG00000008641	ortholog_one2one	1
ENSMUSG00000021592	ENSSSCG00000014139	ortholog_one2one	1
ENSMUSG00000044149	ENSSSCG00000012620	ortholog_one2one	1
ENSMUSG00000050439	ENSSSCG00000000081	ortholog_one2one	1
ENSMUSG00000093238	ENSSSCG00000019173	ortholog_one2one	1
ENSMUSG00000031007	ENSSSCG00000012247	ortholog_one2one	1
ENSMUSG00000046761	ENSSSCG00000036964	ortholog_one2one	1
ENSMUSG00000025178	ENSSSCG00000010525	ortholog_one2one	1
ENSMUSG00000025370	ENSSSCG00000020845	ortholog_one2one	1
ENSMUSG00000039004	ENSSSCG00000001027	ortholog_one2one	1
ENSMUSG00000013539	ENSSSCG00000010134	ortholog_one2one	1
ENSMUSG00000030544	ENSSSCG00000001847	ortholog_one2one	1
ENSMUSG00000030543	ENSSSCG00000001848	ortholog_one2one	1
ENSMUSG00000024696	ENSSSCG00000021176	ortholog_one2one	1
ENSMUSG00000014686	ENSSSCG00000003081	ortholog_one2one	1
ENSMUSG00000037013	ENSSSCG00000003716	ortholog_one2one	1
ENSMUSG00000058258	ENSSSCG00000029066	ortholog_one2one	1
ENSMUSG00000025188	ENSSSCG00000010534	ortholog_one2one	1
ENSMUSG00000031256	ENSSSCG00000012486	ortholog_one2one	1
ENSMUSG00000076143	ENSSSCG00000019199	ortholog_one2one	1
ENSMUSG00000003354	ENSSSCG00000000179	ortholog_one2one	1
ENSMUSG00000022468	ENSSSCG00000033142	ortholog_one2one	1
ENSMUSG00000078926	ENSSSCG00000048484	ortholog_one2one	1
ENSMUSG00000022443	ENSSSCG00000000145	ortholog_one2one	1
ENSMUSG00000021590	ENSSSCG00000030114	ortholog_one2one	1
ENSMUSG00000021340	ENSSSCG00000001089	ortholog_one2one	1
ENSMUSG00000021135	ENSSSCG00000002313	ortholog_one2one	1
ENSMUSG00000014504	ENSSSCG00000026230	ortholog_one2one	1
ENSMUSG00000021102	ENSSSCG00000002496	ortholog_one2one	1
ENSMUSG00000022765	ENSSSCG00000010094	ortholog_one2one	1
ENSMUSG00000039903	ENSSSCG00000021598	ortholog_one2one	1
ENSMUSG00000021127	ENSSSCG00000028304	ortholog_one2one	1
ENSMUSG00000023009	ENSSSCG00000000209	ortholog_one2one	1
ENSMUSG00000020661	ENSSSCG00000029413	ortholog_one2one	1
ENSMUSG00000034820	ENSSSCG00000013083	ortholog_one2one	1
ENSMUSG00000073563	ENSSSCG00000014240	ortholog_one2one	1
ENSMUSG00000063727	ENSSSCG00000027762	ortholog_one2one	1
ENSMUSG00000035629	ENSSSCG00000011853	ortholog_one2one	1
ENSMUSG00000018169	ENSSSCG00000030209	ortholog_one2one	1
ENSMUSG00000045027	ENSSSCG00000035594	ortholog_one2one	1
ENSMUSG00000018589	ENSSSCG00000012129	ortholog_one2one	1
ENSMUSG00000098132	ENSSSCG00000022060	ortholog_one2one	1
ENSMUSG00000021703	ENSSSCG00000014119	ortholog_one2one	1
ENSMUSG00000047242	ENSSSCG00000026714	ortholog_one2one	1
ENSMUSG00000024395	ENSSSCG00000015862	ortholog_one2one	1
ENSMUSG00000016552	ENSSSCG00000000142	ortholog_one2one	1
ENSMUSG00000062901	ENSSSCG00000011775	ortholog_one2one	1
ENSMUSG00000045404	ENSSSCG00000002432	ortholog_one2one	1
ENSMUSG00000024451	ENSSSCG00000014391	ortholog_one2one	1
ENSMUSG00000021549	ENSSSCG00000014146	ortholog_one2one	1
ENSMUSG00000022149	ENSSSCG00000016856	ortholog_one2one	1
ENSMUSG00000025076	ENSSSCG00000032408	ortholog_one2one	1
ENSMUSG00000022900	ENSSSCG00000025436	ortholog_one2one	1
ENSMUSG00000022635	ENSSSCG00000034066	ortholog_one2one	1
ENSMUSG00000020564	ENSSSCG00000015432	ortholog_one2one	1
ENSMUSG00000002847	ENSSSCG00000011895	ortholog_one2one	1
ENSMUSG00000025218	ENSSSCG00000010564	ortholog_one2one	1
ENSMUSG00000024525	ENSSSCG00000024162	ortholog_one2one	1
ENSMUSG00000051980	ENSSSCG00000011878	ortholog_one2one	1
ENSMUSG00000087141	ENSSSCG00000056685	ortholog_one2one	1
ENSMUSG00000043065	ENSSSCG00000024663	ortholog_one2one	1
ENSMUSG00000048833	ENSSSCG00000028600	ortholog_one2one	1
ENSMUSG00000034371	ENSSSCG00000013087	ortholog_one2one	1
ENSMUSG00000021488	ENSSSCG00000014044	ortholog_one2one	1
ENSMUSG00000003778	ENSSSCG00000014327	ortholog_one2one	1
ENSMUSG00000038009	ENSSSCG00000000198	ortholog_one2one	1
ENSMUSG00000021198	ENSSSCG00000038851	ortholog_one2one	1
ENSMUSG00000024899	ENSSSCG00000010437	ortholog_one2one	1
ENSMUSG00000041653	ENSSSCG00000027266	ortholog_one2one	1
ENSMUSG00000022867	ENSSSCG00000024623	ortholog_one2one	1
ENSMUSG00000016495	ENSSSCG00000005212	ortholog_one2one	1
ENSMUSG00000021578	ENSSSCG00000036783	ortholog_one2one	1
ENSMUSG00000059895	ENSSSCG00000036569	ortholog_one2one	1
ENSMUSG00000045273	ENSSSCG00000027147	ortholog_one2one	1
ENSMUSG00000017843	ENSSSCG00000002540	ortholog_one2one	1
ENSMUSG00000024736	ENSSSCG00000013113	ortholog_one2one	1
ENSMUSG00000021700	ENSSSCG00000031796	ortholog_one2one	1
ENSMUSG00000025869	ENSSSCG00000014058	ortholog_one2one	1
ENSMUSG00000080268	ENSSSCG00000012939	ortholog_one2one	1
ENSMUSG00000018008	ENSSSCG00000000130	ortholog_one2one	1
ENSMUSG00000021392	ENSSSCG00000008069	ortholog_one2one	1
ENSMUSG00000022812	ENSSSCG00000011889	ortholog_one2one	1
ENSMUSG00000022790	ENSSSCG00000011906	ortholog_one2one	1
ENSMUSG00000053644	ENSSSCG00000014247	ortholog_one2one	1
ENSMUSG00000060681	ENSSSCG00000012698	ortholog_one2one	1
ENSMUSG00000052516	ENSSSCG00000012002	ortholog_one2one	1
ENSMUSG00000025227	ENSSSCG00000010584	ortholog_one2one	1
ENSMUSG00000021280	ENSSSCG00000036871	ortholog_one2one	1
ENSMUSG00000022272	ENSSSCG00000016794	ortholog_one2one	1
ENSMUSG00000041096	ENSSSCG00000012323	ortholog_one2one	1
ENSMUSG00000054894	ENSSSCG00000031354	ortholog_one2one	1
ENSMUSG00000047789	ENSSSCG00000030343	ortholog_one2one	1
ENSMUSG00000035944	ENSSSCG00000000003	ortholog_one2one	1
ENSMUSG00000036131	ENSSSCG00000023618	ortholog_one2one	1
ENSMUSG00000022840	ENSSSCG00000027952	ortholog_one2one	1
ENSMUSG00000034442	ENSSSCG00000024529	ortholog_one2one	1
ENSMUSG00000056812	ENSSSCG00000038971	ortholog_one2one	1
ENSMUSG00000031145	ENSSSCG00000012293	ortholog_one2one	1
ENSMUSG00000020948	ENSSSCG00000004996	ortholog_one2one	1
ENSMUSG00000024878	ENSSSCG00000005241	ortholog_one2one	1
ENSMUSG00000022432	ENSSSCG00000032971	ortholog_one2one	1
ENSMUSG00000025875	ENSSSCG00000014051	ortholog_one2one	1
ENSMUSG00000044024	ENSSSCG00000014389	ortholog_one2one	1
ENSMUSG00000035270	ENSSSCG00000031273	ortholog_one2one	1
ENSMUSG00000031166	ENSSSCG00000023759	ortholog_one2one	1
ENSMUSG00000040148	ENSSSCG00000010724	ortholog_one2one	1
ENSMUSG00000059213	ENSSSCG00000000184	ortholog_one2one	1
ENSMUSG00000022899	ENSSSCG00000030305	ortholog_one2one	1
ENSMUSG00000021266	ENSSSCG00000002516	ortholog_one2one	1
ENSMUSG00000024644	ENSSSCG00000004870	ortholog_one2one	1
ENSMUSG00000032702	ENSSSCG00000005235	ortholog_one2one	1
ENSMUSG00000030968	ENSSSCG00000007860	ortholog_one2one	1
ENSMUSG00000025872	ENSSSCG00000014061	ortholog_one2one	1
ENSMUSG00000022433	ENSSSCG00000000107	ortholog_one2one	1
ENSMUSG00000054555	ENSSSCG00000010746	ortholog_one2one	1
ENSMUSG00000021710	ENSSSCG00000016778	ortholog_one2one	1
ENSMUSG00000024370	ENSSSCG00000014325	ortholog_one2one	1
ENSMUSG00000110218	ENSSSCG00000042523	ortholog_one2one	1
ENSMUSG00000050866	ENSSSCG00000010753	ortholog_one2one	1
ENSMUSG00000052273	ENSSSCG00000046747	ortholog_one2one	1
ENSMUSG00000045019	ENSSSCG00000023969	ortholog_one2one	1
ENSMUSG00000025083	ENSSSCG00000010650	ortholog_one2one	1
ENSMUSG00000002664	ENSSSCG00000013540	ortholog_one2one	1
ENSMUSG00000020593	ENSSSCG00000008624	ortholog_one2one	1
ENSMUSG00000109392	ENSSSCG00000007842	ortholog_one2one	1
ENSMUSG00000024847	ENSSSCG00000062981	ortholog_one2one	1
ENSMUSG00000054889	ENSSSCG00000001025	ortholog_one2one	1
ENSMUSG00000043384	ENSSSCG00000012519	ortholog_one2one	1
ENSMUSG00000024712	ENSSSCG00000037277	ortholog_one2one	1
ENSMUSG00000035958	ENSSSCG00000001092	ortholog_one2one	1
ENSMUSG00000006464	ENSSSCG00000040416	ortholog_one2one	1
ENSMUSG00000050029	ENSSSCG00000026301	ortholog_one2one	1
ENSMUSG00000031156	ENSSSCG00000024841	ortholog_one2one	1
ENSMUSG00000036529	ENSSSCG00000000968	ortholog_one2one	1
ENSMUSG00000024238	ENSSSCG00000011025	ortholog_one2one	1
ENSMUSG00000065529	ENSSSCG00000031748	ortholog_one2one	1
ENSMUSG00000045664	ENSSSCG00000012996	ortholog_one2one	1
ENSMUSG00000039427	ENSSSCG00000007919	ortholog_one2one	1
ENSMUSG00000024993	ENSSSCG00000010680	ortholog_one2one	1
ENSMUSG00000007877	ENSSSCG00000017500	ortholog_one2one	1
ENSMUSG00000024622	ENSSSCG00000014440	ortholog_one2one	1
ENSMUSG00000021666	ENSSSCG00000014074	ortholog_one2one	1
ENSMUSG00000018168	ENSSSCG00000017494	ortholog_one2one	1
ENSMUSG00000031285	ENSSSCG00000012585	ortholog_one2one	1
ENSMUSG00000050545	ENSSSCG00000008584	ortholog_one2one	1
ENSMUSG00000086545	ENSSSCG00000017484	ortholog_one2one	1
ENSMUSG00000031378	ENSSSCG00000012779	ortholog_one2one	1
ENSMUSG00000041845	ENSSSCG00000022726	ortholog_one2one	1
ENSMUSG00000044243	ENSSSCG00000017802	ortholog_one2one	1
ENSMUSG00000033863	ENSSSCG00000021646	ortholog_one2one	1
ENSMUSG00000020607	ENSSSCG00000008664	ortholog_one2one	1
ENSMUSG00000025429	ENSSSCG00000060601	ortholog_one2one	1
ENSMUSG00000022514	ENSSSCG00000021206	ortholog_one2one	1
ENSMUSG00000049571	ENSSSCG00000010768	ortholog_one2one	1
ENSMUSG00000031382	ENSSSCG00000012133	ortholog_one2one	1
ENSMUSG00000020804	ENSSSCG00000017176	ortholog_one2one	1
ENSMUSG00000047454	ENSSSCG00000002285	ortholog_one2one	1
ENSMUSG00000067860	ENSSSCG00000012705	ortholog_one2one	1
ENSMUSG00000079614	ENSSSCG00000003673	ortholog_one2one	1
ENSMUSG00000046321	ENSSSCG00000036475	ortholog_one2one	1
ENSMUSG00000024667	ENSSSCG00000013084	ortholog_one2one	1
ENSMUSG00000031262	ENSSSCG00000012491	ortholog_one2one	1
ENSMUSG00000049670	ENSSSCG00000036954	ortholog_one2one	1
ENSMUSG00000110573	ENSSSCG00000032588	ortholog_one2one	1
ENSMUSG00000041774	ENSSSCG00000010087	ortholog_one2one	1
ENSMUSG00000030769	ENSSSCG00000033071	ortholog_one2one	1
ENSMUSG00000024830	ENSSSCG00000012910	ortholog_one2one	1
ENSMUSG00000035790	ENSSSCG00000057729	ortholog_one2one	1
ENSMUSG00000022983	ENSSSCG00000021023	ortholog_one2one	1
ENSMUSG00000056043	ENSSSCG00000051830	ortholog_one2one	1
ENSMUSG00000073971	ENSSSCG00000062582	ortholog_one2one	1
ENSMUSG00000042644	ENSSSCG00000001518	ortholog_one2one	1
ENSMUSG00000073969	ENSSSCG00000014769	ortholog_one2one	1
ENSMUSG00000009588	ENSSSCG00000017172	ortholog_one2one	1
ENSMUSG00000065583	ENSSSCG00000018996	ortholog_one2one	1
ENSMUSG00000038175	ENSSSCG00000001063	ortholog_one2one	1
ENSMUSG00000051062	ENSSSCG00000017013	ortholog_one2one	1
ENSMUSG00000049336	ENSSSCG00000017018	ortholog_one2one	1
ENSMUSG00000024327	ENSSSCG00000001475	ortholog_one2one	1
ENSMUSG00000021610	ENSSSCG00000017119	ortholog_one2one	1
ENSMUSG00000073950	ENSSSCG00000014730	ortholog_one2one	1
ENSMUSG00000045540	ENSSSCG00000055361	ortholog_one2one	1
ENSMUSG00000042225	ENSSSCG00000037591	ortholog_one2one	1
ENSMUSG00000055415	ENSSSCG00000021527	ortholog_one2one	1
ENSMUSG00000023931	ENSSSCG00000011205	ortholog_one2one	1
ENSMUSG00000036985	ENSSSCG00000012653	ortholog_one2one	1
ENSMUSG00000022972	ENSSSCG00000040827	ortholog_one2one	1
ENSMUSG00000024085	ENSSSCG00000014195	ortholog_one2one	1
ENSMUSG00000050541	ENSSSCG00000017041	ortholog_one2one	1
ENSMUSG00000047544	ENSSSCG00000034324	ortholog_one2one	1
ENSMUSG00000020401	ENSSSCG00000017057	ortholog_one2one	1
ENSMUSG00000078591	ENSSSCG00000036837	ortholog_one2one	1
ENSMUSG00000021376	ENSSSCG00000001073	ortholog_one2one	1
ENSMUSG00000062327	ENSSSCG00000036609	ortholog_one2one	1
ENSMUSG00000038148	ENSSSCG00000024788	ortholog_one2one	1
ENSMUSG00000045625	ENSSSCG00000029291	ortholog_one2one	1
ENSMUSG00000007050	ENSSSCG00000039021	ortholog_one2one	1
ENSMUSG00000042189	ENSSSCG00000018028	ortholog_one2one	1
ENSMUSG00000049176	ENSSSCG00000030877	ortholog_one2one	1
ENSMUSG00000001103	ENSSSCG00000025748	ortholog_one2one	1
ENSMUSG00000024970	ENSSSCG00000013048	ortholog_one2one	1
ENSMUSG00000022674	ENSSSCG00000022190	ortholog_one2one	1
ENSMUSG00000020826	ENSSSCG00000017755	ortholog_one2one	1
ENSMUSG00000031231	ENSSSCG00000032129	ortholog_one2one	1
ENSMUSG00000045316	ENSSSCG00000039715	ortholog_one2one	1
ENSMUSG00000096549	ENSSSCG00000050940	ortholog_one2one	1
ENSMUSG00000071691	ENSSSCG00000029902	ortholog_one2one	1
ENSMUSG00000117679	ENSSSCG00000014366	ortholog_one2one	1
ENSMUSG00000045427	ENSSSCG00000056417	ortholog_one2one	1
ENSMUSG00000021679	ENSSSCG00000014092	ortholog_one2one	1
ENSMUSG00000021594	ENSSSCG00000017103	ortholog_one2one	1
ENSMUSG00000048217	ENSSSCG00000024179	ortholog_one2one	1
ENSMUSG00000076460	ENSSSCG00000019009	ortholog_one2one	1
ENSMUSG00000025141	ENSSSCG00000032974	ortholog_one2one	1
ENSMUSG00000024687	ENSSSCG00000013125	ortholog_one2one	1
ENSMUSG00000118669	ENSSSCG00000010133	ortholog_one2one	1
ENSMUSG00000031298	ENSSSCG00000029756	ortholog_one2one	1
ENSMUSG00000050366	ENSSSCG00000059266	ortholog_one2one	1
ENSMUSG00000046490	ENSSSCG00000017985	ortholog_one2one	1
ENSMUSG00000048895	ENSSSCG00000017730	ortholog_one2one	1
ENSMUSG00000042211	ENSSSCG00000014427	ortholog_one2one	1
ENSMUSG00000074886	ENSSSCG00000035028	ortholog_one2one	1
ENSMUSG00000025323	ENSSSCG00000015378	ortholog_one2one	1
ENSMUSG00000023915	ENSSSCG00000001727	ortholog_one2one	1
ENSMUSG00000046010	ENSSSCG00000056119	ortholog_one2one	1
ENSMUSG00000040929	ENSSSCG00000005225	ortholog_one2one	1
ENSMUSG00000018916	ENSSSCG00000023737	ortholog_one2one	1
ENSMUSG00000075510	ENSSSCG00000017344	ortholog_one2one	1
ENSMUSG00000021000	ENSSSCG00000004983	ortholog_one2one	1
ENSMUSG00000024335	ENSSSCG00000001471	ortholog_one2one	1
ENSMUSG00000050328	ENSSSCG00000000281	ortholog_one2one	1
ENSMUSG00000046215	ENSSSCG00000017320	ortholog_one2one	1
ENSMUSG00000038127	ENSSSCG00000036423	ortholog_one2one	1
ENSMUSG00000049506	ENSSSCG00000017314	ortholog_one2one	1
ENSMUSG00000022594	ENSSSCG00000031724	ortholog_one2one	1
ENSMUSG00000065126	ENSSSCG00000019194	ortholog_one2one	1
ENSMUSG00000080540	ENSSSCG00000038887	ortholog_one2one	1
ENSMUSG00000036046	ENSSSCG00000000018	ortholog_one2one	1
ENSMUSG00000047514	ENSSSCG00000004438	ortholog_one2one	1
ENSMUSG00000045559	ENSSSCG00000063497	ortholog_one2one	1
ENSMUSG00000025041	ENSSSCG00000010594	ortholog_one2one	1
ENSMUSG00000018865	ENSSSCG00000000026	ortholog_one2one	1
ENSMUSG00000073966	ENSSSCG00000014762	ortholog_one2one	1
ENSMUSG00000037636	ENSSSCG00000012624	ortholog_one2one	1
ENSMUSG00000022761	ENSSSCG00000010097	ortholog_one2one	1
ENSMUSG00000073965	ENSSSCG00000014758	ortholog_one2one	1
ENSMUSG00000001131	ENSSSCG00000012277	ortholog_one2one	1
ENSMUSG00000036816	ENSSSCG00000021995	ortholog_one2one	1
ENSMUSG00000020652	ENSSSCG00000055702	ortholog_one2one	1
ENSMUSG00000022613	ENSSSCG00000023749	ortholog_one2one	1
ENSMUSG00000065446	ENSSSCG00000018907	ortholog_one2one	1
ENSMUSG00000054161	ENSSSCG00000025975	ortholog_one2one	1
ENSMUSG00000105196	ENSSSCG00000019138	ortholog_one2one	1
ENSMUSG00000070563	ENSSSCG00000025441	ortholog_one2one	1
ENSMUSG00000003271	ENSSSCG00000023280	ortholog_one2one	1
ENSMUSG00000018919	ENSSSCG00000031112	ortholog_one2one	1
ENSMUSG00000109833	ENSSSCG00000056576	ortholog_one2one	1
ENSMUSG00000052234	ENSSSCG00000017630	ortholog_one2one	1
ENSMUSG00000044986	ENSSSCG00000000133	ortholog_one2one	1
ENSMUSG00000059763	ENSSSCG00000004183	ortholog_one2one	1
ENSMUSG00000069708	ENSSSCG00000037870	ortholog_one2one	1
ENSMUSG00000037196	ENSSSCG00000038153	ortholog_one2one	1
ENSMUSG00000069707	ENSSSCG00000004184	ortholog_one2one	1
ENSMUSG00000031066	ENSSSCG00000012273	ortholog_one2one	1
ENSMUSG00000060787	ENSSSCG00000063040	ortholog_one2one	1
ENSMUSG00000054302	ENSSSCG00000001960	ortholog_one2one	1
ENSMUSG00000088634	ENSSSCG00000019402	ortholog_one2one	1
ENSMUSG00000048616	ENSSSCG00000036437	ortholog_one2one	1
ENSMUSG00000046755	ENSSSCG00000017599	ortholog_one2one	1
ENSMUSG00000024064	ENSSSCG00000008524	ortholog_one2one	1
ENSMUSG00000018451	ENSSSCG00000054603	ortholog_one2one	1
ENSMUSG00000041538	ENSSSCG00000001459	ortholog_one2one	1
ENSMUSG00000021415	ENSSSCG00000001001	ortholog_one2one	1
ENSMUSG00000025035	ENSSSCG00000031782	ortholog_one2one	1
ENSMUSG00000025270	ENSSSCG00000012347	ortholog_one2one	1
ENSMUSG00000073413	ENSSSCG00000060949	ortholog_one2one	1
ENSMUSG00000020867	ENSSSCG00000017565	ortholog_one2one	1
ENSMUSG00000023994	ENSSSCG00000001611	ortholog_one2one	1
ENSMUSG00000050107	ENSSSCG00000031821	ortholog_one2one	1
ENSMUSG00000021493	ENSSSCG00000040507	ortholog_one2one	1
ENSMUSG00000042942	ENSSSCG00000003699	ortholog_one2one	1
ENSMUSG00000022487	ENSSSCG00000026333	ortholog_one2one	1
ENSMUSG00000021276	ENSSSCG00000002530	ortholog_one2one	1
ENSMUSG00000047444	ENSSSCG00000052619	ortholog_one2one	1
ENSMUSG00000073906	ENSSSCG00000035041	ortholog_one2one	1
ENSMUSG00000040957	ENSSSCG00000003705	ortholog_one2one	1
ENSMUSG00000043692	ENSSSCG00000058069	ortholog_one2one	1
ENSMUSG00000078786	ENSSSCG00000040533	ortholog_one2one	1
ENSMUSG00000034336	ENSSSCG00000010595	ortholog_one2one	1
ENSMUSG00000024841	ENSSSCG00000027334	ortholog_one2one	1
ENSMUSG00000077493	ENSSSCG00000034166	ortholog_one2one	1
ENSMUSG00000036061	ENSSSCG00000024221	ortholog_one2one	1
ENSMUSG00000042256	ENSSSCG00000001729	ortholog_one2one	1
ENSMUSG00000061099	ENSSSCG00000002888	ortholog_one2one	1
ENSMUSG00000050410	ENSSSCG00000001392	ortholog_one2one	1
ENSMUSG00000062203	ENSSSCG00000021118	ortholog_one2one	1
ENSMUSG00000025224	ENSSSCG00000010579	ortholog_one2one	1
ENSMUSG00000031073	ENSSSCG00000012871	ortholog_one2one	1
ENSMUSG00000056579	ENSSSCG00000057183	ortholog_one2one	1
ENSMUSG00000057265	ENSSSCG00000002356	ortholog_one2one	1
ENSMUSG00000024212	ENSSSCG00000013534	ortholog_one2one	1
ENSMUSG00000031173	ENSSSCG00000012236	ortholog_one2one	1
ENSMUSG00000024268	ENSSSCG00000003748	ortholog_one2one	1
ENSMUSG00000041571	ENSSSCG00000034313	ortholog_one2one	1
ENSMUSG00000080478	ENSSSCG00000020791	ortholog_one2one	1
ENSMUSG00000018925	ENSSSCG00000017706	ortholog_one2one	1
ENSMUSG00000048878	ENSSSCG00000017336	ortholog_one2one	1
ENSMUSG00000031385	ENSSSCG00000012780	ortholog_one2one	1
ENSMUSG00000097886	ENSSSCG00000043177	ortholog_one2one	1
ENSMUSG00000065537	ENSSSCG00000045876	ortholog_one2one	1
ENSMUSG00000046058	ENSSSCG00000024773	ortholog_one2one	1
ENSMUSG00000046095	ENSSSCG00000017439	ortholog_one2one	1
ENSMUSG00000022358	ENSSSCG00000005981	ortholog_one2one	1
ENSMUSG00000048013	ENSSSCG00000017438	ortholog_one2one	1
ENSMUSG00000059114	ENSSSCG00000002391	ortholog_one2one	1
ENSMUSG00000022420	ENSSSCG00000000093	ortholog_one2one	1
ENSMUSG00000092300	ENSSSCG00000017193	ortholog_one2one	1
ENSMUSG00000040356	ENSSSCG00000001424	ortholog_one2one	1
ENSMUSG00000089542	ENSSSCG00000019619	ortholog_one2one	1
ENSMUSG00000054939	ENSSSCG00000007958	ortholog_one2one	1
ENSMUSG00000119662	ENSSSCG00000020152	ortholog_one2one	1
ENSMUSG00000061360	ENSSSCG00000035082	ortholog_one2one	1
ENSMUSG00000033918	ENSSSCG00000033424	ortholog_one2one	1
ENSMUSG00000031326	ENSSSCG00000021225	ortholog_one2one	1
ENSMUSG00000046731	ENSSSCG00000042089	ortholog_one2one	1
ENSMUSG00000025583	ENSSSCG00000017139	ortholog_one2one	1
ENSMUSG00000022297	ENSSSCG00000006052	ortholog_one2one	1
ENSMUSG00000025092	ENSSSCG00000036758	ortholog_one2one	1
ENSMUSG00000040363	ENSSSCG00000012241	ortholog_one2one	1
ENSMUSG00000022887	ENSSSCG00000011806	ortholog_one2one	1
ENSMUSG00000036944	ENSSSCG00000005951	ortholog_one2one	1
ENSMUSG00000037003	ENSSSCG00000000263	ortholog_one2one	1
ENSMUSG00000066262	ENSSSCG00000034777	ortholog_one2one	1
ENSMUSG00000049797	ENSSSCG00000034855	ortholog_one2one	1
ENSMUSG00000021368	ENSSSCG00000001053	ortholog_one2one	1
ENSMUSG00000055643	ENSSSCG00000027874	ortholog_one2one	1
ENSMUSG00000049134	ENSSSCG00000010640	ortholog_one2one	1
ENSMUSG00000003526	ENSSSCG00000033787	ortholog_one2one	1
ENSMUSG00000057050	ENSSSCG00000038683	ortholog_one2one	1
ENSMUSG00000042909	ENSSSCG00000046657	ortholog_one2one	1
ENSMUSG00000044899	ENSSSCG00000041706	ortholog_one2one	1
ENSMUSG00000034675	ENSSSCG00000040706	ortholog_one2one	1
ENSMUSG00000072501	ENSSSCG00000005950	ortholog_one2one	1
ENSMUSG00000073928	ENSSSCG00000043792	ortholog_one2one	1
ENSMUSG00000073927	ENSSSCG00000045520	ortholog_one2one	1
ENSMUSG00000039508	ENSSSCG00000004445	ortholog_one2one	1
ENSMUSG00000073926	ENSSSCG00000021919	ortholog_one2one	1
ENSMUSG00000031438	ENSSSCG00000012551	ortholog_one2one	1
ENSMUSG00000060044	ENSSSCG00000023525	ortholog_one2one	1
ENSMUSG00000073925	ENSSSCG00000034745	ortholog_one2one	1
ENSMUSG00000001524	ENSSSCG00000061414	ortholog_one2one	1
ENSMUSG00000073924	ENSSSCG00000034983	ortholog_one2one	1
ENSMUSG00000020090	ENSSSCG00000010266	ortholog_one2one	1
ENSMUSG00000025386	ENSSSCG00000053315	ortholog_one2one	1
ENSMUSG00000031393	ENSSSCG00000034742	ortholog_one2one	1
ENSMUSG00000020007	ENSSSCG00000004157	ortholog_one2one	1
ENSMUSG00000057594	ENSSSCG00000053661	ortholog_one2one	1
ENSMUSG00000110221	ENSSSCG00000049623	ortholog_one2one	1
ENSMUSG00000074405	ENSSSCG00000029156	ortholog_one2one	1
ENSMUSG00000056987	ENSSSCG00000002286	ortholog_one2one	1
ENSMUSG00000039485	ENSSSCG00000047800	ortholog_one2one	1
ENSMUSG00000031065	ENSSSCG00000012269	ortholog_one2one	1
ENSMUSG00000037370	ENSSSCG00000004193	ortholog_one2one	1
ENSMUSG00000034677	ENSSSCG00000027923	ortholog_one2one	1
ENSMUSG00000007867	ENSSSCG00000002386	ortholog_one2one	1
ENSMUSG00000040785	ENSSSCG00000012062	ortholog_one2one	1
ENSMUSG00000095276	ENSSSCG00000035723	ortholog_one2one	1
ENSMUSG00000038300	ENSSSCG00000003171	ortholog_one2one	1
ENSMUSG00000100512	ENSSSCG00000042327	ortholog_one2one	1
ENSMUSG00000044788	ENSSSCG00000017226	ortholog_one2one	1
ENSMUSG00000074211	ENSSSCG00000056787	ortholog_one2one	1
ENSMUSG00000002057	ENSSSCG00000017762	ortholog_one2one	1
ENSMUSG00000073978	ENSSSCG00000058147	ortholog_one2one	1
ENSMUSG00000019890	ENSSSCG00000000932	ortholog_one2one	1
ENSMUSG00000073977	ENSSSCG00000061861	ortholog_one2one	1
ENSMUSG00000050288	ENSSSCG00000029838	ortholog_one2one	1
ENSMUSG00000073974	ENSSSCG00000014778	ortholog_one2one	1
ENSMUSG00000070337	ENSSSCG00000020884	ortholog_one2one	1
ENSMUSG00000021236	ENSSSCG00000002355	ortholog_one2one	1
ENSMUSG00000043439	ENSSSCG00000035677	ortholog_one2one	1
ENSMUSG00000045824	ENSSSCG00000014754	ortholog_one2one	1
ENSMUSG00000066269	ENSSSCG00000061264	ortholog_one2one	1
ENSMUSG00000020383	ENSSSCG00000014281	ortholog_one2one	1
ENSMUSG00000073962	ENSSSCG00000014752	ortholog_one2one	1
ENSMUSG00000036117	ENSSSCG00000014278	ortholog_one2one	1
ENSMUSG00000043354	ENSSSCG00000043251	ortholog_one2one	1
ENSMUSG00000020327	ENSSSCG00000039236	ortholog_one2one	1
ENSMUSG00000094483	ENSSSCG00000032464	ortholog_one2one	1
ENSMUSG00000002578	ENSSSCG00000031139	ortholog_one2one	1
ENSMUSG00000050600	ENSSSCG00000007526	ortholog_one2one	1
ENSMUSG00000045176	ENSSSCG00000028788	ortholog_one2one	1
ENSMUSG00000064899	ENSSSCG00000023729	ortholog_one2one	1
ENSMUSG00000023781	ENSSSCG00000060339	ortholog_one2one	1
ENSMUSG00000068036	ENSSSCG00000004018	ortholog_one2one	1
ENSMUSG00000018476	ENSSSCG00000017962	ortholog_one2one	1
ENSMUSG00000024907	ENSSSCG00000012883	ortholog_one2one	1
ENSMUSG00000024672	ENSSSCG00000013102	ortholog_one2one	1
ENSMUSG00000045581	ENSSSCG00000043559	ortholog_one2one	1
ENSMUSG00000020183	ENSSSCG00000023630	ortholog_one2one	1
ENSMUSG00000050763	ENSSSCG00000061437	ortholog_one2one	1
ENSMUSG00000051354	ENSSSCG00000004202	ortholog_one2one	1
ENSMUSG00000037570	ENSSSCG00000000202	ortholog_one2one	1
ENSMUSG00000050103	ENSSSCG00000015356	ortholog_one2one	1
ENSMUSG00000057506	ENSSSCG00000010551	ortholog_one2one	1
ENSMUSG00000009246	ENSSSCG00000039644	ortholog_one2one	1
ENSMUSG00000042082	ENSSSCG00000038535	ortholog_one2one	1
ENSMUSG00000038510	ENSSSCG00000004394	ortholog_one2one	1
ENSMUSG00000025024	ENSSSCG00000030507	ortholog_one2one	1
ENSMUSG00000085683	ENSSSCG00000055105	ortholog_one2one	1
ENSMUSG00000037369	ENSSSCG00000012262	ortholog_one2one	1
ENSMUSG00000075324	ENSSSCG00000034262	ortholog_one2one	1
ENSMUSG00000038721	ENSSSCG00000017538	ortholog_one2one	1
ENSMUSG00000038700	ENSSSCG00000017540	ortholog_one2one	1
ENSMUSG00000065519	ENSSSCG00000019270	ortholog_one2one	1
ENSMUSG00000038692	ENSSSCG00000017535	ortholog_one2one	1
ENSMUSG00000075588	ENSSSCG00000017533	ortholog_one2one	1
ENSMUSG00000020668	ENSSSCG00000008574	ortholog_one2one	1
ENSMUSG00000018973	ENSSSCG00000017532	ortholog_one2one	1
ENSMUSG00000021539	ENSSSCG00000014315	ortholog_one2one	1
ENSMUSG00000033987	ENSSSCG00000036056	ortholog_one2one	1
ENSMUSG00000021203	ENSSSCG00000002469	ortholog_one2one	1
ENSMUSG00000041550	ENSSSCG00000002481	ortholog_one2one	1
ENSMUSG00000001435	ENSSSCG00000038089	ortholog_one2one	1
ENSMUSG00000042590	ENSSSCG00000016938	ortholog_one2one	1
ENSMUSG00000040490	ENSSSCG00000001597	ortholog_one2one	1
ENSMUSG00000036492	ENSSSCG00000025208	ortholog_one2one	1
ENSMUSG00000031289	ENSSSCG00000012594	ortholog_one2one	1
ENSMUSG00000049999	ENSSSCG00000007530	ortholog_one2one	1
ENSMUSG00000021012	ENSSSCG00000002426	ortholog_one2one	1
ENSMUSG00000025049	ENSSSCG00000010597	ortholog_one2one	1
ENSMUSG00000074676	ENSSSCG00000033613	ortholog_one2one	1
ENSMUSG00000040229	ENSSSCG00000022309	ortholog_one2one	1
ENSMUSG00000042631	ENSSSCG00000007238	ortholog_one2one	1
ENSMUSG00000052712	ENSSSCG00000035341	ortholog_one2one	1
ENSMUSG00000056209	ENSSSCG00000010568	ortholog_one2one	1
ENSMUSG00000040990	ENSSSCG00000012160	ortholog_one2one	1
ENSMUSG00000034957	ENSSSCG00000002866	ortholog_one2one	1
ENSMUSG00000036218	ENSSSCG00000000791	ortholog_one2one	1
ENSMUSG00000024900	ENSSSCG00000012880	ortholog_one2one	1
ENSMUSG00000098488	ENSSSCG00000004737	ortholog_one2one	1
ENSMUSG00000040054	ENSSSCG00000000403	ortholog_one2one	1
ENSMUSG00000023010	ENSSSCG00000029652	ortholog_one2one	1
ENSMUSG00000074899	ENSSSCG00000004736	ortholog_one2one	1
ENSMUSG00000014198	ENSSSCG00000028051	ortholog_one2one	1
ENSMUSG00000036862	ENSSSCG00000029189	ortholog_one2one	1
ENSMUSG00000022738	ENSSSCG00000062065	ortholog_one2one	1
ENSMUSG00000070719	ENSSSCG00000004733	ortholog_one2one	1
ENSMUSG00000047861	ENSSSCG00000017009	ortholog_one2one	1
ENSMUSG00000020913	ENSSSCG00000017465	ortholog_one2one	1
ENSMUSG00000041215	ENSSSCG00000011776	ortholog_one2one	1
ENSMUSG00000035831	ENSSSCG00000017464	ortholog_one2one	1
ENSMUSG00000065551	ENSSSCG00000019083	ortholog_one2one	1
ENSMUSG00000043795	ENSSSCG00000036244	ortholog_one2one	1
ENSMUSG00000026818	ENSSSCG00000028671	ortholog_one2one	1
ENSMUSG00000075570	ENSSSCG00000017463	ortholog_one2one	1
ENSMUSG00000048281	ENSSSCG00000009387	ortholog_one2one	1
ENSMUSG00000017588	ENSSSCG00000017462	ortholog_one2one	1
ENSMUSG00000021890	ENSSSCG00000026622	ortholog_one2one	1
ENSMUSG00000045493	ENSSSCG00000054477	ortholog_one2one	1
ENSMUSG00000059169	ENSSSCG00000036987	ortholog_one2one	1
ENSMUSG00000024235	ENSSSCG00000020705	ortholog_one2one	1
ENSMUSG00000078132	ENSSSCG00000055895	ortholog_one2one	1
ENSMUSG00000046523	ENSSSCG00000022868	ortholog_one2one	1
ENSMUSG00000047253	ENSSSCG00000038114	ortholog_one2one	1
ENSMUSG00000019775	ENSSSCG00000004075	ortholog_one2one	1
ENSMUSG00000114245	ENSSSCG00000048138	ortholog_one2one	1
ENSMUSG00000011751	ENSSSCG00000037494	ortholog_one2one	1
ENSMUSG00000014813	ENSSSCG00000009642	ortholog_one2one	1
ENSMUSG00000024789	ENSSSCG00000005215	ortholog_one2one	1
ENSMUSG00000025557	ENSSSCG00000009513	ortholog_one2one	1
ENSMUSG00000025421	ENSSSCG00000005771	ortholog_one2one	1
ENSMUSG00000044447	ENSSSCG00000009650	ortholog_one2one	1
ENSMUSG00000076361	ENSSSCG00000018739	ortholog_one2one	1
ENSMUSG00000065586	ENSSSCG00000018762	ortholog_one2one	1
ENSMUSG00000071369	ENSSSCG00000026041	ortholog_one2one	1
ENSMUSG00000027015	ENSSSCG00000025049	ortholog_one2one	1
ENSMUSG00000030592	ENSSSCG00000058790	ortholog_one2one	1
ENSMUSG00000053654	ENSSSCG00000017433	ortholog_one2one	1
ENSMUSG00000075592	ENSSSCG00000032473	ortholog_one2one	1
ENSMUSG00000022026	ENSSSCG00000009444	ortholog_one2one	1
ENSMUSG00000118537	ENSSSCG00000055217	ortholog_one2one	1
ENSMUSG00000037989	ENSSSCG00000034154	ortholog_one2one	1
ENSMUSG00000001661	ENSSSCG00000030585	ortholog_one2one	1
ENSMUSG00000039828	ENSSSCG00000016846	ortholog_one2one	1
ENSMUSG00000033111	ENSSSCG00000011486	ortholog_one2one	1
ENSMUSG00000075520	ENSSSCG00000040615	ortholog_one2one	1
ENSMUSG00000040018	ENSSSCG00000010541	ortholog_one2one	1
ENSMUSG00000024163	ENSSSCG00000008018	ortholog_one2one	1
ENSMUSG00000046229	ENSSSCG00000007312	ortholog_one2one	1
ENSMUSG00000068859	ENSSSCG00000036172	ortholog_one2one	1
ENSMUSG00000024500	ENSSSCG00000028976	ortholog_one2one	1
ENSMUSG00000026735	ENSSSCG00000030662	ortholog_one2one	1
ENSMUSG00000060397	ENSSSCG00000040038	ortholog_one2one	1
ENSMUSG00000032806	ENSSSCG00000025766	ortholog_one2one	1
ENSMUSG00000034057	ENSSSCG00000023936	ortholog_one2one	1
ENSMUSG00000043415	ENSSSCG00000011076	ortholog_one2one	1
ENSMUSG00000031299	ENSSSCG00000023643	ortholog_one2one	1
ENSMUSG00000040732	ENSSSCG00000022318	ortholog_one2one	1
ENSMUSG00000068206	ENSSSCG00000000114	ortholog_one2one	1
ENSMUSG00000025199	ENSSSCG00000010548	ortholog_one2one	1
ENSMUSG00000025373	ENSSSCG00000000383	ortholog_one2one	1
ENSMUSG00000024352	ENSSSCG00000014348	ortholog_one2one	1
ENSMUSG00000068452	ENSSSCG00000004678	ortholog_one2one	1
ENSMUSG00000055538	ENSSSCG00000033074	ortholog_one2one	1
ENSMUSG00000033268	ENSSSCG00000004675	ortholog_one2one	1
ENSMUSG00000021898	ENSSSCG00000035320	ortholog_one2one	1
ENSMUSG00000049036	ENSSSCG00000058170	ortholog_one2one	1
ENSMUSG00000063445	ENSSSCG00000007943	ortholog_one2one	1
ENSMUSG00000006356	ENSSSCG00000038713	ortholog_one2one	1
ENSMUSG00000022656	ENSSSCG00000011933	ortholog_one2one	1
ENSMUSG00000059898	ENSSSCG00000057415	ortholog_one2one	1
ENSMUSG00000031165	ENSSSCG00000036747	ortholog_one2one	1
ENSMUSG00000026786	ENSSSCG00000030156	ortholog_one2one	1
ENSMUSG00000021933	ENSSSCG00000024765	ortholog_one2one	1
ENSMUSG00000031148	ENSSSCG00000012291	ortholog_one2one	1
ENSMUSG00000057469	ENSSSCG00000026161	ortholog_one2one	1
ENSMUSG00000004665	ENSSSCG00000039542	ortholog_one2one	1
ENSMUSG00000045534	ENSSSCG00000056277	ortholog_one2one	1
ENSMUSG00000001815	ENSSSCG00000023146	ortholog_one2one	1
ENSMUSG00000047976	ENSSSCG00000000716	ortholog_one2one	1
ENSMUSG00000001819	ENSSSCG00000057890	ortholog_one2one	1
ENSMUSG00000037362	ENSSSCG00000006002	ortholog_one2one	1
ENSMUSG00000001823	ENSSSCG00000015980	ortholog_one2one	1
ENSMUSG00000021587	ENSSSCG00000014169	ortholog_one2one	1
ENSMUSG00000037712	ENSSSCG00000005041	ortholog_one2one	1
ENSMUSG00000042448	ENSSSCG00000015986	ortholog_one2one	1
ENSMUSG00000000420	ENSSSCG00000003743	ortholog_one2one	1
ENSMUSG00000039763	ENSSSCG00000028192	ortholog_one2one	1
ENSMUSG00000043301	ENSSSCG00000012065	ortholog_one2one	1
ENSMUSG00000023030	ENSSSCG00000034039	ortholog_one2one	1
ENSMUSG00000025626	ENSSSCG00000022942	ortholog_one2one	1
ENSMUSG00000091337	ENSSSCG00000004656	ortholog_one2one	1
ENSMUSG00000035640	ENSSSCG00000034339	ortholog_one2one	1
ENSMUSG00000022947	ENSSSCG00000012053	ortholog_one2one	1
ENSMUSG00000037660	ENSSSCG00000028931	ortholog_one2one	1
ENSMUSG00000074622	ENSSSCG00000058919	ortholog_one2one	1
ENSMUSG00000021003	ENSSSCG00000027865	ortholog_one2one	1
ENSMUSG00000022515	ENSSSCG00000007939	ortholog_one2one	1
ENSMUSG00000047419	ENSSSCG00000026098	ortholog_one2one	1
ENSMUSG00000063529	ENSSSCG00000001067	ortholog_one2one	1
ENSMUSG00000034334	ENSSSCG00000014123	ortholog_one2one	1
ENSMUSG00000043102	ENSSSCG00000005705	ortholog_one2one	1
ENSMUSG00000025289	ENSSSCG00000012171	ortholog_one2one	1
ENSMUSG00000057716	ENSSSCG00000016493	ortholog_one2one	1
ENSMUSG00000054582	ENSSSCG00000007382	ortholog_one2one	1
ENSMUSG00000048379	ENSSSCG00000032332	ortholog_one2one	1
ENSMUSG00000021639	ENSSSCG00000028786	ortholog_one2one	1
ENSMUSG00000050504	ENSSSCG00000012664	ortholog_one2one	1
ENSMUSG00000029885	ENSSSCG00000016486	ortholog_one2one	1
ENSMUSG00000091402	ENSSSCG00000060746	ortholog_one2one	1
ENSMUSG00000073207	ENSSSCG00000031011	ortholog_one2one	1
ENSMUSG00000039197	ENSSSCG00000010315	ortholog_one2one	1
ENSMUSG00000076461	ENSSSCG00000037885	ortholog_one2one	1
ENSMUSG00000051936	ENSSSCG00000016485	ortholog_one2one	1
ENSMUSG00000021234	ENSSSCG00000002353	ortholog_one2one	1
ENSMUSG00000063698	ENSSSCG00000010681	ortholog_one2one	1
ENSMUSG00000041476	ENSSSCG00000032720	ortholog_one2one	1
ENSMUSG00000054497	ENSSSCG00000035471	ortholog_one2one	1
ENSMUSG00000047022	ENSSSCG00000039714	ortholog_one2one	1
ENSMUSG00000017733	ENSSSCG00000033572	ortholog_one2one	1
ENSMUSG00000038773	ENSSSCG00000014331	ortholog_one2one	1
ENSMUSG00000052819	ENSSSCG00000013733	ortholog_one2one	1
ENSMUSG00000025200	ENSSSCG00000010550	ortholog_one2one	1
ENSMUSG00000022376	ENSSSCG00000031717	ortholog_one2one	1
ENSMUSG00000019297	ENSSSCG00000001990	ortholog_one2one	1
ENSMUSG00000075012	ENSSSCG00000025588	ortholog_one2one	1
ENSMUSG00000075249	ENSSSCG00000060494	ortholog_one2one	1
ENSMUSG00000021177	ENSSSCG00000002431	ortholog_one2one	1
ENSMUSG00000036442	ENSSSCG00000002769	ortholog_one2one	1
ENSMUSG00000031295	ENSSSCG00000012157	ortholog_one2one	1
ENSMUSG00000044921	ENSSSCG00000034948	ortholog_one2one	1
ENSMUSG00000058806	ENSSSCG00000010256	ortholog_one2one	1
ENSMUSG00000045538	ENSSSCG00000026038	ortholog_one2one	1
ENSMUSG00000024969	ENSSSCG00000013050	ortholog_one2one	1
ENSMUSG00000054263	ENSSSCG00000016850	ortholog_one2one	1
ENSMUSG00000022123	ENSSSCG00000009474	ortholog_one2one	1
ENSMUSG00000027316	ENSSSCG00000021401	ortholog_one2one	1
ENSMUSG00000046876	ENSSSCG00000001065	ortholog_one2one	1
ENSMUSG00000029797	ENSSSCG00000039661	ortholog_one2one	1
ENSMUSG00000071533	ENSSSCG00000036491	ortholog_one2one	1
ENSMUSG00000021868	ENSSSCG00000010330	ortholog_one2one	1
ENSMUSG00000027322	ENSSSCG00000007146	ortholog_one2one	1
ENSMUSG00000034602	ENSSSCG00000000458	ortholog_one2one	1
ENSMUSG00000046768	ENSSSCG00000022804	ortholog_one2one	1
ENSMUSG00000063410	ENSSSCG00000009511	ortholog_one2one	1
ENSMUSG00000021661	ENSSSCG00000014070	ortholog_one2one	1
ENSMUSG00000022076	ENSSSCG00000009456	ortholog_one2one	1
ENSMUSG00000041923	ENSSSCG00000003737	ortholog_one2one	1
ENSMUSG00000074577	ENSSSCG00000007470	ortholog_one2one	1
ENSMUSG00000021282	ENSSSCG00000034709	ortholog_one2one	1
ENSMUSG00000022559	ENSSSCG00000005909	ortholog_one2one	1
ENSMUSG00000074971	ENSSSCG00000022592	ortholog_one2one	1
ENSMUSG00000034160	ENSSSCG00000012403	ortholog_one2one	1
ENSMUSG00000055994	ENSSSCG00000038073	ortholog_one2one	1
ENSMUSG00000068284	ENSSSCG00000011918	ortholog_one2one	1
ENSMUSG00000022442	ENSSSCG00000000035	ortholog_one2one	1
ENSMUSG00000021678	ENSSSCG00000014091	ortholog_one2one	1
ENSMUSG00000039599	ENSSSCG00000026898	ortholog_one2one	1
ENSMUSG00000021367	ENSSSCG00000035598	ortholog_one2one	1
ENSMUSG00000031443	ENSSSCG00000029503	ortholog_one2one	1
ENSMUSG00000078958	ENSSSCG00000014132	ortholog_one2one	1
ENSMUSG00000052837	ENSSSCG00000013735	ortholog_one2one	1
ENSMUSG00000022890	ENSSSCG00000038399	ortholog_one2one	1
ENSMUSG00000012889	ENSSSCG00000013762	ortholog_one2one	1
ENSMUSG00000031970	ENSSSCG00000002637	ortholog_one2one	1
ENSMUSG00000021690	ENSSSCG00000014112	ortholog_one2one	1
ENSMUSG00000074939	ENSSSCG00000036662	ortholog_one2one	1
ENSMUSG00000024503	ENSSSCG00000034511	ortholog_one2one	1
ENSMUSG00000038537	ENSSSCG00000007491	ortholog_one2one	1
ENSMUSG00000042118	ENSSSCG00000054426	ortholog_one2one	1
ENSMUSG00000044338	ENSSSCG00000038869	ortholog_one2one	1
ENSMUSG00000040808	ENSSSCG00000012147	ortholog_one2one	1
ENSMUSG00000033579	ENSSSCG00000002718	ortholog_one2one	1
ENSMUSG00000058672	ENSSSCG00000062050	ortholog_one2one	1
ENSMUSG00000025040	ENSSSCG00000012258	ortholog_one2one	1
ENSMUSG00000090290	ENSSSCG00000010160	ortholog_one2one	1
ENSMUSG00000024553	ENSSSCG00000036984	ortholog_one2one	1
ENSMUSG00000021565	ENSSSCG00000017120	ortholog_one2one	1
ENSMUSG00000074569	ENSSSCG00000007497	ortholog_one2one	1
ENSMUSG00000024560	ENSSSCG00000004517	ortholog_one2one	1
ENSMUSG00000052850	ENSSSCG00000028394	ortholog_one2one	1
ENSMUSG00000037140	ENSSSCG00000021525	ortholog_one2one	1
ENSMUSG00000031392	ENSSSCG00000012795	ortholog_one2one	1
ENSMUSG00000040340	ENSSSCG00000013571	ortholog_one2one	1
ENSMUSG00002075840	ENSSSCG00000021441	ortholog_one2one	1
ENSMUSG00000075197	ENSSSCG00000060413	ortholog_one2one	1
ENSMUSG00000115768	ENSSSCG00000042073	ortholog_one2one	1
ENSMUSG00000072875	ENSSSCG00000036580	ortholog_one2one	1
ENSMUSG00000021621	ENSSSCG00000014129	ortholog_one2one	1
ENSMUSG00000031851	ENSSSCG00000010166	ortholog_one2one	1
ENSMUSG00000042632	ENSSSCG00000000110	ortholog_one2one	1
ENSMUSG00000030098	ENSSSCG00000011599	ortholog_one2one	1
ENSMUSG00000043385	ENSSSCG00000005458	ortholog_one2one	1
ENSMUSG00000034902	ENSSSCG00000013490	ortholog_one2one	1
ENSMUSG00000077851	ENSSSCG00000040290	ortholog_one2one	1
ENSMUSG00000021027	ENSSSCG00000032377	ortholog_one2one	1
ENSMUSG00000022821	ENSSSCG00000021227	ortholog_one2one	1
ENSMUSG00000000416	ENSSSCG00000016625	ortholog_one2one	1
ENSMUSG00000014791	ENSSSCG00000002786	ortholog_one2one	1
ENSMUSG00000033032	ENSSSCG00000014431	ortholog_one2one	1
ENSMUSG00000037933	ENSSSCG00000027166	ortholog_one2one	1
ENSMUSG00000005981	ENSSSCG00000007952	ortholog_one2one	1
ENSMUSG00000037709	ENSSSCG00000026196	ortholog_one2one	1
ENSMUSG00000025451	ENSSSCG00000016874	ortholog_one2one	1
ENSMUSG00000024973	ENSSSCG00000061988	ortholog_one2one	1
ENSMUSG00000036598	ENSSSCG00000002803	ortholog_one2one	1
ENSMUSG00000001521	ENSSSCG00000000737	ortholog_one2one	1
ENSMUSG00000024287	ENSSSCG00000025653	ortholog_one2one	1
ENSMUSG00000047749	ENSSSCG00000032786	ortholog_one2one	1
ENSMUSG00000028024	ENSSSCG00000009132	ortholog_one2one	1
ENSMUSG00000034930	ENSSSCG00000008281	ortholog_one2one	1
ENSMUSG00000024925	ENSSSCG00000058858	ortholog_one2one	1
ENSMUSG00000043020	ENSSSCG00000006950	ortholog_one2one	1
ENSMUSG00000047658	ENSSSCG00000028015	ortholog_one2one	1
ENSMUSG00000009378	ENSSSCG00000010455	ortholog_one2one	1
ENSMUSG00000052087	ENSSSCG00000014039	ortholog_one2one	1
ENSMUSG00000102692	ENSSSCG00000026886	ortholog_one2one	1
ENSMUSG00000091648	ENSSSCG00000021540	ortholog_one2one	1
ENSMUSG00000025223	ENSSSCG00000010574	ortholog_one2one	1
ENSMUSG00000049404	ENSSSCG00000028623	ortholog_one2one	1
ENSMUSG00000028139	ENSSSCG00000041677	ortholog_one2one	1
ENSMUSG00000021245	ENSSSCG00000002378	ortholog_one2one	1
ENSMUSG00000031903	ENSSSCG00000057510	ortholog_one2one	1
ENSMUSG00000026923	ENSSSCG00000038509	ortholog_one2one	1
ENSMUSG00000049300	ENSSSCG00000006853	ortholog_one2one	1
ENSMUSG00000118346	ENSSSCG00000032696	ortholog_one2one	1
ENSMUSG00000027864	ENSSSCG00000006735	ortholog_one2one	1
ENSMUSG00000030031	ENSSSCG00000011500	ortholog_one2one	1
ENSMUSG00000039131	ENSSSCG00000035582	ortholog_one2one	1
ENSMUSG00000030056	ENSSSCG00000038900	ortholog_one2one	1
ENSMUSG00000022112	ENSSSCG00000031946	ortholog_one2one	1
ENSMUSG00000021281	ENSSSCG00000036612	ortholog_one2one	1
ENSMUSG00000033439	ENSSSCG00000006869	ortholog_one2one	1
ENSMUSG00000027431	ENSSSCG00000007099	ortholog_one2one	1
ENSMUSG00000072872	ENSSSCG00000025053	ortholog_one2one	1
ENSMUSG00000117975	ENSSSCG00000010613	ortholog_one2one	1
ENSMUSG00000019942	ENSSSCG00000010214	ortholog_one2one	1
ENSMUSG00000034532	ENSSSCG00000052939	ortholog_one2one	1
ENSMUSG00000037300	ENSSSCG00000010180	ortholog_one2one	1
ENSMUSG00000036223	ENSSSCG00000004518	ortholog_one2one	1
ENSMUSG00000102802	ENSSSCG00000016487	ortholog_one2one	1
ENSMUSG00000024781	ENSSSCG00000010450	ortholog_one2one	1
ENSMUSG00000038084	ENSSSCG00000011822	ortholog_one2one	1
ENSMUSG00000065540	ENSSSCG00000018210	ortholog_one2one	1
ENSMUSG00000021461	ENSSSCG00000033654	ortholog_one2one	1
ENSMUSG00000079652	ENSSSCG00000016583	ortholog_one2one	1
ENSMUSG00000021258	ENSSSCG00000002509	ortholog_one2one	1
ENSMUSG00000021945	ENSSSCG00000021814	ortholog_one2one	1
ENSMUSG00000024456	ENSSSCG00000014387	ortholog_one2one	1
ENSMUSG00000033508	ENSSSCG00000033099	ortholog_one2one	1
ENSMUSG00000015363	ENSSSCG00000000974	ortholog_one2one	1
ENSMUSG00000024962	ENSSSCG00000054506	ortholog_one2one	1
ENSMUSG00000028271	ENSSSCG00000006926	ortholog_one2one	1
ENSMUSG00000041771	ENSSSCG00000002450	ortholog_one2one	1
ENSMUSG00000044071	ENSSSCG00000034686	ortholog_one2one	1
ENSMUSG00000075377	ENSSSCG00000037836	ortholog_one2one	1
ENSMUSG00000030283	ENSSSCG00000031329	ortholog_one2one	1
ENSMUSG00000024539	ENSSSCG00000021738	ortholog_one2one	1
ENSMUSG00000068154	ENSSSCG00000062159	ortholog_one2one	1
ENSMUSG00000039512	ENSSSCG00000001532	ortholog_one2one	1
ENSMUSG00000077756	ENSSSCG00000018665	ortholog_one2one	1
ENSMUSG00000049013	ENSSSCG00000009017	ortholog_one2one	1
ENSMUSG00000030105	ENSSSCG00000011535	ortholog_one2one	1
ENSMUSG00000090083	ENSSSCG00000001578	ortholog_one2one	1
ENSMUSG00000019984	ENSSSCG00000004196	ortholog_one2one	1
ENSMUSG00000035403	ENSSSCG00000005584	ortholog_one2one	1
ENSMUSG00000021097	ENSSSCG00000002494	ortholog_one2one	1
ENSMUSG00000028073	ENSSSCG00000006463	ortholog_one2one	1
ENSMUSG00000055926	ENSSSCG00000032022	ortholog_one2one	1
ENSMUSG00000033717	ENSSSCG00000010629	ortholog_one2one	1
ENSMUSG00000033004	ENSSSCG00000009473	ortholog_one2one	1
ENSMUSG00000031220	ENSSSCG00000012384	ortholog_one2one	1
ENSMUSG00000071646	ENSSSCG00000013062	ortholog_one2one	1
ENSMUSG00000047989	ENSSSCG00000038859	ortholog_one2one	1
ENSMUSG00000031230	ENSSSCG00000022833	ortholog_one2one	1
ENSMUSG00000015214	ENSSSCG00000012743	ortholog_one2one	1
ENSMUSG00000034345	ENSSSCG00000024019	ortholog_one2one	1
ENSMUSG00000087035	ENSSSCG00000007192	ortholog_one2one	1
ENSMUSG00000041354	ENSSSCG00000001506	ortholog_one2one	1
ENSMUSG00000021130	ENSSSCG00000002306	ortholog_one2one	1
ENSMUSG00000047466	ENSSSCG00000004500	ortholog_one2one	1
ENSMUSG00000030302	ENSSSCG00000023084	ortholog_one2one	1
ENSMUSG00000053477	ENSSSCG00000004535	ortholog_one2one	1
ENSMUSG00000000957	ENSSSCG00000002039	ortholog_one2one	1
ENSMUSG00000066643	ENSSSCG00000008604	ortholog_one2one	1
ENSMUSG00000069495	ENSSSCG00000027211	ortholog_one2one	1
ENSMUSG00000046432	ENSSSCG00000012528	ortholog_one2one	1
ENSMUSG00000021577	ENSSSCG00000020686	ortholog_one2one	1
ENSMUSG00000021916	ENSSSCG00000011448	ortholog_one2one	1
ENSMUSG00000024409	ENSSSCG00000055497	ortholog_one2one	1
ENSMUSG00000035206	ENSSSCG00000013464	ortholog_one2one	1
ENSMUSG00000002006	ENSSSCG00000012785	ortholog_one2one	1
ENSMUSG00000075334	ENSSSCG00000052231	ortholog_one2one	1
ENSMUSG00000022255	ENSSSCG00000006084	ortholog_one2one	1
ENSMUSG00000025229	ENSSSCG00000010578	ortholog_one2one	1
ENSMUSG00000031881	ENSSSCG00000022721	ortholog_one2one	1
ENSMUSG00000042747	ENSSSCG00000006527	ortholog_one2one	1
ENSMUSG00000031274	ENSSSCG00000012572	ortholog_one2one	1
ENSMUSG00000034616	ENSSSCG00000027956	ortholog_one2one	1
ENSMUSG00000036912	ENSSSCG00000014959	ortholog_one2one	1
ENSMUSG00000023980	ENSSSCG00000022224	ortholog_one2one	1
ENSMUSG00000037514	ENSSSCG00000007142	ortholog_one2one	1
ENSMUSG00000028023	ENSSSCG00000034708	ortholog_one2one	1
ENSMUSG00000049307	ENSSSCG00000062029	ortholog_one2one	1
ENSMUSG00000027403	ENSSSCG00000034528	ortholog_one2one	1
ENSMUSG00000004637	ENSSSCG00000027415	ortholog_one2one	1
ENSMUSG00000060332	ENSSSCG00000007172	ortholog_one2one	1
ENSMUSG00000021288	ENSSSCG00000002547	ortholog_one2one	1
ENSMUSG00000074918	ENSSSCG00000063043	ortholog_one2one	1
ENSMUSG00000027120	ENSSSCG00000013328	ortholog_one2one	1
ENSMUSG00000024130	ENSSSCG00000008051	ortholog_one2one	1
ENSMUSG00000064585	ENSSSCG00000021542	ortholog_one2one	1
ENSMUSG00000074647	ENSSSCG00000028858	ortholog_one2one	1
ENSMUSG00000038259	ENSSSCG00000023261	ortholog_one2one	1
ENSMUSG00000031229	ENSSSCG00000012434	ortholog_one2one	1
ENSMUSG00000013338	ENSSSCG00000057781	ortholog_one2one	1
ENSMUSG00000024953	ENSSSCG00000013030	ortholog_one2one	1
ENSMUSG00000031660	ENSSSCG00000021644	ortholog_one2one	1
ENSMUSG00000022897	ENSSSCG00000030480	ortholog_one2one	1
ENSMUSG00000028059	ENSSSCG00000006502	ortholog_one2one	1
ENSMUSG00000018820	ENSSSCG00000010528	ortholog_one2one	1
ENSMUSG00000046434	ENSSSCG00000000288	ortholog_one2one	1
ENSMUSG00000004562	ENSSSCG00000023857	ortholog_one2one	1
ENSMUSG00000033792	ENSSSCG00000012437	ortholog_one2one	1
ENSMUSG00000031592	ENSSSCG00000006994	ortholog_one2one	1
ENSMUSG00000015668	ENSSSCG00000012378	ortholog_one2one	1
ENSMUSG00000033031	ENSSSCG00000033593	ortholog_one2one	1
ENSMUSG00000031133	ENSSSCG00000030460	ortholog_one2one	1
ENSMUSG00000024170	ENSSSCG00000008022	ortholog_one2one	1
ENSMUSG00000054934	ENSSSCG00000031173	ortholog_one2one	1
ENSMUSG00000002808	ENSSSCG00000020963	ortholog_one2one	1
ENSMUSG00000036450	ENSSSCG00000010555	ortholog_one2one	1
ENSMUSG00000006958	ENSSSCG00000025270	ortholog_one2one	1
ENSMUSG00000039278	ENSSSCG00000021328	ortholog_one2one	1
ENSMUSG00000110949	ENSSSCG00000035645	ortholog_one2one	1
ENSMUSG00000042293	ENSSSCG00000036867	ortholog_one2one	1
ENSMUSG00000020067	ENSSSCG00000029311	ortholog_one2one	1
ENSMUSG00000025878	ENSSSCG00000022508	ortholog_one2one	1
ENSMUSG00000024871	ENSSSCG00000052603	ortholog_one2one	1
ENSMUSG00000000532	ENSSSCG00000000233	ortholog_one2one	1
ENSMUSG00000025529	ENSSSCG00000021601	ortholog_one2one	1
ENSMUSG00000025008	ENSSSCG00000010496	ortholog_one2one	1
ENSMUSG00000068117	ENSSSCG00000034405	ortholog_one2one	1
ENSMUSG00000049641	ENSSSCG00000004255	ortholog_one2one	1
ENSMUSG00000031155	ENSSSCG00000028964	ortholog_one2one	1
ENSMUSG00000020053	ENSSSCG00000000857	ortholog_one2one	1
ENSMUSG00000013736	ENSSSCG00000011529	ortholog_one2one	1
ENSMUSG00000001128	ENSSSCG00000012278	ortholog_one2one	1
ENSMUSG00000031379	ENSSSCG00000012136	ortholog_one2one	1
ENSMUSG00000035805	ENSSSCG00000000978	ortholog_one2one	1
ENSMUSG00000074102	ENSSSCG00000011420	ortholog_one2one	1
ENSMUSG00000034881	ENSSSCG00000033759	ortholog_one2one	1
ENSMUSG00000052934	ENSSSCG00000002654	ortholog_one2one	1
ENSMUSG00000031257	ENSSSCG00000012485	ortholog_one2one	1
ENSMUSG00000018166	ENSSSCG00000020725	ortholog_one2one	1
ENSMUSG00000024972	ENSSSCG00000013056	ortholog_one2one	1
ENSMUSG00000043892	ENSSSCG00000013197	ortholog_one2one	1
ENSMUSG00000046975	ENSSSCG00000036176	ortholog_one2one	1
ENSMUSG00000031241	ENSSSCG00000012449	ortholog_one2one	1
ENSMUSG00000025208	ENSSSCG00000010560	ortholog_one2one	1
ENSMUSG00000075206	ENSSSCG00000028928	ortholog_one2one	1
ENSMUSG00000035476	ENSSSCG00000012203	ortholog_one2one	1
ENSMUSG00000053617	ENSSSCG00000010604	ortholog_one2one	1
ENSMUSG00000039065	ENSSSCG00000036387	ortholog_one2one	1
ENSMUSG00000024754	ENSSSCG00000024257	ortholog_one2one	1
ENSMUSG00000004937	ENSSSCG00000013467	ortholog_one2one	1
ENSMUSG00000043243	ENSSSCG00000013883	ortholog_one2one	1
ENSMUSG00000023031	ENSSSCG00000047232	ortholog_one2one	1
ENSMUSG00000033182	ENSSSCG00000011622	ortholog_one2one	1
ENSMUSG00000045312	ENSSSCG00000028536	ortholog_one2one	1
ENSMUSG00000027849	ENSSSCG00000006758	ortholog_one2one	1
ENSMUSG00000031637	ENSSSCG00000015792	ortholog_one2one	1
ENSMUSG00000073016	ENSSSCG00000012425	ortholog_one2one	1
ENSMUSG00000024122	ENSSSCG00000037719	ortholog_one2one	1
ENSMUSG00000050445	ENSSSCG00000054436	ortholog_one2one	1
ENSMUSG00000016554	ENSSSCG00000000141	ortholog_one2one	1
ENSMUSG00000033361	ENSSSCG00000026254	ortholog_one2one	1
ENSMUSG00000047733	ENSSSCG00000047012	ortholog_one2one	1
ENSMUSG00000069633	ENSSSCG00000013569	ortholog_one2one	1
ENSMUSG00000004446	ENSSSCG00000000769	ortholog_one2one	1
ENSMUSG00000042275	ENSSSCG00000016884	ortholog_one2one	1
ENSMUSG00000021337	ENSSSCG00000001101	ortholog_one2one	1
ENSMUSG00000049076	ENSSSCG00000031147	ortholog_one2one	1
ENSMUSG00000021490	ENSSSCG00000037535	ortholog_one2one	1
ENSMUSG00000024695	ENSSSCG00000013155	ortholog_one2one	1
ENSMUSG00000087403	ENSSSCG00000060489	ortholog_one2one	1
ENSMUSG00000027861	ENSSSCG00000061647	ortholog_one2one	1
ENSMUSG00000036932	ENSSSCG00000012657	ortholog_one2one	1
ENSMUSG00000024982	ENSSSCG00000010635	ortholog_one2one	1
ENSMUSG00000010376	ENSSSCG00000031938	ortholog_one2one	1
ENSMUSG00000034891	ENSSSCG00000014053	ortholog_one2one	1
ENSMUSG00000044313	ENSSSCG00000006742	ortholog_one2one	1
ENSMUSG00000056501	ENSSSCG00000034207	ortholog_one2one	1
ENSMUSG00000027695	ENSSSCG00000011750	ortholog_one2one	1
ENSMUSG00000074671	ENSSSCG00000032676	ortholog_one2one	1
ENSMUSG00000022568	ENSSSCG00000039466	ortholog_one2one	1
ENSMUSG00000025736	ENSSSCG00000007988	ortholog_one2one	1
ENSMUSG00000041138	ENSSSCG00000015448	ortholog_one2one	1
ENSMUSG00000054871	ENSSSCG00000030575	ortholog_one2one	1
ENSMUSG00000065484	ENSSSCG00000019281	ortholog_one2one	1
ENSMUSG00000075419	ENSSSCG00000005666	ortholog_one2one	1
ENSMUSG00000089762	ENSSSCG00000005673	ortholog_one2one	1
ENSMUSG00000047141	ENSSSCG00000036885	ortholog_one2one	1
ENSMUSG00000032288	ENSSSCG00000042572	ortholog_one2one	1
ENSMUSG00000010045	ENSSSCG00000043195	ortholog_one2one	1
ENSMUSG00000079644	ENSSSCG00000043631	ortholog_one2one	1
ENSMUSG00000022548	ENSSSCG00000011831	ortholog_one2one	1
ENSMUSG00000021612	ENSSSCG00000017117	ortholog_one2one	1
ENSMUSG00000007817	ENSSSCG00000010329	ortholog_one2one	1
ENSMUSG00000031934	ENSSSCG00000032360	ortholog_one2one	1
ENSMUSG00000057841	ENSSSCG00000035811	ortholog_one2one	1
ENSMUSG00000045092	ENSSSCG00000029849	ortholog_one2one	1
ENSMUSG00000033080	ENSSSCG00000023887	ortholog_one2one	1
ENSMUSG00000031628	ENSSSCG00000034012	ortholog_one2one	1
ENSMUSG00000022536	ENSSSCG00000007931	ortholog_one2one	1
ENSMUSG00000025271	ENSSSCG00000024814	ortholog_one2one	1
ENSMUSG00000045934	ENSSSCG00000006664	ortholog_one2one	1
ENSMUSG00000038567	ENSSSCG00000007486	ortholog_one2one	1
ENSMUSG00000017978	ENSSSCG00000016611	ortholog_one2one	1
ENSMUSG00000022211	ENSSSCG00000002012	ortholog_one2one	1
ENSMUSG00000014769	ENSSSCG00000027257	ortholog_one2one	1
ENSMUSG00000021754	ENSSSCG00000016918	ortholog_one2one	1
ENSMUSG00000031983	ENSSSCG00000010181	ortholog_one2one	1
ENSMUSG00000057193	ENSSSCG00000013639	ortholog_one2one	1
ENSMUSG00000025352	ENSSSCG00000000363	ortholog_one2one	1
ENSMUSG00000031976	ENSSSCG00000010186	ortholog_one2one	1
ENSMUSG00000006717	ENSSSCG00000036411	ortholog_one2one	1
ENSMUSG00000019849	ENSSSCG00000004368	ortholog_one2one	1
ENSMUSG00000021550	ENSSSCG00000034203	ortholog_one2one	1
ENSMUSG00000031516	ENSSSCG00000038895	ortholog_one2one	1
ENSMUSG00000024799	ENSSSCG00000013004	ortholog_one2one	1
ENSMUSG00000027809	ENSSSCG00000008877	ortholog_one2one	1
ENSMUSG00000076312	ENSSSCG00000019124	ortholog_one2one	1
ENSMUSG00000016255	ENSSSCG00000007523	ortholog_one2one	1
ENSMUSG00000068267	ENSSSCG00000053890	ortholog_one2one	1
ENSMUSG00000062154	ENSSSCG00000000132	ortholog_one2one	1
ENSMUSG00000035486	ENSSSCG00000013434	ortholog_one2one	1
ENSMUSG00000039148	ENSSSCG00000012963	ortholog_one2one	1
ENSMUSG00000051920	ENSSSCG00000006034	ortholog_one2one	1
ENSMUSG00000033633	ENSSSCG00000002720	ortholog_one2one	1
ENSMUSG00000061531	ENSSSCG00000011037	ortholog_one2one	1
ENSMUSG00000054074	ENSSSCG00000011087	ortholog_one2one	1
ENSMUSG00000038390	ENSSSCG00000000680	ortholog_one2one	1
ENSMUSG00000025555	ENSSSCG00000026863	ortholog_one2one	1
ENSMUSG00000059921	ENSSSCG00000021874	ortholog_one2one	1
ENSMUSG00000051786	ENSSSCG00000000972	ortholog_one2one	1
ENSMUSG00000041649	ENSSSCG00000012352	ortholog_one2one	1
ENSMUSG00000010538	ENSSSCG00000006486	ortholog_one2one	1
ENSMUSG00000030322	ENSSSCG00000033303	ortholog_one2one	1
ENSMUSG00000093904	ENSSSCG00000010158	ortholog_one2one	1
ENSMUSG00000032015	ENSSSCG00000028237	ortholog_one2one	1
ENSMUSG00000037089	ENSSSCG00000001702	ortholog_one2one	1
ENSMUSG00000040495	ENSSSCG00000013261	ortholog_one2one	1
ENSMUSG00000032292	ENSSSCG00000004978	ortholog_one2one	1
ENSMUSG00000031556	ENSSSCG00000028592	ortholog_one2one	1
ENSMUSG00000016664	ENSSSCG00000000036	ortholog_one2one	1
ENSMUSG00000015405	ENSSSCG00000012138	ortholog_one2one	1
ENSMUSG00000006344	ENSSSCG00000010055	ortholog_one2one	1
ENSMUSG00000019338	ENSSSCG00000006627	ortholog_one2one	1
ENSMUSG00000021972	ENSSSCG00000009682	ortholog_one2one	1
ENSMUSG00000053675	ENSSSCG00000004713	ortholog_one2one	1
ENSMUSG00000032044	ENSSSCG00000015233	ortholog_one2one	1
ENSMUSG00000051235	ENSSSCG00000008613	ortholog_one2one	1
ENSMUSG00000079103	ENSSSCG00000004712	ortholog_one2one	1
ENSMUSG00000031483	ENSSSCG00000039480	ortholog_one2one	1
ENSMUSG00000030268	ENSSSCG00000029163	ortholog_one2one	1
ENSMUSG00000064061	ENSSSCG00000011940	ortholog_one2one	1
ENSMUSG00000069135	ENSSSCG00000004023	ortholog_one2one	1
ENSMUSG00000027209	ENSSSCG00000004648	ortholog_one2one	1
ENSMUSG00000037922	ENSSSCG00000022361	ortholog_one2one	1
ENSMUSG00000025217	ENSSSCG00000010563	ortholog_one2one	1
ENSMUSG00000019876	ENSSSCG00000004236	ortholog_one2one	1
ENSMUSG00000051817	ENSSSCG00000053991	ortholog_one2one	1
ENSMUSG00000074682	ENSSSCG00000047985	ortholog_one2one	1
ENSMUSG00000001020	ENSSSCG00000006578	ortholog_one2one	1
ENSMUSG00000059436	ENSSSCG00000037267	ortholog_one2one	1
ENSMUSG00000012042	ENSSSCG00000009181	ortholog_one2one	1
ENSMUSG00000051000	ENSSSCG00000020717	ortholog_one2one	1
ENSMUSG00000032131	ENSSSCG00000015113	ortholog_one2one	1
ENSMUSG00000057963	ENSSSCG00000002457	ortholog_one2one	1
ENSMUSG00000035513	ENSSSCG00000005723	ortholog_one2one	1
ENSMUSG00000038354	ENSSSCG00000006688	ortholog_one2one	1
ENSMUSG00000022477	ENSSSCG00000000064	ortholog_one2one	1
ENSMUSG00000035681	ENSSSCG00000000516	ortholog_one2one	1
ENSMUSG00000016018	ENSSSCG00000016911	ortholog_one2one	1
ENSMUSG00000031104	ENSSSCG00000012658	ortholog_one2one	1
ENSMUSG00000031142	ENSSSCG00000012298	ortholog_one2one	1
ENSMUSG00000031538	ENSSSCG00000007032	ortholog_one2one	1
ENSMUSG00000028187	ENSSSCG00000022145	ortholog_one2one	1
ENSMUSG00000021991	ENSSSCG00000027019	ortholog_one2one	1
ENSMUSG00000028630	ENSSSCG00000000958	ortholog_one2one	1
ENSMUSG00000004366	ENSSSCG00000033815	ortholog_one2one	1
ENSMUSG00000025314	ENSSSCG00000023709	ortholog_one2one	1
ENSMUSG00000035963	ENSSSCG00000055151	ortholog_one2one	1
ENSMUSG00000105867	ENSSSCG00000043358	ortholog_one2one	1
ENSMUSG00000047746	ENSSSCG00000011885	ortholog_one2one	1
ENSMUSG00000034189	ENSSSCG00000002681	ortholog_one2one	1
ENSMUSG00000037669	ENSSSCG00000025357	ortholog_one2one	1
ENSMUSG00000015757	ENSSSCG00000028867	ortholog_one2one	1
ENSMUSG00000068923	ENSSSCG00000006506	ortholog_one2one	1
ENSMUSG00000047281	ENSSSCG00000062214	ortholog_one2one	1
ENSMUSG00000024403	ENSSSCG00000001401	ortholog_one2one	1
ENSMUSG00000056296	ENSSSCG00000027617	ortholog_one2one	1
ENSMUSG00000053641	ENSSSCG00000004938	ortholog_one2one	1
ENSMUSG00000068747	ENSSSCG00000006831	ortholog_one2one	1
ENSMUSG00000033589	ENSSSCG00000009617	ortholog_one2one	1
ENSMUSG00000043079	ENSSSCG00000038453	ortholog_one2one	1
ENSMUSG00000000223	ENSSSCG00000012492	ortholog_one2one	1
ENSMUSG00000049916	ENSSSCG00000010084	ortholog_one2one	1
ENSMUSG00000079560	ENSSSCG00000016705	ortholog_one2one	1
ENSMUSG00000040123	ENSSSCG00000009568	ortholog_one2one	1
ENSMUSG00000041052	ENSSSCG00000022935	ortholog_one2one	1
ENSMUSG00000019996	ENSSSCG00000039049	ortholog_one2one	1
ENSMUSG00000066392	ENSSSCG00000028942	ortholog_one2one	1
ENSMUSG00000062380	ENSSSCG00000002639	ortholog_one2one	1
ENSMUSG00000078137	ENSSSCG00000053436	ortholog_one2one	1
ENSMUSG00000031497	ENSSSCG00000009542	ortholog_one2one	1
ENSMUSG00000025425	ENSSSCG00000032053	ortholog_one2one	1
ENSMUSG00000000938	ENSSSCG00000021204	ortholog_one2one	1
ENSMUSG00000003575	ENSSSCG00000013915	ortholog_one2one	1
ENSMUSG00000022957	ENSSSCG00000024614	ortholog_one2one	1
ENSMUSG00000027822	ENSSSCG00000025316	ortholog_one2one	1
ENSMUSG00000023120	ENSSSCG00000003599	ortholog_one2one	1
ENSMUSG00000032667	ENSSSCG00000015331	ortholog_one2one	1
ENSMUSG00000054640	ENSSSCG00000036418	ortholog_one2one	1
ENSMUSG00000024735	ENSSSCG00000013107	ortholog_one2one	1
ENSMUSG00000073568	ENSSSCG00000056110	ortholog_one2one	1
ENSMUSG00000022219	ENSSSCG00000001989	ortholog_one2one	1
ENSMUSG00000019865	ENSSSCG00000036250	ortholog_one2one	1
ENSMUSG00000036452	ENSSSCG00000014399	ortholog_one2one	1
ENSMUSG00000034912	ENSSSCG00000005002	ortholog_one2one	1
ENSMUSG00000040759	ENSSSCG00000002028	ortholog_one2one	1
ENSMUSG00000009739	ENSSSCG00000000220	ortholog_one2one	1
ENSMUSG00000023923	ENSSSCG00000011199	ortholog_one2one	1
ENSMUSG00000078908	ENSSSCG00000002701	ortholog_one2one	1
ENSMUSG00000032718	ENSSSCG00000040835	ortholog_one2one	1
ENSMUSG00000039182	ENSSSCG00000016760	ortholog_one2one	1
ENSMUSG00000037171	ENSSSCG00000039399	ortholog_one2one	1
ENSMUSG00000068011	ENSSSCG00000011581	ortholog_one2one	1
ENSMUSG00000039878	ENSSSCG00000000385	ortholog_one2one	1
ENSMUSG00000020956	ENSSSCG00000026663	ortholog_one2one	1
ENSMUSG00000014444	ENSSSCG00000035230	ortholog_one2one	1
ENSMUSG00000023964	ENSSSCG00000015320	ortholog_one2one	1
ENSMUSG00000037490	ENSSSCG00000004172	ortholog_one2one	1
ENSMUSG00000020635	ENSSSCG00000045531	ortholog_one2one	1
ENSMUSG00000036676	ENSSSCG00000000927	ortholog_one2one	1
ENSMUSG00000015522	ENSSSCG00000006646	ortholog_one2one	1
ENSMUSG00000041702	ENSSSCG00000002461	ortholog_one2one	1
ENSMUSG00000040632	ENSSSCG00000002010	ortholog_one2one	1
ENSMUSG00000035049	ENSSSCG00000010514	ortholog_one2one	1
ENSMUSG00000060012	ENSSSCG00000009683	ortholog_one2one	1
ENSMUSG00000001542	ENSSSCG00000014168	ortholog_one2one	1
ENSMUSG00000020585	ENSSSCG00000008602	ortholog_one2one	1
ENSMUSG00000022016	ENSSSCG00000009430	ortholog_one2one	1
ENSMUSG00000024486	ENSSSCG00000014362	ortholog_one2one	1
ENSMUSG00000063704	ENSSSCG00000035933	ortholog_one2one	1
ENSMUSG00000092586	ENSSSCG00000036566	ortholog_one2one	1
ENSMUSG00000055531	ENSSSCG00000038031	ortholog_one2one	1
ENSMUSG00000044393	ENSSSCG00000022739	ortholog_one2one	1
ENSMUSG00000041703	ENSSSCG00000009521	ortholog_one2one	1
ENSMUSG00000021670	ENSSSCG00000014080	ortholog_one2one	1
ENSMUSG00000041815	ENSSSCG00000000039	ortholog_one2one	1
ENSMUSG00000021007	ENSSSCG00000002424	ortholog_one2one	1
ENSMUSG00000000759	ENSSSCG00000009553	ortholog_one2one	1
ENSMUSG00000040446	ENSSSCG00000027700	ortholog_one2one	1
ENSMUSG00000052395	ENSSSCG00000034614	ortholog_one2one	1
ENSMUSG00000044390	ENSSSCG00000012994	ortholog_one2one	1
ENSMUSG00000024784	ENSSSCG00000013015	ortholog_one2one	1
ENSMUSG00000023904	ENSSSCG00000027252	ortholog_one2one	1
ENSMUSG00000006050	ENSSSCG00000055768	ortholog_one2one	1
ENSMUSG00000048572	ENSSSCG00000037125	ortholog_one2one	1
ENSMUSG00000049562	ENSSSCG00000012978	ortholog_one2one	1
ENSMUSG00000045672	ENSSSCG00000005487	ortholog_one2one	1
ENSMUSG00000090667	ENSSSCG00000060340	ortholog_one2one	1
ENSMUSG00000024072	ENSSSCG00000035747	ortholog_one2one	1
ENSMUSG00000032501	ENSSSCG00000038500	ortholog_one2one	1
ENSMUSG00000072662	ENSSSCG00000053091	ortholog_one2one	1
ENSMUSG00000029708	ENSSSCG00000035211	ortholog_one2one	1
ENSMUSG00000067594	ENSSSCG00000024092	ortholog_one2one	1
ENSMUSG00000056162	ENSSSCG00000004869	ortholog_one2one	1
ENSMUSG00000051169	ENSSSCG00000011555	ortholog_one2one	1
ENSMUSG00000041199	ENSSSCG00000008000	ortholog_one2one	1
ENSMUSG00000031010	ENSSSCG00000012251	ortholog_one2one	1
ENSMUSG00000022619	ENSSSCG00000031660	ortholog_one2one	1
ENSMUSG00000024516	ENSSSCG00000004912	ortholog_one2one	1
ENSMUSG00000059901	ENSSSCG00000010272	ortholog_one2one	1
ENSMUSG00000060475	ENSSSCG00000004050	ortholog_one2one	1
ENSMUSG00000019971	ENSSSCG00000000926	ortholog_one2one	1
ENSMUSG00000024276	ENSSSCG00000039052	ortholog_one2one	1
ENSMUSG00000001986	ENSSSCG00000012638	ortholog_one2one	1
ENSMUSG00000071604	ENSSSCG00000005249	ortholog_one2one	1
ENSMUSG00000043333	ENSSSCG00000003651	ortholog_one2one	1
ENSMUSG00000030087	ENSSSCG00000036742	ortholog_one2one	1
ENSMUSG00000071234	ENSSSCG00000025000	ortholog_one2one	1
ENSMUSG00000050213	ENSSSCG00000029991	ortholog_one2one	1
ENSMUSG00000033022	ENSSSCG00000057522	ortholog_one2one	1
ENSMUSG00000047888	ENSSSCG00000000078	ortholog_one2one	1
ENSMUSG00000042258	ENSSSCG00000016883	ortholog_one2one	1
ENSMUSG00000051890	ENSSSCG00000032489	ortholog_one2one	1
ENSMUSG00000029788	ENSSSCG00000054055	ortholog_one2one	1
ENSMUSG00000024137	ENSSSCG00000008047	ortholog_one2one	1
ENSMUSG00000029062	ENSSSCG00000003352	ortholog_one2one	1
ENSMUSG00000024948	ENSSSCG00000013020	ortholog_one2one	1
ENSMUSG00000041020	ENSSSCG00000012161	ortholog_one2one	1
ENSMUSG00000009108	ENSSSCG00000006823	ortholog_one2one	1
ENSMUSG00000041482	ENSSSCG00000034765	ortholog_one2one	1
ENSMUSG00000040028	ENSSSCG00000013592	ortholog_one2one	1
ENSMUSG00000005364	ENSSSCG00000011528	ortholog_one2one	1
ENSMUSG00000021709	ENSSSCG00000016954	ortholog_one2one	1
ENSMUSG00000004032	ENSSSCG00000006821	ortholog_one2one	1
ENSMUSG00000078235	ENSSSCG00000030706	ortholog_one2one	1
ENSMUSG00000071235	ENSSSCG00000002361	ortholog_one2one	1
ENSMUSG00000023044	ENSSSCG00000000259	ortholog_one2one	1
ENSMUSG00000028793	ENSSSCG00000025206	ortholog_one2one	1
ENSMUSG00000059022	ENSSSCG00000016574	ortholog_one2one	1
ENSMUSG00000034801	ENSSSCG00000005015	ortholog_one2one	1
ENSMUSG00000031889	ENSSSCG00000040749	ortholog_one2one	1
ENSMUSG00000070368	ENSSSCG00000056682	ortholog_one2one	1
ENSMUSG00000051431	ENSSSCG00000062777	ortholog_one2one	1
ENSMUSG00000056596	ENSSSCG00000027325	ortholog_one2one	1
ENSMUSG00000028518	ENSSSCG00000036145	ortholog_one2one	1
ENSMUSG00000068740	ENSSSCG00000034360	ortholog_one2one	1
ENSMUSG00000024376	ENSSSCG00000029860	ortholog_one2one	1
ENSMUSG00000023232	ENSSSCG00000023585	ortholog_one2one	1
ENSMUSG00000060716	ENSSSCG00000002292	ortholog_one2one	1
ENSMUSG00000068794	ENSSSCG00000015342	ortholog_one2one	1
ENSMUSG00000033174	ENSSSCG00000024134	ortholog_one2one	1
ENSMUSG00000015127	ENSSSCG00000022963	ortholog_one2one	1
ENSMUSG00000021388	ENSSSCG00000008072	ortholog_one2one	1
ENSMUSG00000021180	ENSSSCG00000024377	ortholog_one2one	1
ENSMUSG00000027823	ENSSSCG00000028855	ortholog_one2one	1
ENSMUSG00000032112	ENSSSCG00000037439	ortholog_one2one	1
ENSMUSG00000056130	ENSSSCG00000038141	ortholog_one2one	1
ENSMUSG00000098274	ENSSSCG00000011952	ortholog_one2one	1
ENSMUSG00000036990	ENSSSCG00000009042	ortholog_one2one	1
ENSMUSG00000028778	ENSSSCG00000003601	ortholog_one2one	1
ENSMUSG00000039231	ENSSSCG00000032453	ortholog_one2one	1
ENSMUSG00000032602	ENSSSCG00000011366	ortholog_one2one	1
ENSMUSG00000022883	ENSSSCG00000012001	ortholog_one2one	1
ENSMUSG00000043155	ENSSSCG00000003920	ortholog_one2one	1
ENSMUSG00000044730	ENSSSCG00000039905	ortholog_one2one	1
ENSMUSG00000038456	ENSSSCG00000016497	ortholog_one2one	1
ENSMUSG00000049649	ENSSSCG00000003576	ortholog_one2one	1
ENSMUSG00000019139	ENSSSCG00000040524	ortholog_one2one	1
ENSMUSG00000050240	ENSSSCG00000036472	ortholog_one2one	1
ENSMUSG00000028950	ENSSSCG00000003382	ortholog_one2one	1
ENSMUSG00000020061	ENSSSCG00000000866	ortholog_one2one	1
ENSMUSG00000024095	ENSSSCG00000020878	ortholog_one2one	1
ENSMUSG00000038015	ENSSSCG00000024307	ortholog_one2one	1
ENSMUSG00000028240	ENSSSCG00000006238	ortholog_one2one	1
ENSMUSG00000046230	ENSSSCG00000005282	ortholog_one2one	1
ENSMUSG00000042724	ENSSSCG00000002329	ortholog_one2one	1
ENSMUSG00000028012	ENSSSCG00000009136	ortholog_one2one	1
ENSMUSG00000024533	ENSSSCG00000039769	ortholog_one2one	1
ENSMUSG00000028884	ENSSSCG00000003583	ortholog_one2one	1
ENSMUSG00000020660	ENSSSCG00000021155	ortholog_one2one	1
ENSMUSG00000036270	ENSSSCG00000002771	ortholog_one2one	1
ENSMUSG00000028031	ENSSSCG00000032094	ortholog_one2one	1
ENSMUSG00000021669	ENSSSCG00000014081	ortholog_one2one	1
ENSMUSG00000034509	ENSSSCG00000016346	ortholog_one2one	1
ENSMUSG00000030110	ENSSSCG00000010199	ortholog_one2one	1
ENSMUSG00000091712	ENSSSCG00000007926	ortholog_one2one	1
ENSMUSG00000028435	ENSSSCG00000040513	ortholog_one2one	1
ENSMUSG00000040659	ENSSSCG00000003458	ortholog_one2one	1
ENSMUSG00000020630	ENSSSCG00000025305	ortholog_one2one	1
ENSMUSG00000062064	ENSSSCG00000003390	ortholog_one2one	1
ENSMUSG00000021712	ENSSSCG00000016948	ortholog_one2one	1
ENSMUSG00000015112	ENSSSCG00000015336	ortholog_one2one	1
ENSMUSG00000022687	ENSSSCG00000025826	ortholog_one2one	1
ENSMUSG00000108398	ENSSSCG00000041671	ortholog_one2one	1
ENSMUSG00000094035	ENSSSCG00000050518	ortholog_one2one	1
ENSMUSG00000024989	ENSSSCG00000010477	ortholog_one2one	1
ENSMUSG00000054362	ENSSSCG00000027362	ortholog_one2one	1
ENSMUSG00000033436	ENSSSCG00000012510	ortholog_one2one	1
ENSMUSG00000040433	ENSSSCG00000022073	ortholog_one2one	1
ENSMUSG00000020963	ENSSSCG00000031771	ortholog_one2one	1
ENSMUSG00000027845	ENSSSCG00000006761	ortholog_one2one	1
ENSMUSG00000024617	ENSSSCG00000014443	ortholog_one2one	1
ENSMUSG00000000411	ENSSSCG00000023968	ortholog_one2one	1
ENSMUSG00000049103	ENSSSCG00000063596	ortholog_one2one	1
ENSMUSG00000040522	ENSSSCG00000012118	ortholog_one2one	1
ENSMUSG00000036006	ENSSSCG00000001097	ortholog_one2one	1
ENSMUSG00000028039	ENSSSCG00000006531	ortholog_one2one	1
ENSMUSG00000032320	ENSSSCG00000001866	ortholog_one2one	1
ENSMUSG00000031258	ENSSSCG00000012487	ortholog_one2one	1
ENSMUSG00000055653	ENSSSCG00000012680	ortholog_one2one	1
ENSMUSG00000028441	ENSSSCG00000010980	ortholog_one2one	1
ENSMUSG00000020994	ENSSSCG00000022828	ortholog_one2one	1
ENSMUSG00000043164	ENSSSCG00000011751	ortholog_one2one	1
ENSMUSG00000031105	ENSSSCG00000012660	ortholog_one2one	1
ENSMUSG00000022529	ENSSSCG00000007963	ortholog_one2one	1
ENSMUSG00000040631	ENSSSCG00000029165	ortholog_one2one	1
ENSMUSG00000042707	ENSSSCG00000058884	ortholog_one2one	1
ENSMUSG00000001630	ENSSSCG00000022288	ortholog_one2one	1
ENSMUSG00000038295	ENSSSCG00000024431	ortholog_one2one	1
ENSMUSG00000042642	ENSSSCG00000006538	ortholog_one2one	1
ENSMUSG00000042507	ENSSSCG00000002350	ortholog_one2one	1
ENSMUSG00000028356	ENSSSCG00000005485	ortholog_one2one	1
ENSMUSG00000042138	ENSSSCG00000015201	ortholog_one2one	1
ENSMUSG00000025013	ENSSSCG00000010507	ortholog_one2one	1
ENSMUSG00000067724	ENSSSCG00000032249	ortholog_one2one	1
ENSMUSG00000010095	ENSSSCG00000022404	ortholog_one2one	1
ENSMUSG00000012076	ENSSSCG00000001947	ortholog_one2one	1
ENSMUSG00000038762	ENSSSCG00000001346	ortholog_one2one	1
ENSMUSG00000028886	ENSSSCG00000003580	ortholog_one2one	1
ENSMUSG00000032332	ENSSSCG00000004484	ortholog_one2one	1
ENSMUSG00000021843	ENSSSCG00000005060	ortholog_one2one	1
ENSMUSG00000027808	ENSSSCG00000058735	ortholog_one2one	1
ENSMUSG00000038236	ENSSSCG00000016701	ortholog_one2one	1
ENSMUSG00000040565	ENSSSCG00000010467	ortholog_one2one	1
ENSMUSG00000043336	ENSSSCG00000011972	ortholog_one2one	1
ENSMUSG00000040209	ENSSSCG00000022989	ortholog_one2one	1
ENSMUSG00000030275	ENSSSCG00000039397	ortholog_one2one	1
ENSMUSG00000061474	ENSSSCG00000037463	ortholog_one2one	1
ENSMUSG00000021038	ENSSSCG00000002403	ortholog_one2one	1
ENSMUSG00000031622	ENSSSCG00000013867	ortholog_one2one	1
ENSMUSG00000014075	ENSSSCG00000056643	ortholog_one2one	1
ENSMUSG00000035150	ENSSSCG00000029857	ortholog_one2one	1
ENSMUSG00000025262	ENSSSCG00000035822	ortholog_one2one	1
ENSMUSG00000024498	ENSSSCG00000014416	ortholog_one2one	1
ENSMUSG00000071650	ENSSSCG00000030653	ortholog_one2one	1
ENSMUSG00000041773	ENSSSCG00000014072	ortholog_one2one	1
ENSMUSG00000024242	ENSSSCG00000008475	ortholog_one2one	1
ENSMUSG00000034042	ENSSSCG00000028097	ortholog_one2one	1
ENSMUSG00000025257	ENSSSCG00000012326	ortholog_one2one	1
ENSMUSG00000040820	ENSSSCG00000012059	ortholog_one2one	1
ENSMUSG00000031963	ENSSSCG00000016665	ortholog_one2one	1
ENSMUSG00000038518	ENSSSCG00000001061	ortholog_one2one	1
ENSMUSG00000001663	ENSSSCG00000035836	ortholog_one2one	1
ENSMUSG00000042712	ENSSSCG00000012527	ortholog_one2one	1
ENSMUSG00000115219	ENSSSCG00000054583	ortholog_one2one	1
ENSMUSG00000048546	ENSSSCG00000037958	ortholog_one2one	1
ENSMUSG00000031429	ENSSSCG00000033180	ortholog_one2one	1
ENSMUSG00000032253	ENSSSCG00000004473	ortholog_one2one	1
ENSMUSG00000030329	ENSSSCG00000000692	ortholog_one2one	1
ENSMUSG00000038280	ENSSSCG00000004383	ortholog_one2one	1
ENSMUSG00000061273	ENSSSCG00000025854	ortholog_one2one	1
ENSMUSG00000039620	ENSSSCG00000006969	ortholog_one2one	1
ENSMUSG00000022489	ENSSSCG00000000297	ortholog_one2one	1
ENSMUSG00000031333	ENSSSCG00000012424	ortholog_one2one	1
ENSMUSG00000046613	ENSSSCG00000026185	ortholog_one2one	1
ENSMUSG00000031871	ENSSSCG00000035772	ortholog_one2one	1
ENSMUSG00000037188	ENSSSCG00000003539	ortholog_one2one	1
ENSMUSG00000019864	ENSSSCG00000004373	ortholog_one2one	1
ENSMUSG00000051896	ENSSSCG00000008209	ortholog_one2one	1
ENSMUSG00000031311	ENSSSCG00000023245	ortholog_one2one	1
ENSMUSG00000005667	ENSSSCG00000008289	ortholog_one2one	1
ENSMUSG00000040706	ENSSSCG00000003463	ortholog_one2one	1
ENSMUSG00000025330	ENSSSCG00000003483	ortholog_one2one	1
ENSMUSG00000020608	ENSSSCG00000008614	ortholog_one2one	1
ENSMUSG00000019428	ENSSSCG00000013905	ortholog_one2one	1
ENSMUSG00000020107	ENSSSCG00000061761	ortholog_one2one	1
ENSMUSG00000058297	ENSSSCG00000010283	ortholog_one2one	1
ENSMUSG00000042357	ENSSSCG00000003585	ortholog_one2one	1
ENSMUSG00000024664	ENSSSCG00000013073	ortholog_one2one	1
ENSMUSG00000041608	ENSSSCG00000025783	ortholog_one2one	1
ENSMUSG00000102976	ENSSSCG00000028035	ortholog_one2one	1
ENSMUSG00000017264	ENSSSCG00000003412	ortholog_one2one	1
ENSMUSG00000031327	ENSSSCG00000012416	ortholog_one2one	1
ENSMUSG00000027955	ENSSSCG00000008873	ortholog_one2one	1
ENSMUSG00000040385	ENSSSCG00000012913	ortholog_one2one	1
ENSMUSG00000024381	ENSSSCG00000015720	ortholog_one2one	1
ENSMUSG00000022999	ENSSSCG00000000189	ortholog_one2one	1
ENSMUSG00000071341	ENSSSCG00000060151	ortholog_one2one	1
ENSMUSG00000031167	ENSSSCG00000021591	ortholog_one2one	1
ENSMUSG00000044365	ENSSSCG00000062602	ortholog_one2one	1
ENSMUSG00000038115	ENSSSCG00000000712	ortholog_one2one	1
ENSMUSG00000032449	ENSSSCG00000036855	ortholog_one2one	1
ENSMUSG00000028188	ENSSSCG00000029882	ortholog_one2one	1
ENSMUSG00000118426	ENSSSCG00000050073	ortholog_one2one	1
ENSMUSG00000022913	ENSSSCG00000062206	ortholog_one2one	1
ENSMUSG00000037361	ENSSSCG00000008587	ortholog_one2one	1
ENSMUSG00000030101	ENSSSCG00000011532	ortholog_one2one	1
ENSMUSG00000028037	ENSSSCG00000003763	ortholog_one2one	1
ENSMUSG00000032745	ENSSSCG00000016922	ortholog_one2one	1
ENSMUSG00000021037	ENSSSCG00000002406	ortholog_one2one	1
ENSMUSG00000024669	ENSSSCG00000013115	ortholog_one2one	1
ENSMUSG00000022704	ENSSSCG00000011912	ortholog_one2one	1
ENSMUSG00000034730	ENSSSCG00000035891	ortholog_one2one	1
ENSMUSG00000054843	ENSSSCG00000010654	ortholog_one2one	1
ENSMUSG00000001774	ENSSSCG00000014934	ortholog_one2one	1
ENSMUSG00000041712	ENSSSCG00000002460	ortholog_one2one	1
ENSMUSG00000049530	ENSSSCG00000023941	ortholog_one2one	1
ENSMUSG00000044442	ENSSSCG00000028724	ortholog_one2one	1
ENSMUSG00000025757	ENSSSCG00000009077	ortholog_one2one	1
ENSMUSG00000022760	ENSSSCG00000033301	ortholog_one2one	1
ENSMUSG00000048776	ENSSSCG00000036893	ortholog_one2one	1
ENSMUSG00000021087	ENSSSCG00000025013	ortholog_one2one	1
ENSMUSG00000032199	ENSSSCG00000030605	ortholog_one2one	1
ENSMUSG00000029082	ENSSSCG00000028359	ortholog_one2one	1
ENSMUSG00000029670	ENSSSCG00000016619	ortholog_one2one	1
ENSMUSG00000022978	ENSSSCG00000034229	ortholog_one2one	1
ENSMUSG00000047880	ENSSSCG00000015098	ortholog_one2one	1
ENSMUSG00000024073	ENSSSCG00000008513	ortholog_one2one	1
ENSMUSG00000024941	ENSSSCG00000012984	ortholog_one2one	1
ENSMUSG00000047261	ENSSSCG00000031244	ortholog_one2one	1
ENSMUSG00000005718	ENSSSCG00000040215	ortholog_one2one	1
ENSMUSG00000042489	ENSSSCG00000003628	ortholog_one2one	1
ENSMUSG00000032590	ENSSSCG00000011385	ortholog_one2one	1
ENSMUSG00000022857	ENSSSCG00000012019	ortholog_one2one	1
ENSMUSG00000020251	ENSSSCG00000000848	ortholog_one2one	1
ENSMUSG00000030083	ENSSSCG00000024827	ortholog_one2one	1
ENSMUSG00000020580	ENSSSCG00000008629	ortholog_one2one	1
ENSMUSG00000044763	ENSSSCG00000011956	ortholog_one2one	1
ENSMUSG00000075254	ENSSSCG00000011859	ortholog_one2one	1
ENSMUSG00000038298	ENSSSCG00000006693	ortholog_one2one	1
ENSMUSG00000031358	ENSSSCG00000012114	ortholog_one2one	1
ENSMUSG00000022960	ENSSSCG00000027089	ortholog_one2one	1
ENSMUSG00000047547	ENSSSCG00000054091	ortholog_one2one	1
ENSMUSG00000022551	ENSSSCG00000031918	ortholog_one2one	1
ENSMUSG00000039630	ENSSSCG00000010877	ortholog_one2one	1
ENSMUSG00000028607	ENSSSCG00000003851	ortholog_one2one	1
ENSMUSG00000040195	ENSSSCG00000025542	ortholog_one2one	1
ENSMUSG00000033809	ENSSSCG00000021319	ortholog_one2one	1
ENSMUSG00000042743	ENSSSCG00000040603	ortholog_one2one	1
ENSMUSG00000053398	ENSSSCG00000006717	ortholog_one2one	1
ENSMUSG00000043557	ENSSSCG00000001582	ortholog_one2one	1
ENSMUSG00000025403	ENSSSCG00000037077	ortholog_one2one	1
ENSMUSG00000005994	ENSSSCG00000005193	ortholog_one2one	1
ENSMUSG00000043463	ENSSSCG00000032672	ortholog_one2one	1
ENSMUSG00000047048	ENSSSCG00000062209	ortholog_one2one	1
ENSMUSG00000078515	ENSSSCG00000003461	ortholog_one2one	1
ENSMUSG00000050134	ENSSSCG00000006423	ortholog_one2one	1
ENSMUSG00000003355	ENSSSCG00000059895	ortholog_one2one	1
ENSMUSG00000022837	ENSSSCG00000011881	ortholog_one2one	1
ENSMUSG00000046486	ENSSSCG00000006425	ortholog_one2one	1
ENSMUSG00000051528	ENSSSCG00000041628	ortholog_one2one	1
ENSMUSG00000050394	ENSSSCG00000012508	ortholog_one2one	1
ENSMUSG00000050788	ENSSSCG00000006447	ortholog_one2one	1
ENSMUSG00000009580	ENSSSCG00000009266	ortholog_one2one	1
ENSMUSG00000006191	ENSSSCG00000001080	ortholog_one2one	1
ENSMUSG00000029994	ENSSSCG00000008336	ortholog_one2one	1
ENSMUSG00000037686	ENSSSCG00000039553	ortholog_one2one	1
ENSMUSG00000079465	ENSSSCG00000016245	ortholog_one2one	1
ENSMUSG00000047394	ENSSSCG00000000967	ortholog_one2one	1
ENSMUSG00000045328	ENSSSCG00000023296	ortholog_one2one	1
ENSMUSG00000028461	ENSSSCG00000005313	ortholog_one2one	1
ENSMUSG00000031189	ENSSSCG00000012730	ortholog_one2one	1
ENSMUSG00000023000	ENSSSCG00000000188	ortholog_one2one	1
ENSMUSG00000050697	ENSSSCG00000024598	ortholog_one2one	1
ENSMUSG00000026149	ENSSSCG00000016247	ortholog_one2one	1
ENSMUSG00000029205	ENSSSCG00000024428	ortholog_one2one	1
ENSMUSG00000057572	ENSSSCG00000029799	ortholog_one2one	1
ENSMUSG00000024645	ENSSSCG00000032494	ortholog_one2one	1
ENSMUSG00000052752	ENSSSCG00000008043	ortholog_one2one	1
ENSMUSG00000067438	ENSSSCG00000008720	ortholog_one2one	1
ENSMUSG00000068101	ENSSSCG00000035991	ortholog_one2one	1
ENSMUSG00000018238	ENSSSCG00000014288	ortholog_one2one	1
ENSMUSG00000044352	ENSSSCG00000014286	ortholog_one2one	1
ENSMUSG00000041241	ENSSSCG00000028045	ortholog_one2one	1
ENSMUSG00000024846	ENSSSCG00000012960	ortholog_one2one	1
ENSMUSG00000021125	ENSSSCG00000002294	ortholog_one2one	1
ENSMUSG00000032656	ENSSSCG00000014249	ortholog_one2one	1
ENSMUSG00000022419	ENSSSCG00000049630	ortholog_one2one	1
ENSMUSG00000024906	ENSSSCG00000012973	ortholog_one2one	1
ENSMUSG00000054150	ENSSSCG00000002495	ortholog_one2one	1
ENSMUSG00000061808	ENSSSCG00000023686	ortholog_one2one	1
ENSMUSG00000028920	ENSSSCG00000024794	ortholog_one2one	1
ENSMUSG00000015994	ENSSSCG00000063303	ortholog_one2one	1
ENSMUSG00000037185	ENSSSCG00000040636	ortholog_one2one	1
ENSMUSG00000012282	ENSSSCG00000023647	ortholog_one2one	1
ENSMUSG00000069372	ENSSSCG00000036570	ortholog_one2one	1
ENSMUSG00000034126	ENSSSCG00000002397	ortholog_one2one	1
ENSMUSG00000022817	ENSSSCG00000037905	ortholog_one2one	1
ENSMUSG00000018126	ENSSSCG00000000111	ortholog_one2one	1
ENSMUSG00000034310	ENSSSCG00000038915	ortholog_one2one	1
ENSMUSG00000024491	ENSSSCG00000014414	ortholog_one2one	1
ENSMUSG00000031387	ENSSSCG00000012792	ortholog_one2one	1
ENSMUSG00000065515	ENSSSCG00000018912	ortholog_one2one	1
ENSMUSG00000022595	ENSSSCG00000036119	ortholog_one2one	1
ENSMUSG00000095098	ENSSSCG00000012968	ortholog_one2one	1
ENSMUSG00000029075	ENSSSCG00000003331	ortholog_one2one	1
ENSMUSG00000024673	ENSSSCG00000021812	ortholog_one2one	1
ENSMUSG00000035199	ENSSSCG00000033154	ortholog_one2one	1
ENSMUSG00000022386	ENSSSCG00000000007	ortholog_one2one	1
ENSMUSG00000039853	ENSSSCG00000033222	ortholog_one2one	1
ENSMUSG00000059355	ENSSSCG00000013721	ortholog_one2one	1
ENSMUSG00000060675	ENSSSCG00000026914	ortholog_one2one	1
ENSMUSG00000048142	ENSSSCG00000033541	ortholog_one2one	1
ENSMUSG00000056666	ENSSSCG00000008237	ortholog_one2one	1
ENSMUSG00000015879	ENSSSCG00000026232	ortholog_one2one	1
ENSMUSG00000036151	ENSSSCG00000059192	ortholog_one2one	1
ENSMUSG00000047613	ENSSSCG00000031102	ortholog_one2one	1
ENSMUSG00000024347	ENSSSCG00000029541	ortholog_one2one	1
ENSMUSG00000069833	ENSSSCG00000036669	ortholog_one2one	1
ENSMUSG00000061118	ENSSSCG00000054170	ortholog_one2one	1
ENSMUSG00000031860	ENSSSCG00000013933	ortholog_one2one	1
ENSMUSG00000067780	ENSSSCG00000006172	ortholog_one2one	1
ENSMUSG00000002633	ENSSSCG00000016416	ortholog_one2one	1
ENSMUSG00000041945	ENSSSCG00000038714	ortholog_one2one	1
ENSMUSG00000039860	ENSSSCG00000032250	ortholog_one2one	1
ENSMUSG00000071659	ENSSSCG00000028542	ortholog_one2one	1
ENSMUSG00000029755	ENSSSCG00000038838	ortholog_one2one	1
ENSMUSG00000079283	ENSSSCG00000032380	ortholog_one2one	1
ENSMUSG00000025225	ENSSSCG00000010580	ortholog_one2one	1
ENSMUSG00000003477	ENSSSCG00000016676	ortholog_one2one	1
ENSMUSG00000026185	ENSSSCG00000025924	ortholog_one2one	1
ENSMUSG00000031530	ENSSSCG00000015850	ortholog_one2one	1
ENSMUSG00000079304	ENSSSCG00000000740	ortholog_one2one	1
ENSMUSG00000003657	ENSSSCG00000002730	ortholog_one2one	1
ENSMUSG00000029321	ENSSSCG00000028952	ortholog_one2one	1
ENSMUSG00000084989	ENSSSCG00000036261	ortholog_one2one	1
ENSMUSG00000029016	ENSSSCG00000003429	ortholog_one2one	1
ENSMUSG00000040693	ENSSSCG00000014182	ortholog_one2one	1
ENSMUSG00000030069	ENSSSCG00000026200	ortholog_one2one	1
ENSMUSG00000040867	ENSSSCG00000036589	ortholog_one2one	1
ENSMUSG00000042599	ENSSSCG00000016501	ortholog_one2one	1
ENSMUSG00000049971	ENSSSCG00000033067	ortholog_one2one	1
ENSMUSG00000039396	ENSSSCG00000015771	ortholog_one2one	1
ENSMUSG00000042708	ENSSSCG00000026983	ortholog_one2one	1
ENSMUSG00000044164	ENSSSCG00000038290	ortholog_one2one	1
ENSMUSG00000087230	ENSSSCG00000033737	ortholog_one2one	1
ENSMUSG00000036718	ENSSSCG00000007557	ortholog_one2one	1
ENSMUSG00000023020	ENSSSCG00000056361	ortholog_one2one	1
ENSMUSG00000020650	ENSSSCG00000022869	ortholog_one2one	1
ENSMUSG00000047021	ENSSSCG00000016203	ortholog_one2one	1
ENSMUSG00000022146	ENSSSCG00000016851	ortholog_one2one	1
ENSMUSG00000048120	ENSSSCG00000010497	ortholog_one2one	1
ENSMUSG00000030313	ENSSSCG00000022636	ortholog_one2one	1
ENSMUSG00000025437	ENSSSCG00000040220	ortholog_one2one	1
ENSMUSG00000026167	ENSSSCG00000026958	ortholog_one2one	1
ENSMUSG00000043140	ENSSSCG00000033311	ortholog_one2one	1
ENSMUSG00000031949	ENSSSCG00000002706	ortholog_one2one	1
ENSMUSG00000051669	ENSSSCG00000025072	ortholog_one2one	1
ENSMUSG00000024764	ENSSSCG00000022687	ortholog_one2one	1
ENSMUSG00000029089	ENSSSCG00000008750	ortholog_one2one	1
ENSMUSG00000026197	ENSSSCG00000016208	ortholog_one2one	1
ENSMUSG00000021114	ENSSSCG00000033278	ortholog_one2one	1
ENSMUSG00000028936	ENSSSCG00000054047	ortholog_one2one	1
ENSMUSG00000024563	ENSSSCG00000004505	ortholog_one2one	1
ENSMUSG00000022560	ENSSSCG00000005908	ortholog_one2one	1
ENSMUSG00000005615	ENSSSCG00000011845	ortholog_one2one	1
ENSMUSG00000061259	ENSSSCG00000008926	ortholog_one2one	1
ENSMUSG00000022488	ENSSSCG00000000295	ortholog_one2one	1
ENSMUSG00000064272	ENSSSCG00000022483	ortholog_one2one	1
ENSMUSG00000079445	ENSSSCG00000033015	ortholog_one2one	1
ENSMUSG00000022710	ENSSSCG00000007907	ortholog_one2one	1
ENSMUSG00000055491	ENSSSCG00000010575	ortholog_one2one	1
ENSMUSG00000041498	ENSSSCG00000010912	ortholog_one2one	1
ENSMUSG00000007907	ENSSSCG00000039238	ortholog_one2one	1
ENSMUSG00000047534	ENSSSCG00000004999	ortholog_one2one	1
ENSMUSG00000028901	ENSSSCG00000038872	ortholog_one2one	1
ENSMUSG00000003161	ENSSSCG00000015298	ortholog_one2one	1
ENSMUSG00000030303	ENSSSCG00000000541	ortholog_one2one	1
ENSMUSG00000037075	ENSSSCG00000024412	ortholog_one2one	1
ENSMUSG00000031824	ENSSSCG00000002666	ortholog_one2one	1
ENSMUSG00000031207	ENSSSCG00000012365	ortholog_one2one	1
ENSMUSG00000025237	ENSSSCG00000054731	ortholog_one2one	1
ENSMUSG00000053559	ENSSSCG00000061033	ortholog_one2one	1
ENSMUSG00000026068	ENSSSCG00000008157	ortholog_one2one	1
ENSMUSG00000049792	ENSSSCG00000037197	ortholog_one2one	1
ENSMUSG00000050493	ENSSSCG00000003616	ortholog_one2one	1
ENSMUSG00000021686	ENSSSCG00000014101	ortholog_one2one	1
ENSMUSG00000022434	ENSSSCG00000000014	ortholog_one2one	1
ENSMUSG00000025880	ENSSSCG00000004507	ortholog_one2one	1
ENSMUSG00000021270	ENSSSCG00000002535	ortholog_one2one	1
ENSMUSG00000026495	ENSSSCG00000010878	ortholog_one2one	1
ENSMUSG00000052407	ENSSSCG00000005182	ortholog_one2one	1
ENSMUSG00000030059	ENSSSCG00000011510	ortholog_one2one	1
ENSMUSG00000024513	ENSSSCG00000004528	ortholog_one2one	1
ENSMUSG00000049160	ENSSSCG00000035315	ortholog_one2one	1
ENSMUSG00000054702	ENSSSCG00000040847	ortholog_one2one	1
ENSMUSG00000071657	ENSSSCG00000020823	ortholog_one2one	1
ENSMUSG00000026686	ENSSSCG00000006329	ortholog_one2one	1
ENSMUSG00000022742	ENSSSCG00000011978	ortholog_one2one	1
ENSMUSG00000062070	ENSSSCG00000012440	ortholog_one2one	1
ENSMUSG00000028864	ENSSSCG00000015403	ortholog_one2one	1
ENSMUSG00000050783	ENSSSCG00000030227	ortholog_one2one	1
ENSMUSG00000029920	ENSSSCG00000009193	ortholog_one2one	1
ENSMUSG00000022820	ENSSSCG00000031913	ortholog_one2one	1
ENSMUSG00000006423	ENSSSCG00000012622	ortholog_one2one	1
ENSMUSG00000005958	ENSSSCG00000026516	ortholog_one2one	1
ENSMUSG00000028479	ENSSSCG00000037468	ortholog_one2one	1
ENSMUSG00000040848	ENSSSCG00000031617	ortholog_one2one	1
ENSMUSG00000024234	ENSSSCG00000011018	ortholog_one2one	1
ENSMUSG00000021238	ENSSSCG00000002357	ortholog_one2one	1
ENSMUSG00000036206	ENSSSCG00000034692	ortholog_one2one	1
ENSMUSG00000035273	ENSSSCG00000009237	ortholog_one2one	1
ENSMUSG00000055692	ENSSSCG00000038652	ortholog_one2one	1
ENSMUSG00000018040	ENSSSCG00000033983	ortholog_one2one	1
ENSMUSG00000039556	ENSSSCG00000022584	ortholog_one2one	1
ENSMUSG00000012443	ENSSSCG00000010471	ortholog_one2one	1
ENSMUSG00000026301	ENSSSCG00000016321	ortholog_one2one	1
ENSMUSG00000031659	ENSSSCG00000039408	ortholog_one2one	1
ENSMUSG00000001962	ENSSSCG00000025303	ortholog_one2one	1
ENSMUSG00000113902	ENSSSCG00000002449	ortholog_one2one	1
ENSMUSG00000025997	ENSSSCG00000016164	ortholog_one2one	1
ENSMUSG00000043410	ENSSSCG00000006912	ortholog_one2one	1
ENSMUSG00000021713	ENSSSCG00000016945	ortholog_one2one	1
ENSMUSG00000030217	ENSSSCG00000000607	ortholog_one2one	1
ENSMUSG00000025091	ENSSSCG00000010660	ortholog_one2one	1
ENSMUSG00000020440	ENSSSCG00000016593	ortholog_one2one	1
ENSMUSG00000022811	ENSSSCG00000011858	ortholog_one2one	1
ENSMUSG00000047379	ENSSSCG00000012940	ortholog_one2one	1
ENSMUSG00000010608	ENSSSCG00000028663	ortholog_one2one	1
ENSMUSG00000055197	ENSSSCG00000035988	ortholog_one2one	1
ENSMUSG00000046016	ENSSSCG00000023516	ortholog_one2one	1
ENSMUSG00000014550	ENSSSCG00000036643	ortholog_one2one	1
ENSMUSG00000022474	ENSSSCG00000000061	ortholog_one2one	1
ENSMUSG00000024978	ENSSSCG00000010631	ortholog_one2one	1
ENSMUSG00000073700	ENSSSCG00000003379	ortholog_one2one	1
ENSMUSG00000055148	ENSSSCG00000038911	ortholog_one2one	1
ENSMUSG00000044813	ENSSSCG00000005358	ortholog_one2one	1
ENSMUSG00000037010	ENSSSCG00000048443	ortholog_one2one	1
ENSMUSG00000037795	ENSSSCG00000008792	ortholog_one2one	1
ENSMUSG00000031293	ENSSSCG00000026932	ortholog_one2one	1
ENSMUSG00000079057	ENSSSCG00000032687	ortholog_one2one	1
ENSMUSG00000036880	ENSSSCG00000004510	ortholog_one2one	1
ENSMUSG00000031158	ENSSSCG00000022647	ortholog_one2one	1
ENSMUSG00000021557	ENSSSCG00000010957	ortholog_one2one	1
ENSMUSG00000047678	ENSSSCG00000012254	ortholog_one2one	1
ENSMUSG00000035506	ENSSSCG00000011860	ortholog_one2one	1
ENSMUSG00000025665	ENSSSCG00000012456	ortholog_one2one	1
ENSMUSG00000028869	ENSSSCG00000031631	ortholog_one2one	1
ENSMUSG00000031844	ENSSSCG00000038221	ortholog_one2one	1
ENSMUSG00000034981	ENSSSCG00000008966	ortholog_one2one	1
ENSMUSG00000029782	ENSSSCG00000016563	ortholog_one2one	1
ENSMUSG00000018417	ENSSSCG00000016061	ortholog_one2one	1
ENSMUSG00000006740	ENSSSCG00000011027	ortholog_one2one	1
ENSMUSG00000033075	ENSSSCG00000000816	ortholog_one2one	1
ENSMUSG00000069855	ENSSSCG00000018046	ortholog_one2one	1
ENSMUSG00000029592	ENSSSCG00000032917	ortholog_one2one	1
ENSMUSG00000037022	ENSSSCG00000009039	ortholog_one2one	1
ENSMUSG00000001270	ENSSSCG00000021220	ortholog_one2one	1
ENSMUSG00000040021	ENSSSCG00000004106	ortholog_one2one	1
ENSMUSG00000062075	ENSSSCG00000026784	ortholog_one2one	1
ENSMUSG00000012114	ENSSSCG00000010107	ortholog_one2one	1
ENSMUSG00000029659	ENSSSCG00000009331	ortholog_one2one	1
ENSMUSG00000023935	ENSSSCG00000039903	ortholog_one2one	1
ENSMUSG00000070493	ENSSSCG00000007743	ortholog_one2one	1
ENSMUSG00000046032	ENSSSCG00000012400	ortholog_one2one	1
ENSMUSG00000091803	ENSSSCG00000002316	ortholog_one2one	1
ENSMUSG00000012117	ENSSSCG00000033516	ortholog_one2one	1
ENSMUSG00000003546	ENSSSCG00000001659	ortholog_one2one	1
ENSMUSG00000029410	ENSSSCG00000008972	ortholog_one2one	1
ENSMUSG00000033862	ENSSSCG00000025401	ortholog_one2one	1
ENSMUSG00000034974	ENSSSCG00000032170	ortholog_one2one	1
ENSMUSG00000053080	ENSSSCG00000031666	ortholog_one2one	1
ENSMUSG00000038524	ENSSSCG00000014390	ortholog_one2one	1
ENSMUSG00000062961	ENSSSCG00000002310	ortholog_one2one	1
ENSMUSG00000022620	ENSSSCG00000032428	ortholog_one2one	1
ENSMUSG00000018821	ENSSSCG00000036824	ortholog_one2one	1
ENSMUSG00000082101	ENSSSCG00000031114	ortholog_one2one	1
ENSMUSG00000051984	ENSSSCG00000006165	ortholog_one2one	1
ENSMUSG00000071708	ENSSSCG00000012166	ortholog_one2one	1
ENSMUSG00000022332	ENSSSCG00000005941	ortholog_one2one	1
ENSMUSG00000024184	ENSSSCG00000007983	ortholog_one2one	1
ENSMUSG00000020686	ENSSSCG00000039395	ortholog_one2one	1
ENSMUSG00000038624	ENSSSCG00000004252	ortholog_one2one	1
ENSMUSG00000048485	ENSSSCG00000022120	ortholog_one2one	1
ENSMUSG00000041000	ENSSSCG00000003620	ortholog_one2one	1
ENSMUSG00000023883	ENSSSCG00000030155	ortholog_one2one	1
ENSMUSG00000038903	ENSSSCG00000004534	ortholog_one2one	1
ENSMUSG00000019763	ENSSSCG00000004089	ortholog_one2one	1
ENSMUSG00000029608	ENSSSCG00000009883	ortholog_one2one	1
ENSMUSG00000028671	ENSSSCG00000027827	ortholog_one2one	1
ENSMUSG00000050945	ENSSSCG00000011023	ortholog_one2one	1
ENSMUSG00000031371	ENSSSCG00000012767	ortholog_one2one	1
ENSMUSG00000045100	ENSSSCG00000011498	ortholog_one2one	1
ENSMUSG00000024598	ENSSSCG00000014256	ortholog_one2one	1
ENSMUSG00000033282	ENSSSCG00000031652	ortholog_one2one	1
ENSMUSG00000036959	ENSSSCG00000012655	ortholog_one2one	1
ENSMUSG00000059586	ENSSSCG00000037755	ortholog_one2one	1
ENSMUSG00000025616	ENSSSCG00000027594	ortholog_one2one	1
ENSMUSG00000003279	ENSSSCG00000003690	ortholog_one2one	1
ENSMUSG00000056671	ENSSSCG00000014406	ortholog_one2one	1
ENSMUSG00000024870	ENSSSCG00000057023	ortholog_one2one	1
ENSMUSG00000030353	ENSSSCG00000000736	ortholog_one2one	1
ENSMUSG00000028212	ENSSSCG00000006095	ortholog_one2one	1
ENSMUSG00000067649	ENSSSCG00000012186	ortholog_one2one	1
ENSMUSG00000040621	ENSSSCG00000012127	ortholog_one2one	1
ENSMUSG00000037656	ENSSSCG00000007027	ortholog_one2one	1
ENSMUSG00000046668	ENSSSCG00000037898	ortholog_one2one	1
ENSMUSG00000072770	ENSSSCG00000000700	ortholog_one2one	1
ENSMUSG00000024909	ENSSSCG00000012971	ortholog_one2one	1
ENSMUSG00000042595	ENSSSCG00000012542	ortholog_one2one	1
ENSMUSG00000048108	ENSSSCG00000025787	ortholog_one2one	1
ENSMUSG00000079316	ENSSSCG00000012123	ortholog_one2one	1
ENSMUSG00000029781	ENSSSCG00000021250	ortholog_one2one	1
ENSMUSG00000026027	ENSSSCG00000031271	ortholog_one2one	1
ENSMUSG00000022321	ENSSSCG00000016802	ortholog_one2one	1
ENSMUSG00000060034	ENSSSCG00000007773	ortholog_one2one	1
ENSMUSG00000034031	ENSSSCG00000052473	ortholog_one2one	1
ENSMUSG00000034854	ENSSSCG00000026169	ortholog_one2one	1
ENSMUSG00000033253	ENSSSCG00000003941	ortholog_one2one	1
ENSMUSG00000062526	ENSSSCG00000028126	ortholog_one2one	1
ENSMUSG00000031314	ENSSSCG00000027115	ortholog_one2one	1
ENSMUSG00000079654	ENSSSCG00000037087	ortholog_one2one	1
ENSMUSG00000115987	ENSSSCG00000005904	ortholog_one2one	1
ENSMUSG00000027770	ENSSSCG00000024916	ortholog_one2one	1
ENSMUSG00000028536	ENSSSCG00000003951	ortholog_one2one	1
ENSMUSG00000060491	ENSSSCG00000031188	ortholog_one2one	1
ENSMUSG00000025613	ENSSSCG00000026761	ortholog_one2one	1
ENSMUSG00000024742	ENSSSCG00000063433	ortholog_one2one	1
ENSMUSG00000045193	ENSSSCG00000053466	ortholog_one2one	1
ENSMUSG00000074003	ENSSSCG00000055915	ortholog_one2one	1
ENSMUSG00000108929	ENSSSCG00000046471	ortholog_one2one	1
ENSMUSG00000035770	ENSSSCG00000036210	ortholog_one2one	1
ENSMUSG00000025209	ENSSSCG00000030428	ortholog_one2one	1
ENSMUSG00000028601	ENSSSCG00000003854	ortholog_one2one	1
ENSMUSG00000019969	ENSSSCG00000002340	ortholog_one2one	1
ENSMUSG00000024896	ENSSSCG00000010435	ortholog_one2one	1
ENSMUSG00000026483	ENSSSCG00000015567	ortholog_one2one	1
ENSMUSG00000027983	ENSSSCG00000009151	ortholog_one2one	1
ENSMUSG00000036983	ENSSSCG00000024361	ortholog_one2one	1
ENSMUSG00000019810	ENSSSCG00000004133	ortholog_one2one	1
ENSMUSG00000001983	ENSSSCG00000036944	ortholog_one2one	1
ENSMUSG00000034968	ENSSSCG00000008278	ortholog_one2one	1
ENSMUSG00000060798	ENSSSCG00000009079	ortholog_one2one	1
ENSMUSG00000029547	ENSSSCG00000007558	ortholog_one2one	1
ENSMUSG00000030036	ENSSSCG00000022786	ortholog_one2one	1
ENSMUSG00000020905	ENSSSCG00000017995	ortholog_one2one	1
ENSMUSG00000016319	ENSSSCG00000012623	ortholog_one2one	1
ENSMUSG00000103677	ENSSSCG00000027371	ortholog_one2one	1
ENSMUSG00000037997	ENSSSCG00000000728	ortholog_one2one	1
ENSMUSG00000059409	ENSSSCG00000001654	ortholog_one2one	1
ENSMUSG00000024600	ENSSSCG00000014257	ortholog_one2one	1
ENSMUSG00000022234	ENSSSCG00000024126	ortholog_one2one	1
ENSMUSG00000043648	ENSSSCG00000039878	ortholog_one2one	1
ENSMUSG00000006998	ENSSSCG00000046387	ortholog_one2one	1
ENSMUSG00000041891	ENSSSCG00000004908	ortholog_one2one	1
ENSMUSG00000105734	ENSSSCG00000057128	ortholog_one2one	1
ENSMUSG00000024772	ENSSSCG00000013017	ortholog_one2one	1
ENSMUSG00000020411	ENSSSCG00000017053	ortholog_one2one	1
ENSMUSG00000062949	ENSSSCG00000012713	ortholog_one2one	1
ENSMUSG00000026466	ENSSSCG00000032621	ortholog_one2one	1
ENSMUSG00000036144	ENSSSCG00000015357	ortholog_one2one	1
ENSMUSG00000021255	ENSSSCG00000002388	ortholog_one2one	1
ENSMUSG00000020892	ENSSSCG00000017981	ortholog_one2one	1
ENSMUSG00000034321	ENSSSCG00000010518	ortholog_one2one	1
ENSMUSG00000003316	ENSSSCG00000030420	ortholog_one2one	1
ENSMUSG00000073998	ENSSSCG00000023029	ortholog_one2one	1
ENSMUSG00000021178	ENSSSCG00000002433	ortholog_one2one	1
ENSMUSG00000002741	ENSSSCG00000016750	ortholog_one2one	1
ENSMUSG00000062210	ENSSSCG00000040617	ortholog_one2one	1
ENSMUSG00000038210	ENSSSCG00000016698	ortholog_one2one	1
ENSMUSG00000020166	ENSSSCG00000000502	ortholog_one2one	1
ENSMUSG00000030315	ENSSSCG00000030581	ortholog_one2one	1
ENSMUSG00000005824	ENSSSCG00000026695	ortholog_one2one	1
ENSMUSG00000020723	ENSSSCG00000037202	ortholog_one2one	1
ENSMUSG00000041889	ENSSSCG00000054480	ortholog_one2one	1
ENSMUSG00000003541	ENSSSCG00000027607	ortholog_one2one	1
ENSMUSG00000025730	ENSSSCG00000033792	ortholog_one2one	1
ENSMUSG00000029638	ENSSSCG00000015345	ortholog_one2one	1
ENSMUSG00000020889	ENSSSCG00000036933	ortholog_one2one	1
ENSMUSG00000030781	ENSSSCG00000024058	ortholog_one2one	1
ENSMUSG00000058388	ENSSSCG00000006766	ortholog_one2one	1
ENSMUSG00000002688	ENSSSCG00000001975	ortholog_one2one	1
ENSMUSG00000038893	ENSSSCG00000017551	ortholog_one2one	1
ENSMUSG00000026312	ENSSSCG00000004886	ortholog_one2one	1
ENSMUSG00000024610	ENSSSCG00000033262	ortholog_one2one	1
ENSMUSG00000000120	ENSSSCG00000017548	ortholog_one2one	1
ENSMUSG00000002012	ENSSSCG00000012773	ortholog_one2one	1
ENSMUSG00000036371	ENSSSCG00000003798	ortholog_one2one	1
ENSMUSG00000043411	ENSSSCG00000024197	ortholog_one2one	1
ENSMUSG00000020155	ENSSSCG00000017005	ortholog_one2one	1
ENSMUSG00000033781	ENSSSCG00000011145	ortholog_one2one	1
ENSMUSG00000024107	ENSSSCG00000008421	ortholog_one2one	1
ENSMUSG00000025081	ENSSSCG00000021075	ortholog_one2one	1
ENSMUSG00000017386	ENSSSCG00000032658	ortholog_one2one	1
ENSMUSG00000029228	ENSSSCG00000008838	ortholog_one2one	1
ENSMUSG00000049687	ENSSSCG00000038492	ortholog_one2one	1
ENSMUSG00000031480	ENSSSCG00000009377	ortholog_one2one	1
ENSMUSG00000044217	ENSSSCG00000000211	ortholog_one2one	1
ENSMUSG00000053846	ENSSSCG00000004509	ortholog_one2one	1
ENSMUSG00000091636	ENSSSCG00000056207	ortholog_one2one	1
ENSMUSG00000021764	ENSSSCG00000016893	ortholog_one2one	1
ENSMUSG00000062760	ENSSSCG00000039522	ortholog_one2one	1
ENSMUSG00000049090	ENSSSCG00000032488	ortholog_one2one	1
ENSMUSG00000042320	ENSSSCG00000002373	ortholog_one2one	1
ENSMUSG00000051316	ENSSSCG00000028168	ortholog_one2one	1
ENSMUSG00000074063	ENSSSCG00000032115	ortholog_one2one	1
ENSMUSG00000034295	ENSSSCG00000027935	ortholog_one2one	1
ENSMUSG00000070738	ENSSSCG00000009432	ortholog_one2one	1
ENSMUSG00000015452	ENSSSCG00000001437	ortholog_one2one	1
ENSMUSG00000054136	ENSSSCG00000059591	ortholog_one2one	1
ENSMUSG00000044041	ENSSSCG00000017445	ortholog_one2one	1
ENSMUSG00000048264	ENSSSCG00000011163	ortholog_one2one	1
ENSMUSG00000036661	ENSSSCG00000030831	ortholog_one2one	1
ENSMUSG00000073436	ENSSSCG00000021467	ortholog_one2one	1
ENSMUSG00000034473	ENSSSCG00000024904	ortholog_one2one	1
ENSMUSG00000056938	ENSSSCG00000017337	ortholog_one2one	1
ENSMUSG00000028896	ENSSSCG00000029097	ortholog_one2one	1
ENSMUSG00000078817	ENSSSCG00000003251	ortholog_one2one	1
ENSMUSG00000001482	ENSSSCG00000002640	ortholog_one2one	1
ENSMUSG00000043531	ENSSSCG00000030026	ortholog_one2one	1
ENSMUSG00000033187	ENSSSCG00000033637	ortholog_one2one	1
ENSMUSG00000003235	ENSSSCG00000011783	ortholog_one2one	1
ENSMUSG00000041324	ENSSSCG00000035077	ortholog_one2one	1
ENSMUSG00000039458	ENSSSCG00000031509	ortholog_one2one	1
ENSMUSG00000073433	ENSSSCG00000038979	ortholog_one2one	1
ENSMUSG00000039110	ENSSSCG00000017563	ortholog_one2one	1
ENSMUSG00000035158	ENSSSCG00000011514	ortholog_one2one	1
ENSMUSG00000025019	ENSSSCG00000010513	ortholog_one2one	1
ENSMUSG00000069729	ENSSSCG00000004064	ortholog_one2one	1
ENSMUSG00000021611	ENSSSCG00000017118	ortholog_one2one	1
ENSMUSG00000032537	ENSSSCG00000024492	ortholog_one2one	1
ENSMUSG00000054146	ENSSSCG00000017444	ortholog_one2one	1
ENSMUSG00000024981	ENSSSCG00000031789	ortholog_one2one	1
ENSMUSG00000012777	ENSSSCG00000024736	ortholog_one2one	1
ENSMUSG00000024253	ENSSSCG00000038383	ortholog_one2one	1
ENSMUSG00000070332	ENSSSCG00000017216	ortholog_one2one	1
ENSMUSG00000041229	ENSSSCG00000012329	ortholog_one2one	1
ENSMUSG00000018844	ENSSSCG00000021617	ortholog_one2one	1
ENSMUSG00000044533	ENSSSCG00000033697	ortholog_one2one	1
ENSMUSG00000032727	ENSSSCG00000016920	ortholog_one2one	1
ENSMUSG00000028600	ENSSSCG00000027114	ortholog_one2one	1
ENSMUSG00000044037	ENSSSCG00000021997	ortholog_one2one	1
ENSMUSG00000021111	ENSSSCG00000002505	ortholog_one2one	1
ENSMUSG00000022476	ENSSSCG00000000063	ortholog_one2one	1
ENSMUSG00000021613	ENSSSCG00000014137	ortholog_one2one	1
ENSMUSG00000001642	ENSSSCG00000040608	ortholog_one2one	1
ENSMUSG00000045083	ENSSSCG00000062233	ortholog_one2one	1
ENSMUSG00000101605	ENSSSCG00000023612	ortholog_one2one	1
ENSMUSG00000041417	ENSSSCG00000016958	ortholog_one2one	1
ENSMUSG00000030137	ENSSSCG00000060615	ortholog_one2one	1
ENSMUSG00000023150	ENSSSCG00000015570	ortholog_one2one	1
ENSMUSG00000040919	ENSSSCG00000008410	ortholog_one2one	1
ENSMUSG00000024594	ENSSSCG00000014252	ortholog_one2one	1
ENSMUSG00000071172	ENSSSCG00000001564	ortholog_one2one	1
ENSMUSG00000029695	ENSSSCG00000016613	ortholog_one2one	1
ENSMUSG00000021697	ENSSSCG00000057381	ortholog_one2one	1
ENSMUSG00000006574	ENSSSCG00000017358	ortholog_one2one	1
ENSMUSG00000025228	ENSSSCG00000010585	ortholog_one2one	1
ENSMUSG00000034871	ENSSSCG00000036649	ortholog_one2one	1
ENSMUSG00000016763	ENSSSCG00000000029	ortholog_one2one	1
ENSMUSG00000042742	ENSSSCG00000021466	ortholog_one2one	1
ENSMUSG00000038025	ENSSSCG00000008080	ortholog_one2one	1
ENSMUSG00000063172	ENSSSCG00000053317	ortholog_one2one	1
ENSMUSG00000022773	ENSSSCG00000054789	ortholog_one2one	1
ENSMUSG00000070604	ENSSSCG00000003228	ortholog_one2one	1
ENSMUSG00000039114	ENSSSCG00000026211	ortholog_one2one	1
ENSMUSG00000041540	ENSSSCG00000000567	ortholog_one2one	1
ENSMUSG00000042179	ENSSSCG00000010659	ortholog_one2one	1
ENSMUSG00000031171	ENSSSCG00000025599	ortholog_one2one	1
ENSMUSG00000044737	ENSSSCG00000036362	ortholog_one2one	1
ENSMUSG00000039285	ENSSSCG00000028258	ortholog_one2one	1
ENSMUSG00000053574	ENSSSCG00000033819	ortholog_one2one	1
ENSMUSG00000013089	ENSSSCG00000023229	ortholog_one2one	1
ENSMUSG00000021311	ENSSSCG00000010143	ortholog_one2one	1
ENSMUSG00000024743	ENSSSCG00000021906	ortholog_one2one	1
ENSMUSG00000027895	ENSSSCG00000006810	ortholog_one2one	1
ENSMUSG00000047884	ENSSSCG00000033192	ortholog_one2one	1
ENSMUSG00000025384	ENSSSCG00000029616	ortholog_one2one	1
ENSMUSG00000044252	ENSSSCG00000003712	ortholog_one2one	1
ENSMUSG00000022353	ENSSSCG00000005975	ortholog_one2one	1
ENSMUSG00000055436	ENSSSCG00000003791	ortholog_one2one	1
ENSMUSG00000020075	ENSSSCG00000010247	ortholog_one2one	1
ENSMUSG00000028522	ENSSSCG00000030423	ortholog_one2one	1
ENSMUSG00000022836	ENSSSCG00000011867	ortholog_one2one	1
ENSMUSG00000118553	ENSSSCG00000039649	ortholog_one2one	1
ENSMUSG00000031960	ENSSSCG00000002723	ortholog_one2one	1
ENSMUSG00000049653	ENSSSCG00000005923	ortholog_one2one	1
ENSMUSG00000032431	ENSSSCG00000051838	ortholog_one2one	1
ENSMUSG00000020925	ENSSSCG00000017352	ortholog_one2one	1
ENSMUSG00000025728	ENSSSCG00000007992	ortholog_one2one	1
ENSMUSG00000037257	ENSSSCG00000004951	ortholog_one2one	1
ENSMUSG00000043857	ENSSSCG00000017170	ortholog_one2one	1
ENSMUSG00000024887	ENSSSCG00000010432	ortholog_one2one	1
ENSMUSG00000021338	ENSSSCG00000001100	ortholog_one2one	1
ENSMUSG00000060032	ENSSSCG00000039307	ortholog_one2one	1
ENSMUSG00000033697	ENSSSCG00000005894	ortholog_one2one	1
ENSMUSG00000035378	ENSSSCG00000011518	ortholog_one2one	1
ENSMUSG00000009013	ENSSSCG00000009904	ortholog_one2one	1
ENSMUSG00000020326	ENSSSCG00000017024	ortholog_one2one	1
ENSMUSG00000043811	ENSSSCG00000034656	ortholog_one2one	1
ENSMUSG00000005846	ENSSSCG00000023984	ortholog_one2one	1
ENSMUSG00000056696	ENSSSCG00000057728	ortholog_one2one	1
ENSMUSG00000028832	ENSSSCG00000026257	ortholog_one2one	1
ENSMUSG00000041468	ENSSSCG00000009301	ortholog_one2one	1
ENSMUSG00000084957	ENSSSCG00000055707	ortholog_one2one	1
ENSMUSG00000025825	ENSSSCG00000023380	ortholog_one2one	1
ENSMUSG00000019792	ENSSSCG00000004220	ortholog_one2one	1
ENSMUSG00000038074	ENSSSCG00000037575	ortholog_one2one	1
ENSMUSG00000051444	ENSSSCG00000026290	ortholog_one2one	1
ENSMUSG00000042406	ENSSSCG00000059058	ortholog_one2one	1
ENSMUSG00000043843	ENSSSCG00000003022	ortholog_one2one	1
ENSMUSG00000028133	ENSSSCG00000036509	ortholog_one2one	1
ENSMUSG00000042638	ENSSSCG00000026724	ortholog_one2one	1
ENSMUSG00000022440	ENSSSCG00000055678	ortholog_one2one	1
ENSMUSG00000030878	ENSSSCG00000032340	ortholog_one2one	1
ENSMUSG00000022964	ENSSSCG00000034624	ortholog_one2one	1
ENSMUSG00000031927	ENSSSCG00000014957	ortholog_one2one	1
ENSMUSG00000042388	ENSSSCG00000040173	ortholog_one2one	1
ENSMUSG00000024759	ENSSSCG00000013054	ortholog_one2one	1
ENSMUSG00000004018	ENSSSCG00000008394	ortholog_one2one	1
ENSMUSG00000029335	ENSSSCG00000029061	ortholog_one2one	1
ENSMUSG00000054641	ENSSSCG00000009202	ortholog_one2one	1
ENSMUSG00000030866	ENSSSCG00000040637	ortholog_one2one	1
ENSMUSG00000032040	ENSSSCG00000015231	ortholog_one2one	1
ENSMUSG00000029229	ENSSSCG00000032645	ortholog_one2one	1
ENSMUSG00000037487	ENSSSCG00000022479	ortholog_one2one	1
ENSMUSG00000034639	ENSSSCG00000011531	ortholog_one2one	1
ENSMUSG00000039233	ENSSSCG00000034844	ortholog_one2one	1
ENSMUSG00000022905	ENSSSCG00000028475	ortholog_one2one	1
ENSMUSG00000040841	ENSSSCG00000035791	ortholog_one2one	1
ENSMUSG00000025007	ENSSSCG00000010495	ortholog_one2one	1
ENSMUSG00000032417	ENSSSCG00000029129	ortholog_one2one	1
ENSMUSG00000029647	ENSSSCG00000009319	ortholog_one2one	1
ENSMUSG00000041309	ENSSSCG00000036098	ortholog_one2one	1
ENSMUSG00000049791	ENSSSCG00000014920	ortholog_one2one	1
ENSMUSG00000040113	ENSSSCG00000006281	ortholog_one2one	1
ENSMUSG00000030223	ENSSSCG00000000601	ortholog_one2one	1
ENSMUSG00000051652	ENSSSCG00000053846	ortholog_one2one	1
ENSMUSG00000035773	ENSSSCG00000013420	ortholog_one2one	1
ENSMUSG00000031467	ENSSSCG00000015755	ortholog_one2one	1
ENSMUSG00000032076	ENSSSCG00000031831	ortholog_one2one	1
ENSMUSG00000036882	ENSSSCG00000039135	ortholog_one2one	1
ENSMUSG00000034165	ENSSSCG00000032284	ortholog_one2one	1
ENSMUSG00000020232	ENSSSCG00000040421	ortholog_one2one	1
ENSMUSG00000026470	ENSSSCG00000015539	ortholog_one2one	1
ENSMUSG00000038393	ENSSSCG00000031262	ortholog_one2one	1
ENSMUSG00000035764	ENSSSCG00000033030	ortholog_one2one	1
ENSMUSG00000049321	ENSSSCG00000029380	ortholog_one2one	1
ENSMUSG00000022853	ENSSSCG00000040296	ortholog_one2one	1
ENSMUSG00000008489	ENSSSCG00000005130	ortholog_one2one	1
ENSMUSG00000037419	ENSSSCG00000014965	ortholog_one2one	1
ENSMUSG00000022525	ENSSSCG00000036094	ortholog_one2one	1
ENSMUSG00000031936	ENSSSCG00000030461	ortholog_one2one	1
ENSMUSG00000067722	ENSSSCG00000038882	ortholog_one2one	1
ENSMUSG00000021486	ENSSSCG00000031182	ortholog_one2one	1
ENSMUSG00000024340	ENSSSCG00000025071	ortholog_one2one	1
ENSMUSG00000027884	ENSSSCG00000006841	ortholog_one2one	1
ENSMUSG00000034584	ENSSSCG00000015010	ortholog_one2one	1
ENSMUSG00000043807	ENSSSCG00000062414	ortholog_one2one	1
ENSMUSG00000048752	ENSSSCG00000011327	ortholog_one2one	1
ENSMUSG00000054793	ENSSSCG00000003061	ortholog_one2one	1
ENSMUSG00000022682	ENSSSCG00000033356	ortholog_one2one	1
ENSMUSG00000021499	ENSSSCG00000028294	ortholog_one2one	1
ENSMUSG00000089809	ENSSSCG00000029507	ortholog_one2one	1
ENSMUSG00000030301	ENSSSCG00000024232	ortholog_one2one	1
ENSMUSG00000034007	ENSSSCG00000001865	ortholog_one2one	1
ENSMUSG00000032900	ENSSSCG00000040454	ortholog_one2one	1
ENSMUSG00000025789	ENSSSCG00000039271	ortholog_one2one	1
ENSMUSG00000047417	ENSSSCG00000040624	ortholog_one2one	1
ENSMUSG00000030431	ENSSSCG00000035417	ortholog_one2one	1
ENSMUSG00000062209	ENSSSCG00000016160	ortholog_one2one	1
ENSMUSG00000034825	ENSSSCG00000014570	ortholog_one2one	1
ENSMUSG00000025877	ENSSSCG00000014048	ortholog_one2one	1
ENSMUSG00000036941	ENSSSCG00000024479	ortholog_one2one	1
ENSMUSG00000063605	ENSSSCG00000028723	ortholog_one2one	1
ENSMUSG00000002249	ENSSSCG00000001544	ortholog_one2one	1
ENSMUSG00000020374	ENSSSCG00000014011	ortholog_one2one	1
ENSMUSG00000052353	ENSSSCG00000038929	ortholog_one2one	1
ENSMUSG00000024366	ENSSSCG00000014329	ortholog_one2one	1
ENSMUSG00000024604	ENSSSCG00000023231	ortholog_one2one	1
ENSMUSG00000024798	ENSSSCG00000010459	ortholog_one2one	1
ENSMUSG00000038872	ENSSSCG00000002752	ortholog_one2one	1
ENSMUSG00000031060	ENSSSCG00000012271	ortholog_one2one	1
ENSMUSG00000006299	ENSSSCG00000016189	ortholog_one2one	1
ENSMUSG00000038550	ENSSSCG00000038374	ortholog_one2one	1
ENSMUSG00000024697	ENSSSCG00000005284	ortholog_one2one	1
ENSMUSG00000039473	ENSSSCG00000007924	ortholog_one2one	1
ENSMUSG00000054717	ENSSSCG00000009704	ortholog_one2one	1
ENSMUSG00000024858	ENSSSCG00000012918	ortholog_one2one	1
ENSMUSG00000034647	ENSSSCG00000003682	ortholog_one2one	1
ENSMUSG00000024590	ENSSSCG00000014248	ortholog_one2one	1
ENSMUSG00000039634	ENSSSCG00000034239	ortholog_one2one	1
ENSMUSG00000028163	ENSSSCG00000030957	ortholog_one2one	1
ENSMUSG00000031441	ENSSSCG00000037561	ortholog_one2one	1
ENSMUSG00000095115	ENSSSCG00000039337	ortholog_one2one	1
ENSMUSG00000028617	ENSSSCG00000029698	ortholog_one2one	1
ENSMUSG00000025726	ENSSSCG00000002632	ortholog_one2one	1
ENSMUSG00000024552	ENSSSCG00000004491	ortholog_one2one	1
ENSMUSG00000019368	ENSSSCG00000038709	ortholog_one2one	1
ENSMUSG00000030553	ENSSSCG00000004811	ortholog_one2one	1
ENSMUSG00000032494	ENSSSCG00000023395	ortholog_one2one	1
ENSMUSG00000020032	ENSSSCG00000032861	ortholog_one2one	1
ENSMUSG00000043262	ENSSSCG00000013362	ortholog_one2one	1
ENSMUSG00000001227	ENSSSCG00000035176	ortholog_one2one	1
ENSMUSG00000020262	ENSSSCG00000012089	ortholog_one2one	1
ENSMUSG00000054191	ENSSSCG00000013730	ortholog_one2one	1
ENSMUSG00000024620	ENSSSCG00000022741	ortholog_one2one	1
ENSMUSG00000031879	ENSSSCG00000033027	ortholog_one2one	1
ENSMUSG00000052915	ENSSSCG00000017476	ortholog_one2one	1
ENSMUSG00000014226	ENSSSCG00000015504	ortholog_one2one	1
ENSMUSG00000059003	ENSSSCG00000031290	ortholog_one2one	1
ENSMUSG00000009863	ENSSSCG00000020926	ortholog_one2one	1
ENSMUSG00000003573	ENSSSCG00000013919	ortholog_one2one	1
ENSMUSG00000032527	ENSSSCG00000011653	ortholog_one2one	1
ENSMUSG00000030413	ENSSSCG00000038688	ortholog_one2one	1
ENSMUSG00000070462	ENSSSCG00000037209	ortholog_one2one	1
ENSMUSG00000062785	ENSSSCG00000003214	ortholog_one2one	1
ENSMUSG00000018567	ENSSSCG00000017936	ortholog_one2one	1
ENSMUSG00000024312	ENSSSCG00000001504	ortholog_one2one	1
ENSMUSG00000032649	ENSSSCG00000030217	ortholog_one2one	1
ENSMUSG00000047557	ENSSSCG00000020984	ortholog_one2one	1
ENSMUSG00000048939	ENSSSCG00000026260	ortholog_one2one	1
ENSMUSG00000033184	ENSSSCG00000038156	ortholog_one2one	1
ENSMUSG00000021371	ENSSSCG00000054763	ortholog_one2one	1
ENSMUSG00000025192	ENSSSCG00000010540	ortholog_one2one	1
ENSMUSG00000028116	ENSSSCG00000052601	ortholog_one2one	1
ENSMUSG00000040928	ENSSSCG00000022801	ortholog_one2one	1
ENSMUSG00000030965	ENSSSCG00000010737	ortholog_one2one	1
ENSMUSG00000033276	ENSSSCG00000026964	ortholog_one2one	1
ENSMUSG00000025089	ENSSSCG00000010655	ortholog_one2one	1
ENSMUSG00000024258	ENSSSCG00000039230	ortholog_one2one	1
ENSMUSG00000031953	ENSSSCG00000028464	ortholog_one2one	1
ENSMUSG00000059336	ENSSSCG00000004492	ortholog_one2one	1
ENSMUSG00000002997	ENSSSCG00000037706	ortholog_one2one	1
ENSMUSG00000031584	ENSSSCG00000015844	ortholog_one2one	1
ENSMUSG00000029343	ENSSSCG00000009964	ortholog_one2one	1
ENSMUSG00000023995	ENSSSCG00000038553	ortholog_one2one	1
ENSMUSG00000046138	ENSSSCG00000005205	ortholog_one2one	1
ENSMUSG00000062132	ENSSSCG00000062012	ortholog_one2one	1
ENSMUSG00000022377	ENSSSCG00000028759	ortholog_one2one	1
ENSMUSG00000021699	ENSSSCG00000016929	ortholog_one2one	1
ENSMUSG00000028563	ENSSSCG00000038861	ortholog_one2one	1
ENSMUSG00000048652	ENSSSCG00000026005	ortholog_one2one	1
ENSMUSG00000046961	ENSSSCG00000011888	ortholog_one2one	1
ENSMUSG00000051900	ENSSSCG00000035000	ortholog_one2one	1
ENSMUSG00000043391	ENSSSCG00000038724	ortholog_one2one	1
ENSMUSG00000024410	ENSSSCG00000026851	ortholog_one2one	1
ENSMUSG00000040037	ENSSSCG00000025085	ortholog_one2one	1
ENSMUSG00000024800	ENSSSCG00000010460	ortholog_one2one	1
ENSMUSG00000048520	ENSSSCG00000037822	ortholog_one2one	1
ENSMUSG00000039166	ENSSSCG00000036790	ortholog_one2one	1
ENSMUSG00000032125	ENSSSCG00000015203	ortholog_one2one	1
ENSMUSG00000022769	ENSSSCG00000054186	ortholog_one2one	1
ENSMUSG00000028070	ENSSSCG00000006480	ortholog_one2one	1
ENSMUSG00000002846	ENSSSCG00000037639	ortholog_one2one	1
ENSMUSG00000003872	ENSSSCG00000003157	ortholog_one2one	1
ENSMUSG00000025977	ENSSSCG00000016082	ortholog_one2one	1
ENSMUSG00000040569	ENSSSCG00000006116	ortholog_one2one	1
ENSMUSG00000035357	ENSSSCG00000011521	ortholog_one2one	1
ENSMUSG00000020091	ENSSSCG00000034444	ortholog_one2one	1
ENSMUSG00000021120	ENSSSCG00000039351	ortholog_one2one	1
ENSMUSG00000059713	ENSSSCG00000024818	ortholog_one2one	1
ENSMUSG00000030677	ENSSSCG00000029509	ortholog_one2one	1
ENSMUSG00000000134	ENSSSCG00000012287	ortholog_one2one	1
ENSMUSG00000025216	ENSSSCG00000022693	ortholog_one2one	1
ENSMUSG00000022766	ENSSSCG00000010093	ortholog_one2one	1
ENSMUSG00000037411	ENSSSCG00000025698	ortholog_one2one	1
ENSMUSG00000068335	ENSSSCG00000008265	ortholog_one2one	1
ENSMUSG00000024960	ENSSSCG00000013034	ortholog_one2one	1
ENSMUSG00000037638	ENSSSCG00000052434	ortholog_one2one	1
ENSMUSG00000019873	ENSSSCG00000036476	ortholog_one2one	1
ENSMUSG00000021025	ENSSSCG00000001952	ortholog_one2one	1
ENSMUSG00000052419	ENSSSCG00000057236	ortholog_one2one	1
ENSMUSG00000049871	ENSSSCG00000007956	ortholog_one2one	1
ENSMUSG00000050122	ENSSSCG00000033394	ortholog_one2one	1
ENSMUSG00000019518	ENSSSCG00000034288	ortholog_one2one	1
ENSMUSG00000040859	ENSSSCG00000026392	ortholog_one2one	1
ENSMUSG00000028125	ENSSSCG00000006890	ortholog_one2one	1
ENSMUSG00000067288	ENSSSCG00000013597	ortholog_one2one	1
ENSMUSG00000034258	ENSSSCG00000021606	ortholog_one2one	1
ENSMUSG00000051618	ENSSSCG00000014691	ortholog_one2one	1
ENSMUSG00000047648	ENSSSCG00000004121	ortholog_one2one	1
ENSMUSG00000108367	ENSSSCG00000003049	ortholog_one2one	1
ENSMUSG00000022863	ENSSSCG00000012014	ortholog_one2one	1
ENSMUSG00000031502	ENSSSCG00000044700	ortholog_one2one	1
ENSMUSG00000056459	ENSSSCG00000039616	ortholog_one2one	1
ENSMUSG00000049109	ENSSSCG00000024392	ortholog_one2one	1
ENSMUSG00000021687	ENSSSCG00000034795	ortholog_one2one	1
ENSMUSG00000022787	ENSSSCG00000036536	ortholog_one2one	1
ENSMUSG00000039315	ENSSSCG00000022448	ortholog_one2one	1
ENSMUSG00000026288	ENSSSCG00000016298	ortholog_one2one	1
ENSMUSG00000000127	ENSSSCG00000027074	ortholog_one2one	1
ENSMUSG00000022750	ENSSSCG00000010108	ortholog_one2one	1
ENSMUSG00000044067	ENSSSCG00000015442	ortholog_one2one	1
ENSMUSG00000068250	ENSSSCG00000034407	ortholog_one2one	1
ENSMUSG00000020015	ENSSSCG00000028182	ortholog_one2one	1
ENSMUSG00000021264	ENSSSCG00000037558	ortholog_one2one	1
ENSMUSG00000013936	ENSSSCG00000039710	ortholog_one2one	1
ENSMUSG00000028199	ENSSSCG00000003780	ortholog_one2one	1
ENSMUSG00000022895	ENSSSCG00000038948	ortholog_one2one	1
ENSMUSG00000037787	ENSSSCG00000054301	ortholog_one2one	1
ENSMUSG00000021400	ENSSSCG00000001010	ortholog_one2one	1
ENSMUSG00000048677	ENSSSCG00000012875	ortholog_one2one	1
ENSMUSG00000058240	ENSSSCG00000028377	ortholog_one2one	1
ENSMUSG00000024273	ENSSSCG00000030002	ortholog_one2one	1
ENSMUSG00000032017	ENSSSCG00000015131	ortholog_one2one	1
ENSMUSG00000034157	ENSSSCG00000029760	ortholog_one2one	1
ENSMUSG00000063200	ENSSSCG00000040816	ortholog_one2one	1
ENSMUSG00000034245	ENSSSCG00000028031	ortholog_one2one	1
ENSMUSG00000024538	ENSSSCG00000031128	ortholog_one2one	1
ENSMUSG00000025410	ENSSSCG00000000444	ortholog_one2one	1
ENSMUSG00000054199	ENSSSCG00000006510	ortholog_one2one	1
ENSMUSG00000031250	ENSSSCG00000012480	ortholog_one2one	1
ENSMUSG00000052221	ENSSSCG00000002275	ortholog_one2one	1
ENSMUSG00000029185	ENSSSCG00000008785	ortholog_one2one	1
ENSMUSG00000079487	ENSSSCG00000012396	ortholog_one2one	1
ENSMUSG00000032845	ENSSSCG00000004918	ortholog_one2one	1
ENSMUSG00000035936	ENSSSCG00000001090	ortholog_one2one	1
ENSMUSG00000061048	ENSSSCG00000023162	ortholog_one2one	1
ENSMUSG00000049882	ENSSSCG00000036735	ortholog_one2one	1
ENSMUSG00000024725	ENSSSCG00000005273	ortholog_one2one	1
ENSMUSG00000019302	ENSSSCG00000017401	ortholog_one2one	1
ENSMUSG00000024175	ENSSSCG00000032076	ortholog_one2one	1
ENSMUSG00000027703	ENSSSCG00000023679	ortholog_one2one	1
ENSMUSG00000050875	ENSSSCG00000014261	ortholog_one2one	1
ENSMUSG00000040669	ENSSSCG00000000661	ortholog_one2one	1
ENSMUSG00000042901	ENSSSCG00000010835	ortholog_one2one	1
ENSMUSG00000040322	ENSSSCG00000006848	ortholog_one2one	1
ENSMUSG00000021306	ENSSSCG00000038853	ortholog_one2one	1
ENSMUSG00000032315	ENSSSCG00000001906	ortholog_one2one	1
ENSMUSG00000029499	ENSSSCG00000045726	ortholog_one2one	1
ENSMUSG00000039982	ENSSSCG00000013145	ortholog_one2one	1
ENSMUSG00000046982	ENSSSCG00000004861	ortholog_one2one	1
ENSMUSG00000048148	ENSSSCG00000013865	ortholog_one2one	1
ENSMUSG00000038630	ENSSSCG00000037744	ortholog_one2one	1
ENSMUSG00000036167	ENSSSCG00000000793	ortholog_one2one	1
ENSMUSG00000028019	ENSSSCG00000024960	ortholog_one2one	1
ENSMUSG00000024561	ENSSSCG00000004516	ortholog_one2one	1
ENSMUSG00000003559	ENSSSCG00000010592	ortholog_one2one	1
ENSMUSG00000019179	ENSSSCG00000025486	ortholog_one2one	1
ENSMUSG00000058952	ENSSSCG00000009138	ortholog_one2one	1
ENSMUSG00000023944	ENSSSCG00000001701	ortholog_one2one	1
ENSMUSG00000036995	ENSSSCG00000028108	ortholog_one2one	1
ENSMUSG00000027997	ENSSSCG00000009140	ortholog_one2one	1
ENSMUSG00000059288	ENSSSCG00000000999	ortholog_one2one	1
ENSMUSG00000034872	ENSSSCG00000054746	ortholog_one2one	1
ENSMUSG00000019791	ENSSSCG00000004221	ortholog_one2one	1
ENSMUSG00000047787	ENSSSCG00000013044	ortholog_one2one	1
ENSMUSG00000068739	ENSSSCG00000006835	ortholog_one2one	1
ENSMUSG00000090958	ENSSSCG00000014869	ortholog_one2one	1
ENSMUSG00000024749	ENSSSCG00000005266	ortholog_one2one	1
ENSMUSG00000032643	ENSSSCG00000003644	ortholog_one2one	1
ENSMUSG00000002983	ENSSSCG00000038879	ortholog_one2one	1
ENSMUSG00000035578	ENSSSCG00000011855	ortholog_one2one	1
ENSMUSG00000029352	ENSSSCG00000009954	ortholog_one2one	1
ENSMUSG00000034928	ENSSSCG00000014056	ortholog_one2one	1
ENSMUSG00000035451	ENSSSCG00000037634	ortholog_one2one	1
ENSMUSG00000036097	ENSSSCG00000037592	ortholog_one2one	1
ENSMUSG00000028976	ENSSSCG00000039651	ortholog_one2one	1
ENSMUSG00000020123	ENSSSCG00000033383	ortholog_one2one	1
ENSMUSG00000022969	ENSSSCG00000041289	ortholog_one2one	1
ENSMUSG00000003134	ENSSSCG00000008169	ortholog_one2one	1
ENSMUSG00000010154	ENSSSCG00000002635	ortholog_one2one	1
ENSMUSG00000034453	ENSSSCG00000057209	ortholog_one2one	1
ENSMUSG00000040372	ENSSSCG00000035240	ortholog_one2one	1
ENSMUSG00000055725	ENSSSCG00000009259	ortholog_one2one	1
ENSMUSG00000078719	ENSSSCG00000038905	ortholog_one2one	1
ENSMUSG00000022305	ENSSSCG00000006039	ortholog_one2one	1
ENSMUSG00000059920	ENSSSCG00000034645	ortholog_one2one	1
ENSMUSG00000021066	ENSSSCG00000005020	ortholog_one2one	1
ENSMUSG00000032942	ENSSSCG00000014834	ortholog_one2one	1
ENSMUSG00000006678	ENSSSCG00000022240	ortholog_one2one	1
ENSMUSG00000061535	ENSSSCG00000008737	ortholog_one2one	1
ENSMUSG00000034192	ENSSSCG00000011601	ortholog_one2one	1
ENSMUSG00000040455	ENSSSCG00000004351	ortholog_one2one	1
ENSMUSG00000039637	ENSSSCG00000007944	ortholog_one2one	1
ENSMUSG00000049686	ENSSSCG00000034510	ortholog_one2one	1
ENSMUSG00000046897	ENSSSCG00000036564	ortholog_one2one	1
ENSMUSG00000039477	ENSSSCG00000022553	ortholog_one2one	1
ENSMUSG00000036446	ENSSSCG00000000916	ortholog_one2one	1
ENSMUSG00000037493	ENSSSCG00000001762	ortholog_one2one	1
ENSMUSG00000028093	ENSSSCG00000006697	ortholog_one2one	1
ENSMUSG00000030200	ENSSSCG00000000623	ortholog_one2one	1
ENSMUSG00000040536	ENSSSCG00000031424	ortholog_one2one	1
ENSMUSG00000023961	ENSSSCG00000025788	ortholog_one2one	1
ENSMUSG00000003031	ENSSSCG00000037144	ortholog_one2one	1
ENSMUSG00000008307	ENSSSCG00000015316	ortholog_one2one	1
ENSMUSG00000036395	ENSSSCG00000015258	ortholog_one2one	1
ENSMUSG00000058799	ENSSSCG00000000522	ortholog_one2one	1
ENSMUSG00000067825	ENSSSCG00000027190	ortholog_one2one	1
ENSMUSG00000023921	ENSSSCG00000001732	ortholog_one2one	1
ENSMUSG00000028636	ENSSSCG00000058636	ortholog_one2one	1
ENSMUSG00000056917	ENSSSCG00000012982	ortholog_one2one	1
ENSMUSG00000041949	ENSSSCG00000051585	ortholog_one2one	1
ENSMUSG00000034311	ENSSSCG00000012377	ortholog_one2one	1
ENSMUSG00000036565	ENSSSCG00000007565	ortholog_one2one	1
ENSMUSG00000075700	ENSSSCG00000053786	ortholog_one2one	1
ENSMUSG00000059669	ENSSSCG00000008637	ortholog_one2one	1
ENSMUSG00000037730	ENSSSCG00000026829	ortholog_one2one	1
ENSMUSG00000035367	ENSSSCG00000039950	ortholog_one2one	1
ENSMUSG00000028577	ENSSSCG00000005126	ortholog_one2one	1
ENSMUSG00000060890	ENSSSCG00000012379	ortholog_one2one	1
ENSMUSG00000029918	ENSSSCG00000013470	ortholog_one2one	1
ENSMUSG00000036158	ENSSSCG00000034491	ortholog_one2one	1
ENSMUSG00000001366	ENSSSCG00000002629	ortholog_one2one	1
ENSMUSG00000021638	ENSSSCG00000021514	ortholog_one2one	1
ENSMUSG00000063952	ENSSSCG00000020803	ortholog_one2one	1
ENSMUSG00000027963	ENSSSCG00000006861	ortholog_one2one	1
ENSMUSG00000029649	ENSSSCG00000037170	ortholog_one2one	1
ENSMUSG00000046242	ENSSSCG00000037044	ortholog_one2one	1
ENSMUSG00000022415	ENSSSCG00000020873	ortholog_one2one	1
ENSMUSG00000032812	ENSSSCG00000014817	ortholog_one2one	1
ENSMUSG00000012396	ENSSSCG00000040403	ortholog_one2one	1
ENSMUSG00000040560	ENSSSCG00000004538	ortholog_one2one	1
ENSMUSG00000033233	ENSSSCG00000006732	ortholog_one2one	1
ENSMUSG00000022498	ENSSSCG00000007896	ortholog_one2one	1
ENSMUSG00000037139	ENSSSCG00000036534	ortholog_one2one	1
ENSMUSG00000061313	ENSSSCG00000015818	ortholog_one2one	1
ENSMUSG00000047694	ENSSSCG00000028336	ortholog_one2one	1
ENSMUSG00000029683	ENSSSCG00000016605	ortholog_one2one	1
ENSMUSG00000041431	ENSSSCG00000029326	ortholog_one2one	1
ENSMUSG00000059201	ENSSSCG00000040464	ortholog_one2one	1
ENSMUSG00000032534	ENSSSCG00000011645	ortholog_one2one	1
ENSMUSG00000039032	ENSSSCG00000016551	ortholog_one2one	1
ENSMUSG00000028174	ENSSSCG00000003794	ortholog_one2one	1
ENSMUSG00000002524	ENSSSCG00000038800	ortholog_one2one	1
ENSMUSG00000041688	ENSSSCG00000012591	ortholog_one2one	1
ENSMUSG00000028948	ENSSSCG00000030253	ortholog_one2one	1
ENSMUSG00000045962	ENSSSCG00000000753	ortholog_one2one	1
ENSMUSG00000028011	ENSSSCG00000008868	ortholog_one2one	1
ENSMUSG00000034271	ENSSSCG00000035895	ortholog_one2one	1
ENSMUSG00000047797	ENSSSCG00000012394	ortholog_one2one	1
ENSMUSG00000001870	ENSSSCG00000008510	ortholog_one2one	1
ENSMUSG00000033364	ENSSSCG00000016194	ortholog_one2one	1
ENSMUSG00000020639	ENSSSCG00000008585	ortholog_one2one	1
ENSMUSG00000028016	ENSSSCG00000030617	ortholog_one2one	1
ENSMUSG00000034110	ENSSSCG00000040985	ortholog_one2one	1
ENSMUSG00000044312	ENSSSCG00000034488	ortholog_one2one	1
ENSMUSG00000049387	ENSSSCG00000060404	ortholog_one2one	1
ENSMUSG00000043673	ENSSSCG00000031905	ortholog_one2one	1
ENSMUSG00000020078	ENSSSCG00000010250	ortholog_one2one	1
ENSMUSG00000020581	ENSSSCG00000015363	ortholog_one2one	1
ENSMUSG00000040998	ENSSSCG00000038801	ortholog_one2one	1
ENSMUSG00000018001	ENSSSCG00000034768	ortholog_one2one	1
ENSMUSG00000050890	ENSSSCG00000030660	ortholog_one2one	1
ENSMUSG00000021071	ENSSSCG00000005025	ortholog_one2one	1
ENSMUSG00000031807	ENSSSCG00000013878	ortholog_one2one	1
ENSMUSG00000070806	ENSSSCG00000003967	ortholog_one2one	1
ENSMUSG00000019841	ENSSSCG00000025703	ortholog_one2one	1
ENSMUSG00000047675	ENSSSCG00000003930	ortholog_one2one	1
ENSMUSG00000045620	ENSSSCG00000001879	ortholog_one2one	1
ENSMUSG00000032735	ENSSSCG00000014430	ortholog_one2one	1
ENSMUSG00000013150	ENSSSCG00000024750	ortholog_one2one	1
ENSMUSG00000070737	ENSSSCG00000032660	ortholog_one2one	1
ENSMUSG00000063446	ENSSSCG00000005393	ortholog_one2one	1
ENSMUSG00000008976	ENSSSCG00000037655	ortholog_one2one	1
ENSMUSG00000059741	ENSSSCG00000011325	ortholog_one2one	1
ENSMUSG00000049929	ENSSSCG00000012445	ortholog_one2one	1
ENSMUSG00000024502	ENSSSCG00000014420	ortholog_one2one	1
ENSMUSG00000024049	ENSSSCG00000003693	ortholog_one2one	1
ENSMUSG00000031163	ENSSSCG00000031477	ortholog_one2one	1
ENSMUSG00000040181	ENSSSCG00000015268	ortholog_one2one	1
ENSMUSG00000049858	ENSSSCG00000000376	ortholog_one2one	1
ENSMUSG00000040740	ENSSSCG00000032950	ortholog_one2one	1
ENSMUSG00000034055	ENSSSCG00000012411	ortholog_one2one	1
ENSMUSG00000059554	ENSSSCG00000004148	ortholog_one2one	1
ENSMUSG00000032978	ENSSSCG00000003970	ortholog_one2one	1
ENSMUSG00000055003	ENSSSCG00000000760	ortholog_one2one	1
ENSMUSG00000028194	ENSSSCG00000040735	ortholog_one2one	1
ENSMUSG00000056629	ENSSSCG00000033757	ortholog_one2one	1
ENSMUSG00000029765	ENSSSCG00000021562	ortholog_one2one	1
ENSMUSG00000038248	ENSSSCG00000004379	ortholog_one2one	1
ENSMUSG00000028788	ENSSSCG00000039885	ortholog_one2one	1
ENSMUSG00000022553	ENSSSCG00000005915	ortholog_one2one	1
ENSMUSG00000024927	ENSSSCG00000012981	ortholog_one2one	1
ENSMUSG00000075543	ENSSSCG00000009316	ortholog_one2one	1
ENSMUSG00000022718	ENSSSCG00000010135	ortholog_one2one	1
ENSMUSG00000004667	ENSSSCG00000021472	ortholog_one2one	1
ENSMUSG00000043885	ENSSSCG00000024933	ortholog_one2one	1
ENSMUSG00000043991	ENSSSCG00000050498	ortholog_one2one	1
ENSMUSG00000041147	ENSSSCG00000029039	ortholog_one2one	1
ENSMUSG00000005836	ENSSSCG00000003702	ortholog_one2one	1
ENSMUSG00000026307	ENSSSCG00000016334	ortholog_one2one	1
ENSMUSG00000057342	ENSSSCG00000030425	ortholog_one2one	1
ENSMUSG00000028785	ENSSSCG00000032664	ortholog_one2one	1
ENSMUSG00000023027	ENSSSCG00000016138	ortholog_one2one	1
ENSMUSG00000025014	ENSSSCG00000010505	ortholog_one2one	1
ENSMUSG00000024790	ENSSSCG00000013011	ortholog_one2one	1
ENSMUSG00000025172	ENSSSCG00000010522	ortholog_one2one	1
ENSMUSG00000032393	ENSSSCG00000004934	ortholog_one2one	1
ENSMUSG00000029213	ENSSSCG00000033373	ortholog_one2one	1
ENSMUSG00000094936	ENSSSCG00000058325	ortholog_one2one	1
ENSMUSG00000030249	ENSSSCG00000000571	ortholog_one2one	1
ENSMUSG00000042182	ENSSSCG00000001498	ortholog_one2one	1
ENSMUSG00000028495	ENSSSCG00000005169	ortholog_one2one	1
ENSMUSG00000022205	ENSSSCG00000032650	ortholog_one2one	1
ENSMUSG00000024901	ENSSSCG00000012944	ortholog_one2one	1
ENSMUSG00000032940	ENSSSCG00000037517	ortholog_one2one	1
ENSMUSG00000008301	ENSSSCG00000014244	ortholog_one2one	1
ENSMUSG00000010461	ENSSSCG00000034139	ortholog_one2one	1
ENSMUSG00000035420	ENSSSCG00000014228	ortholog_one2one	1
ENSMUSG00000029328	ENSSSCG00000037245	ortholog_one2one	1
ENSMUSG00000022435	ENSSSCG00000031423	ortholog_one2one	1
ENSMUSG00000047656	ENSSSCG00000013040	ortholog_one2one	1
ENSMUSG00000024527	ENSSSCG00000022947	ortholog_one2one	1
ENSMUSG00000050310	ENSSSCG00000016853	ortholog_one2one	1
ENSMUSG00000022679	ENSSSCG00000032056	ortholog_one2one	1
ENSMUSG00000054999	ENSSSCG00000013010	ortholog_one2one	1
ENSMUSG00000049488	ENSSSCG00000006108	ortholog_one2one	1
ENSMUSG00000050824	ENSSSCG00000033234	ortholog_one2one	1
ENSMUSG00000035923	ENSSSCG00000026533	ortholog_one2one	1
ENSMUSG00000025047	ENSSSCG00000010599	ortholog_one2one	1
ENSMUSG00000024190	ENSSSCG00000016991	ortholog_one2one	1
ENSMUSG00000020135	ENSSSCG00000023329	ortholog_one2one	1
ENSMUSG00000056342	ENSSSCG00000008382	ortholog_one2one	1
ENSMUSG00000035258	ENSSSCG00000011959	ortholog_one2one	1
ENSMUSG00000047866	ENSSSCG00000023391	ortholog_one2one	1
ENSMUSG00000024084	ENSSSCG00000008491	ortholog_one2one	1
ENSMUSG00000026074	ENSSSCG00000008164	ortholog_one2one	1
ENSMUSG00000046916	ENSSSCG00000031536	ortholog_one2one	1
ENSMUSG00000036602	ENSSSCG00000036744	ortholog_one2one	1
ENSMUSG00000020570	ENSSSCG00000058469	ortholog_one2one	1
ENSMUSG00000029480	ENSSSCG00000009758	ortholog_one2one	1
ENSMUSG00000019997	ENSSSCG00000004192	ortholog_one2one	1
ENSMUSG00000024096	ENSSSCG00000003680	ortholog_one2one	1
ENSMUSG00000009115	ENSSSCG00000029847	ortholog_one2one	1
ENSMUSG00000062563	ENSSSCG00000040267	ortholog_one2one	1
ENSMUSG00000044224	ENSSSCG00000016828	ortholog_one2one	1
ENSMUSG00000025402	ENSSSCG00000000411	ortholog_one2one	1
ENSMUSG00000037266	ENSSSCG00000034449	ortholog_one2one	1
ENSMUSG00000023484	ENSSSCG00000000195	ortholog_one2one	1
ENSMUSG00000021596	ENSSSCG00000025286	ortholog_one2one	1
ENSMUSG00000024812	ENSSSCG00000005247	ortholog_one2one	1
ENSMUSG00000019970	ENSSSCG00000021443	ortholog_one2one	1
ENSMUSG00000032846	ENSSSCG00000025194	ortholog_one2one	1
ENSMUSG00000021408	ENSSSCG00000001009	ortholog_one2one	1
ENSMUSG00000042895	ENSSSCG00000031728	ortholog_one2one	1
ENSMUSG00000023007	ENSSSCG00000000204	ortholog_one2one	1
ENSMUSG00000045064	ENSSSCG00000002380	ortholog_one2one	1
ENSMUSG00000074277	ENSSSCG00000003063	ortholog_one2one	1
ENSMUSG00000021140	ENSSSCG00000002330	ortholog_one2one	1
ENSMUSG00000036002	ENSSSCG00000005301	ortholog_one2one	1
ENSMUSG00000002289	ENSSSCG00000013599	ortholog_one2one	1
ENSMUSG00000015950	ENSSSCG00000007722	ortholog_one2one	1
ENSMUSG00000021357	ENSSSCG00000000985	ortholog_one2one	1
ENSMUSG00000047786	ENSSSCG00000023396	ortholog_one2one	1
ENSMUSG00000041187	ENSSSCG00000026152	ortholog_one2one	1
ENSMUSG00000026458	ENSSSCG00000015474	ortholog_one2one	1
ENSMUSG00000057863	ENSSSCG00000059007	ortholog_one2one	1
ENSMUSG00000020776	ENSSSCG00000017197	ortholog_one2one	1
ENSMUSG00000003974	ENSSSCG00000015395	ortholog_one2one	1
ENSMUSG00000040414	ENSSSCG00000037536	ortholog_one2one	1
ENSMUSG00000026611	ENSSSCG00000029778	ortholog_one2one	1
ENSMUSG00000024968	ENSSSCG00000013049	ortholog_one2one	1
ENSMUSG00000037355	ENSSSCG00000037035	ortholog_one2one	1
ENSMUSG00000043668	ENSSSCG00000002835	ortholog_one2one	1
ENSMUSG00000026439	ENSSSCG00000015288	ortholog_one2one	1
ENSMUSG00000031734	ENSSSCG00000002831	ortholog_one2one	1
ENSMUSG00000022542	ENSSSCG00000007933	ortholog_one2one	1
ENSMUSG00000045751	ENSSSCG00000004344	ortholog_one2one	1
ENSMUSG00000036478	ENSSSCG00000035790	ortholog_one2one	1
ENSMUSG00000032741	ENSSSCG00000009879	ortholog_one2one	1
ENSMUSG00000039509	ENSSSCG00000010189	ortholog_one2one	1
ENSMUSG00000067889	ENSSSCG00000038508	ortholog_one2one	1
ENSMUSG00000024140	ENSSSCG00000008443	ortholog_one2one	1
ENSMUSG00000054452	ENSSSCG00000032265	ortholog_one2one	1
ENSMUSG00000044876	ENSSSCG00000035770	ortholog_one2one	1
ENSMUSG00000023066	ENSSSCG00000032574	ortholog_one2one	1
ENSMUSG00000022831	ENSSSCG00000011884	ortholog_one2one	1
ENSMUSG00000022339	ENSSSCG00000006024	ortholog_one2one	1
ENSMUSG00000050908	ENSSSCG00000027101	ortholog_one2one	1
ENSMUSG00000033966	ENSSSCG00000061556	ortholog_one2one	1
ENSMUSG00000037416	ENSSSCG00000027857	ortholog_one2one	1
ENSMUSG00000022257	ENSSSCG00000006083	ortholog_one2one	1
ENSMUSG00000033871	ENSSSCG00000014437	ortholog_one2one	1
ENSMUSG00000038805	ENSSSCG00000039283	ortholog_one2one	1
ENSMUSG00000046997	ENSSSCG00000034369	ortholog_one2one	1
ENSMUSG00000037577	ENSSSCG00000028144	ortholog_one2one	1
ENSMUSG00000035845	ENSSSCG00000000980	ortholog_one2one	1
ENSMUSG00000025417	ENSSSCG00000000436	ortholog_one2one	1
ENSMUSG00000032737	ENSSSCG00000014811	ortholog_one2one	1
ENSMUSG00000023971	ENSSSCG00000001656	ortholog_one2one	1
ENSMUSG00000033949	ENSSSCG00000014214	ortholog_one2one	1
ENSMUSG00000073542	ENSSSCG00000027007	ortholog_one2one	1
ENSMUSG00000048495	ENSSSCG00000016087	ortholog_one2one	1
ENSMUSG00000024843	ENSSSCG00000012889	ortholog_one2one	1
ENSMUSG00000053841	ENSSSCG00000003617	ortholog_one2one	1
ENSMUSG00000046034	ENSSSCG00000034714	ortholog_one2one	1
ENSMUSG00000075528	ENSSSCG00000037979	ortholog_one2one	1
ENSMUSG00000024154	ENSSSCG00000033106	ortholog_one2one	1
ENSMUSG00000021715	ENSSSCG00000016942	ortholog_one2one	1
ENSMUSG00000024290	ENSSSCG00000021893	ortholog_one2one	1
ENSMUSG00000007035	ENSSSCG00000035596	ortholog_one2one	1
ENSMUSG00000029625	ENSSSCG00000026896	ortholog_one2one	1
ENSMUSG00000036916	ENSSSCG00000012659	ortholog_one2one	1
ENSMUSG00000020175	ENSSSCG00000056696	ortholog_one2one	1
ENSMUSG00000054196	ENSSSCG00000006051	ortholog_one2one	1
ENSMUSG00000067006	ENSSSCG00000004894	ortholog_one2one	1
ENSMUSG00000035900	ENSSSCG00000031441	ortholog_one2one	1
ENSMUSG00000009640	ENSSSCG00000034096	ortholog_one2one	1
ENSMUSG00000026622	ENSSSCG00000015604	ortholog_one2one	1
ENSMUSG00000022427	ENSSSCG00000000097	ortholog_one2one	1
ENSMUSG00000044117	ENSSSCG00000032956	ortholog_one2one	1
ENSMUSG00000042729	ENSSSCG00000028025	ortholog_one2one	1
ENSMUSG00000020359	ENSSSCG00000014030	ortholog_one2one	1
ENSMUSG00000004099	ENSSSCG00000013659	ortholog_one2one	1
ENSMUSG00000029684	ENSSSCG00000016604	ortholog_one2one	1
ENSMUSG00000013846	ENSSSCG00000005943	ortholog_one2one	1
ENSMUSG00000023905	ENSSSCG00000027130	ortholog_one2one	1
ENSMUSG00000022698	ENSSSCG00000011917	ortholog_one2one	1
ENSMUSG00000071715	ENSSSCG00000000137	ortholog_one2one	1
ENSMUSG00000025221	ENSSSCG00000010570	ortholog_one2one	1
ENSMUSG00000049907	ENSSSCG00000008835	ortholog_one2one	1
ENSMUSG00000040852	ENSSSCG00000008456	ortholog_one2one	1
ENSMUSG00000041846	ENSSSCG00000002441	ortholog_one2one	1
ENSMUSG00000022701	ENSSSCG00000011913	ortholog_one2one	1
ENSMUSG00000003746	ENSSSCG00000004244	ortholog_one2one	1
ENSMUSG00000058503	ENSSSCG00000045005	ortholog_one2one	1
ENSMUSG00000024793	ENSSSCG00000040001	ortholog_one2one	1
ENSMUSG00000003352	ENSSSCG00000032967	ortholog_one2one	1
ENSMUSG00000044562	ENSSSCG00000029151	ortholog_one2one	1
ENSMUSG00000028907	ENSSSCG00000003645	ortholog_one2one	1
ENSMUSG00000020152	ENSSSCG00000008358	ortholog_one2one	1
ENSMUSG00000075704	ENSSSCG00000010131	ortholog_one2one	1
ENSMUSG00000021725	ENSSSCG00000016882	ortholog_one2one	1
ENSMUSG00000085139	ENSSSCG00000047465	ortholog_one2one	1
ENSMUSG00000008435	ENSSSCG00000038287	ortholog_one2one	1
ENSMUSG00000005107	ENSSSCG00000031700	ortholog_one2one	1
ENSMUSG00000056185	ENSSSCG00000012975	ortholog_one2one	1
ENSMUSG00000026414	ENSSSCG00000023031	ortholog_one2one	1
ENSMUSG00000028243	ENSSSCG00000006239	ortholog_one2one	1
ENSMUSG00000055839	ENSSSCG00000008061	ortholog_one2one	1
ENSMUSG00000000766	ENSSSCG00000004074	ortholog_one2one	1
ENSMUSG00000034471	ENSSSCG00000040578	ortholog_one2one	1
ENSMUSG00000024182	ENSSSCG00000023204	ortholog_one2one	1
ENSMUSG00000025494	ENSSSCG00000024389	ortholog_one2one	1
ENSMUSG00000048706	ENSSSCG00000036360	ortholog_one2one	1
ENSMUSG00000028821	ENSSSCG00000037481	ortholog_one2one	1
ENSMUSG00000073435	ENSSSCG00000008017	ortholog_one2one	1
ENSMUSG00000022504	ENSSSCG00000007901	ortholog_one2one	1
ENSMUSG00000004698	ENSSSCG00000015368	ortholog_one2one	1
ENSMUSG00000030254	ENSSSCG00000026158	ortholog_one2one	1
ENSMUSG00000044216	ENSSSCG00000000106	ortholog_one2one	1
ENSMUSG00000025266	ENSSSCG00000012336	ortholog_one2one	1
ENSMUSG00000032939	ENSSSCG00000025830	ortholog_one2one	1
ENSMUSG00000063296	ENSSSCG00000000801	ortholog_one2one	1
ENSMUSG00000025745	ENSSSCG00000008571	ortholog_one2one	1
ENSMUSG00000028546	ENSSSCG00000037291	ortholog_one2one	1
ENSMUSG00000023987	ENSSSCG00000001625	ortholog_one2one	1
ENSMUSG00000049470	ENSSSCG00000014291	ortholog_one2one	1
ENSMUSG00000063904	ENSSSCG00000030415	ortholog_one2one	1
ENSMUSG00000040390	ENSSSCG00000028036	ortholog_one2one	1
ENSMUSG00000035139	ENSSSCG00000028033	ortholog_one2one	1
ENSMUSG00000044148	ENSSSCG00000012249	ortholog_one2one	1
ENSMUSG00000075410	ENSSSCG00000028604	ortholog_one2one	1
ENSMUSG00000035673	ENSSSCG00000030042	ortholog_one2one	1
ENSMUSG00000039616	ENSSSCG00000003744	ortholog_one2one	1
ENSMUSG00000028343	ENSSSCG00000040634	ortholog_one2one	1
ENSMUSG00000022809	ENSSSCG00000011890	ortholog_one2one	1
ENSMUSG00000004270	ENSSSCG00000027205	ortholog_one2one	1
ENSMUSG00000037972	ENSSSCG00000052393	ortholog_one2one	1
ENSMUSG00000090000	ENSSSCG00000060420	ortholog_one2one	1
ENSMUSG00000022803	ENSSSCG00000011894	ortholog_one2one	1
ENSMUSG00000055963	ENSSSCG00000037733	ortholog_one2one	1
ENSMUSG00000030786	ENSSSCG00000007754	ortholog_one2one	1
ENSMUSG00000000530	ENSSSCG00000000232	ortholog_one2one	1
ENSMUSG00000030775	ENSSSCG00000023842	ortholog_one2one	1
ENSMUSG00000028551	ENSSSCG00000003876	ortholog_one2one	1
ENSMUSG00000026822	ENSSSCG00000005638	ortholog_one2one	1
ENSMUSG00000031216	ENSSSCG00000012828	ortholog_one2one	1
ENSMUSG00000025733	ENSSSCG00000062928	ortholog_one2one	1
ENSMUSG00000022772	ENSSSCG00000011841	ortholog_one2one	1
ENSMUSG00000041164	ENSSSCG00000023820	ortholog_one2one	1
ENSMUSG00000073514	ENSSSCG00000028977	ortholog_one2one	1
ENSMUSG00000030259	ENSSSCG00000000559	ortholog_one2one	1
ENSMUSG00000024423	ENSSSCG00000003713	ortholog_one2one	1
ENSMUSG00000055401	ENSSSCG00000062839	ortholog_one2one	1
ENSMUSG00000029096	ENSSSCG00000008723	ortholog_one2one	1
ENSMUSG00000051124	ENSSSCG00000031897	ortholog_one2one	1
ENSMUSG00000027669	ENSSSCG00000037583	ortholog_one2one	1
ENSMUSG00000038346	ENSSSCG00000000702	ortholog_one2one	1
ENSMUSG00000039851	ENSSSCG00000012038	ortholog_one2one	1
ENSMUSG00000022951	ENSSSCG00000012050	ortholog_one2one	1
ENSMUSG00000004789	ENSSSCG00000002374	ortholog_one2one	1
ENSMUSG00000022982	ENSSSCG00000021355	ortholog_one2one	1
ENSMUSG00000047953	ENSSSCG00000031035	ortholog_one2one	1
ENSMUSG00000041817	ENSSSCG00000014076	ortholog_one2one	1
ENSMUSG00000038751	ENSSSCG00000031474	ortholog_one2one	1
ENSMUSG00000041658	ENSSSCG00000037228	ortholog_one2one	1
ENSMUSG00000042705	ENSSSCG00000014223	ortholog_one2one	1
ENSMUSG00000027579	ENSSSCG00000036706	ortholog_one2one	1
ENSMUSG00000079157	ENSSSCG00000040130	ortholog_one2one	1
ENSMUSG00000046108	ENSSSCG00000056651	ortholog_one2one	1
ENSMUSG00000002280	ENSSSCG00000008002	ortholog_one2one	1
ENSMUSG00000019905	ENSSSCG00000053030	ortholog_one2one	1
ENSMUSG00000030094	ENSSSCG00000011602	ortholog_one2one	1
ENSMUSG00000028003	ENSSSCG00000008995	ortholog_one2one	1
ENSMUSG00000029427	ENSSSCG00000009792	ortholog_one2one	1
ENSMUSG00000027806	ENSSSCG00000011708	ortholog_one2one	1
ENSMUSG00000057123	ENSSSCG00000006696	ortholog_one2one	1
ENSMUSG00000055865	ENSSSCG00000054939	ortholog_one2one	1
ENSMUSG00000020020	ENSSSCG00000021307	ortholog_one2one	1
ENSMUSG00000062906	ENSSSCG00000000971	ortholog_one2one	1
ENSMUSG00000087687	ENSSSCG00000034876	ortholog_one2one	1
ENSMUSG00000028179	ENSSSCG00000003789	ortholog_one2one	1
ENSMUSG00000001700	ENSSSCG00000022402	ortholog_one2one	1
ENSMUSG00000044018	ENSSSCG00000027974	ortholog_one2one	1
ENSMUSG00000032002	ENSSSCG00000014989	ortholog_one2one	1
ENSMUSG00000040913	ENSSSCG00000010566	ortholog_one2one	1
ENSMUSG00000030868	ENSSSCG00000040943	ortholog_one2one	1
ENSMUSG00000005580	ENSSSCG00000007950	ortholog_one2one	1
ENSMUSG00000074576	ENSSSCG00000007475	ortholog_one2one	1
ENSMUSG00000029168	ENSSSCG00000008560	ortholog_one2one	1
ENSMUSG00000021598	ENSSSCG00000017106	ortholog_one2one	1
ENSMUSG00000035964	ENSSSCG00000013911	ortholog_one2one	1
ENSMUSG00000030316	ENSSSCG00000011578	ortholog_one2one	1
ENSMUSG00000032033	ENSSSCG00000036157	ortholog_one2one	1
ENSMUSG00000033272	ENSSSCG00000014367	ortholog_one2one	1
ENSMUSG00000096472	ENSSSCG00000013643	ortholog_one2one	1
ENSMUSG00000039760	ENSSSCG00000004158	ortholog_one2one	1
ENSMUSG00000061759	ENSSSCG00000004088	ortholog_one2one	1
ENSMUSG00000026322	ENSSSCG00000014428	ortholog_one2one	1
ENSMUSG00000032238	ENSSSCG00000004576	ortholog_one2one	1
ENSMUSG00000060739	ENSSSCG00000014075	ortholog_one2one	1
ENSMUSG00000071660	ENSSSCG00000035472	ortholog_one2one	1
ENSMUSG00000029363	ENSSSCG00000009854	ortholog_one2one	1
ENSMUSG00000022637	ENSSSCG00000022486	ortholog_one2one	1
ENSMUSG00000036510	ENSSSCG00000040687	ortholog_one2one	1
ENSMUSG00000045098	ENSSSCG00000031459	ortholog_one2one	1
ENSMUSG00000030235	ENSSSCG00000000585	ortholog_one2one	1
ENSMUSG00000021606	ENSSSCG00000017114	ortholog_one2one	1
ENSMUSG00000121920	ENSSSCG00000044155	ortholog_one2one	1
ENSMUSG00000024236	ENSSSCG00000011022	ortholog_one2one	1
ENSMUSG00000047036	ENSSSCG00000024556	ortholog_one2one	1
ENSMUSG00000026782	ENSSSCG00000034630	ortholog_one2one	1
ENSMUSG00000033554	ENSSSCG00000061017	ortholog_one2one	1
ENSMUSG00000015305	ENSSSCG00000033175	ortholog_one2one	1
ENSMUSG00000031434	ENSSSCG00000036091	ortholog_one2one	1
ENSMUSG00000021680	ENSSSCG00000014093	ortholog_one2one	1
ENSMUSG00000061533	ENSSSCG00000002410	ortholog_one2one	1
ENSMUSG00000046167	ENSSSCG00000004632	ortholog_one2one	1
ENSMUSG00000003863	ENSSSCG00000022324	ortholog_one2one	1
ENSMUSG00000011837	ENSSSCG00000013589	ortholog_one2one	1
ENSMUSG00000058897	ENSSSCG00000039813	ortholog_one2one	1
ENSMUSG00000035594	ENSSSCG00000001751	ortholog_one2one	1
ENSMUSG00000044250	ENSSSCG00000000811	ortholog_one2one	1
ENSMUSG00000029730	ENSSSCG00000032180	ortholog_one2one	1
ENSMUSG00000030247	ENSSSCG00000000573	ortholog_one2one	1
ENSMUSG00000040289	ENSSSCG00000006159	ortholog_one2one	1
ENSMUSG00000006498	ENSSSCG00000013421	ortholog_one2one	1
ENSMUSG00000021559	ENSSSCG00000010949	ortholog_one2one	1
ENSMUSG00000022758	ENSSSCG00000010101	ortholog_one2one	1
ENSMUSG00000008892	ENSSSCG00000007026	ortholog_one2one	1
ENSMUSG00000055762	ENSSSCG00000006954	ortholog_one2one	1
ENSMUSG00000031200	ENSSSCG00000012816	ortholog_one2one	1
ENSMUSG00000040855	ENSSSCG00000012150	ortholog_one2one	1
ENSMUSG00000068922	ENSSSCG00000006157	ortholog_one2one	1
ENSMUSG00000063884	ENSSSCG00000008225	ortholog_one2one	1
ENSMUSG00000032554	ENSSSCG00000011640	ortholog_one2one	1
ENSMUSG00000026020	ENSSSCG00000022225	ortholog_one2one	1
ENSMUSG00000035860	ENSSSCG00000015433	ortholog_one2one	1
ENSMUSG00000024028	ENSSSCG00000024320	ortholog_one2one	1
ENSMUSG00000021112	ENSSSCG00000002287	ortholog_one2one	1
ENSMUSG00000024034	ENSSSCG00000022568	ortholog_one2one	1
ENSMUSG00000022797	ENSSSCG00000011848	ortholog_one2one	1
ENSMUSG00000003814	ENSSSCG00000013746	ortholog_one2one	1
ENSMUSG00000031168	ENSSSCG00000032768	ortholog_one2one	1
ENSMUSG00000049625	ENSSSCG00000038110	ortholog_one2one	1
ENSMUSG00000036613	ENSSSCG00000028755	ortholog_one2one	1
ENSMUSG00000025215	ENSSSCG00000010561	ortholog_one2one	1
ENSMUSG00000037349	ENSSSCG00000013039	ortholog_one2one	1
ENSMUSG00000037104	ENSSSCG00000008437	ortholog_one2one	1
ENSMUSG00000044150	ENSSSCG00000023334	ortholog_one2one	1
ENSMUSG00000041488	ENSSSCG00000013119	ortholog_one2one	1
ENSMUSG00000031447	ENSSSCG00000009555	ortholog_one2one	1
ENSMUSG00000024436	ENSSSCG00000029425	ortholog_one2one	1
ENSMUSG00000030647	ENSSSCG00000039494	ortholog_one2one	1
ENSMUSG00000019718	ENSSSCG00000037854	ortholog_one2one	1
ENSMUSG00000022842	ENSSSCG00000052048	ortholog_one2one	1
ENSMUSG00000038387	ENSSSCG00000003183	ortholog_one2one	1
ENSMUSG00000004892	ENSSSCG00000006477	ortholog_one2one	1
ENSMUSG00000020964	ENSSSCG00000002414	ortholog_one2one	1
ENSMUSG00000042797	ENSSSCG00000014880	ortholog_one2one	1
ENSMUSG00000016942	ENSSSCG00000026067	ortholog_one2one	1
ENSMUSG00000047330	ENSSSCG00000038149	ortholog_one2one	1
ENSMUSG00000030590	ENSSSCG00000002959	ortholog_one2one	1
ENSMUSG00000028850	ENSSSCG00000003564	ortholog_one2one	1
ENSMUSG00000042197	ENSSSCG00000001497	ortholog_one2one	1
ENSMUSG00000046169	ENSSSCG00000016943	ortholog_one2one	1
ENSMUSG00000056749	ENSSSCG00000009592	ortholog_one2one	1
ENSMUSG00000024164	ENSSSCG00000013551	ortholog_one2one	1
ENSMUSG00000042515	ENSSSCG00000012548	ortholog_one2one	1
ENSMUSG00000055681	ENSSSCG00000027840	ortholog_one2one	1
ENSMUSG00000020092	ENSSSCG00000036446	ortholog_one2one	1
ENSMUSG00000075054	ENSSSCG00000030497	ortholog_one2one	1
ENSMUSG00000045467	ENSSSCG00000031810	ortholog_one2one	1
ENSMUSG00000025157	ENSSSCG00000010519	ortholog_one2one	1
ENSMUSG00000022570	ENSSSCG00000031698	ortholog_one2one	1
ENSMUSG00000028708	ENSSSCG00000003898	ortholog_one2one	1
ENSMUSG00000045103	ENSSSCG00000028148	ortholog_one2one	1
ENSMUSG00000030954	ENSSSCG00000007861	ortholog_one2one	1
ENSMUSG00000038770	ENSSSCG00000007607	ortholog_one2one	1
ENSMUSG00000040428	ENSSSCG00000003137	ortholog_one2one	1
ENSMUSG00000028111	ENSSSCG00000052889	ortholog_one2one	1
ENSMUSG00000035967	ENSSSCG00000012695	ortholog_one2one	1
ENSMUSG00000037762	ENSSSCG00000010210	ortholog_one2one	1
ENSMUSG00000032298	ENSSSCG00000001882	ortholog_one2one	1
ENSMUSG00000015806	ENSSSCG00000034811	ortholog_one2one	1
ENSMUSG00000024411	ENSSSCG00000035965	ortholog_one2one	1
ENSMUSG00000009291	ENSSSCG00000031249	ortholog_one2one	1
ENSMUSG00000039218	ENSSSCG00000023304	ortholog_one2one	1
ENSMUSG00000007850	ENSSSCG00000014022	ortholog_one2one	1
ENSMUSG00000073609	ENSSSCG00000034101	ortholog_one2one	1
ENSMUSG00000057177	ENSSSCG00000003035	ortholog_one2one	1
ENSMUSG00000001380	ENSSSCG00000014375	ortholog_one2one	1
ENSMUSG00000030120	ENSSSCG00000000690	ortholog_one2one	1
ENSMUSG00000042419	ENSSSCG00000001402	ortholog_one2one	1
ENSMUSG00000020114	ENSSSCG00000028869	ortholog_one2one	1
ENSMUSG00000022807	ENSSSCG00000026753	ortholog_one2one	1
ENSMUSG00000073007	ENSSSCG00000012450	ortholog_one2one	1
ENSMUSG00000029110	ENSSSCG00000008690	ortholog_one2one	1
ENSMUSG00000079051	ENSSSCG00000048125	ortholog_one2one	1
ENSMUSG00000054013	ENSSSCG00000039537	ortholog_one2one	1
ENSMUSG00000022634	ENSSSCG00000031775	ortholog_one2one	1
ENSMUSG00000052821	ENSSSCG00000039203	ortholog_one2one	1
ENSMUSG00000021219	ENSSSCG00000033093	ortholog_one2one	1
ENSMUSG00000015478	ENSSSCG00000001436	ortholog_one2one	1
ENSMUSG00000015291	ENSSSCG00000030421	ortholog_one2one	1
ENSMUSG00000059363	ENSSSCG00000032999	ortholog_one2one	1
ENSMUSG00000025927	ENSSSCG00000025535	ortholog_one2one	1
ENSMUSG00000031996	ENSSSCG00000015244	ortholog_one2one	1
ENSMUSG00000024597	ENSSSCG00000014255	ortholog_one2one	1
ENSMUSG00000118664	ENSSSCG00000021988	ortholog_one2one	1
ENSMUSG00000047473	ENSSSCG00000029408	ortholog_one2one	1
ENSMUSG00000038608	ENSSSCG00000016237	ortholog_one2one	1
ENSMUSG00000055782	ENSSSCG00000000781	ortholog_one2one	1
ENSMUSG00000007338	ENSSSCG00000013001	ortholog_one2one	1
ENSMUSG00000040048	ENSSSCG00000030328	ortholog_one2one	1
ENSMUSG00000019820	ENSSSCG00000004123	ortholog_one2one	1
ENSMUSG00000002221	ENSSSCG00000025221	ortholog_one2one	1
ENSMUSG00000052102	ENSSSCG00000038940	ortholog_one2one	1
ENSMUSG00000022512	ENSSSCG00000040904	ortholog_one2one	1
ENSMUSG00000089669	ENSSSCG00000036521	ortholog_one2one	1
ENSMUSG00000039929	ENSSSCG00000032024	ortholog_one2one	1
ENSMUSG00000033147	ENSSSCG00000006743	ortholog_one2one	1
ENSMUSG00000023070	ENSSSCG00000022390	ortholog_one2one	1
ENSMUSG00000042401	ENSSSCG00000010530	ortholog_one2one	1
ENSMUSG00000038637	ENSSSCG00000027045	ortholog_one2one	1
ENSMUSG00000002835	ENSSSCG00000013509	ortholog_one2one	1
ENSMUSG00000001510	ENSSSCG00000017589	ortholog_one2one	1
ENSMUSG00000037353	ENSSSCG00000032096	ortholog_one2one	1
ENSMUSG00000030061	ENSSSCG00000011506	ortholog_one2one	1
ENSMUSG00000034773	ENSSSCG00000017364	ortholog_one2one	1
ENSMUSG00000021701	ENSSSCG00000016925	ortholog_one2one	1
ENSMUSG00000052928	ENSSSCG00000004506	ortholog_one2one	1
ENSMUSG00000027938	ENSSSCG00000006560	ortholog_one2one	1
ENSMUSG00000015243	ENSSSCG00000005423	ortholog_one2one	1
ENSMUSG00000031157	ENSSSCG00000025264	ortholog_one2one	1
ENSMUSG00000034595	ENSSSCG00000031492	ortholog_one2one	1
ENSMUSG00000015126	ENSSSCG00000008030	ortholog_one2one	1
ENSMUSG00000042680	ENSSSCG00000003731	ortholog_one2one	1
ENSMUSG00000022749	ENSSSCG00000030486	ortholog_one2one	1
ENSMUSG00000031344	ENSSSCG00000012755	ortholog_one2one	1
ENSMUSG00000014177	ENSSSCG00000018027	ortholog_one2one	1
ENSMUSG00000045136	ENSSSCG00000033655	ortholog_one2one	1
ENSMUSG00000026163	ENSSSCG00000016256	ortholog_one2one	1
ENSMUSG00000025758	ENSSSCG00000055606	ortholog_one2one	1
ENSMUSG00000045969	ENSSSCG00000034818	ortholog_one2one	1
ENSMUSG00000028996	ENSSSCG00000003399	ortholog_one2one	1
ENSMUSG00000062202	ENSSSCG00000037507	ortholog_one2one	1
ENSMUSG00000028848	ENSSSCG00000053928	ortholog_one2one	1
ENSMUSG00000025453	ENSSSCG00000016877	ortholog_one2one	1
ENSMUSG00000059991	ENSSSCG00000007603	ortholog_one2one	1
ENSMUSG00000034006	ENSSSCG00000023171	ortholog_one2one	1
ENSMUSG00000020864	ENSSSCG00000038760	ortholog_one2one	1
ENSMUSG00000011148	ENSSSCG00000037334	ortholog_one2one	1
ENSMUSG00000031787	ENSSSCG00000002813	ortholog_one2one	1
ENSMUSG00000022336	ENSSSCG00000006033	ortholog_one2one	1
ENSMUSG00000030614	ENSSSCG00000014905	ortholog_one2one	1
ENSMUSG00000024767	ENSSSCG00000013045	ortholog_one2one	1
ENSMUSG00000051674	ENSSSCG00000008831	ortholog_one2one	1
ENSMUSG00000042436	ENSSSCG00000036007	ortholog_one2one	1
ENSMUSG00000025102	ENSSSCG00000030131	ortholog_one2one	1
ENSMUSG00000026667	ENSSSCG00000006342	ortholog_one2one	1
ENSMUSG00000025176	ENSSSCG00000010523	ortholog_one2one	1
ENSMUSG00000005732	ENSSSCG00000038308	ortholog_one2one	1
ENSMUSG00000028642	ENSSSCG00000039678	ortholog_one2one	1
ENSMUSG00000005338	ENSSSCG00000006415	ortholog_one2one	1
ENSMUSG00000027765	ENSSSCG00000058656	ortholog_one2one	1
ENSMUSG00000024670	ENSSSCG00000013111	ortholog_one2one	1
ENSMUSG00000014426	ENSSSCG00000004037	ortholog_one2one	1
ENSMUSG00000002475	ENSSSCG00000028010	ortholog_one2one	1
ENSMUSG00000053062	ENSSSCG00000023028	ortholog_one2one	1
ENSMUSG00000048856	ENSSSCG00000002515	ortholog_one2one	1
ENSMUSG00000052430	ENSSSCG00000029621	ortholog_one2one	1
ENSMUSG00000078938	ENSSSCG00000000963	ortholog_one2one	1
ENSMUSG00000059851	ENSSSCG00000035829	ortholog_one2one	1
ENSMUSG00000020368	ENSSSCG00000014020	ortholog_one2one	1
ENSMUSG00000026103	ENSSSCG00000016056	ortholog_one2one	1
ENSMUSG00000028879	ENSSSCG00000024927	ortholog_one2one	1
ENSMUSG00000024787	ENSSSCG00000013012	ortholog_one2one	1
ENSMUSG00000019802	ENSSSCG00000004382	ortholog_one2one	1
ENSMUSG00000036655	ENSSSCG00000025629	ortholog_one2one	1
ENSMUSG00000001289	ENSSSCG00000000267	ortholog_one2one	1
ENSMUSG00000024211	ENSSSCG00000022865	ortholog_one2one	1
ENSMUSG00000015143	ENSSSCG00000036702	ortholog_one2one	1
ENSMUSG00000025888	ENSSSCG00000028711	ortholog_one2one	1
ENSMUSG00000031386	ENSSSCG00000012793	ortholog_one2one	1
ENSMUSG00000022757	ENSSSCG00000011961	ortholog_one2one	1
ENSMUSG00000099083	ENSSSCG00000000278	ortholog_one2one	1
ENSMUSG00000042532	ENSSSCG00000040359	ortholog_one2one	1
ENSMUSG00000028109	ENSSSCG00000006649	ortholog_one2one	1
ENSMUSG00000029550	ENSSSCG00000009917	ortholog_one2one	1
ENSMUSG00000024431	ENSSSCG00000014401	ortholog_one2one	1
ENSMUSG00000032998	ENSSSCG00000023266	ortholog_one2one	1
ENSMUSG00000020627	ENSSSCG00000008593	ortholog_one2one	1
ENSMUSG00000024663	ENSSSCG00000013074	ortholog_one2one	1
ENSMUSG00000059430	ENSSSCG00000008294	ortholog_one2one	1
ENSMUSG00000016239	ENSSSCG00000012631	ortholog_one2one	1
ENSMUSG00000063281	ENSSSCG00000003741	ortholog_one2one	1
ENSMUSG00000002395	ENSSSCG00000013875	ortholog_one2one	1
ENSMUSG00000075706	ENSSSCG00000024052	ortholog_one2one	1
ENSMUSG00000020647	ENSSSCG00000008581	ortholog_one2one	1
ENSMUSG00000068227	ENSSSCG00000029668	ortholog_one2one	1
ENSMUSG00000079608	ENSSSCG00000004530	ortholog_one2one	1
ENSMUSG00000027481	ENSSSCG00000029714	ortholog_one2one	1
ENSMUSG00000055447	ENSSSCG00000011942	ortholog_one2one	1
ENSMUSG00000038065	ENSSSCG00000037158	ortholog_one2one	1
ENSMUSG00000024955	ENSSSCG00000013028	ortholog_one2one	1
ENSMUSG00000031255	ENSSSCG00000012484	ortholog_one2one	1
ENSMUSG00000091091	ENSSSCG00000029240	ortholog_one2one	1
ENSMUSG00000024014	ENSSSCG00000001573	ortholog_one2one	1
ENSMUSG00000040767	ENSSSCG00000007962	ortholog_one2one	1
ENSMUSG00000022371	ENSSSCG00000005997	ortholog_one2one	1
ENSMUSG00000019944	ENSSSCG00000028327	ortholog_one2one	1
ENSMUSG00000033033	ENSSSCG00000010600	ortholog_one2one	1
ENSMUSG00000036526	ENSSSCG00000034390	ortholog_one2one	1
ENSMUSG00000006457	ENSSSCG00000038323	ortholog_one2one	1
ENSMUSG00000019577	ENSSSCG00000015334	ortholog_one2one	1
ENSMUSG00000040680	ENSSSCG00000035052	ortholog_one2one	1
ENSMUSG00000030165	ENSSSCG00000000642	ortholog_one2one	1
ENSMUSG00000000282	ENSSSCG00000037159	ortholog_one2one	1
ENSMUSG00000024420	ENSSSCG00000003715	ortholog_one2one	1
ENSMUSG00000014747	ENSSSCG00000058412	ortholog_one2one	1
ENSMUSG00000037692	ENSSSCG00000047147	ortholog_one2one	1
ENSMUSG00000037138	ENSSSCG00000055832	ortholog_one2one	1
ENSMUSG00000034297	ENSSSCG00000017672	ortholog_one2one	1
ENSMUSG00000030170	ENSSSCG00000000759	ortholog_one2one	1
ENSMUSG00000039156	ENSSSCG00000008762	ortholog_one2one	1
ENSMUSG00000055254	ENSSSCG00000010959	ortholog_one2one	1
ENSMUSG00000072945	ENSSSCG00000033276	ortholog_one2one	1
ENSMUSG00000067276	ENSSSCG00000012584	ortholog_one2one	1
ENSMUSG00000031902	ENSSSCG00000029578	ortholog_one2one	1
ENSMUSG00000041258	ENSSSCG00000023533	ortholog_one2one	1
ENSMUSG00000022422	ENSSSCG00000047247	ortholog_one2one	1
ENSMUSG00000078202	ENSSSCG00000005844	ortholog_one2one	1
ENSMUSG00000028949	ENSSSCG00000016435	ortholog_one2one	1
ENSMUSG00000006469	ENSSSCG00000040105	ortholog_one2one	1
ENSMUSG00000022387	ENSSSCG00000032820	ortholog_one2one	1
ENSMUSG00000024425	ENSSSCG00000025295	ortholog_one2one	1
ENSMUSG00000031119	ENSSSCG00000012679	ortholog_one2one	1
ENSMUSG00000089953	ENSSSCG00000005856	ortholog_one2one	1
ENSMUSG00000018932	ENSSSCG00000034379	ortholog_one2one	1
ENSMUSG00000024392	ENSSSCG00000001410	ortholog_one2one	1
ENSMUSG00000036731	ENSSSCG00000005857	ortholog_one2one	1
ENSMUSG00000041058	ENSSSCG00000006137	ortholog_one2one	1
ENSMUSG00000044628	ENSSSCG00000005858	ortholog_one2one	1
ENSMUSG00000078201	ENSSSCG00000034562	ortholog_one2one	1
ENSMUSG00000023259	ENSSSCG00000011361	ortholog_one2one	1
ENSMUSG00000026005	ENSSSCG00000032311	ortholog_one2one	1
ENSMUSG00000066952	ENSSSCG00000009935	ortholog_one2one	1
ENSMUSG00000009281	ENSSSCG00000035419	ortholog_one2one	1
ENSMUSG00000035694	ENSSSCG00000000517	ortholog_one2one	1
ENSMUSG00000038193	ENSSSCG00000031537	ortholog_one2one	1
ENSMUSG00000054408	ENSSSCG00000015769	ortholog_one2one	1
ENSMUSG00000031367	ENSSSCG00000036074	ortholog_one2one	1
ENSMUSG00000034115	ENSSSCG00000029419	ortholog_one2one	1
ENSMUSG00000024350	ENSSSCG00000014356	ortholog_one2one	1
ENSMUSG00000075256	ENSSSCG00000016010	ortholog_one2one	1
ENSMUSG00000020014	ENSSSCG00000033574	ortholog_one2one	1
ENSMUSG00000032394	ENSSSCG00000054127	ortholog_one2one	1
ENSMUSG00000031557	ENSSSCG00000033367	ortholog_one2one	1
ENSMUSG00000007655	ENSSSCG00000016634	ortholog_one2one	1
ENSMUSG00000025427	ENSSSCG00000004502	ortholog_one2one	1
ENSMUSG00000025212	ENSSSCG00000022005	ortholog_one2one	1
ENSMUSG00000031357	ENSSSCG00000012148	ortholog_one2one	1
ENSMUSG00000022793	ENSSSCG00000011903	ortholog_one2one	1
ENSMUSG00000037797	ENSSSCG00000009184	ortholog_one2one	1
ENSMUSG00000009535	ENSSSCG00000025855	ortholog_one2one	1
ENSMUSG00000047257	ENSSSCG00000040146	ortholog_one2one	1
ENSMUSG00000029599	ENSSSCG00000009876	ortholog_one2one	1
ENSMUSG00000020268	ENSSSCG00000033213	ortholog_one2one	1
ENSMUSG00000042389	ENSSSCG00000011580	ortholog_one2one	1
ENSMUSG00000031425	ENSSSCG00000012536	ortholog_one2one	1
ENSMUSG00000032103	ENSSSCG00000015222	ortholog_one2one	1
ENSMUSG00000008200	ENSSSCG00000030610	ortholog_one2one	1
ENSMUSG00000011114	ENSSSCG00000025661	ortholog_one2one	1
ENSMUSG00000071550	ENSSSCG00000021271	ortholog_one2one	1
ENSMUSG00000028008	ENSSSCG00000008869	ortholog_one2one	1
ENSMUSG00000037012	ENSSSCG00000010253	ortholog_one2one	1
ENSMUSG00000063564	ENSSSCG00000014029	ortholog_one2one	1
ENSMUSG00000038658	ENSSSCG00000005208	ortholog_one2one	1
ENSMUSG00000056306	ENSSSCG00000040557	ortholog_one2one	1
ENSMUSG00000027606	ENSSSCG00000006217	ortholog_one2one	1
ENSMUSG00000032526	ENSSSCG00000055190	ortholog_one2one	1
ENSMUSG00000065979	ENSSSCG00000024206	ortholog_one2one	1
ENSMUSG00000031737	ENSSSCG00000032145	ortholog_one2one	1
ENSMUSG00000039016	ENSSSCG00000023599	ortholog_one2one	1
ENSMUSG00000028165	ENSSSCG00000009164	ortholog_one2one	1
ENSMUSG00000055632	ENSSSCG00000005699	ortholog_one2one	1
ENSMUSG00000030265	ENSSSCG00000026969	ortholog_one2one	1
ENSMUSG00000003644	ENSSSCG00000003558	ortholog_one2one	1
ENSMUSG00000039716	ENSSSCG00000011416	ortholog_one2one	1
ENSMUSG00000016150	ENSSSCG00000012644	ortholog_one2one	1
ENSMUSG00000051098	ENSSSCG00000014152	ortholog_one2one	1
ENSMUSG00000021481	ENSSSCG00000014046	ortholog_one2one	1
ENSMUSG00000018565	ENSSSCG00000027514	ortholog_one2one	1
ENSMUSG00000040086	ENSSSCG00000040109	ortholog_one2one	1
ENSMUSG00000041362	ENSSSCG00000010665	ortholog_one2one	1
ENSMUSG00000038871	ENSSSCG00000039425	ortholog_one2one	1
ENSMUSG00000027460	ENSSSCG00000007198	ortholog_one2one	1
ENSMUSG00000034300	ENSSSCG00000021092	ortholog_one2one	1
ENSMUSG00000048251	ENSSSCG00000002507	ortholog_one2one	1
ENSMUSG00000049939	ENSSSCG00000016589	ortholog_one2one	1
ENSMUSG00000072966	ENSSSCG00000012521	ortholog_one2one	1
ENSMUSG00000035021	ENSSSCG00000001958	ortholog_one2one	1
ENSMUSG00000039787	ENSSSCG00000005650	ortholog_one2one	1
ENSMUSG00000030123	ENSSSCG00000011592	ortholog_one2one	1
ENSMUSG00000024400	ENSSSCG00000015861	ortholog_one2one	1
ENSMUSG00000038286	ENSSSCG00000001008	ortholog_one2one	1
ENSMUSG00000044707	ENSSSCG00000017036	ortholog_one2one	1
ENSMUSG00000021095	ENSSSCG00000002490	ortholog_one2one	1
ENSMUSG00000044328	ENSSSCG00000017788	ortholog_one2one	1
ENSMUSG00000037486	ENSSSCG00000008575	ortholog_one2one	1
ENSMUSG00000074925	ENSSSCG00000005252	ortholog_one2one	1
ENSMUSG00000024851	ENSSSCG00000012903	ortholog_one2one	1
ENSMUSG00000029814	ENSSSCG00000036695	ortholog_one2one	1
ENSMUSG00000042371	ENSSSCG00000053434	ortholog_one2one	1
ENSMUSG00000021759	ENSSSCG00000016912	ortholog_one2one	1
ENSMUSG00000049313	ENSSSCG00000015135	ortholog_one2one	1
ENSMUSG00000029165	ENSSSCG00000008558	ortholog_one2one	1
ENSMUSG00000066637	ENSSSCG00000053616	ortholog_one2one	1
ENSMUSG00000061458	ENSSSCG00000008635	ortholog_one2one	1
ENSMUSG00000035557	ENSSSCG00000056910	ortholog_one2one	1
ENSMUSG00000029517	ENSSSCG00000016623	ortholog_one2one	1
ENSMUSG00000021714	ENSSSCG00000016946	ortholog_one2one	1
ENSMUSG00000033416	ENSSSCG00000010059	ortholog_one2one	1
ENSMUSG00000036109	ENSSSCG00000012676	ortholog_one2one	1
ENSMUSG00000034391	ENSSSCG00000004873	ortholog_one2one	1
ENSMUSG00000037148	ENSSSCG00000009029	ortholog_one2one	1
ENSMUSG00000025871	ENSSSCG00000014060	ortholog_one2one	1
ENSMUSG00000024442	ENSSSCG00000014396	ortholog_one2one	1
ENSMUSG00000021256	ENSSSCG00000002389	ortholog_one2one	1
ENSMUSG00000021078	ENSSSCG00000005075	ortholog_one2one	1
ENSMUSG00000041523	ENSSSCG00000015100	ortholog_one2one	1
ENSMUSG00000025260	ENSSSCG00000012327	ortholog_one2one	1
ENSMUSG00000039756	ENSSSCG00000006892	ortholog_one2one	1
ENSMUSG00000020648	ENSSSCG00000028433	ortholog_one2one	1
ENSMUSG00000028795	ENSSSCG00000031514	ortholog_one2one	1
ENSMUSG00000032269	ENSSSCG00000024497	ortholog_one2one	1
ENSMUSG00000021244	ENSSSCG00000002372	ortholog_one2one	1
ENSMUSG00000042447	ENSSSCG00000015343	ortholog_one2one	1
ENSMUSG00000001419	ENSSSCG00000006482	ortholog_one2one	1
ENSMUSG00000026883	ENSSSCG00000005524	ortholog_one2one	1
ENSMUSG00000039546	ENSSSCG00000031344	ortholog_one2one	1
ENSMUSG00000035246	ENSSSCG00000012182	ortholog_one2one	1
ENSMUSG00000057751	ENSSSCG00000024678	ortholog_one2one	1
ENSMUSG00000072825	ENSSSCG00000002558	ortholog_one2one	1
ENSMUSG00000042303	ENSSSCG00000000076	ortholog_one2one	1
ENSMUSG00000024483	ENSSSCG00000014364	ortholog_one2one	1
ENSMUSG00000029754	ENSSSCG00000033314	ortholog_one2one	1
ENSMUSG00000026492	ENSSSCG00000023775	ortholog_one2one	1
ENSMUSG00000037455	ENSSSCG00000004178	ortholog_one2one	1
ENSMUSG00000034445	ENSSSCG00000013086	ortholog_one2one	1
ENSMUSG00000032583	ENSSSCG00000025791	ortholog_one2one	1
ENSMUSG00000048978	ENSSSCG00000021696	ortholog_one2one	1
ENSMUSG00000028411	ENSSSCG00000011001	ortholog_one2one	1
ENSMUSG00000021702	ENSSSCG00000014117	ortholog_one2one	1
ENSMUSG00000071719	ENSSSCG00000012386	ortholog_one2one	1
ENSMUSG00000024346	ENSSSCG00000038493	ortholog_one2one	1
ENSMUSG00000019848	ENSSSCG00000004367	ortholog_one2one	1
ENSMUSG00000038526	ENSSSCG00000027875	ortholog_one2one	1
ENSMUSG00000032475	ENSSSCG00000025701	ortholog_one2one	1
ENSMUSG00000049106	ENSSSCG00000039701	ortholog_one2one	1
ENSMUSG00000050994	ENSSSCG00000004114	ortholog_one2one	1
ENSMUSG00000037210	ENSSSCG00000029745	ortholog_one2one	1
ENSMUSG00000086228	ENSSSCG00000035506	ortholog_one2one	1
ENSMUSG00000064105	ENSSSCG00000010593	ortholog_one2one	1
ENSMUSG00000024556	ENSSSCG00000004522	ortholog_one2one	1
ENSMUSG00000020974	ENSSSCG00000005008	ortholog_one2one	1
ENSMUSG00000048368	ENSSSCG00000008073	ortholog_one2one	1
ENSMUSG00000035493	ENSSSCG00000014316	ortholog_one2one	1
ENSMUSG00000078440	ENSSSCG00000013478	ortholog_one2one	1
ENSMUSG00000024782	ENSSSCG00000023595	ortholog_one2one	1
ENSMUSG00000041272	ENSSSCG00000006235	ortholog_one2one	1
ENSMUSG00000073102	ENSSSCG00000008568	ortholog_one2one	1
ENSMUSG00000057715	ENSSSCG00000035887	ortholog_one2one	1
ENSMUSG00000027531	ENSSSCG00000033791	ortholog_one2one	1
ENSMUSG00000016496	ENSSSCG00000005211	ortholog_one2one	1
ENSMUSG00000021221	ENSSSCG00000002333	ortholog_one2one	1
ENSMUSG00000042810	ENSSSCG00000034873	ortholog_one2one	1
ENSMUSG00000062432	ENSSSCG00000010474	ortholog_one2one	1
ENSMUSG00000019774	ENSSSCG00000004076	ortholog_one2one	1
ENSMUSG00000052595	ENSSSCG00000010431	ortholog_one2one	1
ENSMUSG00000028416	ENSSSCG00000010996	ortholog_one2one	1
ENSMUSG00000074743	ENSSSCG00000053422	ortholog_one2one	1
ENSMUSG00000020331	ENSSSCG00000033442	ortholog_one2one	1
ENSMUSG00000069114	ENSSSCG00000006155	ortholog_one2one	1
ENSMUSG00000056078	ENSSSCG00000010444	ortholog_one2one	1
ENSMUSG00000028820	ENSSSCG00000035690	ortholog_one2one	1
ENSMUSG00000019235	ENSSSCG00000002375	ortholog_one2one	1
ENSMUSG00000034932	ENSSSCG00000024242	ortholog_one2one	1
ENSMUSG00000046573	ENSSSCG00000031269	ortholog_one2one	1
ENSMUSG00000041731	ENSSSCG00000005243	ortholog_one2one	1
ENSMUSG00000050017	ENSSSCG00000009967	ortholog_one2one	1
ENSMUSG00000047045	ENSSSCG00000037670	ortholog_one2one	1
ENSMUSG00000045854	ENSSSCG00000004324	ortholog_one2one	1
ENSMUSG00000041491	ENSSSCG00000005286	ortholog_one2one	1
ENSMUSG00000035781	ENSSSCG00000013419	ortholog_one2one	1
ENSMUSG00000007613	ENSSSCG00000005382	ortholog_one2one	1
ENSMUSG00000018263	ENSSSCG00000009867	ortholog_one2one	1
ENSMUSG00000055095	ENSSSCG00000058580	ortholog_one2one	1
ENSMUSG00000048376	ENSSSCG00000035355	ortholog_one2one	1
ENSMUSG00000021567	ENSSSCG00000055161	ortholog_one2one	1
ENSMUSG00000035824	ENSSSCG00000038053	ortholog_one2one	1
ENSMUSG00000037236	ENSSSCG00000014343	ortholog_one2one	1
ENSMUSG00000063663	ENSSSCG00000025156	ortholog_one2one	1
ENSMUSG00000019947	ENSSSCG00000010219	ortholog_one2one	1
ENSMUSG00000048796	ENSSSCG00000006827	ortholog_one2one	1
ENSMUSG00000021595	ENSSSCG00000017104	ortholog_one2one	1
ENSMUSG00000049164	ENSSSCG00000010503	ortholog_one2one	1
ENSMUSG00000019982	ENSSSCG00000004167	ortholog_one2one	1
ENSMUSG00000024732	ENSSSCG00000013105	ortholog_one2one	1
ENSMUSG00000001946	ENSSSCG00000015200	ortholog_one2one	1
ENSMUSG00000028277	ENSSSCG00000004317	ortholog_one2one	1
ENSMUSG00000029231	ENSSSCG00000008841	ortholog_one2one	1
ENSMUSG00000000631	ENSSSCG00000017783	ortholog_one2one	1
ENSMUSG00000025069	ENSSSCG00000030271	ortholog_one2one	1
ENSMUSG00000015890	ENSSSCG00000000893	ortholog_one2one	1
ENSMUSG00000041700	ENSSSCG00000012590	ortholog_one2one	1
ENSMUSG00000009406	ENSSSCG00000055891	ortholog_one2one	1
ENSMUSG00000025328	ENSSSCG00000003482	ortholog_one2one	1
ENSMUSG00000031883	ENSSSCG00000038785	ortholog_one2one	1
ENSMUSG00000032249	ENSSSCG00000004963	ortholog_one2one	1
ENSMUSG00000020961	ENSSSCG00000002412	ortholog_one2one	1
ENSMUSG00000025010	ENSSSCG00000010502	ortholog_one2one	1
ENSMUSG00000041120	ENSSSCG00000024669	ortholog_one2one	1
ENSMUSG00000042029	ENSSSCG00000028169	ortholog_one2one	1
ENSMUSG00000024650	ENSSSCG00000023571	ortholog_one2one	1
ENSMUSG00000024835	ENSSSCG00000012920	ortholog_one2one	1
ENSMUSG00000035559	ENSSSCG00000013896	ortholog_one2one	1
ENSMUSG00000025917	ENSSSCG00000006203	ortholog_one2one	1
ENSMUSG00000048562	ENSSSCG00000031078	ortholog_one2one	1
ENSMUSG00000043487	ENSSSCG00000002348	ortholog_one2one	1
ENSMUSG00000054003	ENSSSCG00000002552	ortholog_one2one	1
ENSMUSG00000031948	ENSSSCG00000002704	ortholog_one2one	1
ENSMUSG00000002015	ENSSSCG00000012772	ortholog_one2one	1
ENSMUSG00000010064	ENSSSCG00000011397	ortholog_one2one	1
ENSMUSG00000030117	ENSSSCG00000000669	ortholog_one2one	1
ENSMUSG00000049232	ENSSSCG00000032541	ortholog_one2one	1
ENSMUSG00000030342	ENSSSCG00000022230	ortholog_one2one	1
ENSMUSG00000023046	ENSSSCG00000000261	ortholog_one2one	1
ENSMUSG00000026398	ENSSSCG00000024975	ortholog_one2one	1
ENSMUSG00000022751	ENSSSCG00000011968	ortholog_one2one	1
ENSMUSG00000038384	ENSSSCG00000051618	ortholog_one2one	1
ENSMUSG00000022270	ENSSSCG00000016792	ortholog_one2one	1
ENSMUSG00000053510	ENSSSCG00000003870	ortholog_one2one	1
ENSMUSG00000046367	ENSSSCG00000021179	ortholog_one2one	1
ENSMUSG00000020949	ENSSSCG00000021217	ortholog_one2one	1
ENSMUSG00000002428	ENSSSCG00000025293	ortholog_one2one	1
ENSMUSG00000034486	ENSSSCG00000016319	ortholog_one2one	1
ENSMUSG00000061762	ENSSSCG00000023592	ortholog_one2one	1
ENSMUSG00000026576	ENSSSCG00000006296	ortholog_one2one	1
ENSMUSG00000024726	ENSSSCG00000005271	ortholog_one2one	1
ENSMUSG00000039891	ENSSSCG00000004143	ortholog_one2one	1
ENSMUSG00000025862	ENSSSCG00000012642	ortholog_one2one	1
ENSMUSG00000022800	ENSSSCG00000027139	ortholog_one2one	1
ENSMUSG00000022307	ENSSSCG00000006037	ortholog_one2one	1
ENSMUSG00000026773	ENSSSCG00000011133	ortholog_one2one	1
ENSMUSG00000037058	ENSSSCG00000026606	ortholog_one2one	1
ENSMUSG00000038812	ENSSSCG00000013029	ortholog_one2one	1
ENSMUSG00000029771	ENSSSCG00000016573	ortholog_one2one	1
ENSMUSG00000016494	ENSSSCG00000039946	ortholog_one2one	1
ENSMUSG00000043592	ENSSSCG00000027922	ortholog_one2one	1
ENSMUSG00000025036	ENSSSCG00000010589	ortholog_one2one	1
ENSMUSG00000025240	ENSSSCG00000027176	ortholog_one2one	1
ENSMUSG00000044147	ENSSSCG00000005012	ortholog_one2one	1
ENSMUSG00000020571	ENSSSCG00000008633	ortholog_one2one	1
ENSMUSG00000009654	ENSSSCG00000010293	ortholog_one2one	1
ENSMUSG00000023977	ENSSSCG00000001641	ortholog_one2one	1
ENSMUSG00000038122	ENSSSCG00000004242	ortholog_one2one	1
ENSMUSG00000037344	ENSSSCG00000023619	ortholog_one2one	1
ENSMUSG00000079415	ENSSSCG00000059180	ortholog_one2one	1
ENSMUSG00000024837	ENSSSCG00000005236	ortholog_one2one	1
ENSMUSG00000038094	ENSSSCG00000011821	ortholog_one2one	1
ENSMUSG00000034659	ENSSSCG00000013110	ortholog_one2one	1
ENSMUSG00000027855	ENSSSCG00000006750	ortholog_one2one	1
ENSMUSG00000063870	ENSSSCG00000000697	ortholog_one2one	1
ENSMUSG00000051703	ENSSSCG00000027541	ortholog_one2one	1
ENSMUSG00000031982	ENSSSCG00000010179	ortholog_one2one	1
ENSMUSG00000006728	ENSSSCG00000025092	ortholog_one2one	1
ENSMUSG00000021065	ENSSSCG00000002283	ortholog_one2one	1
ENSMUSG00000109809	ENSSSCG00000061027	ortholog_one2one	1
ENSMUSG00000102312	ENSSSCG00000061745	ortholog_one2one	1
ENSMUSG00000038425	ENSSSCG00000004529	ortholog_one2one	1
ENSMUSG00000026602	ENSSSCG00000015526	ortholog_one2one	1
ENSMUSG00000024856	ENSSSCG00000012902	ortholog_one2one	1
ENSMUSG00000024983	ENSSSCG00000032968	ortholog_one2one	1
ENSMUSG00000041577	ENSSSCG00000015271	ortholog_one2one	1
ENSMUSG00000025316	ENSSSCG00000020678	ortholog_one2one	1
ENSMUSG00000029207	ENSSSCG00000022168	ortholog_one2one	1
ENSMUSG00000037742	ENSSSCG00000004489	ortholog_one2one	1
ENSMUSG00000039981	ENSSSCG00000004109	ortholog_one2one	1
ENSMUSG00000040485	ENSSSCG00000029977	ortholog_one2one	1
ENSMUSG00000026413	ENSSSCG00000030694	ortholog_one2one	1
ENSMUSG00000050150	ENSSSCG00000009162	ortholog_one2one	1
ENSMUSG00000025374	ENSSSCG00000000384	ortholog_one2one	1
ENSMUSG00000021194	ENSSSCG00000002456	ortholog_one2one	1
ENSMUSG00000038242	ENSSSCG00000040051	ortholog_one2one	1
ENSMUSG00000021692	ENSSSCG00000031990	ortholog_one2one	1
ENSMUSG00000027860	ENSSSCG00000006746	ortholog_one2one	1
ENSMUSG00000024974	ENSSSCG00000010625	ortholog_one2one	1
ENSMUSG00000039414	ENSSSCG00000008498	ortholog_one2one	1
ENSMUSG00000061723	ENSSSCG00000031903	ortholog_one2one	1
ENSMUSG00000057440	ENSSSCG00000011070	ortholog_one2one	1
ENSMUSG00000041779	ENSSSCG00000038401	ortholog_one2one	1
ENSMUSG00000037579	ENSSSCG00000000203	ortholog_one2one	1
ENSMUSG00000046841	ENSSSCG00000000171	ortholog_one2one	1
ENSMUSG00000021614	ENSSSCG00000014136	ortholog_one2one	1
ENSMUSG00000020329	ENSSSCG00000035693	ortholog_one2one	1
ENSMUSG00000037149	ENSSSCG00000008619	ortholog_one2one	1
ENSMUSG00000031147	ENSSSCG00000012295	ortholog_one2one	1
ENSMUSG00000032563	ENSSSCG00000011179	ortholog_one2one	1
ENSMUSG00000039158	ENSSSCG00000023894	ortholog_one2one	1
ENSMUSG00000050921	ENSSSCG00000012446	ortholog_one2one	1
ENSMUSG00000062168	ENSSSCG00000030274	ortholog_one2one	1
ENSMUSG00000003346	ENSSSCG00000013442	ortholog_one2one	1
ENSMUSG00000025020	ENSSSCG00000010512	ortholog_one2one	1
ENSMUSG00000022241	ENSSSCG00000016817	ortholog_one2one	1
ENSMUSG00000021411	ENSSSCG00000025582	ortholog_one2one	1
ENSMUSG00000028452	ENSSSCG00000005300	ortholog_one2one	1
ENSMUSG00000048234	ENSSSCG00000008168	ortholog_one2one	1
ENSMUSG00000054580	ENSSSCG00000015885	ortholog_one2one	1
ENSMUSG00000021303	ENSSSCG00000033307	ortholog_one2one	1
ENSMUSG00000020034	ENSSSCG00000024881	ortholog_one2one	1
ENSMUSG00000031169	ENSSSCG00000024793	ortholog_one2one	1
ENSMUSG00000041720	ENSSSCG00000010092	ortholog_one2one	1
ENSMUSG00000028034	ENSSSCG00000003771	ortholog_one2one	1
ENSMUSG00000029629	ENSSSCG00000026722	ortholog_one2one	1
ENSMUSG00000062252	ENSSSCG00000001553	ortholog_one2one	1
ENSMUSG00000015476	ENSSSCG00000024403	ortholog_one2one	1
ENSMUSG00000038622	ENSSSCG00000033577	ortholog_one2one	1
ENSMUSG00000024271	ENSSSCG00000020898	ortholog_one2one	1
ENSMUSG00000025777	ENSSSCG00000006173	ortholog_one2one	1
ENSMUSG00000045767	ENSSSCG00000034954	ortholog_one2one	1
ENSMUSG00000036197	ENSSSCG00000031701	ortholog_one2one	1
ENSMUSG00000087370	ENSSSCG00000037420	ortholog_one2one	1
ENSMUSG00000020169	ENSSSCG00000000499	ortholog_one2one	1
ENSMUSG00000074895	ENSSSCG00000014052	ortholog_one2one	1
ENSMUSG00000019897	ENSSSCG00000038987	ortholog_one2one	1
ENSMUSG00000026202	ENSSSCG00000016216	ortholog_one2one	1
ENSMUSG00000035397	ENSSSCG00000024672	ortholog_one2one	1
ENSMUSG00000045608	ENSSSCG00000035938	ortholog_one2one	1
ENSMUSG00000019992	ENSSSCG00000004164	ortholog_one2one	1
ENSMUSG00000006932	ENSSSCG00000011274	ortholog_one2one	1
ENSMUSG00000045665	ENSSSCG00000000264	ortholog_one2one	1
ENSMUSG00000022580	ENSSSCG00000006957	ortholog_one2one	1
ENSMUSG00000026698	ENSSSCG00000015486	ortholog_one2one	1
ENSMUSG00000064030	ENSSSCG00000040825	ortholog_one2one	1
ENSMUSG00000052656	ENSSSCG00000008218	ortholog_one2one	1
ENSMUSG00000038080	ENSSSCG00000001074	ortholog_one2one	1
ENSMUSG00000019856	ENSSSCG00000004245	ortholog_one2one	1
ENSMUSG00000024926	ENSSSCG00000012980	ortholog_one2one	1
ENSMUSG00000028639	ENSSSCG00000028485	ortholog_one2one	1
ENSMUSG00000051855	ENSSSCG00000016554	ortholog_one2one	1
ENSMUSG00000043122	ENSSSCG00000039825	ortholog_one2one	1
ENSMUSG00000026174	ENSSSCG00000016193	ortholog_one2one	1
ENSMUSG00000057541	ENSSSCG00000015428	ortholog_one2one	1
ENSMUSG00000021055	ENSSSCG00000005109	ortholog_one2one	1
ENSMUSG00000121584	ENSSSCG00000053131	ortholog_one2one	1
ENSMUSG00000033170	ENSSSCG00000025260	ortholog_one2one	1
ENSMUSG00000026649	ENSSSCG00000023957	ortholog_one2one	1
ENSMUSG00000021175	ENSSSCG00000015380	ortholog_one2one	1
ENSMUSG00000050323	ENSSSCG00000006093	ortholog_one2one	1
ENSMUSG00000047034	ENSSSCG00000000231	ortholog_one2one	1
ENSMUSG00000001786	ENSSSCG00000000156	ortholog_one2one	1
ENSMUSG00000022351	ENSSSCG00000005970	ortholog_one2one	1
ENSMUSG00000041341	ENSSSCG00000002502	ortholog_one2one	1
ENSMUSG00000026100	ENSSSCG00000016047	ortholog_one2one	1
ENSMUSG00000028558	ENSSSCG00000059473	ortholog_one2one	1
ENSMUSG00000026253	ENSSSCG00000053123	ortholog_one2one	1
ENSMUSG00000052566	ENSSSCG00000013734	ortholog_one2one	1
ENSMUSG00000027654	ENSSSCG00000007351	ortholog_one2one	1
ENSMUSG00000033653	ENSSSCG00000011788	ortholog_one2one	1
ENSMUSG00000020017	ENSSSCG00000000892	ortholog_one2one	1
ENSMUSG00000075023	ENSSSCG00000057793	ortholog_one2one	1
ENSMUSG00000026308	ENSSSCG00000026600	ortholog_one2one	1
ENSMUSG00000021756	ENSSSCG00000016916	ortholog_one2one	1
ENSMUSG00000054309	ENSSSCG00000020799	ortholog_one2one	1
ENSMUSG00000022456	ENSSSCG00000000040	ortholog_one2one	1
ENSMUSG00000000731	ENSSSCG00000025294	ortholog_one2one	1
ENSMUSG00000039678	ENSSSCG00000005660	ortholog_one2one	1
ENSMUSG00000035051	ENSSSCG00000008479	ortholog_one2one	1
ENSMUSG00000028427	ENSSSCG00000010992	ortholog_one2one	1
ENSMUSG00000029883	ENSSSCG00000016484	ortholog_one2one	1
ENSMUSG00000024803	ENSSSCG00000010461	ortholog_one2one	1
ENSMUSG00000036106	ENSSSCG00000021748	ortholog_one2one	1
ENSMUSG00000029290	ENSSSCG00000038253	ortholog_one2one	1
ENSMUSG00000037458	ENSSSCG00000023873	ortholog_one2one	1
ENSMUSG00000032407	ENSSSCG00000011684	ortholog_one2one	1
ENSMUSG00000044719	ENSSSCG00000014368	ortholog_one2one	1
ENSMUSG00000033319	ENSSSCG00000014217	ortholog_one2one	1
ENSMUSG00000045932	ENSSSCG00000010451	ortholog_one2one	1
ENSMUSG00000061802	ENSSSCG00000011069	ortholog_one2one	1
ENSMUSG00000010663	ENSSSCG00000024015	ortholog_one2one	1
ENSMUSG00000051223	ENSSSCG00000016094	ortholog_one2one	1
ENSMUSG00000066224	ENSSSCG00000010971	ortholog_one2one	1
ENSMUSG00000009670	ENSSSCG00000030850	ortholog_one2one	1
ENSMUSG00000021597	ENSSSCG00000014163	ortholog_one2one	1
ENSMUSG00000029199	ENSSSCG00000029385	ortholog_one2one	1
ENSMUSG00000027207	ENSSSCG00000004651	ortholog_one2one	1
ENSMUSG00000046318	ENSSSCG00000004907	ortholog_one2one	1
ENSMUSG00000034401	ENSSSCG00000003881	ortholog_one2one	1
ENSMUSG00000008845	ENSSSCG00000033146	ortholog_one2one	1
ENSMUSG00000071862	ENSSSCG00000034989	ortholog_one2one	1
ENSMUSG00000024646	ENSSSCG00000004875	ortholog_one2one	1
ENSMUSG00000029640	ENSSSCG00000009302	ortholog_one2one	1
ENSMUSG00000057766	ENSSSCG00000003708	ortholog_one2one	1
ENSMUSG00000029155	ENSSSCG00000008834	ortholog_one2one	1
ENSMUSG00000031394	ENSSSCG00000029523	ortholog_one2one	1
ENSMUSG00000046585	ENSSSCG00000010614	ortholog_one2one	1
ENSMUSG00000022554	ENSSSCG00000026590	ortholog_one2one	1
ENSMUSG00000030282	ENSSSCG00000034733	ortholog_one2one	1
ENSMUSG00000006373	ENSSSCG00000012625	ortholog_one2one	1
ENSMUSG00000068522	ENSSSCG00000006013	ortholog_one2one	1
ENSMUSG00000039117	ENSSSCG00000024694	ortholog_one2one	1
ENSMUSG00000118662	ENSSSCG00000009768	ortholog_one2one	1
ENSMUSG00000031384	ENSSSCG00000012132	ortholog_one2one	1
ENSMUSG00000022325	ENSSSCG00000006078	ortholog_one2one	1
ENSMUSG00000021072	ENSSSCG00000038422	ortholog_one2one	1
ENSMUSG00000031376	ENSSSCG00000012769	ortholog_one2one	1
ENSMUSG00000038167	ENSSSCG00000000709	ortholog_one2one	1
ENSMUSG00000038954	ENSSSCG00000001709	ortholog_one2one	1
ENSMUSG00000026404	ENSSSCG00000024444	ortholog_one2one	1
ENSMUSG00000020653	ENSSSCG00000038643	ortholog_one2one	1
ENSMUSG00000024404	ENSSSCG00000029518	ortholog_one2one	1
ENSMUSG00000026939	ENSSSCG00000005842	ortholog_one2one	1
ENSMUSG00000005268	ENSSSCG00000016830	ortholog_one2one	1
ENSMUSG00000020566	ENSSSCG00000008634	ortholog_one2one	1
ENSMUSG00000019883	ENSSSCG00000004216	ortholog_one2one	1
ENSMUSG00000021149	ENSSSCG00000028602	ortholog_one2one	1
ENSMUSG00000027304	ENSSSCG00000004747	ortholog_one2one	1
ENSMUSG00000006699	ENSSSCG00000003520	ortholog_one2one	1
ENSMUSG00000050732	ENSSSCG00000062938	ortholog_one2one	1
ENSMUSG00000024797	ENSSSCG00000013005	ortholog_one2one	1
ENSMUSG00000026623	ENSSSCG00000015603	ortholog_one2one	1
ENSMUSG00000029125	ENSSSCG00000038731	ortholog_one2one	1
ENSMUSG00000015093	ENSSSCG00000037395	ortholog_one2one	1
ENSMUSG00000035277	ENSSSCG00000020801	ortholog_one2one	1
ENSMUSG00000024811	ENSSSCG00000010465	ortholog_one2one	1
ENSMUSG00000029862	ENSSSCG00000056050	ortholog_one2one	1
ENSMUSG00000033368	ENSSSCG00000004681	ortholog_one2one	1
ENSMUSG00000002028	ENSSSCG00000023324	ortholog_one2one	1
ENSMUSG00000024201	ENSSSCG00000024570	ortholog_one2one	1
ENSMUSG00000020622	ENSSSCG00000008607	ortholog_one2one	1
ENSMUSG00000040034	ENSSSCG00000004105	ortholog_one2one	1
ENSMUSG00000040138	ENSSSCG00000029656	ortholog_one2one	1
ENSMUSG00000033596	ENSSSCG00000002715	ortholog_one2one	1
ENSMUSG00000051228	ENSSSCG00000021460	ortholog_one2one	1
ENSMUSG00000026832	ENSSSCG00000029753	ortholog_one2one	1
ENSMUSG00000117924	ENSSSCG00000038711	ortholog_one2one	1
ENSMUSG00000054200	ENSSSCG00000010478	ortholog_one2one	1
ENSMUSG00000019132	ENSSSCG00000038752	ortholog_one2one	1
ENSMUSG00000031433	ENSSSCG00000012556	ortholog_one2one	1
ENSMUSG00000049598	ENSSSCG00000006399	ortholog_one2one	1
ENSMUSG00000019874	ENSSSCG00000004234	ortholog_one2one	1
ENSMUSG00000026564	ENSSSCG00000006311	ortholog_one2one	1
ENSMUSG00000047146	ENSSSCG00000010241	ortholog_one2one	1
ENSMUSG00000021385	ENSSSCG00000030204	ortholog_one2one	1
ENSMUSG00000036030	ENSSSCG00000035798	ortholog_one2one	1
ENSMUSG00000036356	ENSSSCG00000035371	ortholog_one2one	1
ENSMUSG00000039835	ENSSSCG00000004149	ortholog_one2one	1
ENSMUSG00000067369	ENSSSCG00000012489	ortholog_one2one	1
ENSMUSG00000048832	ENSSSCG00000028762	ortholog_one2one	1
ENSMUSG00000040188	ENSSSCG00000001892	ortholog_one2one	1
ENSMUSG00000025903	ENSSSCG00000006260	ortholog_one2one	1
ENSMUSG00000019797	ENSSSCG00000037985	ortholog_one2one	1
ENSMUSG00000026940	ENSSSCG00000005830	ortholog_one2one	1
ENSMUSG00000069378	ENSSSCG00000014238	ortholog_one2one	1
ENSMUSG00000027482	ENSSSCG00000024787	ortholog_one2one	1
ENSMUSG00000020594	ENSSSCG00000008600	ortholog_one2one	1
ENSMUSG00000024990	ENSSSCG00000010479	ortholog_one2one	1
ENSMUSG00000049420	ENSSSCG00000004201	ortholog_one2one	1
ENSMUSG00000052026	ENSSSCG00000014447	ortholog_one2one	1
ENSMUSG00000021668	ENSSSCG00000014082	ortholog_one2one	1
ENSMUSG00000034552	ENSSSCG00000016030	ortholog_one2one	1
ENSMUSG00000015755	ENSSSCG00000004110	ortholog_one2one	1
ENSMUSG00000030102	ENSSSCG00000023437	ortholog_one2one	1
ENSMUSG00000024770	ENSSSCG00000031373	ortholog_one2one	1
ENSMUSG00000019143	ENSSSCG00000014376	ortholog_one2one	1
ENSMUSG00000039942	ENSSSCG00000024439	ortholog_one2one	1
ENSMUSG00000063760	ENSSSCG00000021149	ortholog_one2one	1
ENSMUSG00000016498	ENSSSCG00000032561	ortholog_one2one	1
ENSMUSG00000022994	ENSSSCG00000000175	ortholog_one2one	1
ENSMUSG00000029478	ENSSSCG00000009761	ortholog_one2one	1
ENSMUSG00000026874	ENSSSCG00000005512	ortholog_one2one	1
ENSMUSG00000038754	ENSSSCG00000010577	ortholog_one2one	1
ENSMUSG00000036961	ENSSSCG00000006164	ortholog_one2one	1
ENSMUSG00000022673	ENSSSCG00000006273	ortholog_one2one	1
ENSMUSG00000042404	ENSSSCG00000006568	ortholog_one2one	1
ENSMUSG00000118663	ENSSSCG00000004671	ortholog_one2one	1
ENSMUSG00000024908	ENSSSCG00000012884	ortholog_one2one	1
ENSMUSG00000031537	ENSSSCG00000007030	ortholog_one2one	1
ENSMUSG00000022240	ENSSSCG00000016780	ortholog_one2one	1
ENSMUSG00000031389	ENSSSCG00000012790	ortholog_one2one	1
ENSMUSG00000020827	ENSSSCG00000017917	ortholog_one2one	1
ENSMUSG00000028909	ENSSSCG00000003590	ortholog_one2one	1
ENSMUSG00000025940	ENSSSCG00000021628	ortholog_one2one	1
ENSMUSG00000020124	ENSSSCG00000000457	ortholog_one2one	1
ENSMUSG00000022860	ENSSSCG00000012018	ortholog_one2one	1
ENSMUSG00000023262	ENSSSCG00000023325	ortholog_one2one	1
ENSMUSG00000039865	ENSSSCG00000006888	ortholog_one2one	1
ENSMUSG00000022843	ENSSSCG00000021581	ortholog_one2one	1
ENSMUSG00000037346	ENSSSCG00000059661	ortholog_one2one	1
ENSMUSG00000067851	ENSSSCG00000006201	ortholog_one2one	1
ENSMUSG00000002458	ENSSSCG00000034841	ortholog_one2one	1
ENSMUSG00000024354	ENSSSCG00000026423	ortholog_one2one	1
ENSMUSG00000032854	ENSSSCG00000031904	ortholog_one2one	1
ENSMUSG00000093661	ENSSSCG00000011516	ortholog_one2one	1
ENSMUSG00000036412	ENSSSCG00000014448	ortholog_one2one	1
ENSMUSG00000024603	ENSSSCG00000021427	ortholog_one2one	1
ENSMUSG00000051343	ENSSSCG00000022162	ortholog_one2one	1
ENSMUSG00000055137	ENSSSCG00000035581	ortholog_one2one	1
ENSMUSG00000027776	ENSSSCG00000011730	ortholog_one2one	1
ENSMUSG00000030204	ENSSSCG00000033149	ortholog_one2one	1
ENSMUSG00000036298	ENSSSCG00000000783	ortholog_one2one	1
ENSMUSG00000034751	ENSSSCG00000016956	ortholog_one2one	1
ENSMUSG00000027833	ENSSSCG00000025238	ortholog_one2one	1
ENSMUSG00000055882	ENSSSCG00000035915	ortholog_one2one	1
ENSMUSG00000078129	ENSSSCG00000044750	ortholog_one2one	1
ENSMUSG00000068745	ENSSSCG00000006834	ortholog_one2one	1
ENSMUSG00000003299	ENSSSCG00000013656	ortholog_one2one	1
ENSMUSG00000038121	ENSSSCG00000058331	ortholog_one2one	1
ENSMUSG00000028158	ENSSSCG00000009179	ortholog_one2one	1
ENSMUSG00000022361	ENSSSCG00000005984	ortholog_one2one	1
ENSMUSG00000001657	ENSSSCG00000038644	ortholog_one2one	1
ENSMUSG00000014294	ENSSSCG00000014371	ortholog_one2one	1
ENSMUSG00000002100	ENSSSCG00000013236	ortholog_one2one	1
ENSMUSG00000060450	ENSSSCG00000014394	ortholog_one2one	1
ENSMUSG00000022299	ENSSSCG00000006049	ortholog_one2one	1
ENSMUSG00000030093	ENSSSCG00000039010	ortholog_one2one	1
ENSMUSG00000012483	ENSSSCG00000023886	ortholog_one2one	1
ENSMUSG00000021681	ENSSSCG00000014094	ortholog_one2one	1
ENSMUSG00000022574	ENSSSCG00000055397	ortholog_one2one	1
ENSMUSG00000029706	ENSSSCG00000016591	ortholog_one2one	1
ENSMUSG00000006586	ENSSSCG00000006115	ortholog_one2one	1
ENSMUSG00000039395	ENSSSCG00000016175	ortholog_one2one	1
ENSMUSG00000031198	ENSSSCG00000012817	ortholog_one2one	1
ENSMUSG00000062580	ENSSSCG00000037431	ortholog_one2one	1
ENSMUSG00000028702	ENSSSCG00000003905	ortholog_one2one	1
ENSMUSG00000026960	ENSSSCG00000015868	ortholog_one2one	1
ENSMUSG00000091387	ENSSSCG00000029710	ortholog_one2one	1
ENSMUSG00000030264	ENSSSCG00000011542	ortholog_one2one	1
ENSMUSG00000039607	ENSSSCG00000036381	ortholog_one2one	1
ENSMUSG00000054863	ENSSSCG00000034776	ortholog_one2one	1
ENSMUSG00000003062	ENSSSCG00000024028	ortholog_one2one	1
ENSMUSG00000022237	ENSSSCG00000039609	ortholog_one2one	1
ENSMUSG00000036707	ENSSSCG00000016266	ortholog_one2one	1
ENSMUSG00000042608	ENSSSCG00000036832	ortholog_one2one	1
ENSMUSG00000041057	ENSSSCG00000008534	ortholog_one2one	1
ENSMUSG00000022436	ENSSSCG00000028531	ortholog_one2one	1
ENSMUSG00000021363	ENSSSCG00000001042	ortholog_one2one	1
ENSMUSG00000026965	ENSSSCG00000032828	ortholog_one2one	1
ENSMUSG00000029500	ENSSSCG00000035618	ortholog_one2one	1
ENSMUSG00000024999	ENSSSCG00000010484	ortholog_one2one	1
ENSMUSG00000022641	ENSSSCG00000011943	ortholog_one2one	1
ENSMUSG00000006392	ENSSSCG00000003943	ortholog_one2one	1
ENSMUSG00000037451	ENSSSCG00000012998	ortholog_one2one	1
ENSMUSG00000063681	ENSSSCG00000021897	ortholog_one2one	1
ENSMUSG00000034139	ENSSSCG00000011737	ortholog_one2one	1
ENSMUSG00000031668	ENSSSCG00000008208	ortholog_one2one	1
ENSMUSG00000046139	ENSSSCG00000013124	ortholog_one2one	1
ENSMUSG00000001021	ENSSSCG00000006579	ortholog_one2one	1
ENSMUSG00000048307	ENSSSCG00000006065	ortholog_one2one	1
ENSMUSG00000037643	ENSSSCG00000011745	ortholog_one2one	1
ENSMUSG00000006389	ENSSSCG00000030906	ortholog_one2one	1
ENSMUSG00000042417	ENSSSCG00000026849	ortholog_one2one	1
ENSMUSG00000021636	ENSSSCG00000016959	ortholog_one2one	1
ENSMUSG00000026634	ENSSSCG00000015588	ortholog_one2one	1
ENSMUSG00000118668	ENSSSCG00000028806	ortholog_one2one	1
ENSMUSG00000029559	ENSSSCG00000024329	ortholog_one2one	1
ENSMUSG00000021620	ENSSSCG00000036095	ortholog_one2one	1
ENSMUSG00000039774	ENSSSCG00000005379	ortholog_one2one	1
ENSMUSG00000029672	ENSSSCG00000016616	ortholog_one2one	1
ENSMUSG00000025742	ENSSSCG00000057105	ortholog_one2one	1
ENSMUSG00000038879	ENSSSCG00000031267	ortholog_one2one	1
ENSMUSG00000067586	ENSSSCG00000009580	ortholog_one2one	1
ENSMUSG00000031962	ENSSSCG00000002642	ortholog_one2one	1
ENSMUSG00000028865	ENSSSCG00000056742	ortholog_one2one	1
ENSMUSG00000021720	ENSSSCG00000016941	ortholog_one2one	1
ENSMUSG00000025264	ENSSSCG00000012334	ortholog_one2one	1
ENSMUSG00000007080	ENSSSCG00000033051	ortholog_one2one	1
ENSMUSG00000024776	ENSSSCG00000010446	ortholog_one2one	1
ENSMUSG00000060090	ENSSSCG00000027701	ortholog_one2one	1
ENSMUSG00000026819	ENSSSCG00000005636	ortholog_one2one	1
ENSMUSG00000062937	ENSSSCG00000005135	ortholog_one2one	1
ENSMUSG00000031772	ENSSSCG00000023125	ortholog_one2one	1
ENSMUSG00000033055	ENSSSCG00000000120	ortholog_one2one	1
ENSMUSG00000063576	ENSSSCG00000022901	ortholog_one2one	1
ENSMUSG00000009772	ENSSSCG00000038471	ortholog_one2one	1
ENSMUSG00000036825	ENSSSCG00000003757	ortholog_one2one	1
ENSMUSG00000044340	ENSSSCG00000004896	ortholog_one2one	1
ENSMUSG00000028673	ENSSSCG00000027659	ortholog_one2one	1
ENSMUSG00000031217	ENSSSCG00000032728	ortholog_one2one	1
ENSMUSG00000103711	ENSSSCG00000006370	ortholog_one2one	1
ENSMUSG00000041193	ENSSSCG00000034429	ortholog_one2one	1
ENSMUSG00000070284	ENSSSCG00000062528	ortholog_one2one	1
ENSMUSG00000002588	ENSSSCG00000015332	ortholog_one2one	1
ENSMUSG00000039497	ENSSSCG00000004441	ortholog_one2one	1
ENSMUSG00000001143	ENSSSCG00000026939	ortholog_one2one	1
ENSMUSG00000070420	ENSSSCG00000039842	ortholog_one2one	1
ENSMUSG00000046324	ENSSSCG00000005207	ortholog_one2one	1
ENSMUSG00000041935	ENSSSCG00000040855	ortholog_one2one	1
ENSMUSG00000029601	ENSSSCG00000009877	ortholog_one2one	1
ENSMUSG00000037965	ENSSSCG00000007895	ortholog_one2one	1
ENSMUSG00000028261	ENSSSCG00000004342	ortholog_one2one	1
ENSMUSG00000060935	ENSSSCG00000038968	ortholog_one2one	1
ENSMUSG00000091129	ENSSSCG00000051811	ortholog_one2one	1
ENSMUSG00000051499	ENSSSCG00000015450	ortholog_one2one	1
ENSMUSG00000036057	ENSSSCG00000032957	ortholog_one2one	1
ENSMUSG00000002109	ENSSSCG00000013243	ortholog_one2one	1
ENSMUSG00000063415	ENSSSCG00000008311	ortholog_one2one	1
ENSMUSG00000028645	ENSSSCG00000059879	ortholog_one2one	1
ENSMUSG00000079428	ENSSSCG00000060434	ortholog_one2one	1
ENSMUSG00000048930	ENSSSCG00000011551	ortholog_one2one	1
ENSMUSG00000029312	ENSSSCG00000009226	ortholog_one2one	1
ENSMUSG00000025369	ENSSSCG00000000382	ortholog_one2one	1
ENSMUSG00000070821	ENSSSCG00000003959	ortholog_one2one	1
ENSMUSG00000013419	ENSSSCG00000030065	ortholog_one2one	1
ENSMUSG00000060470	ENSSSCG00000002814	ortholog_one2one	1
ENSMUSG00000032601	ENSSSCG00000011363	ortholog_one2one	1
ENSMUSG00000037126	ENSSSCG00000010581	ortholog_one2one	1
ENSMUSG00000073380	ENSSSCG00000037183	ortholog_one2one	1
ENSMUSG00000051079	ENSSSCG00000040300	ortholog_one2one	1
ENSMUSG00000056399	ENSSSCG00000008032	ortholog_one2one	1
ENSMUSG00000031266	ENSSSCG00000038423	ortholog_one2one	1
ENSMUSG00000022304	ENSSSCG00000006040	ortholog_one2one	1
ENSMUSG00000065990	ENSSSCG00000038474	ortholog_one2one	1
ENSMUSG00000026617	ENSSSCG00000010822	ortholog_one2one	1
ENSMUSG00000022394	ENSSSCG00000000066	ortholog_one2one	1
ENSMUSG00000008429	ENSSSCG00000027389	ortholog_one2one	1
ENSMUSG00000036022	ENSSSCG00000012685	ortholog_one2one	1
ENSMUSG00000045257	ENSSSCG00000008480	ortholog_one2one	1
ENSMUSG00000028756	ENSSSCG00000003506	ortholog_one2one	1
ENSMUSG00000024098	ENSSSCG00000039663	ortholog_one2one	1
ENSMUSG00000018217	ENSSSCG00000037832	ortholog_one2one	1
ENSMUSG00000045730	ENSSSCG00000052586	ortholog_one2one	1
ENSMUSG00000057130	ENSSSCG00000005777	ortholog_one2one	1
ENSMUSG00000017756	ENSSSCG00000034302	ortholog_one2one	1
ENSMUSG00000041831	ENSSSCG00000004057	ortholog_one2one	1
ENSMUSG00000035615	ENSSSCG00000005352	ortholog_one2one	1
ENSMUSG00000033854	ENSSSCG00000002423	ortholog_one2one	1
ENSMUSG00000027312	ENSSSCG00000007153	ortholog_one2one	1
ENSMUSG00000025255	ENSSSCG00000006169	ortholog_one2one	1
ENSMUSG00000031432	ENSSSCG00000012560	ortholog_one2one	1
ENSMUSG00000021286	ENSSSCG00000040945	ortholog_one2one	1
ENSMUSG00000036564	ENSSSCG00000021911	ortholog_one2one	1
ENSMUSG00000026563	ENSSSCG00000006318	ortholog_one2one	1
ENSMUSG00000032359	ENSSSCG00000001770	ortholog_one2one	1
ENSMUSG00000029408	ENSSSCG00000009784	ortholog_one2one	1
ENSMUSG00000040213	ENSSSCG00000006925	ortholog_one2one	1
ENSMUSG00000022946	ENSSSCG00000012054	ortholog_one2one	1
ENSMUSG00000026577	ENSSSCG00000022396	ortholog_one2one	1
ENSMUSG00000050379	ENSSSCG00000012619	ortholog_one2one	1
ENSMUSG00000035735	ENSSSCG00000013079	ortholog_one2one	1
ENSMUSG00000038555	ENSSSCG00000014335	ortholog_one2one	1
ENSMUSG00000054469	ENSSSCG00000025901	ortholog_one2one	1
ENSMUSG00000032259	ENSSSCG00000015048	ortholog_one2one	1
ENSMUSG00000039230	ENSSSCG00000017136	ortholog_one2one	1
ENSMUSG00000028621	ENSSSCG00000020677	ortholog_one2one	1
ENSMUSG00000023021	ENSSSCG00000024932	ortholog_one2one	1
ENSMUSG00000024269	ENSSSCG00000026953	ortholog_one2one	1
ENSMUSG00000025650	ENSSSCG00000011355	ortholog_one2one	1
ENSMUSG00000040794	ENSSSCG00000013231	ortholog_one2one	1
ENSMUSG00000049288	ENSSSCG00000026502	ortholog_one2one	1
ENSMUSG00000041130	ENSSSCG00000023400	ortholog_one2one	1
ENSMUSG00000023216	ENSSSCG00000004714	ortholog_one2one	1
ENSMUSG00000010097	ENSSSCG00000022866	ortholog_one2one	1
ENSMUSG00000027896	ENSSSCG00000006808	ortholog_one2one	1
ENSMUSG00000053030	ENSSSCG00000038107	ortholog_one2one	1
ENSMUSG00000004791	ENSSSCG00000050616	ortholog_one2one	1
ENSMUSG00000029337	ENSSSCG00000058425	ortholog_one2one	1
ENSMUSG00000038181	ENSSSCG00000016436	ortholog_one2one	1
ENSMUSG00000034574	ENSSSCG00000005078	ortholog_one2one	1
ENSMUSG00000037174	ENSSSCG00000029920	ortholog_one2one	1
ENSMUSG00000026893	ENSSSCG00000027472	ortholog_one2one	1
ENSMUSG00000040410	ENSSSCG00000004347	ortholog_one2one	1
ENSMUSG00000073574	ENSSSCG00000040306	ortholog_one2one	1
ENSMUSG00000033628	ENSSSCG00000003749	ortholog_one2one	1
ENSMUSG00000041926	ENSSSCG00000034151	ortholog_one2one	1
ENSMUSG00000067367	ENSSSCG00000008729	ortholog_one2one	1
ENSMUSG00000031390	ENSSSCG00000012789	ortholog_one2one	1
ENSMUSG00000067148	ENSSSCG00000028007	ortholog_one2one	1
ENSMUSG00000003131	ENSSSCG00000024027	ortholog_one2one	1
ENSMUSG00000016921	ENSSSCG00000007362	ortholog_one2one	1
ENSMUSG00000031271	ENSSSCG00000012547	ortholog_one2one	1
ENSMUSG00000015937	ENSSSCG00000014307	ortholog_one2one	1
ENSMUSG00000031398	ENSSSCG00000023483	ortholog_one2one	1
ENSMUSG00000033307	ENSSSCG00000010067	ortholog_one2one	1
ENSMUSG00000003348	ENSSSCG00000032366	ortholog_one2one	1
ENSMUSG00000040451	ENSSSCG00000010433	ortholog_one2one	1
ENSMUSG00000035754	ENSSSCG00000013423	ortholog_one2one	1
ENSMUSG00000054277	ENSSSCG00000000037	ortholog_one2one	1
ENSMUSG00000036026	ENSSSCG00000001697	ortholog_one2one	1
ENSMUSG00000042671	ENSSSCG00000039986	ortholog_one2one	1
ENSMUSG00000027889	ENSSSCG00000031125	ortholog_one2one	1
ENSMUSG00000090247	ENSSSCG00000000359	ortholog_one2one	1
ENSMUSG00000038227	ENSSSCG00000028997	ortholog_one2one	1
ENSMUSG00000035620	ENSSSCG00000000167	ortholog_one2one	1
ENSMUSG00000056698	ENSSSCG00000008238	ortholog_one2one	1
ENSMUSG00000020954	ENSSSCG00000040657	ortholog_one2one	1
ENSMUSG00000032443	ENSSSCG00000038376	ortholog_one2one	1
ENSMUSG00000091780	ENSSSCG00000031420	ortholog_one2one	1
ENSMUSG00000000531	ENSSSCG00000000234	ortholog_one2one	1
ENSMUSG00000022658	ENSSSCG00000037190	ortholog_one2one	1
ENSMUSG00000028328	ENSSSCG00000063066	ortholog_one2one	1
ENSMUSG00000028115	ENSSSCG00000006640	ortholog_one2one	1
ENSMUSG00000041248	ENSSSCG00000015236	ortholog_one2one	1
ENSMUSG00000022681	ENSSSCG00000037398	ortholog_one2one	1
ENSMUSG00000021607	ENSSSCG00000040154	ortholog_one2one	1
ENSMUSG00000040420	ENSSSCG00000026842	ortholog_one2one	1
ENSMUSG00000021728	ENSSSCG00000029484	ortholog_one2one	1
ENSMUSG00000025423	ENSSSCG00000034730	ortholog_one2one	1
ENSMUSG00000032418	ENSSSCG00000004454	ortholog_one2one	1
ENSMUSG00000024818	ENSSSCG00000012993	ortholog_one2one	1
ENSMUSG00000019232	ENSSSCG00000009144	ortholog_one2one	1
ENSMUSG00000048696	ENSSSCG00000021750	ortholog_one2one	1
ENSMUSG00000050891	ENSSSCG00000030603	ortholog_one2one	1
ENSMUSG00000025935	ENSSSCG00000006193	ortholog_one2one	1
ENSMUSG00000025354	ENSSSCG00000000366	ortholog_one2one	1
ENSMUSG00000036748	ENSSSCG00000033359	ortholog_one2one	1
ENSMUSG00000047143	ENSSSCG00000030552	ortholog_one2one	1
ENSMUSG00000034282	ENSSSCG00000017192	ortholog_one2one	1
ENSMUSG00000038267	ENSSSCG00000001004	ortholog_one2one	1
ENSMUSG00000000794	ENSSSCG00000006542	ortholog_one2one	1
ENSMUSG00000020838	ENSSSCG00000017797	ortholog_one2one	1
ENSMUSG00000028717	ENSSSCG00000058056	ortholog_one2one	1
ENSMUSG00000031845	ENSSSCG00000036572	ortholog_one2one	1
ENSMUSG00000039841	ENSSSCG00000024157	ortholog_one2one	1
ENSMUSG00000059043	ENSSSCG00000055036	ortholog_one2one	1
ENSMUSG00000022912	ENSSSCG00000025463	ortholog_one2one	1
ENSMUSG00000021537	ENSSSCG00000014151	ortholog_one2one	1
ENSMUSG00000031838	ENSSSCG00000013901	ortholog_one2one	1
ENSMUSG00000029864	ENSSSCG00000035615	ortholog_one2one	1
ENSMUSG00000029053	ENSSSCG00000030361	ortholog_one2one	1
ENSMUSG00000028136	ENSSSCG00000006619	ortholog_one2one	1
ENSMUSG00000031691	ENSSSCG00000013726	ortholog_one2one	1
ENSMUSG00000041733	ENSSSCG00000009903	ortholog_one2one	1
ENSMUSG00000005682	ENSSSCG00000000393	ortholog_one2one	1
ENSMUSG00000033845	ENSSSCG00000030578	ortholog_one2one	1
ENSMUSG00000048399	ENSSSCG00000011812	ortholog_one2one	1
ENSMUSG00000022935	ENSSSCG00000025119	ortholog_one2one	1
ENSMUSG00000021730	ENSSSCG00000026527	ortholog_one2one	1
ENSMUSG00000027333	ENSSSCG00000007140	ortholog_one2one	1
ENSMUSG00000034575	ENSSSCG00000017102	ortholog_one2one	1
ENSMUSG00000071858	ENSSSCG00000034399	ortholog_one2one	1
ENSMUSG00000034266	ENSSSCG00000055470	ortholog_one2one	1
ENSMUSG00000044636	ENSSSCG00000037029	ortholog_one2one	1
ENSMUSG00000029050	ENSSSCG00000040944	ortholog_one2one	1
ENSMUSG00000024526	ENSSSCG00000060225	ortholog_one2one	1
ENSMUSG00000059495	ENSSSCG00000015129	ortholog_one2one	1
ENSMUSG00000025963	ENSSSCG00000016133	ortholog_one2one	1
ENSMUSG00000036225	ENSSSCG00000003719	ortholog_one2one	1
ENSMUSG00000041202	ENSSSCG00000031106	ortholog_one2one	1
ENSMUSG00000033707	ENSSSCG00000005896	ortholog_one2one	1
ENSMUSG00000001441	ENSSSCG00000017513	ortholog_one2one	1
ENSMUSG00000021765	ENSSSCG00000016892	ortholog_one2one	1
ENSMUSG00000037348	ENSSSCG00000003551	ortholog_one2one	1
ENSMUSG00000027952	ENSSSCG00000055689	ortholog_one2one	1
ENSMUSG00000022247	ENSSSCG00000016827	ortholog_one2one	1
ENSMUSG00000025912	ENSSSCG00000027872	ortholog_one2one	1
ENSMUSG00000068663	ENSSSCG00000026569	ortholog_one2one	1
ENSMUSG00000023972	ENSSSCG00000001660	ortholog_one2one	1
ENSMUSG00000029028	ENSSSCG00000039516	ortholog_one2one	1
ENSMUSG00000030279	ENSSSCG00000000570	ortholog_one2one	1
ENSMUSG00000039611	ENSSSCG00000029687	ortholog_one2one	1
ENSMUSG00000028940	ENSSSCG00000034297	ortholog_one2one	1
ENSMUSG00000044172	ENSSSCG00000037262	ortholog_one2one	1
ENSMUSG00000033285	ENSSSCG00000006727	ortholog_one2one	1
ENSMUSG00000028974	ENSSSCG00000003404	ortholog_one2one	1
ENSMUSG00000021693	ENSSSCG00000030186	ortholog_one2one	1
ENSMUSG00000000544	ENSSSCG00000006312	ortholog_one2one	1
ENSMUSG00000024440	ENSSSCG00000014395	ortholog_one2one	1
ENSMUSG00000063888	ENSSSCG00000026472	ortholog_one2one	1
ENSMUSG00000073755	ENSSSCG00000037600	ortholog_one2one	1
ENSMUSG00000051469	ENSSSCG00000023276	ortholog_one2one	1
ENSMUSG00000106864	ENSSSCG00000032798	ortholog_one2one	1
ENSMUSG00000051518	ENSSSCG00000060019	ortholog_one2one	1
ENSMUSG00000021182	ENSSSCG00000002440	ortholog_one2one	1
ENSMUSG00000034898	ENSSSCG00000004479	ortholog_one2one	1
ENSMUSG00000022369	ENSSSCG00000005995	ortholog_one2one	1
ENSMUSG00000040945	ENSSSCG00000003485	ortholog_one2one	1
ENSMUSG00000025971	ENSSSCG00000036676	ortholog_one2one	1
ENSMUSG00000070319	ENSSSCG00000013661	ortholog_one2one	1
ENSMUSG00000025727	ENSSSCG00000007989	ortholog_one2one	1
ENSMUSG00000023979	ENSSSCG00000001637	ortholog_one2one	1
ENSMUSG00000034265	ENSSSCG00000035027	ortholog_one2one	1
ENSMUSG00000038949	ENSSSCG00000010882	ortholog_one2one	1
ENSMUSG00000021036	ENSSSCG00000002404	ortholog_one2one	1
ENSMUSG00000047044	ENSSSCG00000031382	ortholog_one2one	1
ENSMUSG00000037251	ENSSSCG00000031510	ortholog_one2one	1
ENSMUSG00000029030	ENSSSCG00000003359	ortholog_one2one	1
ENSMUSG00000001948	ENSSSCG00000015197	ortholog_one2one	1
ENSMUSG00000042284	ENSSSCG00000016885	ortholog_one2one	1
ENSMUSG00000031604	ENSSSCG00000008857	ortholog_one2one	1
ENSMUSG00000037752	ENSSSCG00000030623	ortholog_one2one	1
ENSMUSG00000035274	ENSSSCG00000004458	ortholog_one2one	1
ENSMUSG00000052942	ENSSSCG00000005224	ortholog_one2one	1
ENSMUSG00000038026	ENSSSCG00000006393	ortholog_one2one	1
ENSMUSG00000047606	ENSSSCG00000032430	ortholog_one2one	1
ENSMUSG00000024208	ENSSSCG00000030668	ortholog_one2one	1
ENSMUSG00000095567	ENSSSCG00000023973	ortholog_one2one	1
ENSMUSG00000032057	ENSSSCG00000015021	ortholog_one2one	1
ENSMUSG00000021239	ENSSSCG00000002363	ortholog_one2one	1
ENSMUSG00000041696	ENSSSCG00000038071	ortholog_one2one	1
ENSMUSG00000034761	ENSSSCG00000036634	ortholog_one2one	1
ENSMUSG00000025185	ENSSSCG00000010532	ortholog_one2one	1
ENSMUSG00000053929	ENSSSCG00000027076	ortholog_one2one	1
ENSMUSG00000048249	ENSSSCG00000016986	ortholog_one2one	1
ENSMUSG00000021675	ENSSSCG00000037582	ortholog_one2one	1
ENSMUSG00000035569	ENSSSCG00000039541	ortholog_one2one	1
ENSMUSG00000043631	ENSSSCG00000028549	ortholog_one2one	1
ENSMUSG00000042557	ENSSSCG00000001880	ortholog_one2one	1
ENSMUSG00000039103	ENSSSCG00000003768	ortholog_one2one	1
ENSMUSG00000025190	ENSSSCG00000010537	ortholog_one2one	1
ENSMUSG00000019359	ENSSSCG00000012376	ortholog_one2one	1
ENSMUSG00000033122	ENSSSCG00000010937	ortholog_one2one	1
ENSMUSG00000026504	ENSSSCG00000035136	ortholog_one2one	1
ENSMUSG00000021193	ENSSSCG00000011157	ortholog_one2one	1
ENSMUSG00000031214	ENSSSCG00000022676	ortholog_one2one	1
ENSMUSG00000035575	ENSSSCG00000017745	ortholog_one2one	1
ENSMUSG00000028911	ENSSSCG00000051929	ortholog_one2one	1
ENSMUSG00000055835	ENSSSCG00000022668	ortholog_one2one	1
ENSMUSG00000061451	ENSSSCG00000012952	ortholog_one2one	1
ENSMUSG00000024659	ENSSSCG00000005267	ortholog_one2one	1
ENSMUSG00000022665	ENSSSCG00000011928	ortholog_one2one	1
ENSMUSG00000002908	ENSSSCG00000013892	ortholog_one2one	1
ENSMUSG00000024593	ENSSSCG00000032877	ortholog_one2one	1
ENSMUSG00000047531	ENSSSCG00000011809	ortholog_one2one	1
ENSMUSG00000023791	ENSSSCG00000026934	ortholog_one2one	1
ENSMUSG00000024135	ENSSSCG00000008445	ortholog_one2one	1
ENSMUSG00000066036	ENSSSCG00000003488	ortholog_one2one	1
ENSMUSG00000033306	ENSSSCG00000011811	ortholog_one2one	1
ENSMUSG00000024357	ENSSSCG00000024189	ortholog_one2one	1
ENSMUSG00000048834	ENSSSCG00000015636	ortholog_one2one	1
ENSMUSG00000032513	ENSSSCG00000034916	ortholog_one2one	1
ENSMUSG00000024640	ENSSSCG00000005287	ortholog_one2one	1
ENSMUSG00000023336	ENSSSCG00000023837	ortholog_one2one	1
ENSMUSG00000037994	ENSSSCG00000028101	ortholog_one2one	1
ENSMUSG00000018931	ENSSSCG00000059634	ortholog_one2one	1
ENSMUSG00000041669	ENSSSCG00000002464	ortholog_one2one	1
ENSMUSG00000005813	ENSSSCG00000009186	ortholog_one2one	1
ENSMUSG00000001127	ENSSSCG00000012275	ortholog_one2one	1
ENSMUSG00000024349	ENSSSCG00000014349	ortholog_one2one	1
ENSMUSG00000051648	ENSSSCG00000002781	ortholog_one2one	1
ENSMUSG00000084883	ENSSSCG00000037284	ortholog_one2one	1
ENSMUSG00000032869	ENSSSCG00000038854	ortholog_one2one	1
ENSMUSG00000024007	ENSSSCG00000040984	ortholog_one2one	1
ENSMUSG00000007411	ENSSSCG00000021669	ortholog_one2one	1
ENSMUSG00000045826	ENSSSCG00000012909	ortholog_one2one	1
ENSMUSG00000070336	ENSSSCG00000036532	ortholog_one2one	1
ENSMUSG00000031981	ENSSSCG00000010182	ortholog_one2one	1
ENSMUSG00000024942	ENSSSCG00000012999	ortholog_one2one	1
ENSMUSG00000036185	ENSSSCG00000061053	ortholog_one2one	1
ENSMUSG00000022721	ENSSSCG00000010136	ortholog_one2one	1
ENSMUSG00000039633	ENSSSCG00000006968	ortholog_one2one	1
ENSMUSG00000042660	ENSSSCG00000032062	ortholog_one2one	1
ENSMUSG00000042298	ENSSSCG00000023747	ortholog_one2one	1
ENSMUSG00000023991	ENSSSCG00000001619	ortholog_one2one	1
ENSMUSG00000031825	ENSSSCG00000002669	ortholog_one2one	1
ENSMUSG00000052155	ENSSSCG00000015669	ortholog_one2one	1
ENSMUSG00000036299	ENSSSCG00000034415	ortholog_one2one	1
ENSMUSG00000028420	ENSSSCG00000039896	ortholog_one2one	1
ENSMUSG00000028102	ENSSSCG00000056541	ortholog_one2one	1
ENSMUSG00000001750	ENSSSCG00000012890	ortholog_one2one	1
ENSMUSG00000084128	ENSSSCG00000035227	ortholog_one2one	1
ENSMUSG00000051730	ENSSSCG00000028458	ortholog_one2one	1
ENSMUSG00000027995	ENSSSCG00000009002	ortholog_one2one	1
ENSMUSG00000028150	ENSSSCG00000026427	ortholog_one2one	1
ENSMUSG00000038172	ENSSSCG00000005186	ortholog_one2one	1
ENSMUSG00000031665	ENSSSCG00000002836	ortholog_one2one	1
ENSMUSG00000029270	ENSSSCG00000006900	ortholog_one2one	1
ENSMUSG00000045248	ENSSSCG00000013862	ortholog_one2one	1
ENSMUSG00000031603	ENSSSCG00000006980	ortholog_one2one	1
ENSMUSG00000096914	ENSSSCG00000021805	ortholog_one2one	1
ENSMUSG00000037542	ENSSSCG00000028115	ortholog_one2one	1
ENSMUSG00000019789	ENSSSCG00000004223	ortholog_one2one	1
ENSMUSG00000040254	ENSSSCG00000015396	ortholog_one2one	1
ENSMUSG00000020105	ENSSSCG00000000455	ortholog_one2one	1
ENSMUSG00000036872	ENSSSCG00000022813	ortholog_one2one	1
ENSMUSG00000036792	ENSSSCG00000015667	ortholog_one2one	1
ENSMUSG00000020743	ENSSSCG00000017209	ortholog_one2one	1
ENSMUSG00000037661	ENSSSCG00000035883	ortholog_one2one	1
ENSMUSG00000053286	ENSSSCG00000021393	ortholog_one2one	1
ENSMUSG00000038481	ENSSSCG00000037424	ortholog_one2one	1
ENSMUSG00000041890	ENSSSCG00000009925	ortholog_one2one	1
ENSMUSG00000028028	ENSSSCG00000031348	ortholog_one2one	1
ENSMUSG00000051375	ENSSSCG00000022289	ortholog_one2one	1
ENSMUSG00000042672	ENSSSCG00000035071	ortholog_one2one	1
ENSMUSG00000028614	ENSSSCG00000028748	ortholog_one2one	1
ENSMUSG00000024740	ENSSSCG00000013094	ortholog_one2one	1
ENSMUSG00000009647	ENSSSCG00000010290	ortholog_one2one	1
ENSMUSG00000035284	ENSSSCG00000036431	ortholog_one2one	1
ENSMUSG00000040592	ENSSSCG00000017283	ortholog_one2one	1
ENSMUSG00000023008	ENSSSCG00000025114	ortholog_one2one	1
ENSMUSG00000051777	ENSSSCG00000011728	ortholog_one2one	1
ENSMUSG00000035863	ENSSSCG00000039575	ortholog_one2one	1
ENSMUSG00000028128	ENSSSCG00000022447	ortholog_one2one	1
ENSMUSG00000037321	ENSSSCG00000025618	ortholog_one2one	1
ENSMUSG00000044165	ENSSSCG00000038970	ortholog_one2one	1
ENSMUSG00000020412	ENSSSCG00000025186	ortholog_one2one	1
ENSMUSG00000014778	ENSSSCG00000026116	ortholog_one2one	1
ENSMUSG00000027368	ENSSSCG00000035971	ortholog_one2one	1
ENSMUSG00000038766	ENSSSCG00000006636	ortholog_one2one	1
ENSMUSG00000045822	ENSSSCG00000007427	ortholog_one2one	1
ENSMUSG00000021585	ENSSSCG00000014170	ortholog_one2one	1
ENSMUSG00000026080	ENSSSCG00000008175	ortholog_one2one	1
ENSMUSG00000027540	ENSSSCG00000007469	ortholog_one2one	1
ENSMUSG00000005640	ENSSSCG00000006465	ortholog_one2one	1
ENSMUSG00000056228	ENSSSCG00000031757	ortholog_one2one	1
ENSMUSG00000009569	ENSSSCG00000039171	ortholog_one2one	1
ENSMUSG00000051022	ENSSSCG00000021515	ortholog_one2one	1
ENSMUSG00000026073	ENSSSCG00000028331	ortholog_one2one	1
ENSMUSG00000068860	ENSSSCG00000006639	ortholog_one2one	1
ENSMUSG00000033569	ENSSSCG00000004270	ortholog_one2one	1
ENSMUSG00000019866	ENSSSCG00000004371	ortholog_one2one	1
ENSMUSG00000049800	ENSSSCG00000037002	ortholog_one2one	1
ENSMUSG00000007038	ENSSSCG00000001418	ortholog_one2one	1
ENSMUSG00000042826	ENSSSCG00000051794	ortholog_one2one	1
ENSMUSG00000074766	ENSSSCG00000007073	ortholog_one2one	1
ENSMUSG00000050663	ENSSSCG00000000515	ortholog_one2one	1
ENSMUSG00000035295	ENSSSCG00000005594	ortholog_one2one	1
ENSMUSG00000052459	ENSSSCG00000011916	ortholog_one2one	1
ENSMUSG00000015714	ENSSSCG00000006644	ortholog_one2one	1
ENSMUSG00000020806	ENSSSCG00000023362	ortholog_one2one	1
ENSMUSG00000079355	ENSSSCG00000011630	ortholog_one2one	1
ENSMUSG00000002763	ENSSSCG00000001653	ortholog_one2one	1
ENSMUSG00000046854	ENSSSCG00000005629	ortholog_one2one	1
ENSMUSG00000054792	ENSSSCG00000024513	ortholog_one2one	1
ENSMUSG00000033287	ENSSSCG00000000135	ortholog_one2one	1
ENSMUSG00000024867	ENSSSCG00000027161	ortholog_one2one	1
ENSMUSG00000045071	ENSSSCG00000005469	ortholog_one2one	1
ENSMUSG00000028738	ENSSSCG00000039973	ortholog_one2one	1
ENSMUSG00000028967	ENSSSCG00000035774	ortholog_one2one	1
ENSMUSG00000043733	ENSSSCG00000030289	ortholog_one2one	1
ENSMUSG00000040270	ENSSSCG00000004332	ortholog_one2one	1
ENSMUSG00000032077	ENSSSCG00000015065	ortholog_one2one	1
ENSMUSG00000026436	ENSSSCG00000025182	ortholog_one2one	1
ENSMUSG00000039523	ENSSSCG00000003362	ortholog_one2one	1
ENSMUSG00000026235	ENSSSCG00000016230	ortholog_one2one	1
ENSMUSG00000022269	ENSSSCG00000031525	ortholog_one2one	1
ENSMUSG00000046380	ENSSSCG00000037975	ortholog_one2one	1
ENSMUSG00000019146	ENSSSCG00000033551	ortholog_one2one	1
ENSMUSG00000039849	ENSSSCG00000007433	ortholog_one2one	1
ENSMUSG00000001508	ENSSSCG00000017583	ortholog_one2one	1
ENSMUSG00000022148	ENSSSCG00000016855	ortholog_one2one	1
ENSMUSG00000015747	ENSSSCG00000006661	ortholog_one2one	1
ENSMUSG00000030286	ENSSSCG00000011562	ortholog_one2one	1
ENSMUSG00000024889	ENSSSCG00000012927	ortholog_one2one	1
ENSMUSG00000051390	ENSSSCG00000054523	ortholog_one2one	1
ENSMUSG00000079471	ENSSSCG00000053910	ortholog_one2one	1
ENSMUSG00000020102	ENSSSCG00000000456	ortholog_one2one	1
ENSMUSG00000032719	ENSSSCG00000006183	ortholog_one2one	1
ENSMUSG00000022324	ENSSSCG00000006082	ortholog_one2one	1
ENSMUSG00000026544	ENSSSCG00000033585	ortholog_one2one	1
ENSMUSG00000037942	ENSSSCG00000006403	ortholog_one2one	1
ENSMUSG00000036466	ENSSSCG00000004939	ortholog_one2one	1
ENSMUSG00000020849	ENSSSCG00000062888	ortholog_one2one	1
ENSMUSG00000026123	ENSSSCG00000028679	ortholog_one2one	1
ENSMUSG00000024426	ENSSSCG00000024604	ortholog_one2one	1
ENSMUSG00000027858	ENSSSCG00000006748	ortholog_one2one	1
ENSMUSG00000034601	ENSSSCG00000005076	ortholog_one2one	1
ENSMUSG00000040258	ENSSSCG00000039966	ortholog_one2one	1
ENSMUSG00000024505	ENSSSCG00000014225	ortholog_one2one	1
ENSMUSG00000028148	ENSSSCG00000006614	ortholog_one2one	1
ENSMUSG00000036875	ENSSSCG00000010240	ortholog_one2one	1
ENSMUSG00000024773	ENSSSCG00000023890	ortholog_one2one	1
ENSMUSG00000022949	ENSSSCG00000028112	ortholog_one2one	1
ENSMUSG00000031503	ENSSSCG00000009545	ortholog_one2one	1
ENSMUSG00000041205	ENSSSCG00000032328	ortholog_one2one	1
ENSMUSG00000030314	ENSSSCG00000011575	ortholog_one2one	1
ENSMUSG00000057880	ENSSSCG00000007909	ortholog_one2one	1
ENSMUSG00000015619	ENSSSCG00000011125	ortholog_one2one	1
ENSMUSG00000025525	ENSSSCG00000012459	ortholog_one2one	1
ENSMUSG00000038170	ENSSSCG00000024481	ortholog_one2one	1
ENSMUSG00000038323	ENSSSCG00000016086	ortholog_one2one	1
ENSMUSG00000010311	ENSSSCG00000015272	ortholog_one2one	1
ENSMUSG00000062175	ENSSSCG00000036002	ortholog_one2one	1
ENSMUSG00000026171	ENSSSCG00000016202	ortholog_one2one	1
ENSMUSG00000031343	ENSSSCG00000025708	ortholog_one2one	1
ENSMUSG00000059455	ENSSSCG00000014408	ortholog_one2one	1
ENSMUSG00000074872	ENSSSCG00000040204	ortholog_one2one	1
ENSMUSG00000054321	ENSSSCG00000003718	ortholog_one2one	1
ENSMUSG00000021224	ENSSSCG00000022178	ortholog_one2one	1
ENSMUSG00000027420	ENSSSCG00000007084	ortholog_one2one	1
ENSMUSG00000042570	ENSSSCG00000014003	ortholog_one2one	1
ENSMUSG00000045629	ENSSSCG00000023279	ortholog_one2one	1
ENSMUSG00000047264	ENSSSCG00000025078	ortholog_one2one	1
ENSMUSG00000079033	ENSSSCG00000030351	ortholog_one2one	1
ENSMUSG00000039483	ENSSSCG00000005679	ortholog_one2one	1
ENSMUSG00000072969	ENSSSCG00000012518	ortholog_one2one	1
ENSMUSG00000050471	ENSSSCG00000025806	ortholog_one2one	1
ENSMUSG00000025130	ENSSSCG00000039148	ortholog_one2one	1
ENSMUSG00000016308	ENSSSCG00000012621	ortholog_one2one	1
ENSMUSG00000024619	ENSSSCG00000060480	ortholog_one2one	1
ENSMUSG00000046650	ENSSSCG00000031303	ortholog_one2one	1
ENSMUSG00000031197	ENSSSCG00000012811	ortholog_one2one	1
ENSMUSG00000026687	ENSSSCG00000006324	ortholog_one2one	1
ENSMUSG00000024535	ENSSSCG00000039373	ortholog_one2one	1
ENSMUSG00000024857	ENSSSCG00000020764	ortholog_one2one	1
ENSMUSG00000024966	ENSSSCG00000021620	ortholog_one2one	1
ENSMUSG00000034738	ENSSSCG00000015923	ortholog_one2one	1
ENSMUSG00000039680	ENSSSCG00000026981	ortholog_one2one	1
ENSMUSG00000020910	ENSSSCG00000018009	ortholog_one2one	1
ENSMUSG00000073008	ENSSSCG00000021734	ortholog_one2one	1
ENSMUSG00000001228	ENSSSCG00000013517	ortholog_one2one	1
ENSMUSG00000037815	ENSSSCG00000014339	ortholog_one2one	1
ENSMUSG00000052676	ENSSSCG00000012512	ortholog_one2one	1
ENSMUSG00000046491	ENSSSCG00000035993	ortholog_one2one	1
ENSMUSG00000001665	ENSSSCG00000058540	ortholog_one2one	1
ENSMUSG00000027427	ENSSSCG00000007095	ortholog_one2one	1
ENSMUSG00000039640	ENSSSCG00000033148	ortholog_one2one	1
ENSMUSG00000058301	ENSSSCG00000039301	ortholog_one2one	1
ENSMUSG00000026459	ENSSSCG00000034654	ortholog_one2one	1
ENSMUSG00000047227	ENSSSCG00000030679	ortholog_one2one	1
ENSMUSG00000042903	ENSSSCG00000012399	ortholog_one2one	1
ENSMUSG00000049047	ENSSSCG00000040281	ortholog_one2one	1
ENSMUSG00000025371	ENSSSCG00000017140	ortholog_one2one	1
ENSMUSG00000094910	ENSSSCG00000033807	ortholog_one2one	1
ENSMUSG00000036188	ENSSSCG00000015360	ortholog_one2one	1
ENSMUSG00000025207	ENSSSCG00000029533	ortholog_one2one	1
ENSMUSG00000079317	ENSSSCG00000012124	ortholog_one2one	1
ENSMUSG00000029578	ENSSSCG00000007580	ortholog_one2one	1
ENSMUSG00000028710	ENSSSCG00000038657	ortholog_one2one	1
ENSMUSG00000031312	ENSSSCG00000022209	ortholog_one2one	1
ENSMUSG00000027715	ENSSSCG00000060144	ortholog_one2one	1
ENSMUSG00000032059	ENSSSCG00000015023	ortholog_one2one	1
ENSMUSG00000024694	ENSSSCG00000040088	ortholog_one2one	1
ENSMUSG00000037005	ENSSSCG00000012651	ortholog_one2one	1
ENSMUSG00000006732	ENSSSCG00000061324	ortholog_one2one	1
ENSMUSG00000024529	ENSSSCG00000014232	ortholog_one2one	1
ENSMUSG00000005625	ENSSSCG00000006628	ortholog_one2one	1
ENSMUSG00000022748	ENSSSCG00000011970	ortholog_one2one	1
ENSMUSG00000024958	ENSSSCG00000013032	ortholog_one2one	1
ENSMUSG00000034739	ENSSSCG00000015119	ortholog_one2one	1
ENSMUSG00000097929	ENSSSCG00000054868	ortholog_one2one	1
ENSMUSG00000060843	ENSSSCG00000036480	ortholog_one2one	1
ENSMUSG00000042808	ENSSSCG00000002279	ortholog_one2one	1
ENSMUSG00000059540	ENSSSCG00000036804	ortholog_one2one	1
ENSMUSG00000024580	ENSSSCG00000014432	ortholog_one2one	1
ENSMUSG00000028573	ENSSSCG00000003828	ortholog_one2one	1
ENSMUSG00000020962	ENSSSCG00000002411	ortholog_one2one	1
ENSMUSG00000024454	ENSSSCG00000014388	ortholog_one2one	1
ENSMUSG00000078429	ENSSSCG00000031707	ortholog_one2one	1
ENSMUSG00000022330	ENSSSCG00000006073	ortholog_one2one	1
ENSMUSG00000055239	ENSSSCG00000008242	ortholog_one2one	1
ENSMUSG00000037617	ENSSSCG00000027587	ortholog_one2one	1
ENSMUSG00000090258	ENSSSCG00000022147	ortholog_one2one	1
ENSMUSG00000052160	ENSSSCG00000002554	ortholog_one2one	1
ENSMUSG00000042688	ENSSSCG00000004624	ortholog_one2one	1
ENSMUSG00000036955	ENSSSCG00000010248	ortholog_one2one	1
ENSMUSG00000041654	ENSSSCG00000037754	ortholog_one2one	1
ENSMUSG00000030145	ENSSSCG00000037204	ortholog_one2one	1
ENSMUSG00000038250	ENSSSCG00000009049	ortholog_one2one	1
ENSMUSG00000026664	ENSSSCG00000039244	ortholog_one2one	1
ENSMUSG00000034218	ENSSSCG00000025606	ortholog_one2one	1
ENSMUSG00000036966	ENSSSCG00000000262	ortholog_one2one	1
ENSMUSG00000021262	ENSSSCG00000037105	ortholog_one2one	1
ENSMUSG00000064080	ENSSSCG00000011609	ortholog_one2one	1
ENSMUSG00000041644	ENSSSCG00000013338	ortholog_one2one	1
ENSMUSG00000022404	ENSSSCG00000000072	ortholog_one2one	1
ENSMUSG00000048960	ENSSSCG00000006199	ortholog_one2one	1
ENSMUSG00000001909	ENSSSCG00000013744	ortholog_one2one	1
ENSMUSG00000036972	ENSSSCG00000011693	ortholog_one2one	1
ENSMUSG00000004843	ENSSSCG00000011997	ortholog_one2one	1
ENSMUSG00000037991	ENSSSCG00000022149	ortholog_one2one	1
ENSMUSG00000022838	ENSSSCG00000011880	ortholog_one2one	1
ENSMUSG00000002274	ENSSSCG00000058140	ortholog_one2one	1
ENSMUSG00000005800	ENSSSCG00000029675	ortholog_one2one	1
ENSMUSG00000048118	ENSSSCG00000005073	ortholog_one2one	1
ENSMUSG00000033128	ENSSSCG00000024895	ortholog_one2one	1
ENSMUSG00000023967	ENSSSCG00000001692	ortholog_one2one	1
ENSMUSG00000056569	ENSSSCG00000006352	ortholog_one2one	1
ENSMUSG00000032135	ENSSSCG00000015116	ortholog_one2one	1
ENSMUSG00000025404	ENSSSCG00000026498	ortholog_one2one	1
ENSMUSG00000052917	ENSSSCG00000021791	ortholog_one2one	1
ENSMUSG00000025739	ENSSSCG00000008011	ortholog_one2one	1
ENSMUSG00000026826	ENSSSCG00000015871	ortholog_one2one	1
ENSMUSG00000002307	ENSSSCG00000001509	ortholog_one2one	1
ENSMUSG00000026196	ENSSSCG00000016170	ortholog_one2one	1
ENSMUSG00000034387	ENSSSCG00000023082	ortholog_one2one	1
ENSMUSG00000068523	ENSSSCG00000053185	ortholog_one2one	1
ENSMUSG00000047414	ENSSSCG00000040166	ortholog_one2one	1
ENSMUSG00000040269	ENSSSCG00000052833	ortholog_one2one	1
ENSMUSG00000072946	ENSSSCG00000002351	ortholog_one2one	1
ENSMUSG00000032553	ENSSSCG00000011639	ortholog_one2one	1
ENSMUSG00000086040	ENSSSCG00000016685	ortholog_one2one	1
ENSMUSG00000027671	ENSSSCG00000011762	ortholog_one2one	1
ENSMUSG00000057278	ENSSSCG00000024776	ortholog_one2one	1
ENSMUSG00000026678	ENSSSCG00000037821	ortholog_one2one	1
ENSMUSG00000033460	ENSSSCG00000038569	ortholog_one2one	1
ENSMUSG00000023345	ENSSSCG00000011426	ortholog_one2one	1
ENSMUSG00000038370	ENSSSCG00000031579	ortholog_one2one	1
ENSMUSG00000022370	ENSSSCG00000005996	ortholog_one2one	1
ENSMUSG00000038784	ENSSSCG00000021354	ortholog_one2one	1
ENSMUSG00000026037	ENSSSCG00000016098	ortholog_one2one	1
ENSMUSG00000090115	ENSSSCG00000001629	ortholog_one2one	1
ENSMUSG00000027505	ENSSSCG00000007498	ortholog_one2one	1
ENSMUSG00000024037	ENSSSCG00000023078	ortholog_one2one	1
ENSMUSG00000022479	ENSSSCG00000020864	ortholog_one2one	1
ENSMUSG00000002031	ENSSSCG00000029649	ortholog_one2one	1
ENSMUSG00000029304	ENSSSCG00000009216	ortholog_one2one	1
ENSMUSG00000022763	ENSSSCG00000010096	ortholog_one2one	1
ENSMUSG00000046329	ENSSSCG00000013550	ortholog_one2one	1
ENSMUSG00000056880	ENSSSCG00000038607	ortholog_one2one	1
ENSMUSG00000039671	ENSSSCG00000007454	ortholog_one2one	1
ENSMUSG00000057637	ENSSSCG00000020710	ortholog_one2one	1
ENSMUSG00000029201	ENSSSCG00000030150	ortholog_one2one	1
ENSMUSG00000022614	ENSSSCG00000000964	ortholog_one2one	1
ENSMUSG00000058579	ENSSSCG00000003459	ortholog_one2one	1
ENSMUSG00000078552	ENSSSCG00000022014	ortholog_one2one	1
ENSMUSG00000025645	ENSSSCG00000011350	ortholog_one2one	1
ENSMUSG00000073422	ENSSSCG00000001476	ortholog_one2one	1
ENSMUSG00000028541	ENSSSCG00000026793	ortholog_one2one	1
ENSMUSG00000056498	ENSSSCG00000009012	ortholog_one2one	1
ENSMUSG00000021707	ENSSSCG00000031117	ortholog_one2one	1
ENSMUSG00000031129	ENSSSCG00000011686	ortholog_one2one	1
ENSMUSG00000038582	ENSSSCG00000009825	ortholog_one2one	1
ENSMUSG00000002227	ENSSSCG00000006776	ortholog_one2one	1
ENSMUSG00000021635	ENSSSCG00000016960	ortholog_one2one	1
ENSMUSG00000076439	ENSSSCG00000001248	ortholog_one2one	1
ENSMUSG00000053411	ENSSSCG00000060236	ortholog_one2one	1
ENSMUSG00000037503	ENSSSCG00000033126	ortholog_one2one	1
ENSMUSG00000004633	ENSSSCG00000016687	ortholog_one2one	1
ENSMUSG00000033278	ENSSSCG00000028805	ortholog_one2one	1
ENSMUSG00000048424	ENSSSCG00000016838	ortholog_one2one	1
ENSMUSG00000032352	ENSSSCG00000001486	ortholog_one2one	1
ENSMUSG00000033065	ENSSSCG00000021129	ortholog_one2one	1
ENSMUSG00000035342	ENSSSCG00000021798	ortholog_one2one	1
ENSMUSG00000046280	ENSSSCG00000006547	ortholog_one2one	1
ENSMUSG00000038023	ENSSSCG00000009766	ortholog_one2one	1
ENSMUSG00000029832	ENSSSCG00000026894	ortholog_one2one	1
ENSMUSG00000009614	ENSSSCG00000005740	ortholog_one2one	1
ENSMUSG00000033400	ENSSSCG00000006872	ortholog_one2one	1
ENSMUSG00000029911	ENSSSCG00000016488	ortholog_one2one	1
ENSMUSG00000025159	ENSSSCG00000010520	ortholog_one2one	1
ENSMUSG00000021428	ENSSSCG00000001024	ortholog_one2one	1
ENSMUSG00000021189	ENSSSCG00000002446	ortholog_one2one	1
ENSMUSG00000041133	ENSSSCG00000012325	ortholog_one2one	1
ENSMUSG00000032036	ENSSSCG00000015234	ortholog_one2one	1
ENSMUSG00000000743	ENSSSCG00000023677	ortholog_one2one	1
ENSMUSG00000031891	ENSSSCG00000002777	ortholog_one2one	1
ENSMUSG00000031536	ENSSSCG00000007031	ortholog_one2one	1
ENSMUSG00000007034	ENSSSCG00000001419	ortholog_one2one	1
ENSMUSG00000027102	ENSSSCG00000040349	ortholog_one2one	1
ENSMUSG00000000399	ENSSSCG00000000719	ortholog_one2one	1
ENSMUSG00000028017	ENSSSCG00000009134	ortholog_one2one	1
ENSMUSG00000021302	ENSSSCG00000031680	ortholog_one2one	1
ENSMUSG00000022571	ENSSSCG00000032763	ortholog_one2one	1
ENSMUSG00000042345	ENSSSCG00000029511	ortholog_one2one	1
ENSMUSG00000036139	ENSSSCG00000034474	ortholog_one2one	1
ENSMUSG00000058407	ENSSSCG00000008181	ortholog_one2one	1
ENSMUSG00000037119	ENSSSCG00000024424	ortholog_one2one	1
ENSMUSG00000021484	ENSSSCG00000014040	ortholog_one2one	1
ENSMUSG00000002718	ENSSSCG00000025534	ortholog_one2one	1
ENSMUSG00000011486	ENSSSCG00000032785	ortholog_one2one	1
ENSMUSG00000025576	ENSSSCG00000039498	ortholog_one2one	1
ENSMUSG00000060950	ENSSSCG00000034738	ortholog_one2one	1
ENSMUSG00000031107	ENSSSCG00000032739	ortholog_one2one	1
ENSMUSG00000030046	ENSSSCG00000032071	ortholog_one2one	1
ENSMUSG00000029671	ENSSSCG00000016617	ortholog_one2one	1
ENSMUSG00000021476	ENSSSCG00000035956	ortholog_one2one	1
ENSMUSG00000028010	ENSSSCG00000009137	ortholog_one2one	1
ENSMUSG00000026380	ENSSSCG00000054656	ortholog_one2one	1
ENSMUSG00000021176	ENSSSCG00000002430	ortholog_one2one	1
ENSMUSG00000036790	ENSSSCG00000012724	ortholog_one2one	1
ENSMUSG00000024225	ENSSSCG00000001552	ortholog_one2one	1
ENSMUSG00000041718	ENSSSCG00000012586	ortholog_one2one	1
ENSMUSG00000024079	ENSSSCG00000008496	ortholog_one2one	1
ENSMUSG00000030067	ENSSSCG00000027675	ortholog_one2one	1
ENSMUSG00000064326	ENSSSCG00000031132	ortholog_one2one	1
ENSMUSG00000043300	ENSSSCG00000021774	ortholog_one2one	1
ENSMUSG00000031731	ENSSSCG00000002740	ortholog_one2one	1
ENSMUSG00000024168	ENSSSCG00000008021	ortholog_one2one	1
ENSMUSG00000027712	ENSSSCG00000009097	ortholog_one2one	1
ENSMUSG00000035878	ENSSSCG00000001755	ortholog_one2one	1
ENSMUSG00000022555	ENSSSCG00000005918	ortholog_one2one	1
ENSMUSG00000021758	ENSSSCG00000016913	ortholog_one2one	1
ENSMUSG00000027650	ENSSSCG00000007340	ortholog_one2one	1
ENSMUSG00000062078	ENSSSCG00000004029	ortholog_one2one	1
ENSMUSG00000035431	ENSSSCG00000001938	ortholog_one2one	1
ENSMUSG00000021243	ENSSSCG00000039202	ortholog_one2one	1
ENSMUSG00000034908	ENSSSCG00000015074	ortholog_one2one	1
ENSMUSG00000000881	ENSSSCG00000012375	ortholog_one2one	1
ENSMUSG00000038291	ENSSSCG00000015789	ortholog_one2one	1
ENSMUSG00000057649	ENSSSCG00000035118	ortholog_one2one	1
ENSMUSG00000038859	ENSSSCG00000007602	ortholog_one2one	1
ENSMUSG00000062352	ENSSSCG00000029313	ortholog_one2one	1
ENSMUSG00000019295	ENSSSCG00000008678	ortholog_one2one	1
ENSMUSG00000026657	ENSSSCG00000011056	ortholog_one2one	1
ENSMUSG00000049100	ENSSSCG00000036125	ortholog_one2one	1
ENSMUSG00000004642	ENSSSCG00000055957	ortholog_one2one	1
ENSMUSG00000073460	ENSSSCG00000004046	ortholog_one2one	1
ENSMUSG00000022707	ENSSSCG00000012000	ortholog_one2one	1
ENSMUSG00000028172	ENSSSCG00000009160	ortholog_one2one	1
ENSMUSG00000048385	ENSSSCG00000025879	ortholog_one2one	1
ENSMUSG00000016541	ENSSSCG00000024864	ortholog_one2one	1
ENSMUSG00000041959	ENSSSCG00000006612	ortholog_one2one	1
ENSMUSG00000021068	ENSSSCG00000005022	ortholog_one2one	1
ENSMUSG00000028047	ENSSSCG00000006524	ortholog_one2one	1
ENSMUSG00000022833	ENSSSCG00000025349	ortholog_one2one	1
ENSMUSG00000004317	ENSSSCG00000023026	ortholog_one2one	1
ENSMUSG00000070690	ENSSSCG00000023426	ortholog_one2one	1
ENSMUSG00000029178	ENSSSCG00000036488	ortholog_one2one	1
ENSMUSG00000022462	ENSSSCG00000000808	ortholog_one2one	1
ENSMUSG00000021650	ENSSSCG00000016975	ortholog_one2one	1
ENSMUSG00000034998	ENSSSCG00000029593	ortholog_one2one	1
ENSMUSG00000002844	ENSSSCG00000011896	ortholog_one2one	1
ENSMUSG00000026313	ENSSSCG00000024777	ortholog_one2one	1
ENSMUSG00000033763	ENSSSCG00000040037	ortholog_one2one	1
ENSMUSG00000025602	ENSSSCG00000015145	ortholog_one2one	1
ENSMUSG00000015702	ENSSSCG00000006643	ortholog_one2one	1
ENSMUSG00000022858	ENSSSCG00000030225	ortholog_one2one	1
ENSMUSG00000048230	ENSSSCG00000053859	ortholog_one2one	1
ENSMUSG00000022471	ENSSSCG00000000059	ortholog_one2one	1
ENSMUSG00000032567	ENSSSCG00000011182	ortholog_one2one	1
ENSMUSG00000063646	ENSSSCG00000008710	ortholog_one2one	1
ENSMUSG00000048007	ENSSSCG00000012494	ortholog_one2one	1
ENSMUSG00000049538	ENSSSCG00000017109	ortholog_one2one	1
ENSMUSG00000031703	ENSSSCG00000033527	ortholog_one2one	1
ENSMUSG00000026840	ENSSSCG00000005710	ortholog_one2one	1
ENSMUSG00000026639	ENSSSCG00000015618	ortholog_one2one	1
ENSMUSG00000044348	ENSSSCG00000012540	ortholog_one2one	1
ENSMUSG00000044934	ENSSSCG00000028981	ortholog_one2one	1
ENSMUSG00000036083	ENSSSCG00000037547	ortholog_one2one	1
ENSMUSG00000033020	ENSSSCG00000000116	ortholog_one2one	1
ENSMUSG00000035109	ENSSSCG00000056133	ortholog_one2one	1
ENSMUSG00000032316	ENSSSCG00000001904	ortholog_one2one	1
ENSMUSG00000044055	ENSSSCG00000047413	ortholog_one2one	1
ENSMUSG00000041632	ENSSSCG00000023818	ortholog_one2one	1
ENSMUSG00000002496	ENSSSCG00000008040	ortholog_one2one	1
ENSMUSG00000023047	ENSSSCG00000000271	ortholog_one2one	1
ENSMUSG00000035877	ENSSSCG00000032566	ortholog_one2one	1
ENSMUSG00000026484	ENSSSCG00000015568	ortholog_one2one	1
ENSMUSG00000042817	ENSSSCG00000009314	ortholog_one2one	1
ENSMUSG00000022558	ENSSSCG00000005924	ortholog_one2one	1
ENSMUSG00000031913	ENSSSCG00000025151	ortholog_one2one	1
ENSMUSG00000022723	ENSSSCG00000022895	ortholog_one2one	1
ENSMUSG00000031144	ENSSSCG00000012292	ortholog_one2one	1
ENSMUSG00000024910	ENSSSCG00000012970	ortholog_one2one	1
ENSMUSG00000025219	ENSSSCG00000036146	ortholog_one2one	1
ENSMUSG00000042102	ENSSSCG00000014110	ortholog_one2one	1
ENSMUSG00000029014	ENSSSCG00000015423	ortholog_one2one	1
ENSMUSG00000035699	ENSSSCG00000011846	ortholog_one2one	1
ENSMUSG00000027639	ENSSSCG00000027806	ortholog_one2one	1
ENSMUSG00000033313	ENSSSCG00000002793	ortholog_one2one	1
ENSMUSG00000022516	ENSSSCG00000035999	ortholog_one2one	1
ENSMUSG00000016756	ENSSSCG00000001099	ortholog_one2one	1
ENSMUSG00000034158	ENSSSCG00000034616	ortholog_one2one	1
ENSMUSG00000026620	ENSSSCG00000010825	ortholog_one2one	1
ENSMUSG00000031377	ENSSSCG00000012137	ortholog_one2one	1
ENSMUSG00000000884	ENSSSCG00000010130	ortholog_one2one	1
ENSMUSG00000031103	ENSSSCG00000012656	ortholog_one2one	1
ENSMUSG00000056531	ENSSSCG00000006897	ortholog_one2one	1
ENSMUSG00000006273	ENSSSCG00000028694	ortholog_one2one	1
ENSMUSG00000011752	ENSSSCG00000010517	ortholog_one2one	1
ENSMUSG00000031353	ENSSSCG00000012149	ortholog_one2one	1
ENSMUSG00000037916	ENSSSCG00000012896	ortholog_one2one	1
ENSMUSG00000042520	ENSSSCG00000006553	ortholog_one2one	1
ENSMUSG00000042628	ENSSSCG00000002337	ortholog_one2one	1
ENSMUSG00000042992	ENSSSCG00000032804	ortholog_one2one	1
ENSMUSG00000026112	ENSSSCG00000058408	ortholog_one2one	1
ENSMUSG00000016253	ENSSSCG00000007521	ortholog_one2one	1
ENSMUSG00000075229	ENSSSCG00000025107	ortholog_one2one	1
ENSMUSG00000038552	ENSSSCG00000029305	ortholog_one2one	1
ENSMUSG00000026596	ENSSSCG00000024674	ortholog_one2one	1
ENSMUSG00000020115	ENSSSCG00000031103	ortholog_one2one	1
ENSMUSG00000030166	ENSSSCG00000000754	ortholog_one2one	1
ENSMUSG00000033157	ENSSSCG00000034450	ortholog_one2one	1
ENSMUSG00000057069	ENSSSCG00000010148	ortholog_one2one	1
ENSMUSG00000028703	ENSSSCG00000003904	ortholog_one2one	1
ENSMUSG00000048967	ENSSSCG00000013935	ortholog_one2one	1
ENSMUSG00000053483	ENSSSCG00000006362	ortholog_one2one	1
ENSMUSG00000047221	ENSSSCG00000015414	ortholog_one2one	1
ENSMUSG00000021253	ENSSSCG00000002385	ortholog_one2one	1
ENSMUSG00000022822	ENSSSCG00000011782	ortholog_one2one	1
ENSMUSG00000031465	ENSSSCG00000015753	ortholog_one2one	1
ENSMUSG00000000402	ENSSSCG00000012121	ortholog_one2one	1
ENSMUSG00000024844	ENSSSCG00000012961	ortholog_one2one	1
ENSMUSG00000035539	ENSSSCG00000045508	ortholog_one2one	1
ENSMUSG00000062054	ENSSSCG00000008640	ortholog_one2one	1
ENSMUSG00000031753	ENSSSCG00000027973	ortholog_one2one	1
ENSMUSG00000025085	ENSSSCG00000010651	ortholog_one2one	1
ENSMUSG00000025651	ENSSSCG00000011356	ortholog_one2one	1
ENSMUSG00000042655	ENSSSCG00000024514	ortholog_one2one	1
ENSMUSG00000021509	ENSSSCG00000014311	ortholog_one2one	1
ENSMUSG00000029416	ENSSSCG00000025820	ortholog_one2one	1
ENSMUSG00000021364	ENSSSCG00000001045	ortholog_one2one	1
ENSMUSG00000021118	ENSSSCG00000002290	ortholog_one2one	1
ENSMUSG00000028394	ENSSSCG00000005478	ortholog_one2one	1
ENSMUSG00000006342	ENSSSCG00000025393	ortholog_one2one	1
ENSMUSG00000020658	ENSSSCG00000022933	ortholog_one2one	1
ENSMUSG00000042348	ENSSSCG00000016894	ortholog_one2one	1
ENSMUSG00000035236	ENSSSCG00000005598	ortholog_one2one	1
ENSMUSG00000028463	ENSSSCG00000059309	ortholog_one2one	1
ENSMUSG00000022533	ENSSSCG00000011825	ortholog_one2one	1
ENSMUSG00000019850	ENSSSCG00000004154	ortholog_one2one	1
ENSMUSG00000020536	ENSSSCG00000040859	ortholog_one2one	1
ENSMUSG00000003411	ENSSSCG00000021036	ortholog_one2one	1
ENSMUSG00000030042	ENSSSCG00000038307	ortholog_one2one	1
ENSMUSG00000020657	ENSSSCG00000008577	ortholog_one2one	1
ENSMUSG00000037936	ENSSSCG00000009759	ortholog_one2one	1
ENSMUSG00000089862	ENSSSCG00000036169	ortholog_one2one	1
ENSMUSG00002076083	ENSSSCG00000030505	ortholog_one2one	1
ENSMUSG00000020234	ENSSSCG00000056892	ortholog_one2one	1
ENSMUSG00000025422	ENSSSCG00000038732	ortholog_one2one	1
ENSMUSG00000029817	ENSSSCG00000015387	ortholog_one2one	1
ENSMUSG00000050963	ENSSSCG00000031917	ortholog_one2one	1
ENSMUSG00000022562	ENSSSCG00000005911	ortholog_one2one	1
ENSMUSG00000053684	ENSSSCG00000039258	ortholog_one2one	1
ENSMUSG00000045794	ENSSSCG00000033548	ortholog_one2one	1
ENSMUSG00000020137	ENSSSCG00000021270	ortholog_one2one	1
ENSMUSG00000002799	ENSSSCG00000002555	ortholog_one2one	1
ENSMUSG00000033177	ENSSSCG00000025721	ortholog_one2one	1
ENSMUSG00000014592	ENSSSCG00000036772	ortholog_one2one	1
ENSMUSG00000025956	ENSSSCG00000036466	ortholog_one2one	1
ENSMUSG00000000711	ENSSSCG00000062039	ortholog_one2one	1
ENSMUSG00000000441	ENSSSCG00000024453	ortholog_one2one	1
ENSMUSG00000027217	ENSSSCG00000013278	ortholog_one2one	1
ENSMUSG00000041380	ENSSSCG00000012593	ortholog_one2one	1
ENSMUSG00000026327	ENSSSCG00000022337	ortholog_one2one	1
ENSMUSG00000022544	ENSSSCG00000007920	ortholog_one2one	1
ENSMUSG00000041567	ENSSSCG00000002478	ortholog_one2one	1
ENSMUSG00000032392	ENSSSCG00000004929	ortholog_one2one	1
ENSMUSG00000025357	ENSSSCG00000000370	ortholog_one2one	1
ENSMUSG00000071662	ENSSSCG00000025571	ortholog_one2one	1
ENSMUSG00000006010	ENSSSCG00000015577	ortholog_one2one	1
ENSMUSG00000033906	ENSSSCG00000012426	ortholog_one2one	1
ENSMUSG00000039345	ENSSSCG00000007914	ortholog_one2one	1
ENSMUSG00000041729	ENSSSCG00000004962	ortholog_one2one	1
ENSMUSG00000025213	ENSSSCG00000022429	ortholog_one2one	1
ENSMUSG00000026988	ENSSSCG00000035702	ortholog_one2one	1
ENSMUSG00000031095	ENSSSCG00000029478	ortholog_one2one	1
ENSMUSG00000021113	ENSSSCG00000005097	ortholog_one2one	1
ENSMUSG00000033545	ENSSSCG00000031462	ortholog_one2one	1
ENSMUSG00000020878	ENSSSCG00000017520	ortholog_one2one	1
ENSMUSG00000032231	ENSSSCG00000004578	ortholog_one2one	1
ENSMUSG00000004815	ENSSSCG00000027286	ortholog_one2one	1
ENSMUSG00000025016	ENSSSCG00000010508	ortholog_one2one	1
ENSMUSG00000022715	ENSSSCG00000007915	ortholog_one2one	1
ENSMUSG00000045983	ENSSSCG00000030255	ortholog_one2one	1
ENSMUSG00000035133	ENSSSCG00000001966	ortholog_one2one	1
ENSMUSG00000027274	ENSSSCG00000007064	ortholog_one2one	1
ENSMUSG00000042109	ENSSSCG00000000062	ortholog_one2one	1
ENSMUSG00000034645	ENSSSCG00000031324	ortholog_one2one	1
ENSMUSG00000031979	ENSSSCG00000010183	ortholog_one2one	1
ENSMUSG00000020642	ENSSSCG00000008646	ortholog_one2one	1
ENSMUSG00000009575	ENSSSCG00000039191	ortholog_one2one	1
ENSMUSG00000020523	ENSSSCG00000017073	ortholog_one2one	1
ENSMUSG00000078517	ENSSSCG00000003489	ortholog_one2one	1
ENSMUSG00000036169	ENSSSCG00000021126	ortholog_one2one	1
ENSMUSG00000044715	ENSSSCG00000032134	ortholog_one2one	1
ENSMUSG00000042262	ENSSSCG00000052616	ortholog_one2one	1
ENSMUSG00000061527	ENSSSCG00000062487	ortholog_one2one	1
ENSMUSG00000021254	ENSSSCG00000002387	ortholog_one2one	1
ENSMUSG00000022354	ENSSSCG00000005976	ortholog_one2one	1
ENSMUSG00000001150	ENSSSCG00000026344	ortholog_one2one	1
ENSMUSG00000024875	ENSSSCG00000012953	ortholog_one2one	1
ENSMUSG00000031292	ENSSSCG00000012156	ortholog_one2one	1
ENSMUSG00000064330	ENSSSCG00000059955	ortholog_one2one	1
ENSMUSG00000050846	ENSSSCG00000039679	ortholog_one2one	1
ENSMUSG00000058794	ENSSSCG00000000289	ortholog_one2one	1
ENSMUSG00000000627	ENSSSCG00000008262	ortholog_one2one	1
ENSMUSG00000046295	ENSSSCG00000037099	ortholog_one2one	1
ENSMUSG00000070880	ENSSSCG00000022233	ortholog_one2one	1
ENSMUSG00000032946	ENSSSCG00000013023	ortholog_one2one	1
ENSMUSG00000004031	ENSSSCG00000015515	ortholog_one2one	1
ENSMUSG00000023017	ENSSSCG00000000216	ortholog_one2one	1
ENSMUSG00000031253	ENSSSCG00000012482	ortholog_one2one	1
ENSMUSG00000009741	ENSSSCG00000011235	ortholog_one2one	1
ENSMUSG00000053693	ENSSSCG00000013732	ortholog_one2one	1
ENSMUSG00000062198	ENSSSCG00000062223	ortholog_one2one	1
ENSMUSG00000022306	ENSSSCG00000006038	ortholog_one2one	1
ENSMUSG00000050089	ENSSSCG00000012306	ortholog_one2one	1
ENSMUSG00000005681	ENSSSCG00000006355	ortholog_one2one	1
ENSMUSG00000043061	ENSSSCG00000036880	ortholog_one2one	1
ENSMUSG00000025658	ENSSSCG00000012164	ortholog_one2one	1
ENSMUSG00000020218	ENSSSCG00000030998	ortholog_one2one	1
ENSMUSG00000031750	ENSSSCG00000040629	ortholog_one2one	1
ENSMUSG00000101892	ENSSSCG00000021744	ortholog_one2one	1
ENSMUSG00000053470	ENSSSCG00000008221	ortholog_one2one	1
ENSMUSG00000040462	ENSSSCG00000035875	ortholog_one2one	1
ENSMUSG00000026069	ENSSSCG00000032795	ortholog_one2one	1
ENSMUSG00000039199	ENSSSCG00000002778	ortholog_one2one	1
ENSMUSG00000023051	ENSSSCG00000000276	ortholog_one2one	1
ENSMUSG00000053799	ENSSSCG00000010473	ortholog_one2one	1
ENSMUSG00000028874	ENSSSCG00000003578	ortholog_one2one	1
ENSMUSG00000029710	ENSSSCG00000007675	ortholog_one2one	1
ENSMUSG00000022453	ENSSSCG00000000050	ortholog_one2one	1
ENSMUSG00000037461	ENSSSCG00000015602	ortholog_one2one	1
ENSMUSG00000020736	ENSSSCG00000028210	ortholog_one2one	1
ENSMUSG00000039105	ENSSSCG00000053522	ortholog_one2one	1
ENSMUSG00000034913	ENSSSCG00000009417	ortholog_one2one	1
ENSMUSG00000033454	ENSSSCG00000023724	ortholog_one2one	1
ENSMUSG00000057421	ENSSSCG00000012366	ortholog_one2one	1
ENSMUSG00000028690	ENSSSCG00000037354	ortholog_one2one	1
ENSMUSG00000028961	ENSSSCG00000003402	ortholog_one2one	1
ENSMUSG00000019803	ENSSSCG00000004384	ortholog_one2one	1
ENSMUSG00000026843	ENSSSCG00000005702	ortholog_one2one	1
ENSMUSG00000020323	ENSSSCG00000020780	ortholog_one2one	1
ENSMUSG00000017715	ENSSSCG00000036308	ortholog_one2one	1
ENSMUSG00000019889	ENSSSCG00000004209	ortholog_one2one	1
ENSMUSG00000004535	ENSSSCG00000016692	ortholog_one2one	1
ENSMUSG00000024713	ENSSSCG00000023520	ortholog_one2one	1
ENSMUSG00000040359	ENSSSCG00000004339	ortholog_one2one	1
ENSMUSG00000038725	ENSSSCG00000006025	ortholog_one2one	1
ENSMUSG00000007987	ENSSSCG00000054316	ortholog_one2one	1
ENSMUSG00000022212	ENSSSCG00000002011	ortholog_one2one	1
ENSMUSG00000042474	ENSSSCG00000015656	ortholog_one2one	1
ENSMUSG00000015804	ENSSSCG00000029989	ortholog_one2one	1
ENSMUSG00000036782	ENSSSCG00000012637	ortholog_one2one	1
ENSMUSG00000031546	ENSSSCG00000037513	ortholog_one2one	1
ENSMUSG00000029097	ENSSSCG00000033873	ortholog_one2one	1
ENSMUSG00000026433	ENSSSCG00000026269	ortholog_one2one	1
ENSMUSG00000031709	ENSSSCG00000032741	ortholog_one2one	1
ENSMUSG00000039899	ENSSSCG00000015413	ortholog_one2one	1
ENSMUSG00000028741	ENSSSCG00000034814	ortholog_one2one	1
ENSMUSG00000022449	ENSSSCG00000000795	ortholog_one2one	1
ENSMUSG00000066551	ENSSSCG00000009327	ortholog_one2one	1
ENSMUSG00000053333	ENSSSCG00000022177	ortholog_one2one	1
ENSMUSG00000030276	ENSSSCG00000011552	ortholog_one2one	1
ENSMUSG00000006676	ENSSSCG00000011375	ortholog_one2one	1
ENSMUSG00000059203	ENSSSCG00000012545	ortholog_one2one	1
ENSMUSG00000031858	ENSSSCG00000021664	ortholog_one2one	1
ENSMUSG00000049107	ENSSSCG00000033544	ortholog_one2one	1
ENSMUSG00000045896	ENSSSCG00000038394	ortholog_one2one	1
ENSMUSG00000030236	ENSSSCG00000021998	ortholog_one2one	1
ENSMUSG00000051220	ENSSSCG00000021834	ortholog_one2one	1
ENSMUSG00000054892	ENSSSCG00000008819	ortholog_one2one	1
ENSMUSG00000006435	ENSSSCG00000010603	ortholog_one2one	1
ENSMUSG00000034706	ENSSSCG00000024357	ortholog_one2one	1
ENSMUSG00000028221	ENSSSCG00000006121	ortholog_one2one	1
ENSMUSG00000027075	ENSSSCG00000036359	ortholog_one2one	1
ENSMUSG00000004071	ENSSSCG00000007941	ortholog_one2one	1
ENSMUSG00000078350	ENSSSCG00000036305	ortholog_one2one	1
ENSMUSG00000056536	ENSSSCG00000004901	ortholog_one2one	1
ENSMUSG00000033420	ENSSSCG00000008340	ortholog_one2one	1
ENSMUSG00000038976	ENSSSCG00000017584	ortholog_one2one	1
ENSMUSG00000025860	ENSSSCG00000025028	ortholog_one2one	1
ENSMUSG00000047368	ENSSSCG00000021802	ortholog_one2one	1
ENSMUSG00000023153	ENSSSCG00000028530	ortholog_one2one	1
ENSMUSG00000010110	ENSSSCG00000026293	ortholog_one2one	1
ENSMUSG00000047518	ENSSSCG00000003972	ortholog_one2one	1
ENSMUSG00000005696	ENSSSCG00000012643	ortholog_one2one	1
ENSMUSG00000022464	ENSSSCG00000026597	ortholog_one2one	1
ENSMUSG00000028860	ENSSSCG00000003572	ortholog_one2one	1
ENSMUSG00000032582	ENSSSCG00000011394	ortholog_one2one	1
ENSMUSG00000042498	ENSSSCG00000012549	ortholog_one2one	1
ENSMUSG00000028959	ENSSSCG00000024184	ortholog_one2one	1
ENSMUSG00000094445	ENSSSCG00000049079	ortholog_one2one	1
ENSMUSG00000025145	ENSSSCG00000040503	ortholog_one2one	1
ENSMUSG00000040613	ENSSSCG00000000668	ortholog_one2one	1
ENSMUSG00000014039	ENSSSCG00000012084	ortholog_one2one	1
ENSMUSG00000050382	ENSSSCG00000001840	ortholog_one2one	1
ENSMUSG00000052423	ENSSSCG00000006360	ortholog_one2one	1
ENSMUSG00000028468	ENSSSCG00000005320	ortholog_one2one	1
ENSMUSG00000029851	ENSSSCG00000032422	ortholog_one2one	1
ENSMUSG00000030257	ENSSSCG00000033624	ortholog_one2one	1
ENSMUSG00000034926	ENSSSCG00000027525	ortholog_one2one	1
ENSMUSG00000033006	ENSSSCG00000039315	ortholog_one2one	1
ENSMUSG00000022403	ENSSSCG00000000071	ortholog_one2one	1
ENSMUSG00000035351	ENSSSCG00000000860	ortholog_one2one	1
ENSMUSG00000006418	ENSSSCG00000036129	ortholog_one2one	1
ENSMUSG00000028833	ENSSSCG00000031786	ortholog_one2one	1
ENSMUSG00000033684	ENSSSCG00000015535	ortholog_one2one	1
ENSMUSG00000062980	ENSSSCG00000016618	ortholog_one2one	1
ENSMUSG00000096215	ENSSSCG00000061225	ortholog_one2one	1
ENSMUSG00000023022	ENSSSCG00000032269	ortholog_one2one	1
ENSMUSG00000026712	ENSSSCG00000011038	ortholog_one2one	1
ENSMUSG00000019790	ENSSSCG00000004113	ortholog_one2one	1
ENSMUSG00000039646	ENSSSCG00000025561	ortholog_one2one	1
ENSMUSG00000034064	ENSSSCG00000032313	ortholog_one2one	1
ENSMUSG00000040752	ENSSSCG00000002029	ortholog_one2one	1
ENSMUSG00000037727	ENSSSCG00000007163	ortholog_one2one	1
ENSMUSG00000028517	ENSSSCG00000003839	ortholog_one2one	1
ENSMUSG00000027573	ENSSSCG00000034173	ortholog_one2one	1
ENSMUSG00000033417	ENSSSCG00000038222	ortholog_one2one	1
ENSMUSG00000030402	ENSSSCG00000037001	ortholog_one2one	1
ENSMUSG00000055633	ENSSSCG00000031349	ortholog_one2one	1
ENSMUSG00000022808	ENSSSCG00000036828	ortholog_one2one	1
ENSMUSG00000034354	ENSSSCG00000009994	ortholog_one2one	1
ENSMUSG00000033237	ENSSSCG00000030685	ortholog_one2one	1
ENSMUSG00000064264	ENSSSCG00000003059	ortholog_one2one	1
ENSMUSG00000038174	ENSSSCG00000036339	ortholog_one2one	1
ENSMUSG00000026839	ENSSSCG00000021938	ortholog_one2one	1
ENSMUSG00000028946	ENSSSCG00000003370	ortholog_one2one	1
ENSMUSG00000028751	ENSSSCG00000033887	ortholog_one2one	1
ENSMUSG00000030341	ENSSSCG00000000708	ortholog_one2one	1
ENSMUSG00000028334	ENSSSCG00000005373	ortholog_one2one	1
ENSMUSG00000030494	ENSSSCG00000022312	ortholog_one2one	1
ENSMUSG00000024892	ENSSSCG00000012926	ortholog_one2one	1
ENSMUSG00000020256	ENSSSCG00000000839	ortholog_one2one	1
ENSMUSG00000031349	ENSSSCG00000012758	ortholog_one2one	1
ENSMUSG00000033379	ENSSSCG00000039267	ortholog_one2one	1
ENSMUSG00000030963	ENSSSCG00000007859	ortholog_one2one	1
ENSMUSG00000032051	ENSSSCG00000035945	ortholog_one2one	1
ENSMUSG00000068748	ENSSSCG00000016614	ortholog_one2one	1
ENSMUSG00000022832	ENSSSCG00000028717	ortholog_one2one	1
ENSMUSG00000019087	ENSSSCG00000037310	ortholog_one2one	1
ENSMUSG00000061288	ENSSSCG00000009850	ortholog_one2one	1
ENSMUSG00000034667	ENSSSCG00000000466	ortholog_one2one	1
ENSMUSG00000032598	ENSSSCG00000011364	ortholog_one2one	1
ENSMUSG00000014355	ENSSSCG00000008105	ortholog_one2one	1
ENSMUSG00000028345	ENSSSCG00000005389	ortholog_one2one	1
ENSMUSG00000022892	ENSSSCG00000012022	ortholog_one2one	1
ENSMUSG00000038000	ENSSSCG00000029590	ortholog_one2one	1
ENSMUSG00000026705	ENSSSCG00000015497	ortholog_one2one	1
ENSMUSG00000037465	ENSSSCG00000027480	ortholog_one2one	1
ENSMUSG00000022191	ENSSSCG00000016809	ortholog_one2one	1
ENSMUSG00000055866	ENSSSCG00000016338	ortholog_one2one	1
ENSMUSG00000047719	ENSSSCG00000037325	ortholog_one2one	1
ENSMUSG00000029861	ENSSSCG00000028274	ortholog_one2one	1
ENSMUSG00000007029	ENSSSCG00000038950	ortholog_one2one	1
ENSMUSG00000041153	ENSSSCG00000021184	ortholog_one2one	1
ENSMUSG00000032336	ENSSSCG00000001918	ortholog_one2one	1
ENSMUSG00000030374	ENSSSCG00000003104	ortholog_one2one	1
ENSMUSG00000041115	ENSSSCG00000012324	ortholog_one2one	1
ENSMUSG00000030339	ENSSSCG00000000706	ortholog_one2one	1
ENSMUSG00000028358	ENSSSCG00000005484	ortholog_one2one	1
ENSMUSG00000025086	ENSSSCG00000010653	ortholog_one2one	1
ENSMUSG00000001517	ENSSSCG00000000739	ortholog_one2one	1
ENSMUSG00000041605	ENSSSCG00000032735	ortholog_one2one	1
ENSMUSG00000025265	ENSSSCG00000012335	ortholog_one2one	1
ENSMUSG00000025978	ENSSSCG00000037483	ortholog_one2one	1
ENSMUSG00000026942	ENSSSCG00000005838	ortholog_one2one	1
ENSMUSG00000040029	ENSSSCG00000000534	ortholog_one2one	1
ENSMUSG00000052085	ENSSSCG00000005240	ortholog_one2one	1
ENSMUSG00000031959	ENSSSCG00000002714	ortholog_one2one	1
ENSMUSG00000028289	ENSSSCG00000004336	ortholog_one2one	1
ENSMUSG00000035383	ENSSSCG00000000858	ortholog_one2one	1
ENSMUSG00000075000	ENSSSCG00000024081	ortholog_one2one	1
ENSMUSG00000026603	ENSSSCG00000015583	ortholog_one2one	1
ENSMUSG00000015176	ENSSSCG00000010576	ortholog_one2one	1
ENSMUSG00000063382	ENSSSCG00000015099	ortholog_one2one	1
ENSMUSG00000019846	ENSSSCG00000004425	ortholog_one2one	1
ENSMUSG00000031099	ENSSSCG00000012649	ortholog_one2one	1
ENSMUSG00000037905	ENSSSCG00000054264	ortholog_one2one	1
ENSMUSG00000020516	ENSSSCG00000017670	ortholog_one2one	1
ENSMUSG00000036599	ENSSSCG00000062464	ortholog_one2one	1
ENSMUSG00000032525	ENSSSCG00000011284	ortholog_one2one	1
ENSMUSG00000029094	ENSSSCG00000023907	ortholog_one2one	1
ENSMUSG00000068699	ENSSSCG00000016578	ortholog_one2one	1
ENSMUSG00000048612	ENSSSCG00000010476	ortholog_one2one	1
ENSMUSG00000020228	ENSSSCG00000000477	ortholog_one2one	1
ENSMUSG00000062822	ENSSSCG00000016876	ortholog_one2one	1
ENSMUSG00000026238	ENSSSCG00000037274	ortholog_one2one	1
ENSMUSG00000040147	ENSSSCG00000023215	ortholog_one2one	1
ENSMUSG00000025409	ENSSSCG00000000431	ortholog_one2one	1
ENSMUSG00000039706	ENSSSCG00000029227	ortholog_one2one	1
ENSMUSG00000025981	ENSSSCG00000016076	ortholog_one2one	1
ENSMUSG00000031635	ENSSSCG00000030058	ortholog_one2one	1
ENSMUSG00000090141	ENSSSCG00000030796	ortholog_one2one	1
ENSMUSG00000079003	ENSSSCG00000033298	ortholog_one2one	1
ENSMUSG00000063362	ENSSSCG00000009381	ortholog_one2one	1
ENSMUSG00000036244	ENSSSCG00000001915	ortholog_one2one	1
ENSMUSG00000026553	ENSSSCG00000006386	ortholog_one2one	1
ENSMUSG00000031954	ENSSSCG00000033842	ortholog_one2one	1
ENSMUSG00000030323	ENSSSCG00000011589	ortholog_one2one	1
ENSMUSG00000029660	ENSSSCG00000046261	ortholog_one2one	1
ENSMUSG00000041747	ENSSSCG00000014068	ortholog_one2one	1
ENSMUSG00000023272	ENSSSCG00000000981	ortholog_one2one	1
ENSMUSG00000049624	ENSSSCG00000004486	ortholog_one2one	1
ENSMUSG00000020317	ENSSSCG00000014002	ortholog_one2one	1
ENSMUSG00000011884	ENSSSCG00000039012	ortholog_one2one	1
ENSMUSG00000022186	ENSSSCG00000016863	ortholog_one2one	1
ENSMUSG00000041119	ENSSSCG00000030016	ortholog_one2one	1
ENSMUSG00000029570	ENSSSCG00000007572	ortholog_one2one	1
ENSMUSG00000025396	ENSSSCG00000027854	ortholog_one2one	1
ENSMUSG00000031196	ENSSSCG00000012822	ortholog_one2one	1
ENSMUSG00000006390	ENSSSCG00000035238	ortholog_one2one	1
ENSMUSG00000024854	ENSSSCG00000012916	ortholog_one2one	1
ENSMUSG00000035686	ENSSSCG00000033822	ortholog_one2one	1
ENSMUSG00000009995	ENSSSCG00000039655	ortholog_one2one	1
ENSMUSG00000024660	ENSSSCG00000013066	ortholog_one2one	1
ENSMUSG00000021319	ENSSSCG00000035299	ortholog_one2one	1
ENSMUSG00000054836	ENSSSCG00000011336	ortholog_one2one	1
ENSMUSG00000021339	ENSSSCG00000001087	ortholog_one2one	1
ENSMUSG00000058396	ENSSSCG00000037701	ortholog_one2one	1
ENSMUSG00000027490	ENSSSCG00000007268	ortholog_one2one	1
ENSMUSG00000025857	ENSSSCG00000007543	ortholog_one2one	1
ENSMUSG00000020070	ENSSSCG00000010239	ortholog_one2one	1
ENSMUSG00000042812	ENSSSCG00000038460	ortholog_one2one	1
ENSMUSG00000087408	ENSSSCG00000013928	ortholog_one2one	1
ENSMUSG00000032299	ENSSSCG00000001884	ortholog_one2one	1
ENSMUSG00000014850	ENSSSCG00000014126	ortholog_one2one	1
ENSMUSG00000017858	ENSSSCG00000007364	ortholog_one2one	1
ENSMUSG00000036622	ENSSSCG00000031082	ortholog_one2one	1
ENSMUSG00000033099	ENSSSCG00000021663	ortholog_one2one	1
ENSMUSG00000042622	ENSSSCG00000030165	ortholog_one2one	1
ENSMUSG00000031672	ENSSSCG00000032985	ortholog_one2one	1
ENSMUSG00000022429	ENSSSCG00000000103	ortholog_one2one	1
ENSMUSG00000039043	ENSSSCG00000001850	ortholog_one2one	1
ENSMUSG00000062960	ENSSSCG00000008844	ortholog_one2one	1
ENSMUSG00000024824	ENSSSCG00000012914	ortholog_one2one	1
ENSMUSG00000091537	ENSSSCG00000011351	ortholog_one2one	1
ENSMUSG00000021772	ENSSSCG00000024296	ortholog_one2one	1
ENSMUSG00000036251	ENSSSCG00000016314	ortholog_one2one	1
ENSMUSG00000036678	ENSSSCG00000000268	ortholog_one2one	1
ENSMUSG00000031486	ENSSSCG00000015825	ortholog_one2one	1
ENSMUSG00000010342	ENSSSCG00000017645	ortholog_one2one	1
ENSMUSG00000021147	ENSSSCG00000029602	ortholog_one2one	1
ENSMUSG00000041028	ENSSSCG00000010345	ortholog_one2one	1
ENSMUSG00000070858	ENSSSCG00000063120	ortholog_one2one	1
ENSMUSG00000060519	ENSSSCG00000015525	ortholog_one2one	1
ENSMUSG00000000308	ENSSSCG00000004703	ortholog_one2one	1
ENSMUSG00000058624	ENSSSCG00000034919	ortholog_one2one	1
ENSMUSG00000038102	ENSSSCG00000015777	ortholog_one2one	1
ENSMUSG00000032212	ENSSSCG00000004592	ortholog_one2one	1
ENSMUSG00000067274	ENSSSCG00000036014	ortholog_one2one	1
ENSMUSG00000024334	ENSSSCG00000001472	ortholog_one2one	1
ENSMUSG00000024054	ENSSSCG00000029030	ortholog_one2one	1
ENSMUSG00000024666	ENSSSCG00000037843	ortholog_one2one	1
ENSMUSG00000020460	ENSSSCG00000034617	ortholog_one2one	1
ENSMUSG00000059323	ENSSSCG00000025116	ortholog_one2one	1
ENSMUSG00000047109	ENSSSCG00000020680	ortholog_one2one	1
ENSMUSG00000039457	ENSSSCG00000007927	ortholog_one2one	1
ENSMUSG00000071669	ENSSSCG00000037232	ortholog_one2one	1
ENSMUSG00000040717	ENSSSCG00000011463	ortholog_one2one	1
ENSMUSG00000019880	ENSSSCG00000004218	ortholog_one2one	1
ENSMUSG00000046856	ENSSSCG00000016129	ortholog_one2one	1
ENSMUSG00000018654	ENSSSCG00000038345	ortholog_one2one	1
ENSMUSG00000039683	ENSSSCG00000007574	ortholog_one2one	1
ENSMUSG00000050157	ENSSSCG00000010074	ortholog_one2one	1
ENSMUSG00000038594	ENSSSCG00000004249	ortholog_one2one	1
ENSMUSG00000002661	ENSSSCG00000024254	ortholog_one2one	1
ENSMUSG00000042364	ENSSSCG00000031337	ortholog_one2one	1
ENSMUSG00000033356	ENSSSCG00000000800	ortholog_one2one	1
ENSMUSG00000021866	ENSSSCG00000010331	ortholog_one2one	1
ENSMUSG00000024924	ENSSSCG00000005229	ortholog_one2one	1
ENSMUSG00000045410	ENSSSCG00000036941	ortholog_one2one	1
ENSMUSG00000019194	ENSSSCG00000023267	ortholog_one2one	1
ENSMUSG00000020170	ENSSSCG00000000493	ortholog_one2one	1
ENSMUSG00000014959	ENSSSCG00000015943	ortholog_one2one	1
ENSMUSG00000015001	ENSSSCG00000005954	ortholog_one2one	1
ENSMUSG00000056692	ENSSSCG00000001527	ortholog_one2one	1
ENSMUSG00000039384	ENSSSCG00000010831	ortholog_one2one	1
ENSMUSG00000020733	ENSSSCG00000017232	ortholog_one2one	1
ENSMUSG00000035187	ENSSSCG00000009232	ortholog_one2one	1
ENSMUSG00000030595	ENSSSCG00000026904	ortholog_one2one	1
ENSMUSG00000021540	ENSSSCG00000014319	ortholog_one2one	1
ENSMUSG00000025317	ENSSSCG00000035629	ortholog_one2one	1
ENSMUSG00000022483	ENSSSCG00000025523	ortholog_one2one	1
ENSMUSG00000067653	ENSSSCG00000008200	ortholog_one2one	1
ENSMUSG00000074657	ENSSSCG00000000439	ortholog_one2one	1
ENSMUSG00000041697	ENSSSCG00000039265	ortholog_one2one	1
ENSMUSG00000024109	ENSSSCG00000026180	ortholog_one2one	1
ENSMUSG00000020932	ENSSSCG00000017343	ortholog_one2one	1
ENSMUSG00000068428	ENSSSCG00000024420	ortholog_one2one	1
ENSMUSG00000022885	ENSSSCG00000025770	ortholog_one2one	1
ENSMUSG00000003363	ENSSSCG00000025109	ortholog_one2one	1
ENSMUSG00000033083	ENSSSCG00000009464	ortholog_one2one	1
ENSMUSG00000057367	ENSSSCG00000063374	ortholog_one2one	1
ENSMUSG00000017778	ENSSSCG00000040325	ortholog_one2one	1
ENSMUSG00000029502	ENSSSCG00000009733	ortholog_one2one	1
ENSMUSG00000034918	ENSSSCG00000014055	ortholog_one2one	1
ENSMUSG00000037553	ENSSSCG00000003561	ortholog_one2one	1
ENSMUSG00000068184	ENSSSCG00000053180	ortholog_one2one	1
ENSMUSG00000031585	ENSSSCG00000015845	ortholog_one2one	1
ENSMUSG00000005983	ENSSSCG00000007957	ortholog_one2one	1
ENSMUSG00000036887	ENSSSCG00000003524	ortholog_one2one	1
ENSMUSG00000089687	ENSSSCG00000030432	ortholog_one2one	1
ENSMUSG00000023143	ENSSSCG00000007925	ortholog_one2one	1
ENSMUSG00000021497	ENSSSCG00000026106	ortholog_one2one	1
ENSMUSG00000034973	ENSSSCG00000004457	ortholog_one2one	1
ENSMUSG00000031226	ENSSSCG00000030577	ortholog_one2one	1
ENSMUSG00000034987	ENSSSCG00000029096	ortholog_one2one	1
ENSMUSG00000021622	ENSSSCG00000014128	ortholog_one2one	1
ENSMUSG00000028837	ENSSSCG00000035914	ortholog_one2one	1
ENSMUSG00000012296	ENSSSCG00000001688	ortholog_one2one	1
ENSMUSG00000029922	ENSSSCG00000016498	ortholog_one2one	1
ENSMUSG00000020451	ENSSSCG00000010025	ortholog_one2one	1
ENSMUSG00000064202	ENSSSCG00000005221	ortholog_one2one	1
ENSMUSG00000072571	ENSSSCG00000030437	ortholog_one2one	1
ENSMUSG00000022537	ENSSSCG00000011826	ortholog_one2one	1
ENSMUSG00000041552	ENSSSCG00000032433	ortholog_one2one	1
ENSMUSG00000042613	ENSSSCG00000006540	ortholog_one2one	1
ENSMUSG00000021779	ENSSSCG00000036033	ortholog_one2one	1
ENSMUSG00000062683	ENSSSCG00000062561	ortholog_one2one	1
ENSMUSG00000038990	ENSSSCG00000007540	ortholog_one2one	1
ENSMUSG00000028691	ENSSSCG00000003914	ortholog_one2one	1
ENSMUSG00000013878	ENSSSCG00000036001	ortholog_one2one	1
ENSMUSG00000026273	ENSSSCG00000055566	ortholog_one2one	1
ENSMUSG00000038502	ENSSSCG00000003196	ortholog_one2one	1
ENSMUSG00000021967	ENSSSCG00000031280	ortholog_one2one	1
ENSMUSG00000038331	ENSSSCG00000021657	ortholog_one2one	1
ENSMUSG00000021432	ENSSSCG00000001033	ortholog_one2one	1
ENSMUSG00000059182	ENSSSCG00000016708	ortholog_one2one	1
ENSMUSG00000057816	ENSSSCG00000037723	ortholog_one2one	1
ENSMUSG00000021814	ENSSSCG00000010299	ortholog_one2one	1
ENSMUSG00000037217	ENSSSCG00000012276	ortholog_one2one	1
ENSMUSG00000090210	ENSSSCG00000006687	ortholog_one2one	1
ENSMUSG00000053194	ENSSSCG00000008564	ortholog_one2one	1
ENSMUSG00000037306	ENSSSCG00000023235	ortholog_one2one	1
ENSMUSG00000044933	ENSSSCG00000027106	ortholog_one2one	1
ENSMUSG00000019767	ENSSSCG00000004087	ortholog_one2one	1
ENSMUSG00000053070	ENSSSCG00000014980	ortholog_one2one	1
ENSMUSG00000071649	ENSSSCG00000020809	ortholog_one2one	1
ENSMUSG00000039834	ENSSSCG00000007432	ortholog_one2one	1
ENSMUSG00000015377	ENSSSCG00000034272	ortholog_one2one	1
ENSMUSG00000033054	ENSSSCG00000026959	ortholog_one2one	1
ENSMUSG00000024976	ENSSSCG00000010628	ortholog_one2one	1
ENSMUSG00000025795	ENSSSCG00000039060	ortholog_one2one	1
ENSMUSG00000028757	ENSSSCG00000003505	ortholog_one2one	1
ENSMUSG00000001134	ENSSSCG00000012280	ortholog_one2one	1
ENSMUSG00000030760	ENSSSCG00000032723	ortholog_one2one	1
ENSMUSG00000035745	ENSSSCG00000029635	ortholog_one2one	1
ENSMUSG00000040963	ENSSSCG00000017932	ortholog_one2one	1
ENSMUSG00000023439	ENSSSCG00000000682	ortholog_one2one	1
ENSMUSG00000038576	ENSSSCG00000011176	ortholog_one2one	1
ENSMUSG00000079677	ENSSSCG00000062738	ortholog_one2one	1
ENSMUSG00000022521	ENSSSCG00000007951	ortholog_one2one	1
ENSMUSG00000060224	ENSSSCG00000010533	ortholog_one2one	1
ENSMUSG00000046417	ENSSSCG00000036776	ortholog_one2one	1
ENSMUSG00000024120	ENSSSCG00000008452	ortholog_one2one	1
ENSMUSG00000033105	ENSSSCG00000021418	ortholog_one2one	1
ENSMUSG00000040219	ENSSSCG00000015047	ortholog_one2one	1
ENSMUSG00000021643	ENSSSCG00000016969	ortholog_one2one	1
ENSMUSG00000057531	ENSSSCG00000001062	ortholog_one2one	1
ENSMUSG00000000266	ENSSSCG00000012564	ortholog_one2one	1
ENSMUSG00000020544	ENSSSCG00000031433	ortholog_one2one	1
ENSMUSG00000037279	ENSSSCG00000036377	ortholog_one2one	1
ENSMUSG00000060166	ENSSSCG00000010138	ortholog_one2one	1
ENSMUSG00000006763	ENSSSCG00000035393	ortholog_one2one	1
ENSMUSG00000034607	ENSSSCG00000012462	ortholog_one2one	1
ENSMUSG00000028423	ENSSSCG00000010994	ortholog_one2one	1
ENSMUSG00000083282	ENSSSCG00000038918	ortholog_one2one	1
ENSMUSG00000067071	ENSSSCG00000016342	ortholog_one2one	1
ENSMUSG00000029545	ENSSSCG00000009916	ortholog_one2one	1
ENSMUSG00000002820	ENSSSCG00000013645	ortholog_one2one	1
ENSMUSG00000014599	ENSSSCG00000037449	ortholog_one2one	1
ENSMUSG00000022871	ENSSSCG00000011800	ortholog_one2one	1
ENSMUSG00000006169	ENSSSCG00000017047	ortholog_one2one	1
ENSMUSG00000030016	ENSSSCG00000022708	ortholog_one2one	1
ENSMUSG00000025980	ENSSSCG00000016077	ortholog_one2one	1
ENSMUSG00000037720	ENSSSCG00000037305	ortholog_one2one	1
ENSMUSG00000042354	ENSSSCG00000011449	ortholog_one2one	1
ENSMUSG00000028051	ENSSSCG00000006518	ortholog_one2one	1
ENSMUSG00000076441	ENSSSCG00000005701	ortholog_one2one	1
ENSMUSG00000022774	ENSSSCG00000027323	ortholog_one2one	1
ENSMUSG00000027984	ENSSSCG00000009150	ortholog_one2one	1
ENSMUSG00000049502	ENSSSCG00000011876	ortholog_one2one	1
ENSMUSG00000000326	ENSSSCG00000010132	ortholog_one2one	1
ENSMUSG00000028953	ENSSSCG00000016441	ortholog_one2one	1
ENSMUSG00000064127	ENSSSCG00000012250	ortholog_one2one	1
ENSMUSG00000039109	ENSSSCG00000024310	ortholog_one2one	1
ENSMUSG00000054942	ENSSSCG00000003770	ortholog_one2one	1
ENSMUSG00000032267	ENSSSCG00000015052	ortholog_one2one	1
ENSMUSG00000021647	ENSSSCG00000016972	ortholog_one2one	1
ENSMUSG00000000159	ENSSSCG00000012071	ortholog_one2one	1
ENSMUSG00000020482	ENSSSCG00000032261	ortholog_one2one	1
ENSMUSG00000021917	ENSSSCG00000011447	ortholog_one2one	1
ENSMUSG00000033186	ENSSSCG00000040073	ortholog_one2one	1
ENSMUSG00000025350	ENSSSCG00000000362	ortholog_one2one	1
ENSMUSG00000061080	ENSSSCG00000027941	ortholog_one2one	1
ENSMUSG00000022108	ENSSSCG00000009403	ortholog_one2one	1
ENSMUSG00000001138	ENSSSCG00000008201	ortholog_one2one	1
ENSMUSG00000039908	ENSSSCG00000021040	ortholog_one2one	1
ENSMUSG00000002957	ENSSSCG00000012836	ortholog_one2one	1
ENSMUSG00000039031	ENSSSCG00000004205	ortholog_one2one	1
ENSMUSG00000022948	ENSSSCG00000028883	ortholog_one2one	1
ENSMUSG00000021359	ENSSSCG00000001036	ortholog_one2one	1
ENSMUSG00000020572	ENSSSCG00000015435	ortholog_one2one	1
ENSMUSG00000044364	ENSSSCG00000035262	ortholog_one2one	1
ENSMUSG00000054237	ENSSSCG00000024359	ortholog_one2one	1
ENSMUSG00000056050	ENSSSCG00000010834	ortholog_one2one	1
ENSMUSG00000021420	ENSSSCG00000038717	ortholog_one2one	1
ENSMUSG00000028556	ENSSSCG00000003818	ortholog_one2one	1
ENSMUSG00000022003	ENSSSCG00000062876	ortholog_one2one	1
ENSMUSG00000035105	ENSSSCG00000001963	ortholog_one2one	1
ENSMUSG00000004415	ENSSSCG00000058972	ortholog_one2one	1
ENSMUSG00000021061	ENSSSCG00000002277	ortholog_one2one	1
ENSMUSG00000023885	ENSSSCG00000004012	ortholog_one2one	1
ENSMUSG00000022018	ENSSSCG00000009434	ortholog_one2one	1
ENSMUSG00000043909	ENSSSCG00000031949	ortholog_one2one	1
ENSMUSG00000016427	ENSSSCG00000053432	ortholog_one2one	1
ENSMUSG00000067567	ENSSSCG00000021200	ortholog_one2one	1
ENSMUSG00000025571	ENSSSCG00000034373	ortholog_one2one	1
ENSMUSG00000071253	ENSSSCG00000022303	ortholog_one2one	1
ENSMUSG00000045776	ENSSSCG00000011461	ortholog_one2one	1
ENSMUSG00000038168	ENSSSCG00000011813	ortholog_one2one	1
ENSMUSG00000036256	ENSSSCG00000008913	ortholog_one2one	1
ENSMUSG00000048582	ENSSSCG00000036798	ortholog_one2one	1
ENSMUSG00000000959	ENSSSCG00000002042	ortholog_one2one	1
ENSMUSG00000024963	ENSSSCG00000013038	ortholog_one2one	1
ENSMUSG00000032932	ENSSSCG00000012007	ortholog_one2one	1
ENSMUSG00000001707	ENSSSCG00000036257	ortholog_one2one	1
ENSMUSG00000021609	ENSSSCG00000017121	ortholog_one2one	1
ENSMUSG00000035107	ENSSSCG00000011977	ortholog_one2one	1
ENSMUSG00000050108	ENSSSCG00000000157	ortholog_one2one	1
ENSMUSG00000037364	ENSSSCG00000024789	ortholog_one2one	1
ENSMUSG00000041710	ENSSSCG00000012587	ortholog_one2one	1
ENSMUSG00000092558	ENSSSCG00000038520	ortholog_one2one	1
ENSMUSG00000049303	ENSSSCG00000024837	ortholog_one2one	1
ENSMUSG00000045555	ENSSSCG00000004402	ortholog_one2one	1
ENSMUSG00000070345	ENSSSCG00000017641	ortholog_one2one	1
ENSMUSG00000001504	ENSSSCG00000032074	ortholog_one2one	1
ENSMUSG00000031304	ENSSSCG00000012397	ortholog_one2one	1
ENSMUSG00000018846	ENSSSCG00000017014	ortholog_one2one	1
ENSMUSG00000038982	ENSSSCG00000040593	ortholog_one2one	1
ENSMUSG00000002319	ENSSSCG00000002000	ortholog_one2one	1
ENSMUSG00000022416	ENSSSCG00000000082	ortholog_one2one	1
ENSMUSG00000036503	ENSSSCG00000027459	ortholog_one2one	1
ENSMUSG00000067873	ENSSSCG00000023062	ortholog_one2one	1
ENSMUSG00000021098	ENSSSCG00000005085	ortholog_one2one	1
ENSMUSG00000013858	ENSSSCG00000027779	ortholog_one2one	1
ENSMUSG00000006782	ENSSSCG00000017420	ortholog_one2one	1
ENSMUSG00000036918	ENSSSCG00000008434	ortholog_one2one	1
ENSMUSG00000025027	ENSSSCG00000010620	ortholog_one2one	1
ENSMUSG00000041679	ENSSSCG00000031199	ortholog_one2one	1
ENSMUSG00000023011	ENSSSCG00000000206	ortholog_one2one	1
ENSMUSG00000021732	ENSSSCG00000016878	ortholog_one2one	1
ENSMUSG00000022505	ENSSSCG00000037065	ortholog_one2one	1
ENSMUSG00000054435	ENSSSCG00000027826	ortholog_one2one	1
ENSMUSG00000045573	ENSSSCG00000006243	ortholog_one2one	1
ENSMUSG00000021373	ENSSSCG00000001068	ortholog_one2one	1
ENSMUSG00000031813	ENSSSCG00000036568	ortholog_one2one	1
ENSMUSG00000072791	ENSSSCG00000015377	ortholog_one2one	1
ENSMUSG00000035601	ENSSSCG00000005354	ortholog_one2one	1
ENSMUSG00000008658	ENSSSCG00000007917	ortholog_one2one	1
ENSMUSG00000035458	ENSSSCG00000043687	ortholog_one2one	1
ENSMUSG00000020990	ENSSSCG00000034516	ortholog_one2one	1
ENSMUSG00000027611	ENSSSCG00000026585	ortholog_one2one	1
ENSMUSG00000054021	ENSSSCG00000031129	ortholog_one2one	1
ENSMUSG00000021278	ENSSSCG00000002524	ortholog_one2one	1
ENSMUSG00000030103	ENSSSCG00000036136	ortholog_one2one	1
ENSMUSG00000021819	ENSSSCG00000010309	ortholog_one2one	1
ENSMUSG00000038271	ENSSSCG00000000695	ortholog_one2one	1
ENSMUSG00000024241	ENSSSCG00000008478	ortholog_one2one	1
ENSMUSG00000030772	ENSSSCG00000013401	ortholog_one2one	1
ENSMUSG00000023176	ENSSSCG00000025128	ortholog_one2one	1
ENSMUSG00000022849	ENSSSCG00000011873	ortholog_one2one	1
ENSMUSG00000021457	ENSSSCG00000009589	ortholog_one2one	1
ENSMUSG00000053317	ENSSSCG00000038914	ortholog_one2one	1
ENSMUSG00000015467	ENSSSCG00000001434	ortholog_one2one	1
ENSMUSG00000039838	ENSSSCG00000003388	ortholog_one2one	1
ENSMUSG00000062713	ENSSSCG00000027179	ortholog_one2one	1
ENSMUSG00000037896	ENSSSCG00000002526	ortholog_one2one	1
ENSMUSG00000020184	ENSSSCG00000000488	ortholog_one2one	1
ENSMUSG00000004610	ENSSSCG00000003229	ortholog_one2one	1
ENSMUSG00000024300	ENSSSCG00000013604	ortholog_one2one	1
ENSMUSG00000043501	ENSSSCG00000021728	ortholog_one2one	1
ENSMUSG00000052276	ENSSSCG00000031478	ortholog_one2one	1
ENSMUSG00000020601	ENSSSCG00000039080	ortholog_one2one	1
ENSMUSG00000054604	ENSSSCG00000032182	ortholog_one2one	1
ENSMUSG00000032705	ENSSSCG00000002305	ortholog_one2one	1
ENSMUSG00000031543	ENSSSCG00000007022	ortholog_one2one	1
ENSMUSG00000034488	ENSSSCG00000026780	ortholog_one2one	1
ENSMUSG00000028719	ENSSSCG00000003885	ortholog_one2one	1
ENSMUSG00000032018	ENSSSCG00000028517	ortholog_one2one	1
ENSMUSG00000022364	ENSSSCG00000005987	ortholog_one2one	1
ENSMUSG00000022022	ENSSSCG00000009436	ortholog_one2one	1
ENSMUSG00000036111	ENSSSCG00000023057	ortholog_one2one	1
ENSMUSG00000029707	ENSSSCG00000016592	ortholog_one2one	1
ENSMUSG00000038022	ENSSSCG00000016674	ortholog_one2one	1
ENSMUSG00000030815	ENSSSCG00000007788	ortholog_one2one	1
ENSMUSG00000027642	ENSSSCG00000028227	ortholog_one2one	1
ENSMUSG00000021188	ENSSSCG00000002445	ortholog_one2one	1
ENSMUSG00000021986	ENSSSCG00000022678	ortholog_one2one	1
ENSMUSG00000038599	ENSSSCG00000034746	ortholog_one2one	1
ENSMUSG00000056222	ENSSSCG00000032423	ortholog_one2one	1
ENSMUSG00000039765	ENSSSCG00000008738	ortholog_one2one	1
ENSMUSG00000040044	ENSSSCG00000004306	ortholog_one2one	1
ENSMUSG00000037946	ENSSSCG00000028185	ortholog_one2one	1
ENSMUSG00000021932	ENSSSCG00000024385	ortholog_one2one	1
ENSMUSG00000024097	ENSSSCG00000008484	ortholog_one2one	1
ENSMUSG00000050821	ENSSSCG00000053702	ortholog_one2one	1
ENSMUSG00000032187	ENSSSCG00000013629	ortholog_one2one	1
ENSMUSG00000049658	ENSSSCG00000016968	ortholog_one2one	1
ENSMUSG00000026425	ENSSSCG00000015645	ortholog_one2one	1
ENSMUSG00000028140	ENSSSCG00000028343	ortholog_one2one	1
ENSMUSG00000022759	ENSSSCG00000010100	ortholog_one2one	1
ENSMUSG00000056888	ENSSSCG00000000519	ortholog_one2one	1
ENSMUSG00000067365	ENSSSCG00000034122	ortholog_one2one	1
ENSMUSG00000030205	ENSSSCG00000029545	ortholog_one2one	1
ENSMUSG00000004393	ENSSSCG00000016745	ortholog_one2one	1
ENSMUSG00000029752	ENSSSCG00000015340	ortholog_one2one	1
ENSMUSG00000030754	ENSSSCG00000013392	ortholog_one2one	1
ENSMUSG00000005357	ENSSSCG00000013833	ortholog_one2one	1
ENSMUSG00000023084	ENSSSCG00000006462	ortholog_one2one	1
ENSMUSG00000022037	ENSSSCG00000009668	ortholog_one2one	1
ENSMUSG00000002489	ENSSSCG00000012034	ortholog_one2one	1
ENSMUSG00000020246	ENSSSCG00000000846	ortholog_one2one	1
ENSMUSG00000029090	ENSSSCG00000008753	ortholog_one2one	1
ENSMUSG00000034108	ENSSSCG00000012934	ortholog_one2one	1
ENSMUSG00000021365	ENSSSCG00000023956	ortholog_one2one	1
ENSMUSG00000033831	ENSSSCG00000008997	ortholog_one2one	1
ENSMUSG00000020089	ENSSSCG00000010261	ortholog_one2one	1
ENSMUSG00000024127	ENSSSCG00000008448	ortholog_one2one	1
ENSMUSG00000069170	ENSSSCG00000035025	ortholog_one2one	1
ENSMUSG00000001418	ENSSSCG00000006488	ortholog_one2one	1
ENSMUSG00000032648	ENSSSCG00000013022	ortholog_one2one	1
ENSMUSG00000060992	ENSSSCG00000000290	ortholog_one2one	1
ENSMUSG00000019814	ENSSSCG00000040918	ortholog_one2one	1
ENSMUSG00000036353	ENSSSCG00000011713	ortholog_one2one	1
ENSMUSG00000027840	ENSSSCG00000006780	ortholog_one2one	1
ENSMUSG00000039887	ENSSSCG00000006885	ortholog_one2one	1
ENSMUSG00000009681	ENSSSCG00000010052	ortholog_one2one	1
ENSMUSG00000036873	ENSSSCG00000026772	ortholog_one2one	1
ENSMUSG00000033216	ENSSSCG00000011619	ortholog_one2one	1
ENSMUSG00000036432	ENSSSCG00000031388	ortholog_one2one	1
ENSMUSG00000095440	ENSSSCG00000062762	ortholog_one2one	1
ENSMUSG00000005125	ENSSSCG00000005944	ortholog_one2one	1
ENSMUSG00000039656	ENSSSCG00000001474	ortholog_one2one	1
ENSMUSG00000039058	ENSSSCG00000003773	ortholog_one2one	1
ENSMUSG00000042178	ENSSSCG00000025245	ortholog_one2one	1
ENSMUSG00000055493	ENSSSCG00000061592	ortholog_one2one	1
ENSMUSG00000040891	ENSSSCG00000003092	ortholog_one2one	1
ENSMUSG00000020687	ENSSSCG00000017308	ortholog_one2one	1
ENSMUSG00000003555	ENSSSCG00000010591	ortholog_one2one	1
ENSMUSG00000045259	ENSSSCG00000038597	ortholog_one2one	1
ENSMUSG00000019432	ENSSSCG00000001400	ortholog_one2one	1
ENSMUSG00000036192	ENSSSCG00000005268	ortholog_one2one	1
ENSMUSG00000079144	ENSSSCG00000015613	ortholog_one2one	1
ENSMUSG00000034205	ENSSSCG00000033608	ortholog_one2one	1
ENSMUSG00000051864	ENSSSCG00000000955	ortholog_one2one	1
ENSMUSG00000026578	ENSSSCG00000028804	ortholog_one2one	1
ENSMUSG00000044617	ENSSSCG00000037617	ortholog_one2one	1
ENSMUSG00000024792	ENSSSCG00000013007	ortholog_one2one	1
ENSMUSG00000025395	ENSSSCG00000026055	ortholog_one2one	1
ENSMUSG00000021831	ENSSSCG00000005037	ortholog_one2one	1
ENSMUSG00000026175	ENSSSCG00000016196	ortholog_one2one	1
ENSMUSG00000027957	ENSSSCG00000006871	ortholog_one2one	1
ENSMUSG00000034212	ENSSSCG00000016365	ortholog_one2one	1
ENSMUSG00000021952	ENSSSCG00000009276	ortholog_one2one	1
ENSMUSG00000068551	ENSSSCG00000039041	ortholog_one2one	1
ENSMUSG00000020186	ENSSSCG00000000951	ortholog_one2one	1
ENSMUSG00000049823	ENSSSCG00000001421	ortholog_one2one	1
ENSMUSG00000048138	ENSSSCG00000005233	ortholog_one2one	1
ENSMUSG00000024132	ENSSSCG00000052991	ortholog_one2one	1
ENSMUSG00000091721	ENSSSCG00000039563	ortholog_one2one	1
ENSMUSG00000024780	ENSSSCG00000005219	ortholog_one2one	1
ENSMUSG00000021222	ENSSSCG00000028159	ortholog_one2one	1
ENSMUSG00000010175	ENSSSCG00000015584	ortholog_one2one	1
ENSMUSG00000020290	ENSSSCG00000028228	ortholog_one2one	1
ENSMUSG00000028086	ENSSSCG00000020879	ortholog_one2one	1
ENSMUSG00000013766	ENSSSCG00000040885	ortholog_one2one	1
ENSMUSG00000022564	ENSSSCG00000032796	ortholog_one2one	1
ENSMUSG00000037519	ENSSSCG00000037451	ortholog_one2one	1
ENSMUSG00000026274	ENSSSCG00000016378	ortholog_one2one	1
ENSMUSG00000049225	ENSSSCG00000006107	ortholog_one2one	1
ENSMUSG00000027655	ENSSSCG00000007352	ortholog_one2one	1
ENSMUSG00000052798	ENSSSCG00000000486	ortholog_one2one	1
ENSMUSG00000049295	ENSSSCG00000038313	ortholog_one2one	1
ENSMUSG00000046093	ENSSSCG00000023460	ortholog_one2one	1
ENSMUSG00000044857	ENSSSCG00000001520	ortholog_one2one	1
ENSMUSG00000032815	ENSSSCG00000024687	ortholog_one2one	1
ENSMUSG00000025873	ENSSSCG00000014057	ortholog_one2one	1
ENSMUSG00000036960	ENSSSCG00000006935	ortholog_one2one	1
ENSMUSG00000038203	ENSSSCG00000062559	ortholog_one2one	1
ENSMUSG00000037621	ENSSSCG00000008230	ortholog_one2one	1
ENSMUSG00000001763	ENSSSCG00000016570	ortholog_one2one	1
ENSMUSG00000028191	ENSSSCG00000025691	ortholog_one2one	1
ENSMUSG00000032308	ENSSSCG00000001898	ortholog_one2one	1
ENSMUSG00000091512	ENSSSCG00000009176	ortholog_one2one	1
ENSMUSG00000023911	ENSSSCG00000059318	ortholog_one2one	1
ENSMUSG00000022391	ENSSSCG00000028202	ortholog_one2one	1
ENSMUSG00000024197	ENSSSCG00000038954	ortholog_one2one	1
ENSMUSG00000062312	ENSSSCG00000017497	ortholog_one2one	1
ENSMUSG00000021103	ENSSSCG00000005090	ortholog_one2one	1
ENSMUSG00000026036	ENSSSCG00000039654	ortholog_one2one	1
ENSMUSG00000029705	ENSSSCG00000007681	ortholog_one2one	1
ENSMUSG00000022097	ENSSSCG00000009619	ortholog_one2one	1
ENSMUSG00000021983	ENSSSCG00000035421	ortholog_one2one	1
ENSMUSG00000056737	ENSSSCG00000008239	ortholog_one2one	1
ENSMUSG00000008859	ENSSSCG00000048439	ortholog_one2one	1
ENSMUSG00000000339	ENSSSCG00000006865	ortholog_one2one	1
ENSMUSG00000021536	ENSSSCG00000017101	ortholog_one2one	1
ENSMUSG00000021010	ENSSSCG00000001964	ortholog_one2one	1
ENSMUSG00000031980	ENSSSCG00000010184	ortholog_one2one	1
ENSMUSG00000041168	ENSSSCG00000027128	ortholog_one2one	1
ENSMUSG00000015354	ENSSSCG00000011683	ortholog_one2one	1
ENSMUSG00000043962	ENSSSCG00000029954	ortholog_one2one	1
ENSMUSG00000019362	ENSSSCG00000013757	ortholog_one2one	1
ENSMUSG00000001497	ENSSSCG00000001942	ortholog_one2one	1
ENSMUSG00000038496	ENSSSCG00000021968	ortholog_one2one	1
ENSMUSG00000020705	ENSSSCG00000017289	ortholog_one2one	1
ENSMUSG00000032119	ENSSSCG00000058033	ortholog_one2one	1
ENSMUSG00000009630	ENSSSCG00000015842	ortholog_one2one	1
ENSMUSG00000002996	ENSSSCG00000035673	ortholog_one2one	1
ENSMUSG00000015966	ENSSSCG00000037914	ortholog_one2one	1
ENSMUSG00000031796	ENSSSCG00000002805	ortholog_one2one	1
ENSMUSG00000042046	ENSSSCG00000015286	ortholog_one2one	1
ENSMUSG00000071528	ENSSSCG00000032165	ortholog_one2one	1
ENSMUSG00000085007	ENSSSCG00000044775	ortholog_one2one	1
ENSMUSG00000038400	ENSSSCG00000034259	ortholog_one2one	1
ENSMUSG00000025196	ENSSSCG00000010545	ortholog_one2one	1
ENSMUSG00000053460	ENSSSCG00000027381	ortholog_one2one	1
ENSMUSG00000044667	ENSSSCG00000006875	ortholog_one2one	1
ENSMUSG00000002728	ENSSSCG00000028132	ortholog_one2one	1
ENSMUSG00000039081	ENSSSCG00000010322	ortholog_one2one	1
ENSMUSG00000063796	ENSSSCG00000029516	ortholog_one2one	1
ENSMUSG00000060548	ENSSSCG00000009283	ortholog_one2one	1
ENSMUSG00000001670	ENSSSCG00000002736	ortholog_one2one	1
ENSMUSG00000001016	ENSSSCG00000028553	ortholog_one2one	1
ENSMUSG00000028980	ENSSSCG00000034502	ortholog_one2one	1
ENSMUSG00000016194	ENSSSCG00000015616	ortholog_one2one	1
ENSMUSG00000031450	ENSSSCG00000009562	ortholog_one2one	1
ENSMUSG00000032965	ENSSSCG00000011941	ortholog_one2one	1
ENSMUSG00000032402	ENSSSCG00000004952	ortholog_one2one	1
ENSMUSG00000029868	ENSSSCG00000016469	ortholog_one2one	1
ENSMUSG00000031605	ENSSSCG00000008858	ortholog_one2one	1
ENSMUSG00000020167	ENSSSCG00000013437	ortholog_one2one	1
ENSMUSG00000078619	ENSSSCG00000041822	ortholog_one2one	1
ENSMUSG00000008822	ENSSSCG00000002379	ortholog_one2one	1
ENSMUSG00000054459	ENSSSCG00000008615	ortholog_one2one	1
ENSMUSG00000014030	ENSSSCG00000036086	ortholog_one2one	1
ENSMUSG00000063488	ENSSSCG00000022195	ortholog_one2one	1
ENSMUSG00000071655	ENSSSCG00000023110	ortholog_one2one	1
ENSMUSG00000037960	ENSSSCG00000008077	ortholog_one2one	1
ENSMUSG00000050350	ENSSSCG00000031999	ortholog_one2one	1
ENSMUSG00000032599	ENSSSCG00000040922	ortholog_one2one	1
ENSMUSG00000047415	ENSSSCG00000034114	ortholog_one2one	1
ENSMUSG00000030220	ENSSSCG00000033337	ortholog_one2one	1
ENSMUSG00000021936	ENSSSCG00000010380	ortholog_one2one	1
ENSMUSG00000016526	ENSSSCG00000015649	ortholog_one2one	1
ENSMUSG00000020953	ENSSSCG00000022679	ortholog_one2one	1
ENSMUSG00000042306	ENSSSCG00000006582	ortholog_one2one	1
ENSMUSG00000006711	ENSSSCG00000001091	ortholog_one2one	1
ENSMUSG00000022706	ENSSSCG00000034014	ortholog_one2one	1
ENSMUSG00000042757	ENSSSCG00000011635	ortholog_one2one	1
ENSMUSG00000001496	ENSSSCG00000001945	ortholog_one2one	1
ENSMUSG00000072919	ENSSSCG00000030069	ortholog_one2one	1
ENSMUSG00000028351	ENSSSCG00000005504	ortholog_one2one	1
ENSMUSG00000063661	ENSSSCG00000000250	ortholog_one2one	1
ENSMUSG00000043298	ENSSSCG00000000610	ortholog_one2one	1
ENSMUSG00000079055	ENSSSCG00000002315	ortholog_one2one	1
ENSMUSG00000002881	ENSSSCG00000029547	ortholog_one2one	1
ENSMUSG00000041708	ENSSSCG00000038685	ortholog_one2one	1
ENSMUSG00000015659	ENSSSCG00000012314	ortholog_one2one	1
ENSMUSG00000071337	ENSSSCG00000023409	ortholog_one2one	1
ENSMUSG00000022109	ENSSSCG00000035098	ortholog_one2one	1
ENSMUSG00000039463	ENSSSCG00000007466	ortholog_one2one	1
ENSMUSG00000027870	ENSSSCG00000006720	ortholog_one2one	1
ENSMUSG00000071632	ENSSSCG00000040740	ortholog_one2one	1
ENSMUSG00000021242	ENSSSCG00000002366	ortholog_one2one	1
ENSMUSG00000035509	ENSSSCG00000014314	ortholog_one2one	1
ENSMUSG00000001034	ENSSSCG00000031076	ortholog_one2one	1
ENSMUSG00000020651	ENSSSCG00000028969	ortholog_one2one	1
ENSMUSG00000021743	ENSSSCG00000011487	ortholog_one2one	1
ENSMUSG00000005312	ENSSSCG00000021005	ortholog_one2one	1
ENSMUSG00000032604	ENSSSCG00000032031	ortholog_one2one	1
ENSMUSG00000017478	ENSSSCG00000035967	ortholog_one2one	1
ENSMUSG00000028919	ENSSSCG00000003472	ortholog_one2one	1
ENSMUSG00000028042	ENSSSCG00000028606	ortholog_one2one	1
ENSMUSG00000035376	ENSSSCG00000034786	ortholog_one2one	1
ENSMUSG00000060373	ENSSSCG00000038947	ortholog_one2one	1
ENSMUSG00000034317	ENSSSCG00000011732	ortholog_one2one	1
ENSMUSG00000071454	ENSSSCG00000008576	ortholog_one2one	1
ENSMUSG00000021018	ENSSSCG00000022507	ortholog_one2one	1
ENSMUSG00000063273	ENSSSCG00000009061	ortholog_one2one	1
ENSMUSG00000025220	ENSSSCG00000010569	ortholog_one2one	1
ENSMUSG00000022523	ENSSSCG00000038584	ortholog_one2one	1
ENSMUSG00000078937	ENSSSCG00000022364	ortholog_one2one	1
ENSMUSG00000024006	ENSSSCG00000001563	ortholog_one2one	1
ENSMUSG00000054728	ENSSSCG00000001052	ortholog_one2one	1
ENSMUSG00000066042	ENSSSCG00000044404	ortholog_one2one	1
ENSMUSG00000022517	ENSSSCG00000007930	ortholog_one2one	1
ENSMUSG00000028565	ENSSSCG00000023243	ortholog_one2one	1
ENSMUSG00000051403	ENSSSCG00000037056	ortholog_one2one	1
ENSMUSG00000048924	ENSSSCG00000016963	ortholog_one2one	1
ENSMUSG00000024654	ENSSSCG00000013065	ortholog_one2one	1
ENSMUSG00000021494	ENSSSCG00000032642	ortholog_one2one	1
ENSMUSG00000075600	ENSSSCG00000006956	ortholog_one2one	1
ENSMUSG00000036632	ENSSSCG00000009360	ortholog_one2one	1
ENSMUSG00000031090	ENSSSCG00000012859	ortholog_one2one	1
ENSMUSG00000003680	ENSSSCG00000020665	ortholog_one2one	1
ENSMUSG00000039159	ENSSSCG00000016564	ortholog_one2one	1
ENSMUSG00000031841	ENSSSCG00000002684	ortholog_one2one	1
ENSMUSG00000028868	ENSSSCG00000003577	ortholog_one2one	1
ENSMUSG00000051225	ENSSSCG00000005986	ortholog_one2one	1
ENSMUSG00000027967	ENSSSCG00000033479	ortholog_one2one	1
ENSMUSG00000027599	ENSSSCG00000006220	ortholog_one2one	1
ENSMUSG00000023033	ENSSSCG00000000228	ortholog_one2one	1
ENSMUSG00000026885	ENSSSCG00000038036	ortholog_one2one	1
ENSMUSG00000023952	ENSSSCG00000001689	ortholog_one2one	1
ENSMUSG00000030298	ENSSSCG00000011572	ortholog_one2one	1
ENSMUSG00000028447	ENSSSCG00000010972	ortholog_one2one	1
ENSMUSG00000012520	ENSSSCG00000038488	ortholog_one2one	1
ENSMUSG00000074653	ENSSSCG00000054796	ortholog_one2one	1
ENSMUSG00000005893	ENSSSCG00000011594	ortholog_one2one	1
ENSMUSG00000038068	ENSSSCG00000001076	ortholog_one2one	1
ENSMUSG00000047423	ENSSSCG00000012966	ortholog_one2one	1
ENSMUSG00000027355	ENSSSCG00000004794	ortholog_one2one	1
ENSMUSG00000015745	ENSSSCG00000022784	ortholog_one2one	1
ENSMUSG00000021418	ENSSSCG00000000998	ortholog_one2one	1
ENSMUSG00000041235	ENSSSCG00000006231	ortholog_one2one	1
ENSMUSG00000043850	ENSSSCG00000032550	ortholog_one2one	1
ENSMUSG00000049511	ENSSSCG00000004475	ortholog_one2one	1
ENSMUSG00000030528	ENSSSCG00000001816	ortholog_one2one	1
ENSMUSG00000040505	ENSSSCG00000035912	ortholog_one2one	1
ENSMUSG00000032180	ENSSSCG00000038623	ortholog_one2one	1
ENSMUSG00000031972	ENSSSCG00000010190	ortholog_one2one	1
ENSMUSG00000039988	ENSSSCG00000003790	ortholog_one2one	1
ENSMUSG00000032911	ENSSSCG00000001873	ortholog_one2one	1
ENSMUSG00000052727	ENSSSCG00000016974	ortholog_one2one	1
ENSMUSG00000032575	ENSSSCG00000032914	ortholog_one2one	1
ENSMUSG00000024013	ENSSSCG00000001572	ortholog_one2one	1
ENSMUSG00000028677	ENSSSCG00000037341	ortholog_one2one	1
ENSMUSG00000042167	ENSSSCG00000014114	ortholog_one2one	1
ENSMUSG00000063856	ENSSSCG00000060656	ortholog_one2one	1
ENSMUSG00000031482	ENSSSCG00000009373	ortholog_one2one	1
ENSMUSG00000030127	ENSSSCG00000000691	ortholog_one2one	1
ENSMUSG00000031922	ENSSSCG00000014969	ortholog_one2one	1
ENSMUSG00000026237	ENSSSCG00000016277	ortholog_one2one	1
ENSMUSG00000057948	ENSSSCG00000017200	ortholog_one2one	1
ENSMUSG00000058665	ENSSSCG00000015715	ortholog_one2one	1
ENSMUSG00000031833	ENSSSCG00000013895	ortholog_one2one	1
ENSMUSG00000026102	ENSSSCG00000016050	ortholog_one2one	1
ENSMUSG00000038070	ENSSSCG00000005178	ortholog_one2one	1
ENSMUSG00000032783	ENSSSCG00000023176	ortholog_one2one	1
ENSMUSG00000003283	ENSSSCG00000007240	ortholog_one2one	1
ENSMUSG00000042429	ENSSSCG00000021059	ortholog_one2one	1
ENSMUSG00000030711	ENSSSCG00000021557	ortholog_one2one	1
ENSMUSG00000026004	ENSSSCG00000022830	ortholog_one2one	1
ENSMUSG00000024136	ENSSSCG00000024587	ortholog_one2one	1
ENSMUSG00000028840	ENSSSCG00000045776	ortholog_one2one	1
ENSMUSG00000040663	ENSSSCG00000012915	ortholog_one2one	1
ENSMUSG00000024957	ENSSSCG00000013031	ortholog_one2one	1
ENSMUSG00000025809	ENSSSCG00000011101	ortholog_one2one	1
ENSMUSG00000028876	ENSSSCG00000038675	ortholog_one2one	1
ENSMUSG00000072625	ENSSSCG00000010375	ortholog_one2one	1
ENSMUSG00000035184	ENSSSCG00000029598	ortholog_one2one	1
ENSMUSG00000039901	ENSSSCG00000010571	ortholog_one2one	1
ENSMUSG00000028078	ENSSSCG00000009023	ortholog_one2one	1
ENSMUSG00000053754	ENSSSCG00000002127	ortholog_one2one	1
ENSMUSG00000025785	ENSSSCG00000011300	ortholog_one2one	1
ENSMUSG00000039628	ENSSSCG00000031216	ortholog_one2one	1
ENSMUSG00000024142	ENSSSCG00000008044	ortholog_one2one	1
ENSMUSG00000043456	ENSSSCG00000029234	ortholog_one2one	1
ENSMUSG00000020427	ENSSSCG00000058216	ortholog_one2one	1
ENSMUSG00000034159	ENSSSCG00000016400	ortholog_one2one	1
ENSMUSG00000047878	ENSSSCG00000026962	ortholog_one2one	1
ENSMUSG00000049985	ENSSSCG00000016917	ortholog_one2one	1
ENSMUSG00000029823	ENSSSCG00000016509	ortholog_one2one	1
ENSMUSG00000061171	ENSSSCG00000015903	ortholog_one2one	1
ENSMUSG00000030888	ENSSSCG00000023880	ortholog_one2one	1
ENSMUSG00000035095	ENSSSCG00000032852	ortholog_one2one	1
ENSMUSG00000031504	ENSSSCG00000022719	ortholog_one2one	1
ENSMUSG00000079563	ENSSSCG00000025560	ortholog_one2one	1
ENSMUSG00000034224	ENSSSCG00000039218	ortholog_one2one	1
ENSMUSG00000063060	ENSSSCG00000031889	ortholog_one2one	1
ENSMUSG00000032925	ENSSSCG00000009526	ortholog_one2one	1
ENSMUSG00000041440	ENSSSCG00000011677	ortholog_one2one	1
ENSMUSG00000025920	ENSSSCG00000006179	ortholog_one2one	1
ENSMUSG00000002345	ENSSSCG00000044084	ortholog_one2one	1
ENSMUSG00000039936	ENSSSCG00000003395	ortholog_one2one	1
ENSMUSG00000022451	ENSSSCG00000000798	ortholog_one2one	1
ENSMUSG00000008036	ENSSSCG00000003106	ortholog_one2one	1
ENSMUSG00000022015	ENSSSCG00000052062	ortholog_one2one	1
ENSMUSG00000003200	ENSSSCG00000013508	ortholog_one2one	1
ENSMUSG00000039242	ENSSSCG00000033692	ortholog_one2one	1
ENSMUSG00000106715	ENSSSCG00000058422	ortholog_one2one	1
ENSMUSG00000042156	ENSSSCG00000009501	ortholog_one2one	1
ENSMUSG00000030500	ENSSSCG00000013343	ortholog_one2one	1
ENSMUSG00000032353	ENSSSCG00000001773	ortholog_one2one	1
ENSMUSG00000022309	ENSSSCG00000006035	ortholog_one2one	1
ENSMUSG00000041794	ENSSSCG00000011269	ortholog_one2one	1
ENSMUSG00000024911	ENSSSCG00000012969	ortholog_one2one	1
ENSMUSG00000022610	ENSSSCG00000032693	ortholog_one2one	1
ENSMUSG00000023968	ENSSSCG00000001672	ortholog_one2one	1
ENSMUSG00000029534	ENSSSCG00000016629	ortholog_one2one	1
ENSMUSG00000057060	ENSSSCG00000010162	ortholog_one2one	1
ENSMUSG00000039183	ENSSSCG00000008014	ortholog_one2one	1
ENSMUSG00000035064	ENSSSCG00000007839	ortholog_one2one	1
ENSMUSG00000032473	ENSSSCG00000011657	ortholog_one2one	1
ENSMUSG00000022338	ENSSSCG00000038444	ortholog_one2one	1
ENSMUSG00000024965	ENSSSCG00000013041	ortholog_one2one	1
ENSMUSG00000034656	ENSSSCG00000013754	ortholog_one2one	1
ENSMUSG00000032377	ENSSSCG00000011690	ortholog_one2one	1
ENSMUSG00000020583	ENSSSCG00000008603	ortholog_one2one	1
ENSMUSG00000063142	ENSSSCG00000010325	ortholog_one2one	1
ENSMUSG00000035933	ENSSSCG00000037556	ortholog_one2one	1
ENSMUSG00000024680	ENSSSCG00000034506	ortholog_one2one	1
ENSMUSG00000037525	ENSSSCG00000040144	ortholog_one2one	1
ENSMUSG00000022312	ENSSSCG00000006016	ortholog_one2one	1
ENSMUSG00000047731	ENSSSCG00000029594	ortholog_one2one	1
ENSMUSG00000023886	ENSSSCG00000004013	ortholog_one2one	1
ENSMUSG00000029467	ENSSSCG00000034386	ortholog_one2one	1
ENSMUSG00000056999	ENSSSCG00000010470	ortholog_one2one	1
ENSMUSG00000032579	ENSSSCG00000025272	ortholog_one2one	1
ENSMUSG00000021716	ENSSSCG00000041202	ortholog_one2one	1
ENSMUSG00000020634	ENSSSCG00000033753	ortholog_one2one	1
ENSMUSG00000052551	ENSSSCG00000011160	ortholog_one2one	1
ENSMUSG00000021604	ENSSSCG00000017112	ortholog_one2one	1
ENSMUSG00000036644	ENSSSCG00000014014	ortholog_one2one	1
ENSMUSG00000046623	ENSSSCG00000035068	ortholog_one2one	1
ENSMUSG00000031861	ENSSSCG00000013932	ortholog_one2one	1
ENSMUSG00000034845	ENSSSCG00000037025	ortholog_one2one	1
ENSMUSG00000046671	ENSSSCG00000003553	ortholog_one2one	1
ENSMUSG00000041323	ENSSSCG00000002504	ortholog_one2one	1
ENSMUSG00000038002	ENSSSCG00000008026	ortholog_one2one	1
ENSMUSG00000062373	ENSSSCG00000040731	ortholog_one2one	1
ENSMUSG00000020629	ENSSSCG00000029161	ortholog_one2one	1
ENSMUSG00000021569	ENSSSCG00000034522	ortholog_one2one	1
ENSMUSG00000023034	ENSSSCG00000031321	ortholog_one2one	1
ENSMUSG00000024985	ENSSSCG00000010638	ortholog_one2one	1
ENSMUSG00000042350	ENSSSCG00000002370	ortholog_one2one	1
ENSMUSG00000045744	ENSSSCG00000008045	ortholog_one2one	1
ENSMUSG00000039246	ENSSSCG00000010817	ortholog_one2one	1
ENSMUSG00000054901	ENSSSCG00000040621	ortholog_one2one	1
ENSMUSG00000037808	ENSSSCG00000014967	ortholog_one2one	1
ENSMUSG00000041801	ENSSSCG00000057685	ortholog_one2one	1
ENSMUSG00000044279	ENSSSCG00000051897	ortholog_one2one	1
ENSMUSG00000056174	ENSSSCG00000033641	ortholog_one2one	1
ENSMUSG00000022561	ENSSSCG00000005912	ortholog_one2one	1
ENSMUSG00000071252	ENSSSCG00000014161	ortholog_one2one	1
ENSMUSG00000034482	ENSSSCG00000001416	ortholog_one2one	1
ENSMUSG00000026315	ENSSSCG00000004888	ortholog_one2one	1
ENSMUSG00000015947	ENSSSCG00000006678	ortholog_one2one	1
ENSMUSG00000059820	ENSSSCG00000015044	ortholog_one2one	1
ENSMUSG00000064293	ENSSSCG00000011527	ortholog_one2one	1
ENSMUSG00000009734	ENSSSCG00000037764	ortholog_one2one	1
ENSMUSG00000023942	ENSSSCG00000001700	ortholog_one2one	1
ENSMUSG00000026199	ENSSSCG00000016212	ortholog_one2one	1
ENSMUSG00000022816	ENSSSCG00000039426	ortholog_one2one	1
ENSMUSG00000049521	ENSSSCG00000026108	ortholog_one2one	1
ENSMUSG00000005610	ENSSSCG00000013405	ortholog_one2one	1
ENSMUSG00000049044	ENSSSCG00000015959	ortholog_one2one	1
ENSMUSG00000015536	ENSSSCG00000016888	ortholog_one2one	1
ENSMUSG00000022680	ENSSSCG00000039119	ortholog_one2one	1
ENSMUSG00000028273	ENSSSCG00000009192	ortholog_one2one	1
ENSMUSG00000004187	ENSSSCG00000026924	ortholog_one2one	1
ENSMUSG00000005674	ENSSSCG00000006354	ortholog_one2one	1
ENSMUSG00000052609	ENSSSCG00000002276	ortholog_one2one	1
ENSMUSG00000042106	ENSSSCG00000049797	ortholog_one2one	1
ENSMUSG00000032495	ENSSSCG00000026945	ortholog_one2one	1
ENSMUSG00000024795	ENSSSCG00000010457	ortholog_one2one	1
ENSMUSG00000031826	ENSSSCG00000002670	ortholog_one2one	1
ENSMUSG00000030741	ENSSSCG00000007811	ortholog_one2one	1
ENSMUSG00000021708	ENSSSCG00000014127	ortholog_one2one	1
ENSMUSG00000021451	ENSSSCG00000009584	ortholog_one2one	1
ENSMUSG00000005677	ENSSSCG00000006353	ortholog_one2one	1
ENSMUSG00000028871	ENSSSCG00000032240	ortholog_one2one	1
ENSMUSG00000042050	ENSSSCG00000038486	ortholog_one2one	1
ENSMUSG00000028347	ENSSSCG00000005391	ortholog_one2one	1
ENSMUSG00000048782	ENSSSCG00000013385	ortholog_one2one	1
ENSMUSG00000024862	ENSSSCG00000012955	ortholog_one2one	1
ENSMUSG00000032547	ENSSSCG00000011642	ortholog_one2one	1
ENSMUSG00000029032	ENSSSCG00000024223	ortholog_one2one	1
ENSMUSG00000048402	ENSSSCG00000015733	ortholog_one2one	1
ENSMUSG00000030706	ENSSSCG00000014829	ortholog_one2one	1
ENSMUSG00000046168	ENSSSCG00000009388	ortholog_one2one	1
ENSMUSG00000029642	ENSSSCG00000009310	ortholog_one2one	1
ENSMUSG00000028217	ENSSSCG00000006106	ortholog_one2one	1
ENSMUSG00000000693	ENSSSCG00000008266	ortholog_one2one	1
ENSMUSG00000070348	ENSSSCG00000037900	ortholog_one2one	1
ENSMUSG00000020952	ENSSSCG00000001973	ortholog_one2one	1
ENSMUSG00000028295	ENSSSCG00000004300	ortholog_one2one	1
ENSMUSG00000042607	ENSSSCG00000015333	ortholog_one2one	1
ENSMUSG00000029103	ENSSSCG00000008701	ortholog_one2one	1
ENSMUSG00000030203	ENSSSCG00000032097	ortholog_one2one	1
ENSMUSG00000036908	ENSSSCG00000012893	ortholog_one2one	1
ENSMUSG00000062590	ENSSSCG00000023994	ortholog_one2one	1
ENSMUSG00000001424	ENSSSCG00000016590	ortholog_one2one	1
ENSMUSG00000048310	ENSSSCG00000040313	ortholog_one2one	1
ENSMUSG00000064254	ENSSSCG00000003064	ortholog_one2one	1
ENSMUSG00000004231	ENSSSCG00000010556	ortholog_one2one	1
ENSMUSG00000032035	ENSSSCG00000015235	ortholog_one2one	1
ENSMUSG00000031930	ENSSSCG00000022609	ortholog_one2one	1
ENSMUSG00000025050	ENSSSCG00000020954	ortholog_one2one	1
ENSMUSG00000029163	ENSSSCG00000008557	ortholog_one2one	1
ENSMUSG00000032261	ENSSSCG00000032015	ortholog_one2one	1
ENSMUSG00000046949	ENSSSCG00000020758	ortholog_one2one	1
ENSMUSG00000028772	ENSSSCG00000031639	ortholog_one2one	1
ENSMUSG00000032334	ENSSSCG00000001914	ortholog_one2one	1
ENSMUSG00000024935	ENSSSCG00000005222	ortholog_one2one	1
ENSMUSG00000032556	ENSSSCG00000011636	ortholog_one2one	1
ENSMUSG00000019823	ENSSSCG00000004412	ortholog_one2one	1
ENSMUSG00000032415	ENSSSCG00000026346	ortholog_one2one	1
ENSMUSG00000030407	ENSSSCG00000032819	ortholog_one2one	1
ENSMUSG00000029283	ENSSSCG00000027251	ortholog_one2one	1
ENSMUSG00000024936	ENSSSCG00000012986	ortholog_one2one	1
ENSMUSG00000024944	ENSSSCG00000034387	ortholog_one2one	1
ENSMUSG00000032026	ENSSSCG00000015056	ortholog_one2one	1
ENSMUSG00000062585	ENSSSCG00000027849	ortholog_one2one	1
ENSMUSG00000025204	ENSSSCG00000006166	ortholog_one2one	1
ENSMUSG00000041297	ENSSSCG00000016769	ortholog_one2one	1
ENSMUSG00000020142	ENSSSCG00000028282	ortholog_one2one	1
ENSMUSG00000000184	ENSSSCG00000038694	ortholog_one2one	1
ENSMUSG00000032459	ENSSSCG00000035771	ortholog_one2one	1
ENSMUSG00000000078	ENSSSCG00000035212	ortholog_one2one	1
ENSMUSG00000021033	ENSSSCG00000002396	ortholog_one2one	1
ENSMUSG00000074088	ENSSSCG00000003596	ortholog_one2one	1
ENSMUSG00000063672	ENSSSCG00000033505	ortholog_one2one	1
ENSMUSG00000024668	ENSSSCG00000013082	ortholog_one2one	1
ENSMUSG00000073002	ENSSSCG00000033135	ortholog_one2one	1
ENSMUSG00000042302	ENSSSCG00000008372	ortholog_one2one	1
ENSMUSG00000070639	ENSSSCG00000037101	ortholog_one2one	1
ENSMUSG00000015882	ENSSSCG00000008748	ortholog_one2one	1
ENSMUSG00000022864	ENSSSCG00000033025	ortholog_one2one	1
ENSMUSG00000024750	ENSSSCG00000030268	ortholog_one2one	1
ENSMUSG00000074579	ENSSSCG00000026579	ortholog_one2one	1
ENSMUSG00000036550	ENSSSCG00000002799	ortholog_one2one	1
ENSMUSG00000044551	ENSSSCG00000009627	ortholog_one2one	1
ENSMUSG00000032578	ENSSSCG00000040581	ortholog_one2one	1
ENSMUSG00000078593	ENSSSCG00000050383	ortholog_one2one	1
ENSMUSG00000009145	ENSSSCG00000022614	ortholog_one2one	1
ENSMUSG00000073802	ENSSSCG00000034120	ortholog_one2one	1
ENSMUSG00000028836	ENSSSCG00000026386	ortholog_one2one	1
ENSMUSG00000039519	ENSSSCG00000022092	ortholog_one2one	1
ENSMUSG00000021850	ENSSSCG00000005067	ortholog_one2one	1
ENSMUSG00000022454	ENSSSCG00000000802	ortholog_one2one	1
ENSMUSG00000011958	ENSSSCG00000004582	ortholog_one2one	1
ENSMUSG00000033149	ENSSSCG00000022081	ortholog_one2one	1
ENSMUSG00000028736	ENSSSCG00000034627	ortholog_one2one	1
ENSMUSG00000053870	ENSSSCG00000003783	ortholog_one2one	1
ENSMUSG00000045004	ENSSSCG00000003476	ortholog_one2one	1
ENSMUSG00000035171	ENSSSCG00000031105	ortholog_one2one	1
ENSMUSG00000055128	ENSSSCG00000021451	ortholog_one2one	1
ENSMUSG00000001025	ENSSSCG00000021084	ortholog_one2one	1
ENSMUSG00000021285	ENSSSCG00000002544	ortholog_one2one	1
ENSMUSG00000051232	ENSSSCG00000040883	ortholog_one2one	1
ENSMUSG00000037892	ENSSSCG00000032749	ortholog_one2one	1
ENSMUSG00000044948	ENSSSCG00000010609	ortholog_one2one	1
ENSMUSG00000000359	ENSSSCG00000028529	ortholog_one2one	1
ENSMUSG00000038403	ENSSSCG00000035429	ortholog_one2one	1
ENSMUSG00000039953	ENSSSCG00000003396	ortholog_one2one	1
ENSMUSG00000020284	ENSSSCG00000024500	ortholog_one2one	1
ENSMUSG00000021023	ENSSSCG00000001950	ortholog_one2one	1
ENSMUSG00000007458	ENSSSCG00000040743	ortholog_one2one	1
ENSMUSG00000024665	ENSSSCG00000013072	ortholog_one2one	1
ENSMUSG00000027737	ENSSSCG00000022649	ortholog_one2one	1
ENSMUSG00000004952	ENSSSCG00000027890	ortholog_one2one	1
ENSMUSG00000026787	ENSSSCG00000011060	ortholog_one2one	1
ENSMUSG00000061524	ENSSSCG00000009520	ortholog_one2one	1
ENSMUSG00000021192	ENSSSCG00000002455	ortholog_one2one	1
ENSMUSG00000048661	ENSSSCG00000000469	ortholog_one2one	1
ENSMUSG00000027962	ENSSSCG00000006862	ortholog_one2one	1
ENSMUSG00000033389	ENSSSCG00000018019	ortholog_one2one	1
ENSMUSG00000021838	ENSSSCG00000023408	ortholog_one2one	1
ENSMUSG00000025405	ENSSSCG00000037446	ortholog_one2one	1
ENSMUSG00000039952	ENSSSCG00000034357	ortholog_one2one	1
ENSMUSG00000028057	ENSSSCG00000023991	ortholog_one2one	1
ENSMUSG00000009092	ENSSSCG00000039626	ortholog_one2one	1
ENSMUSG00000071654	ENSSSCG00000038370	ortholog_one2one	1
ENSMUSG00000045867	ENSSSCG00000000910	ortholog_one2one	1
ENSMUSG00000067242	ENSSSCG00000010481	ortholog_one2one	1
ENSMUSG00000032000	ENSSSCG00000027529	ortholog_one2one	1
ENSMUSG00000030199	ENSSSCG00000024152	ortholog_one2one	1
ENSMUSG00000071324	ENSSSCG00000004388	ortholog_one2one	1
ENSMUSG00000004070	ENSSSCG00000007942	ortholog_one2one	1
ENSMUSG00000027411	ENSSSCG00000007167	ortholog_one2one	1
ENSMUSG00000030055	ENSSSCG00000037568	ortholog_one2one	1
ENSMUSG00000066438	ENSSSCG00000002309	ortholog_one2one	1
ENSMUSG00000032105	ENSSSCG00000027710	ortholog_one2one	1
ENSMUSG00000055421	ENSSSCG00000038842	ortholog_one2one	1
ENSMUSG00000027742	ENSSSCG00000009369	ortholog_one2one	1
ENSMUSG00000029833	ENSSSCG00000016518	ortholog_one2one	1
ENSMUSG00000046603	ENSSSCG00000031304	ortholog_one2one	1
ENSMUSG00000024791	ENSSSCG00000013008	ortholog_one2one	1
ENSMUSG00000057337	ENSSSCG00000023662	ortholog_one2one	1
ENSMUSG00000036523	ENSSSCG00000025483	ortholog_one2one	1
ENSMUSG00000060181	ENSSSCG00000000487	ortholog_one2one	1
ENSMUSG00000033429	ENSSSCG00000035696	ortholog_one2one	1
ENSMUSG00000020063	ENSSSCG00000010235	ortholog_one2one	1
ENSMUSG00000038843	ENSSSCG00000005277	ortholog_one2one	1
ENSMUSG00000022668	ENSSSCG00000036952	ortholog_one2one	1
ENSMUSG00000030527	ENSSSCG00000034090	ortholog_one2one	1
ENSMUSG00000028412	ENSSSCG00000005425	ortholog_one2one	1
ENSMUSG00000020682	ENSSSCG00000034440	ortholog_one2one	1
ENSMUSG00000057729	ENSSSCG00000013417	ortholog_one2one	1
ENSMUSG00000034818	ENSSSCG00000013476	ortholog_one2one	1
ENSMUSG00000034910	ENSSSCG00000004607	ortholog_one2one	1
ENSMUSG00000045980	ENSSSCG00000017230	ortholog_one2one	1
ENSMUSG00000051721	ENSSSCG00000008589	ortholog_one2one	1
ENSMUSG00000021832	ENSSSCG00000005038	ortholog_one2one	1
ENSMUSG00000000028	ENSSSCG00000010122	ortholog_one2one	1
ENSMUSG00000020641	ENSSSCG00000008648	ortholog_one2one	1
ENSMUSG00000035934	ENSSSCG00000015211	ortholog_one2one	1
ENSMUSG00000003762	ENSSSCG00000055235	ortholog_one2one	1
ENSMUSG00000019936	ENSSSCG00000000918	ortholog_one2one	1
ENSMUSG00000022475	ENSSSCG00000027859	ortholog_one2one	1
ENSMUSG00000040415	ENSSSCG00000000449	ortholog_one2one	1
ENSMUSG00000045374	ENSSSCG00000040732	ortholog_one2one	1
ENSMUSG00000066440	ENSSSCG00000002298	ortholog_one2one	1
ENSMUSG00000025355	ENSSSCG00000000368	ortholog_one2one	1
ENSMUSG00000039914	ENSSSCG00000025190	ortholog_one2one	1
ENSMUSG00000040548	ENSSSCG00000017278	ortholog_one2one	1
ENSMUSG00000024817	ENSSSCG00000005201	ortholog_one2one	1
ENSMUSG00000038446	ENSSSCG00000004403	ortholog_one2one	1
ENSMUSG00000022829	ENSSSCG00000039888	ortholog_one2one	1
ENSMUSG00000035325	ENSSSCG00000009244	ortholog_one2one	1
ENSMUSG00000020590	ENSSSCG00000024761	ortholog_one2one	1
ENSMUSG00000035626	ENSSSCG00000002106	ortholog_one2one	1
ENSMUSG00000000440	ENSSSCG00000011579	ortholog_one2one	1
ENSMUSG00000044772	ENSSSCG00000011492	ortholog_one2one	1
ENSMUSG00000022110	ENSSSCG00000009405	ortholog_one2one	1
ENSMUSG00000019966	ENSSSCG00000035495	ortholog_one2one	1
ENSMUSG00000028284	ENSSSCG00000004334	ortholog_one2one	1
ENSMUSG00000043441	ENSSSCG00000023582	ortholog_one2one	1
ENSMUSG00000028048	ENSSSCG00000006522	ortholog_one2one	1
ENSMUSG00000024902	ENSSSCG00000012943	ortholog_one2one	1
ENSMUSG00000010205	ENSSSCG00000013650	ortholog_one2one	1
ENSMUSG00000009210	ENSSSCG00000056561	ortholog_one2one	1
ENSMUSG00000034765	ENSSSCG00000040815	ortholog_one2one	1
ENSMUSG00000036989	ENSSSCG00000059302	ortholog_one2one	1
ENSMUSG00000026223	ENSSSCG00000016267	ortholog_one2one	1
ENSMUSG00000024949	ENSSSCG00000062583	ortholog_one2one	1
ENSMUSG00000003309	ENSSSCG00000025838	ortholog_one2one	1
ENSMUSG00000037204	ENSSSCG00000033687	ortholog_one2one	1
ENSMUSG00000040918	ENSSSCG00000006290	ortholog_one2one	1
ENSMUSG00000026388	ENSSSCG00000015718	ortholog_one2one	1
ENSMUSG00000027255	ENSSSCG00000013245	ortholog_one2one	1
ENSMUSG00000006345	ENSSSCG00000010056	ortholog_one2one	1
ENSMUSG00000059474	ENSSSCG00000017592	ortholog_one2one	1
ENSMUSG00000086564	ENSSSCG00000006734	ortholog_one2one	1
ENSMUSG00000050549	ENSSSCG00000055744	ortholog_one2one	1
ENSMUSG00000020638	ENSSSCG00000008647	ortholog_one2one	1
ENSMUSG00000054414	ENSSSCG00000006860	ortholog_one2one	1
ENSMUSG00000036667	ENSSSCG00000016453	ortholog_one2one	1
ENSMUSG00000016637	ENSSSCG00000000139	ortholog_one2one	1
ENSMUSG00000028223	ENSSSCG00000006126	ortholog_one2one	1
ENSMUSG00000025484	ENSSSCG00000014556	ortholog_one2one	1
ENSMUSG00000040629	ENSSSCG00000006316	ortholog_one2one	1
ENSMUSG00000031984	ENSSSCG00000010176	ortholog_one2one	1
ENSMUSG00000032279	ENSSSCG00000032498	ortholog_one2one	1
ENSMUSG00000024387	ENSSSCG00000001414	ortholog_one2one	1
ENSMUSG00000031451	ENSSSCG00000009565	ortholog_one2one	1
ENSMUSG00000051212	ENSSSCG00000009517	ortholog_one2one	1
ENSMUSG00000046352	ENSSSCG00000056562	ortholog_one2one	1
ENSMUSG00000063821	ENSSSCG00000010317	ortholog_one2one	1
ENSMUSG00000026260	ENSSSCG00000016349	ortholog_one2one	1
ENSMUSG00000028825	ENSSSCG00000026791	ortholog_one2one	1
ENSMUSG00000028032	ENSSSCG00000031901	ortholog_one2one	1
ENSMUSG00000018995	ENSSSCG00000014893	ortholog_one2one	1
ENSMUSG00000022556	ENSSSCG00000005917	ortholog_one2one	1
ENSMUSG00000022064	ENSSSCG00000024722	ortholog_one2one	1
ENSMUSG00000028776	ENSSSCG00000003600	ortholog_one2one	1
ENSMUSG00000020656	ENSSSCG00000026068	ortholog_one2one	1
ENSMUSG00000046519	ENSSSCG00000038558	ortholog_one2one	1
ENSMUSG00000031779	ENSSSCG00000056251	ortholog_one2one	1
ENSMUSG00000025732	ENSSSCG00000007995	ortholog_one2one	1
ENSMUSG00000050121	ENSSSCG00000010506	ortholog_one2one	1
ENSMUSG00000027933	ENSSSCG00000006571	ortholog_one2one	1
ENSMUSG00000024855	ENSSSCG00000012956	ortholog_one2one	1
ENSMUSG00000035293	ENSSSCG00000001974	ortholog_one2one	1
ENSMUSG00000026715	ENSSSCG00000015493	ortholog_one2one	1
ENSMUSG00000029061	ENSSSCG00000003351	ortholog_one2one	1
ENSMUSG00000024365	ENSSSCG00000001428	ortholog_one2one	1
ENSMUSG00000041132	ENSSSCG00000040566	ortholog_one2one	1
ENSMUSG00000026604	ENSSSCG00000015582	ortholog_one2one	1
ENSMUSG00000039968	ENSSSCG00000038977	ortholog_one2one	1
ENSMUSG00000033985	ENSSSCG00000003917	ortholog_one2one	1
ENSMUSG00000038252	ENSSSCG00000000693	ortholog_one2one	1
ENSMUSG00000067995	ENSSSCG00000034156	ortholog_one2one	1
ENSMUSG00000025930	ENSSSCG00000006187	ortholog_one2one	1
ENSMUSG00000021815	ENSSSCG00000010300	ortholog_one2one	1
ENSMUSG00000045679	ENSSSCG00000008631	ortholog_one2one	1
ENSMUSG00000025034	ENSSSCG00000038856	ortholog_one2one	1
ENSMUSG00000025939	ENSSSCG00000006177	ortholog_one2one	1
ENSMUSG00000029345	ENSSSCG00000009962	ortholog_one2one	1
ENSMUSG00000039911	ENSSSCG00000035940	ortholog_one2one	1
ENSMUSG00000030701	ENSSSCG00000014827	ortholog_one2one	1
ENSMUSG00000004842	ENSSSCG00000011996	ortholog_one2one	1
ENSMUSG00000021067	ENSSSCG00000005021	ortholog_one2one	1
ENSMUSG00000039652	ENSSSCG00000010468	ortholog_one2one	1
ENSMUSG00000041329	ENSSSCG00000017951	ortholog_one2one	1
ENSMUSG00000036890	ENSSSCG00000015670	ortholog_one2one	1
ENSMUSG00000020573	ENSSSCG00000027272	ortholog_one2one	1
ENSMUSG00000022771	ENSSSCG00000010083	ortholog_one2one	1
ENSMUSG00000019039	ENSSSCG00000011370	ortholog_one2one	1
ENSMUSG00000046861	ENSSSCG00000003923	ortholog_one2one	1
ENSMUSG00000063406	ENSSSCG00000040439	ortholog_one2one	1
ENSMUSG00000044528	ENSSSCG00000036158	ortholog_one2one	1
ENSMUSG00000043542	ENSSSCG00000006162	ortholog_one2one	1
ENSMUSG00000018470	ENSSSCG00000037973	ortholog_one2one	1
ENSMUSG00000002803	ENSSSCG00000035555	ortholog_one2one	1
ENSMUSG00000024213	ENSSSCG00000031593	ortholog_one2one	1
ENSMUSG00000069520	ENSSSCG00000000510	ortholog_one2one	1
ENSMUSG00000029306	ENSSSCG00000009219	ortholog_one2one	1
ENSMUSG00000033530	ENSSSCG00000002436	ortholog_one2one	1
ENSMUSG00000042699	ENSSSCG00000026806	ortholog_one2one	1
ENSMUSG00000004558	ENSSSCG00000030309	ortholog_one2one	1
ENSMUSG00000035266	ENSSSCG00000009236	ortholog_one2one	1
ENSMUSG00000059562	ENSSSCG00000028139	ortholog_one2one	1
ENSMUSG00000030114	ENSSSCG00000000663	ortholog_one2one	1
ENSMUSG00000017412	ENSSSCG00000029073	ortholog_one2one	1
ENSMUSG00000045613	ENSSSCG00000032532	ortholog_one2one	1
ENSMUSG00000046722	ENSSSCG00000031881	ortholog_one2one	1
ENSMUSG00000024371	ENSSSCG00000001422	ortholog_one2one	1
ENSMUSG00000074651	ENSSSCG00000036183	ortholog_one2one	1
ENSMUSG00000060176	ENSSSCG00000021571	ortholog_one2one	1
ENSMUSG00000075266	ENSSSCG00000057184	ortholog_one2one	1
ENSMUSG00000042129	ENSSSCG00000029662	ortholog_one2one	1
ENSMUSG00000031853	ENSSSCG00000010164	ortholog_one2one	1
ENSMUSG00000002147	ENSSSCG00000040435	ortholog_one2one	1
ENSMUSG00000059734	ENSSSCG00000037455	ortholog_one2one	1
ENSMUSG00000015748	ENSSSCG00000030119	ortholog_one2one	1
ENSMUSG00000022181	ENSSSCG00000016861	ortholog_one2one	1
ENSMUSG00000042185	ENSSSCG00000015242	ortholog_one2one	1
ENSMUSG00000031647	ENSSSCG00000009709	ortholog_one2one	1
ENSMUSG00000037375	ENSSSCG00000015607	ortholog_one2one	1
ENSMUSG00000021719	ENSSSCG00000033581	ortholog_one2one	1
ENSMUSG00000031898	ENSSSCG00000023514	ortholog_one2one	1
ENSMUSG00000023132	ENSSSCG00000016903	ortholog_one2one	1
ENSMUSG00000116165	ENSSSCG00000034632	ortholog_one2one	1
ENSMUSG00000020929	ENSSSCG00000017346	ortholog_one2one	1
ENSMUSG00000047497	ENSSSCG00000016816	ortholog_one2one	1
ENSMUSG00000021646	ENSSSCG00000016971	ortholog_one2one	1
ENSMUSG00000038463	ENSSSCG00000006345	ortholog_one2one	1
ENSMUSG00000041515	ENSSSCG00000034980	ortholog_one2one	1
ENSMUSG00000067370	ENSSSCG00000001503	ortholog_one2one	1
ENSMUSG00000006398	ENSSSCG00000003949	ortholog_one2one	1
ENSMUSG00000033047	ENSSSCG00000000119	ortholog_one2one	1
ENSMUSG00000030733	ENSSSCG00000007804	ortholog_one2one	1
ENSMUSG00000029173	ENSSSCG00000025315	ortholog_one2one	1
ENSMUSG00000017707	ENSSSCG00000039591	ortholog_one2one	1
ENSMUSG00000043085	ENSSSCG00000003466	ortholog_one2one	1
ENSMUSG00000003051	ENSSSCG00000010922	ortholog_one2one	1
ENSMUSG00000003500	ENSSSCG00000016585	ortholog_one2one	1
ENSMUSG00000024248	ENSSSCG00000008466	ortholog_one2one	1
ENSMUSG00000028693	ENSSSCG00000029573	ortholog_one2one	1
ENSMUSG00000055013	ENSSSCG00000016317	ortholog_one2one	1
ENSMUSG00000039220	ENSSSCG00000001347	ortholog_one2one	1
ENSMUSG00000040339	ENSSSCG00000006850	ortholog_one2one	1
ENSMUSG00000003813	ENSSSCG00000013747	ortholog_one2one	1
ENSMUSG00000038204	ENSSSCG00000029241	ortholog_one2one	1
ENSMUSG00000033308	ENSSSCG00000006878	ortholog_one2one	1
ENSMUSG00000042351	ENSSSCG00000000080	ortholog_one2one	1
ENSMUSG00000038583	ENSSSCG00000062089	ortholog_one2one	1
ENSMUSG00000022469	ENSSSCG00000023526	ortholog_one2one	1
ENSMUSG00000021109	ENSSSCG00000005096	ortholog_one2one	1
ENSMUSG00000020062	ENSSSCG00000000871	ortholog_one2one	1
ENSMUSG00000029434	ENSSSCG00000028005	ortholog_one2one	1
ENSMUSG00000037784	ENSSSCG00000027467	ortholog_one2one	1
ENSMUSG00000004105	ENSSSCG00000005608	ortholog_one2one	1
ENSMUSG00000026051	ENSSSCG00000037106	ortholog_one2one	1
ENSMUSG00000024891	ENSSSCG00000012941	ortholog_one2one	1
ENSMUSG00000028049	ENSSSCG00000006520	ortholog_one2one	1
ENSMUSG00000026566	ENSSSCG00000006306	ortholog_one2one	1
ENSMUSG00000028264	ENSSSCG00000004308	ortholog_one2one	1
ENSMUSG00000015671	ENSSSCG00000039582	ortholog_one2one	1
ENSMUSG00000044177	ENSSSCG00000017557	ortholog_one2one	1
ENSMUSG00000054958	ENSSSCG00000003662	ortholog_one2one	1
ENSMUSG00000093989	ENSSSCG00000017929	ortholog_one2one	1
ENSMUSG00000028899	ENSSSCG00000027530	ortholog_one2one	1
ENSMUSG00000027422	ENSSSCG00000024692	ortholog_one2one	1
ENSMUSG00000041439	ENSSSCG00000016052	ortholog_one2one	1
ENSMUSG00000017801	ENSSSCG00000017397	ortholog_one2one	1
ENSMUSG00000033386	ENSSSCG00000006873	ortholog_one2one	1
ENSMUSG00000049112	ENSSSCG00000021585	ortholog_one2one	1
ENSMUSG00000037966	ENSSSCG00000063184	ortholog_one2one	1
ENSMUSG00000030278	ENSSSCG00000011557	ortholog_one2one	1
ENSMUSG00000091264	ENSSSCG00000041131	ortholog_one2one	1
ENSMUSG00000021318	ENSSSCG00000016763	ortholog_one2one	1
ENSMUSG00000032291	ENSSSCG00000021873	ortholog_one2one	1
ENSMUSG00000052146	ENSSSCG00000060493	ortholog_one2one	1
ENSMUSG00000056305	ENSSSCG00000030435	ortholog_one2one	1
ENSMUSG00000031965	ENSSSCG00000016662	ortholog_one2one	1
ENSMUSG00000026179	ENSSSCG00000029002	ortholog_one2one	1
ENSMUSG00000028655	ENSSSCG00000003669	ortholog_one2one	1
ENSMUSG00000054611	ENSSSCG00000029637	ortholog_one2one	1
ENSMUSG00000021731	ENSSSCG00000032275	ortholog_one2one	1
ENSMUSG00000048332	ENSSSCG00000029855	ortholog_one2one	1
ENSMUSG00000028041	ENSSSCG00000006533	ortholog_one2one	1
ENSMUSG00000015605	ENSSSCG00000001661	ortholog_one2one	1
ENSMUSG00000027479	ENSSSCG00000007253	ortholog_one2one	1
ENSMUSG00000030047	ENSSSCG00000008344	ortholog_one2one	1
ENSMUSG00000019256	ENSSSCG00000030484	ortholog_one2one	1
ENSMUSG00000024215	ENSSSCG00000036573	ortholog_one2one	1
ENSMUSG00000028344	ENSSSCG00000005388	ortholog_one2one	1
ENSMUSG00000005320	ENSSSCG00000014047	ortholog_one2one	1
ENSMUSG00000041360	ENSSSCG00000005227	ortholog_one2one	1
ENSMUSG00000021886	ENSSSCG00000021146	ortholog_one2one	1
ENSMUSG00000021279	ENSSSCG00000002523	ortholog_one2one	1
ENSMUSG00000013787	ENSSSCG00000001420	ortholog_one2one	1
ENSMUSG00000025533	ENSSSCG00000007738	ortholog_one2one	1
ENSMUSG00000025964	ENSSSCG00000016131	ortholog_one2one	1
ENSMUSG00000032481	ENSSSCG00000011340	ortholog_one2one	1
ENSMUSG00000004473	ENSSSCG00000036814	ortholog_one2one	1
ENSMUSG00000028701	ENSSSCG00000026991	ortholog_one2one	1
ENSMUSG00000022463	ENSSSCG00000026092	ortholog_one2one	1
ENSMUSG00000035472	ENSSSCG00000039317	ortholog_one2one	1
ENSMUSG00000025324	ENSSSCG00000004830	ortholog_one2one	1
ENSMUSG00000052812	ENSSSCG00000008591	ortholog_one2one	1
ENSMUSG00000060657	ENSSSCG00000029168	ortholog_one2one	1
ENSMUSG00000006219	ENSSSCG00000003465	ortholog_one2one	1
ENSMUSG00000040187	ENSSSCG00000000551	ortholog_one2one	1
ENSMUSG00000021374	ENSSSCG00000026034	ortholog_one2one	1
ENSMUSG00000022828	ENSSSCG00000063377	ortholog_one2one	1
ENSMUSG00000021263	ENSSSCG00000002512	ortholog_one2one	1
ENSMUSG00000016757	ENSSSCG00000000034	ortholog_one2one	1
ENSMUSG00000052363	ENSSSCG00000011847	ortholog_one2one	1
ENSMUSG00000020659	ENSSSCG00000028585	ortholog_one2one	1
ENSMUSG00000005533	ENSSSCG00000030560	ortholog_one2one	1
ENSMUSG00000006134	ENSSSCG00000010095	ortholog_one2one	1
ENSMUSG00000057554	ENSSSCG00000010146	ortholog_one2one	1
ENSMUSG00000029557	ENSSSCG00000036247	ortholog_one2one	1
ENSMUSG00000021248	ENSSSCG00000035684	ortholog_one2one	1
ENSMUSG00000036304	ENSSSCG00000011914	ortholog_one2one	1
ENSMUSG00000049382	ENSSSCG00000000252	ortholog_one2one	1
ENSMUSG00000055884	ENSSSCG00000005000	ortholog_one2one	1
ENSMUSG00000039917	ENSSSCG00000040182	ortholog_one2one	1
ENSMUSG00000022781	ENSSSCG00000011843	ortholog_one2one	1
ENSMUSG00000055114	ENSSSCG00000005979	ortholog_one2one	1
ENSMUSG00000022372	ENSSSCG00000005949	ortholog_one2one	1
ENSMUSG00000050241	ENSSSCG00000026217	ortholog_one2one	1
ENSMUSG00000057604	ENSSSCG00000011538	ortholog_one2one	1
ENSMUSG00000064289	ENSSSCG00000015889	ortholog_one2one	1
ENSMUSG00000037606	ENSSSCG00000012862	ortholog_one2one	1
ENSMUSG00000022248	ENSSSCG00000016826	ortholog_one2one	1
ENSMUSG00000022722	ENSSSCG00000027278	ortholog_one2one	1
ENSMUSG00000035329	ENSSSCG00000004989	ortholog_one2one	1
ENSMUSG00000042408	ENSSSCG00000034618	ortholog_one2one	1
ENSMUSG00000021241	ENSSSCG00000002367	ortholog_one2one	1
ENSMUSG00000036377	ENSSSCG00000008903	ortholog_one2one	1
ENSMUSG00000045761	ENSSSCG00000008536	ortholog_one2one	1
ENSMUSG00000021275	ENSSSCG00000002528	ortholog_one2one	1
ENSMUSG00000035891	ENSSSCG00000038763	ortholog_one2one	1
ENSMUSG00000063531	ENSSSCG00000015399	ortholog_one2one	1
ENSMUSG00000022861	ENSSSCG00000022550	ortholog_one2one	1
ENSMUSG00000023906	ENSSSCG00000023743	ortholog_one2one	1
ENSMUSG00000033114	ENSSSCG00000039368	ortholog_one2one	1
ENSMUSG00000064284	ENSSSCG00000000005	ortholog_one2one	1
ENSMUSG00000048096	ENSSSCG00000031201	ortholog_one2one	1
ENSMUSG00000099032	ENSSSCG00000049935	ortholog_one2one	1
ENSMUSG00000034145	ENSSSCG00000002398	ortholog_one2one	1
ENSMUSG00000036854	ENSSSCG00000023498	ortholog_one2one	1
ENSMUSG00000036733	ENSSSCG00000002905	ortholog_one2one	1
ENSMUSG00000028433	ENSSSCG00000010987	ortholog_one2one	1
ENSMUSG00000026303	ENSSSCG00000032849	ortholog_one2one	1
ENSMUSG00000019777	ENSSSCG00000004432	ortholog_one2one	1
ENSMUSG00000005397	ENSSSCG00000026819	ortholog_one2one	1
ENSMUSG00000022550	ENSSSCG00000005907	ortholog_one2one	1
ENSMUSG00000025995	ENSSSCG00000016036	ortholog_one2one	1
ENSMUSG00000002222	ENSSSCG00000035478	ortholog_one2one	1
ENSMUSG00000063808	ENSSSCG00000002865	ortholog_one2one	1
ENSMUSG00000021608	ENSSSCG00000017116	ortholog_one2one	1
ENSMUSG00000025348	ENSSSCG00000036237	ortholog_one2one	1
ENSMUSG00000029166	ENSSSCG00000029185	ortholog_one2one	1
ENSMUSG00000029775	ENSSSCG00000027131	ortholog_one2one	1
ENSMUSG00000025171	ENSSSCG00000010521	ortholog_one2one	1
ENSMUSG00000024997	ENSSSCG00000010682	ortholog_one2one	1
ENSMUSG00000033963	ENSSSCG00000034155	ortholog_one2one	1
ENSMUSG00000038028	ENSSSCG00000024219	ortholog_one2one	1
ENSMUSG00000021187	ENSSSCG00000002443	ortholog_one2one	1
ENSMUSG00000046008	ENSSSCG00000010658	ortholog_one2one	1
ENSMUSG00000002660	ENSSSCG00000038079	ortholog_one2one	1
ENSMUSG00000025867	ENSSSCG00000033682	ortholog_one2one	1
ENSMUSG00000021108	ENSSSCG00000005095	ortholog_one2one	1
ENSMUSG00000046079	ENSSSCG00000038417	ortholog_one2one	1
ENSMUSG00000075033	ENSSSCG00000011950	ortholog_one2one	1
ENSMUSG00000003273	ENSSSCG00000003147	ortholog_one2one	1
ENSMUSG00000038541	ENSSSCG00000008521	ortholog_one2one	1
ENSMUSG00000035048	ENSSSCG00000033057	ortholog_one2one	1
ENSMUSG00000022893	ENSSSCG00000012026	ortholog_one2one	1
ENSMUSG00000024845	ENSSSCG00000012905	ortholog_one2one	1
ENSMUSG00000067150	ENSSSCG00000001679	ortholog_one2one	1
ENSMUSG00000020722	ENSSSCG00000017271	ortholog_one2one	1
ENSMUSG00000062609	ENSSSCG00000012066	ortholog_one2one	1
ENSMUSG00000029821	ENSSSCG00000016716	ortholog_one2one	1
ENSMUSG00000021556	ENSSSCG00000010955	ortholog_one2one	1
ENSMUSG00000020130	ENSSSCG00000000512	ortholog_one2one	1
ENSMUSG00000036867	ENSSSCG00000004948	ortholog_one2one	1
ENSMUSG00000037653	ENSSSCG00000035712	ortholog_one2one	1
ENSMUSG00000032348	ENSSSCG00000023467	ortholog_one2one	1
ENSMUSG00000072214	ENSSSCG00000010128	ortholog_one2one	1
ENSMUSG00000005656	ENSSSCG00000040912	ortholog_one2one	1
ENSMUSG00000030870	ENSSSCG00000040265	ortholog_one2one	1
ENSMUSG00000004880	ENSSSCG00000032397	ortholog_one2one	1
ENSMUSG00000032192	ENSSSCG00000004622	ortholog_one2one	1
ENSMUSG00000035125	ENSSSCG00000021287	ortholog_one2one	1
ENSMUSG00000003623	ENSSSCG00000015391	ortholog_one2one	1
ENSMUSG00000025077	ENSSSCG00000010644	ortholog_one2one	1
ENSMUSG00000041841	ENSSSCG00000033326	ortholog_one2one	1
ENSMUSG00000058886	ENSSSCG00000012850	ortholog_one2one	1
ENSMUSG00000024975	ENSSSCG00000010627	ortholog_one2one	1
ENSMUSG00000003848	ENSSSCG00000002753	ortholog_one2one	1
ENSMUSG00000021760	ENSSSCG00000021973	ortholog_one2one	1
ENSMUSG00000021448	ENSSSCG00000039841	ortholog_one2one	1
ENSMUSG00000058446	ENSSSCG00000037116	ortholog_one2one	1
ENSMUSG00000035910	ENSSSCG00000001085	ortholog_one2one	1
ENSMUSG00000038895	ENSSSCG00000013616	ortholog_one2one	1
ENSMUSG00000025408	ENSSSCG00000050998	ortholog_one2one	1
ENSMUSG00000071064	ENSSSCG00000009037	ortholog_one2one	1
ENSMUSG00000047434	ENSSSCG00000035414	ortholog_one2one	1
ENSMUSG00000021431	ENSSSCG00000046358	ortholog_one2one	1
ENSMUSG00000037977	ENSSSCG00000037433	ortholog_one2one	1
ENSMUSG00000022881	ENSSSCG00000011804	ortholog_one2one	1
ENSMUSG00000089917	ENSSSCG00000035939	ortholog_one2one	1
ENSMUSG00000023307	ENSSSCG00000039887	ortholog_one2one	1
ENSMUSG00000020176	ENSSSCG00000015631	ortholog_one2one	1
ENSMUSG00000003226	ENSSSCG00000008136	ortholog_one2one	1
ENSMUSG00000045658	ENSSSCG00000035058	ortholog_one2one	1
ENSMUSG00000032595	ENSSSCG00000011391	ortholog_one2one	1
ENSMUSG00000038733	ENSSSCG00000010849	ortholog_one2one	1
ENSMUSG00000043311	ENSSSCG00000063581	ortholog_one2one	1
ENSMUSG00000037428	ENSSSCG00000039053	ortholog_one2one	1
ENSMUSG00000034501	ENSSSCG00000005082	ortholog_one2one	1
ENSMUSG00000038246	ENSSSCG00000026323	ortholog_one2one	1
ENSMUSG00000028800	ENSSSCG00000003613	ortholog_one2one	1
ENSMUSG00000021366	ENSSSCG00000001049	ortholog_one2one	1
ENSMUSG00000039639	ENSSSCG00000012049	ortholog_one2one	1
ENSMUSG00000062376	ENSSSCG00000038633	ortholog_one2one	1
ENSMUSG00000039456	ENSSSCG00000012055	ortholog_one2one	1
ENSMUSG00000007617	ENSSSCG00000014113	ortholog_one2one	1
ENSMUSG00000024081	ENSSSCG00000008493	ortholog_one2one	1
ENSMUSG00000022144	ENSSSCG00000038727	ortholog_one2one	1
ENSMUSG00000022323	ENSSSCG00000006079	ortholog_one2one	1
ENSMUSG00000054874	ENSSSCG00000012983	ortholog_one2one	1
ENSMUSG00000026258	ENSSSCG00000016294	ortholog_one2one	1
ENSMUSG00000048489	ENSSSCG00000022256	ortholog_one2one	1
ENSMUSG00000004788	ENSSSCG00000002377	ortholog_one2one	1
ENSMUSG00000030104	ENSSSCG00000034197	ortholog_one2one	1
ENSMUSG00000042726	ENSSSCG00000009886	ortholog_one2one	1
ENSMUSG00000040441	ENSSSCG00000036029	ortholog_one2one	1
ENSMUSG00000059149	ENSSSCG00000021487	ortholog_one2one	1
ENSMUSG00000066150	ENSSSCG00000034278	ortholog_one2one	1
ENSMUSG00000059791	ENSSSCG00000023639	ortholog_one2one	1
ENSMUSG00000058290	ENSSSCG00000000265	ortholog_one2one	1
ENSMUSG00000019845	ENSSSCG00000004423	ortholog_one2one	1
ENSMUSG00000032611	ENSSSCG00000056386	ortholog_one2one	1
ENSMUSG00000019487	ENSSSCG00000013554	ortholog_one2one	1
ENSMUSG00000021134	ENSSSCG00000032583	ortholog_one2one	1
ENSMUSG00000032172	ENSSSCG00000027434	ortholog_one2one	1
ENSMUSG00000028247	ENSSSCG00000004349	ortholog_one2one	1
ENSMUSG00000009828	ENSSSCG00000002628	ortholog_one2one	1
ENSMUSG00000030030	ENSSSCG00000023156	ortholog_one2one	1
ENSMUSG00000022519	ENSSSCG00000007949	ortholog_one2one	1
ENSMUSG00000023004	ENSSSCG00000000190	ortholog_one2one	1
ENSMUSG00000041977	ENSSSCG00000006461	ortholog_one2one	1
ENSMUSG00000030138	ENSSSCG00000010198	ortholog_one2one	1
ENSMUSG00000006378	ENSSSCG00000029945	ortholog_one2one	1
ENSMUSG00000020076	ENSSSCG00000010246	ortholog_one2one	1
ENSMUSG00000017491	ENSSSCG00000011212	ortholog_one2one	1
ENSMUSG00000022292	ENSSSCG00000036139	ortholog_one2one	1
ENSMUSG00000038991	ENSSSCG00000034131	ortholog_one2one	1
ENSMUSG00000022855	ENSSSCG00000011794	ortholog_one2one	1
ENSMUSG00000027472	ENSSSCG00000007237	ortholog_one2one	1
ENSMUSG00000006403	ENSSSCG00000006359	ortholog_one2one	1
ENSMUSG00000030849	ENSSSCG00000010698	ortholog_one2one	1
ENSMUSG00000041673	ENSSSCG00000010384	ortholog_one2one	1
ENSMUSG00000032050	ENSSSCG00000015013	ortholog_one2one	1
ENSMUSG00000030340	ENSSSCG00000000707	ortholog_one2one	1
ENSMUSG00000037824	ENSSSCG00000010341	ortholog_one2one	1
ENSMUSG00000027323	ENSSSCG00000004766	ortholog_one2one	1
ENSMUSG00000030086	ENSSSCG00000031557	ortholog_one2one	1
ENSMUSG00000064210	ENSSSCG00000000804	ortholog_one2one	1
ENSMUSG00000028402	ENSSSCG00000005191	ortholog_one2one	1
ENSMUSG00000000365	ENSSSCG00000009572	ortholog_one2one	1
ENSMUSG00000018340	ENSSSCG00000017089	ortholog_one2one	1
ENSMUSG00000019809	ENSSSCG00000004134	ortholog_one2one	1
ENSMUSG00000029819	ENSSSCG00000016718	ortholog_one2one	1
ENSMUSG00000030206	ENSSSCG00000039316	ortholog_one2one	1
ENSMUSG00000059434	ENSSSCG00000028672	ortholog_one2one	1
ENSMUSG00000040729	ENSSSCG00000014979	ortholog_one2one	1
ENSMUSG00000040374	ENSSSCG00000006168	ortholog_one2one	1
ENSMUSG00000048756	ENSSSCG00000004387	ortholog_one2one	1
ENSMUSG00000055069	ENSSSCG00000031723	ortholog_one2one	1
ENSMUSG00000032469	ENSSSCG00000031098	ortholog_one2one	1
ENSMUSG00000004849	ENSSSCG00000021145	ortholog_one2one	1
ENSMUSG00000050953	ENSSSCG00000004241	ortholog_one2one	1
ENSMUSG00000059900	ENSSSCG00000011583	ortholog_one2one	1
ENSMUSG00000020154	ENSSSCG00000000504	ortholog_one2one	1
ENSMUSG00000024078	ENSSSCG00000008512	ortholog_one2one	1
ENSMUSG00000039488	ENSSSCG00000014975	ortholog_one2one	1
ENSMUSG00000029246	ENSSSCG00000008902	ortholog_one2one	1
ENSMUSG00000028186	ENSSSCG00000022206	ortholog_one2one	1
ENSMUSG00000038740	ENSSSCG00000036926	ortholog_one2one	1
ENSMUSG00000063971	ENSSSCG00000040135	ortholog_one2one	1
ENSMUSG00000044534	ENSSSCG00000031154	ortholog_one2one	1
ENSMUSG00000022220	ENSSSCG00000001988	ortholog_one2one	1
ENSMUSG00000005716	ENSSSCG00000000138	ortholog_one2one	1
ENSMUSG00000045031	ENSSSCG00000034743	ortholog_one2one	1
ENSMUSG00000025234	ENSSSCG00000054126	ortholog_one2one	1
ENSMUSG00000042985	ENSSSCG00000057287	ortholog_one2one	1
ENSMUSG00000001285	ENSSSCG00000046295	ortholog_one2one	1
ENSMUSG00000018707	ENSSSCG00000040738	ortholog_one2one	1
ENSMUSG00000075327	ENSSSCG00000004090	ortholog_one2one	1
ENSMUSG00000090100	ENSSSCG00000004718	ortholog_one2one	1
ENSMUSG00000057788	ENSSSCG00000025329	ortholog_one2one	1
ENSMUSG00000014551	ENSSSCG00000034318	ortholog_one2one	1
ENSMUSG00000022437	ENSSSCG00000028346	ortholog_one2one	1
ENSMUSG00000011158	ENSSSCG00000031710	ortholog_one2one	1
ENSMUSG00000022203	ENSSSCG00000002026	ortholog_one2one	1
ENSMUSG00000022663	ENSSSCG00000011930	ortholog_one2one	1
ENSMUSG00000038482	ENSSSCG00000009560	ortholog_one2one	1
ENSMUSG00000050919	ENSSSCG00000016976	ortholog_one2one	1
ENSMUSG00000042323	ENSSSCG00000035824	ortholog_one2one	1
ENSMUSG00000004151	ENSSSCG00000024591	ortholog_one2one	1
ENSMUSG00000094410	ENSSSCG00000059016	ortholog_one2one	1
ENSMUSG00000029468	ENSSSCG00000009817	ortholog_one2one	1
ENSMUSG00000009035	ENSSSCG00000000108	ortholog_one2one	1
ENSMUSG00000027706	ENSSSCG00000029608	ortholog_one2one	1
ENSMUSG00000022664	ENSSSCG00000011929	ortholog_one2one	1
ENSMUSG00000027951	ENSSSCG00000006543	ortholog_one2one	1
ENSMUSG00000033769	ENSSSCG00000008310	ortholog_one2one	1
ENSMUSG00000021390	ENSSSCG00000034607	ortholog_one2one	1
ENSMUSG00000033102	ENSSSCG00000027557	ortholog_one2one	1
ENSMUSG00000022802	ENSSSCG00000011857	ortholog_one2one	1
ENSMUSG00000039601	ENSSSCG00000001716	ortholog_one2one	1
ENSMUSG00000052504	ENSSSCG00000026130	ortholog_one2one	1
ENSMUSG00000026697	ENSSSCG00000035066	ortholog_one2one	1
ENSMUSG00000034673	ENSSSCG00000001438	ortholog_one2one	1
ENSMUSG00000034620	ENSSSCG00000000462	ortholog_one2one	1
ENSMUSG00000025781	ENSSSCG00000034086	ortholog_one2one	1
ENSMUSG00000026083	ENSSSCG00000008180	ortholog_one2one	1
ENSMUSG00000022602	ENSSSCG00000038965	ortholog_one2one	1
ENSMUSG00000060429	ENSSSCG00000005994	ortholog_one2one	1
ENSMUSG00000033597	ENSSSCG00000033059	ortholog_one2one	1
ENSMUSG00000062074	ENSSSCG00000004422	ortholog_one2one	1
ENSMUSG00000029650	ENSSSCG00000009322	ortholog_one2one	1
ENSMUSG00000020235	ENSSSCG00000013481	ortholog_one2one	1
ENSMUSG00000023087	ENSSSCG00000024596	ortholog_one2one	1
ENSMUSG00000047940	ENSSSCG00000009188	ortholog_one2one	1
ENSMUSG00000053414	ENSSSCG00000029392	ortholog_one2one	1
ENSMUSG00000002804	ENSSSCG00000002557	ortholog_one2one	1
ENSMUSG00000000916	ENSSSCG00000007704	ortholog_one2one	1
ENSMUSG00000022911	ENSSSCG00000027571	ortholog_one2one	1
ENSMUSG00000054693	ENSSSCG00000004595	ortholog_one2one	1
ENSMUSG00000038402	ENSSSCG00000037195	ortholog_one2one	1
ENSMUSG00000021209	ENSSSCG00000002474	ortholog_one2one	1
ENSMUSG00000050312	ENSSSCG00000027432	ortholog_one2one	1
ENSMUSG00000053137	ENSSSCG00000033171	ortholog_one2one	1
ENSMUSG00000032937	ENSSSCG00000029084	ortholog_one2one	1
ENSMUSG00000014232	ENSSSCG00000007955	ortholog_one2one	1
ENSMUSG00000015027	ENSSSCG00000002645	ortholog_one2one	1
ENSMUSG00000026437	ENSSSCG00000015290	ortholog_one2one	1
ENSMUSG00000061950	ENSSSCG00000003679	ortholog_one2one	1
ENSMUSG00000043144	ENSSSCG00000000212	ortholog_one2one	1
ENSMUSG00000022342	ENSSSCG00000006021	ortholog_one2one	1
ENSMUSG00000040652	ENSSSCG00000004550	ortholog_one2one	1
ENSMUSG00000022337	ENSSSCG00000006032	ortholog_one2one	1
ENSMUSG00000031938	ENSSSCG00000014948	ortholog_one2one	1
ENSMUSG00000045034	ENSSSCG00000014124	ortholog_one2one	1
ENSMUSG00000021534	ENSSSCG00000017098	ortholog_one2one	1
ENSMUSG00000052616	ENSSSCG00000063594	ortholog_one2one	1
ENSMUSG00000000439	ENSSSCG00000029877	ortholog_one2one	1
ENSMUSG00000032114	ENSSSCG00000015105	ortholog_one2one	1
ENSMUSG00000022452	ENSSSCG00000020945	ortholog_one2one	1
ENSMUSG00000020000	ENSSSCG00000004191	ortholog_one2one	1
ENSMUSG00000022791	ENSSSCG00000011849	ortholog_one2one	1
ENSMUSG00000056370	ENSSSCG00000008229	ortholog_one2one	1
ENSMUSG00000005360	ENSSSCG00000016841	ortholog_one2one	1
ENSMUSG00000026342	ENSSSCG00000015709	ortholog_one2one	1
ENSMUSG00000021217	ENSSSCG00000025214	ortholog_one2one	1
ENSMUSG00000025351	ENSSSCG00000000361	ortholog_one2one	1
ENSMUSG00000029661	ENSSSCG00000015326	ortholog_one2one	1
ENSMUSG00000003420	ENSSSCG00000003187	ortholog_one2one	1
ENSMUSG00000021460	ENSSSCG00000009591	ortholog_one2one	1
ENSMUSG00000002343	ENSSSCG00000049430	ortholog_one2one	1
ENSMUSG00000027774	ENSSSCG00000025651	ortholog_one2one	1
ENSMUSG00000079681	ENSSSCG00000025754	ortholog_one2one	1
ENSMUSG00000020674	ENSSSCG00000029570	ortholog_one2one	1
ENSMUSG00000061559	ENSSSCG00000001757	ortholog_one2one	1
ENSMUSG00000079215	ENSSSCG00000032962	ortholog_one2one	1
ENSMUSG00000114755	ENSSSCG00000000121	ortholog_one2one	1
ENSMUSG00000045302	ENSSSCG00000008553	ortholog_one2one	1
ENSMUSG00000020400	ENSSSCG00000017091	ortholog_one2one	1
ENSMUSG00000023169	ENSSSCG00000000807	ortholog_one2one	1
ENSMUSG00000062929	ENSSSCG00000001959	ortholog_one2one	1
ENSMUSG00000027828	ENSSSCG00000030567	ortholog_one2one	1
ENSMUSG00000017999	ENSSSCG00000022915	ortholog_one2one	1
ENSMUSG00000021136	ENSSSCG00000002314	ortholog_one2one	1
ENSMUSG00000000214	ENSSSCG00000039767	ortholog_one2one	1
ENSMUSG00000020308	ENSSSCG00000052718	ortholog_one2one	1
ENSMUSG00000049184	ENSSSCG00000038933	ortholog_one2one	1
ENSMUSG00000037894	ENSSSCG00000009178	ortholog_one2one	1
ENSMUSG00000019828	ENSSSCG00000004119	ortholog_one2one	1
ENSMUSG00000031652	ENSSSCG00000002841	ortholog_one2one	1
ENSMUSG00000089774	ENSSSCG00000034167	ortholog_one2one	1
ENSMUSG00000033998	ENSSSCG00000010163	ortholog_one2one	1
ENSMUSG00000037492	ENSSSCG00000007010	ortholog_one2one	1
ENSMUSG00000044548	ENSSSCG00000031856	ortholog_one2one	1
ENSMUSG00000026193	ENSSSCG00000016174	ortholog_one2one	1
ENSMUSG00000027762	ENSSSCG00000022105	ortholog_one2one	1
ENSMUSG00000027552	ENSSSCG00000006145	ortholog_one2one	1
ENSMUSG00000040877	ENSSSCG00000002517	ortholog_one2one	1
ENSMUSG00000036398	ENSSSCG00000024259	ortholog_one2one	1
ENSMUSG00000024026	ENSSSCG00000027778	ortholog_one2one	1
ENSMUSG00000040813	ENSSSCG00000011424	ortholog_one2one	1
ENSMUSG00000045680	ENSSSCG00000033258	ortholog_one2one	1
ENSMUSG00000033342	ENSSSCG00000006876	ortholog_one2one	1
ENSMUSG00000074064	ENSSSCG00000031450	ortholog_one2one	1
ENSMUSG00000016028	ENSSSCG00000031361	ortholog_one2one	1
ENSMUSG00000050377	ENSSSCG00000016915	ortholog_one2one	1
ENSMUSG00000044712	ENSSSCG00000005092	ortholog_one2one	1
ENSMUSG00000029147	ENSSSCG00000027135	ortholog_one2one	1
ENSMUSG00000012519	ENSSSCG00000002716	ortholog_one2one	1
ENSMUSG00000050272	ENSSSCG00000012072	ortholog_one2one	1
ENSMUSG00000045576	ENSSSCG00000006779	ortholog_one2one	1
ENSMUSG00000096883	ENSSSCG00000035755	ortholog_one2one	1
ENSMUSG00000106379	ENSSSCG00000035554	ortholog_one2one	1
ENSMUSG00000054409	ENSSSCG00000006031	ortholog_one2one	1
ENSMUSG00000068220	ENSSSCG00000033854	ortholog_one2one	1
ENSMUSG00000037649	ENSSSCG00000001470	ortholog_one2one	1
ENSMUSG00000007812	ENSSSCG00000007617	ortholog_one2one	1
ENSMUSG00000022762	ENSSSCG00000012020	ortholog_one2one	1
ENSMUSG00000021711	ENSSSCG00000016949	ortholog_one2one	1
ENSMUSG00000021090	ENSSSCG00000005081	ortholog_one2one	1
ENSMUSG00000035828	ENSSSCG00000032936	ortholog_one2one	1
ENSMUSG00000057789	ENSSSCG00000001516	ortholog_one2one	1
ENSMUSG00000031935	ENSSSCG00000014949	ortholog_one2one	1
ENSMUSG00000033029	ENSSSCG00000000117	ortholog_one2one	1
ENSMUSG00000022945	ENSSSCG00000012056	ortholog_one2one	1
ENSMUSG00000005609	ENSSSCG00000013406	ortholog_one2one	1
ENSMUSG00000027080	ENSSSCG00000013177	ortholog_one2one	1
ENSMUSG00000049672	ENSSSCG00000033032	ortholog_one2one	1
ENSMUSG00000054520	ENSSSCG00000022004	ortholog_one2one	1
ENSMUSG00000051373	ENSSSCG00000005713	ortholog_one2one	1
ENSMUSG00000036606	ENSSSCG00000035733	ortholog_one2one	1
ENSMUSG00000045817	ENSSSCG00000038549	ortholog_one2one	1
ENSMUSG00000019320	ENSSSCG00000008034	ortholog_one2one	1
ENSMUSG00000032092	ENSSSCG00000015091	ortholog_one2one	1
ENSMUSG00000037129	ENSSSCG00000038710	ortholog_one2one	1
ENSMUSG00000039672	ENSSSCG00000055615	ortholog_one2one	1
ENSMUSG00000023147	ENSSSCG00000037381	ortholog_one2one	1
ENSMUSG00000029576	ENSSSCG00000007575	ortholog_one2one	1
ENSMUSG00000021259	ENSSSCG00000002510	ortholog_one2one	1
ENSMUSG00000002032	ENSSSCG00000029395	ortholog_one2one	1
ENSMUSG00000049436	ENSSSCG00000011904	ortholog_one2one	1
ENSMUSG00000022952	ENSSSCG00000035537	ortholog_one2one	1
ENSMUSG00000030800	ENSSSCG00000038600	ortholog_one2one	1
ENSMUSG00000022814	ENSSSCG00000011864	ortholog_one2one	1
ENSMUSG00000046991	ENSSSCG00000004008	ortholog_one2one	1
ENSMUSG00000028040	ENSSSCG00000036831	ortholog_one2one	1
ENSMUSG00000002210	ENSSSCG00000003068	ortholog_one2one	1
ENSMUSG00000027893	ENSSSCG00000006816	ortholog_one2one	1
ENSMUSG00000031586	ENSSSCG00000015846	ortholog_one2one	1
ENSMUSG00000022744	ENSSSCG00000011980	ortholog_one2one	1
ENSMUSG00000022021	ENSSSCG00000009448	ortholog_one2one	1
ENSMUSG00000078627	ENSSSCG00000017299	ortholog_one2one	1
ENSMUSG00000057899	ENSSSCG00000059476	ortholog_one2one	1
ENSMUSG00000074794	ENSSSCG00000014156	ortholog_one2one	1
ENSMUSG00000027466	ENSSSCG00000007206	ortholog_one2one	1
ENSMUSG00000041671	ENSSSCG00000000583	ortholog_one2one	1
ENSMUSG00000055937	ENSSSCG00000017461	ortholog_one2one	1
ENSMUSG00000025277	ENSSSCG00000011470	ortholog_one2one	1
ENSMUSG00000029556	ENSSSCG00000009919	ortholog_one2one	1
ENSMUSG00000015396	ENSSSCG00000021576	ortholog_one2one	1
ENSMUSG00000002058	ENSSSCG00000017761	ortholog_one2one	1
ENSMUSG00000038736	ENSSSCG00000006029	ortholog_one2one	1
ENSMUSG00000022708	ENSSSCG00000026113	ortholog_one2one	1
ENSMUSG00000063015	ENSSSCG00000008987	ortholog_one2one	1
ENSMUSG00000060969	ENSSSCG00000034884	ortholog_one2one	1
ENSMUSG00000085793	ENSSSCG00000055314	ortholog_one2one	1
ENSMUSG00000025870	ENSSSCG00000029985	ortholog_one2one	1
ENSMUSG00000020493	ENSSSCG00000024145	ortholog_one2one	1
ENSMUSG00000021482	ENSSSCG00000011169	ortholog_one2one	1
ENSMUSG00000024011	ENSSSCG00000001570	ortholog_one2one	1
ENSMUSG00000034327	ENSSSCG00000009652	ortholog_one2one	1
ENSMUSG00000030079	ENSSSCG00000011620	ortholog_one2one	1
ENSMUSG00000039116	ENSSSCG00000004139	ortholog_one2one	1
ENSMUSG00000032401	ENSSSCG00000004947	ortholog_one2one	1
ENSMUSG00000021116	ENSSSCG00000033295	ortholog_one2one	1
ENSMUSG00000014313	ENSSSCG00000060790	ortholog_one2one	1
ENSMUSG00000029490	ENSSSCG00000026084	ortholog_one2one	1
ENSMUSG00000021665	ENSSSCG00000014073	ortholog_one2one	1
ENSMUSG00000039376	ENSSSCG00000010303	ortholog_one2one	1
ENSMUSG00000033658	ENSSSCG00000002722	ortholog_one2one	1
ENSMUSG00000036362	ENSSSCG00000032162	ortholog_one2one	1
ENSMUSG00000033161	ENSSSCG00000006740	ortholog_one2one	1
ENSMUSG00000023191	ENSSSCG00000000681	ortholog_one2one	1
ENSMUSG00000040570	ENSSSCG00000024485	ortholog_one2one	1
ENSMUSG00000005124	ENSSSCG00000005946	ortholog_one2one	1
ENSMUSG00000032936	ENSSSCG00000025416	ortholog_one2one	1
ENSMUSG00000034786	ENSSSCG00000001439	ortholog_one2one	1
ENSMUSG00000036339	ENSSSCG00000005062	ortholog_one2one	1
ENSMUSG00000048921	ENSSSCG00000033496	ortholog_one2one	1
ENSMUSG00000024052	ENSSSCG00000038494	ortholog_one2one	1
ENSMUSG00000033220	ENSSSCG00000021944	ortholog_one2one	1
ENSMUSG00000051451	ENSSSCG00000014907	ortholog_one2one	1
ENSMUSG00000037993	ENSSSCG00000002748	ortholog_one2one	1
ENSMUSG00000020589	ENSSSCG00000008617	ortholog_one2one	1
ENSMUSG00000033565	ENSSSCG00000000152	ortholog_one2one	1
ENSMUSG00000038151	ENSSSCG00000004369	ortholog_one2one	1
ENSMUSG00000033904	ENSSSCG00000023829	ortholog_one2one	1
ENSMUSG00000029134	ENSSSCG00000034756	ortholog_one2one	1
ENSMUSG00000020178	ENSSSCG00000010054	ortholog_one2one	1
ENSMUSG00000020125	ENSSSCG00000029130	ortholog_one2one	1
ENSMUSG00000064065	ENSSSCG00000046319	ortholog_one2one	1
ENSMUSG00000028127	ENSSSCG00000028620	ortholog_one2one	1
ENSMUSG00000072244	ENSSSCG00000032133	ortholog_one2one	1
ENSMUSG00000042043	ENSSSCG00000014100	ortholog_one2one	1
ENSMUSG00000038742	ENSSSCG00000013663	ortholog_one2one	1
ENSMUSG00000056832	ENSSSCG00000016511	ortholog_one2one	1
ENSMUSG00000032860	ENSSSCG00000040207	ortholog_one2one	1
ENSMUSG00000039217	ENSSSCG00000015037	ortholog_one2one	1
ENSMUSG00000028843	ENSSSCG00000034937	ortholog_one2one	1
ENSMUSG00000052374	ENSSSCG00000010144	ortholog_one2one	1
ENSMUSG00000045394	ENSSSCG00000008429	ortholog_one2one	1
ENSMUSG00000019851	ENSSSCG00000038420	ortholog_one2one	1
ENSMUSG00000019734	ENSSSCG00000003266	ortholog_one2one	1
ENSMUSG00000061983	ENSSSCG00000004177	ortholog_one2one	1
ENSMUSG00000028937	ENSSSCG00000003377	ortholog_one2one	1
ENSMUSG00000021966	ENSSSCG00000009685	ortholog_one2one	1
ENSMUSG00000040688	ENSSSCG00000037686	ortholog_one2one	1
ENSMUSG00000022102	ENSSSCG00000009612	ortholog_one2one	1
ENSMUSG00000007950	ENSSSCG00000031877	ortholog_one2one	1
ENSMUSG00000021022	ENSSSCG00000031498	ortholog_one2one	1
ENSMUSG00000033577	ENSSSCG00000004478	ortholog_one2one	1
ENSMUSG00000021785	ENSSSCG00000011214	ortholog_one2one	1
ENSMUSG00000031701	ENSSSCG00000002846	ortholog_one2one	1
ENSMUSG00000036459	ENSSSCG00000039166	ortholog_one2one	1
ENSMUSG00000020010	ENSSSCG00000004180	ortholog_one2one	1
ENSMUSG00000028932	ENSSSCG00000015424	ortholog_one2one	1
ENSMUSG00000020171	ENSSSCG00000037845	ortholog_one2one	1
ENSMUSG00000038332	ENSSSCG00000004390	ortholog_one2one	1
ENSMUSG00000028392	ENSSSCG00000021173	ortholog_one2one	1
ENSMUSG00000031442	ENSSSCG00000021158	ortholog_one2one	1
ENSMUSG00000027996	ENSSSCG00000009004	ortholog_one2one	1
ENSMUSG00000018347	ENSSSCG00000018014	ortholog_one2one	1
ENSMUSG00000027692	ENSSSCG00000028905	ortholog_one2one	1
ENSMUSG00000052962	ENSSSCG00000021746	ortholog_one2one	1
ENSMUSG00000028811	ENSSSCG00000030369	ortholog_one2one	1
ENSMUSG00000020605	ENSSSCG00000030115	ortholog_one2one	1
ENSMUSG00000001518	ENSSSCG00000000742	ortholog_one2one	1
ENSMUSG00000003072	ENSSSCG00000035532	ortholog_one2one	1
ENSMUSG00000021671	ENSSSCG00000014084	ortholog_one2one	1
ENSMUSG00000006281	ENSSSCG00000002142	ortholog_one2one	1
ENSMUSG00000035890	ENSSSCG00000039551	ortholog_one2one	1
ENSMUSG00000025856	ENSSSCG00000007541	ortholog_one2one	1
ENSMUSG00000045140	ENSSSCG00000035006	ortholog_one2one	1
ENSMUSG00000036528	ENSSSCG00000014598	ortholog_one2one	1
ENSMUSG00000073434	ENSSSCG00000007991	ortholog_one2one	1
ENSMUSG00000017679	ENSSSCG00000036684	ortholog_one2one	1
ENSMUSG00000000056	ENSSSCG00000017126	ortholog_one2one	1
ENSMUSG00000038507	ENSSSCG00000016502	ortholog_one2one	1
ENSMUSG00000019868	ENSSSCG00000004140	ortholog_one2one	1
ENSMUSG00000040997	ENSSSCG00000002051	ortholog_one2one	1
ENSMUSG00000041261	ENSSSCG00000006233	ortholog_one2one	1
ENSMUSG00000029759	ENSSSCG00000029515	ortholog_one2one	1
ENSMUSG00000026200	ENSSSCG00000016213	ortholog_one2one	1
ENSMUSG00000029596	ENSSSCG00000009870	ortholog_one2one	1
ENSMUSG00000016477	ENSSSCG00000040178	ortholog_one2one	1
ENSMUSG00000027167	ENSSSCG00000013321	ortholog_one2one	1
ENSMUSG00000036009	ENSSSCG00000000941	ortholog_one2one	1
ENSMUSG00000028436	ENSSSCG00000024384	ortholog_one2one	1
ENSMUSG00000032641	ENSSSCG00000040400	ortholog_one2one	1
ENSMUSG00000042104	ENSSSCG00000009502	ortholog_one2one	1
ENSMUSG00000038546	ENSSSCG00000001056	ortholog_one2one	1
ENSMUSG00000059060	ENSSSCG00000028877	ortholog_one2one	1
ENSMUSG00000020644	ENSSSCG00000008645	ortholog_one2one	1
ENSMUSG00000028982	ENSSSCG00000038006	ortholog_one2one	1
ENSMUSG00000021032	ENSSSCG00000002399	ortholog_one2one	1
ENSMUSG00000046959	ENSSSCG00000035739	ortholog_one2one	1
ENSMUSG00000037857	ENSSSCG00000017785	ortholog_one2one	1
ENSMUSG00000042873	ENSSSCG00000011543	ortholog_one2one	1
ENSMUSG00000021929	ENSSSCG00000024125	ortholog_one2one	1
ENSMUSG00000036095	ENSSSCG00000015355	ortholog_one2one	1
ENSMUSG00000051650	ENSSSCG00000008374	ortholog_one2one	1
ENSMUSG00000041301	ENSSSCG00000016626	ortholog_one2one	1
ENSMUSG00000059816	ENSSSCG00000034127	ortholog_one2one	1
ENSMUSG00000028539	ENSSSCG00000034778	ortholog_one2one	1
ENSMUSG00000011254	ENSSSCG00000036047	ortholog_one2one	1
ENSMUSG00000021911	ENSSSCG00000010396	ortholog_one2one	1
ENSMUSG00000073792	ENSSSCG00000003815	ortholog_one2one	1
ENSMUSG00000000489	ENSSSCG00000033327	ortholog_one2one	1
ENSMUSG00000024039	ENSSSCG00000040779	ortholog_one2one	1
ENSMUSG00000003585	ENSSSCG00000010006	ortholog_one2one	1
ENSMUSG00000002797	ENSSSCG00000016679	ortholog_one2one	1
ENSMUSG00000068114	ENSSSCG00000035565	ortholog_one2one	1
ENSMUSG00000021684	ENSSSCG00000014097	ortholog_one2one	1
ENSMUSG00000017740	ENSSSCG00000007437	ortholog_one2one	1
ENSMUSG00000019852	ENSSSCG00000022968	ortholog_one2one	1
ENSMUSG00000030774	ENSSSCG00000014878	ortholog_one2one	1
ENSMUSG00000025701	ENSSSCG00000010404	ortholog_one2one	1
ENSMUSG00000032515	ENSSSCG00000011264	ortholog_one2one	1
ENSMUSG00000034936	ENSSSCG00000017380	ortholog_one2one	1
ENSMUSG00000043940	ENSSSCG00000009230	ortholog_one2one	1
ENSMUSG00000025907	ENSSSCG00000028902	ortholog_one2one	1
ENSMUSG00000017677	ENSSSCG00000017752	ortholog_one2one	1
ENSMUSG00000034161	ENSSSCG00000034551	ortholog_one2one	1
ENSMUSG00000022311	ENSSSCG00000031031	ortholog_one2one	1
ENSMUSG00000003068	ENSSSCG00000013429	ortholog_one2one	1
ENSMUSG00000078570	ENSSSCG00000038888	ortholog_one2one	1
ENSMUSG00000022844	ENSSSCG00000011870	ortholog_one2one	1
ENSMUSG00000030324	ENSSSCG00000011590	ortholog_one2one	1
ENSMUSG00000049969	ENSSSCG00000039549	ortholog_one2one	1
ENSMUSG00000028251	ENSSSCG00000038757	ortholog_one2one	1
ENSMUSG00000005362	ENSSSCG00000011530	ortholog_one2one	1
ENSMUSG00000028527	ENSSSCG00000040337	ortholog_one2one	1
ENSMUSG00000000805	ENSSSCG00000023186	ortholog_one2one	1
ENSMUSG00000032890	ENSSSCG00000039245	ortholog_one2one	1
ENSMUSG00000014303	ENSSSCG00000023653	ortholog_one2one	1
ENSMUSG00000042477	ENSSSCG00000040097	ortholog_one2one	1
ENSMUSG00000033712	ENSSSCG00000009628	ortholog_one2one	1
ENSMUSG00000022789	ENSSSCG00000060628	ortholog_one2one	1
ENSMUSG00000057375	ENSSSCG00000028506	ortholog_one2one	1
ENSMUSG00000039842	ENSSSCG00000015754	ortholog_one2one	1
ENSMUSG00000032303	ENSSSCG00000001752	ortholog_one2one	1
ENSMUSG00000022206	ENSSSCG00000036201	ortholog_one2one	1
ENSMUSG00000028156	ENSSSCG00000028420	ortholog_one2one	1
ENSMUSG00000018433	ENSSSCG00000054188	ortholog_one2one	1
ENSMUSG00000032030	ENSSSCG00000029198	ortholog_one2one	1
ENSMUSG00000035697	ENSSSCG00000027565	ortholog_one2one	1
ENSMUSG00000030284	ENSSSCG00000011560	ortholog_one2one	1
ENSMUSG00000052142	ENSSSCG00000013839	ortholog_one2one	1
ENSMUSG00000037426	ENSSSCG00000010034	ortholog_one2one	1
ENSMUSG00000028176	ENSSSCG00000003793	ortholog_one2one	1
ENSMUSG00000048216	ENSSSCG00000016642	ortholog_one2one	1
ENSMUSG00000028992	ENSSSCG00000003400	ortholog_one2one	1
ENSMUSG00000072772	ENSSSCG00000040186	ortholog_one2one	1
ENSMUSG00000028475	ENSSSCG00000058329	ortholog_one2one	1
ENSMUSG00000071537	ENSSSCG00000055501	ortholog_one2one	1
ENSMUSG00000040533	ENSSSCG00000022554	ortholog_one2one	1
ENSMUSG00000041879	ENSSSCG00000039843	ortholog_one2one	1
ENSMUSG00000042410	ENSSSCG00000023983	ortholog_one2one	1
ENSMUSG00000045725	ENSSSCG00000016686	ortholog_one2one	1
ENSMUSG00000044375	ENSSSCG00000024725	ortholog_one2one	1
ENSMUSG00000023249	ENSSSCG00000023033	ortholog_one2one	1
ENSMUSG00000025889	ENSSSCG00000009203	ortholog_one2one	1
ENSMUSG00000031958	ENSSSCG00000002712	ortholog_one2one	1
ENSMUSG00000028664	ENSSSCG00000003527	ortholog_one2one	1
ENSMUSG00000054823	ENSSSCG00000015820	ortholog_one2one	1
ENSMUSG00000034744	ENSSSCG00000008316	ortholog_one2one	1
ENSMUSG00000056529	ENSSSCG00000031788	ortholog_one2one	1
ENSMUSG00000042766	ENSSSCG00000006526	ortholog_one2one	1
ENSMUSG00000036275	ENSSSCG00000032323	ortholog_one2one	1
ENSMUSG00000078768	ENSSSCG00000029170	ortholog_one2one	1
ENSMUSG00000037747	ENSSSCG00000039215	ortholog_one2one	1
ENSMUSG00000059674	ENSSSCG00000002037	ortholog_one2one	1
ENSMUSG00000037443	ENSSSCG00000026731	ortholog_one2one	1
ENSMUSG00000020392	ENSSSCG00000037127	ortholog_one2one	1
ENSMUSG00000025321	ENSSSCG00000015375	ortholog_one2one	1
ENSMUSG00000001247	ENSSSCG00000002884	ortholog_one2one	1
ENSMUSG00000021901	ENSSSCG00000011438	ortholog_one2one	1
ENSMUSG00000069089	ENSSSCG00000016961	ortholog_one2one	1
ENSMUSG00000054422	ENSSSCG00000063249	ortholog_one2one	1
ENSMUSG00000018841	ENSSSCG00000061966	ortholog_one2one	1
ENSMUSG00000051736	ENSSSCG00000036621	ortholog_one2one	1
ENSMUSG00000030084	ENSSSCG00000024001	ortholog_one2one	1
ENSMUSG00000037211	ENSSSCG00000009083	ortholog_one2one	1
ENSMUSG00000043153	ENSSSCG00000015358	ortholog_one2one	1
ENSMUSG00000026740	ENSSSCG00000026001	ortholog_one2one	1
ENSMUSG00000038495	ENSSSCG00000006663	ortholog_one2one	1
ENSMUSG00000059974	ENSSSCG00000015253	ortholog_one2one	1
ENSMUSG00000096847	ENSSSCG00000040047	ortholog_one2one	1
ENSMUSG00000024393	ENSSSCG00000001409	ortholog_one2one	1
ENSMUSG00000031523	ENSSSCG00000006970	ortholog_one2one	1
ENSMUSG00000032216	ENSSSCG00000037499	ortholog_one2one	1
ENSMUSG00000020265	ENSSSCG00000035795	ortholog_one2one	1
ENSMUSG00000017499	ENSSSCG00000017471	ortholog_one2one	1
ENSMUSG00000034777	ENSSSCG00000008318	ortholog_one2one	1
ENSMUSG00000027637	ENSSSCG00000039201	ortholog_one2one	1
ENSMUSG00000022408	ENSSSCG00000000079	ortholog_one2one	1
ENSMUSG00000040452	ENSSSCG00000016799	ortholog_one2one	1
ENSMUSG00000063232	ENSSSCG00000002479	ortholog_one2one	1
ENSMUSG00000038763	ENSSSCG00000041322	ortholog_one2one	1
ENSMUSG00000019726	ENSSSCG00000010151	ortholog_one2one	1
ENSMUSG00000035247	ENSSSCG00000001971	ortholog_one2one	1
ENSMUSG00000038765	ENSSSCG00000035968	ortholog_one2one	1
ENSMUSG00000034259	ENSSSCG00000005925	ortholog_one2one	1
ENSMUSG00000026172	ENSSSCG00000035775	ortholog_one2one	1
ENSMUSG00000034041	ENSSSCG00000024549	ortholog_one2one	1
ENSMUSG00000042292	ENSSSCG00000000075	ortholog_one2one	1
ENSMUSG00000001741	ENSSSCG00000001787	ortholog_one2one	1
ENSMUSG00000007570	ENSSSCG00000001546	ortholog_one2one	1
ENSMUSG00000049491	ENSSSCG00000038877	ortholog_one2one	1
ENSMUSG00000027395	ENSSSCG00000008098	ortholog_one2one	1
ENSMUSG00000021196	ENSSSCG00000011158	ortholog_one2one	1
ENSMUSG00000019978	ENSSSCG00000004199	ortholog_one2one	1
ENSMUSG00000063506	ENSSSCG00000010381	ortholog_one2one	1
ENSMUSG00000028582	ENSSSCG00000003862	ortholog_one2one	1
ENSMUSG00000024069	ENSSSCG00000008518	ortholog_one2one	1
ENSMUSG00000003458	ENSSSCG00000006385	ortholog_one2one	1
ENSMUSG00000048458	ENSSSCG00000036030	ortholog_one2one	1
ENSMUSG00000008318	ENSSSCG00000014825	ortholog_one2one	1
ENSMUSG00000033981	ENSSSCG00000024685	ortholog_one2one	1
ENSMUSG00000037275	ENSSSCG00000017066	ortholog_one2one	1
ENSMUSG00000001281	ENSSSCG00000000257	ortholog_one2one	1
ENSMUSG00000022194	ENSSSCG00000054284	ortholog_one2one	1
ENSMUSG00000008590	ENSSSCG00000015053	ortholog_one2one	1
ENSMUSG00000042828	ENSSSCG00000007757	ortholog_one2one	1
ENSMUSG00000022246	ENSSSCG00000016824	ortholog_one2one	1
ENSMUSG00000042487	ENSSSCG00000004625	ortholog_one2one	1
ENSMUSG00000030693	ENSSSCG00000038523	ortholog_one2one	1
ENSMUSG00000022889	ENSSSCG00000012021	ortholog_one2one	1
ENSMUSG00000022096	ENSSSCG00000009616	ortholog_one2one	1
ENSMUSG00000040231	ENSSSCG00000003131	ortholog_one2one	1
ENSMUSG00000026208	ENSSSCG00000020785	ortholog_one2one	1
ENSMUSG00000039313	ENSSSCG00000001775	ortholog_one2one	1
ENSMUSG00000032478	ENSSSCG00000011347	ortholog_one2one	1
ENSMUSG00000021943	ENSSSCG00000010376	ortholog_one2one	1
ENSMUSG00000013701	ENSSSCG00000033700	ortholog_one2one	1
ENSMUSG00000027523	ENSSSCG00000007520	ortholog_one2one	1
ENSMUSG00000003184	ENSSSCG00000003178	ortholog_one2one	1
ENSMUSG00000036779	ENSSSCG00000062607	ortholog_one2one	1
ENSMUSG00000040694	ENSSSCG00000042447	ortholog_one2one	1
ENSMUSG00000034422	ENSSSCG00000011874	ortholog_one2one	1
ENSMUSG00000031839	ENSSSCG00000057749	ortholog_one2one	1
ENSMUSG00000022098	ENSSSCG00000009620	ortholog_one2one	1
ENSMUSG00000002459	ENSSSCG00000006262	ortholog_one2one	1
ENSMUSG00000037295	ENSSSCG00000003549	ortholog_one2one	1
ENSMUSG00000048400	ENSSSCG00000028587	ortholog_one2one	1
ENSMUSG00000034116	ENSSSCG00000013553	ortholog_one2one	1
ENSMUSG00000078954	ENSSSCG00000000021	ortholog_one2one	1
ENSMUSG00000036292	ENSSSCG00000011915	ortholog_one2one	1
ENSMUSG00000031631	ENSSSCG00000015791	ortholog_one2one	1
ENSMUSG00000057895	ENSSSCG00000032080	ortholog_one2one	1
ENSMUSG00000036208	ENSSSCG00000011923	ortholog_one2one	1
ENSMUSG00000032482	ENSSSCG00000039224	ortholog_one2one	1
ENSMUSG00000041203	ENSSSCG00000013727	ortholog_one2one	1
ENSMUSG00000001891	ENSSSCG00000008368	ortholog_one2one	1
ENSMUSG00000031872	ENSSSCG00000033191	ortholog_one2one	1
ENSMUSG00000040648	ENSSSCG00000024999	ortholog_one2one	1
ENSMUSG00000006215	ENSSSCG00000026103	ortholog_one2one	1
ENSMUSG00000032420	ENSSSCG00000004291	ortholog_one2one	1
ENSMUSG00000022752	ENSSSCG00000011963	ortholog_one2one	1
ENSMUSG00000021096	ENSSSCG00000005084	ortholog_one2one	1
ENSMUSG00000036968	ENSSSCG00000032054	ortholog_one2one	1
ENSMUSG00000003033	ENSSSCG00000013856	ortholog_one2one	1
ENSMUSG00000034303	ENSSSCG00000015206	ortholog_one2one	1
ENSMUSG00000079451	ENSSSCG00000008929	ortholog_one2one	1
ENSMUSG00000030691	ENSSSCG00000014820	ortholog_one2one	1
ENSMUSG00000004530	ENSSSCG00000009944	ortholog_one2one	1
ENSMUSG00000034883	ENSSSCG00000005004	ortholog_one2one	1
ENSMUSG00000022685	ENSSSCG00000007878	ortholog_one2one	1
ENSMUSG00000020321	ENSSSCG00000025751	ortholog_one2one	1
ENSMUSG00000058070	ENSSSCG00000027667	ortholog_one2one	1
ENSMUSG00000032301	ENSSSCG00000036924	ortholog_one2one	1
ENSMUSG00000036196	ENSSSCG00000001555	ortholog_one2one	1
ENSMUSG00000031816	ENSSSCG00000002660	ortholog_one2one	1
ENSMUSG00000041837	ENSSSCG00000004926	ortholog_one2one	1
ENSMUSG00000039632	ENSSSCG00000043957	ortholog_one2one	1
ENSMUSG00000022388	ENSSSCG00000000982	ortholog_one2one	1
ENSMUSG00000045078	ENSSSCG00000021285	ortholog_one2one	1
ENSMUSG00000020745	ENSSSCG00000017836	ortholog_one2one	1
ENSMUSG00000024131	ENSSSCG00000008449	ortholog_one2one	1
ENSMUSG00000022285	ENSSSCG00000006062	ortholog_one2one	1
ENSMUSG00000092417	ENSSSCG00000001413	ortholog_one2one	1
ENSMUSG00000032126	ENSSSCG00000015108	ortholog_one2one	1
ENSMUSG00000073400	ENSSSCG00000001234	ortholog_one2one	1
ENSMUSG00000050244	ENSSSCG00000010145	ortholog_one2one	1
ENSMUSG00000002602	ENSSSCG00000038806	ortholog_one2one	1
ENSMUSG00000033405	ENSSSCG00000027551	ortholog_one2one	1
ENSMUSG00000040720	ENSSSCG00000006100	ortholog_one2one	1
ENSMUSG00000006288	ENSSSCG00000002145	ortholog_one2one	1
ENSMUSG00000039168	ENSSSCG00000032942	ortholog_one2one	1
ENSMUSG00000021464	ENSSSCG00000009593	ortholog_one2one	1
ENSMUSG00000058441	ENSSSCG00000000975	ortholog_one2one	1
ENSMUSG00000037754	ENSSSCG00000007350	ortholog_one2one	1
ENSMUSG00000061665	ENSSSCG00000030197	ortholog_one2one	1
ENSMUSG00000052253	ENSSSCG00000016793	ortholog_one2one	1
ENSMUSG00000021495	ENSSSCG00000014038	ortholog_one2one	1
ENSMUSG00000020264	ENSSSCG00000017086	ortholog_one2one	1
ENSMUSG00000022607	ENSSSCG00000038397	ortholog_one2one	1
ENSMUSG00000062127	ENSSSCG00000006781	ortholog_one2one	1
ENSMUSG00000073791	ENSSSCG00000003812	ortholog_one2one	1
ENSMUSG00000021782	ENSSSCG00000026268	ortholog_one2one	1
ENSMUSG00000053730	ENSSSCG00000032563	ortholog_one2one	1
ENSMUSG00000027936	ENSSSCG00000006567	ortholog_one2one	1
ENSMUSG00000034254	ENSSSCG00000001435	ortholog_one2one	1
ENSMUSG00000003233	ENSSSCG00000025374	ortholog_one2one	1
ENSMUSG00000029414	ENSSSCG00000039546	ortholog_one2one	1
ENSMUSG00000028307	ENSSSCG00000038300	ortholog_one2one	1
ENSMUSG00000039375	ENSSSCG00000015766	ortholog_one2one	1
ENSMUSG00000048170	ENSSSCG00000010688	ortholog_one2one	1
ENSMUSG00000018378	ENSSSCG00000017624	ortholog_one2one	1
ENSMUSG00000022962	ENSSSCG00000030677	ortholog_one2one	1
ENSMUSG00000091898	ENSSSCG00000011441	ortholog_one2one	1
ENSMUSG00000004945	ENSSSCG00000060508	ortholog_one2one	1
ENSMUSG00000048483	ENSSSCG00000033688	ortholog_one2one	1
ENSMUSG00000074212	ENSSSCG00000009177	ortholog_one2one	1
ENSMUSG00000056458	ENSSSCG00000002531	ortholog_one2one	1
ENSMUSG00000047412	ENSSSCG00000015247	ortholog_one2one	1
ENSMUSG00000021629	ENSSSCG00000022430	ortholog_one2one	1
ENSMUSG00000024029	ENSSSCG00000022857	ortholog_one2one	1
ENSMUSG00000074207	ENSSSCG00000009182	ortholog_one2one	1
ENSMUSG00000002076	ENSSSCG00000022164	ortholog_one2one	1
ENSMUSG00000021804	ENSSSCG00000010350	ortholog_one2one	1
ENSMUSG00000015709	ENSSSCG00000040288	ortholog_one2one	1
ENSMUSG00000040146	ENSSSCG00000013625	ortholog_one2one	1
ENSMUSG00000029235	ENSSSCG00000008908	ortholog_one2one	1
ENSMUSG00000003810	ENSSSCG00000003913	ortholog_one2one	1
ENSMUSG00000021816	ENSSSCG00000010301	ortholog_one2one	1
ENSMUSG00000023959	ENSSSCG00000037416	ortholog_one2one	1
ENSMUSG00000028096	ENSSSCG00000006694	ortholog_one2one	1
ENSMUSG00000027748	ENSSSCG00000009362	ortholog_one2one	1
ENSMUSG00000005373	ENSSSCG00000007710	ortholog_one2one	1
ENSMUSG00000020628	ENSSSCG00000024665	ortholog_one2one	1
ENSMUSG00000032492	ENSSSCG00000011326	ortholog_one2one	1
ENSMUSG00000062825	ENSSSCG00000028355	ortholog_one2one	1
ENSMUSG00000074591	ENSSSCG00000011706	ortholog_one2one	1
ENSMUSG00000026821	ENSSSCG00000005738	ortholog_one2one	1
ENSMUSG00000034544	ENSSSCG00000027556	ortholog_one2one	1
ENSMUSG00000030643	ENSSSCG00000014900	ortholog_one2one	1
ENSMUSG00000047759	ENSSSCG00000038622	ortholog_one2one	1
ENSMUSG00000021676	ENSSSCG00000014088	ortholog_one2one	1
ENSMUSG00000030917	ENSSSCG00000031876	ortholog_one2one	1
ENSMUSG00000004864	ENSSSCG00000038774	ortholog_one2one	1
ENSMUSG00000034175	ENSSSCG00000009973	ortholog_one2one	1
ENSMUSG00000029387	ENSSSCG00000009769	ortholog_one2one	1
ENSMUSG00000034037	ENSSSCG00000011598	ortholog_one2one	1
ENSMUSG00000030956	ENSSSCG00000010732	ortholog_one2one	1
ENSMUSG00000032396	ENSSSCG00000004941	ortholog_one2one	1
ENSMUSG00000031639	ENSSSCG00000015801	ortholog_one2one	1
ENSMUSG00000037400	ENSSSCG00000011772	ortholog_one2one	1
ENSMUSG00000034686	ENSSSCG00000040698	ortholog_one2one	1
ENSMUSG00000021576	ENSSSCG00000032090	ortholog_one2one	1
ENSMUSG00000032637	ENSSSCG00000021845	ortholog_one2one	1
ENSMUSG00000020591	ENSSSCG00000008625	ortholog_one2one	1
ENSMUSG00000030064	ENSSSCG00000011511	ortholog_one2one	1
ENSMUSG00000034290	ENSSSCG00000002381	ortholog_one2one	1
ENSMUSG00000029314	ENSSSCG00000009233	ortholog_one2one	1
ENSMUSG00000031479	ENSSSCG00000035658	ortholog_one2one	1
ENSMUSG00000051335	ENSSSCG00000035867	ortholog_one2one	1
ENSMUSG00000063316	ENSSSCG00000025507	ortholog_one2one	1
ENSMUSG00000005378	ENSSSCG00000007713	ortholog_one2one	1
ENSMUSG00000035142	ENSSSCG00000001968	ortholog_one2one	1
ENSMUSG00000090173	ENSSSCG00000018026	ortholog_one2one	1
ENSMUSG00000069227	ENSSSCG00000014054	ortholog_one2one	1
ENSMUSG00000042426	ENSSSCG00000016907	ortholog_one2one	1
ENSMUSG00000046442	ENSSSCG00000038932	ortholog_one2one	1
ENSMUSG00000031549	ENSSSCG00000023054	ortholog_one2one	1
ENSMUSG00000032246	ENSSSCG00000026517	ortholog_one2one	1
ENSMUSG00000037940	ENSSSCG00000009050	ortholog_one2one	1
ENSMUSG00000073678	ENSSSCG00000016073	ortholog_one2one	1
ENSMUSG00000020973	ENSSSCG00000058931	ortholog_one2one	1
ENSMUSG00000020621	ENSSSCG00000008608	ortholog_one2one	1
ENSMUSG00000020785	ENSSSCG00000017873	ortholog_one2one	1
ENSMUSG00000021144	ENSSSCG00000032544	ortholog_one2one	1
ENSMUSG00000036948	ENSSSCG00000007647	ortholog_one2one	1
ENSMUSG00000037446	ENSSSCG00000035972	ortholog_one2one	1
ENSMUSG00000026003	ENSSSCG00000016156	ortholog_one2one	1
ENSMUSG00000064138	ENSSSCG00000027608	ortholog_one2one	1
ENSMUSG00000035547	ENSSSCG00000014875	ortholog_one2one	1
ENSMUSG00000015733	ENSSSCG00000028113	ortholog_one2one	1
ENSMUSG00000032217	ENSSSCG00000004589	ortholog_one2one	1
ENSMUSG00000033594	ENSSSCG00000029339	ortholog_one2one	1
ENSMUSG00000034681	ENSSSCG00000008048	ortholog_one2one	1
ENSMUSG00000074247	ENSSSCG00000031251	ortholog_one2one	1
ENSMUSG00000036586	ENSSSCG00000007569	ortholog_one2one	1
ENSMUSG00000023043	ENSSSCG00000000253	ortholog_one2one	1
ENSMUSG00000026670	ENSSSCG00000006340	ortholog_one2one	1
ENSMUSG00000070780	ENSSSCG00000008796	ortholog_one2one	1
ENSMUSG00000033228	ENSSSCG00000000806	ortholog_one2one	1
ENSMUSG00000028381	ENSSSCG00000022780	ortholog_one2one	1
ENSMUSG00000042116	ENSSSCG00000003344	ortholog_one2one	1
ENSMUSG00000020328	ENSSSCG00000032806	ortholog_one2one	1
ENSMUSG00000032977	ENSSSCG00000028571	ortholog_one2one	1
ENSMUSG00000049119	ENSSSCG00000006240	ortholog_one2one	1
ENSMUSG00000028015	ENSSSCG00000008867	ortholog_one2one	1
ENSMUSG00000018446	ENSSSCG00000035048	ortholog_one2one	1
ENSMUSG00000038126	ENSSSCG00000009779	ortholog_one2one	1
ENSMUSG00000021573	ENSSSCG00000032698	ortholog_one2one	1
ENSMUSG00000048701	ENSSSCG00000010211	ortholog_one2one	1
ENSMUSG00000022329	ENSSSCG00000006074	ortholog_one2one	1
ENSMUSG00000019815	ENSSSCG00000004128	ortholog_one2one	1
ENSMUSG00000035245	ENSSSCG00000011504	ortholog_one2one	1
ENSMUSG00000021624	ENSSSCG00000016957	ortholog_one2one	1
ENSMUSG00000028189	ENSSSCG00000003758	ortholog_one2one	1
ENSMUSG00000019932	ENSSSCG00000000917	ortholog_one2one	1
ENSMUSG00000021453	ENSSSCG00000035249	ortholog_one2one	1
ENSMUSG00000007891	ENSSSCG00000040793	ortholog_one2one	1
ENSMUSG00000047090	ENSSSCG00000000367	ortholog_one2one	1
ENSMUSG00000020435	ENSSSCG00000010015	ortholog_one2one	1
ENSMUSG00000048997	ENSSSCG00000006828	ortholog_one2one	1
ENSMUSG00000052926	ENSSSCG00000013737	ortholog_one2one	1
ENSMUSG00000021555	ENSSSCG00000010956	ortholog_one2one	1
ENSMUSG00000024223	ENSSSCG00000001550	ortholog_one2one	1
ENSMUSG00000024143	ENSSSCG00000031261	ortholog_one2one	1
ENSMUSG00000033837	ENSSSCG00000005902	ortholog_one2one	1
ENSMUSG00000020108	ENSSSCG00000031888	ortholog_one2one	1
ENSMUSG00000021123	ENSSSCG00000002297	ortholog_one2one	1
ENSMUSG00000061032	ENSSSCG00000037061	ortholog_one2one	1
ENSMUSG00000054855	ENSSSCG00000038562	ortholog_one2one	1
ENSMUSG00000015461	ENSSSCG00000001430	ortholog_one2one	1
ENSMUSG00000037169	ENSSSCG00000008618	ortholog_one2one	1
ENSMUSG00000022201	ENSSSCG00000027681	ortholog_one2one	1
ENSMUSG00000050079	ENSSSCG00000002820	ortholog_one2one	1
ENSMUSG00000037072	ENSSSCG00000030125	ortholog_one2one	1
ENSMUSG00000026432	ENSSSCG00000015639	ortholog_one2one	1
ENSMUSG00000005968	ENSSSCG00000006620	ortholog_one2one	1
ENSMUSG00000099418	ENSSSCG00000002284	ortholog_one2one	1
ENSMUSG00000052428	ENSSSCG00000037314	ortholog_one2one	1
ENSMUSG00000044791	ENSSSCG00000011332	ortholog_one2one	1
ENSMUSG00000029191	ENSSSCG00000008788	ortholog_one2one	1
ENSMUSG00000020577	ENSSSCG00000015362	ortholog_one2one	1
ENSMUSG00000059689	ENSSSCG00000010416	ortholog_one2one	1
ENSMUSG00000046818	ENSSSCG00000025240	ortholog_one2one	1
ENSMUSG00000001415	ENSSSCG00000006490	ortholog_one2one	1
ENSMUSG00000037995	ENSSSCG00000006396	ortholog_one2one	1
ENSMUSG00000078427	ENSSSCG00000000364	ortholog_one2one	1
ENSMUSG00000041014	ENSSSCG00000010344	ortholog_one2one	1
ENSMUSG00000028399	ENSSSCG00000005194	ortholog_one2one	1
ENSMUSG00000022221	ENSSSCG00000001987	ortholog_one2one	1
ENSMUSG00000000058	ENSSSCG00000016635	ortholog_one2one	1
ENSMUSG00000033880	ENSSSCG00000036383	ortholog_one2one	1
ENSMUSG00000032186	ENSSSCG00000004628	ortholog_one2one	1
ENSMUSG00000048277	ENSSSCG00000031600	ortholog_one2one	1
ENSMUSG00000037572	ENSSSCG00000005052	ortholog_one2one	1
ENSMUSG00000060402	ENSSSCG00000035222	ortholog_one2one	1
ENSMUSG00000020802	ENSSSCG00000029901	ortholog_one2one	1
ENSMUSG00000071054	ENSSSCG00000013522	ortholog_one2one	1
ENSMUSG00000039007	ENSSSCG00000006087	ortholog_one2one	1
ENSMUSG00000037855	ENSSSCG00000010222	ortholog_one2one	1
ENSMUSG00000047026	ENSSSCG00000030033	ortholog_one2one	1
ENSMUSG00000020640	ENSSSCG00000008583	ortholog_one2one	1
ENSMUSG00000027954	ENSSSCG00000006530	ortholog_one2one	1
ENSMUSG00000026111	ENSSSCG00000025010	ortholog_one2one	1
ENSMUSG00000018287	ENSSSCG00000053757	ortholog_one2one	1
ENSMUSG00000025400	ENSSSCG00000055762	ortholog_one2one	1
ENSMUSG00000025868	ENSSSCG00000029179	ortholog_one2one	1
ENSMUSG00000035840	ENSSSCG00000024193	ortholog_one2one	1
ENSMUSG00000034613	ENSSSCG00000036751	ortholog_one2one	1
ENSMUSG00000013611	ENSSSCG00000006064	ortholog_one2one	1
ENSMUSG00000060601	ENSSSCG00000003211	ortholog_one2one	1
ENSMUSG00000025810	ENSSSCG00000011102	ortholog_one2one	1
ENSMUSG00000027433	ENSSSCG00000007109	ortholog_one2one	1
ENSMUSG00000020692	ENSSSCG00000025796	ortholog_one2one	1
ENSMUSG00000050534	ENSSSCG00000015713	ortholog_one2one	1
ENSMUSG00000023755	ENSSSCG00000000186	ortholog_one2one	1
ENSMUSG00000061815	ENSSSCG00000016182	ortholog_one2one	1
ENSMUSG00000020225	ENSSSCG00000000473	ortholog_one2one	1
ENSMUSG00000028060	ENSSSCG00000006504	ortholog_one2one	1
ENSMUSG00000056234	ENSSSCG00000010399	ortholog_one2one	1
ENSMUSG00000022265	ENSSSCG00000016784	ortholog_one2one	1
ENSMUSG00000010047	ENSSSCG00000011405	ortholog_one2one	1
ENSMUSG00000034152	ENSSSCG00000039607	ortholog_one2one	1
ENSMUSG00000035365	ENSSSCG00000000859	ortholog_one2one	1
ENSMUSG00000031937	ENSSSCG00000014950	ortholog_one2one	1
ENSMUSG00000034579	ENSSSCG00000010023	ortholog_one2one	1
ENSMUSG00000001995	ENSSSCG00000010169	ortholog_one2one	1
ENSMUSG00000062510	ENSSSCG00000015593	ortholog_one2one	1
ENSMUSG00000071042	ENSSSCG00000008509	ortholog_one2one	1
ENSMUSG00000045594	ENSSSCG00000024119	ortholog_one2one	1
ENSMUSG00000019899	ENSSSCG00000033894	ortholog_one2one	1
ENSMUSG00000034793	ENSSSCG00000017365	ortholog_one2one	1
ENSMUSG00000018042	ENSSSCG00000000038	ortholog_one2one	1
ENSMUSG00000015316	ENSSSCG00000006380	ortholog_one2one	1
ENSMUSG00000026452	ENSSSCG00000010926	ortholog_one2one	1
ENSMUSG00000051136	ENSSSCG00000020906	ortholog_one2one	1
ENSMUSG00000025132	ENSSSCG00000034058	ortholog_one2one	1
ENSMUSG00000027793	ENSSSCG00000009354	ortholog_one2one	1
ENSMUSG00000021792	ENSSSCG00000010340	ortholog_one2one	1
ENSMUSG00000116376	ENSSSCG00000005910	ortholog_one2one	1
ENSMUSG00000026691	ENSSSCG00000023472	ortholog_one2one	1
ENSMUSG00000116138	ENSSSCG00000005895	ortholog_one2one	1
ENSMUSG00000026188	ENSSSCG00000057002	ortholog_one2one	1
ENSMUSG00000022141	ENSSSCG00000016842	ortholog_one2one	1
ENSMUSG00000023918	ENSSSCG00000022089	ortholog_one2one	1
ENSMUSG00000057072	ENSSSCG00000015591	ortholog_one2one	1
ENSMUSG00000027857	ENSSSCG00000006749	ortholog_one2one	1
ENSMUSG00000039910	ENSSSCG00000004142	ortholog_one2one	1
ENSMUSG00000062691	ENSSSCG00000039004	ortholog_one2one	1
ENSMUSG00000035189	ENSSSCG00000000873	ortholog_one2one	1
ENSMUSG00000057156	ENSSSCG00000028190	ortholog_one2one	1
ENSMUSG00000021694	ENSSSCG00000016934	ortholog_one2one	1
ENSMUSG00000022013	ENSSSCG00000038251	ortholog_one2one	1
ENSMUSG00000032555	ENSSSCG00000021966	ortholog_one2one	1
ENSMUSG00000052373	ENSSSCG00000017372	ortholog_one2one	1
ENSMUSG00000022484	ENSSSCG00000022728	ortholog_one2one	1
ENSMUSG00000055235	ENSSSCG00000016437	ortholog_one2one	1
ENSMUSG00000023013	ENSSSCG00000021193	ortholog_one2one	1
ENSMUSG00000037336	ENSSSCG00000008590	ortholog_one2one	1
ENSMUSG00000040260	ENSSSCG00000001595	ortholog_one2one	1
ENSMUSG00000051853	ENSSSCG00000051954	ortholog_one2one	1
ENSMUSG00000025337	ENSSSCG00000007732	ortholog_one2one	1
ENSMUSG00000001794	ENSSSCG00000030149	ortholog_one2one	1
ENSMUSG00000048218	ENSSSCG00000000810	ortholog_one2one	1
ENSMUSG00000067713	ENSSSCG00000000185	ortholog_one2one	1
ENSMUSG00000026581	ENSSSCG00000006287	ortholog_one2one	1
ENSMUSG00000027559	ENSSSCG00000006141	ortholog_one2one	1
ENSMUSG00000021054	ENSSSCG00000028558	ortholog_one2one	1
ENSMUSG00000002020	ENSSSCG00000002368	ortholog_one2one	1
ENSMUSG00000031570	ENSSSCG00000015819	ortholog_one2one	1
ENSMUSG00000033227	ENSSSCG00000036932	ortholog_one2one	1
ENSMUSG00000059089	ENSSSCG00000036618	ortholog_one2one	1
ENSMUSG00000038530	ENSSSCG00000006335	ortholog_one2one	1
ENSMUSG00000035191	ENSSSCG00000003303	ortholog_one2one	1
ENSMUSG00000021548	ENSSSCG00000014147	ortholog_one2one	1
ENSMUSG00000026494	ENSSSCG00000010879	ortholog_one2one	1
ENSMUSG00000043831	ENSSSCG00000030487	ortholog_one2one	1
ENSMUSG00000043556	ENSSSCG00000028239	ortholog_one2one	1
ENSMUSG00000074513	ENSSSCG00000009010	ortholog_one2one	1
ENSMUSG00000029463	ENSSSCG00000009822	ortholog_one2one	1
ENSMUSG00000039801	ENSSSCG00000016843	ortholog_one2one	1
ENSMUSG00000063558	ENSSSCG00000029606	ortholog_one2one	1
ENSMUSG00000029402	ENSSSCG00000022212	ortholog_one2one	1
ENSMUSG00000047446	ENSSSCG00000032709	ortholog_one2one	1
ENSMUSG00000058444	ENSSSCG00000004955	ortholog_one2one	1
ENSMUSG00000073804	ENSSSCG00000053344	ortholog_one2one	1
ENSMUSG00000001017	ENSSSCG00000022107	ortholog_one2one	1
ENSMUSG00000062044	ENSSSCG00000030561	ortholog_one2one	1
ENSMUSG00000031847	ENSSSCG00000035388	ortholog_one2one	1
ENSMUSG00000071547	ENSSSCG00000011444	ortholog_one2one	1
ENSMUSG00000039037	ENSSSCG00000033425	ortholog_one2one	1
ENSMUSG00000003812	ENSSSCG00000013731	ortholog_one2one	1
ENSMUSG00000035799	ENSSSCG00000058909	ortholog_one2one	1
ENSMUSG00000021143	ENSSSCG00000037671	ortholog_one2one	1
ENSMUSG00000022383	ENSSSCG00000000006	ortholog_one2one	1
ENSMUSG00000039737	ENSSSCG00000042324	ortholog_one2one	1
ENSMUSG00000046408	ENSSSCG00000013769	ortholog_one2one	1
ENSMUSG00000033964	ENSSSCG00000010897	ortholog_one2one	1
ENSMUSG00000031835	ENSSSCG00000002682	ortholog_one2one	1
ENSMUSG00000055489	ENSSSCG00000013344	ortholog_one2one	1
ENSMUSG00000004561	ENSSSCG00000021718	ortholog_one2one	1
ENSMUSG00000008763	ENSSSCG00000006730	ortholog_one2one	1
ENSMUSG00000034247	ENSSSCG00000017325	ortholog_one2one	1
ENSMUSG00000026579	ENSSSCG00000006289	ortholog_one2one	1
ENSMUSG00000016624	ENSSSCG00000000020	ortholog_one2one	1
ENSMUSG00000046562	ENSSSCG00000059198	ortholog_one2one	1
ENSMUSG00000067629	ENSSSCG00000001513	ortholog_one2one	1
ENSMUSG00000019945	ENSSSCG00000033268	ortholog_one2one	1
ENSMUSG00000033813	ENSSSCG00000006261	ortholog_one2one	1
ENSMUSG00000029446	ENSSSCG00000007748	ortholog_one2one	1
ENSMUSG00000019822	ENSSSCG00000004408	ortholog_one2one	1
ENSMUSG00000015711	ENSSSCG00000006641	ortholog_one2one	1
ENSMUSG00000021375	ENSSSCG00000020858	ortholog_one2one	1
ENSMUSG00000022526	ENSSSCG00000022161	ortholog_one2one	1
ENSMUSG00000019842	ENSSSCG00000004420	ortholog_one2one	1
ENSMUSG00000022184	ENSSSCG00000016865	ortholog_one2one	1
ENSMUSG00000027961	ENSSSCG00000006867	ortholog_one2one	1
ENSMUSG00000023951	ENSSSCG00000001695	ortholog_one2one	1
ENSMUSG00000022114	ENSSSCG00000009482	ortholog_one2one	1
ENSMUSG00000062014	ENSSSCG00000026294	ortholog_one2one	1
ENSMUSG00000034586	ENSSSCG00000017219	ortholog_one2one	1
ENSMUSG00000022466	ENSSSCG00000021166	ortholog_one2one	1
ENSMUSG00000026113	ENSSSCG00000008190	ortholog_one2one	1
ENSMUSG00000020056	ENSSSCG00000036075	ortholog_one2one	1
ENSMUSG00000021466	ENSSSCG00000027312	ortholog_one2one	1
ENSMUSG00000037326	ENSSSCG00000007993	ortholog_one2one	1
ENSMUSG00000004612	ENSSSCG00000003231	ortholog_one2one	1
ENSMUSG00000039710	ENSSSCG00000006147	ortholog_one2one	1
ENSMUSG00000034731	ENSSSCG00000009431	ortholog_one2one	1
ENSMUSG00000050064	ENSSSCG00000063017	ortholog_one2one	1
ENSMUSG00000040969	ENSSSCG00000021764	ortholog_one2one	1
ENSMUSG00000078810	ENSSSCG00000026365	ortholog_one2one	1
ENSMUSG00000041143	ENSSSCG00000027489	ortholog_one2one	1
ENSMUSG00000061979	ENSSSCG00000007723	ortholog_one2one	1
ENSMUSG00000028152	ENSSSCG00000029813	ortholog_one2one	1
ENSMUSG00000057894	ENSSSCG00000023027	ortholog_one2one	1
ENSMUSG00000031897	ENSSSCG00000031781	ortholog_one2one	1
ENSMUSG00000027405	ENSSSCG00000027676	ortholog_one2one	1
ENSMUSG00000044005	ENSSSCG00000000401	ortholog_one2one	1
ENSMUSG00000031683	ENSSSCG00000035973	ortholog_one2one	1
ENSMUSG00000021552	ENSSSCG00000026087	ortholog_one2one	1
ENSMUSG00000036023	ENSSSCG00000002143	ortholog_one2one	1
ENSMUSG00000021028	ENSSSCG00000001946	ortholog_one2one	1
ENSMUSG00000036834	ENSSSCG00000026718	ortholog_one2one	1
ENSMUSG00000073771	ENSSSCG00000003926	ortholog_one2one	1
ENSMUSG00000047921	ENSSSCG00000005934	ortholog_one2one	1
ENSMUSG00000030536	ENSSSCG00000001814	ortholog_one2one	1
ENSMUSG00000041645	ENSSSCG00000002470	ortholog_one2one	1
ENSMUSG00000021940	ENSSSCG00000010377	ortholog_one2one	1
ENSMUSG00000035671	ENSSSCG00000013758	ortholog_one2one	1
ENSMUSG00000061576	ENSSSCG00000016423	ortholog_one2one	1
ENSMUSG00000019989	ENSSSCG00000025992	ortholog_one2one	1
ENSMUSG00000003849	ENSSSCG00000002754	ortholog_one2one	1
ENSMUSG00000024041	ENSSSCG00000038816	ortholog_one2one	1
ENSMUSG00000031661	ENSSSCG00000039875	ortholog_one2one	1
ENSMUSG00000042379	ENSSSCG00000016900	ortholog_one2one	1
ENSMUSG00000047842	ENSSSCG00000031694	ortholog_one2one	1
ENSMUSG00000021413	ENSSSCG00000001002	ortholog_one2one	1
ENSMUSG00000038217	ENSSSCG00000040205	ortholog_one2one	1
ENSMUSG00000032178	ENSSSCG00000013638	ortholog_one2one	1
ENSMUSG00000020978	ENSSSCG00000005009	ortholog_one2one	1
ENSMUSG00000004296	ENSSSCG00000017044	ortholog_one2one	1
ENSMUSG00000028641	ENSSSCG00000023920	ortholog_one2one	1
ENSMUSG00000069910	ENSSSCG00000025965	ortholog_one2one	1
ENSMUSG00000051586	ENSSSCG00000000770	ortholog_one2one	1
ENSMUSG00000071072	ENSSSCG00000000406	ortholog_one2one	1
ENSMUSG00000022180	ENSSSCG00000002032	ortholog_one2one	1
ENSMUSG00000031697	ENSSSCG00000024443	ortholog_one2one	1
ENSMUSG00000014763	ENSSSCG00000029697	ortholog_one2one	1
ENSMUSG00000050222	ENSSSCG00000025308	ortholog_one2one	1
ENSMUSG00000020376	ENSSSCG00000057993	ortholog_one2one	1
ENSMUSG00000022055	ENSSSCG00000009649	ortholog_one2one	1
ENSMUSG00000043681	ENSSSCG00000026339	ortholog_one2one	1
ENSMUSG00000037608	ENSSSCG00000004163	ortholog_one2one	1
ENSMUSG00000044286	ENSSSCG00000032876	ortholog_one2one	1
ENSMUSG00000022035	ENSSSCG00000024972	ortholog_one2one	1
ENSMUSG00000093930	ENSSSCG00000016872	ortholog_one2one	1
ENSMUSG00000021252	ENSSSCG00000036494	ortholog_one2one	1
ENSMUSG00000041263	ENSSSCG00000006511	ortholog_one2one	1
ENSMUSG00000031684	ENSSSCG00000009035	ortholog_one2one	1
ENSMUSG00000006715	ENSSSCG00000001095	ortholog_one2one	1
ENSMUSG00000021919	ENSSSCG00000010392	ortholog_one2one	1
ENSMUSG00000047767	ENSSSCG00000014819	ortholog_one2one	1
ENSMUSG00000042650	ENSSSCG00000035120	ortholog_one2one	1
ENSMUSG00000023913	ENSSSCG00000001723	ortholog_one2one	1
ENSMUSG00000061603	ENSSSCG00000024517	ortholog_one2one	1
ENSMUSG00000026062	ENSSSCG00000008153	ortholog_one2one	1
ENSMUSG00000020271	ENSSSCG00000023307	ortholog_one2one	1
ENSMUSG00000026239	ENSSSCG00000016279	ortholog_one2one	1
ENSMUSG00000091931	ENSSSCG00000051892	ortholog_one2one	1
ENSMUSG00000021336	ENSSSCG00000031944	ortholog_one2one	1
ENSMUSG00000007682	ENSSSCG00000040638	ortholog_one2one	1
ENSMUSG00000045690	ENSSSCG00000005112	ortholog_one2one	1
ENSMUSG00000107283	ENSSSCG00000037201	ortholog_one2one	1
ENSMUSG00000000958	ENSSSCG00000002041	ortholog_one2one	1
ENSMUSG00000037466	ENSSSCG00000040089	ortholog_one2one	1
ENSMUSG00000073643	ENSSSCG00000025174	ortholog_one2one	1
ENSMUSG00000036587	ENSSSCG00000037554	ortholog_one2one	1
ENSMUSG00000069237	ENSSSCG00000001070	ortholog_one2one	1
ENSMUSG00000109561	ENSSSCG00000014079	ortholog_one2one	1
ENSMUSG00000017929	ENSSSCG00000007465	ortholog_one2one	1
ENSMUSG00000041781	ENSSSCG00000002447	ortholog_one2one	1
ENSMUSG00000024299	ENSSSCG00000026994	ortholog_one2one	1
ENSMUSG00000021662	ENSSSCG00000028317	ortholog_one2one	1
ENSMUSG00000048070	ENSSSCG00000037179	ortholog_one2one	1
ENSMUSG00000016524	ENSSSCG00000015653	ortholog_one2one	1
ENSMUSG00000070644	ENSSSCG00000015276	ortholog_one2one	1
ENSMUSG00000001052	ENSSSCG00000009142	ortholog_one2one	1
ENSMUSG00000021051	ENSSSCG00000026382	ortholog_one2one	1
ENSMUSG00000031808	ENSSSCG00000013879	ortholog_one2one	1
ENSMUSG00000048899	ENSSSCG00000055268	ortholog_one2one	1
ENSMUSG00000030611	ENSSSCG00000037343	ortholog_one2one	1
ENSMUSG00000058715	ENSSSCG00000006357	ortholog_one2one	1
ENSMUSG00000048232	ENSSSCG00000005350	ortholog_one2one	1
ENSMUSG00000033849	ENSSSCG00000010800	ortholog_one2one	1
ENSMUSG00000057406	ENSSSCG00000008682	ortholog_one2one	1
ENSMUSG00000030156	ENSSSCG00000000653	ortholog_one2one	1
ENSMUSG00000030516	ENSSSCG00000004854	ortholog_one2one	1
ENSMUSG00000026319	ENSSSCG00000004899	ortholog_one2one	1
ENSMUSG00000005506	ENSSSCG00000013233	ortholog_one2one	1
ENSMUSG00000021069	ENSSSCG00000005024	ortholog_one2one	1
ENSMUSG00000030134	ENSSSCG00000010201	ortholog_one2one	1
ENSMUSG00000050947	ENSSSCG00000034883	ortholog_one2one	1
ENSMUSG00000028914	ENSSSCG00000003460	ortholog_one2one	1
ENSMUSG00000035954	ENSSSCG00000025602	ortholog_one2one	1
ENSMUSG00000045915	ENSSSCG00000017988	ortholog_one2one	1
ENSMUSG00000027673	ENSSSCG00000011764	ortholog_one2one	1
ENSMUSG00000021619	ENSSSCG00000025210	ortholog_one2one	1
ENSMUSG00000020780	ENSSSCG00000017191	ortholog_one2one	1
ENSMUSG00000068105	ENSSSCG00000039074	ortholog_one2one	1
ENSMUSG00000029034	ENSSSCG00000003339	ortholog_one2one	1
ENSMUSG00000054115	ENSSSCG00000016835	ortholog_one2one	1
ENSMUSG00000021696	ENSSSCG00000035012	ortholog_one2one	1
ENSMUSG00000004356	ENSSSCG00000000869	ortholog_one2one	1
ENSMUSG00000002981	ENSSSCG00000003085	ortholog_one2one	1
ENSMUSG00000049612	ENSSSCG00000017751	ortholog_one2one	1
ENSMUSG00000020946	ENSSSCG00000030183	ortholog_one2one	1
ENSMUSG00000038760	ENSSSCG00000040768	ortholog_one2one	1
ENSMUSG00000038042	ENSSSCG00000021704	ortholog_one2one	1
ENSMUSG00000022996	ENSSSCG00000000182	ortholog_one2one	1
ENSMUSG00000028080	ENSSSCG00000009021	ortholog_one2one	1
ENSMUSG00000078653	ENSSSCG00000040866	ortholog_one2one	1
ENSMUSG00000021492	ENSSSCG00000031274	ortholog_one2one	1
ENSMUSG00000034621	ENSSSCG00000017357	ortholog_one2one	1
ENSMUSG00000053329	ENSSSCG00000025525	ortholog_one2one	1
ENSMUSG00000043895	ENSSSCG00000013658	ortholog_one2one	1
ENSMUSG00000041548	ENSSSCG00000009844	ortholog_one2one	1
ENSMUSG00000021820	ENSSSCG00000010311	ortholog_one2one	1
ENSMUSG00000032038	ENSSSCG00000015232	ortholog_one2one	1
ENSMUSG00000019892	ENSSSCG00000000934	ortholog_one2one	1
ENSMUSG00000040473	ENSSSCG00000061504	ortholog_one2one	1
ENSMUSG00000009733	ENSSSCG00000031206	ortholog_one2one	1
ENSMUSG00000026679	ENSSSCG00000032929	ortholog_one2one	1
ENSMUSG00000020542	ENSSSCG00000031988	ortholog_one2one	1
ENSMUSG00000070495	ENSSSCG00000007505	ortholog_one2one	1
ENSMUSG00000061374	ENSSSCG00000061310	ortholog_one2one	1
ENSMUSG00000071226	ENSSSCG00000000766	ortholog_one2one	1
ENSMUSG00000038848	ENSSSCG00000040086	ortholog_one2one	1
ENSMUSG00000051517	ENSSSCG00000005314	ortholog_one2one	1
ENSMUSG00000021223	ENSSSCG00000002341	ortholog_one2one	1
ENSMUSG00000003752	ENSSSCG00000003000	ortholog_one2one	1
ENSMUSG00000042604	ENSSSCG00000013330	ortholog_one2one	1
ENSMUSG00000033953	ENSSSCG00000036115	ortholog_one2one	1
ENSMUSG00000034683	ENSSSCG00000056781	ortholog_one2one	1
ENSMUSG00000043719	ENSSSCG00000037430	ortholog_one2one	1
ENSMUSG00000015312	ENSSSCG00000022689	ortholog_one2one	1
ENSMUSG00000020211	ENSSSCG00000061881	ortholog_one2one	1
ENSMUSG00000048001	ENSSSCG00000037304	ortholog_one2one	1
ENSMUSG00000061436	ENSSSCG00000026733	ortholog_one2one	1
ENSMUSG00000020907	ENSSSCG00000037991	ortholog_one2one	1
ENSMUSG00000034009	ENSSSCG00000008875	ortholog_one2one	1
ENSMUSG00000033855	ENSSSCG00000057606	ortholog_one2one	1
ENSMUSG00000038014	ENSSSCG00000008079	ortholog_one2one	1
ENSMUSG00000030616	ENSSSCG00000014909	ortholog_one2one	1
ENSMUSG00000061207	ENSSSCG00000001426	ortholog_one2one	1
ENSMUSG00000028675	ENSSSCG00000023326	ortholog_one2one	1
ENSMUSG00000041616	ENSSSCG00000061442	ortholog_one2one	1
ENSMUSG00000032329	ENSSSCG00000001871	ortholog_one2one	1
ENSMUSG00000033909	ENSSSCG00000017165	ortholog_one2one	1
ENSMUSG00000028743	ENSSSCG00000003491	ortholog_one2one	1
ENSMUSG00000020064	ENSSSCG00000038913	ortholog_one2one	1
ENSMUSG00000021133	ENSSSCG00000002311	ortholog_one2one	1
ENSMUSG00000049799	ENSSSCG00000005125	ortholog_one2one	1
ENSMUSG00000039676	ENSSSCG00000031959	ortholog_one2one	1
ENSMUSG00000024180	ENSSSCG00000007985	ortholog_one2one	1
ENSMUSG00000029054	ENSSSCG00000035018	ortholog_one2one	1
ENSMUSG00000020547	ENSSSCG00000023118	ortholog_one2one	1
ENSMUSG00000039943	ENSSSCG00000007058	ortholog_one2one	1
ENSMUSG00000021215	ENSSSCG00000023105	ortholog_one2one	1
ENSMUSG00000054434	ENSSSCG00000009808	ortholog_one2one	1
ENSMUSG00000092164	ENSSSCG00000040822	ortholog_one2one	1
ENSMUSG00000004631	ENSSSCG00000015328	ortholog_one2one	1
ENSMUSG00000078490	ENSSSCG00000030513	ortholog_one2one	1
ENSMUSG00000037944	ENSSSCG00000017466	ortholog_one2one	1
ENSMUSG00000020695	ENSSSCG00000017300	ortholog_one2one	1
ENSMUSG00000021381	ENSSSCG00000008081	ortholog_one2one	1
ENSMUSG00000056605	ENSSSCG00000000249	ortholog_one2one	1
ENSMUSG00000027811	ENSSSCG00000028492	ortholog_one2one	1
ENSMUSG00000039701	ENSSSCG00000023174	ortholog_one2one	1
ENSMUSG00000022300	ENSSSCG00000006048	ortholog_one2one	1
ENSMUSG00000021575	ENSSSCG00000032843	ortholog_one2one	1
ENSMUSG00000032591	ENSSSCG00000011386	ortholog_one2one	1
ENSMUSG00000023266	ENSSSCG00000001624	ortholog_one2one	1
ENSMUSG00000058656	ENSSSCG00000036553	ortholog_one2one	1
ENSMUSG00000021062	ENSSSCG00000002280	ortholog_one2one	1
ENSMUSG00000042524	ENSSSCG00000000094	ortholog_one2one	1
ENSMUSG00000050511	ENSSSCG00000047080	ortholog_one2one	1
ENSMUSG00000028862	ENSSSCG00000003573	ortholog_one2one	1
ENSMUSG00000030847	ENSSSCG00000010686	ortholog_one2one	1
ENSMUSG00000006705	ENSSSCG00000037663	ortholog_one2one	1
ENSMUSG00000040711	ENSSSCG00000027378	ortholog_one2one	1
ENSMUSG00000090862	ENSSSCG00000013381	ortholog_one2one	1
ENSMUSG00000021013	ENSSSCG00000002428	ortholog_one2one	1
ENSMUSG00000025968	ENSSSCG00000016127	ortholog_one2one	1
ENSMUSG00000090626	ENSSSCG00000004602	ortholog_one2one	1
ENSMUSG00000028989	ENSSSCG00000003414	ortholog_one2one	1
ENSMUSG00000031832	ENSSSCG00000002680	ortholog_one2one	1
ENSMUSG00000021427	ENSSSCG00000001022	ortholog_one2one	1
ENSMUSG00000058498	ENSSSCG00000003368	ortholog_one2one	1
ENSMUSG00000026926	ENSSSCG00000031413	ortholog_one2one	1
ENSMUSG00000002228	ENSSSCG00000006774	ortholog_one2one	1
ENSMUSG00000044221	ENSSSCG00000008940	ortholog_one2one	1
ENSMUSG00000001576	ENSSSCG00000016988	ortholog_one2one	1
ENSMUSG00000039478	ENSSSCG00000006981	ortholog_one2one	1
ENSMUSG00000027867	ENSSSCG00000006726	ortholog_one2one	1
ENSMUSG00000095930	ENSSSCG00000016873	ortholog_one2one	1
ENSMUSG00000022472	ENSSSCG00000034265	ortholog_one2one	1
ENSMUSG00000030976	ENSSSCG00000032832	ortholog_one2one	1
ENSMUSG00000010841	ENSSSCG00000017373	ortholog_one2one	1
ENSMUSG00000040212	ENSSSCG00000023377	ortholog_one2one	1
ENSMUSG00000021485	ENSSSCG00000014041	ortholog_one2one	1
ENSMUSG00000028100	ENSSSCG00000006690	ortholog_one2one	1
ENSMUSG00000031921	ENSSSCG00000002762	ortholog_one2one	1
ENSMUSG00000041961	ENSSSCG00000009971	ortholog_one2one	1
ENSMUSG00000039904	ENSSSCG00000016599	ortholog_one2one	1
ENSMUSG00000022407	ENSSSCG00000000077	ortholog_one2one	1
ENSMUSG00000066058	ENSSSCG00000034921	ortholog_one2one	1
ENSMUSG00000011382	ENSSSCG00000003144	ortholog_one2one	1
ENSMUSG00000003992	ENSSSCG00000035757	ortholog_one2one	1
ENSMUSG00000043290	ENSSSCG00000037024	ortholog_one2one	1
ENSMUSG00000021115	ENSSSCG00000002506	ortholog_one2one	1
ENSMUSG00000024059	ENSSSCG00000008535	ortholog_one2one	1
ENSMUSG00000003269	ENSSSCG00000003136	ortholog_one2one	1
ENSMUSG00000005410	ENSSSCG00000022823	ortholog_one2one	1
ENSMUSG00000056260	ENSSSCG00000006799	ortholog_one2one	1
ENSMUSG00000034614	ENSSSCG00000010026	ortholog_one2one	1
ENSMUSG00000027680	ENSSSCG00000011769	ortholog_one2one	1
ENSMUSG00000040936	ENSSSCG00000025408	ortholog_one2one	1
ENSMUSG00000063077	ENSSSCG00000003401	ortholog_one2one	1
ENSMUSG00000000811	ENSSSCG00000023929	ortholog_one2one	1
ENSMUSG00000070371	ENSSSCG00000007760	ortholog_one2one	1
ENSMUSG00000026944	ENSSSCG00000039264	ortholog_one2one	1
ENSMUSG00000020485	ENSSSCG00000034752	ortholog_one2one	1
ENSMUSG00000025469	ENSSSCG00000033363	ortholog_one2one	1
ENSMUSG00000054342	ENSSSCG00000003069	ortholog_one2one	1
ENSMUSG00000002910	ENSSSCG00000013893	ortholog_one2one	1
ENSMUSG00000037593	ENSSSCG00000061138	ortholog_one2one	1
ENSMUSG00000029757	ENSSSCG00000015335	ortholog_one2one	1
ENSMUSG00000028883	ENSSSCG00000015398	ortholog_one2one	1
ENSMUSG00000066568	ENSSSCG00000002869	ortholog_one2one	1
ENSMUSG00000031781	ENSSSCG00000029519	ortholog_one2one	1
ENSMUSG00000059883	ENSSSCG00000000799	ortholog_one2one	1
ENSMUSG00000038160	ENSSSCG00000004370	ortholog_one2one	1
ENSMUSG00000032271	ENSSSCG00000015054	ortholog_one2one	1
ENSMUSG00000023025	ENSSSCG00000028516	ortholog_one2one	1
ENSMUSG00000032562	ENSSSCG00000011399	ortholog_one2one	1
ENSMUSG00000064267	ENSSSCG00000009827	ortholog_one2one	1
ENSMUSG00000078451	ENSSSCG00000004413	ortholog_one2one	1
ENSMUSG00000025372	ENSSSCG00000017142	ortholog_one2one	1
ENSMUSG00000031723	ENSSSCG00000025218	ortholog_one2one	1
ENSMUSG00000021685	ENSSSCG00000014099	ortholog_one2one	1
ENSMUSG00000035011	ENSSSCG00000029236	ortholog_one2one	1
ENSMUSG00000038542	ENSSSCG00000009557	ortholog_one2one	1
ENSMUSG00000021589	ENSSSCG00000029805	ortholog_one2one	1
ENSMUSG00000026817	ENSSSCG00000005627	ortholog_one2one	1
ENSMUSG00000020250	ENSSSCG00000000843	ortholog_one2one	1
ENSMUSG00000051950	ENSSSCG00000009335	ortholog_one2one	1
ENSMUSG00000069805	ENSSSCG00000031174	ortholog_one2one	1
ENSMUSG00000037134	ENSSSCG00000009030	ortholog_one2one	1
ENSMUSG00000025876	ENSSSCG00000014049	ortholog_one2one	1
ENSMUSG00000039461	ENSSSCG00000037459	ortholog_one2one	1
ENSMUSG00000027994	ENSSSCG00000009141	ortholog_one2one	1
ENSMUSG00000032398	ENSSSCG00000038941	ortholog_one2one	1
ENSMUSG00000006095	ENSSSCG00000002926	ortholog_one2one	1
ENSMUSG00000033126	ENSSSCG00000033116	ortholog_one2one	1
ENSMUSG00000020038	ENSSSCG00000000164	ortholog_one2one	1
ENSMUSG00000056131	ENSSSCG00000004456	ortholog_one2one	1
ENSMUSG00000027859	ENSSSCG00000032417	ortholog_one2one	1
ENSMUSG00000052906	ENSSSCG00000015843	ortholog_one2one	1
ENSMUSG00000028053	ENSSSCG00000006508	ortholog_one2one	1
ENSMUSG00000060512	ENSSSCG00000008771	ortholog_one2one	1
ENSMUSG00000058355	ENSSSCG00000009043	ortholog_one2one	1
ENSMUSG00000027536	ENSSSCG00000025980	ortholog_one2one	1
ENSMUSG00000030854	ENSSSCG00000013358	ortholog_one2one	1
ENSMUSG00000034674	ENSSSCG00000000847	ortholog_one2one	1
ENSMUSG00000038861	ENSSSCG00000006626	ortholog_one2one	1
ENSMUSG00000005514	ENSSSCG00000038320	ortholog_one2one	1
ENSMUSG00000027551	ENSSSCG00000007481	ortholog_one2one	1
ENSMUSG00000043190	ENSSSCG00000014141	ortholog_one2one	1
ENSMUSG00000015501	ENSSSCG00000004138	ortholog_one2one	1
ENSMUSG00000069171	ENSSSCG00000014157	ortholog_one2one	1
ENSMUSG00000038372	ENSSSCG00000000994	ortholog_one2one	1
ENSMUSG00000060671	ENSSSCG00000006550	ortholog_one2one	1
ENSMUSG00000053553	ENSSSCG00000038777	ortholog_one2one	1
ENSMUSG00000035443	ENSSSCG00000028149	ortholog_one2one	1
ENSMUSG00000031671	ENSSSCG00000026505	ortholog_one2one	1
ENSMUSG00000042709	ENSSSCG00000028712	ortholog_one2one	1
ENSMUSG00000056073	ENSSSCG00000004361	ortholog_one2one	1
ENSMUSG00000005583	ENSSSCG00000014149	ortholog_one2one	1
ENSMUSG00000029445	ENSSSCG00000009805	ortholog_one2one	1
ENSMUSG00000066607	ENSSSCG00000001916	ortholog_one2one	1
ENSMUSG00000032839	ENSSSCG00000011681	ortholog_one2one	1
ENSMUSG00000032725	ENSSSCG00000014812	ortholog_one2one	1
ENSMUSG00000033411	ENSSSCG00000035827	ortholog_one2one	1
ENSMUSG00000061718	ENSSSCG00000017498	ortholog_one2one	1
ENSMUSG00000027820	ENSSSCG00000011723	ortholog_one2one	1
ENSMUSG00000022120	ENSSSCG00000029113	ortholog_one2one	1
ENSMUSG00000023960	ENSSSCG00000001715	ortholog_one2one	1
ENSMUSG00000043670	ENSSSCG00000038013	ortholog_one2one	1
ENSMUSG00000050666	ENSSSCG00000010385	ortholog_one2one	1
ENSMUSG00000047139	ENSSSCG00000056379	ortholog_one2one	1
ENSMUSG00000032355	ENSSSCG00000001485	ortholog_one2one	1
ENSMUSG00000002409	ENSSSCG00000027197	ortholog_one2one	1
ENSMUSG00000020019	ENSSSCG00000000896	ortholog_one2one	1
ENSMUSG00000020847	ENSSSCG00000036705	ortholog_one2one	1
ENSMUSG00000045731	ENSSSCG00000032600	ortholog_one2one	1
ENSMUSG00000024187	ENSSSCG00000007980	ortholog_one2one	1
ENSMUSG00000041078	ENSSSCG00000010352	ortholog_one2one	1
ENSMUSG00000055053	ENSSSCG00000036537	ortholog_one2one	1
ENSMUSG00000027556	ENSSSCG00000040770	ortholog_one2one	1
ENSMUSG00000021200	ENSSSCG00000002467	ortholog_one2one	1
ENSMUSG00000027665	ENSSSCG00000030413	ortholog_one2one	1
ENSMUSG00000017132	ENSSSCG00000017167	ortholog_one2one	1
ENSMUSG00000029840	ENSSSCG00000039290	ortholog_one2one	1
ENSMUSG00000058831	ENSSSCG00000016580	ortholog_one2one	1
ENSMUSG00000033082	ENSSSCG00000052986	ortholog_one2one	1
ENSMUSG00000027746	ENSSSCG00000056668	ortholog_one2one	1
ENSMUSG00000063568	ENSSSCG00000016691	ortholog_one2one	1
ENSMUSG00000040010	ENSSSCG00000032996	ortholog_one2one	1
ENSMUSG00000030168	ENSSSCG00000000757	ortholog_one2one	1
ENSMUSG00000028567	ENSSSCG00000003867	ortholog_one2one	1
ENSMUSG00000033014	ENSSSCG00000006757	ortholog_one2one	1
ENSMUSG00000036905	ENSSSCG00000033512	ortholog_one2one	1
ENSMUSG00000036469	ENSSSCG00000039175	ortholog_one2one	1
ENSMUSG00000033983	ENSSSCG00000017613	ortholog_one2one	1
ENSMUSG00000028960	ENSSSCG00000003398	ortholog_one2one	1
ENSMUSG00000001120	ENSSSCG00000023041	ortholog_one2one	1
ENSMUSG00000027894	ENSSSCG00000006811	ortholog_one2one	1
ENSMUSG00000033623	ENSSSCG00000029983	ortholog_one2one	1
ENSMUSG00000039720	ENSSSCG00000038325	ortholog_one2one	1
ENSMUSG00000029860	ENSSSCG00000016461	ortholog_one2one	1
ENSMUSG00000031636	ENSSSCG00000015796	ortholog_one2one	1
ENSMUSG00000027331	ENSSSCG00000053306	ortholog_one2one	1
ENSMUSG00000021978	ENSSSCG00000009680	ortholog_one2one	1
ENSMUSG00000001023	ENSSSCG00000006577	ortholog_one2one	1
ENSMUSG00000061028	ENSSSCG00000040264	ortholog_one2one	1
ENSMUSG00000028068	ENSSSCG00000006475	ortholog_one2one	1
ENSMUSG00000036934	ENSSSCG00000022333	ortholog_one2one	1
ENSMUSG00000042472	ENSSSCG00000002352	ortholog_one2one	1
ENSMUSG00000001911	ENSSSCG00000013742	ortholog_one2one	1
ENSMUSG00000056952	ENSSSCG00000011569	ortholog_one2one	1
ENSMUSG00000027569	ENSSSCG00000053677	ortholog_one2one	1
ENSMUSG00000020793	ENSSSCG00000017189	ortholog_one2one	1
ENSMUSG00000049928	ENSSSCG00000017998	ortholog_one2one	1
ENSMUSG00000038388	ENSSSCG00000016717	ortholog_one2one	1
ENSMUSG00000002324	ENSSSCG00000002001	ortholog_one2one	1
ENSMUSG00000044477	ENSSSCG00000039952	ortholog_one2one	1
ENSMUSG00000020698	ENSSSCG00000022196	ortholog_one2one	1
ENSMUSG00000038486	ENSSSCG00000006666	ortholog_one2one	1
ENSMUSG00000016024	ENSSSCG00000028758	ortholog_one2one	1
ENSMUSG00000028878	ENSSSCG00000027894	ortholog_one2one	1
ENSMUSG00000022367	ENSSSCG00000005992	ortholog_one2one	1
ENSMUSG00000055024	ENSSSCG00000000068	ortholog_one2one	1
ENSMUSG00000041438	ENSSSCG00000028638	ortholog_one2one	1
ENSMUSG00000022051	ENSSSCG00000009658	ortholog_one2one	1
ENSMUSG00000041740	ENSSSCG00000009910	ortholog_one2one	1
ENSMUSG00000048482	ENSSSCG00000013333	ortholog_one2one	1
ENSMUSG00000032289	ENSSSCG00000004980	ortholog_one2one	1
ENSMUSG00000022089	ENSSSCG00000009629	ortholog_one2one	1
ENSMUSG00000036760	ENSSSCG00000033397	ortholog_one2one	1
ENSMUSG00000058914	ENSSSCG00000016823	ortholog_one2one	1
ENSMUSG00000007739	ENSSSCG00000008377	ortholog_one2one	1
ENSMUSG00000027752	ENSSSCG00000009358	ortholog_one2one	1
ENSMUSG00000058586	ENSSSCG00000034350	ortholog_one2one	1
ENSMUSG00000039357	ENSSSCG00000035523	ortholog_one2one	1
ENSMUSG00000032609	ENSSSCG00000011379	ortholog_one2one	1
ENSMUSG00000095407	ENSSSCG00000039627	ortholog_one2one	1
ENSMUSG00000021872	ENSSSCG00000002134	ortholog_one2one	1
ENSMUSG00000035561	ENSSSCG00000005361	ortholog_one2one	1
ENSMUSG00000034709	ENSSSCG00000008423	ortholog_one2one	1
ENSMUSG00000022575	ENSSSCG00000006955	ortholog_one2one	1
ENSMUSG00000039005	ENSSSCG00000005503	ortholog_one2one	1
ENSMUSG00000035960	ENSSSCG00000040060	ortholog_one2one	1
ENSMUSG00000058173	ENSSSCG00000057259	ortholog_one2one	1
ENSMUSG00000028249	ENSSSCG00000006237	ortholog_one2one	1
ENSMUSG00000037343	ENSSSCG00000006000	ortholog_one2one	1
ENSMUSG00000036330	ENSSSCG00000009601	ortholog_one2one	1
ENSMUSG00000037536	ENSSSCG00000005057	ortholog_one2one	1
ENSMUSG00000026797	ENSSSCG00000005617	ortholog_one2one	1
ENSMUSG00000028137	ENSSSCG00000006618	ortholog_one2one	1
ENSMUSG00000038876	ENSSSCG00000004217	ortholog_one2one	1
ENSMUSG00000042523	ENSSSCG00000039469	ortholog_one2one	1
ENSMUSG00000039096	ENSSSCG00000017567	ortholog_one2one	1
ENSMUSG00000022389	ENSSSCG00000035152	ortholog_one2one	1
ENSMUSG00000005483	ENSSSCG00000013784	ortholog_one2one	1
ENSMUSG00000038416	ENSSSCG00000020899	ortholog_one2one	1
ENSMUSG00000023068	ENSSSCG00000020885	ortholog_one2one	1
ENSMUSG00000043782	ENSSSCG00000020895	ortholog_one2one	1
ENSMUSG00000034560	ENSSSCG00000000840	ortholog_one2one	1
ENSMUSG00000022438	ENSSSCG00000000024	ortholog_one2one	1
ENSMUSG00000036860	ENSSSCG00000029050	ortholog_one2one	1
ENSMUSG00000021752	ENSSSCG00000022131	ortholog_one2one	1
ENSMUSG00000020982	ENSSSCG00000005011	ortholog_one2one	1
ENSMUSG00000024217	ENSSSCG00000001531	ortholog_one2one	1
ENSMUSG00000089715	ENSSSCG00000040334	ortholog_one2one	1
ENSMUSG00000046753	ENSSSCG00000021439	ortholog_one2one	1
ENSMUSG00000070385	ENSSSCG00000006754	ortholog_one2one	1
ENSMUSG00000038188	ENSSSCG00000024071	ortholog_one2one	1
ENSMUSG00000001494	ENSSSCG00000039204	ortholog_one2one	1
ENSMUSG00000000552	ENSSSCG00000000292	ortholog_one2one	1
ENSMUSG00000020525	ENSSSCG00000026665	ortholog_one2one	1
ENSMUSG00000032503	ENSSSCG00000011238	ortholog_one2one	1
ENSMUSG00000024479	ENSSSCG00000006003	ortholog_one2one	1
ENSMUSG00000070407	ENSSSCG00000039318	ortholog_one2one	1
ENSMUSG00000000934	ENSSSCG00000006958	ortholog_one2one	1
ENSMUSG00000051378	ENSSSCG00000017342	ortholog_one2one	1
ENSMUSG00000038777	ENSSSCG00000006635	ortholog_one2one	1
ENSMUSG00000022136	ENSSSCG00000026082	ortholog_one2one	1
ENSMUSG00000020311	ENSSSCG00000008414	ortholog_one2one	1
ENSMUSG00000068037	ENSSSCG00000059431	ortholog_one2one	1
ENSMUSG00000001280	ENSSSCG00000000272	ortholog_one2one	1
ENSMUSG00000001783	ENSSSCG00000000158	ortholog_one2one	1
ENSMUSG00000026357	ENSSSCG00000033945	ortholog_one2one	1
ENSMUSG00000015812	ENSSSCG00000009651	ortholog_one2one	1
ENSMUSG00000064043	ENSSSCG00000001639	ortholog_one2one	1
ENSMUSG00000047793	ENSSSCG00000016381	ortholog_one2one	1
ENSMUSG00000056851	ENSSSCG00000000274	ortholog_one2one	1
ENSMUSG00000022106	ENSSSCG00000009400	ortholog_one2one	1
ENSMUSG00000034880	ENSSSCG00000039295	ortholog_one2one	1
ENSMUSG00000043664	ENSSSCG00000059815	ortholog_one2one	1
ENSMUSG00000031955	ENSSSCG00000028878	ortholog_one2one	1
ENSMUSG00000063594	ENSSSCG00000022068	ortholog_one2one	1
ENSMUSG00000038195	ENSSSCG00000050487	ortholog_one2one	1
ENSMUSG00000095845	ENSSSCG00000052605	ortholog_one2one	1
ENSMUSG00000035653	ENSSSCG00000004990	ortholog_one2one	1
ENSMUSG00000031644	ENSSSCG00000009714	ortholog_one2one	1
ENSMUSG00000051735	ENSSSCG00000022692	ortholog_one2one	1
ENSMUSG00000048721	ENSSSCG00000017055	ortholog_one2one	1
ENSMUSG00000051675	ENSSSCG00000005501	ortholog_one2one	1
ENSMUSG00000035775	ENSSSCG00000017459	ortholog_one2one	1
ENSMUSG00000090266	ENSSSCG00000023139	ortholog_one2one	1
ENSMUSG00000066877	ENSSSCG00000008144	ortholog_one2one	1
ENSMUSG00000007837	ENSSSCG00000003161	ortholog_one2one	1
ENSMUSG00000028465	ENSSSCG00000005317	ortholog_one2one	1
ENSMUSG00000020988	ENSSSCG00000005016	ortholog_one2one	1
ENSMUSG00000027470	ENSSSCG00000007231	ortholog_one2one	1
ENSMUSG00000058076	ENSSSCG00000030318	ortholog_one2one	1
ENSMUSG00000025156	ENSSSCG00000033689	ortholog_one2one	1
ENSMUSG00000023802	ENSSSCG00000004068	ortholog_one2one	1
ENSMUSG00000023827	ENSSSCG00000004033	ortholog_one2one	1
ENSMUSG00000056770	ENSSSCG00000002508	ortholog_one2one	1
ENSMUSG00000030346	ENSSSCG00000000722	ortholog_one2one	1
ENSMUSG00000030788	ENSSSCG00000036546	ortholog_one2one	1
ENSMUSG00000020832	ENSSSCG00000017776	ortholog_one2one	1
ENSMUSG00000036568	ENSSSCG00000001646	ortholog_one2one	1
ENSMUSG00000034040	ENSSSCG00000026457	ortholog_one2one	1
ENSMUSG00000047617	ENSSSCG00000038428	ortholog_one2one	1
ENSMUSG00000039653	ENSSSCG00000035245	ortholog_one2one	1
ENSMUSG00000028965	ENSSSCG00000003386	ortholog_one2one	1
ENSMUSG00000052456	ENSSSCG00000038776	ortholog_one2one	1
ENSMUSG00000029423	ENSSSCG00000009749	ortholog_one2one	1
ENSMUSG00000048728	ENSSSCG00000027351	ortholog_one2one	1
ENSMUSG00000066152	ENSSSCG00000023714	ortholog_one2one	1
ENSMUSG00000060572	ENSSSCG00000003479	ortholog_one2one	1
ENSMUSG00000020312	ENSSSCG00000040083	ortholog_one2one	1
ENSMUSG00000050628	ENSSSCG00000023423	ortholog_one2one	1
ENSMUSG00000035401	ENSSSCG00000014868	ortholog_one2one	1
ENSMUSG00000020614	ENSSSCG00000017258	ortholog_one2one	1
ENSMUSG00000036315	ENSSSCG00000001245	ortholog_one2one	1
ENSMUSG00000008575	ENSSSCG00000005190	ortholog_one2one	1
ENSMUSG00000036977	ENSSSCG00000033871	ortholog_one2one	1
ENSMUSG00000005371	ENSSSCG00000029485	ortholog_one2one	1
ENSMUSG00000039070	ENSSSCG00000016555	ortholog_one2one	1
ENSMUSG00000029158	ENSSSCG00000053220	ortholog_one2one	1
ENSMUSG00000026150	ENSSSCG00000031572	ortholog_one2one	1
ENSMUSG00000044807	ENSSSCG00000021640	ortholog_one2one	1
ENSMUSG00000023456	ENSSSCG00000000685	ortholog_one2one	1
ENSMUSG00000039001	ENSSSCG00000021825	ortholog_one2one	1
ENSMUSG00000047712	ENSSSCG00000028974	ortholog_one2one	1
ENSMUSG00000018547	ENSSSCG00000033291	ortholog_one2one	1
ENSMUSG00000002346	ENSSSCG00000013927	ortholog_one2one	1
ENSMUSG00000062421	ENSSSCG00000031893	ortholog_one2one	1
ENSMUSG00000031782	ENSSSCG00000025284	ortholog_one2one	1
ENSMUSG00000052139	ENSSSCG00000026465	ortholog_one2one	1
ENSMUSG00000002102	ENSSSCG00000013239	ortholog_one2one	1
ENSMUSG00000020919	ENSSSCG00000017406	ortholog_one2one	1
ENSMUSG00000029913	ENSSSCG00000009101	ortholog_one2one	1
ENSMUSG00000025280	ENSSSCG00000010327	ortholog_one2one	1
ENSMUSG00000024151	ENSSSCG00000008428	ortholog_one2one	1
ENSMUSG00000020669	ENSSSCG00000023273	ortholog_one2one	1
ENSMUSG00000028759	ENSSSCG00000003511	ortholog_one2one	1
ENSMUSG00000022425	ENSSSCG00000006001	ortholog_one2one	1
ENSMUSG00000035478	ENSSSCG00000013435	ortholog_one2one	1
ENSMUSG00000020654	ENSSSCG00000008578	ortholog_one2one	1
ENSMUSG00000038648	ENSSSCG00000016520	ortholog_one2one	1
ENSMUSG00000022101	ENSSSCG00000009609	ortholog_one2one	1
ENSMUSG00000030861	ENSSSCG00000010723	ortholog_one2one	1
ENSMUSG00000069867	ENSSSCG00000036367	ortholog_one2one	1
ENSMUSG00000043541	ENSSSCG00000040550	ortholog_one2one	1
ENSMUSG00000035896	ENSSSCG00000031649	ortholog_one2one	1
ENSMUSG00000044287	ENSSSCG00000055661	ortholog_one2one	1
ENSMUSG00000019464	ENSSSCG00000013782	ortholog_one2one	1
ENSMUSG00000034467	ENSSSCG00000031421	ortholog_one2one	1
ENSMUSG00000031971	ENSSSCG00000023776	ortholog_one2one	1
ENSMUSG00000061410	ENSSSCG00000002656	ortholog_one2one	1
ENSMUSG00000022095	ENSSSCG00000009614	ortholog_one2one	1
ENSMUSG00000040242	ENSSSCG00000000554	ortholog_one2one	1
ENSMUSG00000089704	ENSSSCG00000010185	ortholog_one2one	1
ENSMUSG00000043366	ENSSSCG00000014764	ortholog_one2one	1
ENSMUSG00000070366	ENSSSCG00000010691	ortholog_one2one	1
ENSMUSG00000022099	ENSSSCG00000009613	ortholog_one2one	1
ENSMUSG00000029419	ENSSSCG00000057521	ortholog_one2one	1
ENSMUSG00000067847	ENSSSCG00000007308	ortholog_one2one	1
ENSMUSG00000031029	ENSSSCG00000039647	ortholog_one2one	1
ENSMUSG00000020467	ENSSSCG00000008397	ortholog_one2one	1
ENSMUSG00000002416	ENSSSCG00000032390	ortholog_one2one	1
ENSMUSG00000031774	ENSSSCG00000034414	ortholog_one2one	1
ENSMUSG00000026248	ENSSSCG00000016232	ortholog_one2one	1
ENSMUSG00000038342	ENSSSCG00000009794	ortholog_one2one	1
ENSMUSG00000034000	ENSSSCG00000037090	ortholog_one2one	1
ENSMUSG00000064181	ENSSSCG00000000500	ortholog_one2one	1
ENSMUSG00000022075	ENSSSCG00000009638	ortholog_one2one	1
ENSMUSG00000015087	ENSSSCG00000005841	ortholog_one2one	1
ENSMUSG00000026109	ENSSSCG00000016064	ortholog_one2one	1
ENSMUSG00000030207	ENSSSCG00000000619	ortholog_one2one	1
ENSMUSG00000049537	ENSSSCG00000024681	ortholog_one2one	1
ENSMUSG00000034156	ENSSSCG00000017638	ortholog_one2one	1
ENSMUSG00000020576	ENSSSCG00000008621	ortholog_one2one	1
ENSMUSG00000040640	ENSSSCG00000024417	ortholog_one2one	1
ENSMUSG00000024077	ENSSSCG00000008499	ortholog_one2one	1
ENSMUSG00000056413	ENSSSCG00000007547	ortholog_one2one	1
ENSMUSG00000061046	ENSSSCG00000008003	ortholog_one2one	1
ENSMUSG00000031910	ENSSSCG00000049263	ortholog_one2one	1
ENSMUSG00000025958	ENSSSCG00000034395	ortholog_one2one	1
ENSMUSG00000071078	ENSSSCG00000023658	ortholog_one2one	1
ENSMUSG00000046792	ENSSSCG00000003317	ortholog_one2one	1
ENSMUSG00000050914	ENSSSCG00000015798	ortholog_one2one	1
ENSMUSG00000052302	ENSSSCG00000023788	ortholog_one2one	1
ENSMUSG00000021009	ENSSSCG00000002425	ortholog_one2one	1
ENSMUSG00000023723	ENSSSCG00000035193	ortholog_one2one	1
ENSMUSG00000011832	ENSSSCG00000013585	ortholog_one2one	1
ENSMUSG00000006335	ENSSSCG00000003262	ortholog_one2one	1
ENSMUSG00000028555	ENSSSCG00000003875	ortholog_one2one	1
ENSMUSG00000035215	ENSSSCG00000013463	ortholog_one2one	1
ENSMUSG00000044339	ENSSSCG00000009940	ortholog_one2one	1
ENSMUSG00000019373	ENSSSCG00000018051	ortholog_one2one	1
ENSMUSG00000030255	ENSSSCG00000025531	ortholog_one2one	1
ENSMUSG00000035762	ENSSSCG00000014148	ortholog_one2one	1
ENSMUSG00000004267	ENSSSCG00000028373	ortholog_one2one	1
ENSMUSG00000020248	ENSSSCG00000000844	ortholog_one2one	1
ENSMUSG00000056899	ENSSSCG00000061899	ortholog_one2one	1
ENSMUSG00000028098	ENSSSCG00000037355	ortholog_one2one	1
ENSMUSG00000044786	ENSSSCG00000028056	ortholog_one2one	1
ENSMUSG00000024134	ENSSSCG00000008446	ortholog_one2one	1
ENSMUSG00000048200	ENSSSCG00000023933	ortholog_one2one	1
ENSMUSG00000039623	ENSSSCG00000007577	ortholog_one2one	1
ENSMUSG00000021240	ENSSSCG00000038231	ortholog_one2one	1
ENSMUSG00000026255	ENSSSCG00000016290	ortholog_one2one	1
ENSMUSG00000024044	ENSSSCG00000003687	ortholog_one2one	1
ENSMUSG00000021965	ENSSSCG00000028249	ortholog_one2one	1
ENSMUSG00000026049	ENSSSCG00000009531	ortholog_one2one	1
ENSMUSG00000036721	ENSSSCG00000001209	ortholog_one2one	1
ENSMUSG00000019861	ENSSSCG00000004253	ortholog_one2one	1
ENSMUSG00000021902	ENSSSCG00000011439	ortholog_one2one	1
ENSMUSG00000028108	ENSSSCG00000029230	ortholog_one2one	1
ENSMUSG00000035165	ENSSSCG00000029323	ortholog_one2one	1
ENSMUSG00000000567	ENSSSCG00000017251	ortholog_one2one	1
ENSMUSG00000021541	ENSSSCG00000014318	ortholog_one2one	1
ENSMUSG00000046312	ENSSSCG00000033196	ortholog_one2one	1
ENSMUSG00000020680	ENSSSCG00000017707	ortholog_one2one	1
ENSMUSG00000028457	ENSSSCG00000005307	ortholog_one2one	1
ENSMUSG00000014353	ENSSSCG00000026954	ortholog_one2one	1
ENSMUSG00000020096	ENSSSCG00000010273	ortholog_one2one	1
ENSMUSG00000030495	ENSSSCG00000002864	ortholog_one2one	1
ENSMUSG00000006269	ENSSSCG00000008314	ortholog_one2one	1
ENSMUSG00000020457	ENSSSCG00000010029	ortholog_one2one	1
ENSMUSG00000046637	ENSSSCG00000034547	ortholog_one2one	1
ENSMUSG00000037108	ENSSSCG00000007659	ortholog_one2one	1
ENSMUSG00000052581	ENSSSCG00000008259	ortholog_one2one	1
ENSMUSG00000021981	ENSSSCG00000009397	ortholog_one2one	1
ENSMUSG00000028975	ENSSSCG00000003405	ortholog_one2one	1
ENSMUSG00000040649	ENSSSCG00000000665	ortholog_one2one	1
ENSMUSG00000040502	ENSSSCG00000033013	ortholog_one2one	1
ENSMUSG00000035722	ENSSSCG00000023121	ortholog_one2one	1
ENSMUSG00000004654	ENSSSCG00000016673	ortholog_one2one	1
ENSMUSG00000040128	ENSSSCG00000039953	ortholog_one2one	1
ENSMUSG00000029182	ENSSSCG00000008565	ortholog_one2one	1
ENSMUSG00000062963	ENSSSCG00000006363	ortholog_one2one	1
ENSMUSG00000059796	ENSSSCG00000017957	ortholog_one2one	1
ENSMUSG00000064177	ENSSSCG00000011568	ortholog_one2one	1
ENSMUSG00000057614	ENSSSCG00000015407	ortholog_one2one	1
ENSMUSG00000031751	ENSSSCG00000002822	ortholog_one2one	1
ENSMUSG00000009112	ENSSSCG00000040373	ortholog_one2one	1
ENSMUSG00000056900	ENSSSCG00000011765	ortholog_one2one	1
ENSMUSG00000032897	ENSSSCG00000003976	ortholog_one2one	1
ENSMUSG00000006019	ENSSSCG00000003114	ortholog_one2one	1
ENSMUSG00000058022	ENSSSCG00000001048	ortholog_one2one	1
ENSMUSG00000029470	ENSSSCG00000051205	ortholog_one2one	1
ENSMUSG00000066441	ENSSSCG00000002296	ortholog_one2one	1
ENSMUSG00000026240	ENSSSCG00000033334	ortholog_one2one	1
ENSMUSG00000056091	ENSSSCG00000008227	ortholog_one2one	1
ENSMUSG00000053184	ENSSSCG00000017726	ortholog_one2one	1
ENSMUSG00000091155	ENSSSCG00000009385	ortholog_one2one	1
ENSMUSG00000035597	ENSSSCG00000004997	ortholog_one2one	1
ENSMUSG00000023055	ENSSSCG00000028481	ortholog_one2one	1
ENSMUSG00000096001	ENSSSCG00000024634	ortholog_one2one	1
ENSMUSG00000049690	ENSSSCG00000023479	ortholog_one2one	1
ENSMUSG00000040283	ENSSSCG00000028567	ortholog_one2one	1
ENSMUSG00000021456	ENSSSCG00000010947	ortholog_one2one	1
ENSMUSG00000021913	ENSSSCG00000010394	ortholog_one2one	1
ENSMUSG00000000094	ENSSSCG00000022980	ortholog_one2one	1
ENSMUSG00000015542	ENSSSCG00000017231	ortholog_one2one	1
ENSMUSG00000026632	ENSSSCG00000015592	ortholog_one2one	1
ENSMUSG00000039130	ENSSSCG00000016565	ortholog_one2one	1
ENSMUSG00000035314	ENSSSCG00000014853	ortholog_one2one	1
ENSMUSG00000019900	ENSSSCG00000039333	ortholog_one2one	1
ENSMUSG00000032913	ENSSSCG00000034581	ortholog_one2one	1
ENSMUSG00000049755	ENSSSCG00000013978	ortholog_one2one	1
ENSMUSG00000063765	ENSSSCG00000000067	ortholog_one2one	1
ENSMUSG00000029275	ENSSSCG00000006902	ortholog_one2one	1
ENSMUSG00000019787	ENSSSCG00000027613	ortholog_one2one	1
ENSMUSG00000036672	ENSSSCG00000002768	ortholog_one2one	1
ENSMUSG00000027009	ENSSSCG00000016009	ortholog_one2one	1
ENSMUSG00000071540	ENSSSCG00000033489	ortholog_one2one	1
ENSMUSG00000041736	ENSSSCG00000000033	ortholog_one2one	1
ENSMUSG00000027879	ENSSSCG00000020964	ortholog_one2one	1
ENSMUSG00000029098	ENSSSCG00000008724	ortholog_one2one	1
ENSMUSG00000041483	ENSSSCG00000010911	ortholog_one2one	1
ENSMUSG00000053161	ENSSSCG00000016255	ortholog_one2one	1
ENSMUSG00000021998	ENSSSCG00000009412	ortholog_one2one	1
ENSMUSG00000029686	ENSSSCG00000015455	ortholog_one2one	1
ENSMUSG00000022295	ENSSSCG00000006054	ortholog_one2one	1
ENSMUSG00000068856	ENSSSCG00000006665	ortholog_one2one	1
ENSMUSG00000027827	ENSSSCG00000025810	ortholog_one2one	1
ENSMUSG00000042763	ENSSSCG00000032960	ortholog_one2one	1
ENSMUSG00000020935	ENSSSCG00000017340	ortholog_one2one	1
ENSMUSG00000026335	ENSSSCG00000014184	ortholog_one2one	1
ENSMUSG00000017316	ENSSSCG00000017368	ortholog_one2one	1
ENSMUSG00000054320	ENSSSCG00000002779	ortholog_one2one	1
ENSMUSG00000028822	ENSSSCG00000024267	ortholog_one2one	1
ENSMUSG00000035585	ENSSSCG00000003268	ortholog_one2one	1
ENSMUSG00000068798	ENSSSCG00000006785	ortholog_one2one	1
ENSMUSG00000044456	ENSSSCG00000002451	ortholog_one2one	1
ENSMUSG00000026317	ENSSSCG00000023155	ortholog_one2one	1
ENSMUSG00000047187	ENSSSCG00000006232	ortholog_one2one	1
ENSMUSG00000027646	ENSSSCG00000007334	ortholog_one2one	1
ENSMUSG00000015942	ENSSSCG00000028635	ortholog_one2one	1
ENSMUSG00000006519	ENSSSCG00000031493	ortholog_one2one	1
ENSMUSG00000042208	ENSSSCG00000008386	ortholog_one2one	1
ENSMUSG00000047832	ENSSSCG00000002559	ortholog_one2one	1
ENSMUSG00000040412	ENSSSCG00000006836	ortholog_one2one	1
ENSMUSG00000021124	ENSSSCG00000002295	ortholog_one2one	1
ENSMUSG00000031681	ENSSSCG00000009040	ortholog_one2one	1
ENSMUSG00000058571	ENSSSCG00000009489	ortholog_one2one	1
ENSMUSG00000028687	ENSSSCG00000003919	ortholog_one2one	1
ENSMUSG00000066721	ENSSSCG00000003054	ortholog_one2one	1
ENSMUSG00000046204	ENSSSCG00000009659	ortholog_one2one	1
ENSMUSG00000001729	ENSSSCG00000039139	ortholog_one2one	1
ENSMUSG00000002204	ENSSSCG00000003212	ortholog_one2one	1
ENSMUSG00000041594	ENSSSCG00000009524	ortholog_one2one	1
ENSMUSG00000004626	ENSSSCG00000013576	ortholog_one2one	1
ENSMUSG00000044505	ENSSSCG00000026259	ortholog_one2one	1
ENSMUSG00000002233	ENSSSCG00000006777	ortholog_one2one	1
ENSMUSG00000025486	ENSSSCG00000014558	ortholog_one2one	1
ENSMUSG00000039533	ENSSSCG00000007578	ortholog_one2one	1
ENSMUSG00000072235	ENSSSCG00000061347	ortholog_one2one	1
ENSMUSG00000019808	ENSSSCG00000039598	ortholog_one2one	1
ENSMUSG00000001416	ENSSSCG00000006487	ortholog_one2one	1
ENSMUSG00000020325	ENSSSCG00000037102	ortholog_one2one	1
ENSMUSG00000022450	ENSSSCG00000000045	ortholog_one2one	1
ENSMUSG00000020003	ENSSSCG00000004160	ortholog_one2one	1
ENSMUSG00000026278	ENSSSCG00000032684	ortholog_one2one	1
ENSMUSG00000003731	ENSSSCG00000034017	ortholog_one2one	1
ENSMUSG00000030116	ENSSSCG00000031712	ortholog_one2one	1
ENSMUSG00000048755	ENSSSCG00000000031	ortholog_one2one	1
ENSMUSG00000026387	ENSSSCG00000029536	ortholog_one2one	1
ENSMUSG00000029196	ENSSSCG00000029624	ortholog_one2one	1
ENSMUSG00000037221	ENSSSCG00000023255	ortholog_one2one	1
ENSMUSG00000051934	ENSSSCG00000000199	ortholog_one2one	1
ENSMUSG00000025586	ENSSSCG00000001808	ortholog_one2one	1
ENSMUSG00000070687	ENSSSCG00000025500	ortholog_one2one	1
ENSMUSG00000049422	ENSSSCG00000010073	ortholog_one2one	1
ENSMUSG00000041936	ENSSSCG00000022204	ortholog_one2one	1
ENSMUSG00000053368	ENSSSCG00000009336	ortholog_one2one	1
ENSMUSG00000042700	ENSSSCG00000002332	ortholog_one2one	1
ENSMUSG00000030244	ENSSSCG00000000577	ortholog_one2one	1
ENSMUSG00000051067	ENSSSCG00000013462	ortholog_one2one	1
ENSMUSG00000030222	ENSSSCG00000000602	ortholog_one2one	1
ENSMUSG00000030753	ENSSSCG00000040639	ortholog_one2one	1
ENSMUSG00000038696	ENSSSCG00000029169	ortholog_one2one	1
ENSMUSG00000032827	ENSSSCG00000015329	ortholog_one2one	1
ENSMUSG00000022357	ENSSSCG00000035521	ortholog_one2one	1
ENSMUSG00000032988	ENSSSCG00000000113	ortholog_one2one	1
ENSMUSG00000041870	ENSSSCG00000009924	ortholog_one2one	1
ENSMUSG00000000346	ENSSSCG00000022674	ortholog_one2one	1
ENSMUSG00000066979	ENSSSCG00000010726	ortholog_one2one	1
ENSMUSG00000022253	ENSSSCG00000016836	ortholog_one2one	1
ENSMUSG00000028030	ENSSSCG00000021784	ortholog_one2one	1
ENSMUSG00000031831	ENSSSCG00000002675	ortholog_one2one	1
ENSMUSG00000049353	ENSSSCG00000035369	ortholog_one2one	1
ENSMUSG00000064246	ENSSSCG00000015476	ortholog_one2one	1
ENSMUSG00000060098	ENSSSCG00000002763	ortholog_one2one	1
ENSMUSG00000002699	ENSSSCG00000017006	ortholog_one2one	1
ENSMUSG00000037646	ENSSSCG00000006071	ortholog_one2one	1
ENSMUSG00000046456	ENSSSCG00000057251	ortholog_one2one	1
ENSMUSG00000035211	ENSSSCG00000021702	ortholog_one2one	1
ENSMUSG00000029175	ENSSSCG00000008562	ortholog_one2one	1
ENSMUSG00000040782	ENSSSCG00000015509	ortholog_one2one	1
ENSMUSG00000055670	ENSSSCG00000032049	ortholog_one2one	1
ENSMUSG00000027981	ENSSSCG00000037254	ortholog_one2one	1
ENSMUSG00000038641	ENSSSCG00000016519	ortholog_one2one	1
ENSMUSG00000030704	ENSSSCG00000014828	ortholog_one2one	1
ENSMUSG00000001157	ENSSSCG00000008335	ortholog_one2one	1
ENSMUSG00000029675	ENSSSCG00000025858	ortholog_one2one	1
ENSMUSG00000020131	ENSSSCG00000024379	ortholog_one2one	1
ENSMUSG00000039385	ENSSSCG00000032931	ortholog_one2one	1
ENSMUSG00000021250	ENSSSCG00000002383	ortholog_one2one	1
ENSMUSG00000047721	ENSSSCG00000033744	ortholog_one2one	1
ENSMUSG00000046793	ENSSSCG00000006825	ortholog_one2one	1
ENSMUSG00000021928	ENSSSCG00000009393	ortholog_one2one	1
ENSMUSG00000044496	ENSSSCG00000003432	ortholog_one2one	1
ENSMUSG00000021040	ENSSSCG00000028167	ortholog_one2one	1
ENSMUSG00000033427	ENSSSCG00000010060	ortholog_one2one	1
ENSMUSG00000048039	ENSSSCG00000006471	ortholog_one2one	1
ENSMUSG00000031548	ENSSSCG00000025822	ortholog_one2one	1
ENSMUSG00000061322	ENSSSCG00000039342	ortholog_one2one	1
ENSMUSG00000038143	ENSSSCG00000015780	ortholog_one2one	1
ENSMUSG00000030738	ENSSSCG00000034927	ortholog_one2one	1
ENSMUSG00000015943	ENSSSCG00000006667	ortholog_one2one	1
ENSMUSG00000005034	ENSSSCG00000040920	ortholog_one2one	1
ENSMUSG00000023019	ENSSSCG00000000214	ortholog_one2one	1
ENSMUSG00000022210	ENSSSCG00000002013	ortholog_one2one	1
ENSMUSG00000005949	ENSSSCG00000017865	ortholog_one2one	1
ENSMUSG00000019564	ENSSSCG00000037642	ortholog_one2one	1
ENSMUSG00000026971	ENSSSCG00000015886	ortholog_one2one	1
ENSMUSG00000018999	ENSSSCG00000016541	ortholog_one2one	1
ENSMUSG00000061911	ENSSSCG00000029334	ortholog_one2one	1
ENSMUSG00000022142	ENSSSCG00000016845	ortholog_one2one	1
ENSMUSG00000000374	ENSSSCG00000039085	ortholog_one2one	1
ENSMUSG00000025482	ENSSSCG00000014555	ortholog_one2one	1
ENSMUSG00000028532	ENSSSCG00000004829	ortholog_one2one	1
ENSMUSG00000038539	ENSSSCG00000003201	ortholog_one2one	1
ENSMUSG00000044350	ENSSSCG00000009425	ortholog_one2one	1
ENSMUSG00000034792	ENSSSCG00000013473	ortholog_one2one	1
ENSMUSG00000003438	ENSSSCG00000026612	ortholog_one2one	1
ENSMUSG00000025407	ENSSSCG00000000443	ortholog_one2one	1
ENSMUSG00000022125	ENSSSCG00000031288	ortholog_one2one	1
ENSMUSG00000050931	ENSSSCG00000009152	ortholog_one2one	1
ENSMUSG00000027935	ENSSSCG00000006564	ortholog_one2one	1
ENSMUSG00000007610	ENSSSCG00000038440	ortholog_one2one	1
ENSMUSG00000025702	ENSSSCG00000010403	ortholog_one2one	1
ENSMUSG00000027690	ENSSSCG00000020927	ortholog_one2one	1
ENSMUSG00000016458	ENSSSCG00000013316	ortholog_one2one	1
ENSMUSG00000038729	ENSSSCG00000033120	ortholog_one2one	1
ENSMUSG00000038619	ENSSSCG00000006653	ortholog_one2one	1
ENSMUSG00000006649	ENSSSCG00000029284	ortholog_one2one	1
ENSMUSG00000034997	ENSSSCG00000037452	ortholog_one2one	1
ENSMUSG00000037440	ENSSSCG00000004181	ortholog_one2one	1
ENSMUSG00000027761	ENSSSCG00000031367	ortholog_one2one	1
ENSMUSG00000072294	ENSSSCG00000025130	ortholog_one2one	1
ENSMUSG00000027221	ENSSSCG00000013273	ortholog_one2one	1
ENSMUSG00000033352	ENSSSCG00000018016	ortholog_one2one	1
ENSMUSG00000001333	ENSSSCG00000021232	ortholog_one2one	1
ENSMUSG00000048416	ENSSSCG00000059095	ortholog_one2one	1
ENSMUSG00000022414	ENSSSCG00000000087	ortholog_one2one	1
ENSMUSG00000021795	ENSSSCG00000010334	ortholog_one2one	1
ENSMUSG00000046807	ENSSSCG00000010057	ortholog_one2one	1
ENSMUSG00000040624	ENSSSCG00000032778	ortholog_one2one	1
ENSMUSG00000034190	ENSSSCG00000033113	ortholog_one2one	1
ENSMUSG00000028309	ENSSSCG00000005399	ortholog_one2one	1
ENSMUSG00000041037	ENSSSCG00000030637	ortholog_one2one	1
ENSMUSG00000011263	ENSSSCG00000040410	ortholog_one2one	1
ENSMUSG00000029390	ENSSSCG00000009772	ortholog_one2one	1
ENSMUSG00000027286	ENSSSCG00000004726	ortholog_one2one	1
ENSMUSG00000021939	ENSSSCG00000023666	ortholog_one2one	1
ENSMUSG00000038292	ENSSSCG00000003172	ortholog_one2one	1
ENSMUSG00000037287	ENSSSCG00000055670	ortholog_one2one	1
ENSMUSG00000027676	ENSSSCG00000011768	ortholog_one2one	1
ENSMUSG00000005220	ENSSSCG00000008813	ortholog_one2one	1
ENSMUSG00000025359	ENSSSCG00000000371	ortholog_one2one	1
ENSMUSG00000038679	ENSSSCG00000006018	ortholog_one2one	1
ENSMUSG00000056912	ENSSSCG00000000924	ortholog_one2one	1
ENSMUSG00000034333	ENSSSCG00000035313	ortholog_one2one	1
ENSMUSG00000026471	ENSSSCG00000015540	ortholog_one2one	1
ENSMUSG00000071176	ENSSSCG00000023419	ortholog_one2one	1
ENSMUSG00000001305	ENSSSCG00000027846	ortholog_one2one	1
ENSMUSG00000028467	ENSSSCG00000005319	ortholog_one2one	1
ENSMUSG00000039629	ENSSSCG00000016567	ortholog_one2one	1
ENSMUSG00000025236	ENSSSCG00000001925	ortholog_one2one	1
ENSMUSG00000026343	ENSSSCG00000015707	ortholog_one2one	1
ENSMUSG00000019988	ENSSSCG00000000890	ortholog_one2one	1
ENSMUSG00000004897	ENSSSCG00000006468	ortholog_one2one	1
ENSMUSG00000050164	ENSSSCG00000000074	ortholog_one2one	1
ENSMUSG00000053581	ENSSSCG00000007554	ortholog_one2one	1
ENSMUSG00000037627	ENSSSCG00000006069	ortholog_one2one	1
ENSMUSG00000012405	ENSSSCG00000037030	ortholog_one2one	1
ENSMUSG00000020389	ENSSSCG00000014302	ortholog_one2one	1
ENSMUSG00000041423	ENSSSCG00000006491	ortholog_one2one	1
ENSMUSG00000037386	ENSSSCG00000031957	ortholog_one2one	1
ENSMUSG00000038260	ENSSSCG00000022672	ortholog_one2one	1
ENSMUSG00000049620	ENSSSCG00000030518	ortholog_one2one	1
ENSMUSG00000020037	ENSSSCG00000052141	ortholog_one2one	1
ENSMUSG00000052271	ENSSSCG00000038489	ortholog_one2one	1
ENSMUSG00000024012	ENSSSCG00000001571	ortholog_one2one	1
ENSMUSG00000079357	ENSSSCG00000011490	ortholog_one2one	1
ENSMUSG00000002748	ENSSSCG00000027342	ortholog_one2one	1
ENSMUSG00000035235	ENSSSCG00000009389	ortholog_one2one	1
ENSMUSG00000114797	ENSSSCG00000035318	ortholog_one2one	1
ENSMUSG00000090919	ENSSSCG00000009067	ortholog_one2one	1
ENSMUSG00000052534	ENSSSCG00000062927	ortholog_one2one	1
ENSMUSG00000050144	ENSSSCG00000006494	ortholog_one2one	1
ENSMUSG00000032586	ENSSSCG00000026977	ortholog_one2one	1
ENSMUSG00000027601	ENSSSCG00000006219	ortholog_one2one	1
ENSMUSG00000028779	ENSSSCG00000034810	ortholog_one2one	1
ENSMUSG00000067081	ENSSSCG00000016318	ortholog_one2one	1
ENSMUSG00000043572	ENSSSCG00000003843	ortholog_one2one	1
ENSMUSG00000027067	ENSSSCG00000029059	ortholog_one2one	1
ENSMUSG00000040521	ENSSSCG00000037767	ortholog_one2one	1
ENSMUSG00000048988	ENSSSCG00000030485	ortholog_one2one	1
ENSMUSG00000053129	ENSSSCG00000009313	ortholog_one2one	1
ENSMUSG00000044835	ENSSSCG00000015491	ortholog_one2one	1
ENSMUSG00000029121	ENSSSCG00000022896	ortholog_one2one	1
ENSMUSG00000037868	ENSSSCG00000010224	ortholog_one2one	1
ENSMUSG00000034023	ENSSSCG00000011563	ortholog_one2one	1
ENSMUSG00000029070	ENSSSCG00000021880	ortholog_one2one	1
ENSMUSG00000052681	ENSSSCG00000032595	ortholog_one2one	1
ENSMUSG00000032413	ENSSSCG00000011672	ortholog_one2one	1
ENSMUSG00000026696	ENSSSCG00000015482	ortholog_one2one	1
ENSMUSG00000028175	ENSSSCG00000033443	ortholog_one2one	1
ENSMUSG00000029614	ENSSSCG00000039130	ortholog_one2one	1
ENSMUSG00000029059	ENSSSCG00000026554	ortholog_one2one	1
ENSMUSG00000023993	ENSSSCG00000001613	ortholog_one2one	1
ENSMUSG00000040016	ENSSSCG00000003788	ortholog_one2one	1
ENSMUSG00000027971	ENSSSCG00000033834	ortholog_one2one	1
ENSMUSG00000023286	ENSSSCG00000003334	ortholog_one2one	1
ENSMUSG00000002768	ENSSSCG00000001655	ortholog_one2one	1
ENSMUSG00000043259	ENSSSCG00000010209	ortholog_one2one	1
ENSMUSG00000040151	ENSSSCG00000022032	ortholog_one2one	1
ENSMUSG00000022048	ENSSSCG00000030130	ortholog_one2one	1
ENSMUSG00000033502	ENSSSCG00000006864	ortholog_one2one	1
ENSMUSG00000050505	ENSSSCG00000031955	ortholog_one2one	1
ENSMUSG00000032842	ENSSSCG00000001680	ortholog_one2one	1
ENSMUSG00000057173	ENSSSCG00000008165	ortholog_one2one	1
ENSMUSG00000026333	ENSSSCG00000025287	ortholog_one2one	1
ENSMUSG00000030790	ENSSSCG00000013408	ortholog_one2one	1
ENSMUSG00000021922	ENSSSCG00000011453	ortholog_one2one	1
ENSMUSG00000027804	ENSSSCG00000008878	ortholog_one2one	1
ENSMUSG00000030077	ENSSSCG00000011524	ortholog_one2one	1
ENSMUSG00000044092	ENSSSCG00000007552	ortholog_one2one	1
ENSMUSG00000025519	ENSSSCG00000026079	ortholog_one2one	1
ENSMUSG00000033793	ENSSSCG00000006263	ortholog_one2one	1
ENSMUSG00000041308	ENSSSCG00000028109	ortholog_one2one	1
ENSMUSG00000047428	ENSSSCG00000001682	ortholog_one2one	1
ENSMUSG00000015341	ENSSSCG00000020715	ortholog_one2one	1
ENSMUSG00000028944	ENSSSCG00000016432	ortholog_one2one	1
ENSMUSG00000064147	ENSSSCG00000001566	ortholog_one2one	1
ENSMUSG00000031613	ENSSSCG00000009699	ortholog_one2one	1
ENSMUSG00000050428	ENSSSCG00000038367	ortholog_one2one	1
ENSMUSG00000053436	ENSSSCG00000001556	ortholog_one2one	1
ENSMUSG00000000296	ENSSSCG00000004225	ortholog_one2one	1
ENSMUSG00000031849	ENSSSCG00000013916	ortholog_one2one	1
ENSMUSG00000038973	ENSSSCG00000003230	ortholog_one2one	1
ENSMUSG00000031728	ENSSSCG00000002741	ortholog_one2one	1
ENSMUSG00000028841	ENSSSCG00000028387	ortholog_one2one	1
ENSMUSG00000025498	ENSSSCG00000012853	ortholog_one2one	1
ENSMUSG00000035916	ENSSSCG00000031716	ortholog_one2one	1
ENSMUSG00000038997	ENSSSCG00000031522	ortholog_one2one	1
ENSMUSG00000028101	ENSSSCG00000006689	ortholog_one2one	1
ENSMUSG00000027242	ENSSSCG00000004695	ortholog_one2one	1
ENSMUSG00000013076	ENSSSCG00000014960	ortholog_one2one	1
ENSMUSG00000020057	ENSSSCG00000023972	ortholog_one2one	1
ENSMUSG00000070306	ENSSSCG00000051840	ortholog_one2one	1
ENSMUSG00000038774	ENSSSCG00000004358	ortholog_one2one	1
ENSMUSG00000098112	ENSSSCG00000000223	ortholog_one2one	1
ENSMUSG00000020448	ENSSSCG00000058877	ortholog_one2one	1
ENSMUSG00000025722	ENSSSCG00000022451	ortholog_one2one	1
ENSMUSG00000031666	ENSSSCG00000032648	ortholog_one2one	1
ENSMUSG00000014496	ENSSSCG00000011194	ortholog_one2one	1
ENSMUSG00000060268	ENSSSCG00000033259	ortholog_one2one	1
ENSMUSG00000070287	ENSSSCG00000021508	ortholog_one2one	1
ENSMUSG00000001288	ENSSSCG00000000258	ortholog_one2one	1
ENSMUSG00000032374	ENSSSCG00000011689	ortholog_one2one	1
ENSMUSG00000005054	ENSSSCG00000027357	ortholog_one2one	1
ENSMUSG00000004207	ENSSSCG00000010281	ortholog_one2one	1
ENSMUSG00000035530	ENSSSCG00000017430	ortholog_one2one	1
ENSMUSG00000028680	ENSSSCG00000003928	ortholog_one2one	1
ENSMUSG00000036693	ENSSSCG00000008693	ortholog_one2one	1
ENSMUSG00000019461	ENSSSCG00000029391	ortholog_one2one	1
ENSMUSG00000043460	ENSSSCG00000000131	ortholog_one2one	1
ENSMUSG00000022622	ENSSSCG00000021265	ortholog_one2one	1
ENSMUSG00000002332	ENSSSCG00000001991	ortholog_one2one	1
ENSMUSG00000008690	ENSSSCG00000000965	ortholog_one2one	1
ENSMUSG00000029536	ENSSSCG00000032747	ortholog_one2one	1
ENSMUSG00000030534	ENSSSCG00000033954	ortholog_one2one	1
ENSMUSG00000053647	ENSSSCG00000026422	ortholog_one2one	1
ENSMUSG00000008348	ENSSSCG00000029226	ortholog_one2one	1
ENSMUSG00000047635	ENSSSCG00000009774	ortholog_one2one	1
ENSMUSG00000027848	ENSSSCG00000045712	ortholog_one2one	1
ENSMUSG00000034450	ENSSSCG00000009667	ortholog_one2one	1
ENSMUSG00000027679	ENSSSCG00000011770	ortholog_one2one	1
ENSMUSG00000029465	ENSSSCG00000009821	ortholog_one2one	1
ENSMUSG00000039262	ENSSSCG00000005715	ortholog_one2one	1
ENSMUSG00000038578	ENSSSCG00000005465	ortholog_one2one	1
ENSMUSG00000031641	ENSSSCG00000009717	ortholog_one2one	1
ENSMUSG00000032204	ENSSSCG00000004597	ortholog_one2one	1
ENSMUSG00000038543	ENSSSCG00000045950	ortholog_one2one	1
ENSMUSG00000021738	ENSSSCG00000011493	ortholog_one2one	1
ENSMUSG00000004319	ENSSSCG00000009713	ortholog_one2one	1
ENSMUSG00000021047	ENSSSCG00000024396	ortholog_one2one	1
ENSMUSG00000028001	ENSSSCG00000008998	ortholog_one2one	1
ENSMUSG00000020592	ENSSSCG00000008601	ortholog_one2one	1
ENSMUSG00000027835	ENSSSCG00000011739	ortholog_one2one	1
ENSMUSG00000001833	ENSSSCG00000016661	ortholog_one2one	1
ENSMUSG00000042589	ENSSSCG00000009831	ortholog_one2one	1
ENSMUSG00000020737	ENSSSCG00000017213	ortholog_one2one	1
ENSMUSG00000021947	ENSSSCG00000009268	ortholog_one2one	1
ENSMUSG00000033543	ENSSSCG00000004583	ortholog_one2one	1
ENSMUSG00000039318	ENSSSCG00000010824	ortholog_one2one	1
ENSMUSG00000039298	ENSSSCG00000028117	ortholog_one2one	1
ENSMUSG00000022174	ENSSSCG00000002050	ortholog_one2one	1
ENSMUSG00000072572	ENSSSCG00000029754	ortholog_one2one	1
ENSMUSG00000041355	ENSSSCG00000006501	ortholog_one2one	1
ENSMUSG00000021930	ENSSSCG00000009390	ortholog_one2one	1
ENSMUSG00000038453	ENSSSCG00000018056	ortholog_one2one	1
ENSMUSG00000048450	ENSSSCG00000008727	ortholog_one2one	1
ENSMUSG00000054720	ENSSSCG00000006917	ortholog_one2one	1
ENSMUSG00000032405	ENSSSCG00000004958	ortholog_one2one	1
ENSMUSG00000045790	ENSSSCG00000023001	ortholog_one2one	1
ENSMUSG00000049092	ENSSSCG00000005036	ortholog_one2one	1
ENSMUSG00000027878	ENSSSCG00000006709	ortholog_one2one	1
ENSMUSG00000045691	ENSSSCG00000002016	ortholog_one2one	1
ENSMUSG00000061244	ENSSSCG00000005066	ortholog_one2one	1
ENSMUSG00000029700	ENSSSCG00000016609	ortholog_one2one	1
ENSMUSG00000045038	ENSSSCG00000008444	ortholog_one2one	1
ENSMUSG00000027852	ENSSSCG00000032477	ortholog_one2one	1
ENSMUSG00000010721	ENSSSCG00000016412	ortholog_one2one	1
ENSMUSG00000025609	ENSSSCG00000016549	ortholog_one2one	1
ENSMUSG00000033096	ENSSSCG00000036286	ortholog_one2one	1
ENSMUSG00000043154	ENSSSCG00000033185	ortholog_one2one	1
ENSMUSG00000032826	ENSSSCG00000009125	ortholog_one2one	1
ENSMUSG00000034120	ENSSSCG00000036592	ortholog_one2one	1
ENSMUSG00000046719	ENSSSCG00000017552	ortholog_one2one	1
ENSMUSG00000035413	ENSSSCG00000017727	ortholog_one2one	1
ENSMUSG00000021880	ENSSSCG00000062585	ortholog_one2one	1
ENSMUSG00000071347	ENSSSCG00000009285	ortholog_one2one	1
ENSMUSG00000061536	ENSSSCG00000034200	ortholog_one2one	1
ENSMUSG00000041319	ENSSSCG00000023315	ortholog_one2one	1
ENSMUSG00000039990	ENSSSCG00000010741	ortholog_one2one	1
ENSMUSG00000022052	ENSSSCG00000009657	ortholog_one2one	1
ENSMUSG00000043621	ENSSSCG00000003498	ortholog_one2one	1
ENSMUSG00000042367	ENSSSCG00000038677	ortholog_one2one	1
ENSMUSG00000039741	ENSSSCG00000023045	ortholog_one2one	1
ENSMUSG00000029925	ENSSSCG00000016504	ortholog_one2one	1
ENSMUSG00000079260	ENSSSCG00000037371	ortholog_one2one	1
ENSMUSG00000033860	ENSSSCG00000024314	ortholog_one2one	1
ENSMUSG00000019471	ENSSSCG00000013647	ortholog_one2one	1
ENSMUSG00000035572	ENSSSCG00000005356	ortholog_one2one	1
ENSMUSG00000028141	ENSSSCG00000027091	ortholog_one2one	1
ENSMUSG00000002017	ENSSSCG00000008508	ortholog_one2one	1
ENSMUSG00000021822	ENSSSCG00000010312	ortholog_one2one	1
ENSMUSG00000000782	ENSSSCG00000030680	ortholog_one2one	1
ENSMUSG00000003464	ENSSSCG00000023091	ortholog_one2one	1
ENSMUSG00000005687	ENSSSCG00000055502	ortholog_one2one	1
ENSMUSG00000041650	ENSSSCG00000009522	ortholog_one2one	1
ENSMUSG00000034593	ENSSSCG00000004620	ortholog_one2one	1
ENSMUSG00000024019	ENSSSCG00000059332	ortholog_one2one	1
ENSMUSG00000036863	ENSSSCG00000006947	ortholog_one2one	1
ENSMUSG00000027799	ENSSSCG00000034348	ortholog_one2one	1
ENSMUSG00000057230	ENSSSCG00000008337	ortholog_one2one	1
ENSMUSG00000027314	ENSSSCG00000004755	ortholog_one2one	1
ENSMUSG00000060216	ENSSSCG00000017918	ortholog_one2one	1
ENSMUSG00000027305	ENSSSCG00000004748	ortholog_one2one	1
ENSMUSG00000041809	ENSSSCG00000002620	ortholog_one2one	1
ENSMUSG00000028580	ENSSSCG00000003591	ortholog_one2one	1
ENSMUSG00000030731	ENSSSCG00000003222	ortholog_one2one	1
ENSMUSG00000032128	ENSSSCG00000015202	ortholog_one2one	1
ENSMUSG00000026114	ENSSSCG00000027113	ortholog_one2one	1
ENSMUSG00000061311	ENSSSCG00000026145	ortholog_one2one	1
ENSMUSG00000027977	ENSSSCG00000009115	ortholog_one2one	1
ENSMUSG00000039000	ENSSSCG00000016409	ortholog_one2one	1
ENSMUSG00000032908	ENSSSCG00000025993	ortholog_one2one	1
ENSMUSG00000017737	ENSSSCG00000007436	ortholog_one2one	1
ENSMUSG00000026173	ENSSSCG00000016192	ortholog_one2one	1
ENSMUSG00000063235	ENSSSCG00000013226	ortholog_one2one	1
ENSMUSG00000028167	ENSSSCG00000022282	ortholog_one2one	1
ENSMUSG00000026866	ENSSSCG00000015673	ortholog_one2one	1
ENSMUSG00000031740	ENSSSCG00000002829	ortholog_one2one	1
ENSMUSG00000020788	ENSSSCG00000017874	ortholog_one2one	1
ENSMUSG00000014603	ENSSSCG00000006812	ortholog_one2one	1
ENSMUSG00000030588	ENSSSCG00000002952	ortholog_one2one	1
ENSMUSG00000024401	ENSSSCG00000060860	ortholog_one2one	1
ENSMUSG00000001018	ENSSSCG00000034159	ortholog_one2one	1
ENSMUSG00000032252	ENSSSCG00000026078	ortholog_one2one	1
ENSMUSG00000032548	ENSSSCG00000011641	ortholog_one2one	1
ENSMUSG00000027865	ENSSSCG00000006728	ortholog_one2one	1
ENSMUSG00000007036	ENSSSCG00000034923	ortholog_one2one	1
ENSMUSG00000045087	ENSSSCG00000028460	ortholog_one2one	1
ENSMUSG00000032766	ENSSSCG00000015324	ortholog_one2one	1
ENSMUSG00000032113	ENSSSCG00000015215	ortholog_one2one	1
ENSMUSG00000030559	ENSSSCG00000033878	ortholog_one2one	1
ENSMUSG00000052337	ENSSSCG00000024564	ortholog_one2one	1
ENSMUSG00000027641	ENSSSCG00000007331	ortholog_one2one	1
ENSMUSG00000030521	ENSSSCG00000004847	ortholog_one2one	1
ENSMUSG00000044452	ENSSSCG00000025139	ortholog_one2one	1
ENSMUSG00000020386	ENSSSCG00000014305	ortholog_one2one	1
ENSMUSG00000003429	ENSSSCG00000003165	ortholog_one2one	1
ENSMUSG00000035621	ENSSSCG00000013432	ortholog_one2one	1
ENSMUSG00000032577	ENSSSCG00000011415	ortholog_one2one	1
ENSMUSG00000027782	ENSSSCG00000031077	ortholog_one2one	1
ENSMUSG00000110008	ENSSSCG00000039411	ortholog_one2one	1
ENSMUSG00000008384	ENSSSCG00000026931	ortholog_one2one	1
ENSMUSG00000040396	ENSSSCG00000009541	ortholog_one2one	1
ENSMUSG00000046567	ENSSSCG00000000925	ortholog_one2one	1
ENSMUSG00000005947	ENSSSCG00000017869	ortholog_one2one	1
ENSMUSG00000030814	ENSSSCG00000007776	ortholog_one2one	1
ENSMUSG00000042821	ENSSSCG00000032613	ortholog_one2one	1
ENSMUSG00000029507	ENSSSCG00000009741	ortholog_one2one	1
ENSMUSG00000026849	ENSSSCG00000034518	ortholog_one2one	1
ENSMUSG00000104445	ENSSSCG00000035121	ortholog_one2one	1
ENSMUSG00000023965	ENSSSCG00000014190	ortholog_one2one	1
ENSMUSG00000008398	ENSSSCG00000023803	ortholog_one2one	1
ENSMUSG00000048503	ENSSSCG00000037406	ortholog_one2one	1
ENSMUSG00000035759	ENSSSCG00000000523	ortholog_one2one	1
ENSMUSG00000034278	ENSSSCG00000004762	ortholog_one2one	1
ENSMUSG00000027508	ENSSSCG00000040208	ortholog_one2one	1
ENSMUSG00000025235	ENSSSCG00000001924	ortholog_one2one	1
ENSMUSG00000020227	ENSSSCG00000000475	ortholog_one2one	1
ENSMUSG00000042535	ENSSSCG00000000095	ortholog_one2one	1
ENSMUSG00000090231	ENSSSCG00000024914	ortholog_one2one	1
ENSMUSG00000020620	ENSSSCG00000026473	ortholog_one2one	1
ENSMUSG00000028020	ENSSSCG00000032722	ortholog_one2one	1
ENSMUSG00000038056	ENSSSCG00000020663	ortholog_one2one	1
ENSMUSG00000004994	ENSSSCG00000013755	ortholog_one2one	1
ENSMUSG00000009216	ENSSSCG00000026442	ortholog_one2one	1
ENSMUSG00000044499	ENSSSCG00000004433	ortholog_one2one	1
ENSMUSG00000027560	ENSSSCG00000007488	ortholog_one2one	1
ENSMUSG00000040472	ENSSSCG00000001992	ortholog_one2one	1
ENSMUSG00000000555	ENSSSCG00000000293	ortholog_one2one	1
ENSMUSG00000090439	ENSSSCG00000038545	ortholog_one2one	1
ENSMUSG00000036099	ENSSSCG00000000900	ortholog_one2one	1
ENSMUSG00000027547	ENSSSCG00000053517	ortholog_one2one	1
ENSMUSG00000049577	ENSSSCG00000040875	ortholog_one2one	1
ENSMUSG00000038738	ENSSSCG00000062536	ortholog_one2one	1
ENSMUSG00000045954	ENSSSCG00000026618	ortholog_one2one	1
ENSMUSG00000032290	ENSSSCG00000001878	ortholog_one2one	1
ENSMUSG00000078931	ENSSSCG00000062424	ortholog_one2one	1
ENSMUSG00000031828	ENSSSCG00000038285	ortholog_one2one	1
ENSMUSG00000032093	ENSSSCG00000040140	ortholog_one2one	1
ENSMUSG00000072640	ENSSSCG00000032450	ortholog_one2one	1
ENSMUSG00000031987	ENSSSCG00000010172	ortholog_one2one	1
ENSMUSG00000027550	ENSSSCG00000006146	ortholog_one2one	1
ENSMUSG00000026610	ENSSSCG00000010814	ortholog_one2one	1
ENSMUSG00000004936	ENSSSCG00000004943	ortholog_one2one	1
ENSMUSG00000020676	ENSSSCG00000044762	ortholog_one2one	1
ENSMUSG00000043419	ENSSSCG00000023166	ortholog_one2one	1
ENSMUSG00000072082	ENSSSCG00000026326	ortholog_one2one	1
ENSMUSG00000031896	ENSSSCG00000023849	ortholog_one2one	1
ENSMUSG00000044034	ENSSSCG00000035837	ortholog_one2one	1
ENSMUSG00000079434	ENSSSCG00000016297	ortholog_one2one	1
ENSMUSG00000031563	ENSSSCG00000021731	ortholog_one2one	1
ENSMUSG00000054046	ENSSSCG00000059691	ortholog_one2one	1
ENSMUSG00000026227	ENSSSCG00000016270	ortholog_one2one	1
ENSMUSG00000022401	ENSSSCG00000033823	ortholog_one2one	1
ENSMUSG00000054716	ENSSSCG00000040745	ortholog_one2one	1
ENSMUSG00000054733	ENSSSCG00000009684	ortholog_one2one	1
ENSMUSG00000060538	ENSSSCG00000052107	ortholog_one2one	1
ENSMUSG00000004085	ENSSSCG00000015960	ortholog_one2one	1
ENSMUSG00000000538	ENSSSCG00000038639	ortholog_one2one	1
ENSMUSG00000039782	ENSSSCG00000038410	ortholog_one2one	1
ENSMUSG00000063458	ENSSSCG00000034308	ortholog_one2one	1
ENSMUSG00000022552	ENSSSCG00000005914	ortholog_one2one	1
ENSMUSG00000040111	ENSSSCG00000015144	ortholog_one2one	1
ENSMUSG00000069895	ENSSSCG00000038917	ortholog_one2one	1
ENSMUSG00000057606	ENSSSCG00000028911	ortholog_one2one	1
ENSMUSG00000025475	ENSSSCG00000039199	ortholog_one2one	1
ENSMUSG00000031711	ENSSSCG00000009052	ortholog_one2one	1
ENSMUSG00000039754	ENSSSCG00000029300	ortholog_one2one	1
ENSMUSG00000031021	ENSSSCG00000014577	ortholog_one2one	1
ENSMUSG00000029729	ENSSSCG00000031461	ortholog_one2one	1
ENSMUSG00000003070	ENSSSCG00000038701	ortholog_one2one	1
ENSMUSG00000036892	ENSSSCG00000002913	ortholog_one2one	1
ENSMUSG00000022070	ENSSSCG00000025120	ortholog_one2one	1
ENSMUSG00000044816	ENSSSCG00000032040	ortholog_one2one	1
ENSMUSG00000003345	ENSSSCG00000013445	ortholog_one2one	1
ENSMUSG00000027716	ENSSSCG00000009092	ortholog_one2one	1
ENSMUSG00000029212	ENSSSCG00000035621	ortholog_one2one	1
ENSMUSG00000033826	ENSSSCG00000062622	ortholog_one2one	1
ENSMUSG00000070643	ENSSSCG00000015277	ortholog_one2one	1
ENSMUSG00000027739	ENSSSCG00000020711	ortholog_one2one	1
ENSMUSG00000006369	ENSSSCG00000000010	ortholog_one2one	1
ENSMUSG00000037580	ENSSSCG00000035715	ortholog_one2one	1
ENSMUSG00000028035	ENSSSCG00000003766	ortholog_one2one	1
ENSMUSG00000031916	ENSSSCG00000002759	ortholog_one2one	1
ENSMUSG00000061787	ENSSSCG00000027358	ortholog_one2one	1
ENSMUSG00000017144	ENSSSCG00000040445	ortholog_one2one	1
ENSMUSG00000000560	ENSSSCG00000028922	ortholog_one2one	1
ENSMUSG00000055567	ENSSSCG00000016153	ortholog_one2one	1
ENSMUSG00000038005	ENSSSCG00000009711	ortholog_one2one	1
ENSMUSG00000027784	ENSSSCG00000023434	ortholog_one2one	1
ENSMUSG00000030546	ENSSSCG00000001844	ortholog_one2one	1
ENSMUSG00000033767	ENSSSCG00000009007	ortholog_one2one	1
ENSMUSG00000032047	ENSSSCG00000026153	ortholog_one2one	1
ENSMUSG00000037363	ENSSSCG00000015816	ortholog_one2one	1
ENSMUSG00000015829	ENSSSCG00000015508	ortholog_one2one	1
ENSMUSG00000038067	ENSSSCG00000017488	ortholog_one2one	1
ENSMUSG00000051455	ENSSSCG00000017351	ortholog_one2one	1
ENSMUSG00000029420	ENSSSCG00000009748	ortholog_one2one	1
ENSMUSG00000021996	ENSSSCG00000009407	ortholog_one2one	1
ENSMUSG00000017639	ENSSSCG00000017747	ortholog_one2one	1
ENSMUSG00000063804	ENSSSCG00000037612	ortholog_one2one	1
ENSMUSG00000020087	ENSSSCG00000010259	ortholog_one2one	1
ENSMUSG00000058741	ENSSSCG00000003024	ortholog_one2one	1
ENSMUSG00000040703	ENSSSCG00000032803	ortholog_one2one	1
ENSMUSG00000026121	ENSSSCG00000008197	ortholog_one2one	1
ENSMUSG00000055737	ENSSSCG00000016866	ortholog_one2one	1
ENSMUSG00000037526	ENSSSCG00000005058	ortholog_one2one	1
ENSMUSG00000020097	ENSSSCG00000010274	ortholog_one2one	1
ENSMUSG00000030802	ENSSSCG00000007763	ortholog_one2one	1
ENSMUSG00000040524	ENSSSCG00000004551	ortholog_one2one	1
ENSMUSG00000036054	ENSSSCG00000025839	ortholog_one2one	1
ENSMUSG00000020747	ENSSSCG00000034608	ortholog_one2one	1
ENSMUSG00000032297	ENSSSCG00000001928	ortholog_one2one	1
ENSMUSG00000035078	ENSSSCG00000035133	ortholog_one2one	1
ENSMUSG00000041765	ENSSSCG00000009516	ortholog_one2one	1
ENSMUSG00000055817	ENSSSCG00000008464	ortholog_one2one	1
ENSMUSG00000007591	ENSSSCG00000025470	ortholog_one2one	1
ENSMUSG00000053158	ENSSSCG00000001818	ortholog_one2one	1
ENSMUSG00000026281	ENSSSCG00000034147	ortholog_one2one	1
ENSMUSG00000064145	ENSSSCG00000011367	ortholog_one2one	1
ENSMUSG00000002948	ENSSSCG00000013588	ortholog_one2one	1
ENSMUSG00000022000	ENSSSCG00000009414	ortholog_one2one	1
ENSMUSG00000062939	ENSSSCG00000016059	ortholog_one2one	1
ENSMUSG00000020196	ENSSSCG00000010062	ortholog_one2one	1
ENSMUSG00000036561	ENSSSCG00000000970	ortholog_one2one	1
ENSMUSG00000034795	ENSSSCG00000009426	ortholog_one2one	1
ENSMUSG00000017670	ENSSSCG00000023306	ortholog_one2one	1
ENSMUSG00000034292	ENSSSCG00000025228	ortholog_one2one	1
ENSMUSG00000029189	ENSSSCG00000022446	ortholog_one2one	1
ENSMUSG00000034893	ENSSSCG00000023738	ortholog_one2one	1
ENSMUSG00000009900	ENSSSCG00000029870	ortholog_one2one	1
ENSMUSG00000033917	ENSSSCG00000029212	ortholog_one2one	1
ENSMUSG00000020875	ENSSSCG00000061856	ortholog_one2one	1
ENSMUSG00000020429	ENSSSCG00000016728	ortholog_one2one	1
ENSMUSG00000078676	ENSSSCG00000017477	ortholog_one2one	1
ENSMUSG00000078794	ENSSSCG00000022280	ortholog_one2one	1
ENSMUSG00000019935	ENSSSCG00000038946	ortholog_one2one	1
ENSMUSG00000030433	ENSSSCG00000033532	ortholog_one2one	1
ENSMUSG00000019979	ENSSSCG00000000884	ortholog_one2one	1
ENSMUSG00000032892	ENSSSCG00000038726	ortholog_one2one	1
ENSMUSG00000033752	ENSSSCG00000009009	ortholog_one2one	1
ENSMUSG00000057137	ENSSSCG00000040673	ortholog_one2one	1
ENSMUSG00000090314	ENSSSCG00000006599	ortholog_one2one	1
ENSMUSG00000027953	ENSSSCG00000006529	ortholog_one2one	1
ENSMUSG00000040370	ENSSSCG00000033843	ortholog_one2one	1
ENSMUSG00000040596	ENSSSCG00000006319	ortholog_one2one	1
ENSMUSG00000053012	ENSSSCG00000023294	ortholog_one2one	1
ENSMUSG00000034518	ENSSSCG00000025780	ortholog_one2one	1
ENSMUSG00000004127	ENSSSCG00000009180	ortholog_one2one	1
ENSMUSG00000020484	ENSSSCG00000030996	ortholog_one2one	1
ENSMUSG00000033294	ENSSSCG00000009739	ortholog_one2one	1
ENSMUSG00000038538	ENSSSCG00000016510	ortholog_one2one	1
ENSMUSG00000019806	ENSSSCG00000004136	ortholog_one2one	1
ENSMUSG00000062591	ENSSSCG00000013545	ortholog_one2one	1
ENSMUSG00000024112	ENSSSCG00000034266	ortholog_one2one	1
ENSMUSG00000021975	ENSSSCG00000009681	ortholog_one2one	1
ENSMUSG00000031758	ENSSSCG00000038128	ortholog_one2one	1
ENSMUSG00000032366	ENSSSCG00000004570	ortholog_one2one	1
ENSMUSG00000000617	ENSSSCG00000014027	ortholog_one2one	1
ENSMUSG00000074785	ENSSSCG00000000907	ortholog_one2one	1
ENSMUSG00000030630	ENSSSCG00000001780	ortholog_one2one	1
ENSMUSG00000022094	ENSSSCG00000032622	ortholog_one2one	1
ENSMUSG00000000753	ENSSSCG00000017818	ortholog_one2one	1
ENSMUSG00000070003	ENSSSCG00000025955	ortholog_one2one	1
ENSMUSG00000046561	ENSSSCG00000009122	ortholog_one2one	1
ENSMUSG00000028063	ENSSSCG00000006496	ortholog_one2one	1
ENSMUSG00000068099	ENSSSCG00000057743	ortholog_one2one	1
ENSMUSG00000022335	ENSSSCG00000030947	ortholog_one2one	1
ENSMUSG00000004947	ENSSSCG00000025430	ortholog_one2one	1
ENSMUSG00000046733	ENSSSCG00000029592	ortholog_one2one	1
ENSMUSG00000000901	ENSSSCG00000010071	ortholog_one2one	1
ENSMUSG00000022176	ENSSSCG00000031874	ortholog_one2one	1
ENSMUSG00000024220	ENSSSCG00000001537	ortholog_one2one	1
ENSMUSG00000030092	ENSSSCG00000038152	ortholog_one2one	1
ENSMUSG00000020894	ENSSSCG00000034868	ortholog_one2one	1
ENSMUSG00000001095	ENSSSCG00000017763	ortholog_one2one	1
ENSMUSG00000039543	ENSSSCG00000010298	ortholog_one2one	1
ENSMUSG00000001211	ENSSSCG00000038081	ortholog_one2one	1
ENSMUSG00000018651	ENSSSCG00000025775	ortholog_one2one	1
ENSMUSG00000089678	ENSSSCG00000016829	ortholog_one2one	1
ENSMUSG00000016833	ENSSSCG00000038042	ortholog_one2one	1
ENSMUSG00000060036	ENSSSCG00000040494	ortholog_one2one	1
ENSMUSG00000035151	ENSSSCG00000009055	ortholog_one2one	1
ENSMUSG00000037544	ENSSSCG00000005056	ortholog_one2one	1
ENSMUSG00000045482	ENSSSCG00000007606	ortholog_one2one	1
ENSMUSG00000027803	ENSSSCG00000011704	ortholog_one2one	1
ENSMUSG00000030214	ENSSSCG00000057970	ortholog_one2one	1
ENSMUSG00000058655	ENSSSCG00000032028	ortholog_one2one	1
ENSMUSG00000067158	ENSSSCG00000016244	ortholog_one2one	1
ENSMUSG00000074182	ENSSSCG00000006939	ortholog_one2one	1
ENSMUSG00000002393	ENSSSCG00000013873	ortholog_one2one	1
ENSMUSG00000041375	ENSSSCG00000024240	ortholog_one2one	1
ENSMUSG00000029859	ENSSSCG00000016459	ortholog_one2one	1
ENSMUSG00000005705	ENSSSCG00000002775	ortholog_one2one	1
ENSMUSG00000055707	ENSSSCG00000013913	ortholog_one2one	1
ENSMUSG00000034177	ENSSSCG00000017640	ortholog_one2one	1
ENSMUSG00000027810	ENSSSCG00000011710	ortholog_one2one	1
ENSMUSG00000029836	ENSSSCG00000016711	ortholog_one2one	1
ENSMUSG00000039239	ENSSSCG00000010816	ortholog_one2one	1
ENSMUSG00000049482	ENSSSCG00000033920	ortholog_one2one	1
ENSMUSG00000020471	ENSSSCG00000016753	ortholog_one2one	1
ENSMUSG00000054387	ENSSSCG00000015284	ortholog_one2one	1
ENSMUSG00000021767	ENSSSCG00000010316	ortholog_one2one	1
ENSMUSG00000055027	ENSSSCG00000008215	ortholog_one2one	1
ENSMUSG00000039728	ENSSSCG00000037705	ortholog_one2one	1
ENSMUSG00000068391	ENSSSCG00000005933	ortholog_one2one	1
ENSMUSG00000064201	ENSSSCG00000037806	ortholog_one2one	1
ENSMUSG00000022314	ENSSSCG00000006014	ortholog_one2one	1
ENSMUSG00000025383	ENSSSCG00000033520	ortholog_one2one	1
ENSMUSG00000039234	ENSSSCG00000009112	ortholog_one2one	1
ENSMUSG00000020212	ENSSSCG00000000483	ortholog_one2one	1
ENSMUSG00000010476	ENSSSCG00000010757	ortholog_one2one	1
ENSMUSG00000001076	ENSSSCG00000000197	ortholog_one2one	1
ENSMUSG00000036273	ENSSSCG00000000784	ortholog_one2one	1
ENSMUSG00000042190	ENSSSCG00000031346	ortholog_one2one	1
ENSMUSG00000034783	ENSSSCG00000008319	ortholog_one2one	1
ENSMUSG00000030330	ENSSSCG00000044078	ortholog_one2one	1
ENSMUSG00000020739	ENSSSCG00000017207	ortholog_one2one	1
ENSMUSG00000040557	ENSSSCG00000007717	ortholog_one2one	1
ENSMUSG00000022053	ENSSSCG00000009655	ortholog_one2one	1
ENSMUSG00000068749	ENSSSCG00000006830	ortholog_one2one	1
ENSMUSG00000015023	ENSSSCG00000060523	ortholog_one2one	1
ENSMUSG00000033940	ENSSSCG00000011565	ortholog_one2one	1
ENSMUSG00000068327	ENSSSCG00000022499	ortholog_one2one	1
ENSMUSG00000004347	ENSSSCG00000016668	ortholog_one2one	1
ENSMUSG00000031555	ENSSSCG00000015808	ortholog_one2one	1
ENSMUSG00000022008	ENSSSCG00000009419	ortholog_one2one	1
ENSMUSG00000031776	ENSSSCG00000002819	ortholog_one2one	1
ENSMUSG00000031098	ENSSSCG00000023537	ortholog_one2one	1
ENSMUSG00000022390	ENSSSCG00000033036	ortholog_one2one	1
ENSMUSG00000028161	ENSSSCG00000009172	ortholog_one2one	1
ENSMUSG00000029101	ENSSSCG00000008698	ortholog_one2one	1
ENSMUSG00000048915	ENSSSCG00000036520	ortholog_one2one	1
ENSMUSG00000031803	ENSSSCG00000013886	ortholog_one2one	1
ENSMUSG00000045733	ENSSSCG00000053907	ortholog_one2one	1
ENSMUSG00000040043	ENSSSCG00000000402	ortholog_one2one	1
ENSMUSG00000024155	ENSSSCG00000025711	ortholog_one2one	1
ENSMUSG00000000738	ENSSSCG00000024756	ortholog_one2one	1
ENSMUSG00000030660	ENSSSCG00000025406	ortholog_one2one	1
ENSMUSG00000033214	ENSSSCG00000009488	ortholog_one2one	1
ENSMUSG00000052099	ENSSSCG00000037519	ortholog_one2one	1
ENSMUSG00000051359	ENSSSCG00000006059	ortholog_one2one	1
ENSMUSG00000023912	ENSSSCG00000001720	ortholog_one2one	1
ENSMUSG00000002325	ENSSSCG00000002002	ortholog_one2one	1
ENSMUSG00000018554	ENSSSCG00000017938	ortholog_one2one	1
ENSMUSG00000000776	ENSSSCG00000009622	ortholog_one2one	1
ENSMUSG00000023973	ENSSSCG00000001651	ortholog_one2one	1
ENSMUSG00000021969	ENSSSCG00000026744	ortholog_one2one	1
ENSMUSG00000018160	ENSSSCG00000017505	ortholog_one2one	1
ENSMUSG00000028933	ENSSSCG00000032315	ortholog_one2one	1
ENSMUSG00000026600	ENSSSCG00000021464	ortholog_one2one	1
ENSMUSG00000056076	ENSSSCG00000039390	ortholog_one2one	1
ENSMUSG00000036533	ENSSSCG00000021359	ortholog_one2one	1
ENSMUSG00000074141	ENSSSCG00000003192	ortholog_one2one	1
ENSMUSG00000024186	ENSSSCG00000036541	ortholog_one2one	1
ENSMUSG00000027245	ENSSSCG00000054394	ortholog_one2one	1
ENSMUSG00000019813	ENSSSCG00000004391	ortholog_one2one	1
ENSMUSG00000030232	ENSSSCG00000000587	ortholog_one2one	1
ENSMUSG00000037325	ENSSSCG00000009093	ortholog_one2one	1
ENSMUSG00000078651	ENSSSCG00000017384	ortholog_one2one	1
ENSMUSG00000001901	ENSSSCG00000017295	ortholog_one2one	1
ENSMUSG00000051154	ENSSSCG00000011082	ortholog_one2one	1
ENSMUSG00000078681	ENSSSCG00000005782	ortholog_one2one	1
ENSMUSG00000006542	ENSSSCG00000016200	ortholog_one2one	1
ENSMUSG00000021903	ENSSSCG00000011195	ortholog_one2one	1
ENSMUSG00000018765	ENSSSCG00000017953	ortholog_one2one	1
ENSMUSG00000022177	ENSSSCG00000033178	ortholog_one2one	1
ENSMUSG00000003360	ENSSSCG00000000176	ortholog_one2one	1
ENSMUSG00000027194	ENSSSCG00000013284	ortholog_one2one	1
ENSMUSG00000001507	ENSSSCG00000017578	ortholog_one2one	1
ENSMUSG00000034083	ENSSSCG00000040702	ortholog_one2one	1
ENSMUSG00000043964	ENSSSCG00000007770	ortholog_one2one	1
ENSMUSG00000043388	ENSSSCG00000007605	ortholog_one2one	1
ENSMUSG00000031783	ENSSSCG00000025454	ortholog_one2one	1
ENSMUSG00000037805	ENSSSCG00000001543	ortholog_one2one	1
ENSMUSG00000053253	ENSSSCG00000009480	ortholog_one2one	1
ENSMUSG00000025473	ENSSSCG00000010772	ortholog_one2one	1
ENSMUSG00000016181	ENSSSCG00000015611	ortholog_one2one	1
ENSMUSG00000021273	ENSSSCG00000026044	ortholog_one2one	1
ENSMUSG00000030306	ENSSSCG00000027447	ortholog_one2one	1
ENSMUSG00000038205	ENSSSCG00000006703	ortholog_one2one	1
ENSMUSG00000043635	ENSSSCG00000038180	ortholog_one2one	1
ENSMUSG00000047067	ENSSSCG00000028180	ortholog_one2one	1
ENSMUSG00000050967	ENSSSCG00000008166	ortholog_one2one	1
ENSMUSG00000037725	ENSSSCG00000009378	ortholog_one2one	1
ENSMUSG00000022023	ENSSSCG00000031627	ortholog_one2one	1
ENSMUSG00000046971	ENSSSCG00000004732	ortholog_one2one	1
ENSMUSG00000027900	ENSSSCG00000026922	ortholog_one2one	1
ENSMUSG00000013698	ENSSSCG00000032164	ortholog_one2one	1
ENSMUSG00000024045	ENSSSCG00000013837	ortholog_one2one	1
ENSMUSG00000031792	ENSSSCG00000002807	ortholog_one2one	1
ENSMUSG00000050558	ENSSSCG00000037063	ortholog_one2one	1
ENSMUSG00000042988	ENSSSCG00000039013	ortholog_one2one	1
ENSMUSG00000107499	ENSSSCG00000008270	ortholog_one2one	1
ENSMUSG00000022400	ENSSSCG00000034230	ortholog_one2one	1
ENSMUSG00000022132	ENSSSCG00000009500	ortholog_one2one	1
ENSMUSG00000002342	ENSSSCG00000033168	ortholog_one2one	1
ENSMUSG00000056755	ENSSSCG00000023891	ortholog_one2one	1
ENSMUSG00000038611	ENSSSCG00000029723	ortholog_one2one	1
ENSMUSG00000010057	ENSSSCG00000057050	ortholog_one2one	1
ENSMUSG00000003660	ENSSSCG00000008127	ortholog_one2one	1
ENSMUSG00000026189	ENSSSCG00000022758	ortholog_one2one	1
ENSMUSG00000042567	ENSSSCG00000011217	ortholog_one2one	1
ENSMUSG00000047228	ENSSSCG00000000659	ortholog_one2one	1
ENSMUSG00000029063	ENSSSCG00000038967	ortholog_one2one	1
ENSMUSG00000019891	ENSSSCG00000004254	ortholog_one2one	1
ENSMUSG00000015599	ENSSSCG00000001664	ortholog_one2one	1
ENSMUSG00000022565	ENSSSCG00000039094	ortholog_one2one	1
ENSMUSG00000028124	ENSSSCG00000037549	ortholog_one2one	1
ENSMUSG00000004285	ENSSSCG00000016577	ortholog_one2one	1
ENSMUSG00000044296	ENSSSCG00000052203	ortholog_one2one	1
ENSMUSG00000056121	ENSSSCG00000008503	ortholog_one2one	1
ENSMUSG00000030243	ENSSSCG00000000580	ortholog_one2one	1
ENSMUSG00000038079	ENSSSCG00000035161	ortholog_one2one	1
ENSMUSG00000007589	ENSSSCG00000001994	ortholog_one2one	1
ENSMUSG00000057322	ENSSSCG00000017239	ortholog_one2one	1
ENSMUSG00000051076	ENSSSCG00000006731	ortholog_one2one	1
ENSMUSG00000034994	ENSSSCG00000025675	ortholog_one2one	1
ENSMUSG00000040481	ENSSSCG00000033528	ortholog_one2one	1
ENSMUSG00000035566	ENSSSCG00000009446	ortholog_one2one	1
ENSMUSG00000027698	ENSSSCG00000011755	ortholog_one2one	1
ENSMUSG00000021950	ENSSSCG00000010370	ortholog_one2one	1
ENSMUSG00000004044	ENSSSCG00000035446	ortholog_one2one	1
ENSMUSG00000049532	ENSSSCG00000022705	ortholog_one2one	1
ENSMUSG00000032215	ENSSSCG00000024983	ortholog_one2one	1
ENSMUSG00000023829	ENSSSCG00000004041	ortholog_one2one	1
ENSMUSG00000033060	ENSSSCG00000040184	ortholog_one2one	1
ENSMUSG00000037568	ENSSSCG00000015589	ortholog_one2one	1
ENSMUSG00000096225	ENSSSCG00000003778	ortholog_one2one	1
ENSMUSG00000023990	ENSSSCG00000001621	ortholog_one2one	1
ENSMUSG00000038604	ENSSSCG00000002774	ortholog_one2one	1
ENSMUSG00000030287	ENSSSCG00000000555	ortholog_one2one	1
ENSMUSG00000020282	ENSSSCG00000007968	ortholog_one2one	1
ENSMUSG00000037887	ENSSSCG00000032911	ortholog_one2one	1
ENSMUSG00000028107	ENSSSCG00000026395	ortholog_one2one	1
ENSMUSG00000070972	ENSSSCG00000005460	ortholog_one2one	1
ENSMUSG00000052533	ENSSSCG00000005667	ortholog_one2one	1
ENSMUSG00000050105	ENSSSCG00000031074	ortholog_one2one	1
ENSMUSG00000028525	ENSSSCG00000003805	ortholog_one2one	1
ENSMUSG00000039194	ENSSSCG00000001836	ortholog_one2one	1
ENSMUSG00000031821	ENSSSCG00000056302	ortholog_one2one	1
ENSMUSG00000006587	ENSSSCG00000040145	ortholog_one2one	1
ENSMUSG00000038697	ENSSSCG00000010187	ortholog_one2one	1
ENSMUSG00000062866	ENSSSCG00000004132	ortholog_one2one	1
ENSMUSG00000028890	ENSSSCG00000037516	ortholog_one2one	1
ENSMUSG00000031616	ENSSSCG00000009031	ortholog_one2one	1
ENSMUSG00000053687	ENSSSCG00000021105	ortholog_one2one	1
ENSMUSG00000002885	ENSSSCG00000013775	ortholog_one2one	1
ENSMUSG00000007670	ENSSSCG00000013538	ortholog_one2one	1
ENSMUSG00000028438	ENSSSCG00000010984	ortholog_one2one	1
ENSMUSG00000038060	ENSSSCG00000011249	ortholog_one2one	1
ENSMUSG00000029822	ENSSSCG00000016715	ortholog_one2one	1
ENSMUSG00000028544	ENSSSCG00000003882	ortholog_one2one	1
ENSMUSG00000048787	ENSSSCG00000007854	ortholog_one2one	1
ENSMUSG00000112920	ENSSSCG00000029709	ortholog_one2one	1
ENSMUSG00000018012	ENSSSCG00000036973	ortholog_one2one	1
ENSMUSG00000074121	ENSSSCG00000003160	ortholog_one2one	1
ENSMUSG00000033192	ENSSSCG00000002828	ortholog_one2one	1
ENSMUSG00000056515	ENSSSCG00000037264	ortholog_one2one	1
ENSMUSG00000046402	ENSSSCG00000011664	ortholog_one2one	1
ENSMUSG00000029522	ENSSSCG00000029501	ortholog_one2one	1
ENSMUSG00000009293	ENSSSCG00000027165	ortholog_one2one	1
ENSMUSG00000040312	ENSSSCG00000001391	ortholog_one2one	1
ENSMUSG00000001249	ENSSSCG00000021867	ortholog_one2one	1
ENSMUSG00000032010	ENSSSCG00000015120	ortholog_one2one	1
ENSMUSG00000020079	ENSSSCG00000010251	ortholog_one2one	1
ENSMUSG00000043702	ENSSSCG00000011465	ortholog_one2one	1
ENSMUSG00000024082	ENSSSCG00000008494	ortholog_one2one	1
ENSMUSG00000063919	ENSSSCG00000009845	ortholog_one2one	1
ENSMUSG00000053093	ENSSSCG00000053614	ortholog_one2one	1
ENSMUSG00000020520	ENSSSCG00000017072	ortholog_one2one	1
ENSMUSG00000035237	ENSSSCG00000028350	ortholog_one2one	1
ENSMUSG00000015013	ENSSSCG00000002646	ortholog_one2one	1
ENSMUSG00000036686	ENSSSCG00000013761	ortholog_one2one	1
ENSMUSG00000044469	ENSSSCG00000034615	ortholog_one2one	1
ENSMUSG00000030403	ENSSSCG00000036317	ortholog_one2one	1
ENSMUSG00000020027	ENSSSCG00000053891	ortholog_one2one	1
ENSMUSG00000023089	ENSSSCG00000037869	ortholog_one2one	1
ENSMUSG00000042572	ENSSSCG00000006544	ortholog_one2one	1
ENSMUSG00000031558	ENSSSCG00000008749	ortholog_one2one	1
ENSMUSG00000020752	ENSSSCG00000023978	ortholog_one2one	1
ENSMUSG00000030225	ENSSSCG00000000599	ortholog_one2one	1
ENSMUSG00000036040	ENSSSCG00000026425	ortholog_one2one	1
ENSMUSG00000038587	ENSSSCG00000031733	ortholog_one2one	1
ENSMUSG00000038916	ENSSSCG00000038602	ortholog_one2one	1
ENSMUSG00000037206	ENSSSCG00000001910	ortholog_one2one	1
ENSMUSG00000024087	ENSSSCG00000033844	ortholog_one2one	1
ENSMUSG00000034252	ENSSSCG00000020702	ortholog_one2one	1
ENSMUSG00000050705	ENSSSCG00000025943	ortholog_one2one	1
ENSMUSG00000044433	ENSSSCG00000013583	ortholog_one2one	1
ENSMUSG00000059834	ENSSSCG00000029943	ortholog_one2one	1
ENSMUSG00000070883	ENSSSCG00000015935	ortholog_one2one	1
ENSMUSG00000024246	ENSSSCG00000008470	ortholog_one2one	1
ENSMUSG00000020740	ENSSSCG00000017211	ortholog_one2one	1
ENSMUSG00000031027	ENSSSCG00000030206	ortholog_one2one	1
ENSMUSG00000000295	ENSSSCG00000004224	ortholog_one2one	1
ENSMUSG00000026669	ENSSSCG00000035059	ortholog_one2one	1
ENSMUSG00000000182	ENSSSCG00000052449	ortholog_one2one	1
ENSMUSG00000046192	ENSSSCG00000016608	ortholog_one2one	1
ENSMUSG00000046070	ENSSSCG00000008013	ortholog_one2one	1
ENSMUSG00000034813	ENSSSCG00000000478	ortholog_one2one	1
ENSMUSG00000033152	ENSSSCG00000021397	ortholog_one2one	1
ENSMUSG00000061130	ENSSSCG00000008451	ortholog_one2one	1
ENSMUSG00000052707	ENSSSCG00000038870	ortholog_one2one	1
ENSMUSG00000036241	ENSSSCG00000034725	ortholog_one2one	1
ENSMUSG00000078532	ENSSSCG00000032193	ortholog_one2one	1
ENSMUSG00000053192	ENSSSCG00000030278	ortholog_one2one	1
ENSMUSG00000066149	ENSSSCG00000033177	ortholog_one2one	1
ENSMUSG00000022217	ENSSSCG00000002005	ortholog_one2one	1
ENSMUSG00000051184	ENSSSCG00000024661	ortholog_one2one	1
ENSMUSG00000028990	ENSSSCG00000033257	ortholog_one2one	1
ENSMUSG00000038506	ENSSSCG00000026536	ortholog_one2one	1
ENSMUSG00000005649	ENSSSCG00000003126	ortholog_one2one	1
ENSMUSG00000026961	ENSSSCG00000032509	ortholog_one2one	1
ENSMUSG00000053119	ENSSSCG00000008222	ortholog_one2one	1
ENSMUSG00000044681	ENSSSCG00000043069	ortholog_one2one	1
ENSMUSG00000035696	ENSSSCG00000005343	ortholog_one2one	1
ENSMUSG00000020280	ENSSSCG00000008385	ortholog_one2one	1
ENSMUSG00000018604	ENSSSCG00000009865	ortholog_one2one	1
ENSMUSG00000013707	ENSSSCG00000006634	ortholog_one2one	1
ENSMUSG00000031453	ENSSSCG00000009567	ortholog_one2one	1
ENSMUSG00000061731	ENSSSCG00000006009	ortholog_one2one	1
ENSMUSG00000041997	ENSSSCG00000015944	ortholog_one2one	1
ENSMUSG00000000340	ENSSSCG00000006866	ortholog_one2one	1
ENSMUSG00000022313	ENSSSCG00000030493	ortholog_one2one	1
ENSMUSG00000032127	ENSSSCG00000015107	ortholog_one2one	1
ENSMUSG00000005370	ENSSSCG00000020931	ortholog_one2one	1
ENSMUSG00000056069	ENSSSCG00000016782	ortholog_one2one	1
ENSMUSG00000027978	ENSSSCG00000009114	ortholog_one2one	1
ENSMUSG00000054423	ENSSSCG00000011489	ortholog_one2one	1
ENSMUSG00000071192	ENSSSCG00000037013	ortholog_one2one	1
ENSMUSG00000061126	ENSSSCG00000023607	ortholog_one2one	1
ENSMUSG00000034349	ENSSSCG00000011731	ortholog_one2one	1
ENSMUSG00000039252	ENSSSCG00000028927	ortholog_one2one	1
ENSMUSG00000075705	ENSSSCG00000032932	ortholog_one2one	1
ENSMUSG00000073421	ENSSSCG00000001457	ortholog_one2one	1
ENSMUSG00000064280	ENSSSCG00000015412	ortholog_one2one	1
ENSMUSG00000035456	ENSSSCG00000036555	ortholog_one2one	1
ENSMUSG00000019080	ENSSSCG00000005899	ortholog_one2one	1
ENSMUSG00000060862	ENSSSCG00000026276	ortholog_one2one	1
ENSMUSG00000006276	ENSSSCG00000013857	ortholog_one2one	1
ENSMUSG00000020273	ENSSSCG00000008389	ortholog_one2one	1
ENSMUSG00000000149	ENSSSCG00000055213	ortholog_one2one	1
ENSMUSG00000034610	ENSSSCG00000003859	ortholog_one2one	1
ENSMUSG00000037736	ENSSSCG00000008799	ortholog_one2one	1
ENSMUSG00000079020	ENSSSCG00000005930	ortholog_one2one	1
ENSMUSG00000057411	ENSSSCG00000008004	ortholog_one2one	1
ENSMUSG00000054679	ENSSSCG00000032781	ortholog_one2one	1
ENSMUSG00000038077	ENSSSCG00000060060	ortholog_one2one	1
ENSMUSG00000052861	ENSSSCG00000045529	ortholog_one2one	1
ENSMUSG00000004233	ENSSSCG00000027153	ortholog_one2one	1
ENSMUSG00000046811	ENSSSCG00000017914	ortholog_one2one	1
ENSMUSG00000030519	ENSSSCG00000004849	ortholog_one2one	1
ENSMUSG00000022150	ENSSSCG00000016857	ortholog_one2one	1
ENSMUSG00000020715	ENSSSCG00000039909	ortholog_one2one	1
ENSMUSG00000052468	ENSSSCG00000036441	ortholog_one2one	1
ENSMUSG00000003382	ENSSSCG00000024970	ortholog_one2one	1
ENSMUSG00000007021	ENSSSCG00000008036	ortholog_one2one	1
ENSMUSG00000029784	ENSSSCG00000016562	ortholog_one2one	1
ENSMUSG00000075040	ENSSSCG00000023097	ortholog_one2one	1
ENSMUSG00000032584	ENSSSCG00000027992	ortholog_one2one	1
ENSMUSG00000027999	ENSSSCG00000053405	ortholog_one2one	1
ENSMUSG00000090509	ENSSSCG00000037154	ortholog_one2one	1
ENSMUSG00000037843	ENSSSCG00000007338	ortholog_one2one	1
ENSMUSG00000034394	ENSSSCG00000040961	ortholog_one2one	1
ENSMUSG00000063239	ENSSSCG00000001523	ortholog_one2one	1
ENSMUSG00000041135	ENSSSCG00000024096	ortholog_one2one	1
ENSMUSG00000027660	ENSSSCG00000011746	ortholog_one2one	1
ENSMUSG00000035873	ENSSSCG00000036560	ortholog_one2one	1
ENSMUSG00000002733	ENSSSCG00000049025	ortholog_one2one	1
ENSMUSG00000019761	ENSSSCG00000028522	ortholog_one2one	1
ENSMUSG00000079469	ENSSSCG00000032619	ortholog_one2one	1
ENSMUSG00000025380	ENSSSCG00000052003	ortholog_one2one	1
ENSMUSG00000015652	ENSSSCG00000015301	ortholog_one2one	1
ENSMUSG00000063887	ENSSSCG00000011756	ortholog_one2one	1
ENSMUSG00000018167	ENSSSCG00000017499	ortholog_one2one	1
ENSMUSG00000028121	ENSSSCG00000006893	ortholog_one2one	1
ENSMUSG00000034462	ENSSSCG00000009217	ortholog_one2one	1
ENSMUSG00000062151	ENSSSCG00000004614	ortholog_one2one	1
ENSMUSG00000028382	ENSSSCG00000005466	ortholog_one2one	1
ENSMUSG00000074001	ENSSSCG00000011286	ortholog_one2one	1
ENSMUSG00000032383	ENSSSCG00000034137	ortholog_one2one	1
ENSMUSG00000024053	ENSSSCG00000003694	ortholog_one2one	1
ENSMUSG00000008730	ENSSSCG00000006760	ortholog_one2one	1
ENSMUSG00000030043	ENSSSCG00000036008	ortholog_one2one	1
ENSMUSG00000032123	ENSSSCG00000015110	ortholog_one2one	1
ENSMUSG00000041046	ENSSSCG00000031144	ortholog_one2one	1
ENSMUSG00000001156	ENSSSCG00000008334	ortholog_one2one	1
ENSMUSG00000042717	ENSSSCG00000016640	ortholog_one2one	1
ENSMUSG00000029992	ENSSSCG00000008339	ortholog_one2one	1
ENSMUSG00000041361	ENSSSCG00000004598	ortholog_one2one	1
ENSMUSG00000038676	ENSSSCG00000063152	ortholog_one2one	1
ENSMUSG00000020538	ENSSSCG00000033626	ortholog_one2one	1
ENSMUSG00000026824	ENSSSCG00000036078	ortholog_one2one	1
ENSMUSG00000055204	ENSSSCG00000024592	ortholog_one2one	1
ENSMUSG00000074220	ENSSSCG00000002933	ortholog_one2one	1
ENSMUSG00000023826	ENSSSCG00000004032	ortholog_one2one	1
ENSMUSG00000037833	ENSSSCG00000010342	ortholog_one2one	1
ENSMUSG00000055862	ENSSSCG00000013455	ortholog_one2one	1
ENSMUSG00000055980	ENSSSCG00000025729	ortholog_one2one	1
ENSMUSG00000026162	ENSSSCG00000016205	ortholog_one2one	1
ENSMUSG00000051041	ENSSSCG00000038540	ortholog_one2one	1
ENSMUSG00000035126	ENSSSCG00000022305	ortholog_one2one	1
ENSMUSG00000038806	ENSSSCG00000010858	ortholog_one2one	1
ENSMUSG00000071711	ENSSSCG00000038190	ortholog_one2one	1
ENSMUSG00000039391	ENSSSCG00000014917	ortholog_one2one	1
ENSMUSG00000015971	ENSSSCG00000011458	ortholog_one2one	1
ENSMUSG00000012535	ENSSSCG00000016572	ortholog_one2one	1
ENSMUSG00000022598	ENSSSCG00000035372	ortholog_one2one	1
ENSMUSG00000072663	ENSSSCG00000016831	ortholog_one2one	1
ENSMUSG00000034432	ENSSSCG00000016323	ortholog_one2one	1
ENSMUSG00000032024	ENSSSCG00000022961	ortholog_one2one	1
ENSMUSG00000055760	ENSSSCG00000008482	ortholog_one2one	1
ENSMUSG00000006313	ENSSSCG00000002901	ortholog_one2one	1
ENSMUSG00000055177	ENSSSCG00000007121	ortholog_one2one	1
ENSMUSG00000015133	ENSSSCG00000004823	ortholog_one2one	1
ENSMUSG00000078307	ENSSSCG00000036943	ortholog_one2one	1
ENSMUSG00000027931	ENSSSCG00000006572	ortholog_one2one	1
ENSMUSG00000032220	ENSSSCG00000004587	ortholog_one2one	1
ENSMUSG00000020018	ENSSSCG00000000895	ortholog_one2one	1
ENSMUSG00000026247	ENSSSCG00000016285	ortholog_one2one	1
ENSMUSG00000000392	ENSSSCG00000015896	ortholog_one2one	1
ENSMUSG00000019843	ENSSSCG00000004421	ortholog_one2one	1
ENSMUSG00000030613	ENSSSCG00000014903	ortholog_one2one	1
ENSMUSG00000028618	ENSSSCG00000034261	ortholog_one2one	1
ENSMUSG00000022340	ENSSSCG00000006023	ortholog_one2one	1
ENSMUSG00000040721	ENSSSCG00000040339	ortholog_one2one	1
ENSMUSG00000032342	ENSSSCG00000004487	ortholog_one2one	1
ENSMUSG00000026434	ENSSSCG00000022398	ortholog_one2one	1
ENSMUSG00000029703	ENSSSCG00000007687	ortholog_one2one	1
ENSMUSG00000033740	ENSSSCG00000006266	ortholog_one2one	1
ENSMUSG00000058997	ENSSSCG00000029837	ortholog_one2one	1
ENSMUSG00000030880	ENSSSCG00000007840	ortholog_one2one	1
ENSMUSG00000028619	ENSSSCG00000063048	ortholog_one2one	1
ENSMUSG00000017767	ENSSSCG00000049990	ortholog_one2one	1
ENSMUSG00000033044	ENSSSCG00000017996	ortholog_one2one	1
ENSMUSG00000032042	ENSSSCG00000015227	ortholog_one2one	1
ENSMUSG00000023393	ENSSSCG00000040931	ortholog_one2one	1
ENSMUSG00000049097	ENSSSCG00000037823	ortholog_one2one	1
ENSMUSG00000028184	ENSSSCG00000003761	ortholog_one2one	1
ENSMUSG00000042558	ENSSSCG00000003634	ortholog_one2one	1
ENSMUSG00000019731	ENSSSCG00000013861	ortholog_one2one	1
ENSMUSG00000024067	ENSSSCG00000008516	ortholog_one2one	1
ENSMUSG00000050395	ENSSSCG00000059646	ortholog_one2one	1
ENSMUSG00000031590	ENSSSCG00000006996	ortholog_one2one	1
ENSMUSG00000028809	ENSSSCG00000032947	ortholog_one2one	1
ENSMUSG00000071037	ENSSSCG00000008447	ortholog_one2one	1
ENSMUSG00000037791	ENSSSCG00000017779	ortholog_one2one	1
ENSMUSG00000025902	ENSSSCG00000060730	ortholog_one2one	1
ENSMUSG00000029657	ENSSSCG00000009334	ortholog_one2one	1
ENSMUSG00000022365	ENSSSCG00000056684	ortholog_one2one	1
ENSMUSG00000035521	ENSSSCG00000008031	ortholog_one2one	1
ENSMUSG00000031633	ENSSSCG00000015790	ortholog_one2one	1
ENSMUSG00000027230	ENSSSCG00000013263	ortholog_one2one	1
ENSMUSG00000041372	ENSSSCG00000033412	ortholog_one2one	1
ENSMUSG00000079235	ENSSSCG00000050245	ortholog_one2one	1
ENSMUSG00000031885	ENSSSCG00000033811	ortholog_one2one	1
ENSMUSG00000079105	ENSSSCG00000016859	ortholog_one2one	1
ENSMUSG00000055214	ENSSSCG00000021132	ortholog_one2one	1
ENSMUSG00000022426	ENSSSCG00000039555	ortholog_one2one	1
ENSMUSG00000075590	ENSSSCG00000038025	ortholog_one2one	1
ENSMUSG00000032596	ENSSSCG00000011393	ortholog_one2one	1
ENSMUSG00000005802	ENSSSCG00000004668	ortholog_one2one	1
ENSMUSG00000040102	ENSSSCG00000000545	ortholog_one2one	1
ENSMUSG00000003199	ENSSSCG00000013507	ortholog_one2one	1
ENSMUSG00000010796	ENSSSCG00000016627	ortholog_one2one	1
ENSMUSG00000033730	ENSSSCG00000009630	ortholog_one2one	1
ENSMUSG00000021848	ENSSSCG00000005063	ortholog_one2one	1
ENSMUSG00000050357	ENSSSCG00000022722	ortholog_one2one	1
ENSMUSG00000026807	ENSSSCG00000039188	ortholog_one2one	1
ENSMUSG00000030713	ENSSSCG00000032902	ortholog_one2one	1
ENSMUSG00000003476	ENSSSCG00000033514	ortholog_one2one	1
ENSMUSG00000022557	ENSSSCG00000005920	ortholog_one2one	1
ENSMUSG00000030672	ENSSSCG00000007799	ortholog_one2one	1
ENSMUSG00000044629	ENSSSCG00000008349	ortholog_one2one	1
ENSMUSG00000045005	ENSSSCG00000016140	ortholog_one2one	1
ENSMUSG00000004677	ENSSSCG00000013876	ortholog_one2one	1
ENSMUSG00000055184	ENSSSCG00000039370	ortholog_one2one	1
ENSMUSG00000026480	ENSSSCG00000015559	ortholog_one2one	1
ENSMUSG00000021751	ENSSSCG00000011477	ortholog_one2one	1
ENSMUSG00000027387	ENSSSCG00000008099	ortholog_one2one	1
ENSMUSG00000034940	ENSSSCG00000026596	ortholog_one2one	1
ENSMUSG00000061702	ENSSSCG00000057647	ortholog_one2one	1
ENSMUSG00000068015	ENSSSCG00000009408	ortholog_one2one	1
ENSMUSG00000039323	ENSSSCG00000035392	ortholog_one2one	1
ENSMUSG00000037031	ENSSSCG00000036152	ortholog_one2one	1
ENSMUSG00000087247	ENSSSCG00000033922	ortholog_one2one	1
ENSMUSG00000045210	ENSSSCG00000006209	ortholog_one2one	1
ENSMUSG00000029761	ENSSSCG00000016535	ortholog_one2one	1
ENSMUSG00000022195	ENSSSCG00000016808	ortholog_one2one	1
ENSMUSG00000070871	ENSSSCG00000024696	ortholog_one2one	1
ENSMUSG00000032324	ENSSSCG00000001868	ortholog_one2one	1
ENSMUSG00000030978	ENSSSCG00000014791	ortholog_one2one	1
ENSMUSG00000027099	ENSSSCG00000022222	ortholog_one2one	1
ENSMUSG00000059714	ENSSSCG00000022725	ortholog_one2one	1
ENSMUSG00000005103	ENSSSCG00000036501	ortholog_one2one	1
ENSMUSG00000019779	ENSSSCG00000004434	ortholog_one2one	1
ENSMUSG00000032523	ENSSSCG00000011287	ortholog_one2one	1
ENSMUSG00000066279	ENSSSCG00000014796	ortholog_one2one	1
ENSMUSG00000071359	ENSSSCG00000022387	ortholog_one2one	1
ENSMUSG00000021748	ENSSSCG00000025881	ortholog_one2one	1
ENSMUSG00000030826	ENSSSCG00000003139	ortholog_one2one	1
ENSMUSG00000026828	ENSSSCG00000026146	ortholog_one2one	1
ENSMUSG00000033039	ENSSSCG00000000118	ortholog_one2one	1
ENSMUSG00000050700	ENSSSCG00000007358	ortholog_one2one	1
ENSMUSG00000018189	ENSSSCG00000010802	ortholog_one2one	1
ENSMUSG00000061175	ENSSSCG00000031175	ortholog_one2one	1
ENSMUSG00000035778	ENSSSCG00000005518	ortholog_one2one	1
ENSMUSG00000053465	ENSSSCG00000009503	ortholog_one2one	1
ENSMUSG00000020255	ENSSSCG00000027792	ortholog_one2one	1
ENSMUSG00000021803	ENSSSCG00000010348	ortholog_one2one	1
ENSMUSG00000022243	ENSSSCG00000016821	ortholog_one2one	1
ENSMUSG00000020074	ENSSSCG00000010243	ortholog_one2one	1
ENSMUSG00000023050	ENSSSCG00000000275	ortholog_one2one	1
ENSMUSG00000041707	ENSSSCG00000036822	ortholog_one2one	1
ENSMUSG00000003421	ENSSSCG00000029154	ortholog_one2one	1
ENSMUSG00000028007	ENSSSCG00000006877	ortholog_one2one	1
ENSMUSG00000055717	ENSSSCG00000009475	ortholog_one2one	1
ENSMUSG00000028640	ENSSSCG00000007499	ortholog_one2one	1
ENSMUSG00000039934	ENSSSCG00000036113	ortholog_one2one	1
ENSMUSG00000030213	ENSSSCG00000000612	ortholog_one2one	1
ENSMUSG00000040726	ENSSSCG00000021207	ortholog_one2one	1
ENSMUSG00000028081	ENSSSCG00000009019	ortholog_one2one	1
ENSMUSG00000021835	ENSSSCG00000005045	ortholog_one2one	1
ENSMUSG00000036781	ENSSSCG00000023158	ortholog_one2one	1
ENSMUSG00000021957	ENSSSCG00000021408	ortholog_one2one	1
ENSMUSG00000027175	ENSSSCG00000030326	ortholog_one2one	1
ENSMUSG00000032571	ENSSSCG00000029094	ortholog_one2one	1
ENSMUSG00000039579	ENSSSCG00000005400	ortholog_one2one	1
ENSMUSG00000041798	ENSSSCG00000016751	ortholog_one2one	1
ENSMUSG00000029869	ENSSSCG00000016473	ortholog_one2one	1
ENSMUSG00000026017	ENSSSCG00000016117	ortholog_one2one	1
ENSMUSG00000052310	ENSSSCG00000006561	ortholog_one2one	1
ENSMUSG00000087260	ENSSSCG00000040889	ortholog_one2one	1
ENSMUSG00000005774	ENSSSCG00000006625	ortholog_one2one	1
ENSMUSG00000028597	ENSSSCG00000038094	ortholog_one2one	1
ENSMUSG00000078630	ENSSSCG00000014805	ortholog_one2one	1
ENSMUSG00000043251	ENSSSCG00000002788	ortholog_one2one	1
ENSMUSG00000040550	ENSSSCG00000006120	ortholog_one2one	1
ENSMUSG00000025737	ENSSSCG00000008007	ortholog_one2one	1
ENSMUSG00000039703	ENSSSCG00000024235	ortholog_one2one	1
ENSMUSG00000037798	ENSSSCG00000010337	ortholog_one2one	1
ENSMUSG00000054659	ENSSSCG00000004314	ortholog_one2one	1
ENSMUSG00000035203	ENSSSCG00000039670	ortholog_one2one	1
ENSMUSG00000001985	ENSSSCG00000003640	ortholog_one2one	1
ENSMUSG00000040651	ENSSSCG00000024201	ortholog_one2one	1
ENSMUSG00000038214	ENSSSCG00000031159	ortholog_one2one	1
ENSMUSG00000057280	ENSSSCG00000005456	ortholog_one2one	1
ENSMUSG00000078453	ENSSSCG00000004145	ortholog_one2one	1
ENSMUSG00000024402	ENSSSCG00000001403	ortholog_one2one	1
ENSMUSG00000013160	ENSSSCG00000002776	ortholog_one2one	1
ENSMUSG00000052397	ENSSSCG00000004058	ortholog_one2one	1
ENSMUSG00000039335	ENSSSCG00000038177	ortholog_one2one	1
ENSMUSG00000046404	ENSSSCG00000015659	ortholog_one2one	1
ENSMUSG00000060487	ENSSSCG00000048240	ortholog_one2one	1
ENSMUSG00000037750	ENSSSCG00000039321	ortholog_one2one	1
ENSMUSG00000016200	ENSSSCG00000015610	ortholog_one2one	1
ENSMUSG00000004934	ENSSSCG00000022066	ortholog_one2one	1
ENSMUSG00000059743	ENSSSCG00000006512	ortholog_one2one	1
ENSMUSG00000049878	ENSSSCG00000003670	ortholog_one2one	1
ENSMUSG00000026276	ENSSSCG00000016370	ortholog_one2one	1
ENSMUSG00000022175	ENSSSCG00000034465	ortholog_one2one	1
ENSMUSG00000025521	ENSSSCG00000020868	ortholog_one2one	1
ENSMUSG00000040325	ENSSSCG00000011417	ortholog_one2one	1
ENSMUSG00000078485	ENSSSCG00000030000	ortholog_one2one	1
ENSMUSG00000022577	ENSSSCG00000033353	ortholog_one2one	1
ENSMUSG00000058690	ENSSSCG00000010351	ortholog_one2one	1
ENSMUSG00000018669	ENSSSCG00000017524	ortholog_one2one	1
ENSMUSG00000008167	ENSSSCG00000013725	ortholog_one2one	1
ENSMUSG00000024050	ENSSSCG00000013836	ortholog_one2one	1
ENSMUSG00000019951	ENSSSCG00000026697	ortholog_one2one	1
ENSMUSG00000060284	ENSSSCG00000062878	ortholog_one2one	1
ENSMUSG00000033948	ENSSSCG00000003921	ortholog_one2one	1
ENSMUSG00000039704	ENSSSCG00000016834	ortholog_one2one	1
ENSMUSG00000030008	ENSSSCG00000008304	ortholog_one2one	1
ENSMUSG00000041459	ENSSSCG00000023126	ortholog_one2one	1
ENSMUSG00000073096	ENSSSCG00000061542	ortholog_one2one	1
ENSMUSG00000030350	ENSSSCG00000000730	ortholog_one2one	1
ENSMUSG00000051671	ENSSSCG00000010161	ortholog_one2one	1
ENSMUSG00000022054	ENSSSCG00000009648	ortholog_one2one	1
ENSMUSG00000017765	ENSSSCG00000028609	ortholog_one2one	1
ENSMUSG00000050335	ENSSSCG00000005055	ortholog_one2one	1
ENSMUSG00000029404	ENSSSCG00000009782	ortholog_one2one	1
ENSMUSG00000029735	ENSSSCG00000015462	ortholog_one2one	1
ENSMUSG00000040843	ENSSSCG00000006301	ortholog_one2one	1
ENSMUSG00000002111	ENSSSCG00000013237	ortholog_one2one	1
ENSMUSG00000055022	ENSSSCG00000000789	ortholog_one2one	1
ENSMUSG00000045348	ENSSSCG00000030337	ortholog_one2one	1
ENSMUSG00000033335	ENSSSCG00000013630	ortholog_one2one	1
ENSMUSG00000041396	ENSSSCG00000006285	ortholog_one2one	1
ENSMUSG00000026594	ENSSSCG00000015523	ortholog_one2one	1
ENSMUSG00000032777	ENSSSCG00000007815	ortholog_one2one	1
ENSMUSG00000027010	ENSSSCG00000015949	ortholog_one2one	1
ENSMUSG00000021938	ENSSSCG00000009569	ortholog_one2one	1
ENSMUSG00000004655	ENSSSCG00000033190	ortholog_one2one	1
ENSMUSG00000028426	ENSSSCG00000005436	ortholog_one2one	1
ENSMUSG00000038279	ENSSSCG00000000696	ortholog_one2one	1
ENSMUSG00000025731	ENSSSCG00000032188	ortholog_one2one	1
ENSMUSG00000001785	ENSSSCG00000000161	ortholog_one2one	1
ENSMUSG00000015697	ENSSSCG00000006645	ortholog_one2one	1
ENSMUSG00000028786	ENSSSCG00000026455	ortholog_one2one	1
ENSMUSG00000022119	ENSSSCG00000009479	ortholog_one2one	1
ENSMUSG00000024160	ENSSSCG00000039024	ortholog_one2one	1
ENSMUSG00000004951	ENSSSCG00000039962	ortholog_one2one	1
ENSMUSG00000037890	ENSSSCG00000008789	ortholog_one2one	1
ENSMUSG00000017724	ENSSSCG00000017379	ortholog_one2one	1
ENSMUSG00000000730	ENSSSCG00000028741	ortholog_one2one	1
ENSMUSG00000045333	ENSSSCG00000002838	ortholog_one2one	1
ENSMUSG00000020132	ENSSSCG00000059025	ortholog_one2one	1
ENSMUSG00000014554	ENSSSCG00000008293	ortholog_one2one	1
ENSMUSG00000010936	ENSSSCG00000002729	ortholog_one2one	1
ENSMUSG00000020069	ENSSSCG00000010238	ortholog_one2one	1
ENSMUSG00000016933	ENSSSCG00000007356	ortholog_one2one	1
ENSMUSG00000047875	ENSSSCG00000033456	ortholog_one2one	1
ENSMUSG00000034412	ENSSSCG00000009999	ortholog_one2one	1
ENSMUSG00000035649	ENSSSCG00000005346	ortholog_one2one	1
ENSMUSG00000047420	ENSSSCG00000036403	ortholog_one2one	1
ENSMUSG00000035898	ENSSSCG00000008924	ortholog_one2one	1
ENSMUSG00000050854	ENSSSCG00000024697	ortholog_one2one	1
ENSMUSG00000054446	ENSSSCG00000016557	ortholog_one2one	1
ENSMUSG00000039361	ENSSSCG00000014913	ortholog_one2one	1
ENSMUSG00000044254	ENSSSCG00000025020	ortholog_one2one	1
ENSMUSG00000002870	ENSSSCG00000011624	ortholog_one2one	1
ENSMUSG00000018425	ENSSSCG00000017665	ortholog_one2one	1
ENSMUSG00000028696	ENSSSCG00000040796	ortholog_one2one	1
ENSMUSG00000023868	ENSSSCG00000004027	ortholog_one2one	1
ENSMUSG00000042064	ENSSSCG00000032177	ortholog_one2one	1
ENSMUSG00000038894	ENSSSCG00000034763	ortholog_one2one	1
ENSMUSG00000021987	ENSSSCG00000035119	ortholog_one2one	1
ENSMUSG00000045232	ENSSSCG00000013765	ortholog_one2one	1
ENSMUSG00000035212	ENSSSCG00000003806	ortholog_one2one	1
ENSMUSG00000062329	ENSSSCG00000008725	ortholog_one2one	1
ENSMUSG00000068394	ENSSSCG00000004657	ortholog_one2one	1
ENSMUSG00000006777	ENSSSCG00000024067	ortholog_one2one	1
ENSMUSG00000070498	ENSSSCG00000009754	ortholog_one2one	1
ENSMUSG00000042032	ENSSSCG00000021229	ortholog_one2one	1
ENSMUSG00000029623	ENSSSCG00000033450	ortholog_one2one	1
ENSMUSG00000039809	ENSSSCG00000027558	ortholog_one2one	1
ENSMUSG00000030074	ENSSSCG00000011519	ortholog_one2one	1
ENSMUSG00000048388	ENSSSCG00000025134	ortholog_one2one	1
ENSMUSG00000025764	ENSSSCG00000009071	ortholog_one2one	1
ENSMUSG00000030270	ENSSSCG00000054876	ortholog_one2one	1
ENSMUSG00000037151	ENSSSCG00000010267	ortholog_one2one	1
ENSMUSG00000063430	ENSSSCG00000039261	ortholog_one2one	1
ENSMUSG00000034917	ENSSSCG00000013491	ortholog_one2one	1
ENSMUSG00000040618	ENSSSCG00000002009	ortholog_one2one	1
ENSMUSG00000042744	ENSSSCG00000009885	ortholog_one2one	1
ENSMUSG00000031878	ENSSSCG00000035639	ortholog_one2one	1
ENSMUSG00000059187	ENSSSCG00000042118	ortholog_one2one	1
ENSMUSG00000036214	ENSSSCG00000063569	ortholog_one2one	1
ENSMUSG00000043445	ENSSSCG00000036614	ortholog_one2one	1
ENSMUSG00000029056	ENSSSCG00000027299	ortholog_one2one	1
ENSMUSG00000027500	ENSSSCG00000006160	ortholog_one2one	1
ENSMUSG00000037818	ENSSSCG00000009074	ortholog_one2one	1
ENSMUSG00000041638	ENSSSCG00000009898	ortholog_one2one	1
ENSMUSG00000035864	ENSSSCG00000000948	ortholog_one2one	1
ENSMUSG00000005148	ENSSSCG00000035101	ortholog_one2one	1
ENSMUSG00000029687	ENSSSCG00000028840	ortholog_one2one	1
ENSMUSG00000071350	ENSSSCG00000009395	ortholog_one2one	1
ENSMUSG00000024065	ENSSSCG00000035987	ortholog_one2one	1
ENSMUSG00000002769	ENSSSCG00000033214	ortholog_one2one	1
ENSMUSG00000018776	ENSSSCG00000021258	ortholog_one2one	1
ENSMUSG00000062908	ENSSSCG00000003776	ortholog_one2one	1
ENSMUSG00000018698	ENSSSCG00000017692	ortholog_one2one	1
ENSMUSG00000040482	ENSSSCG00000001425	ortholog_one2one	1
ENSMUSG00000027184	ENSSSCG00000013305	ortholog_one2one	1
ENSMUSG00000111375	ENSSSCG00000035196	ortholog_one2one	1
ENSMUSG00000022014	ENSSSCG00000037572	ortholog_one2one	1
ENSMUSG00000010086	ENSSSCG00000034609	ortholog_one2one	1
ENSMUSG00000007039	ENSSSCG00000038514	ortholog_one2one	1
ENSMUSG00000015889	ENSSSCG00000000891	ortholog_one2one	1
ENSMUSG00000023110	ENSSSCG00000030045	ortholog_one2one	1
ENSMUSG00000031513	ENSSSCG00000038085	ortholog_one2one	1
ENSMUSG00000027944	ENSSSCG00000006552	ortholog_one2one	1
ENSMUSG00000028348	ENSSSCG00000037954	ortholog_one2one	1
ENSMUSG00000032624	ENSSSCG00000008467	ortholog_one2one	1
ENSMUSG00000036078	ENSSSCG00000037000	ortholog_one2one	1
ENSMUSG00000036534	ENSSSCG00000040881	ortholog_one2one	1
ENSMUSG00000021773	ENSSSCG00000037237	ortholog_one2one	1
ENSMUSG00000019854	ENSSSCG00000004146	ortholog_one2one	1
ENSMUSG00000038192	ENSSSCG00000039169	ortholog_one2one	1
ENSMUSG00000028633	ENSSSCG00000003973	ortholog_one2one	1
ENSMUSG00000022033	ENSSSCG00000009671	ortholog_one2one	1
ENSMUSG00000006411	ENSSSCG00000026861	ortholog_one2one	1
ENSMUSG00000000563	ENSSSCG00000037772	ortholog_one2one	1
ENSMUSG00000034522	ENSSSCG00000009676	ortholog_one2one	1
ENSMUSG00000009907	ENSSSCG00000004893	ortholog_one2one	1
ENSMUSG00000042216	ENSSSCG00000009951	ortholog_one2one	1
ENSMUSG00000022019	ENSSSCG00000009449	ortholog_one2one	1
ENSMUSG00000003808	ENSSSCG00000013745	ortholog_one2one	1
ENSMUSG00000029915	ENSSSCG00000021933	ortholog_one2one	1
ENSMUSG00000036885	ENSSSCG00000024205	ortholog_one2one	1
ENSMUSG00000056270	ENSSSCG00000046524	ortholog_one2one	1
ENSMUSG00000027677	ENSSSCG00000011767	ortholog_one2one	1
ENSMUSG00000014453	ENSSSCG00000027568	ortholog_one2one	1
ENSMUSG00000029701	ENSSSCG00000031847	ortholog_one2one	1
ENSMUSG00000026592	ENSSSCG00000031220	ortholog_one2one	1
ENSMUSG00000041920	ENSSSCG00000017262	ortholog_one2one	1
ENSMUSG00000006526	ENSSSCG00000033422	ortholog_one2one	1
ENSMUSG00000073997	ENSSSCG00000025925	ortholog_one2one	1
ENSMUSG00000043017	ENSSSCG00000026602	ortholog_one2one	1
ENSMUSG00000074282	ENSSSCG00000003070	ortholog_one2one	1
ENSMUSG00000021876	ENSSSCG00000031538	ortholog_one2one	1
ENSMUSG00000110206	ENSSSCG00000034448	ortholog_one2one	1
ENSMUSG00000033595	ENSSSCG00000033355	ortholog_one2one	1
ENSMUSG00000027276	ENSSSCG00000007067	ortholog_one2one	1
ENSMUSG00000036168	ENSSSCG00000000894	ortholog_one2one	1
ENSMUSG00000030160	ENSSSCG00000032431	ortholog_one2one	1
ENSMUSG00000030269	ENSSSCG00000011546	ortholog_one2one	1
ENSMUSG00000034361	ENSSSCG00000021519	ortholog_one2one	1
ENSMUSG00000038650	ENSSSCG00000032010	ortholog_one2one	1
ENSMUSG00000017485	ENSSSCG00000011213	ortholog_one2one	1
ENSMUSG00000020156	ENSSSCG00000013426	ortholog_one2one	1
ENSMUSG00000075316	ENSSSCG00000015913	ortholog_one2one	1
ENSMUSG00000089984	ENSSSCG00000025096	ortholog_one2one	1
ENSMUSG00000025991	ENSSSCG00000016159	ortholog_one2one	1
ENSMUSG00000055900	ENSSSCG00000034035	ortholog_one2one	1
ENSMUSG00000046711	ENSSSCG00000032242	ortholog_one2one	1
ENSMUSG00000028341	ENSSSCG00000005385	ortholog_one2one	1
ENSMUSG00000020128	ENSSSCG00000027509	ortholog_one2one	1
ENSMUSG00000028439	ENSSSCG00000058971	ortholog_one2one	1
ENSMUSG00000046020	ENSSSCG00000007244	ortholog_one2one	1
ENSMUSG00000040751	ENSSSCG00000027487	ortholog_one2one	1
ENSMUSG00000006024	ENSSSCG00000003120	ortholog_one2one	1
ENSMUSG00000028790	ENSSSCG00000023122	ortholog_one2one	1
ENSMUSG00000027380	ENSSSCG00000037846	ortholog_one2one	1
ENSMUSG00000026870	ENSSSCG00000039972	ortholog_one2one	1
ENSMUSG00000041544	ENSSSCG00000003417	ortholog_one2one	1
ENSMUSG00000070708	ENSSSCG00000007367	ortholog_one2one	1
ENSMUSG00000075304	ENSSSCG00000038355	ortholog_one2one	1
ENSMUSG00000034463	ENSSSCG00000020846	ortholog_one2one	1
ENSMUSG00000031487	ENSSSCG00000040833	ortholog_one2one	1
ENSMUSG00000045875	ENSSSCG00000009661	ortholog_one2one	1
ENSMUSG00000023572	ENSSSCG00000034771	ortholog_one2one	1
ENSMUSG00000031901	ENSSSCG00000059913	ortholog_one2one	1
ENSMUSG00000002326	ENSSSCG00000026947	ortholog_one2one	1
ENSMUSG00000027905	ENSSSCG00000006783	ortholog_one2one	1
ENSMUSG00000019768	ENSSSCG00000025777	ortholog_one2one	1
ENSMUSG00000074093	ENSSSCG00000063079	ortholog_one2one	1
ENSMUSG00000050315	ENSSSCG00000009111	ortholog_one2one	1
ENSMUSG00000025436	ENSSSCG00000000453	ortholog_one2one	1
ENSMUSG00000021770	ENSSSCG00000010319	ortholog_one2one	1
ENSMUSG00000046688	ENSSSCG00000009129	ortholog_one2one	1
ENSMUSG00000041062	ENSSSCG00000023487	ortholog_one2one	1
ENSMUSG00000028149	ENSSSCG00000022353	ortholog_one2one	1
ENSMUSG00000036435	ENSSSCG00000023269	ortholog_one2one	1
ENSMUSG00000006651	ENSSSCG00000002916	ortholog_one2one	1
ENSMUSG00000022199	ENSSSCG00000002025	ortholog_one2one	1
ENSMUSG00000061904	ENSSSCG00000000886	ortholog_one2one	1
ENSMUSG00000057182	ENSSSCG00000015911	ortholog_one2one	1
ENSMUSG00000072704	ENSSSCG00000052776	ortholog_one2one	1
ENSMUSG00000021904	ENSSSCG00000011440	ortholog_one2one	1
ENSMUSG00000048865	ENSSSCG00000006372	ortholog_one2one	1
ENSMUSG00000023966	ENSSSCG00000001691	ortholog_one2one	1
ENSMUSG00000030032	ENSSSCG00000008282	ortholog_one2one	1
ENSMUSG00000074797	ENSSSCG00000035995	ortholog_one2one	1
ENSMUSG00000022100	ENSSSCG00000009611	ortholog_one2one	1
ENSMUSG00000026443	ENSSSCG00000015285	ortholog_one2one	1
ENSMUSG00000029036	ENSSSCG00000003343	ortholog_one2one	1
ENSMUSG00000060882	ENSSSCG00000016621	ortholog_one2one	1
ENSMUSG00000040327	ENSSSCG00000030196	ortholog_one2one	1
ENSMUSG00000019124	ENSSSCG00000016684	ortholog_one2one	1
ENSMUSG00000031880	ENSSSCG00000036060	ortholog_one2one	1
ENSMUSG00000026277	ENSSSCG00000016372	ortholog_one2one	1
ENSMUSG00000027581	ENSSSCG00000038405	ortholog_one2one	1
ENSMUSG00000037101	ENSSSCG00000040272	ortholog_one2one	1
ENSMUSG00000020253	ENSSSCG00000011434	ortholog_one2one	1
ENSMUSG00000030309	ENSSSCG00000022611	ortholog_one2one	1
ENSMUSG00000074652	ENSSSCG00000007288	ortholog_one2one	1
ENSMUSG00000061479	ENSSSCG00000002998	ortholog_one2one	1
ENSMUSG00000040875	ENSSSCG00000011230	ortholog_one2one	1
ENSMUSG00000004933	ENSSSCG00000013494	ortholog_one2one	1
ENSMUSG00000071103	ENSSSCG00000015794	ortholog_one2one	1
ENSMUSG00000090077	ENSSSCG00000061743	ortholog_one2one	1
ENSMUSG00000024008	ENSSSCG00000001567	ortholog_one2one	1
ENSMUSG00000037296	ENSSSCG00000057499	ortholog_one2one	1
ENSMUSG00000034209	ENSSSCG00000009977	ortholog_one2one	1
ENSMUSG00000006948	ENSSSCG00000023074	ortholog_one2one	1
ENSMUSG00000031669	ENSSSCG00000002802	ortholog_one2one	1
ENSMUSG00000007594	ENSSSCG00000034887	ortholog_one2one	1
ENSMUSG00000025147	ENSSSCG00000037847	ortholog_one2one	1
ENSMUSG00000000976	ENSSSCG00000038478	ortholog_one2one	1
ENSMUSG00000007888	ENSSSCG00000013909	ortholog_one2one	1
ENSMUSG00000040272	ENSSSCG00000013282	ortholog_one2one	1
ENSMUSG00000031818	ENSSSCG00000029034	ortholog_one2one	1
ENSMUSG00000004865	ENSSSCG00000001554	ortholog_one2one	1
ENSMUSG00000022041	ENSSSCG00000009665	ortholog_one2one	1
ENSMUSG00000062017	ENSSSCG00000007848	ortholog_one2one	1
ENSMUSG00000032570	ENSSSCG00000011183	ortholog_one2one	1
ENSMUSG00000037628	ENSSSCG00000005047	ortholog_one2one	1
ENSMUSG00000041912	ENSSSCG00000027770	ortholog_one2one	1
ENSMUSG00000046410	ENSSSCG00000038902	ortholog_one2one	1
ENSMUSG00000003153	ENSSSCG00000022925	ortholog_one2one	1
ENSMUSG00000030782	ENSSSCG00000035952	ortholog_one2one	1
ENSMUSG00000037697	ENSSSCG00000005043	ortholog_one2one	1
ENSMUSG00000014846	ENSSSCG00000035983	ortholog_one2one	1
ENSMUSG00000039068	ENSSSCG00000003772	ortholog_one2one	1
ENSMUSG00000038351	ENSSSCG00000017829	ortholog_one2one	1
ENSMUSG00000027469	ENSSSCG00000007235	ortholog_one2one	1
ENSMUSG00000032652	ENSSSCG00000034418	ortholog_one2one	1
ENSMUSG00000014704	ENSSSCG00000016706	ortholog_one2one	1
ENSMUSG00000046178	ENSSSCG00000037207	ortholog_one2one	1
ENSMUSG00000034729	ENSSSCG00000001638	ortholog_one2one	1
ENSMUSG00000030231	ENSSSCG00000000588	ortholog_one2one	1
ENSMUSG00000053318	ENSSSCG00000006398	ortholog_one2one	1
ENSMUSG00000026170	ENSSSCG00000016199	ortholog_one2one	1
ENSMUSG00000052331	ENSSSCG00000016074	ortholog_one2one	1
ENSMUSG00000049583	ENSSSCG00000029865	ortholog_one2one	1
ENSMUSG00000052488	ENSSSCG00000013860	ortholog_one2one	1
ENSMUSG00000057388	ENSSSCG00000004047	ortholog_one2one	1
ENSMUSG00000026571	ENSSSCG00000006303	ortholog_one2one	1
ENSMUSG00000006642	ENSSSCG00000027409	ortholog_one2one	1
ENSMUSG00000019082	ENSSSCG00000012844	ortholog_one2one	1
ENSMUSG00000037339	ENSSSCG00000032633	ortholog_one2one	1
ENSMUSG00000017176	ENSSSCG00000034779	ortholog_one2one	1
ENSMUSG00000012123	ENSSSCG00000033539	ortholog_one2one	1
ENSMUSG00000025544	ENSSSCG00000031808	ortholog_one2one	1
ENSMUSG00000028062	ENSSSCG00000006499	ortholog_one2one	1
ENSMUSG00000028873	ENSSSCG00000032909	ortholog_one2one	1
ENSMUSG00000027678	ENSSSCG00000007458	ortholog_one2one	1
ENSMUSG00000028029	ENSSSCG00000024168	ortholog_one2one	1
ENSMUSG00000053963	ENSSSCG00000024288	ortholog_one2one	1
ENSMUSG00000029004	ENSSSCG00000029082	ortholog_one2one	1
ENSMUSG00000040459	ENSSSCG00000009536	ortholog_one2one	1
ENSMUSG00000063800	ENSSSCG00000028288	ortholog_one2one	1
ENSMUSG00000026514	ENSSSCG00000034972	ortholog_one2one	1
ENSMUSG00000050751	ENSSSCG00000021027	ortholog_one2one	1
ENSMUSG00000049504	ENSSSCG00000040697	ortholog_one2one	1
ENSMUSG00000035007	ENSSSCG00000035057	ortholog_one2one	1
ENSMUSG00000029669	ENSSSCG00000016620	ortholog_one2one	1
ENSMUSG00000050192	ENSSSCG00000040946	ortholog_one2one	1
ENSMUSG00000009646	ENSSSCG00000010291	ortholog_one2one	1
ENSMUSG00000031834	ENSSSCG00000013900	ortholog_one2one	1
ENSMUSG00000039824	ENSSSCG00000063428	ortholog_one2one	1
ENSMUSG00000027993	ENSSSCG00000029200	ortholog_one2one	1
ENSMUSG00000026427	ENSSSCG00000015648	ortholog_one2one	1
ENSMUSG00000041408	ENSSSCG00000010357	ortholog_one2one	1
ENSMUSG00000002668	ENSSSCG00000013546	ortholog_one2one	1
ENSMUSG00000061981	ENSSSCG00000017777	ortholog_one2one	1
ENSMUSG00000038302	ENSSSCG00000040199	ortholog_one2one	1
ENSMUSG00000061838	ENSSSCG00000011501	ortholog_one2one	1
ENSMUSG00000029413	ENSSSCG00000008973	ortholog_one2one	1
ENSMUSG00000024308	ENSSSCG00000001507	ortholog_one2one	1
ENSMUSG00000041471	ENSSSCG00000027767	ortholog_one2one	1
ENSMUSG00000071317	ENSSSCG00000004366	ortholog_one2one	1
ENSMUSG00000022122	ENSSSCG00000009477	ortholog_one2one	1
ENSMUSG00000019762	ENSSSCG00000004093	ortholog_one2one	1
ENSMUSG00000031730	ENSSSCG00000002746	ortholog_one2one	1
ENSMUSG00000019467	ENSSSCG00000000435	ortholog_one2one	1
ENSMUSG00000038803	ENSSSCG00000056865	ortholog_one2one	1
ENSMUSG00000030035	ENSSSCG00000035061	ortholog_one2one	1
ENSMUSG00000022216	ENSSSCG00000002006	ortholog_one2one	1
ENSMUSG00000024018	ENSSSCG00000036178	ortholog_one2one	1
ENSMUSG00000041939	ENSSSCG00000009931	ortholog_one2one	1
ENSMUSG00000018341	ENSSSCG00000003799	ortholog_one2one	1
ENSMUSG00000030088	ENSSSCG00000030626	ortholog_one2one	1
ENSMUSG00000024076	ENSSSCG00000008501	ortholog_one2one	1
ENSMUSG00000034308	ENSSSCG00000035182	ortholog_one2one	1
ENSMUSG00000027620	ENSSSCG00000007309	ortholog_one2one	1
ENSMUSG00000048644	ENSSSCG00000036220	ortholog_one2one	1
ENSMUSG00000006517	ENSSSCG00000034905	ortholog_one2one	1
ENSMUSG00000062753	ENSSSCG00000023160	ortholog_one2one	1
ENSMUSG00000031673	ENSSSCG00000002795	ortholog_one2one	1
ENSMUSG00000020185	ENSSSCG00000000950	ortholog_one2one	1
ENSMUSG00000030541	ENSSSCG00000001852	ortholog_one2one	1
ENSMUSG00000020945	ENSSSCG00000017321	ortholog_one2one	1
ENSMUSG00000068697	ENSSSCG00000010304	ortholog_one2one	1
ENSMUSG00000000320	ENSSSCG00000060177	ortholog_one2one	1
ENSMUSG00000090112	ENSSSCG00000004120	ortholog_one2one	1
ENSMUSG00000001065	ENSSSCG00000029228	ortholog_one2one	1
ENSMUSG00000022092	ENSSSCG00000057024	ortholog_one2one	1
ENSMUSG00000003308	ENSSSCG00000023667	ortholog_one2one	1
ENSMUSG00000019054	ENSSSCG00000038938	ortholog_one2one	1
ENSMUSG00000024339	ENSSSCG00000025593	ortholog_one2one	1
ENSMUSG00000053897	ENSSSCG00000009169	ortholog_one2one	1
ENSMUSG00000075569	ENSSSCG00000007589	ortholog_one2one	1
ENSMUSG00000032399	ENSSSCG00000004945	ortholog_one2one	1
ENSMUSG00000078970	ENSSSCG00000008353	ortholog_one2one	1
ENSMUSG00000043461	ENSSSCG00000029080	ortholog_one2one	1
ENSMUSG00000022105	ENSSSCG00000009401	ortholog_one2one	1
ENSMUSG00000030966	ENSSSCG00000014780	ortholog_one2one	1
ENSMUSG00000118506	ENSSSCG00000006555	ortholog_one2one	1
ENSMUSG00000055301	ENSSSCG00000062441	ortholog_one2one	1
ENSMUSG00000087279	ENSSSCG00000051822	ortholog_one2one	1
ENSMUSG00000023953	ENSSSCG00000001683	ortholog_one2one	1
ENSMUSG00000037605	ENSSSCG00000026129	ortholog_one2one	1
ENSMUSG00000003948	ENSSSCG00000017605	ortholog_one2one	1
ENSMUSG00000034863	ENSSSCG00000039330	ortholog_one2one	1
ENSMUSG00000025983	ENSSSCG00000016069	ortholog_one2one	1
ENSMUSG00000008482	ENSSSCG00000034728	ortholog_one2one	1
ENSMUSG00000020390	ENSSSCG00000038953	ortholog_one2one	1
ENSMUSG00000044475	ENSSSCG00000023130	ortholog_one2one	1
ENSMUSG00000036915	ENSSSCG00000002915	ortholog_one2one	1
ENSMUSG00000026309	ENSSSCG00000016339	ortholog_one2one	1
ENSMUSG00000013236	ENSSSCG00000028612	ortholog_one2one	1
ENSMUSG00000040822	ENSSSCG00000002035	ortholog_one2one	1
ENSMUSG00000021811	ENSSSCG00000023482	ortholog_one2one	1
ENSMUSG00000025347	ENSSSCG00000036547	ortholog_one2one	1
ENSMUSG00000034707	ENSSSCG00000023715	ortholog_one2one	1
ENSMUSG00000054517	ENSSSCG00000017195	ortholog_one2one	1
ENSMUSG00000051615	ENSSSCG00000039812	ortholog_one2one	1
ENSMUSG00000030745	ENSSSCG00000007816	ortholog_one2one	1
ENSMUSG00000020937	ENSSSCG00000017338	ortholog_one2one	1
ENSMUSG00000027763	ENSSSCG00000011720	ortholog_one2one	1
ENSMUSG00000032558	ENSSSCG00000011632	ortholog_one2one	1
ENSMUSG00000039275	ENSSSCG00000017125	ortholog_one2one	1
ENSMUSG00000019960	ENSSSCG00000037910	ortholog_one2one	1
ENSMUSG00000002341	ENSSSCG00000032131	ortholog_one2one	1
ENSMUSG00000040345	ENSSSCG00000000437	ortholog_one2one	1
ENSMUSG00000030523	ENSSSCG00000004843	ortholog_one2one	1
ENSMUSG00000078572	ENSSSCG00000039183	ortholog_one2one	1
ENSMUSG00000091722	ENSSSCG00000038733	ortholog_one2one	1
ENSMUSG00000032198	ENSSSCG00000038604	ortholog_one2one	1
ENSMUSG00000089682	ENSSSCG00000002023	ortholog_one2one	1
ENSMUSG00000031600	ENSSSCG00000006984	ortholog_one2one	1
ENSMUSG00000046207	ENSSSCG00000017990	ortholog_one2one	1
ENSMUSG00000021951	ENSSSCG00000059376	ortholog_one2one	1
ENSMUSG00000033007	ENSSSCG00000029968	ortholog_one2one	1
ENSMUSG00000041477	ENSSSCG00000023976	ortholog_one2one	1
ENSMUSG00000068921	ENSSSCG00000006507	ortholog_one2one	1
ENSMUSG00000021823	ENSSSCG00000010313	ortholog_one2one	1
ENSMUSG00000033557	ENSSSCG00000015524	ortholog_one2one	1
ENSMUSG00000059555	ENSSSCG00000005845	ortholog_one2one	1
ENSMUSG00000074570	ENSSSCG00000007495	ortholog_one2one	1
ENSMUSG00000063334	ENSSSCG00000033524	ortholog_one2one	1
ENSMUSG00000036461	ENSSSCG00000009440	ortholog_one2one	1
ENSMUSG00000017221	ENSSSCG00000017489	ortholog_one2one	1
ENSMUSG00000040812	ENSSSCG00000040838	ortholog_one2one	1
ENSMUSG00000026572	ENSSSCG00000006299	ortholog_one2one	1
ENSMUSG00000021999	ENSSSCG00000009413	ortholog_one2one	1
ENSMUSG00000026065	ENSSSCG00000008155	ortholog_one2one	1
ENSMUSG00000031461	ENSSSCG00000015747	ortholog_one2one	1
ENSMUSG00000030091	ENSSSCG00000011610	ortholog_one2one	1
ENSMUSG00000021846	ENSSSCG00000033800	ortholog_one2one	1
ENSMUSG00000045414	ENSSSCG00000036206	ortholog_one2one	1
ENSMUSG00000035726	ENSSSCG00000022900	ortholog_one2one	1
ENSMUSG00000031969	ENSSSCG00000062444	ortholog_one2one	1
ENSMUSG00000000154	ENSSSCG00000012855	ortholog_one2one	1
ENSMUSG00000007122	ENSSSCG00000006390	ortholog_one2one	1
ENSMUSG00000020454	ENSSSCG00000010030	ortholog_one2one	1
ENSMUSG00000020238	ENSSSCG00000013475	ortholog_one2one	1
ENSMUSG00000062028	ENSSSCG00000055225	ortholog_one2one	1
ENSMUSG00000048528	ENSSSCG00000010733	ortholog_one2one	1
ENSMUSG00000044991	ENSSSCG00000039269	ortholog_one2one	1
ENSMUSG00000055193	ENSSSCG00000030539	ortholog_one2one	1
ENSMUSG00000027107	ENSSSCG00000015969	ortholog_one2one	1
ENSMUSG00000051396	ENSSSCG00000057274	ortholog_one2one	1
ENSMUSG00000096257	ENSSSCG00000047060	ortholog_one2one	1
ENSMUSG00000026482	ENSSSCG00000015563	ortholog_one2one	1
ENSMUSG00000037190	ENSSSCG00000011410	ortholog_one2one	1
ENSMUSG00000043013	ENSSSCG00000004616	ortholog_one2one	1
ENSMUSG00000041420	ENSSSCG00000003115	ortholog_one2one	1
ENSMUSG00000020081	ENSSSCG00000010254	ortholog_one2one	1
ENSMUSG00000039377	ENSSSCG00000032644	ortholog_one2one	1
ENSMUSG00000020098	ENSSSCG00000010275	ortholog_one2one	1
ENSMUSG00000019838	ENSSSCG00000004419	ortholog_one2one	1
ENSMUSG00000026097	ENSSSCG00000016044	ortholog_one2one	1
ENSMUSG00000026627	ENSSSCG00000015598	ortholog_one2one	1
ENSMUSG00000019857	ENSSSCG00000004247	ortholog_one2one	1
ENSMUSG00000032606	ENSSSCG00000031594	ortholog_one2one	1
ENSMUSG00000055067	ENSSSCG00000022034	ortholog_one2one	1
ENSMUSG00000066595	ENSSSCG00000015590	ortholog_one2one	1
ENSMUSG00000025358	ENSSSCG00000037597	ortholog_one2one	1
ENSMUSG00000086158	ENSSSCG00000054223	ortholog_one2one	1
ENSMUSG00000038665	ENSSSCG00000016521	ortholog_one2one	1
ENSMUSG00000026356	ENSSSCG00000015689	ortholog_one2one	1
ENSMUSG00000035852	ENSSSCG00000013425	ortholog_one2one	1
ENSMUSG00000047583	ENSSSCG00000003779	ortholog_one2one	1
ENSMUSG00000019773	ENSSSCG00000004077	ortholog_one2one	1
ENSMUSG00000032489	ENSSSCG00000040510	ortholog_one2one	1
ENSMUSG00000020790	ENSSSCG00000017877	ortholog_one2one	1
ENSMUSG00000037876	ENSSSCG00000010226	ortholog_one2one	1
ENSMUSG00000040774	ENSSSCG00000029918	ortholog_one2one	1
ENSMUSG00000015981	ENSSSCG00000010761	ortholog_one2one	1
ENSMUSG00000054814	ENSSSCG00000036284	ortholog_one2one	1
ENSMUSG00000026034	ENSSSCG00000016095	ortholog_one2one	1
ENSMUSG00000038156	ENSSSCG00000013393	ortholog_one2one	1
ENSMUSG00000039153	ENSSSCG00000001710	ortholog_one2one	1
ENSMUSG00000028524	ENSSSCG00000025243	ortholog_one2one	1
ENSMUSG00000027661	ENSSSCG00000007451	ortholog_one2one	1
ENSMUSG00000035121	ENSSSCG00000028699	ortholog_one2one	1
ENSMUSG00000020911	ENSSSCG00000058816	ortholog_one2one	1
ENSMUSG00000020088	ENSSSCG00000010260	ortholog_one2one	1
ENSMUSG00000023495	ENSSSCG00000028446	ortholog_one2one	1
ENSMUSG00000028182	ENSSSCG00000003784	ortholog_one2one	1
ENSMUSG00000025932	ENSSSCG00000040728	ortholog_one2one	1
ENSMUSG00000024422	ENSSSCG00000001376	ortholog_one2one	1
ENSMUSG00000038095	ENSSSCG00000009776	ortholog_one2one	1
ENSMUSG00000026749	ENSSSCG00000005587	ortholog_one2one	1
ENSMUSG00000020361	ENSSSCG00000014292	ortholog_one2one	1
ENSMUSG00000030533	ENSSSCG00000001821	ortholog_one2one	1
ENSMUSG00000028164	ENSSSCG00000009166	ortholog_one2one	1
ENSMUSG00000022208	ENSSSCG00000002014	ortholog_one2one	1
ENSMUSG00000021953	ENSSSCG00000021767	ortholog_one2one	1
ENSMUSG00000009292	ENSSSCG00000023762	ortholog_one2one	1
ENSMUSG00000027699	ENSSSCG00000035746	ortholog_one2one	1
ENSMUSG00000031561	ENSSSCG00000015774	ortholog_one2one	1
ENSMUSG00000042042	ENSSSCG00000010200	ortholog_one2one	1
ENSMUSG00000027160	ENSSSCG00000013336	ortholog_one2one	1
ENSMUSG00000064325	ENSSSCG00000009045	ortholog_one2one	1
ENSMUSG00000021824	ENSSSCG00000010314	ortholog_one2one	1
ENSMUSG00000029663	ENSSSCG00000015323	ortholog_one2one	1
ENSMUSG00000044014	ENSSSCG00000008889	ortholog_one2one	1
ENSMUSG00000001105	ENSSSCG00000023719	ortholog_one2one	1
ENSMUSG00000031075	ENSSSCG00000024158	ortholog_one2one	1
ENSMUSG00000056204	ENSSSCG00000039684	ortholog_one2one	1
ENSMUSG00000017897	ENSSSCG00000007453	ortholog_one2one	1
ENSMUSG00000024169	ENSSSCG00000008020	ortholog_one2one	1
ENSMUSG00000079436	ENSSSCG00000025038	ortholog_one2one	1
ENSMUSG00000009633	ENSSSCG00000015617	ortholog_one2one	1
ENSMUSG00000020121	ENSSSCG00000029815	ortholog_one2one	1
ENSMUSG00000052748	ENSSSCG00000015569	ortholog_one2one	1
ENSMUSG00000025575	ENSSSCG00000038130	ortholog_one2one	1
ENSMUSG00000022031	ENSSSCG00000009674	ortholog_one2one	1
ENSMUSG00000055850	ENSSSCG00000008232	ortholog_one2one	1
ENSMUSG00000044006	ENSSSCG00000013934	ortholog_one2one	1
ENSMUSG00000031917	ENSSSCG00000033741	ortholog_one2one	1
ENSMUSG00000025432	ENSSSCG00000029571	ortholog_one2one	1
ENSMUSG00000004567	ENSSSCG00000013570	ortholog_one2one	1
ENSMUSG00000047205	ENSSSCG00000033833	ortholog_one2one	1
ENSMUSG00000020869	ENSSSCG00000028019	ortholog_one2one	1
ENSMUSG00000029368	ENSSSCG00000008948	ortholog_one2one	1
ENSMUSG00000027327	ENSSSCG00000035666	ortholog_one2one	1
ENSMUSG00000000817	ENSSSCG00000022226	ortholog_one2one	1
ENSMUSG00000030793	ENSSSCG00000040811	ortholog_one2one	1
ENSMUSG00000033061	ENSSSCG00000016219	ortholog_one2one	1
ENSMUSG00000032062	ENSSSCG00000015035	ortholog_one2one	1
ENSMUSG00000030347	ENSSSCG00000000723	ortholog_one2one	1
ENSMUSG00000007944	ENSSSCG00000002991	ortholog_one2one	1
ENSMUSG00000019066	ENSSSCG00000016928	ortholog_one2one	1
ENSMUSG00000033644	ENSSSCG00000030228	ortholog_one2one	1
ENSMUSG00000040140	ENSSSCG00000021218	ortholog_one2one	1
ENSMUSG00000031506	ENSSSCG00000037669	ortholog_one2one	1
ENSMUSG00000020527	ENSSSCG00000017682	ortholog_one2one	1
ENSMUSG00000039615	ENSSSCG00000008008	ortholog_one2one	1
ENSMUSG00000044938	ENSSSCG00000001487	ortholog_one2one	1
ENSMUSG00000025946	ENSSSCG00000016148	ortholog_one2one	1
ENSMUSG00000079442	ENSSSCG00000005628	ortholog_one2one	1
ENSMUSG00000019818	ENSSSCG00000004414	ortholog_one2one	1
ENSMUSG00000042787	ENSSSCG00000011258	ortholog_one2one	1
ENSMUSG00000021993	ENSSSCG00000009290	ortholog_one2one	1
ENSMUSG00000040714	ENSSSCG00000039864	ortholog_one2one	1
ENSMUSG00000026496	ENSSSCG00000023660	ortholog_one2one	1
ENSMUSG00000020024	ENSSSCG00000024563	ortholog_one2one	1
ENSMUSG00000007033	ENSSSCG00000030368	ortholog_one2one	1
ENSMUSG00000023949	ENSSSCG00000001705	ortholog_one2one	1
ENSMUSG00000019689	ENSSSCG00000038700	ortholog_one2one	1
ENSMUSG00000030317	ENSSSCG00000033000	ortholog_one2one	1
ENSMUSG00000002635	ENSSSCG00000002875	ortholog_one2one	1
ENSMUSG00000024068	ENSSSCG00000008517	ortholog_one2one	1
ENSMUSG00000031444	ENSSSCG00000009558	ortholog_one2one	1
ENSMUSG00000055874	ENSSSCG00000036354	ortholog_one2one	1
ENSMUSG00000039977	ENSSSCG00000014943	ortholog_one2one	1
ENSMUSG00000031722	ENSSSCG00000002749	ortholog_one2one	1
ENSMUSG00000079184	ENSSSCG00000009570	ortholog_one2one	1
ENSMUSG00000019715	ENSSSCG00000005652	ortholog_one2one	1
ENSMUSG00000031985	ENSSSCG00000010175	ortholog_one2one	1
ENSMUSG00000066500	ENSSSCG00000003207	ortholog_one2one	1
ENSMUSG00000036768	ENSSSCG00000011309	ortholog_one2one	1
ENSMUSG00000029378	ENSSSCG00000008963	ortholog_one2one	1
ENSMUSG00000029725	ENSSSCG00000007652	ortholog_one2one	1
ENSMUSG00000001158	ENSSSCG00000025674	ortholog_one2one	1
ENSMUSG00000029438	ENSSSCG00000009801	ortholog_one2one	1
ENSMUSG00000029581	ENSSSCG00000007586	ortholog_one2one	1
ENSMUSG00000036634	ENSSSCG00000002887	ortholog_one2one	1
ENSMUSG00000052539	ENSSSCG00000006767	ortholog_one2one	1
ENSMUSG00000029123	ENSSSCG00000035020	ortholog_one2one	1
ENSMUSG00000044155	ENSSSCG00000021652	ortholog_one2one	1
ENSMUSG00000029273	ENSSSCG00000039518	ortholog_one2one	1
ENSMUSG00000002413	ENSSSCG00000016494	ortholog_one2one	1
ENSMUSG00000018809	ENSSSCG00000017819	ortholog_one2one	1
ENSMUSG00000029254	ENSSSCG00000008923	ortholog_one2one	1
ENSMUSG00000045211	ENSSSCG00000009615	ortholog_one2one	1
ENSMUSG00000008813	ENSSSCG00000021950	ortholog_one2one	1
ENSMUSG00000025558	ENSSSCG00000022112	ortholog_one2one	1
ENSMUSG00000032245	ENSSSCG00000004957	ortholog_one2one	1
ENSMUSG00000024222	ENSSSCG00000001549	ortholog_one2one	1
ENSMUSG00000037242	ENSSSCG00000038994	ortholog_one2one	1
ENSMUSG00000035202	ENSSSCG00000011312	ortholog_one2one	1
ENSMUSG00000039883	ENSSSCG00000036452	ortholog_one2one	1
ENSMUSG00000038011	ENSSSCG00000009765	ortholog_one2one	1
ENSMUSG00000028669	ENSSSCG00000023495	ortholog_one2one	1
ENSMUSG00000015053	ENSSSCG00000011618	ortholog_one2one	1
ENSMUSG00000036381	ENSSSCG00000011712	ortholog_one2one	1
ENSMUSG00000020831	ENSSSCG00000017928	ortholog_one2one	1
ENSMUSG00000004110	ENSSSCG00000015543	ortholog_one2one	1
ENSMUSG00000028707	ENSSSCG00000003900	ortholog_one2one	1
ENSMUSG00000090698	ENSSSCG00000036787	ortholog_one2one	1
ENSMUSG00000074656	ENSSSCG00000026617	ortholog_one2one	1
ENSMUSG00000030224	ENSSSCG00000021410	ortholog_one2one	1
ENSMUSG00000042846	ENSSSCG00000010232	ortholog_one2one	1
ENSMUSG00000028364	ENSSSCG00000005494	ortholog_one2one	1
ENSMUSG00000035946	ENSSSCG00000008840	ortholog_one2one	1
ENSMUSG00000039697	ENSSSCG00000004222	ortholog_one2one	1
ENSMUSG00000061578	ENSSSCG00000009855	ortholog_one2one	1
ENSMUSG00000031712	ENSSSCG00000009051	ortholog_one2one	1
ENSMUSG00000023902	ENSSSCG00000029641	ortholog_one2one	1
ENSMUSG00000025959	ENSSSCG00000029998	ortholog_one2one	1
ENSMUSG00000060961	ENSSSCG00000008943	ortholog_one2one	1
ENSMUSG00000041064	ENSSSCG00000004548	ortholog_one2one	1
ENSMUSG00000026526	ENSSSCG00000028178	ortholog_one2one	1
ENSMUSG00000024176	ENSSSCG00000037970	ortholog_one2one	1
ENSMUSG00000030161	ENSSSCG00000000645	ortholog_one2one	1
ENSMUSG00000030905	ENSSSCG00000007849	ortholog_one2one	1
ENSMUSG00000029767	ENSSSCG00000016581	ortholog_one2one	1
ENSMUSG00000030879	ENSSSCG00000024693	ortholog_one2one	1
ENSMUSG00000020782	ENSSSCG00000033518	ortholog_one2one	1
ENSMUSG00000005469	ENSSSCG00000013771	ortholog_one2one	1
ENSMUSG00000030577	ENSSSCG00000002893	ortholog_one2one	1
ENSMUSG00000035941	ENSSSCG00000004460	ortholog_one2one	1
ENSMUSG00000022995	ENSSSCG00000038646	ortholog_one2one	1
ENSMUSG00000005225	ENSSSCG00000016682	ortholog_one2one	1
ENSMUSG00000024218	ENSSSCG00000001533	ortholog_one2one	1
ENSMUSG00000005481	ENSSSCG00000013776	ortholog_one2one	1
ENSMUSG00000056492	ENSSSCG00000001725	ortholog_one2one	1
ENSMUSG00000000902	ENSSSCG00000010070	ortholog_one2one	1
ENSMUSG00000024066	ENSSSCG00000008522	ortholog_one2one	1
ENSMUSG00000058835	ENSSSCG00000024127	ortholog_one2one	1
ENSMUSG00000030075	ENSSSCG00000011522	ortholog_one2one	1
ENSMUSG00000002812	ENSSSCG00000039324	ortholog_one2one	1
ENSMUSG00000007833	ENSSSCG00000003168	ortholog_one2one	1
ENSMUSG00000041040	ENSSSCG00000016114	ortholog_one2one	1
ENSMUSG00000027876	ENSSSCG00000040947	ortholog_one2one	1
ENSMUSG00000071019	ENSSSCG00000036133	ortholog_one2one	1
ENSMUSG00000033166	ENSSSCG00000009460	ortholog_one2one	1
ENSMUSG00000052544	ENSSSCG00000024494	ortholog_one2one	1
ENSMUSG00000028763	ENSSSCG00000003514	ortholog_one2one	1
ENSMUSG00000019894	ENSSSCG00000000936	ortholog_one2one	1
ENSMUSG00000029847	ENSSSCG00000027118	ortholog_one2one	1
ENSMUSG00000025916	ENSSSCG00000006204	ortholog_one2one	1
ENSMUSG00000028089	ENSSSCG00000006701	ortholog_one2one	1
ENSMUSG00000048814	ENSSSCG00000008176	ortholog_one2one	1
ENSMUSG00000029088	ENSSSCG00000023934	ortholog_one2one	1
ENSMUSG00000034263	ENSSSCG00000004936	ortholog_one2one	1
ENSMUSG00000026683	ENSSSCG00000006333	ortholog_one2one	1
ENSMUSG00000079278	ENSSSCG00000059472	ortholog_one2one	1
ENSMUSG00000019732	ENSSSCG00000013858	ortholog_one2one	1
ENSMUSG00000028553	ENSSSCG00000003819	ortholog_one2one	1
ENSMUSG00000041298	ENSSSCG00000009326	ortholog_one2one	1
ENSMUSG00000053453	ENSSSCG00000011491	ortholog_one2one	1
ENSMUSG00000020277	ENSSSCG00000028197	ortholog_one2one	1
ENSMUSG00000038213	ENSSSCG00000000704	ortholog_one2one	1
ENSMUSG00000038598	ENSSSCG00000005463	ortholog_one2one	1
ENSMUSG00000117748	ENSSSCG00000034165	ortholog_one2one	1
ENSMUSG00000071015	ENSSSCG00000055021	ortholog_one2one	1
ENSMUSG00000031591	ENSSSCG00000006995	ortholog_one2one	1
ENSMUSG00000002250	ENSSSCG00000001539	ortholog_one2one	1
ENSMUSG00000028383	ENSSSCG00000005467	ortholog_one2one	1
ENSMUSG00000032263	ENSSSCG00000004465	ortholog_one2one	1
ENSMUSG00000030272	ENSSSCG00000011550	ortholog_one2one	1
ENSMUSG00000029392	ENSSSCG00000009773	ortholog_one2one	1
ENSMUSG00000042502	ENSSSCG00000007791	ortholog_one2one	1
ENSMUSG00000023947	ENSSSCG00000001703	ortholog_one2one	1
ENSMUSG00000024245	ENSSSCG00000024293	ortholog_one2one	1
ENSMUSG00000005823	ENSSSCG00000013552	ortholog_one2one	1
ENSMUSG00000006529	ENSSSCG00000011450	ortholog_one2one	1
ENSMUSG00000042035	ENSSSCG00000006737	ortholog_one2one	1
ENSMUSG00000038764	ENSSSCG00000005449	ortholog_one2one	1
ENSMUSG00000037652	ENSSSCG00000030467	ortholog_one2one	1
ENSMUSG00000059486	ENSSSCG00000022464	ortholog_one2one	1
ENSMUSG00000035953	ENSSSCG00000038172	ortholog_one2one	1
ENSMUSG00000031932	ENSSSCG00000022490	ortholog_one2one	1
ENSMUSG00000030351	ENSSSCG00000000734	ortholog_one2one	1
ENSMUSG00000061755	ENSSSCG00000008735	ortholog_one2one	1
ENSMUSG00000030842	ENSSSCG00000014804	ortholog_one2one	1
ENSMUSG00000037316	ENSSSCG00000034468	ortholog_one2one	1
ENSMUSG00000049001	ENSSSCG00000029260	ortholog_one2one	1
ENSMUSG00000061353	ENSSSCG00000034973	ortholog_one2one	1
ENSMUSG00000043753	ENSSSCG00000005131	ortholog_one2one	1
ENSMUSG00000038069	ENSSSCG00000015779	ortholog_one2one	1
ENSMUSG00000028530	ENSSSCG00000003809	ortholog_one2one	1
ENSMUSG00000000263	ENSSSCG00000017078	ortholog_one2one	1
ENSMUSG00000033106	ENSSSCG00000033167	ortholog_one2one	1
ENSMUSG00000030029	ENSSSCG00000011499	ortholog_one2one	1
ENSMUSG00000037722	ENSSSCG00000005040	ortholog_one2one	1
ENSMUSG00000057228	ENSSSCG00000009708	ortholog_one2one	1
ENSMUSG00000027854	ENSSSCG00000006751	ortholog_one2one	1
ENSMUSG00000038240	ENSSSCG00000036168	ortholog_one2one	1
ENSMUSG00000067336	ENSSSCG00000016113	ortholog_one2one	1
ENSMUSG00000031609	ENSSSCG00000030118	ortholog_one2one	1
ENSMUSG00000048330	ENSSSCG00000014580	ortholog_one2one	1
ENSMUSG00000038173	ENSSSCG00000015781	ortholog_one2one	1
ENSMUSG00000025137	ENSSSCG00000039650	ortholog_one2one	1
ENSMUSG00000015962	ENSSSCG00000053143	ortholog_one2one	1
ENSMUSG00000054252	ENSSSCG00000030827	ortholog_one2one	1
ENSMUSG00000046679	ENSSSCG00000008332	ortholog_one2one	1
ENSMUSG00000114004	ENSSSCG00000049629	ortholog_one2one	1
ENSMUSG00000057672	ENSSSCG00000013779	ortholog_one2one	1
ENSMUSG00000025389	ENSSSCG00000000400	ortholog_one2one	1
ENSMUSG00000025477	ENSSSCG00000010765	ortholog_one2one	1
ENSMUSG00000034889	ENSSSCG00000032085	ortholog_one2one	1
ENSMUSG00000032243	ENSSSCG00000004961	ortholog_one2one	1
ENSMUSG00000007805	ENSSSCG00000016343	ortholog_one2one	1
ENSMUSG00000054976	ENSSSCG00000016239	ortholog_one2one	1
ENSMUSG00000040354	ENSSSCG00000023318	ortholog_one2one	1
ENSMUSG00000023938	ENSSSCG00000001706	ortholog_one2one	1
ENSMUSG00000022025	ENSSSCG00000009442	ortholog_one2one	1
ENSMUSG00000070939	ENSSSCG00000024636	ortholog_one2one	1
ENSMUSG00000003410	ENSSSCG00000013617	ortholog_one2one	1
ENSMUSG00000021961	ENSSSCG00000009691	ortholog_one2one	1
ENSMUSG00000006527	ENSSSCG00000011454	ortholog_one2one	1
ENSMUSG00000032235	ENSSSCG00000004577	ortholog_one2one	1
ENSMUSG00000092607	ENSSSCG00000006632	ortholog_one2one	1
ENSMUSG00000027502	ENSSSCG00000007496	ortholog_one2one	1
ENSMUSG00000042997	ENSSSCG00000037746	ortholog_one2one	1
ENSMUSG00000016940	ENSSSCG00000031958	ortholog_one2one	1
ENSMUSG00000029777	ENSSSCG00000016677	ortholog_one2one	1
ENSMUSG00000073968	ENSSSCG00000014768	ortholog_one2one	1
ENSMUSG00000073725	ENSSSCG00000004272	ortholog_one2one	1
ENSMUSG00000038902	ENSSSCG00000006622	ortholog_one2one	1
ENSMUSG00000030662	ENSSSCG00000009509	ortholog_one2one	1
ENSMUSG00000041881	ENSSSCG00000041220	ortholog_one2one	1
ENSMUSG00000027239	ENSSSCG00000013260	ortholog_one2one	1
ENSMUSG00000030889	ENSSSCG00000025266	ortholog_one2one	1
ENSMUSG00000023192	ENSSSCG00000011423	ortholog_one2one	1
ENSMUSG00000029554	ENSSSCG00000038766	ortholog_one2one	1
ENSMUSG00000010067	ENSSSCG00000011407	ortholog_one2one	1
ENSMUSG00000045326	ENSSSCG00000032160	ortholog_one2one	1
ENSMUSG00000023927	ENSSSCG00000011201	ortholog_one2one	1
ENSMUSG00000006575	ENSSSCG00000017359	ortholog_one2one	1
ENSMUSG00000031786	ENSSSCG00000002817	ortholog_one2one	1
ENSMUSG00000038429	ENSSSCG00000000684	ortholog_one2one	1
ENSMUSG00000042737	ENSSSCG00000054149	ortholog_one2one	1
ENSMUSG00000032549	ENSSSCG00000036503	ortholog_one2one	1
ENSMUSG00000028906	ENSSSCG00000003586	ortholog_one2one	1
ENSMUSG00000047371	ENSSSCG00000023349	ortholog_one2one	1
ENSMUSG00000025503	ENSSSCG00000012847	ortholog_one2one	1
ENSMUSG00000039470	ENSSSCG00000006982	ortholog_one2one	1
ENSMUSG00000025759	ENSSSCG00000009075	ortholog_one2one	1
ENSMUSG00000032454	ENSSSCG00000011663	ortholog_one2one	1
ENSMUSG00000033350	ENSSSCG00000022031	ortholog_one2one	1
ENSMUSG00000057969	ENSSSCG00000011400	ortholog_one2one	1
ENSMUSG00000035311	ENSSSCG00000000862	ortholog_one2one	1
ENSMUSG00000033544	ENSSSCG00000015522	ortholog_one2one	1
ENSMUSG00000025813	ENSSSCG00000001804	ortholog_one2one	1
ENSMUSG00000046794	ENSSSCG00000022797	ortholog_one2one	1
ENSMUSG00000027882	ENSSSCG00000006845	ortholog_one2one	1
ENSMUSG00000040713	ENSSSCG00000006308	ortholog_one2one	1
ENSMUSG00000031634	ENSSSCG00000015793	ortholog_one2one	1
ENSMUSG00000019990	ENSSSCG00000004165	ortholog_one2one	1
ENSMUSG00000037474	ENSSSCG00000015600	ortholog_one2one	1
ENSMUSG00000020111	ENSSSCG00000010289	ortholog_one2one	1
ENSMUSG00000050088	ENSSSCG00000038931	ortholog_one2one	1
ENSMUSG00000059811	ENSSSCG00000008487	ortholog_one2one	1
ENSMUSG00000030850	ENSSSCG00000010699	ortholog_one2one	1
ENSMUSG00000036291	ENSSSCG00000005065	ortholog_one2one	1
ENSMUSG00000031626	ENSSSCG00000036679	ortholog_one2one	1
ENSMUSG00000026311	ENSSSCG00000016340	ortholog_one2one	1
ENSMUSG00000030060	ENSSSCG00000011611	ortholog_one2one	1
ENSMUSG00000022218	ENSSSCG00000001993	ortholog_one2one	1
ENSMUSG00000028360	ENSSSCG00000003777	ortholog_one2one	1
ENSMUSG00000053094	ENSSSCG00000007736	ortholog_one2one	1
ENSMUSG00000026203	ENSSSCG00000016217	ortholog_one2one	1
ENSMUSG00000049957	ENSSSCG00000034716	ortholog_one2one	1
ENSMUSG00000021948	ENSSSCG00000023503	ortholog_one2one	1
ENSMUSG00000033542	ENSSSCG00000022525	ortholog_one2one	1
ENSMUSG00000045053	ENSSSCG00000008465	ortholog_one2one	1
ENSMUSG00000024210	ENSSSCG00000039272	ortholog_one2one	1
ENSMUSG00000020811	ENSSSCG00000017894	ortholog_one2one	1
ENSMUSG00000062604	ENSSSCG00000026110	ortholog_one2one	1
ENSMUSG00000005102	ENSSSCG00000039061	ortholog_one2one	1
ENSMUSG00000041741	ENSSSCG00000028662	ortholog_one2one	1
ENSMUSG00000068696	ENSSSCG00000035602	ortholog_one2one	1
ENSMUSG00000059481	ENSSSCG00000004038	ortholog_one2one	1
ENSMUSG00000027719	ENSSSCG00000009089	ortholog_one2one	1
ENSMUSG00000030149	ENSSSCG00000040465	ortholog_one2one	1
ENSMUSG00000032458	ENSSSCG00000011662	ortholog_one2one	1
ENSMUSG00000028847	ENSSSCG00000037213	ortholog_one2one	1
ENSMUSG00000028159	ENSSSCG00000039327	ortholog_one2one	1
ENSMUSG00000019214	ENSSSCG00000008010	ortholog_one2one	1
ENSMUSG00000037366	ENSSSCG00000038619	ortholog_one2one	1
ENSMUSG00000041426	ENSSSCG00000016049	ortholog_one2one	1
ENSMUSG00000041390	ENSSSCG00000021885	ortholog_one2one	1
ENSMUSG00000054091	ENSSSCG00000031773	ortholog_one2one	1
ENSMUSG00000041237	ENSSSCG00000026149	ortholog_one2one	1
ENSMUSG00000037202	ENSSSCG00000010271	ortholog_one2one	1
ENSMUSG00000019794	ENSSSCG00000004104	ortholog_one2one	1
ENSMUSG00000052852	ENSSSCG00000023710	ortholog_one2one	1
ENSMUSG00000042918	ENSSSCG00000003143	ortholog_one2one	1
ENSMUSG00000048521	ENSSSCG00000011318	ortholog_one2one	1
ENSMUSG00000066975	ENSSSCG00000043809	ortholog_one2one	1
ENSMUSG00000034135	ENSSSCG00000015071	ortholog_one2one	1
ENSMUSG00000032740	ENSSSCG00000008406	ortholog_one2one	1
ENSMUSG00000026228	ENSSSCG00000016273	ortholog_one2one	1
ENSMUSG00000042446	ENSSSCG00000003627	ortholog_one2one	1
ENSMUSG00000040170	ENSSSCG00000015267	ortholog_one2one	1
ENSMUSG00000038745	ENSSSCG00000014561	ortholog_one2one	1
ENSMUSG00000027750	ENSSSCG00000009361	ortholog_one2one	1
ENSMUSG00000053111	ENSSSCG00000010745	ortholog_one2one	1
ENSMUSG00000029482	ENSSSCG00000009755	ortholog_one2one	1
ENSMUSG00000025607	ENSSSCG00000016553	ortholog_one2one	1
ENSMUSG00000063428	ENSSSCG00000004401	ortholog_one2one	1
ENSMUSG00000034382	ENSSSCG00000036801	ortholog_one2one	1
ENSMUSG00000038838	ENSSSCG00000001384	ortholog_one2one	1
ENSMUSG00000002205	ENSSSCG00000003204	ortholog_one2one	1
ENSMUSG00000004939	ENSSSCG00000040860	ortholog_one2one	1
ENSMUSG00000049553	ENSSSCG00000008226	ortholog_one2one	1
ENSMUSG00000025353	ENSSSCG00000000365	ortholog_one2one	1
ENSMUSG00000048015	ENSSSCG00000035778	ortholog_one2one	1
ENSMUSG00000040280	ENSSSCG00000027621	ortholog_one2one	1
ENSMUSG00000050106	ENSSSCG00000033592	ortholog_one2one	1
ENSMUSG00000028430	ENSSSCG00000010990	ortholog_one2one	1
ENSMUSG00000040661	ENSSSCG00000011425	ortholog_one2one	1
ENSMUSG00000033720	ENSSSCG00000008307	ortholog_one2one	1
ENSMUSG00000033377	ENSSSCG00000006874	ortholog_one2one	1
ENSMUSG00000025245	ENSSSCG00000011314	ortholog_one2one	1
ENSMUSG00000049130	ENSSSCG00000056729	ortholog_one2one	1
ENSMUSG00000035505	ENSSSCG00000008947	ortholog_one2one	1
ENSMUSG00000004896	ENSSSCG00000006470	ortholog_one2one	1
ENSMUSG00000078816	ENSSSCG00000003256	ortholog_one2one	1
ENSMUSG00000020150	ENSSSCG00000023142	ortholog_one2one	1
ENSMUSG00000019877	ENSSSCG00000004237	ortholog_one2one	1
ENSMUSG00000000686	ENSSSCG00000017789	ortholog_one2one	1
ENSMUSG00000030310	ENSSSCG00000011577	ortholog_one2one	1
ENSMUSG00000020841	ENSSSCG00000017799	ortholog_one2one	1
ENSMUSG00000020224	ENSSSCG00000031580	ortholog_one2one	1
ENSMUSG00000030124	ENSSSCG00000000688	ortholog_one2one	1
ENSMUSG00000062031	ENSSSCG00000025023	ortholog_one2one	1
ENSMUSG00000050473	ENSSSCG00000004159	ortholog_one2one	1
ENSMUSG00000016487	ENSSSCG00000000549	ortholog_one2one	1
ENSMUSG00000016946	ENSSSCG00000008058	ortholog_one2one	1
ENSMUSG00000031966	ENSSSCG00000056489	ortholog_one2one	1
ENSMUSG00000024338	ENSSSCG00000026951	ortholog_one2one	1
ENSMUSG00000004895	ENSSSCG00000006467	ortholog_one2one	1
ENSMUSG00000047638	ENSSSCG00000000875	ortholog_one2one	1
ENSMUSG00000018449	ENSSSCG00000036311	ortholog_one2one	1
ENSMUSG00000028545	ENSSSCG00000063412	ortholog_one2one	1
ENSMUSG00000014601	ENSSSCG00000006813	ortholog_one2one	1
ENSMUSG00000038417	ENSSSCG00000004405	ortholog_one2one	1
ENSMUSG00000029364	ENSSSCG00000009853	ortholog_one2one	1
ENSMUSG00000022130	ENSSSCG00000009491	ortholog_one2one	1
ENSMUSG00000004100	ENSSSCG00000013662	ortholog_one2one	1
ENSMUSG00000052040	ENSSSCG00000026006	ortholog_one2one	1
ENSMUSG00000046865	ENSSSCG00000030510	ortholog_one2one	1
ENSMUSG00000027613	ENSSSCG00000022864	ortholog_one2one	1
ENSMUSG00000032311	ENSSSCG00000052301	ortholog_one2one	1
ENSMUSG00000044288	ENSSSCG00000004309	ortholog_one2one	1
ENSMUSG00000039967	ENSSSCG00000035281	ortholog_one2one	1
ENSMUSG00000035020	ENSSSCG00000063288	ortholog_one2one	1
ENSMUSG00000070866	ENSSSCG00000016022	ortholog_one2one	1
ENSMUSG00000023328	ENSSSCG00000030303	ortholog_one2one	1
ENSMUSG00000063787	ENSSSCG00000010308	ortholog_one2one	1
ENSMUSG00000020464	ENSSSCG00000031882	ortholog_one2one	1
ENSMUSG00000003032	ENSSSCG00000005437	ortholog_one2one	1
ENSMUSG00000021877	ENSSSCG00000031791	ortholog_one2one	1
ENSMUSG00000040046	ENSSSCG00000054840	ortholog_one2one	1
ENSMUSG00000028550	ENSSSCG00000003816	ortholog_one2one	1
ENSMUSG00000048349	ENSSSCG00000025334	ortholog_one2one	1
ENSMUSG00000117406	ENSSSCG00000008054	ortholog_one2one	1
ENSMUSG00000026924	ENSSSCG00000034854	ortholog_one2one	1
ENSMUSG00000021879	ENSSSCG00000020990	ortholog_one2one	1
ENSMUSG00000006736	ENSSSCG00000036731	ortholog_one2one	1
ENSMUSG00000044139	ENSSSCG00000007765	ortholog_one2one	1
ENSMUSG00000049872	ENSSSCG00000031898	ortholog_one2one	1
ENSMUSG00000039232	ENSSSCG00000004125	ortholog_one2one	1
ENSMUSG00000035161	ENSSSCG00000009384	ortholog_one2one	1
ENSMUSG00000042246	ENSSSCG00000007866	ortholog_one2one	1
ENSMUSG00000035835	ENSSSCG00000037432	ortholog_one2one	1
ENSMUSG00000024330	ENSSSCG00000001473	ortholog_one2one	1
ENSMUSG00000039682	ENSSSCG00000023604	ortholog_one2one	1
ENSMUSG00000044468	ENSSSCG00000006729	ortholog_one2one	1
ENSMUSG00000027667	ENSSSCG00000038443	ortholog_one2one	1
ENSMUSG00000028312	ENSSSCG00000005403	ortholog_one2one	1
ENSMUSG00000019986	ENSSSCG00000004166	ortholog_one2one	1
ENSMUSG00000026663	ENSSSCG00000006346	ortholog_one2one	1
ENSMUSG00000027775	ENSSSCG00000026018	ortholog_one2one	1
ENSMUSG00000041445	ENSSSCG00000024048	ortholog_one2one	1
ENSMUSG00000026641	ENSSSCG00000006371	ortholog_one2one	1
ENSMUSG00000032185	ENSSSCG00000013633	ortholog_one2one	1
ENSMUSG00000029141	ENSSSCG00000008549	ortholog_one2one	1
ENSMUSG00000070417	ENSSSCG00000014617	ortholog_one2one	1
ENSMUSG00000030411	ENSSSCG00000035029	ortholog_one2one	1
ENSMUSG00000049848	ENSSSCG00000003078	ortholog_one2one	1
ENSMUSG00000021973	ENSSSCG00000024667	ortholog_one2one	1
ENSMUSG00000027318	ENSSSCG00000007145	ortholog_one2one	1
ENSMUSG00000060791	ENSSSCG00000040981	ortholog_one2one	1
ENSMUSG00000041842	ENSSSCG00000009011	ortholog_one2one	1
ENSMUSG00000035407	ENSSSCG00000003821	ortholog_one2one	1
ENSMUSG00000032177	ENSSSCG00000013642	ortholog_one2one	1
ENSMUSG00000027959	ENSSSCG00000028821	ortholog_one2one	1
ENSMUSG00000040387	ENSSSCG00000027002	ortholog_one2one	1
ENSMUSG00000025986	ENSSSCG00000031954	ortholog_one2one	1
ENSMUSG00000006289	ENSSSCG00000002138	ortholog_one2one	1
ENSMUSG00000030725	ENSSSCG00000024060	ortholog_one2one	1
ENSMUSG00000030752	ENSSSCG00000007818	ortholog_one2one	1
ENSMUSG00000042010	ENSSSCG00000061436	ortholog_one2one	1
ENSMUSG00000030432	ENSSSCG00000039460	ortholog_one2one	1
ENSMUSG00000062867	ENSSSCG00000011373	ortholog_one2one	1
ENSMUSG00000029066	ENSSSCG00000033374	ortholog_one2one	1
ENSMUSG00000039286	ENSSSCG00000011752	ortholog_one2one	1
ENSMUSG00000042115	ENSSSCG00000023441	ortholog_one2one	1
ENSMUSG00000070426	ENSSSCG00000023796	ortholog_one2one	1
ENSMUSG00000057329	ENSSSCG00000062696	ortholog_one2one	1
ENSMUSG00000026023	ENSSSCG00000022296	ortholog_one2one	1
ENSMUSG00000027635	ENSSSCG00000007323	ortholog_one2one	1
ENSMUSG00000068328	ENSSSCG00000008268	ortholog_one2one	1
ENSMUSG00000026626	ENSSSCG00000015599	ortholog_one2one	1
ENSMUSG00000035637	ENSSSCG00000005349	ortholog_one2one	1
ENSMUSG00000006522	ENSSSCG00000011451	ortholog_one2one	1
ENSMUSG00000034324	ENSSSCG00000009753	ortholog_one2one	1
ENSMUSG00000043067	ENSSSCG00000027063	ortholog_one2one	1
ENSMUSG00000021774	ENSSSCG00000026488	ortholog_one2one	1
ENSMUSG00000037337	ENSSSCG00000002962	ortholog_one2one	1
ENSMUSG00000045216	ENSSSCG00000022197	ortholog_one2one	1
ENSMUSG00000027435	ENSSSCG00000007116	ortholog_one2one	1
ENSMUSG00000028414	ENSSSCG00000005426	ortholog_one2one	1
ENSMUSG00000026442	ENSSSCG00000022951	ortholog_one2one	1
ENSMUSG00000025780	ENSSSCG00000011129	ortholog_one2one	1
ENSMUSG00000018677	ENSSSCG00000030167	ortholog_one2one	1
ENSMUSG00000025648	ENSSSCG00000011353	ortholog_one2one	1
ENSMUSG00000048540	ENSSSCG00000006744	ortholog_one2one	1
ENSMUSG00000003341	ENSSSCG00000013440	ortholog_one2one	1
ENSMUSG00000004268	ENSSSCG00000026812	ortholog_one2one	1
ENSMUSG00000058153	ENSSSCG00000009958	ortholog_one2one	1
ENSMUSG00000015750	ENSSSCG00000028297	ortholog_one2one	1
ENSMUSG00000015846	ENSSSCG00000038220	ortholog_one2one	1
ENSMUSG00000023075	ENSSSCG00000003652	ortholog_one2one	1
ENSMUSG00000039795	ENSSSCG00000024780	ortholog_one2one	1
ENSMUSG00000028745	ENSSSCG00000003493	ortholog_one2one	1
ENSMUSG00000030307	ENSSSCG00000039850	ortholog_one2one	1
ENSMUSG00000041911	ENSSSCG00000015953	ortholog_one2one	1
ENSMUSG00000020109	ENSSSCG00000010288	ortholog_one2one	1
ENSMUSG00000005069	ENSSSCG00000025252	ortholog_one2one	1
ENSMUSG00000047085	ENSSSCG00000029960	ortholog_one2one	1
ENSMUSG00000038520	ENSSSCG00000003193	ortholog_one2one	1
ENSMUSG00000036352	ENSSSCG00000033162	ortholog_one2one	1
ENSMUSG00000040701	ENSSSCG00000002015	ortholog_one2one	1
ENSMUSG00000020085	ENSSSCG00000010258	ortholog_one2one	1
ENSMUSG00000042390	ENSSSCG00000006562	ortholog_one2one	1
ENSMUSG00000002833	ENSSSCG00000013511	ortholog_one2one	1
ENSMUSG00000028082	ENSSSCG00000009018	ortholog_one2one	1
ENSMUSG00000033419	ENSSSCG00000004453	ortholog_one2one	1
ENSMUSG00000029624	ENSSSCG00000007622	ortholog_one2one	1
ENSMUSG00000020886	ENSSSCG00000024285	ortholog_one2one	1
ENSMUSG00000068009	ENSSSCG00000025052	ortholog_one2one	1
ENSMUSG00000039717	ENSSSCG00000006149	ortholog_one2one	1
ENSMUSG00000068615	ENSSSCG00000036219	ortholog_one2one	1
ENSMUSG00000047841	ENSSSCG00000038651	ortholog_one2one	1
ENSMUSG00000027966	ENSSSCG00000006857	ortholog_one2one	1
ENSMUSG00000021786	ENSSSCG00000011215	ortholog_one2one	1
ENSMUSG00000001089	ENSSSCG00000003532	ortholog_one2one	1
ENSMUSG00000001930	ENSSSCG00000063591	ortholog_one2one	1
ENSMUSG00000021895	ENSSSCG00000030359	ortholog_one2one	1
ENSMUSG00000042804	ENSSSCG00000003371	ortholog_one2one	1
ENSMUSG00000030884	ENSSSCG00000007845	ortholog_one2one	1
ENSMUSG00000029095	ENSSSCG00000008721	ortholog_one2one	1
ENSMUSG00000028760	ENSSSCG00000003512	ortholog_one2one	1
ENSMUSG00000045201	ENSSSCG00000011216	ortholog_one2one	1
ENSMUSG00000071470	ENSSSCG00000002144	ortholog_one2one	1
ENSMUSG00000002320	ENSSSCG00000054655	ortholog_one2one	1
ENSMUSG00000038256	ENSSSCG00000006698	ortholog_one2one	1
ENSMUSG00000028132	ENSSSCG00000039854	ortholog_one2one	1
ENSMUSG00000004931	ENSSSCG00000013492	ortholog_one2one	1
ENSMUSG00000059878	ENSSSCG00000042874	ortholog_one2one	1
ENSMUSG00000037706	ENSSSCG00000039243	ortholog_one2one	1
ENSMUSG00000029685	ENSSSCG00000016606	ortholog_one2one	1
ENSMUSG00000035067	ENSSSCG00000009693	ortholog_one2one	1
ENSMUSG00000025823	ENSSSCG00000015453	ortholog_one2one	1
ENSMUSG00000040006	ENSSSCG00000030067	ortholog_one2one	1
ENSMUSG00000027797	ENSSSCG00000033919	ortholog_one2one	1
ENSMUSG00000039308	ENSSSCG00000010310	ortholog_one2one	1
ENSMUSG00000029664	ENSSSCG00000015322	ortholog_one2one	1
ENSMUSG00000039844	ENSSSCG00000005719	ortholog_one2one	1
ENSMUSG00000033191	ENSSSCG00000003950	ortholog_one2one	1
ENSMUSG00000038836	ENSSSCG00000053763	ortholog_one2one	1
ENSMUSG00000109324	ENSSSCG00000003189	ortholog_one2one	1
ENSMUSG00000025545	ENSSSCG00000009519	ortholog_one2one	1
ENSMUSG00000017291	ENSSSCG00000017790	ortholog_one2one	1
ENSMUSG00000033444	ENSSSCG00000010053	ortholog_one2one	1
ENSMUSG00000033885	ENSSSCG00000011474	ortholog_one2one	1
ENSMUSG00000009394	ENSSSCG00000023225	ortholog_one2one	1
ENSMUSG00000051355	ENSSSCG00000008376	ortholog_one2one	1
ENSMUSG00000005267	ENSSSCG00000018031	ortholog_one2one	1
ENSMUSG00000036820	ENSSSCG00000008057	ortholog_one2one	1
ENSMUSG00000018363	ENSSSCG00000032176	ortholog_one2one	1
ENSMUSG00000060594	ENSSSCG00000015022	ortholog_one2one	1
ENSMUSG00000059602	ENSSSCG00000040453	ortholog_one2one	1
ENSMUSG00000047898	ENSSSCG00000034660	ortholog_one2one	1
ENSMUSG00000040966	ENSSSCG00000004040	ortholog_one2one	1
ENSMUSG00000031991	ENSSSCG00000025612	ortholog_one2one	1
ENSMUSG00000039480	ENSSSCG00000004435	ortholog_one2one	1
ENSMUSG00000074261	ENSSSCG00000040022	ortholog_one2one	1
ENSMUSG00000055296	ENSSSCG00000005444	ortholog_one2one	1
ENSMUSG00000049516	ENSSSCG00000013361	ortholog_one2one	1
ENSMUSG00000037166	ENSSSCG00000038077	ortholog_one2one	1
ENSMUSG00000004263	ENSSSCG00000025117	ortholog_one2one	1
ENSMUSG00000030830	ENSSSCG00000007797	ortholog_one2one	1
ENSMUSG00000057054	ENSSSCG00000017901	ortholog_one2one	1
ENSMUSG00000029778	ENSSSCG00000016672	ortholog_one2one	1
ENSMUSG00000028455	ENSSSCG00000039782	ortholog_one2one	1
ENSMUSG00000079580	ENSSSCG00000001576	ortholog_one2one	1
ENSMUSG00000023908	ENSSSCG00000029264	ortholog_one2one	1
ENSMUSG00000034342	ENSSSCG00000015115	ortholog_one2one	1
ENSMUSG00000025140	ENSSSCG00000034723	ortholog_one2one	1
ENSMUSG00000025738	ENSSSCG00000008006	ortholog_one2one	1
ENSMUSG00000030839	ENSSSCG00000042767	ortholog_one2one	1
ENSMUSG00000034612	ENSSSCG00000000837	ortholog_one2one	1
ENSMUSG00000036764	ENSSSCG00000035600	ortholog_one2one	1
ENSMUSG00000004364	ENSSSCG00000016234	ortholog_one2one	1
ENSMUSG00000019906	ENSSSCG00000040348	ortholog_one2one	1
ENSMUSG00000024083	ENSSSCG00000022845	ortholog_one2one	1
ENSMUSG00000042250	ENSSSCG00000006587	ortholog_one2one	1
ENSMUSG00000051236	ENSSSCG00000026004	ortholog_one2one	1
ENSMUSG00000023151	ENSSSCG00000039660	ortholog_one2one	1
ENSMUSG00000020922	ENSSSCG00000056031	ortholog_one2one	1
ENSMUSG00000045973	ENSSSCG00000032554	ortholog_one2one	1
ENSMUSG00000018474	ENSSSCG00000021363	ortholog_one2one	1
ENSMUSG00000034781	ENSSSCG00000029279	ortholog_one2one	1
ENSMUSG00000002504	ENSSSCG00000008038	ortholog_one2one	1
ENSMUSG00000027534	ENSSSCG00000006151	ortholog_one2one	1
ENSMUSG00000029999	ENSSSCG00000008326	ortholog_one2one	1
ENSMUSG00000016918	ENSSSCG00000006197	ortholog_one2one	1
ENSMUSG00000039089	ENSSSCG00000004203	ortholog_one2one	1
ENSMUSG00000029772	ENSSSCG00000016568	ortholog_one2one	1
ENSMUSG00000053931	ENSSSCG00000006887	ortholog_one2one	1
ENSMUSG00000036427	ENSSSCG00000002873	ortholog_one2one	1
ENSMUSG00000029076	ENSSSCG00000003332	ortholog_one2one	1
ENSMUSG00000027714	ENSSSCG00000009096	ortholog_one2one	1
ENSMUSG00000042121	ENSSSCG00000009943	ortholog_one2one	1
ENSMUSG00000039770	ENSSSCG00000008529	ortholog_one2one	1
ENSMUSG00000037845	ENSSSCG00000021871	ortholog_one2one	1
ENSMUSG00000044770	ENSSSCG00000033392	ortholog_one2one	1
ENSMUSG00000037335	ENSSSCG00000031080	ortholog_one2one	1
ENSMUSG00000035164	ENSSSCG00000015014	ortholog_one2one	1
ENSMUSG00000035024	ENSSSCG00000022192	ortholog_one2one	1
ENSMUSG00000028180	ENSSSCG00000003787	ortholog_one2one	1
ENSMUSG00000017831	ENSSSCG00000037653	ortholog_one2one	1
ENSMUSG00000028514	ENSSSCG00000029633	ortholog_one2one	1
ENSMUSG00000037601	ENSSSCG00000038348	ortholog_one2one	1
ENSMUSG00000029426	ENSSSCG00000008980	ortholog_one2one	1
ENSMUSG00000024254	ENSSSCG00000008453	ortholog_one2one	1
ENSMUSG00000029454	ENSSSCG00000009890	ortholog_one2one	1
ENSMUSG00000001555	ENSSSCG00000017422	ortholog_one2one	1
ENSMUSG00000036962	ENSSSCG00000015741	ortholog_one2one	1
ENSMUSG00000079056	ENSSSCG00000008119	ortholog_one2one	1
ENSMUSG00000024191	ENSSSCG00000016985	ortholog_one2one	1
ENSMUSG00000026280	ENSSSCG00000032919	ortholog_one2one	1
ENSMUSG00000013523	ENSSSCG00000007485	ortholog_one2one	1
ENSMUSG00000007646	ENSSSCG00000023955	ortholog_one2one	1
ENSMUSG00000019888	ENSSSCG00000032321	ortholog_one2one	1
ENSMUSG00000023963	ENSSSCG00000001718	ortholog_one2one	1
ENSMUSG00000008668	ENSSSCG00000001502	ortholog_one2one	1
ENSMUSG00000041460	ENSSSCG00000026537	ortholog_one2one	1
ENSMUSG00000037703	ENSSSCG00000007161	ortholog_one2one	1
ENSMUSG00000043252	ENSSSCG00000040180	ortholog_one2one	1
ENSMUSG00000079109	ENSSSCG00000007590	ortholog_one2one	1
ENSMUSG00000040964	ENSSSCG00000003486	ortholog_one2one	1
ENSMUSG00000014361	ENSSSCG00000008103	ortholog_one2one	1
ENSMUSG00000020052	ENSSSCG00000060761	ortholog_one2one	1
ENSMUSG00000020721	ENSSSCG00000017272	ortholog_one2one	1
ENSMUSG00000020133	ENSSSCG00000022265	ortholog_one2one	1
ENSMUSG00000035032	ENSSSCG00000011181	ortholog_one2one	1
ENSMUSG00000038822	ENSSSCG00000004364	ortholog_one2one	1
ENSMUSG00000032968	ENSSSCG00000020771	ortholog_one2one	1
ENSMUSG00000026219	ENSSSCG00000024373	ortholog_one2one	1
ENSMUSG00000024177	ENSSSCG00000007986	ortholog_one2one	1
ENSMUSG00000032323	ENSSSCG00000025273	ortholog_one2one	1
ENSMUSG00000030335	ENSSSCG00000039662	ortholog_one2one	1
ENSMUSG00000038910	ENSSSCG00000029811	ortholog_one2one	1
ENSMUSG00000008153	ENSSSCG00000000672	ortholog_one2one	1
ENSMUSG00000027555	ENSSSCG00000006143	ortholog_one2one	1
ENSMUSG00000024070	ENSSSCG00000008495	ortholog_one2one	1
ENSMUSG00000019710	ENSSSCG00000006469	ortholog_one2one	1
ENSMUSG00000032356	ENSSSCG00000001771	ortholog_one2one	1
ENSMUSG00000034993	ENSSSCG00000024059	ortholog_one2one	1
ENSMUSG00000045662	ENSSSCG00000006846	ortholog_one2one	1
ENSMUSG00000024462	ENSSSCG00000001242	ortholog_one2one	1
ENSMUSG00000001520	ENSSSCG00000000741	ortholog_one2one	1
ENSMUSG00000036745	ENSSSCG00000003760	ortholog_one2one	1
ENSMUSG00000000568	ENSSSCG00000009249	ortholog_one2one	1
ENSMUSG00000014837	ENSSSCG00000032443	ortholog_one2one	1
ENSMUSG00000025375	ENSSSCG00000017141	ortholog_one2one	1
ENSMUSG00000048668	ENSSSCG00000000738	ortholog_one2one	1
ENSMUSG00000045684	ENSSSCG00000005835	ortholog_one2one	1
ENSMUSG00000033726	ENSSSCG00000008308	ortholog_one2one	1
ENSMUSG00000031565	ENSSSCG00000015815	ortholog_one2one	1
ENSMUSG00000035596	ENSSSCG00000003267	ortholog_one2one	1
ENSMUSG00000032174	ENSSSCG00000013653	ortholog_one2one	1
ENSMUSG00000024033	ENSSSCG00000040224	ortholog_one2one	1
ENSMUSG00000033222	ENSSSCG00000006733	ortholog_one2one	1
ENSMUSG00000053907	ENSSSCG00000022300	ortholog_one2one	1
ENSMUSG00000026930	ENSSSCG00000039487	ortholog_one2one	1
ENSMUSG00000015759	ENSSSCG00000027256	ortholog_one2one	1
ENSMUSG00000038775	ENSSSCG00000011246	ortholog_one2one	1
ENSMUSG00000011589	ENSSSCG00000013505	ortholog_one2one	1
ENSMUSG00000022215	ENSSSCG00000002007	ortholog_one2one	1
ENSMUSG00000072494	ENSSSCG00000057418	ortholog_one2one	1
ENSMUSG00000023411	ENSSSCG00000001986	ortholog_one2one	1
ENSMUSG00000027843	ENSSSCG00000006764	ortholog_one2one	1
ENSMUSG00000030057	ENSSSCG00000040879	ortholog_one2one	1
ENSMUSG00000044519	ENSSSCG00000040893	ortholog_one2one	1
ENSMUSG00000037270	ENSSSCG00000009090	ortholog_one2one	1
ENSMUSG00000037780	ENSSSCG00000055445	ortholog_one2one	1
ENSMUSG00000064179	ENSSSCG00000025353	ortholog_one2one	1
ENSMUSG00000026107	ENSSSCG00000016062	ortholog_one2one	1
ENSMUSG00000021796	ENSSSCG00000010360	ortholog_one2one	1
ENSMUSG00000070942	ENSSSCG00000023550	ortholog_one2one	1
ENSMUSG00000058298	ENSSSCG00000004246	ortholog_one2one	1
ENSMUSG00000032089	ENSSSCG00000015085	ortholog_one2one	1
ENSMUSG00000045532	ENSSSCG00000039101	ortholog_one2one	1
ENSMUSG00000002365	ENSSSCG00000030535	ortholog_one2one	1
ENSMUSG00000057967	ENSSSCG00000016997	ortholog_one2one	1
ENSMUSG00000006007	ENSSSCG00000015578	ortholog_one2one	1
ENSMUSG00000064165	ENSSSCG00000017458	ortholog_one2one	1
ENSMUSG00000074796	ENSSSCG00000007157	ortholog_one2one	1
ENSMUSG00000045648	ENSSSCG00000016168	ortholog_one2one	1
ENSMUSG00000032594	ENSSSCG00000011390	ortholog_one2one	1
ENSMUSG00000060261	ENSSSCG00000007721	ortholog_one2one	1
ENSMUSG00000059995	ENSSSCG00000017362	ortholog_one2one	1
ENSMUSG00000025950	ENSSSCG00000023264	ortholog_one2one	1
ENSMUSG00000010797	ENSSSCG00000016628	ortholog_one2one	1
ENSMUSG00000046031	ENSSSCG00000036064	ortholog_one2one	1
ENSMUSG00000032899	ENSSSCG00000000634	ortholog_one2one	1
ENSMUSG00000053825	ENSSSCG00000000940	ortholog_one2one	1
ENSMUSG00000034923	ENSSSCG00000033590	ortholog_one2one	1
ENSMUSG00000079466	ENSSSCG00000005703	ortholog_one2one	1
ENSMUSG00000050188	ENSSSCG00000038916	ortholog_one2one	1
ENSMUSG00000054405	ENSSSCG00000038907	ortholog_one2one	1
ENSMUSG00000023919	ENSSSCG00000001731	ortholog_one2one	1
ENSMUSG00000027187	ENSSSCG00000013302	ortholog_one2one	1
ENSMUSG00000032264	ENSSSCG00000015050	ortholog_one2one	1
ENSMUSG00000030007	ENSSSCG00000008303	ortholog_one2one	1
ENSMUSG00000038545	ENSSSCG00000001657	ortholog_one2one	1
ENSMUSG00000041695	ENSSSCG00000039947	ortholog_one2one	1
ENSMUSG00000026042	ENSSSCG00000016035	ortholog_one2one	1
ENSMUSG00000018395	ENSSSCG00000014283	ortholog_one2one	1
ENSMUSG00000038215	ENSSSCG00000032475	ortholog_one2one	1
ENSMUSG00000042210	ENSSSCG00000030229	ortholog_one2one	1
ENSMUSG00000038371	ENSSSCG00000013409	ortholog_one2one	1
ENSMUSG00000037062	ENSSSCG00000006930	ortholog_one2one	1
ENSMUSG00000002279	ENSSSCG00000008009	ortholog_one2one	1
ENSMUSG00000059173	ENSSSCG00000023924	ortholog_one2one	1
ENSMUSG00000049339	ENSSSCG00000016207	ortholog_one2one	1
ENSMUSG00000028609	ENSSSCG00000003849	ortholog_one2one	1
ENSMUSG00000047766	ENSSSCG00000004976	ortholog_one2one	1
ENSMUSG00000036120	ENSSSCG00000036310	ortholog_one2one	1
ENSMUSG00000025816	ENSSSCG00000011114	ortholog_one2one	1
ENSMUSG00000038607	ENSSSCG00000046439	ortholog_one2one	1
ENSMUSG00000024406	ENSSSCG00000001393	ortholog_one2one	1
ENSMUSG00000044056	ENSSSCG00000016995	ortholog_one2one	1
ENSMUSG00000026435	ENSSSCG00000026547	ortholog_one2one	1
ENSMUSG00000028542	ENSSSCG00000039770	ortholog_one2one	1
ENSMUSG00000038527	ENSSSCG00000033913	ortholog_one2one	1
ENSMUSG00000020744	ENSSSCG00000017208	ortholog_one2one	1
ENSMUSG00000030345	ENSSSCG00000000721	ortholog_one2one	1
ENSMUSG00000024391	ENSSSCG00000001411	ortholog_one2one	1
ENSMUSG00000050174	ENSSSCG00000009085	ortholog_one2one	1
ENSMUSG00000042772	ENSSSCG00000015558	ortholog_one2one	1
ENSMUSG00000040658	ENSSSCG00000026568	ortholog_one2one	1
ENSMUSG00000031822	ENSSSCG00000002664	ortholog_one2one	1
ENSMUSG00000038451	ENSSSCG00000025460	ortholog_one2one	1
ENSMUSG00000002625	ENSSSCG00000013838	ortholog_one2one	1
ENSMUSG00000001761	ENSSSCG00000016569	ortholog_one2one	1
ENSMUSG00000036513	ENSSSCG00000011705	ortholog_one2one	1
ENSMUSG00000030621	ENSSSCG00000014919	ortholog_one2one	1
ENSMUSG00000027939	ENSSSCG00000038125	ortholog_one2one	1
ENSMUSG00000040310	ENSSSCG00000040329	ortholog_one2one	1
ENSMUSG00000011306	ENSSSCG00000036970	ortholog_one2one	1
ENSMUSG00000015488	ENSSSCG00000040709	ortholog_one2one	1
ENSMUSG00000027722	ENSSSCG00000009084	ortholog_one2one	1
ENSMUSG00000030095	ENSSSCG00000011603	ortholog_one2one	1
ENSMUSG00000038967	ENSSSCG00000027198	ortholog_one2one	1
ENSMUSG00000028789	ENSSSCG00000003619	ortholog_one2one	1
ENSMUSG00000026896	ENSSSCG00000015897	ortholog_one2one	1
ENSMUSG00000008540	ENSSSCG00000032580	ortholog_one2one	1
ENSMUSG00000003154	ENSSSCG00000039580	ortholog_one2one	1
ENSMUSG00000037278	ENSSSCG00000033123	ortholog_one2one	1
ENSMUSG00000019433	ENSSSCG00000032842	ortholog_one2one	1
ENSMUSG00000022091	ENSSSCG00000009626	ortholog_one2one	1
ENSMUSG00000029843	ENSSSCG00000016527	ortholog_one2one	1
ENSMUSG00000009214	ENSSSCG00000022891	ortholog_one2one	1
ENSMUSG00000055809	ENSSSCG00000042884	ortholog_one2one	1
ENSMUSG00000031986	ENSSSCG00000040087	ortholog_one2one	1
ENSMUSG00000038759	ENSSSCG00000030386	ortholog_one2one	1
ENSMUSG00000042289	ENSSSCG00000032369	ortholog_one2one	1
ENSMUSG00000089872	ENSSSCG00000015586	ortholog_one2one	1
ENSMUSG00000027901	ENSSSCG00000025704	ortholog_one2one	1
ENSMUSG00000019478	ENSSSCG00000036039	ortholog_one2one	1
ENSMUSG00000040667	ENSSSCG00000033706	ortholog_one2one	1
ENSMUSG00000040697	ENSSSCG00000003464	ortholog_one2one	1
ENSMUSG00000027887	ENSSSCG00000006829	ortholog_one2one	1
ENSMUSG00000069565	ENSSSCG00000013427	ortholog_one2one	1
ENSMUSG00000038884	ENSSSCG00000013664	ortholog_one2one	1
ENSMUSG00000053175	ENSSSCG00000027426	ortholog_one2one	1
ENSMUSG00000015850	ENSSSCG00000006651	ortholog_one2one	1
ENSMUSG00000014773	ENSSSCG00000027726	ortholog_one2one	1
ENSMUSG00000028521	ENSSSCG00000032043	ortholog_one2one	1
ENSMUSG00000036282	ENSSSCG00000031332	ortholog_one2one	1
ENSMUSG00000064120	ENSSSCG00000001596	ortholog_one2one	1
ENSMUSG00000004961	ENSSSCG00000021843	ortholog_one2one	1
ENSMUSG00000034235	ENSSSCG00000010302	ortholog_one2one	1
ENSMUSG00000039410	ENSSSCG00000021490	ortholog_one2one	1
ENSMUSG00000047248	ENSSSCG00000014835	ortholog_one2one	1
ENSMUSG00000032014	ENSSSCG00000036307	ortholog_one2one	1
ENSMUSG00000040883	ENSSSCG00000013622	ortholog_one2one	1
ENSMUSG00000042626	ENSSSCG00000006539	ortholog_one2one	1
ENSMUSG00000030209	ENSSSCG00000000614	ortholog_one2one	1
ENSMUSG00000031928	ENSSSCG00000014955	ortholog_one2one	1
ENSMUSG00000079605	ENSSSCG00000060402	ortholog_one2one	1
ENSMUSG00000071074	ENSSSCG00000033627	ortholog_one2one	1
ENSMUSG00000021900	ENSSSCG00000011193	ortholog_one2one	1
ENSMUSG00000017007	ENSSSCG00000037156	ortholog_one2one	1
ENSMUSG00000060477	ENSSSCG00000011570	ortholog_one2one	1
ENSMUSG00000009093	ENSSSCG00000010065	ortholog_one2one	1
ENSMUSG00000026615	ENSSSCG00000010821	ortholog_one2one	1
ENSMUSG00000014077	ENSSSCG00000004751	ortholog_one2one	1
ENSMUSG00000027777	ENSSSCG00000011729	ortholog_one2one	1
ENSMUSG00000028560	ENSSSCG00000003820	ortholog_one2one	1
ENSMUSG00000030824	ENSSSCG00000003150	ortholog_one2one	1
ENSMUSG00000022178	ENSSSCG00000029201	ortholog_one2one	1
ENSMUSG00000079657	ENSSSCG00000033691	ortholog_one2one	1
ENSMUSG00000028672	ENSSSCG00000026025	ortholog_one2one	1
ENSMUSG00000015647	ENSSSCG00000032761	ortholog_one2one	1
ENSMUSG00000022044	ENSSSCG00000009662	ortholog_one2one	1
ENSMUSG00000024145	ENSSSCG00000008440	ortholog_one2one	1
ENSMUSG00000029916	ENSSSCG00000016492	ortholog_one2one	1
ENSMUSG00000027674	ENSSSCG00000011766	ortholog_one2one	1
ENSMUSG00000062257	ENSSSCG00000037534	ortholog_one2one	1
ENSMUSG00000024399	ENSSSCG00000052357	ortholog_one2one	1
ENSMUSG00000058626	ENSSSCG00000001698	ortholog_one2one	1
ENSMUSG00000032607	ENSSSCG00000022975	ortholog_one2one	1
ENSMUSG00000028293	ENSSSCG00000004304	ortholog_one2one	1
ENSMUSG00000067144	ENSSSCG00000027796	ortholog_one2one	1
ENSMUSG00000052698	ENSSSCG00000024088	ortholog_one2one	1
ENSMUSG00000019804	ENSSSCG00000004385	ortholog_one2one	1
ENSMUSG00000042625	ENSSSCG00000013523	ortholog_one2one	1
ENSMUSG00000022124	ENSSSCG00000009472	ortholog_one2one	1
ENSMUSG00000027273	ENSSSCG00000026985	ortholog_one2one	1
ENSMUSG00000028484	ENSSSCG00000005183	ortholog_one2one	1
ENSMUSG00000019795	ENSSSCG00000004103	ortholog_one2one	1
ENSMUSG00000011463	ENSSSCG00000011694	ortholog_one2one	1
ENSMUSG00000027985	ENSSSCG00000009148	ortholog_one2one	1
ENSMUSG00000074155	ENSSSCG00000034792	ortholog_one2one	1
ENSMUSG00000017405	ENSSSCG00000017766	ortholog_one2one	1
ENSMUSG00000030603	ENSSSCG00000039235	ortholog_one2one	1
ENSMUSG00000037984	ENSSSCG00000039501	ortholog_one2one	1
ENSMUSG00000053007	ENSSSCG00000016690	ortholog_one2one	1
ENSMUSG00000023505	ENSSSCG00000000683	ortholog_one2one	1
ENSMUSG00000025893	ENSSSCG00000014999	ortholog_one2one	1
ENSMUSG00000070305	ENSSSCG00000015090	ortholog_one2one	1
ENSMUSG00000020720	ENSSSCG00000017273	ortholog_one2one	1
ENSMUSG00000033933	ENSSSCG00000011567	ortholog_one2one	1
ENSMUSG00000037625	ENSSSCG00000011747	ortholog_one2one	1
ENSMUSG00000040747	ENSSSCG00000006800	ortholog_one2one	1
ENSMUSG00000046947	ENSSSCG00000016496	ortholog_one2one	1
ENSMUSG00000003809	ENSSSCG00000013729	ortholog_one2one	1
ENSMUSG00000062515	ENSSSCG00000040681	ortholog_one2one	1
ENSMUSG00000005897	ENSSSCG00000000902	ortholog_one2one	1
ENSMUSG00000039187	ENSSSCG00000001837	ortholog_one2one	1
ENSMUSG00000028644	ENSSSCG00000021745	ortholog_one2one	1
ENSMUSG00000056054	ENSSSCG00000006590	ortholog_one2one	1
ENSMUSG00000035580	ENSSSCG00000011204	ortholog_one2one	1
ENSMUSG00000007379	ENSSSCG00000006755	ortholog_one2one	1
ENSMUSG00000024116	ENSSSCG00000022744	ortholog_one2one	1
ENSMUSG00000030327	ENSSSCG00000025179	ortholog_one2one	1
ENSMUSG00000001229	ENSSSCG00000026063	ortholog_one2one	1
ENSMUSG00000018559	ENSSSCG00000017935	ortholog_one2one	1
ENSMUSG00000021790	ENSSSCG00000061214	ortholog_one2one	1
ENSMUSG00000042369	ENSSSCG00000015996	ortholog_one2one	1
ENSMUSG00000021959	ENSSSCG00000036326	ortholog_one2one	1
ENSMUSG00000028608	ENSSSCG00000003850	ortholog_one2one	1
ENSMUSG00000044086	ENSSSCG00000052599	ortholog_one2one	1
ENSMUSG00000029863	ENSSSCG00000016464	ortholog_one2one	1
ENSMUSG00000026426	ENSSSCG00000036967	ortholog_one2one	1
ENSMUSG00000031840	ENSSSCG00000013897	ortholog_one2one	1
ENSMUSG00000009350	ENSSSCG00000017637	ortholog_one2one	1
ENSMUSG00000032834	ENSSSCG00000029627	ortholog_one2one	1
ENSMUSG00000079588	ENSSSCG00000008150	ortholog_one2one	1
ENSMUSG00000029848	ENSSSCG00000016533	ortholog_one2one	1
ENSMUSG00000046844	ENSSSCG00000002696	ortholog_one2one	1
ENSMUSG00000042670	ENSSSCG00000013322	ortholog_one2one	1
ENSMUSG00000067879	ENSSSCG00000023848	ortholog_one2one	1
ENSMUSG00000045441	ENSSSCG00000039821	ortholog_one2one	1
ENSMUSG00000021962	ENSSSCG00000022616	ortholog_one2one	1
ENSMUSG00000015189	ENSSSCG00000015327	ortholog_one2one	1
ENSMUSG00000045912	ENSSSCG00000058401	ortholog_one2one	1
ENSMUSG00000028099	ENSSSCG00000006691	ortholog_one2one	1
ENSMUSG00000020190	ENSSSCG00000013448	ortholog_one2one	1
ENSMUSG00000020918	ENSSSCG00000017414	ortholog_one2one	1
ENSMUSG00000022159	ENSSSCG00000029544	ortholog_one2one	1
ENSMUSG00000074269	ENSSSCG00000039508	ortholog_one2one	1
ENSMUSG00000047216	ENSSSCG00000004885	ortholog_one2one	1
ENSMUSG00000028483	ENSSSCG00000005184	ortholog_one2one	1
ENSMUSG00000031024	ENSSSCG00000014568	ortholog_one2one	1
ENSMUSG00000003135	ENSSSCG00000008167	ortholog_one2one	1
ENSMUSG00000096393	ENSSSCG00000032551	ortholog_one2one	1
ENSMUSG00000040040	ENSSSCG00000009270	ortholog_one2one	1
ENSMUSG00000035498	ENSSSCG00000011298	ortholog_one2one	1
ENSMUSG00000034330	ENSSSCG00000002688	ortholog_one2one	1
ENSMUSG00000032435	ENSSSCG00000011233	ortholog_one2one	1
ENSMUSG00000046337	ENSSSCG00000008196	ortholog_one2one	1
ENSMUSG00000032508	ENSSSCG00000011251	ortholog_one2one	1
ENSMUSG00000027247	ENSSSCG00000013256	ortholog_one2one	1
ENSMUSG00000060260	ENSSSCG00000023681	ortholog_one2one	1
ENSMUSG00000025784	ENSSSCG00000011299	ortholog_one2one	1
ENSMUSG00000032085	ENSSSCG00000015073	ortholog_one2one	1
ENSMUSG00000047013	ENSSSCG00000008302	ortholog_one2one	1
ENSMUSG00000058145	ENSSSCG00000038452	ortholog_one2one	1
ENSMUSG00000032060	ENSSSCG00000036724	ortholog_one2one	1
ENSMUSG00000037016	ENSSSCG00000009364	ortholog_one2one	1
ENSMUSG00000023247	ENSSSCG00000055523	ortholog_one2one	1
ENSMUSG00000070002	ENSSSCG00000040181	ortholog_one2one	1
ENSMUSG00000028893	ENSSSCG00000029438	ortholog_one2one	1
ENSMUSG00000041859	ENSSSCG00000025488	ortholog_one2one	1
ENSMUSG00000030045	ENSSSCG00000021007	ortholog_one2one	1
ENSMUSG00000004661	ENSSSCG00000001905	ortholog_one2one	1
ENSMUSG00000024369	ENSSSCG00000001423	ortholog_one2one	1
ENSMUSG00000073805	ENSSSCG00000031345	ortholog_one2one	1
ENSMUSG00000001632	ENSSSCG00000011548	ortholog_one2one	1
ENSMUSG00000021944	ENSSSCG00000022383	ortholog_one2one	1
ENSMUSG00000062232	ENSSSCG00000008881	ortholog_one2one	1
ENSMUSG00000028629	ENSSSCG00000003980	ortholog_one2one	1
ENSMUSG00000028631	ENSSSCG00000003975	ortholog_one2one	1
ENSMUSG00000030942	ENSSSCG00000024748	ortholog_one2one	1
ENSMUSG00000003469	ENSSSCG00000009621	ortholog_one2one	1
ENSMUSG00000039781	ENSSSCG00000017143	ortholog_one2one	1
ENSMUSG00000019943	ENSSSCG00000027898	ortholog_one2one	1
ENSMUSG00000098022	ENSSSCG00000031915	ortholog_one2one	1
ENSMUSG00000066839	ENSSSCG00000013615	ortholog_one2one	1
ENSMUSG00000040055	ENSSSCG00000036474	ortholog_one2one	1
ENSMUSG00000028114	ENSSSCG00000009113	ortholog_one2one	1
ENSMUSG00000042682	ENSSSCG00000060858	ortholog_one2one	1
ENSMUSG00000026469	ENSSSCG00000015537	ortholog_one2one	1
ENSMUSG00000029026	ENSSSCG00000025685	ortholog_one2one	1
ENSMUSG00000010406	ENSSSCG00000002040	ortholog_one2one	1
ENSMUSG00000030034	ENSSSCG00000008287	ortholog_one2one	1
ENSMUSG00000014725	ENSSSCG00000009644	ortholog_one2one	1
ENSMUSG00000031770	ENSSSCG00000040663	ortholog_one2one	1
ENSMUSG00000029923	ENSSSCG00000038693	ortholog_one2one	1
ENSMUSG00000015149	ENSSSCG00000026794	ortholog_one2one	1
ENSMUSG00000079598	ENSSSCG00000038147	ortholog_one2one	1
ENSMUSG00000009418	ENSSSCG00000010915	ortholog_one2one	1
ENSMUSG00000031865	ENSSSCG00000008274	ortholog_one2one	1
ENSMUSG00000040675	ENSSSCG00000004092	ortholog_one2one	1
ENSMUSG00000055720	ENSSSCG00000001907	ortholog_one2one	1
ENSMUSG00000040389	ENSSSCG00000006840	ortholog_one2one	1
ENSMUSG00000015597	ENSSSCG00000001667	ortholog_one2one	1
ENSMUSG00000028300	ENSSSCG00000011010	ortholog_one2one	1
ENSMUSG00000031790	ENSSSCG00000002806	ortholog_one2one	1
ENSMUSG00000096727	ENSSSCG00000001463	ortholog_one2one	1
ENSMUSG00000022012	ENSSSCG00000021818	ortholog_one2one	1
ENSMUSG00000031662	ENSSSCG00000025741	ortholog_one2one	1
ENSMUSG00000057335	ENSSSCG00000030502	ortholog_one2one	1
ENSMUSG00000031950	ENSSSCG00000002707	ortholog_one2one	1
ENSMUSG00000031532	ENSSSCG00000033402	ortholog_one2one	1
ENSMUSG00000005698	ENSSSCG00000024253	ortholog_one2one	1
ENSMUSG00000042099	ENSSSCG00000013598	ortholog_one2one	1
ENSMUSG00000027668	ENSSSCG00000039285	ortholog_one2one	1
ENSMUSG00000028327	ENSSSCG00000040711	ortholog_one2one	1
ENSMUSG00000045624	ENSSSCG00000007077	ortholog_one2one	1
ENSMUSG00000010554	ENSSSCG00000017832	ortholog_one2one	1
ENSMUSG00000013155	ENSSSCG00000028661	ortholog_one2one	1
ENSMUSG00000032023	ENSSSCG00000015138	ortholog_one2one	1
ENSMUSG00000031657	ENSSSCG00000040887	ortholog_one2one	1
ENSMUSG00000032382	ENSSSCG00000042703	ortholog_one2one	1
ENSMUSG00000047361	ENSSSCG00000016110	ortholog_one2one	1
ENSMUSG00000026708	ENSSSCG00000015496	ortholog_one2one	1
ENSMUSG00000039481	ENSSSCG00000033413	ortholog_one2one	1
ENSMUSG00000002257	ENSSSCG00000001538	ortholog_one2one	1
ENSMUSG00000075467	ENSSSCG00000034732	ortholog_one2one	1
ENSMUSG00000040836	ENSSSCG00000006302	ortholog_one2one	1
ENSMUSG00000015749	ENSSSCG00000035209	ortholog_one2one	1
ENSMUSG00000027424	ENSSSCG00000007089	ortholog_one2one	1
ENSMUSG00000026417	ENSSSCG00000015657	ortholog_one2one	1
ENSMUSG00000038119	ENSSSCG00000022504	ortholog_one2one	1
ENSMUSG00000061613	ENSSSCG00000033653	ortholog_one2one	1
ENSMUSG00000026192	ENSSSCG00000016173	ortholog_one2one	1
ENSMUSG00000055553	ENSSSCG00000013906	ortholog_one2one	1
ENSMUSG00000035382	ENSSSCG00000015072	ortholog_one2one	1
ENSMUSG00000027656	ENSSSCG00000031648	ortholog_one2one	1
ENSMUSG00000002814	ENSSSCG00000035839	ortholog_one2one	1
ENSMUSG00000025381	ENSSSCG00000000394	ortholog_one2one	1
ENSMUSG00000068744	ENSSSCG00000036975	ortholog_one2one	1
ENSMUSG00000045382	ENSSSCG00000039416	ortholog_one2one	1
ENSMUSG00000006412	ENSSSCG00000055102	ortholog_one2one	1
ENSMUSG00000037262	ENSSSCG00000033095	ortholog_one2one	1
ENSMUSG00000028826	ENSSSCG00000030682	ortholog_one2one	1
ENSMUSG00000019772	ENSSSCG00000004078	ortholog_one2one	1
ENSMUSG00000026644	ENSSSCG00000038184	ortholog_one2one	1
ENSMUSG00000026028	ENSSSCG00000016104	ortholog_one2one	1
ENSMUSG00000017300	ENSSSCG00000007424	ortholog_one2one	1
ENSMUSG00000000673	ENSSSCG00000038660	ortholog_one2one	1
ENSMUSG00000089736	ENSSSCG00000040598	ortholog_one2one	1
ENSMUSG00000027344	ENSSSCG00000040418	ortholog_one2one	1
ENSMUSG00000004996	ENSSSCG00000013756	ortholog_one2one	1
ENSMUSG00000020522	ENSSSCG00000034706	ortholog_one2one	1
ENSMUSG00000036636	ENSSSCG00000008024	ortholog_one2one	1
ENSMUSG00000034771	ENSSSCG00000028995	ortholog_one2one	1
ENSMUSG00000028910	ENSSSCG00000003589	ortholog_one2one	1
ENSMUSG00000018569	ENSSSCG00000017934	ortholog_one2one	1
ENSMUSG00000074336	ENSSSCG00000058983	ortholog_one2one	1
ENSMUSG00000027071	ENSSSCG00000029468	ortholog_one2one	1
ENSMUSG00000049323	ENSSSCG00000038189	ortholog_one2one	1
ENSMUSG00000002265	ENSSSCG00000003326	ortholog_one2one	1
ENSMUSG00000042377	ENSSSCG00000018047	ortholog_one2one	1
ENSMUSG00000018427	ENSSSCG00000035400	ortholog_one2one	1
ENSMUSG00000038301	ENSSSCG00000037598	ortholog_one2one	1
ENSMUSG00000033751	ENSSSCG00000034859	ortholog_one2one	1
ENSMUSG00000063145	ENSSSCG00000015931	ortholog_one2one	1
ENSMUSG00000037286	ENSSSCG00000011652	ortholog_one2one	1
ENSMUSG00000020459	ENSSSCG00000008404	ortholog_one2one	1
ENSMUSG00000042870	ENSSSCG00000038943	ortholog_one2one	1
ENSMUSG00000036062	ENSSSCG00000005296	ortholog_one2one	1
ENSMUSG00000030670	ENSSSCG00000013389	ortholog_one2one	1
ENSMUSG00000019826	ENSSSCG00000004411	ortholog_one2one	1
ENSMUSG00000026475	ENSSSCG00000015550	ortholog_one2one	1
ENSMUSG00000030682	ENSSSCG00000027629	ortholog_one2one	1
ENSMUSG00000026490	ENSSSCG00000010862	ortholog_one2one	1
ENSMUSG00000021775	ENSSSCG00000027017	ortholog_one2one	1
ENSMUSG00000041560	ENSSSCG00000022774	ortholog_one2one	1
ENSMUSG00000020163	ENSSSCG00000013436	ortholog_one2one	1
ENSMUSG00000039810	ENSSSCG00000033568	ortholog_one2one	1
ENSMUSG00000033326	ENSSSCG00000026449	ortholog_one2one	1
ENSMUSG00000090206	ENSSSCG00000002809	ortholog_one2one	1
ENSMUSG00000030291	ENSSSCG00000041972	ortholog_one2one	1
ENSMUSG00000048027	ENSSSCG00000014176	ortholog_one2one	1
ENSMUSG00000021994	ENSSSCG00000035859	ortholog_one2one	1
ENSMUSG00000040234	ENSSSCG00000000553	ortholog_one2one	1
ENSMUSG00000069662	ENSSSCG00000037803	ortholog_one2one	1
ENSMUSG00000031446	ENSSSCG00000009556	ortholog_one2one	1
ENSMUSG00000058454	ENSSSCG00000021181	ortholog_one2one	1
ENSMUSG00000037846	ENSSSCG00000039707	ortholog_one2one	1
ENSMUSG00000044072	ENSSSCG00000026559	ortholog_one2one	1
ENSMUSG00000095941	ENSSSCG00000043891	ortholog_one2one	1
ENSMUSG00000034210	ENSSSCG00000003895	ortholog_one2one	1
ENSMUSG00000024181	ENSSSCG00000007984	ortholog_one2one	1
ENSMUSG00000030159	ENSSSCG00000000650	ortholog_one2one	1
ENSMUSG00000024266	ENSSSCG00000034385	ortholog_one2one	1
ENSMUSG00000071506	ENSSSCG00000031799	ortholog_one2one	1
ENSMUSG00000024219	ENSSSCG00000001534	ortholog_one2one	1
ENSMUSG00000029909	ENSSSCG00000029612	ortholog_one2one	1
ENSMUSG00000031518	ENSSSCG00000015767	ortholog_one2one	1
ENSMUSG00000028648	ENSSSCG00000003653	ortholog_one2one	1
ENSMUSG00000033430	ENSSSCG00000002703	ortholog_one2one	1
ENSMUSG00000033706	ENSSSCG00000008305	ortholog_one2one	1
ENSMUSG00000031767	ENSSSCG00000002697	ortholog_one2one	1
ENSMUSG00000028755	ENSSSCG00000021259	ortholog_one2one	1
ENSMUSG00000113949	ENSSSCG00000013446	ortholog_one2one	1
ENSMUSG00000022040	ENSSSCG00000009666	ortholog_one2one	1
ENSMUSG00000027313	ENSSSCG00000038521	ortholog_one2one	1
ENSMUSG00000057530	ENSSSCG00000003513	ortholog_one2one	1
ENSMUSG00000040725	ENSSSCG00000030049	ortholog_one2one	1
ENSMUSG00000038180	ENSSSCG00000007305	ortholog_one2one	1
ENSMUSG00000031551	ENSSSCG00000007007	ortholog_one2one	1
ENSMUSG00000032796	ENSSSCG00000034767	ortholog_one2one	1
ENSMUSG00000031974	ENSSSCG00000010188	ortholog_one2one	1
ENSMUSG00000019987	ENSSSCG00000004195	ortholog_one2one	1
ENSMUSG00000032121	ENSSSCG00000062098	ortholog_one2one	1
ENSMUSG00000038264	ENSSSCG00000023165	ortholog_one2one	1
ENSMUSG00000019863	ENSSSCG00000004374	ortholog_one2one	1
ENSMUSG00000009075	ENSSSCG00000025869	ortholog_one2one	1
ENSMUSG00000001525	ENSSSCG00000001379	ortholog_one2one	1
ENSMUSG00000016386	ENSSSCG00000013327	ortholog_one2one	1
ENSMUSG00000028898	ENSSSCG00000030284	ortholog_one2one	1
ENSMUSG00000006589	ENSSSCG00000002650	ortholog_one2one	1
ENSMUSG00000023830	ENSSSCG00000004044	ortholog_one2one	1
ENSMUSG00000032053	ENSSSCG00000015016	ortholog_one2one	1
ENSMUSG00000032397	ENSSSCG00000004942	ortholog_one2one	1
ENSMUSG00000050556	ENSSSCG00000007462	ortholog_one2one	1
ENSMUSG00000060600	ENSSSCG00000017904	ortholog_one2one	1
ENSMUSG00000023072	ENSSSCG00000025152	ortholog_one2one	1
ENSMUSG00000000792	ENSSSCG00000013890	ortholog_one2one	1
ENSMUSG00000027359	ENSSSCG00000004643	ortholog_one2one	1
ENSMUSG00000040760	ENSSSCG00000032357	ortholog_one2one	1
ENSMUSG00000016503	ENSSSCG00000009305	ortholog_one2one	1
ENSMUSG00000071073	ENSSSCG00000001676	ortholog_one2one	1
ENSMUSG00000094500	ENSSSCG00000033236	ortholog_one2one	1
ENSMUSG00000055912	ENSSSCG00000008233	ortholog_one2one	1
ENSMUSG00000003847	ENSSSCG00000002755	ortholog_one2one	1
ENSMUSG00000039693	ENSSSCG00000055769	ortholog_one2one	1
ENSMUSG00000027489	ENSSSCG00000029626	ortholog_one2one	1
ENSMUSG00000036403	ENSSSCG00000022283	ortholog_one2one	1
ENSMUSG00000034163	ENSSSCG00000000509	ortholog_one2one	1
ENSMUSG00000036858	ENSSSCG00000001650	ortholog_one2one	1
ENSMUSG00000023805	ENSSSCG00000012315	ortholog_one2one	1
ENSMUSG00000042770	ENSSSCG00000040275	ortholog_one2one	1
ENSMUSG00000039137	ENSSSCG00000005490	ortholog_one2one	1
ENSMUSG00000039742	ENSSSCG00000016582	ortholog_one2one	1
ENSMUSG00000046111	ENSSSCG00000014946	ortholog_one2one	1
ENSMUSG00000056367	ENSSSCG00000016426	ortholog_one2one	1
ENSMUSG00000045095	ENSSSCG00000011497	ortholog_one2one	1
ENSMUSG00000028072	ENSSSCG00000006464	ortholog_one2one	1
ENSMUSG00000026568	ENSSSCG00000006304	ortholog_one2one	1
ENSMUSG00000031688	ENSSSCG00000026015	ortholog_one2one	1
ENSMUSG00000036180	ENSSSCG00000013938	ortholog_one2one	1
ENSMUSG00000019837	ENSSSCG00000004393	ortholog_one2one	1
ENSMUSG00000005493	ENSSSCG00000003775	ortholog_one2one	1
ENSMUSG00000033159	ENSSSCG00000016206	ortholog_one2one	1
ENSMUSG00000000197	ENSSSCG00000038949	ortholog_one2one	1
ENSMUSG00000039879	ENSSSCG00000004144	ortholog_one2one	1
ENSMUSG00000027202	ENSSSCG00000004659	ortholog_one2one	1
ENSMUSG00000069539	ENSSSCG00000000877	ortholog_one2one	1
ENSMUSG00000037032	ENSSSCG00000014628	ortholog_one2one	1
ENSMUSG00000034384	ENSSSCG00000006914	ortholog_one2one	1
ENSMUSG00000030062	ENSSSCG00000011612	ortholog_one2one	1
ENSMUSG00000028088	ENSSSCG00000006702	ortholog_one2one	1
ENSMUSG00000045968	ENSSSCG00000063319	ortholog_one2one	1
ENSMUSG00000026630	ENSSSCG00000026587	ortholog_one2one	1
ENSMUSG00000020023	ENSSSCG00000000906	ortholog_one2one	1
ENSMUSG00000016262	ENSSSCG00000026404	ortholog_one2one	1
ENSMUSG00000056055	ENSSSCG00000016301	ortholog_one2one	1
ENSMUSG00000069670	ENSSSCG00000036607	ortholog_one2one	1
ENSMUSG00000048327	ENSSSCG00000008089	ortholog_one2one	1
ENSMUSG00000043131	ENSSSCG00000039221	ortholog_one2one	1
ENSMUSG00000038216	ENSSSCG00000017501	ortholog_one2one	1
ENSMUSG00000027834	ENSSSCG00000011740	ortholog_one2one	1
ENSMUSG00000008999	ENSSSCG00000007501	ortholog_one2one	1
ENSMUSG00000034959	ENSSSCG00000009410	ortholog_one2one	1
ENSMUSG00000007659	ENSSSCG00000035357	ortholog_one2one	1
ENSMUSG00000020181	ENSSSCG00000029249	ortholog_one2one	1
ENSMUSG00000020836	ENSSSCG00000017792	ortholog_one2one	1
ENSMUSG00000039714	ENSSSCG00000001895	ortholog_one2one	1
ENSMUSG00000047098	ENSSSCG00000002003	ortholog_one2one	1
ENSMUSG00000032480	ENSSSCG00000011342	ortholog_one2one	1
ENSMUSG00000035104	ENSSSCG00000035958	ortholog_one2one	1
ENSMUSG00000028005	ENSSSCG00000008870	ortholog_one2one	1
ENSMUSG00000039069	ENSSSCG00000037369	ortholog_one2one	1
ENSMUSG00000028917	ENSSSCG00000003468	ortholog_one2one	1
ENSMUSG00000037499	ENSSSCG00000038614	ortholog_one2one	1
ENSMUSG00000046500	ENSSSCG00000033199	ortholog_one2one	1
ENSMUSG00000020099	ENSSSCG00000010276	ortholog_one2one	1
ENSMUSG00000040896	ENSSSCG00000026680	ortholog_one2one	1
ENSMUSG00000030245	ENSSSCG00000000579	ortholog_one2one	1
ENSMUSG00000029697	ENSSSCG00000031221	ortholog_one2one	1
ENSMUSG00000078784	ENSSSCG00000052227	ortholog_one2one	1
ENSMUSG00000026618	ENSSSCG00000010823	ortholog_one2one	1
ENSMUSG00000059406	ENSSSCG00000028363	ortholog_one2one	1
ENSMUSG00000056476	ENSSSCG00000011714	ortholog_one2one	1
ENSMUSG00000058440	ENSSSCG00000016566	ortholog_one2one	1
ENSMUSG00000020086	ENSSSCG00000031713	ortholog_one2one	1
ENSMUSG00000060904	ENSSSCG00000000870	ortholog_one2one	1
ENSMUSG00000039205	ENSSSCG00000005640	ortholog_one2one	1
ENSMUSG00000020042	ENSSSCG00000000162	ortholog_one2one	1
ENSMUSG00000047507	ENSSSCG00000008029	ortholog_one2one	1
ENSMUSG00000027829	ENSSSCG00000029352	ortholog_one2one	1
ENSMUSG00000066197	ENSSSCG00000007862	ortholog_one2one	1
ENSMUSG00000059146	ENSSSCG00000005106	ortholog_one2one	1
ENSMUSG00000007030	ENSSSCG00000036796	ortholog_one2one	1
ENSMUSG00000031520	ENSSSCG00000015770	ortholog_one2one	1
ENSMUSG00000061780	ENSSSCG00000013418	ortholog_one2one	1
ENSMUSG00000066415	ENSSSCG00000011650	ortholog_one2one	1
ENSMUSG00000031508	ENSSSCG00000033732	ortholog_one2one	1
ENSMUSG00000043923	ENSSSCG00000015102	ortholog_one2one	1
ENSMUSG00000036594	ENSSSCG00000001456	ortholog_one2one	1
ENSMUSG00000004359	ENSSSCG00000000867	ortholog_one2one	1
ENSMUSG00000026213	ENSSSCG00000032964	ortholog_one2one	1
ENSMUSG00000028494	ENSSSCG00000035863	ortholog_one2one	1
ENSMUSG00000060038	ENSSSCG00000013723	ortholog_one2one	1
ENSMUSG00000039254	ENSSSCG00000005716	ortholog_one2one	1
ENSMUSG00000006731	ENSSSCG00000000433	ortholog_one2one	1
ENSMUSG00000027751	ENSSSCG00000009359	ortholog_one2one	1
ENSMUSG00000079557	ENSSSCG00000013601	ortholog_one2one	1
ENSMUSG00000047182	ENSSSCG00000007665	ortholog_one2one	1
ENSMUSG00000040616	ENSSSCG00000021026	ortholog_one2one	1
ENSMUSG00000013629	ENSSSCG00000028978	ortholog_one2one	1
ENSMUSG00000054594	ENSSSCG00000003259	ortholog_one2one	1
ENSMUSG00000059534	ENSSSCG00000024550	ortholog_one2one	1
ENSMUSG00000036879	ENSSSCG00000002844	ortholog_one2one	1
ENSMUSG00000026087	ENSSSCG00000008183	ortholog_one2one	1
ENSMUSG00000025790	ENSSSCG00000002263	ortholog_one2one	1
ENSMUSG00000012126	ENSSSCG00000033546	ortholog_one2one	1
ENSMUSG00000030256	ENSSSCG00000028552	ortholog_one2one	1
ENSMUSG00000001100	ENSSSCG00000028920	ortholog_one2one	1
ENSMUSG00000039048	ENSSSCG00000030017	ortholog_one2one	1
ENSMUSG00000036907	ENSSSCG00000015717	ortholog_one2one	1
ENSMUSG00000039578	ENSSSCG00000022986	ortholog_one2one	1
ENSMUSG00000003662	ENSSSCG00000008130	ortholog_one2one	1
ENSMUSG00000026035	ENSSSCG00000016096	ortholog_one2one	1
ENSMUSG00000035948	ENSSSCG00000000939	ortholog_one2one	1
ENSMUSG00000019578	ENSSSCG00000013510	ortholog_one2one	1
ENSMUSG00000035354	ENSSSCG00000028979	ortholog_one2one	1
ENSMUSG00000045009	ENSSSCG00000011561	ortholog_one2one	1
ENSMUSG00000063275	ENSSSCG00000038007	ortholog_one2one	1
ENSMUSG00000032625	ENSSSCG00000015350	ortholog_one2one	1
ENSMUSG00000018924	ENSSSCG00000017923	ortholog_one2one	1
ENSMUSG00000049721	ENSSSCG00000010009	ortholog_one2one	1
ENSMUSG00000043822	ENSSSCG00000013433	ortholog_one2one	1
ENSMUSG00000040552	ENSSSCG00000023868	ortholog_one2one	1
ENSMUSG00000040627	ENSSSCG00000000667	ortholog_one2one	1
ENSMUSG00000055923	ENSSSCG00000027403	ortholog_one2one	1
ENSMUSG00000020903	ENSSSCG00000034964	ortholog_one2one	1
ENSMUSG00000044676	ENSSSCG00000002738	ortholog_one2one	1
ENSMUSG00000030201	ENSSSCG00000000625	ortholog_one2one	1
ENSMUSG00000031577	ENSSSCG00000015833	ortholog_one2one	1
ENSMUSG00000062859	ENSSSCG00000001535	ortholog_one2one	1
ENSMUSG00000037172	ENSSSCG00000016491	ortholog_one2one	1
ENSMUSG00000070814	ENSSSCG00000003129	ortholog_one2one	1
ENSMUSG00000039759	ENSSSCG00000036876	ortholog_one2one	1
ENSMUSG00000039648	ENSSSCG00000005663	ortholog_one2one	1
ENSMUSG00000005886	ENSSSCG00000006194	ortholog_one2one	1
ENSMUSG00000020697	ENSSSCG00000024770	ortholog_one2one	1
ENSMUSG00000031738	ENSSSCG00000002830	ortholog_one2one	1
ENSMUSG00000029776	ENSSSCG00000016695	ortholog_one2one	1
ENSMUSG00000058833	ENSSSCG00000040666	ortholog_one2one	1
ENSMUSG00000057092	ENSSSCG00000024666	ortholog_one2one	1
ENSMUSG00000029104	ENSSSCG00000008697	ortholog_one2one	1
ENSMUSG00000001155	ENSSSCG00000027926	ortholog_one2one	1
ENSMUSG00000047822	ENSSSCG00000036965	ortholog_one2one	1
ENSMUSG00000050138	ENSSSCG00000062991	ortholog_one2one	1
ENSMUSG00000005470	ENSSSCG00000013772	ortholog_one2one	1
ENSMUSG00000024150	ENSSSCG00000021325	ortholog_one2one	1
ENSMUSG00000031651	ENSSSCG00000032493	ortholog_one2one	1
ENSMUSG00000015766	ENSSSCG00000000600	ortholog_one2one	1
ENSMUSG00000032254	ENSSSCG00000004969	ortholog_one2one	1
ENSMUSG00000031601	ENSSSCG00000006983	ortholog_one2one	1
ENSMUSG00000036647	ENSSSCG00000014608	ortholog_one2one	1
ENSMUSG00000019948	ENSSSCG00000025682	ortholog_one2one	1
ENSMUSG00000047153	ENSSSCG00000001984	ortholog_one2one	1
ENSMUSG00000058743	ENSSSCG00000003135	ortholog_one2one	1
ENSMUSG00000042340	ENSSSCG00000007774	ortholog_one2one	1
ENSMUSG00000109511	ENSSSCG00000040333	ortholog_one2one	1
ENSMUSG00000074802	ENSSSCG00000000874	ortholog_one2one	1
ENSMUSG00000010307	ENSSSCG00000013360	ortholog_one2one	1
ENSMUSG00000049493	ENSSSCG00000011680	ortholog_one2one	1
ENSMUSG00000040276	ENSSSCG00000027053	ortholog_one2one	1
ENSMUSG00000051113	ENSSSCG00000003219	ortholog_one2one	1
ENSMUSG00000040432	ENSSSCG00000020941	ortholog_one2one	1
ENSMUSG00000019977	ENSSSCG00000004169	ortholog_one2one	1
ENSMUSG00000022024	ENSSSCG00000039338	ortholog_one2one	1
ENSMUSG00000038206	ENSSSCG00000009702	ortholog_one2one	1
ENSMUSG00000052889	ENSSSCG00000033674	ortholog_one2one	1
ENSMUSG00000032293	ENSSSCG00000001756	ortholog_one2one	1
ENSMUSG00000029449	ENSSSCG00000009807	ortholog_one2one	1
ENSMUSG00000022179	ENSSSCG00000031452	ortholog_one2one	1
ENSMUSG00000001098	ENSSSCG00000009934	ortholog_one2one	1
ENSMUSG00000025329	ENSSSCG00000003481	ortholog_one2one	1
ENSMUSG00000034088	ENSSSCG00000016379	ortholog_one2one	1
ENSMUSG00000073705	ENSSSCG00000003403	ortholog_one2one	1
ENSMUSG00000022043	ENSSSCG00000033325	ortholog_one2one	1
ENSMUSG00000047193	ENSSSCG00000033937	ortholog_one2one	1
ENSMUSG00000029998	ENSSSCG00000029790	ortholog_one2one	1
ENSMUSG00000005150	ENSSSCG00000013722	ortholog_one2one	1
ENSMUSG00000060152	ENSSSCG00000009912	ortholog_one2one	1
ENSMUSG00000028385	ENSSSCG00000005471	ortholog_one2one	1
ENSMUSG00000003934	ENSSSCG00000017948	ortholog_one2one	1
ENSMUSG00000043913	ENSSSCG00000009842	ortholog_one2one	1
ENSMUSG00000042677	ENSSSCG00000037815	ortholog_one2one	1
ENSMUSG00000018849	ENSSSCG00000035456	ortholog_one2one	1
ENSMUSG00000040738	ENSSSCG00000006096	ortholog_one2one	1
ENSMUSG00000029544	ENSSSCG00000056057	ortholog_one2one	1
ENSMUSG00000006362	ENSSSCG00000002648	ortholog_one2one	1
ENSMUSG00000041328	ENSSSCG00000014901	ortholog_one2one	1
ENSMUSG00000031780	ENSSSCG00000023852	ortholog_one2one	1
ENSMUSG00000031545	ENSSSCG00000007019	ortholog_one2one	1
ENSMUSG00000025439	ENSSSCG00000014881	ortholog_one2one	1
ENSMUSG00000028378	ENSSSCG00000021386	ortholog_one2one	1
ENSMUSG00000062995	ENSSSCG00000015346	ortholog_one2one	1
ENSMUSG00000030560	ENSSSCG00000014924	ortholog_one2one	1
ENSMUSG00000028229	ENSSSCG00000006136	ortholog_one2one	1
ENSMUSG00000031608	ENSSSCG00000009705	ortholog_one2one	1
ENSMUSG00000025496	ENSSSCG00000012851	ortholog_one2one	1
ENSMUSG00000040818	ENSSSCG00000011467	ortholog_one2one	1
ENSMUSG00000003379	ENSSSCG00000033684	ortholog_one2one	1
ENSMUSG00000025582	ENSSSCG00000017144	ortholog_one2one	1
ENSMUSG00000030443	ENSSSCG00000032086	ortholog_one2one	1
ENSMUSG00000041895	ENSSSCG00000017260	ortholog_one2one	1
ENSMUSG00000023914	ENSSSCG00000001724	ortholog_one2one	1
ENSMUSG00000024397	ENSSSCG00000032341	ortholog_one2one	1
ENSMUSG00000057738	ENSSSCG00000005654	ortholog_one2one	1
ENSMUSG00000056608	ENSSSCG00000033591	ortholog_one2one	1
ENSMUSG00000030872	ENSSSCG00000010798	ortholog_one2one	1
ENSMUSG00000028458	ENSSSCG00000005310	ortholog_one2one	1
ENSMUSG00000032312	ENSSSCG00000001900	ortholog_one2one	1
ENSMUSG00000019929	ENSSSCG00000000915	ortholog_one2one	1
ENSMUSG00000050966	ENSSSCG00000003557	ortholog_one2one	1
ENSMUSG00000019579	ENSSSCG00000034898	ortholog_one2one	1
ENSMUSG00000004846	ENSSSCG00000028879	ortholog_one2one	1
ENSMUSG00000011877	ENSSSCG00000017787	ortholog_one2one	1
ENSMUSG00000000708	ENSSSCG00000024621	ortholog_one2one	1
ENSMUSG00000078442	ENSSSCG00000013834	ortholog_one2one	1
ENSMUSG00000058589	ENSSSCG00000022083	ortholog_one2one	1
ENSMUSG00000020220	ENSSSCG00000003438	ortholog_one2one	1
ENSMUSG00000030319	ENSSSCG00000011582	ortholog_one2one	1
ENSMUSG00000036902	ENSSSCG00000026318	ortholog_one2one	1
ENSMUSG00000030718	ENSSSCG00000020856	ortholog_one2one	1
ENSMUSG00000029838	ENSSSCG00000016522	ortholog_one2one	1
ENSMUSG00000033739	ENSSSCG00000001431	ortholog_one2one	1
ENSMUSG00000036438	ENSSSCG00000008433	ortholog_one2one	1
ENSMUSG00000014748	ENSSSCG00000008317	ortholog_one2one	1
ENSMUSG00000002500	ENSSSCG00000032657	ortholog_one2one	1
ENSMUSG00000031519	ENSSSCG00000030395	ortholog_one2one	1
ENSMUSG00000028926	ENSSSCG00000015307	ortholog_one2one	1
ENSMUSG00000020405	ENSSSCG00000017037	ortholog_one2one	1
ENSMUSG00000028845	ENSSSCG00000003633	ortholog_one2one	1
ENSMUSG00000031594	ENSSSCG00000035335	ortholog_one2one	1
ENSMUSG00000032262	ENSSSCG00000028080	ortholog_one2one	1
ENSMUSG00000044795	ENSSSCG00000059632	ortholog_one2one	1
ENSMUSG00000043289	ENSSSCG00000034152	ortholog_one2one	1
ENSMUSG00000031562	ENSSSCG00000015775	ortholog_one2one	1
ENSMUSG00000025161	ENSSSCG00000024018	ortholog_one2one	1
ENSMUSG00000036422	ENSSSCG00000009445	ortholog_one2one	1
ENSMUSG00000050503	ENSSSCG00000038786	ortholog_one2one	1
ENSMUSG00000014158	ENSSSCG00000009929	ortholog_one2one	1
ENSMUSG00000021789	ENSSSCG00000010336	ortholog_one2one	1
ENSMUSG00000003344	ENSSSCG00000013444	ortholog_one2one	1
ENSMUSG00000024194	ENSSSCG00000001512	ortholog_one2one	1
ENSMUSG00000041479	ENSSSCG00000028341	ortholog_one2one	1
ENSMUSG00000031627	ENSSSCG00000015782	ortholog_one2one	1
ENSMUSG00000015970	ENSSSCG00000011456	ortholog_one2one	1
ENSMUSG00000030344	ENSSSCG00000000720	ortholog_one2one	1
ENSMUSG00000089832	ENSSSCG00000033836	ortholog_one2one	1
ENSMUSG00000059456	ENSSSCG00000009664	ortholog_one2one	1
ENSMUSG00000025170	ENSSSCG00000053358	ortholog_one2one	1
ENSMUSG00000029844	ENSSSCG00000016707	ortholog_one2one	1
ENSMUSG00000053004	ENSSSCG00000011576	ortholog_one2one	1
ENSMUSG00000040033	ENSSSCG00000000396	ortholog_one2one	1
ENSMUSG00000058704	ENSSSCG00000008515	ortholog_one2one	1
ENSMUSG00000043279	ENSSSCG00000034347	ortholog_one2one	1
ENSMUSG00000029787	ENSSSCG00000023445	ortholog_one2one	1
ENSMUSG00000029718	ENSSSCG00000027466	ortholog_one2one	1
ENSMUSG00000055675	ENSSSCG00000029796	ortholog_one2one	1
ENSMUSG00000031893	ENSSSCG00000002767	ortholog_one2one	1
ENSMUSG00000069631	ENSSSCG00000017290	ortholog_one2one	1
ENSMUSG00000025584	ENSSSCG00000001810	ortholog_one2one	1
ENSMUSG00000029122	ENSSSCG00000032637	ortholog_one2one	1
ENSMUSG00000029993	ENSSSCG00000025007	ortholog_one2one	1
ENSMUSG00000003208	ENSSSCG00000013499	ortholog_one2one	1
ENSMUSG00000059208	ENSSSCG00000013602	ortholog_one2one	1
ENSMUSG00000062115	ENSSSCG00000038164	ortholog_one2one	1
ENSMUSG00000046447	ENSSSCG00000024009	ortholog_one2one	1
ENSMUSG00000066357	ENSSSCG00000011369	ortholog_one2one	1
ENSMUSG00000028782	ENSSSCG00000003604	ortholog_one2one	1
ENSMUSG00000036091	ENSSSCG00000011402	ortholog_one2one	1
ENSMUSG00000074305	ENSSSCG00000001869	ortholog_one2one	1
ENSMUSG00000034329	ENSSSCG00000021384	ortholog_one2one	1
ENSMUSG00000024118	ENSSSCG00000008055	ortholog_one2one	1
ENSMUSG00000047642	ENSSSCG00000000464	ortholog_one2one	1
ENSMUSG00000002190	ENSSSCG00000026360	ortholog_one2one	1
ENSMUSG00000032116	ENSSSCG00000015214	ortholog_one2one	1
ENSMUSG00000030689	ENSSSCG00000032921	ortholog_one2one	1
ENSMUSG00000039994	ENSSSCG00000000399	ortholog_one2one	1
ENSMUSG00000029790	ENSSSCG00000016556	ortholog_one2one	1
ENSMUSG00000026628	ENSSSCG00000015595	ortholog_one2one	1
ENSMUSG00000047407	ENSSSCG00000024174	ortholog_one2one	1
ENSMUSG00000039354	ENSSSCG00000035501	ortholog_one2one	1
ENSMUSG00000031539	ENSSSCG00000007033	ortholog_one2one	1
ENSMUSG00000034931	ENSSSCG00000017378	ortholog_one2one	1
ENSMUSG00000024074	ENSSSCG00000008504	ortholog_one2one	1
ENSMUSG00000042055	ENSSSCG00000010692	ortholog_one2one	1
ENSMUSG00000045636	ENSSSCG00000040013	ortholog_one2one	1
ENSMUSG00000034648	ENSSSCG00000023806	ortholog_one2one	1
ENSMUSG00000040250	ENSSSCG00000030443	ortholog_one2one	1
ENSMUSG00000035279	ENSSSCG00000037450	ortholog_one2one	1
ENSMUSG00000017195	ENSSSCG00000017493	ortholog_one2one	1
ENSMUSG00000030397	ENSSSCG00000022538	ortholog_one2one	1
ENSMUSG00000073423	ENSSSCG00000024810	ortholog_one2one	1
ENSMUSG00000037415	ENSSSCG00000021803	ortholog_one2one	1
ENSMUSG00000002658	ENSSSCG00000013539	ortholog_one2one	1
ENSMUSG00000042207	ENSSSCG00000010928	ortholog_one2one	1
ENSMUSG00000053768	ENSSSCG00000016545	ortholog_one2one	1
ENSMUSG00000006599	ENSSSCG00000013367	ortholog_one2one	1
ENSMUSG00000048371	ENSSSCG00000036067	ortholog_one2one	1
ENSMUSG00000015016	ENSSSCG00000023866	ortholog_one2one	1
ENSMUSG00000018387	ENSSSCG00000014287	ortholog_one2one	1
ENSMUSG00000036473	ENSSSCG00000027098	ortholog_one2one	1
ENSMUSG00000005355	ENSSSCG00000013835	ortholog_one2one	1
ENSMUSG00000020829	ENSSSCG00000023478	ortholog_one2one	1
ENSMUSG00000007989	ENSSSCG00000009679	ortholog_one2one	1
ENSMUSG00000036437	ENSSSCG00000008888	ortholog_one2one	1
ENSMUSG00000019878	ENSSSCG00000004238	ortholog_one2one	1
ENSMUSG00000034570	ENSSSCG00000030345	ortholog_one2one	1
ENSMUSG00000032310	ENSSSCG00000001901	ortholog_one2one	1
ENSMUSG00000022131	ENSSSCG00000009492	ortholog_one2one	1
ENSMUSG00000031511	ENSSSCG00000009551	ortholog_one2one	1
ENSMUSG00000013091	ENSSSCG00000052569	ortholog_one2one	1
ENSMUSG00000010066	ENSSSCG00000011412	ortholog_one2one	1
ENSMUSG00000030930	ENSSSCG00000029482	ortholog_one2one	1
ENSMUSG00000034958	ENSSSCG00000026754	ortholog_one2one	1
ENSMUSG00000023988	ENSSSCG00000026752	ortholog_one2one	1
ENSMUSG00000002831	ENSSSCG00000013512	ortholog_one2one	1
ENSMUSG00000074361	ENSSSCG00000003113	ortholog_one2one	1
ENSMUSG00000034714	ENSSSCG00000017238	ortholog_one2one	1
ENSMUSG00000022160	ENSSSCG00000024445	ortholog_one2one	1
ENSMUSG00000030983	ENSSSCG00000010743	ortholog_one2one	1
ENSMUSG00000023992	ENSSSCG00000039270	ortholog_one2one	1
ENSMUSG00000020051	ENSSSCG00000000856	ortholog_one2one	1
ENSMUSG00000025900	ENSSSCG00000042752	ortholog_one2one	1
ENSMUSG00000030304	ENSSSCG00000000536	ortholog_one2one	1
ENSMUSG00000024247	ENSSSCG00000008468	ortholog_one2one	1
ENSMUSG00000030806	ENSSSCG00000021238	ortholog_one2one	1
ENSMUSG00000026873	ENSSSCG00000005510	ortholog_one2one	1
ENSMUSG00000018733	ENSSSCG00000017713	ortholog_one2one	1
ENSMUSG00000096145	ENSSSCG00000057004	ortholog_one2one	1
ENSMUSG00000042203	ENSSSCG00000001577	ortholog_one2one	1
ENSMUSG00000034226	ENSSSCG00000004758	ortholog_one2one	1
ENSMUSG00000023467	ENSSSCG00000003149	ortholog_one2one	1
ENSMUSG00000032841	ENSSSCG00000013292	ortholog_one2one	1
ENSMUSG00000027744	ENSSSCG00000058949	ortholog_one2one	1
ENSMUSG00000059857	ENSSSCG00000006852	ortholog_one2one	1
ENSMUSG00000021918	ENSSSCG00000011446	ortholog_one2one	1
ENSMUSG00000024063	ENSSSCG00000058057	ortholog_one2one	1
ENSMUSG00000026510	ENSSSCG00000010894	ortholog_one2one	1
ENSMUSG00000039154	ENSSSCG00000013503	ortholog_one2one	1
ENSMUSG00000001552	ENSSSCG00000017428	ortholog_one2one	1
ENSMUSG00000049940	ENSSSCG00000009072	ortholog_one2one	1
ENSMUSG00000027907	ENSSSCG00000006610	ortholog_one2one	1
ENSMUSG00000004591	ENSSSCG00000006927	ortholog_one2one	1
ENSMUSG00000034075	ENSSSCG00000013178	ortholog_one2one	1
ENSMUSG00000041598	ENSSSCG00000017245	ortholog_one2one	1
ENSMUSG00000026304	ENSSSCG00000016328	ortholog_one2one	1
ENSMUSG00000021884	ENSSSCG00000011192	ortholog_one2one	1
ENSMUSG00000036557	ENSSSCG00000063378	ortholog_one2one	1
ENSMUSG00000026289	ENSSSCG00000016300	ortholog_one2one	1
ENSMUSG00000078607	ENSSSCG00000032181	ortholog_one2one	1
ENSMUSG00000046591	ENSSSCG00000040355	ortholog_one2one	1
ENSMUSG00000020149	ENSSSCG00000008359	ortholog_one2one	1
ENSMUSG00000041429	ENSSSCG00000008039	ortholog_one2one	1
ENSMUSG00000026718	ENSSSCG00000011036	ortholog_one2one	1
ENSMUSG00000020701	ENSSSCG00000022987	ortholog_one2one	1
ENSMUSG00000031939	ENSSSCG00000038682	ortholog_one2one	1
ENSMUSG00000038677	ENSSSCG00000001536	ortholog_one2one	1
ENSMUSG00000020530	ENSSSCG00000017688	ortholog_one2one	1
ENSMUSG00000007946	ENSSSCG00000014813	ortholog_one2one	1
ENSMUSG00000014786	ENSSSCG00000002783	ortholog_one2one	1
ENSMUSG00000063511	ENSSSCG00000023792	ortholog_one2one	1
ENSMUSG00000015968	ENSSSCG00000011455	ortholog_one2one	1
ENSMUSG00000042380	ENSSSCG00000053136	ortholog_one2one	1
ENSMUSG00000008601	ENSSSCG00000039186	ortholog_one2one	1
ENSMUSG00000039713	ENSSSCG00000003376	ortholog_one2one	1
ENSMUSG00000048304	ENSSSCG00000011736	ortholog_one2one	1
ENSMUSG00000027528	ENSSSCG00000033728	ortholog_one2one	1
ENSMUSG00000019278	ENSSSCG00000021971	ortholog_one2one	1
ENSMUSG00000024043	ENSSSCG00000021612	ortholog_one2one	1
ENSMUSG00000038712	ENSSSCG00000006642	ortholog_one2one	1
ENSMUSG00000030096	ENSSSCG00000011600	ortholog_one2one	1
ENSMUSG00000103409	ENSSSCG00000011401	ortholog_one2one	1
ENSMUSG00000038781	ENSSSCG00000013506	ortholog_one2one	1
ENSMUSG00000039886	ENSSSCG00000021837	ortholog_one2one	1
ENSMUSG00000048100	ENSSSCG00000020842	ortholog_one2one	1
ENSMUSG00000024042	ENSSSCG00000035037	ortholog_one2one	1
ENSMUSG00000040136	ENSSSCG00000013378	ortholog_one2one	1
ENSMUSG00000027104	ENSSSCG00000038076	ortholog_one2one	1
ENSMUSG00000064068	ENSSSCG00000006523	ortholog_one2one	1
ENSMUSG00000029361	ENSSSCG00000009856	ortholog_one2one	1
ENSMUSG00000051705	ENSSSCG00000025616	ortholog_one2one	1
ENSMUSG00000032952	ENSSSCG00000006762	ortholog_one2one	1
ENSMUSG00000007721	ENSSSCG00000013891	ortholog_one2one	1
ENSMUSG00000025232	ENSSSCG00000001927	ortholog_one2one	1
ENSMUSG00000061577	ENSSSCG00000025503	ortholog_one2one	1
ENSMUSG00000058486	ENSSSCG00000016532	ortholog_one2one	1
ENSMUSG00000043529	ENSSSCG00000006801	ortholog_one2one	1
ENSMUSG00000036810	ENSSSCG00000036005	ortholog_one2one	1
ENSMUSG00000068823	ENSSSCG00000006752	ortholog_one2one	1
ENSMUSG00000028737	ENSSSCG00000024752	ortholog_one2one	1
ENSMUSG00000029587	ENSSSCG00000034517	ortholog_one2one	1
ENSMUSG00000044701	ENSSSCG00000039300	ortholog_one2one	1
ENSMUSG00000061119	ENSSSCG00000014899	ortholog_one2one	1
ENSMUSG00000054474	ENSSSCG00000025106	ortholog_one2one	1
ENSMUSG00000053375	ENSSSCG00000008441	ortholog_one2one	1
ENSMUSG00000015474	ENSSSCG00000001433	ortholog_one2one	1
ENSMUSG00000046556	ENSSSCG00000002808	ortholog_one2one	1
ENSMUSG00000060206	ENSSSCG00000031592	ortholog_one2one	1
ENSMUSG00000019738	ENSSSCG00000039196	ortholog_one2one	1
ENSMUSG00000037159	ENSSSCG00000016489	ortholog_one2one	1
ENSMUSG00000031732	ENSSSCG00000002739	ortholog_one2one	1
ENSMUSG00000028709	ENSSSCG00000003897	ortholog_one2one	1
ENSMUSG00000009376	ENSSSCG00000024351	ortholog_one2one	1
ENSMUSG00000032122	ENSSSCG00000022536	ortholog_one2one	1
ENSMUSG00000019470	ENSSSCG00000013582	ortholog_one2one	1
ENSMUSG00000028813	ENSSSCG00000003623	ortholog_one2one	1
ENSMUSG00000038201	ENSSSCG00000003159	ortholog_one2one	1
ENSMUSG00000063802	ENSSSCG00000003288	ortholog_one2one	1
ENSMUSG00000022090	ENSSSCG00000009625	ortholog_one2one	1
ENSMUSG00000066324	ENSSSCG00000032846	ortholog_one2one	1
ENSMUSG00000014980	ENSSSCG00000031121	ortholog_one2one	1
ENSMUSG00000051590	ENSSSCG00000015696	ortholog_one2one	1
ENSMUSG00000051695	ENSSSCG00000056128	ortholog_one2one	1
ENSMUSG00000021891	ENSSSCG00000011190	ortholog_one2one	1
ENSMUSG00000034255	ENSSSCG00000017328	ortholog_one2one	1
ENSMUSG00000010609	ENSSSCG00000010860	ortholog_one2one	1
ENSMUSG00000049643	ENSSSCG00000027016	ortholog_one2one	1
ENSMUSG00000043587	ENSSSCG00000011670	ortholog_one2one	1
ENSMUSG00000049760	ENSSSCG00000013524	ortholog_one2one	1
ENSMUSG00000030189	ENSSSCG00000000633	ortholog_one2one	1
ENSMUSG00000024036	ENSSSCG00000012087	ortholog_one2one	1
ENSMUSG00000038534	ENSSSCG00000017518	ortholog_one2one	1
ENSMUSG00000028962	ENSSSCG00000021475	ortholog_one2one	1
ENSMUSG00000038457	ENSSSCG00000009564	ortholog_one2one	1
ENSMUSG00000022139	ENSSSCG00000009505	ortholog_one2one	1
ENSMUSG00000026270	ENSSSCG00000037779	ortholog_one2one	1
ENSMUSG00000037103	ENSSSCG00000013763	ortholog_one2one	1
ENSMUSG00000063849	ENSSSCG00000027478	ortholog_one2one	1
ENSMUSG00000033788	ENSSSCG00000008312	ortholog_one2one	1
ENSMUSG00000020524	ENSSSCG00000022569	ortholog_one2one	1
ENSMUSG00000018796	ENSSSCG00000015784	ortholog_one2one	1
ENSMUSG00000005936	ENSSSCG00000001562	ortholog_one2one	1
ENSMUSG00000026589	ENSSSCG00000039332	ortholog_one2one	1
ENSMUSG00000035704	ENSSSCG00000014887	ortholog_one2one	1
ENSMUSG00000028252	ENSSSCG00000004353	ortholog_one2one	1
ENSMUSG00000072258	ENSSSCG00000010833	ortholog_one2one	1
ENSMUSG00000030703	ENSSSCG00000021811	ortholog_one2one	1
ENSMUSG00000050668	ENSSSCG00000008497	ortholog_one2one	1
ENSMUSG00000030708	ENSSSCG00000014832	ortholog_one2one	1
ENSMUSG00000005779	ENSSSCG00000034984	ortholog_one2one	1
ENSMUSG00000019158	ENSSSCG00000003109	ortholog_one2one	1
ENSMUSG00000069094	ENSSSCG00000006218	ortholog_one2one	1
ENSMUSG00000015165	ENSSSCG00000035570	ortholog_one2one	1
ENSMUSG00000062169	ENSSSCG00000035034	ortholog_one2one	1
ENSMUSG00000068039	ENSSSCG00000004048	ortholog_one2one	1
ENSMUSG00000009566	ENSSSCG00000005626	ortholog_one2one	1
ENSMUSG00000032456	ENSSSCG00000031142	ortholog_one2one	1
ENSMUSG00000041730	ENSSSCG00000037404	ortholog_one2one	1
ENSMUSG00000026558	ENSSSCG00000039867	ortholog_one2one	1
ENSMUSG00000021747	ENSSSCG00000011482	ortholog_one2one	1
ENSMUSG00000034723	ENSSSCG00000021353	ortholog_one2one	1
ENSMUSG00000058729	ENSSSCG00000021310	ortholog_one2one	1
ENSMUSG00000034684	ENSSSCG00000011398	ortholog_one2one	1
ENSMUSG00000038580	ENSSSCG00000040951	ortholog_one2one	1
ENSMUSG00000025505	ENSSSCG00000044406	ortholog_one2one	1
ENSMUSG00000000001	ENSSSCG00000006824	ortholog_one2one	1
ENSMUSG00000031799	ENSSSCG00000013849	ortholog_one2one	1
ENSMUSG00000030795	ENSSSCG00000030798	ortholog_one2one	1
ENSMUSG00000003721	ENSSSCG00000036229	ortholog_one2one	1
ENSMUSG00000032411	ENSSSCG00000037647	ortholog_one2one	1
ENSMUSG00000063851	ENSSSCG00000027688	ortholog_one2one	1
ENSMUSG00000022214	ENSSSCG00000002008	ortholog_one2one	1
ENSMUSG00000028729	ENSSSCG00000030177	ortholog_one2one	1
ENSMUSG00000040549	ENSSSCG00000013249	ortholog_one2one	1
ENSMUSG00000014609	ENSSSCG00000017909	ortholog_one2one	1
ENSMUSG00000032717	ENSSSCG00000001620	ortholog_one2one	1
ENSMUSG00000013646	ENSSSCG00000025900	ortholog_one2one	1
ENSMUSG00000036687	ENSSSCG00000007560	ortholog_one2one	1
ENSMUSG00000028469	ENSSSCG00000005322	ortholog_one2one	1
ENSMUSG00000063179	ENSSSCG00000010721	ortholog_one2one	1
ENSMUSG00000091614	ENSSSCG00000001574	ortholog_one2one	1
ENSMUSG00000031706	ENSSSCG00000013764	ortholog_one2one	1
ENSMUSG00000002379	ENSSSCG00000027307	ortholog_one2one	1
ENSMUSG00000025534	ENSSSCG00000007739	ortholog_one2one	1
ENSMUSG00000026259	ENSSSCG00000016295	ortholog_one2one	1
ENSMUSG00000025105	ENSSSCG00000001798	ortholog_one2one	1
ENSMUSG00000040488	ENSSSCG00000033760	ortholog_one2one	1
ENSMUSG00000040771	ENSSSCG00000023366	ortholog_one2one	1
ENSMUSG00000089911	ENSSSCG00000006870	ortholog_one2one	1
ENSMUSG00000017210	ENSSSCG00000029102	ortholog_one2one	1
ENSMUSG00000030172	ENSSSCG00000000755	ortholog_one2one	1
ENSMUSG00000023828	ENSSSCG00000004039	ortholog_one2one	1
ENSMUSG00000063049	ENSSSCG00000024555	ortholog_one2one	1
ENSMUSG00000028134	ENSSSCG00000006879	ortholog_one2one	1
ENSMUSG00000029179	ENSSSCG00000028581	ortholog_one2one	1
ENSMUSG00000037921	ENSSSCG00000009720	ortholog_one2one	1
ENSMUSG00000023067	ENSSSCG00000001565	ortholog_one2one	1
ENSMUSG00000029020	ENSSSCG00000003434	ortholog_one2one	1
ENSMUSG00000040263	ENSSSCG00000002652	ortholog_one2one	1
ENSMUSG00000024429	ENSSSCG00000001372	ortholog_one2one	1
ENSMUSG00000038642	ENSSSCG00000006648	ortholog_one2one	1
ENSMUSG00000028106	ENSSSCG00000030291	ortholog_one2one	1
ENSMUSG00000029250	ENSSSCG00000022955	ortholog_one2one	1
ENSMUSG00000034390	ENSSSCG00000002689	ortholog_one2one	1
ENSMUSG00000027787	ENSSSCG00000022952	ortholog_one2one	1
ENSMUSG00000055322	ENSSSCG00000027669	ortholog_one2one	1
ENSMUSG00000036752	ENSSSCG00000037046	ortholog_one2one	1
ENSMUSG00000027544	ENSSSCG00000007477	ortholog_one2one	1
ENSMUSG00000021852	ENSSSCG00000005068	ortholog_one2one	1
ENSMUSG00000050822	ENSSSCG00000027768	ortholog_one2one	1
ENSMUSG00000045871	ENSSSCG00000009486	ortholog_one2one	1
ENSMUSG00000004568	ENSSSCG00000013568	ortholog_one2one	1
ENSMUSG00000062694	ENSSSCG00000056902	ortholog_one2one	1
ENSMUSG00000021910	ENSSSCG00000011442	ortholog_one2one	1
ENSMUSG00000052955	ENSSSCG00000016688	ortholog_one2one	1
ENSMUSG00000032333	ENSSSCG00000001913	ortholog_one2one	1
ENSMUSG00000028195	ENSSSCG00000006940	ortholog_one2one	1
ENSMUSG00000042684	ENSSSCG00000022292	ortholog_one2one	1
ENSMUSG00000004266	ENSSSCG00000025537	ortholog_one2one	1
ENSMUSG00000038525	ENSSSCG00000028444	ortholog_one2one	1
ENSMUSG00000003534	ENSSSCG00000001382	ortholog_one2one	1
ENSMUSG00000003824	ENSSSCG00000013740	ortholog_one2one	1
ENSMUSG00000049265	ENSSSCG00000008563	ortholog_one2one	1
ENSMUSG00000062762	ENSSSCG00000015213	ortholog_one2one	1
ENSMUSG00000039328	ENSSSCG00000036062	ortholog_one2one	1
ENSMUSG00000062761	ENSSSCG00000008545	ortholog_one2one	1
ENSMUSG00000020898	ENSSSCG00000026818	ortholog_one2one	1
ENSMUSG00000031714	ENSSSCG00000009048	ortholog_one2one	1
ENSMUSG00000026395	ENSSSCG00000010908	ortholog_one2one	1
ENSMUSG00000031529	ENSSSCG00000015851	ortholog_one2one	1
ENSMUSG00000040164	ENSSSCG00000007385	ortholog_one2one	1
ENSMUSG00000068129	ENSSSCG00000007131	ortholog_one2one	1
ENSMUSG00000029407	ENSSSCG00000008971	ortholog_one2one	1
ENSMUSG00000026766	ENSSSCG00000028646	ortholog_one2one	1
ENSMUSG00000040724	ENSSSCG00000037709	ortholog_one2one	1
ENSMUSG00000030158	ENSSSCG00000000651	ortholog_one2one	1
ENSMUSG00000033703	ENSSSCG00000025425	ortholog_one2one	1
ENSMUSG00000000561	ENSSSCG00000006790	ortholog_one2one	1
ENSMUSG00000029828	ENSSSCG00000033313	ortholog_one2one	1
ENSMUSG00000032743	ENSSSCG00000007814	ortholog_one2one	1
ENSMUSG00000074968	ENSSSCG00000013339	ortholog_one2one	1
ENSMUSG00000086596	ENSSSCG00000039358	ortholog_one2one	1
ENSMUSG00000032322	ENSSSCG00000001867	ortholog_one2one	1
ENSMUSG00000001376	ENSSSCG00000022982	ortholog_one2one	1
ENSMUSG00000004451	ENSSSCG00000025455	ortholog_one2one	1
ENSMUSG00000032118	ENSSSCG00000015212	ortholog_one2one	1
ENSMUSG00000027022	ENSSSCG00000015917	ortholog_one2one	1
ENSMUSG00000026394	ENSSSCG00000036270	ortholog_one2one	1
ENSMUSG00000025952	ENSSSCG00000039620	ortholog_one2one	1
ENSMUSG00000022009	ENSSSCG00000009420	ortholog_one2one	1
ENSMUSG00000056211	ENSSSCG00000015692	ortholog_one2one	1
ENSMUSG00000008958	ENSSSCG00000031869	ortholog_one2one	1
ENSMUSG00000019528	ENSSSCG00000011698	ortholog_one2one	1
ENSMUSG00000036560	ENSSSCG00000025126	ortholog_one2one	1
ENSMUSG00000036775	ENSSSCG00000007987	ortholog_one2one	1
ENSMUSG00000005628	ENSSSCG00000006631	ortholog_one2one	1
ENSMUSG00000026668	ENSSSCG00000038864	ortholog_one2one	1
ENSMUSG00000043051	ENSSSCG00000010170	ortholog_one2one	1
ENSMUSG00000027173	ENSSSCG00000042341	ortholog_one2one	1
ENSMUSG00000000216	ENSSSCG00000007836	ortholog_one2one	1
ENSMUSG00000027364	ENSSSCG00000004638	ortholog_one2one	1
ENSMUSG00000098332	ENSSSCG00000059295	ortholog_one2one	1
ENSMUSG00000031990	ENSSSCG00000015256	ortholog_one2one	1
ENSMUSG00000036850	ENSSSCG00000052504	ortholog_one2one	1
ENSMUSG00000025735	ENSSSCG00000007998	ortholog_one2one	1
ENSMUSG00000026047	ENSSSCG00000009532	ortholog_one2one	1
ENSMUSG00000032175	ENSSSCG00000013648	ortholog_one2one	1
ENSMUSG00000028973	ENSSSCG00000027986	ortholog_one2one	1
ENSMUSG00000037234	ENSSSCG00000024486	ortholog_one2one	1
ENSMUSG00000025766	ENSSSCG00000061764	ortholog_one2one	1
ENSMUSG00000029524	ENSSSCG00000009901	ortholog_one2one	1
ENSMUSG00000041578	ENSSSCG00000003124	ortholog_one2one	1
ENSMUSG00000035529	ENSSSCG00000000160	ortholog_one2one	1
ENSMUSG00000035930	ENSSSCG00000002737	ortholog_one2one	1
ENSMUSG00000049717	ENSSSCG00000009540	ortholog_one2one	1
ENSMUSG00000005233	ENSSSCG00000015924	ortholog_one2one	1
ENSMUSG00000025591	ENSSSCG00000008890	ortholog_one2one	1
ENSMUSG00000051048	ENSSSCG00000014840	ortholog_one2one	1
ENSMUSG00000038593	ENSSSCG00000009826	ortholog_one2one	1
ENSMUSG00000000861	ENSSSCG00000008392	ortholog_one2one	1
ENSMUSG00000008604	ENSSSCG00000006500	ortholog_one2one	1
ENSMUSG00000060679	ENSSSCG00000028020	ortholog_one2one	1
ENSMUSG00000031578	ENSSSCG00000036947	ortholog_one2one	1
ENSMUSG00000025138	ENSSSCG00000034695	ortholog_one2one	1
ENSMUSG00000060131	ENSSSCG00000004646	ortholog_one2one	1
ENSMUSG00000041313	ENSSSCG00000029456	ortholog_one2one	1
ENSMUSG00000036112	ENSSSCG00000030608	ortholog_one2one	1
ENSMUSG00000046441	ENSSSCG00000033156	ortholog_one2one	1
ENSMUSG00000047495	ENSSSCG00000015746	ortholog_one2one	1
ENSMUSG00000015957	ENSSSCG00000022347	ortholog_one2one	1
ENSMUSG00000036815	ENSSSCG00000015711	ortholog_one2one	1
ENSMUSG00000032280	ENSSSCG00000004971	ortholog_one2one	1
ENSMUSG00000068742	ENSSSCG00000013270	ortholog_one2one	1
ENSMUSG00000018974	ENSSSCG00000009946	ortholog_one2one	1
ENSMUSG00000025150	ENSSSCG00000031851	ortholog_one2one	1
ENSMUSG00000055319	ENSSSCG00000010690	ortholog_one2one	1
ENSMUSG00000028064	ENSSSCG00000006495	ortholog_one2one	1
ENSMUSG00000036712	ENSSSCG00000040286	ortholog_one2one	1
ENSMUSG00000023170	ENSSSCG00000017940	ortholog_one2one	1
ENSMUSG00000068329	ENSSSCG00000039882	ortholog_one2one	1
ENSMUSG00000074227	ENSSSCG00000002954	ortholog_one2one	1
ENSMUSG00000026694	ENSSSCG00000015483	ortholog_one2one	1
ENSMUSG00000036923	ENSSSCG00000010245	ortholog_one2one	1
ENSMUSG00000034024	ENSSSCG00000000496	ortholog_one2one	1
ENSMUSG00000073557	ENSSSCG00000010925	ortholog_one2one	1
ENSMUSG00000049606	ENSSSCG00000022534	ortholog_one2one	1
ENSMUSG00000030816	ENSSSCG00000007786	ortholog_one2one	1
ENSMUSG00000018442	ENSSSCG00000031530	ortholog_one2one	1
ENSMUSG00000028964	ENSSSCG00000003385	ortholog_one2one	1
ENSMUSG00000029563	ENSSSCG00000016639	ortholog_one2one	1
ENSMUSG00000038085	ENSSSCG00000007313	ortholog_one2one	1
ENSMUSG00000026709	ENSSSCG00000015492	ortholog_one2one	1
ENSMUSG00000094845	ENSSSCG00000017945	ortholog_one2one	1
ENSMUSG00000018599	ENSSSCG00000037151	ortholog_one2one	1
ENSMUSG00000042249	ENSSSCG00000009956	ortholog_one2one	1
ENSMUSG00000075205	ENSSSCG00000005813	ortholog_one2one	1
ENSMUSG00000020231	ENSSSCG00000035657	ortholog_one2one	1
ENSMUSG00000030491	ENSSSCG00000002857	ortholog_one2one	1
ENSMUSG00000028834	ENSSSCG00000027684	ortholog_one2one	1
ENSMUSG00000020758	ENSSSCG00000017204	ortholog_one2one	1
ENSMUSG00000006442	ENSSSCG00000055869	ortholog_one2one	1
ENSMUSG00000032096	ENSSSCG00000030053	ortholog_one2one	1
ENSMUSG00000078716	ENSSSCG00000005325	ortholog_one2one	1
ENSMUSG00000030177	ENSSSCG00000000751	ortholog_one2one	1
ENSMUSG00000027965	ENSSSCG00000006858	ortholog_one2one	1
ENSMUSG00000027133	ENSSSCG00000036960	ortholog_one2one	1
ENSMUSG00000020151	ENSSSCG00000025969	ortholog_one2one	1
ENSMUSG00000032305	ENSSSCG00000029776	ortholog_one2one	1
ENSMUSG00000038670	ENSSSCG00000003218	ortholog_one2one	1
ENSMUSG00000026234	ENSSSCG00000016275	ortholog_one2one	1
ENSMUSG00000004455	ENSSSCG00000009828	ortholog_one2one	1
ENSMUSG00000032657	ENSSSCG00000006521	ortholog_one2one	1
ENSMUSG00000032422	ENSSSCG00000004293	ortholog_one2one	1
ENSMUSG00000026751	ENSSSCG00000005588	ortholog_one2one	1
ENSMUSG00000029616	ENSSSCG00000009888	ortholog_one2one	1
ENSMUSG00000034269	ENSSSCG00000011540	ortholog_one2one	1
ENSMUSG00000036580	ENSSSCG00000024635	ortholog_one2one	1
ENSMUSG00000028801	ENSSSCG00000003541	ortholog_one2one	1
ENSMUSG00000039959	ENSSSCG00000007700	ortholog_one2one	1
ENSMUSG00000060002	ENSSSCG00000000864	ortholog_one2one	1
ENSMUSG00000029048	ENSSSCG00000026626	ortholog_one2one	1
ENSMUSG00000033257	ENSSSCG00000016201	ortholog_one2one	1
ENSMUSG00000042662	ENSSSCG00000056065	ortholog_one2one	1
ENSMUSG00000031924	ENSSSCG00000033944	ortholog_one2one	1
ENSMUSG00000020709	ENSSSCG00000017738	ortholog_one2one	1
ENSMUSG00000050714	ENSSSCG00000032575	ortholog_one2one	1
ENSMUSG00000026339	ENSSSCG00000015714	ortholog_one2one	1
ENSMUSG00000026791	ENSSSCG00000005610	ortholog_one2one	1
ENSMUSG00000042148	ENSSSCG00000018023	ortholog_one2one	1
ENSMUSG00000038564	ENSSSCG00000026367	ortholog_one2one	1
ENSMUSG00000030352	ENSSSCG00000000735	ortholog_one2one	1
ENSMUSG00000027950	ENSSSCG00000006545	ortholog_one2one	1
ENSMUSG00000005950	ENSSSCG00000017868	ortholog_one2one	1
ENSMUSG00000038368	ENSSSCG00000028406	ortholog_one2one	1
ENSMUSG00000053769	ENSSSCG00000020965	ortholog_one2one	1
ENSMUSG00000074238	ENSSSCG00000009128	ortholog_one2one	1
ENSMUSG00000030336	ENSSSCG00000063084	ortholog_one2one	1
ENSMUSG00000034701	ENSSSCG00000016011	ortholog_one2one	1
ENSMUSG00000061414	ENSSSCG00000000732	ortholog_one2one	1
ENSMUSG00000009555	ENSSSCG00000005621	ortholog_one2one	1
ENSMUSG00000040329	ENSSSCG00000006161	ortholog_one2one	1
ENSMUSG00000026204	ENSSSCG00000016218	ortholog_one2one	1
ENSMUSG00000031760	ENSSSCG00000024305	ortholog_one2one	1
ENSMUSG00000027883	ENSSSCG00000021440	ortholog_one2one	1
ENSMUSG00000030048	ENSSSCG00000037028	ortholog_one2one	1
ENSMUSG00000038225	ENSSSCG00000015786	ortholog_one2one	1
ENSMUSG00000019952	ENSSSCG00000000920	ortholog_one2one	1
ENSMUSG00000032184	ENSSSCG00000004629	ortholog_one2one	1
ENSMUSG00000050199	ENSSSCG00000013335	ortholog_one2one	1
ENSMUSG00000030082	ENSSSCG00000011621	ortholog_one2one	1
ENSMUSG00000023277	ENSSSCG00000011435	ortholog_one2one	1
ENSMUSG00000028018	ENSSSCG00000023548	ortholog_one2one	1
ENSMUSG00000025366	ENSSSCG00000000379	ortholog_one2one	1
ENSMUSG00000004948	ENSSSCG00000007691	ortholog_one2one	1
ENSMUSG00000030058	ENSSSCG00000011616	ortholog_one2one	1
ENSMUSG00000041777	ENSSSCG00000027516	ortholog_one2one	1
ENSMUSG00000029528	ENSSSCG00000040546	ortholog_one2one	1
ENSMUSG00000025938	ENSSSCG00000006196	ortholog_one2one	1
ENSMUSG00000068917	ENSSSCG00000006519	ortholog_one2one	1
ENSMUSG00000031870	ENSSSCG00000014977	ortholog_one2one	1
ENSMUSG00000040125	ENSSSCG00000010727	ortholog_one2one	1
ENSMUSG00000026851	ENSSSCG00000030426	ortholog_one2one	1
ENSMUSG00000026463	ENSSSCG00000015273	ortholog_one2one	1
ENSMUSG00000031610	ENSSSCG00000032048	ortholog_one2one	1
ENSMUSG00000034640	ENSSSCG00000027646	ortholog_one2one	1
ENSMUSG00000033249	ENSSSCG00000040125	ortholog_one2one	1
ENSMUSG00000039167	ENSSSCG00000003762	ortholog_one2one	1
ENSMUSG00000066233	ENSSSCG00000031576	ortholog_one2one	1
ENSMUSG00000006310	ENSSSCG00000002908	ortholog_one2one	1
ENSMUSG00000019907	ENSSSCG00000038973	ortholog_one2one	1
ENSMUSG00000042496	ENSSSCG00000015243	ortholog_one2one	1
ENSMUSG00000046694	ENSSSCG00000036755	ortholog_one2one	1
ENSMUSG00000032715	ENSSSCG00000039862	ortholog_one2one	1
ENSMUSG00000005045	ENSSSCG00000003366	ortholog_one2one	1
ENSMUSG00000060913	ENSSSCG00000006216	ortholog_one2one	1
ENSMUSG00000118401	ENSSSCG00000040789	ortholog_one2one	1
ENSMUSG00000036104	ENSSSCG00000015695	ortholog_one2one	1
ENSMUSG00000028013	ENSSSCG00000022788	ortholog_one2one	1
ENSMUSG00000041975	ENSSSCG00000015945	ortholog_one2one	1
ENSMUSG00000066148	ENSSSCG00000024648	ortholog_one2one	1
ENSMUSG00000032816	ENSSSCG00000004931	ortholog_one2one	1
ENSMUSG00000001910	ENSSSCG00000013751	ortholog_one2one	1
ENSMUSG00000089798	ENSSSCG00000042806	ortholog_one2one	1
ENSMUSG00000027886	ENSSSCG00000033292	ortholog_one2one	1
ENSMUSG00000031848	ENSSSCG00000034314	ortholog_one2one	1
ENSMUSG00000054920	ENSSSCG00000008787	ortholog_one2one	1
ENSMUSG00000028863	ENSSSCG00000034611	ortholog_one2one	1
ENSMUSG00000027506	ENSSSCG00000006156	ortholog_one2one	1
ENSMUSG00000013833	ENSSSCG00000013416	ortholog_one2one	1
ENSMUSG00000031654	ENSSSCG00000040652	ortholog_one2one	1
ENSMUSG00000060240	ENSSSCG00000012845	ortholog_one2one	1
ENSMUSG00000000303	ENSSSCG00000025652	ortholog_one2one	1
ENSMUSG00000035298	ENSSSCG00000014854	ortholog_one2one	1
ENSMUSG00000030750	ENSSSCG00000036275	ortholog_one2one	1
ENSMUSG00000031642	ENSSSCG00000009716	ortholog_one2one	1
ENSMUSG00000027162	ENSSSCG00000022806	ortholog_one2one	1
ENSMUSG00000029769	ENSSSCG00000016579	ortholog_one2one	1
ENSMUSG00000039067	ENSSSCG00000032908	ortholog_one2one	1
ENSMUSG00000040734	ENSSSCG00000036542	ortholog_one2one	1
ENSMUSG00000050211	ENSSSCG00000037292	ortholog_one2one	1
ENSMUSG00000025652	ENSSSCG00000011362	ortholog_one2one	1
ENSMUSG00000034839	ENSSSCG00000004974	ortholog_one2one	1
ENSMUSG00000031478	ENSSSCG00000009379	ortholog_one2one	1
ENSMUSG00000046179	ENSSSCG00000013352	ortholog_one2one	1
ENSMUSG00000049555	ENSSSCG00000038857	ortholog_one2one	1
ENSMUSG00000029221	ENSSSCG00000008801	ortholog_one2one	1
ENSMUSG00000051346	ENSSSCG00000028066	ortholog_one2one	1
ENSMUSG00000038957	ENSSSCG00000001903	ortholog_one2one	1
ENSMUSG00000050973	ENSSSCG00000059314	ortholog_one2one	1
ENSMUSG00000026269	ENSSSCG00000016367	ortholog_one2one	1
ENSMUSG00000003545	ENSSSCG00000031616	ortholog_one2one	1
ENSMUSG00000046785	ENSSSCG00000030247	ortholog_one2one	1
ENSMUSG00000058056	ENSSSCG00000029331	ortholog_one2one	1
ENSMUSG00000032470	ENSSSCG00000027443	ortholog_one2one	1
ENSMUSG00000029064	ENSSSCG00000021890	ortholog_one2one	1
ENSMUSG00000002968	ENSSSCG00000003197	ortholog_one2one	1
ENSMUSG00000048109	ENSSSCG00000006809	ortholog_one2one	1
ENSMUSG00000027778	ENSSSCG00000011733	ortholog_one2one	1
ENSMUSG00000067001	ENSSSCG00000004891	ortholog_one2one	1
ENSMUSG00000049556	ENSSSCG00000001872	ortholog_one2one	1
ENSMUSG00000016179	ENSSSCG00000015619	ortholog_one2one	1
ENSMUSG00000068040	ENSSSCG00000007246	ortholog_one2one	1
ENSMUSG00000032530	ENSSSCG00000011279	ortholog_one2one	1
ENSMUSG00000038145	ENSSSCG00000011295	ortholog_one2one	1
ENSMUSG00000026389	ENSSSCG00000029304	ortholog_one2one	1
ENSMUSG00000037035	ENSSSCG00000038610	ortholog_one2one	1
ENSMUSG00000004894	ENSSSCG00000006478	ortholog_one2one	1
ENSMUSG00000031766	ENSSSCG00000032643	ortholog_one2one	1
ENSMUSG00000026029	ENSSSCG00000028157	ortholog_one2one	1
ENSMUSG00000074604	ENSSSCG00000031736	ortholog_one2one	1
ENSMUSG00000039047	ENSSSCG00000038329	ortholog_one2one	1
ENSMUSG00000038034	ENSSSCG00000006392	ortholog_one2one	1
ENSMUSG00000026674	ENSSSCG00000006338	ortholog_one2one	1
ENSMUSG00000005465	ENSSSCG00000013766	ortholog_one2one	1
ENSMUSG00000060985	ENSSSCG00000015527	ortholog_one2one	1
ENSMUSG00000031951	ENSSSCG00000002708	ortholog_one2one	1
ENSMUSG00000026837	ENSSSCG00000005751	ortholog_one2one	1
ENSMUSG00000039831	ENSSSCG00000006889	ortholog_one2one	1
ENSMUSG00000026360	ENSSSCG00000037241	ortholog_one2one	1
ENSMUSG00000031521	ENSSSCG00000015772	ortholog_one2one	1
ENSMUSG00000029193	ENSSSCG00000061661	ortholog_one2one	1
ENSMUSG00000056763	ENSSSCG00000006202	ortholog_one2one	1
ENSMUSG00000079659	ENSSSCG00000025326	ortholog_one2one	1
ENSMUSG00000032959	ENSSSCG00000009851	ortholog_one2one	1
ENSMUSG00000032006	ENSSSCG00000014994	ortholog_one2one	1
ENSMUSG00000029607	ENSSSCG00000007593	ortholog_one2one	1
ENSMUSG00000054256	ENSSSCG00000029365	ortholog_one2one	1
ENSMUSG00000051495	ENSSSCG00000038132	ortholog_one2one	1
ENSMUSG00000001062	ENSSSCG00000022310	ortholog_one2one	1
ENSMUSG00000050373	ENSSSCG00000007425	ortholog_one2one	1
ENSMUSG00000027386	ENSSSCG00000008101	ortholog_one2one	1
ENSMUSG00000032387	ENSSSCG00000004549	ortholog_one2one	1
ENSMUSG00000036928	ENSSSCG00000007650	ortholog_one2one	1
ENSMUSG00000028126	ENSSSCG00000030547	ortholog_one2one	1
ENSMUSG00000023330	ENSSSCG00000004647	ortholog_one2one	1
ENSMUSG00000028453	ENSSSCG00000034874	ortholog_one2one	1
ENSMUSG00000032864	ENSSSCG00000034285	ortholog_one2one	1
ENSMUSG00000033491	ENSSSCG00000004452	ortholog_one2one	1
ENSMUSG00000030598	ENSSSCG00000038805	ortholog_one2one	1
ENSMUSG00000046186	ENSSSCG00000004485	ortholog_one2one	1
ENSMUSG00000109865	ENSSSCG00000011051	ortholog_one2one	1
ENSMUSG00000002984	ENSSSCG00000003089	ortholog_one2one	1
ENSMUSG00000027956	ENSSSCG00000008874	ortholog_one2one	1
ENSMUSG00000066687	ENSSSCG00000030095	ortholog_one2one	1
ENSMUSG00000010825	ENSSSCG00000037070	ortholog_one2one	1
ENSMUSG00000078773	ENSSSCG00000024290	ortholog_one2one	1
ENSMUSG00000032094	ENSSSCG00000015093	ortholog_one2one	1
ENSMUSG00000059119	ENSSSCG00000012856	ortholog_one2one	1
ENSMUSG00000032440	ENSSSCG00000011226	ortholog_one2one	1
ENSMUSG00000036817	ENSSSCG00000007544	ortholog_one2one	1
ENSMUSG00000037531	ENSSSCG00000011763	ortholog_one2one	1
ENSMUSG00000031698	ENSSSCG00000036874	ortholog_one2one	1
ENSMUSG00000005804	ENSSSCG00000037384	ortholog_one2one	1
ENSMUSG00000028318	ENSSSCG00000005347	ortholog_one2one	1
ENSMUSG00000032041	ENSSSCG00000022413	ortholog_one2one	1
ENSMUSG00000075376	ENSSSCG00000005575	ortholog_one2one	1
ENSMUSG00000038612	ENSSSCG00000039314	ortholog_one2one	1
ENSMUSG00000041075	ENSSSCG00000016111	ortholog_one2one	1
ENSMUSG00000073633	ENSSSCG00000016259	ortholog_one2one	1
ENSMUSG00000028036	ENSSSCG00000039548	ortholog_one2one	1
ENSMUSG00000032487	ENSSSCG00000015579	ortholog_one2one	1
ENSMUSG00000053310	ENSSSCG00000039322	ortholog_one2one	1
ENSMUSG00000078521	ENSSSCG00000003552	ortholog_one2one	1
ENSMUSG00000001420	ENSSSCG00000006489	ortholog_one2one	1
ENSMUSG00000041161	ENSSSCG00000039652	ortholog_one2one	1
ENSMUSG00000026421	ENSSSCG00000020976	ortholog_one2one	1
ENSMUSG00000041220	ENSSSCG00000036236	ortholog_one2one	1
ENSMUSG00000028718	ENSSSCG00000003888	ortholog_one2one	1
ENSMUSG00000045503	ENSSSCG00000007395	ortholog_one2one	1
ENSMUSG00000026341	ENSSSCG00000015710	ortholog_one2one	1
ENSMUSG00000031667	ENSSSCG00000026181	ortholog_one2one	1
ENSMUSG00000027702	ENSSSCG00000024714	ortholog_one2one	1
ENSMUSG00000034154	ENSSSCG00000004753	ortholog_one2one	1
ENSMUSG00000042228	ENSSSCG00000006250	ortholog_one2one	1
ENSMUSG00000036334	ENSSSCG00000011717	ortholog_one2one	1
ENSMUSG00000027932	ENSSSCG00000006569	ortholog_one2one	1
ENSMUSG00000037143	ENSSSCG00000038858	ortholog_one2one	1
ENSMUSG00000027942	ENSSSCG00000006554	ortholog_one2one	1
ENSMUSG00000009905	ENSSSCG00000025744	ortholog_one2one	1
ENSMUSG00000028222	ENSSSCG00000006125	ortholog_one2one	1
ENSMUSG00000041966	ENSSSCG00000015947	ortholog_one2one	1
ENSMUSG00000001014	ENSSSCG00000013654	ortholog_one2one	1
ENSMUSG00000015656	ENSSSCG00000015140	ortholog_one2one	1
ENSMUSG00000034066	ENSSSCG00000016368	ortholog_one2one	1
ENSMUSG00000030538	ENSSSCG00000001858	ortholog_one2one	1
ENSMUSG00000028797	ENSSSCG00000037312	ortholog_one2one	1
ENSMUSG00000043230	ENSSSCG00000021852	ortholog_one2one	1
ENSMUSG00000026116	ENSSSCG00000008192	ortholog_one2one	1
ENSMUSG00000031791	ENSSSCG00000013864	ortholog_one2one	1
ENSMUSG00000042606	ENSSSCG00000030122	ortholog_one2one	1
ENSMUSG00000060376	ENSSSCG00000028794	ortholog_one2one	1
ENSMUSG00000032295	ENSSSCG00000001881	ortholog_one2one	1
ENSMUSG00000063439	ENSSSCG00000003013	ortholog_one2one	1
ENSMUSG00000074607	ENSSSCG00000022202	ortholog_one2one	1
ENSMUSG00000070691	ENSSSCG00000032686	ortholog_one2one	1
ENSMUSG00000069920	ENSSSCG00000040139	ortholog_one2one	1
ENSMUSG00000066306	ENSSSCG00000014802	ortholog_one2one	1
ENSMUSG00000006585	ENSSSCG00000002651	ortholog_one2one	1
ENSMUSG00000028329	ENSSSCG00000005368	ortholog_one2one	1
ENSMUSG00000025962	ENSSSCG00000016134	ortholog_one2one	1
ENSMUSG00000038485	ENSSSCG00000018057	ortholog_one2one	1
ENSMUSG00000007880	ENSSSCG00000003559	ortholog_one2one	1
ENSMUSG00000005699	ENSSSCG00000034863	ortholog_one2one	1
ENSMUSG00000020388	ENSSSCG00000014274	ortholog_one2one	1
ENSMUSG00000036202	ENSSSCG00000016395	ortholog_one2one	1
ENSMUSG00000031574	ENSSSCG00000034942	ortholog_one2one	1
ENSMUSG00000038057	ENSSSCG00000063547	ortholog_one2one	1
ENSMUSG00000072582	ENSSSCG00000017667	ortholog_one2one	1
ENSMUSG00000017718	ENSSSCG00000033636	ortholog_one2one	1
ENSMUSG00000050711	ENSSSCG00000023032	ortholog_one2one	1
ENSMUSG00000026532	ENSSSCG00000006431	ortholog_one2one	1
ENSMUSG00000028803	ENSSSCG00000003543	ortholog_one2one	1
ENSMUSG00000074491	ENSSSCG00000039007	ortholog_one2one	1
ENSMUSG00000094091	ENSSSCG00000017556	ortholog_one2one	1
ENSMUSG00000020116	ENSSSCG00000008352	ortholog_one2one	1
ENSMUSG00000026078	ENSSSCG00000033885	ortholog_one2one	1
ENSMUSG00000038508	ENSSSCG00000034260	ortholog_one2one	1
ENSMUSG00000025511	ENSSSCG00000012838	ortholog_one2one	1
ENSMUSG00000043068	ENSSSCG00000038765	ortholog_one2one	1
ENSMUSG00000091490	ENSSSCG00000006997	ortholog_one2one	1
ENSMUSG00000056598	ENSSSCG00000037557	ortholog_one2one	1
ENSMUSG00000036975	ENSSSCG00000015742	ortholog_one2one	1
ENSMUSG00000040728	ENSSSCG00000006099	ortholog_one2one	1
ENSMUSG00000025931	ENSSSCG00000001750	ortholog_one2one	1
ENSMUSG00000036766	ENSSSCG00000016258	ortholog_one2one	1
ENSMUSG00000031749	ENSSSCG00000061257	ortholog_one2one	1
ENSMUSG00000028796	ENSSSCG00000025344	ortholog_one2one	1
ENSMUSG00000038255	ENSSSCG00000033583	ortholog_one2one	1
ENSMUSG00000031617	ENSSSCG00000030044	ortholog_one2one	1
ENSMUSG00000036770	ENSSSCG00000005847	ortholog_one2one	1
ENSMUSG00000013158	ENSSSCG00000021711	ortholog_one2one	1
ENSMUSG00000014602	ENSSSCG00000016401	ortholog_one2one	1
ENSMUSG00000006920	ENSSSCG00000017382	ortholog_one2one	1
ENSMUSG00000034911	ENSSSCG00000036575	ortholog_one2one	1
ENSMUSG00000028211	ENSSSCG00000034321	ortholog_one2one	1
ENSMUSG00000028885	ENSSSCG00000003582	ortholog_one2one	1
ENSMUSG00000028684	ENSSSCG00000003922	ortholog_one2one	1
ENSMUSG00000001672	ENSSSCG00000002734	ortholog_one2one	1
ENSMUSG00000055435	ENSSSCG00000040607	ortholog_one2one	1
ENSMUSG00000031788	ENSSSCG00000002812	ortholog_one2one	1
ENSMUSG00000035275	ENSSSCG00000025672	ortholog_one2one	1
ENSMUSG00000075415	ENSSSCG00000005689	ortholog_one2one	1
ENSMUSG00000028540	ENSSSCG00000036620	ortholog_one2one	1
ENSMUSG00000070436	ENSSSCG00000039468	ortholog_one2one	1
ENSMUSG00000022245	ENSSSCG00000004956	ortholog_one2one	1
ENSMUSG00000066191	ENSSSCG00000005378	ortholog_one2one	1
ENSMUSG00000032540	ENSSSCG00000011297	ortholog_one2one	1
ENSMUSG00000030822	ENSSSCG00000007790	ortholog_one2one	1
ENSMUSG00000033392	ENSSSCG00000011236	ortholog_one2one	1
ENSMUSG00000040423	ENSSSCG00000015498	ortholog_one2one	1
ENSMUSG00000030417	ENSSSCG00000002860	ortholog_one2one	1
ENSMUSG00000032640	ENSSSCG00000004825	ortholog_one2one	1
ENSMUSG00000003123	ENSSSCG00000003018	ortholog_one2one	1
ENSMUSG00000026479	ENSSSCG00000015556	ortholog_one2one	1
ENSMUSG00000000409	ENSSSCG00000003608	ortholog_one2one	1
ENSMUSG00000042105	ENSSSCG00000010687	ortholog_one2one	1
ENSMUSG00000026585	ENSSSCG00000006282	ortholog_one2one	1
ENSMUSG00000036940	ENSSSCG00000003531	ortholog_one2one	1
ENSMUSG00000042444	ENSSSCG00000024131	ortholog_one2one	1
ENSMUSG00000042423	ENSSSCG00000025794	ortholog_one2one	1
ENSMUSG00000018411	ENSSSCG00000017311	ortholog_one2one	1
ENSMUSG00000144223	ENSSSCG00000025164	ortholog_one2one	1
ENSMUSG00000002771	ENSSSCG00000003133	ortholog_one2one	1
ENSMUSG00000032313	ENSSSCG00000001863	ortholog_one2one	1
ENSMUSG00000078611	ENSSSCG00000014634	ortholog_one2one	1
ENSMUSG00000051007	ENSSSCG00000012846	ortholog_one2one	1
ENSMUSG00000049439	ENSSSCG00000055761	ortholog_one2one	1
ENSMUSG00000031931	ENSSSCG00000014956	ortholog_one2one	1
ENSMUSG00000035551	ENSSSCG00000005360	ortholog_one2one	1
ENSMUSG00000036943	ENSSSCG00000026571	ortholog_one2one	1
ENSMUSG00000028578	ENSSSCG00000053029	ortholog_one2one	1
ENSMUSG00000029711	ENSSSCG00000007673	ortholog_one2one	1
ENSMUSG00000008193	ENSSSCG00000034211	ortholog_one2one	1
ENSMUSG00000048429	ENSSSCG00000013635	ortholog_one2one	1
ENSMUSG00000032340	ENSSSCG00000001921	ortholog_one2one	1
ENSMUSG00000073910	ENSSSCG00000038811	ortholog_one2one	1
ENSMUSG00000025489	ENSSSCG00000040278	ortholog_one2one	1
ENSMUSG00000030739	ENSSSCG00000027407	ortholog_one2one	1
ENSMUSG00000026407	ENSSSCG00000024784	ortholog_one2one	1
ENSMUSG00000028496	ENSSSCG00000005166	ortholog_one2one	1
ENSMUSG00000039747	ENSSSCG00000023912	ortholog_one2one	1
ENSMUSG00000028599	ENSSSCG00000022208	ortholog_one2one	1
ENSMUSG00000017760	ENSSSCG00000007431	ortholog_one2one	1
ENSMUSG00000066900	ENSSSCG00000009849	ortholog_one2one	1
ENSMUSG00000028405	ENSSSCG00000023807	ortholog_one2one	1
ENSMUSG00000014470	ENSSSCG00000034455	ortholog_one2one	1
ENSMUSG00000029287	ENSSSCG00000006911	ortholog_one2one	1
ENSMUSG00000032803	ENSSSCG00000027294	ortholog_one2one	1
ENSMUSG00000014859	ENSSSCG00000002787	ortholog_one2one	1
ENSMUSG00000074582	ENSSSCG00000007460	ortholog_one2one	1
ENSMUSG00000030507	ENSSSCG00000013350	ortholog_one2one	1
ENSMUSG00000070564	ENSSSCG00000003146	ortholog_one2one	1
ENSMUSG00000044017	ENSSSCG00000009745	ortholog_one2one	1
ENSMUSG00000049600	ENSSSCG00000035664	ortholog_one2one	1
ENSMUSG00000038515	ENSSSCG00000009554	ortholog_one2one	1
ENSMUSG00000035683	ENSSSCG00000005344	ortholog_one2one	1
ENSMUSG00000030530	ENSSSCG00000001817	ortholog_one2one	1
ENSMUSG00000006641	ENSSSCG00000008550	ortholog_one2one	1
ENSMUSG00000031700	ENSSSCG00000002847	ortholog_one2one	1
ENSMUSG00000026815	ENSSSCG00000005737	ortholog_one2one	1
ENSMUSG00000044916	ENSSSCG00000056689	ortholog_one2one	1
ENSMUSG00000074218	ENSSSCG00000037792	ortholog_one2one	1
ENSMUSG00000004508	ENSSSCG00000014891	ortholog_one2one	1
ENSMUSG00000059842	ENSSSCG00000021769	ortholog_one2one	1
ENSMUSG00000058587	ENSSSCG00000004626	ortholog_one2one	1
ENSMUSG00000050390	ENSSSCG00000037621	ortholog_one2one	1
ENSMUSG00000089847	ENSSSCG00000037299	ortholog_one2one	1
ENSMUSG00000037622	ENSSSCG00000003570	ortholog_one2one	1
ENSMUSG00000046541	ENSSSCG00000028054	ortholog_one2one	1
ENSMUSG00000020876	ENSSSCG00000017528	ortholog_one2one	1
ENSMUSG00000041124	ENSSSCG00000026833	ortholog_one2one	1
ENSMUSG00000030805	ENSSSCG00000007768	ortholog_one2one	1
ENSMUSG00000033453	ENSSSCG00000015250	ortholog_one2one	1
ENSMUSG00000031823	ENSSSCG00000002667	ortholog_one2one	1
ENSMUSG00000031993	ENSSSCG00000015252	ortholog_one2one	1
ENSMUSG00000038780	ENSSSCG00000030153	ortholog_one2one	1
ENSMUSG00000026584	ENSSSCG00000006283	ortholog_one2one	1
ENSMUSG00000005611	ENSSSCG00000020720	ortholog_one2one	1
ENSMUSG00000031785	ENSSSCG00000002815	ortholog_one2one	1
ENSMUSG00000047220	ENSSSCG00000011376	ortholog_one2one	1
ENSMUSG00000005198	ENSSSCG00000028278	ortholog_one2one	1
ENSMUSG00000030722	ENSSSCG00000007808	ortholog_one2one	1
ENSMUSG00000032468	ENSSSCG00000036610	ortholog_one2one	1
ENSMUSG00000042359	ENSSSCG00000023133	ortholog_one2one	1
ENSMUSG00000028681	ENSSSCG00000031977	ortholog_one2one	1
ENSMUSG00000019254	ENSSSCG00000027189	ortholog_one2one	1
ENSMUSG00000028274	ENSSSCG00000004311	ortholog_one2one	1
ENSMUSG00000017747	ENSSSCG00000017407	ortholog_one2one	1
ENSMUSG00000029464	ENSSSCG00000009820	ortholog_one2one	1
ENSMUSG00000040594	ENSSSCG00000017000	ortholog_one2one	1
ENSMUSG00000038007	ENSSSCG00000034213	ortholog_one2one	1
ENSMUSG00000029247	ENSSSCG00000008901	ortholog_one2one	1
ENSMUSG00000028322	ENSSSCG00000005355	ortholog_one2one	1
ENSMUSG00000028278	ENSSSCG00000004318	ortholog_one2one	1
ENSMUSG00000084845	ENSSSCG00000038530	ortholog_one2one	1
ENSMUSG00000026000	ENSSSCG00000016158	ortholog_one2one	1
ENSMUSG00000031775	ENSSSCG00000002818	ortholog_one2one	1
ENSMUSG00000028259	ENSSSCG00000004340	ortholog_one2one	1
ENSMUSG00000047747	ENSSSCG00000009053	ortholog_one2one	1
ENSMUSG00000018405	ENSSSCG00000017690	ortholog_one2one	1
ENSMUSG00000048772	ENSSSCG00000027423	ortholog_one2one	1
ENSMUSG00000031489	ENSSSCG00000015821	ortholog_one2one	1
ENSMUSG00000014243	ENSSSCG00000036482	ortholog_one2one	1
ENSMUSG00000039813	ENSSSCG00000005376	ortholog_one2one	1
ENSMUSG00000049734	ENSSSCG00000011358	ortholog_one2one	1
ENSMUSG00000039372	ENSSSCG00000016176	ortholog_one2one	1
ENSMUSG00000037112	ENSSSCG00000032941	ortholog_one2one	1
ENSMUSG00000026499	ENSSSCG00000024180	ortholog_one2one	1
ENSMUSG00000028646	ENSSSCG00000003648	ortholog_one2one	1
ENSMUSG00000052949	ENSSSCG00000017186	ortholog_one2one	1
ENSMUSG00000026229	ENSSSCG00000016272	ortholog_one2one	1
ENSMUSG00000031919	ENSSSCG00000002761	ortholog_one2one	1
ENSMUSG00000034829	ENSSSCG00000040328	ortholog_one2one	1
ENSMUSG00000030838	ENSSSCG00000013377	ortholog_one2one	1
ENSMUSG00000037674	ENSSSCG00000004603	ortholog_one2one	1
ENSMUSG00000001604	ENSSSCG00000032674	ortholog_one2one	1
ENSMUSG00000029646	ENSSSCG00000009317	ortholog_one2one	1
ENSMUSG00000036285	ENSSSCG00000025792	ortholog_one2one	1
ENSMUSG00000042254	ENSSSCG00000004928	ortholog_one2one	1
ENSMUSG00000005057	ENSSSCG00000007682	ortholog_one2one	1
ENSMUSG00000025892	ENSSSCG00000030565	ortholog_one2one	1
ENSMUSG00000005413	ENSSSCG00000039745	ortholog_one2one	1
ENSMUSG00000038497	ENSSSCG00000009563	ortholog_one2one	1
ENSMUSG00000035692	ENSSSCG00000040575	ortholog_one2one	1
ENSMUSG00000010517	ENSSSCG00000003877	ortholog_one2one	1
ENSMUSG00000040434	ENSSSCG00000013266	ortholog_one2one	1
ENSMUSG00000029015	ENSSSCG00000015425	ortholog_one2one	1
ENSMUSG00000026142	ENSSSCG00000016243	ortholog_one2one	1
ENSMUSG00000003581	ENSSSCG00000010005	ortholog_one2one	1
ENSMUSG00000032056	ENSSSCG00000015020	ortholog_one2one	1
ENSMUSG00000050555	ENSSSCG00000024913	ortholog_one2one	1
ENSMUSG00000034990	ENSSSCG00000007838	ortholog_one2one	1
ENSMUSG00000039178	ENSSSCG00000008761	ortholog_one2one	1
ENSMUSG00000086277	ENSSSCG00000031550	ortholog_one2one	1
ENSMUSG00000026279	ENSSSCG00000016374	ortholog_one2one	1
ENSMUSG00000020431	ENSSSCG00000016726	ortholog_one2one	1
ENSMUSG00000032357	ENSSSCG00000001484	ortholog_one2one	1
ENSMUSG00000043015	ENSSSCG00000016053	ortholog_one2one	1
ENSMUSG00000032278	ENSSSCG00000004968	ortholog_one2one	1
ENSMUSG00000057914	ENSSSCG00000011040	ortholog_one2one	1
ENSMUSG00000020888	ENSSSCG00000025689	ortholog_one2one	1
ENSMUSG00000046836	ENSSSCG00000010836	ortholog_one2one	1
ENSMUSG00000030935	ENSSSCG00000007857	ortholog_one2one	1
ENSMUSG00000079592	ENSSSCG00000054880	ortholog_one2one	1
ENSMUSG00000046707	ENSSSCG00000002804	ortholog_one2one	1
ENSMUSG00000003402	ENSSSCG00000013627	ortholog_one2one	1
ENSMUSG00000040599	ENSSSCG00000034958	ortholog_one2one	1
ENSMUSG00000047250	ENSSSCG00000005533	ortholog_one2one	1
ENSMUSG00000003037	ENSSSCG00000013848	ortholog_one2one	1
ENSMUSG00000020844	ENSSSCG00000028720	ortholog_one2one	1
ENSMUSG00000001039	ENSSSCG00000039681	ortholog_one2one	1
ENSMUSG00000043059	ENSSSCG00000038626	ortholog_one2one	1
ENSMUSG00000056155	ENSSSCG00000013759	ortholog_one2one	1
ENSMUSG00000031715	ENSSSCG00000009047	ortholog_one2one	1
ENSMUSG00000028444	ENSSSCG00000010974	ortholog_one2one	1
ENSMUSG00000047881	ENSSSCG00000008772	ortholog_one2one	1
ENSMUSG00000002731	ENSSSCG00000038254	ortholog_one2one	1
ENSMUSG00000054676	ENSSSCG00000032153	ortholog_one2one	1
ENSMUSG00000046756	ENSSSCG00000035134	ortholog_one2one	1
ENSMUSG00000023391	ENSSSCG00000015954	ortholog_one2one	1
ENSMUSG00000025464	ENSSSCG00000040586	ortholog_one2one	1
ENSMUSG00000031621	ENSSSCG00000040934	ortholog_one2one	1
ENSMUSG00000020882	ENSSSCG00000017510	ortholog_one2one	1
ENSMUSG00000055932	ENSSSCG00000035949	ortholog_one2one	1
ENSMUSG00000038276	ENSSSCG00000027024	ortholog_one2one	1
ENSMUSG00000028245	ENSSSCG00000006236	ortholog_one2one	1
ENSMUSG00000041660	ENSSSCG00000013337	ortholog_one2one	1
ENSMUSG00000008734	ENSSSCG00000007864	ortholog_one2one	1
ENSMUSG00000059070	ENSSSCG00000025928	ortholog_one2one	1
ENSMUSG00000037259	ENSSSCG00000007094	ortholog_one2one	1
ENSMUSG00000031842	ENSSSCG00000036363	ortholog_one2one	1
ENSMUSG00000062729	ENSSSCG00000006361	ortholog_one2one	1
ENSMUSG00000005575	ENSSSCG00000037734	ortholog_one2one	1
ENSMUSG00000045246	ENSSSCG00000060235	ortholog_one2one	1
ENSMUSG00000031756	ENSSSCG00000039216	ortholog_one2one	1
ENSMUSG00000051306	ENSSSCG00000032705	ortholog_one2one	1
ENSMUSG00000032512	ENSSSCG00000011261	ortholog_one2one	1
ENSMUSG00000030730	ENSSSCG00000007805	ortholog_one2one	1
ENSMUSG00000028403	ENSSSCG00000035730	ortholog_one2one	1
ENSMUSG00000071866	ENSSSCG00000016737	ortholog_one2one	1
ENSMUSG00000057315	ENSSSCG00000009229	ortholog_one2one	1
ENSMUSG00000041189	ENSSSCG00000056826	ortholog_one2one	1
ENSMUSG00000048126	ENSSSCG00000027331	ortholog_one2one	1
ENSMUSG00000035238	ENSSSCG00000007377	ortholog_one2one	1
ENSMUSG00000028902	ENSSSCG00000003643	ortholog_one2one	1
ENSMUSG00000060227	ENSSSCG00000023996	ortholog_one2one	1
ENSMUSG00000020334	ENSSSCG00000014275	ortholog_one2one	1
ENSMUSG00000023079	ENSSSCG00000007720	ortholog_one2one	1
ENSMUSG00000039307	ENSSSCG00000017128	ortholog_one2one	1
ENSMUSG00000067813	ENSSSCG00000006191	ortholog_one2one	1
ENSMUSG00000026418	ENSSSCG00000024061	ortholog_one2one	1
ENSMUSG00000061887	ENSSSCG00000039594	ortholog_one2one	1
ENSMUSG00000026187	ENSSSCG00000016177	ortholog_one2one	1
ENSMUSG00000017446	ENSSSCG00000035511	ortholog_one2one	1
ENSMUSG00000038208	ENSSSCG00000017502	ortholog_one2one	1
ENSMUSG00000047528	ENSSSCG00000016105	ortholog_one2one	1
ENSMUSG00000010044	ENSSSCG00000011408	ortholog_one2one	1
ENSMUSG00000026565	ENSSSCG00000006310	ortholog_one2one	1
ENSMUSG00000002949	ENSSSCG00000013591	ortholog_one2one	1
ENSMUSG00000041506	ENSSSCG00000023177	ortholog_one2one	1
ENSMUSG00000020395	ENSSSCG00000038003	ortholog_one2one	1
ENSMUSG00000006241	ENSSSCG00000013620	ortholog_one2one	1
ENSMUSG00000072980	ENSSSCG00000004750	ortholog_one2one	1
ENSMUSG00000031527	ENSSSCG00000033634	ortholog_one2one	1
ENSMUSG00000040152	ENSSSCG00000004789	ortholog_one2one	1
ENSMUSG00000028613	ENSSSCG00000003848	ortholog_one2one	1
ENSMUSG00000047171	ENSSSCG00000038390	ortholog_one2one	1
ENSMUSG00000020134	ENSSSCG00000028947	ortholog_one2one	1
ENSMUSG00000056820	ENSSSCG00000010171	ortholog_one2one	1
ENSMUSG00000047443	ENSSSCG00000016337	ortholog_one2one	1
ENSMUSG00000026348	ENSSSCG00000015699	ortholog_one2one	1
ENSMUSG00000073664	ENSSSCG00000016118	ortholog_one2one	1
ENSMUSG00000032218	ENSSSCG00000004588	ortholog_one2one	1
ENSMUSG00000027509	ENSSSCG00000007503	ortholog_one2one	1
ENSMUSG00000031887	ENSSSCG00000036321	ortholog_one2one	1
ENSMUSG00000018574	ENSSSCG00000017947	ortholog_one2one	1
ENSMUSG00000031820	ENSSSCG00000031073	ortholog_one2one	1
ENSMUSG00000026478	ENSSSCG00000015555	ortholog_one2one	1
ENSMUSG00000041528	ENSSSCG00000011387	ortholog_one2one	1
ENSMUSG00000013033	ENSSSCG00000013773	ortholog_one2one	1
ENSMUSG00000026688	ENSSSCG00000006325	ortholog_one2one	1
ENSMUSG00000075318	ENSSSCG00000015905	ortholog_one2one	1
ENSMUSG00000006567	ENSSSCG00000033570	ortholog_one2one	1
ENSMUSG00000026556	ENSSSCG00000006383	ortholog_one2one	1
ENSMUSG00000033732	ENSSSCG00000025323	ortholog_one2one	1
ENSMUSG00000056941	ENSSSCG00000055487	ortholog_one2one	1
ENSMUSG00000058248	ENSSSCG00000040650	ortholog_one2one	1
ENSMUSG00000047496	ENSSSCG00000004902	ortholog_one2one	1
ENSMUSG00000006304	ENSSSCG00000016185	ortholog_one2one	1
ENSMUSG00000041556	ENSSSCG00000025667	ortholog_one2one	1
ENSMUSG00000049692	ENSSSCG00000007169	ortholog_one2one	1
ENSMUSG00000007872	ENSSSCG00000039514	ortholog_one2one	1
ENSMUSG00000028393	ENSSSCG00000032787	ortholog_one2one	1
ENSMUSG00000020689	ENSSSCG00000017306	ortholog_one2one	1
ENSMUSG00000018537	ENSSSCG00000039198	ortholog_one2one	1
ENSMUSG00000036073	ENSSSCG00000010969	ortholog_one2one	1
ENSMUSG00000033916	ENSSSCG00000029362	ortholog_one2one	1
ENSMUSG00000047904	ENSSSCG00000017249	ortholog_one2one	1
ENSMUSG00000048442	ENSSSCG00000038844	ortholog_one2one	1
ENSMUSG00000020397	ENSSSCG00000017058	ortholog_one2one	1
ENSMUSG00000066842	ENSSSCG00000035595	ortholog_one2one	1
ENSMUSG00000030562	ENSSSCG00000014927	ortholog_one2one	1
ENSMUSG00000040025	ENSSSCG00000027686	ortholog_one2one	1
ENSMUSG00000010358	ENSSSCG00000029763	ortholog_one2one	1
ENSMUSG00000029074	ENSSSCG00000003336	ortholog_one2one	1
ENSMUSG00000038024	ENSSSCG00000005170	ortholog_one2one	1
ENSMUSG00000052214	ENSSSCG00000058475	ortholog_one2one	1
ENSMUSG00000084174	ENSSSCG00000021959	ortholog_one2one	1
ENSMUSG00000004565	ENSSSCG00000013572	ortholog_one2one	1
ENSMUSG00000070424	ENSSSCG00000062852	ortholog_one2one	1
ENSMUSG00000026249	ENSSSCG00000016233	ortholog_one2one	1
ENSMUSG00000068290	ENSSSCG00000007160	ortholog_one2one	1
ENSMUSG00000039745	ENSSSCG00000013349	ortholog_one2one	1
ENSMUSG00000046110	ENSSSCG00000004698	ortholog_one2one	1
ENSMUSG00000033685	ENSSSCG00000014833	ortholog_one2one	1
ENSMUSG00000042451	ENSSSCG00000030681	ortholog_one2one	1
ENSMUSG00000042510	ENSSSCG00000032446	ortholog_one2one	1
ENSMUSG00000020610	ENSSSCG00000017264	ortholog_one2one	1
ENSMUSG00000026648	ENSSSCG00000011049	ortholog_one2one	1
ENSMUSG00000042675	ENSSSCG00000035430	ortholog_one2one	1
ENSMUSG00000020766	ENSSSCG00000017203	ortholog_one2one	1
ENSMUSG00000025921	ENSSSCG00000033669	ortholog_one2one	1
ENSMUSG00000054499	ENSSSCG00000030182	ortholog_one2one	1
ENSMUSG00000026384	ENSSSCG00000015743	ortholog_one2one	1
ENSMUSG00000036896	ENSSSCG00000038706	ortholog_one2one	1
ENSMUSG00000039202	ENSSSCG00000001835	ortholog_one2one	1
ENSMUSG00000028882	ENSSSCG00000021634	ortholog_one2one	1
ENSMUSG00000006221	ENSSSCG00000041935	ortholog_one2one	1
ENSMUSG00000073733	ENSSSCG00000003473	ortholog_one2one	1
ENSMUSG00000030410	ENSSSCG00000038738	ortholog_one2one	1
ENSMUSG00000040296	ENSSSCG00000030408	ortholog_one2one	1
ENSMUSG00000006021	ENSSSCG00000003121	ortholog_one2one	1
ENSMUSG00000046589	ENSSSCG00000013586	ortholog_one2one	1
ENSMUSG00000031077	ENSSSCG00000054981	ortholog_one2one	1
ENSMUSG00000028851	ENSSSCG00000003566	ortholog_one2one	1
ENSMUSG00000050063	ENSSSCG00000039984	ortholog_one2one	1
ENSMUSG00000020364	ENSSSCG00000053800	ortholog_one2one	1
ENSMUSG00000073481	ENSSSCG00000010826	ortholog_one2one	1
ENSMUSG00000025507	ENSSSCG00000012843	ortholog_one2one	1
ENSMUSG00000020818	ENSSSCG00000029343	ortholog_one2one	1
ENSMUSG00000028647	ENSSSCG00000051819	ortholog_one2one	1
ENSMUSG00000053877	ENSSSCG00000007789	ortholog_one2one	1
ENSMUSG00000054752	ENSSSCG00000054150	ortholog_one2one	1
ENSMUSG00000033124	ENSSSCG00000016211	ortholog_one2one	1
ENSMUSG00000027584	ENSSSCG00000031228	ortholog_one2one	1
ENSMUSG00000066113	ENSSSCG00000040366	ortholog_one2one	1
ENSMUSG00000030605	ENSSSCG00000001834	ortholog_one2one	1
ENSMUSG00000066037	ENSSSCG00000023761	ortholog_one2one	1
ENSMUSG00000050043	ENSSSCG00000013176	ortholog_one2one	1
ENSMUSG00000027225	ENSSSCG00000004676	ortholog_one2one	1
ENSMUSG00000038705	ENSSSCG00000040107	ortholog_one2one	1
ENSMUSG00000035901	ENSSSCG00000014578	ortholog_one2one	1
ENSMUSG00000001334	ENSSSCG00000025834	ortholog_one2one	1
ENSMUSG00000032452	ENSSSCG00000011666	ortholog_one2one	1
ENSMUSG00000027300	ENSSSCG00000007162	ortholog_one2one	1
ENSMUSG00000028528	ENSSSCG00000003807	ortholog_one2one	1
ENSMUSG00000052688	ENSSSCG00000036352	ortholog_one2one	1
ENSMUSG00000032485	ENSSSCG00000026281	ortholog_one2one	1
ENSMUSG00000019699	ENSSSCG00000010872	ortholog_one2one	1
ENSMUSG00000017716	ENSSSCG00000040486	ortholog_one2one	1
ENSMUSG00000028842	ENSSSCG00000003630	ortholog_one2one	1
ENSMUSG00000020893	ENSSSCG00000017983	ortholog_one2one	1
ENSMUSG00000033722	ENSSSCG00000015538	ortholog_one2one	1
ENSMUSG00000028339	ENSSSCG00000005380	ortholog_one2one	1
ENSMUSG00000026393	ENSSSCG00000010904	ortholog_one2one	1
ENSMUSG00000028533	ENSSSCG00000005129	ortholog_one2one	1
ENSMUSG00000038324	ENSSSCG00000007289	ortholog_one2one	1
ENSMUSG00000034557	ENSSSCG00000003863	ortholog_one2one	1
ENSMUSG00000020315	ENSSSCG00000040786	ortholog_one2one	1
ENSMUSG00000061859	ENSSSCG00000039793	ortholog_one2one	1
ENSMUSG00000032115	ENSSSCG00000015106	ortholog_one2one	1
ENSMUSG00000040612	ENSSSCG00000035124	ortholog_one2one	1
ENSMUSG00000026077	ENSSSCG00000008171	ortholog_one2one	1
ENSMUSG00000026638	ENSSSCG00000015612	ortholog_one2one	1
ENSMUSG00000020402	ENSSSCG00000014296	ortholog_one2one	1
ENSMUSG00000025925	ENSSSCG00000006184	ortholog_one2one	1
ENSMUSG00000034867	ENSSSCG00000002859	ortholog_one2one	1
ENSMUSG00000051285	ENSSSCG00000006267	ortholog_one2one	1
ENSMUSG00000029022	ENSSSCG00000003435	ortholog_one2one	1
ENSMUSG00000041303	ENSSSCG00000016070	ortholog_one2one	1
ENSMUSG00000026241	ENSSSCG00000026852	ortholog_one2one	1
ENSMUSG00000053024	ENSSSCG00000040824	ortholog_one2one	1
ENSMUSG00000038615	ENSSSCG00000017525	ortholog_one2one	1
ENSMUSG00000026158	ENSSSCG00000004279	ortholog_one2one	1
ENSMUSG00000027353	ENSSSCG00000007047	ortholog_one2one	1
ENSMUSG00000039163	ENSSSCG00000041813	ortholog_one2one	1
ENSMUSG00000020916	ENSSSCG00000017437	ortholog_one2one	1
ENSMUSG00000053646	ENSSSCG00000011346	ortholog_one2one	1
ENSMUSG00000018334	ENSSSCG00000017753	ortholog_one2one	1
ENSMUSG00000038013	ENSSSCG00000017479	ortholog_one2one	1
ENSMUSG00000028280	ENSSSCG00000024249	ortholog_one2one	1
ENSMUSG00000049354	ENSSSCG00000017294	ortholog_one2one	1
ENSMUSG00000041399	ENSSSCG00000059680	ortholog_one2one	1
ENSMUSG00000029009	ENSSSCG00000003428	ortholog_one2one	1
ENSMUSG00000020848	ENSSSCG00000039412	ortholog_one2one	1
ENSMUSG00000017376	ENSSSCG00000017756	ortholog_one2one	1
ENSMUSG00000026468	ENSSSCG00000015536	ortholog_one2one	1
ENSMUSG00000028979	ENSSSCG00000003410	ortholog_one2one	1
ENSMUSG00000007653	ENSSSCG00000033558	ortholog_one2one	1
ENSMUSG00000032410	ENSSSCG00000011678	ortholog_one2one	1
ENSMUSG00000028480	ENSSSCG00000031236	ortholog_one2one	1
ENSMUSG00000039238	ENSSSCG00000017135	ortholog_one2one	1
ENSMUSG00000058183	ENSSSCG00000003356	ortholog_one2one	1
ENSMUSG00000042066	ENSSSCG00000015287	ortholog_one2one	1
ENSMUSG00000005952	ENSSSCG00000017863	ortholog_one2one	1
ENSMUSG00000042793	ENSSSCG00000044583	ortholog_one2one	1
ENSMUSG00000017713	ENSSSCG00000033883	ortholog_one2one	1
ENSMUSG00000025911	ENSSSCG00000006213	ortholog_one2one	1
ENSMUSG00000034274	ENSSSCG00000009988	ortholog_one2one	1
ENSMUSG00000023571	ENSSSCG00000003333	ortholog_one2one	1
ENSMUSG00000043257	ENSSSCG00000040007	ortholog_one2one	1
ENSMUSG00000032589	ENSSSCG00000011384	ortholog_one2one	1
ENSMUSG00000051243	ENSSSCG00000036011	ortholog_one2one	1
ENSMUSG00000030982	ENSSSCG00000027324	ortholog_one2one	1
ENSMUSG00000029068	ENSSSCG00000003354	ortholog_one2one	1
ENSMUSG00000025646	ENSSSCG00000011359	ortholog_one2one	1
ENSMUSG00000026825	ENSSSCG00000005641	ortholog_one2one	1
ENSMUSG00000015484	ENSSSCG00000033352	ortholog_one2one	1
ENSMUSG00000018661	ENSSSCG00000017248	ortholog_one2one	1
ENSMUSG00000013973	ENSSSCG00000006365	ortholog_one2one	1
ENSMUSG00000046240	ENSSSCG00000015205	ortholog_one2one	1
ENSMUSG00000032244	ENSSSCG00000022419	ortholog_one2one	1
ENSMUSG00000025786	ENSSSCG00000011301	ortholog_one2one	1
ENSMUSG00000042215	ENSSSCG00000033526	ortholog_one2one	1
ENSMUSG00000001674	ENSSSCG00000015712	ortholog_one2one	1
ENSMUSG00000048174	ENSSSCG00000051647	ortholog_one2one	1
ENSMUSG00000017692	ENSSSCG00000017734	ortholog_one2one	1
ENSMUSG00000026153	ENSSSCG00000004275	ortholog_one2one	1
ENSMUSG00000035495	ENSSSCG00000005367	ortholog_one2one	1
ENSMUSG00000057058	ENSSSCG00000017527	ortholog_one2one	1
ENSMUSG00000031994	ENSSSCG00000015249	ortholog_one2one	1
ENSMUSG00000036980	ENSSSCG00000034153	ortholog_one2one	1
ENSMUSG00000032258	ENSSSCG00000004469	ortholog_one2one	1
ENSMUSG00000029055	ENSSSCG00000029744	ortholog_one2one	1
ENSMUSG00000020399	ENSSSCG00000028875	ortholog_one2one	1
ENSMUSG00000034487	ENSSSCG00000015009	ortholog_one2one	1
ENSMUSG00000020349	ENSSSCG00000014298	ortholog_one2one	1
ENSMUSG00000032066	ENSSSCG00000015039	ortholog_one2one	1
ENSMUSG00000032034	ENSSSCG00000021573	ortholog_one2one	1
ENSMUSG00000018583	ENSSSCG00000035676	ortholog_one2one	1
ENSMUSG00000032098	ENSSSCG00000028204	ortholog_one2one	1
ENSMUSG00000005566	ENSSSCG00000037920	ortholog_one2one	1
ENSMUSG00000026491	ENSSSCG00000010863	ortholog_one2one	1
ENSMUSG00000047409	ENSSSCG00000028740	ortholog_one2one	1
ENSMUSG00000044827	ENSSSCG00000026583	ortholog_one2one	1
ENSMUSG00000029648	ENSSSCG00000009320	ortholog_one2one	1
ENSMUSG00000038379	ENSSSCG00000004466	ortholog_one2one	1
ENSMUSG00000026154	ENSSSCG00000051834	ortholog_one2one	1
ENSMUSG00000043019	ENSSSCG00000015566	ortholog_one2one	1
ENSMUSG00000086322	ENSSSCG00000059106	ortholog_one2one	1
ENSMUSG00000000384	ENSSSCG00000016732	ortholog_one2one	1
ENSMUSG00000050212	ENSSSCG00000033892	ortholog_one2one	1
ENSMUSG00000050989	ENSSSCG00000003554	ortholog_one2one	1
ENSMUSG00000028988	ENSSSCG00000036868	ortholog_one2one	1
ENSMUSG00000059518	ENSSSCG00000033982	ortholog_one2one	1
ENSMUSG00000118332	ENSSSCG00000047832	ortholog_one2one	1
ENSMUSG00000032479	ENSSSCG00000029251	ortholog_one2one	1
ENSMUSG00000028434	ENSSSCG00000005446	ortholog_one2one	1
ENSMUSG00000026018	ENSSSCG00000016115	ortholog_one2one	1
ENSMUSG00000034021	ENSSSCG00000009345	ortholog_one2one	1
ENSMUSG00000004328	ENSSSCG00000003101	ortholog_one2one	1
ENSMUSG00000019055	ENSSSCG00000003433	ortholog_one2one	1
ENSMUSG00000000486	ENSSSCG00000007800	ortholog_one2one	1
ENSMUSG00000028362	ENSSSCG00000036457	ortholog_one2one	1
ENSMUSG00000051435	ENSSSCG00000003455	ortholog_one2one	1
ENSMUSG00000025577	ENSSSCG00000024261	ortholog_one2one	1
ENSMUSG00000049657	ENSSSCG00000036340	ortholog_one2one	1
ENSMUSG00000020897	ENSSSCG00000028924	ortholog_one2one	1
ENSMUSG00000037157	ENSSSCG00000038848	ortholog_one2one	1
ENSMUSG00000037600	ENSSSCG00000003567	ortholog_one2one	1
ENSMUSG00000030699	ENSSSCG00000034774	ortholog_one2one	1
ENSMUSG00000019173	ENSSSCG00000032467	ortholog_one2one	1
ENSMUSG00000025485	ENSSSCG00000014557	ortholog_one2one	1
ENSMUSG00000046062	ENSSSCG00000015282	ortholog_one2one	1
ENSMUSG00000026429	ENSSSCG00000010923	ortholog_one2one	1
ENSMUSG00000004394	ENSSSCG00000016744	ortholog_one2one	1
ENSMUSG00000020794	ENSSSCG00000058778	ortholog_one2one	1
ENSMUSG00000031070	ENSSSCG00000034441	ortholog_one2one	1
ENSMUSG00000030515	ENSSSCG00000005781	ortholog_one2one	1
ENSMUSG00000020734	ENSSSCG00000023151	ortholog_one2one	1
ENSMUSG00000030890	ENSSSCG00000023272	ortholog_one2one	1
ENSMUSG00000033615	ENSSSCG00000037527	ortholog_one2one	1
ENSMUSG00000028952	ENSSSCG00000003383	ortholog_one2one	1
ENSMUSG00000043467	ENSSSCG00000015494	ortholog_one2one	1
ENSMUSG00000029477	ENSSSCG00000009809	ortholog_one2one	1
ENSMUSG00000029613	ENSSSCG00000007592	ortholog_one2one	1
ENSMUSG00000037395	ENSSSCG00000028293	ortholog_one2one	1
ENSMUSG00000041216	ENSSSCG00000006230	ortholog_one2one	1
ENSMUSG00000045659	ENSSSCG00000013382	ortholog_one2one	1
ENSMUSG00000032744	ENSSSCG00000038956	ortholog_one2one	1
ENSMUSG00000020839	ENSSSCG00000017798	ortholog_one2one	1
ENSMUSG00000050234	ENSSSCG00000039983	ortholog_one2one	1
ENSMUSG00000028581	ENSSSCG00000025034	ortholog_one2one	1
ENSMUSG00000020515	ENSSSCG00000017067	ortholog_one2one	1
ENSMUSG00000029501	ENSSSCG00000026781	ortholog_one2one	1
ENSMUSG00000009356	ENSSSCG00000017636	ortholog_one2one	1
ENSMUSG00000033196	ENSSSCG00000029441	ortholog_one2one	1
ENSMUSG00000025915	ENSSSCG00000006206	ortholog_one2one	1
ENSMUSG00000035305	ENSSSCG00000003811	ortholog_one2one	1
ENSMUSG00000029267	ENSSSCG00000006898	ortholog_one2one	1
ENSMUSG00000045917	ENSSSCG00000032835	ortholog_one2one	1
ENSMUSG00000001588	ENSSSCG00000017943	ortholog_one2one	1
ENSMUSG00000029169	ENSSSCG00000008756	ortholog_one2one	1
ENSMUSG00000029071	ENSSSCG00000003342	ortholog_one2one	1
ENSMUSG00000097328	ENSSSCG00000040188	ortholog_one2one	1
ENSMUSG00000017550	ENSSSCG00000035954	ortholog_one2one	1
ENSMUSG00000046182	ENSSSCG00000022785	ortholog_one2one	1
ENSMUSG00000057454	ENSSSCG00000003062	ortholog_one2one	1
ENSMUSG00000089661	ENSSSCG00000002997	ortholog_one2one	1
ENSMUSG00000030470	ENSSSCG00000013354	ortholog_one2one	1
ENSMUSG00000050944	ENSSSCG00000017794	ortholog_one2one	1
ENSMUSG00000025495	ENSSSCG00000037427	ortholog_one2one	1
ENSMUSG00000000142	ENSSSCG00000017265	ortholog_one2one	1
ENSMUSG00000037235	ENSSSCG00000008687	ortholog_one2one	1
ENSMUSG00000020447	ENSSSCG00000016746	ortholog_one2one	1
ENSMUSG00000032514	ENSSSCG00000011263	ortholog_one2one	1
ENSMUSG00000035086	ENSSSCG00000017386	ortholog_one2one	1
ENSMUSG00000027189	ENSSSCG00000013295	ortholog_one2one	1
ENSMUSG00000048003	ENSSSCG00000026526	ortholog_one2one	1
ENSMUSG00000026842	ENSSSCG00000005706	ortholog_one2one	1
ENSMUSG00000032087	ENSSSCG00000015082	ortholog_one2one	1
ENSMUSG00000032491	ENSSSCG00000054848	ortholog_one2one	1
ENSMUSG00000028409	ENSSSCG00000010999	ortholog_one2one	1
ENSMUSG00000025510	ENSSSCG00000012840	ortholog_one2one	1
ENSMUSG00000025894	ENSSSCG00000014998	ortholog_one2one	1
ENSMUSG00000027401	ENSSSCG00000026043	ortholog_one2one	1
ENSMUSG00000040158	ENSSSCG00000017866	ortholog_one2one	1
ENSMUSG00000005883	ENSSSCG00000007502	ortholog_one2one	1
ENSMUSG00000032807	ENSSSCG00000017980	ortholog_one2one	1
ENSMUSG00000032419	ENSSSCG00000004290	ortholog_one2one	1
ENSMUSG00000020143	ENSSSCG00000017008	ortholog_one2one	1
ENSMUSG00000056919	ENSSSCG00000004289	ortholog_one2one	1
ENSMUSG00000062444	ENSSSCG00000001807	ortholog_one2one	1
ENSMUSG00000017943	ENSSSCG00000007373	ortholog_one2one	1
ENSMUSG00000032373	ENSSSCG00000004565	ortholog_one2one	1
ENSMUSG00000018906	ENSSSCG00000020915	ortholog_one2one	1
ENSMUSG00000034220	ENSSSCG00000016364	ortholog_one2one	1
ENSMUSG00000034171	ENSSSCG00000003901	ortholog_one2one	1
ENSMUSG00000006576	ENSSSCG00000022846	ortholog_one2one	1
ENSMUSG00000032078	ENSSSCG00000015067	ortholog_one2one	1
ENSMUSG00000035168	ENSSSCG00000015880	ortholog_one2one	1
ENSMUSG00000032083	ENSSSCG00000030921	ortholog_one2one	1
ENSMUSG00000028559	ENSSSCG00000021292	ortholog_one2one	1
ENSMUSG00000004098	ENSSSCG00000013667	ortholog_one2one	1
ENSMUSG00000008140	ENSSSCG00000039372	ortholog_one2one	1
ENSMUSG00000026675	ENSSSCG00000006337	ortholog_one2one	1
ENSMUSG00000017119	ENSSSCG00000030211	ortholog_one2one	1
ENSMUSG00000074378	ENSSSCG00000003123	ortholog_one2one	1
ENSMUSG00000025779	ENSSSCG00000006175	ortholog_one2one	1
ENSMUSG00000026072	ENSSSCG00000008162	ortholog_one2one	1
ENSMUSG00000039405	ENSSSCG00000014921	ortholog_one2one	1
ENSMUSG00000059975	ENSSSCG00000029420	ortholog_one2one	1
ENSMUSG00000025969	ENSSSCG00000026383	ortholog_one2one	1
ENSMUSG00000074476	ENSSSCG00000033444	ortholog_one2one	1
ENSMUSG00000009545	ENSSSCG00000039556	ortholog_one2one	1
ENSMUSG00000055485	ENSSSCG00000007324	ortholog_one2one	1
ENSMUSG00000005131	ENSSSCG00000015008	ortholog_one2one	1
ENSMUSG00000001569	ENSSSCG00000016411	ortholog_one2one	1
ENSMUSG00000066798	ENSSSCG00000005576	ortholog_one2one	1
ENSMUSG00000006235	ENSSSCG00000013618	ortholog_one2one	1
ENSMUSG00000046572	ENSSSCG00000029711	ortholog_one2one	1
ENSMUSG00000029389	ENSSSCG00000009771	ortholog_one2one	1
ENSMUSG00000031997	ENSSSCG00000024022	ortholog_one2one	1
ENSMUSG00000031026	ENSSSCG00000014567	ortholog_one2one	1
ENSMUSG00000053025	ENSSSCG00000002262	ortholog_one2one	1
ENSMUSG00000041930	ENSSSCG00000009927	ortholog_one2one	1
ENSMUSG00000041642	ENSSSCG00000021706	ortholog_one2one	1
ENSMUSG00000053134	ENSSSCG00000008548	ortholog_one2one	1
ENSMUSG00000032437	ENSSSCG00000011229	ortholog_one2one	1
ENSMUSG00000038072	ENSSSCG00000016430	ortholog_one2one	1
ENSMUSG00000026321	ENSSSCG00000004898	ortholog_one2one	1
ENSMUSG00000056752	ENSSSCG00000018015	ortholog_one2one	1
ENSMUSG00000048537	ENSSSCG00000024578	ortholog_one2one	1
ENSMUSG00000036086	ENSSSCG00000015694	ortholog_one2one	1
ENSMUSG00000043029	ENSSSCG00000017862	ortholog_one2one	1
ENSMUSG00000044894	ENSSSCG00000014289	ortholog_one2one	1
ENSMUSG00000072720	ENSSSCG00000009957	ortholog_one2one	1
ENSMUSG00000018697	ENSSSCG00000017693	ortholog_one2one	1
ENSMUSG00000030471	ENSSSCG00000021688	ortholog_one2one	1
ENSMUSG00000028943	ENSSSCG00000003374	ortholog_one2one	1
ENSMUSG00000030615	ENSSSCG00000025187	ortholog_one2one	1
ENSMUSG00000030970	ENSSSCG00000010739	ortholog_one2one	1
ENSMUSG00000020546	ENSSSCG00000017602	ortholog_one2one	1
ENSMUSG00000026347	ENSSSCG00000015700	ortholog_one2one	1
ENSMUSG00000062098	ENSSSCG00000020853	ortholog_one2one	1
ENSMUSG00000029279	ENSSSCG00000023654	ortholog_one2one	1
ENSMUSG00000058325	ENSSSCG00000035045	ortholog_one2one	1
ENSMUSG00000026176	ENSSSCG00000036938	ortholog_one2one	1
ENSMUSG00000025949	ENSSSCG00000016147	ortholog_one2one	1
ENSMUSG00000029086	ENSSSCG00000008745	ortholog_one2one	1
ENSMUSG00000006494	ENSSSCG00000015958	ortholog_one2one	1
ENSMUSG00000005237	ENSSSCG00000017963	ortholog_one2one	1
ENSMUSG00000028766	ENSSSCG00000032607	ortholog_one2one	1
ENSMUSG00000036845	ENSSSCG00000002898	ortholog_one2one	1
ENSMUSG00000020891	ENSSSCG00000017978	ortholog_one2one	1
ENSMUSG00000055612	ENSSSCG00000015961	ortholog_one2one	1
ENSMUSG00000003435	ENSSSCG00000023556	ortholog_one2one	1
ENSMUSG00000002825	ENSSSCG00000013637	ortholog_one2one	1
ENSMUSG00000020901	ENSSSCG00000017991	ortholog_one2one	1
ENSMUSG00000028653	ENSSSCG00000003667	ortholog_one2one	1
ENSMUSG00000026809	ENSSSCG00000022250	ortholog_one2one	1
ENSMUSG00000049719	ENSSSCG00000024268	ortholog_one2one	1
ENSMUSG00000023333	ENSSSCG00000032538	ortholog_one2one	1
ENSMUSG00000019659	ENSSSCG00000011329	ortholog_one2one	1
ENSMUSG00000027376	ENSSSCG00000008118	ortholog_one2one	1
ENSMUSG00000001027	ENSSSCG00000017282	ortholog_one2one	1
ENSMUSG00000026251	ENSSSCG00000057051	ortholog_one2one	1
ENSMUSG00000047671	ENSSSCG00000037270	ortholog_one2one	1
ENSMUSG00000028410	ENSSSCG00000011000	ortholog_one2one	1
ENSMUSG00000042751	ENSSSCG00000015557	ortholog_one2one	1
ENSMUSG00000034664	ENSSSCG00000063008	ortholog_one2one	1
ENSMUSG00000033629	ENSSSCG00000004935	ortholog_one2one	1
ENSMUSG00000074771	ENSSSCG00000007063	ortholog_one2one	1
ENSMUSG00000001918	ENSSSCG00000003105	ortholog_one2one	1
ENSMUSG00000026082	ENSSSCG00000008179	ortholog_one2one	1
ENSMUSG00000028744	ENSSSCG00000003492	ortholog_one2one	1
ENSMUSG00000018486	ENSSSCG00000035524	ortholog_one2one	1
ENSMUSG00000097487	ENSSSCG00000035199	ortholog_one2one	1
ENSMUSG00000007656	ENSSSCG00000053937	ortholog_one2one	1
ENSMUSG00000006675	ENSSSCG00000011368	ortholog_one2one	1
ENSMUSG00000000724	ENSSSCG00000040641	ortholog_one2one	1
ENSMUSG00000038970	ENSSSCG00000007599	ortholog_one2one	1
ENSMUSG00000017802	ENSSSCG00000017395	ortholog_one2one	1
ENSMUSG00000019494	ENSSSCG00000034893	ortholog_one2one	1
ENSMUSG00000033688	ENSSSCG00000028203	ortholog_one2one	1
ENSMUSG00000028488	ENSSSCG00000005177	ortholog_one2one	1
ENSMUSG00000020773	ENSSSCG00000017199	ortholog_one2one	1
ENSMUSG00000056724	ENSSSCG00000011330	ortholog_one2one	1
ENSMUSG00000073680	ENSSSCG00000034013	ortholog_one2one	1
ENSMUSG00000033295	ENSSSCG00000035849	ortholog_one2one	1
ENSMUSG00000054986	ENSSSCG00000060999	ortholog_one2one	1
ENSMUSG00000026621	ENSSSCG00000010829	ortholog_one2one	1
ENSMUSG00000023106	ENSSSCG00000009788	ortholog_one2one	1
ENSMUSG00000033701	ENSSSCG00000015534	ortholog_one2one	1
ENSMUSG00000044084	ENSSSCG00000024584	ortholog_one2one	1
ENSMUSG00000017781	ENSSSCG00000025248	ortholog_one2one	1
ENSMUSG00000008855	ENSSSCG00000017366	ortholog_one2one	1
ENSMUSG00000029504	ENSSSCG00000028735	ortholog_one2one	1
ENSMUSG00000058267	ENSSSCG00000031435	ortholog_one2one	1
ENSMUSG00000026574	ENSSSCG00000035937	ortholog_one2one	1
ENSMUSG00000042229	ENSSSCG00000053080	ortholog_one2one	1
ENSMUSG00000070369	ENSSSCG00000054116	ortholog_one2one	1
ENSMUSG00000006538	ENSSSCG00000016204	ortholog_one2one	1
ENSMUSG00000032997	ENSSSCG00000021610	ortholog_one2one	1
ENSMUSG00000028854	ENSSSCG00000003569	ortholog_one2one	1
ENSMUSG00000066382	ENSSSCG00000029447	ortholog_one2one	1
ENSMUSG00000035606	ENSSSCG00000011646	ortholog_one2one	1
ENSMUSG00000028978	ENSSSCG00000016450	ortholog_one2one	1
ENSMUSG00000064302	ENSSSCG00000039157	ortholog_one2one	1
ENSMUSG00000032557	ENSSSCG00000011631	ortholog_one2one	1
ENSMUSG00000041343	ENSSSCG00000014902	ortholog_one2one	1
ENSMUSG00000028419	ENSSSCG00000010995	ortholog_one2one	1
ENSMUSG00000028699	ENSSSCG00000003908	ortholog_one2one	1
ENSMUSG00000028497	ENSSSCG00000005164	ortholog_one2one	1
ENSMUSG00000012350	ENSSSCG00000013300	ortholog_one2one	1
ENSMUSG00000052911	ENSSSCG00000011377	ortholog_one2one	1
ENSMUSG00000034573	ENSSSCG00000026655	ortholog_one2one	1
ENSMUSG00000032380	ENSSSCG00000021588	ortholog_one2one	1
ENSMUSG00000036114	ENSSSCG00000010973	ortholog_one2one	1
ENSMUSG00000039740	ENSSSCG00000005383	ortholog_one2one	1
ENSMUSG00000074004	ENSSSCG00000014874	ortholog_one2one	1
ENSMUSG00000030867	ENSSSCG00000026748	ortholog_one2one	1
ENSMUSG00000034858	ENSSSCG00000004617	ortholog_one2one	1
ENSMUSG00000029474	ENSSSCG00000037811	ortholog_one2one	1
ENSMUSG00000109336	ENSSSCG00000010706	ortholog_one2one	1
ENSMUSG00000040351	ENSSSCG00000015314	ortholog_one2one	1
ENSMUSG00000023267	ENSSSCG00000054854	ortholog_one2one	1
ENSMUSG00000038704	ENSSSCG00000054855	ortholog_one2one	1
ENSMUSG00000026933	ENSSSCG00000005753	ortholog_one2one	1
ENSMUSG00000028692	ENSSSCG00000029256	ortholog_one2one	1
ENSMUSG00000032386	ENSSSCG00000004552	ortholog_one2one	1
ENSMUSG00000073856	ENSSSCG00000034720	ortholog_one2one	1
ENSMUSG00000029106	ENSSSCG00000008692	ortholog_one2one	1
ENSMUSG00000029461	ENSSSCG00000039996	ortholog_one2one	1
ENSMUSG00000040606	ENSSSCG00000037676	ortholog_one2one	1
ENSMUSG00000034533	ENSSSCG00000011260	ortholog_one2one	1
ENSMUSG00000028487	ENSSSCG00000005180	ortholog_one2one	1
ENSMUSG00000027109	ENSSSCG00000015962	ortholog_one2one	1
ENSMUSG00000055629	ENSSSCG00000033780	ortholog_one2one	1
ENSMUSG00000032358	ENSSSCG00000001483	ortholog_one2one	1
ENSMUSG00000028678	ENSSSCG00000003931	ortholog_one2one	1
ENSMUSG00000059890	ENSSSCG00000015095	ortholog_one2one	1
ENSMUSG00000039108	ENSSSCG00000026052	ortholog_one2one	1
ENSMUSG00000052572	ENSSSCG00000014904	ortholog_one2one	1
ENSMUSG00000028683	ENSSSCG00000029808	ortholog_one2one	1
ENSMUSG00000026932	ENSSSCG00000040967	ortholog_one2one	1
ENSMUSG00000017400	ENSSSCG00000017508	ortholog_one2one	1
ENSMUSG00000027377	ENSSSCG00000059997	ortholog_one2one	1
ENSMUSG00000036052	ENSSSCG00000005297	ortholog_one2one	1
ENSMUSG00000045252	ENSSSCG00000003037	ortholog_one2one	1
ENSMUSG00000011096	ENSSSCG00000003194	ortholog_one2one	1
ENSMUSG00000032376	ENSSSCG00000028737	ortholog_one2one	1
ENSMUSG00000061894	ENSSSCG00000003621	ortholog_one2one	1
ENSMUSG00000030980	ENSSSCG00000025203	ortholog_one2one	1
ENSMUSG00000033066	ENSSSCG00000039056	ortholog_one2one	1
ENSMUSG00000028758	ENSSSCG00000003508	ortholog_one2one	1
ENSMUSG00000032786	ENSSSCG00000011437	ortholog_one2one	1
ENSMUSG00000030681	ENSSSCG00000027946	ortholog_one2one	1
ENSMUSG00000046909	ENSSSCG00000017741	ortholog_one2one	1
ENSMUSG00000036833	ENSSSCG00000034978	ortholog_one2one	1
ENSMUSG00000025792	ENSSSCG00000033620	ortholog_one2one	1
ENSMUSG00000013997	ENSSSCG00000037793	ortholog_one2one	1
ENSMUSG00000030996	ENSSSCG00000038255	ortholog_one2one	1
ENSMUSG00000020532	ENSSSCG00000017694	ortholog_one2one	1
ENSMUSG00000029162	ENSSSCG00000008556	ortholog_one2one	1
ENSMUSG00000038664	ENSSSCG00000004561	ortholog_one2one	1
ENSMUSG00000026489	ENSSSCG00000010861	ortholog_one2one	1
ENSMUSG00000030683	ENSSSCG00000029186	ortholog_one2one	1
ENSMUSG00000020681	ENSSSCG00000017296	ortholog_one2one	1
ENSMUSG00000032232	ENSSSCG00000035038	ortholog_one2one	1
ENSMUSG00000035517	ENSSSCG00000053078	ortholog_one2one	1
ENSMUSG00000038722	ENSSSCG00000007623	ortholog_one2one	1
ENSMUSG00000020706	ENSSSCG00000017288	ortholog_one2one	1
ENSMUSG00000041737	ENSSSCG00000015241	ortholog_one2one	1
ENSMUSG00000032330	ENSSSCG00000004480	ortholog_one2one	1
ENSMUSG00000028777	ENSSSCG00000015406	ortholog_one2one	1
ENSMUSG00000029440	ENSSSCG00000036483	ortholog_one2one	1
ENSMUSG00000031918	ENSSSCG00000014970	ortholog_one2one	1
ENSMUSG00000020691	ENSSSCG00000033421	ortholog_one2one	1
ENSMUSG00000063838	ENSSSCG00000039922	ortholog_one2one	1
ENSMUSG00000029546	ENSSSCG00000058802	ortholog_one2one	1
ENSMUSG00000011658	ENSSSCG00000003198	ortholog_one2one	1
ENSMUSG00000001260	ENSSSCG00000008809	ortholog_one2one	1
ENSMUSG00000040938	ENSSSCG00000017925	ortholog_one2one	1
ENSMUSG00000028248	ENSSSCG00000037594	ortholog_one2one	1
ENSMUSG00000029102	ENSSSCG00000008700	ortholog_one2one	1
ENSMUSG00000038020	ENSSSCG00000017478	ortholog_one2one	1
ENSMUSG00000034485	ENSSSCG00000004973	ortholog_one2one	1
ENSMUSG00000020884	ENSSSCG00000024926	ortholog_one2one	1
ENSMUSG00000052301	ENSSSCG00000034635	ortholog_one2one	1
ENSMUSG00000029591	ENSSSCG00000009938	ortholog_one2one	1
ENSMUSG00000066026	ENSSSCG00000003439	ortholog_one2one	1
ENSMUSG00000020261	ENSSSCG00000035442	ortholog_one2one	1
ENSMUSG00000030493	ENSSSCG00000040905	ortholog_one2one	1
ENSMUSG00000038560	ENSSSCG00000017522	ortholog_one2one	1
ENSMUSG00000039989	ENSSSCG00000017160	ortholog_one2one	1
ENSMUSG00000038709	ENSSSCG00000005454	ortholog_one2one	1
ENSMUSG00000037541	ENSSSCG00000033043	ortholog_one2one	1
ENSMUSG00000043372	ENSSSCG00000017335	ortholog_one2one	1
ENSMUSG00000045671	ENSSSCG00000008357	ortholog_one2one	1
ENSMUSG00000023348	ENSSSCG00000027486	ortholog_one2one	1
ENSMUSG00000032409	ENSSSCG00000011679	ortholog_one2one	1
ENSMUSG00000014606	ENSSSCG00000032472	ortholog_one2one	1
ENSMUSG00000040268	ENSSSCG00000010702	ortholog_one2one	1
ENSMUSG00000040576	ENSSSCG00000007716	ortholog_one2one	1
ENSMUSG00000028622	ENSSSCG00000032083	ortholog_one2one	1
ENSMUSG00000020393	ENSSSCG00000009972	ortholog_one2one	1
ENSMUSG00000064141	ENSSSCG00000063595	ortholog_one2one	1
ENSMUSG00000028859	ENSSSCG00000025795	ortholog_one2one	1
ENSMUSG00000040563	ENSSSCG00000045953	ortholog_one2one	1
ENSMUSG00000020783	ENSSSCG00000017870	ortholog_one2one	1
ENSMUSG00000060063	ENSSSCG00000009330	ortholog_one2one	1
ENSMUSG00000025340	ENSSSCG00000007735	ortholog_one2one	1
ENSMUSG00000057722	ENSSSCG00000025188	ortholog_one2one	1
ENSMUSG00000032384	ENSSSCG00000004558	ortholog_one2one	1
ENSMUSG00000020476	ENSSSCG00000016721	ortholog_one2one	1
ENSMUSG00000048486	ENSSSCG00000037912	ortholog_one2one	1
ENSMUSG00000029149	ENSSSCG00000040062	ortholog_one2one	1
ENSMUSG00000082361	ENSSSCG00000008965	ortholog_one2one	1
ENSMUSG00000029204	ENSSSCG00000008794	ortholog_one2one	1
ENSMUSG00000028413	ENSSSCG00000035454	ortholog_one2one	1
ENSMUSG00000012187	ENSSSCG00000046102	ortholog_one2one	1
ENSMUSG00000062110	ENSSSCG00000008836	ortholog_one2one	1
ENSMUSG00000026271	ENSSSCG00000040095	ortholog_one2one	1
ENSMUSG00000030452	ENSSSCG00000036898	ortholog_one2one	1
ENSMUSG00000027002	ENSSSCG00000016019	ortholog_one2one	1
ENSMUSG00000086587	ENSSSCG00000040562	ortholog_one2one	1
ENSMUSG00000032193	ENSSSCG00000028512	ortholog_one2one	1
ENSMUSG00000026725	ENSSSCG00000015507	ortholog_one2one	1
ENSMUSG00000026383	ENSSSCG00000039185	ortholog_one2one	1
ENSMUSG00000028698	ENSSSCG00000003909	ortholog_one2one	1
ENSMUSG00000055078	ENSSSCG00000004827	ortholog_one2one	1
ENSMUSG00000020257	ENSSSCG00000011433	ortholog_one2one	1
ENSMUSG00000053199	ENSSSCG00000015015	ortholog_one2one	1
ENSMUSG00000040520	ENSSSCG00000035648	ortholog_one2one	1
ENSMUSG00000028456	ENSSSCG00000005305	ortholog_one2one	1
ENSMUSG00000053110	ENSSSCG00000031429	ortholog_one2one	1
ENSMUSG00000030545	ENSSSCG00000027052	ortholog_one2one	1
ENSMUSG00000040811	ENSSSCG00000038229	ortholog_one2one	1
ENSMUSG00000042195	ENSSSCG00000015001	ortholog_one2one	1
ENSMUSG00000013584	ENSSSCG00000025578	ortholog_one2one	1
ENSMUSG00000026721	ENSSSCG00000015499	ortholog_one2one	1
ENSMUSG00000025461	ENSSSCG00000010787	ortholog_one2one	1
ENSMUSG00000031925	ENSSSCG00000034879	ortholog_one2one	1
ENSMUSG00000032528	ENSSSCG00000011280	ortholog_one2one	1
ENSMUSG00000030862	ENSSSCG00000010728	ortholog_one2one	1
ENSMUSG00000050853	ENSSSCG00000020685	ortholog_one2one	1
ENSMUSG00000059981	ENSSSCG00000031967	ortholog_one2one	1
ENSMUSG00000026198	ENSSSCG00000016210	ortholog_one2one	1
ENSMUSG00000046593	ENSSSCG00000011002	ortholog_one2one	1
ENSMUSG00000028224	ENSSSCG00000006127	ortholog_one2one	1
ENSMUSG00000005501	ENSSSCG00000016306	ortholog_one2one	1
ENSMUSG00000038845	ENSSSCG00000017549	ortholog_one2one	1
ENSMUSG00000032580	ENSSSCG00000011395	ortholog_one2one	1
ENSMUSG00000040972	ENSSSCG00000020992	ortholog_one2one	1
ENSMUSG00000051550	ENSSSCG00000025138	ortholog_one2one	1
ENSMUSG00000003099	ENSSSCG00000003098	ortholog_one2one	1
ENSMUSG00000028749	ENSSSCG00000036504	ortholog_one2one	1
ENSMUSG00000028466	ENSSSCG00000005318	ortholog_one2one	1
ENSMUSG00000001583	ENSSSCG00000026142	ortholog_one2one	1
ENSMUSG00000020612	ENSSSCG00000017259	ortholog_one2one	1
ENSMUSG00000025500	ENSSSCG00000030137	ortholog_one2one	1
ENSMUSG00000029003	ENSSSCG00000003419	ortholog_one2one	1
ENSMUSG00000053198	ENSSSCG00000038439	ortholog_one2one	1
ENSMUSG00000038533	ENSSSCG00000027410	ortholog_one2one	1
ENSMUSG00000030729	ENSSSCG00000014838	ortholog_one2one	1
ENSMUSG00000070509	ENSSSCG00000002267	ortholog_one2one	1
ENSMUSG00000005621	ENSSSCG00000034070	ortholog_one2one	1
ENSMUSG00000019303	ENSSSCG00000017396	ortholog_one2one	1
ENSMUSG00000009248	ENSSSCG00000033507	ortholog_one2one	1
ENSMUSG00000003437	ENSSSCG00000022442	ortholog_one2one	1
ENSMUSG00000042616	ENSSSCG00000036709	ortholog_one2one	1
ENSMUSG00000056268	ENSSSCG00000010900	ortholog_one2one	1
ENSMUSG00000018209	ENSSSCG00000030820	ortholog_one2one	1
ENSMUSG00000043872	ENSSSCG00000034292	ortholog_one2one	1
ENSMUSG00000037049	ENSSSCG00000014627	ortholog_one2one	1
ENSMUSG00000047126	ENSSSCG00000022659	ortholog_one2one	1
ENSMUSG00000042594	ENSSSCG00000009833	ortholog_one2one	1
ENSMUSG00000034853	ENSSSCG00000037559	ortholog_one2one	1
ENSMUSG00000026778	ENSSSCG00000011131	ortholog_one2one	1
ENSMUSG00000042807	ENSSSCG00000055181	ortholog_one2one	1
ENSMUSG00000006315	ENSSSCG00000040012	ortholog_one2one	1
ENSMUSG00000029027	ENSSSCG00000021436	ortholog_one2one	1
ENSMUSG00000029108	ENSSSCG00000008765	ortholog_one2one	1
ENSMUSG00000015357	ENSSSCG00000004927	ortholog_one2one	1
ENSMUSG00000039577	ENSSSCG00000029843	ortholog_one2one	1
ENSMUSG00000027301	ENSSSCG00000007164	ortholog_one2one	1
ENSMUSG00000015790	ENSSSCG00000035727	ortholog_one2one	1
ENSMUSG00000026220	ENSSSCG00000016260	ortholog_one2one	1
ENSMUSG00000038644	ENSSSCG00000003216	ortholog_one2one	1
ENSMUSG00000062345	ENSSSCG00000004890	ortholog_one2one	1
ENSMUSG00000050201	ENSSSCG00000017222	ortholog_one2one	1
ENSMUSG00000026295	ENSSSCG00000016315	ortholog_one2one	1
ENSMUSG00000018379	ENSSSCG00000017626	ortholog_one2one	1
ENSMUSG00000032079	ENSSSCG00000057143	ortholog_one2one	1
ENSMUSG00000018882	ENSSSCG00000023263	ortholog_one2one	1
ENSMUSG00000053153	ENSSSCG00000016166	ortholog_one2one	1
ENSMUSG00000034275	ENSSSCG00000015255	ortholog_one2one	1
ENSMUSG00000041958	ENSSSCG00000026706	ortholog_one2one	1
ENSMUSG00000029060	ENSSSCG00000003350	ortholog_one2one	1
ENSMUSG00000016529	ENSSSCG00000015652	ortholog_one2one	1
ENSMUSG00000042349	ENSSSCG00000015644	ortholog_one2one	1
ENSMUSG00000051238	ENSSSCG00000037146	ortholog_one2one	1
ENSMUSG00000050641	ENSSSCG00000058399	ortholog_one2one	1
ENSMUSG00000032110	ENSSSCG00000015216	ortholog_one2one	1
ENSMUSG00000032802	ENSSSCG00000023298	ortholog_one2one	1
ENSMUSG00000040731	ENSSSCG00000025966	ortholog_one2one	1
ENSMUSG00000047804	ENSSSCG00000024030	ortholog_one2one	1
ENSMUSG00000026254	ENSSSCG00000038466	ortholog_one2one	1
ENSMUSG00000026761	ENSSSCG00000015668	ortholog_one2one	1
ENSMUSG00000040003	ENSSSCG00000031780	ortholog_one2one	1
ENSMUSG00000044317	ENSSSCG00000037184	ortholog_one2one	1
ENSMUSG00000043099	ENSSSCG00000025717	ortholog_one2one	1
ENSMUSG00000000049	ENSSSCG00000040910	ortholog_one2one	1
ENSMUSG00000038406	ENSSSCG00000038807	ortholog_one2one	1
ENSMUSG00000090150	ENSSSCG00000011629	ortholog_one2one	1
ENSMUSG00000069744	ENSSSCG00000037606	ortholog_one2one	1
ENSMUSG00000026141	ENSSSCG00000044472	ortholog_one2one	1
ENSMUSG00000032343	ENSSSCG00000004477	ortholog_one2one	1
ENSMUSG00000041231	ENSSSCG00000017042	ortholog_one2one	1
ENSMUSG00000030435	ENSSSCG00000034815	ortholog_one2one	1
ENSMUSG00000029346	ENSSSCG00000050530	ortholog_one2one	1
ENSMUSG00000032281	ENSSSCG00000001760	ortholog_one2one	1
ENSMUSG00000050270	ENSSSCG00000036454	ortholog_one2one	1
ENSMUSG00000000600	ENSSSCG00000015313	ortholog_one2one	1
ENSMUSG00000014349	ENSSSCG00000025638	ortholog_one2one	1
ENSMUSG00000053461	ENSSSCG00000010832	ortholog_one2one	1
ENSMUSG00000006941	ENSSSCG00000011270	ortholog_one2one	1
ENSMUSG00000025487	ENSSSCG00000014559	ortholog_one2one	1
ENSMUSG00000036986	ENSSSCG00000001912	ortholog_one2one	1
ENSMUSG00000041570	ENSSSCG00000027314	ortholog_one2one	1
ENSMUSG00000036958	ENSSSCG00000007122	ortholog_one2one	1
ENSMUSG00000033021	ENSSSCG00000023935	ortholog_one2one	1
ENSMUSG00000032207	ENSSSCG00000004596	ortholog_one2one	1
ENSMUSG00000032370	ENSSSCG00000004569	ortholog_one2one	1
ENSMUSG00000003549	ENSSSCG00000055289	ortholog_one2one	1
ENSMUSG00000020549	ENSSSCG00000028465	ortholog_one2one	1
ENSMUSG00000028330	ENSSSCG00000005366	ortholog_one2one	1
ENSMUSG00000017664	ENSSSCG00000022777	ortholog_one2one	1
ENSMUSG00000003423	ENSSSCG00000003169	ortholog_one2one	1
ENSMUSG00000032519	ENSSSCG00000029708	ortholog_one2one	1
ENSMUSG00000040860	ENSSSCG00000003478	ortholog_one2one	1
ENSMUSG00000016528	ENSSSCG00000015650	ortholog_one2one	1
ENSMUSG00000030960	ENSSSCG00000056519	ortholog_one2one	1
ENSMUSG00000042790	ENSSSCG00000015077	ortholog_one2one	1
ENSMUSG00000036596	ENSSSCG00000032151	ortholog_one2one	1
ENSMUSG00000056493	ENSSSCG00000007576	ortholog_one2one	1
ENSMUSG00000026546	ENSSSCG00000006394	ortholog_one2one	1
ENSMUSG00000030579	ENSSSCG00000002919	ortholog_one2one	1
ENSMUSG00000026070	ENSSSCG00000008159	ortholog_one2one	1
ENSMUSG00000028799	ENSSSCG00000032078	ortholog_one2one	1
ENSMUSG00000028294	ENSSSCG00000004302	ortholog_one2one	1
ENSMUSG00000042268	ENSSSCG00000040720	ortholog_one2one	1
ENSMUSG00000002580	ENSSSCG00000017496	ortholog_one2one	1
ENSMUSG00000034685	ENSSSCG00000058254	ortholog_one2one	1
ENSMUSG00000006005	ENSSSCG00000015576	ortholog_one2one	1
ENSMUSG00000028443	ENSSSCG00000010981	ortholog_one2one	1
ENSMUSG00000027087	ENSSSCG00000016027	ortholog_one2one	1
ENSMUSG00000028576	ENSSSCG00000005124	ortholog_one2one	1
ENSMUSG00000053519	ENSSSCG00000017003	ortholog_one2one	1
ENSMUSG00000005299	ENSSSCG00000008675	ortholog_one2one	1
ENSMUSG00000020828	ENSSSCG00000017912	ortholog_one2one	1
ENSMUSG00000030801	ENSSSCG00000031247	ortholog_one2one	1
ENSMUSG00000038383	ENSSSCG00000007282	ortholog_one2one	1
ENSMUSG00000029428	ENSSSCG00000009747	ortholog_one2one	1
ENSMUSG00000030685	ENSSSCG00000040888	ortholog_one2one	1
ENSMUSG00000026355	ENSSSCG00000035564	ortholog_one2one	1
ENSMUSG00000032251	ENSSSCG00000004472	ortholog_one2one	1
ENSMUSG00000011257	ENSSSCG00000003660	ortholog_one2one	1
ENSMUSG00000050721	ENSSSCG00000004547	ortholog_one2one	1
ENSMUSG00000054662	ENSSSCG00000024569	ortholog_one2one	1
ENSMUSG00000032109	ENSSSCG00000044952	ortholog_one2one	1
ENSMUSG00000002105	ENSSSCG00000013238	ortholog_one2one	1
ENSMUSG00000079610	ENSSSCG00000058741	ortholog_one2one	1
ENSMUSG00000026349	ENSSSCG00000015697	ortholog_one2one	1
ENSMUSG00000045102	ENSSSCG00000027718	ortholog_one2one	1
ENSMUSG00000074199	ENSSSCG00000002882	ortholog_one2one	1
ENSMUSG00000032097	ENSSSCG00000015097	ortholog_one2one	1
ENSMUSG00000034427	ENSSSCG00000036248	ortholog_one2one	1
ENSMUSG00000028337	ENSSSCG00000005375	ortholog_one2one	1
ENSMUSG00000050050	ENSSSCG00000008983	ortholog_one2one	1
ENSMUSG00000005686	ENSSSCG00000022492	ortholog_one2one	1
ENSMUSG00000038047	ENSSSCG00000005173	ortholog_one2one	1
ENSMUSG00000027358	ENSSSCG00000039442	ortholog_one2one	1
ENSMUSG00000037533	ENSSSCG00000014267	ortholog_one2one	1
ENSMUSG00000042499	ENSSSCG00000034741	ortholog_one2one	1
ENSMUSG00000029518	ENSSSCG00000033876	ortholog_one2one	1
ENSMUSG00000029466	ENSSSCG00000030222	ortholog_one2one	1
ENSMUSG00000026411	ENSSSCG00000027928	ortholog_one2one	1
ENSMUSG00000025647	ENSSSCG00000011357	ortholog_one2one	1
ENSMUSG00000026927	ENSSSCG00000035221	ortholog_one2one	1
ENSMUSG00000003038	ENSSSCG00000003555	ortholog_one2one	1
ENSMUSG00000007783	ENSSSCG00000024872	ortholog_one2one	1
ENSMUSG00000010290	ENSSSCG00000035390	ortholog_one2one	1
ENSMUSG00000028661	ENSSSCG00000003523	ortholog_one2one	1
ENSMUSG00000015843	ENSSSCG00000006328	ortholog_one2one	1
ENSMUSG00000018983	ENSSSCG00000032710	ortholog_one2one	1
ENSMUSG00000053334	ENSSSCG00000009945	ortholog_one2one	1
ENSMUSG00000032511	ENSSSCG00000011259	ortholog_one2one	1
ENSMUSG00000052135	ENSSSCG00000035074	ortholog_one2one	1
ENSMUSG00000008090	ENSSSCG00000036512	ortholog_one2one	1
ENSMUSG00000019437	ENSSSCG00000038650	ortholog_one2one	1
ENSMUSG00000019230	ENSSSCG00000010903	ortholog_one2one	1
ENSMUSG00000039768	ENSSSCG00000003384	ortholog_one2one	1
ENSMUSG00000034285	ENSSSCG00000051359	ortholog_one2one	1
ENSMUSG00000033209	ENSSSCG00000009968	ortholog_one2one	1
ENSMUSG00000070323	ENSSSCG00000014984	ortholog_one2one	1
ENSMUSG00000032182	ENSSSCG00000013634	ortholog_one2one	1
ENSMUSG00000026209	ENSSSCG00000016220	ortholog_one2one	1
ENSMUSG00000015880	ENSSSCG00000008747	ortholog_one2one	1
ENSMUSG00000032612	ENSSSCG00000011382	ortholog_one2one	1
ENSMUSG00000050248	ENSSSCG00000024399	ortholog_one2one	1
ENSMUSG00000020865	ENSSSCG00000017561	ortholog_one2one	1
ENSMUSG00000037034	ENSSSCG00000007112	ortholog_one2one	1
ENSMUSG00000026587	ENSSSCG00000015513	ortholog_one2one	1
ENSMUSG00000028700	ENSSSCG00000029145	ortholog_one2one	1
ENSMUSG00000007415	ENSSSCG00000031835	ortholog_one2one	1
ENSMUSG00000027180	ENSSSCG00000013308	ortholog_one2one	1
ENSMUSG00000029602	ENSSSCG00000009874	ortholog_one2one	1
ENSMUSG00000019301	ENSSSCG00000035147	ortholog_one2one	1
ENSMUSG00000038178	ENSSSCG00000024108	ortholog_one2one	1
ENSMUSG00000005442	ENSSSCG00000003030	ortholog_one2one	1
ENSMUSG00000000632	ENSSSCG00000035445	ortholog_one2one	1
ENSMUSG00000007097	ENSSSCG00000006391	ortholog_one2one	1
ENSMUSG00000029580	ENSSSCG00000007585	ortholog_one2one	1
ENSMUSG00000089876	ENSSSCG00000028725	ortholog_one2one	1
ENSMUSG00000057135	ENSSSCG00000017896	ortholog_one2one	1
ENSMUSG00000053395	ENSSSCG00000003255	ortholog_one2one	1
ENSMUSG00000029126	ENSSSCG00000024892	ortholog_one2one	1
ENSMUSG00000020473	ENSSSCG00000016754	ortholog_one2one	1
ENSMUSG00000032363	ENSSSCG00000001765	ortholog_one2one	1
ENSMUSG00000059273	ENSSSCG00000003110	ortholog_one2one	1
ENSMUSG00000033808	ENSSSCG00000004730	ortholog_one2one	1
ENSMUSG00000040525	ENSSSCG00000003083	ortholog_one2one	1
ENSMUSG00000055200	ENSSSCG00000025448	ortholog_one2one	1
ENSMUSG00000030720	ENSSSCG00000036603	ortholog_one2one	1
ENSMUSG00000000088	ENSSSCG00000024316	ortholog_one2one	1
ENSMUSG00000032338	ENSSSCG00000001920	ortholog_one2one	1
ENSMUSG00000042396	ENSSSCG00000027905	ortholog_one2one	1
ENSMUSG00000035047	ENSSSCG00000013644	ortholog_one2one	1
ENSMUSG00000029338	ENSSSCG00000009256	ortholog_one2one	1
ENSMUSG00000032221	ENSSSCG00000004601	ortholog_one2one	1
ENSMUSG00000001988	ENSSSCG00000003108	ortholog_one2one	1
ENSMUSG00000014245	ENSSSCG00000035103	ortholog_one2one	1
ENSMUSG00000062296	ENSSSCG00000011239	ortholog_one2one	1
ENSMUSG00000041278	ENSSSCG00000040528	ortholog_one2one	1
ENSMUSG00000017167	ENSSSCG00000017393	ortholog_one2one	1
ENSMUSG00000030589	ENSSSCG00000002960	ortholog_one2one	1
ENSMUSG00000031933	ENSSSCG00000014952	ortholog_one2one	1
ENSMUSG00000029577	ENSSSCG00000009933	ortholog_one2one	1
ENSMUSG00000020926	ENSSSCG00000017349	ortholog_one2one	1
ENSMUSG00000059956	ENSSSCG00000039151	ortholog_one2one	1
ENSMUSG00000048351	ENSSSCG00000027119	ortholog_one2one	1
ENSMUSG00000029029	ENSSSCG00000003360	ortholog_one2one	1
ENSMUSG00000032101	ENSSSCG00000015223	ortholog_one2one	1
ENSMUSG00000017344	ENSSSCG00000027801	ortholog_one2one	1
ENSMUSG00000048000	ENSSSCG00000016291	ortholog_one2one	1
ENSMUSG00000000167	ENSSSCG00000015031	ortholog_one2one	1
ENSMUSG00000013483	ENSSSCG00000017154	ortholog_one2one	1
ENSMUSG00000001349	ENSSSCG00000013614	ortholog_one2one	1
ENSMUSG00000038422	ENSSSCG00000039861	ortholog_one2one	1
ENSMUSG00000053985	ENSSSCG00000032673	ortholog_one2one	1
ENSMUSG00000028857	ENSSSCG00000023636	ortholog_one2one	1
ENSMUSG00000045795	ENSSSCG00000001805	ortholog_one2one	1
ENSMUSG00000017607	ENSSSCG00000017470	ortholog_one2one	1
ENSMUSG00000056167	ENSSSCG00000032220	ortholog_one2one	1
ENSMUSG00000020434	ENSSSCG00000010014	ortholog_one2one	1
ENSMUSG00000006311	ENSSSCG00000002906	ortholog_one2one	1
ENSMUSG00000020908	ENSSSCG00000018007	ortholog_one2one	1
ENSMUSG00000052296	ENSSSCG00000003301	ortholog_one2one	1
ENSMUSG00000044700	ENSSSCG00000003393	ortholog_one2one	1
ENSMUSG00000018372	ENSSSCG00000028925	ortholog_one2one	1
ENSMUSG00000028538	ENSSSCG00000034059	ortholog_one2one	1
ENSMUSG00000029370	ENSSSCG00000008952	ortholog_one2one	1
ENSMUSG00000025499	ENSSSCG00000031513	ortholog_one2one	1
ENSMUSG00000042453	ENSSSCG00000015426	ortholog_one2one	1
ENSMUSG00000045471	ENSSSCG00000017410	ortholog_one2one	1
ENSMUSG00000038421	ENSSSCG00000030246	ortholog_one2one	1
ENSMUSG00000001440	ENSSSCG00000017514	ortholog_one2one	1
ENSMUSG00000015222	ENSSSCG00000016151	ortholog_one2one	1
ENSMUSG00000025413	ENSSSCG00000003844	ortholog_one2one	1
ENSMUSG00000030911	ENSSSCG00000007851	ortholog_one2one	1
ENSMUSG00000027200	ENSSSCG00000004663	ortholog_one2one	1
ENSMUSG00000039294	ENSSSCG00000017127	ortholog_one2one	1
ENSMUSG00000042978	ENSSSCG00000060929	ortholog_one2one	1
ENSMUSG00000093910	ENSSSCG00000037890	ortholog_one2one	1
ENSMUSG00000030727	ENSSSCG00000007806	ortholog_one2one	1
ENSMUSG00000029227	ENSSSCG00000031636	ortholog_one2one	1
ENSMUSG00000051351	ENSSSCG00000035332	ortholog_one2one	1
ENSMUSG00000040690	ENSSSCG00000003603	ortholog_one2one	1
ENSMUSG00000047554	ENSSSCG00000014579	ortholog_one2one	1
ENSMUSG00000020366	ENSSSCG00000014010	ortholog_one2one	1
ENSMUSG00000008496	ENSSSCG00000037132	ortholog_one2one	1
ENSMUSG00000026554	ENSSSCG00000006388	ortholog_one2one	1
ENSMUSG00000025418	ENSSSCG00000020989	ortholog_one2one	1
ENSMUSG00000041025	ENSSSCG00000022839	ortholog_one2one	1
ENSMUSG00000028861	ENSSSCG00000034647	ortholog_one2one	1
ENSMUSG00000032314	ENSSSCG00000001862	ortholog_one2one	1
ENSMUSG00000028228	ENSSSCG00000006135	ortholog_one2one	1
ENSMUSG00000028649	ENSSSCG00000003654	ortholog_one2one	1
ENSMUSG00000000275	ENSSSCG00000017614	ortholog_one2one	1
ENSMUSG00000026159	ENSSSCG00000016248	ortholog_one2one	1
ENSMUSG00000001493	ENSSSCG00000017376	ortholog_one2one	1
ENSMUSG00000040824	ENSSSCG00000033500	ortholog_one2one	1
ENSMUSG00000032009	ENSSSCG00000037015	ortholog_one2one	1
ENSMUSG00000006205	ENSSSCG00000010703	ortholog_one2one	1
ENSMUSG00000040722	ENSSSCG00000001887	ortholog_one2one	1
ENSMUSG00000038909	ENSSSCG00000017553	ortholog_one2one	1
ENSMUSG00000029177	ENSSSCG00000038543	ortholog_one2one	1
ENSMUSG00000044244	ENSSSCG00000060620	ortholog_one2one	1
ENSMUSG00000032065	ENSSSCG00000058261	ortholog_one2one	1
ENSMUSG00000071415	ENSSSCG00000038880	ortholog_one2one	1
ENSMUSG00000032300	ENSSSCG00000001885	ortholog_one2one	1
ENSMUSG00000053046	ENSSSCG00000037337	ortholog_one2one	1
ENSMUSG00000032086	ENSSSCG00000015079	ortholog_one2one	1
ENSMUSG00000059439	ENSSSCG00000017676	ortholog_one2one	1
ENSMUSG00000050022	ENSSSCG00000007564	ortholog_one2one	1
ENSMUSG00000027430	ENSSSCG00000007098	ortholog_one2one	1
ENSMUSG00000029272	ENSSSCG00000039341	ortholog_one2one	1
ENSMUSG00000035780	ENSSSCG00000034976	ortholog_one2one	1
ENSMUSG00000011831	ENSSSCG00000006901	ortholog_one2one	1
ENSMUSG00000027603	ENSSSCG00000007285	ortholog_one2one	1
ENSMUSG00000038756	ENSSSCG00000017542	ortholog_one2one	1
ENSMUSG00000000317	ENSSSCG00000017927	ortholog_one2one	1
ENSMUSG00000040620	ENSSSCG00000039064	ortholog_one2one	1
ENSMUSG00000028923	ENSSSCG00000003477	ortholog_one2one	1
ENSMUSG00000015944	ENSSSCG00000024045	ortholog_one2one	1
ENSMUSG00000039753	ENSSSCG00000008740	ortholog_one2one	1
ENSMUSG00000047777	ENSSSCG00000027869	ortholog_one2one	1
ENSMUSG00000025579	ENSSSCG00000017156	ortholog_one2one	1
ENSMUSG00000028478	ENSSSCG00000037131	ortholog_one2one	1
ENSMUSG00000050730	ENSSSCG00000014976	ortholog_one2one	1
ENSMUSG00000038535	ENSSSCG00000026960	ortholog_one2one	1
ENSMUSG00000034636	ENSSSCG00000003857	ortholog_one2one	1
ENSMUSG00000026502	ENSSSCG00000010876	ortholog_one2one	1
ENSMUSG00000026790	ENSSSCG00000005651	ortholog_one2one	1
ENSMUSG00000040297	ENSSSCG00000015485	ortholog_one2one	1
ENSMUSG00000006218	ENSSSCG00000003470	ortholog_one2one	1
ENSMUSG00000028437	ENSSSCG00000021761	ortholog_one2one	1
ENSMUSG00000028233	ENSSSCG00000006251	ortholog_one2one	1
ENSMUSG00000044337	ENSSSCG00000016322	ortholog_one2one	1
ENSMUSG00000015961	ENSSSCG00000010874	ortholog_one2one	1
ENSMUSG00000040712	ENSSSCG00000017902	ortholog_one2one	1
ENSMUSG00000029597	ENSSSCG00000036865	ortholog_one2one	1
ENSMUSG00000051557	ENSSSCG00000003338	ortholog_one2one	1
ENSMUSG00000005374	ENSSSCG00000007709	ortholog_one2one	1
ENSMUSG00000029209	ENSSSCG00000008808	ortholog_one2one	1
ENSMUSG00000028830	ENSSSCG00000037121	ortholog_one2one	1
ENSMUSG00000048377	ENSSSCG00000010752	ortholog_one2one	1
ENSMUSG00000038618	ENSSSCG00000012854	ortholog_one2one	1
ENSMUSG00000032551	ENSSSCG00000032344	ortholog_one2one	1
ENSMUSG00000032265	ENSSSCG00000004464	ortholog_one2one	1
ENSMUSG00000034563	ENSSSCG00000004610	ortholog_one2one	1
ENSMUSG00000031068	ENSSSCG00000010759	ortholog_one2one	1
ENSMUSG00000034855	ENSSSCG00000032474	ortholog_one2one	1
ENSMUSG00000035851	ENSSSCG00000035505	ortholog_one2one	1
ENSMUSG00000030382	ENSSSCG00000031449	ortholog_one2one	1
ENSMUSG00000004771	ENSSSCG00000032312	ortholog_one2one	1
ENSMUSG00000042492	ENSSSCG00000007798	ortholog_one2one	1
ENSMUSG00000032328	ENSSSCG00000033155	ortholog_one2one	1
ENSMUSG00000045349	ENSSSCG00000003509	ortholog_one2one	1
ENSMUSG00000039452	ENSSSCG00000037275	ortholog_one2one	1
ENSMUSG00000039585	ENSSSCG00000004979	ortholog_one2one	1
ENSMUSG00000026031	ENSSSCG00000016101	ortholog_one2one	1
ENSMUSG00000048920	ENSSSCG00000003103	ortholog_one2one	1
ENSMUSG00000042096	ENSSSCG00000009942	ortholog_one2one	1
ENSMUSG00000006307	ENSSSCG00000002895	ortholog_one2one	1
ENSMUSG00000028889	ENSSSCG00000040425	ortholog_one2one	1
ENSMUSG00000029491	ENSSSCG00000036645	ortholog_one2one	1
ENSMUSG00000028894	ENSSSCG00000003642	ortholog_one2one	1
ENSMUSG00000079562	ENSSSCG00000032304	ortholog_one2one	1
ENSMUSG00000074358	ENSSSCG00000003100	ortholog_one2one	1
ENSMUSG00000060568	ENSSSCG00000006321	ortholog_one2one	1
ENSMUSG00000026353	ENSSSCG00000015690	ortholog_one2one	1
ENSMUSG00000001942	ENSSSCG00000015196	ortholog_one2one	1
ENSMUSG00000029538	ENSSSCG00000009906	ortholog_one2one	1
ENSMUSG00000038540	ENSSSCG00000001789	ortholog_one2one	1
ENSMUSG00000028991	ENSSSCG00000003413	ortholog_one2one	1
ENSMUSG00000029530	ENSSSCG00000011316	ortholog_one2one	1
ENSMUSG00000018068	ENSSSCG00000017673	ortholog_one2one	1
ENSMUSG00000049281	ENSSSCG00000053283	ortholog_one2one	1
ENSMUSG00000045435	ENSSSCG00000038541	ortholog_one2one	1
ENSMUSG00000029510	ENSSSCG00000007649	ortholog_one2one	1
ENSMUSG00000014529	ENSSSCG00000027356	ortholog_one2one	1
ENSMUSG00000041836	ENSSSCG00000010755	ortholog_one2one	1
ENSMUSG00000026201	ENSSSCG00000016214	ortholog_one2one	1
ENSMUSG00000066383	ENSSSCG00000029827	ortholog_one2one	1
ENSMUSG00000041444	ENSSSCG00000015238	ortholog_one2one	1
ENSMUSG00000006931	ENSSSCG00000017429	ortholog_one2one	1
ENSMUSG00000050812	ENSSSCG00000005459	ortholog_one2one	1
ENSMUSG00000000278	ENSSSCG00000017617	ortholog_one2one	1
ENSMUSG00000029186	ENSSSCG00000027340	ortholog_one2one	1
ENSMUSG00000026447	ENSSSCG00000015283	ortholog_one2one	1
ENSMUSG00000029311	ENSSSCG00000009225	ortholog_one2one	1
ENSMUSG00000031988	ENSSSCG00000028123	ortholog_one2one	1
ENSMUSG00000079111	ENSSSCG00000031432	ortholog_one2one	1
ENSMUSG00000025155	ENSSSCG00000040352	ortholog_one2one	1
ENSMUSG00000029417	ENSSSCG00000032777	ortholog_one2one	1
ENSMUSG00000013593	ENSSSCG00000006358	ortholog_one2one	1
ENSMUSG00000032294	ENSSSCG00000001930	ortholog_one2one	1
ENSMUSG00000034826	ENSSSCG00000008979	ortholog_one2one	1
ENSMUSG00000030600	ENSSSCG00000032407	ortholog_one2one	1
ENSMUSG00000066800	ENSSSCG00000015549	ortholog_one2one	1
ENSMUSG00000037469	ENSSSCG00000002971	ortholog_one2one	1
ENSMUSG00000026567	ENSSSCG00000006305	ortholog_one2one	1
ENSMUSG00000029202	ENSSSCG00000023112	ortholog_one2one	1
ENSMUSG00000030945	ENSSSCG00000007858	ortholog_one2one	1
ENSMUSG00000042202	ENSSSCG00000003353	ortholog_one2one	1
ENSMUSG00000045205	ENSSSCG00000006098	ortholog_one2one	1
ENSMUSG00000055407	ENSSSCG00000014860	ortholog_one2one	1
ENSMUSG00000037434	ENSSSCG00000039472	ortholog_one2one	1
ENSMUSG00000026409	ENSSSCG00000015660	ortholog_one2one	1
ENSMUSG00000046223	ENSSSCG00000032434	ortholog_one2one	1
ENSMUSG00000030505	ENSSSCG00000013347	ortholog_one2one	1
ENSMUSG00000028807	ENSSSCG00000021457	ortholog_one2one	1
ENSMUSG00000061455	ENSSSCG00000005386	ortholog_one2one	1
ENSMUSG00000042078	ENSSSCG00000009941	ortholog_one2one	1
ENSMUSG00000028292	ENSSSCG00000004303	ortholog_one2one	1
ENSMUSG00000020728	ENSSSCG00000023992	ortholog_one2one	1
ENSMUSG00000050856	ENSSSCG00000023903	ortholog_one2one	1
ENSMUSG00000029673	ENSSSCG00000007727	ortholog_one2one	1
ENSMUSG00000029111	ENSSSCG00000008681	ortholog_one2one	1
ENSMUSG00000000889	ENSSSCG00000005742	ortholog_one2one	1
ENSMUSG00000029621	ENSSSCG00000007609	ortholog_one2one	1
ENSMUSG00000014867	ENSSSCG00000040710	ortholog_one2one	1
ENSMUSG00000025509	ENSSSCG00000012841	ortholog_one2one	1
ENSMUSG00000039913	ENSSSCG00000007061	ortholog_one2one	1
ENSMUSG00000028357	ENSSSCG00000005486	ortholog_one2one	1
ENSMUSG00000026211	ENSSSCG00000028052	ortholog_one2one	1
ENSMUSG00000029681	ENSSSCG00000007708	ortholog_one2one	1
ENSMUSG00000039662	ENSSSCG00000003369	ortholog_one2one	1
ENSMUSG00000026662	ENSSSCG00000031659	ortholog_one2one	1
ENSMUSG00000029136	ENSSSCG00000038001	ortholog_one2one	1
ENSMUSG00000070867	ENSSSCG00000037318	ortholog_one2one	1
ENSMUSG00000050565	ENSSSCG00000035741	ortholog_one2one	1
ENSMUSG00000035540	ENSSSCG00000027609	ortholog_one2one	1
ENSMUSG00000020272	ENSSSCG00000022478	ortholog_one2one	1
ENSMUSG00000054808	ENSSSCG00000002965	ortholog_one2one	1
ENSMUSG00000020534	ENSSSCG00000036208	ortholog_one2one	1
ENSMUSG00000027487	ENSSSCG00000007264	ortholog_one2one	1
ENSMUSG00000041559	ENSSSCG00000015270	ortholog_one2one	1
ENSMUSG00000026155	ENSSSCG00000004276	ortholog_one2one	1
ENSMUSG00000036553	ENSSSCG00000008722	ortholog_one2one	1
ENSMUSG00000037996	ENSSSCG00000005167	ortholog_one2one	1
ENSMUSG00000037926	ENSSSCG00000052963	ortholog_one2one	1
ENSMUSG00000026764	ENSSSCG00000022919	ortholog_one2one	1
ENSMUSG00000025162	ENSSSCG00000035852	ortholog_one2one	1
ENSMUSG00000042641	ENSSSCG00000015548	ortholog_one2one	1
ENSMUSG00000025743	ENSSSCG00000003592	ortholog_one2one	1
ENSMUSG00000028386	ENSSSCG00000005472	ortholog_one2one	1
ENSMUSG00000036822	ENSSSCG00000011004	ortholog_one2one	1
ENSMUSG00000044708	ENSSSCG00000031858	ortholog_one2one	1
ENSMUSG00000018199	ENSSSCG00000032055	ortholog_one2one	1
ENSMUSG00000037731	ENSSSCG00000003584	ortholog_one2one	1
ENSMUSG00000041351	ENSSSCG00000022029	ortholog_one2one	1
ENSMUSG00000046658	ENSSSCG00000023378	ortholog_one2one	1
ENSMUSG00000004872	ENSSSCG00000028418	ortholog_one2one	1
ENSMUSG00000038663	ENSSSCG00000001806	ortholog_one2one	1
ENSMUSG00000045288	ENSSSCG00000017223	ortholog_one2one	1
ENSMUSG00000026430	ENSSSCG00000031970	ortholog_one2one	1
ENSMUSG00000020936	ENSSSCG00000017339	ortholog_one2one	1
ENSMUSG00000063317	ENSSSCG00000030424	ortholog_one2one	1
ENSMUSG00000037913	ENSSSCG00000023785	ortholog_one2one	1
ENSMUSG00000030851	ENSSSCG00000013363	ortholog_one2one	1
ENSMUSG00000047773	ENSSSCG00000017609	ortholog_one2one	1
ENSMUSG00000029726	ENSSSCG00000023680	ortholog_one2one	1
ENSMUSG00000040532	ENSSSCG00000007715	ortholog_one2one	1
ENSMUSG00000001054	ENSSSCG00000014033	ortholog_one2one	1
ENSMUSG00000028226	ENSSSCG00000006132	ortholog_one2one	1
ENSMUSG00000030887	ENSSSCG00000026686	ortholog_one2one	1
ENSMUSG00000028838	ENSSSCG00000029558	ortholog_one2one	1
ENSMUSG00000037992	ENSSSCG00000017475	ortholog_one2one	1
ENSMUSG00000030674	ENSSSCG00000027454	ortholog_one2one	1
ENSMUSG00000053367	ENSSSCG00000049238	ortholog_one2one	1
ENSMUSG00000070570	ENSSSCG00000003170	ortholog_one2one	1
ENSMUSG00000020792	ENSSSCG00000017190	ortholog_one2one	1
ENSMUSG00000029195	ENSSSCG00000026297	ortholog_one2one	1
ENSMUSG00000025905	ENSSSCG00000006264	ortholog_one2one	1
ENSMUSG00000066043	ENSSSCG00000028973	ortholog_one2one	1
ENSMUSG00000049608	ENSSSCG00000035592	ortholog_one2one	1
ENSMUSG00000026542	ENSSSCG00000037268	ortholog_one2one	1
ENSMUSG00000008475	ENSSSCG00000015560	ortholog_one2one	1
ENSMUSG00000092192	ENSSSCG00000004608	ortholog_one2one	1
ENSMUSG00000096035	ENSSSCG00000034870	ortholog_one2one	1
ENSMUSG00000029458	ENSSSCG00000040595	ortholog_one2one	1
ENSMUSG00000040265	ENSSSCG00000038958	ortholog_one2one	1
ENSMUSG00000026785	ENSSSCG00000005657	ortholog_one2one	1
ENSMUSG00000032496	ENSSSCG00000029879	ortholog_one2one	1
ENSMUSG00000006445	ENSSSCG00000003471	ortholog_one2one	1
ENSMUSG00000078639	ENSSSCG00000003823	ortholog_one2one	1
ENSMUSG00000028391	ENSSSCG00000020987	ortholog_one2one	1
ENSMUSG00000078815	ENSSSCG00000003257	ortholog_one2one	1
ENSMUSG00000027285	ENSSSCG00000035719	ortholog_one2one	1
ENSMUSG00000032012	ENSSSCG00000015125	ortholog_one2one	1
ENSMUSG00000031028	ENSSSCG00000014581	ortholog_one2one	1
ENSMUSG00000039542	ENSSSCG00000015045	ortholog_one2one	1
ENSMUSG00000026917	ENSSSCG00000024912	ortholog_one2one	1
ENSMUSG00000032531	ENSSSCG00000011643	ortholog_one2one	1
ENSMUSG00000078796	ENSSSCG00000003119	ortholog_one2one	1
ENSMUSG00000029472	ENSSSCG00000009814	ortholog_one2one	1
ENSMUSG00000063229	ENSSSCG00000013366	ortholog_one2one	1
ENSMUSG00000035031	ENSSSCG00000003835	ortholog_one2one	1
ENSMUSG00000028676	ENSSSCG00000036293	ortholog_one2one	1
ENSMUSG00000053716	ENSSSCG00000059013	ortholog_one2one	1
ENSMUSG00000026640	ENSSSCG00000026412	ortholog_one2one	1
ENSMUSG00000001943	ENSSSCG00000015199	ortholog_one2one	1
ENSMUSG00000028753	ENSSSCG00000003503	ortholog_one2one	1
ENSMUSG00000032224	ENSSSCG00000004586	ortholog_one2one	1
ENSMUSG00000042686	ENSSSCG00000006174	ortholog_one2one	1
ENSMUSG00000032013	ENSSSCG00000015126	ortholog_one2one	1
ENSMUSG00000036155	ENSSSCG00000015701	ortholog_one2one	1
ENSMUSG00000031995	ENSSSCG00000015246	ortholog_one2one	1
ENSMUSG00000027346	ENSSSCG00000007043	ortholog_one2one	1
ENSMUSG00000026520	ENSSSCG00000010855	ortholog_one2one	1
ENSMUSG00000029656	ENSSSCG00000003834	ortholog_one2one	1
ENSMUSG00000041757	ENSSSCG00000015281	ortholog_one2one	1
ENSMUSG00000032228	ENSSSCG00000004600	ortholog_one2one	1
ENSMUSG00000047084	ENSSSCG00000055255	ortholog_one2one	1
ENSMUSG00000028476	ENSSSCG00000005338	ortholog_one2one	1
ENSMUSG00000030766	ENSSSCG00000031488	ortholog_one2one	1
ENSMUSG00000028454	ENSSSCG00000005303	ortholog_one2one	1
ENSMUSG00000000690	ENSSSCG00000017539	ortholog_one2one	1
ENSMUSG00000020458	ENSSSCG00000032007	ortholog_one2one	1
ENSMUSG00000026104	ENSSSCG00000016057	ortholog_one2one	1
ENSMUSG00000008932	ENSSSCG00000003852	ortholog_one2one	1
ENSMUSG00000028523	ENSSSCG00000031352	ortholog_one2one	1
ENSMUSG00000066151	ENSSSCG00000005477	ortholog_one2one	1
ENSMUSG00000044502	ENSSSCG00000016982	ortholog_one2one	1
ENSMUSG00000058756	ENSSSCG00000035969	ortholog_one2one	1
ENSMUSG00000032507	ENSSSCG00000039802	ortholog_one2one	1
ENSMUSG00000020377	ENSSSCG00000028488	ortholog_one2one	1
ENSMUSG00000030798	ENSSSCG00000033849	ortholog_one2one	1
ENSMUSG00000036835	ENSSSCG00000032059	ortholog_one2one	1
ENSMUSG00000048076	ENSSSCG00000013992	ortholog_one2one	1
ENSMUSG00000047945	ENSSSCG00000031380	ortholog_one2one	1
ENSMUSG00000030946	ENSSSCG00000010735	ortholog_one2one	1
ENSMUSG00000052117	ENSSSCG00000005452	ortholog_one2one	1
ENSMUSG00000028656	ENSSSCG00000003672	ortholog_one2one	1
ENSMUSG00000030895	ENSSSCG00000014626	ortholog_one2one	1
ENSMUSG00000020461	ENSSSCG00000008402	ortholog_one2one	1
ENSMUSG00000041012	ENSSSCG00000022618	ortholog_one2one	1
ENSMUSG00000047040	ENSSSCG00000054179	ortholog_one2one	1
ENSMUSG00000036264	ENSSSCG00000014293	ortholog_one2one	1
ENSMUSG00000030401	ENSSSCG00000036870	ortholog_one2one	1
ENSMUSG00000049305	ENSSSCG00000011378	ortholog_one2one	1
ENSMUSG00000025239	ENSSSCG00000011313	ortholog_one2one	1
ENSMUSG00000049807	ENSSSCG00000018058	ortholog_one2one	1
ENSMUSG00000010048	ENSSSCG00000051852	ortholog_one2one	1
ENSMUSG00000028464	ENSSSCG00000005316	ortholog_one2one	1
ENSMUSG00000017686	ENSSSCG00000017735	ortholog_one2one	1
ENSMUSG00000040940	ENSSSCG00000003040	ortholog_one2one	1
ENSMUSG00000055334	ENSSSCG00000001877	ortholog_one2one	1
ENSMUSG00000038412	ENSSSCG00000011290	ortholog_one2one	1
ENSMUSG00000028587	ENSSSCG00000003861	ortholog_one2one	1
ENSMUSG00000079084	ENSSSCG00000014972	ortholog_one2one	1
ENSMUSG00000032381	ENSSSCG00000034124	ortholog_one2one	1
ENSMUSG00000032536	ENSSSCG00000011278	ortholog_one2one	1
ENSMUSG00000071014	ENSSSCG00000011003	ortholog_one2one	1
ENSMUSG00000028931	ENSSSCG00000020749	ortholog_one2one	1
ENSMUSG00000032400	ENSSSCG00000004946	ortholog_one2one	1
ENSMUSG00000029127	ENSSSCG00000008728	ortholog_one2one	1
ENSMUSG00000027007	ENSSSCG00000038730	ortholog_one2one	1
ENSMUSG00000029176	ENSSSCG00000025902	ortholog_one2one	1
ENSMUSG00000085576	ENSSSCG00000016663	ortholog_one2one	1
ENSMUSG00000061584	ENSSSCG00000053360	ortholog_one2one	1
ENSMUSG00000026283	ENSSSCG00000032505	ortholog_one2one	1
ENSMUSG00000035919	ENSSSCG00000024754	ortholog_one2one	1
ENSMUSG00000026455	ENSSSCG00000022787	ortholog_one2one	1
ENSMUSG00000026788	ENSSSCG00000032752	ortholog_one2one	1
ENSMUSG00000027177	ENSSSCG00000013312	ortholog_one2one	1
ENSMUSG00000028849	ENSSSCG00000003637	ortholog_one2one	1
ENSMUSG00000079550	ENSSSCG00000026184	ortholog_one2one	1
ENSMUSG00000042414	ENSSSCG00000006195	ortholog_one2one	1
ENSMUSG00000074764	ENSSSCG00000007078	ortholog_one2one	1
ENSMUSG00000026941	ENSSSCG00000005832	ortholog_one2one	1
ENSMUSG00000032020	ENSSSCG00000015136	ortholog_one2one	1
ENSMUSG00000051149	ENSSSCG00000007473	ortholog_one2one	1
ENSMUSG00000013275	ENSSSCG00000020783	ortholog_one2one	1
ENSMUSG00000068264	ENSSSCG00000033297	ortholog_one2one	1
ENSMUSG00000026110	ENSSSCG00000008188	ortholog_one2one	1
ENSMUSG00000032067	ENSSSCG00000015040	ortholog_one2one	1
ENSMUSG00000028688	ENSSSCG00000003918	ortholog_one2one	1
ENSMUSG00000029269	ENSSSCG00000032374	ortholog_one2one	1
ENSMUSG00000017734	ENSSSCG00000033586	ortholog_one2one	1
ENSMUSG00000026509	ENSSSCG00000029411	ortholog_one2one	1
ENSMUSG00000045268	ENSSSCG00000040559	ortholog_one2one	1
ENSMUSG00000040183	ENSSSCG00000004322	ortholog_one2one	1
ENSMUSG00000017652	ENSSSCG00000035078	ortholog_one2one	1
ENSMUSG00000032194	ENSSSCG00000039194	ortholog_one2one	1
ENSMUSG00000016520	ENSSSCG00000009308	ortholog_one2one	1
ENSMUSG00000038866	ENSSSCG00000004897	ortholog_one2one	1
ENSMUSG00000032850	ENSSSCG00000009862	ortholog_one2one	1
ENSMUSG00000016087	ENSSSCG00000015237	ortholog_one2one	1
ENSMUSG00000015092	ENSSSCG00000038203	ortholog_one2one	1
ENSMUSG00000070283	ENSSSCG00000011371	ortholog_one2one	1
ENSMUSG00000038235	ENSSSCG00000006369	ortholog_one2one	1
ENSMUSG00000037705	ENSSSCG00000023728	ortholog_one2one	1
ENSMUSG00000063659	ENSSSCG00000060083	ortholog_one2one	1
ENSMUSG00000026637	ENSSSCG00000021068	ortholog_one2one	1
ENSMUSG00000006471	ENSSSCG00000005859	ortholog_one2one	1
ENSMUSG00000070565	ENSSSCG00000015519	ortholog_one2one	1
ENSMUSG00000111063	ENSSSCG00000011310	ortholog_one2one	1
ENSMUSG00000032306	ENSSSCG00000024990	ortholog_one2one	1
ENSMUSG00000026575	ENSSSCG00000006294	ortholog_one2one	1
ENSMUSG00000018143	ENSSSCG00000057358	ortholog_one2one	1
ENSMUSG00000029206	ENSSSCG00000024496	ortholog_one2one	1
ENSMUSG00000020160	ENSSSCG00000039161	ortholog_one2one	1
ENSMUSG00000032202	ENSSSCG00000004612	ortholog_one2one	1
ENSMUSG00000026019	ENSSSCG00000016116	ortholog_one2one	1
ENSMUSG00000048373	ENSSSCG00000008741	ortholog_one2one	1
ENSMUSG00000028938	ENSSSCG00000016431	ortholog_one2one	1
ENSMUSG00000028670	ENSSSCG00000023191	ortholog_one2one	1
ENSMUSG00000019189	ENSSSCG00000017043	ortholog_one2one	1
ENSMUSG00000034118	ENSSSCG00000007737	ortholog_one2one	1
ENSMUSG00000037405	ENSSSCG00000013655	ortholog_one2one	1
ENSMUSG00000066456	ENSSSCG00000004470	ortholog_one2one	1
ENSMUSG00000028927	ENSSSCG00000026478	ortholog_one2one	1
ENSMUSG00000018076	ENSSSCG00000009864	ortholog_one2one	1
ENSMUSG00000020775	ENSSSCG00000017196	ortholog_one2one	1
ENSMUSG00000041872	ENSSSCG00000054125	ortholog_one2one	1
ENSMUSG00000034919	ENSSSCG00000056444	ortholog_one2one	1
ENSMUSG00000029033	ENSSSCG00000003329	ortholog_one2one	1
ENSMUSG00000040204	ENSSSCG00000004554	ortholog_one2one	1
ENSMUSG00000007815	ENSSSCG00000022080	ortholog_one2one	1
ENSMUSG00000029376	ENSSSCG00000008961	ortholog_one2one	1
ENSMUSG00000009079	ENSSSCG00000009974	ortholog_one2one	1
ENSMUSG00000037351	ENSSSCG00000008194	ortholog_one2one	1
ENSMUSG00000033773	ENSSSCG00000006903	ortholog_one2one	1
ENSMUSG00000000168	ENSSSCG00000015030	ortholog_one2one	1
ENSMUSG00000032058	ENSSSCG00000029538	ortholog_one2one	1
ENSMUSG00000041406	ENSSSCG00000006284	ortholog_one2one	1
ENSMUSG00000040174	ENSSSCG00000040937	ortholog_one2one	1
ENSMUSG00000028552	ENSSSCG00000003872	ortholog_one2one	1
ENSMUSG00000028954	ENSSSCG00000016438	ortholog_one2one	1
ENSMUSG00000026156	ENSSSCG00000026246	ortholog_one2one	1
ENSMUSG00000037318	ENSSSCG00000032721	ortholog_one2one	1
ENSMUSG00000033590	ENSSSCG00000004621	ortholog_one2one	1
ENSMUSG00000062372	ENSSSCG00000037751	ortholog_one2one	1
ENSMUSG00000019370	ENSSSCG00000022545	ortholog_one2one	1
ENSMUSG00000032120	ENSSSCG00000015111	ortholog_one2one	1
ENSMUSG00000028373	ENSSSCG00000005502	ortholog_one2one	1
ENSMUSG00000030972	ENSSSCG00000026453	ortholog_one2one	1
ENSMUSG00000026659	ENSSSCG00000006347	ortholog_one2one	1
ENSMUSG00000026858	ENSSSCG00000005669	ortholog_one2one	1
ENSMUSG00000026519	ENSSSCG00000010854	ortholog_one2one	1
ENSMUSG00000000085	ENSSSCG00000003971	ortholog_one2one	1
ENSMUSG00000030513	ENSSSCG00000005785	ortholog_one2one	1
ENSMUSG00000028214	ENSSSCG00000006105	ortholog_one2one	1
ENSMUSG00000038305	ENSSSCG00000016090	ortholog_one2one	1
ENSMUSG00000042073	ENSSSCG00000042259	ortholog_one2one	1
ENSMUSG00000045948	ENSSSCG00000031860	ortholog_one2one	1
ENSMUSG00000070469	ENSSSCG00000001793	ortholog_one2one	1
ENSMUSG00000032532	ENSSSCG00000011277	ortholog_one2one	1
ENSMUSG00000029310	ENSSSCG00000053724	ortholog_one2one	1
ENSMUSG00000032360	ENSSSCG00000001481	ortholog_one2one	1
ENSMUSG00000037060	ENSSSCG00000014633	ortholog_one2one	1
ENSMUSG00000030994	ENSSSCG00000010747	ortholog_one2one	1
ENSMUSG00000043659	ENSSSCG00000016664	ortholog_one2one	1
ENSMUSG00000029422	ENSSSCG00000009791	ortholog_one2one	1
ENSMUSG00000043987	ENSSSCG00000015080	ortholog_one2one	1
ENSMUSG00000027367	ENSSSCG00000008132	ortholog_one2one	1
ENSMUSG00000020928	ENSSSCG00000017347	ortholog_one2one	1
ENSMUSG00000044430	ENSSSCG00000032280	ortholog_one2one	1
ENSMUSG00000004040	ENSSSCG00000017403	ortholog_one2one	1
ENSMUSG00000078762	ENSSSCG00000002904	ortholog_one2one	1
ENSMUSG00000010660	ENSSSCG00000027550	ortholog_one2one	1
ENSMUSG00000051910	ENSSSCG00000034191	ortholog_one2one	1
ENSMUSG00000044134	ENSSSCG00000009832	ortholog_one2one	1
ENSMUSG00000004096	ENSSSCG00000014961	ortholog_one2one	1
ENSMUSG00000039210	ENSSSCG00000027207	ortholog_one2one	1
ENSMUSG00000029674	ENSSSCG00000030378	ortholog_one2one	1
ENSMUSG00000040479	ENSSSCG00000013259	ortholog_one2one	1
ENSMUSG00000029377	ENSSSCG00000038185	ortholog_one2one	1
ENSMUSG00000056004	ENSSSCG00000015394	ortholog_one2one	1
ENSMUSG00000052336	ENSSSCG00000024024	ortholog_one2one	1
ENSMUSG00000026177	ENSSSCG00000039798	ortholog_one2one	1
ENSMUSG00000032327	ENSSSCG00000001909	ortholog_one2one	1
ENSMUSG00000025937	ENSSSCG00000006192	ortholog_one2one	1
ENSMUSG00000038296	ENSSSCG00000013403	ortholog_one2one	1
ENSMUSG00000030929	ENSSSCG00000034074	ortholog_one2one	1
ENSMUSG00000026024	ENSSSCG00000016109	ortholog_one2one	1
ENSMUSG00000018845	ENSSSCG00000017717	ortholog_one2one	1
ENSMUSG00000032733	ENSSSCG00000001875	ortholog_one2one	1
ENSMUSG00000032285	ENSSSCG00000037646	ortholog_one2one	1
ENSMUSG00000030376	ENSSSCG00000029567	ortholog_one2one	1
ENSMUSG00000029012	ENSSSCG00000015427	ortholog_one2one	1
ENSMUSG00000030663	ENSSSCG00000040570	ortholog_one2one	1
ENSMUSG00000040857	ENSSSCG00000032154	ortholog_one2one	1
ENSMUSG00000055320	ENSSSCG00000013399	ortholog_one2one	1
ENSMUSG00000020712	ENSSSCG00000017285	ortholog_one2one	1
ENSMUSG00000034724	ENSSSCG00000008989	ortholog_one2one	1
ENSMUSG00000020340	ENSSSCG00000017054	ortholog_one2one	1
ENSMUSG00000030796	ENSSSCG00000025568	ortholog_one2one	1
ENSMUSG00000118665	ENSSSCG00000009242	ortholog_one2one	1
ENSMUSG00000043614	ENSSSCG00000033358	ortholog_one2one	1
ENSMUSG00000040866	ENSSSCG00000040714	ortholog_one2one	1
ENSMUSG00000029291	ENSSSCG00000025514	ortholog_one2one	1
ENSMUSG00000030650	ENSSSCG00000007868	ortholog_one2one	1
ENSMUSG00000039176	ENSSSCG00000001838	ortholog_one2one	1
ENSMUSG00000027131	ENSSSCG00000039550	ortholog_one2one	1
ENSMUSG00000016510	ENSSSCG00000037313	ortholog_one2one	1
ENSMUSG00000057181	ENSSSCG00000017733	ortholog_one2one	1
ENSMUSG00000026879	ENSSSCG00000037508	ortholog_one2one	1
ENSMUSG00000029503	ENSSSCG00000009735	ortholog_one2one	1
ENSMUSG00000017837	ENSSSCG00000017418	ortholog_one2one	1
ENSMUSG00000093445	ENSSSCG00000007667	ortholog_one2one	1
ENSMUSG00000009090	ENSSSCG00000009978	ortholog_one2one	1
ENSMUSG00000045294	ENSSSCG00000016420	ortholog_one2one	1
ENSMUSG00000028780	ENSSSCG00000023784	ortholog_one2one	1
ENSMUSG00000029203	ENSSSCG00000033602	ortholog_one2one	1
ENSMUSG00000029348	ENSSSCG00000009959	ortholog_one2one	1
ENSMUSG00000029156	ENSSSCG00000058015	ortholog_one2one	1
ENSMUSG00000029217	ENSSSCG00000008820	ortholog_one2one	1
ENSMUSG00000020873	ENSSSCG00000033731	ortholog_one2one	1
ENSMUSG00000078789	ENSSSCG00000028078	ortholog_one2one	1
ENSMUSG00000034187	ENSSSCG00000017316	ortholog_one2one	1
ENSMUSG00000034528	ENSSSCG00000057393	ortholog_one2one	1
ENSMUSG00000030717	ENSSSCG00000040162	ortholog_one2one	1
ENSMUSG00000030869	ENSSSCG00000010795	ortholog_one2one	1
ENSMUSG00000029167	ENSSSCG00000029275	ortholog_one2one	1
ENSMUSG00000052512	ENSSSCG00000013351	ortholog_one2one	1
ENSMUSG00000053291	ENSSSCG00000002996	ortholog_one2one	1
ENSMUSG00000039095	ENSSSCG00000035324	ortholog_one2one	1
ENSMUSG00000035285	ENSSSCG00000058832	ortholog_one2one	1
ENSMUSG00000040907	ENSSSCG00000003045	ortholog_one2one	1
ENSMUSG00000056310	ENSSSCG00000007733	ortholog_one2one	1
ENSMUSG00000029276	ENSSSCG00000006904	ortholog_one2one	1
ENSMUSG00000026887	ENSSSCG00000005532	ortholog_one2one	1
ENSMUSG00000000751	ENSSSCG00000017822	ortholog_one2one	1
ENSMUSG00000002603	ENSSSCG00000003017	ortholog_one2one	1
ENSMUSG00000100254	ENSSSCG00000014799	ortholog_one2one	1
ENSMUSG00000019737	ENSSSCG00000002929	ortholog_one2one	1
ENSMUSG00000039128	ENSSSCG00000011112	ortholog_one2one	1
ENSMUSG00000030979	ENSSSCG00000010742	ortholog_one2one	1
ENSMUSG00000029469	ENSSSCG00000009818	ortholog_one2one	1
ENSMUSG00000055805	ENSSSCG00000017333	ortholog_one2one	1
ENSMUSG00000030707	ENSSSCG00000038055	ortholog_one2one	1
ENSMUSG00000027574	ENSSSCG00000036544	ortholog_one2one	1
ENSMUSG00000029153	ENSSSCG00000008829	ortholog_one2one	1
ENSMUSG00000020415	ENSSSCG00000017032	ortholog_one2one	1
ENSMUSG00000029135	ENSSSCG00000032527	ortholog_one2one	1
ENSMUSG00000038828	ENSSSCG00000008559	ortholog_one2one	1
ENSMUSG00000042548	ENSSSCG00000007248	ortholog_one2one	1
ENSMUSG00000000202	ENSSSCG00000059713	ortholog_one2one	1
ENSMUSG00000026830	ENSSSCG00000034503	ortholog_one2one	1
ENSMUSG00000068205	ENSSSCG00000030112	ortholog_one2one	1
ENSMUSG00000035227	ENSSSCG00000014850	ortholog_one2one	1
ENSMUSG00000048807	ENSSSCG00000010012	ortholog_one2one	1
ENSMUSG00000018800	ENSSSCG00000017255	ortholog_one2one	1
ENSMUSG00000058966	ENSSSCG00000037193	ortholog_one2one	1
ENSMUSG00000000305	ENSSSCG00000025784	ortholog_one2one	1
ENSMUSG00000038046	ENSSSCG00000017806	ortholog_one2one	1
ENSMUSG00000032852	ENSSSCG00000007197	ortholog_one2one	1
ENSMUSG00000040133	ENSSSCG00000004787	ortholog_one2one	1
ENSMUSG00000000093	ENSSSCG00000027060	ortholog_one2one	1
ENSMUSG00000001767	ENSSSCG00000038587	ortholog_one2one	1
ENSMUSG00000029319	ENSSSCG00000009238	ortholog_one2one	1
ENSMUSG00000020805	ENSSSCG00000017888	ortholog_one2one	1
ENSMUSG00000039501	ENSSSCG00000030108	ortholog_one2one	1
ENSMUSG00000044367	ENSSSCG00000017926	ortholog_one2one	1
ENSMUSG00000053113	ENSSSCG00000036956	ortholog_one2one	1
ENSMUSG00000029385	ENSSSCG00000008988	ortholog_one2one	1
ENSMUSG00000047342	ENSSSCG00000018029	ortholog_one2one	1
ENSMUSG00000026966	ENSSSCG00000040396	ortholog_one2one	1
ENSMUSG00000027171	ENSSSCG00000013313	ortholog_one2one	1
ENSMUSG00000020717	ENSSSCG00000017277	ortholog_one2one	1
ENSMUSG00000013495	ENSSSCG00000038234	ortholog_one2one	1
ENSMUSG00000079043	ENSSSCG00000045134	ortholog_one2one	1
ENSMUSG00000037254	ENSSSCG00000011128	ortholog_one2one	1
ENSMUSG00000027474	ENSSSCG00000007239	ortholog_one2one	1
ENSMUSG00000033943	ENSSSCG00000004739	ortholog_one2one	1
ENSMUSG00000028771	ENSSSCG00000015411	ortholog_one2one	1
ENSMUSG00000051498	ENSSSCG00000026592	ortholog_one2one	1
ENSMUSG00000037224	ENSSSCG00000008689	ortholog_one2one	1
ENSMUSG00000059772	ENSSSCG00000035561	ortholog_one2one	1
ENSMUSG00000064023	ENSSSCG00000034400	ortholog_one2one	1
ENSMUSG00000000915	ENSSSCG00000009786	ortholog_one2one	1
ENSMUSG00000062542	ENSSSCG00000014599	ortholog_one2one	1
ENSMUSG00000027463	ENSSSCG00000007199	ortholog_one2one	1
ENSMUSG00000040331	ENSSSCG00000010700	ortholog_one2one	1
ENSMUSG00000027296	ENSSSCG00000004746	ortholog_one2one	1
ENSMUSG00000036931	ENSSSCG00000002917	ortholog_one2one	1
ENSMUSG00000058740	ENSSSCG00000005762	ortholog_one2one	1
ENSMUSG00000035545	ENSSSCG00000030857	ortholog_one2one	1
ENSMUSG00000025538	ENSSSCG00000007745	ortholog_one2one	1
ENSMUSG00000030986	ENSSSCG00000010744	ortholog_one2one	1
ENSMUSG00000029401	ENSSSCG00000009778	ortholog_one2one	1
ENSMUSG00000048578	ENSSSCG00000009914	ortholog_one2one	1
ENSMUSG00000049550	ENSSSCG00000009793	ortholog_one2one	1
ENSMUSG00000034875	ENSSSCG00000036294	ortholog_one2one	1
ENSMUSG00000058420	ENSSSCG00000022200	ortholog_one2one	1
ENSMUSG00000074129	ENSSSCG00000052671	ortholog_one2one	1
ENSMUSG00000037938	ENSSSCG00000008094	ortholog_one2one	1
ENSMUSG00000098789	ENSSSCG00000057430	ortholog_one2one	1
ENSMUSG00000074934	ENSSSCG00000033657	ortholog_one2one	1
ENSMUSG00000027223	ENSSSCG00000013269	ortholog_one2one	1
ENSMUSG00000042831	ENSSSCG00000002910	ortholog_one2one	1
ENSMUSG00000017299	ENSSSCG00000007422	ortholog_one2one	1
ENSMUSG00000037393	ENSSSCG00000017076	ortholog_one2one	1
ENSMUSG00000049892	ENSSSCG00000034044	ortholog_one2one	1
ENSMUSG00000034520	ENSSSCG00000021306	ortholog_one2one	1
ENSMUSG00000063931	ENSSSCG00000002868	ortholog_one2one	1
ENSMUSG00000020182	ENSSSCG00000022009	ortholog_one2one	1
ENSMUSG00000030498	ENSSSCG00000031940	ortholog_one2one	1
ENSMUSG00000001445	ENSSSCG00000017519	ortholog_one2one	1
ENSMUSG00000035228	ENSSSCG00000035081	ortholog_one2one	1
ENSMUSG00000054079	ENSSSCG00000017593	ortholog_one2one	1
ENSMUSG00000053580	ENSSSCG00000017298	ortholog_one2one	1
ENSMUSG00000034947	ENSSSCG00000025856	ortholog_one2one	1
ENSMUSG00000051510	ENSSSCG00000035253	ortholog_one2one	1
ENSMUSG00000018501	ENSSSCG00000018039	ortholog_one2one	1
ENSMUSG00000010760	ENSSSCG00000021597	ortholog_one2one	1
ENSMUSG00000026956	ENSSSCG00000040003	ortholog_one2one	1
ENSMUSG00000055409	ENSSSCG00000039940	ortholog_one2one	1
ENSMUSG00000034101	ENSSSCG00000013174	ortholog_one2one	1
ENSMUSG00000051811	ENSSSCG00000035612	ortholog_one2one	1
ENSMUSG00000008461	ENSSSCG00000038580	ortholog_one2one	1
ENSMUSG00000030792	ENSSSCG00000038579	ortholog_one2one	1
ENSMUSG00000070699	ENSSSCG00000002972	ortholog_one2one	1
ENSMUSG00000006154	ENSSSCG00000026417	ortholog_one2one	1
ENSMUSG00000037979	ENSSSCG00000009764	ortholog_one2one	1
ENSMUSG00000029713	ENSSSCG00000007669	ortholog_one2one	1
ENSMUSG00000039850	ENSSSCG00000030277	ortholog_one2one	1
ENSMUSG00000030399	ENSSSCG00000036132	ortholog_one2one	1
ENSMUSG00000020859	ENSSSCG00000033228	ortholog_one2one	1
ENSMUSG00000032898	ENSSSCG00000009858	ortholog_one2one	1
ENSMUSG00000030924	ENSSSCG00000007855	ortholog_one2one	1
ENSMUSG00000057229	ENSSSCG00000032711	ortholog_one2one	1
ENSMUSG00000025504	ENSSSCG00000012848	ortholog_one2one	1
ENSMUSG00000029575	ENSSSCG00000009932	ortholog_one2one	1
ENSMUSG00000052783	ENSSSCG00000008694	ortholog_one2one	1
ENSMUSG00000039206	ENSSSCG00000027288	ortholog_one2one	1
ENSMUSG00000059588	ENSSSCG00000016031	ortholog_one2one	1
ENSMUSG00000026827	ENSSSCG00000015872	ortholog_one2one	1
ENSMUSG00000090061	ENSSSCG00000008770	ortholog_one2one	1
ENSMUSG00000029595	ENSSSCG00000009869	ortholog_one2one	1
ENSMUSG00000066278	ENSSSCG00000028889	ortholog_one2one	1
ENSMUSG00000017188	ENSSSCG00000057849	ortholog_one2one	1
ENSMUSG00000017615	ENSSSCG00000024626	ortholog_one2one	1
ENSMUSG00000034848	ENSSSCG00000015908	ortholog_one2one	1
ENSMUSG00000029610	ENSSSCG00000024245	ortholog_one2one	1
ENSMUSG00000014351	ENSSSCG00000026330	ortholog_one2one	1
ENSMUSG00000036323	ENSSSCG00000008900	ortholog_one2one	1
ENSMUSG00000000804	ENSSSCG00000039473	ortholog_one2one	1
ENSMUSG00000027546	ENSSSCG00000007478	ortholog_one2one	1
ENSMUSG00000030967	ENSSSCG00000010738	ortholog_one2one	1
ENSMUSG00000020330	ENSSSCG00000017022	ortholog_one2one	1
ENSMUSG00000005553	ENSSSCG00000002902	ortholog_one2one	1
ENSMUSG00000015837	ENSSSCG00000014016	ortholog_one2one	1
ENSMUSG00000043310	ENSSSCG00000014757	ortholog_one2one	1
ENSMUSG00000030759	ENSSSCG00000021170	ortholog_one2one	1
ENSMUSG00000110195	ENSSSCG00000029388	ortholog_one2one	1
ENSMUSG00000019505	ENSSSCG00000018033	ortholog_one2one	1
ENSMUSG00000002059	ENSSSCG00000017769	ortholog_one2one	1
ENSMUSG00000017631	ENSSSCG00000017804	ortholog_one2one	1
ENSMUSG00000023104	ENSSSCG00000028504	ortholog_one2one	1
ENSMUSG00000035355	ENSSSCG00000017411	ortholog_one2one	1
ENSMUSG00000020492	ENSSSCG00000034217	ortholog_one2one	1
ENSMUSG00000049327	ENSSSCG00000009777	ortholog_one2one	1
ENSMUSG00000020719	ENSSSCG00000032092	ortholog_one2one	1
ENSMUSG00000079502	ENSSSCG00000005727	ortholog_one2one	1
ENSMUSG00000009549	ENSSSCG00000004785	ortholog_one2one	1
ENSMUSG00000029622	ENSSSCG00000007625	ortholog_one2one	1
ENSMUSG00000049744	ENSSSCG00000015671	ortholog_one2one	1
ENSMUSG00000053702	ENSSSCG00000011090	ortholog_one2one	1
ENSMUSG00000025478	ENSSSCG00000010762	ortholog_one2one	1
ENSMUSG00000040850	ENSSSCG00000008412	ortholog_one2one	1
ENSMUSG00000078949	ENSSSCG00000007370	ortholog_one2one	1
ENSMUSG00000036813	ENSSSCG00000005852	ortholog_one2one	1
ENSMUSG00000029286	ENSSSCG00000008938	ortholog_one2one	1
ENSMUSG00000027078	ENSSSCG00000023379	ortholog_one2one	1
ENSMUSG00000025512	ENSSSCG00000012837	ortholog_one2one	1
ENSMUSG00000029148	ENSSSCG00000022454	ortholog_one2one	1
ENSMUSG00000000826	ENSSSCG00000031602	ortholog_one2one	1
ENSMUSG00000020718	ENSSSCG00000036057	ortholog_one2one	1
ENSMUSG00000019312	ENSSSCG00000017495	ortholog_one2one	1
ENSMUSG00000036281	ENSSSCG00000038262	ortholog_one2one	1
ENSMUSG00000020755	ENSSSCG00000017205	ortholog_one2one	1
ENSMUSG00000002980	ENSSSCG00000020657	ortholog_one2one	1
ENSMUSG00000066640	ENSSSCG00000038526	ortholog_one2one	1
ENSMUSG00000020409	ENSSSCG00000017033	ortholog_one2one	1
ENSMUSG00000042272	ENSSSCG00000016005	ortholog_one2one	1
ENSMUSG00000063651	ENSSSCG00000027022	ortholog_one2one	1
ENSMUSG00000008683	ENSSSCG00000035768	ortholog_one2one	1
ENSMUSG00000029307	ENSSSCG00000009220	ortholog_one2one	1
ENSMUSG00000078566	ENSSSCG00000024388	ortholog_one2one	1
ENSMUSG00000000125	ENSSSCG00000017317	ortholog_one2one	1
ENSMUSG00000033540	ENSSSCG00000032262	ortholog_one2one	1
ENSMUSG00000049604	ENSSSCG00000017541	ortholog_one2one	1
ENSMUSG00000040699	ENSSSCG00000040509	ortholog_one2one	1
ENSMUSG00000017868	ENSSSCG00000024325	ortholog_one2one	1
ENSMUSG00000030522	ENSSSCG00000004844	ortholog_one2one	1
ENSMUSG00000051043	ENSSSCG00000040989	ortholog_one2one	1
ENSMUSG00000026880	ENSSSCG00000036639	ortholog_one2one	1
ENSMUSG00000058975	ENSSSCG00000013374	ortholog_one2one	1
ENSMUSG00000020803	ENSSSCG00000035820	ortholog_one2one	1
ENSMUSG00000066232	ENSSSCG00000028886	ortholog_one2one	1
ENSMUSG00000018566	ENSSSCG00000023915	ortholog_one2one	1
ENSMUSG00000026864	ENSSSCG00000005601	ortholog_one2one	1
ENSMUSG00000042240	ENSSSCG00000009955	ortholog_one2one	1
ENSMUSG00000029093	ENSSSCG00000037539	ortholog_one2one	1
ENSMUSG00000073838	ENSSSCG00000007803	ortholog_one2one	1
ENSMUSG00000029171	ENSSSCG00000008773	ortholog_one2one	1
ENSMUSG00000016349	ENSSSCG00000040401	ortholog_one2one	1
ENSMUSG00000030714	ENSSSCG00000022778	ortholog_one2one	1
ENSMUSG00000026857	ENSSSCG00000005678	ortholog_one2one	1
ENSMUSG00000020863	ENSSSCG00000017555	ortholog_one2one	1
ENSMUSG00000029145	ENSSSCG00000023140	ortholog_one2one	1
ENSMUSG00000030557	ENSSSCG00000028771	ortholog_one2one	1
ENSMUSG00000015083	ENSSSCG00000005840	ortholog_one2one	1
ENSMUSG00000027259	ENSSSCG00000004710	ortholog_one2one	1
ENSMUSG00000029430	ENSSSCG00000009746	ortholog_one2one	1
ENSMUSG00000017390	ENSSSCG00000017759	ortholog_one2one	1
ENSMUSG00000029403	ENSSSCG00000008970	ortholog_one2one	1
ENSMUSG00000027408	ENSSSCG00000007170	ortholog_one2one	1
ENSMUSG00000039873	ENSSSCG00000007430	ortholog_one2one	1
ENSMUSG00000035093	ENSSSCG00000004653	ortholog_one2one	1
ENSMUSG00000039099	ENSSSCG00000001846	ortholog_one2one	1
ENSMUSG00000069763	ENSSSCG00000017607	ortholog_one2one	1
ENSMUSG00000025142	ENSSSCG00000040727	ortholog_one2one	1
ENSMUSG00000030602	ENSSSCG00000021333	ortholog_one2one	1
ENSMUSG00000027384	ENSSSCG00000007076	ortholog_one2one	1
ENSMUSG00000023118	ENSSSCG00000003093	ortholog_one2one	1
ENSMUSG00000050010	ENSSSCG00000040147	ortholog_one2one	1
ENSMUSG00000029560	ENSSSCG00000040977	ortholog_one2one	1
ENSMUSG00000075307	ENSSSCG00000057938	ortholog_one2one	1
ENSMUSG00000017861	ENSSSCG00000007366	ortholog_one2one	1
ENSMUSG00000029716	ENSSSCG00000007671	ortholog_one2one	1
ENSMUSG00000052833	ENSSSCG00000003111	ortholog_one2one	1
ENSMUSG00000044968	ENSSSCG00000022903	ortholog_one2one	1
ENSMUSG00000033498	ENSSSCG00000004702	ortholog_one2one	1
ENSMUSG00000051596	ENSSSCG00000008731	ortholog_one2one	1
ENSMUSG00000029330	ENSSSCG00000009231	ortholog_one2one	1
ENSMUSG00000038116	ENSSSCG00000007311	ortholog_one2one	1
ENSMUSG00000046027	ENSSSCG00000001788	ortholog_one2one	1
ENSMUSG00000066894	ENSSSCG00000009852	ortholog_one2one	1
ENSMUSG00000029617	ENSSSCG00000025940	ortholog_one2one	1
ENSMUSG00000023236	ENSSSCG00000004807	ortholog_one2one	1
ENSMUSG00000029313	ENSSSCG00000023593	ortholog_one2one	1
ENSMUSG00000032673	ENSSSCG00000037399	ortholog_one2one	1
ENSMUSG00000039055	ENSSSCG00000017571	ortholog_one2one	1
ENSMUSG00000029551	ENSSSCG00000007556	ortholog_one2one	1
ENSMUSG00000039191	ENSSSCG00000022155	ortholog_one2one	1
ENSMUSG00000053166	ENSSSCG00000007439	ortholog_one2one	1
ENSMUSG00000060180	ENSSSCG00000024416	ortholog_one2one	1
ENSMUSG00000025153	ENSSSCG00000029944	ortholog_one2one	1
ENSMUSG00000026904	ENSSSCG00000015893	ortholog_one2one	1
ENSMUSG00000013622	ENSSSCG00000022058	ortholog_one2one	1
ENSMUSG00000029154	ENSSSCG00000008830	ortholog_one2one	1
ENSMUSG00000001566	ENSSSCG00000016410	ortholog_one2one	1
ENSMUSG00000090981	ENSSSCG00000031365	ortholog_one2one	1
ENSMUSG00000029309	ENSSSCG00000009222	ortholog_one2one	1
ENSMUSG00000040464	ENSSSCG00000015305	ortholog_one2one	1
ENSMUSG00000005907	ENSSSCG00000029967	ortholog_one2one	1
ENSMUSG00000066621	ENSSSCG00000007601	ortholog_one2one	1
ENSMUSG00000049680	ENSSSCG00000040519	ortholog_one2one	1
ENSMUSG00000035172	ENSSSCG00000017391	ortholog_one2one	1
ENSMUSG00000052921	ENSSSCG00000028048	ortholog_one2one	1
ENSMUSG00000027356	ENSSSCG00000007052	ortholog_one2one	1
ENSMUSG00000075224	ENSSSCG00000039445	ortholog_one2one	1
ENSMUSG00000027288	ENSSSCG00000004725	ortholog_one2one	1
ENSMUSG00000020436	ENSSSCG00000017025	ortholog_one2one	1
ENSMUSG00000018401	ENSSSCG00000017642	ortholog_one2one	1
ENSMUSG00000027513	ENSSSCG00000007507	ortholog_one2one	1
ENSMUSG00000027091	ENSSSCG00000055460	ortholog_one2one	1
ENSMUSG00000029174	ENSSSCG00000028983	ortholog_one2one	1
ENSMUSG00000043866	ENSSSCG00000029630	ortholog_one2one	1
ENSMUSG00000002778	ENSSSCG00000003132	ortholog_one2one	1
ENSMUSG00000051413	ENSSSCG00000007243	ortholog_one2one	1
ENSMUSG00000048481	ENSSSCG00000038739	ortholog_one2one	1
ENSMUSG00000057778	ENSSSCG00000017876	ortholog_one2one	1
ENSMUSG00000074665	ENSSSCG00000029295	ortholog_one2one	1
ENSMUSG00000030549	ENSSSCG00000001841	ortholog_one2one	1
ENSMUSG00000020375	ENSSSCG00000014023	ortholog_one2one	1
ENSMUSG00000000194	ENSSSCG00000038868	ortholog_one2one	1
ENSMUSG00000023353	ENSSSCG00000025610	ortholog_one2one	1
ENSMUSG00000035004	ENSSSCG00000027967	ortholog_one2one	1
ENSMUSG00000020537	ENSSSCG00000036328	ortholog_one2one	1
ENSMUSG00000030751	ENSSSCG00000013391	ortholog_one2one	1
ENSMUSG00000029288	ENSSSCG00000008937	ortholog_one2one	1
ENSMUSG00000002043	ENSSSCG00000035374	ortholog_one2one	1
ENSMUSG00000010080	ENSSSCG00000027226	ortholog_one2one	1
ENSMUSG00000040118	ENSSSCG00000015402	ortholog_one2one	1
ENSMUSG00000048732	ENSSSCG00000032404	ortholog_one2one	1
ENSMUSG00000040506	ENSSSCG00000013262	ortholog_one2one	1
ENSMUSG00000044702	ENSSSCG00000010794	ortholog_one2one	1
ENSMUSG00000017165	ENSSSCG00000021910	ortholog_one2one	1
ENSMUSG00000020770	ENSSSCG00000017201	ortholog_one2one	1
ENSMUSG00000057378	ENSSSCG00000033958	ortholog_one2one	1
ENSMUSG00000038563	ENSSSCG00000001792	ortholog_one2one	1
ENSMUSG00000025572	ENSSSCG00000032562	ortholog_one2one	1
ENSMUSG00000054484	ENSSSCG00000004716	ortholog_one2one	1
ENSMUSG00000029320	ENSSSCG00000032190	ortholog_one2one	1
ENSMUSG00000029326	ENSSSCG00000009246	ortholog_one2one	1
ENSMUSG00000010803	ENSSSCG00000023661	ortholog_one2one	1
ENSMUSG00000034842	ENSSSCG00000008976	ortholog_one2one	1
ENSMUSG00000040687	ENSSSCG00000013235	ortholog_one2one	1
ENSMUSG00000016984	ENSSSCG00000023908	ortholog_one2one	1
ENSMUSG00000029369	ENSSSCG00000008950	ortholog_one2one	1
ENSMUSG00000020599	ENSSSCG00000035402	ortholog_one2one	1
ENSMUSG00000001802	ENSSSCG00000002863	ortholog_one2one	1
ENSMUSG00000029415	ENSSSCG00000008974	ortholog_one2one	1
ENSMUSG00000009471	ENSSSCG00000013375	ortholog_one2one	1
ENSMUSG00000002608	ENSSSCG00000003016	ortholog_one2one	1
ENSMUSG00000007207	ENSSSCG00000007772	ortholog_one2one	1
ENSMUSG00000020694	ENSSSCG00000017301	ortholog_one2one	1
ENSMUSG00000037552	ENSSSCG00000030048	ortholog_one2one	1
ENSMUSG00000029397	ENSSSCG00000008969	ortholog_one2one	1
ENSMUSG00000063065	ENSSSCG00000040682	ortholog_one2one	1
ENSMUSG00000018965	ENSSSCG00000010035	ortholog_one2one	1
ENSMUSG00000029439	ENSSSCG00000009744	ortholog_one2one	1
ENSMUSG00000030518	ENSSSCG00000004850	ortholog_one2one	1
ENSMUSG00000047586	ENSSSCG00000026407	ortholog_one2one	1
ENSMUSG00000030865	ENSSSCG00000034827	ortholog_one2one	1
ENSMUSG00000033676	ENSSSCG00000038547	ortholog_one2one	1
ENSMUSG00000035297	ENSSSCG00000009241	ortholog_one2one	1
ENSMUSG00000030871	ENSSSCG00000010797	ortholog_one2one	1
ENSMUSG00000063550	ENSSSCG00000014794	ortholog_one2one	1
ENSMUSG00000029208	ENSSSCG00000008807	ortholog_one2one	1
ENSMUSG00000029017	ENSSSCG00000015422	ortholog_one2one	1
ENSMUSG00000030610	ENSSSCG00000005103	ortholog_one2one	1
ENSMUSG00000049691	ENSSSCG00000034181	ortholog_one2one	1
ENSMUSG00000070423	ENSSSCG00000014766	ortholog_one2one	1
ENSMUSG00000001036	ENSSSCG00000040457	ortholog_one2one	1
ENSMUSG00000031072	ENSSSCG00000012874	ortholog_one2one	1
ENSMUSG00000046985	ENSSSCG00000021828	ortholog_one2one	1
ENSMUSG00000032867	ENSSSCG00000009860	ortholog_one2one	1
ENSMUSG00000029636	ENSSSCG00000009300	ortholog_one2one	1
ENSMUSG00000029651	ENSSSCG00000025996	ortholog_one2one	1
ENSMUSG00000025723	ENSSSCG00000036907	ortholog_one2one	1
ENSMUSG00000059077	ENSSSCG00000013394	ortholog_one2one	1
ENSMUSG00000062797	ENSSSCG00000021210	ortholog_one2one	1
ENSMUSG00000033316	ENSSSCG00000009738	ortholog_one2one	1
ENSMUSG00000017314	ENSSSCG00000017367	ortholog_one2one	1
ENSMUSG00000030609	ENSSSCG00000005102	ortholog_one2one	1
ENSMUSG00000040514	ENSSSCG00000021276	ortholog_one2one	1
ENSMUSG00000040302	ENSSSCG00000015315	ortholog_one2one	1
ENSMUSG00000030742	ENSSSCG00000057915	ortholog_one2one	1
ENSMUSG00000029120	ENSSSCG00000008712	ortholog_one2one	1
ENSMUSG00000020437	ENSSSCG00000016742	ortholog_one2one	1
ENSMUSG00000037029	ENSSSCG00000025355	ortholog_one2one	1
ENSMUSG00000058013	ENSSSCG00000008986	ortholog_one2one	1
ENSMUSG00000003868	ENSSSCG00000003152	ortholog_one2one	1
ENSMUSG00000020424	ENSSSCG00000009998	ortholog_one2one	1
ENSMUSG00000020333	ENSSSCG00000014272	ortholog_one2one	1
ENSMUSG00000030785	ENSSSCG00000036789	ortholog_one2one	1
ENSMUSG00000015653	ENSSSCG00000015302	ortholog_one2one	1
ENSMUSG00000046709	ENSSSCG00000009228	ortholog_one2one	1
ENSMUSG00000030894	ENSSSCG00000023080	ortholog_one2one	1
ENSMUSG00000031023	ENSSSCG00000033335	ortholog_one2one	1
ENSMUSG00000060279	ENSSSCG00000003199	ortholog_one2one	1
ENSMUSG00000030811	ENSSSCG00000028186	ortholog_one2one	1
ENSMUSG00000053856	ENSSSCG00000043825	ortholog_one2one	1
ENSMUSG00000037020	ENSSSCG00000002923	ortholog_one2one	1
ENSMUSG00000039771	ENSSSCG00000007688	ortholog_one2one	1
ENSMUSG00000029223	ENSSSCG00000022945	ortholog_one2one	1
ENSMUSG00000029128	ENSSSCG00000022358	ortholog_one2one	1
ENSMUSG00000030897	ENSSSCG00000014630	ortholog_one2one	1
ENSMUSG00000118560	ENSSSCG00000003232	ortholog_one2one	1
ENSMUSG00000003873	ENSSSCG00000061946	ortholog_one2one	1
ENSMUSG00000005474	ENSSSCG00000007680	ortholog_one2one	1
ENSMUSG00000019539	ENSSSCG00000024823	ortholog_one2one	1
ENSMUSG00000029505	ENSSSCG00000028018	ortholog_one2one	1
ENSMUSG00000078765	ENSSSCG00000035162	ortholog_one2one	1
ENSMUSG00000001844	ENSSSCG00000039719	ortholog_one2one	1
ENSMUSG00000030737	ENSSSCG00000014851	ortholog_one2one	1
ENSMUSG00000001847	ENSSSCG00000035090	ortholog_one2one	1
ENSMUSG00000067616	ENSSSCG00000038283	ortholog_one2one	1
ENSMUSG00000059891	ENSSSCG00000003191	ortholog_one2one	1
ENSMUSG00000029462	ENSSSCG00000009823	ortholog_one2one	1
ENSMUSG00000042331	ENSSSCG00000034364	ortholog_one2one	1
ENSMUSG00000029146	ENSSSCG00000025363	ortholog_one2one	1
ENSMUSG00000074364	ENSSSCG00000023371	ortholog_one2one	1
ENSMUSG00000038570	ENSSSCG00000031963	ortholog_one2one	1
ENSMUSG00000013921	ENSSSCG00000002921	ortholog_one2one	1
ENSMUSG00000061306	ENSSSCG00000022317	ortholog_one2one	1
ENSMUSG00000032776	ENSSSCG00000002257	ortholog_one2one	1
ENSMUSG00000043671	ENSSSCG00000022521	ortholog_one2one	1
ENSMUSG00000033805	ENSSSCG00000032057	ortholog_one2one	1
ENSMUSG00000042719	ENSSSCG00000009887	ortholog_one2one	1
ENSMUSG00000038623	ENSSSCG00000001800	ortholog_one2one	1
ENSMUSG00000050100	ENSSSCG00000010725	ortholog_one2one	1
ENSMUSG00000045114	ENSSSCG00000027970	ortholog_one2one	1
ENSMUSG00000039062	ENSSSCG00000001849	ortholog_one2one	1
ENSMUSG00000059824	ENSSSCG00000003148	ortholog_one2one	1
ENSMUSG00000058230	ENSSSCG00000003107	ortholog_one2one	1
ENSMUSG00000030619	ENSSSCG00000014915	ortholog_one2one	1
ENSMUSG00000040424	ENSSSCG00000021917	ortholog_one2one	1
ENSMUSG00000030881	ENSSSCG00000014625	ortholog_one2one	1
ENSMUSG00000030827	ENSSSCG00000003140	ortholog_one2one	1
ENSMUSG00000074170	ENSSSCG00000002852	ortholog_one2one	1
ENSMUSG00000040466	ENSSSCG00000021067	ortholog_one2one	1
ENSMUSG00000092060	ENSSSCG00000008802	ortholog_one2one	1
ENSMUSG00000040013	ENSSSCG00000007702	ortholog_one2one	1
ENSMUSG00000025465	ENSSSCG00000038086	ortholog_one2one	1
ENSMUSG00000055991	ENSSSCG00000031809	ortholog_one2one	1
ENSMUSG00000020430	ENSSSCG00000010010	ortholog_one2one	1
ENSMUSG00000031097	ENSSSCG00000033260	ortholog_one2one	1
ENSMUSG00000050917	ENSSSCG00000012870	ortholog_one2one	1
ENSMUSG00000061878	ENSSSCG00000017178	ortholog_one2one	1
ENSMUSG00000002781	ENSSSCG00000030544	ortholog_one2one	1
ENSMUSG00000029722	ENSSSCG00000007664	ortholog_one2one	1
ENSMUSG00000060962	ENSSSCG00000041481	ortholog_one2one	1
ENSMUSG00000004837	ENSSSCG00000018050	ortholog_one2one	1
ENSMUSG00000020288	ENSSSCG00000008383	ortholog_one2one	1
ENSMUSG00000097075	ENSSSCG00000034445	ortholog_one2one	1
ENSMUSG00000035234	ENSSSCG00000009234	ortholog_one2one	1
ENSMUSG00000038290	ENSSSCG00000017826	ortholog_one2one	1
ENSMUSG00000031493	ENSSSCG00000002957	ortholog_one2one	1
ENSMUSG00000046607	ENSSSCG00000057182	ortholog_one2one	1
ENSMUSG00000029600	ENSSSCG00000034479	ortholog_one2one	1
ENSMUSG00000039428	ENSSSCG00000035619	ortholog_one2one	1
ENSMUSG00000039244	ENSSSCG00000036192	ortholog_one2one	1
ENSMUSG00000034768	ENSSSCG00000039673	ortholog_one2one	1
ENSMUSG00000045377	ENSSSCG00000037096	ortholog_one2one	1
ENSMUSG00000037962	ENSSSCG00000035760	ortholog_one2one	1
ENSMUSG00000039987	ENSSSCG00000015410	ortholog_one2one	1
ENSMUSG00000020275	ENSSSCG00000008388	ortholog_one2one	1
ENSMUSG00000040978	ENSSSCG00000033266	ortholog_one2one	1
ENSMUSG00000000982	ENSSSCG00000017700	ortholog_one2one	1
ENSMUSG00000035152	ENSSSCG00000017712	ortholog_one2one	1
ENSMUSG00000030697	ENSSSCG00000036817	ortholog_one2one	1
ENSMUSG00000056216	ENSSSCG00000002867	ortholog_one2one	1
ENSMUSG00000064037	ENSSSCG00000008546	ortholog_one2one	1
ENSMUSG00000004056	ENSSSCG00000002989	ortholog_one2one	1
ENSMUSG00000017548	ENSSSCG00000017744	ortholog_one2one	1
ENSMUSG00000029471	ENSSSCG00000009815	ortholog_one2one	1
ENSMUSG00000001313	ENSSSCG00000029460	ortholog_one2one	1
ENSMUSG00000037935	ENSSSCG00000039137	ortholog_one2one	1
ENSMUSG00000018509	ENSSSCG00000018034	ortholog_one2one	1
ENSMUSG00000020830	ENSSSCG00000017915	ortholog_one2one	1
ENSMUSG00000038224	ENSSSCG00000038745	ortholog_one2one	1
ENSMUSG00000029211	ENSSSCG00000030515	ortholog_one2one	1
ENSMUSG00000027457	ENSSSCG00000039392	ortholog_one2one	1
ENSMUSG00000055333	ENSSSCG00000017084	ortholog_one2one	1
ENSMUSG00000025793	ENSSSCG00000033082	ortholog_one2one	1
ENSMUSG00000061898	ENSSSCG00000008668	ortholog_one2one	1
ENSMUSG00000039033	ENSSSCG00000007074	ortholog_one2one	1
ENSMUSG00000029594	ENSSSCG00000009868	ortholog_one2one	1
ENSMUSG00000029236	ENSSSCG00000027954	ortholog_one2one	1
ENSMUSG00000023707	ENSSSCG00000009783	ortholog_one2one	1
ENSMUSG00000053801	ENSSSCG00000003134	ortholog_one2one	1
ENSMUSG00000031015	ENSSSCG00000013410	ortholog_one2one	1
ENSMUSG00000054932	ENSSSCG00000008949	ortholog_one2one	1
ENSMUSG00000064307	ENSSSCG00000014803	ortholog_one2one	1
ENSMUSG00000020462	ENSSSCG00000008400	ortholog_one2one	1
ENSMUSG00000001082	ENSSSCG00000008695	ortholog_one2one	1
ENSMUSG00000020463	ENSSSCG00000008398	ortholog_one2one	1
ENSMUSG00000005881	ENSSSCG00000034045	ortholog_one2one	1
ENSMUSG00000030922	ENSSSCG00000007853	ortholog_one2one	1
ENSMUSG00000029521	ENSSSCG00000034864	ortholog_one2one	1
ENSMUSG00000049580	ENSSSCG00000014871	ortholog_one2one	1
ENSMUSG00000030909	ENSSSCG00000007850	ortholog_one2one	1
ENSMUSG00000061286	ENSSSCG00000003015	ortholog_one2one	1
ENSMUSG00000029699	ENSSSCG00000036391	ortholog_one2one	1
ENSMUSG00000038569	ENSSSCG00000009824	ortholog_one2one	1
ENSMUSG00000027206	ENSSSCG00000004652	ortholog_one2one	1
ENSMUSG00000048779	ENSSSCG00000014823	ortholog_one2one	1
ENSMUSG00000030532	ENSSSCG00000001820	ortholog_one2one	1
ENSMUSG00000020912	ENSSSCG00000017460	ortholog_one2one	1
ENSMUSG00000025855	ENSSSCG00000007542	ortholog_one2one	1
ENSMUSG00000020159	ENSSSCG00000021902	ortholog_one2one	1
ENSMUSG00000063160	ENSSSCG00000023228	ortholog_one2one	1
ENSMUSG00000035239	ENSSSCG00000021638	ortholog_one2one	1
ENSMUSG00000030638	ENSSSCG00000001795	ortholog_one2one	1
ENSMUSG00000020362	ENSSSCG00000014009	ortholog_one2one	1
ENSMUSG00000030499	ENSSSCG00000033695	ortholog_one2one	1
ENSMUSG00000063873	ENSSSCG00000007100	ortholog_one2one	1
ENSMUSG00000027324	ENSSSCG00000036700	ortholog_one2one	1
ENSMUSG00000017950	ENSSSCG00000007371	ortholog_one2one	1
ENSMUSG00000030555	ENSSSCG00000004813	ortholog_one2one	1
ENSMUSG00000020921	ENSSSCG00000017371	ortholog_one2one	1
ENSMUSG00000059866	ENSSSCG00000008691	ortholog_one2one	1
ENSMUSG00000020843	ENSSSCG00000017803	ortholog_one2one	1
ENSMUSG00000053838	ENSSSCG00000016747	ortholog_one2one	1
ENSMUSG00000026754	ENSSSCG00000005597	ortholog_one2one	1
ENSMUSG00000037685	ENSSSCG00000008803	ortholog_one2one	1
ENSMUSG00000020363	ENSSSCG00000014012	ortholog_one2one	1
ENSMUSG00000025139	ENSSSCG00000033033	ortholog_one2one	1
ENSMUSG00000018572	ENSSSCG00000017937	ortholog_one2one	1
ENSMUSG00000030990	ENSSSCG00000035653	ortholog_one2one	1
ENSMUSG00000020823	ENSSSCG00000017169	ortholog_one2one	1
ENSMUSG00000020840	ENSSSCG00000017796	ortholog_one2one	1
ENSMUSG00000023094	ENSSSCG00000011077	ortholog_one2one	1
ENSMUSG00000027374	ENSSSCG00000008113	ortholog_one2one	1
ENSMUSG00000030492	ENSSSCG00000022948	ortholog_one2one	1
ENSMUSG00000017421	ENSSSCG00000017732	ortholog_one2one	1
ENSMUSG00000078813	ENSSSCG00000003265	ortholog_one2one	1
ENSMUSG00000052974	ENSSSCG00000002994	ortholog_one2one	1
ENSMUSG00000027164	ENSSSCG00000038082	ortholog_one2one	1
ENSMUSG00000036893	ENSSSCG00000038437	ortholog_one2one	1
ENSMUSG00000029406	ENSSSCG00000009781	ortholog_one2one	1
ENSMUSG00000035642	ENSSSCG00000037251	ortholog_one2one	1
ENSMUSG00000018909	ENSSSCG00000014852	ortholog_one2one	1
ENSMUSG00000020623	ENSSSCG00000017254	ortholog_one2one	1
ENSMUSG00000030583	ENSSSCG00000002950	ortholog_one2one	1
ENSMUSG00000020777	ENSSSCG00000017198	ortholog_one2one	1
ENSMUSG00000054893	ENSSSCG00000024622	ortholog_one2one	1
ENSMUSG00000030655	ENSSSCG00000032531	ortholog_one2one	1
ENSMUSG00000042328	ENSSSCG00000009960	ortholog_one2one	1
ENSMUSG00000037331	ENSSSCG00000017069	ortholog_one2one	1
ENSMUSG00000044709	ENSSSCG00000033194	ortholog_one2one	1
ENSMUSG00000035713	ENSSSCG00000014892	ortholog_one2one	1
ENSMUSG00000059479	ENSSSCG00000032536	ortholog_one2one	1
ENSMUSG00000004371	ENSSSCG00000040725	ortholog_one2one	1
ENSMUSG00000020868	ENSSSCG00000017573	ortholog_one2one	1
ENSMUSG00000050640	ENSSSCG00000026729	ortholog_one2one	1
ENSMUSG00000008373	ENSSSCG00000003263	ortholog_one2one	1
ENSMUSG00000032840	ENSSSCG00000035873	ortholog_one2one	1
ENSMUSG00000051246	ENSSSCG00000058478	ortholog_one2one	1
ENSMUSG00000020319	ENSSSCG00000057114	ortholog_one2one	1
ENSMUSG00000029405	ENSSSCG00000022940	ortholog_one2one	1
ENSMUSG00000035632	ENSSSCG00000003264	ortholog_one2one	1
ENSMUSG00000005087	ENSSSCG00000013297	ortholog_one2one	1
ENSMUSG00000040610	ENSSSCG00000016999	ortholog_one2one	1
ENSMUSG00000034708	ENSSSCG00000017355	ortholog_one2one	1
ENSMUSG00000025468	ENSSSCG00000034701	ortholog_one2one	1
ENSMUSG00000044952	ENSSSCG00000033506	ortholog_one2one	1
ENSMUSG00000040298	ENSSSCG00000010701	ortholog_one2one	1
ENSMUSG00000003436	ENSSSCG00000002987	ortholog_one2one	1
ENSMUSG00000057706	ENSSSCG00000038491	ortholog_one2one	1
ENSMUSG00000035042	ENSSSCG00000017705	ortholog_one2one	1
ENSMUSG00000033510	ENSSSCG00000004840	ortholog_one2one	1
ENSMUSG00000049922	ENSSSCG00000025647	ortholog_one2one	1
ENSMUSG00000039476	ENSSSCG00000005680	ortholog_one2one	1
ENSMUSG00000017428	ENSSSCG00000017731	ortholog_one2one	1
ENSMUSG00000027465	ENSSSCG00000036081	ortholog_one2one	1
ENSMUSG00000005672	ENSSSCG00000008842	ortholog_one2one	1
ENSMUSG00000042462	ENSSSCG00000007795	ortholog_one2one	1
ENSMUSG00000054746	ENSSSCG00000007847	ortholog_one2one	1
ENSMUSG00000025488	ENSSSCG00000061991	ortholog_one2one	1
ENSMUSG00000045106	ENSSSCG00000026433	ortholog_one2one	1
ENSMUSG00000044465	ENSSSCG00000014632	ortholog_one2one	1
ENSMUSG00000078650	ENSSSCG00000036449	ortholog_one2one	1
ENSMUSG00000042155	ENSSSCG00000015937	ortholog_one2one	1
ENSMUSG00000018634	ENSSSCG00000017313	ortholog_one2one	1
ENSMUSG00000027229	ENSSSCG00000004680	ortholog_one2one	1
ENSMUSG00000026810	ENSSSCG00000032481	ortholog_one2one	1
ENSMUSG00000047284	ENSSSCG00000017941	ortholog_one2one	1
ENSMUSG00000027340	ENSSSCG00000026466	ortholog_one2one	1
ENSMUSG00000037999	ENSSSCG00000008768	ortholog_one2one	1
ENSMUSG00000029334	ENSSSCG00000009250	ortholog_one2one	1
ENSMUSG00000026856	ENSSSCG00000031669	ortholog_one2one	1
ENSMUSG00000012428	ENSSSCG00000015299	ortholog_one2one	1
ENSMUSG00000059447	ENSSSCG00000008569	ortholog_one2one	1
ENSMUSG00000059248	ENSSSCG00000017168	ortholog_one2one	1
ENSMUSG00000054455	ENSSSCG00000007514	ortholog_one2one	1
ENSMUSG00000034800	ENSSSCG00000008117	ortholog_one2one	1
ENSMUSG00000027254	ENSSSCG00000004705	ortholog_one2one	1
ENSMUSG00000035441	ENSSSCG00000017728	ortholog_one2one	1
ENSMUSG00000027428	ENSSSCG00000029494	ortholog_one2one	1
ENSMUSG00000027134	ENSSSCG00000002235	ortholog_one2one	1
ENSMUSG00000044881	ENSSSCG00000014830	ortholog_one2one	1
ENSMUSG00000074406	ENSSSCG00000025343	ortholog_one2one	1
ENSMUSG00000002985	ENSSSCG00000003088	ortholog_one2one	1
ENSMUSG00000020611	ENSSSCG00000039336	ortholog_one2one	1
ENSMUSG00000041797	ENSSSCG00000017257	ortholog_one2one	1
ENSMUSG00000026820	ENSSSCG00000022655	ortholog_one2one	1
ENSMUSG00000039018	ENSSSCG00000029088	ortholog_one2one	1
ENSMUSG00000018541	ENSSSCG00000021478	ortholog_one2one	1
ENSMUSG00000000276	ENSSSCG00000017615	ortholog_one2one	1
ENSMUSG00000061186	ENSSSCG00000024480	ortholog_one2one	1
ENSMUSG00000030484	ENSSSCG00000003073	ortholog_one2one	1
ENSMUSG00000030987	ENSSSCG00000014792	ortholog_one2one	1
ENSMUSG00000018740	ENSSSCG00000022395	ortholog_one2one	1
ENSMUSG00000027480	ENSSSCG00000007256	ortholog_one2one	1
ENSMUSG00000051768	ENSSSCG00000003055	ortholog_one2one	1
ENSMUSG00000020456	ENSSSCG00000016743	ortholog_one2one	1
ENSMUSG00000027605	ENSSSCG00000007286	ortholog_one2one	1
ENSMUSG00000029452	ENSSSCG00000009893	ortholog_one2one	1
ENSMUSG00000060621	ENSSSCG00000035833	ortholog_one2one	1
ENSMUSG00000030421	ENSSSCG00000025912	ortholog_one2one	1
ENSMUSG00000000148	ENSSSCG00000007563	ortholog_one2one	1
ENSMUSG00000063801	ENSSSCG00000030174	ortholog_one2one	1
ENSMUSG00000035000	ENSSSCG00000015894	ortholog_one2one	1
ENSMUSG00000049728	ENSSSCG00000007767	ortholog_one2one	1
ENSMUSG00000027610	ENSSSCG00000007287	ortholog_one2one	1
ENSMUSG00000059263	ENSSSCG00000013402	ortholog_one2one	1
ENSMUSG00000029245	ENSSSCG00000008919	ortholog_one2one	1
ENSMUSG00000017764	ENSSSCG00000007428	ortholog_one2one	1
ENSMUSG00000053552	ENSSSCG00000007171	ortholog_one2one	1
ENSMUSG00000026806	ENSSSCG00000005729	ortholog_one2one	1
ENSMUSG00000027381	ENSSSCG00000060053	ortholog_one2one	1
ENSMUSG00000063409	ENSSSCG00000009796	ortholog_one2one	1
ENSMUSG00000070476	ENSSSCG00000007531	ortholog_one2one	1
ENSMUSG00000050896	ENSSSCG00000040919	ortholog_one2one	1
ENSMUSG00000029433	ENSSSCG00000009799	ortholog_one2one	1
ENSMUSG00000016346	ENSSSCG00000031746	ortholog_one2one	1
ENSMUSG00000029431	ENSSSCG00000009798	ortholog_one2one	1
ENSMUSG00000027360	ENSSSCG00000004644	ortholog_one2one	1
ENSMUSG00000027568	ENSSSCG00000038278	ortholog_one2one	1
ENSMUSG00000055312	ENSSSCG00000024950	ortholog_one2one	1
ENSMUSG00000035666	ENSSSCG00000005731	ortholog_one2one	1
ENSMUSG00000030724	ENSSSCG00000007807	ortholog_one2one	1
ENSMUSG00000075267	ENSSSCG00000015998	ortholog_one2one	1
ENSMUSG00000056856	ENSSSCG00000024633	ortholog_one2one	1
ENSMUSG00000027577	ENSSSCG00000039677	ortholog_one2one	1
ENSMUSG00000058594	ENSSSCG00000030030	ortholog_one2one	1
ENSMUSG00000030509	ENSSSCG00000004821	ortholog_one2one	1
ENSMUSG00000020787	ENSSSCG00000022405	ortholog_one2one	1
ENSMUSG00000045639	ENSSSCG00000007780	ortholog_one2one	1
ENSMUSG00000025173	ENSSSCG00000017133	ortholog_one2one	1
ENSMUSG00000069806	ENSSSCG00000025532	ortholog_one2one	1
ENSMUSG00000030591	ENSSSCG00000036658	ortholog_one2one	1
ENSMUSG00000053898	ENSSSCG00000028943	ortholog_one2one	1
ENSMUSG00000005043	ENSSSCG00000017152	ortholog_one2one	1
ENSMUSG00000055775	ENSSSCG00000018005	ortholog_one2one	1
ENSMUSG00000030876	ENSSSCG00000030373	ortholog_one2one	1
ENSMUSG00000009487	ENSSSCG00000013376	ortholog_one2one	1
ENSMUSG00000019590	ENSSSCG00000017297	ortholog_one2one	1
ENSMUSG00000030770	ENSSSCG00000028827	ortholog_one2one	1
ENSMUSG00000090213	ENSSSCG00000027287	ortholog_one2one	1
ENSMUSG00000027332	ENSSSCG00000004774	ortholog_one2one	1
ENSMUSG00000002083	ENSSSCG00000003112	ortholog_one2one	1
ENSMUSG00000054612	ENSSSCG00000010756	ortholog_one2one	1
ENSMUSG00000030409	ENSSSCG00000038969	ortholog_one2one	1
ENSMUSG00000026894	ENSSSCG00000005529	ortholog_one2one	1
ENSMUSG00000015085	ENSSSCG00000032303	ortholog_one2one	1
ENSMUSG00000020419	ENSSSCG00000009995	ortholog_one2one	1
ENSMUSG00000027238	ENSSSCG00000004694	ortholog_one2one	1
ENSMUSG00000034121	ENSSSCG00000017635	ortholog_one2one	1
ENSMUSG00000037197	ENSSSCG00000011134	ortholog_one2one	1
ENSMUSG00000006930	ENSSSCG00000017427	ortholog_one2one	1
ENSMUSG00000026925	ENSSSCG00000040869	ortholog_one2one	1
ENSMUSG00000027115	ENSSSCG00000013332	ortholog_one2one	1
ENSMUSG00000020741	ENSSSCG00000017835	ortholog_one2one	1
ENSMUSG00000078670	ENSSSCG00000002265	ortholog_one2one	1
ENSMUSG00000045251	ENSSSCG00000037875	ortholog_one2one	1
ENSMUSG00000001829	ENSSSCG00000036887	ortholog_one2one	1
ENSMUSG00000047030	ENSSSCG00000033324	ortholog_one2one	1
ENSMUSG00000048647	ENSSSCG00000004752	ortholog_one2one	1
ENSMUSG00000074673	ENSSSCG00000007236	ortholog_one2one	1
ENSMUSG00000004043	ENSSSCG00000017402	ortholog_one2one	1
ENSMUSG00000047260	ENSSSCG00000055493	ortholog_one2one	1
ENSMUSG00000026799	ENSSSCG00000005720	ortholog_one2one	1
ENSMUSG00000020798	ENSSSCG00000017880	ortholog_one2one	1
ENSMUSG00000018377	ENSSSCG00000017623	ortholog_one2one	1
ENSMUSG00000001751	ENSSSCG00000046466	ortholog_one2one	1
ENSMUSG00000013415	ENSSSCG00000023128	ortholog_one2one	1
ENSMUSG00000074916	ENSSSCG00000004771	ortholog_one2one	1
ENSMUSG00000003865	ENSSSCG00000003154	ortholog_one2one	1
ENSMUSG00000027233	ENSSSCG00000061749	ortholog_one2one	1
ENSMUSG00000020541	ENSSSCG00000017601	ortholog_one2one	1
ENSMUSG00000027011	ENSSSCG00000033987	ortholog_one2one	1
ENSMUSG00000011154	ENSSSCG00000001786	ortholog_one2one	1
ENSMUSG00000058239	ENSSSCG00000002885	ortholog_one2one	1
ENSMUSG00000027425	ENSSSCG00000007092	ortholog_one2one	1
ENSMUSG00000040554	ENSSSCG00000022026	ortholog_one2one	1
ENSMUSG00000040093	ENSSSCG00000035284	ortholog_one2one	1
ENSMUSG00000035849	ENSSSCG00000036089	ortholog_one2one	1
ENSMUSG00000037025	ENSSSCG00000007114	ortholog_one2one	1
ENSMUSG00000051452	ENSSSCG00000017696	ortholog_one2one	1
ENSMUSG00000030780	ENSSSCG00000007753	ortholog_one2one	1
ENSMUSG00000020305	ENSSSCG00000008415	ortholog_one2one	1
ENSMUSG00000049950	ENSSSCG00000027110	ortholog_one2one	1
ENSMUSG00000027298	ENSSSCG00000004744	ortholog_one2one	1
ENSMUSG00000037907	ENSSSCG00000017793	ortholog_one2one	1
ENSMUSG00000017288	ENSSSCG00000017812	ortholog_one2one	1
ENSMUSG00000039536	ENSSSCG00000027444	ortholog_one2one	1
ENSMUSG00000025474	ENSSSCG00000010773	ortholog_one2one	1
ENSMUSG00000027495	ENSSSCG00000007492	ortholog_one2one	1
ENSMUSG00000040061	ENSSSCG00000004779	ortholog_one2one	1
ENSMUSG00000026977	ENSSSCG00000015883	ortholog_one2one	1
ENSMUSG00000068079	ENSSSCG00000036940	ortholog_one2one	1
ENSMUSG00000005510	ENSSSCG00000032081	ortholog_one2one	1
ENSMUSG00000025158	ENSSSCG00000040385	ortholog_one2one	1
ENSMUSG00000056394	ENSSSCG00000003128	ortholog_one2one	1
ENSMUSG00000020385	ENSSSCG00000014028	ortholog_one2one	1
ENSMUSG00000026841	ENSSSCG00000005707	ortholog_one2one	1
ENSMUSG00000032671	ENSSSCG00000013310	ortholog_one2one	1
ENSMUSG00000035392	ENSSSCG00000005585	ortholog_one2one	1
ENSMUSG00000003378	ENSSSCG00000003038	ortholog_one2one	1
ENSMUSG00000027006	ENSSSCG00000016017	ortholog_one2one	1
ENSMUSG00000025127	ENSSSCG00000034891	ortholog_one2one	1
ENSMUSG00000043999	ENSSSCG00000008413	ortholog_one2one	1
ENSMUSG00000020713	ENSSSCG00000034212	ortholog_one2one	1
ENSMUSG00000017776	ENSSSCG00000038989	ortholog_one2one	1
ENSMUSG00000036620	ENSSSCG00000014017	ortholog_one2one	1
ENSMUSG00000030428	ENSSSCG00000003271	ortholog_one2one	1
ENSMUSG00000020801	ENSSSCG00000027100	ortholog_one2one	1
ENSMUSG00000026975	ENSSSCG00000031630	ortholog_one2one	1
ENSMUSG00000049904	ENSSSCG00000026713	ortholog_one2one	1
ENSMUSG00000076435	ENSSSCG00000017566	ortholog_one2one	1
ENSMUSG00000020914	ENSSSCG00000017473	ortholog_one2one	1
ENSMUSG00000006476	ENSSSCG00000037880	ortholog_one2one	1
ENSMUSG00000020834	ENSSSCG00000017778	ortholog_one2one	1
ENSMUSG00000018593	ENSSSCG00000017082	ortholog_one2one	1
ENSMUSG00000051497	ENSSSCG00000034358	ortholog_one2one	1
ENSMUSG00000020808	ENSSSCG00000017893	ortholog_one2one	1
ENSMUSG00000002064	ENSSSCG00000017772	ortholog_one2one	1
ENSMUSG00000020895	ENSSSCG00000027528	ortholog_one2one	1
ENSMUSG00000034201	ENSSSCG00000025564	ortholog_one2one	1
ENSMUSG00000018678	ENSSSCG00000017516	ortholog_one2one	1
ENSMUSG00000020677	ENSSSCG00000021275	ortholog_one2one	1
ENSMUSG00000037958	ENSSSCG00000017795	ortholog_one2one	1
ENSMUSG00000040463	ENSSSCG00000017882	ortholog_one2one	1
ENSMUSG00000030787	ENSSSCG00000029886	ortholog_one2one	1
ENSMUSG00000073963	ENSSSCG00000014756	ortholog_one2one	1
ENSMUSG00000053550	ENSSSCG00000035924	ortholog_one2one	1
ENSMUSG00000091002	ENSSSCG00000037698	ortholog_one2one	1
ENSMUSG00000052406	ENSSSCG00000023173	ortholog_one2one	1
ENSMUSG00000038695	ENSSSCG00000003217	ortholog_one2one	1
ENSMUSG00000027365	ENSSSCG00000004636	ortholog_one2one	1
ENSMUSG00000061086	ENSSSCG00000017307	ortholog_one2one	1
ENSMUSG00000046096	ENSSSCG00000031629	ortholog_one2one	1
ENSMUSG00000035623	ENSSSCG00000014882	ortholog_one2one	1
ENSMUSG00000040591	ENSSSCG00000013246	ortholog_one2one	1
ENSMUSG00000018736	ENSSSCG00000017986	ortholog_one2one	1
ENSMUSG00000053964	ENSSSCG00000022017	ortholog_one2one	1
ENSMUSG00000030678	ENSSSCG00000025321	ortholog_one2one	1
ENSMUSG00000025103	ENSSSCG00000001801	ortholog_one2one	1
ENSMUSG00000020191	ENSSSCG00000015628	ortholog_one2one	1
ENSMUSG00000017146	ENSSSCG00000022101	ortholog_one2one	1
ENSMUSG00000057176	ENSSSCG00000007778	ortholog_one2one	1
ENSMUSG00000030525	ENSSSCG00000004839	ortholog_one2one	1
ENSMUSG00000018862	ENSSSCG00000017220	ortholog_one2one	1
ENSMUSG00000027399	ENSSSCG00000008090	ortholog_one2one	1
ENSMUSG00000003119	ENSSSCG00000017504	ortholog_one2one	1
ENSMUSG00000027349	ENSSSCG00000004792	ortholog_one2one	1
ENSMUSG00000037239	ENSSSCG00000035216	ortholog_one2one	1
ENSMUSG00000039804	ENSSSCG00000007438	ortholog_one2one	1
ENSMUSG00000010755	ENSSSCG00000012857	ortholog_one2one	1
ENSMUSG00000039046	ENSSSCG00000011120	ortholog_one2one	1
ENSMUSG00000034341	ENSSSCG00000021672	ortholog_one2one	1
ENSMUSG00000035183	ENSSSCG00000004662	ortholog_one2one	1
ENSMUSG00000017417	ENSSSCG00000017511	ortholog_one2one	1
ENSMUSG00000033396	ENSSSCG00000004684	ortholog_one2one	1
ENSMUSG00000026999	ENSSSCG00000028949	ortholog_one2one	1
ENSMUSG00000044042	ENSSSCG00000044690	ortholog_one2one	1
ENSMUSG00000038467	ENSSSCG00000007272	ortholog_one2one	1
ENSMUSG00000057147	ENSSSCG00000035254	ortholog_one2one	1
ENSMUSG00000002963	ENSSSCG00000003195	ortholog_one2one	1
ENSMUSG00000050592	ENSSSCG00000028172	ortholog_one2one	1
ENSMUSG00000027018	ENSSSCG00000015952	ortholog_one2one	1
ENSMUSG00000020904	ENSSSCG00000017994	ortholog_one2one	1
ENSMUSG00000018923	ENSSSCG00000017919	ortholog_one2one	1
ENSMUSG00000072553	ENSSSCG00000030781	ortholog_one2one	1
ENSMUSG00000026848	ENSSSCG00000005683	ortholog_one2one	1
ENSMUSG00000026743	ENSSSCG00000011085	ortholog_one2one	1
ENSMUSG00000018858	ENSSSCG00000034406	ortholog_one2one	1
ENSMUSG00000045287	ENSSSCG00000039780	ortholog_one2one	1
ENSMUSG00000018500	ENSSSCG00000035051	ortholog_one2one	1
ENSMUSG00000002129	ENSSSCG00000010002	ortholog_one2one	1
ENSMUSG00000020732	ENSSSCG00000017233	ortholog_one2one	1
ENSMUSG00000036327	ENSSSCG00000040163	ortholog_one2one	1
ENSMUSG00000073975	ENSSSCG00000014779	ortholog_one2one	1
ENSMUSG00000069835	ENSSSCG00000017952	ortholog_one2one	1
ENSMUSG00000018648	ENSSSCG00000029874	ortholog_one2one	1
ENSMUSG00000045598	ENSSSCG00000007801	ortholog_one2one	1
ENSMUSG00000030539	ENSSSCG00000031719	ortholog_one2one	1
ENSMUSG00000020519	ENSSSCG00000033176	ortholog_one2one	1
ENSMUSG00000027248	ENSSSCG00000004700	ortholog_one2one	1
ENSMUSG00000030757	ENSSSCG00000007823	ortholog_one2one	1
ENSMUSG00000057897	ENSSSCG00000039535	ortholog_one2one	1
ENSMUSG00000009563	ENSSSCG00000005619	ortholog_one2one	1
ENSMUSG00000015134	ENSSSCG00000004822	ortholog_one2one	1
ENSMUSG00000043241	ENSSSCG00000011117	ortholog_one2one	1
ENSMUSG00000030400	ENSSSCG00000039929	ortholog_one2one	1
ENSMUSG00000009207	ENSSSCG00000015976	ortholog_one2one	1
ENSMUSG00000030762	ENSSSCG00000031865	ortholog_one2one	1
ENSMUSG00000025104	ENSSSCG00000035432	ortholog_one2one	1
ENSMUSG00000058761	ENSSSCG00000021822	ortholog_one2one	1
ENSMUSG00000053091	ENSSSCG00000004820	ortholog_one2one	1
ENSMUSG00000027076	ENSSSCG00000039659	ortholog_one2one	1
ENSMUSG00000027193	ENSSSCG00000013285	ortholog_one2one	1
ENSMUSG00000026987	ENSSSCG00000015882	ortholog_one2one	1
ENSMUSG00000030406	ENSSSCG00000021053	ortholog_one2one	1
ENSMUSG00000039092	ENSSSCG00000007072	ortholog_one2one	1
ENSMUSG00000027350	ENSSSCG00000039779	ortholog_one2one	1
ENSMUSG00000039059	ENSSSCG00000038578	ortholog_one2one	1
ENSMUSG00000037773	ENSSSCG00000007168	ortholog_one2one	1
ENSMUSG00000010505	ENSSSCG00000039212	ortholog_one2one	1
ENSMUSG00000055116	ENSSSCG00000013397	ortholog_one2one	1
ENSMUSG00000035437	ENSSSCG00000020743	ortholog_one2one	1
ENSMUSG00000017697	ENSSSCG00000021255	ortholog_one2one	1
ENSMUSG00000050087	ENSSSCG00000014021	ortholog_one2one	1
ENSMUSG00000027291	ENSSSCG00000004731	ortholog_one2one	1
ENSMUSG00000020483	ENSSSCG00000020962	ortholog_one2one	1
ENSMUSG00000064090	ENSSSCG00000008395	ortholog_one2one	1
ENSMUSG00000040447	ENSSSCG00000017879	ortholog_one2one	1
ENSMUSG00000034164	ENSSSCG00000009975	ortholog_one2one	1
ENSMUSG00000005917	ENSSSCG00000037564	ortholog_one2one	1
ENSMUSG00000051314	ENSSSCG00000032438	ortholog_one2one	1
ENSMUSG00000030584	ENSSSCG00000025160	ortholog_one2one	1
ENSMUSG00000003949	ENSSSCG00000017604	ortholog_one2one	1
ENSMUSG00000017830	ENSSSCG00000017416	ortholog_one2one	1
ENSMUSG00000044847	ENSSSCG00000038248	ortholog_one2one	1
ENSMUSG00000020193	ENSSSCG00000015627	ortholog_one2one	1
ENSMUSG00000030612	ENSSSCG00000005105	ortholog_one2one	1
ENSMUSG00000031074	ENSSSCG00000061049	ortholog_one2one	1
ENSMUSG00000038437	ENSSSCG00000032478	ortholog_one2one	1
ENSMUSG00000033059	ENSSSCG00000022815	ortholog_one2one	1
ENSMUSG00000078771	ENSSSCG00000017749	ortholog_one2one	1
ENSMUSG00000002055	ENSSSCG00000017758	ortholog_one2one	1
ENSMUSG00000020941	ENSSSCG00000017330	ortholog_one2one	1
ENSMUSG00000040746	ENSSSCG00000017906	ortholog_one2one	1
ENSMUSG00000069911	ENSSSCG00000017010	ortholog_one2one	1
ENSMUSG00000032782	ENSSSCG00000017968	ortholog_one2one	1
ENSMUSG00000027132	ENSSSCG00000002245	ortholog_one2one	1
ENSMUSG00000000247	ENSSSCG00000005586	ortholog_one2one	1
ENSMUSG00000043448	ENSSSCG00000013989	ortholog_one2one	1
ENSMUSG00000020890	ENSSSCG00000025345	ortholog_one2one	1
ENSMUSG00000078622	ENSSSCG00000028698	ortholog_one2one	1
ENSMUSG00000044647	ENSSSCG00000015906	ortholog_one2one	1
ENSMUSG00000018326	ENSSSCG00000007381	ortholog_one2one	1
ENSMUSG00000031078	ENSSSCG00000031769	ortholog_one2one	1
ENSMUSG00000086962	ENSSSCG00000017068	ortholog_one2one	1
ENSMUSG00000020700	ENSSSCG00000024813	ortholog_one2one	1
ENSMUSG00000056962	ENSSSCG00000035923	ortholog_one2one	1
ENSMUSG00000036401	ENSSSCG00000054117	ortholog_one2one	1
ENSMUSG00000026889	ENSSSCG00000030089	ortholog_one2one	1
ENSMUSG00000048763	ENSSSCG00000017534	ortholog_one2one	1
ENSMUSG00000020866	ENSSSCG00000017562	ortholog_one2one	1
ENSMUSG00000035399	ENSSSCG00000022714	ortholog_one2one	1
ENSMUSG00000050619	ENSSSCG00000004709	ortholog_one2one	1
ENSMUSG00000007476	ENSSSCG00000005664	ortholog_one2one	1
ENSMUSG00000052033	ENSSSCG00000007487	ortholog_one2one	1
ENSMUSG00000027406	ENSSSCG00000007173	ortholog_one2one	1
ENSMUSG00000036545	ENSSSCG00000024043	ortholog_one2one	1
ENSMUSG00000034951	ENSSSCG00000010799	ortholog_one2one	1
ENSMUSG00000010911	ENSSSCG00000013299	ortholog_one2one	1
ENSMUSG00000032633	ENSSSCG00000038715	ortholog_one2one	1
ENSMUSG00000018459	ENSSSCG00000035906	ortholog_one2one	1
ENSMUSG00000055943	ENSSSCG00000027051	ortholog_one2one	1
ENSMUSG00000038503	ENSSSCG00000021587	ortholog_one2one	1
ENSMUSG00000027185	ENSSSCG00000013304	ortholog_one2one	1
ENSMUSG00000018921	ENSSSCG00000017924	ortholog_one2one	1
ENSMUSG00000001444	ENSSSCG00000017517	ortholog_one2one	1
ENSMUSG00000020428	ENSSSCG00000017027	ortholog_one2one	1
ENSMUSG00000030671	ENSSSCG00000013388	ortholog_one2one	1
ENSMUSG00000020708	ENSSSCG00000017287	ortholog_one2one	1
ENSMUSG00000036957	ENSSSCG00000002927	ortholog_one2one	1
ENSMUSG00000035390	ENSSSCG00000032656	ortholog_one2one	1
ENSMUSG00000046275	ENSSSCG00000017801	ortholog_one2one	1
ENSMUSG00000045319	ENSSSCG00000022247	ortholog_one2one	1
ENSMUSG00000000131	ENSSSCG00000007812	ortholog_one2one	1
ENSMUSG00000020387	ENSSSCG00000014303	ortholog_one2one	1
ENSMUSG00000039157	ENSSSCG00000005631	ortholog_one2one	1
ENSMUSG00000034032	ENSSSCG00000004745	ortholog_one2one	1
ENSMUSG00000018543	ENSSSCG00000037753	ortholog_one2one	1
ENSMUSG00000056427	ENSSSCG00000017012	ortholog_one2one	1
ENSMUSG00000056648	ENSSSCG00000017537	ortholog_one2one	1
ENSMUSG00000000126	ENSSSCG00000024671	ortholog_one2one	1
ENSMUSG00000020877	ENSSSCG00000017521	ortholog_one2one	1
ENSMUSG00000020679	ENSSSCG00000022417	ortholog_one2one	1
ENSMUSG00000030761	ENSSSCG00000014876	ortholog_one2one	1
ENSMUSG00000020774	ENSSSCG00000017861	ortholog_one2one	1
ENSMUSG00000033857	ENSSSCG00000032411	ortholog_one2one	1
ENSMUSG00000059923	ENSSSCG00000017206	ortholog_one2one	1
ENSMUSG00000026878	ENSSSCG00000005514	ortholog_one2one	1
ENSMUSG00000020850	ENSSSCG00000017817	ortholog_one2one	1
ENSMUSG00000070808	ENSSSCG00000022302	ortholog_one2one	1
ENSMUSG00000015095	ENSSSCG00000005839	ortholog_one2one	1
ENSMUSG00000030873	ENSSSCG00000028923	ortholog_one2one	1
ENSMUSG00000045007	ENSSSCG00000059397	ortholog_one2one	1
ENSMUSG00000059552	ENSSSCG00000017950	ortholog_one2one	1
ENSMUSG00000030688	ENSSSCG00000014818	ortholog_one2one	1
ENSMUSG00000026805	ENSSSCG00000005730	ortholog_one2one	1
ENSMUSG00000014852	ENSSSCG00000021241	ortholog_one2one	1
ENSMUSG00000026875	ENSSSCG00000005511	ortholog_one2one	1
ENSMUSG00000001558	ENSSSCG00000033629	ortholog_one2one	1
ENSMUSG00000027166	ENSSSCG00000026083	ortholog_one2one	1
ENSMUSG00000066571	ENSSSCG00000002872	ortholog_one2one	1
ENSMUSG00000020923	ENSSSCG00000017360	ortholog_one2one	1
ENSMUSG00000036093	ENSSSCG00000031541	ortholog_one2one	1
ENSMUSG00000036591	ENSSSCG00000011074	ortholog_one2one	1
ENSMUSG00000018819	ENSSSCG00000031487	ortholog_one2one	1
ENSMUSG00000037761	ENSSSCG00000007349	ortholog_one2one	1
ENSMUSG00000038886	ENSSSCG00000001819	ortholog_one2one	1
ENSMUSG00000037740	ENSSSCG00000007165	ortholog_one2one	1
ENSMUSG00000043535	ENSSSCG00000005724	ortholog_one2one	1
ENSMUSG00000001403	ENSSSCG00000007423	ortholog_one2one	1
ENSMUSG00000039621	ENSSSCG00000031118	ortholog_one2one	1
ENSMUSG00000039356	ENSSSCG00000005704	ortholog_one2one	1
ENSMUSG00000026994	ENSSSCG00000015907	ortholog_one2one	1
ENSMUSG00000000394	ENSSSCG00000015895	ortholog_one2one	1
ENSMUSG00000038932	ENSSSCG00000038631	ortholog_one2one	1
ENSMUSG00000048058	ENSSSCG00000013294	ortholog_one2one	1
ENSMUSG00000044863	ENSSSCG00000056400	ortholog_one2one	1
ENSMUSG00000027108	ENSSSCG00000015963	ortholog_one2one	1
ENSMUSG00000005803	ENSSSCG00000004666	ortholog_one2one	1
ENSMUSG00000061411	ENSSSCG00000007249	ortholog_one2one	1
ENSMUSG00000027204	ENSSSCG00000004658	ortholog_one2one	1
ENSMUSG00000033902	ENSSSCG00000004738	ortholog_one2one	1
ENSMUSG00000019188	ENSSSCG00000007228	ortholog_one2one	1
ENSMUSG00000018415	ENSSSCG00000037336	ortholog_one2one	1
ENSMUSG00000018507	ENSSSCG00000018032	ortholog_one2one	1
ENSMUSG00000026914	ENSSSCG00000015892	ortholog_one2one	1
ENSMUSG00000049659	ENSSSCG00000008363	ortholog_one2one	1
ENSMUSG00000025782	ENSSSCG00000011127	ortholog_one2one	1
ENSMUSG00000020883	ENSSSCG00000017506	ortholog_one2one	1
ENSMUSG00000027483	ENSSSCG00000007260	ortholog_one2one	1
ENSMUSG00000063972	ENSSSCG00000005589	ortholog_one2one	1
ENSMUSG00000026767	ENSSSCG00000011045	ortholog_one2one	1
ENSMUSG00000010277	ENSSSCG00000017764	ortholog_one2one	1
ENSMUSG00000025129	ENSSSCG00000037039	ortholog_one2one	1
ENSMUSG00000025574	ENSSSCG00000037120	ortholog_one2one	1
ENSMUSG00000027339	ENSSSCG00000032601	ortholog_one2one	1
ENSMUSG00000018412	ENSSSCG00000017310	ortholog_one2one	1
ENSMUSG00000027522	ENSSSCG00000007516	ortholog_one2one	1
ENSMUSG00000027582	ENSSSCG00000036595	ortholog_one2one	1
ENSMUSG00000027243	ENSSSCG00000013258	ortholog_one2one	1
ENSMUSG00000038366	ENSSSCG00000040642	ortholog_one2one	1
ENSMUSG00000008226	ENSSSCG00000023297	ortholog_one2one	1
ENSMUSG00000014195	ENSSSCG00000017419	ortholog_one2one	1
ENSMUSG00000041762	ENSSSCG00000015965	ortholog_one2one	1
ENSMUSG00000010122	ENSSSCG00000033329	ortholog_one2one	1
ENSMUSG00000027670	ENSSSCG00000007448	ortholog_one2one	1
ENSMUSG00000026781	ENSSSCG00000011064	ortholog_one2one	1
ENSMUSG00000020817	ENSSSCG00000017895	ortholog_one2one	1
ENSMUSG00000054160	ENSSSCG00000007110	ortholog_one2one	1
ENSMUSG00000026796	ENSSSCG00000005614	ortholog_one2one	1
ENSMUSG00000040489	ENSSSCG00000017051	ortholog_one2one	1
ENSMUSG00000020814	ENSSSCG00000037376	ortholog_one2one	1
ENSMUSG00000039063	ENSSSCG00000011119	ortholog_one2one	1
ENSMUSG00000010392	ENSSSCG00000029262	ortholog_one2one	1
ENSMUSG00000009876	ENSSSCG00000038384	ortholog_one2one	1
ENSMUSG00000027636	ENSSSCG00000055477	ortholog_one2one	1
ENSMUSG00000003418	ENSSSCG00000011034	ortholog_one2one	1
ENSMUSG00000005951	ENSSSCG00000017864	ortholog_one2one	1
ENSMUSG00000027227	ENSSSCG00000004679	ortholog_one2one	1
ENSMUSG00000027643	ENSSSCG00000007332	ortholog_one2one	1
ENSMUSG00000000827	ENSSSCG00000036712	ortholog_one2one	1
ENSMUSG00000038335	ENSSSCG00000038534	ortholog_one2one	1
ENSMUSG00000009073	ENSSSCG00000028707	ortholog_one2one	1
ENSMUSG00000040282	ENSSSCG00000026900	ortholog_one2one	1
ENSMUSG00000027434	ENSSSCG00000040017	ortholog_one2one	1
ENSMUSG00000027287	ENSSSCG00000038735	ortholog_one2one	1
ENSMUSG00000027329	ENSSSCG00000007149	ortholog_one2one	1
ENSMUSG00000027016	ENSSSCG00000023181	ortholog_one2one	1
ENSMUSG00000026970	ENSSSCG00000015888	ortholog_one2one	1
ENSMUSG00000050965	ENSSSCG00000017268	ortholog_one2one	1
ENSMUSG00000018672	ENSSSCG00000017526	ortholog_one2one	1
ENSMUSG00000051329	ENSSSCG00000013223	ortholog_one2one	1
ENSMUSG00000039084	ENSSSCG00000017569	ortholog_one2one	1
ENSMUSG00000002052	ENSSSCG00000017773	ortholog_one2one	1
ENSMUSG00000069844	ENSSSCG00000018008	ortholog_one2one	1
ENSMUSG00000056158	ENSSSCG00000023169	ortholog_one2one	1
ENSMUSG00000018659	ENSSSCG00000032782	ortholog_one2one	1
ENSMUSG00000045838	ENSSSCG00000023975	ortholog_one2one	1
ENSMUSG00000020453	ENSSSCG00000010027	ortholog_one2one	1
ENSMUSG00000049630	ENSSSCG00000011043	ortholog_one2one	1
ENSMUSG00000047181	ENSSSCG00000017585	ortholog_one2one	1
ENSMUSG00000005505	ENSSSCG00000013227	ortholog_one2one	1
ENSMUSG00000039450	ENSSSCG00000039873	ortholog_one2one	1
ENSMUSG00000018899	ENSSSCG00000014277	ortholog_one2one	1
ENSMUSG00000002103	ENSSSCG00000013242	ortholog_one2one	1
ENSMUSG00000027068	ENSSSCG00000015930	ortholog_one2one	1
ENSMUSG00000047821	ENSSSCG00000034049	ortholog_one2one	1
ENSMUSG00000026853	ENSSSCG00000005671	ortholog_one2one	1
ENSMUSG00000018171	ENSSSCG00000017668	ortholog_one2one	1
ENSMUSG00000074994	ENSSSCG00000013314	ortholog_one2one	1
ENSMUSG00000046311	ENSSSCG00000014539	ortholog_one2one	1
ENSMUSG00000076437	ENSSSCG00000032364	ortholog_one2one	1
ENSMUSG00000034449	ENSSSCG00000058136	ortholog_one2one	1
ENSMUSG00000027270	ENSSSCG00000007062	ortholog_one2one	1
ENSMUSG00000079484	ENSSSCG00000005665	ortholog_one2one	1
ENSMUSG00000069769	ENSSSCG00000038505	ortholog_one2one	1
ENSMUSG00000027624	ENSSSCG00000007314	ortholog_one2one	1
ENSMUSG00000017774	ENSSSCG00000021821	ortholog_one2one	1
ENSMUSG00000000378	ENSSSCG00000016734	ortholog_one2one	1
ENSMUSG00000025377	ENSSSCG00000028593	ortholog_one2one	1
ENSMUSG00000056328	ENSSSCG00000054680	ortholog_one2one	1
ENSMUSG00000020871	ENSSSCG00000034653	ortholog_one2one	1
ENSMUSG00000075595	ENSSSCG00000017546	ortholog_one2one	1
ENSMUSG00000006127	ENSSSCG00000030707	ortholog_one2one	1
ENSMUSG00000034227	ENSSSCG00000017187	ortholog_one2one	1
ENSMUSG00000018398	ENSSSCG00000014285	ortholog_one2one	1
ENSMUSG00000026812	ENSSSCG00000046003	ortholog_one2one	1
ENSMUSG00000006784	ENSSSCG00000017415	ortholog_one2one	1
ENSMUSG00000027303	ENSSSCG00000007166	ortholog_one2one	1
ENSMUSG00000018428	ENSSSCG00000034994	ortholog_one2one	1
ENSMUSG00000035455	ENSSSCG00000023303	ortholog_one2one	1
ENSMUSG00000027618	ENSSSCG00000007307	ortholog_one2one	1
ENSMUSG00000039449	ENSSSCG00000026354	ortholog_one2one	1
ENSMUSG00000006800	ENSSSCG00000007456	ortholog_one2one	1
ENSMUSG00000027163	ENSSSCG00000013293	ortholog_one2one	1
ENSMUSG00000027074	ENSSSCG00000033998	ortholog_one2one	1
ENSMUSG00000037124	ENSSSCG00000040066	ortholog_one2one	1
ENSMUSG00000020821	ENSSSCG00000017900	ortholog_one2one	1
ENSMUSG00000059361	ENSSSCG00000031519	ortholog_one2one	1
ENSMUSG00000044308	ENSSSCG00000015940	ortholog_one2one	1
ENSMUSG00000020513	ENSSSCG00000017669	ortholog_one2one	1
ENSMUSG00000020521	ENSSSCG00000017671	ortholog_one2one	1
ENSMUSG00000044052	ENSSSCG00000017392	ortholog_one2one	1
ENSMUSG00000027004	ENSSSCG00000016018	ortholog_one2one	1
ENSMUSG00000020917	ENSSSCG00000017421	ortholog_one2one	1
ENSMUSG00000034780	ENSSSCG00000034351	ortholog_one2one	1
ENSMUSG00000027438	ENSSSCG00000031219	ortholog_one2one	1
ENSMUSG00000026728	ENSSSCG00000011033	ortholog_one2one	1
ENSMUSG00000027195	ENSSSCG00000021739	ortholog_one2one	1
ENSMUSG00000026646	ENSSSCG00000011048	ortholog_one2one	1
ENSMUSG00000101174	ENSSSCG00000015984	ortholog_one2one	1
ENSMUSG00000098387	ENSSSCG00000052391	ortholog_one2one	1
ENSMUSG00000045967	ENSSSCG00000038536	ortholog_one2one	1
ENSMUSG00000042851	ENSSSCG00000008096	ortholog_one2one	1
ENSMUSG00000001864	ENSSSCG00000034178	ortholog_one2one	1
ENSMUSG00000060988	ENSSSCG00000022671	ortholog_one2one	1
ENSMUSG00000039263	ENSSSCG00000007517	ortholog_one2one	1
ENSMUSG00000032724	ENSSSCG00000013303	ortholog_one2one	1
ENSMUSG00000027649	ENSSSCG00000007337	ortholog_one2one	1
ENSMUSG00000026860	ENSSSCG00000005668	ortholog_one2one	1
ENSMUSG00000050910	ENSSSCG00000017218	ortholog_one2one	1
ENSMUSG00000057098	ENSSSCG00000017046	ortholog_one2one	1
ENSMUSG00000001323	ENSSSCG00000062531	ortholog_one2one	1
ENSMUSG00000017561	ENSSSCG00000017743	ortholog_one2one	1
ENSMUSG00000020902	ENSSSCG00000017993	ortholog_one2one	1
ENSMUSG00000020300	ENSSSCG00000016981	ortholog_one2one	1
ENSMUSG00000020432	ENSSSCG00000010011	ortholog_one2one	1
ENSMUSG00000067818	ENSSSCG00000036402	ortholog_one2one	1
ENSMUSG00000026946	ENSSSCG00000022011	ortholog_one2one	1
ENSMUSG00000020781	ENSSSCG00000036852	ortholog_one2one	1
ENSMUSG00000079110	ENSSSCG00000004728	ortholog_one2one	1
ENSMUSG00000034757	ENSSSCG00000022837	ortholog_one2one	1
ENSMUSG00000015869	ENSSSCG00000017184	ortholog_one2one	1
ENSMUSG00000050567	ENSSSCG00000014019	ortholog_one2one	1
ENSMUSG00000035992	ENSSSCG00000014269	ortholog_one2one	1
ENSMUSG00000040543	ENSSSCG00000017890	ortholog_one2one	1
ENSMUSG00000017493	ENSSSCG00000017472	ortholog_one2one	1
ENSMUSG00000041126	ENSSSCG00000016738	ortholog_one2one	1
ENSMUSG00000025175	ENSSSCG00000017131	ortholog_one2one	1
ENSMUSG00000000594	ENSSSCG00000017087	ortholog_one2one	1
ENSMUSG00000068008	ENSSSCG00000026137	ortholog_one2one	1
ENSMUSG00000040328	ENSSSCG00000053701	ortholog_one2one	1
ENSMUSG00000020696	ENSSSCG00000032552	ortholog_one2one	1
ENSMUSG00000078919	ENSSSCG00000034952	ortholog_one2one	1
ENSMUSG00000026867	ENSSSCG00000005602	ortholog_one2one	1
ENSMUSG00000001755	ENSSSCG00000017398	ortholog_one2one	1
ENSMUSG00000046697	ENSSSCG00000017163	ortholog_one2one	1
ENSMUSG00000009076	ENSSSCG00000024279	ortholog_one2one	1
ENSMUSG00000027363	ENSSSCG00000004639	ortholog_one2one	1
ENSMUSG00000018481	ENSSSCG00000017678	ortholog_one2one	1
ENSMUSG00000025169	ENSSSCG00000032116	ortholog_one2one	1
ENSMUSG00000061111	ENSSSCG00000039424	ortholog_one2one	1
ENSMUSG00000032615	ENSSSCG00000018052	ortholog_one2one	1
ENSMUSG00000026959	ENSSSCG00000039834	ortholog_one2one	1
ENSMUSG00000041346	ENSSSCG00000017949	ortholog_one2one	1
ENSMUSG00000057286	ENSSSCG00000017177	ortholog_one2one	1
ENSMUSG00000010021	ENSSSCG00000021724	ortholog_one2one	1
ENSMUSG00000044749	ENSSSCG00000017256	ortholog_one2one	1
ENSMUSG00000032878	ENSSSCG00000008396	ortholog_one2one	1
ENSMUSG00000018848	ENSSSCG00000017015	ortholog_one2one	1
ENSMUSG00000040373	ENSSSCG00000036461	ortholog_one2one	1
ENSMUSG00000020439	ENSSSCG00000010017	ortholog_one2one	1
ENSMUSG00000035112	ENSSSCG00000060121	ortholog_one2one	1
ENSMUSG00000039253	ENSSSCG00000017134	ortholog_one2one	1
ENSMUSG00000078652	ENSSSCG00000017385	ortholog_one2one	1
ENSMUSG00000058546	ENSSSCG00000035080	ortholog_one2one	1
ENSMUSG00000006058	ENSSSCG00000021461	ortholog_one2one	1
ENSMUSG00000027498	ENSSSCG00000007494	ortholog_one2one	1
ENSMUSG00000018548	ENSSSCG00000023727	ortholog_one2one	1
ENSMUSG00000048911	ENSSSCG00000059435	ortholog_one2one	1
ENSMUSG00000038987	ENSSSCG00000005618	ortholog_one2one	1
ENSMUSG00000027459	ENSSSCG00000007200	ortholog_one2one	1
ENSMUSG00000079421	ENSSSCG00000038200	ortholog_one2one	1
ENSMUSG00000060257	ENSSSCG00000039028	ortholog_one2one	1
ENSMUSG00000018770	ENSSSCG00000015973	ortholog_one2one	1
ENSMUSG00000037771	ENSSSCG00000007348	ortholog_one2one	1
ENSMUSG00000048186	ENSSSCG00000032984	ortholog_one2one	1
ENSMUSG00000027651	ENSSSCG00000007342	ortholog_one2one	1
ENSMUSG00000040829	ENSSSCG00000017921	ortholog_one2one	1
ENSMUSG00000035198	ENSSSCG00000036106	ortholog_one2one	1
ENSMUSG00000038572	ENSSSCG00000007262	ortholog_one2one	1
ENSMUSG00000042133	ENSSSCG00000031123	ortholog_one2one	1
ENSMUSG00000052642	ENSSSCG00000054908	ortholog_one2one	1
ENSMUSG00000020604	ENSSSCG00000017261	ortholog_one2one	1
ENSMUSG00000038150	ENSSSCG00000017492	ortholog_one2one	1
ENSMUSG00000040985	ENSSSCG00000022557	ortholog_one2one	1
ENSMUSG00000038807	ENSSSCG00000034858	ortholog_one2one	1
ENSMUSG00000038312	ENSSSCG00000007291	ortholog_one2one	1
ENSMUSG00000026854	ENSSSCG00000024341	ortholog_one2one	1
ENSMUSG00000027475	ENSSSCG00000007247	ortholog_one2one	1
ENSMUSG00000027130	ENSSSCG00000002243	ortholog_one2one	1
ENSMUSG00000059316	ENSSSCG00000005648	ortholog_one2one	1
ENSMUSG00000015932	ENSSSCG00000007085	ortholog_one2one	1
ENSMUSG00000038860	ENSSSCG00000005609	ortholog_one2one	1
ENSMUSG00000010914	ENSSSCG00000013298	ortholog_one2one	1
ENSMUSG00000027170	ENSSSCG00000013315	ortholog_one2one	1
ENSMUSG00000023224	ENSSSCG00000013181	ortholog_one2one	1
ENSMUSG00000027293	ENSSSCG00000020666	ortholog_one2one	1
ENSMUSG00000027284	ENSSSCG00000004719	ortholog_one2one	1
ENSMUSG00000027309	ENSSSCG00000007155	ortholog_one2one	1
ENSMUSG00000068580	ENSSSCG00000004761	ortholog_one2one	1
ENSMUSG00000026969	ENSSSCG00000005848	ortholog_one2one	1
ENSMUSG00000027596	ENSSSCG00000053652	ortholog_one2one	1
ENSMUSG00000034216	ENSSSCG00000004757	ortholog_one2one	1
ENSMUSG00000038523	ENSSSCG00000047940	ortholog_one2one	1
ENSMUSG00000026950	ENSSSCG00000016397	ortholog_one2one	1
ENSMUSG00000040383	ENSSSCG00000004802	ortholog_one2one	1
ENSMUSG00000035576	ENSSSCG00000055642	ortholog_one2one	1
ENSMUSG00000050368	ENSSSCG00000015981	ortholog_one2one	1
ENSMUSG00000087679	ENSSSCG00000054336	ortholog_one2one	1
ENSMUSG00000070730	ENSSSCG00000004765	ortholog_one2one	1
ENSMUSG00000027220	ENSSSCG00000031590	ortholog_one2one	1
ENSMUSG00000074793	ENSSSCG00000007147	ortholog_one2one	1
ENSMUSG00000026750	ENSSSCG00000005590	ortholog_one2one	1
ENSMUSG00000051177	ENSSSCG00000007056	ortholog_one2one	1
ENSMUSG00000038375	ENSSSCG00000022099	ortholog_one2one	1
ENSMUSG00000026792	ENSSSCG00000005613	ortholog_one2one	1
ENSMUSG00000027168	ENSSSCG00000013320	ortholog_one2one	1
ENSMUSG00000027030	ENSSSCG00000022496	ortholog_one2one	1
ENSMUSG00000037110	ENSSSCG00000026506	ortholog_one2one	1
ENSMUSG00000038685	ENSSSCG00000039160	ortholog_one2one	1
ENSMUSG00000027199	ENSSSCG00000004672	ortholog_one2one	1
ENSMUSG00000027257	ENSSSCG00000013244	ortholog_one2one	1
ENSMUSG00000059742	ENSSSCG00000015898	ortholog_one2one	1
ENSMUSG00000025815	ENSSSCG00000039539	ortholog_one2one	1
ENSMUSG00000027575	ENSSSCG00000032235	ortholog_one2one	1
ENSMUSG00000027261	ENSSSCG00000027439	ortholog_one2one	1
ENSMUSG00000002732	ENSSSCG00000015999	ortholog_one2one	1
ENSMUSG00000027079	ENSSSCG00000031442	ortholog_one2one	1
ENSMUSG00000034810	ENSSSCG00000015914	ortholog_one2one	1
ENSMUSG00000039086	ENSSSCG00000035448	ortholog_one2one	1
ENSMUSG00000027330	ENSSSCG00000007151	ortholog_one2one	1
ENSMUSG00000027249	ENSSSCG00000013252	ortholog_one2one	1
ENSMUSG00000026972	ENSSSCG00000039824	ortholog_one2one	1
ENSMUSG00000009621	ENSSSCG00000005743	ortholog_one2one	1
ENSMUSG00000074923	ENSSSCG00000004781	ortholog_one2one	1
ENSMUSG00000046618	ENSSSCG00000005593	ortholog_one2one	1
ENSMUSG00000027035	ENSSSCG00000032715	ortholog_one2one	1
ENSMUSG00000037813	ENSSSCG00000007344	ortholog_one2one	1
ENSMUSG00000005882	ENSSSCG00000038237	ortholog_one2one	1
ENSMUSG00000026991	ENSSSCG00000015878	ortholog_one2one	1
ENSMUSG00000027070	ENSSSCG00000040746	ortholog_one2one	1
ENSMUSG00000015839	ENSSSCG00000015987	ortholog_one2one	1
ENSMUSG00000041219	ENSSSCG00000004806	ortholog_one2one	1
ENSMUSG00000034850	ENSSSCG00000063462	ortholog_one2one	1
ENSMUSG00000061689	ENSSSCG00000007317	ortholog_one2one	1
ENSMUSG00000036949	ENSSSCG00000011039	ortholog_one2one	1
ENSMUSG00000026645	ENSSSCG00000025759	ortholog_one2one	1
ENSMUSG00000074698	ENSSSCG00000007203	ortholog_one2one	1
ENSMUSG00000027378	ENSSSCG00000008111	ortholog_one2one	1
ENSMUSG00000001855	ENSSSCG00000005711	ortholog_one2one	1
ENSMUSG00000017969	ENSSSCG00000007463	ortholog_one2one	1
ENSMUSG00000039660	ENSSSCG00000005662	ortholog_one2one	1
ENSMUSG00000035033	ENSSSCG00000015891	ortholog_one2one	1
ENSMUSG00000038831	ENSSSCG00000005607	ortholog_one2one	1
ENSMUSG00000058793	ENSSSCG00000030123	ortholog_one2one	1
ENSMUSG00000027485	ENSSSCG00000007261	ortholog_one2one	1
ENSMUSG00000026784	ENSSSCG00000011061	ortholog_one2one	1
ENSMUSG00000026814	ENSSSCG00000005625	ortholog_one2one	1
ENSMUSG00000032046	ENSSSCG00000040449	ortholog_one2one	1
ENSMUSG00000053475	ENSSSCG00000023716	ortholog_one2one	1
ENSMUSG00000027351	ENSSSCG00000039393	ortholog_one2one	1
ENSMUSG00000027366	ENSSSCG00000004635	ortholog_one2one	1
ENSMUSG00000027306	ENSSSCG00000035544	ortholog_one2one	1
ENSMUSG00000027186	ENSSSCG00000013301	ortholog_one2one	1
ENSMUSG00000059013	ENSSSCG00000005620	ortholog_one2one	1
ENSMUSG00000027357	ENSSSCG00000040202	ortholog_one2one	1
ENSMUSG00000027583	ENSSSCG00000040388	ortholog_one2one	1
ENSMUSG00000040035	ENSSSCG00000004776	ortholog_one2one	1
ENSMUSG00000038963	ENSSSCG00000039419	ortholog_one2one	1
ENSMUSG00000058318	ENSSSCG00000023974	ortholog_one2one	1
ENSMUSG00000027488	ENSSSCG00000063004	ortholog_one2one	1
ENSMUSG00000026834	ENSSSCG00000015873	ortholog_one2one	1
ENSMUSG00000036924	ENSSSCG00000007125	ortholog_one2one	1
ENSMUSG00000026921	ENSSSCG00000005828	ortholog_one2one	1
ENSMUSG00000026739	ENSSSCG00000011081	ortholog_one2one	1
ENSMUSG00000033526	ENSSSCG00000004704	ortholog_one2one	1
ENSMUSG00000037683	ENSSSCG00000011078	ortholog_one2one	1
ENSMUSG00000027086	ENSSSCG00000015933	ortholog_one2one	1
ENSMUSG00000027454	ENSSSCG00000034913	ortholog_one2one	1
ENSMUSG00000027122	ENSSSCG00000039889	ortholog_one2one	1
ENSMUSG00000032698	ENSSSCG00000013307	ortholog_one2one	1
ENSMUSG00000026915	ENSSSCG00000005582	ortholog_one2one	1
ENSMUSG00000027111	ENSSSCG00000015955	ortholog_one2one	1
ENSMUSG00000026890	ENSSSCG00000005530	ortholog_one2one	1
ENSMUSG00000027429	ENSSSCG00000007097	ortholog_one2one	1
ENSMUSG00000027244	ENSSSCG00000013257	ortholog_one2one	1
ENSMUSG00000067578	ENSSSCG00000007490	ortholog_one2one	1
ENSMUSG00000027203	ENSSSCG00000032141	ortholog_one2one	1
ENSMUSG00000050587	ENSSSCG00000013286	ortholog_one2one	1
ENSMUSG00000027652	ENSSSCG00000007345	ortholog_one2one	1
ENSMUSG00000027315	ENSSSCG00000004759	ortholog_one2one	1
ENSMUSG00000037820	ENSSSCG00000023522	ortholog_one2one	1
ENSMUSG00000015094	ENSSSCG00000034566	ortholog_one2one	1
ENSMUSG00000037376	ENSSSCG00000007046	ortholog_one2one	1
ENSMUSG00000038671	ENSSSCG00000035304	ortholog_one2one	1
ENSMUSG00000036992	ENSSSCG00000007119	ortholog_one2one	1
ENSMUSG00000027456	ENSSSCG00000007189	ortholog_one2one	1
ENSMUSG00000027048	ENSSSCG00000015926	ortholog_one2one	1
ENSMUSG00000068373	ENSSSCG00000013311	ortholog_one2one	1
ENSMUSG00000027215	ENSSSCG00000029521	ortholog_one2one	1
ENSMUSG00000016256	ENSSSCG00000007522	ortholog_one2one	1
ENSMUSG00000002546	ENSSSCG00000005643	ortholog_one2one	1
ENSMUSG00000079277	ENSSSCG00000015985	ortholog_one2one	1
ENSMUSG00000017721	ENSSSCG00000021861	ortholog_one2one	1
ENSMUSG00000068882	ENSSSCG00000015938	ortholog_one2one	1
ENSMUSG00000035226	ENSSSCG00000021453	ortholog_one2one	1
ENSMUSG00000036067	ENSSSCG00000024166	ortholog_one2one	1
ENSMUSG00000027222	ENSSSCG00000013267	ortholog_one2one	1
ENSMUSG00000036805	ENSSSCG00000033685	ortholog_one2one	1
ENSMUSG00000005973	ENSSSCG00000013318	ortholog_one2one	1
ENSMUSG00000026980	ENSSSCG00000021956	ortholog_one2one	1
ENSMUSG00000027598	ENSSSCG00000007280	ortholog_one2one	1
ENSMUSG00000039515	ENSSSCG00000005672	ortholog_one2one	1
ENSMUSG00000068735	ENSSSCG00000031819	ortholog_one2one	1
ENSMUSG00000027439	ENSSSCG00000007117	ortholog_one2one	1
ENSMUSG00000027412	ENSSSCG00000007359	ortholog_one2one	1
ENSMUSG00000027361	ENSSSCG00000004645	ortholog_one2one	1
ENSMUSG00000027628	ENSSSCG00000007315	ortholog_one2one	1
ENSMUSG00000027001	ENSSSCG00000016020	ortholog_one2one	1
ENSMUSG00000067787	ENSSSCG00000063164	ortholog_one2one	1
ENSMUSG00000075270	ENSSSCG00000038903	ortholog_one2one	1
ENSMUSG00000027593	ENSSSCG00000007275	ortholog_one2one	1
ENSMUSG00000075028	ENSSSCG00000013276	ortholog_one2one	1
ENSMUSG00000040321	ENSSSCG00000004799	ortholog_one2one	1
ENSMUSG00000042745	ENSSSCG00000037016	ortholog_one2one	1
ENSMUSG00000027397	ENSSSCG00000032288	ortholog_one2one	1
ENSMUSG00000033486	ENSSSCG00000004701	ortholog_one2one	1
ENSMUSG00000034059	ENSSSCG00000037892	ortholog_one2one	1
ENSMUSG00000034903	ENSSSCG00000025598	ortholog_one2one	1
ENSMUSG00000027210	ENSSSCG00000004795	ortholog_one2one	1
ENSMUSG00000039050	ENSSSCG00000036835	ortholog_one2one	1
ENSMUSG00000036449	ENSSSCG00000021963	ortholog_one2one	1
ENSMUSG00000027272	ENSSSCG00000004717	ortholog_one2one	1
ENSMUSG00000053746	ENSSSCG00000005615	ortholog_one2one	1
ENSMUSG00000074628	ENSSSCG00000031690	ortholog_one2one	1
ENSMUSG00000015337	ENSSSCG00000005661	ortholog_one2one	1
ENSMUSG00000027452	ENSSSCG00000007133	ortholog_one2one	1
ENSMUSG00000051379	ENSSSCG00000007079	ortholog_one2one	1
ENSMUSG00000038718	ENSSSCG00000005604	ortholog_one2one	1
ENSMUSG00000027566	ENSSSCG00000033332	ortholog_one2one	1
ENSMUSG00000018322	ENSSSCG00000007383	ortholog_one2one	1
ENSMUSG00000050737	ENSSSCG00000005688	ortholog_one2one	1
ENSMUSG00000052056	ENSSSCG00000007484	ortholog_one2one	1
ENSMUSG00000015627	ENSSSCG00000007538	ortholog_one2one	1
ENSMUSG00000027400	ENSSSCG00000037684	ortholog_one2one	1
ENSMUSG00000002455	ENSSSCG00000029119	ortholog_one2one	1
ENSMUSG00000036617	ENSSSCG00000011075	ortholog_one2one	1
ENSMUSG00000026918	ENSSSCG00000005749	ortholog_one2one	1
ENSMUSG00000039021	ENSSSCG00000005616	ortholog_one2one	1
ENSMUSG00000027188	ENSSSCG00000028338	ortholog_one2one	1
ENSMUSG00000026836	ENSSSCG00000015874	ortholog_one2one	1
ENSMUSG00000003604	ENSSSCG00000029474	ortholog_one2one	1
ENSMUSG00000026989	ENSSSCG00000015879	ortholog_one2one	1
ENSMUSG00000044641	ENSSSCG00000027206	ortholog_one2one	1
ENSMUSG00000027165	ENSSSCG00000035489	ortholog_one2one	1
ENSMUSG00000050447	ENSSSCG00000023627	ortholog_one2one	1
ENSMUSG00000043342	ENSSSCG00000015982	ortholog_one2one	1
ENSMUSG00000052922	ENSSSCG00000026605	ortholog_one2one	1
ENSMUSG00000068614	ENSSSCG00000004803	ortholog_one2one	1
ENSMUSG00000046470	ENSSSCG00000037865	ortholog_one2one	1
ENSMUSG00000033068	ENSSSCG00000027070	ortholog_one2one	1
ENSMUSG00000062646	ENSSSCG00000004729	ortholog_one2one	1
ENSMUSG00000027612	ENSSSCG00000040160	ortholog_one2one	1
ENSMUSG00000005089	ENSSSCG00000013296	ortholog_one2one	1
ENSMUSG00000025817	ENSSSCG00000011113	ortholog_one2one	1
ENSMUSG00000014873	ENSSSCG00000038459	ortholog_one2one	1
ENSMUSG00000026643	ENSSSCG00000026499	ortholog_one2one	1
ENSMUSG00000027224	ENSSSCG00000004677	ortholog_one2one	1
ENSMUSG00000027246	ENSSSCG00000004699	ortholog_one2one	1
ENSMUSG00000038241	ENSSSCG00000021138	ortholog_one2one	1
ENSMUSG00000013465	ENSSSCG00000005846	ortholog_one2one	1
ENSMUSG00000002108	ENSSSCG00000013241	ortholog_one2one	1
ENSMUSG00000040084	ENSSSCG00000004782	ortholog_one2one	1
ENSMUSG00000026974	ENSSSCG00000054801	ortholog_one2one	1
ENSMUSG00000053141	ENSSSCG00000038990	ortholog_one2one	1
ENSMUSG00000037885	ENSSSCG00000007179	ortholog_one2one	1
ENSMUSG00000026748	ENSSSCG00000032444	ortholog_one2one	1
ENSMUSG00000048550	ENSSSCG00000011071	ortholog_one2one	1
ENSMUSG00000057234	ENSSSCG00000013331	ortholog_one2one	1
ENSMUSG00000017307	ENSSSCG00000007426	ortholog_one2one	1
ENSMUSG00000026730	ENSSSCG00000022953	ortholog_one2one	1
ENSMUSG00000040007	ENSSSCG00000004772	ortholog_one2one	1
ENSMUSG00000000823	ENSSSCG00000058618	ortholog_one2one	1
ENSMUSG00000062661	ENSSSCG00000039311	ortholog_one2one	1
ENSMUSG00000068966	ENSSSCG00000031426	ortholog_one2one	1
ENSMUSG00000027263	ENSSSCG00000004708	ortholog_one2one	1
ENSMUSG00000027012	ENSSSCG00000015948	ortholog_one2one	1
ENSMUSG00000037307	ENSSSCG00000056481	ortholog_one2one	1
ENSMUSG00000027088	ENSSSCG00000015936	ortholog_one2one	1
ENSMUSG00000044033	ENSSSCG00000016002	ortholog_one2one	1
ENSMUSG00000074575	ENSSSCG00000007476	ortholog_one2one	1
ENSMUSG00000064329	ENSSSCG00000024204	ortholog_one2one	1
ENSMUSG00000026765	ENSSSCG00000015677	ortholog_one2one	1
ENSMUSG00000027253	ENSSSCG00000013248	ortholog_one2one	1
ENSMUSG00000038605	ENSSSCG00000034186	ortholog_one2one	1
ENSMUSG00000027208	ENSSSCG00000056997	ortholog_one2one	1
ENSMUSG00000027176	ENSSSCG00000040954	ortholog_one2one	1
ENSMUSG00000060703	ENSSSCG00000036050	ortholog_one2one	1
ENSMUSG00000039715	ENSSSCG00000005655	ortholog_one2one	1
ENSMUSG00000026928	ENSSSCG00000031715	ortholog_one2one	1
ENSMUSG00000041921	ENSSSCG00000015951	ortholog_one2one	1
ENSMUSG00000026888	ENSSSCG00000015901	ortholog_one2one	1
ENSMUSG00000015335	ENSSSCG00000063201	ortholog_one2one	1
ENSMUSG00000026737	ENSSSCG00000011079	ortholog_one2one	1
ENSMUSG00000027347	ENSSSCG00000004791	ortholog_one2one	1
ENSMUSG00000005232	ENSSSCG00000015925	ortholog_one2one	1
ENSMUSG00000026934	ENSSSCG00000034657	ortholog_one2one	1
ENSMUSG00000057133	ENSSSCG00000007360	ortholog_one2one	1
ENSMUSG00000050645	ENSSSCG00000007221	ortholog_one2one	1
ENSMUSG00000039686	ENSSSCG00000005659	ortholog_one2one	1
