mouse_gene_symbol	mouse_ensembl_gene_id	human_ensembl_gene_id	human_homology_type	human_orthology_confidence
0610030E20Rik	ENSMUSG00000058706	ENSG00000168887	ortholog_one2one	1
1110002E22Rik	ENSMUSG00000090066	ENSG00000248713	ortholog_one2one	1
1110004F10Rik	ENSMUSG00000030663	ENSG00000110696	ortholog_one2one	1
1110032F04Rik	ENSMUSG00000046999	ENSG00000180044	ortholog_one2one	1
1110038F14Rik	ENSMUSG00000063236	ENSG00000182307	ortholog_one2one	1
1110059E24Rik	ENSMUSG00000035171	ENSG00000155621	ortholog_one2one	1
1110059G10Rik	ENSMUSG00000032551	ENSG00000163807	ortholog_one2one	1
1110065P20Rik	ENSMUSG00000078570	ENSG00000197982	ortholog_one2one	1
1190005I06Rik	ENSMUSG00000043687	ENSG00000154102	ortholog_one2one	1
1500009L16Rik	ENSMUSG00000087651	ENSG00000235162	ortholog_one2one	1
1600012H06Rik	ENSMUSG00000050088	ENSG00000185127	ortholog_one2one	1
1600014C10Rik	ENSMUSG00000054676	ENSG00000131943	ortholog_one2one	1
1700010I14Rik	ENSMUSG00000023873	ENSG00000112539	ortholog_one2one	1
1700011L22Rik	ENSMUSG00000031682	ENSG00000237136	ortholog_one2one	1
1700012B09Rik	ENSMUSG00000031927	ENSG00000257057	ortholog_one2one	1
1700016H13Rik	ENSMUSG00000029320	ENSG00000163633	ortholog_one2one	1
1700017B05Rik	ENSMUSG00000032300	ENSG00000167173	ortholog_one2one	1
1700017N19Rik	ENSMUSG00000056912	ENSG00000165805	ortholog_one2one	1
1700019D03Rik	ENSMUSG00000043629	ENSG00000187699	ortholog_one2one	1
1700020L24Rik	ENSMUSG00000035085	ENSG00000270806	ortholog_one2one	1
1700024G13Rik	ENSMUSG00000072473	ENSG00000178645	ortholog_one2one	1
1700025G04Rik	ENSMUSG00000032666	ENSG00000116667	ortholog_one2one	1
1700028K03Rik	ENSMUSG00000089798	ENSG00000203910	ortholog_one2one	1
1700030J22Rik	ENSMUSG00000031847	ENSG00000166455	ortholog_one2one	1
1700034E13Rik	ENSMUSG00000024532	ENSG00000250803	ortholog_one2one	1
1700037C18Rik	ENSMUSG00000005983	ENSG00000215131	ortholog_one2one	1
1700066M21Rik	ENSMUSG00000038323	ENSG00000178074	ortholog_one2one	1
1700067K01Rik	ENSMUSG00000046408	ENSG00000188032	ortholog_one2one	1
1700088E04Rik	ENSMUSG00000033029	ENSG00000128346	ortholog_one2one	1
1700093K21Rik	ENSMUSG00000020286	ENSG00000237651	ortholog_one2one	1
1700102P08Rik	ENSMUSG00000032611	ENSG00000188315	ortholog_one2one	1
1700123O20Rik	ENSMUSG00000040822	ENSG00000179933	ortholog_one2one	1
1810009A15Rik	ENSMUSG00000071653	ENSG00000278615	ortholog_one2one	1
1810010H24Rik	ENSMUSG00000078607	ENSG00000186665	ortholog_one2one	1
1810030O07Rik	ENSMUSG00000044148	ENSG00000185753	ortholog_one2one	1
2010003K11Rik	ENSMUSG00000042041	ENSG00000173237	ortholog_one2one	1
2200002D01Rik	ENSMUSG00000030587	ENSG00000167644	ortholog_one2one	1
2210016L21Rik	ENSMUSG00000029559	ENSG00000157895	ortholog_one2one	1
2210017I01Rik	ENSMUSG00000103523	ENSG00000285946	ortholog_one2one	1
2210408I21Rik	ENSMUSG00000071252	ENSG00000185261	ortholog_one2one	1
2300009A05Rik	ENSMUSG00000032403	ENSG00000189227	ortholog_one2one	1
2310009B15Rik	ENSMUSG00000079283	ENSG00000203724	ortholog_one2one	1
2310011J03Rik	ENSMUSG00000020133	ENSG00000119559	ortholog_one2one	1
2310022A10Rik	ENSMUSG00000049643	ENSG00000160392	ortholog_one2one	1
2310022B05Rik	ENSMUSG00000031983	ENSG00000119280	ortholog_one2one	1
2310030G06Rik	ENSMUSG00000032062	ENSG00000149300	ortholog_one2one	1
2310034G01Rik	ENSMUSG00000099655	ENSG00000120055	ortholog_one2one	1
2310057J18Rik	ENSMUSG00000015519	ENSG00000184530	ortholog_one2one	1
2310057M21Rik	ENSMUSG00000040177	ENSG00000119965	ortholog_one2one	1
2310061I04Rik	ENSMUSG00000050705	ENSG00000204564	ortholog_one2one	1
2410004B18Rik	ENSMUSG00000036873	ENSG00000162642	ortholog_one2one	1
2510002D24Rik	ENSMUSG00000071632	ENSG00000242259	ortholog_one2one	1
2510009E07Rik	ENSMUSG00000043391	ENSG00000187068	ortholog_one2one	1
2510039O18Rik	ENSMUSG00000044496	ENSG00000116685	ortholog_one2one	1
2610528J11Rik	ENSMUSG00000028536	ENSG00000253313	ortholog_one2one	1
2700049A03Rik	ENSMUSG00000034601	ENSG00000100578	ortholog_one2one	1
2700062C07Rik	ENSMUSG00000024273	ENSG00000141428	ortholog_one2one	1
2810459M11Rik	ENSMUSG00000026227	ENSG00000204128	ortholog_one2one	1
2900026A02Rik	ENSMUSG00000051339	ENSG00000197077	ortholog_one2one	1
3110009E18Rik	ENSMUSG00000026388	ENSG00000186132	ortholog_one2one	1
3110040N11Rik	ENSMUSG00000025102	ENSG00000169609	ortholog_one2one	1
3425401B19Rik	ENSMUSG00000071540	ENSG00000177354	ortholog_one2one	1
4833420G17Rik	ENSMUSG00000062822	ENSG00000172244	ortholog_one2one	1
4833439L19Rik	ENSMUSG00000025871	ENSG00000122203	ortholog_one2one	1
4921524J17Rik	ENSMUSG00000036934	ENSG00000155330	ortholog_one2one	1
4930444P10Rik	ENSMUSG00000067795	ENSG00000274443	ortholog_one2one	1
4930447C04Rik	ENSMUSG00000021098	ENSG00000179008	ortholog_one2one	1
4930451I11Rik	ENSMUSG00000045989	ENSG00000167194	ortholog_one2one	1
4930453N24Rik	ENSMUSG00000059920	ENSG00000179021	ortholog_one2one	1
4930503L19Rik	ENSMUSG00000044906	ENSG00000166845	ortholog_one2one	1
4930523C07Rik	ENSMUSG00000090394	ENSG00000235750	ortholog_one2one	1
4930544D05Rik	ENSMUSG00000087279	ENSG00000205710	ortholog_one2one	1
4930550C14Rik	ENSMUSG00000005131	ENSG00000166323	ortholog_one2one	1
4930558K02Rik	ENSMUSG00000086277	ENSG00000180999	ortholog_one2one	1
4930563E22Rik	ENSMUSG00000053574	ENSG00000256806	ortholog_one2one	1
4930578I06Rik	ENSMUSG00000021961	ENSG00000171060	ortholog_one2one	1
4930579F01Rik	ENSMUSG00000012042	ENSG00000138813	ortholog_one2one	1
4930579G24Rik	ENSMUSG00000027811	ENSG00000205208	ortholog_one2one	1
4930590J08Rik	ENSMUSG00000034063	ENSG00000131379	ortholog_one2one	1
4931406C07Rik	ENSMUSG00000031938	ENSG00000182919	ortholog_one2one	1
4931414P19Rik	ENSMUSG00000022179	ENSG00000100802	ortholog_one2one	1
4933402J07Rik	ENSMUSG00000069971	ENSG00000166152	ortholog_one2one	1
4933405L10Rik	ENSMUSG00000013158	ENSG00000159761	ortholog_one2one	1
4933427D14Rik	ENSMUSG00000020807	ENSG00000198920	ortholog_one2one	1
4933434E20Rik	ENSMUSG00000027942	ENSG00000143612	ortholog_one2one	1
5031439G07Rik	ENSMUSG00000036046	ENSG00000100364	ortholog_one2one	1
5730409E04Rik	ENSMUSG00000073755	ENSG00000142686	ortholog_one2one	1
5730455P16Rik	ENSMUSG00000057181	ENSG00000108666	ortholog_one2one	1
5730480H06Rik	ENSMUSG00000029089	ENSG00000163138	ortholog_one2one	1
6030458C11Rik	ENSMUSG00000022195	ENSG00000082213	ortholog_one2one	1
6330403K07Rik	ENSMUSG00000018451	ENSG00000286190	ortholog_one2one	1
6430548M08Rik	ENSMUSG00000031824	ENSG00000135709	ortholog_one2one	1
6430571L13Rik	ENSMUSG00000037977	ENSG00000088543	ortholog_one2one	1
6820408C15Rik	ENSMUSG00000032680	ENSG00000196476	ortholog_one2one	1
9130401M01Rik	ENSMUSG00000101892	ENSG00000189376	ortholog_one2one	1
9330159F19Rik	ENSMUSG00000004360	ENSG00000189367	ortholog_one2one	1
9430015G10Rik	ENSMUSG00000059939	ENSG00000131591	ortholog_one2one	1
9530068E07Rik	ENSMUSG00000036275	ENSG00000113583	ortholog_one2one	1
9930012K11Rik	ENSMUSG00000044551	ENSG00000241852	ortholog_one2one	1
A130010J15Rik	ENSMUSG00000079144	ENSG00000162757	ortholog_one2one	1
A1cf	ENSMUSG00000052595	ENSG00000148584	ortholog_one2one	1
A2m	ENSMUSG00000030111	ENSG00000175899	ortholog_one2one	1
A3galt2	ENSMUSG00000028794	ENSG00000184389	ortholog_one2one	1
A430005L14Rik	ENSMUSG00000047613	ENSG00000198912	ortholog_one2one	1
A4galt	ENSMUSG00000047878	ENSG00000128274	ortholog_one2one	1
A4gnt	ENSMUSG00000037953	ENSG00000118017	ortholog_one2one	1
A830018L16Rik	ENSMUSG00000057715	ENSG00000165084	ortholog_one2one	1
A930018P22Rik	ENSMUSG00000032671	ENSG00000205177	ortholog_one2one	1
AA467197	ENSMUSG00000033213	ENSG00000166920	ortholog_one2one	1
AA986860	ENSMUSG00000042510	ENSG00000182795	ortholog_one2one	1
AI467606	ENSMUSG00000045165	ENSG00000185905	ortholog_one2one	1
AI593442	ENSMUSG00000078307	ENSG00000185742	ortholog_one2one	1
AI597479	ENSMUSG00000010290	ENSG00000135974	ortholog_one2one	1
AI661453	ENSMUSG00000034382	ENSG00000188112	ortholog_one2one	1
AI837181	ENSMUSG00000047423	ENSG00000175573	ortholog_one2one	1
AI854703	ENSMUSG00000053297	ENSG00000284691	ortholog_one2one	1
AU021092	ENSMUSG00000051669	ENSG00000153446	ortholog_one2one	1
AU022252	ENSMUSG00000078584	ENSG00000164008	ortholog_one2one	1
AU040320	ENSMUSG00000028830	ENSG00000142687	ortholog_one2one	1
AW209491	ENSMUSG00000039182	ENSG00000136197	ortholog_one2one	1
AW554918	ENSMUSG00000033632	ENSG00000150477	ortholog_one2one	1
Aaas	ENSMUSG00000036678	ENSG00000094914	ortholog_one2one	1
Aacs	ENSMUSG00000029482	ENSG00000081760	ortholog_one2one	1
Aadac	ENSMUSG00000027761	ENSG00000114771	ortholog_one2one	1
Aadacl2	ENSMUSG00000091376	ENSG00000197953	ortholog_one2one	1
Aadacl3	ENSMUSG00000078507	ENSG00000188984	ortholog_one2one	1
Aadat	ENSMUSG00000057228	ENSG00000109576	ortholog_one2one	1
Aagab	ENSMUSG00000037257	ENSG00000103591	ortholog_one2one	1
Aak1	ENSMUSG00000057230	ENSG00000115977	ortholog_one2one	1
Aamdc	ENSMUSG00000035642	ENSG00000087884	ortholog_one2one	1
Aamp	ENSMUSG00000006299	ENSG00000127837	ortholog_one2one	1
Aanat	ENSMUSG00000020804	ENSG00000129673	ortholog_one2one	1
Aar2	ENSMUSG00000027628	ENSG00000131043	ortholog_one2one	1
Aard	ENSMUSG00000068522	ENSG00000205002	ortholog_one2one	1
Aars1	ENSMUSG00000031960	ENSG00000090861	ortholog_one2one	1
Aars2	ENSMUSG00000023938	ENSG00000124608	ortholog_one2one	1
Aarsd1	ENSMUSG00000075528	ENSG00000266967	ortholog_one2one	1
Aasdh	ENSMUSG00000055923	ENSG00000157426	ortholog_one2one	1
Aasdhppt	ENSMUSG00000025894	ENSG00000149313	ortholog_one2one	1
Aass	ENSMUSG00000029695	ENSG00000008311	ortholog_one2one	1
Aatf	ENSMUSG00000018697	ENSG00000275700	ortholog_one2one	1
Aatk	ENSMUSG00000025375	ENSG00000181409	ortholog_one2one	1
Abat	ENSMUSG00000057880	ENSG00000183044	ortholog_one2one	1
Abca1	ENSMUSG00000015243	ENSG00000165029	ortholog_one2one	1
Abca12	ENSMUSG00000050296	ENSG00000144452	ortholog_one2one	1
Abca13	ENSMUSG00000004668	ENSG00000179869	ortholog_one2one	1
Abca2	ENSMUSG00000026944	ENSG00000107331	ortholog_one2one	1
Abca3	ENSMUSG00000024130	ENSG00000167972	ortholog_one2one	1
Abca4	ENSMUSG00000028125	ENSG00000198691	ortholog_one2one	1
Abca5	ENSMUSG00000018800	ENSG00000154265	ortholog_one2one	1
Abca6	ENSMUSG00000044749	ENSG00000154262	ortholog_one2one	1
Abca7	ENSMUSG00000035722	ENSG00000064687	ortholog_one2one	1
Abca8b	ENSMUSG00000020620	ENSG00000141338	ortholog_one2one	1
Abca9	ENSMUSG00000041797	ENSG00000154258	ortholog_one2one	1
Abcb10	ENSMUSG00000031974	ENSG00000135776	ortholog_one2one	1
Abcb11	ENSMUSG00000027048	ENSG00000073734	ortholog_one2one	1
Abcb4	ENSMUSG00000042476	ENSG00000005471	ortholog_one2one	1
Abcb5	ENSMUSG00000072791	ENSG00000004846	ortholog_one2one	1
Abcb6	ENSMUSG00000026198	ENSG00000115657	ortholog_one2one	1
Abcb7	ENSMUSG00000031333	ENSG00000131269	ortholog_one2one	1
Abcb8	ENSMUSG00000028973	ENSG00000197150	ortholog_one2one	1
Abcb9	ENSMUSG00000029408	ENSG00000150967	ortholog_one2one	1
Abcc1	ENSMUSG00000023088	ENSG00000103222	ortholog_one2one	1
Abcc10	ENSMUSG00000032842	ENSG00000124574	ortholog_one2one	1
Abcc12	ENSMUSG00000036872	ENSG00000140798	ortholog_one2one	1
Abcc2	ENSMUSG00000025194	ENSG00000023839	ortholog_one2one	1
Abcc3	ENSMUSG00000020865	ENSG00000108846	ortholog_one2one	1
Abcc4	ENSMUSG00000032849	ENSG00000125257	ortholog_one2one	1
Abcc5	ENSMUSG00000022822	ENSG00000114770	ortholog_one2one	1
Abcc6	ENSMUSG00000030834	ENSG00000091262	ortholog_one2one	1
Abcc8	ENSMUSG00000040136	ENSG00000006071	ortholog_one2one	1
Abcc9	ENSMUSG00000030249	ENSG00000069431	ortholog_one2one	1
Abcd1	ENSMUSG00000031378	ENSG00000101986	ortholog_one2one	1
Abcd2	ENSMUSG00000055782	ENSG00000173208	ortholog_one2one	1
Abcd3	ENSMUSG00000028127	ENSG00000117528	ortholog_one2one	1
Abcd4	ENSMUSG00000021240	ENSG00000119688	ortholog_one2one	1
Abce1	ENSMUSG00000058355	ENSG00000164163	ortholog_one2one	1
Abcf1	ENSMUSG00000038762	ENSG00000204574	ortholog_one2one	1
Abcf2	ENSMUSG00000028953	ENSG00000033050	ortholog_one2one	1
Abcf3	ENSMUSG00000003234	ENSG00000161204	ortholog_one2one	1
Abcg1	ENSMUSG00000024030	ENSG00000160179	ortholog_one2one	1
Abcg4	ENSMUSG00000032131	ENSG00000172350	ortholog_one2one	1
Abcg5	ENSMUSG00000040505	ENSG00000138075	ortholog_one2one	1
Abcg8	ENSMUSG00000024254	ENSG00000143921	ortholog_one2one	1
Abhd1	ENSMUSG00000006638	ENSG00000143994	ortholog_one2one	1
Abhd10	ENSMUSG00000033157	ENSG00000144827	ortholog_one2one	1
Abhd11	ENSMUSG00000040532	ENSG00000106077	ortholog_one2one	1
Abhd12	ENSMUSG00000032046	ENSG00000100997	ortholog_one2one	1
Abhd12b	ENSMUSG00000090121	ENSG00000131969	ortholog_one2one	1
Abhd13	ENSMUSG00000040396	ENSG00000139826	ortholog_one2one	1
Abhd14a	ENSMUSG00000042210	ENSG00000248487	ortholog_one2one	1
Abhd14b	ENSMUSG00000042073	ENSG00000114779	ortholog_one2one	1
Abhd15	ENSMUSG00000000686	ENSG00000168792	ortholog_one2one	1
Abhd16a	ENSMUSG00000007036	ENSG00000204427	ortholog_one2one	1
Abhd16b	ENSMUSG00000055882	ENSG00000183260	ortholog_one2one	1
Abhd17a	ENSMUSG00000003346	ENSG00000129968	ortholog_one2one	1
Abhd17b	ENSMUSG00000047368	ENSG00000107362	ortholog_one2one	1
Abhd17c	ENSMUSG00000038459	ENSG00000136379	ortholog_one2one	1
Abhd18	ENSMUSG00000037818	ENSG00000164074	ortholog_one2one	1
Abhd2	ENSMUSG00000039202	ENSG00000140526	ortholog_one2one	1
Abhd3	ENSMUSG00000002475	ENSG00000158201	ortholog_one2one	1
Abhd4	ENSMUSG00000040997	ENSG00000100439	ortholog_one2one	1
Abhd5	ENSMUSG00000032540	ENSG00000011198	ortholog_one2one	1
Abhd6	ENSMUSG00000025277	ENSG00000163686	ortholog_one2one	1
Abhd8	ENSMUSG00000007950	ENSG00000127220	ortholog_one2one	1
Abi1	ENSMUSG00000058835	ENSG00000136754	ortholog_one2one	1
Abi2	ENSMUSG00000026782	ENSG00000138443	ortholog_one2one	1
Abi3	ENSMUSG00000018381	ENSG00000108798	ortholog_one2one	1
Abi3bp	ENSMUSG00000035258	ENSG00000154175	ortholog_one2one	1
Abitram	ENSMUSG00000038827	ENSG00000119328	ortholog_one2one	1
Abl1	ENSMUSG00000026842	ENSG00000097007	ortholog_one2one	1
Abl2	ENSMUSG00000026596	ENSG00000143322	ortholog_one2one	1
Ablim1	ENSMUSG00000025085	ENSG00000099204	ortholog_one2one	1
Ablim2	ENSMUSG00000029095	ENSG00000163995	ortholog_one2one	1
Ablim3	ENSMUSG00000032735	ENSG00000173210	ortholog_one2one	1
Abo	ENSMUSG00000015787	ENSG00000175164	ortholog_one2one	1
Abr	ENSMUSG00000017631	ENSG00000159842	ortholog_one2one	1
Abra	ENSMUSG00000042895	ENSG00000174429	ortholog_one2one	1
Abracl	ENSMUSG00000078453	ENSG00000146386	ortholog_one2one	1
Abraxas1	ENSMUSG00000035234	ENSG00000163322	ortholog_one2one	1
Abraxas2	ENSMUSG00000030965	ENSG00000165660	ortholog_one2one	1
Abt1	ENSMUSG00000036376	ENSG00000146109	ortholog_one2one	1
Abtb1	ENSMUSG00000030083	ENSG00000114626	ortholog_one2one	1
Abtb2	ENSMUSG00000032724	ENSG00000166016	ortholog_one2one	1
Abtb3	ENSMUSG00000020042	ENSG00000151136	ortholog_one2one	1
Acaa2	ENSMUSG00000036880	ENSG00000167315	ortholog_one2one	1
Acaca	ENSMUSG00000020532	ENSG00000278540	ortholog_one2one	1
Acacb	ENSMUSG00000042010	ENSG00000076555	ortholog_one2one	1
Acad11	ENSMUSG00000090150	ENSG00000240303	ortholog_one2one	1
Acad8	ENSMUSG00000031969	ENSG00000151498	ortholog_one2one	1
Acad9	ENSMUSG00000027710	ENSG00000177646	ortholog_one2one	1
Acadl	ENSMUSG00000026003	ENSG00000115361	ortholog_one2one	1
Acadm	ENSMUSG00000062908	ENSG00000117054	ortholog_one2one	1
Acads	ENSMUSG00000029545	ENSG00000122971	ortholog_one2one	1
Acadsb	ENSMUSG00000030861	ENSG00000196177	ortholog_one2one	1
Acadvl	ENSMUSG00000018574	ENSG00000072778	ortholog_one2one	1
Acan	ENSMUSG00000030607	ENSG00000157766	ortholog_one2one	1
Acap1	ENSMUSG00000001588	ENSG00000072818	ortholog_one2one	1
Acap2	ENSMUSG00000049076	ENSG00000114331	ortholog_one2one	1
Acap3	ENSMUSG00000029033	ENSG00000131584	ortholog_one2one	1
Acat1	ENSMUSG00000032047	ENSG00000075239	ortholog_one2one	1
Acbd3	ENSMUSG00000026499	ENSG00000182827	ortholog_one2one	1
Acbd4	ENSMUSG00000056938	ENSG00000181513	ortholog_one2one	1
Acbd5	ENSMUSG00000026781	ENSG00000107897	ortholog_one2one	1
Acbd6	ENSMUSG00000033701	ENSG00000230124	ortholog_one2one	1
Acbd7	ENSMUSG00000026644	ENSG00000176244	ortholog_one2one	1
Accs	ENSMUSG00000040272	ENSG00000110455	ortholog_one2one	1
Accsl	ENSMUSG00000075023	ENSG00000205126	ortholog_one2one	1
Acd	ENSMUSG00000038000	ENSG00000102977	ortholog_one2one	1
Ace	ENSMUSG00000020681	ENSG00000159640	ortholog_one2one	1
Ace2	ENSMUSG00000015405	ENSG00000130234	ortholog_one2one	1
Acer1	ENSMUSG00000045019	ENSG00000167769	ortholog_one2one	1
Acer2	ENSMUSG00000038007	ENSG00000177076	ortholog_one2one	1
Acer3	ENSMUSG00000030760	ENSG00000078124	ortholog_one2one	1
Ache	ENSMUSG00000023328	ENSG00000087085	ortholog_one2one	1
Acin1	ENSMUSG00000022185	ENSG00000100813	ortholog_one2one	1
Ackr1	ENSMUSG00000037872	ENSG00000213088	ortholog_one2one	1
Ackr2	ENSMUSG00000044534	ENSG00000144648	ortholog_one2one	1
Ackr3	ENSMUSG00000044337	ENSG00000144476	ortholog_one2one	1
Ackr4	ENSMUSG00000079355	ENSG00000129048	ortholog_one2one	1
Acly	ENSMUSG00000020917	ENSG00000131473	ortholog_one2one	1
Acmsd	ENSMUSG00000026348	ENSG00000153086	ortholog_one2one	1
Aco1	ENSMUSG00000028405	ENSG00000122729	ortholog_one2one	1
Aco2	ENSMUSG00000022477	ENSG00000100412	ortholog_one2one	1
Acod1	ENSMUSG00000022126	ENSG00000102794	ortholog_one2one	1
Acot11	ENSMUSG00000034853	ENSG00000162390	ortholog_one2one	1
Acot12	ENSMUSG00000021620	ENSG00000172497	ortholog_one2one	1
Acot13	ENSMUSG00000006717	ENSG00000112304	ortholog_one2one	1
Acot4	ENSMUSG00000052392	ENSG00000177465	ortholog_one2one	1
Acot6	ENSMUSG00000043487	ENSG00000205669	ortholog_one2one	1
Acot7	ENSMUSG00000028937	ENSG00000097021	ortholog_one2one	1
Acot8	ENSMUSG00000017307	ENSG00000101473	ortholog_one2one	1
Acox1	ENSMUSG00000020777	ENSG00000161533	ortholog_one2one	1
Acox2	ENSMUSG00000021751	ENSG00000168306	ortholog_one2one	1
Acox3	ENSMUSG00000029098	ENSG00000087008	ortholog_one2one	1
Acoxl	ENSMUSG00000027380	ENSG00000153093	ortholog_one2one	1
Acp2	ENSMUSG00000002103	ENSG00000134575	ortholog_one2one	1
Acp3	ENSMUSG00000032561	ENSG00000014257	ortholog_one2one	1
Acp4	ENSMUSG00000012777	ENSG00000142513	ortholog_one2one	1
Acp5	ENSMUSG00000001348	ENSG00000102575	ortholog_one2one	1
Acp6	ENSMUSG00000028093	ENSG00000162836	ortholog_one2one	1
Acp7	ENSMUSG00000037469	ENSG00000183760	ortholog_one2one	1
Acr	ENSMUSG00000022622	ENSG00000100312	ortholog_one2one	1
Acrbp	ENSMUSG00000072770	ENSG00000111644	ortholog_one2one	1
Acrv1	ENSMUSG00000032110	ENSG00000134940	ortholog_one2one	1
Acsbg1	ENSMUSG00000032281	ENSG00000103740	ortholog_one2one	1
Acsbg2	ENSMUSG00000024207	ENSG00000130377	ortholog_one2one	1
Acsf2	ENSMUSG00000076435	ENSG00000167107	ortholog_one2one	1
Acsf3	ENSMUSG00000015016	ENSG00000176715	ortholog_one2one	1
Acsl1	ENSMUSG00000018796	ENSG00000151726	ortholog_one2one	1
Acsl3	ENSMUSG00000032883	ENSG00000123983	ortholog_one2one	1
Acsl4	ENSMUSG00000031278	ENSG00000068366	ortholog_one2one	1
Acsl5	ENSMUSG00000024981	ENSG00000197142	ortholog_one2one	1
Acsl6	ENSMUSG00000020333	ENSG00000164398	ortholog_one2one	1
Acsm1	ENSMUSG00000033533	ENSG00000166743	ortholog_one2one	1
Acsm3	ENSMUSG00000030935	ENSG00000005187	ortholog_one2one	1
Acsm4	ENSMUSG00000047026	ENSG00000215009	ortholog_one2one	1
Acsm5	ENSMUSG00000030972	ENSG00000183549	ortholog_one2one	1
Acss1	ENSMUSG00000027452	ENSG00000154930	ortholog_one2one	1
Acss2	ENSMUSG00000027605	ENSG00000131069	ortholog_one2one	1
Acss3	ENSMUSG00000035948	ENSG00000111058	ortholog_one2one	1
Acta1	ENSMUSG00000031972	ENSG00000143632	ortholog_one2one	1
Acta2	ENSMUSG00000035783	ENSG00000107796	ortholog_one2one	1
Actb	ENSMUSG00000029580	ENSG00000075624	ortholog_one2one	1
Actbl2	ENSMUSG00000055194	ENSG00000169067	ortholog_one2one	1
Actc1	ENSMUSG00000068614	ENSG00000159251	ortholog_one2one	1
Actg1	ENSMUSG00000062825	ENSG00000184009	ortholog_one2one	1
Actg2	ENSMUSG00000059430	ENSG00000163017	ortholog_one2one	1
Actl10	ENSMUSG00000078129	ENSG00000288649	ortholog_one2one	1
Actl6a	ENSMUSG00000027671	ENSG00000136518	ortholog_one2one	1
Actl6b	ENSMUSG00000029712	ENSG00000077080	ortholog_one2one	1
Actl7a	ENSMUSG00000070979	ENSG00000187003	ortholog_one2one	1
Actl7b	ENSMUSG00000070980	ENSG00000148156	ortholog_one2one	1
Actl9	ENSMUSG00000092519	ENSG00000181786	ortholog_one2one	1
Actmap	ENSMUSG00000078786	ENSG00000188493	ortholog_one2one	1
Actn1	ENSMUSG00000015143	ENSG00000072110	ortholog_one2one	1
Actn2	ENSMUSG00000052374	ENSG00000077522	ortholog_one2one	1
Actn3	ENSMUSG00000006457	ENSG00000248746	ortholog_one2one	1
Actn4	ENSMUSG00000054808	ENSG00000130402	ortholog_one2one	1
Actr10	ENSMUSG00000021076	ENSG00000131966	ortholog_one2one	1
Actr1a	ENSMUSG00000025228	ENSG00000138107	ortholog_one2one	1
Actr1b	ENSMUSG00000037351	ENSG00000115073	ortholog_one2one	1
Actr2	ENSMUSG00000020152	ENSG00000138071	ortholog_one2one	1
Actr3	ENSMUSG00000026341	ENSG00000115091	ortholog_one2one	1
Actr5	ENSMUSG00000037761	ENSG00000101442	ortholog_one2one	1
Actr6	ENSMUSG00000019948	ENSG00000075089	ortholog_one2one	1
Actr8	ENSMUSG00000015971	ENSG00000113812	ortholog_one2one	1
Actrt1	ENSMUSG00000046615	ENSG00000123165	ortholog_one2one	1
Actrt2	ENSMUSG00000051276	ENSG00000169717	ortholog_one2one	1
Actrt3	ENSMUSG00000037737	ENSG00000184378	ortholog_one2one	1
Acvr1	ENSMUSG00000026836	ENSG00000115170	ortholog_one2one	1
Acvr1b	ENSMUSG00000000532	ENSG00000135503	ortholog_one2one	1
Acvr1c	ENSMUSG00000026834	ENSG00000123612	ortholog_one2one	1
Acvr2a	ENSMUSG00000052155	ENSG00000121989	ortholog_one2one	1
Acvr2b	ENSMUSG00000061393	ENSG00000114739	ortholog_one2one	1
Acvrl1	ENSMUSG00000000530	ENSG00000139567	ortholog_one2one	1
Acy1	ENSMUSG00000023262	ENSG00000243989	ortholog_one2one	1
Acy3	ENSMUSG00000024866	ENSG00000132744	ortholog_one2one	1
Ada	ENSMUSG00000017697	ENSG00000196839	ortholog_one2one	1
Adad1	ENSMUSG00000027719	ENSG00000164113	ortholog_one2one	1
Adad2	ENSMUSG00000024266	ENSG00000140955	ortholog_one2one	1
Adal	ENSMUSG00000027259	ENSG00000168803	ortholog_one2one	1
Adam10	ENSMUSG00000054693	ENSG00000137845	ortholog_one2one	1
Adam11	ENSMUSG00000020926	ENSG00000073670	ortholog_one2one	1
Adam12	ENSMUSG00000054555	ENSG00000148848	ortholog_one2one	1
Adam15	ENSMUSG00000028041	ENSG00000143537	ortholog_one2one	1
Adam17	ENSMUSG00000052593	ENSG00000151694	ortholog_one2one	1
Adam18	ENSMUSG00000031552	ENSG00000168619	ortholog_one2one	1
Adam2	ENSMUSG00000022039	ENSG00000104755	ortholog_one2one	1
Adam21	ENSMUSG00000008438	ENSG00000139985	ortholog_one2one	1
Adam22	ENSMUSG00000040537	ENSG00000008277	ortholog_one2one	1
Adam23	ENSMUSG00000025964	ENSG00000114948	ortholog_one2one	1
Adam28	ENSMUSG00000014725	ENSG00000042980	ortholog_one2one	1
Adam29	ENSMUSG00000046258	ENSG00000168594	ortholog_one2one	1
Adam30	ENSMUSG00000043468	ENSG00000134249	ortholog_one2one	1
Adam32	ENSMUSG00000037437	ENSG00000197140	ortholog_one2one	1
Adam33	ENSMUSG00000027318	ENSG00000149451	ortholog_one2one	1
Adam7	ENSMUSG00000022056	ENSG00000069206	ortholog_one2one	1
Adam8	ENSMUSG00000025473	ENSG00000151651	ortholog_one2one	1
Adam9	ENSMUSG00000031555	ENSG00000168615	ortholog_one2one	1
Adamdec1	ENSMUSG00000022057	ENSG00000134028	ortholog_one2one	1
Adamts1	ENSMUSG00000022893	ENSG00000154734	ortholog_one2one	1
Adamts10	ENSMUSG00000024299	ENSG00000142303	ortholog_one2one	1
Adamts12	ENSMUSG00000047497	ENSG00000151388	ortholog_one2one	1
Adamts13	ENSMUSG00000014852	ENSG00000160323	ortholog_one2one	1
Adamts14	ENSMUSG00000059901	ENSG00000138316	ortholog_one2one	1
Adamts15	ENSMUSG00000033453	ENSG00000166106	ortholog_one2one	1
Adamts16	ENSMUSG00000049538	ENSG00000145536	ortholog_one2one	1
Adamts17	ENSMUSG00000058145	ENSG00000140470	ortholog_one2one	1
Adamts18	ENSMUSG00000053399	ENSG00000140873	ortholog_one2one	1
Adamts19	ENSMUSG00000053441	ENSG00000145808	ortholog_one2one	1
Adamts2	ENSMUSG00000036545	ENSG00000087116	ortholog_one2one	1
Adamts20	ENSMUSG00000022449	ENSG00000173157	ortholog_one2one	1
Adamts3	ENSMUSG00000043635	ENSG00000156140	ortholog_one2one	1
Adamts4	ENSMUSG00000006403	ENSG00000158859	ortholog_one2one	1
Adamts5	ENSMUSG00000022894	ENSG00000154736	ortholog_one2one	1
Adamts6	ENSMUSG00000046169	ENSG00000049192	ortholog_one2one	1
Adamts7	ENSMUSG00000032363	ENSG00000136378	ortholog_one2one	1
Adamts8	ENSMUSG00000031994	ENSG00000134917	ortholog_one2one	1
Adamts9	ENSMUSG00000030022	ENSG00000163638	ortholog_one2one	1
Adamtsl1	ENSMUSG00000066113	ENSG00000178031	ortholog_one2one	1
Adamtsl2	ENSMUSG00000036040	ENSG00000197859	ortholog_one2one	1
Adamtsl3	ENSMUSG00000070469	ENSG00000156218	ortholog_one2one	1
Adamtsl4	ENSMUSG00000015850	ENSG00000143382	ortholog_one2one	1
Adamtsl5	ENSMUSG00000043822	ENSG00000185761	ortholog_one2one	1
Adap1	ENSMUSG00000056413	ENSG00000105963	ortholog_one2one	1
Adap2	ENSMUSG00000020709	ENSG00000184060	ortholog_one2one	1
Adar	ENSMUSG00000027951	ENSG00000160710	ortholog_one2one	1
Adarb1	ENSMUSG00000020262	ENSG00000197381	ortholog_one2one	1
Adarb2	ENSMUSG00000052551	ENSG00000185736	ortholog_one2one	1
Adat1	ENSMUSG00000031949	ENSG00000065457	ortholog_one2one	1
Adat2	ENSMUSG00000019808	ENSG00000189007	ortholog_one2one	1
Adck1	ENSMUSG00000021044	ENSG00000063761	ortholog_one2one	1
Adck2	ENSMUSG00000046947	ENSG00000133597	ortholog_one2one	1
Adck5	ENSMUSG00000022550	ENSG00000173137	ortholog_one2one	1
Adcy1	ENSMUSG00000020431	ENSG00000164742	ortholog_one2one	1
Adcy10	ENSMUSG00000026567	ENSG00000143199	ortholog_one2one	1
Adcy2	ENSMUSG00000021536	ENSG00000078295	ortholog_one2one	1
Adcy3	ENSMUSG00000020654	ENSG00000138031	ortholog_one2one	1
Adcy4	ENSMUSG00000022220	ENSG00000129467	ortholog_one2one	1
Adcy5	ENSMUSG00000022840	ENSG00000173175	ortholog_one2one	1
Adcy6	ENSMUSG00000022994	ENSG00000174233	ortholog_one2one	1
Adcy7	ENSMUSG00000031659	ENSG00000121281	ortholog_one2one	1
Adcy8	ENSMUSG00000022376	ENSG00000155897	ortholog_one2one	1
Adcy9	ENSMUSG00000005580	ENSG00000162104	ortholog_one2one	1
Adcyap1	ENSMUSG00000024256	ENSG00000141433	ortholog_one2one	1
Adcyap1r1	ENSMUSG00000029778	ENSG00000078549	ortholog_one2one	1
Add1	ENSMUSG00000029106	ENSG00000087274	ortholog_one2one	1
Add2	ENSMUSG00000030000	ENSG00000075340	ortholog_one2one	1
Add3	ENSMUSG00000025026	ENSG00000148700	ortholog_one2one	1
Adgb	ENSMUSG00000050994	ENSG00000118492	ortholog_one2one	1
Adgra1	ENSMUSG00000025475	ENSG00000197177	ortholog_one2one	1
Adgra2	ENSMUSG00000031486	ENSG00000020181	ortholog_one2one	1
Adgra3	ENSMUSG00000029090	ENSG00000152990	ortholog_one2one	1
Adgrb1	ENSMUSG00000034730	ENSG00000181790	ortholog_one2one	1
Adgrb2	ENSMUSG00000028782	ENSG00000121753	ortholog_one2one	1
Adgrb3	ENSMUSG00000033569	ENSG00000135298	ortholog_one2one	1
Adgrd1	ENSMUSG00000044017	ENSG00000111452	ortholog_one2one	1
Adgre1	ENSMUSG00000004730	ENSG00000174837	ortholog_one2one	1
Adgre5	ENSMUSG00000002885	ENSG00000123146	ortholog_one2one	1
Adgrf1	ENSMUSG00000041293	ENSG00000153292	ortholog_one2one	1
Adgrf3	ENSMUSG00000067642	ENSG00000173567	ortholog_one2one	1
Adgrf4	ENSMUSG00000023918	ENSG00000153294	ortholog_one2one	1
Adgrf5	ENSMUSG00000056492	ENSG00000069122	ortholog_one2one	1
Adgrg1	ENSMUSG00000031785	ENSG00000205336	ortholog_one2one	1
Adgrg2	ENSMUSG00000031298	ENSG00000173698	ortholog_one2one	1
Adgrg3	ENSMUSG00000060470	ENSG00000182885	ortholog_one2one	1
Adgrg4	ENSMUSG00000053852	ENSG00000156920	ortholog_one2one	1
Adgrg5	ENSMUSG00000061577	ENSG00000159618	ortholog_one2one	1
Adgrg6	ENSMUSG00000039116	ENSG00000112414	ortholog_one2one	1
Adgrg7	ENSMUSG00000022755	ENSG00000144820	ortholog_one2one	1
Adgrl1	ENSMUSG00000013033	ENSG00000072071	ortholog_one2one	1
Adgrl2	ENSMUSG00000028184	ENSG00000117114	ortholog_one2one	1
Adgrl3	ENSMUSG00000037605	ENSG00000150471	ortholog_one2one	1
Adgrl4	ENSMUSG00000039167	ENSG00000162618	ortholog_one2one	1
Adgrv1	ENSMUSG00000069170	ENSG00000164199	ortholog_one2one	1
Adh4	ENSMUSG00000037797	ENSG00000198099	ortholog_one2one	1
Adh5	ENSMUSG00000028138	ENSG00000197894	ortholog_one2one	1
Adh6b	ENSMUSG00000074206	ENSG00000172955	ortholog_one2one	1
Adh7	ENSMUSG00000055301	ENSG00000196344	ortholog_one2one	1
Adhfe1	ENSMUSG00000025911	ENSG00000147576	ortholog_one2one	1
Adi1	ENSMUSG00000020629	ENSG00000182551	ortholog_one2one	1
Adipoq	ENSMUSG00000022878	ENSG00000181092	ortholog_one2one	1
Adipor1	ENSMUSG00000026457	ENSG00000159346	ortholog_one2one	1
Adipor2	ENSMUSG00000030168	ENSG00000006831	ortholog_one2one	1
Adissp	ENSMUSG00000027327	ENSG00000101220	ortholog_one2one	1
Adk	ENSMUSG00000039197	ENSG00000156110	ortholog_one2one	1
Adm	ENSMUSG00000030790	ENSG00000148926	ortholog_one2one	1
Adm2	ENSMUSG00000054136	ENSG00000128165	ortholog_one2one	1
Adnp	ENSMUSG00000051149	ENSG00000101126	ortholog_one2one	1
Adnp2	ENSMUSG00000053950	ENSG00000101544	ortholog_one2one	1
Ado	ENSMUSG00000057134	ENSG00000181915	ortholog_one2one	1
Adora1	ENSMUSG00000042429	ENSG00000163485	ortholog_one2one	1
Adora2a	ENSMUSG00000020178	ENSG00000128271	ortholog_one2one	1
Adora2b	ENSMUSG00000018500	ENSG00000170425	ortholog_one2one	1
Adora3	ENSMUSG00000000562	ENSG00000282608	ortholog_one2one	1
Adpgk	ENSMUSG00000025236	ENSG00000159322	ortholog_one2one	1
Adprh	ENSMUSG00000002844	ENSG00000144843	ortholog_one2one	1
Adprm	ENSMUSG00000020910	ENSG00000170222	ortholog_one2one	1
Adprs	ENSMUSG00000042558	ENSG00000116863	ortholog_one2one	1
Adra1a	ENSMUSG00000045875	ENSG00000120907	ortholog_one2one	1
Adra1b	ENSMUSG00000050541	ENSG00000170214	ortholog_one2one	1
Adra1d	ENSMUSG00000027335	ENSG00000171873	ortholog_one2one	1
Adra2a	ENSMUSG00000033717	ENSG00000150594	ortholog_one2one	1
Adra2b	ENSMUSG00000058620	ENSG00000274286	ortholog_one2one	1
Adra2c	ENSMUSG00000045318	ENSG00000184160	ortholog_one2one	1
Adrb1	ENSMUSG00000035283	ENSG00000043591	ortholog_one2one	1
Adrb2	ENSMUSG00000045730	ENSG00000169252	ortholog_one2one	1
Adrb3	ENSMUSG00000031489	ENSG00000188778	ortholog_one2one	1
Adsl	ENSMUSG00000022407	ENSG00000239900	ortholog_one2one	1
Adss1	ENSMUSG00000011148	ENSG00000185100	ortholog_one2one	1
Adss2	ENSMUSG00000015961	ENSG00000035687	ortholog_one2one	1
Adtrp	ENSMUSG00000058022	ENSG00000111863	ortholog_one2one	1
Aebp1	ENSMUSG00000020473	ENSG00000106624	ortholog_one2one	1
Aebp2	ENSMUSG00000030232	ENSG00000139154	ortholog_one2one	1
Aen	ENSMUSG00000030609	ENSG00000181026	ortholog_one2one	1
Afap1	ENSMUSG00000029094	ENSG00000196526	ortholog_one2one	1
Afap1l1	ENSMUSG00000033032	ENSG00000157510	ortholog_one2one	1
Afap1l2	ENSMUSG00000025083	ENSG00000169129	ortholog_one2one	1
Afdn	ENSMUSG00000068036	ENSG00000130396	ortholog_one2one	1
Aff1	ENSMUSG00000029313	ENSG00000172493	ortholog_one2one	1
Aff2	ENSMUSG00000031189	ENSG00000155966	ortholog_one2one	1
Aff3	ENSMUSG00000037138	ENSG00000144218	ortholog_one2one	1
Aff4	ENSMUSG00000049470	ENSG00000072364	ortholog_one2one	1
Afg1l	ENSMUSG00000038302	ENSG00000135537	ortholog_one2one	1
Afg2a	ENSMUSG00000027722	ENSG00000145375	ortholog_one2one	1
Afg2b	ENSMUSG00000118663	ENSG00000171763	ortholog_one2one	1
Afg3l2	ENSMUSG00000024527	ENSG00000141385	ortholog_one2one	1
Afm	ENSMUSG00000029369	ENSG00000079557	ortholog_one2one	1
Afmid	ENSMUSG00000017718	ENSG00000183077	ortholog_one2one	1
Afp	ENSMUSG00000054932	ENSG00000081051	ortholog_one2one	1
Aftph	ENSMUSG00000049659	ENSG00000119844	ortholog_one2one	1
Aga	ENSMUSG00000031521	ENSG00000038002	ortholog_one2one	1
Agap1	ENSMUSG00000055013	ENSG00000157985	ortholog_one2one	1
Agap2	ENSMUSG00000025422	ENSG00000135439	ortholog_one2one	1
Agap3	ENSMUSG00000023353	ENSG00000133612	ortholog_one2one	1
Agbl1	ENSMUSG00000025754	ENSG00000273540	ortholog_one2one	1
Agbl2	ENSMUSG00000040812	ENSG00000165923	ortholog_one2one	1
Agbl3	ENSMUSG00000038836	ENSG00000146856	ortholog_one2one	1
Agbl4	ENSMUSG00000061298	ENSG00000186094	ortholog_one2one	1
Agbl5	ENSMUSG00000029165	ENSG00000084693	ortholog_one2one	1
Ager	ENSMUSG00000015452	ENSG00000204305	ortholog_one2one	1
Agfg1	ENSMUSG00000026159	ENSG00000173744	ortholog_one2one	1
Agfg2	ENSMUSG00000029722	ENSG00000106351	ortholog_one2one	1
Aggf1	ENSMUSG00000021681	ENSG00000164252	ortholog_one2one	1
Agk	ENSMUSG00000029916	ENSG00000006530	ortholog_one2one	1
Agl	ENSMUSG00000033400	ENSG00000162688	ortholog_one2one	1
Agmat	ENSMUSG00000040706	ENSG00000116771	ortholog_one2one	1
Agmo	ENSMUSG00000050103	ENSG00000187546	ortholog_one2one	1
Ago1	ENSMUSG00000041530	ENSG00000092847	ortholog_one2one	1
Ago2	ENSMUSG00000036698	ENSG00000123908	ortholog_one2one	1
Ago3	ENSMUSG00000028842	ENSG00000126070	ortholog_one2one	1
Ago4	ENSMUSG00000042500	ENSG00000134698	ortholog_one2one	1
Agpat1	ENSMUSG00000034254	ENSG00000204310	ortholog_one2one	1
Agpat2	ENSMUSG00000026922	ENSG00000169692	ortholog_one2one	1
Agpat3	ENSMUSG00000001211	ENSG00000160216	ortholog_one2one	1
Agpat4	ENSMUSG00000023827	ENSG00000026652	ortholog_one2one	1
Agpat5	ENSMUSG00000031467	ENSG00000155189	ortholog_one2one	1
Agps	ENSMUSG00000042410	ENSG00000018510	ortholog_one2one	1
Agr2	ENSMUSG00000020581	ENSG00000106541	ortholog_one2one	1
Agr3	ENSMUSG00000036231	ENSG00000173467	ortholog_one2one	1
Agrn	ENSMUSG00000041936	ENSG00000188157	ortholog_one2one	1
Agrp	ENSMUSG00000005705	ENSG00000159723	ortholog_one2one	1
Agt	ENSMUSG00000031980	ENSG00000135744	ortholog_one2one	1
Agtpbp1	ENSMUSG00000021557	ENSG00000135049	ortholog_one2one	1
Agtr2	ENSMUSG00000068122	ENSG00000180772	ortholog_one2one	1
Agtrap	ENSMUSG00000029007	ENSG00000177674	ortholog_one2one	1
Agxt	ENSMUSG00000026272	ENSG00000172482	ortholog_one2one	1
Agxt2	ENSMUSG00000089678	ENSG00000113492	ortholog_one2one	1
Ahctf1	ENSMUSG00000026491	ENSG00000153207	ortholog_one2one	1
Ahcyl1	ENSMUSG00000027893	ENSG00000168710	ortholog_one2one	1
Ahcyl2	ENSMUSG00000029772	ENSG00000158467	ortholog_one2one	1
Ahdc1	ENSMUSG00000037692	ENSG00000126705	ortholog_one2one	1
Ahi1	ENSMUSG00000019986	ENSG00000135541	ortholog_one2one	1
Ahnak	ENSMUSG00000069833	ENSG00000124942	ortholog_one2one	1
Ahr	ENSMUSG00000019256	ENSG00000106546	ortholog_one2one	1
Ahrr	ENSMUSG00000021575	ENSG00000063438	ortholog_one2one	1
Ahsa1	ENSMUSG00000021037	ENSG00000100591	ortholog_one2one	1
Ahsg	ENSMUSG00000022868	ENSG00000145192	ortholog_one2one	1
Ahsp	ENSMUSG00000121605	ENSG00000169877	ortholog_one2one	1
Aicda	ENSMUSG00000040627	ENSG00000111732	ortholog_one2one	1
Aida	ENSMUSG00000042901	ENSG00000186063	ortholog_one2one	1
Aif1	ENSMUSG00000024397	ENSG00000204472	ortholog_one2one	1
Aif1l	ENSMUSG00000001864	ENSG00000126878	ortholog_one2one	1
Aifm1	ENSMUSG00000036932	ENSG00000156709	ortholog_one2one	1
Aifm2	ENSMUSG00000020085	ENSG00000042286	ortholog_one2one	1
Aifm3	ENSMUSG00000022763	ENSG00000183773	ortholog_one2one	1
Aig1	ENSMUSG00000019806	ENSG00000146416	ortholog_one2one	1
Aim2	ENSMUSG00000037860	ENSG00000163568	ortholog_one2one	1
Aimp1	ENSMUSG00000028029	ENSG00000164022	ortholog_one2one	1
Aimp2	ENSMUSG00000029610	ENSG00000106305	ortholog_one2one	1
Aip	ENSMUSG00000024847	ENSG00000110711	ortholog_one2one	1
Aipl1	ENSMUSG00000040554	ENSG00000129221	ortholog_one2one	1
Aire	ENSMUSG00000000731	ENSG00000160224	ortholog_one2one	1
Airim	ENSMUSG00000044730	ENSG00000116922	ortholog_one2one	1
Ajap1	ENSMUSG00000039546	ENSG00000196581	ortholog_one2one	1
Ajm1	ENSMUSG00000029419	ENSG00000232434	ortholog_one2one	1
Ajuba	ENSMUSG00000022178	ENSG00000129474	ortholog_one2one	1
Ak1	ENSMUSG00000026817	ENSG00000106992	ortholog_one2one	1
Ak2	ENSMUSG00000028792	ENSG00000004455	ortholog_one2one	1
Ak3	ENSMUSG00000024782	ENSG00000147853	ortholog_one2one	1
Ak5	ENSMUSG00000039058	ENSG00000154027	ortholog_one2one	1
Ak7	ENSMUSG00000041323	ENSG00000140057	ortholog_one2one	1
Ak8	ENSMUSG00000026807	ENSG00000165695	ortholog_one2one	1
Ak9	ENSMUSG00000091415	ENSG00000155085	ortholog_one2one	1
Akain1	ENSMUSG00000091636	ENSG00000231824	ortholog_one2one	1
Akap1	ENSMUSG00000018428	ENSG00000121057	ortholog_one2one	1
Akap10	ENSMUSG00000047804	ENSG00000108599	ortholog_one2one	1
Akap11	ENSMUSG00000022016	ENSG00000023516	ortholog_one2one	1
Akap12	ENSMUSG00000038587	ENSG00000131016	ortholog_one2one	1
Akap13	ENSMUSG00000066406	ENSG00000170776	ortholog_one2one	1
Akap17a	ENSMUSG00000121606	ENSG00000197976	ortholog_one2one	1
Akap3	ENSMUSG00000030344	ENSG00000111254	ortholog_one2one	1
Akap4	ENSMUSG00000050089	ENSG00000147081	ortholog_one2one	1
Akap6	ENSMUSG00000061603	ENSG00000151320	ortholog_one2one	1
Akap7	ENSMUSG00000039166	ENSG00000118507	ortholog_one2one	1
Akap8	ENSMUSG00000024045	ENSG00000105127	ortholog_one2one	1
Akap8l	ENSMUSG00000002625	ENSG00000011243	ortholog_one2one	1
Akap9	ENSMUSG00000040407	ENSG00000127914	ortholog_one2one	1
Akip1	ENSMUSG00000031023	ENSG00000166452	ortholog_one2one	1
Akirin1	ENSMUSG00000023075	ENSG00000174574	ortholog_one2one	1
Akirin2	ENSMUSG00000028291	ENSG00000135334	ortholog_one2one	1
Akna	ENSMUSG00000039158	ENSG00000106948	ortholog_one2one	1
Akr1a1	ENSMUSG00000028692	ENSG00000117448	ortholog_one2one	1
Akr1b1	ENSMUSG00000001642	ENSG00000085662	ortholog_one2one	1
Akr1d1	ENSMUSG00000038641	ENSG00000122787	ortholog_one2one	1
Akr1e1	ENSMUSG00000045410	ENSG00000165568	ortholog_one2one	1
Akr7a5	ENSMUSG00000028743	ENSG00000211454	ortholog_one2one	1
Akt1	ENSMUSG00000001729	ENSG00000142208	ortholog_one2one	1
Akt1s1	ENSMUSG00000011096	ENSG00000204673	ortholog_one2one	1
Akt2	ENSMUSG00000004056	ENSG00000105221	ortholog_one2one	1
Akt3	ENSMUSG00000019699	ENSG00000117020	ortholog_one2one	1
Aktip	ENSMUSG00000031667	ENSG00000166971	ortholog_one2one	1
Alad	ENSMUSG00000028393	ENSG00000148218	ortholog_one2one	1
Alas1	ENSMUSG00000032786	ENSG00000023330	ortholog_one2one	1
Alas2	ENSMUSG00000025270	ENSG00000158578	ortholog_one2one	1
Alb	ENSMUSG00000029368	ENSG00000163631	ortholog_one2one	1
Alcam	ENSMUSG00000022636	ENSG00000170017	ortholog_one2one	1
Aldh16a1	ENSMUSG00000007833	ENSG00000161618	ortholog_one2one	1
Aldh18a1	ENSMUSG00000025007	ENSG00000059573	ortholog_one2one	1
Aldh1a2	ENSMUSG00000013584	ENSG00000128918	ortholog_one2one	1
Aldh1a3	ENSMUSG00000015134	ENSG00000184254	ortholog_one2one	1
Aldh1b1	ENSMUSG00000035561	ENSG00000137124	ortholog_one2one	1
Aldh1l1	ENSMUSG00000030088	ENSG00000144908	ortholog_one2one	1
Aldh1l2	ENSMUSG00000020256	ENSG00000136010	ortholog_one2one	1
Aldh2	ENSMUSG00000029455	ENSG00000111275	ortholog_one2one	1
Aldh3a1	ENSMUSG00000019102	ENSG00000108602	ortholog_one2one	1
Aldh3a2	ENSMUSG00000010025	ENSG00000072210	ortholog_one2one	1
Aldh3b1	ENSMUSG00000024885	ENSG00000006534	ortholog_one2one	1
Aldh4a1	ENSMUSG00000028737	ENSG00000159423	ortholog_one2one	1
Aldh5a1	ENSMUSG00000035936	ENSG00000112294	ortholog_one2one	1
Aldh6a1	ENSMUSG00000021238	ENSG00000119711	ortholog_one2one	1
Aldh7a1	ENSMUSG00000053644	ENSG00000164904	ortholog_one2one	1
Aldh8a1	ENSMUSG00000037542	ENSG00000118514	ortholog_one2one	1
Aldh9a1	ENSMUSG00000026687	ENSG00000143149	ortholog_one2one	1
Aldob	ENSMUSG00000028307	ENSG00000136872	ortholog_one2one	1
Aldoc	ENSMUSG00000017390	ENSG00000109107	ortholog_one2one	1
Alg11	ENSMUSG00000063362	ENSG00000253710	ortholog_one2one	1
Alg12	ENSMUSG00000035845	ENSG00000182858	ortholog_one2one	1
Alg13	ENSMUSG00000041718	ENSG00000101901	ortholog_one2one	1
Alg14	ENSMUSG00000039887	ENSG00000172339	ortholog_one2one	1
Alg2	ENSMUSG00000039740	ENSG00000119523	ortholog_one2one	1
Alg3	ENSMUSG00000033809	ENSG00000214160	ortholog_one2one	1
Alg5	ENSMUSG00000036632	ENSG00000120697	ortholog_one2one	1
Alg6	ENSMUSG00000073792	ENSG00000088035	ortholog_one2one	1
Alg8	ENSMUSG00000035704	ENSG00000159063	ortholog_one2one	1
Alg9	ENSMUSG00000032059	ENSG00000086848	ortholog_one2one	1
Alk	ENSMUSG00000055471	ENSG00000171094	ortholog_one2one	1
Alkal1	ENSMUSG00000087247	ENSG00000196711	ortholog_one2one	1
Alkbh1	ENSMUSG00000079036	ENSG00000100601	ortholog_one2one	1
Alkbh2	ENSMUSG00000044339	ENSG00000189046	ortholog_one2one	1
Alkbh3	ENSMUSG00000040174	ENSG00000166199	ortholog_one2one	1
Alkbh4	ENSMUSG00000039754	ENSG00000160993	ortholog_one2one	1
Alkbh5	ENSMUSG00000042650	ENSG00000091542	ortholog_one2one	1
Alkbh6	ENSMUSG00000042831	ENSG00000239382	ortholog_one2one	1
Alkbh7	ENSMUSG00000002661	ENSG00000125652	ortholog_one2one	1
Alkbh8	ENSMUSG00000025899	ENSG00000137760	ortholog_one2one	1
Allc	ENSMUSG00000020636	ENSG00000151360	ortholog_one2one	1
Alox12	ENSMUSG00000000320	ENSG00000108839	ortholog_one2one	1
Alox12b	ENSMUSG00000032807	ENSG00000179477	ortholog_one2one	1
Alox15	ENSMUSG00000018924	ENSG00000161905	ortholog_one2one	1
Alox5	ENSMUSG00000025701	ENSG00000012779	ortholog_one2one	1
Alox5ap	ENSMUSG00000060063	ENSG00000132965	ortholog_one2one	1
Alox8	ENSMUSG00000020891	ENSG00000179593	ortholog_one2one	1
Aloxe3	ENSMUSG00000020892	ENSG00000179148	ortholog_one2one	1
Alpk1	ENSMUSG00000028028	ENSG00000073331	ortholog_one2one	1
Alpk2	ENSMUSG00000032845	ENSG00000198796	ortholog_one2one	1
Alpk3	ENSMUSG00000038763	ENSG00000136383	ortholog_one2one	1
Alpl	ENSMUSG00000028766	ENSG00000162551	ortholog_one2one	1
Als2	ENSMUSG00000026024	ENSG00000003393	ortholog_one2one	1
Als2cl	ENSMUSG00000044037	ENSG00000178038	ortholog_one2one	1
Alx1	ENSMUSG00000036602	ENSG00000180318	ortholog_one2one	1
Alx3	ENSMUSG00000014603	ENSG00000156150	ortholog_one2one	1
Alx4	ENSMUSG00000040310	ENSG00000052850	ortholog_one2one	1
Amacr	ENSMUSG00000022244	ENSG00000242110	ortholog_one2one	1
Ambn	ENSMUSG00000029288	ENSG00000178522	ortholog_one2one	1
Ambp	ENSMUSG00000028356	ENSG00000106927	ortholog_one2one	1
Ambra1	ENSMUSG00000040506	ENSG00000110497	ortholog_one2one	1
Amdhd1	ENSMUSG00000015890	ENSG00000139344	ortholog_one2one	1
Amdhd2	ENSMUSG00000036820	ENSG00000162066	ortholog_one2one	1
Amelx	ENSMUSG00000031354	ENSG00000125363	ortholog_one2one	1
Amer1	ENSMUSG00000050332	ENSG00000184675	ortholog_one2one	1
Amer2	ENSMUSG00000021986	ENSG00000165566	ortholog_one2one	1
Amer3	ENSMUSG00000045174	ENSG00000178171	ortholog_one2one	1
Amfr	ENSMUSG00000031751	ENSG00000159461	ortholog_one2one	1
Amh	ENSMUSG00000035262	ENSG00000104899	ortholog_one2one	1
Amhr2	ENSMUSG00000023047	ENSG00000135409	ortholog_one2one	1
Amigo1	ENSMUSG00000050947	ENSG00000181754	ortholog_one2one	1
Amigo2	ENSMUSG00000048218	ENSG00000139211	ortholog_one2one	1
Amigo3	ENSMUSG00000032593	ENSG00000176020	ortholog_one2one	1
Ammecr1	ENSMUSG00000042225	ENSG00000101935	ortholog_one2one	1
Ammecr1l	ENSMUSG00000041915	ENSG00000144233	ortholog_one2one	1
Amn	ENSMUSG00000021278	ENSG00000166126	ortholog_one2one	1
Amn1	ENSMUSG00000068250	ENSG00000151743	ortholog_one2one	1
Amot	ENSMUSG00000041688	ENSG00000126016	ortholog_one2one	1
Amotl1	ENSMUSG00000013076	ENSG00000166025	ortholog_one2one	1
Amotl2	ENSMUSG00000032531	ENSG00000114019	ortholog_one2one	1
Ampd1	ENSMUSG00000070385	ENSG00000116748	ortholog_one2one	1
Ampd2	ENSMUSG00000027889	ENSG00000116337	ortholog_one2one	1
Ampd3	ENSMUSG00000005686	ENSG00000133805	ortholog_one2one	1
Amph	ENSMUSG00000021314	ENSG00000078053	ortholog_one2one	1
Amt	ENSMUSG00000032607	ENSG00000145020	ortholog_one2one	1
Amtn	ENSMUSG00000029282	ENSG00000187689	ortholog_one2one	1
Amz1	ENSMUSG00000050022	ENSG00000174945	ortholog_one2one	1
Amz2	ENSMUSG00000020610	ENSG00000196704	ortholog_one2one	1
Anapc1	ENSMUSG00000014355	ENSG00000153107	ortholog_one2one	1
Anapc10	ENSMUSG00000036977	ENSG00000164162	ortholog_one2one	1
Anapc11	ENSMUSG00000025135	ENSG00000141552	ortholog_one2one	1
Anapc13	ENSMUSG00000035048	ENSG00000129055	ortholog_one2one	1
Anapc15	ENSMUSG00000030649	ENSG00000110200	ortholog_one2one	1
Anapc16	ENSMUSG00000020107	ENSG00000166295	ortholog_one2one	1
Anapc2	ENSMUSG00000026965	ENSG00000176248	ortholog_one2one	1
Anapc4	ENSMUSG00000029176	ENSG00000053900	ortholog_one2one	1
Anapc5	ENSMUSG00000029472	ENSG00000089053	ortholog_one2one	1
Anapc7	ENSMUSG00000029466	ENSG00000196510	ortholog_one2one	1
Angel1	ENSMUSG00000021257	ENSG00000013523	ortholog_one2one	1
Angel2	ENSMUSG00000026634	ENSG00000174606	ortholog_one2one	1
Angpt1	ENSMUSG00000022309	ENSG00000154188	ortholog_one2one	1
Angpt2	ENSMUSG00000031465	ENSG00000091879	ortholog_one2one	1
Angpt4	ENSMUSG00000027460	ENSG00000101280	ortholog_one2one	1
Angptl1	ENSMUSG00000033544	ENSG00000116194	ortholog_one2one	1
Angptl2	ENSMUSG00000004105	ENSG00000136859	ortholog_one2one	1
Angptl3	ENSMUSG00000028553	ENSG00000132855	ortholog_one2one	1
Angptl4	ENSMUSG00000002289	ENSG00000167772	ortholog_one2one	1
Angptl6	ENSMUSG00000038742	ENSG00000130812	ortholog_one2one	1
Angptl7	ENSMUSG00000028989	ENSG00000171819	ortholog_one2one	1
Angptl8	ENSMUSG00000047822	ENSG00000130173	ortholog_one2one	1
Ank	ENSMUSG00000022265	ENSG00000154122	ortholog_one2one	1
Ank1	ENSMUSG00000031543	ENSG00000029534	ortholog_one2one	1
Ank2	ENSMUSG00000032826	ENSG00000145362	ortholog_one2one	1
Ankar	ENSMUSG00000039342	ENSG00000151687	ortholog_one2one	1
Ankdd1a	ENSMUSG00000066510	ENSG00000166839	ortholog_one2one	1
Ankdd1b	ENSMUSG00000047117	ENSG00000189045	ortholog_one2one	1
Ankef1	ENSMUSG00000074771	ENSG00000132623	ortholog_one2one	1
Ankfn1	ENSMUSG00000047773	ENSG00000153930	ortholog_one2one	1
Ankfy1	ENSMUSG00000020790	ENSG00000185722	ortholog_one2one	1
Ankhd1	ENSMUSG00000024483	ENSG00000131503	ortholog_one2one	1
Ankib1	ENSMUSG00000040351	ENSG00000001629	ortholog_one2one	1
Ankk1	ENSMUSG00000032257	ENSG00000170209	ortholog_one2one	1
Ankle1	ENSMUSG00000046295	ENSG00000160117	ortholog_one2one	1
Ankle2	ENSMUSG00000029501	ENSG00000176915	ortholog_one2one	1
Ankmy1	ENSMUSG00000034212	ENSG00000144504	ortholog_one2one	1
Ankmy2	ENSMUSG00000036188	ENSG00000106524	ortholog_one2one	1
Ankra2	ENSMUSG00000021661	ENSG00000164331	ortholog_one2one	1
Ankrd1	ENSMUSG00000024803	ENSG00000148677	ortholog_one2one	1
Ankrd10	ENSMUSG00000031508	ENSG00000088448	ortholog_one2one	1
Ankrd11	ENSMUSG00000035569	ENSG00000167522	ortholog_one2one	1
Ankrd12	ENSMUSG00000034647	ENSG00000101745	ortholog_one2one	1
Ankrd13a	ENSMUSG00000041870	ENSG00000076513	ortholog_one2one	1
Ankrd13b	ENSMUSG00000037907	ENSG00000198720	ortholog_one2one	1
Ankrd13c	ENSMUSG00000039988	ENSG00000118454	ortholog_one2one	1
Ankrd13d	ENSMUSG00000005986	ENSG00000172932	ortholog_one2one	1
Ankrd16	ENSMUSG00000047909	ENSG00000134461	ortholog_one2one	1
Ankrd17	ENSMUSG00000055204	ENSG00000132466	ortholog_one2one	1
Ankrd2	ENSMUSG00000025172	ENSG00000165887	ortholog_one2one	1
Ankrd22	ENSMUSG00000024774	ENSG00000152766	ortholog_one2one	1
Ankrd23	ENSMUSG00000067653	ENSG00000163126	ortholog_one2one	1
Ankrd24	ENSMUSG00000054708	ENSG00000089847	ortholog_one2one	1
Ankrd27	ENSMUSG00000034867	ENSG00000105186	ortholog_one2one	1
Ankrd28	ENSMUSG00000014496	ENSG00000206560	ortholog_one2one	1
Ankrd29	ENSMUSG00000057766	ENSG00000154065	ortholog_one2one	1
Ankrd31	ENSMUSG00000109561	ENSG00000145700	ortholog_one2one	1
Ankrd33	ENSMUSG00000047034	ENSG00000167612	ortholog_one2one	1
Ankrd33b	ENSMUSG00000022237	ENSG00000164236	ortholog_one2one	1
Ankrd34a	ENSMUSG00000049097	ENSG00000272031	ortholog_one2one	1
Ankrd34b	ENSMUSG00000045034	ENSG00000189127	ortholog_one2one	1
Ankrd34c	ENSMUSG00000047606	ENSG00000235711	ortholog_one2one	1
Ankrd35	ENSMUSG00000038354	ENSG00000198483	ortholog_one2one	1
Ankrd37	ENSMUSG00000050914	ENSG00000186352	ortholog_one2one	1
Ankrd39	ENSMUSG00000079610	ENSG00000213337	ortholog_one2one	1
Ankrd40	ENSMUSG00000020864	ENSG00000154945	ortholog_one2one	1
Ankrd40cl	ENSMUSG00000094091	ENSG00000167117	ortholog_one2one	1
Ankrd42	ENSMUSG00000041343	ENSG00000137494	ortholog_one2one	1
Ankrd44	ENSMUSG00000052331	ENSG00000065413	ortholog_one2one	1
Ankrd45	ENSMUSG00000044835	ENSG00000183831	ortholog_one2one	1
Ankrd46	ENSMUSG00000048307	ENSG00000186106	ortholog_one2one	1
Ankrd49	ENSMUSG00000031931	ENSG00000168876	ortholog_one2one	1
Ankrd52	ENSMUSG00000014498	ENSG00000139645	ortholog_one2one	1
Ankrd54	ENSMUSG00000033055	ENSG00000100124	ortholog_one2one	1
Ankrd55	ENSMUSG00000049985	ENSG00000164512	ortholog_one2one	1
Ankrd6	ENSMUSG00000040183	ENSG00000135299	ortholog_one2one	1
Ankrd60	ENSMUSG00000027517	ENSG00000124227	ortholog_one2one	1
Ankrd61	ENSMUSG00000029607	ENSG00000157999	ortholog_one2one	1
Ankrd63	ENSMUSG00000078137	ENSG00000230778	ortholog_one2one	1
Ankrd65	ENSMUSG00000078487	ENSG00000235098	ortholog_one2one	1
Ankrd66	ENSMUSG00000096140	ENSG00000230062	ortholog_one2one	1
Ankrd9	ENSMUSG00000037904	ENSG00000156381	ortholog_one2one	1
Anks1	ENSMUSG00000024219	ENSG00000064999	ortholog_one2one	1
Anks1b	ENSMUSG00000058589	ENSG00000185046	ortholog_one2one	1
Anks3	ENSMUSG00000022515	ENSG00000168096	ortholog_one2one	1
Anks4b	ENSMUSG00000030909	ENSG00000175311	ortholog_one2one	1
Anks6	ENSMUSG00000066191	ENSG00000165138	ortholog_one2one	1
Ankub1	ENSMUSG00000074591	ENSG00000206199	ortholog_one2one	1
Ankzf1	ENSMUSG00000026199	ENSG00000163516	ortholog_one2one	1
Anln	ENSMUSG00000036777	ENSG00000011426	ortholog_one2one	1
Ano1	ENSMUSG00000031075	ENSG00000131620	ortholog_one2one	1
Ano10	ENSMUSG00000037949	ENSG00000160746	ortholog_one2one	1
Ano2	ENSMUSG00000038115	ENSG00000047617	ortholog_one2one	1
Ano3	ENSMUSG00000074968	ENSG00000134343	ortholog_one2one	1
Ano4	ENSMUSG00000035189	ENSG00000151572	ortholog_one2one	1
Ano5	ENSMUSG00000055489	ENSG00000171714	ortholog_one2one	1
Ano6	ENSMUSG00000064210	ENSG00000177119	ortholog_one2one	1
Ano7	ENSMUSG00000034107	ENSG00000146205	ortholog_one2one	1
Ano8	ENSMUSG00000034863	ENSG00000074855	ortholog_one2one	1
Ano9	ENSMUSG00000054662	ENSG00000185101	ortholog_one2one	1
Anp32e	ENSMUSG00000015749	ENSG00000143401	ortholog_one2one	1
Anpep	ENSMUSG00000039062	ENSG00000166825	ortholog_one2one	1
Antkmt	ENSMUSG00000057411	ENSG00000103254	ortholog_one2one	1
Antxr1	ENSMUSG00000033420	ENSG00000169604	ortholog_one2one	1
Antxr2	ENSMUSG00000029338	ENSG00000163297	ortholog_one2one	1
Anxa1	ENSMUSG00000024659	ENSG00000135046	ortholog_one2one	1
Anxa10	ENSMUSG00000031635	ENSG00000109511	ortholog_one2one	1
Anxa11	ENSMUSG00000021866	ENSG00000122359	ortholog_one2one	1
Anxa13	ENSMUSG00000055114	ENSG00000104537	ortholog_one2one	1
Anxa2	ENSMUSG00000032231	ENSG00000182718	ortholog_one2one	1
Anxa3	ENSMUSG00000029484	ENSG00000138772	ortholog_one2one	1
Anxa4	ENSMUSG00000029994	ENSG00000196975	ortholog_one2one	1
Anxa5	ENSMUSG00000027712	ENSG00000164111	ortholog_one2one	1
Anxa6	ENSMUSG00000018340	ENSG00000197043	ortholog_one2one	1
Anxa7	ENSMUSG00000021814	ENSG00000138279	ortholog_one2one	1
Anxa9	ENSMUSG00000015702	ENSG00000143412	ortholog_one2one	1
Aoah	ENSMUSG00000021322	ENSG00000136250	ortholog_one2one	1
Aoc2	ENSMUSG00000078651	ENSG00000131480	ortholog_one2one	1
Aoc3	ENSMUSG00000019326	ENSG00000131471	ortholog_one2one	1
Aopep	ENSMUSG00000021458	ENSG00000148120	ortholog_one2one	1
Aox1	ENSMUSG00000063558	ENSG00000138356	ortholog_one2one	1
Ap1ar	ENSMUSG00000074238	ENSG00000138660	ortholog_one2one	1
Ap1b1	ENSMUSG00000009090	ENSG00000100280	ortholog_one2one	1
Ap1g1	ENSMUSG00000031731	ENSG00000166747	ortholog_one2one	1
Ap1g2	ENSMUSG00000040701	ENSG00000213983	ortholog_one2one	1
Ap1m1	ENSMUSG00000003033	ENSG00000072958	ortholog_one2one	1
Ap1m2	ENSMUSG00000003309	ENSG00000129354	ortholog_one2one	1
Ap1s1	ENSMUSG00000004849	ENSG00000106367	ortholog_one2one	1
Ap1s2	ENSMUSG00000031367	ENSG00000182287	ortholog_one2one	1
Ap1s3	ENSMUSG00000054702	ENSG00000152056	ortholog_one2one	1
Ap2a1	ENSMUSG00000060279	ENSG00000196961	ortholog_one2one	1
Ap2a2	ENSMUSG00000002957	ENSG00000183020	ortholog_one2one	1
Ap2b1	ENSMUSG00000035152	ENSG00000006125	ortholog_one2one	1
Ap2m1	ENSMUSG00000022841	ENSG00000161203	ortholog_one2one	1
Ap2s1	ENSMUSG00000008036	ENSG00000042753	ortholog_one2one	1
Ap3b1	ENSMUSG00000021686	ENSG00000132842	ortholog_one2one	1
Ap3b2	ENSMUSG00000062444	ENSG00000103723	ortholog_one2one	1
Ap3d1	ENSMUSG00000020198	ENSG00000065000	ortholog_one2one	1
Ap3m1	ENSMUSG00000021824	ENSG00000185009	ortholog_one2one	1
Ap3m2	ENSMUSG00000031539	ENSG00000070718	ortholog_one2one	1
Ap3s1	ENSMUSG00000024480	ENSG00000177879	ortholog_one2one	1
Ap3s2	ENSMUSG00000063801	ENSG00000157823	ortholog_one2one	1
Ap4b1	ENSMUSG00000032952	ENSG00000134262	ortholog_one2one	1
Ap4e1	ENSMUSG00000001998	ENSG00000081014	ortholog_one2one	1
Ap4m1	ENSMUSG00000019518	ENSG00000221838	ortholog_one2one	1
Ap5b1	ENSMUSG00000049562	ENSG00000254470	ortholog_one2one	1
Ap5m1	ENSMUSG00000036291	ENSG00000053770	ortholog_one2one	1
Ap5s1	ENSMUSG00000068264	ENSG00000125843	ortholog_one2one	1
Ap5z1	ENSMUSG00000039623	ENSG00000242802	ortholog_one2one	1
Apaf1	ENSMUSG00000019979	ENSG00000120868	ortholog_one2one	1
Apba1	ENSMUSG00000024897	ENSG00000107282	ortholog_one2one	1
Apba2	ENSMUSG00000030519	ENSG00000034053	ortholog_one2one	1
Apba3	ENSMUSG00000004931	ENSG00000011132	ortholog_one2one	1
Apbb1	ENSMUSG00000037032	ENSG00000166313	ortholog_one2one	1
Apbb1ip	ENSMUSG00000026786	ENSG00000077420	ortholog_one2one	1
Apbb2	ENSMUSG00000029207	ENSG00000163697	ortholog_one2one	1
Apbb3	ENSMUSG00000117679	ENSG00000113108	ortholog_one2one	1
Apc	ENSMUSG00000005871	ENSG00000134982	ortholog_one2one	1
Apc2	ENSMUSG00000020135	ENSG00000115266	ortholog_one2one	1
Apcdd1	ENSMUSG00000071847	ENSG00000154856	ortholog_one2one	1
Apcs	ENSMUSG00000026542	ENSG00000132703	ortholog_one2one	1
Apeh	ENSMUSG00000032590	ENSG00000164062	ortholog_one2one	1
Apex1	ENSMUSG00000035960	ENSG00000100823	ortholog_one2one	1
Apex2	ENSMUSG00000025269	ENSG00000169188	ortholog_one2one	1
Aph1a	ENSMUSG00000015750	ENSG00000117362	ortholog_one2one	1
Api5	ENSMUSG00000027193	ENSG00000166181	ortholog_one2one	1
Apip	ENSMUSG00000010911	ENSG00000149089	ortholog_one2one	1
Aplf	ENSMUSG00000030051	ENSG00000169621	ortholog_one2one	1
Apln	ENSMUSG00000037010	ENSG00000171388	ortholog_one2one	1
Aplnr	ENSMUSG00000044338	ENSG00000134817	ortholog_one2one	1
Aplp1	ENSMUSG00000006651	ENSG00000105290	ortholog_one2one	1
Aplp2	ENSMUSG00000031996	ENSG00000084234	ortholog_one2one	1
Apmap	ENSMUSG00000033096	ENSG00000101474	ortholog_one2one	1
Apoa1	ENSMUSG00000032083	ENSG00000118137	ortholog_one2one	1
Apoa2	ENSMUSG00000005681	ENSG00000158874	ortholog_one2one	1
Apoa4	ENSMUSG00000032080	ENSG00000110244	ortholog_one2one	1
Apoa5	ENSMUSG00000032079	ENSG00000110243	ortholog_one2one	1
Apob	ENSMUSG00000020609	ENSG00000084674	ortholog_one2one	1
Apobec1	ENSMUSG00000040613	ENSG00000111701	ortholog_one2one	1
Apobec2	ENSMUSG00000040694	ENSG00000124701	ortholog_one2one	1
Apobec4	ENSMUSG00000055547	ENSG00000173627	ortholog_one2one	1
Apoc1	ENSMUSG00000040564	ENSG00000130208	ortholog_one2one	1
Apoc2	ENSMUSG00000002992	ENSG00000234906	ortholog_one2one	1
Apoc4	ENSMUSG00000074336	ENSG00000267467	ortholog_one2one	1
Apod	ENSMUSG00000022548	ENSG00000189058	ortholog_one2one	1
Apoe	ENSMUSG00000002985	ENSG00000130203	ortholog_one2one	1
Apof	ENSMUSG00000047631	ENSG00000175336	ortholog_one2one	1
Apoh	ENSMUSG00000000049	ENSG00000091583	ortholog_one2one	1
Apold1	ENSMUSG00000090698	ENSG00000178878	ortholog_one2one	1
Apom	ENSMUSG00000024391	ENSG00000204444	ortholog_one2one	1
Apoo	ENSMUSG00000079508	ENSG00000184831	ortholog_one2one	1
Apool	ENSMUSG00000025525	ENSG00000155008	ortholog_one2one	1
App	ENSMUSG00000022892	ENSG00000142192	ortholog_one2one	1
Appbp2	ENSMUSG00000018481	ENSG00000062725	ortholog_one2one	1
Appl1	ENSMUSG00000040760	ENSG00000157500	ortholog_one2one	1
Appl2	ENSMUSG00000020263	ENSG00000136044	ortholog_one2one	1
Aprt	ENSMUSG00000006589	ENSG00000198931	ortholog_one2one	1
Aptx	ENSMUSG00000028411	ENSG00000137074	ortholog_one2one	1
Aqp1	ENSMUSG00000004655	ENSG00000240583	ortholog_one2one	1
Aqp11	ENSMUSG00000042797	ENSG00000178301	ortholog_one2one	1
Aqp2	ENSMUSG00000023013	ENSG00000167580	ortholog_one2one	1
Aqp3	ENSMUSG00000028435	ENSG00000165272	ortholog_one2one	1
Aqp4	ENSMUSG00000024411	ENSG00000171885	ortholog_one2one	1
Aqp5	ENSMUSG00000044217	ENSG00000161798	ortholog_one2one	1
Aqp6	ENSMUSG00000043144	ENSG00000086159	ortholog_one2one	1
Aqp8	ENSMUSG00000030762	ENSG00000103375	ortholog_one2one	1
Aqp9	ENSMUSG00000032204	ENSG00000103569	ortholog_one2one	1
Aqr	ENSMUSG00000040383	ENSG00000021776	ortholog_one2one	1
Ar	ENSMUSG00000046532	ENSG00000169083	ortholog_one2one	1
Araf	ENSMUSG00000001127	ENSG00000078061	ortholog_one2one	1
Arap1	ENSMUSG00000032812	ENSG00000186635	ortholog_one2one	1
Arap2	ENSMUSG00000037999	ENSG00000047365	ortholog_one2one	1
Arap3	ENSMUSG00000024451	ENSG00000120318	ortholog_one2one	1
Arb2a	ENSMUSG00000064138	ENSG00000113391	ortholog_one2one	1
Arc	ENSMUSG00000022602	ENSG00000198576	ortholog_one2one	1
Arcn1	ENSMUSG00000032096	ENSG00000095139	ortholog_one2one	1
Areg	ENSMUSG00000029378	ENSG00000109321	ortholog_one2one	1
Arel1	ENSMUSG00000042350	ENSG00000119682	ortholog_one2one	1
Arf1	ENSMUSG00000048076	ENSG00000143761	ortholog_one2one	1
Arf3	ENSMUSG00000051853	ENSG00000134287	ortholog_one2one	1
Arf4	ENSMUSG00000021877	ENSG00000168374	ortholog_one2one	1
Arf5	ENSMUSG00000020440	ENSG00000004059	ortholog_one2one	1
Arf6	ENSMUSG00000044147	ENSG00000165527	ortholog_one2one	1
Arfgap1	ENSMUSG00000027575	ENSG00000101199	ortholog_one2one	1
Arfgap2	ENSMUSG00000027255	ENSG00000149182	ortholog_one2one	1
Arfgap3	ENSMUSG00000054277	ENSG00000242247	ortholog_one2one	1
Arfgef1	ENSMUSG00000067851	ENSG00000066777	ortholog_one2one	1
Arfgef2	ENSMUSG00000074582	ENSG00000124198	ortholog_one2one	1
Arfgef3	ENSMUSG00000019852	ENSG00000112379	ortholog_one2one	1
Arfip1	ENSMUSG00000074513	ENSG00000164144	ortholog_one2one	1
Arfip2	ENSMUSG00000030881	ENSG00000132254	ortholog_one2one	1
Arfrp1	ENSMUSG00000038671	ENSG00000101246	ortholog_one2one	1
Arg1	ENSMUSG00000019987	ENSG00000118520	ortholog_one2one	1
Arg2	ENSMUSG00000021125	ENSG00000081181	ortholog_one2one	1
Arglu1	ENSMUSG00000040459	ENSG00000134884	ortholog_one2one	1
Arhgap1	ENSMUSG00000027247	ENSG00000175220	ortholog_one2one	1
Arhgap10	ENSMUSG00000037148	ENSG00000071205	ortholog_one2one	1
Arhgap11a	ENSMUSG00000041219	ENSG00000198826	ortholog_one2one	1
Arhgap12	ENSMUSG00000041225	ENSG00000165322	ortholog_one2one	1
Arhgap15	ENSMUSG00000049744	ENSG00000075884	ortholog_one2one	1
Arhgap17	ENSMUSG00000030766	ENSG00000140750	ortholog_one2one	1
Arhgap18	ENSMUSG00000039031	ENSG00000146376	ortholog_one2one	1
Arhgap19	ENSMUSG00000025154	ENSG00000213390	ortholog_one2one	1
Arhgap20	ENSMUSG00000053199	ENSG00000137727	ortholog_one2one	1
Arhgap21	ENSMUSG00000036591	ENSG00000107863	ortholog_one2one	1
Arhgap22	ENSMUSG00000063506	ENSG00000128805	ortholog_one2one	1
Arhgap23	ENSMUSG00000049807	ENSG00000275832	ortholog_one2one	1
Arhgap24	ENSMUSG00000057315	ENSG00000138639	ortholog_one2one	1
Arhgap25	ENSMUSG00000030047	ENSG00000163219	ortholog_one2one	1
Arhgap26	ENSMUSG00000036452	ENSG00000145819	ortholog_one2one	1
Arhgap27	ENSMUSG00000034255	ENSG00000159314	ortholog_one2one	1
Arhgap28	ENSMUSG00000024043	ENSG00000088756	ortholog_one2one	1
Arhgap29	ENSMUSG00000039831	ENSG00000137962	ortholog_one2one	1
Arhgap30	ENSMUSG00000048865	ENSG00000186517	ortholog_one2one	1
Arhgap31	ENSMUSG00000022799	ENSG00000031081	ortholog_one2one	1
Arhgap32	ENSMUSG00000041444	ENSG00000134909	ortholog_one2one	1
Arhgap33	ENSMUSG00000036882	ENSG00000004777	ortholog_one2one	1
Arhgap35	ENSMUSG00000058230	ENSG00000160007	ortholog_one2one	1
Arhgap36	ENSMUSG00000036198	ENSG00000147256	ortholog_one2one	1
Arhgap39	ENSMUSG00000033697	ENSG00000147799	ortholog_one2one	1
Arhgap4	ENSMUSG00000031389	ENSG00000089820	ortholog_one2one	1
Arhgap40	ENSMUSG00000074625	ENSG00000124143	ortholog_one2one	1
Arhgap42	ENSMUSG00000050730	ENSG00000165895	ortholog_one2one	1
Arhgap44	ENSMUSG00000033389	ENSG00000006740	ortholog_one2one	1
Arhgap45	ENSMUSG00000035697	ENSG00000180448	ortholog_one2one	1
Arhgap5	ENSMUSG00000035133	ENSG00000100852	ortholog_one2one	1
Arhgap6	ENSMUSG00000031355	ENSG00000047648	ortholog_one2one	1
Arhgap8	ENSMUSG00000078954	ENSG00000241484	ortholog_one2one	1
Arhgap9	ENSMUSG00000040345	ENSG00000123329	ortholog_one2one	1
Arhgdia	ENSMUSG00000025132	ENSG00000141522	ortholog_one2one	1
Arhgdib	ENSMUSG00000030220	ENSG00000111348	ortholog_one2one	1
Arhgdig	ENSMUSG00000073433	ENSG00000242173	ortholog_one2one	1
Arhgef1	ENSMUSG00000040940	ENSG00000076928	ortholog_one2one	1
Arhgef10	ENSMUSG00000071176	ENSG00000104728	ortholog_one2one	1
Arhgef10l	ENSMUSG00000040964	ENSG00000074964	ortholog_one2one	1
Arhgef11	ENSMUSG00000041977	ENSG00000132694	ortholog_one2one	1
Arhgef12	ENSMUSG00000059495	ENSG00000196914	ortholog_one2one	1
Arhgef15	ENSMUSG00000052921	ENSG00000198844	ortholog_one2one	1
Arhgef16	ENSMUSG00000029032	ENSG00000130762	ortholog_one2one	1
Arhgef17	ENSMUSG00000032875	ENSG00000110237	ortholog_one2one	1
Arhgef18	ENSMUSG00000004568	ENSG00000104880	ortholog_one2one	1
Arhgef19	ENSMUSG00000028919	ENSG00000142632	ortholog_one2one	1
Arhgef2	ENSMUSG00000028059	ENSG00000116584	ortholog_one2one	1
Arhgef25	ENSMUSG00000019467	ENSG00000240771	ortholog_one2one	1
Arhgef26	ENSMUSG00000036885	ENSG00000114790	ortholog_one2one	1
Arhgef28	ENSMUSG00000021662	ENSG00000214944	ortholog_one2one	1
Arhgef3	ENSMUSG00000021895	ENSG00000163947	ortholog_one2one	1
Arhgef33	ENSMUSG00000054901	ENSG00000214694	ortholog_one2one	1
Arhgef37	ENSMUSG00000045094	ENSG00000183111	ortholog_one2one	1
Arhgef38	ENSMUSG00000040969	ENSG00000236699	ortholog_one2one	1
Arhgef39	ENSMUSG00000051517	ENSG00000137135	ortholog_one2one	1
Arhgef40	ENSMUSG00000004562	ENSG00000165801	ortholog_one2one	1
Arhgef5	ENSMUSG00000033542	ENSG00000050327	ortholog_one2one	1
Arhgef6	ENSMUSG00000031133	ENSG00000129675	ortholog_one2one	1
Arhgef7	ENSMUSG00000031511	ENSG00000102606	ortholog_one2one	1
Arhgef9	ENSMUSG00000025656	ENSG00000131089	ortholog_one2one	1
Arid1a	ENSMUSG00000007880	ENSG00000117713	ortholog_one2one	1
Arid1b	ENSMUSG00000069729	ENSG00000049618	ortholog_one2one	1
Arid2	ENSMUSG00000033237	ENSG00000189079	ortholog_one2one	1
Arid3a	ENSMUSG00000019564	ENSG00000116017	ortholog_one2one	1
Arid3b	ENSMUSG00000004661	ENSG00000179361	ortholog_one2one	1
Arid3c	ENSMUSG00000066224	ENSG00000205143	ortholog_one2one	1
Arid4a	ENSMUSG00000048118	ENSG00000032219	ortholog_one2one	1
Arid4b	ENSMUSG00000039219	ENSG00000054267	ortholog_one2one	1
Arid5a	ENSMUSG00000037447	ENSG00000196843	ortholog_one2one	1
Arid5b	ENSMUSG00000019947	ENSG00000150347	ortholog_one2one	1
Arih1	ENSMUSG00000025234	ENSG00000166233	ortholog_one2one	1
Arih2	ENSMUSG00000064145	ENSG00000177479	ortholog_one2one	1
Ark2c	ENSMUSG00000025427	ENSG00000141622	ortholog_one2one	1
Ark2n	ENSMUSG00000047466	ENSG00000152242	ortholog_one2one	1
Arl1	ENSMUSG00000060904	ENSG00000120805	ortholog_one2one	1
Arl10	ENSMUSG00000025870	ENSG00000175414	ortholog_one2one	1
Arl11	ENSMUSG00000043157	ENSG00000152213	ortholog_one2one	1
Arl13b	ENSMUSG00000022911	ENSG00000169379	ortholog_one2one	1
Arl14	ENSMUSG00000098207	ENSG00000179674	ortholog_one2one	1
Arl14ep	ENSMUSG00000027122	ENSG00000152219	ortholog_one2one	1
Arl14epl	ENSMUSG00000073568	ENSG00000268223	ortholog_one2one	1
Arl15	ENSMUSG00000042348	ENSG00000185305	ortholog_one2one	1
Arl16	ENSMUSG00000057594	ENSG00000214087	ortholog_one2one	1
Arl2	ENSMUSG00000024944	ENSG00000213465	ortholog_one2one	1
Arl2bp	ENSMUSG00000031776	ENSG00000102931	ortholog_one2one	1
Arl3	ENSMUSG00000025035	ENSG00000138175	ortholog_one2one	1
Arl4a	ENSMUSG00000047446	ENSG00000122644	ortholog_one2one	1
Arl4c	ENSMUSG00000049866	ENSG00000188042	ortholog_one2one	1
Arl4d	ENSMUSG00000034936	ENSG00000175906	ortholog_one2one	1
Arl5a	ENSMUSG00000036093	ENSG00000162980	ortholog_one2one	1
Arl5b	ENSMUSG00000017418	ENSG00000165997	ortholog_one2one	1
Arl5c	ENSMUSG00000038352	ENSG00000141748	ortholog_one2one	1
Arl6	ENSMUSG00000022722	ENSG00000113966	ortholog_one2one	1
Arl6ip1	ENSMUSG00000030654	ENSG00000170540	ortholog_one2one	1
Arl6ip4	ENSMUSG00000029404	ENSG00000182196	ortholog_one2one	1
Arl6ip5	ENSMUSG00000035199	ENSG00000144746	ortholog_one2one	1
Arl6ip6	ENSMUSG00000026960	ENSG00000177917	ortholog_one2one	1
Arl8a	ENSMUSG00000026426	ENSG00000143862	ortholog_one2one	1
Arl8b	ENSMUSG00000030105	ENSG00000134108	ortholog_one2one	1
Arln	ENSMUSG00000054091	ENSG00000164096	ortholog_one2one	1
Armc1	ENSMUSG00000027599	ENSG00000104442	ortholog_one2one	1
Armc10	ENSMUSG00000038525	ENSG00000170632	ortholog_one2one	1
Armc12	ENSMUSG00000024223	ENSG00000157343	ortholog_one2one	1
Armc2	ENSMUSG00000071324	ENSG00000118690	ortholog_one2one	1
Armc3	ENSMUSG00000037683	ENSG00000165309	ortholog_one2one	1
Armc5	ENSMUSG00000042178	ENSG00000140691	ortholog_one2one	1
Armc6	ENSMUSG00000002343	ENSG00000105676	ortholog_one2one	1
Armc7	ENSMUSG00000057219	ENSG00000125449	ortholog_one2one	1
Armc8	ENSMUSG00000032468	ENSG00000114098	ortholog_one2one	1
Armc9	ENSMUSG00000062590	ENSG00000135931	ortholog_one2one	1
Armcx1	ENSMUSG00000033460	ENSG00000126947	ortholog_one2one	1
Armcx2	ENSMUSG00000033436	ENSG00000184867	ortholog_one2one	1
Armcx3	ENSMUSG00000049047	ENSG00000102401	ortholog_one2one	1
Armcx4	ENSMUSG00000049804	ENSG00000196440	ortholog_one2one	1
Armcx5	ENSMUSG00000072969	ENSG00000125962	ortholog_one2one	1
Armcx6	ENSMUSG00000050394	ENSG00000198960	ortholog_one2one	1
Armh1	ENSMUSG00000060268	ENSG00000198520	ortholog_one2one	1
Armh2	ENSMUSG00000085861	ENSG00000260286	ortholog_one2one	1
Armh3	ENSMUSG00000039901	ENSG00000120029	ortholog_one2one	1
Armt1	ENSMUSG00000061759	ENSG00000146476	ortholog_one2one	1
Arnt	ENSMUSG00000015522	ENSG00000143437	ortholog_one2one	1
Arnt2	ENSMUSG00000015709	ENSG00000172379	ortholog_one2one	1
Arpc1a	ENSMUSG00000029621	ENSG00000241685	ortholog_one2one	1
Arpc1b	ENSMUSG00000029622	ENSG00000130429	ortholog_one2one	1
Arpc2	ENSMUSG00000006304	ENSG00000163466	ortholog_one2one	1
Arpc3	ENSMUSG00000029465	ENSG00000111229	ortholog_one2one	1
Arpc4	ENSMUSG00000079426	ENSG00000241553	ortholog_one2one	1
Arpc5	ENSMUSG00000008475	ENSG00000162704	ortholog_one2one	1
Arpc5l	ENSMUSG00000026755	ENSG00000136950	ortholog_one2one	1
Arpin	ENSMUSG00000039043	ENSG00000242498	ortholog_one2one	1
Arpp19	ENSMUSG00000007656	ENSG00000128989	ortholog_one2one	1
Arpp21	ENSMUSG00000032503	ENSG00000172995	ortholog_one2one	1
Arr3	ENSMUSG00000060890	ENSG00000120500	ortholog_one2one	1
Arrb1	ENSMUSG00000018909	ENSG00000137486	ortholog_one2one	1
Arrb2	ENSMUSG00000060216	ENSG00000141480	ortholog_one2one	1
Arrdc1	ENSMUSG00000026972	ENSG00000197070	ortholog_one2one	1
Arrdc2	ENSMUSG00000002910	ENSG00000105643	ortholog_one2one	1
Arrdc3	ENSMUSG00000074794	ENSG00000113369	ortholog_one2one	1
Arrdc4	ENSMUSG00000042659	ENSG00000140450	ortholog_one2one	1
Arrdc5	ENSMUSG00000073380	ENSG00000205784	ortholog_one2one	1
Arsa	ENSMUSG00000022620	ENSG00000100299	ortholog_one2one	1
Arsb	ENSMUSG00000042082	ENSG00000113273	ortholog_one2one	1
Arsg	ENSMUSG00000020604	ENSG00000141337	ortholog_one2one	1
Arsi	ENSMUSG00000036412	ENSG00000183876	ortholog_one2one	1
Arsj	ENSMUSG00000046561	ENSG00000180801	ortholog_one2one	1
Arsk	ENSMUSG00000021592	ENSG00000164291	ortholog_one2one	1
Art1	ENSMUSG00000030996	ENSG00000129744	ortholog_one2one	1
Art3	ENSMUSG00000034842	ENSG00000156219	ortholog_one2one	1
Art4	ENSMUSG00000030217	ENSG00000111339	ortholog_one2one	1
Art5	ENSMUSG00000070424	ENSG00000167311	ortholog_one2one	1
Artn	ENSMUSG00000028539	ENSG00000117407	ortholog_one2one	1
Arv1	ENSMUSG00000031982	ENSG00000173409	ortholog_one2one	1
Arvcf	ENSMUSG00000118669	ENSG00000099889	ortholog_one2one	1
Arx	ENSMUSG00000035277	ENSG00000004848	ortholog_one2one	1
As3mt	ENSMUSG00000003559	ENSG00000214435	ortholog_one2one	1
Asah1	ENSMUSG00000031591	ENSG00000104763	ortholog_one2one	1
Asap1	ENSMUSG00000022377	ENSG00000153317	ortholog_one2one	1
Asap2	ENSMUSG00000052632	ENSG00000151693	ortholog_one2one	1
Asap3	ENSMUSG00000036995	ENSG00000088280	ortholog_one2one	1
Asb1	ENSMUSG00000026311	ENSG00000065802	ortholog_one2one	1
Asb10	ENSMUSG00000038204	ENSG00000146926	ortholog_one2one	1
Asb11	ENSMUSG00000031382	ENSG00000165192	ortholog_one2one	1
Asb12	ENSMUSG00000031204	ENSG00000198881	ortholog_one2one	1
Asb13	ENSMUSG00000033781	ENSG00000196372	ortholog_one2one	1
Asb14	ENSMUSG00000021898	ENSG00000239388	ortholog_one2one	1
Asb15	ENSMUSG00000029685	ENSG00000146809	ortholog_one2one	1
Asb16	ENSMUSG00000034768	ENSG00000161664	ortholog_one2one	1
Asb17	ENSMUSG00000038997	ENSG00000154007	ortholog_one2one	1
Asb18	ENSMUSG00000067081	ENSG00000182177	ortholog_one2one	1
Asb2	ENSMUSG00000021200	ENSG00000100628	ortholog_one2one	1
Asb3	ENSMUSG00000020305	ENSG00000115239	ortholog_one2one	1
Asb4	ENSMUSG00000042607	ENSG00000005981	ortholog_one2one	1
Asb5	ENSMUSG00000031519	ENSG00000164122	ortholog_one2one	1
Asb6	ENSMUSG00000039483	ENSG00000148331	ortholog_one2one	1
Asb7	ENSMUSG00000030509	ENSG00000183475	ortholog_one2one	1
Asb8	ENSMUSG00000048175	ENSG00000177981	ortholog_one2one	1
Asb9	ENSMUSG00000031384	ENSG00000102048	ortholog_one2one	1
Ascc1	ENSMUSG00000044475	ENSG00000138303	ortholog_one2one	1
Ascc2	ENSMUSG00000020412	ENSG00000100325	ortholog_one2one	1
Ascc3	ENSMUSG00000038774	ENSG00000112249	ortholog_one2one	1
Ascl1	ENSMUSG00000020052	ENSG00000139352	ortholog_one2one	1
Ascl2	ENSMUSG00000009248	ENSG00000183734	ortholog_one2one	1
Ascl3	ENSMUSG00000035951	ENSG00000176009	ortholog_one2one	1
Ascl4	ENSMUSG00000085111	ENSG00000187855	ortholog_one2one	1
Ascl5	ENSMUSG00000097918	ENSG00000232237	ortholog_one2one	1
Asdurf	ENSMUSG00000117809	ENSG00000286053	ortholog_one2one	1
Asf1a	ENSMUSG00000019857	ENSG00000111875	ortholog_one2one	1
Asf1b	ENSMUSG00000005470	ENSG00000105011	ortholog_one2one	1
Asgr1	ENSMUSG00000020884	ENSG00000141505	ortholog_one2one	1
Asgr2	ENSMUSG00000040963	ENSG00000161944	ortholog_one2one	1
Ash1l	ENSMUSG00000028053	ENSG00000116539	ortholog_one2one	1
Ash2l	ENSMUSG00000031575	ENSG00000129691	ortholog_one2one	1
Asic1	ENSMUSG00000023017	ENSG00000110881	ortholog_one2one	1
Asic2	ENSMUSG00000020704	ENSG00000108684	ortholog_one2one	1
Asic3	ENSMUSG00000038276	ENSG00000213199	ortholog_one2one	1
Asic4	ENSMUSG00000033007	ENSG00000072182	ortholog_one2one	1
Asic5	ENSMUSG00000028008	ENSG00000256394	ortholog_one2one	1
Asl	ENSMUSG00000025533	ENSG00000126522	ortholog_one2one	1
Asns	ENSMUSG00000029752	ENSG00000070669	ortholog_one2one	1
Asnsd1	ENSMUSG00000026095	ENSG00000138381	ortholog_one2one	1
Aspa	ENSMUSG00000020774	ENSG00000108381	ortholog_one2one	1
Aspdh	ENSMUSG00000038704	ENSG00000204653	ortholog_one2one	1
Aspg	ENSMUSG00000037686	ENSG00000166183	ortholog_one2one	1
Asph	ENSMUSG00000028207	ENSG00000198363	ortholog_one2one	1
Asphd1	ENSMUSG00000046378	ENSG00000174939	ortholog_one2one	1
Asphd2	ENSMUSG00000029348	ENSG00000128203	ortholog_one2one	1
Aspm	ENSMUSG00000033952	ENSG00000066279	ortholog_one2one	1
Aspn	ENSMUSG00000021388	ENSG00000106819	ortholog_one2one	1
Asprv1	ENSMUSG00000033508	ENSG00000244617	ortholog_one2one	1
Aspscr1	ENSMUSG00000025142	ENSG00000169696	ortholog_one2one	1
Asrgl1	ENSMUSG00000024654	ENSG00000162174	ortholog_one2one	1
Ass1	ENSMUSG00000076441	ENSG00000130707	ortholog_one2one	1
Aste1	ENSMUSG00000032567	ENSG00000034533	ortholog_one2one	1
Astl	ENSMUSG00000050468	ENSG00000188886	ortholog_one2one	1
Astn1	ENSMUSG00000026587	ENSG00000152092	ortholog_one2one	1
Astn2	ENSMUSG00000028373	ENSG00000148219	ortholog_one2one	1
Asxl1	ENSMUSG00000042548	ENSG00000171456	ortholog_one2one	1
Asxl2	ENSMUSG00000037486	ENSG00000143970	ortholog_one2one	1
Asxl3	ENSMUSG00000045215	ENSG00000141431	ortholog_one2one	1
Asz1	ENSMUSG00000010796	ENSG00000154438	ortholog_one2one	1
Atad1	ENSMUSG00000013662	ENSG00000138138	ortholog_one2one	1
Atad2b	ENSMUSG00000052812	ENSG00000119778	ortholog_one2one	1
Atad3a	ENSMUSG00000029036	ENSG00000197785	ortholog_one2one	1
Atad5	ENSMUSG00000017550	ENSG00000176208	ortholog_one2one	1
Atat1	ENSMUSG00000024426	ENSG00000137343	ortholog_one2one	1
Atcay	ENSMUSG00000034958	ENSG00000167654	ortholog_one2one	1
Ate1	ENSMUSG00000030850	ENSG00000107669	ortholog_one2one	1
Atf1	ENSMUSG00000023027	ENSG00000123268	ortholog_one2one	1
Atf2	ENSMUSG00000027104	ENSG00000115966	ortholog_one2one	1
Atf3	ENSMUSG00000026628	ENSG00000162772	ortholog_one2one	1
Atf4	ENSMUSG00000042406	ENSG00000128272	ortholog_one2one	1
Atf5	ENSMUSG00000038539	ENSG00000169136	ortholog_one2one	1
Atf6	ENSMUSG00000026663	ENSG00000118217	ortholog_one2one	1
Atf6b	ENSMUSG00000015461	ENSG00000213676	ortholog_one2one	1
Atf7	ENSMUSG00000099083	ENSG00000170653	ortholog_one2one	1
Atf7ip	ENSMUSG00000030213	ENSG00000171681	ortholog_one2one	1
Atg10	ENSMUSG00000021619	ENSG00000152348	ortholog_one2one	1
Atg101	ENSMUSG00000037204	ENSG00000123395	ortholog_one2one	1
Atg12	ENSMUSG00000032905	ENSG00000145782	ortholog_one2one	1
Atg13	ENSMUSG00000027244	ENSG00000175224	ortholog_one2one	1
Atg14	ENSMUSG00000037526	ENSG00000126775	ortholog_one2one	1
Atg16l1	ENSMUSG00000026289	ENSG00000085978	ortholog_one2one	1
Atg16l2	ENSMUSG00000047767	ENSG00000168010	ortholog_one2one	1
Atg2a	ENSMUSG00000024773	ENSG00000110046	ortholog_one2one	1
Atg2b	ENSMUSG00000041341	ENSG00000066739	ortholog_one2one	1
Atg3	ENSMUSG00000022663	ENSG00000144848	ortholog_one2one	1
Atg4b	ENSMUSG00000026280	ENSG00000168397	ortholog_one2one	1
Atg4c	ENSMUSG00000028550	ENSG00000125703	ortholog_one2one	1
Atg4d	ENSMUSG00000002820	ENSG00000130734	ortholog_one2one	1
Atg5	ENSMUSG00000038160	ENSG00000057663	ortholog_one2one	1
Atg7	ENSMUSG00000030314	ENSG00000197548	ortholog_one2one	1
Atg9a	ENSMUSG00000033124	ENSG00000198925	ortholog_one2one	1
Atg9b	ENSMUSG00000038295	ENSG00000181652	ortholog_one2one	1
Atic	ENSMUSG00000026192	ENSG00000138363	ortholog_one2one	1
Atl1	ENSMUSG00000021066	ENSG00000198513	ortholog_one2one	1
Atl2	ENSMUSG00000059811	ENSG00000119787	ortholog_one2one	1
Atl3	ENSMUSG00000024759	ENSG00000184743	ortholog_one2one	1
Atm	ENSMUSG00000034218	ENSG00000149311	ortholog_one2one	1
Atmin	ENSMUSG00000047388	ENSG00000166454	ortholog_one2one	1
Atn1	ENSMUSG00000004263	ENSG00000111676	ortholog_one2one	1
Atoh1	ENSMUSG00000073043	ENSG00000172238	ortholog_one2one	1
Atoh7	ENSMUSG00000036816	ENSG00000179774	ortholog_one2one	1
Atoh8	ENSMUSG00000037621	ENSG00000168874	ortholog_one2one	1
Atosa	ENSMUSG00000034858	ENSG00000047346	ortholog_one2one	1
Atosb	ENSMUSG00000036002	ENSG00000005238	ortholog_one2one	1
Atox1	ENSMUSG00000018585	ENSG00000177556	ortholog_one2one	1
Atp10a	ENSMUSG00000025324	ENSG00000206190	ortholog_one2one	1
Atp10b	ENSMUSG00000055415	ENSG00000118322	ortholog_one2one	1
Atp10d	ENSMUSG00000046808	ENSG00000145246	ortholog_one2one	1
Atp11a	ENSMUSG00000031441	ENSG00000068650	ortholog_one2one	1
Atp11b	ENSMUSG00000037400	ENSG00000058063	ortholog_one2one	1
Atp11c	ENSMUSG00000062949	ENSG00000101974	ortholog_one2one	1
Atp12a	ENSMUSG00000022229	ENSG00000075673	ortholog_one2one	1
Atp13a1	ENSMUSG00000031862	ENSG00000105726	ortholog_one2one	1
Atp13a2	ENSMUSG00000036622	ENSG00000159363	ortholog_one2one	1
Atp13a3	ENSMUSG00000022533	ENSG00000133657	ortholog_one2one	1
Atp13a4	ENSMUSG00000038094	ENSG00000127249	ortholog_one2one	1
Atp13a5	ENSMUSG00000048939	ENSG00000187527	ortholog_one2one	1
Atp1a1	ENSMUSG00000033161	ENSG00000163399	ortholog_one2one	1
Atp1a2	ENSMUSG00000007097	ENSG00000018625	ortholog_one2one	1
Atp1a3	ENSMUSG00000040907	ENSG00000105409	ortholog_one2one	1
Atp1a4	ENSMUSG00000007107	ENSG00000132681	ortholog_one2one	1
Atp1b1	ENSMUSG00000026576	ENSG00000143153	ortholog_one2one	1
Atp1b2	ENSMUSG00000041329	ENSG00000129244	ortholog_one2one	1
Atp1b3	ENSMUSG00000032412	ENSG00000069849	ortholog_one2one	1
Atp1b4	ENSMUSG00000016327	ENSG00000101892	ortholog_one2one	1
Atp23	ENSMUSG00000025436	ENSG00000166896	ortholog_one2one	1
Atp2a1	ENSMUSG00000030730	ENSG00000196296	ortholog_one2one	1
Atp2a2	ENSMUSG00000029467	ENSG00000174437	ortholog_one2one	1
Atp2a3	ENSMUSG00000020788	ENSG00000074370	ortholog_one2one	1
Atp2b1	ENSMUSG00000019943	ENSG00000070961	ortholog_one2one	1
Atp2b2	ENSMUSG00000030302	ENSG00000157087	ortholog_one2one	1
Atp2b3	ENSMUSG00000031376	ENSG00000067842	ortholog_one2one	1
Atp2b4	ENSMUSG00000026463	ENSG00000058668	ortholog_one2one	1
Atp2c1	ENSMUSG00000032570	ENSG00000017260	ortholog_one2one	1
Atp2c2	ENSMUSG00000034112	ENSG00000064270	ortholog_one2one	1
Atp4a	ENSMUSG00000005553	ENSG00000105675	ortholog_one2one	1
Atp4b	ENSMUSG00000031449	ENSG00000186009	ortholog_one2one	1
Atp5f1a	ENSMUSG00000025428	ENSG00000152234	ortholog_one2one	1
Atp5f1b	ENSMUSG00000025393	ENSG00000110955	ortholog_one2one	1
Atp5f1c	ENSMUSG00000025781	ENSG00000165629	ortholog_one2one	1
Atp5f1d	ENSMUSG00000003072	ENSG00000099624	ortholog_one2one	1
Atp5f1e	ENSMUSG00000016252	ENSG00000124172	ortholog_one2one	1
Atp5mc2	ENSMUSG00000062683	ENSG00000135390	ortholog_one2one	1
Atp5mc3	ENSMUSG00000018770	ENSG00000154518	ortholog_one2one	1
Atp5me	ENSMUSG00000050856	ENSG00000169020	ortholog_one2one	1
Atp5mf	ENSMUSG00000038690	ENSG00000241468	ortholog_one2one	1
Atp5mj	ENSMUSG00000021290	ENSG00000156411	ortholog_one2one	1
Atp5mk	ENSMUSG00000071528	ENSG00000173915	ortholog_one2one	1
Atp5pb	ENSMUSG00000000563	ENSG00000116459	ortholog_one2one	1
Atp5pd	ENSMUSG00000034566	ENSG00000167863	ortholog_one2one	1
Atp5pf	ENSMUSG00000022890	ENSG00000154723	ortholog_one2one	1
Atp5po	ENSMUSG00000022956	ENSG00000241837	ortholog_one2one	1
Atp6ap1	ENSMUSG00000019087	ENSG00000071553	ortholog_one2one	1
Atp6ap2	ENSMUSG00000031007	ENSG00000182220	ortholog_one2one	1
Atp6v0a1	ENSMUSG00000019302	ENSG00000033627	ortholog_one2one	1
Atp6v0a2	ENSMUSG00000038023	ENSG00000185344	ortholog_one2one	1
Atp6v0a4	ENSMUSG00000038600	ENSG00000105929	ortholog_one2one	1
Atp6v0b	ENSMUSG00000033379	ENSG00000117410	ortholog_one2one	1
Atp6v0c	ENSMUSG00000024121	ENSG00000185883	ortholog_one2one	1
Atp6v0d1	ENSMUSG00000013160	ENSG00000159720	ortholog_one2one	1
Atp6v0d2	ENSMUSG00000028238	ENSG00000147614	ortholog_one2one	1
Atp6v1a	ENSMUSG00000052459	ENSG00000114573	ortholog_one2one	1
Atp6v1b1	ENSMUSG00000006269	ENSG00000116039	ortholog_one2one	1
Atp6v1b2	ENSMUSG00000006273	ENSG00000147416	ortholog_one2one	1
Atp6v1c1	ENSMUSG00000022295	ENSG00000155097	ortholog_one2one	1
Atp6v1c2	ENSMUSG00000020566	ENSG00000143882	ortholog_one2one	1
Atp6v1d	ENSMUSG00000021114	ENSG00000100554	ortholog_one2one	1
Atp6v1e1	ENSMUSG00000019210	ENSG00000131100	ortholog_one2one	1
Atp6v1e2	ENSMUSG00000053375	ENSG00000250565	ortholog_one2one	1
Atp6v1f	ENSMUSG00000004285	ENSG00000128524	ortholog_one2one	1
Atp6v1g1	ENSMUSG00000039105	ENSG00000136888	ortholog_one2one	1
Atp6v1g2	ENSMUSG00000024403	ENSG00000213760	ortholog_one2one	1
Atp6v1g3	ENSMUSG00000026394	ENSG00000151418	ortholog_one2one	1
Atp6v1h	ENSMUSG00000033793	ENSG00000047249	ortholog_one2one	1
Atp7a	ENSMUSG00000033792	ENSG00000165240	ortholog_one2one	1
Atp7b	ENSMUSG00000006567	ENSG00000123191	ortholog_one2one	1
Atp8a1	ENSMUSG00000037685	ENSG00000124406	ortholog_one2one	1
Atp8a2	ENSMUSG00000021983	ENSG00000132932	ortholog_one2one	1
Atp8b1	ENSMUSG00000039529	ENSG00000081923	ortholog_one2one	1
Atp8b2	ENSMUSG00000060671	ENSG00000143515	ortholog_one2one	1
Atp8b3	ENSMUSG00000003341	ENSG00000130270	ortholog_one2one	1
Atp8b4	ENSMUSG00000060131	ENSG00000104043	ortholog_one2one	1
Atp9a	ENSMUSG00000027546	ENSG00000054793	ortholog_one2one	1
Atp9b	ENSMUSG00000024566	ENSG00000166377	ortholog_one2one	1
Atpaf1	ENSMUSG00000028710	ENSG00000123472	ortholog_one2one	1
Atpaf2	ENSMUSG00000042709	ENSG00000171953	ortholog_one2one	1
Atpsckmt	ENSMUSG00000039065	ENSG00000150756	ortholog_one2one	1
Atr	ENSMUSG00000032409	ENSG00000175054	ortholog_one2one	1
Atraid	ENSMUSG00000013622	ENSG00000138085	ortholog_one2one	1
Atrip	ENSMUSG00000025646	ENSG00000164053	ortholog_one2one	1
Atrn	ENSMUSG00000027312	ENSG00000088812	ortholog_one2one	1
Atrnl1	ENSMUSG00000054843	ENSG00000107518	ortholog_one2one	1
Atrx	ENSMUSG00000031229	ENSG00000085224	ortholog_one2one	1
Atxn1	ENSMUSG00000046876	ENSG00000124788	ortholog_one2one	1
Atxn10	ENSMUSG00000016541	ENSG00000130638	ortholog_one2one	1
Atxn1l	ENSMUSG00000069895	ENSG00000224470	ortholog_one2one	1
Atxn2	ENSMUSG00000042605	ENSG00000204842	ortholog_one2one	1
Atxn2l	ENSMUSG00000032637	ENSG00000168488	ortholog_one2one	1
Atxn3	ENSMUSG00000021189	ENSG00000066427	ortholog_one2one	1
Atxn7	ENSMUSG00000021738	ENSG00000163635	ortholog_one2one	1
Atxn7l1	ENSMUSG00000020564	ENSG00000146776	ortholog_one2one	1
Atxn7l2	ENSMUSG00000048997	ENSG00000162650	ortholog_one2one	1
Atxn7l3	ENSMUSG00000059995	ENSG00000087152	ortholog_one2one	1
Atxn7l3b	ENSMUSG00000074748	ENSG00000253719	ortholog_one2one	1
Auh	ENSMUSG00000021460	ENSG00000148090	ortholog_one2one	1
Aunip	ENSMUSG00000078521	ENSG00000127423	ortholog_one2one	1
Aup1	ENSMUSG00000068328	ENSG00000115307	ortholog_one2one	1
Aurka	ENSMUSG00000027496	ENSG00000087586	ortholog_one2one	1
Aurkaip1	ENSMUSG00000065990	ENSG00000175756	ortholog_one2one	1
Aurkb	ENSMUSG00000020897	ENSG00000178999	ortholog_one2one	1
Auts2	ENSMUSG00000029673	ENSG00000158321	ortholog_one2one	1
Aven	ENSMUSG00000003604	ENSG00000169857	ortholog_one2one	1
Avil	ENSMUSG00000025432	ENSG00000135407	ortholog_one2one	1
Avl9	ENSMUSG00000029787	ENSG00000105778	ortholog_one2one	1
Avp	ENSMUSG00000037727	ENSG00000101200	ortholog_one2one	1
Avpi1	ENSMUSG00000018821	ENSG00000119986	ortholog_one2one	1
Avpr1a	ENSMUSG00000020123	ENSG00000166148	ortholog_one2one	1
Avpr1b	ENSMUSG00000026432	ENSG00000198049	ortholog_one2one	1
Avpr2	ENSMUSG00000031390	ENSG00000126895	ortholog_one2one	1
Awat1	ENSMUSG00000015665	ENSG00000204195	ortholog_one2one	1
Awat2	ENSMUSG00000031220	ENSG00000147160	ortholog_one2one	1
Axdnd1	ENSMUSG00000026601	ENSG00000162779	ortholog_one2one	1
Axin1	ENSMUSG00000024182	ENSG00000103126	ortholog_one2one	1
Axin2	ENSMUSG00000000142	ENSG00000168646	ortholog_one2one	1
Axl	ENSMUSG00000002602	ENSG00000167601	ortholog_one2one	1
Azgp1	ENSMUSG00000037053	ENSG00000160862	ortholog_one2one	1
Azi2	ENSMUSG00000039285	ENSG00000163512	ortholog_one2one	1
Azin1	ENSMUSG00000037458	ENSG00000155096	ortholog_one2one	1
Azin2	ENSMUSG00000028789	ENSG00000142920	ortholog_one2one	1
B230219D22Rik	ENSMUSG00000045767	ENSG00000181904	ortholog_one2one	1
B2m	ENSMUSG00000060802	ENSG00000166710	ortholog_one2one	1
B3galnt1	ENSMUSG00000043300	ENSG00000169255	ortholog_one2one	1
B3galnt2	ENSMUSG00000039242	ENSG00000162885	ortholog_one2one	1
B3galt1	ENSMUSG00000034780	ENSG00000172318	ortholog_one2one	1
B3galt2	ENSMUSG00000033849	ENSG00000162630	ortholog_one2one	1
B3galt4	ENSMUSG00000067370	ENSG00000235863	ortholog_one2one	1
B3galt5	ENSMUSG00000074892	ENSG00000183778	ortholog_one2one	1
B3galt6	ENSMUSG00000050796	ENSG00000176022	ortholog_one2one	1
B3galt9	ENSMUSG00000107167	ENSG00000214654	ortholog_one2one	1
B3gat1	ENSMUSG00000045994	ENSG00000109956	ortholog_one2one	1
B3gat2	ENSMUSG00000026156	ENSG00000112309	ortholog_one2one	1
B3gat3	ENSMUSG00000071649	ENSG00000149541	ortholog_one2one	1
B3glct	ENSMUSG00000051950	ENSG00000187676	ortholog_one2one	1
B3gnt2	ENSMUSG00000051650	ENSG00000170340	ortholog_one2one	1
B3gnt3	ENSMUSG00000031803	ENSG00000179913	ortholog_one2one	1
B3gnt4	ENSMUSG00000029431	ENSG00000176383	ortholog_one2one	1
B3gnt5	ENSMUSG00000022686	ENSG00000176597	ortholog_one2one	1
B3gnt6	ENSMUSG00000074004	ENSG00000198488	ortholog_one2one	1
B3gnt7	ENSMUSG00000079445	ENSG00000156966	ortholog_one2one	1
B3gnt8	ENSMUSG00000059479	ENSG00000177191	ortholog_one2one	1
B3gnt9	ENSMUSG00000069920	ENSG00000237172	ortholog_one2one	1
B3gntl1	ENSMUSG00000046605	ENSG00000175711	ortholog_one2one	1
B4galnt1	ENSMUSG00000006731	ENSG00000135454	ortholog_one2one	1
B4galnt2	ENSMUSG00000013418	ENSG00000167080	ortholog_one2one	1
B4galnt3	ENSMUSG00000041372	ENSG00000139044	ortholog_one2one	1
B4galnt4	ENSMUSG00000055629	ENSG00000182272	ortholog_one2one	1
B4galt1	ENSMUSG00000028413	ENSG00000086062	ortholog_one2one	1
B4galt2	ENSMUSG00000028541	ENSG00000117411	ortholog_one2one	1
B4galt3	ENSMUSG00000052423	ENSG00000158850	ortholog_one2one	1
B4galt4	ENSMUSG00000022793	ENSG00000121578	ortholog_one2one	1
B4galt5	ENSMUSG00000017929	ENSG00000158470	ortholog_one2one	1
B4galt6	ENSMUSG00000056124	ENSG00000118276	ortholog_one2one	1
B4galt7	ENSMUSG00000021504	ENSG00000027847	ortholog_one2one	1
B4gat1	ENSMUSG00000047379	ENSG00000174684	ortholog_one2one	1
B9d1	ENSMUSG00000001039	ENSG00000108641	ortholog_one2one	1
B9d2	ENSMUSG00000063439	ENSG00000123810	ortholog_one2one	1
BC004004	ENSMUSG00000052712	ENSG00000198663	ortholog_one2one	1
BC005537	ENSMUSG00000019132	ENSG00000112308	ortholog_one2one	1
BC005624	ENSMUSG00000026851	ENSG00000136819	ortholog_one2one	1
BC016579	ENSMUSG00000033187	ENSG00000114529	ortholog_one2one	1
BC028528	ENSMUSG00000038543	ENSG00000118292	ortholog_one2one	1
BC031181	ENSMUSG00000036299	ENSG00000177576	ortholog_one2one	1
BC034090	ENSMUSG00000033722	ENSG00000135835	ortholog_one2one	1
BC048562	ENSMUSG00000050641	ENSG00000236980	ortholog_one2one	1
BC049715	ENSMUSG00000047515	ENSG00000182993	ortholog_one2one	1
BC051019	ENSMUSG00000031022	ENSG00000176029	ortholog_one2one	1
Baat	ENSMUSG00000039653	ENSG00000136881	ortholog_one2one	1
Babam1	ENSMUSG00000031820	ENSG00000105393	ortholog_one2one	1
Babam2	ENSMUSG00000052139	ENSG00000158019	ortholog_one2one	1
Bacc1	ENSMUSG00000020831	ENSG00000258315	ortholog_one2one	1
Bace1	ENSMUSG00000032086	ENSG00000186318	ortholog_one2one	1
Bace2	ENSMUSG00000040605	ENSG00000182240	ortholog_one2one	1
Bach1	ENSMUSG00000025612	ENSG00000156273	ortholog_one2one	1
Bach2	ENSMUSG00000040270	ENSG00000112182	ortholog_one2one	1
Bad	ENSMUSG00000024959	ENSG00000002330	ortholog_one2one	1
Bag1	ENSMUSG00000028416	ENSG00000107262	ortholog_one2one	1
Bag2	ENSMUSG00000042215	ENSG00000112208	ortholog_one2one	1
Bag3	ENSMUSG00000030847	ENSG00000151929	ortholog_one2one	1
Bag4	ENSMUSG00000037316	ENSG00000156735	ortholog_one2one	1
Bag5	ENSMUSG00000049792	ENSG00000166170	ortholog_one2one	1
Bag6	ENSMUSG00000024392	ENSG00000204463	ortholog_one2one	1
Bahcc1	ENSMUSG00000039741	ENSG00000266074	ortholog_one2one	1
Bahd1	ENSMUSG00000040007	ENSG00000140320	ortholog_one2one	1
Baiap2	ENSMUSG00000025372	ENSG00000175866	ortholog_one2one	1
Baiap2l1	ENSMUSG00000038859	ENSG00000006453	ortholog_one2one	1
Baiap2l2	ENSMUSG00000018126	ENSG00000128298	ortholog_one2one	1
Baiap3	ENSMUSG00000047507	ENSG00000007516	ortholog_one2one	1
Bak1	ENSMUSG00000057789	ENSG00000030110	ortholog_one2one	1
Bambi	ENSMUSG00000024232	ENSG00000095739	ortholog_one2one	1
Banf1	ENSMUSG00000024844	ENSG00000175334	ortholog_one2one	1
Banf2	ENSMUSG00000037307	ENSG00000125888	ortholog_one2one	1
Bank1	ENSMUSG00000037922	ENSG00000153064	ortholog_one2one	1
Banp	ENSMUSG00000025316	ENSG00000172530	ortholog_one2one	1
Bap1	ENSMUSG00000021901	ENSG00000163930	ortholog_one2one	1
Bard1	ENSMUSG00000026196	ENSG00000138376	ortholog_one2one	1
Barhl1	ENSMUSG00000026805	ENSG00000125492	ortholog_one2one	1
Barhl2	ENSMUSG00000034384	ENSG00000143032	ortholog_one2one	1
Barx1	ENSMUSG00000021381	ENSG00000131668	ortholog_one2one	1
Barx2	ENSMUSG00000032033	ENSG00000043039	ortholog_one2one	1
Basp1	ENSMUSG00000045763	ENSG00000176788	ortholog_one2one	1
Batf	ENSMUSG00000034266	ENSG00000156127	ortholog_one2one	1
Batf2	ENSMUSG00000039699	ENSG00000168062	ortholog_one2one	1
Batf3	ENSMUSG00000026630	ENSG00000123685	ortholog_one2one	1
Bax	ENSMUSG00000003873	ENSG00000087088	ortholog_one2one	1
Baz1a	ENSMUSG00000035021	ENSG00000198604	ortholog_one2one	1
Baz1b	ENSMUSG00000002748	ENSG00000009954	ortholog_one2one	1
Baz2a	ENSMUSG00000040054	ENSG00000076108	ortholog_one2one	1
Baz2b	ENSMUSG00000026987	ENSG00000123636	ortholog_one2one	1
Bbc3	ENSMUSG00000002083	ENSG00000105327	ortholog_one2one	1
Bbip1	ENSMUSG00000084957	ENSG00000214413	ortholog_one2one	1
Bbof1	ENSMUSG00000057265	ENSG00000119636	ortholog_one2one	1
Bbox1	ENSMUSG00000041660	ENSG00000129151	ortholog_one2one	1
Bbs1	ENSMUSG00000006464	ENSG00000174483	ortholog_one2one	1
Bbs10	ENSMUSG00000035759	ENSG00000179941	ortholog_one2one	1
Bbs12	ENSMUSG00000051444	ENSG00000181004	ortholog_one2one	1
Bbs2	ENSMUSG00000031755	ENSG00000125124	ortholog_one2one	1
Bbs4	ENSMUSG00000025235	ENSG00000140463	ortholog_one2one	1
Bbs5	ENSMUSG00000063145	ENSG00000163093	ortholog_one2one	1
Bbs7	ENSMUSG00000037325	ENSG00000138686	ortholog_one2one	1
Bbs9	ENSMUSG00000035919	ENSG00000122507	ortholog_one2one	1
Bbx	ENSMUSG00000022641	ENSG00000114439	ortholog_one2one	1
Bcam	ENSMUSG00000002980	ENSG00000187244	ortholog_one2one	1
Bcan	ENSMUSG00000004892	ENSG00000132692	ortholog_one2one	1
Bcap29	ENSMUSG00000020650	ENSG00000075790	ortholog_one2one	1
Bcap31	ENSMUSG00000002015	ENSG00000185825	ortholog_one2one	1
Bcar1	ENSMUSG00000031955	ENSG00000050820	ortholog_one2one	1
Bcar3	ENSMUSG00000028121	ENSG00000137936	ortholog_one2one	1
Bcas1	ENSMUSG00000013523	ENSG00000064787	ortholog_one2one	1
Bcas2	ENSMUSG00000005687	ENSG00000116752	ortholog_one2one	1
Bcas3	ENSMUSG00000059439	ENSG00000141376	ortholog_one2one	1
Bcat1	ENSMUSG00000030268	ENSG00000060982	ortholog_one2one	1
Bcat2	ENSMUSG00000030826	ENSG00000105552	ortholog_one2one	1
Bccip	ENSMUSG00000030983	ENSG00000107949	ortholog_one2one	1
Bcdin3d	ENSMUSG00000037525	ENSG00000186666	ortholog_one2one	1
Bche	ENSMUSG00000027792	ENSG00000114200	ortholog_one2one	1
Bckdha	ENSMUSG00000060376	ENSG00000248098	ortholog_one2one	1
Bckdhb	ENSMUSG00000032263	ENSG00000083123	ortholog_one2one	1
Bckdk	ENSMUSG00000030802	ENSG00000103507	ortholog_one2one	1
Bcl10	ENSMUSG00000028191	ENSG00000142867	ortholog_one2one	1
Bcl11a	ENSMUSG00000000861	ENSG00000119866	ortholog_one2one	1
Bcl11b	ENSMUSG00000048251	ENSG00000127152	ortholog_one2one	1
Bcl2	ENSMUSG00000057329	ENSG00000171791	ortholog_one2one	1
Bcl2l1	ENSMUSG00000007659	ENSG00000171552	ortholog_one2one	1
Bcl2l11	ENSMUSG00000027381	ENSG00000153094	ortholog_one2one	1
Bcl2l12	ENSMUSG00000003190	ENSG00000126453	ortholog_one2one	1
Bcl2l13	ENSMUSG00000009112	ENSG00000099968	ortholog_one2one	1
Bcl2l14	ENSMUSG00000030200	ENSG00000121380	ortholog_one2one	1
Bcl2l15	ENSMUSG00000044165	ENSG00000188761	ortholog_one2one	1
Bcl2l2	ENSMUSG00000089682	ENSG00000129473	ortholog_one2one	1
Bcl3	ENSMUSG00000053175	ENSG00000069399	ortholog_one2one	1
Bcl6	ENSMUSG00000022508	ENSG00000113916	ortholog_one2one	1
Bcl6b	ENSMUSG00000000317	ENSG00000161940	ortholog_one2one	1
Bcl7a	ENSMUSG00000029438	ENSG00000110987	ortholog_one2one	1
Bcl7b	ENSMUSG00000029681	ENSG00000106635	ortholog_one2one	1
Bcl7c	ENSMUSG00000030814	ENSG00000099385	ortholog_one2one	1
Bcl9	ENSMUSG00000038256	ENSG00000116128	ortholog_one2one	1
Bcl9l	ENSMUSG00000063382	ENSG00000186174	ortholog_one2one	1
Bclaf1	ENSMUSG00000037608	ENSG00000029363	ortholog_one2one	1
Bclaf3	ENSMUSG00000044150	ENSG00000173681	ortholog_one2one	1
Bco1	ENSMUSG00000031845	ENSG00000135697	ortholog_one2one	1
Bco2	ENSMUSG00000032066	ENSG00000197580	ortholog_one2one	1
Bcor	ENSMUSG00000040363	ENSG00000183337	ortholog_one2one	1
Bcorl1	ENSMUSG00000036959	ENSG00000085185	ortholog_one2one	1
Bcr	ENSMUSG00000009681	ENSG00000186716	ortholog_one2one	1
Bcs1l	ENSMUSG00000026172	ENSG00000074582	ortholog_one2one	1
Bdh1	ENSMUSG00000046598	ENSG00000161267	ortholog_one2one	1
Bdh2	ENSMUSG00000028167	ENSG00000164039	ortholog_one2one	1
Bdkrb1	ENSMUSG00000041347	ENSG00000100739	ortholog_one2one	1
Bdkrb2	ENSMUSG00000021070	ENSG00000168398	ortholog_one2one	1
Bdnf	ENSMUSG00000048482	ENSG00000176697	ortholog_one2one	1
Bdp1	ENSMUSG00000049658	ENSG00000145734	ortholog_one2one	1
Bean1	ENSMUSG00000031872	ENSG00000166546	ortholog_one2one	1
Becn1	ENSMUSG00000035086	ENSG00000126581	ortholog_one2one	1
Becn2	ENSMUSG00000104158	ENSG00000196289	ortholog_one2one	1
Begain	ENSMUSG00000040867	ENSG00000183092	ortholog_one2one	1
Bend3	ENSMUSG00000038214	ENSG00000178409	ortholog_one2one	1
Bend4	ENSMUSG00000092060	ENSG00000188848	ortholog_one2one	1
Bend5	ENSMUSG00000028545	ENSG00000162373	ortholog_one2one	1
Bend6	ENSMUSG00000042182	ENSG00000151917	ortholog_one2one	1
Bend7	ENSMUSG00000048186	ENSG00000165626	ortholog_one2one	1
Best1	ENSMUSG00000037418	ENSG00000167995	ortholog_one2one	1
Best2	ENSMUSG00000052819	ENSG00000039987	ortholog_one2one	1
Best3	ENSMUSG00000020169	ENSG00000127325	ortholog_one2one	1
Bet1l	ENSMUSG00000025484	ENSG00000177951	ortholog_one2one	1
Bex3	ENSMUSG00000046432	ENSG00000166681	ortholog_one2one	1
Bfar	ENSMUSG00000022684	ENSG00000103429	ortholog_one2one	1
Bfsp1	ENSMUSG00000027420	ENSG00000125864	ortholog_one2one	1
Bfsp2	ENSMUSG00000032556	ENSG00000170819	ortholog_one2one	1
Bgn	ENSMUSG00000031375	ENSG00000182492	ortholog_one2one	1
Bhlha15	ENSMUSG00000052271	ENSG00000180535	ortholog_one2one	1
Bhlha9	ENSMUSG00000044243	ENSG00000205899	ortholog_one2one	1
Bhlhb9	ENSMUSG00000072964	ENSG00000198908	ortholog_one2one	1
Bhlhe22	ENSMUSG00000025128	ENSG00000180828	ortholog_one2one	1
Bhlhe23	ENSMUSG00000045493	ENSG00000125533	ortholog_one2one	1
Bhlhe40	ENSMUSG00000030103	ENSG00000134107	ortholog_one2one	1
Bhlhe41	ENSMUSG00000030256	ENSG00000123095	ortholog_one2one	1
Bhmt2	ENSMUSG00000042118	ENSG00000132840	ortholog_one2one	1
Bicc1	ENSMUSG00000014329	ENSG00000122870	ortholog_one2one	1
Bicd1	ENSMUSG00000003452	ENSG00000151746	ortholog_one2one	1
Bicd2	ENSMUSG00000037933	ENSG00000185963	ortholog_one2one	1
Bicdl1	ENSMUSG00000041609	ENSG00000135127	ortholog_one2one	1
Bicdl2	ENSMUSG00000043782	ENSG00000162069	ortholog_one2one	1
Bicra	ENSMUSG00000070808	ENSG00000063169	ortholog_one2one	1
Bicral	ENSMUSG00000036568	ENSG00000112624	ortholog_one2one	1
Bid	ENSMUSG00000004446	ENSG00000015475	ortholog_one2one	1
Bin1	ENSMUSG00000024381	ENSG00000136717	ortholog_one2one	1
Bin2	ENSMUSG00000098112	ENSG00000110934	ortholog_one2one	1
Bin3	ENSMUSG00000022089	ENSG00000147439	ortholog_one2one	1
Birc2	ENSMUSG00000057367	ENSG00000110330	ortholog_one2one	1
Birc3	ENSMUSG00000032000	ENSG00000023445	ortholog_one2one	1
Birc5	ENSMUSG00000017716	ENSG00000089685	ortholog_one2one	1
Birc6	ENSMUSG00000024073	ENSG00000115760	ortholog_one2one	1
Birc7	ENSMUSG00000038840	ENSG00000101197	ortholog_one2one	1
Blcap	ENSMUSG00000067787	ENSG00000166619	ortholog_one2one	1
Blk	ENSMUSG00000014453	ENSG00000136573	ortholog_one2one	1
Blm	ENSMUSG00000030528	ENSG00000197299	ortholog_one2one	1
Blmh	ENSMUSG00000020840	ENSG00000108578	ortholog_one2one	1
Blnk	ENSMUSG00000061132	ENSG00000095585	ortholog_one2one	1
Bloc1s1	ENSMUSG00000090247	ENSG00000135441	ortholog_one2one	1
Bloc1s2	ENSMUSG00000057506	ENSG00000196072	ortholog_one2one	1
Bloc1s3	ENSMUSG00000057667	ENSG00000189114	ortholog_one2one	1
Bloc1s4	ENSMUSG00000060708	ENSG00000186222	ortholog_one2one	1
Bloc1s5	ENSMUSG00000038982	ENSG00000188428	ortholog_one2one	1
Bloc1s6	ENSMUSG00000005804	ENSG00000104164	ortholog_one2one	1
Bltp1	ENSMUSG00000037270	ENSG00000138688	ortholog_one2one	1
Bltp2	ENSMUSG00000010277	ENSG00000007202	ortholog_one2one	1
Bltp3a	ENSMUSG00000039512	ENSG00000065060	ortholog_one2one	1
Bltp3b	ENSMUSG00000019951	ENSG00000111647	ortholog_one2one	1
Blvra	ENSMUSG00000001999	ENSG00000106605	ortholog_one2one	1
Blvrb	ENSMUSG00000040466	ENSG00000090013	ortholog_one2one	1
Blzf1	ENSMUSG00000026577	ENSG00000117475	ortholog_one2one	1
Bmal1	ENSMUSG00000055116	ENSG00000133794	ortholog_one2one	1
Bmal2	ENSMUSG00000040187	ENSG00000029153	ortholog_one2one	1
Bmerb1	ENSMUSG00000044117	ENSG00000166780	ortholog_one2one	1
Bmf	ENSMUSG00000040093	ENSG00000104081	ortholog_one2one	1
Bmi1	ENSMUSG00000026739	ENSG00000168283	ortholog_one2one	1
Bmp1	ENSMUSG00000022098	ENSG00000168487	ortholog_one2one	1
Bmp10	ENSMUSG00000030046	ENSG00000163217	ortholog_one2one	1
Bmp15	ENSMUSG00000023279	ENSG00000130385	ortholog_one2one	1
Bmp2	ENSMUSG00000027358	ENSG00000125845	ortholog_one2one	1
Bmp2k	ENSMUSG00000034663	ENSG00000138756	ortholog_one2one	1
Bmp3	ENSMUSG00000029335	ENSG00000152785	ortholog_one2one	1
Bmp4	ENSMUSG00000021835	ENSG00000125378	ortholog_one2one	1
Bmp5	ENSMUSG00000032179	ENSG00000112175	ortholog_one2one	1
Bmp6	ENSMUSG00000039004	ENSG00000153162	ortholog_one2one	1
Bmp7	ENSMUSG00000008999	ENSG00000101144	ortholog_one2one	1
Bmper	ENSMUSG00000031963	ENSG00000164619	ortholog_one2one	1
Bmpr1a	ENSMUSG00000021796	ENSG00000107779	ortholog_one2one	1
Bmpr1b	ENSMUSG00000052430	ENSG00000138696	ortholog_one2one	1
Bmpr2	ENSMUSG00000067336	ENSG00000204217	ortholog_one2one	1
Bms1	ENSMUSG00000030138	ENSG00000165733	ortholog_one2one	1
Bmx	ENSMUSG00000031377	ENSG00000102010	ortholog_one2one	1
Bnc1	ENSMUSG00000025105	ENSG00000169594	ortholog_one2one	1
Bnc2	ENSMUSG00000028487	ENSG00000173068	ortholog_one2one	1
Bnip1	ENSMUSG00000024191	ENSG00000113734	ortholog_one2one	1
Bnip2	ENSMUSG00000011958	ENSG00000140299	ortholog_one2one	1
Bnip3	ENSMUSG00000078566	ENSG00000176171	ortholog_one2one	1
Bnip3l	ENSMUSG00000022051	ENSG00000104765	ortholog_one2one	1
Bnipl	ENSMUSG00000028115	ENSG00000163141	ortholog_one2one	1
Boc	ENSMUSG00000022687	ENSG00000144857	ortholog_one2one	1
Bod1l	ENSMUSG00000061755	ENSG00000038219	ortholog_one2one	1
Bok	ENSMUSG00000026278	ENSG00000176720	ortholog_one2one	1
Bola1	ENSMUSG00000015943	ENSG00000178096	ortholog_one2one	1
Bola3	ENSMUSG00000045160	ENSG00000163170	ortholog_one2one	1
Boll	ENSMUSG00000025977	ENSG00000152430	ortholog_one2one	1
Bop1	ENSMUSG00000022557	ENSG00000261236	ortholog_one2one	1
Bora	ENSMUSG00000022070	ENSG00000136122	ortholog_one2one	1
Borcs5	ENSMUSG00000042992	ENSG00000165714	ortholog_one2one	1
Borcs6	ENSMUSG00000045176	ENSG00000196544	ortholog_one2one	1
Borcs7	ENSMUSG00000062376	ENSG00000166275	ortholog_one2one	1
Borcs8	ENSMUSG00000002345	ENSG00000254901	ortholog_one2one	1
Bpgm	ENSMUSG00000038871	ENSG00000172331	ortholog_one2one	1
Bphl	ENSMUSG00000038286	ENSG00000137274	ortholog_one2one	1
Bpi	ENSMUSG00000052922	ENSG00000101425	ortholog_one2one	1
Bpifa1	ENSMUSG00000027483	ENSG00000198183	ortholog_one2one	1
Bpifa3	ENSMUSG00000027482	ENSG00000131059	ortholog_one2one	1
Bpifb1	ENSMUSG00000027485	ENSG00000125999	ortholog_one2one	1
Bpifb2	ENSMUSG00000027481	ENSG00000078898	ortholog_one2one	1
Bpifb3	ENSMUSG00000068008	ENSG00000186190	ortholog_one2one	1
Bpifb4	ENSMUSG00000074665	ENSG00000186191	ortholog_one2one	1
Bpifb6	ENSMUSG00000068009	ENSG00000167104	ortholog_one2one	1
Bpifc	ENSMUSG00000050108	ENSG00000184459	ortholog_one2one	1
Bpnt1	ENSMUSG00000026617	ENSG00000162813	ortholog_one2one	1
Bpnt2	ENSMUSG00000066324	ENSG00000104331	ortholog_one2one	1
Bptf	ENSMUSG00000040481	ENSG00000171634	ortholog_one2one	1
Braf	ENSMUSG00000002413	ENSG00000157764	ortholog_one2one	1
Brap	ENSMUSG00000029458	ENSG00000089234	ortholog_one2one	1
Brat1	ENSMUSG00000000148	ENSG00000106009	ortholog_one2one	1
Brca1	ENSMUSG00000017146	ENSG00000012048	ortholog_one2one	1
Brca2	ENSMUSG00000041147	ENSG00000139618	ortholog_one2one	1
Brd1	ENSMUSG00000022387	ENSG00000100425	ortholog_one2one	1
Brd10	ENSMUSG00000046138	ENSG00000183354	ortholog_one2one	1
Brd2	ENSMUSG00000024335	ENSG00000204256	ortholog_one2one	1
Brd3	ENSMUSG00000026918	ENSG00000169925	ortholog_one2one	1
Brd7	ENSMUSG00000031660	ENSG00000166164	ortholog_one2one	1
Brd8	ENSMUSG00000003778	ENSG00000112983	ortholog_one2one	1
Brd9	ENSMUSG00000057649	ENSG00000028310	ortholog_one2one	1
Brdt	ENSMUSG00000029279	ENSG00000137948	ortholog_one2one	1
Brf1	ENSMUSG00000011158	ENSG00000185024	ortholog_one2one	1
Brf2	ENSMUSG00000031487	ENSG00000104221	ortholog_one2one	1
Bri3bp	ENSMUSG00000037905	ENSG00000184992	ortholog_one2one	1
Bricd5	ENSMUSG00000045744	ENSG00000182685	ortholog_one2one	1
Brinp1	ENSMUSG00000028351	ENSG00000078725	ortholog_one2one	1
Brinp2	ENSMUSG00000004031	ENSG00000198797	ortholog_one2one	1
Brinp3	ENSMUSG00000035131	ENSG00000162670	ortholog_one2one	1
Brip1	ENSMUSG00000034329	ENSG00000136492	ortholog_one2one	1
Brix1	ENSMUSG00000022247	ENSG00000113460	ortholog_one2one	1
Brk1	ENSMUSG00000033940	ENSG00000254999	ortholog_one2one	1
Brms1	ENSMUSG00000080268	ENSG00000174744	ortholog_one2one	1
Brms1l	ENSMUSG00000012076	ENSG00000100916	ortholog_one2one	1
Brox	ENSMUSG00000046836	ENSG00000162819	ortholog_one2one	1
Brpf1	ENSMUSG00000001632	ENSG00000156983	ortholog_one2one	1
Brpf3	ENSMUSG00000063952	ENSG00000096070	ortholog_one2one	1
Brs3	ENSMUSG00000031130	ENSG00000102239	ortholog_one2one	1
Brsk1	ENSMUSG00000035390	ENSG00000160469	ortholog_one2one	1
Brsk2	ENSMUSG00000053046	ENSG00000174672	ortholog_one2one	1
Brwd1	ENSMUSG00000022914	ENSG00000185658	ortholog_one2one	1
Brwd3	ENSMUSG00000063663	ENSG00000165288	ortholog_one2one	1
Bscl2	ENSMUSG00000071657	ENSG00000168000	ortholog_one2one	1
Bsdc1	ENSMUSG00000040859	ENSG00000160058	ortholog_one2one	1
Bsg	ENSMUSG00000023175	ENSG00000172270	ortholog_one2one	1
Bsn	ENSMUSG00000032589	ENSG00000164061	ortholog_one2one	1
Bsnd	ENSMUSG00000025418	ENSG00000162399	ortholog_one2one	1
Bsph1	ENSMUSG00000074378	ENSG00000188334	ortholog_one2one	1
Bspry	ENSMUSG00000028392	ENSG00000119411	ortholog_one2one	1
Bst1	ENSMUSG00000029082	ENSG00000109743	ortholog_one2one	1
Bsx	ENSMUSG00000054360	ENSG00000188909	ortholog_one2one	1
Btaf1	ENSMUSG00000040565	ENSG00000095564	ortholog_one2one	1
Btbd1	ENSMUSG00000025103	ENSG00000064726	ortholog_one2one	1
Btbd10	ENSMUSG00000038187	ENSG00000148925	ortholog_one2one	1
Btbd16	ENSMUSG00000040298	ENSG00000138152	ortholog_one2one	1
Btbd17	ENSMUSG00000000202	ENSG00000204347	ortholog_one2one	1
Btbd18	ENSMUSG00000086598	ENSG00000233436	ortholog_one2one	1
Btbd19	ENSMUSG00000073771	ENSG00000222009	ortholog_one2one	1
Btbd2	ENSMUSG00000003344	ENSG00000133243	ortholog_one2one	1
Btbd3	ENSMUSG00000062098	ENSG00000132640	ortholog_one2one	1
Btbd6	ENSMUSG00000002803	ENSG00000184887	ortholog_one2one	1
Btbd7	ENSMUSG00000041702	ENSG00000011114	ortholog_one2one	1
Btbd8	ENSMUSG00000111375	ENSG00000189195	ortholog_one2one	1
Btbd9	ENSMUSG00000062202	ENSG00000183826	ortholog_one2one	1
Btc	ENSMUSG00000082361	ENSG00000174808	ortholog_one2one	1
Btd	ENSMUSG00000021900	ENSG00000169814	ortholog_one2one	1
Btg1	ENSMUSG00000036478	ENSG00000133639	ortholog_one2one	1
Btg2	ENSMUSG00000020423	ENSG00000159388	ortholog_one2one	1
Btg3	ENSMUSG00000022863	ENSG00000154640	ortholog_one2one	1
Btg4	ENSMUSG00000032056	ENSG00000137707	ortholog_one2one	1
Btk	ENSMUSG00000031264	ENSG00000010671	ortholog_one2one	1
Btla	ENSMUSG00000052013	ENSG00000186265	ortholog_one2one	1
Btn1a1	ENSMUSG00000000706	ENSG00000124557	ortholog_one2one	1
Btn2a2	ENSMUSG00000053216	ENSG00000124508	ortholog_one2one	1
Btnl2	ENSMUSG00000024340	ENSG00000204290	ortholog_one2one	1
Btnl9	ENSMUSG00000040283	ENSG00000165810	ortholog_one2one	1
Btrc	ENSMUSG00000025217	ENSG00000166167	ortholog_one2one	1
Bub1	ENSMUSG00000027379	ENSG00000169679	ortholog_one2one	1
Bub1b	ENSMUSG00000040084	ENSG00000156970	ortholog_one2one	1
Bub3	ENSMUSG00000066979	ENSG00000154473	ortholog_one2one	1
Bud13	ENSMUSG00000032077	ENSG00000137656	ortholog_one2one	1
Bud23	ENSMUSG00000005378	ENSG00000071462	ortholog_one2one	1
Bud31	ENSMUSG00000038722	ENSG00000106245	ortholog_one2one	1
Bysl	ENSMUSG00000023988	ENSG00000112578	ortholog_one2one	1
Bzw1	ENSMUSG00000051223	ENSG00000082153	ortholog_one2one	1
Bzw2	ENSMUSG00000020547	ENSG00000136261	ortholog_one2one	1
C030006K11Rik	ENSMUSG00000116138	ENSG00000213563	ortholog_one2one	1
C130074G19Rik	ENSMUSG00000039349	ENSG00000162817	ortholog_one2one	1
C1d	ENSMUSG00000000581	ENSG00000197223	ortholog_one2one	1
C1galt1	ENSMUSG00000042460	ENSG00000106392	ortholog_one2one	1
C1galt1c1	ENSMUSG00000048970	ENSG00000171155	ortholog_one2one	1
C1qa	ENSMUSG00000036887	ENSG00000173372	ortholog_one2one	1
C1qb	ENSMUSG00000036905	ENSG00000173369	ortholog_one2one	1
C1qbp	ENSMUSG00000018446	ENSG00000108561	ortholog_one2one	1
C1qc	ENSMUSG00000036896	ENSG00000159189	ortholog_one2one	1
C1ql1	ENSMUSG00000045532	ENSG00000131094	ortholog_one2one	1
C1ql2	ENSMUSG00000036907	ENSG00000144119	ortholog_one2one	1
C1ql3	ENSMUSG00000049630	ENSG00000165985	ortholog_one2one	1
C1ql4	ENSMUSG00000001076	ENSG00000186897	ortholog_one2one	1
C1qtnf1	ENSMUSG00000017446	ENSG00000173918	ortholog_one2one	1
C1qtnf12	ENSMUSG00000023571	ENSG00000184163	ortholog_one2one	1
C1qtnf2	ENSMUSG00000046491	ENSG00000145861	ortholog_one2one	1
C1qtnf3	ENSMUSG00000058914	ENSG00000082196	ortholog_one2one	1
C1qtnf4	ENSMUSG00000040794	ENSG00000172247	ortholog_one2one	1
C1qtnf5	ENSMUSG00000079592	ENSG00000223953	ortholog_one2one	1
C1qtnf6	ENSMUSG00000022440	ENSG00000133466	ortholog_one2one	1
C1qtnf7	ENSMUSG00000061535	ENSG00000163145	ortholog_one2one	1
C1rl	ENSMUSG00000038527	ENSG00000139178	ortholog_one2one	1
C2	ENSMUSG00000024371	ENSG00000166278	ortholog_one2one	1
C2cd2	ENSMUSG00000045975	ENSG00000157617	ortholog_one2one	1
C2cd2l	ENSMUSG00000032120	ENSG00000172375	ortholog_one2one	1
C2cd3	ENSMUSG00000047248	ENSG00000168014	ortholog_one2one	1
C2cd4c	ENSMUSG00000045912	ENSG00000183186	ortholog_one2one	1
C2cd4d	ENSMUSG00000091648	ENSG00000225556	ortholog_one2one	1
C2cd5	ENSMUSG00000030279	ENSG00000111731	ortholog_one2one	1
C3	ENSMUSG00000024164	ENSG00000125730	ortholog_one2one	1
C330018D20Rik	ENSMUSG00000024592	ENSG00000164241	ortholog_one2one	1
C3ar1	ENSMUSG00000040552	ENSG00000171860	ortholog_one2one	1
C5ar1	ENSMUSG00000049130	ENSG00000197405	ortholog_one2one	1
C5ar2	ENSMUSG00000074361	ENSG00000134830	ortholog_one2one	1
C6	ENSMUSG00000022181	ENSG00000039537	ortholog_one2one	1
C7	ENSMUSG00000079105	ENSG00000112936	ortholog_one2one	1
C87436	ENSMUSG00000046679	ENSG00000115998	ortholog_one2one	1
C8a	ENSMUSG00000035031	ENSG00000157131	ortholog_one2one	1
C8b	ENSMUSG00000029656	ENSG00000021852	ortholog_one2one	1
C8g	ENSMUSG00000015083	ENSG00000176919	ortholog_one2one	1
C9	ENSMUSG00000022149	ENSG00000113600	ortholog_one2one	1
C9orf72	ENSMUSG00000028300	ENSG00000147894	ortholog_one2one	1
CK137956	ENSMUSG00000028813	ENSG00000142698	ortholog_one2one	1
Caap1	ENSMUSG00000028578	ENSG00000120159	ortholog_one2one	1
Cab39	ENSMUSG00000036707	ENSG00000135932	ortholog_one2one	1
Cab39l	ENSMUSG00000021981	ENSG00000102547	ortholog_one2one	1
Cabcoco1	ENSMUSG00000019945	ENSG00000183346	ortholog_one2one	1
Cabin1	ENSMUSG00000020196	ENSG00000099991	ortholog_one2one	1
Cables1	ENSMUSG00000040957	ENSG00000134508	ortholog_one2one	1
Cables2	ENSMUSG00000038990	ENSG00000149679	ortholog_one2one	1
Cabp1	ENSMUSG00000029544	ENSG00000157782	ortholog_one2one	1
Cabp2	ENSMUSG00000024857	ENSG00000167791	ortholog_one2one	1
Cabp4	ENSMUSG00000024842	ENSG00000175544	ortholog_one2one	1
Cabp5	ENSMUSG00000005649	ENSG00000105507	ortholog_one2one	1
Cabp7	ENSMUSG00000009075	ENSG00000100314	ortholog_one2one	1
Cabs1	ENSMUSG00000007907	ENSG00000145309	ortholog_one2one	1
Cabyr	ENSMUSG00000024430	ENSG00000154040	ortholog_one2one	1
Cacfd1	ENSMUSG00000015488	ENSG00000160325	ortholog_one2one	1
Cachd1	ENSMUSG00000028532	ENSG00000158966	ortholog_one2one	1
Cacna1a	ENSMUSG00000034656	ENSG00000141837	ortholog_one2one	1
Cacna1b	ENSMUSG00000004113	ENSG00000148408	ortholog_one2one	1
Cacna1c	ENSMUSG00000051331	ENSG00000151067	ortholog_one2one	1
Cacna1d	ENSMUSG00000015968	ENSG00000157388	ortholog_one2one	1
Cacna1e	ENSMUSG00000004110	ENSG00000198216	ortholog_one2one	1
Cacna1f	ENSMUSG00000031142	ENSG00000102001	ortholog_one2one	1
Cacna1g	ENSMUSG00000020866	ENSG00000006283	ortholog_one2one	1
Cacna1h	ENSMUSG00000024112	ENSG00000196557	ortholog_one2one	1
Cacna1i	ENSMUSG00000022416	ENSG00000100346	ortholog_one2one	1
Cacna1s	ENSMUSG00000026407	ENSG00000081248	ortholog_one2one	1
Cacna2d1	ENSMUSG00000040118	ENSG00000153956	ortholog_one2one	1
Cacna2d2	ENSMUSG00000010066	ENSG00000007402	ortholog_one2one	1
Cacna2d3	ENSMUSG00000021991	ENSG00000157445	ortholog_one2one	1
Cacna2d4	ENSMUSG00000041460	ENSG00000151062	ortholog_one2one	1
Cacnb1	ENSMUSG00000020882	ENSG00000067191	ortholog_one2one	1
Cacnb2	ENSMUSG00000057914	ENSG00000165995	ortholog_one2one	1
Cacnb3	ENSMUSG00000003352	ENSG00000167535	ortholog_one2one	1
Cacnb4	ENSMUSG00000017412	ENSG00000182389	ortholog_one2one	1
Cacng1	ENSMUSG00000020722	ENSG00000108878	ortholog_one2one	1
Cacng2	ENSMUSG00000019146	ENSG00000166862	ortholog_one2one	1
Cacng3	ENSMUSG00000066189	ENSG00000006116	ortholog_one2one	1
Cacng4	ENSMUSG00000020723	ENSG00000075461	ortholog_one2one	1
Cacng5	ENSMUSG00000040373	ENSG00000075429	ortholog_one2one	1
Cacng6	ENSMUSG00000078815	ENSG00000130433	ortholog_one2one	1
Cacng7	ENSMUSG00000069806	ENSG00000105605	ortholog_one2one	1
Cacng8	ENSMUSG00000053395	ENSG00000142408	ortholog_one2one	1
Cactin	ENSMUSG00000034889	ENSG00000105298	ortholog_one2one	1
Cacul1	ENSMUSG00000033417	ENSG00000151893	ortholog_one2one	1
Cacybp	ENSMUSG00000014226	ENSG00000116161	ortholog_one2one	1
Cad	ENSMUSG00000013629	ENSG00000084774	ortholog_one2one	1
Cadm1	ENSMUSG00000032076	ENSG00000182985	ortholog_one2one	1
Cadm2	ENSMUSG00000064115	ENSG00000175161	ortholog_one2one	1
Cadm3	ENSMUSG00000005338	ENSG00000162706	ortholog_one2one	1
Cadm4	ENSMUSG00000054793	ENSG00000105767	ortholog_one2one	1
Cadps2	ENSMUSG00000017978	ENSG00000081803	ortholog_one2one	1
Cage1	ENSMUSG00000044566	ENSG00000164304	ortholog_one2one	1
Calb1	ENSMUSG00000028222	ENSG00000104327	ortholog_one2one	1
Calb2	ENSMUSG00000003657	ENSG00000172137	ortholog_one2one	1
Calcb	ENSMUSG00000030666	ENSG00000175868	ortholog_one2one	1
Calcoco1	ENSMUSG00000023055	ENSG00000012822	ortholog_one2one	1
Calcr	ENSMUSG00000023964	ENSG00000004948	ortholog_one2one	1
Calcrl	ENSMUSG00000059588	ENSG00000064989	ortholog_one2one	1
Cald1	ENSMUSG00000029761	ENSG00000122786	ortholog_one2one	1
Calhm1	ENSMUSG00000079258	ENSG00000185933	ortholog_one2one	1
Calhm2	ENSMUSG00000033033	ENSG00000138172	ortholog_one2one	1
Calhm3	ENSMUSG00000094219	ENSG00000183128	ortholog_one2one	1
Calhm4	ENSMUSG00000039508	ENSG00000164451	ortholog_one2one	1
Calhm5	ENSMUSG00000049872	ENSG00000178033	ortholog_one2one	1
Calhm6	ENSMUSG00000046031	ENSG00000188820	ortholog_one2one	1
Calm1	ENSMUSG00000001175	ENSG00000198668	ortholog_one2one	1
Calm2	ENSMUSG00000036438	ENSG00000143933	ortholog_one2one	1
Calm3	ENSMUSG00000019370	ENSG00000160014	ortholog_one2one	1
Calml3	ENSMUSG00000063130	ENSG00000178363	ortholog_one2one	1
Calml4	ENSMUSG00000032246	ENSG00000129007	ortholog_one2one	1
Caln1	ENSMUSG00000060371	ENSG00000183166	ortholog_one2one	1
Calr	ENSMUSG00000003814	ENSG00000179218	ortholog_one2one	1
Calr3	ENSMUSG00000019732	ENSG00000269058	ortholog_one2one	1
Calu	ENSMUSG00000029767	ENSG00000128595	ortholog_one2one	1
Caly	ENSMUSG00000025468	ENSG00000130643	ortholog_one2one	1
Camk1	ENSMUSG00000030272	ENSG00000134072	ortholog_one2one	1
Camk1d	ENSMUSG00000039145	ENSG00000183049	ortholog_one2one	1
Camk1g	ENSMUSG00000016179	ENSG00000008118	ortholog_one2one	1
Camk2a	ENSMUSG00000024617	ENSG00000070808	ortholog_one2one	1
Camk2b	ENSMUSG00000057897	ENSG00000058404	ortholog_one2one	1
Camk2g	ENSMUSG00000021820	ENSG00000148660	ortholog_one2one	1
Camk2n1	ENSMUSG00000046447	ENSG00000162545	ortholog_one2one	1
Camk2n2	ENSMUSG00000051146	ENSG00000163888	ortholog_one2one	1
Camk4	ENSMUSG00000038128	ENSG00000152495	ortholog_one2one	1
Camkk1	ENSMUSG00000020785	ENSG00000004660	ortholog_one2one	1
Camkk2	ENSMUSG00000029471	ENSG00000110931	ortholog_one2one	1
Camkmt	ENSMUSG00000071037	ENSG00000143919	ortholog_one2one	1
Camkv	ENSMUSG00000032936	ENSG00000164076	ortholog_one2one	1
Caml	ENSMUSG00000021501	ENSG00000164615	ortholog_one2one	1
Camp	ENSMUSG00000038357	ENSG00000164047	ortholog_one2one	1
Camsap1	ENSMUSG00000026933	ENSG00000130559	ortholog_one2one	1
Camsap2	ENSMUSG00000041570	ENSG00000118200	ortholog_one2one	1
Camsap3	ENSMUSG00000044433	ENSG00000076826	ortholog_one2one	1
Camta1	ENSMUSG00000014592	ENSG00000171735	ortholog_one2one	1
Camta2	ENSMUSG00000040712	ENSG00000108509	ortholog_one2one	1
Cand1	ENSMUSG00000020114	ENSG00000111530	ortholog_one2one	1
Cand2	ENSMUSG00000030319	ENSG00000144712	ortholog_one2one	1
Cant1	ENSMUSG00000025575	ENSG00000171302	ortholog_one2one	1
Canx	ENSMUSG00000020368	ENSG00000127022	ortholog_one2one	1
Cap1	ENSMUSG00000028656	ENSG00000131236	ortholog_one2one	1
Cap2	ENSMUSG00000021373	ENSG00000112186	ortholog_one2one	1
Capg	ENSMUSG00000056737	ENSG00000042493	ortholog_one2one	1
Capn1	ENSMUSG00000024942	ENSG00000014216	ortholog_one2one	1
Capn10	ENSMUSG00000026270	ENSG00000142330	ortholog_one2one	1
Capn11	ENSMUSG00000058626	ENSG00000137225	ortholog_one2one	1
Capn12	ENSMUSG00000054083	ENSG00000182472	ortholog_one2one	1
Capn13	ENSMUSG00000043705	ENSG00000162949	ortholog_one2one	1
Capn15	ENSMUSG00000037326	ENSG00000103326	ortholog_one2one	1
Capn2	ENSMUSG00000026509	ENSG00000162909	ortholog_one2one	1
Capn3	ENSMUSG00000079110	ENSG00000092529	ortholog_one2one	1
Capn5	ENSMUSG00000035547	ENSG00000149260	ortholog_one2one	1
Capn6	ENSMUSG00000067276	ENSG00000077274	ortholog_one2one	1
Capn7	ENSMUSG00000021893	ENSG00000131375	ortholog_one2one	1
Capn8	ENSMUSG00000038599	ENSG00000203697	ortholog_one2one	1
Capn9	ENSMUSG00000031981	ENSG00000135773	ortholog_one2one	1
Capns1	ENSMUSG00000001794	ENSG00000126247	ortholog_one2one	1
Capns2	ENSMUSG00000078144	ENSG00000256812	ortholog_one2one	1
Caprin1	ENSMUSG00000027184	ENSG00000135387	ortholog_one2one	1
Caprin2	ENSMUSG00000030309	ENSG00000110888	ortholog_one2one	1
Caps2	ENSMUSG00000035694	ENSG00000180881	ortholog_one2one	1
Capsl	ENSMUSG00000039676	ENSG00000152611	ortholog_one2one	1
Capza2	ENSMUSG00000015733	ENSG00000198898	ortholog_one2one	1
Capza3	ENSMUSG00000041791	ENSG00000177938	ortholog_one2one	1
Capzb	ENSMUSG00000028745	ENSG00000077549	ortholog_one2one	1
Car1	ENSMUSG00000027556	ENSG00000133742	ortholog_one2one	1
Car10	ENSMUSG00000056158	ENSG00000154975	ortholog_one2one	1
Car11	ENSMUSG00000003273	ENSG00000063180	ortholog_one2one	1
Car12	ENSMUSG00000032373	ENSG00000074410	ortholog_one2one	1
Car13	ENSMUSG00000027555	ENSG00000185015	ortholog_one2one	1
Car14	ENSMUSG00000038526	ENSG00000118298	ortholog_one2one	1
Car2	ENSMUSG00000027562	ENSG00000104267	ortholog_one2one	1
Car3	ENSMUSG00000027559	ENSG00000164879	ortholog_one2one	1
Car4	ENSMUSG00000000805	ENSG00000167434	ortholog_one2one	1
Car5a	ENSMUSG00000025317	ENSG00000174990	ortholog_one2one	1
Car5b	ENSMUSG00000031373	ENSG00000169239	ortholog_one2one	1
Car6	ENSMUSG00000028972	ENSG00000131686	ortholog_one2one	1
Car7	ENSMUSG00000031883	ENSG00000168748	ortholog_one2one	1
Car8	ENSMUSG00000041261	ENSG00000178538	ortholog_one2one	1
Car9	ENSMUSG00000028463	ENSG00000107159	ortholog_one2one	1
Card10	ENSMUSG00000033170	ENSG00000100065	ortholog_one2one	1
Card11	ENSMUSG00000036526	ENSG00000198286	ortholog_one2one	1
Card14	ENSMUSG00000013483	ENSG00000141527	ortholog_one2one	1
Card19	ENSMUSG00000037960	ENSG00000165233	ortholog_one2one	1
Card6	ENSMUSG00000041849	ENSG00000132357	ortholog_one2one	1
Card9	ENSMUSG00000026928	ENSG00000187796	ortholog_one2one	1
Carf	ENSMUSG00000026017	ENSG00000138380	ortholog_one2one	1
Carhsp1	ENSMUSG00000008393	ENSG00000153048	ortholog_one2one	1
Carm1	ENSMUSG00000032185	ENSG00000142453	ortholog_one2one	1
Carmil1	ENSMUSG00000021338	ENSG00000079691	ortholog_one2one	1
Carmil2	ENSMUSG00000050357	ENSG00000159753	ortholog_one2one	1
Carmil3	ENSMUSG00000022211	ENSG00000186648	ortholog_one2one	1
Carnmt1	ENSMUSG00000024726	ENSG00000156017	ortholog_one2one	1
Carns1	ENSMUSG00000075289	ENSG00000172508	ortholog_one2one	1
Cars1	ENSMUSG00000010755	ENSG00000110619	ortholog_one2one	1
Cars2	ENSMUSG00000056228	ENSG00000134905	ortholog_one2one	1
Cartpt	ENSMUSG00000021647	ENSG00000164326	ortholog_one2one	1
Casc3	ENSMUSG00000078676	ENSG00000108349	ortholog_one2one	1
Casd1	ENSMUSG00000015189	ENSG00000127995	ortholog_one2one	1
Cask	ENSMUSG00000031012	ENSG00000147044	ortholog_one2one	1
Caskin1	ENSMUSG00000033597	ENSG00000167971	ortholog_one2one	1
Caskin2	ENSMUSG00000034471	ENSG00000177303	ortholog_one2one	1
Casp14	ENSMUSG00000005355	ENSG00000105141	ortholog_one2one	1
Casp2	ENSMUSG00000029863	ENSG00000106144	ortholog_one2one	1
Casp3	ENSMUSG00000031628	ENSG00000164305	ortholog_one2one	1
Casp6	ENSMUSG00000027997	ENSG00000138794	ortholog_one2one	1
Casp7	ENSMUSG00000025076	ENSG00000165806	ortholog_one2one	1
Casp8	ENSMUSG00000026029	ENSG00000064012	ortholog_one2one	1
Casp8ap2	ENSMUSG00000028282	ENSG00000118412	ortholog_one2one	1
Casp9	ENSMUSG00000028914	ENSG00000132906	ortholog_one2one	1
Casq1	ENSMUSG00000007122	ENSG00000143318	ortholog_one2one	1
Casq2	ENSMUSG00000027861	ENSG00000118729	ortholog_one2one	1
Casr	ENSMUSG00000051980	ENSG00000036828	ortholog_one2one	1
Cass4	ENSMUSG00000074570	ENSG00000087589	ortholog_one2one	1
Cast	ENSMUSG00000021585	ENSG00000310517	ortholog_one2one	1
Castor1	ENSMUSG00000020424	ENSG00000239282	ortholog_one2one	1
Castor2	ENSMUSG00000015944	ENSG00000274070	ortholog_one2one	1
Cat	ENSMUSG00000027187	ENSG00000121691	ortholog_one2one	1
Catip	ENSMUSG00000073650	ENSG00000158428	ortholog_one2one	1
Catsper2	ENSMUSG00000033486	ENSG00000166762	ortholog_one2one	1
Catsper3	ENSMUSG00000021499	ENSG00000152705	ortholog_one2one	1
Catsper4	ENSMUSG00000048003	ENSG00000188782	ortholog_one2one	1
Cav1	ENSMUSG00000007655	ENSG00000105974	ortholog_one2one	1
Cav2	ENSMUSG00000000058	ENSG00000105971	ortholog_one2one	1
Cav3	ENSMUSG00000062694	ENSG00000182533	ortholog_one2one	1
Cavin1	ENSMUSG00000004044	ENSG00000177469	ortholog_one2one	1
Cavin2	ENSMUSG00000045954	ENSG00000168497	ortholog_one2one	1
Cavin3	ENSMUSG00000037060	ENSG00000170955	ortholog_one2one	1
Cavin4	ENSMUSG00000028348	ENSG00000170681	ortholog_one2one	1
Cbarp	ENSMUSG00000035640	ENSG00000099625	ortholog_one2one	1
Cbfa2t2	ENSMUSG00000038533	ENSG00000078699	ortholog_one2one	1
Cbfa2t3	ENSMUSG00000006362	ENSG00000129993	ortholog_one2one	1
Cbfb	ENSMUSG00000031885	ENSG00000067955	ortholog_one2one	1
Cbl	ENSMUSG00000034342	ENSG00000110395	ortholog_one2one	1
Cblb	ENSMUSG00000022637	ENSG00000114423	ortholog_one2one	1
Cblc	ENSMUSG00000040525	ENSG00000142273	ortholog_one2one	1
Cblif	ENSMUSG00000024682	ENSG00000134812	ortholog_one2one	1
Cbll1	ENSMUSG00000020659	ENSG00000105879	ortholog_one2one	1
Cbln1	ENSMUSG00000031654	ENSG00000102924	ortholog_one2one	1
Cbln2	ENSMUSG00000024647	ENSG00000141668	ortholog_one2one	1
Cbln3	ENSMUSG00000040380	ENSG00000139899	ortholog_one2one	1
Cbln4	ENSMUSG00000067578	ENSG00000054803	ortholog_one2one	1
Cbr3	ENSMUSG00000022947	ENSG00000159231	ortholog_one2one	1
Cbr4	ENSMUSG00000031641	ENSG00000145439	ortholog_one2one	1
Cbs	ENSMUSG00000024039	ENSG00000160200	ortholog_one2one	1
Cbx2	ENSMUSG00000025577	ENSG00000173894	ortholog_one2one	1
Cbx4	ENSMUSG00000039989	ENSG00000141582	ortholog_one2one	1
Cbx5	ENSMUSG00000009575	ENSG00000094916	ortholog_one2one	1
Cbx6	ENSMUSG00000089715	ENSG00000183741	ortholog_one2one	1
Cbx7	ENSMUSG00000053411	ENSG00000100307	ortholog_one2one	1
Cbx8	ENSMUSG00000025578	ENSG00000141570	ortholog_one2one	1
Cby1	ENSMUSG00000022428	ENSG00000100211	ortholog_one2one	1
Cby2	ENSMUSG00000034913	ENSG00000174015	ortholog_one2one	1
Cc2d1a	ENSMUSG00000036686	ENSG00000132024	ortholog_one2one	1
Cc2d1b	ENSMUSG00000028582	ENSG00000154222	ortholog_one2one	1
Cc2d2a	ENSMUSG00000039765	ENSG00000048342	ortholog_one2one	1
Cc2d2b	ENSMUSG00000108929	ENSG00000188649	ortholog_one2one	1
Ccar1	ENSMUSG00000020074	ENSG00000060339	ortholog_one2one	1
Ccar2	ENSMUSG00000033712	ENSG00000158941	ortholog_one2one	1
Ccbe1	ENSMUSG00000046318	ENSG00000183287	ortholog_one2one	1
Ccdc102a	ENSMUSG00000063605	ENSG00000135736	ortholog_one2one	1
Ccdc103	ENSMUSG00000020930	ENSG00000167131	ortholog_one2one	1
Ccdc106	ENSMUSG00000035228	ENSG00000173581	ortholog_one2one	1
Ccdc107	ENSMUSG00000028461	ENSG00000159884	ortholog_one2one	1
Ccdc112	ENSMUSG00000071855	ENSG00000164221	ortholog_one2one	1
Ccdc113	ENSMUSG00000036598	ENSG00000103021	ortholog_one2one	1
Ccdc115	ENSMUSG00000042111	ENSG00000136710	ortholog_one2one	1
Ccdc117	ENSMUSG00000020482	ENSG00000159873	ortholog_one2one	1
Ccdc12	ENSMUSG00000019659	ENSG00000160799	ortholog_one2one	1
Ccdc120	ENSMUSG00000031150	ENSG00000147144	ortholog_one2one	1
Ccdc122	ENSMUSG00000034795	ENSG00000151773	ortholog_one2one	1
Ccdc124	ENSMUSG00000007721	ENSG00000007080	ortholog_one2one	1
Ccdc125	ENSMUSG00000048924	ENSG00000183323	ortholog_one2one	1
Ccdc126	ENSMUSG00000050786	ENSG00000169193	ortholog_one2one	1
Ccdc127	ENSMUSG00000021578	ENSG00000164366	ortholog_one2one	1
Ccdc13	ENSMUSG00000079235	ENSG00000244607	ortholog_one2one	1
Ccdc134	ENSMUSG00000068114	ENSG00000100147	ortholog_one2one	1
Ccdc136	ENSMUSG00000029769	ENSG00000128596	ortholog_one2one	1
Ccdc137	ENSMUSG00000049957	ENSG00000185298	ortholog_one2one	1
Ccdc138	ENSMUSG00000038010	ENSG00000163006	ortholog_one2one	1
Ccdc14	ENSMUSG00000022833	ENSG00000175455	ortholog_one2one	1
Ccdc141	ENSMUSG00000044033	ENSG00000163492	ortholog_one2one	1
Ccdc142	ENSMUSG00000107499	ENSG00000135637	ortholog_one2one	1
Ccdc146	ENSMUSG00000064280	ENSG00000135205	ortholog_one2one	1
Ccdc148	ENSMUSG00000036641	ENSG00000153237	ortholog_one2one	1
Ccdc149	ENSMUSG00000045790	ENSG00000181982	ortholog_one2one	1
Ccdc150	ENSMUSG00000025983	ENSG00000144395	ortholog_one2one	1
Ccdc152	ENSMUSG00000091119	ENSG00000198865	ortholog_one2one	1
Ccdc153	ENSMUSG00000070306	ENSG00000248712	ortholog_one2one	1
Ccdc154	ENSMUSG00000059562	ENSG00000197599	ortholog_one2one	1
Ccdc157	ENSMUSG00000051427	ENSG00000187860	ortholog_one2one	1
Ccdc158	ENSMUSG00000050050	ENSG00000163749	ortholog_one2one	1
Ccdc159	ENSMUSG00000006241	ENSG00000183401	ortholog_one2one	1
Ccdc160	ENSMUSG00000073207	ENSG00000203952	ortholog_one2one	1
Ccdc167	ENSMUSG00000024018	ENSG00000198937	ortholog_one2one	1
Ccdc169	ENSMUSG00000048655	ENSG00000242715	ortholog_one2one	1
Ccdc17	ENSMUSG00000034035	ENSG00000159588	ortholog_one2one	1
Ccdc170	ENSMUSG00000019767	ENSG00000120262	ortholog_one2one	1
Ccdc171	ENSMUSG00000052407	ENSG00000164989	ortholog_one2one	1
Ccdc172	ENSMUSG00000025090	ENSG00000182645	ortholog_one2one	1
Ccdc174	ENSMUSG00000034083	ENSG00000154781	ortholog_one2one	1
Ccdc177	ENSMUSG00000062961	ENSG00000267909	ortholog_one2one	1
Ccdc178	ENSMUSG00000024306	ENSG00000166960	ortholog_one2one	1
Ccdc179	ENSMUSG00000094445	ENSG00000255359	ortholog_one2one	1
Ccdc18	ENSMUSG00000056531	ENSG00000122483	ortholog_one2one	1
Ccdc180	ENSMUSG00000035539	ENSG00000197816	ortholog_one2one	1
Ccdc181	ENSMUSG00000026578	ENSG00000117477	ortholog_one2one	1
Ccdc182	ENSMUSG00000034031	ENSG00000166329	ortholog_one2one	1
Ccdc184	ENSMUSG00000029875	ENSG00000177875	ortholog_one2one	1
Ccdc185	ENSMUSG00000043429	ENSG00000178395	ortholog_one2one	1
Ccdc186	ENSMUSG00000035173	ENSG00000165813	ortholog_one2one	1
Ccdc188	ENSMUSG00000090777	ENSG00000234409	ortholog_one2one	1
Ccdc190	ENSMUSG00000070532	ENSG00000185860	ortholog_one2one	1
Ccdc191	ENSMUSG00000022701	ENSG00000163617	ortholog_one2one	1
Ccdc192	ENSMUSG00000058925	ENSG00000230561	ortholog_one2one	1
Ccdc194	ENSMUSG00000108900	ENSG00000269720	ortholog_one2one	1
Ccdc196	ENSMUSG00000099418	ENSG00000196553	ortholog_one2one	1
Ccdc198	ENSMUSG00000021850	ENSG00000100557	ortholog_one2one	1
Ccdc22	ENSMUSG00000031143	ENSG00000101997	ortholog_one2one	1
Ccdc24	ENSMUSG00000078588	ENSG00000159214	ortholog_one2one	1
Ccdc25	ENSMUSG00000022035	ENSG00000147419	ortholog_one2one	1
Ccdc28a	ENSMUSG00000059554	ENSG00000024862	ortholog_one2one	1
Ccdc28b	ENSMUSG00000028795	ENSG00000160050	ortholog_one2one	1
Ccdc3	ENSMUSG00000026676	ENSG00000151468	ortholog_one2one	1
Ccdc34	ENSMUSG00000027160	ENSG00000109881	ortholog_one2one	1
Ccdc38	ENSMUSG00000036168	ENSG00000165972	ortholog_one2one	1
Ccdc39	ENSMUSG00000027676	ENSG00000284862	ortholog_one2one	1
Ccdc40	ENSMUSG00000039963	ENSG00000141519	ortholog_one2one	1
Ccdc42	ENSMUSG00000045915	ENSG00000161973	ortholog_one2one	1
Ccdc43	ENSMUSG00000020925	ENSG00000180329	ortholog_one2one	1
Ccdc47	ENSMUSG00000078622	ENSG00000108588	ortholog_one2one	1
Ccdc50	ENSMUSG00000038127	ENSG00000152492	ortholog_one2one	1
Ccdc51	ENSMUSG00000025645	ENSG00000164051	ortholog_one2one	1
Ccdc54	ENSMUSG00000050685	ENSG00000138483	ortholog_one2one	1
Ccdc57	ENSMUSG00000048445	ENSG00000176155	ortholog_one2one	1
Ccdc59	ENSMUSG00000019897	ENSG00000133773	ortholog_one2one	1
Ccdc6	ENSMUSG00000048701	ENSG00000108091	ortholog_one2one	1
Ccdc60	ENSMUSG00000043913	ENSG00000183273	ortholog_one2one	1
Ccdc61	ENSMUSG00000074358	ENSG00000104983	ortholog_one2one	1
Ccdc62	ENSMUSG00000061882	ENSG00000130783	ortholog_one2one	1
Ccdc65	ENSMUSG00000003354	ENSG00000139537	ortholog_one2one	1
Ccdc66	ENSMUSG00000046753	ENSG00000180376	ortholog_one2one	1
Ccdc68	ENSMUSG00000038903	ENSG00000166510	ortholog_one2one	1
Ccdc70	ENSMUSG00000017049	ENSG00000123171	ortholog_one2one	1
Ccdc71	ENSMUSG00000049305	ENSG00000177352	ortholog_one2one	1
Ccdc71l	ENSMUSG00000090946	ENSG00000253276	ortholog_one2one	1
Ccdc73	ENSMUSG00000045106	ENSG00000186714	ortholog_one2one	1
Ccdc77	ENSMUSG00000030177	ENSG00000120647	ortholog_one2one	1
Ccdc78	ENSMUSG00000071202	ENSG00000162004	ortholog_one2one	1
Ccdc80	ENSMUSG00000022665	ENSG00000091986	ortholog_one2one	1
Ccdc81	ENSMUSG00000039391	ENSG00000149201	ortholog_one2one	1
Ccdc82	ENSMUSG00000079084	ENSG00000149231	ortholog_one2one	1
Ccdc83	ENSMUSG00000030617	ENSG00000150676	ortholog_one2one	1
Ccdc85a	ENSMUSG00000032878	ENSG00000055813	ortholog_one2one	1
Ccdc85b	ENSMUSG00000095098	ENSG00000175602	ortholog_one2one	1
Ccdc85c	ENSMUSG00000084883	ENSG00000205476	ortholog_one2one	1
Ccdc86	ENSMUSG00000024732	ENSG00000110104	ortholog_one2one	1
Ccdc87	ENSMUSG00000067872	ENSG00000182791	ortholog_one2one	1
Ccdc88a	ENSMUSG00000032740	ENSG00000115355	ortholog_one2one	1
Ccdc88b	ENSMUSG00000047810	ENSG00000168071	ortholog_one2one	1
Ccdc88c	ENSMUSG00000021182	ENSG00000015133	ortholog_one2one	1
Ccdc89	ENSMUSG00000044362	ENSG00000179071	ortholog_one2one	1
Ccdc9	ENSMUSG00000041375	ENSG00000105321	ortholog_one2one	1
Ccdc90b	ENSMUSG00000030613	ENSG00000137500	ortholog_one2one	1
Ccdc91	ENSMUSG00000030301	ENSG00000123106	ortholog_one2one	1
Ccdc92	ENSMUSG00000037979	ENSG00000119242	ortholog_one2one	1
Ccdc92b	ENSMUSG00000069814	ENSG00000277200	ortholog_one2one	1
Ccdc93	ENSMUSG00000026339	ENSG00000125633	ortholog_one2one	1
Ccdc97	ENSMUSG00000002608	ENSG00000142039	ortholog_one2one	1
Ccdc9b	ENSMUSG00000045838	ENSG00000188549	ortholog_one2one	1
Ccer1	ENSMUSG00000047025	ENSG00000197651	ortholog_one2one	1
Ccer2	ENSMUSG00000096257	ENSG00000262484	ortholog_one2one	1
Cchcr1	ENSMUSG00000040312	ENSG00000204536	ortholog_one2one	1
Ccin	ENSMUSG00000070999	ENSG00000185972	ortholog_one2one	1
Cck	ENSMUSG00000032532	ENSG00000187094	ortholog_one2one	1
Cckar	ENSMUSG00000029193	ENSG00000163394	ortholog_one2one	1
Cckbr	ENSMUSG00000030898	ENSG00000110148	ortholog_one2one	1
Ccl11	ENSMUSG00000020676	ENSG00000172156	ortholog_one2one	1
Ccl17	ENSMUSG00000031780	ENSG00000102970	ortholog_one2one	1
Ccl19	ENSMUSG00000071005	ENSG00000172724	ortholog_one2one	1
Ccl20	ENSMUSG00000026166	ENSG00000115009	ortholog_one2one	1
Ccl22	ENSMUSG00000031779	ENSG00000102962	ortholog_one2one	1
Ccl24	ENSMUSG00000004814	ENSG00000106178	ortholog_one2one	1
Ccl28	ENSMUSG00000074715	ENSG00000151882	ortholog_one2one	1
Ccl5	ENSMUSG00000035042	ENSG00000271503	ortholog_one2one	1
Ccl7	ENSMUSG00000035373	ENSG00000108688	ortholog_one2one	1
Ccm2	ENSMUSG00000000378	ENSG00000136280	ortholog_one2one	1
Ccm2l	ENSMUSG00000027474	ENSG00000101331	ortholog_one2one	1
Ccn1	ENSMUSG00000028195	ENSG00000142871	ortholog_one2one	1
Ccn2	ENSMUSG00000019997	ENSG00000118523	ortholog_one2one	1
Ccn3	ENSMUSG00000037362	ENSG00000136999	ortholog_one2one	1
Ccn4	ENSMUSG00000005124	ENSG00000104415	ortholog_one2one	1
Ccn5	ENSMUSG00000027656	ENSG00000064205	ortholog_one2one	1
Ccn6	ENSMUSG00000062074	ENSG00000112761	ortholog_one2one	1
Ccna1	ENSMUSG00000027793	ENSG00000133101	ortholog_one2one	1
Ccna2	ENSMUSG00000027715	ENSG00000145386	ortholog_one2one	1
Ccnb1	ENSMUSG00000041431	ENSG00000134057	ortholog_one2one	1
Ccnb1ip1	ENSMUSG00000071470	ENSG00000100814	ortholog_one2one	1
Ccnb2	ENSMUSG00000032218	ENSG00000157456	ortholog_one2one	1
Ccnc	ENSMUSG00000028252	ENSG00000112237	ortholog_one2one	1
Ccnd1	ENSMUSG00000070348	ENSG00000110092	ortholog_one2one	1
Ccnd2	ENSMUSG00000000184	ENSG00000118971	ortholog_one2one	1
Ccnd3	ENSMUSG00000034165	ENSG00000112576	ortholog_one2one	1
Ccndbp1	ENSMUSG00000023572	ENSG00000166946	ortholog_one2one	1
Ccne1	ENSMUSG00000002068	ENSG00000105173	ortholog_one2one	1
Ccne2	ENSMUSG00000028212	ENSG00000175305	ortholog_one2one	1
Ccnf	ENSMUSG00000072082	ENSG00000162063	ortholog_one2one	1
Ccng1	ENSMUSG00000020326	ENSG00000113328	ortholog_one2one	1
Ccng2	ENSMUSG00000029385	ENSG00000138764	ortholog_one2one	1
Ccnh	ENSMUSG00000021548	ENSG00000134480	ortholog_one2one	1
Ccni	ENSMUSG00000063015	ENSG00000118816	ortholog_one2one	1
Ccnj	ENSMUSG00000025010	ENSG00000107443	ortholog_one2one	1
Ccnjl	ENSMUSG00000044707	ENSG00000135083	ortholog_one2one	1
Ccnk	ENSMUSG00000021258	ENSG00000090061	ortholog_one2one	1
Ccnl1	ENSMUSG00000027829	ENSG00000163660	ortholog_one2one	1
Ccnl2	ENSMUSG00000029068	ENSG00000221978	ortholog_one2one	1
Ccno	ENSMUSG00000042417	ENSG00000152669	ortholog_one2one	1
Ccnt1	ENSMUSG00000011960	ENSG00000129315	ortholog_one2one	1
Ccnt2	ENSMUSG00000026349	ENSG00000082258	ortholog_one2one	1
Ccny	ENSMUSG00000024286	ENSG00000108100	ortholog_one2one	1
Ccp110	ENSMUSG00000033904	ENSG00000103540	ortholog_one2one	1
Ccpg1	ENSMUSG00000034563	ENSG00000260916	ortholog_one2one	1
Ccr10	ENSMUSG00000044052	ENSG00000184451	ortholog_one2one	1
Ccr2	ENSMUSG00000049103	ENSG00000121807	ortholog_one2one	1
Ccr3	ENSMUSG00000035448	ENSG00000183625	ortholog_one2one	1
Ccr4	ENSMUSG00000047898	ENSG00000183813	ortholog_one2one	1
Ccr5	ENSMUSG00000079227	ENSG00000160791	ortholog_one2one	1
Ccr6	ENSMUSG00000040899	ENSG00000112486	ortholog_one2one	1
Ccr7	ENSMUSG00000037944	ENSG00000126353	ortholog_one2one	1
Ccr8	ENSMUSG00000042262	ENSG00000179934	ortholog_one2one	1
Ccr9	ENSMUSG00000029530	ENSG00000173585	ortholog_one2one	1
Ccs	ENSMUSG00000034108	ENSG00000173992	ortholog_one2one	1
Ccsap	ENSMUSG00000031971	ENSG00000154429	ortholog_one2one	1
Ccser1	ENSMUSG00000039578	ENSG00000184305	ortholog_one2one	1
Ccser2	ENSMUSG00000058690	ENSG00000107771	ortholog_one2one	1
Cct2	ENSMUSG00000034024	ENSG00000166226	ortholog_one2one	1
Cct3	ENSMUSG00000001416	ENSG00000163468	ortholog_one2one	1
Cct4	ENSMUSG00000007739	ENSG00000115484	ortholog_one2one	1
Cct5	ENSMUSG00000022234	ENSG00000150753	ortholog_one2one	1
Cct6a	ENSMUSG00000029447	ENSG00000146731	ortholog_one2one	1
Cct6b	ENSMUSG00000020698	ENSG00000132141	ortholog_one2one	1
Cct7	ENSMUSG00000030007	ENSG00000135624	ortholog_one2one	1
Cct8	ENSMUSG00000025613	ENSG00000156261	ortholog_one2one	1
Cct8l1	ENSMUSG00000038044	ENSG00000198445	ortholog_one2one	1
Cd101	ENSMUSG00000086564	ENSG00000134256	ortholog_one2one	1
Cd109	ENSMUSG00000046186	ENSG00000156535	ortholog_one2one	1
Cd14	ENSMUSG00000051439	ENSG00000170458	ortholog_one2one	1
Cd151	ENSMUSG00000025510	ENSG00000177697	ortholog_one2one	1
Cd160	ENSMUSG00000038304	ENSG00000117281	ortholog_one2one	1
Cd163	ENSMUSG00000008845	ENSG00000177575	ortholog_one2one	1
Cd164	ENSMUSG00000019818	ENSG00000135535	ortholog_one2one	1
Cd164l2	ENSMUSG00000028865	ENSG00000174950	ortholog_one2one	1
Cd180	ENSMUSG00000021624	ENSG00000134061	ortholog_one2one	1
Cd19	ENSMUSG00000030724	ENSG00000177455	ortholog_one2one	1
Cd2	ENSMUSG00000027863	ENSG00000116824	ortholog_one2one	1
Cd200	ENSMUSG00000022661	ENSG00000091972	ortholog_one2one	1
Cd207	ENSMUSG00000034783	ENSG00000116031	ortholog_one2one	1
Cd22	ENSMUSG00000030577	ENSG00000012124	ortholog_one2one	1
Cd226	ENSMUSG00000034028	ENSG00000150637	ortholog_one2one	1
Cd248	ENSMUSG00000056481	ENSG00000174807	ortholog_one2one	1
Cd24a	ENSMUSG00000047139	ENSG00000272398	ortholog_one2one	1
Cd27	ENSMUSG00000030336	ENSG00000139193	ortholog_one2one	1
Cd274	ENSMUSG00000016496	ENSG00000120217	ortholog_one2one	1
Cd276	ENSMUSG00000035914	ENSG00000103855	ortholog_one2one	1
Cd28	ENSMUSG00000026012	ENSG00000178562	ortholog_one2one	1
Cd2ap	ENSMUSG00000061665	ENSG00000198087	ortholog_one2one	1
Cd2bp2	ENSMUSG00000042502	ENSG00000169217	ortholog_one2one	1
Cd300e	ENSMUSG00000048498	ENSG00000186407	ortholog_one2one	1
Cd300lb	ENSMUSG00000063193	ENSG00000178789	ortholog_one2one	1
Cd302	ENSMUSG00000060703	ENSG00000241399	ortholog_one2one	1
Cd320	ENSMUSG00000002308	ENSG00000167775	ortholog_one2one	1
Cd34	ENSMUSG00000016494	ENSG00000174059	ortholog_one2one	1
Cd36	ENSMUSG00000002944	ENSG00000135218	ortholog_one2one	1
Cd37	ENSMUSG00000030798	ENSG00000104894	ortholog_one2one	1
Cd38	ENSMUSG00000029084	ENSG00000004468	ortholog_one2one	1
Cd3d	ENSMUSG00000032094	ENSG00000167286	ortholog_one2one	1
Cd3e	ENSMUSG00000032093	ENSG00000198851	ortholog_one2one	1
Cd3g	ENSMUSG00000002033	ENSG00000160654	ortholog_one2one	1
Cd4	ENSMUSG00000023274	ENSG00000010610	ortholog_one2one	1
Cd40	ENSMUSG00000017652	ENSG00000101017	ortholog_one2one	1
Cd40lg	ENSMUSG00000031132	ENSG00000102245	ortholog_one2one	1
Cd44	ENSMUSG00000005087	ENSG00000026508	ortholog_one2one	1
Cd47	ENSMUSG00000055447	ENSG00000196776	ortholog_one2one	1
Cd5	ENSMUSG00000024669	ENSG00000110448	ortholog_one2one	1
Cd53	ENSMUSG00000040747	ENSG00000143119	ortholog_one2one	1
Cd5l	ENSMUSG00000015854	ENSG00000073754	ortholog_one2one	1
Cd6	ENSMUSG00000024670	ENSG00000013725	ortholog_one2one	1
Cd63	ENSMUSG00000025351	ENSG00000135404	ortholog_one2one	1
Cd68	ENSMUSG00000018774	ENSG00000129226	ortholog_one2one	1
Cd69	ENSMUSG00000030156	ENSG00000110848	ortholog_one2one	1
Cd70	ENSMUSG00000019489	ENSG00000125726	ortholog_one2one	1
Cd72	ENSMUSG00000028459	ENSG00000137101	ortholog_one2one	1
Cd74	ENSMUSG00000024610	ENSG00000019582	ortholog_one2one	1
Cd79a	ENSMUSG00000003379	ENSG00000105369	ortholog_one2one	1
Cd79b	ENSMUSG00000040592	ENSG00000007312	ortholog_one2one	1
Cd81	ENSMUSG00000037706	ENSG00000110651	ortholog_one2one	1
Cd82	ENSMUSG00000027215	ENSG00000085117	ortholog_one2one	1
Cd83	ENSMUSG00000015396	ENSG00000112149	ortholog_one2one	1
Cd84	ENSMUSG00000038147	ENSG00000066294	ortholog_one2one	1
Cd9	ENSMUSG00000030342	ENSG00000010278	ortholog_one2one	1
Cd93	ENSMUSG00000027435	ENSG00000125810	ortholog_one2one	1
Cd96	ENSMUSG00000022657	ENSG00000153283	ortholog_one2one	1
Cd99l2	ENSMUSG00000035776	ENSG00000102181	ortholog_one2one	1
Cda	ENSMUSG00000028755	ENSG00000158825	ortholog_one2one	1
Cdadc1	ENSMUSG00000021982	ENSG00000102543	ortholog_one2one	1
Cdan1	ENSMUSG00000027284	ENSG00000140326	ortholog_one2one	1
Cdc123	ENSMUSG00000039128	ENSG00000151465	ortholog_one2one	1
Cdc14a	ENSMUSG00000033502	ENSG00000079335	ortholog_one2one	1
Cdc16	ENSMUSG00000038416	ENSG00000130177	ortholog_one2one	1
Cdc20	ENSMUSG00000006398	ENSG00000117399	ortholog_one2one	1
Cdc20b	ENSMUSG00000078926	ENSG00000164287	ortholog_one2one	1
Cdc23	ENSMUSG00000024370	ENSG00000094880	ortholog_one2one	1
Cdc25a	ENSMUSG00000032477	ENSG00000164045	ortholog_one2one	1
Cdc25b	ENSMUSG00000027330	ENSG00000101224	ortholog_one2one	1
Cdc25c	ENSMUSG00000044201	ENSG00000158402	ortholog_one2one	1
Cdc26	ENSMUSG00000066149	ENSG00000176386	ortholog_one2one	1
Cdc27	ENSMUSG00000020687	ENSG00000004897	ortholog_one2one	1
Cdc37	ENSMUSG00000019471	ENSG00000105401	ortholog_one2one	1
Cdc37l1	ENSMUSG00000024780	ENSG00000106993	ortholog_one2one	1
Cdc40	ENSMUSG00000038446	ENSG00000168438	ortholog_one2one	1
Cdc42	ENSMUSG00000006699	ENSG00000070831	ortholog_one2one	1
Cdc42bpa	ENSMUSG00000026490	ENSG00000143776	ortholog_one2one	1
Cdc42bpb	ENSMUSG00000021279	ENSG00000198752	ortholog_one2one	1
Cdc42bpg	ENSMUSG00000024769	ENSG00000171219	ortholog_one2one	1
Cdc42ep1	ENSMUSG00000049521	ENSG00000128283	ortholog_one2one	1
Cdc42ep2	ENSMUSG00000045664	ENSG00000149798	ortholog_one2one	1
Cdc42ep3	ENSMUSG00000036533	ENSG00000163171	ortholog_one2one	1
Cdc42ep4	ENSMUSG00000041598	ENSG00000179604	ortholog_one2one	1
Cdc42ep5	ENSMUSG00000063838	ENSG00000167617	ortholog_one2one	1
Cdc42se1	ENSMUSG00000046722	ENSG00000197622	ortholog_one2one	1
Cdc45	ENSMUSG00000000028	ENSG00000093009	ortholog_one2one	1
Cdc6	ENSMUSG00000017499	ENSG00000094804	ortholog_one2one	1
Cdc7	ENSMUSG00000029283	ENSG00000097046	ortholog_one2one	1
Cdc73	ENSMUSG00000026361	ENSG00000134371	ortholog_one2one	1
Cdca2	ENSMUSG00000048922	ENSG00000184661	ortholog_one2one	1
Cdca3	ENSMUSG00000023505	ENSG00000111665	ortholog_one2one	1
Cdca4	ENSMUSG00000047832	ENSG00000170779	ortholog_one2one	1
Cdca5	ENSMUSG00000024791	ENSG00000146670	ortholog_one2one	1
Cdca7	ENSMUSG00000055612	ENSG00000144354	ortholog_one2one	1
Cdca7l	ENSMUSG00000021175	ENSG00000164649	ortholog_one2one	1
Cdca8	ENSMUSG00000028873	ENSG00000134690	ortholog_one2one	1
Cdcp1	ENSMUSG00000035498	ENSG00000163814	ortholog_one2one	1
Cdcp2	ENSMUSG00000047636	ENSG00000157211	ortholog_one2one	1
Cdh1	ENSMUSG00000000303	ENSG00000039068	ortholog_one2one	1
Cdh10	ENSMUSG00000022321	ENSG00000040731	ortholog_one2one	1
Cdh11	ENSMUSG00000031673	ENSG00000140937	ortholog_one2one	1
Cdh12	ENSMUSG00000040452	ENSG00000154162	ortholog_one2one	1
Cdh13	ENSMUSG00000031841	ENSG00000140945	ortholog_one2one	1
Cdh15	ENSMUSG00000031962	ENSG00000129910	ortholog_one2one	1
Cdh16	ENSMUSG00000031881	ENSG00000166589	ortholog_one2one	1
Cdh17	ENSMUSG00000028217	ENSG00000079112	ortholog_one2one	1
Cdh18	ENSMUSG00000040420	ENSG00000145526	ortholog_one2one	1
Cdh19	ENSMUSG00000047216	ENSG00000071991	ortholog_one2one	1
Cdh2	ENSMUSG00000024304	ENSG00000170558	ortholog_one2one	1
Cdh20	ENSMUSG00000050840	ENSG00000101542	ortholog_one2one	1
Cdh22	ENSMUSG00000053166	ENSG00000149654	ortholog_one2one	1
Cdh23	ENSMUSG00000012819	ENSG00000107736	ortholog_one2one	1
Cdh24	ENSMUSG00000059674	ENSG00000139880	ortholog_one2one	1
Cdh26	ENSMUSG00000039155	ENSG00000124215	ortholog_one2one	1
Cdh3	ENSMUSG00000061048	ENSG00000062038	ortholog_one2one	1
Cdh4	ENSMUSG00000000305	ENSG00000179242	ortholog_one2one	1
Cdh5	ENSMUSG00000031871	ENSG00000179776	ortholog_one2one	1
Cdh6	ENSMUSG00000039385	ENSG00000113361	ortholog_one2one	1
Cdh7	ENSMUSG00000026312	ENSG00000081138	ortholog_one2one	1
Cdh8	ENSMUSG00000036510	ENSG00000150394	ortholog_one2one	1
Cdh9	ENSMUSG00000025370	ENSG00000113100	ortholog_one2one	1
Cdhr1	ENSMUSG00000021803	ENSG00000148600	ortholog_one2one	1
Cdhr2	ENSMUSG00000034918	ENSG00000074276	ortholog_one2one	1
Cdhr3	ENSMUSG00000035860	ENSG00000128536	ortholog_one2one	1
Cdhr4	ENSMUSG00000032595	ENSG00000187492	ortholog_one2one	1
Cdhr5	ENSMUSG00000025497	ENSG00000099834	ortholog_one2one	1
Cdin1	ENSMUSG00000040282	ENSG00000186073	ortholog_one2one	1
Cdip1	ENSMUSG00000004071	ENSG00000089486	ortholog_one2one	1
Cdipt	ENSMUSG00000030682	ENSG00000103502	ortholog_one2one	1
Cdk1	ENSMUSG00000019942	ENSG00000170312	ortholog_one2one	1
Cdk10	ENSMUSG00000033862	ENSG00000185324	ortholog_one2one	1
Cdk12	ENSMUSG00000003119	ENSG00000167258	ortholog_one2one	1
Cdk13	ENSMUSG00000041297	ENSG00000065883	ortholog_one2one	1
Cdk14	ENSMUSG00000028926	ENSG00000058091	ortholog_one2one	1
Cdk15	ENSMUSG00000026023	ENSG00000138395	ortholog_one2one	1
Cdk16	ENSMUSG00000031065	ENSG00000102225	ortholog_one2one	1
Cdk17	ENSMUSG00000020015	ENSG00000059758	ortholog_one2one	1
Cdk18	ENSMUSG00000026437	ENSG00000117266	ortholog_one2one	1
Cdk19	ENSMUSG00000038481	ENSG00000155111	ortholog_one2one	1
Cdk2	ENSMUSG00000025358	ENSG00000123374	ortholog_one2one	1
Cdk20	ENSMUSG00000021483	ENSG00000156345	ortholog_one2one	1
Cdk2ap2	ENSMUSG00000024856	ENSG00000167797	ortholog_one2one	1
Cdk3	ENSMUSG00000092300	ENSG00000250506	ortholog_one2one	1
Cdk4	ENSMUSG00000006728	ENSG00000135446	ortholog_one2one	1
Cdk5	ENSMUSG00000028969	ENSG00000164885	ortholog_one2one	1
Cdk5r1	ENSMUSG00000048895	ENSG00000176749	ortholog_one2one	1
Cdk5r2	ENSMUSG00000090071	ENSG00000171450	ortholog_one2one	1
Cdk5rap1	ENSMUSG00000027487	ENSG00000101391	ortholog_one2one	1
Cdk5rap2	ENSMUSG00000039298	ENSG00000136861	ortholog_one2one	1
Cdk5rap3	ENSMUSG00000018669	ENSG00000108465	ortholog_one2one	1
Cdk6	ENSMUSG00000040274	ENSG00000105810	ortholog_one2one	1
Cdk7	ENSMUSG00000069089	ENSG00000134058	ortholog_one2one	1
Cdk8	ENSMUSG00000029635	ENSG00000132964	ortholog_one2one	1
Cdk9	ENSMUSG00000009555	ENSG00000136807	ortholog_one2one	1
Cdkal1	ENSMUSG00000006191	ENSG00000145996	ortholog_one2one	1
Cdkl1	ENSMUSG00000020990	ENSG00000100490	ortholog_one2one	1
Cdkl2	ENSMUSG00000029403	ENSG00000138769	ortholog_one2one	1
Cdkl3	ENSMUSG00000020389	ENSG00000006837	ortholog_one2one	1
Cdkl4	ENSMUSG00000033966	ENSG00000205111	ortholog_one2one	1
Cdkl5	ENSMUSG00000031292	ENSG00000008086	ortholog_one2one	1
Cdkn1a	ENSMUSG00000023067	ENSG00000124762	ortholog_one2one	1
Cdkn1b	ENSMUSG00000003031	ENSG00000111276	ortholog_one2one	1
Cdkn1c	ENSMUSG00000037664	ENSG00000129757	ortholog_one2one	1
Cdkn2a	ENSMUSG00000044303	ENSG00000147889	ortholog_one2one	1
Cdkn2aip	ENSMUSG00000038069	ENSG00000168564	ortholog_one2one	1
Cdkn2aipnl	ENSMUSG00000020392	ENSG00000237190	ortholog_one2one	1
Cdkn2b	ENSMUSG00000073802	ENSG00000147883	ortholog_one2one	1
Cdkn2c	ENSMUSG00000028551	ENSG00000123080	ortholog_one2one	1
Cdkn2d	ENSMUSG00000096472	ENSG00000129355	ortholog_one2one	1
Cdkn3	ENSMUSG00000037628	ENSG00000100526	ortholog_one2one	1
Cdnf	ENSMUSG00000039496	ENSG00000185267	ortholog_one2one	1
Cdo1	ENSMUSG00000033022	ENSG00000129596	ortholog_one2one	1
Cdon	ENSMUSG00000038119	ENSG00000064309	ortholog_one2one	1
Cdpf1	ENSMUSG00000064284	ENSG00000205643	ortholog_one2one	1
Cdr2	ENSMUSG00000030878	ENSG00000140743	ortholog_one2one	1
Cdr2l	ENSMUSG00000050910	ENSG00000109089	ortholog_one2one	1
Cds1	ENSMUSG00000029330	ENSG00000163624	ortholog_one2one	1
Cds2	ENSMUSG00000058793	ENSG00000101290	ortholog_one2one	1
Cdsn	ENSMUSG00000039518	ENSG00000204539	ortholog_one2one	1
Cdt1	ENSMUSG00000006585	ENSG00000167513	ortholog_one2one	1
Cdv3	ENSMUSG00000032803	ENSG00000091527	ortholog_one2one	1
Cdx1	ENSMUSG00000024619	ENSG00000113722	ortholog_one2one	1
Cdx2	ENSMUSG00000029646	ENSG00000165556	ortholog_one2one	1
Cdx4	ENSMUSG00000031326	ENSG00000131264	ortholog_one2one	1
Cdyl	ENSMUSG00000059288	ENSG00000153046	ortholog_one2one	1
Cdyl2	ENSMUSG00000031758	ENSG00000166446	ortholog_one2one	1
Ceacam16	ENSMUSG00000014686	ENSG00000213892	ortholog_one2one	1
Ceacam18	ENSMUSG00000030472	ENSG00000213822	ortholog_one2one	1
Ceacam19	ENSMUSG00000049848	ENSG00000186567	ortholog_one2one	1
Ceacam20	ENSMUSG00000070777	ENSG00000273777	ortholog_one2one	1
Cebpa	ENSMUSG00000034957	ENSG00000245848	ortholog_one2one	1
Cebpb	ENSMUSG00000056501	ENSG00000172216	ortholog_one2one	1
Cebpd	ENSMUSG00000071637	ENSG00000221869	ortholog_one2one	1
Cebpe	ENSMUSG00000052435	ENSG00000092067	ortholog_one2one	1
Cebpg	ENSMUSG00000056216	ENSG00000153879	ortholog_one2one	1
Cebpz	ENSMUSG00000024081	ENSG00000115816	ortholog_one2one	1
Cebpzos	ENSMUSG00000062691	ENSG00000218739	ortholog_one2one	1
Cecr2	ENSMUSG00000071226	ENSG00000099954	ortholog_one2one	1
Cel	ENSMUSG00000026818	ENSG00000170835	ortholog_one2one	1
Cela1	ENSMUSG00000023031	ENSG00000139610	ortholog_one2one	1
Celf1	ENSMUSG00000005506	ENSG00000149187	ortholog_one2one	1
Celf2	ENSMUSG00000002107	ENSG00000048740	ortholog_one2one	1
Celf3	ENSMUSG00000028137	ENSG00000159409	ortholog_one2one	1
Celf4	ENSMUSG00000024268	ENSG00000101489	ortholog_one2one	1
Celf5	ENSMUSG00000034818	ENSG00000161082	ortholog_one2one	1
Celf6	ENSMUSG00000032297	ENSG00000140488	ortholog_one2one	1
Celsr1	ENSMUSG00000016028	ENSG00000075275	ortholog_one2one	1
Celsr2	ENSMUSG00000068740	ENSG00000143126	ortholog_one2one	1
Celsr3	ENSMUSG00000023473	ENSG00000008300	ortholog_one2one	1
Cemip	ENSMUSG00000052353	ENSG00000103888	ortholog_one2one	1
Cemip2	ENSMUSG00000024754	ENSG00000135048	ortholog_one2one	1
Cenatac	ENSMUSG00000043923	ENSG00000186166	ortholog_one2one	1
Cend1	ENSMUSG00000060240	ENSG00000184524	ortholog_one2one	1
Cenpa	ENSMUSG00000029177	ENSG00000115163	ortholog_one2one	1
Cenpb	ENSMUSG00000068267	ENSG00000125817	ortholog_one2one	1
Cenpe	ENSMUSG00000045328	ENSG00000138778	ortholog_one2one	1
Cenpf	ENSMUSG00000026605	ENSG00000117724	ortholog_one2one	1
Cenph	ENSMUSG00000045273	ENSG00000153044	ortholog_one2one	1
Cenpi	ENSMUSG00000031262	ENSG00000102384	ortholog_one2one	1
Cenpk	ENSMUSG00000021714	ENSG00000123219	ortholog_one2one	1
Cenpl	ENSMUSG00000026708	ENSG00000120334	ortholog_one2one	1
Cenpm	ENSMUSG00000068101	ENSG00000100162	ortholog_one2one	1
Cenpn	ENSMUSG00000031756	ENSG00000166451	ortholog_one2one	1
Cenpo	ENSMUSG00000020652	ENSG00000138092	ortholog_one2one	1
Cenpp	ENSMUSG00000021391	ENSG00000188312	ortholog_one2one	1
Cenpq	ENSMUSG00000023919	ENSG00000031691	ortholog_one2one	1
Cenps	ENSMUSG00000073705	ENSG00000175279	ortholog_one2one	1
Cenpt	ENSMUSG00000036672	ENSG00000102901	ortholog_one2one	1
Cenpu	ENSMUSG00000031629	ENSG00000151725	ortholog_one2one	1
Cenpv	ENSMUSG00000018509	ENSG00000166582	ortholog_one2one	1
Cenpw	ENSMUSG00000075266	ENSG00000203760	ortholog_one2one	1
Cep104	ENSMUSG00000039523	ENSG00000116198	ortholog_one2one	1
Cep112	ENSMUSG00000020728	ENSG00000154240	ortholog_one2one	1
Cep120	ENSMUSG00000048799	ENSG00000168944	ortholog_one2one	1
Cep126	ENSMUSG00000040729	ENSG00000110318	ortholog_one2one	1
Cep128	ENSMUSG00000061533	ENSG00000100629	ortholog_one2one	1
Cep131	ENSMUSG00000039781	ENSG00000141577	ortholog_one2one	1
Cep135	ENSMUSG00000036403	ENSG00000174799	ortholog_one2one	1
Cep15	ENSMUSG00000033111	ENSG00000114405	ortholog_one2one	1
Cep152	ENSMUSG00000068394	ENSG00000103995	ortholog_one2one	1
Cep162	ENSMUSG00000056919	ENSG00000135315	ortholog_one2one	1
Cep170	ENSMUSG00000057335	ENSG00000143702	ortholog_one2one	1
Cep170b	ENSMUSG00000072825	ENSG00000099814	ortholog_one2one	1
Cep19	ENSMUSG00000035790	ENSG00000174007	ortholog_one2one	1
Cep192	ENSMUSG00000024542	ENSG00000101639	ortholog_one2one	1
Cep20	ENSMUSG00000022677	ENSG00000133393	ortholog_one2one	1
Cep250	ENSMUSG00000038241	ENSG00000126001	ortholog_one2one	1
Cep290	ENSMUSG00000019971	ENSG00000198707	ortholog_one2one	1
Cep295	ENSMUSG00000046111	ENSG00000166004	ortholog_one2one	1
Cep350	ENSMUSG00000033671	ENSG00000135837	ortholog_one2one	1
Cep41	ENSMUSG00000029790	ENSG00000106477	ortholog_one2one	1
Cep43	ENSMUSG00000069135	ENSG00000213066	ortholog_one2one	1
Cep44	ENSMUSG00000038215	ENSG00000164118	ortholog_one2one	1
Cep55	ENSMUSG00000024989	ENSG00000138180	ortholog_one2one	1
Cep57	ENSMUSG00000031922	ENSG00000166037	ortholog_one2one	1
Cep57l1	ENSMUSG00000019813	ENSG00000183137	ortholog_one2one	1
Cep63	ENSMUSG00000032534	ENSG00000182923	ortholog_one2one	1
Cep68	ENSMUSG00000044066	ENSG00000011523	ortholog_one2one	1
Cep70	ENSMUSG00000056267	ENSG00000114107	ortholog_one2one	1
Cep72	ENSMUSG00000021572	ENSG00000112877	ortholog_one2one	1
Cep76	ENSMUSG00000073542	ENSG00000101624	ortholog_one2one	1
Cep78	ENSMUSG00000041491	ENSG00000148019	ortholog_one2one	1
Cep83	ENSMUSG00000020024	ENSG00000173588	ortholog_one2one	1
Cep85	ENSMUSG00000037443	ENSG00000130695	ortholog_one2one	1
Cep85l	ENSMUSG00000038594	ENSG00000111860	ortholog_one2one	1
Cep89	ENSMUSG00000023072	ENSG00000121289	ortholog_one2one	1
Cep95	ENSMUSG00000018372	ENSG00000258890	ortholog_one2one	1
Cep97	ENSMUSG00000022604	ENSG00000182504	ortholog_one2one	1
Cept1	ENSMUSG00000040774	ENSG00000134255	ortholog_one2one	1
Cer1	ENSMUSG00000038192	ENSG00000147869	ortholog_one2one	1
Cercam	ENSMUSG00000039787	ENSG00000167123	ortholog_one2one	1
Cerk	ENSMUSG00000035891	ENSG00000100422	ortholog_one2one	1
Cerkl	ENSMUSG00000075256	ENSG00000188452	ortholog_one2one	1
Cers1	ENSMUSG00000087408	ENSG00000223802	ortholog_one2one	1
Cers2	ENSMUSG00000015714	ENSG00000143418	ortholog_one2one	1
Cers3	ENSMUSG00000030510	ENSG00000154227	ortholog_one2one	1
Cers4	ENSMUSG00000008206	ENSG00000090661	ortholog_one2one	1
Cers5	ENSMUSG00000023021	ENSG00000139624	ortholog_one2one	1
Cers6	ENSMUSG00000027035	ENSG00000172292	ortholog_one2one	1
Cert1	ENSMUSG00000021669	ENSG00000113163	ortholog_one2one	1
Ces4a	ENSMUSG00000060560	ENSG00000172824	ortholog_one2one	1
Ces5a	ENSMUSG00000058019	ENSG00000159398	ortholog_one2one	1
Cetn1	ENSMUSG00000050996	ENSG00000177143	ortholog_one2one	1
Cetn2	ENSMUSG00000031347	ENSG00000147400	ortholog_one2one	1
Cetn3	ENSMUSG00000021537	ENSG00000153140	ortholog_one2one	1
Cfap100	ENSMUSG00000048794	ENSG00000163885	ortholog_one2one	1
Cfap107	ENSMUSG00000028589	ENSG00000157330	ortholog_one2one	1
Cfap119	ENSMUSG00000057176	ENSG00000196118	ortholog_one2one	1
Cfap126	ENSMUSG00000026649	ENSG00000188931	ortholog_one2one	1
Cfap141	ENSMUSG00000118506	ENSG00000163263	ortholog_one2one	1
Cfap157	ENSMUSG00000038987	ENSG00000160401	ortholog_one2one	1
Cfap161	ENSMUSG00000011154	ENSG00000156206	ortholog_one2one	1
Cfap20	ENSMUSG00000031796	ENSG00000070761	ortholog_one2one	1
Cfap206	ENSMUSG00000028294	ENSG00000272514	ortholog_one2one	1
Cfap20dc	ENSMUSG00000021747	ENSG00000163689	ortholog_one2one	1
Cfap210	ENSMUSG00000070883	ENSG00000154479	ortholog_one2one	1
Cfap221	ENSMUSG00000036962	ENSG00000163075	ortholog_one2one	1
Cfap251	ENSMUSG00000029442	ENSG00000158023	ortholog_one2one	1
Cfap276	ENSMUSG00000027886	ENSG00000179902	ortholog_one2one	1
Cfap298	ENSMUSG00000022972	ENSG00000159079	ortholog_one2one	1
Cfap299	ENSMUSG00000057816	ENSG00000197826	ortholog_one2one	1
Cfap300	ENSMUSG00000053070	ENSG00000137691	ortholog_one2one	1
Cfap36	ENSMUSG00000020462	ENSG00000163001	ortholog_one2one	1
Cfap410	ENSMUSG00000020284	ENSG00000160226	ortholog_one2one	1
Cfap418	ENSMUSG00000059482	ENSG00000156172	ortholog_one2one	1
Cfap43	ENSMUSG00000044948	ENSG00000197748	ortholog_one2one	1
Cfap44	ENSMUSG00000071550	ENSG00000206530	ortholog_one2one	1
Cfap45	ENSMUSG00000026546	ENSG00000213085	ortholog_one2one	1
Cfap46	ENSMUSG00000049571	ENSG00000171811	ortholog_one2one	1
Cfap52	ENSMUSG00000020904	ENSG00000166596	ortholog_one2one	1
Cfap54	ENSMUSG00000020014	ENSG00000188596	ortholog_one2one	1
Cfap57	ENSMUSG00000028730	ENSG00000243710	ortholog_one2one	1
Cfap58	ENSMUSG00000046585	ENSG00000120051	ortholog_one2one	1
Cfap61	ENSMUSG00000037143	ENSG00000089101	ortholog_one2one	1
Cfap65	ENSMUSG00000047021	ENSG00000181378	ortholog_one2one	1
Cfap68	ENSMUSG00000037971	ENSG00000137720	ortholog_one2one	1
Cfap69	ENSMUSG00000040473	ENSG00000105792	ortholog_one2one	1
Cfap70	ENSMUSG00000039543	ENSG00000156042	ortholog_one2one	1
Cfap73	ENSMUSG00000094282	ENSG00000186710	ortholog_one2one	1
Cfap74	ENSMUSG00000078490	ENSG00000142609	ortholog_one2one	1
Cfap77	ENSMUSG00000079502	ENSG00000188523	ortholog_one2one	1
Cfap90	ENSMUSG00000021534	ENSG00000215217	ortholog_one2one	1
Cfap91	ENSMUSG00000022805	ENSG00000183833	ortholog_one2one	1
Cfap92	ENSMUSG00000089997	ENSG00000114656	ortholog_one2one	1
Cfap95	ENSMUSG00000033053	ENSG00000204711	ortholog_one2one	1
Cfap96	ENSMUSG00000071103	ENSG00000205129	ortholog_one2one	1
Cfap97	ENSMUSG00000031631	ENSG00000164323	ortholog_one2one	1
Cfap97d1	ENSMUSG00000010841	ENSG00000231256	ortholog_one2one	1
Cfap99	ENSMUSG00000109572	ENSG00000206113	ortholog_one2one	1
Cfb	ENSMUSG00000090231	ENSG00000243649	ortholog_one2one	1
Cfd	ENSMUSG00000061780	ENSG00000197766	ortholog_one2one	1
Cfdp1	ENSMUSG00000031954	ENSG00000153774	ortholog_one2one	1
Cfi	ENSMUSG00000058952	ENSG00000205403	ortholog_one2one	1
Cfl1	ENSMUSG00000056201	ENSG00000172757	ortholog_one2one	1
Cfl2	ENSMUSG00000062929	ENSG00000165410	ortholog_one2one	1
Cflar	ENSMUSG00000026031	ENSG00000003402	ortholog_one2one	1
Cfp	ENSMUSG00000001128	ENSG00000126759	ortholog_one2one	1
Cftr	ENSMUSG00000041301	ENSG00000001626	ortholog_one2one	1
Cga	ENSMUSG00000028298	ENSG00000135346	ortholog_one2one	1
Cgas	ENSMUSG00000032344	ENSG00000164430	ortholog_one2one	1
Cggbp1	ENSMUSG00000054604	ENSG00000163320	ortholog_one2one	1
Cgn	ENSMUSG00000068876	ENSG00000143375	ortholog_one2one	1
Cgnl1	ENSMUSG00000032232	ENSG00000128849	ortholog_one2one	1
Cgref1	ENSMUSG00000029161	ENSG00000138028	ortholog_one2one	1
Cgrrf1	ENSMUSG00000055128	ENSG00000100532	ortholog_one2one	1
Ch25h	ENSMUSG00000050370	ENSG00000138135	ortholog_one2one	1
Chac1	ENSMUSG00000027313	ENSG00000128965	ortholog_one2one	1
Chac2	ENSMUSG00000020309	ENSG00000143942	ortholog_one2one	1
Chad	ENSMUSG00000039084	ENSG00000136457	ortholog_one2one	1
Chadl	ENSMUSG00000063765	ENSG00000100399	ortholog_one2one	1
Chaf1a	ENSMUSG00000002835	ENSG00000167670	ortholog_one2one	1
Chaf1b	ENSMUSG00000022945	ENSG00000159259	ortholog_one2one	1
Champ1	ENSMUSG00000047710	ENSG00000198824	ortholog_one2one	1
Chat	ENSMUSG00000021919	ENSG00000070748	ortholog_one2one	1
Chchd1	ENSMUSG00000063787	ENSG00000172586	ortholog_one2one	1
Chchd10	ENSMUSG00000049422	ENSG00000250479	ortholog_one2one	1
Chchd2	ENSMUSG00000070493	ENSG00000106153	ortholog_one2one	1
Chchd3	ENSMUSG00000053768	ENSG00000106554	ortholog_one2one	1
Chchd5	ENSMUSG00000037938	ENSG00000125611	ortholog_one2one	1
Chchd6	ENSMUSG00000030086	ENSG00000159685	ortholog_one2one	1
Chchd7	ENSMUSG00000042198	ENSG00000170791	ortholog_one2one	1
Chct1	ENSMUSG00000018479	ENSG00000141371	ortholog_one2one	1
Chd1	ENSMUSG00000023852	ENSG00000153922	ortholog_one2one	1
Chd1l	ENSMUSG00000028089	ENSG00000131778	ortholog_one2one	1
Chd2	ENSMUSG00000078671	ENSG00000173575	ortholog_one2one	1
Chd3	ENSMUSG00000018474	ENSG00000170004	ortholog_one2one	1
Chd4	ENSMUSG00000063870	ENSG00000111642	ortholog_one2one	1
Chd5	ENSMUSG00000005045	ENSG00000116254	ortholog_one2one	1
Chd6	ENSMUSG00000057133	ENSG00000124177	ortholog_one2one	1
Chd7	ENSMUSG00000041235	ENSG00000171316	ortholog_one2one	1
Chd8	ENSMUSG00000053754	ENSG00000100888	ortholog_one2one	1
Chd9	ENSMUSG00000056608	ENSG00000177200	ortholog_one2one	1
Chdh	ENSMUSG00000015970	ENSG00000016391	ortholog_one2one	1
Chek1	ENSMUSG00000032113	ENSG00000149554	ortholog_one2one	1
Chek2	ENSMUSG00000029521	ENSG00000183765	ortholog_one2one	1
Cherp	ENSMUSG00000052488	ENSG00000085872	ortholog_one2one	1
Chfr	ENSMUSG00000014668	ENSG00000072609	ortholog_one2one	1
Chga	ENSMUSG00000021194	ENSG00000100604	ortholog_one2one	1
Chgb	ENSMUSG00000027350	ENSG00000089199	ortholog_one2one	1
Chi3l1	ENSMUSG00000064246	ENSG00000133048	ortholog_one2one	1
Chic1	ENSMUSG00000031327	ENSG00000204116	ortholog_one2one	1
Chic2	ENSMUSG00000029229	ENSG00000109220	ortholog_one2one	1
Chid1	ENSMUSG00000025512	ENSG00000177830	ortholog_one2one	1
Chit1	ENSMUSG00000026450	ENSG00000133063	ortholog_one2one	1
Chka	ENSMUSG00000024843	ENSG00000110721	ortholog_one2one	1
Chkb	ENSMUSG00000022617	ENSG00000100288	ortholog_one2one	1
Chl1	ENSMUSG00000030077	ENSG00000134121	ortholog_one2one	1
Chlsn	ENSMUSG00000053553	ENSG00000146540	ortholog_one2one	1
Chm	ENSMUSG00000025531	ENSG00000188419	ortholog_one2one	1
Chml	ENSMUSG00000078185	ENSG00000203668	ortholog_one2one	1
Chmp1a	ENSMUSG00000000743	ENSG00000131165	ortholog_one2one	1
Chmp1b	ENSMUSG00000109901	ENSG00000255112	ortholog_one2one	1
Chmp2a	ENSMUSG00000033916	ENSG00000130724	ortholog_one2one	1
Chmp2b	ENSMUSG00000004843	ENSG00000083937	ortholog_one2one	1
Chmp3	ENSMUSG00000053119	ENSG00000115561	ortholog_one2one	1
Chmp4c	ENSMUSG00000027536	ENSG00000164695	ortholog_one2one	1
Chmp5	ENSMUSG00000028419	ENSG00000086065	ortholog_one2one	1
Chmp6	ENSMUSG00000025371	ENSG00000176108	ortholog_one2one	1
Chmp7	ENSMUSG00000034190	ENSG00000147457	ortholog_one2one	1
Chn1	ENSMUSG00000056486	ENSG00000128656	ortholog_one2one	1
Chn2	ENSMUSG00000004633	ENSG00000106069	ortholog_one2one	1
Chodl	ENSMUSG00000022860	ENSG00000154645	ortholog_one2one	1
Chordc1	ENSMUSG00000001774	ENSG00000110172	ortholog_one2one	1
Chp1	ENSMUSG00000014077	ENSG00000187446	ortholog_one2one	1
Chp2	ENSMUSG00000030865	ENSG00000166869	ortholog_one2one	1
Chpf	ENSMUSG00000032997	ENSG00000123989	ortholog_one2one	1
Chpf2	ENSMUSG00000038181	ENSG00000033100	ortholog_one2one	1
Chpt1	ENSMUSG00000060002	ENSG00000111666	ortholog_one2one	1
Chrac1	ENSMUSG00000068391	ENSG00000104472	ortholog_one2one	1
Chrd	ENSMUSG00000006958	ENSG00000090539	ortholog_one2one	1
Chrdl1	ENSMUSG00000031283	ENSG00000101938	ortholog_one2one	1
Chrdl2	ENSMUSG00000030732	ENSG00000054938	ortholog_one2one	1
Chrm1	ENSMUSG00000032773	ENSG00000168539	ortholog_one2one	1
Chrm2	ENSMUSG00000045613	ENSG00000181072	ortholog_one2one	1
Chrm3	ENSMUSG00000046159	ENSG00000133019	ortholog_one2one	1
Chrm4	ENSMUSG00000040495	ENSG00000180720	ortholog_one2one	1
Chrm5	ENSMUSG00000074939	ENSG00000184984	ortholog_one2one	1
Chrna1	ENSMUSG00000027107	ENSG00000138435	ortholog_one2one	1
Chrna10	ENSMUSG00000066279	ENSG00000129749	ortholog_one2one	1
Chrna2	ENSMUSG00000022041	ENSG00000120903	ortholog_one2one	1
Chrna3	ENSMUSG00000032303	ENSG00000080644	ortholog_one2one	1
Chrna4	ENSMUSG00000027577	ENSG00000101204	ortholog_one2one	1
Chrna5	ENSMUSG00000035594	ENSG00000169684	ortholog_one2one	1
Chrna6	ENSMUSG00000031491	ENSG00000147434	ortholog_one2one	1
Chrna7	ENSMUSG00000030525	ENSG00000175344	ortholog_one2one	1
Chrna9	ENSMUSG00000029205	ENSG00000174343	ortholog_one2one	1
Chrnb1	ENSMUSG00000041189	ENSG00000170175	ortholog_one2one	1
Chrnb2	ENSMUSG00000027950	ENSG00000160716	ortholog_one2one	1
Chrnb3	ENSMUSG00000031492	ENSG00000147432	ortholog_one2one	1
Chrnb4	ENSMUSG00000035200	ENSG00000117971	ortholog_one2one	1
Chrnd	ENSMUSG00000026251	ENSG00000135902	ortholog_one2one	1
Chrne	ENSMUSG00000014609	ENSG00000108556	ortholog_one2one	1
Chrng	ENSMUSG00000026253	ENSG00000196811	ortholog_one2one	1
Chst1	ENSMUSG00000027221	ENSG00000175264	ortholog_one2one	1
Chst10	ENSMUSG00000026080	ENSG00000115526	ortholog_one2one	1
Chst11	ENSMUSG00000034612	ENSG00000171310	ortholog_one2one	1
Chst12	ENSMUSG00000036599	ENSG00000136213	ortholog_one2one	1
Chst13	ENSMUSG00000056643	ENSG00000180767	ortholog_one2one	1
Chst14	ENSMUSG00000074916	ENSG00000169105	ortholog_one2one	1
Chst15	ENSMUSG00000030930	ENSG00000182022	ortholog_one2one	1
Chst2	ENSMUSG00000033350	ENSG00000175040	ortholog_one2one	1
Chst3	ENSMUSG00000057337	ENSG00000122863	ortholog_one2one	1
Chst4	ENSMUSG00000035930	ENSG00000140835	ortholog_one2one	1
Chst7	ENSMUSG00000037347	ENSG00000147119	ortholog_one2one	1
Chst8	ENSMUSG00000060402	ENSG00000124302	ortholog_one2one	1
Chst9	ENSMUSG00000047161	ENSG00000154080	ortholog_one2one	1
Chsy1	ENSMUSG00000032640	ENSG00000131873	ortholog_one2one	1
Chsy3	ENSMUSG00000058152	ENSG00000198108	ortholog_one2one	1
Chtf18	ENSMUSG00000019214	ENSG00000127586	ortholog_one2one	1
Chtf8	ENSMUSG00000046691	ENSG00000168802	ortholog_one2one	1
Chtop	ENSMUSG00000001017	ENSG00000160679	ortholog_one2one	1
Chuk	ENSMUSG00000025199	ENSG00000213341	ortholog_one2one	1
Churc1	ENSMUSG00000090258	ENSG00000258289	ortholog_one2one	1
Ciao1	ENSMUSG00000003662	ENSG00000144021	ortholog_one2one	1
Ciao2a	ENSMUSG00000032381	ENSG00000166797	ortholog_one2one	1
Ciao2b	ENSMUSG00000031879	ENSG00000166595	ortholog_one2one	1
Ciao3	ENSMUSG00000002280	ENSG00000103245	ortholog_one2one	1
Ciapin1	ENSMUSG00000031781	ENSG00000005194	ortholog_one2one	1
Ciart	ENSMUSG00000038550	ENSG00000159208	ortholog_one2one	1
Cib1	ENSMUSG00000030538	ENSG00000185043	ortholog_one2one	1
Cib2	ENSMUSG00000037493	ENSG00000136425	ortholog_one2one	1
Cib3	ENSMUSG00000074240	ENSG00000141977	ortholog_one2one	1
Cib4	ENSMUSG00000053194	ENSG00000157884	ortholog_one2one	1
Cibar1	ENSMUSG00000028218	ENSG00000188343	ortholog_one2one	1
Cibar2	ENSMUSG00000042269	ENSG00000153789	ortholog_one2one	1
Cic	ENSMUSG00000005442	ENSG00000079432	ortholog_one2one	1
Cidea	ENSMUSG00000024526	ENSG00000176194	ortholog_one2one	1
Cideb	ENSMUSG00000022219	ENSG00000136305	ortholog_one2one	1
Cidec	ENSMUSG00000030278	ENSG00000187288	ortholog_one2one	1
Ciita	ENSMUSG00000022504	ENSG00000179583	ortholog_one2one	1
Cilk1	ENSMUSG00000009828	ENSG00000112144	ortholog_one2one	1
Cilp	ENSMUSG00000042254	ENSG00000138615	ortholog_one2one	1
Cilp2	ENSMUSG00000044006	ENSG00000160161	ortholog_one2one	1
Cimap1a	ENSMUSG00000025482	ENSG00000177947	ortholog_one2one	1
Cimap1b	ENSMUSG00000047394	ENSG00000177989	ortholog_one2one	1
Cimap1c	ENSMUSG00000045620	ENSG00000182950	ortholog_one2one	1
Cimap1d	ENSMUSG00000035963	ENSG00000181781	ortholog_one2one	1
Cimap2	ENSMUSG00000054362	ENSG00000162398	ortholog_one2one	1
Cimap3	ENSMUSG00000010136	ENSG00000173947	ortholog_one2one	1
Cimip2a	ENSMUSG00000026969	ENSG00000188163	ortholog_one2one	1
Cimip2c	ENSMUSG00000029182	ENSG00000173557	ortholog_one2one	1
Cimip4	ENSMUSG00000062154	ENSG00000185264	ortholog_one2one	1
Cimip6	ENSMUSG00000040919	ENSG00000177994	ortholog_one2one	1
Cinp	ENSMUSG00000021276	ENSG00000100865	ortholog_one2one	1
Cip2a	ENSMUSG00000033031	ENSG00000163507	ortholog_one2one	1
Cipc	ENSMUSG00000034157	ENSG00000198894	ortholog_one2one	1
Cir1	ENSMUSG00000041777	ENSG00000138433	ortholog_one2one	1
Cirbp	ENSMUSG00000045193	ENSG00000099622	ortholog_one2one	1
Cirop	ENSMUSG00000114865	ENSG00000283654	ortholog_one2one	1
Ciroz	ENSMUSG00000070577	ENSG00000175262	ortholog_one2one	1
Cisd1	ENSMUSG00000037710	ENSG00000122873	ortholog_one2one	1
Cisd2	ENSMUSG00000028165	ENSG00000145354	ortholog_one2one	1
Cish	ENSMUSG00000032578	ENSG00000114737	ortholog_one2one	1
Cit	ENSMUSG00000029516	ENSG00000122966	ortholog_one2one	1
Cited1	ENSMUSG00000051159	ENSG00000125931	ortholog_one2one	1
Cited2	ENSMUSG00000039910	ENSG00000164442	ortholog_one2one	1
Cited4	ENSMUSG00000070803	ENSG00000179862	ortholog_one2one	1
Ciz1	ENSMUSG00000039205	ENSG00000148337	ortholog_one2one	1
Ckap2	ENSMUSG00000037725	ENSG00000136108	ortholog_one2one	1
Ckap2l	ENSMUSG00000048327	ENSG00000169607	ortholog_one2one	1
Ckap4	ENSMUSG00000046841	ENSG00000136026	ortholog_one2one	1
Ckap5	ENSMUSG00000040549	ENSG00000175216	ortholog_one2one	1
Ckb	ENSMUSG00000001270	ENSG00000166165	ortholog_one2one	1
Cklf	ENSMUSG00000054400	ENSG00000217555	ortholog_one2one	1
Ckm	ENSMUSG00000030399	ENSG00000104879	ortholog_one2one	1
Ckmt2	ENSMUSG00000021622	ENSG00000131730	ortholog_one2one	1
Cks2	ENSMUSG00000062248	ENSG00000123975	ortholog_one2one	1
Clasp1	ENSMUSG00000064302	ENSG00000074054	ortholog_one2one	1
Clasp2	ENSMUSG00000033392	ENSG00000163539	ortholog_one2one	1
Clasrp	ENSMUSG00000061028	ENSG00000104859	ortholog_one2one	1
Clba1	ENSMUSG00000037594	ENSG00000140104	ortholog_one2one	1
Clca1	ENSMUSG00000028255	ENSG00000016490	ortholog_one2one	1
Clca2	ENSMUSG00000036960	ENSG00000137975	ortholog_one2one	1
Clcc1	ENSMUSG00000027884	ENSG00000121940	ortholog_one2one	1
Clcf1	ENSMUSG00000040663	ENSG00000175505	ortholog_one2one	1
Clcn1	ENSMUSG00000029862	ENSG00000188037	ortholog_one2one	1
Clcn2	ENSMUSG00000022843	ENSG00000114859	ortholog_one2one	1
Clcn3	ENSMUSG00000004319	ENSG00000109572	ortholog_one2one	1
Clcn4	ENSMUSG00000000605	ENSG00000073464	ortholog_one2one	1
Clcn5	ENSMUSG00000004317	ENSG00000171365	ortholog_one2one	1
Clcn6	ENSMUSG00000029016	ENSG00000011021	ortholog_one2one	1
Clcn7	ENSMUSG00000036636	ENSG00000103249	ortholog_one2one	1
Cldn1	ENSMUSG00000022512	ENSG00000163347	ortholog_one2one	1
Cldn10	ENSMUSG00000022132	ENSG00000134873	ortholog_one2one	1
Cldn11	ENSMUSG00000037625	ENSG00000013297	ortholog_one2one	1
Cldn12	ENSMUSG00000046798	ENSG00000157224	ortholog_one2one	1
Cldn14	ENSMUSG00000047109	ENSG00000159261	ortholog_one2one	1
Cldn15	ENSMUSG00000001739	ENSG00000106404	ortholog_one2one	1
Cldn16	ENSMUSG00000038148	ENSG00000113946	ortholog_one2one	1
Cldn17	ENSMUSG00000055811	ENSG00000156282	ortholog_one2one	1
Cldn18	ENSMUSG00000032473	ENSG00000066405	ortholog_one2one	1
Cldn19	ENSMUSG00000066058	ENSG00000164007	ortholog_one2one	1
Cldn2	ENSMUSG00000047230	ENSG00000165376	ortholog_one2one	1
Cldn20	ENSMUSG00000091530	ENSG00000171217	ortholog_one2one	1
Cldn23	ENSMUSG00000055976	ENSG00000253958	ortholog_one2one	1
Cldn25	ENSMUSG00000105298	ENSG00000228607	ortholog_one2one	1
Cldn3	ENSMUSG00000070473	ENSG00000165215	ortholog_one2one	1
Cldn5	ENSMUSG00000041378	ENSG00000184113	ortholog_one2one	1
Cldn6	ENSMUSG00000023906	ENSG00000184697	ortholog_one2one	1
Cldn7	ENSMUSG00000018569	ENSG00000181885	ortholog_one2one	1
Cldn8	ENSMUSG00000050520	ENSG00000156284	ortholog_one2one	1
Cldn9	ENSMUSG00000066720	ENSG00000213937	ortholog_one2one	1
Cldnd1	ENSMUSG00000022744	ENSG00000080822	ortholog_one2one	1
Cldnd2	ENSMUSG00000038973	ENSG00000160318	ortholog_one2one	1
Clec11a	ENSMUSG00000004473	ENSG00000105472	ortholog_one2one	1
Clec12b	ENSMUSG00000030158	ENSG00000256660	ortholog_one2one	1
Clec14a	ENSMUSG00000045930	ENSG00000176435	ortholog_one2one	1
Clec16a	ENSMUSG00000068663	ENSG00000038532	ortholog_one2one	1
Clec1a	ENSMUSG00000033082	ENSG00000150048	ortholog_one2one	1
Clec1b	ENSMUSG00000030159	ENSG00000165682	ortholog_one2one	1
Clec2l	ENSMUSG00000079598	ENSG00000236279	ortholog_one2one	1
Clec3a	ENSMUSG00000008874	ENSG00000166509	ortholog_one2one	1
Clec3b	ENSMUSG00000025784	ENSG00000163815	ortholog_one2one	1
Clec4a1	ENSMUSG00000049037	ENSG00000111729	ortholog_one2one	1
Clec4d	ENSMUSG00000030144	ENSG00000166527	ortholog_one2one	1
Clec4e	ENSMUSG00000030142	ENSG00000166523	ortholog_one2one	1
Clec4g	ENSMUSG00000074491	ENSG00000182566	ortholog_one2one	1
Clec4n	ENSMUSG00000023349	ENSG00000205846	ortholog_one2one	1
Clec5a	ENSMUSG00000029915	ENSG00000258227	ortholog_one2one	1
Clec9a	ENSMUSG00000046080	ENSG00000197992	ortholog_one2one	1
Clgn	ENSMUSG00000002190	ENSG00000153132	ortholog_one2one	1
Clhc1	ENSMUSG00000020461	ENSG00000162994	ortholog_one2one	1
Clic1	ENSMUSG00000007041	ENSG00000213719	ortholog_one2one	1
Clic3	ENSMUSG00000015093	ENSG00000169583	ortholog_one2one	1
Clic4	ENSMUSG00000037242	ENSG00000169504	ortholog_one2one	1
Clic6	ENSMUSG00000022949	ENSG00000159212	ortholog_one2one	1
Clint1	ENSMUSG00000006169	ENSG00000113282	ortholog_one2one	1
Clip1	ENSMUSG00000049550	ENSG00000130779	ortholog_one2one	1
Clip2	ENSMUSG00000063146	ENSG00000106665	ortholog_one2one	1
Clip3	ENSMUSG00000013921	ENSG00000105270	ortholog_one2one	1
Clip4	ENSMUSG00000024059	ENSG00000115295	ortholog_one2one	1
Clk1	ENSMUSG00000026034	ENSG00000013441	ortholog_one2one	1
Clk2	ENSMUSG00000068917	ENSG00000176444	ortholog_one2one	1
Clk3	ENSMUSG00000032316	ENSG00000179335	ortholog_one2one	1
Clk4	ENSMUSG00000020385	ENSG00000113240	ortholog_one2one	1
Clmn	ENSMUSG00000021097	ENSG00000165959	ortholog_one2one	1
Clmp	ENSMUSG00000032024	ENSG00000166250	ortholog_one2one	1
Cln3	ENSMUSG00000030720	ENSG00000188603	ortholog_one2one	1
Cln5	ENSMUSG00000022125	ENSG00000102805	ortholog_one2one	1
Cln6	ENSMUSG00000032245	ENSG00000128973	ortholog_one2one	1
Cln8	ENSMUSG00000026317	ENSG00000182372	ortholog_one2one	1
Clnk	ENSMUSG00000039315	ENSG00000109684	ortholog_one2one	1
Clns1a	ENSMUSG00000025439	ENSG00000074201	ortholog_one2one	1
Clock	ENSMUSG00000029238	ENSG00000134852	ortholog_one2one	1
Clp1	ENSMUSG00000027079	ENSG00000172409	ortholog_one2one	1
Clpb	ENSMUSG00000001829	ENSG00000162129	ortholog_one2one	1
Clpp	ENSMUSG00000002660	ENSG00000125656	ortholog_one2one	1
Clps	ENSMUSG00000024225	ENSG00000137392	ortholog_one2one	1
Clpsl2	ENSMUSG00000024224	ENSG00000196748	ortholog_one2one	1
Clptm1	ENSMUSG00000002981	ENSG00000104853	ortholog_one2one	1
Clptm1l	ENSMUSG00000021610	ENSG00000049656	ortholog_one2one	1
Clpx	ENSMUSG00000015357	ENSG00000166855	ortholog_one2one	1
Clrn1	ENSMUSG00000043850	ENSG00000163646	ortholog_one2one	1
Clrn2	ENSMUSG00000049530	ENSG00000249581	ortholog_one2one	1
Clrn3	ENSMUSG00000050866	ENSG00000180745	ortholog_one2one	1
Clspn	ENSMUSG00000042489	ENSG00000092853	ortholog_one2one	1
Clstn1	ENSMUSG00000039953	ENSG00000171603	ortholog_one2one	1
Clstn2	ENSMUSG00000032452	ENSG00000158258	ortholog_one2one	1
Clstn3	ENSMUSG00000008153	ENSG00000139182	ortholog_one2one	1
Clta	ENSMUSG00000028478	ENSG00000122705	ortholog_one2one	1
Cltb	ENSMUSG00000047547	ENSG00000175416	ortholog_one2one	1
Cltc	ENSMUSG00000047126	ENSG00000141367	ortholog_one2one	1
Cltrn	ENSMUSG00000015401	ENSG00000147003	ortholog_one2one	1
Clu	ENSMUSG00000022037	ENSG00000120885	ortholog_one2one	1
Cluap1	ENSMUSG00000014232	ENSG00000103351	ortholog_one2one	1
Cluh	ENSMUSG00000020741	ENSG00000132361	ortholog_one2one	1
Clvs1	ENSMUSG00000041216	ENSG00000177182	ortholog_one2one	1
Clvs2	ENSMUSG00000019785	ENSG00000146352	ortholog_one2one	1
Clxn	ENSMUSG00000068617	ENSG00000034239	ortholog_one2one	1
Clybl	ENSMUSG00000025545	ENSG00000125246	ortholog_one2one	1
Cma1	ENSMUSG00000022225	ENSG00000092009	ortholog_one2one	1
Cmas	ENSMUSG00000030282	ENSG00000111726	ortholog_one2one	1
Cmbl	ENSMUSG00000022235	ENSG00000164237	ortholog_one2one	1
Cmc1	ENSMUSG00000039163	ENSG00000187118	ortholog_one2one	1
Cmc4	ENSMUSG00000090110	ENSG00000182712	ortholog_one2one	1
Cmip	ENSMUSG00000034390	ENSG00000153815	ortholog_one2one	1
Cmklr1	ENSMUSG00000042190	ENSG00000174600	ortholog_one2one	1
Cmklr2	ENSMUSG00000046856	ENSG00000183671	ortholog_one2one	1
Cmpk1	ENSMUSG00000028719	ENSG00000162368	ortholog_one2one	1
Cmpk2	ENSMUSG00000020638	ENSG00000134326	ortholog_one2one	1
Cmss1	ENSMUSG00000022748	ENSG00000184220	ortholog_one2one	1
Cmtm3	ENSMUSG00000031875	ENSG00000140931	ortholog_one2one	1
Cmtm4	ENSMUSG00000096188	ENSG00000183723	ortholog_one2one	1
Cmtm5	ENSMUSG00000040759	ENSG00000166091	ortholog_one2one	1
Cmtm6	ENSMUSG00000032434	ENSG00000091317	ortholog_one2one	1
Cmtm7	ENSMUSG00000032436	ENSG00000153551	ortholog_one2one	1
Cmtm8	ENSMUSG00000041012	ENSG00000170293	ortholog_one2one	1
Cmtr1	ENSMUSG00000024019	ENSG00000137200	ortholog_one2one	1
Cmtr2	ENSMUSG00000046441	ENSG00000180917	ortholog_one2one	1
Cmya5	ENSMUSG00000047419	ENSG00000164309	ortholog_one2one	1
Cnbd2	ENSMUSG00000038085	ENSG00000149646	ortholog_one2one	1
Cnbp	ENSMUSG00000030057	ENSG00000169714	ortholog_one2one	1
Cndp1	ENSMUSG00000056162	ENSG00000150656	ortholog_one2one	1
Cndp2	ENSMUSG00000024644	ENSG00000133313	ortholog_one2one	1
Cnep1r1	ENSMUSG00000036810	ENSG00000205423	ortholog_one2one	1
Cnfn	ENSMUSG00000063651	ENSG00000105427	ortholog_one2one	1
Cnga1	ENSMUSG00000067220	ENSG00000198515	ortholog_one2one	1
Cnga2	ENSMUSG00000005864	ENSG00000183862	ortholog_one2one	1
Cnga3	ENSMUSG00000026114	ENSG00000144191	ortholog_one2one	1
Cnga4	ENSMUSG00000030897	ENSG00000132259	ortholog_one2one	1
Cngb1	ENSMUSG00000031789	ENSG00000070729	ortholog_one2one	1
Cngb3	ENSMUSG00000056494	ENSG00000170289	ortholog_one2one	1
Cnih1	ENSMUSG00000015759	ENSG00000100528	ortholog_one2one	1
Cnih2	ENSMUSG00000024873	ENSG00000174871	ortholog_one2one	1
Cnih3	ENSMUSG00000026514	ENSG00000143786	ortholog_one2one	1
Cnih4	ENSMUSG00000062169	ENSG00000143771	ortholog_one2one	1
Cnksr1	ENSMUSG00000028841	ENSG00000142675	ortholog_one2one	1
Cnksr2	ENSMUSG00000025658	ENSG00000149970	ortholog_one2one	1
Cnksr3	ENSMUSG00000015202	ENSG00000153721	ortholog_one2one	1
Cnmd	ENSMUSG00000022025	ENSG00000136110	ortholog_one2one	1
Cnn1	ENSMUSG00000001349	ENSG00000130176	ortholog_one2one	1
Cnn2	ENSMUSG00000004665	ENSG00000064666	ortholog_one2one	1
Cnn3	ENSMUSG00000053931	ENSG00000117519	ortholog_one2one	1
Cnnm1	ENSMUSG00000025189	ENSG00000119946	ortholog_one2one	1
Cnnm2	ENSMUSG00000064105	ENSG00000148842	ortholog_one2one	1
Cnnm3	ENSMUSG00000001138	ENSG00000168763	ortholog_one2one	1
Cnnm4	ENSMUSG00000037408	ENSG00000158158	ortholog_one2one	1
Cnot1	ENSMUSG00000036550	ENSG00000125107	ortholog_one2one	1
Cnot10	ENSMUSG00000056167	ENSG00000182973	ortholog_one2one	1
Cnot11	ENSMUSG00000003135	ENSG00000158435	ortholog_one2one	1
Cnot2	ENSMUSG00000020166	ENSG00000111596	ortholog_one2one	1
Cnot3	ENSMUSG00000035632	ENSG00000088038	ortholog_one2one	1
Cnot4	ENSMUSG00000038784	ENSG00000080802	ortholog_one2one	1
Cnot6	ENSMUSG00000020362	ENSG00000113300	ortholog_one2one	1
Cnot6l	ENSMUSG00000034724	ENSG00000138767	ortholog_one2one	1
Cnot7	ENSMUSG00000031601	ENSG00000198791	ortholog_one2one	1
Cnot8	ENSMUSG00000020515	ENSG00000155508	ortholog_one2one	1
Cnot9	ENSMUSG00000026174	ENSG00000144580	ortholog_one2one	1
Cnp	ENSMUSG00000006782	ENSG00000173786	ortholog_one2one	1
Cnppd1	ENSMUSG00000033159	ENSG00000115649	ortholog_one2one	1
Cnpy2	ENSMUSG00000025381	ENSG00000257727	ortholog_one2one	1
Cnpy3	ENSMUSG00000023973	ENSG00000137161	ortholog_one2one	1
Cnpy4	ENSMUSG00000036968	ENSG00000166997	ortholog_one2one	1
Cnr1	ENSMUSG00000044288	ENSG00000118432	ortholog_one2one	1
Cnr2	ENSMUSG00000062585	ENSG00000188822	ortholog_one2one	1
Cnrip1	ENSMUSG00000044629	ENSG00000119865	ortholog_one2one	1
Cnst	ENSMUSG00000038949	ENSG00000162852	ortholog_one2one	1
Cntd1	ENSMUSG00000078653	ENSG00000176563	ortholog_one2one	1
Cntf	ENSMUSG00000079415	ENSG00000242689	ortholog_one2one	1
Cntfr	ENSMUSG00000028444	ENSG00000122756	ortholog_one2one	1
Cntln	ENSMUSG00000038070	ENSG00000044459	ortholog_one2one	1
Cntn1	ENSMUSG00000055022	ENSG00000018236	ortholog_one2one	1
Cntn2	ENSMUSG00000053024	ENSG00000184144	ortholog_one2one	1
Cntn3	ENSMUSG00000030075	ENSG00000113805	ortholog_one2one	1
Cntn4	ENSMUSG00000064293	ENSG00000144619	ortholog_one2one	1
Cntn5	ENSMUSG00000039488	ENSG00000149972	ortholog_one2one	1
Cntn6	ENSMUSG00000030092	ENSG00000134115	ortholog_one2one	1
Cntnap1	ENSMUSG00000017167	ENSG00000108797	ortholog_one2one	1
Cntnap2	ENSMUSG00000039419	ENSG00000174469	ortholog_one2one	1
Cntnap4	ENSMUSG00000031772	ENSG00000152910	ortholog_one2one	1
Cntrl	ENSMUSG00000057110	ENSG00000119397	ortholog_one2one	1
Cntrob	ENSMUSG00000032782	ENSG00000170037	ortholog_one2one	1
Coa3	ENSMUSG00000017188	ENSG00000183978	ortholog_one2one	1
Coa4	ENSMUSG00000044881	ENSG00000181924	ortholog_one2one	1
Coa5	ENSMUSG00000026112	ENSG00000183513	ortholog_one2one	1
Coa7	ENSMUSG00000048351	ENSG00000162377	ortholog_one2one	1
Coa8	ENSMUSG00000037787	ENSG00000256053	ortholog_one2one	1
Coasy	ENSMUSG00000001755	ENSG00000068120	ortholog_one2one	1
Cobl	ENSMUSG00000020173	ENSG00000106078	ortholog_one2one	1
Cobll1	ENSMUSG00000034903	ENSG00000082438	ortholog_one2one	1
Coch	ENSMUSG00000020953	ENSG00000100473	ortholog_one2one	1
Cog1	ENSMUSG00000018661	ENSG00000166685	ortholog_one2one	1
Cog2	ENSMUSG00000031979	ENSG00000135775	ortholog_one2one	1
Cog3	ENSMUSG00000034893	ENSG00000136152	ortholog_one2one	1
Cog4	ENSMUSG00000031753	ENSG00000103051	ortholog_one2one	1
Cog5	ENSMUSG00000035933	ENSG00000164597	ortholog_one2one	1
Cog6	ENSMUSG00000027742	ENSG00000133103	ortholog_one2one	1
Cog7	ENSMUSG00000034951	ENSG00000168434	ortholog_one2one	1
Cog8	ENSMUSG00000031916	ENSG00000213380	ortholog_one2one	1
Coil	ENSMUSG00000033983	ENSG00000121058	ortholog_one2one	1
Col11a1	ENSMUSG00000027966	ENSG00000060718	ortholog_one2one	1
Col11a2	ENSMUSG00000024330	ENSG00000204248	ortholog_one2one	1
Col12a1	ENSMUSG00000032332	ENSG00000111799	ortholog_one2one	1
Col13a1	ENSMUSG00000058806	ENSG00000197467	ortholog_one2one	1
Col14a1	ENSMUSG00000022371	ENSG00000187955	ortholog_one2one	1
Col15a1	ENSMUSG00000028339	ENSG00000204291	ortholog_one2one	1
Col16a1	ENSMUSG00000040690	ENSG00000084636	ortholog_one2one	1
Col17a1	ENSMUSG00000025064	ENSG00000065618	ortholog_one2one	1
Col18a1	ENSMUSG00000001435	ENSG00000182871	ortholog_one2one	1
Col19a1	ENSMUSG00000026141	ENSG00000082293	ortholog_one2one	1
Col1a1	ENSMUSG00000001506	ENSG00000108821	ortholog_one2one	1
Col1a2	ENSMUSG00000029661	ENSG00000164692	ortholog_one2one	1
Col20a1	ENSMUSG00000016356	ENSG00000101203	ortholog_one2one	1
Col23a1	ENSMUSG00000063564	ENSG00000050767	ortholog_one2one	1
Col25a1	ENSMUSG00000058897	ENSG00000188517	ortholog_one2one	1
Col26a1	ENSMUSG00000004415	ENSG00000160963	ortholog_one2one	1
Col27a1	ENSMUSG00000045672	ENSG00000196739	ortholog_one2one	1
Col28a1	ENSMUSG00000068794	ENSG00000215018	ortholog_one2one	1
Col2a1	ENSMUSG00000022483	ENSG00000139219	ortholog_one2one	1
Col3a1	ENSMUSG00000026043	ENSG00000168542	ortholog_one2one	1
Col4a1	ENSMUSG00000031502	ENSG00000187498	ortholog_one2one	1
Col4a2	ENSMUSG00000031503	ENSG00000134871	ortholog_one2one	1
Col4a3	ENSMUSG00000079465	ENSG00000169031	ortholog_one2one	1
Col4a4	ENSMUSG00000067158	ENSG00000081052	ortholog_one2one	1
Col4a5	ENSMUSG00000031274	ENSG00000188153	ortholog_one2one	1
Col4a6	ENSMUSG00000031273	ENSG00000197565	ortholog_one2one	1
Col5a1	ENSMUSG00000026837	ENSG00000130635	ortholog_one2one	1
Col5a2	ENSMUSG00000026042	ENSG00000204262	ortholog_one2one	1
Col5a3	ENSMUSG00000004098	ENSG00000080573	ortholog_one2one	1
Col6a1	ENSMUSG00000001119	ENSG00000142156	ortholog_one2one	1
Col6a2	ENSMUSG00000020241	ENSG00000142173	ortholog_one2one	1
Col6a3	ENSMUSG00000048126	ENSG00000163359	ortholog_one2one	1
Col6a5	ENSMUSG00000091345	ENSG00000172752	ortholog_one2one	1
Col6a6	ENSMUSG00000043719	ENSG00000206384	ortholog_one2one	1
Col8a1	ENSMUSG00000068196	ENSG00000144810	ortholog_one2one	1
Col8a2	ENSMUSG00000056174	ENSG00000171812	ortholog_one2one	1
Col9a1	ENSMUSG00000026147	ENSG00000112280	ortholog_one2one	1
Col9a2	ENSMUSG00000028626	ENSG00000049089	ortholog_one2one	1
Colec10	ENSMUSG00000038591	ENSG00000184374	ortholog_one2one	1
Colec11	ENSMUSG00000036655	ENSG00000118004	ortholog_one2one	1
Colec12	ENSMUSG00000036103	ENSG00000158270	ortholog_one2one	1
Colgalt1	ENSMUSG00000034807	ENSG00000130309	ortholog_one2one	1
Colgalt2	ENSMUSG00000032649	ENSG00000198756	ortholog_one2one	1
Colq	ENSMUSG00000057606	ENSG00000206561	ortholog_one2one	1
Commd1	ENSMUSG00000051355	ENSG00000173163	ortholog_one2one	1
Commd10	ENSMUSG00000042705	ENSG00000145781	ortholog_one2one	1
Commd2	ENSMUSG00000036513	ENSG00000114744	ortholog_one2one	1
Commd3	ENSMUSG00000051154	ENSG00000148444	ortholog_one2one	1
Commd4	ENSMUSG00000032299	ENSG00000140365	ortholog_one2one	1
Commd5	ENSMUSG00000055041	ENSG00000170619	ortholog_one2one	1
Commd6	ENSMUSG00000075486	ENSG00000188243	ortholog_one2one	1
Commd7	ENSMUSG00000056941	ENSG00000149600	ortholog_one2one	1
Commd8	ENSMUSG00000029213	ENSG00000169019	ortholog_one2one	1
Commd9	ENSMUSG00000027163	ENSG00000110442	ortholog_one2one	1
Comp	ENSMUSG00000031849	ENSG00000105664	ortholog_one2one	1
Comt	ENSMUSG00000000326	ENSG00000093010	ortholog_one2one	1
Comtd1	ENSMUSG00000021773	ENSG00000165644	ortholog_one2one	1
Cop1	ENSMUSG00000040782	ENSG00000143207	ortholog_one2one	1
Copa	ENSMUSG00000026553	ENSG00000122218	ortholog_one2one	1
Copb1	ENSMUSG00000030754	ENSG00000129083	ortholog_one2one	1
Copb2	ENSMUSG00000032458	ENSG00000184432	ortholog_one2one	1
Cope	ENSMUSG00000055681	ENSG00000105669	ortholog_one2one	1
Copg1	ENSMUSG00000030058	ENSG00000181789	ortholog_one2one	1
Copg2	ENSMUSG00000025607	ENSG00000158623	ortholog_one2one	1
Cops2	ENSMUSG00000027206	ENSG00000166200	ortholog_one2one	1
Cops3	ENSMUSG00000019373	ENSG00000141030	ortholog_one2one	1
Cops4	ENSMUSG00000035297	ENSG00000138663	ortholog_one2one	1
Cops5	ENSMUSG00000025917	ENSG00000121022	ortholog_one2one	1
Cops6	ENSMUSG00000019494	ENSG00000168090	ortholog_one2one	1
Cops7a	ENSMUSG00000030127	ENSG00000111652	ortholog_one2one	1
Cops7b	ENSMUSG00000026240	ENSG00000144524	ortholog_one2one	1
Cops8	ENSMUSG00000034432	ENSG00000198612	ortholog_one2one	1
Copz1	ENSMUSG00000060992	ENSG00000111481	ortholog_one2one	1
Copz2	ENSMUSG00000018672	ENSG00000005243	ortholog_one2one	1
Coq10a	ENSMUSG00000039914	ENSG00000135469	ortholog_one2one	1
Coq10b	ENSMUSG00000025981	ENSG00000115520	ortholog_one2one	1
Coq2	ENSMUSG00000029319	ENSG00000173085	ortholog_one2one	1
Coq3	ENSMUSG00000028247	ENSG00000132423	ortholog_one2one	1
Coq4	ENSMUSG00000026798	ENSG00000167113	ortholog_one2one	1
Coq5	ENSMUSG00000041733	ENSG00000110871	ortholog_one2one	1
Coq6	ENSMUSG00000021235	ENSG00000119723	ortholog_one2one	1
Coq7	ENSMUSG00000030652	ENSG00000167186	ortholog_one2one	1
Coq8a	ENSMUSG00000026489	ENSG00000163050	ortholog_one2one	1
Coq8b	ENSMUSG00000003762	ENSG00000123815	ortholog_one2one	1
Coq9	ENSMUSG00000031782	ENSG00000088682	ortholog_one2one	1
Corin	ENSMUSG00000005220	ENSG00000145244	ortholog_one2one	1
Coro1a	ENSMUSG00000030707	ENSG00000102879	ortholog_one2one	1
Coro1b	ENSMUSG00000024835	ENSG00000172725	ortholog_one2one	1
Coro1c	ENSMUSG00000004530	ENSG00000110880	ortholog_one2one	1
Coro2a	ENSMUSG00000028337	ENSG00000106789	ortholog_one2one	1
Coro2b	ENSMUSG00000041729	ENSG00000103647	ortholog_one2one	1
Coro6	ENSMUSG00000020836	ENSG00000167549	ortholog_one2one	1
Coro7	ENSMUSG00000039637	ENSG00000262246	ortholog_one2one	1
Cort	ENSMUSG00000028971	ENSG00000241563	ortholog_one2one	1
Cox10	ENSMUSG00000042148	ENSG00000006695	ortholog_one2one	1
Cox11	ENSMUSG00000020544	ENSG00000166260	ortholog_one2one	1
Cox14	ENSMUSG00000023020	ENSG00000178449	ortholog_one2one	1
Cox15	ENSMUSG00000040018	ENSG00000014919	ortholog_one2one	1
Cox16	ENSMUSG00000091803	ENSG00000133983	ortholog_one2one	1
Cox17	ENSMUSG00000046516	ENSG00000138495	ortholog_one2one	1
Cox18	ENSMUSG00000035505	ENSG00000163626	ortholog_one2one	1
Cox20	ENSMUSG00000026500	ENSG00000203667	ortholog_one2one	1
Cox4i1	ENSMUSG00000031818	ENSG00000131143	ortholog_one2one	1
Cox4i2	ENSMUSG00000009876	ENSG00000131055	ortholog_one2one	1
Cox5a	ENSMUSG00000000088	ENSG00000178741	ortholog_one2one	1
Cox6a1	ENSMUSG00000041697	ENSG00000111775	ortholog_one2one	1
Cox6a2	ENSMUSG00000030785	ENSG00000156885	ortholog_one2one	1
Cox6b1	ENSMUSG00000036751	ENSG00000126267	ortholog_one2one	1
Cox6b2	ENSMUSG00000051811	ENSG00000160471	ortholog_one2one	1
Cox6c	ENSMUSG00000014313	ENSG00000164919	ortholog_one2one	1
Cox7a1	ENSMUSG00000074218	ENSG00000161281	ortholog_one2one	1
Cox7a2l	ENSMUSG00000024248	ENSG00000115944	ortholog_one2one	1
Cox7b2	ENSMUSG00000049387	ENSG00000170516	ortholog_one2one	1
Cox7c	ENSMUSG00000017778	ENSG00000127184	ortholog_one2one	1
Cp	ENSMUSG00000003617	ENSG00000047457	ortholog_one2one	1
Cpa1	ENSMUSG00000054446	ENSG00000091704	ortholog_one2one	1
Cpa2	ENSMUSG00000071553	ENSG00000158516	ortholog_one2one	1
Cpa3	ENSMUSG00000001865	ENSG00000163751	ortholog_one2one	1
Cpa4	ENSMUSG00000039070	ENSG00000128510	ortholog_one2one	1
Cpa5	ENSMUSG00000029788	ENSG00000158525	ortholog_one2one	1
Cpa6	ENSMUSG00000042501	ENSG00000165078	ortholog_one2one	1
Cpap	ENSMUSG00000064128	ENSG00000151849	ortholog_one2one	1
Cpb1	ENSMUSG00000011463	ENSG00000153002	ortholog_one2one	1
Cpb2	ENSMUSG00000021999	ENSG00000080618	ortholog_one2one	1
Cpd	ENSMUSG00000020841	ENSG00000108582	ortholog_one2one	1
Cpe	ENSMUSG00000037852	ENSG00000109472	ortholog_one2one	1
Cpeb1	ENSMUSG00000025586	ENSG00000214575	ortholog_one2one	1
Cpeb2	ENSMUSG00000039782	ENSG00000137449	ortholog_one2one	1
Cpeb3	ENSMUSG00000039652	ENSG00000107864	ortholog_one2one	1
Cpeb4	ENSMUSG00000020300	ENSG00000113742	ortholog_one2one	1
Cped1	ENSMUSG00000062980	ENSG00000106034	ortholog_one2one	1
Cplane1	ENSMUSG00000039801	ENSG00000197603	ortholog_one2one	1
Cplane2	ENSMUSG00000073733	ENSG00000132881	ortholog_one2one	1
Cplx1	ENSMUSG00000033615	ENSG00000168993	ortholog_one2one	1
Cplx2	ENSMUSG00000025867	ENSG00000145920	ortholog_one2one	1
Cplx3	ENSMUSG00000039714	ENSG00000213578	ortholog_one2one	1
Cplx4	ENSMUSG00000024519	ENSG00000166569	ortholog_one2one	1
Cpm	ENSMUSG00000020183	ENSG00000135678	ortholog_one2one	1
Cpn1	ENSMUSG00000025196	ENSG00000120054	ortholog_one2one	1
Cpn2	ENSMUSG00000023176	ENSG00000178772	ortholog_one2one	1
Cpne2	ENSMUSG00000034361	ENSG00000140848	ortholog_one2one	1
Cpne3	ENSMUSG00000028228	ENSG00000085719	ortholog_one2one	1
Cpne4	ENSMUSG00000032564	ENSG00000196353	ortholog_one2one	1
Cpne5	ENSMUSG00000024008	ENSG00000124772	ortholog_one2one	1
Cpne6	ENSMUSG00000022212	ENSG00000100884	ortholog_one2one	1
Cpne7	ENSMUSG00000034796	ENSG00000178773	ortholog_one2one	1
Cpne8	ENSMUSG00000052560	ENSG00000139117	ortholog_one2one	1
Cpne9	ENSMUSG00000030270	ENSG00000144550	ortholog_one2one	1
Cpox	ENSMUSG00000022742	ENSG00000080819	ortholog_one2one	1
Cpped1	ENSMUSG00000065979	ENSG00000103381	ortholog_one2one	1
Cpq	ENSMUSG00000039007	ENSG00000104324	ortholog_one2one	1
Cps1	ENSMUSG00000025991	ENSG00000021826	ortholog_one2one	1
Cpsf1	ENSMUSG00000034022	ENSG00000071894	ortholog_one2one	1
Cpsf2	ENSMUSG00000041781	ENSG00000165934	ortholog_one2one	1
Cpsf3	ENSMUSG00000054309	ENSG00000119203	ortholog_one2one	1
Cpsf4	ENSMUSG00000029625	ENSG00000160917	ortholog_one2one	1
Cpsf4l	ENSMUSG00000018727	ENSG00000187959	ortholog_one2one	1
Cpsf6	ENSMUSG00000055531	ENSG00000111605	ortholog_one2one	1
Cpsf7	ENSMUSG00000034820	ENSG00000149532	ortholog_one2one	1
Cpt1a	ENSMUSG00000024900	ENSG00000110090	ortholog_one2one	1
Cpt1b	ENSMUSG00000078937	ENSG00000205560	ortholog_one2one	1
Cpt1c	ENSMUSG00000007783	ENSG00000169169	ortholog_one2one	1
Cpt2	ENSMUSG00000028607	ENSG00000157184	ortholog_one2one	1
Cptp	ENSMUSG00000029073	ENSG00000224051	ortholog_one2one	1
Cpvl	ENSMUSG00000052955	ENSG00000106066	ortholog_one2one	1
Cpxm1	ENSMUSG00000027408	ENSG00000088882	ortholog_one2one	1
Cpxm2	ENSMUSG00000030862	ENSG00000121898	ortholog_one2one	1
Cpz	ENSMUSG00000036596	ENSG00000109625	ortholog_one2one	1
Crabp1	ENSMUSG00000032291	ENSG00000166426	ortholog_one2one	1
Crabp2	ENSMUSG00000004885	ENSG00000143320	ortholog_one2one	1
Cracd	ENSMUSG00000036377	ENSG00000109265	ortholog_one2one	1
Cracdl	ENSMUSG00000026090	ENSG00000196872	ortholog_one2one	1
Cracr2a	ENSMUSG00000061414	ENSG00000130038	ortholog_one2one	1
Cracr2b	ENSMUSG00000048200	ENSG00000177685	ortholog_one2one	1
Cradd	ENSMUSG00000045867	ENSG00000169372	ortholog_one2one	1
Cramp1	ENSMUSG00000038002	ENSG00000007545	ortholog_one2one	1
Crat	ENSMUSG00000026853	ENSG00000095321	ortholog_one2one	1
Crb1	ENSMUSG00000063681	ENSG00000134376	ortholog_one2one	1
Crb2	ENSMUSG00000035403	ENSG00000148204	ortholog_one2one	1
Crb3	ENSMUSG00000044279	ENSG00000130545	ortholog_one2one	1
Crbn	ENSMUSG00000005362	ENSG00000113851	ortholog_one2one	1
Crcp	ENSMUSG00000025532	ENSG00000241258	ortholog_one2one	1
Creb1	ENSMUSG00000025958	ENSG00000118260	ortholog_one2one	1
Creb3	ENSMUSG00000028466	ENSG00000107175	ortholog_one2one	1
Creb3l1	ENSMUSG00000027230	ENSG00000157613	ortholog_one2one	1
Creb3l2	ENSMUSG00000038648	ENSG00000182158	ortholog_one2one	1
Creb3l3	ENSMUSG00000035041	ENSG00000060566	ortholog_one2one	1
Creb3l4	ENSMUSG00000027938	ENSG00000143578	ortholog_one2one	1
Creb5	ENSMUSG00000053007	ENSG00000146592	ortholog_one2one	1
Crebbp	ENSMUSG00000022521	ENSG00000005339	ortholog_one2one	1
Crebl2	ENSMUSG00000032652	ENSG00000111269	ortholog_one2one	1
Crebrf	ENSMUSG00000048249	ENSG00000164463	ortholog_one2one	1
Crebzf	ENSMUSG00000051451	ENSG00000137504	ortholog_one2one	1
Creg1	ENSMUSG00000040713	ENSG00000143162	ortholog_one2one	1
Creg2	ENSMUSG00000050967	ENSG00000175874	ortholog_one2one	1
Creld1	ENSMUSG00000030284	ENSG00000163703	ortholog_one2one	1
Creld2	ENSMUSG00000023272	ENSG00000184164	ortholog_one2one	1
Crem	ENSMUSG00000063889	ENSG00000095794	ortholog_one2one	1
Crh	ENSMUSG00000049796	ENSG00000147571	ortholog_one2one	1
Crhbp	ENSMUSG00000021680	ENSG00000145708	ortholog_one2one	1
Crhr1	ENSMUSG00000018634	ENSG00000120088	ortholog_one2one	1
Crhr2	ENSMUSG00000003476	ENSG00000106113	ortholog_one2one	1
Crim1	ENSMUSG00000024074	ENSG00000150938	ortholog_one2one	1
Crip1	ENSMUSG00000006360	ENSG00000213145	ortholog_one2one	1
Crip2	ENSMUSG00000006356	ENSG00000182809	ortholog_one2one	1
Crip3	ENSMUSG00000023968	ENSG00000146215	ortholog_one2one	1
Cript	ENSMUSG00000024146	ENSG00000119878	ortholog_one2one	1
Crisp2	ENSMUSG00000023930	ENSG00000124490	ortholog_one2one	1
Crisp4	ENSMUSG00000025774	ENSG00000124812	ortholog_one2one	1
Crispld1	ENSMUSG00000025776	ENSG00000121005	ortholog_one2one	1
Crispld2	ENSMUSG00000031825	ENSG00000103196	ortholog_one2one	1
Crk	ENSMUSG00000017776	ENSG00000167193	ortholog_one2one	1
Crkl	ENSMUSG00000006134	ENSG00000099942	ortholog_one2one	1
Crlf1	ENSMUSG00000007888	ENSG00000006016	ortholog_one2one	1
Crlf3	ENSMUSG00000017561	ENSG00000176390	ortholog_one2one	1
Crls1	ENSMUSG00000027357	ENSG00000088766	ortholog_one2one	1
Crmp1	ENSMUSG00000029121	ENSG00000072832	ortholog_one2one	1
Crnkl1	ENSMUSG00000001767	ENSG00000101343	ortholog_one2one	1
Crnn	ENSMUSG00000078657	ENSG00000143536	ortholog_one2one	1
Crocc	ENSMUSG00000040860	ENSG00000058453	ortholog_one2one	1
Crocc2	ENSMUSG00000084989	ENSG00000226321	ortholog_one2one	1
Crot	ENSMUSG00000003623	ENSG00000005469	ortholog_one2one	1
Crp	ENSMUSG00000037942	ENSG00000132693	ortholog_one2one	1
Crppa	ENSMUSG00000043153	ENSG00000214960	ortholog_one2one	1
Crtac1	ENSMUSG00000042401	ENSG00000095713	ortholog_one2one	1
Crtam	ENSMUSG00000032021	ENSG00000109943	ortholog_one2one	1
Crtap	ENSMUSG00000032431	ENSG00000170275	ortholog_one2one	1
Crtc1	ENSMUSG00000003575	ENSG00000105662	ortholog_one2one	1
Crtc2	ENSMUSG00000027936	ENSG00000160741	ortholog_one2one	1
Crtc3	ENSMUSG00000030527	ENSG00000140577	ortholog_one2one	1
Crx	ENSMUSG00000041578	ENSG00000105392	ortholog_one2one	1
Cry1	ENSMUSG00000020038	ENSG00000008405	ortholog_one2one	1
Cry2	ENSMUSG00000068742	ENSG00000121671	ortholog_one2one	1
Cryaa	ENSMUSG00000024041	ENSG00000160202	ortholog_one2one	1
Cryab	ENSMUSG00000032060	ENSG00000109846	ortholog_one2one	1
Cryba1	ENSMUSG00000000724	ENSG00000108255	ortholog_one2one	1
Cryba2	ENSMUSG00000006546	ENSG00000163499	ortholog_one2one	1
Cryba4	ENSMUSG00000066975	ENSG00000196431	ortholog_one2one	1
Crybb1	ENSMUSG00000029343	ENSG00000100122	ortholog_one2one	1
Crybb2	ENSMUSG00000042240	ENSG00000244752	ortholog_one2one	1
Crybb3	ENSMUSG00000029352	ENSG00000100053	ortholog_one2one	1
Crybg1	ENSMUSG00000019866	ENSG00000112297	ortholog_one2one	1
Crybg2	ENSMUSG00000012123	ENSG00000176092	ortholog_one2one	1
Crybg3	ENSMUSG00000022723	ENSG00000080200	ortholog_one2one	1
Cryga	ENSMUSG00000044429	ENSG00000168582	ortholog_one2one	1
Crygb	ENSMUSG00000073658	ENSG00000182187	ortholog_one2one	1
Crygc	ENSMUSG00000025952	ENSG00000163254	ortholog_one2one	1
Crygn	ENSMUSG00000038135	ENSG00000127377	ortholog_one2one	1
Crygs	ENSMUSG00000033501	ENSG00000213139	ortholog_one2one	1
Cryl1	ENSMUSG00000021947	ENSG00000165475	ortholog_one2one	1
Crym	ENSMUSG00000030905	ENSG00000103316	ortholog_one2one	1
Cryz	ENSMUSG00000028199	ENSG00000116791	ortholog_one2one	1
Cryzl1	ENSMUSG00000058240	ENSG00000205758	ortholog_one2one	1
Csad	ENSMUSG00000023044	ENSG00000139631	ortholog_one2one	1
Csdc2	ENSMUSG00000042109	ENSG00000172346	ortholog_one2one	1
Csde1	ENSMUSG00000068823	ENSG00000009307	ortholog_one2one	1
Cse1l	ENSMUSG00000002718	ENSG00000124207	ortholog_one2one	1
Csf1	ENSMUSG00000014599	ENSG00000184371	ortholog_one2one	1
Csf1r	ENSMUSG00000024621	ENSG00000182578	ortholog_one2one	1
Csf2	ENSMUSG00000018916	ENSG00000164400	ortholog_one2one	1
Csf3	ENSMUSG00000038067	ENSG00000108342	ortholog_one2one	1
Csf3r	ENSMUSG00000028859	ENSG00000119535	ortholog_one2one	1
Csgalnact1	ENSMUSG00000036356	ENSG00000147408	ortholog_one2one	1
Csgalnact2	ENSMUSG00000042042	ENSG00000169826	ortholog_one2one	1
Csk	ENSMUSG00000032312	ENSG00000103653	ortholog_one2one	1
Csmd1	ENSMUSG00000060924	ENSG00000183117	ortholog_one2one	1
Csmd2	ENSMUSG00000028804	ENSG00000121904	ortholog_one2one	1
Csmd3	ENSMUSG00000022311	ENSG00000164796	ortholog_one2one	1
Csnk1a1	ENSMUSG00000024576	ENSG00000113712	ortholog_one2one	1
Csnk1d	ENSMUSG00000025162	ENSG00000141551	ortholog_one2one	1
Csnk1e	ENSMUSG00000022433	ENSG00000213923	ortholog_one2one	1
Csnk1g1	ENSMUSG00000032384	ENSG00000169118	ortholog_one2one	1
Csnk1g2	ENSMUSG00000003345	ENSG00000133275	ortholog_one2one	1
Csnk1g3	ENSMUSG00000073563	ENSG00000151292	ortholog_one2one	1
Csnk2a2	ENSMUSG00000046707	ENSG00000070770	ortholog_one2one	1
Csnk2b	ENSMUSG00000024387	ENSG00000204435	ortholog_one2one	1
Cspg4	ENSMUSG00000032911	ENSG00000173546	ortholog_one2one	1
Cspg5	ENSMUSG00000032482	ENSG00000114646	ortholog_one2one	1
Cspp1	ENSMUSG00000056763	ENSG00000104218	ortholog_one2one	1
Csrnp1	ENSMUSG00000032515	ENSG00000144655	ortholog_one2one	1
Csrnp2	ENSMUSG00000044636	ENSG00000110925	ortholog_one2one	1
Csrnp3	ENSMUSG00000044647	ENSG00000178662	ortholog_one2one	1
Csrp1	ENSMUSG00000026421	ENSG00000159176	ortholog_one2one	1
Csrp2	ENSMUSG00000020186	ENSG00000175183	ortholog_one2one	1
Csrp3	ENSMUSG00000030470	ENSG00000129170	ortholog_one2one	1
Cst11	ENSMUSG00000036958	ENSG00000125831	ortholog_one2one	1
Cst6	ENSMUSG00000024846	ENSG00000175315	ortholog_one2one	1
Cst7	ENSMUSG00000068129	ENSG00000077984	ortholog_one2one	1
Cst8	ENSMUSG00000027442	ENSG00000125815	ortholog_one2one	1
Cstb	ENSMUSG00000005054	ENSG00000160213	ortholog_one2one	1
Cstf1	ENSMUSG00000027498	ENSG00000101138	ortholog_one2one	1
Cstf2	ENSMUSG00000031256	ENSG00000101811	ortholog_one2one	1
Cstf2t	ENSMUSG00000053536	ENSG00000177613	ortholog_one2one	1
Cstf3	ENSMUSG00000027176	ENSG00000176102	ortholog_one2one	1
Cstl1	ENSMUSG00000055177	ENSG00000125823	ortholog_one2one	1
Cstpp1	ENSMUSG00000040591	ENSG00000149179	ortholog_one2one	1
Ctbp1	ENSMUSG00000037373	ENSG00000159692	ortholog_one2one	1
Ctbs	ENSMUSG00000028189	ENSG00000117151	ortholog_one2one	1
Ctc1	ENSMUSG00000020898	ENSG00000178971	ortholog_one2one	1
Ctcf	ENSMUSG00000005698	ENSG00000102974	ortholog_one2one	1
Ctcfl	ENSMUSG00000070495	ENSG00000124092	ortholog_one2one	1
Ctdnep1	ENSMUSG00000018559	ENSG00000175826	ortholog_one2one	1
Ctdp1	ENSMUSG00000033323	ENSG00000060069	ortholog_one2one	1
Ctdsp1	ENSMUSG00000026176	ENSG00000144579	ortholog_one2one	1
Ctdsp2	ENSMUSG00000078429	ENSG00000175215	ortholog_one2one	1
Ctdspl	ENSMUSG00000047409	ENSG00000144677	ortholog_one2one	1
Ctdspl2	ENSMUSG00000033411	ENSG00000137770	ortholog_one2one	1
Ctf1	ENSMUSG00000042340	ENSG00000150281	ortholog_one2one	1
Cth	ENSMUSG00000028179	ENSG00000116761	ortholog_one2one	1
Cthrc1	ENSMUSG00000054196	ENSG00000164932	ortholog_one2one	1
Ctif	ENSMUSG00000052928	ENSG00000134030	ortholog_one2one	1
Ctla4	ENSMUSG00000026011	ENSG00000163599	ortholog_one2one	1
Ctnna1	ENSMUSG00000037815	ENSG00000044115	ortholog_one2one	1
Ctnna2	ENSMUSG00000063063	ENSG00000066032	ortholog_one2one	1
Ctnna3	ENSMUSG00000060843	ENSG00000183230	ortholog_one2one	1
Ctnnal1	ENSMUSG00000038816	ENSG00000119326	ortholog_one2one	1
Ctnnb1	ENSMUSG00000006932	ENSG00000168036	ortholog_one2one	1
Ctnnbip1	ENSMUSG00000028988	ENSG00000178585	ortholog_one2one	1
Ctnnbl1	ENSMUSG00000027649	ENSG00000132792	ortholog_one2one	1
Ctnnd1	ENSMUSG00000034101	ENSG00000198561	ortholog_one2one	1
Ctnnd2	ENSMUSG00000022240	ENSG00000169862	ortholog_one2one	1
Ctns	ENSMUSG00000005949	ENSG00000040531	ortholog_one2one	1
Ctps1	ENSMUSG00000028633	ENSG00000171793	ortholog_one2one	1
Ctps2	ENSMUSG00000031360	ENSG00000047230	ortholog_one2one	1
Ctr9	ENSMUSG00000005609	ENSG00000198730	ortholog_one2one	1
Ctrl	ENSMUSG00000031896	ENSG00000141086	ortholog_one2one	1
Ctsa	ENSMUSG00000017760	ENSG00000064601	ortholog_one2one	1
Ctsb	ENSMUSG00000021939	ENSG00000164733	ortholog_one2one	1
Ctsc	ENSMUSG00000030560	ENSG00000109861	ortholog_one2one	1
Ctsd	ENSMUSG00000007891	ENSG00000117984	ortholog_one2one	1
Ctse	ENSMUSG00000004552	ENSG00000196188	ortholog_one2one	1
Ctsf	ENSMUSG00000083282	ENSG00000174080	ortholog_one2one	1
Ctsg	ENSMUSG00000040314	ENSG00000100448	ortholog_one2one	1
Ctsh	ENSMUSG00000032359	ENSG00000103811	ortholog_one2one	1
Ctsk	ENSMUSG00000028111	ENSG00000143387	ortholog_one2one	1
Ctso	ENSMUSG00000028015	ENSG00000256043	ortholog_one2one	1
Ctss	ENSMUSG00000038642	ENSG00000163131	ortholog_one2one	1
Ctsw	ENSMUSG00000024910	ENSG00000172543	ortholog_one2one	1
Ctsz	ENSMUSG00000016256	ENSG00000101160	ortholog_one2one	1
Cttn	ENSMUSG00000031078	ENSG00000085733	ortholog_one2one	1
Cttnbp2	ENSMUSG00000000416	ENSG00000077063	ortholog_one2one	1
Cttnbp2nl	ENSMUSG00000062127	ENSG00000143079	ortholog_one2one	1
Ctu1	ENSMUSG00000038888	ENSG00000142544	ortholog_one2one	1
Ctu2	ENSMUSG00000049482	ENSG00000174177	ortholog_one2one	1
Ctxn1	ENSMUSG00000048644	ENSG00000178531	ortholog_one2one	1
Ctxn2	ENSMUSG00000074872	ENSG00000233932	ortholog_one2one	1
Ctxn3	ENSMUSG00000069372	ENSG00000205279	ortholog_one2one	1
Ctxnd1	ENSMUSG00000097789	ENSG00000259417	ortholog_one2one	1
Ctxnd2	ENSMUSG00000105734	ENSG00000283324	ortholog_one2one	1
Cubn	ENSMUSG00000026726	ENSG00000107611	ortholog_one2one	1
Cuedc1	ENSMUSG00000018378	ENSG00000180891	ortholog_one2one	1
Cuedc2	ENSMUSG00000036748	ENSG00000107874	ortholog_one2one	1
Cul1	ENSMUSG00000029686	ENSG00000055130	ortholog_one2one	1
Cul2	ENSMUSG00000024231	ENSG00000108094	ortholog_one2one	1
Cul3	ENSMUSG00000004364	ENSG00000036257	ortholog_one2one	1
Cul4a	ENSMUSG00000031446	ENSG00000139842	ortholog_one2one	1
Cul4b	ENSMUSG00000031095	ENSG00000158290	ortholog_one2one	1
Cul5	ENSMUSG00000032030	ENSG00000166266	ortholog_one2one	1
Cul7	ENSMUSG00000038545	ENSG00000044090	ortholog_one2one	1
Cul9	ENSMUSG00000040327	ENSG00000112659	ortholog_one2one	1
Cuta	ENSMUSG00000024194	ENSG00000112514	ortholog_one2one	1
Cutc	ENSMUSG00000025193	ENSG00000119929	ortholog_one2one	1
Cux1	ENSMUSG00000029705	ENSG00000257923	ortholog_one2one	1
Cux2	ENSMUSG00000042589	ENSG00000111249	ortholog_one2one	1
Cuzd1	ENSMUSG00000040205	ENSG00000138161	ortholog_one2one	1
Cwc15	ENSMUSG00000004096	ENSG00000150316	ortholog_one2one	1
Cwc25	ENSMUSG00000018541	ENSG00000273559	ortholog_one2one	1
Cwc27	ENSMUSG00000021715	ENSG00000153015	ortholog_one2one	1
Cwf19l1	ENSMUSG00000025200	ENSG00000095485	ortholog_one2one	1
Cwf19l2	ENSMUSG00000025898	ENSG00000152404	ortholog_one2one	1
Cwh43	ENSMUSG00000029154	ENSG00000109182	ortholog_one2one	1
Cx3cl1	ENSMUSG00000031778	ENSG00000006210	ortholog_one2one	1
Cx3cr1	ENSMUSG00000052336	ENSG00000168329	ortholog_one2one	1
Cxcl10	ENSMUSG00000034855	ENSG00000169245	ortholog_one2one	1
Cxcl12	ENSMUSG00000061353	ENSG00000107562	ortholog_one2one	1
Cxcl17	ENSMUSG00000060188	ENSG00000189377	ortholog_one2one	1
Cxcl5	ENSMUSG00000029371	ENSG00000124875	ortholog_one2one	1
Cxcl9	ENSMUSG00000029417	ENSG00000138755	ortholog_one2one	1
Cxcr1	ENSMUSG00000048480	ENSG00000163464	ortholog_one2one	1
Cxcr2	ENSMUSG00000026180	ENSG00000180871	ortholog_one2one	1
Cxcr3	ENSMUSG00000050232	ENSG00000186810	ortholog_one2one	1
Cxcr4	ENSMUSG00000045382	ENSG00000121966	ortholog_one2one	1
Cxcr5	ENSMUSG00000047880	ENSG00000160683	ortholog_one2one	1
Cxcr6	ENSMUSG00000048521	ENSG00000172215	ortholog_one2one	1
Cxxc1	ENSMUSG00000024560	ENSG00000154832	ortholog_one2one	1
Cxxc4	ENSMUSG00000044365	ENSG00000168772	ortholog_one2one	1
Cxxc5	ENSMUSG00000046668	ENSG00000171604	ortholog_one2one	1
Cyb561	ENSMUSG00000019590	ENSG00000008283	ortholog_one2one	1
Cyb561a3	ENSMUSG00000034445	ENSG00000162144	ortholog_one2one	1
Cyb561d1	ENSMUSG00000048796	ENSG00000174151	ortholog_one2one	1
Cyb561d2	ENSMUSG00000037190	ENSG00000114395	ortholog_one2one	1
Cyb5a	ENSMUSG00000024646	ENSG00000166347	ortholog_one2one	1
Cyb5b	ENSMUSG00000031924	ENSG00000103018	ortholog_one2one	1
Cyb5d1	ENSMUSG00000044795	ENSG00000182224	ortholog_one2one	1
Cyb5d2	ENSMUSG00000057778	ENSG00000167740	ortholog_one2one	1
Cyb5r1	ENSMUSG00000026456	ENSG00000159348	ortholog_one2one	1
Cyb5r2	ENSMUSG00000048065	ENSG00000166394	ortholog_one2one	1
Cyb5r3	ENSMUSG00000018042	ENSG00000100243	ortholog_one2one	1
Cyb5r4	ENSMUSG00000032872	ENSG00000065615	ortholog_one2one	1
Cyb5rl	ENSMUSG00000028621	ENSG00000215883	ortholog_one2one	1
Cyba	ENSMUSG00000006519	ENSG00000051523	ortholog_one2one	1
Cybb	ENSMUSG00000015340	ENSG00000165168	ortholog_one2one	1
Cybc1	ENSMUSG00000039294	ENSG00000178927	ortholog_one2one	1
Cybrd1	ENSMUSG00000027015	ENSG00000071967	ortholog_one2one	1
Cyc1	ENSMUSG00000022551	ENSG00000179091	ortholog_one2one	1
Cyfip1	ENSMUSG00000030447	ENSG00000273749	ortholog_one2one	1
Cyfip2	ENSMUSG00000020340	ENSG00000055163	ortholog_one2one	1
Cygb	ENSMUSG00000020810	ENSG00000161544	ortholog_one2one	1
Cyld	ENSMUSG00000036712	ENSG00000083799	ortholog_one2one	1
Cyp11a1	ENSMUSG00000032323	ENSG00000140459	ortholog_one2one	1
Cyp17a1	ENSMUSG00000003555	ENSG00000148795	ortholog_one2one	1
Cyp19a1	ENSMUSG00000032274	ENSG00000137869	ortholog_one2one	1
Cyp1a1	ENSMUSG00000032315	ENSG00000140465	ortholog_one2one	1
Cyp1a2	ENSMUSG00000032310	ENSG00000140505	ortholog_one2one	1
Cyp1b1	ENSMUSG00000024087	ENSG00000138061	ortholog_one2one	1
Cyp20a1	ENSMUSG00000049439	ENSG00000119004	ortholog_one2one	1
Cyp21a1	ENSMUSG00000024365	ENSG00000231852	ortholog_one2one	1
Cyp24a1	ENSMUSG00000038567	ENSG00000019186	ortholog_one2one	1
Cyp26a1	ENSMUSG00000024987	ENSG00000095596	ortholog_one2one	1
Cyp26b1	ENSMUSG00000063415	ENSG00000003137	ortholog_one2one	1
Cyp26c1	ENSMUSG00000062432	ENSG00000187553	ortholog_one2one	1
Cyp27a1	ENSMUSG00000026170	ENSG00000135929	ortholog_one2one	1
Cyp27b1	ENSMUSG00000006724	ENSG00000111012	ortholog_one2one	1
Cyp2c55	ENSMUSG00000025002	ENSG00000108242	ortholog_one2one	1
Cyp2e1	ENSMUSG00000025479	ENSG00000130649	ortholog_one2one	1
Cyp2f2	ENSMUSG00000052974	ENSG00000197446	ortholog_one2one	1
Cyp2r1	ENSMUSG00000030670	ENSG00000186104	ortholog_one2one	1
Cyp2s1	ENSMUSG00000040703	ENSG00000167600	ortholog_one2one	1
Cyp2u1	ENSMUSG00000027983	ENSG00000155016	ortholog_one2one	1
Cyp2w1	ENSMUSG00000029541	ENSG00000073067	ortholog_one2one	1
Cyp39a1	ENSMUSG00000023963	ENSG00000146233	ortholog_one2one	1
Cyp46a1	ENSMUSG00000021259	ENSG00000036530	ortholog_one2one	1
Cyp4b1	ENSMUSG00000028713	ENSG00000142973	ortholog_one2one	1
Cyp4f39	ENSMUSG00000061126	ENSG00000171954	ortholog_one2one	1
Cyp4v3	ENSMUSG00000079057	ENSG00000145476	ortholog_one2one	1
Cyp4x1	ENSMUSG00000047155	ENSG00000186377	ortholog_one2one	1
Cyp51	ENSMUSG00000001467	ENSG00000001630	ortholog_one2one	1
Cyp7a1	ENSMUSG00000028240	ENSG00000167910	ortholog_one2one	1
Cyp7b1	ENSMUSG00000039519	ENSG00000172817	ortholog_one2one	1
Cyp8b1	ENSMUSG00000050445	ENSG00000180432	ortholog_one2one	1
Cyren	ENSMUSG00000046806	ENSG00000122783	ortholog_one2one	1
Cyria	ENSMUSG00000020589	ENSG00000197872	ortholog_one2one	1
Cyrib	ENSMUSG00000022378	ENSG00000153310	ortholog_one2one	1
Cys1	ENSMUSG00000062563	ENSG00000205795	ortholog_one2one	1
Cysltr1	ENSMUSG00000052821	ENSG00000173198	ortholog_one2one	1
Cysrt1	ENSMUSG00000036731	ENSG00000197191	ortholog_one2one	1
Cystm1	ENSMUSG00000046727	ENSG00000120306	ortholog_one2one	1
Cyth1	ENSMUSG00000017132	ENSG00000108669	ortholog_one2one	1
Cyth2	ENSMUSG00000003269	ENSG00000105443	ortholog_one2one	1
Cyth3	ENSMUSG00000018001	ENSG00000008256	ortholog_one2one	1
Cyth4	ENSMUSG00000018008	ENSG00000100055	ortholog_one2one	1
Cytip	ENSMUSG00000026832	ENSG00000115165	ortholog_one2one	1
Cytl1	ENSMUSG00000062329	ENSG00000170891	ortholog_one2one	1
Cyyr1	ENSMUSG00000041134	ENSG00000166265	ortholog_one2one	1
Czib	ENSMUSG00000028608	ENSG00000162384	ortholog_one2one	1
D030056L22Rik	ENSMUSG00000047044	ENSG00000135045	ortholog_one2one	1
D130043K22Rik	ENSMUSG00000006711	ENSG00000137261	ortholog_one2one	1
D16Ertd472e	ENSMUSG00000022864	ENSG00000154642	ortholog_one2one	1
D17H6S53E	ENSMUSG00000043311	ENSG00000204439	ortholog_one2one	1
D2hgdh	ENSMUSG00000073609	ENSG00000180902	ortholog_one2one	1
D3Ertd751e	ENSMUSG00000025766	ENSG00000151470	ortholog_one2one	1
D430019H16Rik	ENSMUSG00000094910	ENSG00000227051	ortholog_one2one	1
D430041D05Rik	ENSMUSG00000068373	ENSG00000110427	ortholog_one2one	1
D5Ertd579e	ENSMUSG00000029190	ENSG00000170871	ortholog_one2one	1
D630003M21Rik	ENSMUSG00000037813	ENSG00000149633	ortholog_one2one	1
D630023F18Rik	ENSMUSG00000044816	ENSG00000188674	ortholog_one2one	1
D630039A03Rik	ENSMUSG00000052117	ENSG00000188959	ortholog_one2one	1
D630045J12Rik	ENSMUSG00000063455	ENSG00000122778	ortholog_one2one	1
D6Wsu163e	ENSMUSG00000030347	ENSG00000047621	ortholog_one2one	1
D7Ertd443e	ENSMUSG00000030994	ENSG00000154493	ortholog_one2one	1
D8Ertd738e	ENSMUSG00000019362	ENSG00000104979	ortholog_one2one	1
D930020B18Rik	ENSMUSG00000047642	ENSG00000185306	ortholog_one2one	1
Daam1	ENSMUSG00000034574	ENSG00000100592	ortholog_one2one	1
Daam2	ENSMUSG00000040260	ENSG00000146122	ortholog_one2one	1
Dab1	ENSMUSG00000028519	ENSG00000173406	ortholog_one2one	1
Dab2	ENSMUSG00000022150	ENSG00000153071	ortholog_one2one	1
Dab2ip	ENSMUSG00000026883	ENSG00000136848	ortholog_one2one	1
Dach1	ENSMUSG00000055639	ENSG00000276644	ortholog_one2one	1
Dach2	ENSMUSG00000025592	ENSG00000126733	ortholog_one2one	1
Dact1	ENSMUSG00000044548	ENSG00000165617	ortholog_one2one	1
Dact2	ENSMUSG00000048826	ENSG00000164488	ortholog_one2one	1
Dact3	ENSMUSG00000078794	ENSG00000197380	ortholog_one2one	1
Dad1	ENSMUSG00000022174	ENSG00000129562	ortholog_one2one	1
Dag1	ENSMUSG00000039952	ENSG00000173402	ortholog_one2one	1
Dagla	ENSMUSG00000035735	ENSG00000134780	ortholog_one2one	1
Daglb	ENSMUSG00000039206	ENSG00000164535	ortholog_one2one	1
Dalrd3	ENSMUSG00000019039	ENSG00000178149	ortholog_one2one	1
Dand5	ENSMUSG00000053226	ENSG00000179284	ortholog_one2one	1
Dao	ENSMUSG00000042096	ENSG00000110887	ortholog_one2one	1
Dap	ENSMUSG00000039168	ENSG00000112977	ortholog_one2one	1
Dap3	ENSMUSG00000068921	ENSG00000132676	ortholog_one2one	1
Dapk1	ENSMUSG00000021559	ENSG00000196730	ortholog_one2one	1
Dapk2	ENSMUSG00000032380	ENSG00000035664	ortholog_one2one	1
Dapk3	ENSMUSG00000034974	ENSG00000167657	ortholog_one2one	1
Dapl1	ENSMUSG00000026989	ENSG00000163331	ortholog_one2one	1
Dapp1	ENSMUSG00000028159	ENSG00000070190	ortholog_one2one	1
Dars1	ENSMUSG00000026356	ENSG00000115866	ortholog_one2one	1
Dars2	ENSMUSG00000026709	ENSG00000117593	ortholog_one2one	1
Daw1	ENSMUSG00000053161	ENSG00000123977	ortholog_one2one	1
Daxx	ENSMUSG00000002307	ENSG00000204209	ortholog_one2one	1
Dazap1	ENSMUSG00000069565	ENSG00000071626	ortholog_one2one	1
Dazap2	ENSMUSG00000000346	ENSG00000183283	ortholog_one2one	1
Dbf4	ENSMUSG00000002297	ENSG00000006634	ortholog_one2one	1
Dbh	ENSMUSG00000000889	ENSG00000123454	ortholog_one2one	1
Dbn1	ENSMUSG00000034675	ENSG00000113758	ortholog_one2one	1
Dbndd1	ENSMUSG00000031970	ENSG00000003249	ortholog_one2one	1
Dbndd2	ENSMUSG00000017734	ENSG00000244274	ortholog_one2one	1
Dbnl	ENSMUSG00000020476	ENSG00000136279	ortholog_one2one	1
Dbp	ENSMUSG00000059824	ENSG00000105516	ortholog_one2one	1
Dbr1	ENSMUSG00000032469	ENSG00000138231	ortholog_one2one	1
Dbt	ENSMUSG00000000340	ENSG00000137992	ortholog_one2one	1
Dbx1	ENSMUSG00000030507	ENSG00000109851	ortholog_one2one	1
Dbx2	ENSMUSG00000045608	ENSG00000185610	ortholog_one2one	1
Dcaf1	ENSMUSG00000040325	ENSG00000145041	ortholog_one2one	1
Dcaf10	ENSMUSG00000035572	ENSG00000122741	ortholog_one2one	1
Dcaf11	ENSMUSG00000022214	ENSG00000100897	ortholog_one2one	1
Dcaf12	ENSMUSG00000028436	ENSG00000198876	ortholog_one2one	1
Dcaf13	ENSMUSG00000022300	ENSG00000164934	ortholog_one2one	1
Dcaf15	ENSMUSG00000037103	ENSG00000132017	ortholog_one2one	1
Dcaf17	ENSMUSG00000041966	ENSG00000115827	ortholog_one2one	1
Dcaf5	ENSMUSG00000049106	ENSG00000139990	ortholog_one2one	1
Dcaf6	ENSMUSG00000026571	ENSG00000143164	ortholog_one2one	1
Dcaf7	ENSMUSG00000049354	ENSG00000136485	ortholog_one2one	1
Dcaf8	ENSMUSG00000026554	ENSG00000132716	ortholog_one2one	1
Dcakd	ENSMUSG00000020935	ENSG00000172992	ortholog_one2one	1
Dcbld1	ENSMUSG00000019891	ENSG00000164465	ortholog_one2one	1
Dcbld2	ENSMUSG00000035107	ENSG00000057019	ortholog_one2one	1
Dcc	ENSMUSG00000060534	ENSG00000187323	ortholog_one2one	1
Dcdc2a	ENSMUSG00000035910	ENSG00000146038	ortholog_one2one	1
Dcdc2b	ENSMUSG00000078552	ENSG00000222046	ortholog_one2one	1
Dchs1	ENSMUSG00000036862	ENSG00000166341	ortholog_one2one	1
Dchs2	ENSMUSG00000102692	ENSG00000197410	ortholog_one2one	1
Dck	ENSMUSG00000029366	ENSG00000156136	ortholog_one2one	1
Dclk1	ENSMUSG00000027797	ENSG00000133083	ortholog_one2one	1
Dclk2	ENSMUSG00000028078	ENSG00000170390	ortholog_one2one	1
Dclk3	ENSMUSG00000032500	ENSG00000163673	ortholog_one2one	1
Dclre1a	ENSMUSG00000025077	ENSG00000198924	ortholog_one2one	1
Dclre1b	ENSMUSG00000027845	ENSG00000118655	ortholog_one2one	1
Dclre1c	ENSMUSG00000026648	ENSG00000152457	ortholog_one2one	1
Dcn	ENSMUSG00000019929	ENSG00000011465	ortholog_one2one	1
Dcp1a	ENSMUSG00000021962	ENSG00000272886	ortholog_one2one	1
Dcp1b	ENSMUSG00000041477	ENSG00000151065	ortholog_one2one	1
Dcp2	ENSMUSG00000024472	ENSG00000172795	ortholog_one2one	1
Dcps	ENSMUSG00000032040	ENSG00000110063	ortholog_one2one	1
Dcst1	ENSMUSG00000042672	ENSG00000163357	ortholog_one2one	1
Dcst2	ENSMUSG00000109293	ENSG00000163354	ortholog_one2one	1
Dcstamp	ENSMUSG00000022303	ENSG00000164935	ortholog_one2one	1
Dct	ENSMUSG00000022129	ENSG00000080166	ortholog_one2one	1
Dctd	ENSMUSG00000031562	ENSG00000129187	ortholog_one2one	1
Dctn1	ENSMUSG00000031865	ENSG00000204843	ortholog_one2one	1
Dctn2	ENSMUSG00000025410	ENSG00000175203	ortholog_one2one	1
Dctn3	ENSMUSG00000028447	ENSG00000137100	ortholog_one2one	1
Dctn4	ENSMUSG00000024603	ENSG00000132912	ortholog_one2one	1
Dctn5	ENSMUSG00000030868	ENSG00000166847	ortholog_one2one	1
Dctn6	ENSMUSG00000031516	ENSG00000104671	ortholog_one2one	1
Dctpp1	ENSMUSG00000042462	ENSG00000179958	ortholog_one2one	1
Dcun1d2	ENSMUSG00000038506	ENSG00000150401	ortholog_one2one	1
Dcun1d3	ENSMUSG00000048787	ENSG00000188215	ortholog_one2one	1
Dcun1d4	ENSMUSG00000051674	ENSG00000109184	ortholog_one2one	1
Dcun1d5	ENSMUSG00000032002	ENSG00000137692	ortholog_one2one	1
Dcx	ENSMUSG00000031285	ENSG00000077279	ortholog_one2one	1
Dcxr	ENSMUSG00000039450	ENSG00000169738	ortholog_one2one	1
Dda1	ENSMUSG00000074247	ENSG00000130311	ortholog_one2one	1
Ddah1	ENSMUSG00000028194	ENSG00000153904	ortholog_one2one	1
Ddah2	ENSMUSG00000007039	ENSG00000213722	ortholog_one2one	1
Ddb1	ENSMUSG00000024740	ENSG00000167986	ortholog_one2one	1
Ddb2	ENSMUSG00000002109	ENSG00000134574	ortholog_one2one	1
Ddc	ENSMUSG00000020182	ENSG00000132437	ortholog_one2one	1
Ddhd1	ENSMUSG00000037697	ENSG00000100523	ortholog_one2one	1
Ddhd2	ENSMUSG00000061313	ENSG00000085788	ortholog_one2one	1
Ddi1	ENSMUSG00000047619	ENSG00000170967	ortholog_one2one	1
Ddit3	ENSMUSG00000025408	ENSG00000175197	ortholog_one2one	1
Ddit4	ENSMUSG00000020108	ENSG00000168209	ortholog_one2one	1
Ddit4l	ENSMUSG00000046818	ENSG00000145358	ortholog_one2one	1
Ddn	ENSMUSG00000059213	ENSG00000181418	ortholog_one2one	1
Ddo	ENSMUSG00000063428	ENSG00000203797	ortholog_one2one	1
Ddost	ENSMUSG00000028757	ENSG00000244038	ortholog_one2one	1
Ddr1	ENSMUSG00000003534	ENSG00000204580	ortholog_one2one	1
Ddr2	ENSMUSG00000026674	ENSG00000162733	ortholog_one2one	1
Ddrgk1	ENSMUSG00000068290	ENSG00000198171	ortholog_one2one	1
Ddx1	ENSMUSG00000037149	ENSG00000079785	ortholog_one2one	1
Ddx10	ENSMUSG00000053289	ENSG00000178105	ortholog_one2one	1
Ddx11	ENSMUSG00000035842	ENSG00000013573	ortholog_one2one	1
Ddx17	ENSMUSG00000055065	ENSG00000100201	ortholog_one2one	1
Ddx18	ENSMUSG00000001674	ENSG00000088205	ortholog_one2one	1
Ddx19a	ENSMUSG00000015023	ENSG00000168872	ortholog_one2one	1
Ddx19b	ENSMUSG00000033658	ENSG00000157349	ortholog_one2one	1
Ddx20	ENSMUSG00000027905	ENSG00000064703	ortholog_one2one	1
Ddx21	ENSMUSG00000020075	ENSG00000165732	ortholog_one2one	1
Ddx23	ENSMUSG00000003360	ENSG00000174243	ortholog_one2one	1
Ddx24	ENSMUSG00000041645	ENSG00000089737	ortholog_one2one	1
Ddx25	ENSMUSG00000032101	ENSG00000109832	ortholog_one2one	1
Ddx27	ENSMUSG00000017999	ENSG00000124228	ortholog_one2one	1
Ddx28	ENSMUSG00000045538	ENSG00000182810	ortholog_one2one	1
Ddx31	ENSMUSG00000026806	ENSG00000125485	ortholog_one2one	1
Ddx39a	ENSMUSG00000005481	ENSG00000123136	ortholog_one2one	1
Ddx39b	ENSMUSG00000019432	ENSG00000198563	ortholog_one2one	1
Ddx3y	ENSMUSG00000069045	ENSG00000067048	ortholog_one2one	1
Ddx4	ENSMUSG00000021758	ENSG00000152670	ortholog_one2one	1
Ddx41	ENSMUSG00000021494	ENSG00000183258	ortholog_one2one	1
Ddx42	ENSMUSG00000020705	ENSG00000198231	ortholog_one2one	1
Ddx46	ENSMUSG00000021500	ENSG00000145833	ortholog_one2one	1
Ddx47	ENSMUSG00000030204	ENSG00000213782	ortholog_one2one	1
Ddx49	ENSMUSG00000057788	ENSG00000105671	ortholog_one2one	1
Ddx5	ENSMUSG00000020719	ENSG00000108654	ortholog_one2one	1
Ddx50	ENSMUSG00000020076	ENSG00000107625	ortholog_one2one	1
Ddx51	ENSMUSG00000029504	ENSG00000185163	ortholog_one2one	1
Ddx52	ENSMUSG00000020677	ENSG00000278053	ortholog_one2one	1
Ddx54	ENSMUSG00000029599	ENSG00000123064	ortholog_one2one	1
Ddx55	ENSMUSG00000029389	ENSG00000111364	ortholog_one2one	1
Ddx56	ENSMUSG00000004393	ENSG00000136271	ortholog_one2one	1
Ddx59	ENSMUSG00000026404	ENSG00000118197	ortholog_one2one	1
Ddx6	ENSMUSG00000032097	ENSG00000110367	ortholog_one2one	1
Ddx60	ENSMUSG00000037921	ENSG00000137628	ortholog_one2one	1
Deaf1	ENSMUSG00000058886	ENSG00000177030	ortholog_one2one	1
Decr1	ENSMUSG00000028223	ENSG00000104325	ortholog_one2one	1
Decr2	ENSMUSG00000036775	ENSG00000242612	ortholog_one2one	1
Dedd	ENSMUSG00000013973	ENSG00000158796	ortholog_one2one	1
Dedd2	ENSMUSG00000054499	ENSG00000160570	ortholog_one2one	1
Def6	ENSMUSG00000002257	ENSG00000023892	ortholog_one2one	1
Def8	ENSMUSG00000001482	ENSG00000140995	ortholog_one2one	1
Defb18	ENSMUSG00000073735	ENSG00000214642	ortholog_one2one	1
Defb19	ENSMUSG00000050645	ENSG00000180483	ortholog_one2one	1
Defb25	ENSMUSG00000074678	ENSG00000180383	ortholog_one2one	1
Defb36	ENSMUSG00000044863	ENSG00000180424	ortholog_one2one	1
Defb41	ENSMUSG00000067773	ENSG00000203970	ortholog_one2one	1
Defb42	ENSMUSG00000054763	ENSG00000205884	ortholog_one2one	1
Degs2	ENSMUSG00000021263	ENSG00000168350	ortholog_one2one	1
Dek	ENSMUSG00000021377	ENSG00000124795	ortholog_one2one	1
Dele1	ENSMUSG00000024442	ENSG00000081791	ortholog_one2one	1
Dennd10	ENSMUSG00000024993	ENSG00000119979	ortholog_one2one	1
Dennd11	ENSMUSG00000037172	ENSG00000257093	ortholog_one2one	1
Dennd1a	ENSMUSG00000035392	ENSG00000119522	ortholog_one2one	1
Dennd1b	ENSMUSG00000056268	ENSG00000213047	ortholog_one2one	1
Dennd1c	ENSMUSG00000002668	ENSG00000205744	ortholog_one2one	1
Dennd2a	ENSMUSG00000038456	ENSG00000146966	ortholog_one2one	1
Dennd2b	ENSMUSG00000031024	ENSG00000166444	ortholog_one2one	1
Dennd2c	ENSMUSG00000007379	ENSG00000175984	ortholog_one2one	1
Dennd2d	ENSMUSG00000027901	ENSG00000162777	ortholog_one2one	1
Dennd3	ENSMUSG00000036661	ENSG00000105339	ortholog_one2one	1
Dennd4a	ENSMUSG00000053641	ENSG00000174485	ortholog_one2one	1
Dennd4b	ENSMUSG00000042404	ENSG00000198837	ortholog_one2one	1
Dennd4c	ENSMUSG00000038024	ENSG00000137145	ortholog_one2one	1
Dennd5a	ENSMUSG00000035901	ENSG00000184014	ortholog_one2one	1
Dennd5b	ENSMUSG00000030313	ENSG00000170456	ortholog_one2one	1
Dennd6a	ENSMUSG00000040818	ENSG00000174839	ortholog_one2one	1
Dennd6b	ENSMUSG00000015377	ENSG00000205593	ortholog_one2one	1
Denr	ENSMUSG00000023106	ENSG00000139726	ortholog_one2one	1
Depdc1a	ENSMUSG00000028175	ENSG00000024526	ortholog_one2one	1
Depdc1b	ENSMUSG00000021697	ENSG00000035499	ortholog_one2one	1
Depdc5	ENSMUSG00000037426	ENSG00000100150	ortholog_one2one	1
Depdc7	ENSMUSG00000027173	ENSG00000121690	ortholog_one2one	1
Depp1	ENSMUSG00000048489	ENSG00000165507	ortholog_one2one	1
Deptor	ENSMUSG00000022419	ENSG00000155792	ortholog_one2one	1
Dera	ENSMUSG00000030225	ENSG00000023697	ortholog_one2one	1
Derl1	ENSMUSG00000022365	ENSG00000136986	ortholog_one2one	1
Derl2	ENSMUSG00000018442	ENSG00000072849	ortholog_one2one	1
Derl3	ENSMUSG00000009092	ENSG00000099958	ortholog_one2one	1
Derpc	ENSMUSG00000117748	ENSG00000286140	ortholog_one2one	1
Des	ENSMUSG00000026208	ENSG00000175084	ortholog_one2one	1
Desi1	ENSMUSG00000022472	ENSG00000100418	ortholog_one2one	1
Desi2	ENSMUSG00000026502	ENSG00000121644	ortholog_one2one	1
Det1	ENSMUSG00000030610	ENSG00000140543	ortholog_one2one	1
Deup1	ENSMUSG00000039977	ENSG00000165325	ortholog_one2one	1
Dexi	ENSMUSG00000038055	ENSG00000182108	ortholog_one2one	1
Dffa	ENSMUSG00000028974	ENSG00000160049	ortholog_one2one	1
Dffb	ENSMUSG00000029027	ENSG00000169598	ortholog_one2one	1
Dgat1	ENSMUSG00000022555	ENSG00000185000	ortholog_one2one	1
Dgat2	ENSMUSG00000030747	ENSG00000062282	ortholog_one2one	1
Dgat2l6	ENSMUSG00000067597	ENSG00000184210	ortholog_one2one	1
Dgcr2	ENSMUSG00000003166	ENSG00000070413	ortholog_one2one	1
Dgcr8	ENSMUSG00000022718	ENSG00000128191	ortholog_one2one	1
Dgka	ENSMUSG00000025357	ENSG00000065357	ortholog_one2one	1
Dgkb	ENSMUSG00000036095	ENSG00000136267	ortholog_one2one	1
Dgkd	ENSMUSG00000070738	ENSG00000077044	ortholog_one2one	1
Dgke	ENSMUSG00000000276	ENSG00000153933	ortholog_one2one	1
Dgkg	ENSMUSG00000022861	ENSG00000058866	ortholog_one2one	1
Dgkh	ENSMUSG00000034731	ENSG00000102780	ortholog_one2one	1
Dgki	ENSMUSG00000038665	ENSG00000157680	ortholog_one2one	1
Dgkk	ENSMUSG00000062393	ENSG00000274588	ortholog_one2one	1
Dgkq	ENSMUSG00000004815	ENSG00000145214	ortholog_one2one	1
Dgkz	ENSMUSG00000040479	ENSG00000149091	ortholog_one2one	1
Dglucy	ENSMUSG00000021185	ENSG00000133943	ortholog_one2one	1
Dguok	ENSMUSG00000014554	ENSG00000114956	ortholog_one2one	1
Dhcr24	ENSMUSG00000034926	ENSG00000116133	ortholog_one2one	1
Dhcr7	ENSMUSG00000058454	ENSG00000172893	ortholog_one2one	1
Dhdds	ENSMUSG00000012117	ENSG00000117682	ortholog_one2one	1
Dhdh	ENSMUSG00000011382	ENSG00000104808	ortholog_one2one	1
Dhh	ENSMUSG00000023000	ENSG00000139549	ortholog_one2one	1
Dhodh	ENSMUSG00000031730	ENSG00000102967	ortholog_one2one	1
Dhps	ENSMUSG00000060038	ENSG00000095059	ortholog_one2one	1
Dhrs1	ENSMUSG00000002332	ENSG00000157379	ortholog_one2one	1
Dhrs11	ENSMUSG00000034449	ENSG00000278535	ortholog_one2one	1
Dhrs13	ENSMUSG00000020834	ENSG00000167536	ortholog_one2one	1
Dhrs2	ENSMUSG00000022209	ENSG00000100867	ortholog_one2one	1
Dhrs3	ENSMUSG00000066026	ENSG00000162496	ortholog_one2one	1
Dhrs7b	ENSMUSG00000042569	ENSG00000109016	ortholog_one2one	1
Dhrs7c	ENSMUSG00000033044	ENSG00000184544	ortholog_one2one	1
Dhrs9	ENSMUSG00000027068	ENSG00000073737	ortholog_one2one	1
Dhtkd1	ENSMUSG00000025815	ENSG00000181192	ortholog_one2one	1
Dhx15	ENSMUSG00000029169	ENSG00000109606	ortholog_one2one	1
Dhx16	ENSMUSG00000024422	ENSG00000204560	ortholog_one2one	1
Dhx29	ENSMUSG00000042426	ENSG00000067248	ortholog_one2one	1
Dhx30	ENSMUSG00000032480	ENSG00000132153	ortholog_one2one	1
Dhx32	ENSMUSG00000030986	ENSG00000089876	ortholog_one2one	1
Dhx33	ENSMUSG00000040620	ENSG00000005100	ortholog_one2one	1
Dhx34	ENSMUSG00000006019	ENSG00000134815	ortholog_one2one	1
Dhx35	ENSMUSG00000027655	ENSG00000101452	ortholog_one2one	1
Dhx36	ENSMUSG00000027770	ENSG00000174953	ortholog_one2one	1
Dhx37	ENSMUSG00000029480	ENSG00000150990	ortholog_one2one	1
Dhx38	ENSMUSG00000037993	ENSG00000140829	ortholog_one2one	1
Dhx40	ENSMUSG00000018425	ENSG00000108406	ortholog_one2one	1
Dhx57	ENSMUSG00000035051	ENSG00000163214	ortholog_one2one	1
Dhx58	ENSMUSG00000017830	ENSG00000108771	ortholog_one2one	1
Dhx8	ENSMUSG00000034931	ENSG00000067596	ortholog_one2one	1
Dhx9	ENSMUSG00000042699	ENSG00000135829	ortholog_one2one	1
Diablo	ENSMUSG00000029433	ENSG00000184047	ortholog_one2one	1
Diaph1	ENSMUSG00000024456	ENSG00000131504	ortholog_one2one	1
Diaph2	ENSMUSG00000034480	ENSG00000147202	ortholog_one2one	1
Diaph3	ENSMUSG00000022021	ENSG00000139734	ortholog_one2one	1
Dicer1	ENSMUSG00000041415	ENSG00000100697	ortholog_one2one	1
Dido1	ENSMUSG00000038914	ENSG00000101191	ortholog_one2one	1
Dimt1	ENSMUSG00000021692	ENSG00000086189	ortholog_one2one	1
Dio1	ENSMUSG00000034785	ENSG00000211452	ortholog_one2one	1
Dio2	ENSMUSG00000007682	ENSG00000211448	ortholog_one2one	1
Dio3	ENSMUSG00000075707	ENSG00000197406	ortholog_one2one	1
Dip2a	ENSMUSG00000020231	ENSG00000160305	ortholog_one2one	1
Dip2b	ENSMUSG00000023026	ENSG00000066084	ortholog_one2one	1
Dip2c	ENSMUSG00000048264	ENSG00000151240	ortholog_one2one	1
Dipk1a	ENSMUSG00000029270	ENSG00000154511	ortholog_one2one	1
Dipk1b	ENSMUSG00000036186	ENSG00000165716	ortholog_one2one	1
Dipk1c	ENSMUSG00000047992	ENSG00000187773	ortholog_one2one	1
Dipk2a	ENSMUSG00000045414	ENSG00000181744	ortholog_one2one	1
Dipk2b	ENSMUSG00000037358	ENSG00000147113	ortholog_one2one	1
Diras1	ENSMUSG00000043670	ENSG00000176490	ortholog_one2one	1
Diras2	ENSMUSG00000047842	ENSG00000165023	ortholog_one2one	1
Dis3	ENSMUSG00000033166	ENSG00000083520	ortholog_one2one	1
Dis3l	ENSMUSG00000032396	ENSG00000166938	ortholog_one2one	1
Dis3l2	ENSMUSG00000053333	ENSG00000144535	ortholog_one2one	1
Disc1	ENSMUSG00000043051	ENSG00000162946	ortholog_one2one	1
Disp1	ENSMUSG00000030768	ENSG00000154309	ortholog_one2one	1
Disp2	ENSMUSG00000040035	ENSG00000140323	ortholog_one2one	1
Disp3	ENSMUSG00000041544	ENSG00000204624	ortholog_one2one	1
Dixdc1	ENSMUSG00000032064	ENSG00000150764	ortholog_one2one	1
Dkc1	ENSMUSG00000031403	ENSG00000130826	ortholog_one2one	1
Dkk1	ENSMUSG00000024868	ENSG00000107984	ortholog_one2one	1
Dkk2	ENSMUSG00000028031	ENSG00000155011	ortholog_one2one	1
Dkk3	ENSMUSG00000030772	ENSG00000050165	ortholog_one2one	1
Dkk4	ENSMUSG00000031535	ENSG00000104371	ortholog_one2one	1
Dkkl1	ENSMUSG00000030792	ENSG00000104901	ortholog_one2one	1
Dlat	ENSMUSG00000000168	ENSG00000150768	ortholog_one2one	1
Dlc1	ENSMUSG00000031523	ENSG00000164741	ortholog_one2one	1
Dld	ENSMUSG00000020664	ENSG00000091140	ortholog_one2one	1
Dlec1	ENSMUSG00000038060	ENSG00000008226	ortholog_one2one	1
Dleu7	ENSMUSG00000048281	ENSG00000186047	ortholog_one2one	1
Dlg1	ENSMUSG00000022770	ENSG00000075711	ortholog_one2one	1
Dlg2	ENSMUSG00000052572	ENSG00000150672	ortholog_one2one	1
Dlg3	ENSMUSG00000000881	ENSG00000082458	ortholog_one2one	1
Dlg4	ENSMUSG00000020886	ENSG00000132535	ortholog_one2one	1
Dlg5	ENSMUSG00000021782	ENSG00000151208	ortholog_one2one	1
Dlgap1	ENSMUSG00000003279	ENSG00000170579	ortholog_one2one	1
Dlgap2	ENSMUSG00000047495	ENSG00000198010	ortholog_one2one	1
Dlgap3	ENSMUSG00000042388	ENSG00000116544	ortholog_one2one	1
Dlgap4	ENSMUSG00000061689	ENSG00000080845	ortholog_one2one	1
Dlgap5	ENSMUSG00000037544	ENSG00000126787	ortholog_one2one	1
Dlk1	ENSMUSG00000040856	ENSG00000185559	ortholog_one2one	1
Dlk2	ENSMUSG00000047428	ENSG00000171462	ortholog_one2one	1
Dll1	ENSMUSG00000014773	ENSG00000198719	ortholog_one2one	1
Dll3	ENSMUSG00000003436	ENSG00000090932	ortholog_one2one	1
Dll4	ENSMUSG00000027314	ENSG00000128917	ortholog_one2one	1
Dlst	ENSMUSG00000004789	ENSG00000119689	ortholog_one2one	1
Dlx1	ENSMUSG00000041911	ENSG00000144355	ortholog_one2one	1
Dlx2	ENSMUSG00000023391	ENSG00000115844	ortholog_one2one	1
Dlx3	ENSMUSG00000001510	ENSG00000064195	ortholog_one2one	1
Dlx4	ENSMUSG00000020871	ENSG00000108813	ortholog_one2one	1
Dlx5	ENSMUSG00000029755	ENSG00000105880	ortholog_one2one	1
Dlx6	ENSMUSG00000029754	ENSG00000006377	ortholog_one2one	1
Dmac2	ENSMUSG00000057229	ENSG00000105341	ortholog_one2one	1
Dmac2l	ENSMUSG00000054894	ENSG00000125375	ortholog_one2one	1
Dmap1	ENSMUSG00000009640	ENSG00000178028	ortholog_one2one	1
Dmbx1	ENSMUSG00000028707	ENSG00000197587	ortholog_one2one	1
Dmc1	ENSMUSG00000022429	ENSG00000100206	ortholog_one2one	1
Dmd	ENSMUSG00000045103	ENSG00000198947	ortholog_one2one	1
Dmgdh	ENSMUSG00000042102	ENSG00000132837	ortholog_one2one	1
Dmkn	ENSMUSG00000060962	ENSG00000161249	ortholog_one2one	1
Dmp1	ENSMUSG00000029307	ENSG00000152592	ortholog_one2one	1
Dmpk	ENSMUSG00000030409	ENSG00000104936	ortholog_one2one	1
Dmrt1	ENSMUSG00000024837	ENSG00000137090	ortholog_one2one	1
Dmrt2	ENSMUSG00000048138	ENSG00000173253	ortholog_one2one	1
Dmrt3	ENSMUSG00000042372	ENSG00000064218	ortholog_one2one	1
Dmrta1	ENSMUSG00000043753	ENSG00000176399	ortholog_one2one	1
Dmrta2	ENSMUSG00000047143	ENSG00000142700	ortholog_one2one	1
Dmrtc2	ENSMUSG00000011349	ENSG00000142025	ortholog_one2one	1
Dmtn	ENSMUSG00000022099	ENSG00000158856	ortholog_one2one	1
Dmwd	ENSMUSG00000030410	ENSG00000185800	ortholog_one2one	1
Dmxl1	ENSMUSG00000037416	ENSG00000172869	ortholog_one2one	1
Dmxl2	ENSMUSG00000041268	ENSG00000104093	ortholog_one2one	1
Dna2	ENSMUSG00000036875	ENSG00000138346	ortholog_one2one	1
Dnaaf1	ENSMUSG00000031831	ENSG00000154099	ortholog_one2one	1
Dnaaf10	ENSMUSG00000078970	ENSG00000243667	ortholog_one2one	1
Dnaaf11	ENSMUSG00000022375	ENSG00000129295	ortholog_one2one	1
Dnaaf2	ENSMUSG00000020973	ENSG00000165506	ortholog_one2one	1
Dnaaf3	ENSMUSG00000055809	ENSG00000167646	ortholog_one2one	1
Dnaaf4	ENSMUSG00000092192	ENSG00000256061	ortholog_one2one	1
Dnaaf5	ENSMUSG00000025857	ENSG00000164818	ortholog_one2one	1
Dnaaf9	ENSMUSG00000027309	ENSG00000088854	ortholog_one2one	1
Dnah1	ENSMUSG00000019027	ENSG00000114841	ortholog_one2one	1
Dnah10	ENSMUSG00000038011	ENSG00000197653	ortholog_one2one	1
Dnah11	ENSMUSG00000018581	ENSG00000105877	ortholog_one2one	1
Dnah12	ENSMUSG00000021879	ENSG00000174844	ortholog_one2one	1
Dnah14	ENSMUSG00000047369	ENSG00000185842	ortholog_one2one	1
Dnah17	ENSMUSG00000033987	ENSG00000187775	ortholog_one2one	1
Dnah2	ENSMUSG00000005237	ENSG00000183914	ortholog_one2one	1
Dnah3	ENSMUSG00000052273	ENSG00000158486	ortholog_one2one	1
Dnah5	ENSMUSG00000022262	ENSG00000039139	ortholog_one2one	1
Dnah6	ENSMUSG00000052861	ENSG00000115423	ortholog_one2one	1
Dnah8	ENSMUSG00000033826	ENSG00000124721	ortholog_one2one	1
Dnah9	ENSMUSG00000056752	ENSG00000007174	ortholog_one2one	1
Dnai1	ENSMUSG00000061322	ENSG00000122735	ortholog_one2one	1
Dnai2	ENSMUSG00000034706	ENSG00000171595	ortholog_one2one	1
Dnai3	ENSMUSG00000043020	ENSG00000162643	ortholog_one2one	1
Dnai4	ENSMUSG00000035126	ENSG00000152763	ortholog_one2one	1
Dnai7	ENSMUSG00000043541	ENSG00000118307	ortholog_one2one	1
Dnaja1	ENSMUSG00000028410	ENSG00000086061	ortholog_one2one	1
Dnaja2	ENSMUSG00000031701	ENSG00000069345	ortholog_one2one	1
Dnaja3	ENSMUSG00000004069	ENSG00000103423	ortholog_one2one	1
Dnaja4	ENSMUSG00000032285	ENSG00000140403	ortholog_one2one	1
Dnajb1	ENSMUSG00000005483	ENSG00000132002	ortholog_one2one	1
Dnajb11	ENSMUSG00000004460	ENSG00000090520	ortholog_one2one	1
Dnajb12	ENSMUSG00000020109	ENSG00000148719	ortholog_one2one	1
Dnajb13	ENSMUSG00000030708	ENSG00000187726	ortholog_one2one	1
Dnajb14	ENSMUSG00000074212	ENSG00000164031	ortholog_one2one	1
Dnajb2	ENSMUSG00000026203	ENSG00000135924	ortholog_one2one	1
Dnajb4	ENSMUSG00000028035	ENSG00000162616	ortholog_one2one	1
Dnajb5	ENSMUSG00000036052	ENSG00000137094	ortholog_one2one	1
Dnajb6	ENSMUSG00000029131	ENSG00000105993	ortholog_one2one	1
Dnajb7	ENSMUSG00000047108	ENSG00000172404	ortholog_one2one	1
Dnajb8	ENSMUSG00000048206	ENSG00000179407	ortholog_one2one	1
Dnajb9	ENSMUSG00000014905	ENSG00000128590	ortholog_one2one	1
Dnajc1	ENSMUSG00000026740	ENSG00000136770	ortholog_one2one	1
Dnajc10	ENSMUSG00000027006	ENSG00000077232	ortholog_one2one	1
Dnajc11	ENSMUSG00000039768	ENSG00000007923	ortholog_one2one	1
Dnajc12	ENSMUSG00000036764	ENSG00000108176	ortholog_one2one	1
Dnajc13	ENSMUSG00000032560	ENSG00000138246	ortholog_one2one	1
Dnajc14	ENSMUSG00000025354	ENSG00000135392	ortholog_one2one	1
Dnajc15	ENSMUSG00000022013	ENSG00000120675	ortholog_one2one	1
Dnajc16	ENSMUSG00000040697	ENSG00000116138	ortholog_one2one	1
Dnajc17	ENSMUSG00000034278	ENSG00000104129	ortholog_one2one	1
Dnajc18	ENSMUSG00000024350	ENSG00000170464	ortholog_one2one	1
Dnajc19	ENSMUSG00000027679	ENSG00000205981	ortholog_one2one	1
Dnajc2	ENSMUSG00000029014	ENSG00000105821	ortholog_one2one	1
Dnajc21	ENSMUSG00000044224	ENSG00000168724	ortholog_one2one	1
Dnajc22	ENSMUSG00000038009	ENSG00000178401	ortholog_one2one	1
Dnajc24	ENSMUSG00000027166	ENSG00000170946	ortholog_one2one	1
Dnajc25	ENSMUSG00000070972	ENSG00000059769	ortholog_one2one	1
Dnajc27	ENSMUSG00000020657	ENSG00000115137	ortholog_one2one	1
Dnajc28	ENSMUSG00000039763	ENSG00000177692	ortholog_one2one	1
Dnajc3	ENSMUSG00000022136	ENSG00000102580	ortholog_one2one	1
Dnajc30	ENSMUSG00000061118	ENSG00000176410	ortholog_one2one	1
Dnajc4	ENSMUSG00000024963	ENSG00000110011	ortholog_one2one	1
Dnajc5	ENSMUSG00000000826	ENSG00000101152	ortholog_one2one	1
Dnajc5b	ENSMUSG00000027606	ENSG00000147570	ortholog_one2one	1
Dnajc5g	ENSMUSG00000053856	ENSG00000163793	ortholog_one2one	1
Dnajc6	ENSMUSG00000028528	ENSG00000116675	ortholog_one2one	1
Dnajc7	ENSMUSG00000014195	ENSG00000168259	ortholog_one2one	1
Dnajc8	ENSMUSG00000054405	ENSG00000126698	ortholog_one2one	1
Dnajc9	ENSMUSG00000021811	ENSG00000213551	ortholog_one2one	1
Dnal1	ENSMUSG00000042523	ENSG00000119661	ortholog_one2one	1
Dnal4	ENSMUSG00000022420	ENSG00000100246	ortholog_one2one	1
Dnali1	ENSMUSG00000042707	ENSG00000163879	ortholog_one2one	1
Dnase1	ENSMUSG00000005980	ENSG00000213918	ortholog_one2one	1
Dnase1l1	ENSMUSG00000019088	ENSG00000013563	ortholog_one2one	1
Dnase1l2	ENSMUSG00000024136	ENSG00000167968	ortholog_one2one	1
Dnase1l3	ENSMUSG00000025279	ENSG00000163687	ortholog_one2one	1
Dnase2a	ENSMUSG00000003812	ENSG00000105612	ortholog_one2one	1
Dnase2b	ENSMUSG00000028185	ENSG00000137976	ortholog_one2one	1
Dnd1	ENSMUSG00000044595	ENSG00000256453	ortholog_one2one	1
Dner	ENSMUSG00000036766	ENSG00000187957	ortholog_one2one	1
Dnhd1	ENSMUSG00000030882	ENSG00000179532	ortholog_one2one	1
Dnlz	ENSMUSG00000075467	ENSG00000213221	ortholog_one2one	1
Dnm1	ENSMUSG00000026825	ENSG00000106976	ortholog_one2one	1
Dnm1l	ENSMUSG00000022789	ENSG00000087470	ortholog_one2one	1
Dnm2	ENSMUSG00000033335	ENSG00000079805	ortholog_one2one	1
Dnm3	ENSMUSG00000040265	ENSG00000197959	ortholog_one2one	1
Dnmt1	ENSMUSG00000004099	ENSG00000130816	ortholog_one2one	1
Dnmt3a	ENSMUSG00000020661	ENSG00000119772	ortholog_one2one	1
Dnmt3l	ENSMUSG00000000730	ENSG00000142182	ortholog_one2one	1
Dnpep	ENSMUSG00000026209	ENSG00000123992	ortholog_one2one	1
Dnph1	ENSMUSG00000040658	ENSG00000112667	ortholog_one2one	1
Dntt	ENSMUSG00000025014	ENSG00000107447	ortholog_one2one	1
Dnttip1	ENSMUSG00000017299	ENSG00000101457	ortholog_one2one	1
Dnttip2	ENSMUSG00000039756	ENSG00000067334	ortholog_one2one	1
Doc2a	ENSMUSG00000052301	ENSG00000149927	ortholog_one2one	1
Doc2b	ENSMUSG00000020848	ENSG00000272636	ortholog_one2one	1
Dock1	ENSMUSG00000058325	ENSG00000150760	ortholog_one2one	1
Dock10	ENSMUSG00000038608	ENSG00000135905	ortholog_one2one	1
Dock11	ENSMUSG00000031093	ENSG00000147251	ortholog_one2one	1
Dock2	ENSMUSG00000020143	ENSG00000134516	ortholog_one2one	1
Dock3	ENSMUSG00000039716	ENSG00000088538	ortholog_one2one	1
Dock4	ENSMUSG00000035954	ENSG00000128512	ortholog_one2one	1
Dock5	ENSMUSG00000044447	ENSG00000147459	ortholog_one2one	1
Dock6	ENSMUSG00000032198	ENSG00000130158	ortholog_one2one	1
Dock7	ENSMUSG00000028556	ENSG00000116641	ortholog_one2one	1
Dock8	ENSMUSG00000052085	ENSG00000107099	ortholog_one2one	1
Dock9	ENSMUSG00000025558	ENSG00000088387	ortholog_one2one	1
Dohh	ENSMUSG00000078440	ENSG00000129932	ortholog_one2one	1
Dok1	ENSMUSG00000068335	ENSG00000115325	ortholog_one2one	1
Dok2	ENSMUSG00000022102	ENSG00000147443	ortholog_one2one	1
Dok3	ENSMUSG00000035711	ENSG00000146094	ortholog_one2one	1
Dok4	ENSMUSG00000040631	ENSG00000125170	ortholog_one2one	1
Dok5	ENSMUSG00000027560	ENSG00000101134	ortholog_one2one	1
Dok6	ENSMUSG00000073514	ENSG00000206052	ortholog_one2one	1
Dok7	ENSMUSG00000044716	ENSG00000175920	ortholog_one2one	1
Dolk	ENSMUSG00000075419	ENSG00000175283	ortholog_one2one	1
Dolpp1	ENSMUSG00000026856	ENSG00000167130	ortholog_one2one	1
Donson	ENSMUSG00000022960	ENSG00000159147	ortholog_one2one	1
Dop1a	ENSMUSG00000034973	ENSG00000083097	ortholog_one2one	1
Dop1b	ENSMUSG00000022946	ENSG00000142197	ortholog_one2one	1
Dot1l	ENSMUSG00000061589	ENSG00000104885	ortholog_one2one	1
Dpagt1	ENSMUSG00000032123	ENSG00000172269	ortholog_one2one	1
Dpcd	ENSMUSG00000041035	ENSG00000166171	ortholog_one2one	1
Dpep1	ENSMUSG00000019278	ENSG00000015413	ortholog_one2one	1
Dpep2	ENSMUSG00000053687	ENSG00000167261	ortholog_one2one	1
Dpep2nb	ENSMUSG00000115768	ENSG00000263201	ortholog_one2one	1
Dpep3	ENSMUSG00000031898	ENSG00000141096	ortholog_one2one	1
Dpf1	ENSMUSG00000030584	ENSG00000011332	ortholog_one2one	1
Dpf2	ENSMUSG00000024826	ENSG00000133884	ortholog_one2one	1
Dpf3	ENSMUSG00000021221	ENSG00000205683	ortholog_one2one	1
Dph1	ENSMUSG00000078789	ENSG00000108963	ortholog_one2one	1
Dph2	ENSMUSG00000028540	ENSG00000132768	ortholog_one2one	1
Dph3	ENSMUSG00000021905	ENSG00000154813	ortholog_one2one	1
Dph5	ENSMUSG00000033554	ENSG00000117543	ortholog_one2one	1
Dph6	ENSMUSG00000057147	ENSG00000134146	ortholog_one2one	1
Dph7	ENSMUSG00000026975	ENSG00000148399	ortholog_one2one	1
Dpm1	ENSMUSG00000078919	ENSG00000000419	ortholog_one2one	1
Dpm2	ENSMUSG00000026810	ENSG00000136908	ortholog_one2one	1
Dpm3	ENSMUSG00000042737	ENSG00000179085	ortholog_one2one	1
Dpp10	ENSMUSG00000036815	ENSG00000175497	ortholog_one2one	1
Dpp3	ENSMUSG00000063904	ENSG00000254986	ortholog_one2one	1
Dpp4	ENSMUSG00000035000	ENSG00000197635	ortholog_one2one	1
Dpp6	ENSMUSG00000061576	ENSG00000130226	ortholog_one2one	1
Dpp7	ENSMUSG00000026958	ENSG00000176978	ortholog_one2one	1
Dpp8	ENSMUSG00000032393	ENSG00000074603	ortholog_one2one	1
Dpp9	ENSMUSG00000001229	ENSG00000142002	ortholog_one2one	1
Dppa5a	ENSMUSG00000060461	ENSG00000203909	ortholog_one2one	1
Dpt	ENSMUSG00000026574	ENSG00000143196	ortholog_one2one	1
Dpy19l1	ENSMUSG00000043067	ENSG00000173852	ortholog_one2one	1
Dpy19l2	ENSMUSG00000085576	ENSG00000177990	ortholog_one2one	1
Dpy19l3	ENSMUSG00000043671	ENSG00000178904	ortholog_one2one	1
Dpy19l4	ENSMUSG00000045205	ENSG00000156162	ortholog_one2one	1
Dpy30	ENSMUSG00000024067	ENSG00000162961	ortholog_one2one	1
Dpyd	ENSMUSG00000033308	ENSG00000188641	ortholog_one2one	1
Dpys	ENSMUSG00000022304	ENSG00000147647	ortholog_one2one	1
Dpysl2	ENSMUSG00000022048	ENSG00000092964	ortholog_one2one	1
Dpysl3	ENSMUSG00000024501	ENSG00000113657	ortholog_one2one	1
Dpysl4	ENSMUSG00000025478	ENSG00000151640	ortholog_one2one	1
Dpysl5	ENSMUSG00000029168	ENSG00000157851	ortholog_one2one	1
Dqx1	ENSMUSG00000009145	ENSG00000144045	ortholog_one2one	1
Dr1	ENSMUSG00000029265	ENSG00000117505	ortholog_one2one	1
Dram1	ENSMUSG00000020057	ENSG00000136048	ortholog_one2one	1
Dram2	ENSMUSG00000027900	ENSG00000156171	ortholog_one2one	1
Drap1	ENSMUSG00000024914	ENSG00000175550	ortholog_one2one	1
Draxin	ENSMUSG00000029005	ENSG00000162490	ortholog_one2one	1
Drc1	ENSMUSG00000073102	ENSG00000157856	ortholog_one2one	1
Drc3	ENSMUSG00000056598	ENSG00000171962	ortholog_one2one	1
Drc7	ENSMUSG00000031786	ENSG00000159625	ortholog_one2one	1
Drd1	ENSMUSG00000021478	ENSG00000184845	ortholog_one2one	1
Drd2	ENSMUSG00000032259	ENSG00000149295	ortholog_one2one	1
Drd3	ENSMUSG00000022705	ENSG00000151577	ortholog_one2one	1
Drd4	ENSMUSG00000025496	ENSG00000069696	ortholog_one2one	1
Drd5	ENSMUSG00000039358	ENSG00000169676	ortholog_one2one	1
Drg1	ENSMUSG00000020457	ENSG00000185721	ortholog_one2one	1
Drg2	ENSMUSG00000020537	ENSG00000108591	ortholog_one2one	1
Drgx	ENSMUSG00000041730	ENSG00000165606	ortholog_one2one	1
Drosha	ENSMUSG00000022191	ENSG00000113360	ortholog_one2one	1
Drp2	ENSMUSG00000000223	ENSG00000102385	ortholog_one2one	1
Dsc1	ENSMUSG00000044322	ENSG00000134765	ortholog_one2one	1
Dsc2	ENSMUSG00000024331	ENSG00000134755	ortholog_one2one	1
Dsc3	ENSMUSG00000059898	ENSG00000134762	ortholog_one2one	1
Dscam	ENSMUSG00000050272	ENSG00000171587	ortholog_one2one	1
Dscaml1	ENSMUSG00000032087	ENSG00000177103	ortholog_one2one	1
Dscc1	ENSMUSG00000022422	ENSG00000136982	ortholog_one2one	1
Dse	ENSMUSG00000039497	ENSG00000111817	ortholog_one2one	1
Dsel	ENSMUSG00000038702	ENSG00000171451	ortholog_one2one	1
Dsg2	ENSMUSG00000044393	ENSG00000046604	ortholog_one2one	1
Dsg3	ENSMUSG00000056632	ENSG00000134757	ortholog_one2one	1
Dsg4	ENSMUSG00000001804	ENSG00000175065	ortholog_one2one	1
Dsn1	ENSMUSG00000027635	ENSG00000149636	ortholog_one2one	1
Dsp	ENSMUSG00000054889	ENSG00000096696	ortholog_one2one	1
Dst	ENSMUSG00000026131	ENSG00000151914	ortholog_one2one	1
Dstn	ENSMUSG00000015932	ENSG00000125868	ortholog_one2one	1
Dstyk	ENSMUSG00000042046	ENSG00000133059	ortholog_one2one	1
Dtd1	ENSMUSG00000027430	ENSG00000125821	ortholog_one2one	1
Dtd2	ENSMUSG00000020956	ENSG00000129480	ortholog_one2one	1
Dthd1	ENSMUSG00000090326	ENSG00000197057	ortholog_one2one	1
Dtl	ENSMUSG00000037474	ENSG00000143476	ortholog_one2one	1
Dtna	ENSMUSG00000024302	ENSG00000134769	ortholog_one2one	1
Dtnbp1	ENSMUSG00000057531	ENSG00000047579	ortholog_one2one	1
Dtwd1	ENSMUSG00000023330	ENSG00000104047	ortholog_one2one	1
Dtwd2	ENSMUSG00000024505	ENSG00000169570	ortholog_one2one	1
Dtx1	ENSMUSG00000029603	ENSG00000135144	ortholog_one2one	1
Dtx2	ENSMUSG00000004947	ENSG00000091073	ortholog_one2one	1
Dtx3	ENSMUSG00000040415	ENSG00000178498	ortholog_one2one	1
Dtx3l	ENSMUSG00000049502	ENSG00000163840	ortholog_one2one	1
Dtx4	ENSMUSG00000039982	ENSG00000110042	ortholog_one2one	1
Dtymk	ENSMUSG00000026281	ENSG00000168393	ortholog_one2one	1
Duox1	ENSMUSG00000033268	ENSG00000137857	ortholog_one2one	1
Duox2	ENSMUSG00000068452	ENSG00000140279	ortholog_one2one	1
Duoxa1	ENSMUSG00000027224	ENSG00000140254	ortholog_one2one	1
Duoxa2	ENSMUSG00000027225	ENSG00000140274	ortholog_one2one	1
Dus1l	ENSMUSG00000025155	ENSG00000169718	ortholog_one2one	1
Dus2	ENSMUSG00000031901	ENSG00000167264	ortholog_one2one	1
Dus3l	ENSMUSG00000007603	ENSG00000141994	ortholog_one2one	1
Dus4l	ENSMUSG00000020648	ENSG00000105865	ortholog_one2one	1
Dusp1	ENSMUSG00000024190	ENSG00000120129	ortholog_one2one	1
Dusp10	ENSMUSG00000039384	ENSG00000143507	ortholog_one2one	1
Dusp11	ENSMUSG00000030002	ENSG00000144048	ortholog_one2one	1
Dusp12	ENSMUSG00000026659	ENSG00000081721	ortholog_one2one	1
Dusp14	ENSMUSG00000018648	ENSG00000276023	ortholog_one2one	1
Dusp15	ENSMUSG00000042662	ENSG00000149599	ortholog_one2one	1
Dusp16	ENSMUSG00000030203	ENSG00000111266	ortholog_one2one	1
Dusp18	ENSMUSG00000047205	ENSG00000167065	ortholog_one2one	1
Dusp19	ENSMUSG00000027001	ENSG00000162999	ortholog_one2one	1
Dusp2	ENSMUSG00000027368	ENSG00000158050	ortholog_one2one	1
Dusp21	ENSMUSG00000025043	ENSG00000189037	ortholog_one2one	1
Dusp22	ENSMUSG00000069255	ENSG00000112679	ortholog_one2one	1
Dusp23	ENSMUSG00000026544	ENSG00000158716	ortholog_one2one	1
Dusp26	ENSMUSG00000039661	ENSG00000133878	ortholog_one2one	1
Dusp28	ENSMUSG00000047067	ENSG00000188542	ortholog_one2one	1
Dusp29	ENSMUSG00000063821	ENSG00000188716	ortholog_one2one	1
Dusp4	ENSMUSG00000031530	ENSG00000120875	ortholog_one2one	1
Dusp5	ENSMUSG00000034765	ENSG00000138166	ortholog_one2one	1
Dusp6	ENSMUSG00000019960	ENSG00000139318	ortholog_one2one	1
Dusp7	ENSMUSG00000053716	ENSG00000164086	ortholog_one2one	1
Dusp8	ENSMUSG00000037887	ENSG00000184545	ortholog_one2one	1
Dusp9	ENSMUSG00000031383	ENSG00000130829	ortholog_one2one	1
Dut	ENSMUSG00000027203	ENSG00000128951	ortholog_one2one	1
Dvl1	ENSMUSG00000029071	ENSG00000107404	ortholog_one2one	1
Dvl2	ENSMUSG00000020888	ENSG00000004975	ortholog_one2one	1
Dvl3	ENSMUSG00000003233	ENSG00000161202	ortholog_one2one	1
Dxo	ENSMUSG00000040482	ENSG00000204348	ortholog_one2one	1
Dydc1	ENSMUSG00000021790	ENSG00000170788	ortholog_one2one	1
Dym	ENSMUSG00000035765	ENSG00000141627	ortholog_one2one	1
Dync1h1	ENSMUSG00000018707	ENSG00000197102	ortholog_one2one	1
Dync1i1	ENSMUSG00000029757	ENSG00000158560	ortholog_one2one	1
Dync1i2	ENSMUSG00000027012	ENSG00000077380	ortholog_one2one	1
Dync1li1	ENSMUSG00000032435	ENSG00000144635	ortholog_one2one	1
Dync1li2	ENSMUSG00000035770	ENSG00000135720	ortholog_one2one	1
Dync2h1	ENSMUSG00000047193	ENSG00000187240	ortholog_one2one	1
Dync2i1	ENSMUSG00000042050	ENSG00000126870	ortholog_one2one	1
Dync2i2	ENSMUSG00000039715	ENSG00000119333	ortholog_one2one	1
Dync2li1	ENSMUSG00000024253	ENSG00000138036	ortholog_one2one	1
Dynll1	ENSMUSG00000009013	ENSG00000088986	ortholog_one2one	1
Dynll2	ENSMUSG00000020483	ENSG00000264364	ortholog_one2one	1
Dynlrb1	ENSMUSG00000047459	ENSG00000125971	ortholog_one2one	1
Dynlrb2	ENSMUSG00000034467	ENSG00000168589	ortholog_one2one	1
Dynlt2b	ENSMUSG00000014075	ENSG00000213123	ortholog_one2one	1
Dynlt3	ENSMUSG00000031176	ENSG00000165169	ortholog_one2one	1
Dynlt4	ENSMUSG00000047671	ENSG00000188396	ortholog_one2one	1
Dynlt5	ENSMUSG00000028523	ENSG00000152760	ortholog_one2one	1
Dyrk1a	ENSMUSG00000022897	ENSG00000157540	ortholog_one2one	1
Dyrk1b	ENSMUSG00000002409	ENSG00000105204	ortholog_one2one	1
Dyrk2	ENSMUSG00000028630	ENSG00000127334	ortholog_one2one	1
Dyrk3	ENSMUSG00000016526	ENSG00000143479	ortholog_one2one	1
Dyrk4	ENSMUSG00000030345	ENSG00000010219	ortholog_one2one	1
Dysf	ENSMUSG00000033788	ENSG00000135636	ortholog_one2one	1
Dytn	ENSMUSG00000069085	ENSG00000232125	ortholog_one2one	1
Dzank1	ENSMUSG00000037259	ENSG00000089091	ortholog_one2one	1
Dzip1	ENSMUSG00000042156	ENSG00000134874	ortholog_one2one	1
Dzip1l	ENSMUSG00000037784	ENSG00000158163	ortholog_one2one	1
Dzip3	ENSMUSG00000064061	ENSG00000198919	ortholog_one2one	1
E130308A19Rik	ENSMUSG00000045071	ENSG00000165185	ortholog_one2one	1
E130311K13Rik	ENSMUSG00000048581	ENSG00000174928	ortholog_one2one	1
E2f1	ENSMUSG00000027490	ENSG00000101412	ortholog_one2one	1
E2f2	ENSMUSG00000018983	ENSG00000007968	ortholog_one2one	1
E2f3	ENSMUSG00000016477	ENSG00000112242	ortholog_one2one	1
E2f4	ENSMUSG00000014859	ENSG00000205250	ortholog_one2one	1
E2f5	ENSMUSG00000027552	ENSG00000133740	ortholog_one2one	1
E2f6	ENSMUSG00000057469	ENSG00000169016	ortholog_one2one	1
E2f7	ENSMUSG00000020185	ENSG00000165891	ortholog_one2one	1
E2f8	ENSMUSG00000046179	ENSG00000129173	ortholog_one2one	1
E4f1	ENSMUSG00000024137	ENSG00000167967	ortholog_one2one	1
Eaf1	ENSMUSG00000021890	ENSG00000144597	ortholog_one2one	1
Eaf2	ENSMUSG00000022838	ENSG00000145088	ortholog_one2one	1
Eapp	ENSMUSG00000054302	ENSG00000129518	ortholog_one2one	1
Ears2	ENSMUSG00000030871	ENSG00000103356	ortholog_one2one	1
Ebag9	ENSMUSG00000022339	ENSG00000147654	ortholog_one2one	1
Ebf1	ENSMUSG00000057098	ENSG00000164330	ortholog_one2one	1
Ebf2	ENSMUSG00000022053	ENSG00000221818	ortholog_one2one	1
Ebf3	ENSMUSG00000010476	ENSG00000108001	ortholog_one2one	1
Ebf4	ENSMUSG00000053552	ENSG00000088881	ortholog_one2one	1
Ebi3	ENSMUSG00000003206	ENSG00000105246	ortholog_one2one	1
Ebna1bp2	ENSMUSG00000028729	ENSG00000117395	ortholog_one2one	1
Ebp	ENSMUSG00000031168	ENSG00000147155	ortholog_one2one	1
Ebpl	ENSMUSG00000021928	ENSG00000123179	ortholog_one2one	1
Ecd	ENSMUSG00000021810	ENSG00000122882	ortholog_one2one	1
Ece1	ENSMUSG00000057530	ENSG00000117298	ortholog_one2one	1
Ece2	ENSMUSG00000022842	ENSG00000145194	ortholog_one2one	1
Ecel1	ENSMUSG00000026247	ENSG00000171551	ortholog_one2one	1
Ech1	ENSMUSG00000053898	ENSG00000104823	ortholog_one2one	1
Echdc1	ENSMUSG00000019883	ENSG00000093144	ortholog_one2one	1
Echdc2	ENSMUSG00000028601	ENSG00000121310	ortholog_one2one	1
Echdc3	ENSMUSG00000039063	ENSG00000134463	ortholog_one2one	1
Echs1	ENSMUSG00000025465	ENSG00000127884	ortholog_one2one	1
Eci1	ENSMUSG00000024132	ENSG00000167969	ortholog_one2one	1
Ecm1	ENSMUSG00000028108	ENSG00000143369	ortholog_one2one	1
Ecm2	ENSMUSG00000043631	ENSG00000106823	ortholog_one2one	1
Ecpas	ENSMUSG00000050812	ENSG00000136813	ortholog_one2one	1
Ecrg4	ENSMUSG00000026051	ENSG00000119147	ortholog_one2one	1
Ecsit	ENSMUSG00000066839	ENSG00000130159	ortholog_one2one	1
Ect2	ENSMUSG00000027699	ENSG00000114346	ortholog_one2one	1
Ect2l	ENSMUSG00000071392	ENSG00000203734	ortholog_one2one	1
Eda2r	ENSMUSG00000034457	ENSG00000131080	ortholog_one2one	1
Edar	ENSMUSG00000003227	ENSG00000135960	ortholog_one2one	1
Edaradd	ENSMUSG00000095105	ENSG00000186197	ortholog_one2one	1
Edc3	ENSMUSG00000038957	ENSG00000179151	ortholog_one2one	1
Edc4	ENSMUSG00000036270	ENSG00000038358	ortholog_one2one	1
Eddm13	ENSMUSG00000053367	ENSG00000267710	ortholog_one2one	1
Edem1	ENSMUSG00000030104	ENSG00000134109	ortholog_one2one	1
Edem2	ENSMUSG00000038312	ENSG00000088298	ortholog_one2one	1
Edem3	ENSMUSG00000043019	ENSG00000116406	ortholog_one2one	1
Edf1	ENSMUSG00000015092	ENSG00000107223	ortholog_one2one	1
Edil3	ENSMUSG00000034488	ENSG00000164176	ortholog_one2one	1
Edn1	ENSMUSG00000021367	ENSG00000078401	ortholog_one2one	1
Edn2	ENSMUSG00000028635	ENSG00000127129	ortholog_one2one	1
Edn3	ENSMUSG00000027524	ENSG00000124205	ortholog_one2one	1
Ednra	ENSMUSG00000031616	ENSG00000151617	ortholog_one2one	1
Ednrb	ENSMUSG00000022122	ENSG00000136160	ortholog_one2one	1
Edrf1	ENSMUSG00000039990	ENSG00000107938	ortholog_one2one	1
Eea1	ENSMUSG00000036499	ENSG00000102189	ortholog_one2one	1
Eed	ENSMUSG00000030619	ENSG00000074266	ortholog_one2one	1
Eef1a1	ENSMUSG00000037742	ENSG00000156508	ortholog_one2one	1
Eef1a2	ENSMUSG00000016349	ENSG00000101210	ortholog_one2one	1
Eef1akmt1	ENSMUSG00000021951	ENSG00000150456	ortholog_one2one	1
Eef1akmt2	ENSMUSG00000030960	ENSG00000203791	ortholog_one2one	1
Eef1akmt3	ENSMUSG00000080115	ENSG00000123427	ortholog_one2one	1
Eef1akmt4	ENSMUSG00000115219	ENSG00000284753	ortholog_one2one	1
Eef1b2	ENSMUSG00000025967	ENSG00000114942	ortholog_one2one	1
Eef1d	ENSMUSG00000055762	ENSG00000104529	ortholog_one2one	1
Eef1e1	ENSMUSG00000001707	ENSG00000124802	ortholog_one2one	1
Eef1g	ENSMUSG00000071644	ENSG00000254772	ortholog_one2one	1
Eef2	ENSMUSG00000034994	ENSG00000167658	ortholog_one2one	1
Eef2k	ENSMUSG00000035064	ENSG00000103319	ortholog_one2one	1
Eefsec	ENSMUSG00000033216	ENSG00000132394	ortholog_one2one	1
Eeig1	ENSMUSG00000039157	ENSG00000167106	ortholog_one2one	1
Eeig2	ENSMUSG00000040339	ENSG00000162636	ortholog_one2one	1
Eepd1	ENSMUSG00000036611	ENSG00000122547	ortholog_one2one	1
Efcab11	ENSMUSG00000021176	ENSG00000140025	ortholog_one2one	1
Efcab14	ENSMUSG00000034210	ENSG00000159658	ortholog_one2one	1
Efcab2	ENSMUSG00000026495	ENSG00000203666	ortholog_one2one	1
Efcab5	ENSMUSG00000050944	ENSG00000176927	ortholog_one2one	1
Efcab6	ENSMUSG00000022441	ENSG00000186976	ortholog_one2one	1
Efcab7	ENSMUSG00000073791	ENSG00000203965	ortholog_one2one	1
Efcab8	ENSMUSG00000044083	ENSG00000215529	ortholog_one2one	1
Efcab9	ENSMUSG00000044056	ENSG00000214360	ortholog_one2one	1
Efcc1	ENSMUSG00000068263	ENSG00000114654	ortholog_one2one	1
Efemp1	ENSMUSG00000020467	ENSG00000115380	ortholog_one2one	1
Efemp2	ENSMUSG00000024909	ENSG00000172638	ortholog_one2one	1
Efhb	ENSMUSG00000023931	ENSG00000163576	ortholog_one2one	1
Efhc1	ENSMUSG00000041809	ENSG00000096093	ortholog_one2one	1
Efhc2	ENSMUSG00000025038	ENSG00000183690	ortholog_one2one	1
Efhd1	ENSMUSG00000026255	ENSG00000115468	ortholog_one2one	1
Efhd2	ENSMUSG00000040659	ENSG00000142634	ortholog_one2one	1
Efl1	ENSMUSG00000038563	ENSG00000140598	ortholog_one2one	1
Efna1	ENSMUSG00000027954	ENSG00000169242	ortholog_one2one	1
Efna2	ENSMUSG00000003070	ENSG00000099617	ortholog_one2one	1
Efna3	ENSMUSG00000028039	ENSG00000143590	ortholog_one2one	1
Efna4	ENSMUSG00000028040	ENSG00000243364	ortholog_one2one	1
Efna5	ENSMUSG00000048915	ENSG00000184349	ortholog_one2one	1
Efnb1	ENSMUSG00000031217	ENSG00000090776	ortholog_one2one	1
Efnb2	ENSMUSG00000001300	ENSG00000125266	ortholog_one2one	1
Efnb3	ENSMUSG00000003934	ENSG00000108947	ortholog_one2one	1
Efr3a	ENSMUSG00000015002	ENSG00000132294	ortholog_one2one	1
Efr3b	ENSMUSG00000020658	ENSG00000084710	ortholog_one2one	1
Efs	ENSMUSG00000022203	ENSG00000100842	ortholog_one2one	1
Eftud2	ENSMUSG00000020929	ENSG00000108883	ortholog_one2one	1
Egf	ENSMUSG00000028017	ENSG00000138798	ortholog_one2one	1
Egfl6	ENSMUSG00000000402	ENSG00000198759	ortholog_one2one	1
Egfl7	ENSMUSG00000026921	ENSG00000172889	ortholog_one2one	1
Egfl8	ENSMUSG00000015467	ENSG00000241404	ortholog_one2one	1
Egflam	ENSMUSG00000042961	ENSG00000164318	ortholog_one2one	1
Egfr	ENSMUSG00000020122	ENSG00000146648	ortholog_one2one	1
Egln1	ENSMUSG00000031987	ENSG00000135766	ortholog_one2one	1
Egln2	ENSMUSG00000058709	ENSG00000269858	ortholog_one2one	1
Egln3	ENSMUSG00000035105	ENSG00000129521	ortholog_one2one	1
Egr1	ENSMUSG00000038418	ENSG00000120738	ortholog_one2one	1
Egr2	ENSMUSG00000037868	ENSG00000122877	ortholog_one2one	1
Egr3	ENSMUSG00000033730	ENSG00000179388	ortholog_one2one	1
Egr4	ENSMUSG00000071341	ENSG00000135625	ortholog_one2one	1
Ehbp1	ENSMUSG00000042302	ENSG00000115504	ortholog_one2one	1
Ehbp1l1	ENSMUSG00000024937	ENSG00000173442	ortholog_one2one	1
Ehd1	ENSMUSG00000024772	ENSG00000110047	ortholog_one2one	1
Ehd2	ENSMUSG00000074364	ENSG00000024422	ortholog_one2one	1
Ehd3	ENSMUSG00000024065	ENSG00000013016	ortholog_one2one	1
Ehd4	ENSMUSG00000027293	ENSG00000103966	ortholog_one2one	1
Ehf	ENSMUSG00000012350	ENSG00000135373	ortholog_one2one	1
Ehhadh	ENSMUSG00000022853	ENSG00000113790	ortholog_one2one	1
Ehmt1	ENSMUSG00000036893	ENSG00000181090	ortholog_one2one	1
Ehmt2	ENSMUSG00000013787	ENSG00000204371	ortholog_one2one	1
Ei24	ENSMUSG00000062762	ENSG00000149547	ortholog_one2one	1
Eid1	ENSMUSG00000091337	ENSG00000255302	ortholog_one2one	1
Eid2	ENSMUSG00000046058	ENSG00000176396	ortholog_one2one	1
Eid2b	ENSMUSG00000070705	ENSG00000176401	ortholog_one2one	1
Eid3	ENSMUSG00000109864	ENSG00000255150	ortholog_one2one	1
Eif1	ENSMUSG00000035530	ENSG00000173812	ortholog_one2one	1
Eif1ad	ENSMUSG00000024841	ENSG00000175376	ortholog_one2one	1
Eif1b	ENSMUSG00000006941	ENSG00000114784	ortholog_one2one	1
Eif2a	ENSMUSG00000027810	ENSG00000144895	ortholog_one2one	1
Eif2ak1	ENSMUSG00000029613	ENSG00000086232	ortholog_one2one	1
Eif2ak2	ENSMUSG00000024079	ENSG00000055332	ortholog_one2one	1
Eif2ak3	ENSMUSG00000031668	ENSG00000172071	ortholog_one2one	1
Eif2ak4	ENSMUSG00000005102	ENSG00000128829	ortholog_one2one	1
Eif2b1	ENSMUSG00000029388	ENSG00000111361	ortholog_one2one	1
Eif2b2	ENSMUSG00000004788	ENSG00000119718	ortholog_one2one	1
Eif2b3	ENSMUSG00000028683	ENSG00000070785	ortholog_one2one	1
Eif2b4	ENSMUSG00000029145	ENSG00000115211	ortholog_one2one	1
Eif2b5	ENSMUSG00000003235	ENSG00000145191	ortholog_one2one	1
Eif2d	ENSMUSG00000026427	ENSG00000143486	ortholog_one2one	1
Eif2s1	ENSMUSG00000021116	ENSG00000134001	ortholog_one2one	1
Eif2s2	ENSMUSG00000074656	ENSG00000125977	ortholog_one2one	1
Eif3a	ENSMUSG00000024991	ENSG00000107581	ortholog_one2one	1
Eif3b	ENSMUSG00000056076	ENSG00000106263	ortholog_one2one	1
Eif3d	ENSMUSG00000016554	ENSG00000100353	ortholog_one2one	1
Eif3e	ENSMUSG00000022336	ENSG00000104408	ortholog_one2one	1
Eif3f	ENSMUSG00000031029	ENSG00000175390	ortholog_one2one	1
Eif3g	ENSMUSG00000070319	ENSG00000130811	ortholog_one2one	1
Eif3h	ENSMUSG00000022312	ENSG00000147677	ortholog_one2one	1
Eif3i	ENSMUSG00000028798	ENSG00000084623	ortholog_one2one	1
Eif3k	ENSMUSG00000053565	ENSG00000178982	ortholog_one2one	1
Eif3l	ENSMUSG00000033047	ENSG00000100129	ortholog_one2one	1
Eif3m	ENSMUSG00000027170	ENSG00000149100	ortholog_one2one	1
Eif4a1	ENSMUSG00000059796	ENSG00000161960	ortholog_one2one	1
Eif4a2	ENSMUSG00000022884	ENSG00000156976	ortholog_one2one	1
Eif4b	ENSMUSG00000058655	ENSG00000063046	ortholog_one2one	1
Eif4e	ENSMUSG00000028156	ENSG00000151247	ortholog_one2one	1
Eif4e1b	ENSMUSG00000074895	ENSG00000175766	ortholog_one2one	1
Eif4e2	ENSMUSG00000026254	ENSG00000135930	ortholog_one2one	1
Eif4e3	ENSMUSG00000093661	ENSG00000163412	ortholog_one2one	1
Eif4ebp2	ENSMUSG00000020091	ENSG00000148730	ortholog_one2one	1
Eif4ebp3	ENSMUSG00000090264	ENSG00000243056	ortholog_one2one	1
Eif4enif1	ENSMUSG00000020454	ENSG00000184708	ortholog_one2one	1
Eif4g1	ENSMUSG00000045983	ENSG00000114867	ortholog_one2one	1
Eif4g2	ENSMUSG00000005610	ENSG00000110321	ortholog_one2one	1
Eif4g3	ENSMUSG00000028760	ENSG00000075151	ortholog_one2one	1
Eif4h	ENSMUSG00000040731	ENSG00000106682	ortholog_one2one	1
Eif5	ENSMUSG00000021282	ENSG00000100664	ortholog_one2one	1
Eif5a2	ENSMUSG00000050192	ENSG00000163577	ortholog_one2one	1
Eif5b	ENSMUSG00000026083	ENSG00000158417	ortholog_one2one	1
Eif6	ENSMUSG00000027613	ENSG00000242372	ortholog_one2one	1
Eipr1	ENSMUSG00000036613	ENSG00000032389	ortholog_one2one	1
Elac1	ENSMUSG00000036941	ENSG00000141642	ortholog_one2one	1
Elac2	ENSMUSG00000020549	ENSG00000006744	ortholog_one2one	1
Elane	ENSMUSG00000020125	ENSG00000197561	ortholog_one2one	1
Elapor1	ENSMUSG00000040412	ENSG00000116299	ortholog_one2one	1
Elapor2	ENSMUSG00000056004	ENSG00000164659	ortholog_one2one	1
Elavl1	ENSMUSG00000040028	ENSG00000066044	ortholog_one2one	1
Elavl2	ENSMUSG00000008489	ENSG00000107105	ortholog_one2one	1
Elavl3	ENSMUSG00000003410	ENSG00000196361	ortholog_one2one	1
Elavl4	ENSMUSG00000028546	ENSG00000162374	ortholog_one2one	1
Elf1	ENSMUSG00000036461	ENSG00000120690	ortholog_one2one	1
Elf2	ENSMUSG00000037174	ENSG00000109381	ortholog_one2one	1
Elf3	ENSMUSG00000003051	ENSG00000163435	ortholog_one2one	1
Elf4	ENSMUSG00000031103	ENSG00000102034	ortholog_one2one	1
Elf5	ENSMUSG00000027186	ENSG00000135374	ortholog_one2one	1
Elfn1	ENSMUSG00000048988	ENSG00000225968	ortholog_one2one	1
Elfn2	ENSMUSG00000043460	ENSG00000166897	ortholog_one2one	1
Elk1	ENSMUSG00000009406	ENSG00000126767	ortholog_one2one	1
Elk3	ENSMUSG00000008398	ENSG00000111145	ortholog_one2one	1
Elk4	ENSMUSG00000026436	ENSG00000158711	ortholog_one2one	1
Ell	ENSMUSG00000070002	ENSG00000105656	ortholog_one2one	1
Ell2	ENSMUSG00000001542	ENSG00000118985	ortholog_one2one	1
Ell3	ENSMUSG00000027246	ENSG00000128886	ortholog_one2one	1
Elmo1	ENSMUSG00000041112	ENSG00000155849	ortholog_one2one	1
Elmo2	ENSMUSG00000017670	ENSG00000062598	ortholog_one2one	1
Elmo3	ENSMUSG00000014791	ENSG00000102890	ortholog_one2one	1
Elmod1	ENSMUSG00000041986	ENSG00000110675	ortholog_one2one	1
Elmod2	ENSMUSG00000035151	ENSG00000179387	ortholog_one2one	1
Elmod3	ENSMUSG00000056698	ENSG00000115459	ortholog_one2one	1
Eln	ENSMUSG00000029675	ENSG00000049540	ortholog_one2one	1
Eloa	ENSMUSG00000028668	ENSG00000011007	ortholog_one2one	1
Elob	ENSMUSG00000055839	ENSG00000103363	ortholog_one2one	1
Eloc	ENSMUSG00000079658	ENSG00000154582	ortholog_one2one	1
Elovl1	ENSMUSG00000006390	ENSG00000066322	ortholog_one2one	1
Elovl2	ENSMUSG00000021364	ENSG00000197977	ortholog_one2one	1
Elovl3	ENSMUSG00000038754	ENSG00000119915	ortholog_one2one	1
Elovl4	ENSMUSG00000032262	ENSG00000118402	ortholog_one2one	1
Elovl5	ENSMUSG00000032349	ENSG00000012660	ortholog_one2one	1
Elovl6	ENSMUSG00000041220	ENSG00000170522	ortholog_one2one	1
Elovl7	ENSMUSG00000021696	ENSG00000164181	ortholog_one2one	1
Elp1	ENSMUSG00000028431	ENSG00000070061	ortholog_one2one	1
Elp2	ENSMUSG00000024271	ENSG00000134759	ortholog_one2one	1
Elp3	ENSMUSG00000022031	ENSG00000134014	ortholog_one2one	1
Elp4	ENSMUSG00000027167	ENSG00000109911	ortholog_one2one	1
Elp5	ENSMUSG00000018565	ENSG00000170291	ortholog_one2one	1
Elp6	ENSMUSG00000054836	ENSG00000163832	ortholog_one2one	1
Emb	ENSMUSG00000021728	ENSG00000170571	ortholog_one2one	1
Emc1	ENSMUSG00000078517	ENSG00000127463	ortholog_one2one	1
Emc10	ENSMUSG00000008140	ENSG00000161671	ortholog_one2one	1
Emc2	ENSMUSG00000022337	ENSG00000104412	ortholog_one2one	1
Emc3	ENSMUSG00000030286	ENSG00000125037	ortholog_one2one	1
Emc4	ENSMUSG00000027131	ENSG00000128463	ortholog_one2one	1
Emc6	ENSMUSG00000047260	ENSG00000127774	ortholog_one2one	1
Emc7	ENSMUSG00000055943	ENSG00000134153	ortholog_one2one	1
Emc9	ENSMUSG00000022217	ENSG00000100908	ortholog_one2one	1
Emcn	ENSMUSG00000054690	ENSG00000164035	ortholog_one2one	1
Emd	ENSMUSG00000001964	ENSG00000102119	ortholog_one2one	1
Eme1	ENSMUSG00000039055	ENSG00000154920	ortholog_one2one	1
Eme2	ENSMUSG00000073436	ENSG00000197774	ortholog_one2one	1
Emg1	ENSMUSG00000004268	ENSG00000126749	ortholog_one2one	1
Emid1	ENSMUSG00000034164	ENSG00000186998	ortholog_one2one	1
Emilin1	ENSMUSG00000029163	ENSG00000138080	ortholog_one2one	1
Emilin2	ENSMUSG00000024053	ENSG00000132205	ortholog_one2one	1
Emilin3	ENSMUSG00000050700	ENSG00000183798	ortholog_one2one	1
Eml1	ENSMUSG00000058070	ENSG00000066629	ortholog_one2one	1
Eml2	ENSMUSG00000040811	ENSG00000125746	ortholog_one2one	1
Eml3	ENSMUSG00000071647	ENSG00000149499	ortholog_one2one	1
Eml4	ENSMUSG00000032624	ENSG00000143924	ortholog_one2one	1
Eml5	ENSMUSG00000051166	ENSG00000165521	ortholog_one2one	1
Eml6	ENSMUSG00000044072	ENSG00000214595	ortholog_one2one	1
Emp1	ENSMUSG00000030208	ENSG00000134531	ortholog_one2one	1
Emp2	ENSMUSG00000022505	ENSG00000213853	ortholog_one2one	1
Emp3	ENSMUSG00000040212	ENSG00000142227	ortholog_one2one	1
Emsy	ENSMUSG00000035401	ENSG00000158636	ortholog_one2one	1
Emx1	ENSMUSG00000033726	ENSG00000135638	ortholog_one2one	1
Emx2	ENSMUSG00000043969	ENSG00000170370	ortholog_one2one	1
En1	ENSMUSG00000058665	ENSG00000163064	ortholog_one2one	1
En2	ENSMUSG00000039095	ENSG00000164778	ortholog_one2one	1
Enah	ENSMUSG00000022995	ENSG00000154380	ortholog_one2one	1
Enam	ENSMUSG00000029286	ENSG00000132464	ortholog_one2one	1
Enc1	ENSMUSG00000041773	ENSG00000171617	ortholog_one2one	1
Endod1	ENSMUSG00000037419	ENSG00000149218	ortholog_one2one	1
Endog	ENSMUSG00000015337	ENSG00000167136	ortholog_one2one	1
Endou	ENSMUSG00000022468	ENSG00000111405	ortholog_one2one	1
Endov	ENSMUSG00000039850	ENSG00000173818	ortholog_one2one	1
Eng	ENSMUSG00000026814	ENSG00000106991	ortholog_one2one	1
Engase	ENSMUSG00000033857	ENSG00000167280	ortholog_one2one	1
Enho	ENSMUSG00000028445	ENSG00000168913	ortholog_one2one	1
Enkd1	ENSMUSG00000013155	ENSG00000124074	ortholog_one2one	1
Enkur	ENSMUSG00000026679	ENSG00000151023	ortholog_one2one	1
Eno2	ENSMUSG00000004267	ENSG00000111674	ortholog_one2one	1
Eno3	ENSMUSG00000060600	ENSG00000108515	ortholog_one2one	1
Eno4	ENSMUSG00000048029	ENSG00000188316	ortholog_one2one	1
Enoph1	ENSMUSG00000029326	ENSG00000145293	ortholog_one2one	1
Enox1	ENSMUSG00000022012	ENSG00000120658	ortholog_one2one	1
Enox2	ENSMUSG00000031109	ENSG00000165675	ortholog_one2one	1
Enpep	ENSMUSG00000028024	ENSG00000138792	ortholog_one2one	1
Enpp1	ENSMUSG00000037370	ENSG00000197594	ortholog_one2one	1
Enpp2	ENSMUSG00000022425	ENSG00000136960	ortholog_one2one	1
Enpp3	ENSMUSG00000019989	ENSG00000154269	ortholog_one2one	1
Enpp4	ENSMUSG00000023961	ENSG00000001561	ortholog_one2one	1
Enpp5	ENSMUSG00000023960	ENSG00000112796	ortholog_one2one	1
Enpp6	ENSMUSG00000038173	ENSG00000164303	ortholog_one2one	1
Enpp7	ENSMUSG00000046697	ENSG00000182156	ortholog_one2one	1
Ensa	ENSMUSG00000038619	ENSG00000143420	ortholog_one2one	1
Enthd1	ENSMUSG00000050439	ENSG00000176177	ortholog_one2one	1
Entpd1	ENSMUSG00000048120	ENSG00000138185	ortholog_one2one	1
Entpd2	ENSMUSG00000015085	ENSG00000054179	ortholog_one2one	1
Entpd3	ENSMUSG00000041608	ENSG00000168032	ortholog_one2one	1
Entpd5	ENSMUSG00000021236	ENSG00000187097	ortholog_one2one	1
Entpd6	ENSMUSG00000033068	ENSG00000197586	ortholog_one2one	1
Entpd7	ENSMUSG00000025192	ENSG00000198018	ortholog_one2one	1
Entpd8	ENSMUSG00000036813	ENSG00000188833	ortholog_one2one	1
Entr1	ENSMUSG00000026927	ENSG00000165689	ortholog_one2one	1
Entrep1	ENSMUSG00000071604	ENSG00000135063	ortholog_one2one	1
Entrep2	ENSMUSG00000030518	ENSG00000104059	ortholog_one2one	1
Entrep3	ENSMUSG00000032657	ENSG00000160767	ortholog_one2one	1
Eny2	ENSMUSG00000022338	ENSG00000120533	ortholog_one2one	1
Eogt	ENSMUSG00000035245	ENSG00000163378	ortholog_one2one	1
Eomes	ENSMUSG00000032446	ENSG00000163508	ortholog_one2one	1
Ep300	ENSMUSG00000055024	ENSG00000100393	ortholog_one2one	1
Ep400	ENSMUSG00000029505	ENSG00000183495	ortholog_one2one	1
Epas1	ENSMUSG00000024140	ENSG00000116016	ortholog_one2one	1
Epb41	ENSMUSG00000028906	ENSG00000159023	ortholog_one2one	1
Epb41l1	ENSMUSG00000027624	ENSG00000088367	ortholog_one2one	1
Epb41l2	ENSMUSG00000019978	ENSG00000079819	ortholog_one2one	1
Epb41l3	ENSMUSG00000024044	ENSG00000082397	ortholog_one2one	1
Epb41l4a	ENSMUSG00000024376	ENSG00000129595	ortholog_one2one	1
Epb41l4b	ENSMUSG00000028434	ENSG00000095203	ortholog_one2one	1
Epb41l5	ENSMUSG00000026383	ENSG00000115109	ortholog_one2one	1
Epb42	ENSMUSG00000023216	ENSG00000166947	ortholog_one2one	1
Epc1	ENSMUSG00000024240	ENSG00000120616	ortholog_one2one	1
Epc2	ENSMUSG00000069495	ENSG00000135999	ortholog_one2one	1
Epcam	ENSMUSG00000045394	ENSG00000119888	ortholog_one2one	1
Epcip	ENSMUSG00000039851	ENSG00000205929	ortholog_one2one	1
Epdr1	ENSMUSG00000002808	ENSG00000086289	ortholog_one2one	1
Epg5	ENSMUSG00000039840	ENSG00000152223	ortholog_one2one	1
Epgn	ENSMUSG00000035020	ENSG00000182585	ortholog_one2one	1
Epha1	ENSMUSG00000029859	ENSG00000146904	ortholog_one2one	1
Epha10	ENSMUSG00000028876	ENSG00000183317	ortholog_one2one	1
Epha2	ENSMUSG00000006445	ENSG00000142627	ortholog_one2one	1
Epha3	ENSMUSG00000052504	ENSG00000044524	ortholog_one2one	1
Epha4	ENSMUSG00000026235	ENSG00000116106	ortholog_one2one	1
Epha5	ENSMUSG00000029245	ENSG00000145242	ortholog_one2one	1
Epha6	ENSMUSG00000055540	ENSG00000080224	ortholog_one2one	1
Epha7	ENSMUSG00000028289	ENSG00000135333	ortholog_one2one	1
Epha8	ENSMUSG00000028661	ENSG00000070886	ortholog_one2one	1
Ephb1	ENSMUSG00000032537	ENSG00000154928	ortholog_one2one	1
Ephb2	ENSMUSG00000028664	ENSG00000133216	ortholog_one2one	1
Ephb3	ENSMUSG00000005958	ENSG00000182580	ortholog_one2one	1
Ephb4	ENSMUSG00000029710	ENSG00000196411	ortholog_one2one	1
Ephb6	ENSMUSG00000029869	ENSG00000106123	ortholog_one2one	1
Ephx1	ENSMUSG00000038776	ENSG00000143819	ortholog_one2one	1
Ephx2	ENSMUSG00000022040	ENSG00000120915	ortholog_one2one	1
Ephx3	ENSMUSG00000037577	ENSG00000105131	ortholog_one2one	1
Ephx4	ENSMUSG00000033805	ENSG00000172031	ortholog_one2one	1
Epm2a	ENSMUSG00000055493	ENSG00000112425	ortholog_one2one	1
Epm2aip1	ENSMUSG00000046785	ENSG00000178567	ortholog_one2one	1
Epn1	ENSMUSG00000035203	ENSG00000063245	ortholog_one2one	1
Epn2	ENSMUSG00000001036	ENSG00000072134	ortholog_one2one	1
Epn3	ENSMUSG00000010080	ENSG00000049283	ortholog_one2one	1
Epo	ENSMUSG00000029711	ENSG00000130427	ortholog_one2one	1
Epop	ENSMUSG00000043439	ENSG00000273604	ortholog_one2one	1
Epor	ENSMUSG00000006235	ENSG00000187266	ortholog_one2one	1
Eppin	ENSMUSG00000017733	ENSG00000101448	ortholog_one2one	1
Eppk1	ENSMUSG00000118671	ENSG00000261150	ortholog_one2one	1
Eprs1	ENSMUSG00000026615	ENSG00000136628	ortholog_one2one	1
Eps15	ENSMUSG00000028552	ENSG00000085832	ortholog_one2one	1
Eps15l1	ENSMUSG00000006276	ENSG00000127527	ortholog_one2one	1
Eps8	ENSMUSG00000015766	ENSG00000151491	ortholog_one2one	1
Eps8l1	ENSMUSG00000006154	ENSG00000131037	ortholog_one2one	1
Eps8l2	ENSMUSG00000025504	ENSG00000177106	ortholog_one2one	1
Eps8l3	ENSMUSG00000040600	ENSG00000198758	ortholog_one2one	1
Epsti1	ENSMUSG00000022014	ENSG00000133106	ortholog_one2one	1
Epx	ENSMUSG00000052234	ENSG00000121053	ortholog_one2one	1
Epyc	ENSMUSG00000019936	ENSG00000083782	ortholog_one2one	1
Eral1	ENSMUSG00000020832	ENSG00000132591	ortholog_one2one	1
Erap1	ENSMUSG00000021583	ENSG00000164307	ortholog_one2one	1
Eras	ENSMUSG00000031160	ENSG00000187682	ortholog_one2one	1
Erbb2	ENSMUSG00000062312	ENSG00000141736	ortholog_one2one	1
Erbb3	ENSMUSG00000018166	ENSG00000065361	ortholog_one2one	1
Erbb4	ENSMUSG00000062209	ENSG00000178568	ortholog_one2one	1
Erbin	ENSMUSG00000021709	ENSG00000112851	ortholog_one2one	1
Erc1	ENSMUSG00000030172	ENSG00000082805	ortholog_one2one	1
Erc2	ENSMUSG00000040640	ENSG00000187672	ortholog_one2one	1
Ercc1	ENSMUSG00000003549	ENSG00000012061	ortholog_one2one	1
Ercc2	ENSMUSG00000030400	ENSG00000104884	ortholog_one2one	1
Ercc3	ENSMUSG00000024382	ENSG00000163161	ortholog_one2one	1
Ercc4	ENSMUSG00000022545	ENSG00000175595	ortholog_one2one	1
Ercc6	ENSMUSG00000054051	ENSG00000225830	ortholog_one2one	1
Ercc6l	ENSMUSG00000051220	ENSG00000186871	ortholog_one2one	1
Ercc8	ENSMUSG00000021694	ENSG00000049167	ortholog_one2one	1
Ereg	ENSMUSG00000029377	ENSG00000124882	ortholog_one2one	1
Erf	ENSMUSG00000040857	ENSG00000105722	ortholog_one2one	1
Erfe	ENSMUSG00000047443	ENSG00000178752	ortholog_one2one	1
Erfl	ENSMUSG00000108367	ENSG00000268041	ortholog_one2one	1
Erg	ENSMUSG00000040732	ENSG00000157554	ortholog_one2one	1
Erg28	ENSMUSG00000021252	ENSG00000133935	ortholog_one2one	1
Ergic1	ENSMUSG00000001576	ENSG00000113719	ortholog_one2one	1
Ergic2	ENSMUSG00000030304	ENSG00000087502	ortholog_one2one	1
Ergic3	ENSMUSG00000005881	ENSG00000125991	ortholog_one2one	1
Eri1	ENSMUSG00000031527	ENSG00000104626	ortholog_one2one	1
Eri2	ENSMUSG00000030929	ENSG00000196678	ortholog_one2one	1
Eri3	ENSMUSG00000033423	ENSG00000117419	ortholog_one2one	1
Erich4	ENSMUSG00000074261	ENSG00000204978	ortholog_one2one	1
Erich5	ENSMUSG00000044726	ENSG00000177459	ortholog_one2one	1
Erich6	ENSMUSG00000070471	ENSG00000163645	ortholog_one2one	1
Erlec1	ENSMUSG00000020311	ENSG00000068912	ortholog_one2one	1
Erlin1	ENSMUSG00000025198	ENSG00000107566	ortholog_one2one	1
Erlin2	ENSMUSG00000031483	ENSG00000147475	ortholog_one2one	1
Ermap	ENSMUSG00000028644	ENSG00000164010	ortholog_one2one	1
Ermn	ENSMUSG00000026830	ENSG00000136541	ortholog_one2one	1
Ermp1	ENSMUSG00000046324	ENSG00000099219	ortholog_one2one	1
Ern1	ENSMUSG00000020715	ENSG00000178607	ortholog_one2one	1
Ern2	ENSMUSG00000030866	ENSG00000134398	ortholog_one2one	1
Ero1a	ENSMUSG00000021831	ENSG00000197930	ortholog_one2one	1
Ero1b	ENSMUSG00000057069	ENSG00000086619	ortholog_one2one	1
Erp27	ENSMUSG00000030219	ENSG00000139055	ortholog_one2one	1
Erp29	ENSMUSG00000029616	ENSG00000089248	ortholog_one2one	1
Erp44	ENSMUSG00000028343	ENSG00000023318	ortholog_one2one	1
Errfi1	ENSMUSG00000028967	ENSG00000116285	ortholog_one2one	1
Esam	ENSMUSG00000001946	ENSG00000149564	ortholog_one2one	1
Esco1	ENSMUSG00000024293	ENSG00000141446	ortholog_one2one	1
Esco2	ENSMUSG00000022034	ENSG00000171320	ortholog_one2one	1
Esd	ENSMUSG00000021996	ENSG00000139684	ortholog_one2one	1
Esf1	ENSMUSG00000045624	ENSG00000089048	ortholog_one2one	1
Esm1	ENSMUSG00000042379	ENSG00000164283	ortholog_one2one	1
Espl1	ENSMUSG00000058290	ENSG00000135476	ortholog_one2one	1
Espnl	ENSMUSG00000049515	ENSG00000144488	ortholog_one2one	1
Esr1	ENSMUSG00000019768	ENSG00000091831	ortholog_one2one	1
Esr2	ENSMUSG00000021055	ENSG00000140009	ortholog_one2one	1
Esrp1	ENSMUSG00000040728	ENSG00000104413	ortholog_one2one	1
Esrp2	ENSMUSG00000084128	ENSG00000103067	ortholog_one2one	1
Esrra	ENSMUSG00000024955	ENSG00000173153	ortholog_one2one	1
Esrrb	ENSMUSG00000021255	ENSG00000119715	ortholog_one2one	1
Esrrg	ENSMUSG00000026610	ENSG00000196482	ortholog_one2one	1
Ess2	ENSMUSG00000003527	ENSG00000100056	ortholog_one2one	1
Esyt1	ENSMUSG00000025366	ENSG00000139641	ortholog_one2one	1
Esyt2	ENSMUSG00000021171	ENSG00000117868	ortholog_one2one	1
Esyt3	ENSMUSG00000037681	ENSG00000158220	ortholog_one2one	1
Etaa1	ENSMUSG00000016984	ENSG00000143971	ortholog_one2one	1
Etf1	ENSMUSG00000024360	ENSG00000120705	ortholog_one2one	1
Etfa	ENSMUSG00000032314	ENSG00000140374	ortholog_one2one	1
Etfb	ENSMUSG00000004610	ENSG00000105379	ortholog_one2one	1
Etfbkmt	ENSMUSG00000039958	ENSG00000139160	ortholog_one2one	1
Etfdh	ENSMUSG00000027809	ENSG00000171503	ortholog_one2one	1
Etfrf1	ENSMUSG00000040370	ENSG00000205707	ortholog_one2one	1
Ethe1	ENSMUSG00000064254	ENSG00000105755	ortholog_one2one	1
Etl4	ENSMUSG00000036617	ENSG00000120549	ortholog_one2one	1
Etnk1	ENSMUSG00000030275	ENSG00000139163	ortholog_one2one	1
Etnk2	ENSMUSG00000070644	ENSG00000143845	ortholog_one2one	1
Etnppl	ENSMUSG00000019232	ENSG00000164089	ortholog_one2one	1
Ets1	ENSMUSG00000032035	ENSG00000134954	ortholog_one2one	1
Ets2	ENSMUSG00000022895	ENSG00000157557	ortholog_one2one	1
Etv1	ENSMUSG00000004151	ENSG00000006468	ortholog_one2one	1
Etv2	ENSMUSG00000006311	ENSG00000105672	ortholog_one2one	1
Etv3	ENSMUSG00000003382	ENSG00000117036	ortholog_one2one	1
Etv3l	ENSMUSG00000118505	ENSG00000253831	ortholog_one2one	1
Etv4	ENSMUSG00000017724	ENSG00000175832	ortholog_one2one	1
Etv5	ENSMUSG00000013089	ENSG00000244405	ortholog_one2one	1
Etv6	ENSMUSG00000030199	ENSG00000139083	ortholog_one2one	1
Eva1a	ENSMUSG00000035104	ENSG00000115363	ortholog_one2one	1
Eva1b	ENSMUSG00000050212	ENSG00000142694	ortholog_one2one	1
Eva1c	ENSMUSG00000039903	ENSG00000166979	ortholog_one2one	1
Evc	ENSMUSG00000029122	ENSG00000072840	ortholog_one2one	1
Evc2	ENSMUSG00000050248	ENSG00000173040	ortholog_one2one	1
Evi2a	ENSMUSG00000078771	ENSG00000126860	ortholog_one2one	1
Evi2b	ENSMUSG00000093938	ENSG00000185862	ortholog_one2one	1
Evi5	ENSMUSG00000011831	ENSG00000067208	ortholog_one2one	1
Evi5l	ENSMUSG00000011832	ENSG00000142459	ortholog_one2one	1
Evl	ENSMUSG00000021262	ENSG00000196405	ortholog_one2one	1
Evpl	ENSMUSG00000034282	ENSG00000167880	ortholog_one2one	1
Evx1	ENSMUSG00000005503	ENSG00000106038	ortholog_one2one	1
Evx2	ENSMUSG00000001815	ENSG00000174279	ortholog_one2one	1
Ewsr1	ENSMUSG00000009079	ENSG00000182944	ortholog_one2one	1
Exd1	ENSMUSG00000048647	ENSG00000178997	ortholog_one2one	1
Exd2	ENSMUSG00000032705	ENSG00000081177	ortholog_one2one	1
Exo1	ENSMUSG00000039748	ENSG00000174371	ortholog_one2one	1
Exo5	ENSMUSG00000028629	ENSG00000164002	ortholog_one2one	1
Exoc1	ENSMUSG00000036435	ENSG00000090989	ortholog_one2one	1
Exoc1l	ENSMUSG00000091204	ENSG00000250821	ortholog_one2one	1
Exoc2	ENSMUSG00000021357	ENSG00000112685	ortholog_one2one	1
Exoc3	ENSMUSG00000034152	ENSG00000180104	ortholog_one2one	1
Exoc3l	ENSMUSG00000043251	ENSG00000179044	ortholog_one2one	1
Exoc3l2	ENSMUSG00000011263	ENSG00000283632	ortholog_one2one	1
Exoc3l4	ENSMUSG00000021280	ENSG00000205436	ortholog_one2one	1
Exoc4	ENSMUSG00000029763	ENSG00000131558	ortholog_one2one	1
Exoc5	ENSMUSG00000061244	ENSG00000070367	ortholog_one2one	1
Exoc6	ENSMUSG00000053799	ENSG00000138190	ortholog_one2one	1
Exoc6b	ENSMUSG00000033769	ENSG00000144036	ortholog_one2one	1
Exoc7	ENSMUSG00000020792	ENSG00000182473	ortholog_one2one	1
Exoc8	ENSMUSG00000074030	ENSG00000116903	ortholog_one2one	1
Exog	ENSMUSG00000042787	ENSG00000157036	ortholog_one2one	1
Exosc1	ENSMUSG00000034321	ENSG00000171311	ortholog_one2one	1
Exosc10	ENSMUSG00000017264	ENSG00000171824	ortholog_one2one	1
Exosc2	ENSMUSG00000039356	ENSG00000130713	ortholog_one2one	1
Exosc3	ENSMUSG00000028322	ENSG00000107371	ortholog_one2one	1
Exosc4	ENSMUSG00000034259	ENSG00000178896	ortholog_one2one	1
Exosc5	ENSMUSG00000061286	ENSG00000077348	ortholog_one2one	1
Exosc6	ENSMUSG00000109941	ENSG00000223496	ortholog_one2one	1
Exosc7	ENSMUSG00000025785	ENSG00000075914	ortholog_one2one	1
Exosc8	ENSMUSG00000027752	ENSG00000120699	ortholog_one2one	1
Exosc9	ENSMUSG00000027714	ENSG00000123737	ortholog_one2one	1
Exph5	ENSMUSG00000034584	ENSG00000110723	ortholog_one2one	1
Ext1	ENSMUSG00000061731	ENSG00000182197	ortholog_one2one	1
Ext2	ENSMUSG00000027198	ENSG00000151348	ortholog_one2one	1
Extl1	ENSMUSG00000028838	ENSG00000158008	ortholog_one2one	1
Extl2	ENSMUSG00000027963	ENSG00000162694	ortholog_one2one	1
Extl3	ENSMUSG00000021978	ENSG00000012232	ortholog_one2one	1
Eya1	ENSMUSG00000025932	ENSG00000104313	ortholog_one2one	1
Eya2	ENSMUSG00000017897	ENSG00000064655	ortholog_one2one	1
Eya3	ENSMUSG00000028886	ENSG00000158161	ortholog_one2one	1
Eya4	ENSMUSG00000010461	ENSG00000112319	ortholog_one2one	1
Ezh1	ENSMUSG00000006920	ENSG00000108799	ortholog_one2one	1
Ezh2	ENSMUSG00000029687	ENSG00000106462	ortholog_one2one	1
Ezr	ENSMUSG00000052397	ENSG00000092820	ortholog_one2one	1
F10	ENSMUSG00000031444	ENSG00000126218	ortholog_one2one	1
F11	ENSMUSG00000031645	ENSG00000088926	ortholog_one2one	1
F11r	ENSMUSG00000038235	ENSG00000158769	ortholog_one2one	1
F12	ENSMUSG00000021492	ENSG00000131187	ortholog_one2one	1
F13a1	ENSMUSG00000039109	ENSG00000124491	ortholog_one2one	1
F13b	ENSMUSG00000026368	ENSG00000143278	ortholog_one2one	1
F2	ENSMUSG00000027249	ENSG00000180210	ortholog_one2one	1
F2r	ENSMUSG00000048376	ENSG00000181104	ortholog_one2one	1
F2rl1	ENSMUSG00000021678	ENSG00000164251	ortholog_one2one	1
F2rl2	ENSMUSG00000021675	ENSG00000164220	ortholog_one2one	1
F2rl3	ENSMUSG00000050147	ENSG00000127533	ortholog_one2one	1
F5	ENSMUSG00000026579	ENSG00000198734	ortholog_one2one	1
F7	ENSMUSG00000031443	ENSG00000057593	ortholog_one2one	1
F8	ENSMUSG00000031196	ENSG00000185010	ortholog_one2one	1
F9	ENSMUSG00000031138	ENSG00000101981	ortholog_one2one	1
Fa2h	ENSMUSG00000033579	ENSG00000103089	ortholog_one2one	1
Faah	ENSMUSG00000034171	ENSG00000117480	ortholog_one2one	1
Faap100	ENSMUSG00000025384	ENSG00000185504	ortholog_one2one	1
Faap24	ENSMUSG00000030493	ENSG00000131944	ortholog_one2one	1
Fabp1	ENSMUSG00000054422	ENSG00000163586	ortholog_one2one	1
Fabp12	ENSMUSG00000027530	ENSG00000197416	ortholog_one2one	1
Fabp2	ENSMUSG00000023057	ENSG00000145384	ortholog_one2one	1
Fabp3	ENSMUSG00000028773	ENSG00000121769	ortholog_one2one	1
Fabp4	ENSMUSG00000062515	ENSG00000170323	ortholog_one2one	1
Fabp5	ENSMUSG00000027533	ENSG00000164687	ortholog_one2one	1
Fabp6	ENSMUSG00000020405	ENSG00000170231	ortholog_one2one	1
Fabp7	ENSMUSG00000019874	ENSG00000164434	ortholog_one2one	1
Fabp9	ENSMUSG00000027528	ENSG00000205186	ortholog_one2one	1
Fadd	ENSMUSG00000031077	ENSG00000168040	ortholog_one2one	1
Fads1	ENSMUSG00000010663	ENSG00000149485	ortholog_one2one	1
Fads2	ENSMUSG00000024665	ENSG00000134824	ortholog_one2one	1
Fads3	ENSMUSG00000024664	ENSG00000221968	ortholog_one2one	1
Fads6	ENSMUSG00000044788	ENSG00000172782	ortholog_one2one	1
Faf1	ENSMUSG00000010517	ENSG00000185104	ortholog_one2one	1
Faf2	ENSMUSG00000025873	ENSG00000113194	ortholog_one2one	1
Fah	ENSMUSG00000030630	ENSG00000103876	ortholog_one2one	1
Fahd1	ENSMUSG00000045316	ENSG00000180185	ortholog_one2one	1
Fahd2a	ENSMUSG00000027371	ENSG00000115042	ortholog_one2one	1
Faim2	ENSMUSG00000023011	ENSG00000135472	ortholog_one2one	1
Fam107a	ENSMUSG00000021750	ENSG00000168309	ortholog_one2one	1
Fam107b	ENSMUSG00000026655	ENSG00000065809	ortholog_one2one	1
Fam110a	ENSMUSG00000027459	ENSG00000125898	ortholog_one2one	1
Fam110b	ENSMUSG00000049119	ENSG00000169122	ortholog_one2one	1
Fam110d	ENSMUSG00000050105	ENSG00000197245	ortholog_one2one	1
Fam114a1	ENSMUSG00000029185	ENSG00000197712	ortholog_one2one	1
Fam114a2	ENSMUSG00000020523	ENSG00000055147	ortholog_one2one	1
Fam117a	ENSMUSG00000038893	ENSG00000121104	ortholog_one2one	1
Fam117b	ENSMUSG00000041040	ENSG00000138439	ortholog_one2one	1
Fam118a	ENSMUSG00000022434	ENSG00000100376	ortholog_one2one	1
Fam118b	ENSMUSG00000050471	ENSG00000197798	ortholog_one2one	1
Fam120a	ENSMUSG00000038014	ENSG00000048828	ortholog_one2one	1
Fam120b	ENSMUSG00000014763	ENSG00000112584	ortholog_one2one	1
Fam120c	ENSMUSG00000025262	ENSG00000184083	ortholog_one2one	1
Fam124a	ENSMUSG00000035184	ENSG00000150510	ortholog_one2one	1
Fam124b	ENSMUSG00000043230	ENSG00000124019	ortholog_one2one	1
Fam131a	ENSMUSG00000050821	ENSG00000175182	ortholog_one2one	1
Fam131b	ENSMUSG00000029861	ENSG00000159784	ortholog_one2one	1
Fam131c	ENSMUSG00000006218	ENSG00000185519	ortholog_one2one	1
Fam133b	ENSMUSG00000058503	ENSG00000234545	ortholog_one2one	1
Fam135a	ENSMUSG00000026153	ENSG00000082269	ortholog_one2one	1
Fam135b	ENSMUSG00000036800	ENSG00000147724	ortholog_one2one	1
Fam136a	ENSMUSG00000057497	ENSG00000035141	ortholog_one2one	1
Fam13a	ENSMUSG00000037709	ENSG00000138640	ortholog_one2one	1
Fam13b	ENSMUSG00000036501	ENSG00000031003	ortholog_one2one	1
Fam13c	ENSMUSG00000043259	ENSG00000148541	ortholog_one2one	1
Fam149a	ENSMUSG00000070044	ENSG00000109794	ortholog_one2one	1
Fam149b	ENSMUSG00000039599	ENSG00000138286	ortholog_one2one	1
Fam151a	ENSMUSG00000034871	ENSG00000162391	ortholog_one2one	1
Fam151b	ENSMUSG00000034334	ENSG00000152380	ortholog_one2one	1
Fam161b	ENSMUSG00000021234	ENSG00000156050	ortholog_one2one	1
Fam162a	ENSMUSG00000003955	ENSG00000114023	ortholog_one2one	1
Fam162b	ENSMUSG00000019909	ENSG00000183807	ortholog_one2one	1
Fam163a	ENSMUSG00000015484	ENSG00000143340	ortholog_one2one	1
Fam163b	ENSMUSG00000009216	ENSG00000196990	ortholog_one2one	1
Fam167a	ENSMUSG00000035095	ENSG00000154319	ortholog_one2one	1
Fam167b	ENSMUSG00000050493	ENSG00000183615	ortholog_one2one	1
Fam168a	ENSMUSG00000029461	ENSG00000054965	ortholog_one2one	1
Fam168b	ENSMUSG00000037503	ENSG00000152102	ortholog_one2one	1
Fam169a	ENSMUSG00000041817	ENSG00000198780	ortholog_one2one	1
Fam170a	ENSMUSG00000035420	ENSG00000164334	ortholog_one2one	1
Fam171a1	ENSMUSG00000050530	ENSG00000148468	ortholog_one2one	1
Fam171a2	ENSMUSG00000034685	ENSG00000161682	ortholog_one2one	1
Fam171b	ENSMUSG00000048388	ENSG00000144369	ortholog_one2one	1
Fam174a	ENSMUSG00000051185	ENSG00000174132	ortholog_one2one	1
Fam174b	ENSMUSG00000078670	ENSG00000185442	ortholog_one2one	1
Fam174c	ENSMUSG00000035595	ENSG00000310576	ortholog_one2one	1
Fam178b	ENSMUSG00000046337	ENSG00000168754	ortholog_one2one	1
Fam180a	ENSMUSG00000047420	ENSG00000189320	ortholog_one2one	1
Fam181a	ENSMUSG00000096753	ENSG00000140067	ortholog_one2one	1
Fam181b	ENSMUSG00000051515	ENSG00000182103	ortholog_one2one	1
Fam184a	ENSMUSG00000019856	ENSG00000111879	ortholog_one2one	1
Fam184b	ENSMUSG00000015879	ENSG00000047662	ortholog_one2one	1
Fam185a	ENSMUSG00000047221	ENSG00000222011	ortholog_one2one	1
Fam186b	ENSMUSG00000078907	ENSG00000135436	ortholog_one2one	1
Fam187a	ENSMUSG00000075510	ENSG00000214447	ortholog_one2one	1
Fam193a	ENSMUSG00000037210	ENSG00000125386	ortholog_one2one	1
Fam193b	ENSMUSG00000021495	ENSG00000146067	ortholog_one2one	1
Fam199x	ENSMUSG00000042595	ENSG00000123575	ortholog_one2one	1
Fam204a	ENSMUSG00000057858	ENSG00000165669	ortholog_one2one	1
Fam20a	ENSMUSG00000020614	ENSG00000108950	ortholog_one2one	1
Fam20b	ENSMUSG00000033557	ENSG00000116199	ortholog_one2one	1
Fam20c	ENSMUSG00000025854	ENSG00000177706	ortholog_one2one	1
Fam210a	ENSMUSG00000038121	ENSG00000177150	ortholog_one2one	1
Fam210b	ENSMUSG00000027495	ENSG00000124098	ortholog_one2one	1
Fam216a	ENSMUSG00000029463	ENSG00000204856	ortholog_one2one	1
Fam216b	ENSMUSG00000045655	ENSG00000179813	ortholog_one2one	1
Fam217b	ENSMUSG00000070476	ENSG00000196227	ortholog_one2one	1
Fam219a	ENSMUSG00000028439	ENSG00000164970	ortholog_one2one	1
Fam219b	ENSMUSG00000032305	ENSG00000178761	ortholog_one2one	1
Fam221a	ENSMUSG00000047115	ENSG00000188732	ortholog_one2one	1
Fam222a	ENSMUSG00000041930	ENSG00000139438	ortholog_one2one	1
Fam222b	ENSMUSG00000037750	ENSG00000173065	ortholog_one2one	1
Fam227b	ENSMUSG00000027209	ENSG00000166262	ortholog_one2one	1
Fam228b	ENSMUSG00000050545	ENSG00000219626	ortholog_one2one	1
Fam229a	ENSMUSG00000078554	ENSG00000225828	ortholog_one2one	1
Fam229b	ENSMUSG00000051736	ENSG00000203778	ortholog_one2one	1
Fam234a	ENSMUSG00000024187	ENSG00000167930	ortholog_one2one	1
Fam234b	ENSMUSG00000030207	ENSG00000084444	ortholog_one2one	1
Fam237a	ENSMUSG00000115378	ENSG00000235118	ortholog_one2one	1
Fam237b	ENSMUSG00000073234	ENSG00000283267	ortholog_one2one	1
Fam240a	ENSMUSG00000096393	ENSG00000283473	ortholog_one2one	1
Fam240b	ENSMUSG00000096537	ENSG00000283329	ortholog_one2one	1
Fam241a	ENSMUSG00000050549	ENSG00000174749	ortholog_one2one	1
Fam241b	ENSMUSG00000020083	ENSG00000171224	ortholog_one2one	1
Fam243	ENSMUSG00000051728	ENSG00000222018	ortholog_one2one	1
Fam3a	ENSMUSG00000031399	ENSG00000071889	ortholog_one2one	1
Fam3b	ENSMUSG00000022938	ENSG00000183844	ortholog_one2one	1
Fam3c	ENSMUSG00000029672	ENSG00000196937	ortholog_one2one	1
Fam3d	ENSMUSG00000021749	ENSG00000198643	ortholog_one2one	1
Fam43a	ENSMUSG00000046546	ENSG00000185112	ortholog_one2one	1
Fam43b	ENSMUSG00000078235	ENSG00000183114	ortholog_one2one	1
Fam47e	ENSMUSG00000057068	ENSG00000189157	ortholog_one2one	1
Fam50a	ENSMUSG00000001962	ENSG00000071859	ortholog_one2one	1
Fam50b	ENSMUSG00000038246	ENSG00000145945	ortholog_one2one	1
Fam53a	ENSMUSG00000037339	ENSG00000174137	ortholog_one2one	1
Fam53b	ENSMUSG00000030956	ENSG00000189319	ortholog_one2one	1
Fam53c	ENSMUSG00000034300	ENSG00000120709	ortholog_one2one	1
Fam76a	ENSMUSG00000028878	ENSG00000009780	ortholog_one2one	1
Fam76b	ENSMUSG00000037808	ENSG00000077458	ortholog_one2one	1
Fam78a	ENSMUSG00000050592	ENSG00000126882	ortholog_one2one	1
Fam78b	ENSMUSG00000060568	ENSG00000188859	ortholog_one2one	1
Fam81a	ENSMUSG00000032224	ENSG00000157470	ortholog_one2one	1
Fam81b	ENSMUSG00000109228	ENSG00000153347	ortholog_one2one	1
Fam83a	ENSMUSG00000051225	ENSG00000147689	ortholog_one2one	1
Fam83b	ENSMUSG00000032358	ENSG00000168143	ortholog_one2one	1
Fam83c	ENSMUSG00000074647	ENSG00000125998	ortholog_one2one	1
Fam83d	ENSMUSG00000027654	ENSG00000101447	ortholog_one2one	1
Fam83e	ENSMUSG00000054161	ENSG00000105523	ortholog_one2one	1
Fam83f	ENSMUSG00000022408	ENSG00000133477	ortholog_one2one	1
Fam83g	ENSMUSG00000042377	ENSG00000188522	ortholog_one2one	1
Fam83h	ENSMUSG00000046761	ENSG00000180921	ortholog_one2one	1
Fam89a	ENSMUSG00000043068	ENSG00000182118	ortholog_one2one	1
Fam89b	ENSMUSG00000024939	ENSG00000176973	ortholog_one2one	1
Fam8a1	ENSMUSG00000069237	ENSG00000137414	ortholog_one2one	1
Fam91a1	ENSMUSG00000037119	ENSG00000176853	ortholog_one2one	1
Fam98a	ENSMUSG00000002017	ENSG00000119812	ortholog_one2one	1
Fam98b	ENSMUSG00000027349	ENSG00000171262	ortholog_one2one	1
Fam98c	ENSMUSG00000030590	ENSG00000130244	ortholog_one2one	1
Fan1	ENSMUSG00000033458	ENSG00000198690	ortholog_one2one	1
Fanca	ENSMUSG00000032815	ENSG00000187741	ortholog_one2one	1
Fancc	ENSMUSG00000021461	ENSG00000158169	ortholog_one2one	1
Fancd2	ENSMUSG00000034023	ENSG00000144554	ortholog_one2one	1
Fancd2os	ENSMUSG00000033963	ENSG00000163705	ortholog_one2one	1
Fance	ENSMUSG00000007570	ENSG00000112039	ortholog_one2one	1
Fancg	ENSMUSG00000028453	ENSG00000221829	ortholog_one2one	1
Fanci	ENSMUSG00000039187	ENSG00000140525	ortholog_one2one	1
Fancl	ENSMUSG00000004018	ENSG00000115392	ortholog_one2one	1
Fancm	ENSMUSG00000055884	ENSG00000187790	ortholog_one2one	1
Fank1	ENSMUSG00000053111	ENSG00000203780	ortholog_one2one	1
Fap	ENSMUSG00000000392	ENSG00000078098	ortholog_one2one	1
Far1	ENSMUSG00000030759	ENSG00000197601	ortholog_one2one	1
Far2	ENSMUSG00000030303	ENSG00000064763	ortholog_one2one	1
Farp1	ENSMUSG00000025555	ENSG00000152767	ortholog_one2one	1
Farp2	ENSMUSG00000034066	ENSG00000006607	ortholog_one2one	1
Fars2	ENSMUSG00000021420	ENSG00000145982	ortholog_one2one	1
Farsa	ENSMUSG00000003808	ENSG00000179115	ortholog_one2one	1
Farsb	ENSMUSG00000026245	ENSG00000116120	ortholog_one2one	1
Fasl	ENSMUSG00000000817	ENSG00000117560	ortholog_one2one	1
Fasn	ENSMUSG00000025153	ENSG00000169710	ortholog_one2one	1
Fastk	ENSMUSG00000028959	ENSG00000164896	ortholog_one2one	1
Fastkd1	ENSMUSG00000027086	ENSG00000138399	ortholog_one2one	1
Fastkd2	ENSMUSG00000025962	ENSG00000118246	ortholog_one2one	1
Fastkd3	ENSMUSG00000021532	ENSG00000124279	ortholog_one2one	1
Fastkd5	ENSMUSG00000079043	ENSG00000215251	ortholog_one2one	1
Fat1	ENSMUSG00000070047	ENSG00000083857	ortholog_one2one	1
Fat2	ENSMUSG00000055333	ENSG00000086570	ortholog_one2one	1
Fat3	ENSMUSG00000074505	ENSG00000165323	ortholog_one2one	1
Fat4	ENSMUSG00000046743	ENSG00000196159	ortholog_one2one	1
Fau	ENSMUSG00000038274	ENSG00000149806	ortholog_one2one	1
Faxc	ENSMUSG00000028246	ENSG00000146267	ortholog_one2one	1
Faxdc2	ENSMUSG00000086962	ENSG00000170271	ortholog_one2one	1
Fbf1	ENSMUSG00000020776	ENSG00000188878	ortholog_one2one	1
Fbh1	ENSMUSG00000058594	ENSG00000134452	ortholog_one2one	1
Fbl	ENSMUSG00000046865	ENSG00000105202	ortholog_one2one	1
Fblim1	ENSMUSG00000006219	ENSG00000162458	ortholog_one2one	1
Fbll1	ENSMUSG00000051062	ENSG00000188573	ortholog_one2one	1
Fbln1	ENSMUSG00000006369	ENSG00000077942	ortholog_one2one	1
Fbln2	ENSMUSG00000064080	ENSG00000163520	ortholog_one2one	1
Fbln5	ENSMUSG00000021186	ENSG00000140092	ortholog_one2one	1
Fbln7	ENSMUSG00000027386	ENSG00000144152	ortholog_one2one	1
Fbn1	ENSMUSG00000027204	ENSG00000166147	ortholog_one2one	1
Fbn2	ENSMUSG00000024598	ENSG00000138829	ortholog_one2one	1
Fbp1	ENSMUSG00000069805	ENSG00000165140	ortholog_one2one	1
Fbp2	ENSMUSG00000021456	ENSG00000130957	ortholog_one2one	1
Fbrs	ENSMUSG00000042423	ENSG00000156860	ortholog_one2one	1
Fbrsl1	ENSMUSG00000043323	ENSG00000112787	ortholog_one2one	1
Fbxl12	ENSMUSG00000066892	ENSG00000127452	ortholog_one2one	1
Fbxl13	ENSMUSG00000048520	ENSG00000161040	ortholog_one2one	1
Fbxl14	ENSMUSG00000030019	ENSG00000171823	ortholog_one2one	1
Fbxl15	ENSMUSG00000025226	ENSG00000107872	ortholog_one2one	1
Fbxl16	ENSMUSG00000025738	ENSG00000127585	ortholog_one2one	1
Fbxl17	ENSMUSG00000023965	ENSG00000145743	ortholog_one2one	1
Fbxl18	ENSMUSG00000066640	ENSG00000155034	ortholog_one2one	1
Fbxl19	ENSMUSG00000030811	ENSG00000099364	ortholog_one2one	1
Fbxl2	ENSMUSG00000032507	ENSG00000153558	ortholog_one2one	1
Fbxl20	ENSMUSG00000020883	ENSG00000108306	ortholog_one2one	1
Fbxl22	ENSMUSG00000050503	ENSG00000197361	ortholog_one2one	1
Fbxl3	ENSMUSG00000022124	ENSG00000005812	ortholog_one2one	1
Fbxl4	ENSMUSG00000040410	ENSG00000112234	ortholog_one2one	1
Fbxl5	ENSMUSG00000039753	ENSG00000118564	ortholog_one2one	1
Fbxl6	ENSMUSG00000022559	ENSG00000182325	ortholog_one2one	1
Fbxl7	ENSMUSG00000043556	ENSG00000183580	ortholog_one2one	1
Fbxl8	ENSMUSG00000033313	ENSG00000135722	ortholog_one2one	1
Fbxo10	ENSMUSG00000048232	ENSG00000147912	ortholog_one2one	1
Fbxo11	ENSMUSG00000005371	ENSG00000138081	ortholog_one2one	1
Fbxo15	ENSMUSG00000034391	ENSG00000141665	ortholog_one2one	1
Fbxo16	ENSMUSG00000034532	ENSG00000214050	ortholog_one2one	1
Fbxo17	ENSMUSG00000030598	ENSG00000269190	ortholog_one2one	1
Fbxo2	ENSMUSG00000041556	ENSG00000116661	ortholog_one2one	1
Fbxo21	ENSMUSG00000032898	ENSG00000135108	ortholog_one2one	1
Fbxo22	ENSMUSG00000032309	ENSG00000167196	ortholog_one2one	1
Fbxo24	ENSMUSG00000089984	ENSG00000106336	ortholog_one2one	1
Fbxo25	ENSMUSG00000038365	ENSG00000147364	ortholog_one2one	1
Fbxo27	ENSMUSG00000037463	ENSG00000161243	ortholog_one2one	1
Fbxo28	ENSMUSG00000047539	ENSG00000143756	ortholog_one2one	1
Fbxo3	ENSMUSG00000027180	ENSG00000110429	ortholog_one2one	1
Fbxo30	ENSMUSG00000047648	ENSG00000118496	ortholog_one2one	1
Fbxo31	ENSMUSG00000052934	ENSG00000103264	ortholog_one2one	1
Fbxo32	ENSMUSG00000022358	ENSG00000156804	ortholog_one2one	1
Fbxo33	ENSMUSG00000035329	ENSG00000165355	ortholog_one2one	1
Fbxo34	ENSMUSG00000037536	ENSG00000178974	ortholog_one2one	1
Fbxo36	ENSMUSG00000073633	ENSG00000153832	ortholog_one2one	1
Fbxo38	ENSMUSG00000042211	ENSG00000145868	ortholog_one2one	1
Fbxo39	ENSMUSG00000070388	ENSG00000177294	ortholog_one2one	1
Fbxo4	ENSMUSG00000022184	ENSG00000151876	ortholog_one2one	1
Fbxo40	ENSMUSG00000047746	ENSG00000163833	ortholog_one2one	1
Fbxo41	ENSMUSG00000047013	ENSG00000163013	ortholog_one2one	1
Fbxo42	ENSMUSG00000028920	ENSG00000037637	ortholog_one2one	1
Fbxo43	ENSMUSG00000048230	ENSG00000156509	ortholog_one2one	1
Fbxo44	ENSMUSG00000029001	ENSG00000132879	ortholog_one2one	1
Fbxo45	ENSMUSG00000035764	ENSG00000174013	ortholog_one2one	1
Fbxo46	ENSMUSG00000050428	ENSG00000177051	ortholog_one2one	1
Fbxo47	ENSMUSG00000070336	ENSG00000204952	ortholog_one2one	1
Fbxo48	ENSMUSG00000044966	ENSG00000204923	ortholog_one2one	1
Fbxo5	ENSMUSG00000019773	ENSG00000112029	ortholog_one2one	1
Fbxo6	ENSMUSG00000055401	ENSG00000116663	ortholog_one2one	1
Fbxo7	ENSMUSG00000001786	ENSG00000100225	ortholog_one2one	1
Fbxo8	ENSMUSG00000038206	ENSG00000164117	ortholog_one2one	1
Fbxo9	ENSMUSG00000001366	ENSG00000112146	ortholog_one2one	1
Fbxw11	ENSMUSG00000020271	ENSG00000072803	ortholog_one2one	1
Fbxw2	ENSMUSG00000035949	ENSG00000119402	ortholog_one2one	1
Fbxw4	ENSMUSG00000040913	ENSG00000107829	ortholog_one2one	1
Fbxw5	ENSMUSG00000015095	ENSG00000159069	ortholog_one2one	1
Fbxw7	ENSMUSG00000028086	ENSG00000109670	ortholog_one2one	1
Fbxw8	ENSMUSG00000032867	ENSG00000174989	ortholog_one2one	1
Fbxw9	ENSMUSG00000008167	ENSG00000132004	ortholog_one2one	1
Fcer1g	ENSMUSG00000058715	ENSG00000158869	ortholog_one2one	1
Fcer2a	ENSMUSG00000005540	ENSG00000104921	ortholog_one2one	1
Fcf1	ENSMUSG00000021243	ENSG00000119616	ortholog_one2one	1
Fcgr1	ENSMUSG00000015947	ENSG00000150337	ortholog_one2one	1
Fcgrt	ENSMUSG00000003420	ENSG00000104870	ortholog_one2one	1
Fcho1	ENSMUSG00000070000	ENSG00000130475	ortholog_one2one	1
Fcho2	ENSMUSG00000041685	ENSG00000157107	ortholog_one2one	1
Fchsd1	ENSMUSG00000038524	ENSG00000197948	ortholog_one2one	1
Fchsd2	ENSMUSG00000030691	ENSG00000137478	ortholog_one2one	1
Fcmr	ENSMUSG00000042474	ENSG00000162894	ortholog_one2one	1
Fcnb	ENSMUSG00000026835	ENSG00000085265	ortholog_one2one	1
Fcrla	ENSMUSG00000038421	ENSG00000132185	ortholog_one2one	1
Fcrlb	ENSMUSG00000070524	ENSG00000162746	ortholog_one2one	1
Fcsk	ENSMUSG00000033703	ENSG00000157353	ortholog_one2one	1
Fdft1	ENSMUSG00000021273	ENSG00000079459	ortholog_one2one	1
Fdps	ENSMUSG00000059743	ENSG00000160752	ortholog_one2one	1
Fdx1	ENSMUSG00000032051	ENSG00000137714	ortholog_one2one	1
Fdx2	ENSMUSG00000079677	ENSG00000267673	ortholog_one2one	1
Fdxacb1	ENSMUSG00000037845	ENSG00000255561	ortholog_one2one	1
Fech	ENSMUSG00000024588	ENSG00000066926	ortholog_one2one	1
Fem1b	ENSMUSG00000032244	ENSG00000169018	ortholog_one2one	1
Fem1c	ENSMUSG00000033319	ENSG00000145780	ortholog_one2one	1
Fen1	ENSMUSG00000024742	ENSG00000168496	ortholog_one2one	1
Fer	ENSMUSG00000000127	ENSG00000151422	ortholog_one2one	1
Fer1l5	ENSMUSG00000037432	ENSG00000249715	ortholog_one2one	1
Fer1l6	ENSMUSG00000037106	ENSG00000214814	ortholog_one2one	1
Ferd3l	ENSMUSG00000046518	ENSG00000146618	ortholog_one2one	1
Fermt1	ENSMUSG00000027356	ENSG00000101311	ortholog_one2one	1
Fermt2	ENSMUSG00000037712	ENSG00000073712	ortholog_one2one	1
Fermt3	ENSMUSG00000024965	ENSG00000149781	ortholog_one2one	1
Fes	ENSMUSG00000053158	ENSG00000182511	ortholog_one2one	1
Fetub	ENSMUSG00000022871	ENSG00000090512	ortholog_one2one	1
Fev	ENSMUSG00000055197	ENSG00000163497	ortholog_one2one	1
Fez1	ENSMUSG00000032118	ENSG00000149557	ortholog_one2one	1
Fez2	ENSMUSG00000056121	ENSG00000171055	ortholog_one2one	1
Fezf1	ENSMUSG00000029697	ENSG00000128610	ortholog_one2one	1
Fezf2	ENSMUSG00000021743	ENSG00000153266	ortholog_one2one	1
Ffar1	ENSMUSG00000044453	ENSG00000126266	ortholog_one2one	1
Ffar2	ENSMUSG00000051314	ENSG00000126262	ortholog_one2one	1
Ffar4	ENSMUSG00000054200	ENSG00000186188	ortholog_one2one	1
Fgb	ENSMUSG00000033831	ENSG00000171564	ortholog_one2one	1
Fgd1	ENSMUSG00000025265	ENSG00000102302	ortholog_one2one	1
Fgd2	ENSMUSG00000024013	ENSG00000146192	ortholog_one2one	1
Fgd3	ENSMUSG00000037946	ENSG00000127084	ortholog_one2one	1
Fgd4	ENSMUSG00000022788	ENSG00000139132	ortholog_one2one	1
Fgd5	ENSMUSG00000034037	ENSG00000154783	ortholog_one2one	1
Fgd6	ENSMUSG00000020021	ENSG00000180263	ortholog_one2one	1
Fgf1	ENSMUSG00000036585	ENSG00000113578	ortholog_one2one	1
Fgf10	ENSMUSG00000021732	ENSG00000070193	ortholog_one2one	1
Fgf11	ENSMUSG00000042826	ENSG00000161958	ortholog_one2one	1
Fgf12	ENSMUSG00000022523	ENSG00000114279	ortholog_one2one	1
Fgf13	ENSMUSG00000031137	ENSG00000129682	ortholog_one2one	1
Fgf14	ENSMUSG00000025551	ENSG00000102466	ortholog_one2one	1
Fgf15	ENSMUSG00000031073	ENSG00000162344	ortholog_one2one	1
Fgf16	ENSMUSG00000031230	ENSG00000196468	ortholog_one2one	1
Fgf17	ENSMUSG00000022101	ENSG00000158815	ortholog_one2one	1
Fgf18	ENSMUSG00000057967	ENSG00000156427	ortholog_one2one	1
Fgf2	ENSMUSG00000037225	ENSG00000138685	ortholog_one2one	1
Fgf20	ENSMUSG00000031603	ENSG00000078579	ortholog_one2one	1
Fgf21	ENSMUSG00000030827	ENSG00000105550	ortholog_one2one	1
Fgf22	ENSMUSG00000020327	ENSG00000070388	ortholog_one2one	1
Fgf23	ENSMUSG00000000182	ENSG00000118972	ortholog_one2one	1
Fgf3	ENSMUSG00000031074	ENSG00000186895	ortholog_one2one	1
Fgf4	ENSMUSG00000050917	ENSG00000075388	ortholog_one2one	1
Fgf5	ENSMUSG00000029337	ENSG00000138675	ortholog_one2one	1
Fgf6	ENSMUSG00000000183	ENSG00000111241	ortholog_one2one	1
Fgf7	ENSMUSG00000027208	ENSG00000140285	ortholog_one2one	1
Fgf8	ENSMUSG00000025219	ENSG00000107831	ortholog_one2one	1
Fgf9	ENSMUSG00000021974	ENSG00000102678	ortholog_one2one	1
Fgfbp1	ENSMUSG00000048373	ENSG00000137440	ortholog_one2one	1
Fgfbp3	ENSMUSG00000047632	ENSG00000174721	ortholog_one2one	1
Fgfr1	ENSMUSG00000031565	ENSG00000077782	ortholog_one2one	1
Fgfr1op2	ENSMUSG00000040242	ENSG00000111790	ortholog_one2one	1
Fgfr2	ENSMUSG00000030849	ENSG00000066468	ortholog_one2one	1
Fgfr3	ENSMUSG00000054252	ENSG00000068078	ortholog_one2one	1
Fgfr4	ENSMUSG00000005320	ENSG00000160867	ortholog_one2one	1
Fgfrl1	ENSMUSG00000008090	ENSG00000127418	ortholog_one2one	1
Fgg	ENSMUSG00000033860	ENSG00000171557	ortholog_one2one	1
Fggy	ENSMUSG00000028573	ENSG00000172456	ortholog_one2one	1
Fgl1	ENSMUSG00000031594	ENSG00000104760	ortholog_one2one	1
Fgl2	ENSMUSG00000039899	ENSG00000127951	ortholog_one2one	1
Fgr	ENSMUSG00000028874	ENSG00000000938	ortholog_one2one	1
Fh1	ENSMUSG00000026526	ENSG00000091483	ortholog_one2one	1
Fhad1	ENSMUSG00000051435	ENSG00000142621	ortholog_one2one	1
Fhdc1	ENSMUSG00000041842	ENSG00000137460	ortholog_one2one	1
Fhip1a	ENSMUSG00000051000	ENSG00000164142	ortholog_one2one	1
Fhip1b	ENSMUSG00000044465	ENSG00000051009	ortholog_one2one	1
Fhip2a	ENSMUSG00000033478	ENSG00000151553	ortholog_one2one	1
Fhip2b	ENSMUSG00000022095	ENSG00000158863	ortholog_one2one	1
Fhit	ENSMUSG00000060579	ENSG00000189283	ortholog_one2one	1
Fhl2	ENSMUSG00000008136	ENSG00000115641	ortholog_one2one	1
Fhl3	ENSMUSG00000032643	ENSG00000183386	ortholog_one2one	1
Fhl5	ENSMUSG00000028259	ENSG00000112214	ortholog_one2one	1
Fhod1	ENSMUSG00000014778	ENSG00000135723	ortholog_one2one	1
Fhod3	ENSMUSG00000034295	ENSG00000134775	ortholog_one2one	1
Fibcd1	ENSMUSG00000026841	ENSG00000130720	ortholog_one2one	1
Fibin	ENSMUSG00000074971	ENSG00000176971	ortholog_one2one	1
Fibp	ENSMUSG00000024911	ENSG00000172500	ortholog_one2one	1
Ficd	ENSMUSG00000053334	ENSG00000198855	ortholog_one2one	1
Fig4	ENSMUSG00000038417	ENSG00000112367	ortholog_one2one	1
Figla	ENSMUSG00000030001	ENSG00000183733	ortholog_one2one	1
Fign	ENSMUSG00000075324	ENSG00000182263	ortholog_one2one	1
Fignl1	ENSMUSG00000035455	ENSG00000132436	ortholog_one2one	1
Fignl2	ENSMUSG00000095440	ENSG00000261308	ortholog_one2one	1
Filip1	ENSMUSG00000034898	ENSG00000118407	ortholog_one2one	1
Filip1l	ENSMUSG00000043336	ENSG00000168386	ortholog_one2one	1
Firrm	ENSMUSG00000041406	ENSG00000000460	ortholog_one2one	1
Fis1	ENSMUSG00000019054	ENSG00000214253	ortholog_one2one	1
Fitm1	ENSMUSG00000022215	ENSG00000139914	ortholog_one2one	1
Fitm2	ENSMUSG00000048486	ENSG00000197296	ortholog_one2one	1
Fiz1	ENSMUSG00000061374	ENSG00000179943	ortholog_one2one	1
Fjx1	ENSMUSG00000075012	ENSG00000179431	ortholog_one2one	1
Fkbp10	ENSMUSG00000001555	ENSG00000141756	ortholog_one2one	1
Fkbp11	ENSMUSG00000003355	ENSG00000134285	ortholog_one2one	1
Fkbp14	ENSMUSG00000038074	ENSG00000106080	ortholog_one2one	1
Fkbp15	ENSMUSG00000066151	ENSG00000119321	ortholog_one2one	1
Fkbp1b	ENSMUSG00000020635	ENSG00000119782	ortholog_one2one	1
Fkbp2	ENSMUSG00000056629	ENSG00000173486	ortholog_one2one	1
Fkbp3	ENSMUSG00000020949	ENSG00000100442	ortholog_one2one	1
Fkbp4	ENSMUSG00000030357	ENSG00000004478	ortholog_one2one	1
Fkbp5	ENSMUSG00000024222	ENSG00000096060	ortholog_one2one	1
Fkbp6	ENSMUSG00000040013	ENSG00000077800	ortholog_one2one	1
Fkbp7	ENSMUSG00000002732	ENSG00000079150	ortholog_one2one	1
Fkbp8	ENSMUSG00000019428	ENSG00000105701	ortholog_one2one	1
Fkbp9	ENSMUSG00000029781	ENSG00000122642	ortholog_one2one	1
Fkbpl	ENSMUSG00000033739	ENSG00000204315	ortholog_one2one	1
Fkrp	ENSMUSG00000048920	ENSG00000181027	ortholog_one2one	1
Fktn	ENSMUSG00000028414	ENSG00000106692	ortholog_one2one	1
Flacc1	ENSMUSG00000047528	ENSG00000155749	ortholog_one2one	1
Flad1	ENSMUSG00000042642	ENSG00000160688	ortholog_one2one	1
Flcn	ENSMUSG00000032633	ENSG00000154803	ortholog_one2one	1
Fli1	ENSMUSG00000016087	ENSG00000151702	ortholog_one2one	1
Flii	ENSMUSG00000002812	ENSG00000177731	ortholog_one2one	1
Flna	ENSMUSG00000031328	ENSG00000196924	ortholog_one2one	1
Flnb	ENSMUSG00000025278	ENSG00000136068	ortholog_one2one	1
Flnc	ENSMUSG00000068699	ENSG00000128591	ortholog_one2one	1
Flot1	ENSMUSG00000059714	ENSG00000137312	ortholog_one2one	1
Flot2	ENSMUSG00000061981	ENSG00000132589	ortholog_one2one	1
Flrt1	ENSMUSG00000047787	ENSG00000126500	ortholog_one2one	1
Flrt2	ENSMUSG00000047414	ENSG00000185070	ortholog_one2one	1
Flrt3	ENSMUSG00000051379	ENSG00000125848	ortholog_one2one	1
Flt1	ENSMUSG00000029648	ENSG00000102755	ortholog_one2one	1
Flt3	ENSMUSG00000042817	ENSG00000122025	ortholog_one2one	1
Flt3l	ENSMUSG00000110206	ENSG00000090554	ortholog_one2one	1
Flt4	ENSMUSG00000020357	ENSG00000037280	ortholog_one2one	1
Flvcr1	ENSMUSG00000066595	ENSG00000162769	ortholog_one2one	1
Flvcr2	ENSMUSG00000034258	ENSG00000119686	ortholog_one2one	1
Flywch1	ENSMUSG00000040097	ENSG00000059122	ortholog_one2one	1
Flywch2	ENSMUSG00000023911	ENSG00000162076	ortholog_one2one	1
Fmc1	ENSMUSG00000019689	ENSG00000164898	ortholog_one2one	1
Fmn1	ENSMUSG00000044042	ENSG00000248905	ortholog_one2one	1
Fmn2	ENSMUSG00000028354	ENSG00000155816	ortholog_one2one	1
Fmnl1	ENSMUSG00000055805	ENSG00000184922	ortholog_one2one	1
Fmnl2	ENSMUSG00000036053	ENSG00000157827	ortholog_one2one	1
Fmnl3	ENSMUSG00000023008	ENSG00000161791	ortholog_one2one	1
Fmo1	ENSMUSG00000040181	ENSG00000010932	ortholog_one2one	1
Fmo2	ENSMUSG00000040170	ENSG00000094963	ortholog_one2one	1
Fmo3	ENSMUSG00000026691	ENSG00000007933	ortholog_one2one	1
Fmo4	ENSMUSG00000026692	ENSG00000076258	ortholog_one2one	1
Fmo5	ENSMUSG00000028088	ENSG00000131781	ortholog_one2one	1
Fmod	ENSMUSG00000041559	ENSG00000122176	ortholog_one2one	1
Fmr1	ENSMUSG00000000838	ENSG00000102081	ortholog_one2one	1
Fn1	ENSMUSG00000026193	ENSG00000115414	ortholog_one2one	1
Fn3k	ENSMUSG00000025175	ENSG00000167363	ortholog_one2one	1
Fn3krp	ENSMUSG00000039253	ENSG00000141560	ortholog_one2one	1
Fnbp1	ENSMUSG00000075415	ENSG00000187239	ortholog_one2one	1
Fnbp1l	ENSMUSG00000039735	ENSG00000137942	ortholog_one2one	1
Fnbp4	ENSMUSG00000008200	ENSG00000109920	ortholog_one2one	1
Fndc1	ENSMUSG00000071984	ENSG00000164694	ortholog_one2one	1
Fndc10	ENSMUSG00000074738	ENSG00000228594	ortholog_one2one	1
Fndc11	ENSMUSG00000047841	ENSG00000125531	ortholog_one2one	1
Fndc3a	ENSMUSG00000033487	ENSG00000102531	ortholog_one2one	1
Fndc3b	ENSMUSG00000039286	ENSG00000075420	ortholog_one2one	1
Fndc4	ENSMUSG00000038552	ENSG00000115226	ortholog_one2one	1
Fndc5	ENSMUSG00000001334	ENSG00000160097	ortholog_one2one	1
Fndc7	ENSMUSG00000045326	ENSG00000143107	ortholog_one2one	1
Fndc8	ENSMUSG00000018844	ENSG00000073598	ortholog_one2one	1
Fndc9	ENSMUSG00000048721	ENSG00000172568	ortholog_one2one	1
Fnip1	ENSMUSG00000035992	ENSG00000217128	ortholog_one2one	1
Fnip2	ENSMUSG00000061175	ENSG00000052795	ortholog_one2one	1
Fnta	ENSMUSG00000015994	ENSG00000168522	ortholog_one2one	1
Fntb	ENSMUSG00000033373	ENSG00000257365	ortholog_one2one	1
Focad	ENSMUSG00000038368	ENSG00000188352	ortholog_one2one	1
Folh1	ENSMUSG00000001773	ENSG00000086205	ortholog_one2one	1
Folr1	ENSMUSG00000001827	ENSG00000110195	ortholog_one2one	1
Folr2	ENSMUSG00000032725	ENSG00000165457	ortholog_one2one	1
Fos	ENSMUSG00000021250	ENSG00000170345	ortholog_one2one	1
Fosb	ENSMUSG00000003545	ENSG00000125740	ortholog_one2one	1
Fosl1	ENSMUSG00000024912	ENSG00000175592	ortholog_one2one	1
Fosl2	ENSMUSG00000029135	ENSG00000075426	ortholog_one2one	1
Foxa1	ENSMUSG00000035451	ENSG00000129514	ortholog_one2one	1
Foxa2	ENSMUSG00000037025	ENSG00000125798	ortholog_one2one	1
Foxa3	ENSMUSG00000040891	ENSG00000170608	ortholog_one2one	1
Foxb1	ENSMUSG00000059246	ENSG00000171956	ortholog_one2one	1
Foxb2	ENSMUSG00000056829	ENSG00000204612	ortholog_one2one	1
Foxc1	ENSMUSG00000050295	ENSG00000054598	ortholog_one2one	1
Foxc2	ENSMUSG00000046714	ENSG00000176692	ortholog_one2one	1
Foxd1	ENSMUSG00000078302	ENSG00000251493	ortholog_one2one	1
Foxd2	ENSMUSG00000055210	ENSG00000186564	ortholog_one2one	1
Foxd3	ENSMUSG00000067261	ENSG00000187140	ortholog_one2one	1
Foxe1	ENSMUSG00000070990	ENSG00000178919	ortholog_one2one	1
Foxe3	ENSMUSG00000044518	ENSG00000186790	ortholog_one2one	1
Foxf1	ENSMUSG00000042812	ENSG00000103241	ortholog_one2one	1
Foxf2	ENSMUSG00000038402	ENSG00000137273	ortholog_one2one	1
Foxg1	ENSMUSG00000020950	ENSG00000176165	ortholog_one2one	1
Foxh1	ENSMUSG00000033837	ENSG00000160973	ortholog_one2one	1
Foxi1	ENSMUSG00000047861	ENSG00000168269	ortholog_one2one	1
Foxi2	ENSMUSG00000048377	ENSG00000186766	ortholog_one2one	1
Foxi3	ENSMUSG00000055874	ENSG00000214336	ortholog_one2one	1
Foxj1	ENSMUSG00000034227	ENSG00000129654	ortholog_one2one	1
Foxj2	ENSMUSG00000003154	ENSG00000065970	ortholog_one2one	1
Foxj3	ENSMUSG00000032998	ENSG00000198815	ortholog_one2one	1
Foxk1	ENSMUSG00000056493	ENSG00000164916	ortholog_one2one	1
Foxk2	ENSMUSG00000039275	ENSG00000141568	ortholog_one2one	1
Foxl1	ENSMUSG00000097084	ENSG00000176678	ortholog_one2one	1
Foxl2	ENSMUSG00000050397	ENSG00000183770	ortholog_one2one	1
Foxl3	ENSMUSG00000094504	ENSG00000248767	ortholog_one2one	1
Foxm1	ENSMUSG00000001517	ENSG00000111206	ortholog_one2one	1
Foxn1	ENSMUSG00000002057	ENSG00000109101	ortholog_one2one	1
Foxn2	ENSMUSG00000034998	ENSG00000170802	ortholog_one2one	1
Foxn3	ENSMUSG00000033713	ENSG00000053254	ortholog_one2one	1
Foxn4	ENSMUSG00000042002	ENSG00000139445	ortholog_one2one	1
Foxo1	ENSMUSG00000044167	ENSG00000150907	ortholog_one2one	1
Foxo3	ENSMUSG00000048756	ENSG00000118689	ortholog_one2one	1
Foxo4	ENSMUSG00000042903	ENSG00000184481	ortholog_one2one	1
Foxo6	ENSMUSG00000052135	ENSG00000204060	ortholog_one2one	1
Foxp1	ENSMUSG00000030067	ENSG00000114861	ortholog_one2one	1
Foxp2	ENSMUSG00000029563	ENSG00000128573	ortholog_one2one	1
Foxp3	ENSMUSG00000039521	ENSG00000049768	ortholog_one2one	1
Foxp4	ENSMUSG00000023991	ENSG00000137166	ortholog_one2one	1
Foxq1	ENSMUSG00000038415	ENSG00000164379	ortholog_one2one	1
Foxr2	ENSMUSG00000071665	ENSG00000189299	ortholog_one2one	1
Foxred1	ENSMUSG00000039048	ENSG00000110074	ortholog_one2one	1
Foxred2	ENSMUSG00000016552	ENSG00000100350	ortholog_one2one	1
Foxs1	ENSMUSG00000074676	ENSG00000179772	ortholog_one2one	1
Fpgs	ENSMUSG00000009566	ENSG00000136877	ortholog_one2one	1
Fpgt	ENSMUSG00000053870	ENSG00000254685	ortholog_one2one	1
Fpr1	ENSMUSG00000045551	ENSG00000171051	ortholog_one2one	1
Fra10ac1	ENSMUSG00000054237	ENSG00000148690	ortholog_one2one	1
Fras1	ENSMUSG00000034687	ENSG00000138759	ortholog_one2one	1
Frat2	ENSMUSG00000047604	ENSG00000181274	ortholog_one2one	1
Frem1	ENSMUSG00000059049	ENSG00000164946	ortholog_one2one	1
Frem2	ENSMUSG00000037016	ENSG00000150893	ortholog_one2one	1
Frem3	ENSMUSG00000042353	ENSG00000183090	ortholog_one2one	1
Frey1	ENSMUSG00000044916	ENSG00000234776	ortholog_one2one	1
Frg1	ENSMUSG00000031590	ENSG00000109536	ortholog_one2one	1
Frk	ENSMUSG00000019779	ENSG00000111816	ortholog_one2one	1
Frmd3	ENSMUSG00000049122	ENSG00000172159	ortholog_one2one	1
Frmd4a	ENSMUSG00000026657	ENSG00000151474	ortholog_one2one	1
Frmd4b	ENSMUSG00000030064	ENSG00000114541	ortholog_one2one	1
Frmd5	ENSMUSG00000027238	ENSG00000171877	ortholog_one2one	1
Frmd6	ENSMUSG00000048285	ENSG00000139926	ortholog_one2one	1
Frmd7	ENSMUSG00000036131	ENSG00000165694	ortholog_one2one	1
Frmd8	ENSMUSG00000024816	ENSG00000126391	ortholog_one2one	1
Frmpd1	ENSMUSG00000035615	ENSG00000070601	ortholog_one2one	1
Frmpd2	ENSMUSG00000108841	ENSG00000170324	ortholog_one2one	1
Frmpd3	ENSMUSG00000042425	ENSG00000147234	ortholog_one2one	1
Frmpd4	ENSMUSG00000049176	ENSG00000169933	ortholog_one2one	1
Frrs1	ENSMUSG00000033386	ENSG00000156869	ortholog_one2one	1
Frrs1l	ENSMUSG00000045589	ENSG00000260230	ortholog_one2one	1
Frs2	ENSMUSG00000020170	ENSG00000166225	ortholog_one2one	1
Frs3	ENSMUSG00000023266	ENSG00000137218	ortholog_one2one	1
Fry	ENSMUSG00000056602	ENSG00000073910	ortholog_one2one	1
Fryl	ENSMUSG00000070733	ENSG00000075539	ortholog_one2one	1
Frzb	ENSMUSG00000027004	ENSG00000162998	ortholog_one2one	1
Fsaf1	ENSMUSG00000031984	ENSG00000143633	ortholog_one2one	1
Fsbp	ENSMUSG00000094595	ENSG00000265817	ortholog_one2one	1
Fscn1	ENSMUSG00000029581	ENSG00000075618	ortholog_one2one	1
Fscn2	ENSMUSG00000025380	ENSG00000186765	ortholog_one2one	1
Fscn3	ENSMUSG00000029707	ENSG00000106328	ortholog_one2one	1
Fsd1	ENSMUSG00000011589	ENSG00000105255	ortholog_one2one	1
Fsd1l	ENSMUSG00000054752	ENSG00000106701	ortholog_one2one	1
Fsd2	ENSMUSG00000038663	ENSG00000186628	ortholog_one2one	1
Fshb	ENSMUSG00000027120	ENSG00000131808	ortholog_one2one	1
Fshr	ENSMUSG00000032937	ENSG00000170820	ortholog_one2one	1
Fsip1	ENSMUSG00000027344	ENSG00000150667	ortholog_one2one	1
Fsip2	ENSMUSG00000075249	ENSG00000188738	ortholog_one2one	1
Fst	ENSMUSG00000021765	ENSG00000134363	ortholog_one2one	1
Fstl1	ENSMUSG00000022816	ENSG00000163430	ortholog_one2one	1
Fstl3	ENSMUSG00000020325	ENSG00000070404	ortholog_one2one	1
Fstl4	ENSMUSG00000036264	ENSG00000053108	ortholog_one2one	1
Fstl5	ENSMUSG00000034098	ENSG00000168843	ortholog_one2one	1
Ftcd	ENSMUSG00000001155	ENSG00000160282	ortholog_one2one	1
Ftmt	ENSMUSG00000024510	ENSG00000181867	ortholog_one2one	1
Fto	ENSMUSG00000055932	ENSG00000140718	ortholog_one2one	1
Ftsj1	ENSMUSG00000031171	ENSG00000068438	ortholog_one2one	1
Ftsj3	ENSMUSG00000020706	ENSG00000108592	ortholog_one2one	1
Fubp1	ENSMUSG00000028034	ENSG00000162613	ortholog_one2one	1
Fubp3	ENSMUSG00000026843	ENSG00000107164	ortholog_one2one	1
Fuca1	ENSMUSG00000028673	ENSG00000179163	ortholog_one2one	1
Fuca2	ENSMUSG00000019810	ENSG00000001036	ortholog_one2one	1
Fundc1	ENSMUSG00000025040	ENSG00000069509	ortholog_one2one	1
Fundc2	ENSMUSG00000031198	ENSG00000165775	ortholog_one2one	1
Fuom	ENSMUSG00000025466	ENSG00000148803	ortholog_one2one	1
Furin	ENSMUSG00000030530	ENSG00000140564	ortholog_one2one	1
Fus	ENSMUSG00000030795	ENSG00000089280	ortholog_one2one	1
Fut1	ENSMUSG00000008461	ENSG00000174951	ortholog_one2one	1
Fut4	ENSMUSG00000049307	ENSG00000196371	ortholog_one2one	1
Fut7	ENSMUSG00000036587	ENSG00000180549	ortholog_one2one	1
Fut8	ENSMUSG00000021065	ENSG00000033170	ortholog_one2one	1
Fut9	ENSMUSG00000055373	ENSG00000172461	ortholog_one2one	1
Fuz	ENSMUSG00000011658	ENSG00000010361	ortholog_one2one	1
Fxn	ENSMUSG00000059363	ENSG00000165060	ortholog_one2one	1
Fxr1	ENSMUSG00000027680	ENSG00000114416	ortholog_one2one	1
Fxr2	ENSMUSG00000018765	ENSG00000129245	ortholog_one2one	1
Fxyd1	ENSMUSG00000036570	ENSG00000266964	ortholog_one2one	1
Fxyd2	ENSMUSG00000059412	ENSG00000137731	ortholog_one2one	1
Fxyd3	ENSMUSG00000057092	ENSG00000089356	ortholog_one2one	1
Fxyd4	ENSMUSG00000004988	ENSG00000150201	ortholog_one2one	1
Fxyd7	ENSMUSG00000036578	ENSG00000221946	ortholog_one2one	1
Fyb1	ENSMUSG00000022148	ENSG00000082074	ortholog_one2one	1
Fyb2	ENSMUSG00000078612	ENSG00000187889	ortholog_one2one	1
Fyco1	ENSMUSG00000025241	ENSG00000163820	ortholog_one2one	1
Fyn	ENSMUSG00000019843	ENSG00000010810	ortholog_one2one	1
Fyttd1	ENSMUSG00000022800	ENSG00000122068	ortholog_one2one	1
Fzd1	ENSMUSG00000044674	ENSG00000157240	ortholog_one2one	1
Fzd10	ENSMUSG00000081683	ENSG00000111432	ortholog_one2one	1
Fzd2	ENSMUSG00000050288	ENSG00000180340	ortholog_one2one	1
Fzd3	ENSMUSG00000007989	ENSG00000104290	ortholog_one2one	1
Fzd4	ENSMUSG00000049791	ENSG00000174804	ortholog_one2one	1
Fzd5	ENSMUSG00000045005	ENSG00000163251	ortholog_one2one	1
Fzd6	ENSMUSG00000022297	ENSG00000164930	ortholog_one2one	1
Fzd7	ENSMUSG00000041075	ENSG00000155760	ortholog_one2one	1
Fzd8	ENSMUSG00000036904	ENSG00000177283	ortholog_one2one	1
Fzd9	ENSMUSG00000049551	ENSG00000188763	ortholog_one2one	1
Fzr1	ENSMUSG00000020235	ENSG00000105325	ortholog_one2one	1
G0s2	ENSMUSG00000009633	ENSG00000123689	ortholog_one2one	1
G2e3	ENSMUSG00000035293	ENSG00000092140	ortholog_one2one	1
G3bp1	ENSMUSG00000018583	ENSG00000145907	ortholog_one2one	1
G3bp2	ENSMUSG00000029405	ENSG00000138757	ortholog_one2one	1
G6pc1	ENSMUSG00000078650	ENSG00000131482	ortholog_one2one	1
G6pc2	ENSMUSG00000005232	ENSG00000152254	ortholog_one2one	1
G6pc3	ENSMUSG00000034793	ENSG00000141349	ortholog_one2one	1
Gaa	ENSMUSG00000025579	ENSG00000171298	ortholog_one2one	1
Gab1	ENSMUSG00000031714	ENSG00000109458	ortholog_one2one	1
Gab2	ENSMUSG00000004508	ENSG00000033327	ortholog_one2one	1
Gab3	ENSMUSG00000032750	ENSG00000160219	ortholog_one2one	1
Gabarap	ENSMUSG00000018567	ENSG00000170296	ortholog_one2one	1
Gabarapl1	ENSMUSG00000030161	ENSG00000139112	ortholog_one2one	1
Gabarapl2	ENSMUSG00000031950	ENSG00000034713	ortholog_one2one	1
Gabbr1	ENSMUSG00000024462	ENSG00000204681	ortholog_one2one	1
Gabbr2	ENSMUSG00000039809	ENSG00000136928	ortholog_one2one	1
Gabpa	ENSMUSG00000008976	ENSG00000154727	ortholog_one2one	1
Gabpb1	ENSMUSG00000027361	ENSG00000104064	ortholog_one2one	1
Gabpb2	ENSMUSG00000038766	ENSG00000143458	ortholog_one2one	1
Gabra1	ENSMUSG00000010803	ENSG00000022355	ortholog_one2one	1
Gabra2	ENSMUSG00000000560	ENSG00000151834	ortholog_one2one	1
Gabra3	ENSMUSG00000031343	ENSG00000011677	ortholog_one2one	1
Gabra4	ENSMUSG00000029211	ENSG00000109158	ortholog_one2one	1
Gabra5	ENSMUSG00000055078	ENSG00000186297	ortholog_one2one	1
Gabra6	ENSMUSG00000020428	ENSG00000145863	ortholog_one2one	1
Gabrb1	ENSMUSG00000029212	ENSG00000163288	ortholog_one2one	1
Gabrb2	ENSMUSG00000007653	ENSG00000145864	ortholog_one2one	1
Gabrb3	ENSMUSG00000033676	ENSG00000166206	ortholog_one2one	1
Gabrd	ENSMUSG00000029054	ENSG00000187730	ortholog_one2one	1
Gabrg1	ENSMUSG00000001260	ENSG00000163285	ortholog_one2one	1
Gabrg2	ENSMUSG00000020436	ENSG00000113327	ortholog_one2one	1
Gabrg3	ENSMUSG00000055026	ENSG00000182256	ortholog_one2one	1
Gabrp	ENSMUSG00000020159	ENSG00000094755	ortholog_one2one	1
Gabrq	ENSMUSG00000031344	ENSG00000268089	ortholog_one2one	1
Gabrr1	ENSMUSG00000028280	ENSG00000146276	ortholog_one2one	1
Gabrr2	ENSMUSG00000023267	ENSG00000111886	ortholog_one2one	1
Gabrr3	ENSMUSG00000074991	ENSG00000183185	ortholog_one2one	1
Gad1	ENSMUSG00000070880	ENSG00000128683	ortholog_one2one	1
Gad2	ENSMUSG00000026787	ENSG00000136750	ortholog_one2one	1
Gadd45a	ENSMUSG00000036390	ENSG00000116717	ortholog_one2one	1
Gadd45b	ENSMUSG00000015312	ENSG00000099860	ortholog_one2one	1
Gadd45g	ENSMUSG00000021453	ENSG00000130222	ortholog_one2one	1
Gadd45gip1	ENSMUSG00000033751	ENSG00000179271	ortholog_one2one	1
Gadl1	ENSMUSG00000056880	ENSG00000144644	ortholog_one2one	1
Gak	ENSMUSG00000062234	ENSG00000178950	ortholog_one2one	1
Gal	ENSMUSG00000024907	ENSG00000069482	ortholog_one2one	1
Gal3st1	ENSMUSG00000049721	ENSG00000128242	ortholog_one2one	1
Gal3st3	ENSMUSG00000047658	ENSG00000175229	ortholog_one2one	1
Gal3st4	ENSMUSG00000075593	ENSG00000197093	ortholog_one2one	1
Galc	ENSMUSG00000021003	ENSG00000054983	ortholog_one2one	1
Gale	ENSMUSG00000028671	ENSG00000117308	ortholog_one2one	1
Galk1	ENSMUSG00000020766	ENSG00000108479	ortholog_one2one	1
Galk2	ENSMUSG00000027207	ENSG00000156958	ortholog_one2one	1
Galm	ENSMUSG00000035473	ENSG00000143891	ortholog_one2one	1
Galns	ENSMUSG00000015027	ENSG00000141012	ortholog_one2one	1
Galnt1	ENSMUSG00000000420	ENSG00000141429	ortholog_one2one	1
Galnt10	ENSMUSG00000020520	ENSG00000164574	ortholog_one2one	1
Galnt11	ENSMUSG00000038072	ENSG00000178234	ortholog_one2one	1
Galnt12	ENSMUSG00000039774	ENSG00000119514	ortholog_one2one	1
Galnt13	ENSMUSG00000060988	ENSG00000144278	ortholog_one2one	1
Galnt14	ENSMUSG00000024064	ENSG00000158089	ortholog_one2one	1
Galnt15	ENSMUSG00000021903	ENSG00000131386	ortholog_one2one	1
Galnt16	ENSMUSG00000021130	ENSG00000100626	ortholog_one2one	1
Galnt17	ENSMUSG00000034040	ENSG00000185274	ortholog_one2one	1
Galnt18	ENSMUSG00000038296	ENSG00000110328	ortholog_one2one	1
Galnt2	ENSMUSG00000089704	ENSG00000143641	ortholog_one2one	1
Galnt3	ENSMUSG00000026994	ENSG00000115339	ortholog_one2one	1
Galnt4	ENSMUSG00000090035	ENSG00000257594	ortholog_one2one	1
Galnt5	ENSMUSG00000026828	ENSG00000136542	ortholog_one2one	1
Galnt6	ENSMUSG00000037280	ENSG00000139629	ortholog_one2one	1
Galnt7	ENSMUSG00000031608	ENSG00000109586	ortholog_one2one	1
Galnt9	ENSMUSG00000033316	ENSG00000182870	ortholog_one2one	1
Galntl5	ENSMUSG00000028938	ENSG00000106648	ortholog_one2one	1
Galntl6	ENSMUSG00000096914	ENSG00000174473	ortholog_one2one	1
Galp	ENSMUSG00000034660	ENSG00000197487	ortholog_one2one	1
Galr1	ENSMUSG00000024553	ENSG00000166573	ortholog_one2one	1
Galr2	ENSMUSG00000020793	ENSG00000182687	ortholog_one2one	1
Galr3	ENSMUSG00000114755	ENSG00000128310	ortholog_one2one	1
Galt	ENSMUSG00000036073	ENSG00000213930	ortholog_one2one	1
Gamt	ENSMUSG00000020150	ENSG00000130005	ortholog_one2one	1
Gan	ENSMUSG00000052557	ENSG00000261609	ortholog_one2one	1
Ganab	ENSMUSG00000071650	ENSG00000089597	ortholog_one2one	1
Ganc	ENSMUSG00000062646	ENSG00000214013	ortholog_one2one	1
Gap43	ENSMUSG00000047261	ENSG00000172020	ortholog_one2one	1
Gapdhs	ENSMUSG00000061099	ENSG00000105679	ortholog_one2one	1
Gapt	ENSMUSG00000046006	ENSG00000175857	ortholog_one2one	1
Gapvd1	ENSMUSG00000026867	ENSG00000165219	ortholog_one2one	1
Gar1	ENSMUSG00000028010	ENSG00000109534	ortholog_one2one	1
Garem1	ENSMUSG00000042680	ENSG00000141441	ortholog_one2one	1
Garem2	ENSMUSG00000044576	ENSG00000157833	ortholog_one2one	1
Garin1a	ENSMUSG00000079652	ENSG00000205085	ortholog_one2one	1
Garin1b	ENSMUSG00000039742	ENSG00000135248	ortholog_one2one	1
Garin2	ENSMUSG00000056987	ENSG00000172717	ortholog_one2one	1
Garin3	ENSMUSG00000020401	ENSG00000170613	ortholog_one2one	1
Garin4	ENSMUSG00000091017	ENSG00000162771	ortholog_one2one	1
Garnl3	ENSMUSG00000038860	ENSG00000136895	ortholog_one2one	1
Garre1	ENSMUSG00000066571	ENSG00000166398	ortholog_one2one	1
Gars1	ENSMUSG00000029777	ENSG00000106105	ortholog_one2one	1
Gart	ENSMUSG00000022962	ENSG00000159131	ortholog_one2one	1
Gas1	ENSMUSG00000052957	ENSG00000180447	ortholog_one2one	1
Gas2	ENSMUSG00000030498	ENSG00000148935	ortholog_one2one	1
Gas2l1	ENSMUSG00000034201	ENSG00000185340	ortholog_one2one	1
Gas2l2	ENSMUSG00000020686	ENSG00000270765	ortholog_one2one	1
Gas2l3	ENSMUSG00000074802	ENSG00000139354	ortholog_one2one	1
Gas6	ENSMUSG00000031451	ENSG00000183087	ortholog_one2one	1
Gas7	ENSMUSG00000033066	ENSG00000007237	ortholog_one2one	1
Gas8	ENSMUSG00000040220	ENSG00000141013	ortholog_one2one	1
Gask1b	ENSMUSG00000027955	ENSG00000164125	ortholog_one2one	1
Gast	ENSMUSG00000017165	ENSG00000184502	ortholog_one2one	1
Gata1	ENSMUSG00000031162	ENSG00000102145	ortholog_one2one	1
Gata2	ENSMUSG00000015053	ENSG00000179348	ortholog_one2one	1
Gata3	ENSMUSG00000015619	ENSG00000107485	ortholog_one2one	1
Gata4	ENSMUSG00000021944	ENSG00000136574	ortholog_one2one	1
Gata5	ENSMUSG00000015627	ENSG00000130700	ortholog_one2one	1
Gata6	ENSMUSG00000005836	ENSG00000141448	ortholog_one2one	1
Gatad1	ENSMUSG00000007415	ENSG00000157259	ortholog_one2one	1
Gatad2a	ENSMUSG00000036180	ENSG00000167491	ortholog_one2one	1
Gatad2b	ENSMUSG00000042390	ENSG00000143614	ortholog_one2one	1
Gatb	ENSMUSG00000028085	ENSG00000059691	ortholog_one2one	1
Gatc	ENSMUSG00000029536	ENSG00000257218	ortholog_one2one	1
Gatd1	ENSMUSG00000051007	ENSG00000177225	ortholog_one2one	1
Gatd3a	ENSMUSG00000053329	ENSG00000160221	ortholog_one2one	1
Gatm	ENSMUSG00000027199	ENSG00000171766	ortholog_one2one	1
Gba1	ENSMUSG00000028048	ENSG00000177628	ortholog_one2one	1
Gba2	ENSMUSG00000028467	ENSG00000070610	ortholog_one2one	1
Gbe1	ENSMUSG00000022707	ENSG00000114480	ortholog_one2one	1
Gbf1	ENSMUSG00000025224	ENSG00000107862	ortholog_one2one	1
Gbgt1	ENSMUSG00000026829	ENSG00000148288	ortholog_one2one	1
Gbp5	ENSMUSG00000105504	ENSG00000154451	ortholog_one2one	1
Gbx1	ENSMUSG00000067724	ENSG00000164900	ortholog_one2one	1
Gbx2	ENSMUSG00000034486	ENSG00000168505	ortholog_one2one	1
Gc	ENSMUSG00000035540	ENSG00000145321	ortholog_one2one	1
Gca	ENSMUSG00000026893	ENSG00000115271	ortholog_one2one	1
Gcat	ENSMUSG00000006378	ENSG00000100116	ortholog_one2one	1
Gcc1	ENSMUSG00000029708	ENSG00000179562	ortholog_one2one	1
Gcc2	ENSMUSG00000038039	ENSG00000135968	ortholog_one2one	1
Gcdh	ENSMUSG00000003809	ENSG00000105607	ortholog_one2one	1
Gcfc2	ENSMUSG00000035125	ENSG00000005436	ortholog_one2one	1
Gcg	ENSMUSG00000000394	ENSG00000115263	ortholog_one2one	1
Gcgr	ENSMUSG00000025127	ENSG00000215644	ortholog_one2one	1
Gch1	ENSMUSG00000037580	ENSG00000131979	ortholog_one2one	1
Gchfr	ENSMUSG00000046814	ENSG00000137880	ortholog_one2one	1
Gck	ENSMUSG00000041798	ENSG00000106633	ortholog_one2one	1
Gckr	ENSMUSG00000059434	ENSG00000084734	ortholog_one2one	1
Gclc	ENSMUSG00000032350	ENSG00000001084	ortholog_one2one	1
Gclm	ENSMUSG00000028124	ENSG00000023909	ortholog_one2one	1
Gcm1	ENSMUSG00000023333	ENSG00000137270	ortholog_one2one	1
Gcm2	ENSMUSG00000021362	ENSG00000124827	ortholog_one2one	1
Gcn1	ENSMUSG00000041638	ENSG00000089154	ortholog_one2one	1
Gcnt1	ENSMUSG00000038843	ENSG00000187210	ortholog_one2one	1
Gcnt3	ENSMUSG00000032226	ENSG00000140297	ortholog_one2one	1
Gcnt4	ENSMUSG00000091387	ENSG00000176928	ortholog_one2one	1
Gcsam	ENSMUSG00000022659	ENSG00000174500	ortholog_one2one	1
Gcsh	ENSMUSG00000034424	ENSG00000140905	ortholog_one2one	1
Gda	ENSMUSG00000058624	ENSG00000119125	ortholog_one2one	1
Gdap1	ENSMUSG00000025777	ENSG00000104381	ortholog_one2one	1
Gdap1l1	ENSMUSG00000017943	ENSG00000124194	ortholog_one2one	1
Gdap2	ENSMUSG00000027865	ENSG00000196505	ortholog_one2one	1
Gde1	ENSMUSG00000033917	ENSG00000006007	ortholog_one2one	1
Gdf1	ENSMUSG00000109523	ENSG00000130283	ortholog_one2one	1
Gdf10	ENSMUSG00000021943	ENSG00000266524	ortholog_one2one	1
Gdf11	ENSMUSG00000025352	ENSG00000135414	ortholog_one2one	1
Gdf15	ENSMUSG00000038508	ENSG00000130513	ortholog_one2one	1
Gdf2	ENSMUSG00000072625	ENSG00000263761	ortholog_one2one	1
Gdf3	ENSMUSG00000030117	ENSG00000184344	ortholog_one2one	1
Gdf5	ENSMUSG00000038259	ENSG00000125965	ortholog_one2one	1
Gdf6	ENSMUSG00000051279	ENSG00000156466	ortholog_one2one	1
Gdf7	ENSMUSG00000037660	ENSG00000143869	ortholog_one2one	1
Gdf9	ENSMUSG00000018238	ENSG00000164404	ortholog_one2one	1
Gdi1	ENSMUSG00000015291	ENSG00000203879	ortholog_one2one	1
Gdi2	ENSMUSG00000021218	ENSG00000057608	ortholog_one2one	1
Gdnf	ENSMUSG00000022144	ENSG00000168621	ortholog_one2one	1
Gdpd1	ENSMUSG00000061666	ENSG00000153982	ortholog_one2one	1
Gdpd2	ENSMUSG00000019359	ENSG00000130055	ortholog_one2one	1
Gdpd3	ENSMUSG00000030703	ENSG00000102886	ortholog_one2one	1
Gdpd4	ENSMUSG00000035582	ENSG00000178795	ortholog_one2one	1
Gdpd5	ENSMUSG00000035314	ENSG00000158555	ortholog_one2one	1
Gdpgp1	ENSMUSG00000050973	ENSG00000183208	ortholog_one2one	1
Gem	ENSMUSG00000028214	ENSG00000164949	ortholog_one2one	1
Gemin2	ENSMUSG00000060121	ENSG00000092208	ortholog_one2one	1
Gemin5	ENSMUSG00000037275	ENSG00000082516	ortholog_one2one	1
Gemin6	ENSMUSG00000055760	ENSG00000152147	ortholog_one2one	1
Gemin7	ENSMUSG00000044709	ENSG00000142252	ortholog_one2one	1
Gemin8	ENSMUSG00000040621	ENSG00000046647	ortholog_one2one	1
Gen1	ENSMUSG00000051235	ENSG00000178295	ortholog_one2one	1
Get1	ENSMUSG00000023147	ENSG00000182093	ortholog_one2one	1
Get3	ENSMUSG00000052456	ENSG00000198356	ortholog_one2one	1
Get4	ENSMUSG00000025858	ENSG00000239857	ortholog_one2one	1
Gfap	ENSMUSG00000020932	ENSG00000131095	ortholog_one2one	1
Gfer	ENSMUSG00000040888	ENSG00000127554	ortholog_one2one	1
Gfi1	ENSMUSG00000029275	ENSG00000162676	ortholog_one2one	1
Gfi1b	ENSMUSG00000026815	ENSG00000165702	ortholog_one2one	1
Gfm1	ENSMUSG00000027774	ENSG00000168827	ortholog_one2one	1
Gfm2	ENSMUSG00000021666	ENSG00000164347	ortholog_one2one	1
Gfod1	ENSMUSG00000051335	ENSG00000145990	ortholog_one2one	1
Gfod2	ENSMUSG00000013150	ENSG00000141098	ortholog_one2one	1
Gfpt1	ENSMUSG00000029992	ENSG00000198380	ortholog_one2one	1
Gfpt2	ENSMUSG00000020363	ENSG00000131459	ortholog_one2one	1
Gfra1	ENSMUSG00000025089	ENSG00000151892	ortholog_one2one	1
Gfra2	ENSMUSG00000022103	ENSG00000168546	ortholog_one2one	1
Gfra3	ENSMUSG00000024366	ENSG00000146013	ortholog_one2one	1
Gfra4	ENSMUSG00000027316	ENSG00000125861	ortholog_one2one	1
Gfral	ENSMUSG00000059383	ENSG00000187871	ortholog_one2one	1
Gfus	ENSMUSG00000022570	ENSG00000104522	ortholog_one2one	1
Gfy	ENSMUSG00000095276	ENSG00000261949	ortholog_one2one	1
Gga1	ENSMUSG00000033128	ENSG00000100083	ortholog_one2one	1
Gga2	ENSMUSG00000030872	ENSG00000103365	ortholog_one2one	1
Gga3	ENSMUSG00000020740	ENSG00000125447	ortholog_one2one	1
Ggact	ENSMUSG00000041625	ENSG00000134864	ortholog_one2one	1
Ggct	ENSMUSG00000002797	ENSG00000006625	ortholog_one2one	1
Ggcx	ENSMUSG00000053460	ENSG00000115486	ortholog_one2one	1
Ggh	ENSMUSG00000073987	ENSG00000137563	ortholog_one2one	1
Ggn	ENSMUSG00000031493	ENSG00000179168	ortholog_one2one	1
Ggnbp2	ENSMUSG00000020530	ENSG00000278311	ortholog_one2one	1
Ggps1	ENSMUSG00000021302	ENSG00000152904	ortholog_one2one	1
Ggt5	ENSMUSG00000006344	ENSG00000099998	ortholog_one2one	1
Ggt6	ENSMUSG00000040471	ENSG00000167741	ortholog_one2one	1
Ggt7	ENSMUSG00000027603	ENSG00000131067	ortholog_one2one	1
Ghdc	ENSMUSG00000017747	ENSG00000167925	ortholog_one2one	1
Ghitm	ENSMUSG00000041028	ENSG00000165678	ortholog_one2one	1
Ghr	ENSMUSG00000055737	ENSG00000112964	ortholog_one2one	1
Ghrh	ENSMUSG00000027643	ENSG00000118702	ortholog_one2one	1
Ghrhr	ENSMUSG00000004654	ENSG00000106128	ortholog_one2one	1
Ghrl	ENSMUSG00000064177	ENSG00000157017	ortholog_one2one	1
Ghsr	ENSMUSG00000051136	ENSG00000121853	ortholog_one2one	1
Gid4	ENSMUSG00000018415	ENSG00000141034	ortholog_one2one	1
Gid8	ENSMUSG00000027573	ENSG00000101193	ortholog_one2one	1
Gigyf1	ENSMUSG00000029714	ENSG00000146830	ortholog_one2one	1
Gigyf2	ENSMUSG00000048000	ENSG00000204120	ortholog_one2one	1
Gimap1	ENSMUSG00000090019	ENSG00000213203	ortholog_one2one	1
Gimap4	ENSMUSG00000054435	ENSG00000133574	ortholog_one2one	1
Gimap7	ENSMUSG00000043931	ENSG00000179144	ortholog_one2one	1
Gimap8	ENSMUSG00000064262	ENSG00000171115	ortholog_one2one	1
Gimd1	ENSMUSG00000091721	ENSG00000250298	ortholog_one2one	1
Gin1	ENSMUSG00000026333	ENSG00000145723	ortholog_one2one	1
Ginm1	ENSMUSG00000040006	ENSG00000055211	ortholog_one2one	1
Gins1	ENSMUSG00000027454	ENSG00000101003	ortholog_one2one	1
Gins2	ENSMUSG00000031821	ENSG00000131153	ortholog_one2one	1
Gins3	ENSMUSG00000031669	ENSG00000181938	ortholog_one2one	1
Gins4	ENSMUSG00000031546	ENSG00000147536	ortholog_one2one	1
Gip	ENSMUSG00000014351	ENSG00000159224	ortholog_one2one	1
Gipc1	ENSMUSG00000019433	ENSG00000123159	ortholog_one2one	1
Gipc2	ENSMUSG00000039131	ENSG00000137960	ortholog_one2one	1
Gipc3	ENSMUSG00000034872	ENSG00000179855	ortholog_one2one	1
Gipr	ENSMUSG00000030406	ENSG00000010310	ortholog_one2one	1
Git1	ENSMUSG00000011877	ENSG00000108262	ortholog_one2one	1
Git2	ENSMUSG00000041890	ENSG00000139436	ortholog_one2one	1
Gja1	ENSMUSG00000050953	ENSG00000152661	ortholog_one2one	1
Gja10	ENSMUSG00000051056	ENSG00000135355	ortholog_one2one	1
Gja3	ENSMUSG00000048582	ENSG00000121743	ortholog_one2one	1
Gja4	ENSMUSG00000050234	ENSG00000187513	ortholog_one2one	1
Gja5	ENSMUSG00000057123	ENSG00000265107	ortholog_one2one	1
Gja8	ENSMUSG00000049908	ENSG00000121634	ortholog_one2one	1
Gjb1	ENSMUSG00000047797	ENSG00000169562	ortholog_one2one	1
Gjb2	ENSMUSG00000046352	ENSG00000165474	ortholog_one2one	1
Gjb3	ENSMUSG00000042367	ENSG00000188910	ortholog_one2one	1
Gjb4	ENSMUSG00000046623	ENSG00000189433	ortholog_one2one	1
Gjb5	ENSMUSG00000042357	ENSG00000189280	ortholog_one2one	1
Gjb6	ENSMUSG00000040055	ENSG00000121742	ortholog_one2one	1
Gjc1	ENSMUSG00000034520	ENSG00000182963	ortholog_one2one	1
Gjc2	ENSMUSG00000043448	ENSG00000198835	ortholog_one2one	1
Gjc3	ENSMUSG00000056966	ENSG00000176402	ortholog_one2one	1
Gjd2	ENSMUSG00000068615	ENSG00000159248	ortholog_one2one	1
Gjd3	ENSMUSG00000047197	ENSG00000183153	ortholog_one2one	1
Gjd4	ENSMUSG00000036855	ENSG00000177291	ortholog_one2one	1
Gje1	ENSMUSG00000019867	ENSG00000203733	ortholog_one2one	1
Gk2	ENSMUSG00000050553	ENSG00000196475	ortholog_one2one	1
Gk5	ENSMUSG00000041440	ENSG00000175066	ortholog_one2one	1
Gkap1	ENSMUSG00000021552	ENSG00000165113	ortholog_one2one	1
Gkn1	ENSMUSG00000030050	ENSG00000169605	ortholog_one2one	1
Gkn2	ENSMUSG00000030049	ENSG00000183607	ortholog_one2one	1
Gla	ENSMUSG00000031266	ENSG00000102393	ortholog_one2one	1
Glb1	ENSMUSG00000045594	ENSG00000170266	ortholog_one2one	1
Glb1l	ENSMUSG00000026200	ENSG00000163521	ortholog_one2one	1
Glb1l2	ENSMUSG00000036395	ENSG00000149328	ortholog_one2one	1
Glb1l3	ENSMUSG00000031966	ENSG00000166105	ortholog_one2one	1
Glcci1	ENSMUSG00000029638	ENSG00000106415	ortholog_one2one	1
Glce	ENSMUSG00000032252	ENSG00000138604	ortholog_one2one	1
Gldc	ENSMUSG00000024827	ENSG00000178445	ortholog_one2one	1
Gldn	ENSMUSG00000046167	ENSG00000186417	ortholog_one2one	1
Gle1	ENSMUSG00000019715	ENSG00000119392	ortholog_one2one	1
Glg1	ENSMUSG00000003316	ENSG00000090863	ortholog_one2one	1
Gli1	ENSMUSG00000025407	ENSG00000111087	ortholog_one2one	1
Gli2	ENSMUSG00000048402	ENSG00000074047	ortholog_one2one	1
Gli3	ENSMUSG00000021318	ENSG00000106571	ortholog_one2one	1
Glipr1	ENSMUSG00000056888	ENSG00000139278	ortholog_one2one	1
Glipr1l2	ENSMUSG00000020214	ENSG00000180481	ortholog_one2one	1
Glipr2	ENSMUSG00000028480	ENSG00000122694	ortholog_one2one	1
Glis1	ENSMUSG00000034762	ENSG00000174332	ortholog_one2one	1
Glis2	ENSMUSG00000014303	ENSG00000126603	ortholog_one2one	1
Glis3	ENSMUSG00000052942	ENSG00000107249	ortholog_one2one	1
Glmn	ENSMUSG00000029276	ENSG00000174842	ortholog_one2one	1
Glmp	ENSMUSG00000001418	ENSG00000198715	ortholog_one2one	1
Glo1	ENSMUSG00000024026	ENSG00000124767	ortholog_one2one	1
Glod5	ENSMUSG00000031163	ENSG00000171433	ortholog_one2one	1
Glp1r	ENSMUSG00000024027	ENSG00000112164	ortholog_one2one	1
Glp2r	ENSMUSG00000049928	ENSG00000065325	ortholog_one2one	1
Glra1	ENSMUSG00000000263	ENSG00000145888	ortholog_one2one	1
Glra2	ENSMUSG00000018589	ENSG00000101958	ortholog_one2one	1
Glra3	ENSMUSG00000038257	ENSG00000145451	ortholog_one2one	1
Glrb	ENSMUSG00000028020	ENSG00000109738	ortholog_one2one	1
Glrx	ENSMUSG00000021591	ENSG00000173221	ortholog_one2one	1
Glrx2	ENSMUSG00000018196	ENSG00000023572	ortholog_one2one	1
Glrx3	ENSMUSG00000031068	ENSG00000108010	ortholog_one2one	1
Glrx5	ENSMUSG00000021102	ENSG00000182512	ortholog_one2one	1
Gls	ENSMUSG00000026103	ENSG00000115419	ortholog_one2one	1
Gls2	ENSMUSG00000044005	ENSG00000135423	ortholog_one2one	1
Glt1d1	ENSMUSG00000049971	ENSG00000151948	ortholog_one2one	1
Glt6d1	ENSMUSG00000036401	ENSG00000204007	ortholog_one2one	1
Glt8d1	ENSMUSG00000021916	ENSG00000016864	ortholog_one2one	1
Glt8d2	ENSMUSG00000020251	ENSG00000120820	ortholog_one2one	1
Gltp	ENSMUSG00000011884	ENSG00000139433	ortholog_one2one	1
Gltpd2	ENSMUSG00000046811	ENSG00000182327	ortholog_one2one	1
Glul	ENSMUSG00000026473	ENSG00000135821	ortholog_one2one	1
Glyat	ENSMUSG00000063683	ENSG00000149124	ortholog_one2one	1
Glyatl3	ENSMUSG00000091043	ENSG00000203972	ortholog_one2one	1
Glyctk	ENSMUSG00000020258	ENSG00000168237	ortholog_one2one	1
Glyr1	ENSMUSG00000022536	ENSG00000140632	ortholog_one2one	1
Gm11100	ENSMUSG00000079357	ENSG00000163632	ortholog_one2one	1
Gm11437	ENSMUSG00000051452	ENSG00000278505	ortholog_one2one	1
Gm11837	ENSMUSG00000086587	ENSG00000253250	ortholog_one2one	1
Gm11992	ENSMUSG00000040978	ENSG00000164746	ortholog_one2one	1
Gm12695	ENSMUSG00000078639	ENSG00000162598	ortholog_one2one	1
Gm128	ENSMUSG00000068860	ENSG00000143443	ortholog_one2one	1
Gm13539	ENSMUSG00000085484	ENSG00000236543	ortholog_one2one	1
Gm136	ENSMUSG00000071015	ENSG00000203872	ortholog_one2one	1
Gm14137	ENSMUSG00000055926	ENSG00000188277	ortholog_one2one	1
Gm15517	ENSMUSG00000087376	ENSG00000261341	ortholog_one2one	1
Gm17266	ENSMUSG00000117781	ENSG00000206043	ortholog_one2one	1
Gm17455	ENSMUSG00000090439	ENSG00000214688	ortholog_one2one	1
Gm2102	ENSMUSG00000118426	ENSG00000288658	ortholog_one2one	1
Gm22059	ENSMUSG00000088169	ENSG00000238793	ortholog_one2one	1
Gm22123	ENSMUSG00000092885	ENSG00000284261	ortholog_one2one	1
Gm22154	ENSMUSG00000065778	ENSG00000201457	ortholog_one2one	1
Gm22192	ENSMUSG00000119688	ENSG00000235284	ortholog_one2one	1
Gm22193	ENSMUSG00000080518	ENSG00000221514	ortholog_one2one	1
Gm22394	ENSMUSG00000093784	ENSG00000264452	ortholog_one2one	1
Gm22442	ENSMUSG00000087881	ENSG00000252835	ortholog_one2one	1
Gm22455	ENSMUSG00000064514	ENSG00000199574	ortholog_one2one	1
Gm22571	ENSMUSG00000064918	ENSG00000280554	ortholog_one2one	1
Gm22589	ENSMUSG00000075770	ENSG00000265236	ortholog_one2one	1
Gm22620	ENSMUSG00000064634	ENSG00000201541	ortholog_one2one	1
Gm22680	ENSMUSG00000065782	ENSG00000277846	ortholog_one2one	1
Gm22711	ENSMUSG00000080540	ENSG00000277887	ortholog_one2one	1
Gm22858	ENSMUSG00000092713	ENSG00000265706	ortholog_one2one	1
Gm22871	ENSMUSG00000093443	ENSG00000266692	ortholog_one2one	1
Gm22879	ENSMUSG00000064829	ENSG00000200831	ortholog_one2one	1
Gm22888	ENSMUSG00000089265	ENSG00000238300	ortholog_one2one	1
Gm22953	ENSMUSG00000080374	ENSG00000221792	ortholog_one2one	1
Gm22980	ENSMUSG00000064542	ENSG00000281859	ortholog_one2one	1
Gm23008	ENSMUSG00000089571	ENSG00000238531	ortholog_one2one	1
Gm23130	ENSMUSG00000077440	ENSG00000206754	ortholog_one2one	1
Gm23187	ENSMUSG00000093645	ENSG00000212498	ortholog_one2one	1
Gm23212	ENSMUSG00000084667	ENSG00000310745	ortholog_one2one	1
Gm23245	ENSMUSG00000065304	ENSG00000206603	ortholog_one2one	1
Gm23262	ENSMUSG00000088948	ENSG00000238622	ortholog_one2one	1
Gm23297	ENSMUSG00000065118	ENSG00000207008	ortholog_one2one	1
Gm23301	ENSMUSG00000064647	ENSG00000206602	ortholog_one2one	1
Gm23344	ENSMUSG00000065752	ENSG00000200623	ortholog_one2one	1
Gm23547	ENSMUSG00000088835	ENSG00000238795	ortholog_one2one	1
Gm23650	ENSMUSG00000065289	ENSG00000229686	ortholog_one2one	1
Gm23850	ENSMUSG00000065764	ENSG00000199773	ortholog_one2one	1
Gm23969	ENSMUSG00000065258	ENSG00000206611	ortholog_one2one	1
Gm24016	ENSMUSG00000088351	ENSG00000238650	ortholog_one2one	1
Gm24044	ENSMUSG00000065041	ENSG00000206760	ortholog_one2one	1
Gm24067	ENSMUSG00000077702	ENSG00000209645	ortholog_one2one	1
Gm24119	ENSMUSG00000077167	ENSG00000212443	ortholog_one2one	1
Gm24201	ENSMUSG00000064880	ENSG00000200418	ortholog_one2one	1
Gm24289	ENSMUSG00000088254	ENSG00000252712	ortholog_one2one	1
Gm24299	ENSMUSG00000088929	ENSG00000239195	ortholog_one2one	1
Gm24313	ENSMUSG00000064495	ENSG00000206838	ortholog_one2one	1
Gm24336	ENSMUSG00000077391	ENSG00000212464	ortholog_one2one	1
Gm24452	ENSMUSG00000065281	ENSG00000275996	ortholog_one2one	1
Gm24455	ENSMUSG00000065282	ENSG00000207145	ortholog_one2one	1
Gm24494	ENSMUSG00000065738	ENSG00000207241	ortholog_one2one	1
Gm24507	ENSMUSG00000088308	ENSG00000238835	ortholog_one2one	1
Gm24608	ENSMUSG00000077569	ENSG00000201129	ortholog_one2one	1
Gm24616	ENSMUSG00000065208	ENSG00000263776	ortholog_one2one	1
Gm24837	ENSMUSG00000089308	ENSG00000238886	ortholog_one2one	1
Gm24916	ENSMUSG00000087912	ENSG00000238862	ortholog_one2one	1
Gm24958	ENSMUSG00000088634	ENSG00000239127	ortholog_one2one	1
Gm25091	ENSMUSG00000077185	ENSG00000207500	ortholog_one2one	1
Gm25107	ENSMUSG00000084421	ENSG00000271907	ortholog_one2one	1
Gm25128	ENSMUSG00000065273	ENSG00000201785	ortholog_one2one	1
Gm25129	ENSMUSG00000064585	ENSG00000199266	ortholog_one2one	1
Gm25187	ENSMUSG00000065840	ENSG00000274309	ortholog_one2one	1
Gm25394	ENSMUSG00000087963	ENSG00000239183	ortholog_one2one	1
Gm25506	ENSMUSG00000077527	ENSG00000209702	ortholog_one2one	1
Gm25663	ENSMUSG00000088323	ENSG00000238754	ortholog_one2one	1
Gm25744	ENSMUSG00000092687	ENSG00000201823	ortholog_one2one	1
Gm25820	ENSMUSG00000105448	ENSG00000281516	ortholog_one2one	1
Gm25835	ENSMUSG00000089542	ENSG00000238917	ortholog_one2one	1
Gm25855	ENSMUSG00000064721	ENSG00000275043	ortholog_one2one	1
Gm25878	ENSMUSG00000077515	ENSG00000209042	ortholog_one2one	1
Gm25894	ENSMUSG00000065392	ENSG00000276788	ortholog_one2one	1
Gm25970	ENSMUSG00000087790	ENSG00000239043	ortholog_one2one	1
Gm26079	ENSMUSG00000077254	ENSG00000208892	ortholog_one2one	1
Gm26109	ENSMUSG00000065904	ENSG00000206989	ortholog_one2one	1
Gm26130	ENSMUSG00000065105	ENSG00000206910	ortholog_one2one	1
Gm26224	ENSMUSG00000064440	ENSG00000310749	ortholog_one2one	1
Gm26247	ENSMUSG00000080352	ENSG00000220988	ortholog_one2one	1
Gm26287	ENSMUSG00000089512	ENSG00000271852	ortholog_one2one	1
Gm26293	ENSMUSG00000077358	ENSG00000212309	ortholog_one2one	1
Gm26387	ENSMUSG00000077426	ENSG00000207523	ortholog_one2one	1
Gm26447	ENSMUSG00000064382	ENSG00000200320	ortholog_one2one	1
Gm26457	ENSMUSG00000064612	ENSG00000207047	ortholog_one2one	1
Gm29695	ENSMUSG00000118219	ENSG00000281406	ortholog_one2one	1
Gm29797	ENSMUSG00000108976	ENSG00000196421	ortholog_one2one	1
Gm2a	ENSMUSG00000000594	ENSG00000196743	ortholog_one2one	1
Gm30191	ENSMUSG00000108398	ENSG00000282872	ortholog_one2one	1
Gm34066	ENSMUSG00000109809	ENSG00000187944	ortholog_one2one	1
Gm36210	ENSMUSG00000110221	ENSG00000283567	ortholog_one2one	1
Gm38999	ENSMUSG00000118553	ENSG00000262874	ortholog_one2one	1
Gm40193	ENSMUSG00000109833	ENSG00000262165	ortholog_one2one	1
Gm4131	ENSMUSG00000100486	ENSG00000226792	ortholog_one2one	1
Gm45261	ENSMUSG00000110100	ENSG00000283428	ortholog_one2one	1
Gm47429	ENSMUSG00000114559	ENSG00000283205	ortholog_one2one	1
Gm48552	ENSMUSG00000114004	ENSG00000284638	ortholog_one2one	1
Gm49336	ENSMUSG00000114797	ENSG00000139496	ortholog_one2one	1
Gm49661	ENSMUSG00000111184	ENSG00000284491	ortholog_one2one	1
Gm4984	ENSMUSG00000079871	ENSG00000238205	ortholog_one2one	1
Gm51400	ENSMUSG00000144226	ENSG00000286264	ortholog_one2one	1
Gm525	ENSMUSG00000072553	ENSG00000214226	ortholog_one2one	1
Gm527	ENSMUSG00000047227	ENSG00000179476	ortholog_one2one	1
Gm54446	ENSMUSG00002076455	ENSG00000202313	ortholog_one2one	1
Gm54606	ENSMUSG00002075125	ENSG00000222588	ortholog_one2one	1
Gm54763	ENSMUSG00002076170	ENSG00000221656	ortholog_one2one	1
Gm54781	ENSMUSG00002075155	ENSG00000201384	ortholog_one2one	1
Gm54825	ENSMUSG00002075586	ENSG00000252699	ortholog_one2one	1
Gm5485	ENSMUSG00000110573	ENSG00000241224	ortholog_one2one	1
Gm54927	ENSMUSG00002076102	ENSG00000277864	ortholog_one2one	1
Gm55110	ENSMUSG00002076195	ENSG00000201950	ortholog_one2one	1
Gm55212	ENSMUSG00002076529	ENSG00000277583	ortholog_one2one	1
Gm55218	ENSMUSG00002074961	ENSG00000278526	ortholog_one2one	1
Gm55307	ENSMUSG00002076508	ENSG00000273658	ortholog_one2one	1
Gm55342	ENSMUSG00002075846	ENSG00000277994	ortholog_one2one	1
Gm55357	ENSMUSG00002075255	ENSG00000209482	ortholog_one2one	1
Gm55359	ENSMUSG00000115798	ENSG00000285025	ortholog_one2one	1
Gm55462	ENSMUSG00002076827	ENSG00000207280	ortholog_one2one	1
Gm55498	ENSMUSG00002075203	ENSG00000207475	ortholog_one2one	1
Gm55525	ENSMUSG00002076763	ENSG00000278144	ortholog_one2one	1
Gm55574	ENSMUSG00002075283	ENSG00000252391	ortholog_one2one	1
Gm55685	ENSMUSG00002075709	ENSG00000278404	ortholog_one2one	1
Gm55746	ENSMUSG00000113373	ENSG00000284684	ortholog_one2one	1
Gm55781	ENSMUSG00002076421	ENSG00000274520	ortholog_one2one	1
Gm55783	ENSMUSG00002076389	ENSG00000276229	ortholog_one2one	1
Gm55812	ENSMUSG00002075132	ENSG00000281295	ortholog_one2one	1
Gm55882	ENSMUSG00002076304	ENSG00000252464	ortholog_one2one	1
Gm55934	ENSMUSG00002076029	ENSG00000275856	ortholog_one2one	1
Gm56036	ENSMUSG00002075397	ENSG00000273961	ortholog_one2one	1
Gm56037	ENSMUSG00002075448	ENSG00000278334	ortholog_one2one	1
Gm56102	ENSMUSG00002075273	ENSG00000283891	ortholog_one2one	1
Gm56118	ENSMUSG00000117965	ENSG00000286224	ortholog_one2one	1
Gm56119	ENSMUSG00002076040	ENSG00000252762	ortholog_one2one	1
Gm5617	ENSMUSG00000042293	ENSG00000180425	ortholog_one2one	1
Gm56182	ENSMUSG00002074852	ENSG00000277948	ortholog_one2one	1
Gm56225	ENSMUSG00002076006	ENSG00000273767	ortholog_one2one	1
Gm56265	ENSMUSG00002076534	ENSG00000276730	ortholog_one2one	1
Gm56384	ENSMUSG00002076543	ENSG00000273908	ortholog_one2one	1
Gm56450	ENSMUSG00000115423	ENSG00000285508	ortholog_one2one	1
Gm56451	ENSMUSG00000116563	ENSG00000285723	ortholog_one2one	1
Gm56458	ENSMUSG00002076297	ENSG00000274491	ortholog_one2one	1
Gm56475	ENSMUSG00002074931	ENSG00000275372	ortholog_one2one	1
Gm56477	ENSMUSG00002076317	ENSG00000277444	ortholog_one2one	1
Gm56820	ENSMUSG00000118646	ENSG00000288593	ortholog_one2one	1
Gm56924	ENSMUSG00000119940	ENSG00000289766	ortholog_one2one	1
Gm58354	ENSMUSG00000121920	ENSG00000293600	ortholog_one2one	1
Gm5901	ENSMUSG00000078611	ENSG00000180878	ortholog_one2one	1
Gm614	ENSMUSG00000090141	ENSG00000204165	ortholog_one2one	1
Gm63648	ENSMUSG00000121578	ENSG00000289763	ortholog_one2one	1
Gm64043	ENSMUSG00000121572	ENSG00000291315	ortholog_one2one	1
Gm64583	ENSMUSG00000121602	ENSG00000288646	ortholog_one2one	1
Gm6569	ENSMUSG00000086361	ENSG00000226490	ortholog_one2one	1
Gm65988	ENSMUSG00000121908	ENSG00000293563	ortholog_one2one	1
Gm66680	ENSMUSG00000121575	ENSG00000291312	ortholog_one2one	1
Gm715	ENSMUSG00000082226	ENSG00000230707	ortholog_one2one	1
Gm867	ENSMUSG00000050157	ENSG00000169314	ortholog_one2one	1
Gm94	ENSMUSG00000071858	ENSG00000178776	ortholog_one2one	1
Gm973	ENSMUSG00000047361	ENSG00000182329	ortholog_one2one	1
Gm9918	ENSMUSG00000097050	ENSG00000283536	ortholog_one2one	1
Gmds	ENSMUSG00000038372	ENSG00000112699	ortholog_one2one	1
Gmeb1	ENSMUSG00000028901	ENSG00000162419	ortholog_one2one	1
Gmeb2	ENSMUSG00000038705	ENSG00000101216	ortholog_one2one	1
Gmfb	ENSMUSG00000062014	ENSG00000197045	ortholog_one2one	1
Gmfg	ENSMUSG00000060791	ENSG00000130755	ortholog_one2one	1
Gmip	ENSMUSG00000036246	ENSG00000089639	ortholog_one2one	1
Gmnc	ENSMUSG00000068428	ENSG00000205835	ortholog_one2one	1
Gmnn	ENSMUSG00000006715	ENSG00000112312	ortholog_one2one	1
Gmppa	ENSMUSG00000033021	ENSG00000144591	ortholog_one2one	1
Gmppb	ENSMUSG00000070284	ENSG00000173540	ortholog_one2one	1
Gmpr	ENSMUSG00000000253	ENSG00000137198	ortholog_one2one	1
Gmpr2	ENSMUSG00000002326	ENSG00000100938	ortholog_one2one	1
Gmps	ENSMUSG00000027823	ENSG00000163655	ortholog_one2one	1
Gna11	ENSMUSG00000034781	ENSG00000088256	ortholog_one2one	1
Gna12	ENSMUSG00000000149	ENSG00000146535	ortholog_one2one	1
Gna13	ENSMUSG00000020611	ENSG00000120063	ortholog_one2one	1
Gna14	ENSMUSG00000024697	ENSG00000156049	ortholog_one2one	1
Gna15	ENSMUSG00000034792	ENSG00000060558	ortholog_one2one	1
Gnai1	ENSMUSG00000057614	ENSG00000127955	ortholog_one2one	1
Gnai2	ENSMUSG00000032562	ENSG00000114353	ortholog_one2one	1
Gnai3	ENSMUSG00000000001	ENSG00000065135	ortholog_one2one	1
Gnal	ENSMUSG00000024524	ENSG00000141404	ortholog_one2one	1
Gnao1	ENSMUSG00000031748	ENSG00000087258	ortholog_one2one	1
Gnat1	ENSMUSG00000034837	ENSG00000114349	ortholog_one2one	1
Gnat2	ENSMUSG00000009108	ENSG00000134183	ortholog_one2one	1
Gnat3	ENSMUSG00000028777	ENSG00000214415	ortholog_one2one	1
Gnaz	ENSMUSG00000040009	ENSG00000128266	ortholog_one2one	1
Gnb1	ENSMUSG00000029064	ENSG00000078369	ortholog_one2one	1
Gnb1l	ENSMUSG00000000884	ENSG00000185838	ortholog_one2one	1
Gnb2	ENSMUSG00000029713	ENSG00000172354	ortholog_one2one	1
Gnb3	ENSMUSG00000023439	ENSG00000111664	ortholog_one2one	1
Gnb4	ENSMUSG00000027669	ENSG00000114450	ortholog_one2one	1
Gnb5	ENSMUSG00000032192	ENSG00000069966	ortholog_one2one	1
Gne	ENSMUSG00000028479	ENSG00000159921	ortholog_one2one	1
Gng10	ENSMUSG00000038607	ENSG00000242616	ortholog_one2one	1
Gng11	ENSMUSG00000032766	ENSG00000127920	ortholog_one2one	1
Gng12	ENSMUSG00000036402	ENSG00000172380	ortholog_one2one	1
Gng13	ENSMUSG00000025739	ENSG00000127588	ortholog_one2one	1
Gng2	ENSMUSG00000043004	ENSG00000186469	ortholog_one2one	1
Gng3	ENSMUSG00000071658	ENSG00000162188	ortholog_one2one	1
Gng4	ENSMUSG00000021303	ENSG00000168243	ortholog_one2one	1
Gng5	ENSMUSG00000068523	ENSG00000174021	ortholog_one2one	1
Gng8	ENSMUSG00000063594	ENSG00000167414	ortholog_one2one	1
Gngt1	ENSMUSG00000029663	ENSG00000127928	ortholog_one2one	1
Gngt2	ENSMUSG00000038811	ENSG00000167083	ortholog_one2one	1
Gnl1	ENSMUSG00000024429	ENSG00000204590	ortholog_one2one	1
Gnl2	ENSMUSG00000028869	ENSG00000134697	ortholog_one2one	1
Gnl3	ENSMUSG00000042354	ENSG00000163938	ortholog_one2one	1
Gnl3l	ENSMUSG00000025266	ENSG00000130119	ortholog_one2one	1
Gnmt	ENSMUSG00000002769	ENSG00000124713	ortholog_one2one	1
Gnpat	ENSMUSG00000031985	ENSG00000116906	ortholog_one2one	1
Gnpda1	ENSMUSG00000052102	ENSG00000113552	ortholog_one2one	1
Gnpda2	ENSMUSG00000029209	ENSG00000163281	ortholog_one2one	1
Gnpnat1	ENSMUSG00000037722	ENSG00000100522	ortholog_one2one	1
Gnptab	ENSMUSG00000035311	ENSG00000111670	ortholog_one2one	1
Gnptg	ENSMUSG00000035521	ENSG00000090581	ortholog_one2one	1
Gnrh1	ENSMUSG00000015812	ENSG00000147437	ortholog_one2one	1
Gnrhr	ENSMUSG00000029255	ENSG00000109163	ortholog_one2one	1
Gns	ENSMUSG00000034707	ENSG00000135677	ortholog_one2one	1
Golga1	ENSMUSG00000026754	ENSG00000136935	ortholog_one2one	1
Golga3	ENSMUSG00000029502	ENSG00000090615	ortholog_one2one	1
Golga4	ENSMUSG00000038708	ENSG00000144674	ortholog_one2one	1
Golga5	ENSMUSG00000021192	ENSG00000066455	ortholog_one2one	1
Golga7	ENSMUSG00000015341	ENSG00000147533	ortholog_one2one	1
Golga7b	ENSMUSG00000042532	ENSG00000155265	ortholog_one2one	1
Golgb1	ENSMUSG00000034243	ENSG00000173230	ortholog_one2one	1
Golim4	ENSMUSG00000034109	ENSG00000173905	ortholog_one2one	1
Golm1	ENSMUSG00000021556	ENSG00000135052	ortholog_one2one	1
Golm2	ENSMUSG00000060227	ENSG00000166734	ortholog_one2one	1
Golph3	ENSMUSG00000022200	ENSG00000113384	ortholog_one2one	1
Golph3l	ENSMUSG00000046519	ENSG00000143457	ortholog_one2one	1
Golt1a	ENSMUSG00000103421	ENSG00000174567	ortholog_one2one	1
Golt1b	ENSMUSG00000030245	ENSG00000111711	ortholog_one2one	1
Gon7	ENSMUSG00000091931	ENSG00000170270	ortholog_one2one	1
Gopc	ENSMUSG00000019861	ENSG00000047932	ortholog_one2one	1
Gorab	ENSMUSG00000040124	ENSG00000120370	ortholog_one2one	1
Gorasp1	ENSMUSG00000032513	ENSG00000114745	ortholog_one2one	1
Gorasp2	ENSMUSG00000014959	ENSG00000115806	ortholog_one2one	1
Gosr1	ENSMUSG00000010392	ENSG00000108587	ortholog_one2one	1
Gosr2	ENSMUSG00000020946	ENSG00000108433	ortholog_one2one	1
Got1	ENSMUSG00000025190	ENSG00000120053	ortholog_one2one	1
Got1l1	ENSMUSG00000039720	ENSG00000169154	ortholog_one2one	1
Got2	ENSMUSG00000031672	ENSG00000125166	ortholog_one2one	1
Gp1ba	ENSMUSG00000050675	ENSG00000185245	ortholog_one2one	1
Gp1bb	ENSMUSG00000050761	ENSG00000203618	ortholog_one2one	1
Gp2	ENSMUSG00000030954	ENSG00000169347	ortholog_one2one	1
Gp5	ENSMUSG00000047953	ENSG00000178732	ortholog_one2one	1
Gp6	ENSMUSG00000078810	ENSG00000088053	ortholog_one2one	1
Gp9	ENSMUSG00000030054	ENSG00000169704	ortholog_one2one	1
Gpa33	ENSMUSG00000000544	ENSG00000143167	ortholog_one2one	1
Gpaa1	ENSMUSG00000022561	ENSG00000197858	ortholog_one2one	1
Gpam	ENSMUSG00000024978	ENSG00000119927	ortholog_one2one	1
Gpank1	ENSMUSG00000092417	ENSG00000204438	ortholog_one2one	1
Gpat2	ENSMUSG00000046338	ENSG00000186281	ortholog_one2one	1
Gpat3	ENSMUSG00000029314	ENSG00000138678	ortholog_one2one	1
Gpat4	ENSMUSG00000031545	ENSG00000158669	ortholog_one2one	1
Gpatch1	ENSMUSG00000063808	ENSG00000076650	ortholog_one2one	1
Gpatch11	ENSMUSG00000050668	ENSG00000152133	ortholog_one2one	1
Gpatch2	ENSMUSG00000039210	ENSG00000092978	ortholog_one2one	1
Gpatch2l	ENSMUSG00000021254	ENSG00000089916	ortholog_one2one	1
Gpatch3	ENSMUSG00000028850	ENSG00000198746	ortholog_one2one	1
Gpatch8	ENSMUSG00000034621	ENSG00000186566	ortholog_one2one	1
Gpbar1	ENSMUSG00000064272	ENSG00000179921	ortholog_one2one	1
Gpbp1	ENSMUSG00000032745	ENSG00000062194	ortholog_one2one	1
Gpbp1l1	ENSMUSG00000034042	ENSG00000159592	ortholog_one2one	1
Gpc1	ENSMUSG00000034220	ENSG00000063660	ortholog_one2one	1
Gpc2	ENSMUSG00000029510	ENSG00000213420	ortholog_one2one	1
Gpc3	ENSMUSG00000055653	ENSG00000147257	ortholog_one2one	1
Gpc4	ENSMUSG00000031119	ENSG00000076716	ortholog_one2one	1
Gpc5	ENSMUSG00000022112	ENSG00000179399	ortholog_one2one	1
Gpc6	ENSMUSG00000058571	ENSG00000183098	ortholog_one2one	1
Gpcpd1	ENSMUSG00000027346	ENSG00000125772	ortholog_one2one	1
Gpd1	ENSMUSG00000023019	ENSG00000167588	ortholog_one2one	1
Gpd1l	ENSMUSG00000050627	ENSG00000152642	ortholog_one2one	1
Gpd2	ENSMUSG00000026827	ENSG00000115159	ortholog_one2one	1
Gper1	ENSMUSG00000053647	ENSG00000164850	ortholog_one2one	1
Gpha2	ENSMUSG00000024784	ENSG00000149735	ortholog_one2one	1
Gphb5	ENSMUSG00000048982	ENSG00000179600	ortholog_one2one	1
Gphn	ENSMUSG00000047454	ENSG00000171723	ortholog_one2one	1
Gpi1	ENSMUSG00000036427	ENSG00000105220	ortholog_one2one	1
Gpkow	ENSMUSG00000031148	ENSG00000068394	ortholog_one2one	1
Gpld1	ENSMUSG00000021340	ENSG00000112293	ortholog_one2one	1
Gpm6a	ENSMUSG00000031517	ENSG00000150625	ortholog_one2one	1
Gpm6b	ENSMUSG00000031342	ENSG00000046653	ortholog_one2one	1
Gpn1	ENSMUSG00000064037	ENSG00000198522	ortholog_one2one	1
Gpn2	ENSMUSG00000028848	ENSG00000142751	ortholog_one2one	1
Gpn3	ENSMUSG00000029464	ENSG00000111231	ortholog_one2one	1
Gpnmb	ENSMUSG00000029816	ENSG00000136235	ortholog_one2one	1
Gpr101	ENSMUSG00000036357	ENSG00000165370	ortholog_one2one	1
Gpr107	ENSMUSG00000000194	ENSG00000148358	ortholog_one2one	1
Gpr108	ENSMUSG00000005823	ENSG00000125734	ortholog_one2one	1
Gpr119	ENSMUSG00000051209	ENSG00000147262	ortholog_one2one	1
Gpr12	ENSMUSG00000041468	ENSG00000132975	ortholog_one2one	1
Gpr135	ENSMUSG00000043398	ENSG00000181619	ortholog_one2one	1
Gpr137	ENSMUSG00000024958	ENSG00000173264	ortholog_one2one	1
Gpr137b	ENSMUSG00000021306	ENSG00000077585	ortholog_one2one	1
Gpr137c	ENSMUSG00000049092	ENSG00000180998	ortholog_one2one	1
Gpr139	ENSMUSG00000066197	ENSG00000180269	ortholog_one2one	1
Gpr141	ENSMUSG00000053101	ENSG00000187037	ortholog_one2one	1
Gpr142	ENSMUSG00000034677	ENSG00000257008	ortholog_one2one	1
Gpr143	ENSMUSG00000025333	ENSG00000101850	ortholog_one2one	1
Gpr146	ENSMUSG00000044197	ENSG00000164849	ortholog_one2one	1
Gpr149	ENSMUSG00000043441	ENSG00000174948	ortholog_one2one	1
Gpr15	ENSMUSG00000047293	ENSG00000154165	ortholog_one2one	1
Gpr151	ENSMUSG00000042816	ENSG00000173250	ortholog_one2one	1
Gpr152	ENSMUSG00000044724	ENSG00000175514	ortholog_one2one	1
Gpr153	ENSMUSG00000042804	ENSG00000158292	ortholog_one2one	1
Gpr155	ENSMUSG00000041762	ENSG00000163328	ortholog_one2one	1
Gpr156	ENSMUSG00000046961	ENSG00000175697	ortholog_one2one	1
Gpr157	ENSMUSG00000047875	ENSG00000180758	ortholog_one2one	1
Gpr158	ENSMUSG00000045967	ENSG00000151025	ortholog_one2one	1
Gpr15lg	ENSMUSG00000096001	ENSG00000188373	ortholog_one2one	1
Gpr160	ENSMUSG00000037661	ENSG00000173890	ortholog_one2one	1
Gpr161	ENSMUSG00000040836	ENSG00000143147	ortholog_one2one	1
Gpr162	ENSMUSG00000038390	ENSG00000250510	ortholog_one2one	1
Gpr17	ENSMUSG00000052229	ENSG00000144230	ortholog_one2one	1
Gpr171	ENSMUSG00000050075	ENSG00000174946	ortholog_one2one	1
Gpr173	ENSMUSG00000056679	ENSG00000184194	ortholog_one2one	1
Gpr174	ENSMUSG00000073008	ENSG00000147138	ortholog_one2one	1
Gpr176	ENSMUSG00000040133	ENSG00000166073	ortholog_one2one	1
Gpr179	ENSMUSG00000070337	ENSG00000277399	ortholog_one2one	1
Gpr18	ENSMUSG00000050350	ENSG00000125245	ortholog_one2one	1
Gpr180	ENSMUSG00000022131	ENSG00000152749	ortholog_one2one	1
Gpr182	ENSMUSG00000058396	ENSG00000166856	ortholog_one2one	1
Gpr183	ENSMUSG00000051212	ENSG00000169508	ortholog_one2one	1
Gpr19	ENSMUSG00000032641	ENSG00000183150	ortholog_one2one	1
Gpr20	ENSMUSG00000045281	ENSG00000204882	ortholog_one2one	1
Gpr21	ENSMUSG00000053164	ENSG00000188394	ortholog_one2one	1
Gpr22	ENSMUSG00000044067	ENSG00000172209	ortholog_one2one	1
Gpr25	ENSMUSG00000052759	ENSG00000170128	ortholog_one2one	1
Gpr26	ENSMUSG00000040125	ENSG00000154478	ortholog_one2one	1
Gpr27	ENSMUSG00000072875	ENSG00000170837	ortholog_one2one	1
Gpr3	ENSMUSG00000049649	ENSG00000181773	ortholog_one2one	1
Gpr31b	ENSMUSG00000071311	ENSG00000120436	ortholog_one2one	1
Gpr33	ENSMUSG00000035148	ENSG00000214943	ortholog_one2one	1
Gpr34	ENSMUSG00000040229	ENSG00000171659	ortholog_one2one	1
Gpr35	ENSMUSG00000026271	ENSG00000178623	ortholog_one2one	1
Gpr37	ENSMUSG00000039904	ENSG00000170775	ortholog_one2one	1
Gpr37l1	ENSMUSG00000026424	ENSG00000170075	ortholog_one2one	1
Gpr39	ENSMUSG00000026343	ENSG00000183840	ortholog_one2one	1
Gpr4	ENSMUSG00000044317	ENSG00000177464	ortholog_one2one	1
Gpr45	ENSMUSG00000041907	ENSG00000135973	ortholog_one2one	1
Gpr50	ENSMUSG00000056380	ENSG00000102195	ortholog_one2one	1
Gpr52	ENSMUSG00000118401	ENSG00000203737	ortholog_one2one	1
Gpr55	ENSMUSG00000049608	ENSG00000135898	ortholog_one2one	1
Gpr6	ENSMUSG00000046922	ENSG00000146360	ortholog_one2one	1
Gpr61	ENSMUSG00000046793	ENSG00000156097	ortholog_one2one	1
Gpr62	ENSMUSG00000091735	ENSG00000180929	ortholog_one2one	1
Gpr63	ENSMUSG00000040372	ENSG00000112218	ortholog_one2one	1
Gpr65	ENSMUSG00000021886	ENSG00000140030	ortholog_one2one	1
Gpr68	ENSMUSG00000047415	ENSG00000119714	ortholog_one2one	1
Gpr75	ENSMUSG00000043999	ENSG00000119737	ortholog_one2one	1
Gpr82	ENSMUSG00000047678	ENSG00000171657	ortholog_one2one	1
Gpr83	ENSMUSG00000031932	ENSG00000123901	ortholog_one2one	1
Gpr85	ENSMUSG00000048216	ENSG00000164604	ortholog_one2one	1
Gpr87	ENSMUSG00000051431	ENSG00000138271	ortholog_one2one	1
Gpr88	ENSMUSG00000068696	ENSG00000181656	ortholog_one2one	1
Gprasp1	ENSMUSG00000043384	ENSG00000198932	ortholog_one2one	1
Gprasp2	ENSMUSG00000072966	ENSG00000158301	ortholog_one2one	1
Gprc5a	ENSMUSG00000046733	ENSG00000013588	ortholog_one2one	1
Gprc5b	ENSMUSG00000008734	ENSG00000167191	ortholog_one2one	1
Gprc5c	ENSMUSG00000051043	ENSG00000170412	ortholog_one2one	1
Gprc5d	ENSMUSG00000030205	ENSG00000111291	ortholog_one2one	1
Gprc6a	ENSMUSG00000019905	ENSG00000173612	ortholog_one2one	1
Gprin1	ENSMUSG00000069227	ENSG00000169258	ortholog_one2one	1
Gprin2	ENSMUSG00000071531	ENSG00000204175	ortholog_one2one	1
Gprin3	ENSMUSG00000045441	ENSG00000185477	ortholog_one2one	1
Gps1	ENSMUSG00000025156	ENSG00000169727	ortholog_one2one	1
Gps2	ENSMUSG00000023170	ENSG00000132522	ortholog_one2one	1
Gpsm1	ENSMUSG00000026930	ENSG00000160360	ortholog_one2one	1
Gpsm2	ENSMUSG00000027883	ENSG00000121957	ortholog_one2one	1
Gpsm3	ENSMUSG00000034786	ENSG00000213654	ortholog_one2one	1
Gpt	ENSMUSG00000022546	ENSG00000167701	ortholog_one2one	1
Gpt2	ENSMUSG00000031700	ENSG00000166123	ortholog_one2one	1
Gpx1	ENSMUSG00000063856	ENSG00000233276	ortholog_one2one	1
Gpx2	ENSMUSG00000042808	ENSG00000176153	ortholog_one2one	1
Gpx3	ENSMUSG00000018339	ENSG00000211445	ortholog_one2one	1
Gpx4	ENSMUSG00000075706	ENSG00000167468	ortholog_one2one	1
Gpx6	ENSMUSG00000004341	ENSG00000198704	ortholog_one2one	1
Gpx7	ENSMUSG00000028597	ENSG00000116157	ortholog_one2one	1
Gpx8	ENSMUSG00000021760	ENSG00000164294	ortholog_one2one	1
Gramd1a	ENSMUSG00000001248	ENSG00000089351	ortholog_one2one	1
Gramd1b	ENSMUSG00000040111	ENSG00000023171	ortholog_one2one	1
Gramd1c	ENSMUSG00000036292	ENSG00000178075	ortholog_one2one	1
Gramd2a	ENSMUSG00000074259	ENSG00000175318	ortholog_one2one	1
Gramd2b	ENSMUSG00000001700	ENSG00000155324	ortholog_one2one	1
Gramd4	ENSMUSG00000035900	ENSG00000075240	ortholog_one2one	1
Grap	ENSMUSG00000004837	ENSG00000154016	ortholog_one2one	1
Grap2	ENSMUSG00000042351	ENSG00000100351	ortholog_one2one	1
Grb10	ENSMUSG00000020176	ENSG00000106070	ortholog_one2one	1
Grb14	ENSMUSG00000026888	ENSG00000115290	ortholog_one2one	1
Grb2	ENSMUSG00000059923	ENSG00000177885	ortholog_one2one	1
Grb7	ENSMUSG00000019312	ENSG00000141738	ortholog_one2one	1
Grcc10	ENSMUSG00000072772	ENSG00000111678	ortholog_one2one	1
Greb1	ENSMUSG00000036523	ENSG00000196208	ortholog_one2one	1
Greb1l	ENSMUSG00000042942	ENSG00000141449	ortholog_one2one	1
Grem1	ENSMUSG00000074934	ENSG00000166923	ortholog_one2one	1
Grem2	ENSMUSG00000050069	ENSG00000180875	ortholog_one2one	1
Grhl1	ENSMUSG00000020656	ENSG00000134317	ortholog_one2one	1
Grhl2	ENSMUSG00000022286	ENSG00000083307	ortholog_one2one	1
Grhl3	ENSMUSG00000037188	ENSG00000158055	ortholog_one2one	1
Grhpr	ENSMUSG00000035637	ENSG00000137106	ortholog_one2one	1
Gria1	ENSMUSG00000020524	ENSG00000155511	ortholog_one2one	1
Gria2	ENSMUSG00000033981	ENSG00000120251	ortholog_one2one	1
Gria3	ENSMUSG00000001986	ENSG00000125675	ortholog_one2one	1
Gria4	ENSMUSG00000025892	ENSG00000152578	ortholog_one2one	1
Grid1	ENSMUSG00000041078	ENSG00000182771	ortholog_one2one	1
Grid2	ENSMUSG00000071424	ENSG00000152208	ortholog_one2one	1
Grid2ip	ENSMUSG00000010825	ENSG00000215045	ortholog_one2one	1
Grifin	ENSMUSG00000036586	ENSG00000275572	ortholog_one2one	1
Grik1	ENSMUSG00000022935	ENSG00000171189	ortholog_one2one	1
Grik2	ENSMUSG00000056073	ENSG00000164418	ortholog_one2one	1
Grik3	ENSMUSG00000001985	ENSG00000163873	ortholog_one2one	1
Grik4	ENSMUSG00000032017	ENSG00000149403	ortholog_one2one	1
Grik5	ENSMUSG00000003378	ENSG00000105737	ortholog_one2one	1
Grin1	ENSMUSG00000026959	ENSG00000176884	ortholog_one2one	1
Grin2a	ENSMUSG00000059003	ENSG00000183454	ortholog_one2one	1
Grin2b	ENSMUSG00000030209	ENSG00000273079	ortholog_one2one	1
Grin2c	ENSMUSG00000020734	ENSG00000161509	ortholog_one2one	1
Grin2d	ENSMUSG00000002771	ENSG00000105464	ortholog_one2one	1
Grin3a	ENSMUSG00000039579	ENSG00000198785	ortholog_one2one	1
Grin3b	ENSMUSG00000035745	ENSG00000116032	ortholog_one2one	1
Grina	ENSMUSG00000022564	ENSG00000178719	ortholog_one2one	1
Grip1	ENSMUSG00000034813	ENSG00000155974	ortholog_one2one	1
Grip2	ENSMUSG00000030098	ENSG00000144596	ortholog_one2one	1
Gripap1	ENSMUSG00000031153	ENSG00000068400	ortholog_one2one	1
Grk1	ENSMUSG00000031450	ENSG00000185974	ortholog_one2one	1
Grk2	ENSMUSG00000024858	ENSG00000173020	ortholog_one2one	1
Grk3	ENSMUSG00000042249	ENSG00000100077	ortholog_one2one	1
Grk4	ENSMUSG00000052783	ENSG00000125388	ortholog_one2one	1
Grk5	ENSMUSG00000003228	ENSG00000198873	ortholog_one2one	1
Grk6	ENSMUSG00000074886	ENSG00000198055	ortholog_one2one	1
Grm1	ENSMUSG00000019828	ENSG00000152822	ortholog_one2one	1
Grm2	ENSMUSG00000023192	ENSG00000164082	ortholog_one2one	1
Grm3	ENSMUSG00000003974	ENSG00000198822	ortholog_one2one	1
Grm4	ENSMUSG00000063239	ENSG00000124493	ortholog_one2one	1
Grm5	ENSMUSG00000049583	ENSG00000168959	ortholog_one2one	1
Grm6	ENSMUSG00000000617	ENSG00000113262	ortholog_one2one	1
Grm7	ENSMUSG00000056755	ENSG00000196277	ortholog_one2one	1
Grm8	ENSMUSG00000024211	ENSG00000179603	ortholog_one2one	1
Grn	ENSMUSG00000034708	ENSG00000030582	ortholog_one2one	1
Grp	ENSMUSG00000024517	ENSG00000134443	ortholog_one2one	1
Grpel1	ENSMUSG00000029198	ENSG00000109519	ortholog_one2one	1
Grpel2	ENSMUSG00000024580	ENSG00000164284	ortholog_one2one	1
Grpr	ENSMUSG00000031364	ENSG00000126010	ortholog_one2one	1
Grsf1	ENSMUSG00000044221	ENSG00000132463	ortholog_one2one	1
Grtp1	ENSMUSG00000038515	ENSG00000139835	ortholog_one2one	1
Grwd1	ENSMUSG00000053801	ENSG00000105447	ortholog_one2one	1
Grxcr1	ENSMUSG00000068082	ENSG00000215203	ortholog_one2one	1
Grxcr2	ENSMUSG00000073574	ENSG00000204928	ortholog_one2one	1
Gsap	ENSMUSG00000039934	ENSG00000186088	ortholog_one2one	1
Gsc	ENSMUSG00000021095	ENSG00000133937	ortholog_one2one	1
Gsc2	ENSMUSG00000022738	ENSG00000063515	ortholog_one2one	1
Gsdmd	ENSMUSG00000022575	ENSG00000104518	ortholog_one2one	1
Gsdme	ENSMUSG00000029821	ENSG00000105928	ortholog_one2one	1
Gse1	ENSMUSG00000031822	ENSG00000131149	ortholog_one2one	1
Gsg1	ENSMUSG00000030206	ENSG00000111305	ortholog_one2one	1
Gsg1l	ENSMUSG00000046182	ENSG00000169181	ortholog_one2one	1
Gsg1l2	ENSMUSG00000097886	ENSG00000214978	ortholog_one2one	1
Gsk3a	ENSMUSG00000057177	ENSG00000105723	ortholog_one2one	1
Gsk3b	ENSMUSG00000022812	ENSG00000082701	ortholog_one2one	1
Gskip	ENSMUSG00000044715	ENSG00000100744	ortholog_one2one	1
Gsn	ENSMUSG00000026879	ENSG00000148180	ortholog_one2one	1
Gspt1	ENSMUSG00000062203	ENSG00000103342	ortholog_one2one	1
Gspt2	ENSMUSG00000071723	ENSG00000189369	ortholog_one2one	1
Gsr	ENSMUSG00000031584	ENSG00000104687	ortholog_one2one	1
Gss	ENSMUSG00000027610	ENSG00000100983	ortholog_one2one	1
Gstcd	ENSMUSG00000028018	ENSG00000138780	ortholog_one2one	1
Gstk1	ENSMUSG00000029864	ENSG00000197448	ortholog_one2one	1
Gstm4	ENSMUSG00000027890	ENSG00000168765	ortholog_one2one	1
Gstm5	ENSMUSG00000004032	ENSG00000134202	ortholog_one2one	1
Gstm7	ENSMUSG00000004035	ENSG00000213366	ortholog_one2one	1
Gsto1	ENSMUSG00000025068	ENSG00000148834	ortholog_one2one	1
Gsto2	ENSMUSG00000025069	ENSG00000065621	ortholog_one2one	1
Gstt4	ENSMUSG00000009093	ENSG00000276950	ortholog_one2one	1
Gstz1	ENSMUSG00000021033	ENSG00000100577	ortholog_one2one	1
Gsx1	ENSMUSG00000053129	ENSG00000169840	ortholog_one2one	1
Gsx2	ENSMUSG00000035946	ENSG00000180613	ortholog_one2one	1
Gtdc1	ENSMUSG00000036890	ENSG00000121964	ortholog_one2one	1
Gtf2a1	ENSMUSG00000020962	ENSG00000165417	ortholog_one2one	1
Gtf2a1l	ENSMUSG00000024154	ENSG00000242441	ortholog_one2one	1
Gtf2a2	ENSMUSG00000033543	ENSG00000140307	ortholog_one2one	1
Gtf2b	ENSMUSG00000028271	ENSG00000137947	ortholog_one2one	1
Gtf2e1	ENSMUSG00000022828	ENSG00000153767	ortholog_one2one	1
Gtf2e2	ENSMUSG00000031585	ENSG00000197265	ortholog_one2one	1
Gtf2f1	ENSMUSG00000002658	ENSG00000125651	ortholog_one2one	1
Gtf2f2	ENSMUSG00000067995	ENSG00000188342	ortholog_one2one	1
Gtf2h1	ENSMUSG00000006599	ENSG00000110768	ortholog_one2one	1
Gtf2h3	ENSMUSG00000029387	ENSG00000111358	ortholog_one2one	1
Gtf2h4	ENSMUSG00000001524	ENSG00000213780	ortholog_one2one	1
Gtf2h5	ENSMUSG00000034345	ENSG00000272047	ortholog_one2one	1
Gtf2i	ENSMUSG00000060261	ENSG00000263001	ortholog_one2one	1
Gtf2ird1	ENSMUSG00000023079	ENSG00000006704	ortholog_one2one	1
Gtf3a	ENSMUSG00000016503	ENSG00000122034	ortholog_one2one	1
Gtf3c1	ENSMUSG00000032777	ENSG00000077235	ortholog_one2one	1
Gtf3c2	ENSMUSG00000106864	ENSG00000115207	ortholog_one2one	1
Gtf3c3	ENSMUSG00000041303	ENSG00000119041	ortholog_one2one	1
Gtf3c4	ENSMUSG00000035666	ENSG00000125484	ortholog_one2one	1
Gtf3c5	ENSMUSG00000026816	ENSG00000148308	ortholog_one2one	1
Gtf3c6	ENSMUSG00000019837	ENSG00000155115	ortholog_one2one	1
Gtpbp1	ENSMUSG00000042535	ENSG00000100226	ortholog_one2one	1
Gtpbp10	ENSMUSG00000040464	ENSG00000105793	ortholog_one2one	1
Gtpbp2	ENSMUSG00000023952	ENSG00000172432	ortholog_one2one	1
Gtpbp3	ENSMUSG00000007610	ENSG00000130299	ortholog_one2one	1
Gtpbp4	ENSMUSG00000021149	ENSG00000107937	ortholog_one2one	1
Gtpbp6	ENSMUSG00000033434	ENSG00000178605	ortholog_one2one	1
Gtpbp8	ENSMUSG00000022668	ENSG00000163607	ortholog_one2one	1
Gtse1	ENSMUSG00000022385	ENSG00000075218	ortholog_one2one	1
Gtsf1	ENSMUSG00000022487	ENSG00000170627	ortholog_one2one	1
Gtsf1l	ENSMUSG00000070708	ENSG00000124196	ortholog_one2one	1
Guca1a	ENSMUSG00000023982	ENSG00000048545	ortholog_one2one	1
Guca1b	ENSMUSG00000023979	ENSG00000112599	ortholog_one2one	1
Guca2a	ENSMUSG00000023247	ENSG00000197273	ortholog_one2one	1
Guca2b	ENSMUSG00000032978	ENSG00000044012	ortholog_one2one	1
Gucd1	ENSMUSG00000033416	ENSG00000138867	ortholog_one2one	1
Gucy1a1	ENSMUSG00000033910	ENSG00000164116	ortholog_one2one	1
Gucy1a2	ENSMUSG00000041624	ENSG00000152402	ortholog_one2one	1
Gucy1b1	ENSMUSG00000028005	ENSG00000061918	ortholog_one2one	1
Gucy2c	ENSMUSG00000042638	ENSG00000070019	ortholog_one2one	1
Gucy2e	ENSMUSG00000020890	ENSG00000132518	ortholog_one2one	1
Gucy2f	ENSMUSG00000042282	ENSG00000101890	ortholog_one2one	1
Guf1	ENSMUSG00000029208	ENSG00000151806	ortholog_one2one	1
Guk1	ENSMUSG00000020444	ENSG00000143774	ortholog_one2one	1
Gulp1	ENSMUSG00000056870	ENSG00000144366	ortholog_one2one	1
Gusb	ENSMUSG00000025534	ENSG00000169919	ortholog_one2one	1
Gxylt1	ENSMUSG00000036197	ENSG00000151233	ortholog_one2one	1
Gxylt2	ENSMUSG00000030074	ENSG00000172986	ortholog_one2one	1
Gyg1	ENSMUSG00000019528	ENSG00000163754	ortholog_one2one	1
Gypc	ENSMUSG00000090523	ENSG00000136732	ortholog_one2one	1
Gys1	ENSMUSG00000003865	ENSG00000104812	ortholog_one2one	1
Gys2	ENSMUSG00000030244	ENSG00000111713	ortholog_one2one	1
Gzf1	ENSMUSG00000027439	ENSG00000125812	ortholog_one2one	1
Gzma	ENSMUSG00000023132	ENSG00000145649	ortholog_one2one	1
Gzmk	ENSMUSG00000042385	ENSG00000113088	ortholog_one2one	1
Gzmm	ENSMUSG00000054206	ENSG00000197540	ortholog_one2one	1
H13	ENSMUSG00000019188	ENSG00000101294	ortholog_one2one	1
H1f0	ENSMUSG00000096210	ENSG00000189060	ortholog_one2one	1
H1f1	ENSMUSG00000049539	ENSG00000124610	ortholog_one2one	1
H1f10	ENSMUSG00000044927	ENSG00000184897	ortholog_one2one	1
H1f2	ENSMUSG00000036181	ENSG00000187837	ortholog_one2one	1
H1f3	ENSMUSG00000052565	ENSG00000124575	ortholog_one2one	1
H1f4	ENSMUSG00000051627	ENSG00000168298	ortholog_one2one	1
H1f5	ENSMUSG00000058773	ENSG00000184357	ortholog_one2one	1
H1f6	ENSMUSG00000036211	ENSG00000187475	ortholog_one2one	1
H2-DMa	ENSMUSG00000037649	ENSG00000204257	ortholog_one2one	1
H2-Ea	ENSMUSG00000036322	ENSG00000204287	ortholog_one2one	1
H2-Oa	ENSMUSG00000024334	ENSG00000204252	ortholog_one2one	1
H2-Ob	ENSMUSG00000041538	ENSG00000241106	ortholog_one2one	1
H2ac1	ENSMUSG00000060081	ENSG00000164508	ortholog_one2one	1
H2ac18	ENSMUSG00000064220	ENSG00000288825	ortholog_one2one	1
H2ac20	ENSMUSG00000068855	ENSG00000184260	ortholog_one2one	1
H2ac21	ENSMUSG00000063689	ENSG00000184270	ortholog_one2one	1
H2ac25	ENSMUSG00000078851	ENSG00000181218	ortholog_one2one	1
H2aj	ENSMUSG00000060032	ENSG00000246705	ortholog_one2one	1
H2ax	ENSMUSG00000049932	ENSG00000188486	ortholog_one2one	1
H2az1	ENSMUSG00000037894	ENSG00000164032	ortholog_one2one	1
H2az2	ENSMUSG00000041126	ENSG00000105968	ortholog_one2one	1
H2bc1	ENSMUSG00000050799	ENSG00000146047	ortholog_one2one	1
H2bc18	ENSMUSG00000105827	ENSG00000203814	ortholog_one2one	1
H2bc26	ENSMUSG00000080712	ENSG00000196890	ortholog_one2one	1
H2bc3	ENSMUSG00000075031	ENSG00000276410	ortholog_one2one	1
H3f3a	ENSMUSG00000060743	ENSG00000163041	ortholog_one2one	1
H3f4	ENSMUSG00000080152	ENSG00000168148	ortholog_one2one	1
H6pd	ENSMUSG00000028980	ENSG00000049239	ortholog_one2one	1
Haao	ENSMUSG00000000673	ENSG00000162882	ortholog_one2one	1
Habp2	ENSMUSG00000025075	ENSG00000148702	ortholog_one2one	1
Habp4	ENSMUSG00000021476	ENSG00000130956	ortholog_one2one	1
Hacd1	ENSMUSG00000063275	ENSG00000165996	ortholog_one2one	1
Hacd2	ENSMUSG00000035376	ENSG00000206527	ortholog_one2one	1
Hacd3	ENSMUSG00000033629	ENSG00000074696	ortholog_one2one	1
Hacd4	ENSMUSG00000028497	ENSG00000188921	ortholog_one2one	1
Hace1	ENSMUSG00000038822	ENSG00000085382	ortholog_one2one	1
Hacl1	ENSMUSG00000021884	ENSG00000131373	ortholog_one2one	1
Hadh	ENSMUSG00000027984	ENSG00000138796	ortholog_one2one	1
Hadha	ENSMUSG00000025745	ENSG00000084754	ortholog_one2one	1
Hadhb	ENSMUSG00000059447	ENSG00000138029	ortholog_one2one	1
Hagh	ENSMUSG00000024158	ENSG00000063854	ortholog_one2one	1
Haghl	ENSMUSG00000061046	ENSG00000103253	ortholog_one2one	1
Hal	ENSMUSG00000020017	ENSG00000084110	ortholog_one2one	1
Hand1	ENSMUSG00000037335	ENSG00000113196	ortholog_one2one	1
Hand2	ENSMUSG00000038193	ENSG00000164107	ortholog_one2one	1
Hao1	ENSMUSG00000027261	ENSG00000101323	ortholog_one2one	1
Hao2	ENSMUSG00000027870	ENSG00000116882	ortholog_one2one	1
Hap1	ENSMUSG00000006930	ENSG00000173805	ortholog_one2one	1
Hapln1	ENSMUSG00000021613	ENSG00000145681	ortholog_one2one	1
Hapln2	ENSMUSG00000004894	ENSG00000132702	ortholog_one2one	1
Hapln3	ENSMUSG00000030606	ENSG00000140511	ortholog_one2one	1
Hapln4	ENSMUSG00000007594	ENSG00000187664	ortholog_one2one	1
Hapstr1	ENSMUSG00000022507	ENSG00000182831	ortholog_one2one	1
Harbi1	ENSMUSG00000027243	ENSG00000180423	ortholog_one2one	1
Hars1	ENSMUSG00000001380	ENSG00000170445	ortholog_one2one	1
Hars2	ENSMUSG00000019143	ENSG00000112855	ortholog_one2one	1
Has1	ENSMUSG00000003665	ENSG00000105509	ortholog_one2one	1
Has2	ENSMUSG00000022367	ENSG00000170961	ortholog_one2one	1
Has3	ENSMUSG00000031910	ENSG00000103044	ortholog_one2one	1
Haspin	ENSMUSG00000050107	ENSG00000177602	ortholog_one2one	1
Hat1	ENSMUSG00000027018	ENSG00000128708	ortholog_one2one	1
Haus1	ENSMUSG00000041840	ENSG00000152240	ortholog_one2one	1
Haus2	ENSMUSG00000027285	ENSG00000137814	ortholog_one2one	1
Haus3	ENSMUSG00000079555	ENSG00000214367	ortholog_one2one	1
Haus4	ENSMUSG00000022177	ENSG00000092036	ortholog_one2one	1
Haus5	ENSMUSG00000078762	ENSG00000249115	ortholog_one2one	1
Haus6	ENSMUSG00000038047	ENSG00000147874	ortholog_one2one	1
Haus7	ENSMUSG00000031371	ENSG00000213397	ortholog_one2one	1
Havcr2	ENSMUSG00000020399	ENSG00000135077	ortholog_one2one	1
Hax1	ENSMUSG00000027944	ENSG00000143575	ortholog_one2one	1
Hba-x	ENSMUSG00000055609	ENSG00000130656	ortholog_one2one	1
Hbb-y	ENSMUSG00000052187	ENSG00000213931	ortholog_one2one	1
Hbegf	ENSMUSG00000024486	ENSG00000113070	ortholog_one2one	1
Hbp1	ENSMUSG00000002996	ENSG00000105856	ortholog_one2one	1
Hbs1l	ENSMUSG00000019977	ENSG00000112339	ortholog_one2one	1
Hc	ENSMUSG00000026874	ENSG00000106804	ortholog_one2one	1
Hcar1	ENSMUSG00000049241	ENSG00000196917	ortholog_one2one	1
Hccs	ENSMUSG00000031352	ENSG00000004961	ortholog_one2one	1
Hcfc1	ENSMUSG00000031386	ENSG00000172534	ortholog_one2one	1
Hcfc1r1	ENSMUSG00000023904	ENSG00000103145	ortholog_one2one	1
Hcfc2	ENSMUSG00000020246	ENSG00000111727	ortholog_one2one	1
Hck	ENSMUSG00000003283	ENSG00000101336	ortholog_one2one	1
Hcls1	ENSMUSG00000022831	ENSG00000180353	ortholog_one2one	1
Hcn1	ENSMUSG00000021730	ENSG00000164588	ortholog_one2one	1
Hcn2	ENSMUSG00000020331	ENSG00000099822	ortholog_one2one	1
Hcn3	ENSMUSG00000028051	ENSG00000143630	ortholog_one2one	1
Hcn4	ENSMUSG00000032338	ENSG00000138622	ortholog_one2one	1
Hcrt	ENSMUSG00000045471	ENSG00000161610	ortholog_one2one	1
Hcrtr1	ENSMUSG00000028778	ENSG00000121764	ortholog_one2one	1
Hcrtr2	ENSMUSG00000032360	ENSG00000137252	ortholog_one2one	1
Hcst	ENSMUSG00000064109	ENSG00000126264	ortholog_one2one	1
Hdac1	ENSMUSG00000028800	ENSG00000116478	ortholog_one2one	1
Hdac10	ENSMUSG00000062906	ENSG00000100429	ortholog_one2one	1
Hdac11	ENSMUSG00000034245	ENSG00000163517	ortholog_one2one	1
Hdac2	ENSMUSG00000019777	ENSG00000196591	ortholog_one2one	1
Hdac3	ENSMUSG00000024454	ENSG00000171720	ortholog_one2one	1
Hdac4	ENSMUSG00000026313	ENSG00000068024	ortholog_one2one	1
Hdac5	ENSMUSG00000008855	ENSG00000108840	ortholog_one2one	1
Hdac6	ENSMUSG00000031161	ENSG00000094631	ortholog_one2one	1
Hdac7	ENSMUSG00000022475	ENSG00000061273	ortholog_one2one	1
Hdac8	ENSMUSG00000067567	ENSG00000147099	ortholog_one2one	1
Hdac9	ENSMUSG00000004698	ENSG00000048052	ortholog_one2one	1
Hdc	ENSMUSG00000027360	ENSG00000140287	ortholog_one2one	1
Hddc2	ENSMUSG00000000295	ENSG00000111906	ortholog_one2one	1
Hddc3	ENSMUSG00000030532	ENSG00000184508	ortholog_one2one	1
Hdgf	ENSMUSG00000004897	ENSG00000143321	ortholog_one2one	1
Hdgfl2	ENSMUSG00000002833	ENSG00000167674	ortholog_one2one	1
Hdgfl3	ENSMUSG00000025104	ENSG00000166503	ortholog_one2one	1
Hdhd2	ENSMUSG00000025421	ENSG00000167220	ortholog_one2one	1
Hdhd3	ENSMUSG00000038422	ENSG00000119431	ortholog_one2one	1
Hdhd5	ENSMUSG00000058979	ENSG00000069998	ortholog_one2one	1
Hdlbp	ENSMUSG00000034088	ENSG00000115677	ortholog_one2one	1
Hdx	ENSMUSG00000034551	ENSG00000165259	ortholog_one2one	1
Heatr1	ENSMUSG00000050244	ENSG00000119285	ortholog_one2one	1
Heatr3	ENSMUSG00000031657	ENSG00000155393	ortholog_one2one	1
Heatr4	ENSMUSG00000090843	ENSG00000187105	ortholog_one2one	1
Heatr5a	ENSMUSG00000035181	ENSG00000129493	ortholog_one2one	1
Heatr5b	ENSMUSG00000039414	ENSG00000008869	ortholog_one2one	1
Heatr6	ENSMUSG00000000976	ENSG00000068097	ortholog_one2one	1
Heatr9	ENSMUSG00000018925	ENSG00000270379	ortholog_one2one	1
Hebp1	ENSMUSG00000042770	ENSG00000013583	ortholog_one2one	1
Hebp2	ENSMUSG00000019853	ENSG00000051620	ortholog_one2one	1
Heca	ENSMUSG00000039879	ENSG00000112406	ortholog_one2one	1
Hectd1	ENSMUSG00000035247	ENSG00000092148	ortholog_one2one	1
Hectd2	ENSMUSG00000041180	ENSG00000165338	ortholog_one2one	1
Hectd3	ENSMUSG00000046861	ENSG00000126107	ortholog_one2one	1
Hectd4	ENSMUSG00000042744	ENSG00000173064	ortholog_one2one	1
Hecw1	ENSMUSG00000021301	ENSG00000002746	ortholog_one2one	1
Hecw2	ENSMUSG00000042807	ENSG00000138411	ortholog_one2one	1
Heg1	ENSMUSG00000075254	ENSG00000173706	ortholog_one2one	1
Helb	ENSMUSG00000020228	ENSG00000127311	ortholog_one2one	1
Hells	ENSMUSG00000025001	ENSG00000119969	ortholog_one2one	1
Helq	ENSMUSG00000035266	ENSG00000163312	ortholog_one2one	1
Helt	ENSMUSG00000047171	ENSG00000187821	ortholog_one2one	1
Helz	ENSMUSG00000020721	ENSG00000198265	ortholog_one2one	1
Helz2	ENSMUSG00000027580	ENSG00000130589	ortholog_one2one	1
Hemk1	ENSMUSG00000032579	ENSG00000114735	ortholog_one2one	1
Henmt1	ENSMUSG00000045662	ENSG00000162639	ortholog_one2one	1
Hepacam	ENSMUSG00000046240	ENSG00000165478	ortholog_one2one	1
Hepacam2	ENSMUSG00000044156	ENSG00000188175	ortholog_one2one	1
Heph	ENSMUSG00000031209	ENSG00000089472	ortholog_one2one	1
Hephl1	ENSMUSG00000031936	ENSG00000181333	ortholog_one2one	1
Herc1	ENSMUSG00000038664	ENSG00000103657	ortholog_one2one	1
Herc2	ENSMUSG00000030451	ENSG00000128731	ortholog_one2one	1
Herc3	ENSMUSG00000029804	ENSG00000138641	ortholog_one2one	1
Herc4	ENSMUSG00000020064	ENSG00000148634	ortholog_one2one	1
Herc6	ENSMUSG00000029798	ENSG00000138642	ortholog_one2one	1
Herpud1	ENSMUSG00000031770	ENSG00000051108	ortholog_one2one	1
Herpud2	ENSMUSG00000008429	ENSG00000122557	ortholog_one2one	1
Hes1	ENSMUSG00000022528	ENSG00000114315	ortholog_one2one	1
Hes2	ENSMUSG00000028940	ENSG00000069812	ortholog_one2one	1
Hes3	ENSMUSG00000028946	ENSG00000173673	ortholog_one2one	1
Hes5	ENSMUSG00000048001	ENSG00000197921	ortholog_one2one	1
Hes6	ENSMUSG00000067071	ENSG00000144485	ortholog_one2one	1
Hes7	ENSMUSG00000023781	ENSG00000179111	ortholog_one2one	1
Hesx1	ENSMUSG00000040726	ENSG00000163666	ortholog_one2one	1
Hexa	ENSMUSG00000025232	ENSG00000213614	ortholog_one2one	1
Hexb	ENSMUSG00000021665	ENSG00000049860	ortholog_one2one	1
Hexd	ENSMUSG00000039307	ENSG00000169660	ortholog_one2one	1
Hexim1	ENSMUSG00000048878	ENSG00000186834	ortholog_one2one	1
Hexim2	ENSMUSG00000043372	ENSG00000168517	ortholog_one2one	1
Hey1	ENSMUSG00000040289	ENSG00000164683	ortholog_one2one	1
Hey2	ENSMUSG00000019789	ENSG00000135547	ortholog_one2one	1
Heyl	ENSMUSG00000032744	ENSG00000163909	ortholog_one2one	1
Hfe	ENSMUSG00000006611	ENSG00000010704	ortholog_one2one	1
Hfm1	ENSMUSG00000043410	ENSG00000162669	ortholog_one2one	1
Hgd	ENSMUSG00000022821	ENSG00000113924	ortholog_one2one	1
Hgf	ENSMUSG00000028864	ENSG00000019991	ortholog_one2one	1
Hgfac	ENSMUSG00000029102	ENSG00000109758	ortholog_one2one	1
Hgh1	ENSMUSG00000022554	ENSG00000235173	ortholog_one2one	1
Hgs	ENSMUSG00000025793	ENSG00000185359	ortholog_one2one	1
Hgsnat	ENSMUSG00000037260	ENSG00000165102	ortholog_one2one	1
Hhat	ENSMUSG00000037375	ENSG00000054392	ortholog_one2one	1
Hhatl	ENSMUSG00000032523	ENSG00000010282	ortholog_one2one	1
Hhip	ENSMUSG00000064325	ENSG00000164161	ortholog_one2one	1
Hhipl1	ENSMUSG00000021260	ENSG00000182218	ortholog_one2one	1
Hhipl2	ENSMUSG00000053461	ENSG00000143512	ortholog_one2one	1
Hhla1	ENSMUSG00000072511	ENSG00000132297	ortholog_one2one	1
Hibadh	ENSMUSG00000029776	ENSG00000106049	ortholog_one2one	1
Hibch	ENSMUSG00000041426	ENSG00000198130	ortholog_one2one	1
Hic1	ENSMUSG00000043099	ENSG00000177374	ortholog_one2one	1
Hic2	ENSMUSG00000050240	ENSG00000169635	ortholog_one2one	1
Hid1	ENSMUSG00000034586	ENSG00000167861	ortholog_one2one	1
Hif1a	ENSMUSG00000021109	ENSG00000100644	ortholog_one2one	1
Hif1an	ENSMUSG00000036450	ENSG00000166135	ortholog_one2one	1
Hif3a	ENSMUSG00000004328	ENSG00000124440	ortholog_one2one	1
Higd1a	ENSMUSG00000038412	ENSG00000181061	ortholog_one2one	1
Higd1b	ENSMUSG00000020928	ENSG00000131097	ortholog_one2one	1
Higd1c	ENSMUSG00000093550	ENSG00000214511	ortholog_one2one	1
Hikeshi	ENSMUSG00000062797	ENSG00000149196	ortholog_one2one	1
Hilpda	ENSMUSG00000043421	ENSG00000135245	ortholog_one2one	1
Hinfp	ENSMUSG00000032119	ENSG00000172273	ortholog_one2one	1
Hint1	ENSMUSG00000020267	ENSG00000169567	ortholog_one2one	1
Hint2	ENSMUSG00000028470	ENSG00000137133	ortholog_one2one	1
Hint3	ENSMUSG00000019791	ENSG00000111911	ortholog_one2one	1
Hip1	ENSMUSG00000039959	ENSG00000127946	ortholog_one2one	1
Hip1r	ENSMUSG00000000915	ENSG00000130787	ortholog_one2one	1
Hipk1	ENSMUSG00000008730	ENSG00000163349	ortholog_one2one	1
Hipk2	ENSMUSG00000061436	ENSG00000064393	ortholog_one2one	1
Hipk3	ENSMUSG00000027177	ENSG00000110422	ortholog_one2one	1
Hipk4	ENSMUSG00000040424	ENSG00000160396	ortholog_one2one	1
Hira	ENSMUSG00000022702	ENSG00000100084	ortholog_one2one	1
Hirip3	ENSMUSG00000042606	ENSG00000149929	ortholog_one2one	1
Hivep1	ENSMUSG00000021366	ENSG00000095951	ortholog_one2one	1
Hivep2	ENSMUSG00000015501	ENSG00000010818	ortholog_one2one	1
Hivep3	ENSMUSG00000028634	ENSG00000127124	ortholog_one2one	1
Hjv	ENSMUSG00000038403	ENSG00000168509	ortholog_one2one	1
Hk1	ENSMUSG00000037012	ENSG00000156515	ortholog_one2one	1
Hk3	ENSMUSG00000025877	ENSG00000160883	ortholog_one2one	1
Hkdc1	ENSMUSG00000020080	ENSG00000156510	ortholog_one2one	1
Hlcs	ENSMUSG00000040820	ENSG00000159267	ortholog_one2one	1
Hlf	ENSMUSG00000003949	ENSG00000108924	ortholog_one2one	1
Hltf	ENSMUSG00000002428	ENSG00000071794	ortholog_one2one	1
Hlx	ENSMUSG00000039377	ENSG00000136630	ortholog_one2one	1
Hmbox1	ENSMUSG00000021972	ENSG00000147421	ortholog_one2one	1
Hmbs	ENSMUSG00000032126	ENSG00000256269	ortholog_one2one	1
Hmces	ENSMUSG00000030060	ENSG00000183624	ortholog_one2one	1
Hmcn1	ENSMUSG00000066842	ENSG00000143341	ortholog_one2one	1
Hmcn2	ENSMUSG00000055632	ENSG00000148357	ortholog_one2one	1
Hmg20a	ENSMUSG00000032329	ENSG00000140382	ortholog_one2one	1
Hmg20b	ENSMUSG00000020232	ENSG00000064961	ortholog_one2one	1
Hmga1	ENSMUSG00000046711	ENSG00000137309	ortholog_one2one	1
Hmgb1	ENSMUSG00000066551	ENSG00000189403	ortholog_one2one	1
Hmgb2	ENSMUSG00000054717	ENSG00000164104	ortholog_one2one	1
Hmgb4	ENSMUSG00000048686	ENSG00000176256	ortholog_one2one	1
Hmgcl	ENSMUSG00000028672	ENSG00000117305	ortholog_one2one	1
Hmgcll1	ENSMUSG00000007908	ENSG00000146151	ortholog_one2one	1
Hmgcr	ENSMUSG00000021670	ENSG00000113161	ortholog_one2one	1
Hmgcs1	ENSMUSG00000093930	ENSG00000112972	ortholog_one2one	1
Hmgcs2	ENSMUSG00000027875	ENSG00000134240	ortholog_one2one	1
Hmgn1	ENSMUSG00000040681	ENSG00000205581	ortholog_one2one	1
Hmgn3	ENSMUSG00000066456	ENSG00000118418	ortholog_one2one	1
Hmgxb3	ENSMUSG00000024622	ENSG00000113716	ortholog_one2one	1
Hmgxb4	ENSMUSG00000034518	ENSG00000100281	ortholog_one2one	1
Hmmr	ENSMUSG00000020330	ENSG00000072571	ortholog_one2one	1
Hmox1	ENSMUSG00000005413	ENSG00000100292	ortholog_one2one	1
Hmox2	ENSMUSG00000004070	ENSG00000103415	ortholog_one2one	1
Hmx1	ENSMUSG00000067438	ENSG00000215612	ortholog_one2one	1
Hmx2	ENSMUSG00000050100	ENSG00000188816	ortholog_one2one	1
Hmx3	ENSMUSG00000040148	ENSG00000188620	ortholog_one2one	1
Hnf1a	ENSMUSG00000029556	ENSG00000135100	ortholog_one2one	1
Hnf1b	ENSMUSG00000020679	ENSG00000275410	ortholog_one2one	1
Hnf4a	ENSMUSG00000017950	ENSG00000101076	ortholog_one2one	1
Hnf4g	ENSMUSG00000017688	ENSG00000164749	ortholog_one2one	1
Hnmt	ENSMUSG00000026986	ENSG00000150540	ortholog_one2one	1
Hnrnpa0	ENSMUSG00000007836	ENSG00000177733	ortholog_one2one	1
Hnrnpa1	ENSMUSG00000046434	ENSG00000135486	ortholog_one2one	1
Hnrnpa2b1	ENSMUSG00000004980	ENSG00000122566	ortholog_one2one	1
Hnrnpab	ENSMUSG00000020358	ENSG00000197451	ortholog_one2one	1
Hnrnpd	ENSMUSG00000000568	ENSG00000138668	ortholog_one2one	1
Hnrnpdl	ENSMUSG00000029328	ENSG00000152795	ortholog_one2one	1
Hnrnpf	ENSMUSG00000042079	ENSG00000169813	ortholog_one2one	1
Hnrnph1	ENSMUSG00000007850	ENSG00000169045	ortholog_one2one	1
Hnrnph2	ENSMUSG00000045427	ENSG00000126945	ortholog_one2one	1
Hnrnph3	ENSMUSG00000020069	ENSG00000096746	ortholog_one2one	1
Hnrnpk	ENSMUSG00000021546	ENSG00000165119	ortholog_one2one	1
Hnrnpl	ENSMUSG00000015165	ENSG00000104824	ortholog_one2one	1
Hnrnpll	ENSMUSG00000024095	ENSG00000143889	ortholog_one2one	1
Hnrnpm	ENSMUSG00000059208	ENSG00000099783	ortholog_one2one	1
Hnrnpr	ENSMUSG00000066037	ENSG00000125944	ortholog_one2one	1
Hnrnpu	ENSMUSG00000039630	ENSG00000153187	ortholog_one2one	1
Hnrnpul1	ENSMUSG00000040725	ENSG00000105323	ortholog_one2one	1
Hnrnpul2	ENSMUSG00000071659	ENSG00000214753	ortholog_one2one	1
Hoatz	ENSMUSG00000032057	ENSG00000183644	ortholog_one2one	1
Hoga1	ENSMUSG00000025176	ENSG00000241935	ortholog_one2one	1
Homer1	ENSMUSG00000007617	ENSG00000152413	ortholog_one2one	1
Homer2	ENSMUSG00000025813	ENSG00000103942	ortholog_one2one	1
Homer3	ENSMUSG00000003573	ENSG00000051128	ortholog_one2one	1
Homez	ENSMUSG00000057156	ENSG00000290292	ortholog_one2one	1
Hook1	ENSMUSG00000028572	ENSG00000134709	ortholog_one2one	1
Hook2	ENSMUSG00000052566	ENSG00000095066	ortholog_one2one	1
Hook3	ENSMUSG00000037234	ENSG00000168172	ortholog_one2one	1
Hopx	ENSMUSG00000059325	ENSG00000171476	ortholog_one2one	1
Hormad1	ENSMUSG00000028109	ENSG00000143452	ortholog_one2one	1
Hormad2	ENSMUSG00000020419	ENSG00000176635	ortholog_one2one	1
Hoxa1	ENSMUSG00000029844	ENSG00000105991	ortholog_one2one	1
Hoxa10	ENSMUSG00000000938	ENSG00000253293	ortholog_one2one	1
Hoxa11	ENSMUSG00000038210	ENSG00000005073	ortholog_one2one	1
Hoxa13	ENSMUSG00000038203	ENSG00000106031	ortholog_one2one	1
Hoxa2	ENSMUSG00000014704	ENSG00000105996	ortholog_one2one	1
Hoxa3	ENSMUSG00000079560	ENSG00000105997	ortholog_one2one	1
Hoxa4	ENSMUSG00000000942	ENSG00000197576	ortholog_one2one	1
Hoxa5	ENSMUSG00000038253	ENSG00000106004	ortholog_one2one	1
Hoxa6	ENSMUSG00000043219	ENSG00000106006	ortholog_one2one	1
Hoxa7	ENSMUSG00000038236	ENSG00000122592	ortholog_one2one	1
Hoxa9	ENSMUSG00000038227	ENSG00000078399	ortholog_one2one	1
Hoxb1	ENSMUSG00000018973	ENSG00000120094	ortholog_one2one	1
Hoxb13	ENSMUSG00000049604	ENSG00000159184	ortholog_one2one	1
Hoxb2	ENSMUSG00000075588	ENSG00000173917	ortholog_one2one	1
Hoxb3	ENSMUSG00000048763	ENSG00000120093	ortholog_one2one	1
Hoxb4	ENSMUSG00000038692	ENSG00000182742	ortholog_one2one	1
Hoxb5	ENSMUSG00000038700	ENSG00000120075	ortholog_one2one	1
Hoxb6	ENSMUSG00000000690	ENSG00000108511	ortholog_one2one	1
Hoxb7	ENSMUSG00000038721	ENSG00000260027	ortholog_one2one	1
Hoxb8	ENSMUSG00000056648	ENSG00000120068	ortholog_one2one	1
Hoxb9	ENSMUSG00000020875	ENSG00000170689	ortholog_one2one	1
Hoxc10	ENSMUSG00000022484	ENSG00000180818	ortholog_one2one	1
Hoxc11	ENSMUSG00000001656	ENSG00000123388	ortholog_one2one	1
Hoxc12	ENSMUSG00000050328	ENSG00000123407	ortholog_one2one	1
Hoxc13	ENSMUSG00000001655	ENSG00000123364	ortholog_one2one	1
Hoxc4	ENSMUSG00000075394	ENSG00000198353	ortholog_one2one	1
Hoxc5	ENSMUSG00000022485	ENSG00000172789	ortholog_one2one	1
Hoxc6	ENSMUSG00000001661	ENSG00000197757	ortholog_one2one	1
Hoxc8	ENSMUSG00000001657	ENSG00000037965	ortholog_one2one	1
Hoxc9	ENSMUSG00000036139	ENSG00000180806	ortholog_one2one	1
Hoxd1	ENSMUSG00000042448	ENSG00000128645	ortholog_one2one	1
Hoxd10	ENSMUSG00000050368	ENSG00000128710	ortholog_one2one	1
Hoxd11	ENSMUSG00000042499	ENSG00000128713	ortholog_one2one	1
Hoxd12	ENSMUSG00000001823	ENSG00000170178	ortholog_one2one	1
Hoxd13	ENSMUSG00000001819	ENSG00000128714	ortholog_one2one	1
Hoxd3	ENSMUSG00000079277	ENSG00000128652	ortholog_one2one	1
Hoxd4	ENSMUSG00000101174	ENSG00000170166	ortholog_one2one	1
Hoxd8	ENSMUSG00000027102	ENSG00000175879	ortholog_one2one	1
Hoxd9	ENSMUSG00000043342	ENSG00000128709	ortholog_one2one	1
Hp1bp3	ENSMUSG00000028759	ENSG00000127483	ortholog_one2one	1
Hpca	ENSMUSG00000028785	ENSG00000121905	ortholog_one2one	1
Hpcal4	ENSMUSG00000046093	ENSG00000116983	ortholog_one2one	1
Hpd	ENSMUSG00000029445	ENSG00000158104	ortholog_one2one	1
Hpdl	ENSMUSG00000043155	ENSG00000186603	ortholog_one2one	1
Hpf1	ENSMUSG00000038005	ENSG00000056050	ortholog_one2one	1
Hpgd	ENSMUSG00000031613	ENSG00000164120	ortholog_one2one	1
Hpgds	ENSMUSG00000029919	ENSG00000163106	ortholog_one2one	1
Hpn	ENSMUSG00000001249	ENSG00000105707	ortholog_one2one	1
Hprt1	ENSMUSG00000025630	ENSG00000165704	ortholog_one2one	1
Hps1	ENSMUSG00000025188	ENSG00000107521	ortholog_one2one	1
Hps3	ENSMUSG00000027615	ENSG00000163755	ortholog_one2one	1
Hps4	ENSMUSG00000042328	ENSG00000100099	ortholog_one2one	1
Hps5	ENSMUSG00000014418	ENSG00000110756	ortholog_one2one	1
Hps6	ENSMUSG00000074811	ENSG00000166189	ortholog_one2one	1
Hpse	ENSMUSG00000035273	ENSG00000173083	ortholog_one2one	1
Hpse2	ENSMUSG00000074852	ENSG00000172987	ortholog_one2one	1
Hpx	ENSMUSG00000030895	ENSG00000110169	ortholog_one2one	1
Hr	ENSMUSG00000022096	ENSG00000168453	ortholog_one2one	1
Hras	ENSMUSG00000025499	ENSG00000174775	ortholog_one2one	1
Hrc	ENSMUSG00000038239	ENSG00000130528	ortholog_one2one	1
Hrct1	ENSMUSG00000071001	ENSG00000196196	ortholog_one2one	1
Hrg	ENSMUSG00000022877	ENSG00000113905	ortholog_one2one	1
Hrh1	ENSMUSG00000053004	ENSG00000196639	ortholog_one2one	1
Hrh2	ENSMUSG00000034987	ENSG00000113749	ortholog_one2one	1
Hrh3	ENSMUSG00000039059	ENSG00000101180	ortholog_one2one	1
Hrh4	ENSMUSG00000037346	ENSG00000134489	ortholog_one2one	1
Hrk	ENSMUSG00000046607	ENSG00000135116	ortholog_one2one	1
Hrob	ENSMUSG00000034773	ENSG00000125319	ortholog_one2one	1
Hs1bp3	ENSMUSG00000020605	ENSG00000118960	ortholog_one2one	1
Hs2st1	ENSMUSG00000040151	ENSG00000153936	ortholog_one2one	1
Hs3st1	ENSMUSG00000051022	ENSG00000002587	ortholog_one2one	1
Hs3st2	ENSMUSG00000046321	ENSG00000122254	ortholog_one2one	1
Hs3st3a1	ENSMUSG00000047759	ENSG00000153976	ortholog_one2one	1
Hs3st3b1	ENSMUSG00000070407	ENSG00000125430	ortholog_one2one	1
Hs3st4	ENSMUSG00000078591	ENSG00000182601	ortholog_one2one	1
Hs3st5	ENSMUSG00000044499	ENSG00000249853	ortholog_one2one	1
Hs3st6	ENSMUSG00000039628	ENSG00000162040	ortholog_one2one	1
Hs6st1	ENSMUSG00000045216	ENSG00000136720	ortholog_one2one	1
Hs6st2	ENSMUSG00000062184	ENSG00000171004	ortholog_one2one	1
Hs6st3	ENSMUSG00000053465	ENSG00000185352	ortholog_one2one	1
Hsbp1	ENSMUSG00000031839	ENSG00000230989	ortholog_one2one	1
Hsbp1l1	ENSMUSG00000078963	ENSG00000226742	ortholog_one2one	1
Hscb	ENSMUSG00000043510	ENSG00000100209	ortholog_one2one	1
Hsd11b1	ENSMUSG00000016194	ENSG00000117594	ortholog_one2one	1
Hsd11b2	ENSMUSG00000031891	ENSG00000176387	ortholog_one2one	1
Hsd17b1	ENSMUSG00000019301	ENSG00000108786	ortholog_one2one	1
Hsd17b10	ENSMUSG00000025260	ENSG00000072506	ortholog_one2one	1
Hsd17b11	ENSMUSG00000029311	ENSG00000198189	ortholog_one2one	1
Hsd17b12	ENSMUSG00000027195	ENSG00000149084	ortholog_one2one	1
Hsd17b13	ENSMUSG00000034528	ENSG00000170509	ortholog_one2one	1
Hsd17b14	ENSMUSG00000030825	ENSG00000087076	ortholog_one2one	1
Hsd17b2	ENSMUSG00000031844	ENSG00000086696	ortholog_one2one	1
Hsd17b3	ENSMUSG00000033122	ENSG00000130948	ortholog_one2one	1
Hsd17b4	ENSMUSG00000024507	ENSG00000133835	ortholog_one2one	1
Hsd17b6	ENSMUSG00000025396	ENSG00000025423	ortholog_one2one	1
Hsd17b7	ENSMUSG00000026675	ENSG00000132196	ortholog_one2one	1
Hsd17b8	ENSMUSG00000073422	ENSG00000204228	ortholog_one2one	1
Hsd3b7	ENSMUSG00000042289	ENSG00000099377	ortholog_one2one	1
Hsdl1	ENSMUSG00000034189	ENSG00000103160	ortholog_one2one	1
Hsdl2	ENSMUSG00000028383	ENSG00000119471	ortholog_one2one	1
Hsf1	ENSMUSG00000022556	ENSG00000185122	ortholog_one2one	1
Hsf2	ENSMUSG00000019878	ENSG00000025156	ortholog_one2one	1
Hsf2bp	ENSMUSG00000002076	ENSG00000160207	ortholog_one2one	1
Hsf4	ENSMUSG00000033249	ENSG00000102878	ortholog_one2one	1
Hsf5	ENSMUSG00000070345	ENSG00000176160	ortholog_one2one	1
Hsh2d	ENSMUSG00000062007	ENSG00000196684	ortholog_one2one	1
Hsp90aa1	ENSMUSG00000021270	ENSG00000080824	ortholog_one2one	1
Hsp90ab1	ENSMUSG00000023944	ENSG00000096384	ortholog_one2one	1
Hsp90b1	ENSMUSG00000020048	ENSG00000166598	ortholog_one2one	1
Hspa12a	ENSMUSG00000025092	ENSG00000165868	ortholog_one2one	1
Hspa12b	ENSMUSG00000074793	ENSG00000132622	ortholog_one2one	1
Hspa13	ENSMUSG00000032932	ENSG00000155304	ortholog_one2one	1
Hspa14	ENSMUSG00000109865	ENSG00000187522	ortholog_one2one	1
Hspa1l	ENSMUSG00000007033	ENSG00000204390	ortholog_one2one	1
Hspa2	ENSMUSG00000059970	ENSG00000126803	ortholog_one2one	1
Hspa4	ENSMUSG00000020361	ENSG00000170606	ortholog_one2one	1
Hspa4l	ENSMUSG00000025757	ENSG00000164070	ortholog_one2one	1
Hspa5	ENSMUSG00000026864	ENSG00000044574	ortholog_one2one	1
Hspa9	ENSMUSG00000024359	ENSG00000113013	ortholog_one2one	1
Hspb1	ENSMUSG00000004951	ENSG00000106211	ortholog_one2one	1
Hspb2	ENSMUSG00000038086	ENSG00000170276	ortholog_one2one	1
Hspb3	ENSMUSG00000051456	ENSG00000169271	ortholog_one2one	1
Hspb6	ENSMUSG00000036854	ENSG00000004776	ortholog_one2one	1
Hspb7	ENSMUSG00000006221	ENSG00000173641	ortholog_one2one	1
Hspb8	ENSMUSG00000041548	ENSG00000152137	ortholog_one2one	1
Hspbap1	ENSMUSG00000022849	ENSG00000169087	ortholog_one2one	1
Hspbp1	ENSMUSG00000063802	ENSG00000133265	ortholog_one2one	1
Hspd1	ENSMUSG00000025980	ENSG00000144381	ortholog_one2one	1
Hspg2	ENSMUSG00000028763	ENSG00000142798	ortholog_one2one	1
Hsph1	ENSMUSG00000029657	ENSG00000120694	ortholog_one2one	1
Htatip2	ENSMUSG00000039745	ENSG00000109854	ortholog_one2one	1
Htatsf1	ENSMUSG00000067873	ENSG00000102241	ortholog_one2one	1
Htd2	ENSMUSG00000144287	ENSG00000255154	ortholog_one2one	1
Htr1a	ENSMUSG00000021721	ENSG00000178394	ortholog_one2one	1
Htr1b	ENSMUSG00000049511	ENSG00000135312	ortholog_one2one	1
Htr1f	ENSMUSG00000050783	ENSG00000179097	ortholog_one2one	1
Htr2a	ENSMUSG00000034997	ENSG00000102468	ortholog_one2one	1
Htr2b	ENSMUSG00000026228	ENSG00000135914	ortholog_one2one	1
Htr2c	ENSMUSG00000041380	ENSG00000147246	ortholog_one2one	1
Htr3a	ENSMUSG00000032269	ENSG00000166736	ortholog_one2one	1
Htr3b	ENSMUSG00000008590	ENSG00000149305	ortholog_one2one	1
Htr4	ENSMUSG00000026322	ENSG00000164270	ortholog_one2one	1
Htr5a	ENSMUSG00000039106	ENSG00000157219	ortholog_one2one	1
Htr6	ENSMUSG00000028747	ENSG00000158748	ortholog_one2one	1
Htr7	ENSMUSG00000024798	ENSG00000148680	ortholog_one2one	1
Htra1	ENSMUSG00000006205	ENSG00000166033	ortholog_one2one	1
Htra2	ENSMUSG00000068329	ENSG00000115317	ortholog_one2one	1
Htra3	ENSMUSG00000029096	ENSG00000170801	ortholog_one2one	1
Htra4	ENSMUSG00000037406	ENSG00000169495	ortholog_one2one	1
Htt	ENSMUSG00000029104	ENSG00000197386	ortholog_one2one	1
Hunk	ENSMUSG00000053414	ENSG00000142149	ortholog_one2one	1
Hus1	ENSMUSG00000020413	ENSG00000136273	ortholog_one2one	1
Hus1b	ENSMUSG00000076430	ENSG00000188996	ortholog_one2one	1
Huwe1	ENSMUSG00000025261	ENSG00000086758	ortholog_one2one	1
Hvcn1	ENSMUSG00000064267	ENSG00000122986	ortholog_one2one	1
Hyal1	ENSMUSG00000010051	ENSG00000114378	ortholog_one2one	1
Hyal2	ENSMUSG00000010047	ENSG00000068001	ortholog_one2one	1
Hyal3	ENSMUSG00000036091	ENSG00000186792	ortholog_one2one	1
Hyal4	ENSMUSG00000029680	ENSG00000106302	ortholog_one2one	1
Hycc1	ENSMUSG00000028995	ENSG00000122591	ortholog_one2one	1
Hycc2	ENSMUSG00000038174	ENSG00000155744	ortholog_one2one	1
Hydin	ENSMUSG00000059854	ENSG00000157423	ortholog_one2one	1
Hykk	ENSMUSG00000035878	ENSG00000188266	ortholog_one2one	1
Hyls1	ENSMUSG00000050555	ENSG00000198331	ortholog_one2one	1
Hyou1	ENSMUSG00000032115	ENSG00000149428	ortholog_one2one	1
Hypk	ENSMUSG00000027245	ENSG00000242028	ortholog_one2one	1
I830077J02Rik	ENSMUSG00000074342	ENSG00000143110	ortholog_one2one	1
Iah1	ENSMUSG00000062054	ENSG00000134330	ortholog_one2one	1
Iapp	ENSMUSG00000041681	ENSG00000121351	ortholog_one2one	1
Iars1	ENSMUSG00000037851	ENSG00000196305	ortholog_one2one	1
Iars2	ENSMUSG00000026618	ENSG00000067704	ortholog_one2one	1
Iba57	ENSMUSG00000049287	ENSG00000181873	ortholog_one2one	1
Ibsp	ENSMUSG00000029306	ENSG00000029559	ortholog_one2one	1
Ibtk	ENSMUSG00000035941	ENSG00000005700	ortholog_one2one	1
Ica1	ENSMUSG00000062995	ENSG00000003147	ortholog_one2one	1
Ica1l	ENSMUSG00000026018	ENSG00000163596	ortholog_one2one	1
Icam1	ENSMUSG00000037405	ENSG00000090339	ortholog_one2one	1
Icam2	ENSMUSG00000001029	ENSG00000108622	ortholog_one2one	1
Icam4	ENSMUSG00000001014	ENSG00000105371	ortholog_one2one	1
Icam5	ENSMUSG00000032174	ENSG00000105376	ortholog_one2one	1
Ice1	ENSMUSG00000034525	ENSG00000164151	ortholog_one2one	1
Ice2	ENSMUSG00000032235	ENSG00000128915	ortholog_one2one	1
Icmt	ENSMUSG00000039662	ENSG00000116237	ortholog_one2one	1
Icos	ENSMUSG00000026009	ENSG00000163600	ortholog_one2one	1
Id1	ENSMUSG00000042745	ENSG00000125968	ortholog_one2one	1
Id2	ENSMUSG00000020644	ENSG00000115738	ortholog_one2one	1
Id3	ENSMUSG00000007872	ENSG00000117318	ortholog_one2one	1
Id4	ENSMUSG00000021379	ENSG00000172201	ortholog_one2one	1
Ide	ENSMUSG00000056999	ENSG00000119912	ortholog_one2one	1
Idh1	ENSMUSG00000025950	ENSG00000138413	ortholog_one2one	1
Idh2	ENSMUSG00000030541	ENSG00000182054	ortholog_one2one	1
Idh3a	ENSMUSG00000032279	ENSG00000166411	ortholog_one2one	1
Idh3b	ENSMUSG00000027406	ENSG00000101365	ortholog_one2one	1
Idi1	ENSMUSG00000058258	ENSG00000067064	ortholog_one2one	1
Idnk	ENSMUSG00000050002	ENSG00000148057	ortholog_one2one	1
Ido1	ENSMUSG00000031551	ENSG00000131203	ortholog_one2one	1
Ido2	ENSMUSG00000031549	ENSG00000188676	ortholog_one2one	1
Ids	ENSMUSG00000035847	ENSG00000010404	ortholog_one2one	1
Idua	ENSMUSG00000033540	ENSG00000127415	ortholog_one2one	1
Ier2	ENSMUSG00000053560	ENSG00000160888	ortholog_one2one	1
Ier3	ENSMUSG00000003541	ENSG00000137331	ortholog_one2one	1
Ier3ip1	ENSMUSG00000090000	ENSG00000134049	ortholog_one2one	1
Ier5	ENSMUSG00000056708	ENSG00000162783	ortholog_one2one	1
Ier5l	ENSMUSG00000089762	ENSG00000188483	ortholog_one2one	1
Iffo1	ENSMUSG00000038271	ENSG00000010295	ortholog_one2one	1
Iffo2	ENSMUSG00000041025	ENSG00000169991	ortholog_one2one	1
Ifi30	ENSMUSG00000031838	ENSG00000216490	ortholog_one2one	1
Ifi35	ENSMUSG00000010358	ENSG00000068079	ortholog_one2one	1
Ifi44	ENSMUSG00000028037	ENSG00000137965	ortholog_one2one	1
Ifih1	ENSMUSG00000026896	ENSG00000115267	ortholog_one2one	1
Ifit2	ENSMUSG00000045932	ENSG00000119922	ortholog_one2one	1
Ifitm5	ENSMUSG00000025489	ENSG00000206013	ortholog_one2one	1
Ifne	ENSMUSG00000045364	ENSG00000184995	ortholog_one2one	1
Ifngr1	ENSMUSG00000020009	ENSG00000027697	ortholog_one2one	1
Ifngr2	ENSMUSG00000022965	ENSG00000159128	ortholog_one2one	1
Ifnlr1	ENSMUSG00000062157	ENSG00000185436	ortholog_one2one	1
Ifrd1	ENSMUSG00000001627	ENSG00000006652	ortholog_one2one	1
Ifrd2	ENSMUSG00000010048	ENSG00000214706	ortholog_one2one	1
Ift122	ENSMUSG00000030323	ENSG00000163913	ortholog_one2one	1
Ift140	ENSMUSG00000024169	ENSG00000187535	ortholog_one2one	1
Ift172	ENSMUSG00000038564	ENSG00000138002	ortholog_one2one	1
Ift20	ENSMUSG00000001105	ENSG00000109083	ortholog_one2one	1
Ift22	ENSMUSG00000007987	ENSG00000128581	ortholog_one2one	1
Ift25	ENSMUSG00000063172	ENSG00000081870	ortholog_one2one	1
Ift27	ENSMUSG00000016637	ENSG00000100360	ortholog_one2one	1
Ift43	ENSMUSG00000007867	ENSG00000119650	ortholog_one2one	1
Ift46	ENSMUSG00000002031	ENSG00000118096	ortholog_one2one	1
Ift52	ENSMUSG00000017858	ENSG00000101052	ortholog_one2one	1
Ift56	ENSMUSG00000056832	ENSG00000105948	ortholog_one2one	1
Ift57	ENSMUSG00000032965	ENSG00000114446	ortholog_one2one	1
Ift74	ENSMUSG00000028576	ENSG00000096872	ortholog_one2one	1
Ift80	ENSMUSG00000027778	ENSG00000068885	ortholog_one2one	1
Ift81	ENSMUSG00000029469	ENSG00000122970	ortholog_one2one	1
Ift88	ENSMUSG00000040040	ENSG00000032742	ortholog_one2one	1
Iftap	ENSMUSG00000027165	ENSG00000166352	ortholog_one2one	1
Igdcc3	ENSMUSG00000032394	ENSG00000174498	ortholog_one2one	1
Igdcc4	ENSMUSG00000032816	ENSG00000103742	ortholog_one2one	1
Igf1	ENSMUSG00000020053	ENSG00000017427	ortholog_one2one	1
Igf1r	ENSMUSG00000005533	ENSG00000140443	ortholog_one2one	1
Igf2	ENSMUSG00000048583	ENSG00000167244	ortholog_one2one	1
Igf2bp1	ENSMUSG00000013415	ENSG00000159217	ortholog_one2one	1
Igf2bp2	ENSMUSG00000033581	ENSG00000073792	ortholog_one2one	1
Igf2bp3	ENSMUSG00000029814	ENSG00000136231	ortholog_one2one	1
Igf2r	ENSMUSG00000023830	ENSG00000197081	ortholog_one2one	1
Igfals	ENSMUSG00000046070	ENSG00000099769	ortholog_one2one	1
Igfbp1	ENSMUSG00000020429	ENSG00000146678	ortholog_one2one	1
Igfbp2	ENSMUSG00000039323	ENSG00000115457	ortholog_one2one	1
Igfbp3	ENSMUSG00000020427	ENSG00000146674	ortholog_one2one	1
Igfbp4	ENSMUSG00000017493	ENSG00000141753	ortholog_one2one	1
Igfbp5	ENSMUSG00000026185	ENSG00000115461	ortholog_one2one	1
Igfbp6	ENSMUSG00000023046	ENSG00000167779	ortholog_one2one	1
Igfbp7	ENSMUSG00000036256	ENSG00000163453	ortholog_one2one	1
Igfbpl1	ENSMUSG00000035551	ENSG00000137142	ortholog_one2one	1
Igflr1	ENSMUSG00000036826	ENSG00000126246	ortholog_one2one	1
Ighm	ENSMUSG00000076617	ENSG00000211899	ortholog_one2one	1
Ighmbp2	ENSMUSG00000024831	ENSG00000132740	ortholog_one2one	1
Igip	ENSMUSG00000110185	ENSG00000182700	ortholog_one2one	1
Igkc	ENSMUSG00000076609	ENSG00000211592	ortholog_one2one	1
Iglon5	ENSMUSG00000013367	ENSG00000142549	ortholog_one2one	1
Iglv3	ENSMUSG00000076939	ENSG00000211672	ortholog_one2one	1
Igsf1	ENSMUSG00000031111	ENSG00000147255	ortholog_one2one	1
Igsf10	ENSMUSG00000036334	ENSG00000152580	ortholog_one2one	1
Igsf11	ENSMUSG00000022790	ENSG00000144847	ortholog_one2one	1
Igsf21	ENSMUSG00000040972	ENSG00000117154	ortholog_one2one	1
Igsf3	ENSMUSG00000042035	ENSG00000143061	ortholog_one2one	1
Igsf6	ENSMUSG00000035004	ENSG00000140749	ortholog_one2one	1
Igsf8	ENSMUSG00000038034	ENSG00000162729	ortholog_one2one	1
Igsf9	ENSMUSG00000037995	ENSG00000085552	ortholog_one2one	1
Igsf9b	ENSMUSG00000034275	ENSG00000080854	ortholog_one2one	1
Ihh	ENSMUSG00000006538	ENSG00000163501	ortholog_one2one	1
Iho1	ENSMUSG00000047220	ENSG00000173421	ortholog_one2one	1
Ikbkb	ENSMUSG00000031537	ENSG00000104365	ortholog_one2one	1
Ikbke	ENSMUSG00000042349	ENSG00000263528	ortholog_one2one	1
Ikbkg	ENSMUSG00000004221	ENSG00000269335	ortholog_one2one	1
Ikzf1	ENSMUSG00000018654	ENSG00000185811	ortholog_one2one	1
Ikzf2	ENSMUSG00000025997	ENSG00000030419	ortholog_one2one	1
Ikzf3	ENSMUSG00000018168	ENSG00000161405	ortholog_one2one	1
Ikzf4	ENSMUSG00000002578	ENSG00000123411	ortholog_one2one	1
Ikzf5	ENSMUSG00000040167	ENSG00000095574	ortholog_one2one	1
Il10	ENSMUSG00000016529	ENSG00000136634	ortholog_one2one	1
Il10ra	ENSMUSG00000032089	ENSG00000110324	ortholog_one2one	1
Il10rb	ENSMUSG00000022969	ENSG00000243646	ortholog_one2one	1
Il11	ENSMUSG00000004371	ENSG00000095752	ortholog_one2one	1
Il12a	ENSMUSG00000027776	ENSG00000168811	ortholog_one2one	1
Il12b	ENSMUSG00000004296	ENSG00000113302	ortholog_one2one	1
Il12rb2	ENSMUSG00000018341	ENSG00000081985	ortholog_one2one	1
Il13	ENSMUSG00000020383	ENSG00000169194	ortholog_one2one	1
Il13ra1	ENSMUSG00000017057	ENSG00000131724	ortholog_one2one	1
Il13ra2	ENSMUSG00000031289	ENSG00000123496	ortholog_one2one	1
Il15	ENSMUSG00000031712	ENSG00000164136	ortholog_one2one	1
Il15ra	ENSMUSG00000023206	ENSG00000134470	ortholog_one2one	1
Il16	ENSMUSG00000001741	ENSG00000172349	ortholog_one2one	1
Il17a	ENSMUSG00000025929	ENSG00000112115	ortholog_one2one	1
Il17b	ENSMUSG00000024578	ENSG00000127743	ortholog_one2one	1
Il17c	ENSMUSG00000046108	ENSG00000124391	ortholog_one2one	1
Il17d	ENSMUSG00000050222	ENSG00000172458	ortholog_one2one	1
Il17f	ENSMUSG00000041872	ENSG00000112116	ortholog_one2one	1
Il17ra	ENSMUSG00000002897	ENSG00000177663	ortholog_one2one	1
Il17rb	ENSMUSG00000015966	ENSG00000056736	ortholog_one2one	1
Il17rc	ENSMUSG00000030281	ENSG00000163702	ortholog_one2one	1
Il17rd	ENSMUSG00000040717	ENSG00000144730	ortholog_one2one	1
Il17re	ENSMUSG00000043088	ENSG00000163701	ortholog_one2one	1
Il18	ENSMUSG00000039217	ENSG00000150782	ortholog_one2one	1
Il18bp	ENSMUSG00000070427	ENSG00000137496	ortholog_one2one	1
Il18r1	ENSMUSG00000026070	ENSG00000115604	ortholog_one2one	1
Il18rap	ENSMUSG00000026068	ENSG00000115607	ortholog_one2one	1
Il19	ENSMUSG00000016524	ENSG00000142224	ortholog_one2one	1
Il1a	ENSMUSG00000027399	ENSG00000115008	ortholog_one2one	1
Il1b	ENSMUSG00000027398	ENSG00000125538	ortholog_one2one	1
Il1f10	ENSMUSG00000046845	ENSG00000136697	ortholog_one2one	1
Il1r1	ENSMUSG00000026072	ENSG00000115594	ortholog_one2one	1
Il1r2	ENSMUSG00000026073	ENSG00000115590	ortholog_one2one	1
Il1rap	ENSMUSG00000022514	ENSG00000196083	ortholog_one2one	1
Il1rapl1	ENSMUSG00000052372	ENSG00000169306	ortholog_one2one	1
Il1rapl2	ENSMUSG00000059203	ENSG00000189108	ortholog_one2one	1
Il1rl1	ENSMUSG00000026069	ENSG00000115602	ortholog_one2one	1
Il1rl2	ENSMUSG00000070942	ENSG00000115598	ortholog_one2one	1
Il1rn	ENSMUSG00000026981	ENSG00000136689	ortholog_one2one	1
Il2	ENSMUSG00000027720	ENSG00000109471	ortholog_one2one	1
Il20	ENSMUSG00000026416	ENSG00000162891	ortholog_one2one	1
Il20ra	ENSMUSG00000020007	ENSG00000016402	ortholog_one2one	1
Il20rb	ENSMUSG00000044244	ENSG00000174564	ortholog_one2one	1
Il21	ENSMUSG00000027718	ENSG00000138684	ortholog_one2one	1
Il21r	ENSMUSG00000030745	ENSG00000103522	ortholog_one2one	1
Il22ra1	ENSMUSG00000037157	ENSG00000142677	ortholog_one2one	1
Il22ra2	ENSMUSG00000039760	ENSG00000164485	ortholog_one2one	1
Il23a	ENSMUSG00000025383	ENSG00000110944	ortholog_one2one	1
Il23r	ENSMUSG00000049093	ENSG00000162594	ortholog_one2one	1
Il24	ENSMUSG00000026420	ENSG00000162892	ortholog_one2one	1
Il25	ENSMUSG00000040770	ENSG00000166090	ortholog_one2one	1
Il27	ENSMUSG00000044701	ENSG00000197272	ortholog_one2one	1
Il27ra	ENSMUSG00000005465	ENSG00000104998	ortholog_one2one	1
Il2ra	ENSMUSG00000026770	ENSG00000134460	ortholog_one2one	1
Il2rb	ENSMUSG00000068227	ENSG00000100385	ortholog_one2one	1
Il2rg	ENSMUSG00000031304	ENSG00000147168	ortholog_one2one	1
Il31ra	ENSMUSG00000050377	ENSG00000164509	ortholog_one2one	1
Il33	ENSMUSG00000024810	ENSG00000137033	ortholog_one2one	1
Il34	ENSMUSG00000031750	ENSG00000157368	ortholog_one2one	1
Il36a	ENSMUSG00000026984	ENSG00000136694	ortholog_one2one	1
Il36rn	ENSMUSG00000026983	ENSG00000136695	ortholog_one2one	1
Il4i1	ENSMUSG00000074141	ENSG00000104951	ortholog_one2one	1
Il4ra	ENSMUSG00000030748	ENSG00000077238	ortholog_one2one	1
Il5	ENSMUSG00000036117	ENSG00000113525	ortholog_one2one	1
Il5ra	ENSMUSG00000005364	ENSG00000091181	ortholog_one2one	1
Il6ra	ENSMUSG00000027947	ENSG00000160712	ortholog_one2one	1
Il6st	ENSMUSG00000021756	ENSG00000134352	ortholog_one2one	1
Il7	ENSMUSG00000040329	ENSG00000104432	ortholog_one2one	1
Il7r	ENSMUSG00000003882	ENSG00000168685	ortholog_one2one	1
Il9	ENSMUSG00000021538	ENSG00000145839	ortholog_one2one	1
Il9r	ENSMUSG00000020279	ENSG00000124334	ortholog_one2one	1
Ildr1	ENSMUSG00000022900	ENSG00000145103	ortholog_one2one	1
Ildr2	ENSMUSG00000040612	ENSG00000143195	ortholog_one2one	1
Ilf2	ENSMUSG00000001016	ENSG00000143621	ortholog_one2one	1
Ilf3	ENSMUSG00000032178	ENSG00000129351	ortholog_one2one	1
Ilk	ENSMUSG00000030890	ENSG00000166333	ortholog_one2one	1
Ilkap	ENSMUSG00000026309	ENSG00000132323	ortholog_one2one	1
Ilrun	ENSMUSG00000056692	ENSG00000196821	ortholog_one2one	1
Ilvbl	ENSMUSG00000032763	ENSG00000105135	ortholog_one2one	1
Immp1l	ENSMUSG00000042670	ENSG00000148950	ortholog_one2one	1
Immp2l	ENSMUSG00000056899	ENSG00000184903	ortholog_one2one	1
Immt	ENSMUSG00000052337	ENSG00000132305	ortholog_one2one	1
Imp3	ENSMUSG00000032288	ENSG00000177971	ortholog_one2one	1
Imp4	ENSMUSG00000026127	ENSG00000136718	ortholog_one2one	1
Impa1	ENSMUSG00000027531	ENSG00000133731	ortholog_one2one	1
Impa2	ENSMUSG00000024525	ENSG00000141401	ortholog_one2one	1
Impact	ENSMUSG00000024423	ENSG00000154059	ortholog_one2one	1
Impdh1	ENSMUSG00000003500	ENSG00000106348	ortholog_one2one	1
Impdh2	ENSMUSG00000062867	ENSG00000178035	ortholog_one2one	1
Impg1	ENSMUSG00000032343	ENSG00000112706	ortholog_one2one	1
Impg2	ENSMUSG00000035270	ENSG00000081148	ortholog_one2one	1
Ina	ENSMUSG00000034336	ENSG00000148798	ortholog_one2one	1
Inafm1	ENSMUSG00000091811	ENSG00000257704	ortholog_one2one	1
Inafm2	ENSMUSG00000074918	ENSG00000259330	ortholog_one2one	1
Inava	ENSMUSG00000041605	ENSG00000163362	ortholog_one2one	1
Inca1	ENSMUSG00000057054	ENSG00000196388	ortholog_one2one	1
Incenp	ENSMUSG00000024660	ENSG00000149503	ortholog_one2one	1
Inf2	ENSMUSG00000037679	ENSG00000203485	ortholog_one2one	1
Ing1	ENSMUSG00000045969	ENSG00000153487	ortholog_one2one	1
Ing2	ENSMUSG00000063049	ENSG00000168556	ortholog_one2one	1
Ing3	ENSMUSG00000029670	ENSG00000071243	ortholog_one2one	1
Ing4	ENSMUSG00000030330	ENSG00000111653	ortholog_one2one	1
Ing5	ENSMUSG00000026283	ENSG00000168395	ortholog_one2one	1
Inha	ENSMUSG00000032968	ENSG00000123999	ortholog_one2one	1
Inhba	ENSMUSG00000041324	ENSG00000122641	ortholog_one2one	1
Inhbb	ENSMUSG00000037035	ENSG00000163083	ortholog_one2one	1
Inhbc	ENSMUSG00000025405	ENSG00000175189	ortholog_one2one	1
Inhbe	ENSMUSG00000047492	ENSG00000139269	ortholog_one2one	1
Inka1	ENSMUSG00000042106	ENSG00000185614	ortholog_one2one	1
Inka2	ENSMUSG00000048458	ENSG00000197852	ortholog_one2one	1
Inmt	ENSMUSG00000003477	ENSG00000241644	ortholog_one2one	1
Ino80	ENSMUSG00000034154	ENSG00000128908	ortholog_one2one	1
Ino80b	ENSMUSG00000030034	ENSG00000115274	ortholog_one2one	1
Ino80c	ENSMUSG00000047989	ENSG00000153391	ortholog_one2one	1
Ino80d	ENSMUSG00000040865	ENSG00000114933	ortholog_one2one	1
Ino80e	ENSMUSG00000030689	ENSG00000169592	ortholog_one2one	1
Inpp1	ENSMUSG00000026102	ENSG00000151689	ortholog_one2one	1
Inpp4a	ENSMUSG00000026113	ENSG00000040933	ortholog_one2one	1
Inpp4b	ENSMUSG00000037940	ENSG00000109452	ortholog_one2one	1
Inpp5a	ENSMUSG00000025477	ENSG00000068383	ortholog_one2one	1
Inpp5b	ENSMUSG00000028894	ENSG00000204084	ortholog_one2one	1
Inpp5d	ENSMUSG00000026288	ENSG00000168918	ortholog_one2one	1
Inpp5e	ENSMUSG00000026925	ENSG00000148384	ortholog_one2one	1
Inpp5f	ENSMUSG00000042105	ENSG00000198825	ortholog_one2one	1
Inpp5j	ENSMUSG00000034570	ENSG00000185133	ortholog_one2one	1
Inpp5k	ENSMUSG00000006127	ENSG00000132376	ortholog_one2one	1
Inppl1	ENSMUSG00000032737	ENSG00000165458	ortholog_one2one	1
Insc	ENSMUSG00000048782	ENSG00000188487	ortholog_one2one	1
Insig1	ENSMUSG00000045294	ENSG00000186480	ortholog_one2one	1
Insig2	ENSMUSG00000003721	ENSG00000125629	ortholog_one2one	1
Insl3	ENSMUSG00000079019	ENSG00000248099	ortholog_one2one	1
Insl5	ENSMUSG00000066090	ENSG00000172410	ortholog_one2one	1
Insm1	ENSMUSG00000068154	ENSG00000173404	ortholog_one2one	1
Insm2	ENSMUSG00000045440	ENSG00000168348	ortholog_one2one	1
Insr	ENSMUSG00000005534	ENSG00000171105	ortholog_one2one	1
Insrr	ENSMUSG00000005640	ENSG00000027644	ortholog_one2one	1
Insyn1	ENSMUSG00000066607	ENSG00000205363	ortholog_one2one	1
Insyn2a	ENSMUSG00000073805	ENSG00000188916	ortholog_one2one	1
Insyn2b	ENSMUSG00000069911	ENSG00000204767	ortholog_one2one	1
Ints1	ENSMUSG00000029547	ENSG00000164880	ortholog_one2one	1
Ints10	ENSMUSG00000031864	ENSG00000104613	ortholog_one2one	1
Ints11	ENSMUSG00000029034	ENSG00000127054	ortholog_one2one	1
Ints12	ENSMUSG00000028016	ENSG00000138785	ortholog_one2one	1
Ints13	ENSMUSG00000040250	ENSG00000064102	ortholog_one2one	1
Ints14	ENSMUSG00000034263	ENSG00000138614	ortholog_one2one	1
Ints15	ENSMUSG00000039244	ENSG00000146576	ortholog_one2one	1
Ints2	ENSMUSG00000018068	ENSG00000108506	ortholog_one2one	1
Ints3	ENSMUSG00000027933	ENSG00000143624	ortholog_one2one	1
Ints4	ENSMUSG00000025133	ENSG00000149262	ortholog_one2one	1
Ints5	ENSMUSG00000071652	ENSG00000185085	ortholog_one2one	1
Ints6	ENSMUSG00000035161	ENSG00000102786	ortholog_one2one	1
Ints6l	ENSMUSG00000035967	ENSG00000165359	ortholog_one2one	1
Ints7	ENSMUSG00000037461	ENSG00000143493	ortholog_one2one	1
Ints8	ENSMUSG00000040738	ENSG00000164941	ortholog_one2one	1
Ints9	ENSMUSG00000021975	ENSG00000104299	ortholog_one2one	1
Intu	ENSMUSG00000060798	ENSG00000164066	ortholog_one2one	1
Invs	ENSMUSG00000028344	ENSG00000119509	ortholog_one2one	1
Ip6k1	ENSMUSG00000032594	ENSG00000176095	ortholog_one2one	1
Ip6k2	ENSMUSG00000032599	ENSG00000068745	ortholog_one2one	1
Ip6k3	ENSMUSG00000024210	ENSG00000161896	ortholog_one2one	1
Ipcef1	ENSMUSG00000064065	ENSG00000074706	ortholog_one2one	1
Ipmk	ENSMUSG00000060733	ENSG00000151151	ortholog_one2one	1
Ipo11	ENSMUSG00000042590	ENSG00000086200	ortholog_one2one	1
Ipo13	ENSMUSG00000033365	ENSG00000117408	ortholog_one2one	1
Ipo4	ENSMUSG00000002319	ENSG00000196497	ortholog_one2one	1
Ipo5	ENSMUSG00000030662	ENSG00000065150	ortholog_one2one	1
Ipo7	ENSMUSG00000066232	ENSG00000205339	ortholog_one2one	1
Ipo8	ENSMUSG00000040029	ENSG00000133704	ortholog_one2one	1
Ipo9	ENSMUSG00000041879	ENSG00000198700	ortholog_one2one	1
Ipp	ENSMUSG00000028696	ENSG00000197429	ortholog_one2one	1
Ippk	ENSMUSG00000021385	ENSG00000127080	ortholog_one2one	1
Iqank1	ENSMUSG00000102018	ENSG00000203499	ortholog_one2one	1
Iqca1	ENSMUSG00000026301	ENSG00000132321	ortholog_one2one	1
Iqca1l	ENSMUSG00000038199	ENSG00000278685	ortholog_one2one	1
Iqcb1	ENSMUSG00000022837	ENSG00000173226	ortholog_one2one	1
Iqcc	ENSMUSG00000040795	ENSG00000160051	ortholog_one2one	1
Iqcd	ENSMUSG00000029601	ENSG00000166578	ortholog_one2one	1
Iqcf1	ENSMUSG00000066383	ENSG00000173389	ortholog_one2one	1
Iqcf5	ENSMUSG00000066382	ENSG00000214681	ortholog_one2one	1
Iqcf6	ENSMUSG00000091129	ENSG00000214686	ortholog_one2one	1
Iqcg	ENSMUSG00000035578	ENSG00000114473	ortholog_one2one	1
Iqch	ENSMUSG00000037801	ENSG00000103599	ortholog_one2one	1
Iqcj	ENSMUSG00000051777	ENSG00000214216	ortholog_one2one	1
Iqck	ENSMUSG00000073856	ENSG00000174628	ortholog_one2one	1
Iqcm	ENSMUSG00000031620	ENSG00000234828	ortholog_one2one	1
Iqgap1	ENSMUSG00000030536	ENSG00000140575	ortholog_one2one	1
Iqgap2	ENSMUSG00000021676	ENSG00000145703	ortholog_one2one	1
Iqgap3	ENSMUSG00000028068	ENSG00000183856	ortholog_one2one	1
Iqsec1	ENSMUSG00000034312	ENSG00000144711	ortholog_one2one	1
Iqsec2	ENSMUSG00000041115	ENSG00000124313	ortholog_one2one	1
Iqsec3	ENSMUSG00000040797	ENSG00000120645	ortholog_one2one	1
Iqub	ENSMUSG00000046192	ENSG00000164675	ortholog_one2one	1
Irag1	ENSMUSG00000005611	ENSG00000072952	ortholog_one2one	1
Irag2	ENSMUSG00000030263	ENSG00000118308	ortholog_one2one	1
Irak1	ENSMUSG00000031392	ENSG00000184216	ortholog_one2one	1
Irak1bp1	ENSMUSG00000032251	ENSG00000146243	ortholog_one2one	1
Irak2	ENSMUSG00000060477	ENSG00000134070	ortholog_one2one	1
Irak3	ENSMUSG00000020227	ENSG00000090376	ortholog_one2one	1
Irak4	ENSMUSG00000059883	ENSG00000198001	ortholog_one2one	1
Ireb2	ENSMUSG00000032293	ENSG00000136381	ortholog_one2one	1
Irf1	ENSMUSG00000018899	ENSG00000125347	ortholog_one2one	1
Irf2	ENSMUSG00000031627	ENSG00000168310	ortholog_one2one	1
Irf2bp1	ENSMUSG00000044030	ENSG00000170604	ortholog_one2one	1
Irf2bp2	ENSMUSG00000051495	ENSG00000168264	ortholog_one2one	1
Irf2bpl	ENSMUSG00000034168	ENSG00000119669	ortholog_one2one	1
Irf3	ENSMUSG00000003184	ENSG00000126456	ortholog_one2one	1
Irf4	ENSMUSG00000021356	ENSG00000137265	ortholog_one2one	1
Irf5	ENSMUSG00000029771	ENSG00000128604	ortholog_one2one	1
Irf6	ENSMUSG00000026638	ENSG00000117595	ortholog_one2one	1
Irf7	ENSMUSG00000025498	ENSG00000185507	ortholog_one2one	1
Irf8	ENSMUSG00000041515	ENSG00000140968	ortholog_one2one	1
Irf9	ENSMUSG00000002325	ENSG00000213928	ortholog_one2one	1
Irgc	ENSMUSG00000062028	ENSG00000124449	ortholog_one2one	1
Irgq	ENSMUSG00000041037	ENSG00000167378	ortholog_one2one	1
Irs1	ENSMUSG00000055980	ENSG00000169047	ortholog_one2one	1
Irs2	ENSMUSG00000038894	ENSG00000185950	ortholog_one2one	1
Irs4	ENSMUSG00000054667	ENSG00000133124	ortholog_one2one	1
Irx1	ENSMUSG00000060969	ENSG00000170549	ortholog_one2one	1
Irx2	ENSMUSG00000001504	ENSG00000170561	ortholog_one2one	1
Irx3	ENSMUSG00000031734	ENSG00000177508	ortholog_one2one	1
Irx4	ENSMUSG00000021604	ENSG00000113430	ortholog_one2one	1
Irx5	ENSMUSG00000031737	ENSG00000176842	ortholog_one2one	1
Irx6	ENSMUSG00000031738	ENSG00000159387	ortholog_one2one	1
Isca2	ENSMUSG00000021241	ENSG00000165898	ortholog_one2one	1
Iscu	ENSMUSG00000025825	ENSG00000136003	ortholog_one2one	1
Isg15	ENSMUSG00000035692	ENSG00000187608	ortholog_one2one	1
Isg20l2	ENSMUSG00000048039	ENSG00000143319	ortholog_one2one	1
Isl1	ENSMUSG00000042258	ENSG00000016082	ortholog_one2one	1
Isl2	ENSMUSG00000032318	ENSG00000159556	ortholog_one2one	1
Islr	ENSMUSG00000037206	ENSG00000129009	ortholog_one2one	1
Islr2	ENSMUSG00000051243	ENSG00000167178	ortholog_one2one	1
Ism1	ENSMUSG00000074766	ENSG00000101230	ortholog_one2one	1
Ism2	ENSMUSG00000050671	ENSG00000100593	ortholog_one2one	1
Isoc1	ENSMUSG00000024601	ENSG00000066583	ortholog_one2one	1
Ist1	ENSMUSG00000031729	ENSG00000182149	ortholog_one2one	1
Isx	ENSMUSG00000031621	ENSG00000175329	ortholog_one2one	1
Isy1	ENSMUSG00000030056	ENSG00000240682	ortholog_one2one	1
Isyna1	ENSMUSG00000019139	ENSG00000105655	ortholog_one2one	1
Itch	ENSMUSG00000027598	ENSG00000078747	ortholog_one2one	1
Itfg1	ENSMUSG00000031703	ENSG00000129636	ortholog_one2one	1
Itfg2	ENSMUSG00000001518	ENSG00000111203	ortholog_one2one	1
Itga1	ENSMUSG00000042284	ENSG00000213949	ortholog_one2one	1
Itga10	ENSMUSG00000090210	ENSG00000143127	ortholog_one2one	1
Itga11	ENSMUSG00000032243	ENSG00000137809	ortholog_one2one	1
Itga2	ENSMUSG00000015533	ENSG00000164171	ortholog_one2one	1
Itga2b	ENSMUSG00000034664	ENSG00000005961	ortholog_one2one	1
Itga3	ENSMUSG00000001507	ENSG00000005884	ortholog_one2one	1
Itga4	ENSMUSG00000027009	ENSG00000115232	ortholog_one2one	1
Itga5	ENSMUSG00000000555	ENSG00000161638	ortholog_one2one	1
Itga6	ENSMUSG00000027111	ENSG00000091409	ortholog_one2one	1
Itga7	ENSMUSG00000025348	ENSG00000135424	ortholog_one2one	1
Itga8	ENSMUSG00000026768	ENSG00000077943	ortholog_one2one	1
Itga9	ENSMUSG00000039115	ENSG00000144668	ortholog_one2one	1
Itgad	ENSMUSG00000070369	ENSG00000156886	ortholog_one2one	1
Itgae	ENSMUSG00000005947	ENSG00000083457	ortholog_one2one	1
Itgal	ENSMUSG00000030830	ENSG00000005844	ortholog_one2one	1
Itgam	ENSMUSG00000030786	ENSG00000169896	ortholog_one2one	1
Itgav	ENSMUSG00000027087	ENSG00000138448	ortholog_one2one	1
Itgax	ENSMUSG00000030789	ENSG00000140678	ortholog_one2one	1
Itgb1	ENSMUSG00000025809	ENSG00000150093	ortholog_one2one	1
Itgb1bp1	ENSMUSG00000062352	ENSG00000119185	ortholog_one2one	1
Itgb1bp2	ENSMUSG00000031312	ENSG00000147166	ortholog_one2one	1
Itgb3	ENSMUSG00000020689	ENSG00000259207	ortholog_one2one	1
Itgb4	ENSMUSG00000020758	ENSG00000132470	ortholog_one2one	1
Itgb5	ENSMUSG00000022817	ENSG00000082781	ortholog_one2one	1
Itgb6	ENSMUSG00000026971	ENSG00000115221	ortholog_one2one	1
Itgb7	ENSMUSG00000001281	ENSG00000139626	ortholog_one2one	1
Itgb8	ENSMUSG00000025321	ENSG00000105855	ortholog_one2one	1
Itgbl1	ENSMUSG00000032925	ENSG00000198542	ortholog_one2one	1
Itih1	ENSMUSG00000006529	ENSG00000055957	ortholog_one2one	1
Itih2	ENSMUSG00000037254	ENSG00000151655	ortholog_one2one	1
Itih3	ENSMUSG00000006522	ENSG00000162267	ortholog_one2one	1
Itih4	ENSMUSG00000021922	ENSG00000055955	ortholog_one2one	1
Itih5	ENSMUSG00000025780	ENSG00000123243	ortholog_one2one	1
Itih6	ENSMUSG00000087149	ENSG00000102313	ortholog_one2one	1
Itk	ENSMUSG00000020395	ENSG00000113263	ortholog_one2one	1
Itm2a	ENSMUSG00000031239	ENSG00000078596	ortholog_one2one	1
Itm2b	ENSMUSG00000022108	ENSG00000136156	ortholog_one2one	1
Itm2c	ENSMUSG00000026223	ENSG00000135916	ortholog_one2one	1
Itpa	ENSMUSG00000074797	ENSG00000125877	ortholog_one2one	1
Itpk1	ENSMUSG00000057963	ENSG00000100605	ortholog_one2one	1
Itpka	ENSMUSG00000027296	ENSG00000137825	ortholog_one2one	1
Itpkb	ENSMUSG00000038855	ENSG00000143772	ortholog_one2one	1
Itpkc	ENSMUSG00000003752	ENSG00000086544	ortholog_one2one	1
Itpr1	ENSMUSG00000030102	ENSG00000150995	ortholog_one2one	1
Itpr2	ENSMUSG00000030287	ENSG00000123104	ortholog_one2one	1
Itpr3	ENSMUSG00000042644	ENSG00000096433	ortholog_one2one	1
Itprid1	ENSMUSG00000037973	ENSG00000180347	ortholog_one2one	1
Itprid2	ENSMUSG00000027007	ENSG00000138434	ortholog_one2one	1
Itprip	ENSMUSG00000117975	ENSG00000148841	ortholog_one2one	1
Itpripl1	ENSMUSG00000074825	ENSG00000198885	ortholog_one2one	1
Itpripl2	ENSMUSG00000095115	ENSG00000205730	ortholog_one2one	1
Itsn1	ENSMUSG00000022957	ENSG00000205726	ortholog_one2one	1
Itsn2	ENSMUSG00000020640	ENSG00000198399	ortholog_one2one	1
Ivd	ENSMUSG00000027332	ENSG00000128928	ortholog_one2one	1
Ivns1abp	ENSMUSG00000023150	ENSG00000116679	ortholog_one2one	1
Iws1	ENSMUSG00000024384	ENSG00000163166	ortholog_one2one	1
Iyd	ENSMUSG00000019762	ENSG00000009765	ortholog_one2one	1
Izumo1r	ENSMUSG00000031933	ENSG00000183560	ortholog_one2one	1
Izumo2	ENSMUSG00000066500	ENSG00000161652	ortholog_one2one	1
Izumo3	ENSMUSG00000028533	ENSG00000205442	ortholog_one2one	1
Izumo4	ENSMUSG00000055862	ENSG00000099840	ortholog_one2one	1
Jade1	ENSMUSG00000025764	ENSG00000077684	ortholog_one2one	1
Jade2	ENSMUSG00000020387	ENSG00000043143	ortholog_one2one	1
Jade3	ENSMUSG00000037315	ENSG00000102221	ortholog_one2one	1
Jag1	ENSMUSG00000027276	ENSG00000101384	ortholog_one2one	1
Jag2	ENSMUSG00000002799	ENSG00000184916	ortholog_one2one	1
Jagn1	ENSMUSG00000051256	ENSG00000171135	ortholog_one2one	1
Jak1	ENSMUSG00000028530	ENSG00000162434	ortholog_one2one	1
Jak2	ENSMUSG00000024789	ENSG00000096968	ortholog_one2one	1
Jak3	ENSMUSG00000031805	ENSG00000105639	ortholog_one2one	1
Jakmip1	ENSMUSG00000063646	ENSG00000152969	ortholog_one2one	1
Jakmip2	ENSMUSG00000024502	ENSG00000176049	ortholog_one2one	1
Jakmip3	ENSMUSG00000056856	ENSG00000188385	ortholog_one2one	1
Jam2	ENSMUSG00000053062	ENSG00000154721	ortholog_one2one	1
Jam3	ENSMUSG00000031990	ENSG00000166086	ortholog_one2one	1
Jarid2	ENSMUSG00000038518	ENSG00000008083	ortholog_one2one	1
Jazf1	ENSMUSG00000063568	ENSG00000153814	ortholog_one2one	1
Jcad	ENSMUSG00000033960	ENSG00000165757	ortholog_one2one	1
Jchain	ENSMUSG00000067149	ENSG00000132465	ortholog_one2one	1
Jdp2	ENSMUSG00000034271	ENSG00000140044	ortholog_one2one	1
Jhy	ENSMUSG00000032023	ENSG00000109944	ortholog_one2one	1
Jmjd1c	ENSMUSG00000037876	ENSG00000171988	ortholog_one2one	1
Jmjd4	ENSMUSG00000036819	ENSG00000081692	ortholog_one2one	1
Jmjd6	ENSMUSG00000056962	ENSG00000070495	ortholog_one2one	1
Jmjd7	ENSMUSG00000098789	ENSG00000243789	ortholog_one2one	1
Jmjd8	ENSMUSG00000025736	ENSG00000161999	ortholog_one2one	1
Jmy	ENSMUSG00000021690	ENSG00000152409	ortholog_one2one	1
Josd1	ENSMUSG00000022426	ENSG00000100221	ortholog_one2one	1
Josd2	ENSMUSG00000038695	ENSG00000161677	ortholog_one2one	1
Jph1	ENSMUSG00000042686	ENSG00000104369	ortholog_one2one	1
Jph2	ENSMUSG00000017817	ENSG00000149596	ortholog_one2one	1
Jph3	ENSMUSG00000025318	ENSG00000154118	ortholog_one2one	1
Jph4	ENSMUSG00000022208	ENSG00000092051	ortholog_one2one	1
Jpt1	ENSMUSG00000020737	ENSG00000189159	ortholog_one2one	1
Jrk	ENSMUSG00000046380	ENSG00000234616	ortholog_one2one	1
Jrkl	ENSMUSG00000079083	ENSG00000183340	ortholog_one2one	1
Jsrp1	ENSMUSG00000020216	ENSG00000167476	ortholog_one2one	1
Jtb	ENSMUSG00000027937	ENSG00000143543	ortholog_one2one	1
Jun	ENSMUSG00000052684	ENSG00000177606	ortholog_one2one	1
Junb	ENSMUSG00000052837	ENSG00000171223	ortholog_one2one	1
Jund	ENSMUSG00000071076	ENSG00000130522	ortholog_one2one	1
Jup	ENSMUSG00000001552	ENSG00000173801	ortholog_one2one	1
Kalrn	ENSMUSG00000061751	ENSG00000160145	ortholog_one2one	1
Kank1	ENSMUSG00000032702	ENSG00000107104	ortholog_one2one	1
Kank2	ENSMUSG00000032194	ENSG00000197256	ortholog_one2one	1
Kank3	ENSMUSG00000042099	ENSG00000186994	ortholog_one2one	1
Kank4	ENSMUSG00000035407	ENSG00000132854	ortholog_one2one	1
Kansl1	ENSMUSG00000018412	ENSG00000120071	ortholog_one2one	1
Kansl1l	ENSMUSG00000026004	ENSG00000144445	ortholog_one2one	1
Kansl2	ENSMUSG00000022992	ENSG00000139620	ortholog_one2one	1
Kansl3	ENSMUSG00000010453	ENSG00000114982	ortholog_one2one	1
Kantr	ENSMUSG00000087403	ENSG00000232593	ortholog_one2one	1
Kars1	ENSMUSG00000031948	ENSG00000065427	ortholog_one2one	1
Kash5	ENSMUSG00000038292	ENSG00000161609	ortholog_one2one	1
Kat14	ENSMUSG00000027425	ENSG00000149474	ortholog_one2one	1
Kat2a	ENSMUSG00000020918	ENSG00000108773	ortholog_one2one	1
Kat2b	ENSMUSG00000000708	ENSG00000114166	ortholog_one2one	1
Kat5	ENSMUSG00000024926	ENSG00000172977	ortholog_one2one	1
Kat6a	ENSMUSG00000031540	ENSG00000083168	ortholog_one2one	1
Kat6b	ENSMUSG00000021767	ENSG00000156650	ortholog_one2one	1
Kat7	ENSMUSG00000038909	ENSG00000136504	ortholog_one2one	1
Kat8	ENSMUSG00000030801	ENSG00000103510	ortholog_one2one	1
Katna1	ENSMUSG00000019794	ENSG00000186625	ortholog_one2one	1
Katnal1	ENSMUSG00000041298	ENSG00000102781	ortholog_one2one	1
Katnal2	ENSMUSG00000025420	ENSG00000167216	ortholog_one2one	1
Katnb1	ENSMUSG00000031787	ENSG00000140854	ortholog_one2one	1
Katnbl1	ENSMUSG00000027132	ENSG00000134152	ortholog_one2one	1
Katnip	ENSMUSG00000032743	ENSG00000047578	ortholog_one2one	1
Kazald1	ENSMUSG00000025213	ENSG00000107821	ortholog_one2one	1
Kazn	ENSMUSG00000040606	ENSG00000189337	ortholog_one2one	1
Kbtbd11	ENSMUSG00000055675	ENSG00000176595	ortholog_one2one	1
Kbtbd12	ENSMUSG00000033182	ENSG00000187715	ortholog_one2one	1
Kbtbd13	ENSMUSG00000054978	ENSG00000234438	ortholog_one2one	1
Kbtbd2	ENSMUSG00000059486	ENSG00000170852	ortholog_one2one	1
Kbtbd3	ENSMUSG00000025893	ENSG00000182359	ortholog_one2one	1
Kbtbd4	ENSMUSG00000005505	ENSG00000123444	ortholog_one2one	1
Kbtbd8	ENSMUSG00000030031	ENSG00000163376	ortholog_one2one	1
Kcmf1	ENSMUSG00000055239	ENSG00000176407	ortholog_one2one	1
Kcna1	ENSMUSG00000047976	ENSG00000111262	ortholog_one2one	1
Kcna10	ENSMUSG00000042861	ENSG00000143105	ortholog_one2one	1
Kcna2	ENSMUSG00000040724	ENSG00000177301	ortholog_one2one	1
Kcna3	ENSMUSG00000047959	ENSG00000177272	ortholog_one2one	1
Kcna4	ENSMUSG00000042604	ENSG00000182255	ortholog_one2one	1
Kcna5	ENSMUSG00000045534	ENSG00000130037	ortholog_one2one	1
Kcna6	ENSMUSG00000038077	ENSG00000151079	ortholog_one2one	1
Kcna7	ENSMUSG00000038201	ENSG00000104848	ortholog_one2one	1
Kcnab1	ENSMUSG00000027827	ENSG00000169282	ortholog_one2one	1
Kcnab2	ENSMUSG00000028931	ENSG00000069424	ortholog_one2one	1
Kcnab3	ENSMUSG00000018470	ENSG00000170049	ortholog_one2one	1
Kcnb1	ENSMUSG00000050556	ENSG00000158445	ortholog_one2one	1
Kcnc1	ENSMUSG00000058975	ENSG00000129159	ortholog_one2one	1
Kcnc2	ENSMUSG00000035681	ENSG00000166006	ortholog_one2one	1
Kcnc3	ENSMUSG00000062785	ENSG00000131398	ortholog_one2one	1
Kcnc4	ENSMUSG00000027895	ENSG00000116396	ortholog_one2one	1
Kcnd1	ENSMUSG00000009731	ENSG00000102057	ortholog_one2one	1
Kcnd2	ENSMUSG00000060882	ENSG00000184408	ortholog_one2one	1
Kcnd3	ENSMUSG00000040896	ENSG00000171385	ortholog_one2one	1
Kcne1	ENSMUSG00000039639	ENSG00000180509	ortholog_one2one	1
Kcne2	ENSMUSG00000039672	ENSG00000159197	ortholog_one2one	1
Kcne3	ENSMUSG00000035165	ENSG00000175538	ortholog_one2one	1
Kcne4	ENSMUSG00000047330	ENSG00000152049	ortholog_one2one	1
Kcne5	ENSMUSG00000090122	ENSG00000176076	ortholog_one2one	1
Kcnf1	ENSMUSG00000051726	ENSG00000162975	ortholog_one2one	1
Kcng1	ENSMUSG00000074575	ENSG00000026559	ortholog_one2one	1
Kcng2	ENSMUSG00000059852	ENSG00000178342	ortholog_one2one	1
Kcng3	ENSMUSG00000045053	ENSG00000171126	ortholog_one2one	1
Kcng4	ENSMUSG00000045246	ENSG00000168418	ortholog_one2one	1
Kcnh1	ENSMUSG00000058248	ENSG00000143473	ortholog_one2one	1
Kcnh2	ENSMUSG00000038319	ENSG00000055118	ortholog_one2one	1
Kcnh3	ENSMUSG00000037579	ENSG00000135519	ortholog_one2one	1
Kcnh4	ENSMUSG00000035355	ENSG00000089558	ortholog_one2one	1
Kcnh5	ENSMUSG00000034402	ENSG00000140015	ortholog_one2one	1
Kcnh6	ENSMUSG00000001901	ENSG00000173826	ortholog_one2one	1
Kcnh7	ENSMUSG00000059742	ENSG00000184611	ortholog_one2one	1
Kcnh8	ENSMUSG00000035580	ENSG00000183960	ortholog_one2one	1
Kcnip1	ENSMUSG00000053519	ENSG00000182132	ortholog_one2one	1
Kcnip2	ENSMUSG00000025221	ENSG00000120049	ortholog_one2one	1
Kcnip3	ENSMUSG00000079056	ENSG00000115041	ortholog_one2one	1
Kcnip4	ENSMUSG00000029088	ENSG00000185774	ortholog_one2one	1
Kcnj1	ENSMUSG00000041248	ENSG00000151704	ortholog_one2one	1
Kcnj10	ENSMUSG00000044708	ENSG00000177807	ortholog_one2one	1
Kcnj11	ENSMUSG00000096146	ENSG00000187486	ortholog_one2one	1
Kcnj12	ENSMUSG00000042529	ENSG00000184185	ortholog_one2one	1
Kcnj13	ENSMUSG00000079436	ENSG00000115474	ortholog_one2one	1
Kcnj14	ENSMUSG00000058743	ENSG00000182324	ortholog_one2one	1
Kcnj15	ENSMUSG00000062609	ENSG00000157551	ortholog_one2one	1
Kcnj16	ENSMUSG00000051497	ENSG00000153822	ortholog_one2one	1
Kcnj2	ENSMUSG00000041695	ENSG00000123700	ortholog_one2one	1
Kcnj3	ENSMUSG00000026824	ENSG00000162989	ortholog_one2one	1
Kcnj4	ENSMUSG00000044216	ENSG00000168135	ortholog_one2one	1
Kcnj5	ENSMUSG00000032034	ENSG00000120457	ortholog_one2one	1
Kcnj6	ENSMUSG00000043301	ENSG00000157542	ortholog_one2one	1
Kcnj8	ENSMUSG00000030247	ENSG00000121361	ortholog_one2one	1
Kcnj9	ENSMUSG00000038026	ENSG00000162728	ortholog_one2one	1
Kcnk1	ENSMUSG00000033998	ENSG00000135750	ortholog_one2one	1
Kcnk10	ENSMUSG00000033854	ENSG00000100433	ortholog_one2one	1
Kcnk12	ENSMUSG00000050138	ENSG00000184261	ortholog_one2one	1
Kcnk13	ENSMUSG00000045404	ENSG00000152315	ortholog_one2one	1
Kcnk15	ENSMUSG00000035238	ENSG00000124249	ortholog_one2one	1
Kcnk18	ENSMUSG00000040901	ENSG00000186795	ortholog_one2one	1
Kcnk2	ENSMUSG00000037624	ENSG00000082482	ortholog_one2one	1
Kcnk3	ENSMUSG00000049265	ENSG00000171303	ortholog_one2one	1
Kcnk4	ENSMUSG00000024957	ENSG00000182450	ortholog_one2one	1
Kcnk5	ENSMUSG00000023243	ENSG00000164626	ortholog_one2one	1
Kcnk6	ENSMUSG00000046410	ENSG00000099337	ortholog_one2one	1
Kcnk7	ENSMUSG00000024936	ENSG00000173338	ortholog_one2one	1
Kcnk9	ENSMUSG00000036760	ENSG00000169427	ortholog_one2one	1
Kcnma1	ENSMUSG00000063142	ENSG00000156113	ortholog_one2one	1
Kcnmb1	ENSMUSG00000020155	ENSG00000145936	ortholog_one2one	1
Kcnmb2	ENSMUSG00000037610	ENSG00000197584	ortholog_one2one	1
Kcnmb3	ENSMUSG00000091091	ENSG00000171121	ortholog_one2one	1
Kcnmb4	ENSMUSG00000054934	ENSG00000135643	ortholog_one2one	1
Kcnn1	ENSMUSG00000002908	ENSG00000105642	ortholog_one2one	1
Kcnn2	ENSMUSG00000054477	ENSG00000080709	ortholog_one2one	1
Kcnn3	ENSMUSG00000000794	ENSG00000143603	ortholog_one2one	1
Kcnn4	ENSMUSG00000054342	ENSG00000104783	ortholog_one2one	1
Kcnq1	ENSMUSG00000009545	ENSG00000053918	ortholog_one2one	1
Kcnq2	ENSMUSG00000016346	ENSG00000075043	ortholog_one2one	1
Kcnq3	ENSMUSG00000056258	ENSG00000184156	ortholog_one2one	1
Kcnq4	ENSMUSG00000028631	ENSG00000117013	ortholog_one2one	1
Kcnq5	ENSMUSG00000028033	ENSG00000185760	ortholog_one2one	1
Kcnrg	ENSMUSG00000046168	ENSG00000198553	ortholog_one2one	1
Kcns1	ENSMUSG00000040164	ENSG00000124134	ortholog_one2one	1
Kcns2	ENSMUSG00000050963	ENSG00000156486	ortholog_one2one	1
Kcns3	ENSMUSG00000043673	ENSG00000170745	ortholog_one2one	1
Kcnt1	ENSMUSG00000058740	ENSG00000107147	ortholog_one2one	1
Kcnt2	ENSMUSG00000052726	ENSG00000162687	ortholog_one2one	1
Kcnv1	ENSMUSG00000022342	ENSG00000164794	ortholog_one2one	1
Kcnv2	ENSMUSG00000047298	ENSG00000168263	ortholog_one2one	1
Kcp	ENSMUSG00000059022	ENSG00000135253	ortholog_one2one	1
Kctd1	ENSMUSG00000036225	ENSG00000134504	ortholog_one2one	1
Kctd10	ENSMUSG00000001098	ENSG00000110906	ortholog_one2one	1
Kctd11	ENSMUSG00000046731	ENSG00000213859	ortholog_one2one	1
Kctd12	ENSMUSG00000098557	ENSG00000178695	ortholog_one2one	1
Kctd13	ENSMUSG00000030685	ENSG00000174943	ortholog_one2one	1
Kctd14	ENSMUSG00000051727	ENSG00000151364	ortholog_one2one	1
Kctd15	ENSMUSG00000030499	ENSG00000153885	ortholog_one2one	1
Kctd16	ENSMUSG00000051401	ENSG00000183775	ortholog_one2one	1
Kctd17	ENSMUSG00000033287	ENSG00000100379	ortholog_one2one	1
Kctd18	ENSMUSG00000054770	ENSG00000155729	ortholog_one2one	1
Kctd19	ENSMUSG00000051648	ENSG00000168676	ortholog_one2one	1
Kctd2	ENSMUSG00000016940	ENSG00000180901	ortholog_one2one	1
Kctd20	ENSMUSG00000005936	ENSG00000112078	ortholog_one2one	1
Kctd21	ENSMUSG00000044952	ENSG00000188997	ortholog_one2one	1
Kctd3	ENSMUSG00000026608	ENSG00000136636	ortholog_one2one	1
Kctd4	ENSMUSG00000046523	ENSG00000180332	ortholog_one2one	1
Kctd5	ENSMUSG00000016946	ENSG00000167977	ortholog_one2one	1
Kctd6	ENSMUSG00000021752	ENSG00000168301	ortholog_one2one	1
Kctd7	ENSMUSG00000034110	ENSG00000243335	ortholog_one2one	1
Kctd8	ENSMUSG00000037653	ENSG00000183783	ortholog_one2one	1
Kctd9	ENSMUSG00000034327	ENSG00000104756	ortholog_one2one	1
Kdelr1	ENSMUSG00000002778	ENSG00000105438	ortholog_one2one	1
Kdelr2	ENSMUSG00000079111	ENSG00000136240	ortholog_one2one	1
Kdelr3	ENSMUSG00000010830	ENSG00000100196	ortholog_one2one	1
Kdf1	ENSMUSG00000037600	ENSG00000175707	ortholog_one2one	1
Kdm1a	ENSMUSG00000036940	ENSG00000004487	ortholog_one2one	1
Kdm1b	ENSMUSG00000038080	ENSG00000165097	ortholog_one2one	1
Kdm2a	ENSMUSG00000054611	ENSG00000173120	ortholog_one2one	1
Kdm2b	ENSMUSG00000029475	ENSG00000089094	ortholog_one2one	1
Kdm3a	ENSMUSG00000053470	ENSG00000115548	ortholog_one2one	1
Kdm3b	ENSMUSG00000038773	ENSG00000120733	ortholog_one2one	1
Kdm4a	ENSMUSG00000033326	ENSG00000066135	ortholog_one2one	1
Kdm4b	ENSMUSG00000024201	ENSG00000127663	ortholog_one2one	1
Kdm4c	ENSMUSG00000028397	ENSG00000107077	ortholog_one2one	1
Kdm4d	ENSMUSG00000053914	ENSG00000186280	ortholog_one2one	1
Kdm5a	ENSMUSG00000030180	ENSG00000073614	ortholog_one2one	1
Kdm5b	ENSMUSG00000042207	ENSG00000117139	ortholog_one2one	1
Kdm5d	ENSMUSG00000056673	ENSG00000012817	ortholog_one2one	1
Kdm6a	ENSMUSG00000037369	ENSG00000147050	ortholog_one2one	1
Kdm6b	ENSMUSG00000018476	ENSG00000132510	ortholog_one2one	1
Kdm7a	ENSMUSG00000042599	ENSG00000006459	ortholog_one2one	1
Kdm8	ENSMUSG00000030752	ENSG00000155666	ortholog_one2one	1
Kdr	ENSMUSG00000062960	ENSG00000128052	ortholog_one2one	1
Kdsr	ENSMUSG00000009905	ENSG00000119537	ortholog_one2one	1
Keap1	ENSMUSG00000003308	ENSG00000079999	ortholog_one2one	1
Kel	ENSMUSG00000029866	ENSG00000197993	ortholog_one2one	1
Kera	ENSMUSG00000019932	ENSG00000139330	ortholog_one2one	1
Khdc4	ENSMUSG00000028060	ENSG00000132680	ortholog_one2one	1
Khdrbs1	ENSMUSG00000028790	ENSG00000121774	ortholog_one2one	1
Khdrbs2	ENSMUSG00000026058	ENSG00000112232	ortholog_one2one	1
Khdrbs3	ENSMUSG00000022332	ENSG00000131773	ortholog_one2one	1
Khk	ENSMUSG00000029162	ENSG00000138030	ortholog_one2one	1
Khnyn	ENSMUSG00000047153	ENSG00000100441	ortholog_one2one	1
Khsrp	ENSMUSG00000007670	ENSG00000088247	ortholog_one2one	1
Kics2	ENSMUSG00000053684	ENSG00000174206	ortholog_one2one	1
Kidins220	ENSMUSG00000036333	ENSG00000134313	ortholog_one2one	1
Kif11	ENSMUSG00000012443	ENSG00000138160	ortholog_one2one	1
Kif12	ENSMUSG00000028357	ENSG00000136883	ortholog_one2one	1
Kif13a	ENSMUSG00000021375	ENSG00000137177	ortholog_one2one	1
Kif13b	ENSMUSG00000060012	ENSG00000197892	ortholog_one2one	1
Kif14	ENSMUSG00000041498	ENSG00000118193	ortholog_one2one	1
Kif15	ENSMUSG00000036768	ENSG00000163808	ortholog_one2one	1
Kif17	ENSMUSG00000028758	ENSG00000117245	ortholog_one2one	1
Kif18a	ENSMUSG00000027115	ENSG00000121621	ortholog_one2one	1
Kif18b	ENSMUSG00000051378	ENSG00000186185	ortholog_one2one	1
Kif19a	ENSMUSG00000010021	ENSG00000196169	ortholog_one2one	1
Kif1a	ENSMUSG00000014602	ENSG00000130294	ortholog_one2one	1
Kif1b	ENSMUSG00000063077	ENSG00000054523	ortholog_one2one	1
Kif1c	ENSMUSG00000020821	ENSG00000129250	ortholog_one2one	1
Kif20a	ENSMUSG00000003779	ENSG00000112984	ortholog_one2one	1
Kif20b	ENSMUSG00000024795	ENSG00000138182	ortholog_one2one	1
Kif21a	ENSMUSG00000022629	ENSG00000139116	ortholog_one2one	1
Kif21b	ENSMUSG00000041642	ENSG00000116852	ortholog_one2one	1
Kif22	ENSMUSG00000030677	ENSG00000079616	ortholog_one2one	1
Kif23	ENSMUSG00000032254	ENSG00000137807	ortholog_one2one	1
Kif24	ENSMUSG00000028438	ENSG00000186638	ortholog_one2one	1
Kif26a	ENSMUSG00000021294	ENSG00000066735	ortholog_one2one	1
Kif26b	ENSMUSG00000026494	ENSG00000162849	ortholog_one2one	1
Kif27	ENSMUSG00000060176	ENSG00000165115	ortholog_one2one	1
Kif2a	ENSMUSG00000021693	ENSG00000068796	ortholog_one2one	1
Kif2b	ENSMUSG00000046755	ENSG00000141200	ortholog_one2one	1
Kif2c	ENSMUSG00000028678	ENSG00000142945	ortholog_one2one	1
Kif3a	ENSMUSG00000018395	ENSG00000131437	ortholog_one2one	1
Kif3b	ENSMUSG00000027475	ENSG00000101350	ortholog_one2one	1
Kif3c	ENSMUSG00000020668	ENSG00000084731	ortholog_one2one	1
Kif4	ENSMUSG00000034311	ENSG00000090889	ortholog_one2one	1
Kif4-ps	ENSMUSG00000092054	ENSG00000226650	ortholog_one2one	1
Kif5a	ENSMUSG00000074657	ENSG00000155980	ortholog_one2one	1
Kif5b	ENSMUSG00000006740	ENSG00000170759	ortholog_one2one	1
Kif5c	ENSMUSG00000026764	ENSG00000168280	ortholog_one2one	1
Kif6	ENSMUSG00000023999	ENSG00000164627	ortholog_one2one	1
Kif7	ENSMUSG00000050382	ENSG00000166813	ortholog_one2one	1
Kif9	ENSMUSG00000032489	ENSG00000088727	ortholog_one2one	1
Kifap3	ENSMUSG00000026585	ENSG00000075945	ortholog_one2one	1
Kifbp	ENSMUSG00000036955	ENSG00000198954	ortholog_one2one	1
Kifc2	ENSMUSG00000004187	ENSG00000167702	ortholog_one2one	1
Kifc3	ENSMUSG00000031788	ENSG00000140859	ortholog_one2one	1
Kin	ENSMUSG00000037262	ENSG00000151657	ortholog_one2one	1
Kirrel1	ENSMUSG00000041734	ENSG00000183853	ortholog_one2one	1
Kirrel2	ENSMUSG00000036915	ENSG00000126259	ortholog_one2one	1
Kirrel3	ENSMUSG00000032036	ENSG00000149571	ortholog_one2one	1
Kiss1r	ENSMUSG00000035773	ENSG00000116014	ortholog_one2one	1
Kit	ENSMUSG00000005672	ENSG00000157404	ortholog_one2one	1
Kitl	ENSMUSG00000019966	ENSG00000049130	ortholog_one2one	1
Kiz	ENSMUSG00000074749	ENSG00000088970	ortholog_one2one	1
Kl	ENSMUSG00000058488	ENSG00000133116	ortholog_one2one	1
Klb	ENSMUSG00000029195	ENSG00000134962	ortholog_one2one	1
Klc1	ENSMUSG00000021288	ENSG00000126214	ortholog_one2one	1
Klc2	ENSMUSG00000024862	ENSG00000174996	ortholog_one2one	1
Klc3	ENSMUSG00000040714	ENSG00000104892	ortholog_one2one	1
Klc4	ENSMUSG00000003546	ENSG00000137171	ortholog_one2one	1
Klf1	ENSMUSG00000054191	ENSG00000105610	ortholog_one2one	1
Klf10	ENSMUSG00000037465	ENSG00000155090	ortholog_one2one	1
Klf11	ENSMUSG00000020653	ENSG00000172059	ortholog_one2one	1
Klf12	ENSMUSG00000072294	ENSG00000118922	ortholog_one2one	1
Klf13	ENSMUSG00000052040	ENSG00000169926	ortholog_one2one	1
Klf14	ENSMUSG00000073209	ENSG00000266265	ortholog_one2one	1
Klf15	ENSMUSG00000030087	ENSG00000163884	ortholog_one2one	1
Klf16	ENSMUSG00000035397	ENSG00000129911	ortholog_one2one	1
Klf2	ENSMUSG00000055148	ENSG00000127528	ortholog_one2one	1
Klf3	ENSMUSG00000029178	ENSG00000109787	ortholog_one2one	1
Klf4	ENSMUSG00000003032	ENSG00000136826	ortholog_one2one	1
Klf5	ENSMUSG00000005148	ENSG00000102554	ortholog_one2one	1
Klf6	ENSMUSG00000000078	ENSG00000067082	ortholog_one2one	1
Klf7	ENSMUSG00000025959	ENSG00000118263	ortholog_one2one	1
Klf8	ENSMUSG00000041649	ENSG00000102349	ortholog_one2one	1
Klf9	ENSMUSG00000033863	ENSG00000119138	ortholog_one2one	1
Klhdc1	ENSMUSG00000051890	ENSG00000197776	ortholog_one2one	1
Klhdc10	ENSMUSG00000029775	ENSG00000128607	ortholog_one2one	1
Klhdc2	ENSMUSG00000020978	ENSG00000165516	ortholog_one2one	1
Klhdc3	ENSMUSG00000063576	ENSG00000124702	ortholog_one2one	1
Klhdc4	ENSMUSG00000040263	ENSG00000104731	ortholog_one2one	1
Klhdc7a	ENSMUSG00000078234	ENSG00000179023	ortholog_one2one	1
Klhdc8a	ENSMUSG00000042115	ENSG00000162873	ortholog_one2one	1
Klhdc8b	ENSMUSG00000032609	ENSG00000185909	ortholog_one2one	1
Klhdc9	ENSMUSG00000045259	ENSG00000162755	ortholog_one2one	1
Klhl1	ENSMUSG00000022076	ENSG00000150361	ortholog_one2one	1
Klhl10	ENSMUSG00000001558	ENSG00000161594	ortholog_one2one	1
Klhl11	ENSMUSG00000048732	ENSG00000178502	ortholog_one2one	1
Klhl12	ENSMUSG00000026455	ENSG00000117153	ortholog_one2one	1
Klhl13	ENSMUSG00000036782	ENSG00000003096	ortholog_one2one	1
Klhl14	ENSMUSG00000042514	ENSG00000197705	ortholog_one2one	1
Klhl15	ENSMUSG00000043929	ENSG00000174010	ortholog_one2one	1
Klhl17	ENSMUSG00002076083	ENSG00000187961	ortholog_one2one	1
Klhl18	ENSMUSG00000054792	ENSG00000114648	ortholog_one2one	1
Klhl2	ENSMUSG00000031605	ENSG00000109466	ortholog_one2one	1
Klhl20	ENSMUSG00000026705	ENSG00000076321	ortholog_one2one	1
Klhl21	ENSMUSG00000073700	ENSG00000162413	ortholog_one2one	1
Klhl22	ENSMUSG00000022750	ENSG00000099910	ortholog_one2one	1
Klhl23	ENSMUSG00000042155	ENSG00000213160	ortholog_one2one	1
Klhl24	ENSMUSG00000062901	ENSG00000114796	ortholog_one2one	1
Klhl25	ENSMUSG00000055652	ENSG00000183655	ortholog_one2one	1
Klhl26	ENSMUSG00000055707	ENSG00000167487	ortholog_one2one	1
Klhl28	ENSMUSG00000020948	ENSG00000179454	ortholog_one2one	1
Klhl29	ENSMUSG00000020627	ENSG00000119771	ortholog_one2one	1
Klhl3	ENSMUSG00000014164	ENSG00000146021	ortholog_one2one	1
Klhl30	ENSMUSG00000026308	ENSG00000168427	ortholog_one2one	1
Klhl31	ENSMUSG00000044938	ENSG00000124743	ortholog_one2one	1
Klhl32	ENSMUSG00000040387	ENSG00000186231	ortholog_one2one	1
Klhl33	ENSMUSG00000090799	ENSG00000185271	ortholog_one2one	1
Klhl34	ENSMUSG00000047485	ENSG00000185915	ortholog_one2one	1
Klhl35	ENSMUSG00000035298	ENSG00000149243	ortholog_one2one	1
Klhl36	ENSMUSG00000031828	ENSG00000135686	ortholog_one2one	1
Klhl38	ENSMUSG00000022357	ENSG00000175946	ortholog_one2one	1
Klhl4	ENSMUSG00000025597	ENSG00000102271	ortholog_one2one	1
Klhl40	ENSMUSG00000074001	ENSG00000157119	ortholog_one2one	1
Klhl41	ENSMUSG00000075307	ENSG00000239474	ortholog_one2one	1
Klhl42	ENSMUSG00000040102	ENSG00000087448	ortholog_one2one	1
Klhl5	ENSMUSG00000054920	ENSG00000109790	ortholog_one2one	1
Klhl6	ENSMUSG00000043008	ENSG00000172578	ortholog_one2one	1
Klhl7	ENSMUSG00000028986	ENSG00000122550	ortholog_one2one	1
Klhl8	ENSMUSG00000029312	ENSG00000145332	ortholog_one2one	1
Klhl9	ENSMUSG00000070923	ENSG00000198642	ortholog_one2one	1
Klk10	ENSMUSG00000030693	ENSG00000129451	ortholog_one2one	1
Klk11	ENSMUSG00000067616	ENSG00000167757	ortholog_one2one	1
Klk12	ENSMUSG00000044430	ENSG00000186474	ortholog_one2one	1
Klk13	ENSMUSG00000054046	ENSG00000167759	ortholog_one2one	1
Klk14	ENSMUSG00000044737	ENSG00000129437	ortholog_one2one	1
Klk15	ENSMUSG00000055193	ENSG00000174562	ortholog_one2one	1
Klk4	ENSMUSG00000006948	ENSG00000167749	ortholog_one2one	1
Klk5	ENSMUSG00000074155	ENSG00000167754	ortholog_one2one	1
Klk6	ENSMUSG00000050063	ENSG00000167755	ortholog_one2one	1
Klk7	ENSMUSG00000030713	ENSG00000169035	ortholog_one2one	1
Klk8	ENSMUSG00000064023	ENSG00000129455	ortholog_one2one	1
Klk9	ENSMUSG00000047884	ENSG00000213022	ortholog_one2one	1
Klkb1	ENSMUSG00000109764	ENSG00000164344	ortholog_one2one	1
Klrd1	ENSMUSG00000030165	ENSG00000134539	ortholog_one2one	1
Klrg1	ENSMUSG00000030114	ENSG00000139187	ortholog_one2one	1
Klrg2	ENSMUSG00000071537	ENSG00000188883	ortholog_one2one	1
Klrk1	ENSMUSG00000030149	ENSG00000213809	ortholog_one2one	1
Kmo	ENSMUSG00000039783	ENSG00000117009	ortholog_one2one	1
Kmt2a	ENSMUSG00000002028	ENSG00000118058	ortholog_one2one	1
Kmt2b	ENSMUSG00000006307	ENSG00000272333	ortholog_one2one	1
Kmt2c	ENSMUSG00000038056	ENSG00000055609	ortholog_one2one	1
Kmt2d	ENSMUSG00000048154	ENSG00000167548	ortholog_one2one	1
Kmt2e	ENSMUSG00000029004	ENSG00000005483	ortholog_one2one	1
Kmt5a	ENSMUSG00000049327	ENSG00000183955	ortholog_one2one	1
Kmt5b	ENSMUSG00000045098	ENSG00000110066	ortholog_one2one	1
Kmt5c	ENSMUSG00000059851	ENSG00000133247	ortholog_one2one	1
Kncn	ENSMUSG00000073774	ENSG00000162456	ortholog_one2one	1
Kndc1	ENSMUSG00000066129	ENSG00000171798	ortholog_one2one	1
Knl1	ENSMUSG00000027326	ENSG00000137812	ortholog_one2one	1
Knop1	ENSMUSG00000030980	ENSG00000103550	ortholog_one2one	1
Knstrn	ENSMUSG00000027331	ENSG00000128944	ortholog_one2one	1
Kntc1	ENSMUSG00000029414	ENSG00000184445	ortholog_one2one	1
Kplce	ENSMUSG00000090314	ENSG00000198854	ortholog_one2one	1
Kpna1	ENSMUSG00000022905	ENSG00000114030	ortholog_one2one	1
Kpna3	ENSMUSG00000021929	ENSG00000102753	ortholog_one2one	1
Kpna4	ENSMUSG00000027782	ENSG00000186432	ortholog_one2one	1
Kpna6	ENSMUSG00000003731	ENSG00000025800	ortholog_one2one	1
Kpna7	ENSMUSG00000038770	ENSG00000185467	ortholog_one2one	1
Kpnb1	ENSMUSG00000001440	ENSG00000108424	ortholog_one2one	1
Kprp	ENSMUSG00000059832	ENSG00000203786	ortholog_one2one	1
Kptn	ENSMUSG00000006021	ENSG00000118162	ortholog_one2one	1
Kras	ENSMUSG00000030265	ENSG00000133703	ortholog_one2one	1
Krba1	ENSMUSG00000042810	ENSG00000133619	ortholog_one2one	1
Krcc1	ENSMUSG00000053012	ENSG00000172086	ortholog_one2one	1
Kremen1	ENSMUSG00000020393	ENSG00000183762	ortholog_one2one	1
Kremen2	ENSMUSG00000040680	ENSG00000131650	ortholog_one2one	1
Kri1	ENSMUSG00000035047	ENSG00000129347	ortholog_one2one	1
Krit1	ENSMUSG00000000600	ENSG00000001631	ortholog_one2one	1
Krr1	ENSMUSG00000063334	ENSG00000111615	ortholog_one2one	1
Krt1	ENSMUSG00000046834	ENSG00000167768	ortholog_one2one	1
Krt10	ENSMUSG00000019761	ENSG00000186395	ortholog_one2one	1
Krt12	ENSMUSG00000020912	ENSG00000187242	ortholog_one2one	1
Krt14	ENSMUSG00000045545	ENSG00000186847	ortholog_one2one	1
Krt15	ENSMUSG00000054146	ENSG00000171346	ortholog_one2one	1
Krt16	ENSMUSG00000053797	ENSG00000186832	ortholog_one2one	1
Krt17	ENSMUSG00000035557	ENSG00000128422	ortholog_one2one	1
Krt18	ENSMUSG00000023043	ENSG00000111057	ortholog_one2one	1
Krt19	ENSMUSG00000020911	ENSG00000171345	ortholog_one2one	1
Krt2	ENSMUSG00000064201	ENSG00000172867	ortholog_one2one	1
Krt20	ENSMUSG00000035775	ENSG00000171431	ortholog_one2one	1
Krt222	ENSMUSG00000035849	ENSG00000213424	ortholog_one2one	1
Krt23	ENSMUSG00000006777	ENSG00000108244	ortholog_one2one	1
Krt24	ENSMUSG00000020913	ENSG00000167916	ortholog_one2one	1
Krt25	ENSMUSG00000035831	ENSG00000204897	ortholog_one2one	1
Krt26	ENSMUSG00000075570	ENSG00000186393	ortholog_one2one	1
Krt27	ENSMUSG00000017588	ENSG00000171446	ortholog_one2one	1
Krt28	ENSMUSG00000055937	ENSG00000173908	ortholog_one2one	1
Krt32	ENSMUSG00000046095	ENSG00000108759	ortholog_one2one	1
Krt34	ENSMUSG00000043485	ENSG00000131737	ortholog_one2one	1
Krt35	ENSMUSG00000048013	ENSG00000197079	ortholog_one2one	1
Krt36	ENSMUSG00000020916	ENSG00000126337	ortholog_one2one	1
Krt39	ENSMUSG00000064165	ENSG00000196859	ortholog_one2one	1
Krt4	ENSMUSG00000059668	ENSG00000170477	ortholog_one2one	1
Krt40	ENSMUSG00000059169	ENSG00000204889	ortholog_one2one	1
Krt7	ENSMUSG00000023039	ENSG00000135480	ortholog_one2one	1
Krt71	ENSMUSG00000051879	ENSG00000139648	ortholog_one2one	1
Krt72	ENSMUSG00000056605	ENSG00000170486	ortholog_one2one	1
Krt73	ENSMUSG00000063661	ENSG00000186049	ortholog_one2one	1
Krt75	ENSMUSG00000022986	ENSG00000170454	ortholog_one2one	1
Krt76	ENSMUSG00000075402	ENSG00000185069	ortholog_one2one	1
Krt77	ENSMUSG00000067594	ENSG00000189182	ortholog_one2one	1
Krt79	ENSMUSG00000061397	ENSG00000185640	ortholog_one2one	1
Krt8	ENSMUSG00000049382	ENSG00000170421	ortholog_one2one	1
Krt80	ENSMUSG00000037185	ENSG00000167767	ortholog_one2one	1
Krt82	ENSMUSG00000049548	ENSG00000161850	ortholog_one2one	1
Krt84	ENSMUSG00000044294	ENSG00000161849	ortholog_one2one	1
Krt85	ENSMUSG00000116336	ENSG00000135443	ortholog_one2one	1
Krt9	ENSMUSG00000051617	ENSG00000171403	ortholog_one2one	1
Krtap11-1	ENSMUSG00000091212	ENSG00000182591	ortholog_one2one	1
Krtap16-1	ENSMUSG00000078253	ENSG00000212657	ortholog_one2one	1
Krtap24-1	ENSMUSG00000050239	ENSG00000188694	ortholog_one2one	1
Krtap26-1	ENSMUSG00000071471	ENSG00000197683	ortholog_one2one	1
Krtap27-1	ENSMUSG00000090515	ENSG00000206107	ortholog_one2one	1
Krtap3-1	ENSMUSG00000047564	ENSG00000212901	ortholog_one2one	1
Krtap7-1	ENSMUSG00000056706	ENSG00000274749	ortholog_one2one	1
Krtap8-1	ENSMUSG00000059632	ENSG00000183640	ortholog_one2one	1
Krtcap2	ENSMUSG00000042747	ENSG00000163463	ortholog_one2one	1
Krtcap3	ENSMUSG00000029149	ENSG00000157992	ortholog_one2one	1
Krtdap	ENSMUSG00000074199	ENSG00000188508	ortholog_one2one	1
Ksr1	ENSMUSG00000018334	ENSG00000141068	ortholog_one2one	1
Ksr2	ENSMUSG00000061578	ENSG00000171435	ortholog_one2one	1
Kti12	ENSMUSG00000073775	ENSG00000198841	ortholog_one2one	1
Ktn1	ENSMUSG00000021843	ENSG00000126777	ortholog_one2one	1
Kxd1	ENSMUSG00000055553	ENSG00000105700	ortholog_one2one	1
Ky	ENSMUSG00000035606	ENSG00000174611	ortholog_one2one	1
Kyat1	ENSMUSG00000039648	ENSG00000171097	ortholog_one2one	1
Kyat3	ENSMUSG00000040213	ENSG00000137944	ortholog_one2one	1
Kynu	ENSMUSG00000026866	ENSG00000115919	ortholog_one2one	1
L1cam	ENSMUSG00000031391	ENSG00000198910	ortholog_one2one	1
L2hgdh	ENSMUSG00000020988	ENSG00000087299	ortholog_one2one	1
L3hypdh	ENSMUSG00000019718	ENSG00000126790	ortholog_one2one	1
L3mbtl1	ENSMUSG00000035576	ENSG00000185513	ortholog_one2one	1
L3mbtl2	ENSMUSG00000022394	ENSG00000100395	ortholog_one2one	1
L3mbtl3	ENSMUSG00000039089	ENSG00000198945	ortholog_one2one	1
L3mbtl4	ENSMUSG00000041565	ENSG00000154655	ortholog_one2one	1
LINC03051	ENSMUSG00000121927	ENSG00000239268	ortholog_one2one	1
LTO1	ENSMUSG00000031072	ENSG00000149716	ortholog_one2one	1
Lacc1	ENSMUSG00000044350	ENSG00000179630	ortholog_one2one	1
Lactb	ENSMUSG00000032370	ENSG00000103642	ortholog_one2one	1
Lactb2	ENSMUSG00000025937	ENSG00000147592	ortholog_one2one	1
Lactbl1	ENSMUSG00000070683	ENSG00000215906	ortholog_one2one	1
Lad1	ENSMUSG00000041782	ENSG00000159166	ortholog_one2one	1
Lag3	ENSMUSG00000030124	ENSG00000089692	ortholog_one2one	1
Lalba	ENSMUSG00000022991	ENSG00000167531	ortholog_one2one	1
Lama1	ENSMUSG00000032796	ENSG00000101680	ortholog_one2one	1
Lama2	ENSMUSG00000019899	ENSG00000196569	ortholog_one2one	1
Lama3	ENSMUSG00000024421	ENSG00000053747	ortholog_one2one	1
Lama4	ENSMUSG00000019846	ENSG00000112769	ortholog_one2one	1
Lama5	ENSMUSG00000015647	ENSG00000130702	ortholog_one2one	1
Lamb1	ENSMUSG00000002900	ENSG00000091136	ortholog_one2one	1
Lamb2	ENSMUSG00000052911	ENSG00000172037	ortholog_one2one	1
Lamb3	ENSMUSG00000026639	ENSG00000196878	ortholog_one2one	1
Lamc1	ENSMUSG00000026478	ENSG00000135862	ortholog_one2one	1
Lamc2	ENSMUSG00000026479	ENSG00000058085	ortholog_one2one	1
Lamc3	ENSMUSG00000026840	ENSG00000050555	ortholog_one2one	1
Lamp1	ENSMUSG00000031447	ENSG00000185896	ortholog_one2one	1
Lamp2	ENSMUSG00000016534	ENSG00000005893	ortholog_one2one	1
Lamp5	ENSMUSG00000027270	ENSG00000125869	ortholog_one2one	1
Lamtor1	ENSMUSG00000030842	ENSG00000149357	ortholog_one2one	1
Lamtor2	ENSMUSG00000028062	ENSG00000116586	ortholog_one2one	1
Lamtor3	ENSMUSG00000091512	ENSG00000109270	ortholog_one2one	1
Lamtor5	ENSMUSG00000087260	ENSG00000134248	ortholog_one2one	1
Lancl1	ENSMUSG00000026000	ENSG00000115365	ortholog_one2one	1
Lancl2	ENSMUSG00000062190	ENSG00000132434	ortholog_one2one	1
Lancl3	ENSMUSG00000047344	ENSG00000147036	ortholog_one2one	1
Lap3	ENSMUSG00000039682	ENSG00000002549	ortholog_one2one	1
Laptm4a	ENSMUSG00000020585	ENSG00000068697	ortholog_one2one	1
Laptm4b	ENSMUSG00000022257	ENSG00000104341	ortholog_one2one	1
Laptm5	ENSMUSG00000028581	ENSG00000162511	ortholog_one2one	1
Large1	ENSMUSG00000004383	ENSG00000133424	ortholog_one2one	1
Large2	ENSMUSG00000040434	ENSG00000165905	ortholog_one2one	1
Larp1	ENSMUSG00000037331	ENSG00000155506	ortholog_one2one	1
Larp4	ENSMUSG00000023025	ENSG00000161813	ortholog_one2one	1
Larp6	ENSMUSG00000034839	ENSG00000166173	ortholog_one2one	1
Lars1	ENSMUSG00000024493	ENSG00000133706	ortholog_one2one	1
Lars2	ENSMUSG00000035202	ENSG00000011376	ortholog_one2one	1
Las1l	ENSMUSG00000057421	ENSG00000001497	ortholog_one2one	1
Lasp1	ENSMUSG00000038366	ENSG00000002834	ortholog_one2one	1
Lat	ENSMUSG00000030742	ENSG00000213658	ortholog_one2one	1
Lat2	ENSMUSG00000040751	ENSG00000086730	ortholog_one2one	1
Lats1	ENSMUSG00000040021	ENSG00000131023	ortholog_one2one	1
Lats2	ENSMUSG00000021959	ENSG00000150457	ortholog_one2one	1
Lax1	ENSMUSG00000051998	ENSG00000122188	ortholog_one2one	1
Layn	ENSMUSG00000060594	ENSG00000204381	ortholog_one2one	1
Lbh	ENSMUSG00000024063	ENSG00000213626	ortholog_one2one	1
Lbp	ENSMUSG00000016024	ENSG00000129988	ortholog_one2one	1
Lbr	ENSMUSG00000004880	ENSG00000143815	ortholog_one2one	1
Lbx1	ENSMUSG00000025216	ENSG00000138136	ortholog_one2one	1
Lbx2	ENSMUSG00000034968	ENSG00000179528	ortholog_one2one	1
Lca5	ENSMUSG00000032258	ENSG00000135338	ortholog_one2one	1
Lca5l	ENSMUSG00000045275	ENSG00000157578	ortholog_one2one	1
Lcat	ENSMUSG00000035237	ENSG00000213398	ortholog_one2one	1
Lck	ENSMUSG00000000409	ENSG00000182866	ortholog_one2one	1
Lclat1	ENSMUSG00000054469	ENSG00000172954	ortholog_one2one	1
Lcmt1	ENSMUSG00000030763	ENSG00000205629	ortholog_one2one	1
Lcmt2	ENSMUSG00000074890	ENSG00000168806	ortholog_one2one	1
Lcn10	ENSMUSG00000047356	ENSG00000187922	ortholog_one2one	1
Lcn12	ENSMUSG00000026943	ENSG00000184925	ortholog_one2one	1
Lcn2	ENSMUSG00000026822	ENSG00000148346	ortholog_one2one	1
Lcn6	ENSMUSG00000045684	ENSG00000267206	ortholog_one2one	1
Lcn8	ENSMUSG00000036449	ENSG00000204001	ortholog_one2one	1
Lcor	ENSMUSG00000025019	ENSG00000196233	ortholog_one2one	1
Lcorl	ENSMUSG00000015882	ENSG00000178177	ortholog_one2one	1
Lcp1	ENSMUSG00000021998	ENSG00000136167	ortholog_one2one	1
Lcp2	ENSMUSG00000002699	ENSG00000043462	ortholog_one2one	1
Lct	ENSMUSG00000026354	ENSG00000115850	ortholog_one2one	1
Lctl	ENSMUSG00000032401	ENSG00000188501	ortholog_one2one	1
Ldaf1	ENSMUSG00000030917	ENSG00000011638	ortholog_one2one	1
Ldah	ENSMUSG00000037669	ENSG00000118961	ortholog_one2one	1
Ldb1	ENSMUSG00000025223	ENSG00000198728	ortholog_one2one	1
Ldb2	ENSMUSG00000039706	ENSG00000169744	ortholog_one2one	1
Ldb3	ENSMUSG00000021798	ENSG00000122367	ortholog_one2one	1
Ldha	ENSMUSG00000063229	ENSG00000134333	ortholog_one2one	1
Ldhal6b	ENSMUSG00000101959	ENSG00000171989	ortholog_one2one	1
Ldhb	ENSMUSG00000030246	ENSG00000111716	ortholog_one2one	1
Ldhc	ENSMUSG00000030851	ENSG00000166796	ortholog_one2one	1
Ldhd	ENSMUSG00000031958	ENSG00000166816	ortholog_one2one	1
Ldlr	ENSMUSG00000032193	ENSG00000130164	ortholog_one2one	1
Ldlrad1	ENSMUSG00000070877	ENSG00000203985	ortholog_one2one	1
Ldlrad2	ENSMUSG00000094035	ENSG00000187942	ortholog_one2one	1
Ldlrad3	ENSMUSG00000048058	ENSG00000179241	ortholog_one2one	1
Ldlrad4	ENSMUSG00000024544	ENSG00000168675	ortholog_one2one	1
Ldlrap1	ENSMUSG00000037295	ENSG00000157978	ortholog_one2one	1
Ldoc1	ENSMUSG00000057615	ENSG00000182195	ortholog_one2one	1
Leap2	ENSMUSG00000036216	ENSG00000164406	ortholog_one2one	1
Lect2	ENSMUSG00000021539	ENSG00000145826	ortholog_one2one	1
Lef1	ENSMUSG00000027985	ENSG00000138795	ortholog_one2one	1
Lekr1	ENSMUSG00000074579	ENSG00000197980	ortholog_one2one	1
Lemd1	ENSMUSG00000079330	ENSG00000186007	ortholog_one2one	1
Lemd2	ENSMUSG00000044857	ENSG00000161904	ortholog_one2one	1
Lemd3	ENSMUSG00000048661	ENSG00000174106	ortholog_one2one	1
Lenep	ENSMUSG00000078173	ENSG00000163352	ortholog_one2one	1
Leng1	ENSMUSG00000078813	ENSG00000105617	ortholog_one2one	1
Leng8	ENSMUSG00000035545	ENSG00000167615	ortholog_one2one	1
Leng9	ENSMUSG00000043432	ENSG00000275183	ortholog_one2one	1
Leo1	ENSMUSG00000042487	ENSG00000166477	ortholog_one2one	1
Lep	ENSMUSG00000059201	ENSG00000174697	ortholog_one2one	1
Lepr	ENSMUSG00000057722	ENSG00000116678	ortholog_one2one	1
Leprot	ENSMUSG00000035212	ENSG00000213625	ortholog_one2one	1
Leprotl1	ENSMUSG00000031513	ENSG00000104660	ortholog_one2one	1
Letm1	ENSMUSG00000005299	ENSG00000168924	ortholog_one2one	1
Letm2	ENSMUSG00000037363	ENSG00000165046	ortholog_one2one	1
Letmd1	ENSMUSG00000037353	ENSG00000050426	ortholog_one2one	1
Lfng	ENSMUSG00000029570	ENSG00000106003	ortholog_one2one	1
Lgals1	ENSMUSG00000068220	ENSG00000100097	ortholog_one2one	1
Lgals12	ENSMUSG00000024972	ENSG00000133317	ortholog_one2one	1
Lgals2	ENSMUSG00000043501	ENSG00000100079	ortholog_one2one	1
Lgals3	ENSMUSG00000050335	ENSG00000131981	ortholog_one2one	1
Lgals3bp	ENSMUSG00000033880	ENSG00000108679	ortholog_one2one	1
Lgals4	ENSMUSG00000053964	ENSG00000171747	ortholog_one2one	1
Lgals8	ENSMUSG00000057554	ENSG00000116977	ortholog_one2one	1
Lgi1	ENSMUSG00000067242	ENSG00000108231	ortholog_one2one	1
Lgi2	ENSMUSG00000039252	ENSG00000153012	ortholog_one2one	1
Lgi3	ENSMUSG00000033595	ENSG00000168481	ortholog_one2one	1
Lgi4	ENSMUSG00000036560	ENSG00000153902	ortholog_one2one	1
Lgmn	ENSMUSG00000021190	ENSG00000100600	ortholog_one2one	1
Lgr4	ENSMUSG00000050199	ENSG00000205213	ortholog_one2one	1
Lgr5	ENSMUSG00000020140	ENSG00000139292	ortholog_one2one	1
Lgr6	ENSMUSG00000042793	ENSG00000133067	ortholog_one2one	1
Lgsn	ENSMUSG00000050217	ENSG00000146166	ortholog_one2one	1
Lhcgr	ENSMUSG00000024107	ENSG00000138039	ortholog_one2one	1
Lhfpl1	ENSMUSG00000041700	ENSG00000182508	ortholog_one2one	1
Lhfpl2	ENSMUSG00000045312	ENSG00000145685	ortholog_one2one	1
Lhfpl3	ENSMUSG00000106379	ENSG00000187416	ortholog_one2one	1
Lhfpl4	ENSMUSG00000042873	ENSG00000156959	ortholog_one2one	1
Lhfpl5	ENSMUSG00000062252	ENSG00000197753	ortholog_one2one	1
Lhfpl6	ENSMUSG00000048332	ENSG00000183722	ortholog_one2one	1
Lhfpl7	ENSMUSG00000066964	ENSG00000206069	ortholog_one2one	1
Lhpp	ENSMUSG00000030946	ENSG00000107902	ortholog_one2one	1
Lhx1	ENSMUSG00000018698	ENSG00000273706	ortholog_one2one	1
Lhx2	ENSMUSG00000000247	ENSG00000106689	ortholog_one2one	1
Lhx3	ENSMUSG00000026934	ENSG00000107187	ortholog_one2one	1
Lhx4	ENSMUSG00000026468	ENSG00000121454	ortholog_one2one	1
Lhx5	ENSMUSG00000029595	ENSG00000089116	ortholog_one2one	1
Lhx6	ENSMUSG00000026890	ENSG00000106852	ortholog_one2one	1
Lhx8	ENSMUSG00000096225	ENSG00000162624	ortholog_one2one	1
Lhx9	ENSMUSG00000019230	ENSG00000143355	ortholog_one2one	1
Lias	ENSMUSG00000029199	ENSG00000121897	ortholog_one2one	1
Lif	ENSMUSG00000034394	ENSG00000128342	ortholog_one2one	1
Lifr	ENSMUSG00000054263	ENSG00000113594	ortholog_one2one	1
Lig1	ENSMUSG00000056394	ENSG00000105486	ortholog_one2one	1
Lig3	ENSMUSG00000020697	ENSG00000005156	ortholog_one2one	1
Lig4	ENSMUSG00000049717	ENSG00000174405	ortholog_one2one	1
Lim2	ENSMUSG00000118560	ENSG00000105370	ortholog_one2one	1
Lima1	ENSMUSG00000023022	ENSG00000050405	ortholog_one2one	1
Limch1	ENSMUSG00000037736	ENSG00000064042	ortholog_one2one	1
Limd1	ENSMUSG00000025239	ENSG00000144791	ortholog_one2one	1
Limd2	ENSMUSG00000040699	ENSG00000136490	ortholog_one2one	1
Lime1	ENSMUSG00000090077	ENSG00000203896	ortholog_one2one	1
Limk1	ENSMUSG00000029674	ENSG00000106683	ortholog_one2one	1
Limk2	ENSMUSG00000020451	ENSG00000182541	ortholog_one2one	1
Lims2	ENSMUSG00000024395	ENSG00000072163	ortholog_one2one	1
Lin28a	ENSMUSG00000050966	ENSG00000131914	ortholog_one2one	1
Lin28b	ENSMUSG00000063804	ENSG00000187772	ortholog_one2one	1
Lin37	ENSMUSG00000036845	ENSG00000267796	ortholog_one2one	1
Lin52	ENSMUSG00000085793	ENSG00000205659	ortholog_one2one	1
Lin54	ENSMUSG00000118665	ENSG00000189308	ortholog_one2one	1
Lin7a	ENSMUSG00000019906	ENSG00000111052	ortholog_one2one	1
Lin7b	ENSMUSG00000003872	ENSG00000104863	ortholog_one2one	1
Lin7c	ENSMUSG00000027162	ENSG00000148943	ortholog_one2one	1
Lin9	ENSMUSG00000058729	ENSG00000183814	ortholog_one2one	1
Lingo1	ENSMUSG00000049556	ENSG00000169783	ortholog_one2one	1
Lingo2	ENSMUSG00000045083	ENSG00000174482	ortholog_one2one	1
Lingo3	ENSMUSG00000051067	ENSG00000220008	ortholog_one2one	1
Lingo4	ENSMUSG00000044505	ENSG00000213171	ortholog_one2one	1
Lins1	ENSMUSG00000053091	ENSG00000140471	ortholog_one2one	1
Lipa	ENSMUSG00000024781	ENSG00000107798	ortholog_one2one	1
Lipc	ENSMUSG00000032207	ENSG00000166035	ortholog_one2one	1
Lipe	ENSMUSG00000003123	ENSG00000079435	ortholog_one2one	1
Lipf	ENSMUSG00000024768	ENSG00000182333	ortholog_one2one	1
Lipg	ENSMUSG00000053846	ENSG00000101670	ortholog_one2one	1
Liph	ENSMUSG00000044626	ENSG00000163898	ortholog_one2one	1
Lipi	ENSMUSG00000032948	ENSG00000188992	ortholog_one2one	1
Lipk	ENSMUSG00000024771	ENSG00000204021	ortholog_one2one	1
Lipm	ENSMUSG00000056078	ENSG00000173239	ortholog_one2one	1
Lipn	ENSMUSG00000024770	ENSG00000204020	ortholog_one2one	1
Lipt1	ENSMUSG00000037216	ENSG00000144182	ortholog_one2one	1
Lipt2	ENSMUSG00000030725	ENSG00000175536	ortholog_one2one	1
Litaf	ENSMUSG00000022500	ENSG00000189067	ortholog_one2one	1
Litafd	ENSMUSG00000107252	ENSG00000283516	ortholog_one2one	1
Lix1	ENSMUSG00000047786	ENSG00000145721	ortholog_one2one	1
Lix1l	ENSMUSG00000049288	ENSG00000271601	ortholog_one2one	1
Lkaaear1	ENSMUSG00000045794	ENSG00000171695	ortholog_one2one	1
Llgl1	ENSMUSG00000020536	ENSG00000131899	ortholog_one2one	1
Llgl2	ENSMUSG00000020782	ENSG00000073350	ortholog_one2one	1
Llph	ENSMUSG00000020224	ENSG00000139233	ortholog_one2one	1
Lman1	ENSMUSG00000041891	ENSG00000074695	ortholog_one2one	1
Lman1l	ENSMUSG00000056271	ENSG00000140506	ortholog_one2one	1
Lman2	ENSMUSG00000021484	ENSG00000169223	ortholog_one2one	1
Lman2l	ENSMUSG00000001143	ENSG00000114988	ortholog_one2one	1
Lmbr1	ENSMUSG00000010721	ENSG00000105983	ortholog_one2one	1
Lmbr1l	ENSMUSG00000022999	ENSG00000139636	ortholog_one2one	1
Lmbrd1	ENSMUSG00000073725	ENSG00000168216	ortholog_one2one	1
Lmbrd2	ENSMUSG00000039704	ENSG00000164187	ortholog_one2one	1
Lmcd1	ENSMUSG00000057604	ENSG00000071282	ortholog_one2one	1
Lmf1	ENSMUSG00000002279	ENSG00000103227	ortholog_one2one	1
Lmf2	ENSMUSG00000022614	ENSG00000100258	ortholog_one2one	1
Lmln	ENSMUSG00000022802	ENSG00000185621	ortholog_one2one	1
Lmna	ENSMUSG00000028063	ENSG00000160789	ortholog_one2one	1
Lmnb1	ENSMUSG00000024590	ENSG00000113368	ortholog_one2one	1
Lmnb2	ENSMUSG00000062075	ENSG00000176619	ortholog_one2one	1
Lmo1	ENSMUSG00000036111	ENSG00000166407	ortholog_one2one	1
Lmo2	ENSMUSG00000032698	ENSG00000135363	ortholog_one2one	1
Lmo3	ENSMUSG00000030226	ENSG00000048540	ortholog_one2one	1
Lmo4	ENSMUSG00000028266	ENSG00000143013	ortholog_one2one	1
Lmo7	ENSMUSG00000033060	ENSG00000136153	ortholog_one2one	1
Lmod1	ENSMUSG00000048096	ENSG00000163431	ortholog_one2one	1
Lmod2	ENSMUSG00000029683	ENSG00000170807	ortholog_one2one	1
Lmod3	ENSMUSG00000044086	ENSG00000163380	ortholog_one2one	1
Lmtk2	ENSMUSG00000038970	ENSG00000164715	ortholog_one2one	1
Lmtk3	ENSMUSG00000062044	ENSG00000142235	ortholog_one2one	1
Lmx1a	ENSMUSG00000026686	ENSG00000162761	ortholog_one2one	1
Lmx1b	ENSMUSG00000038765	ENSG00000136944	ortholog_one2one	1
Lnp1	ENSMUSG00000109588	ENSG00000206535	ortholog_one2one	1
Lnpep	ENSMUSG00000023845	ENSG00000113441	ortholog_one2one	1
Lnpk	ENSMUSG00000009207	ENSG00000144320	ortholog_one2one	1
Lnx1	ENSMUSG00000029228	ENSG00000072201	ortholog_one2one	1
Lnx2	ENSMUSG00000016520	ENSG00000139517	ortholog_one2one	1
Lonp1	ENSMUSG00000041168	ENSG00000196365	ortholog_one2one	1
Lonp2	ENSMUSG00000047866	ENSG00000102910	ortholog_one2one	1
Lonrf1	ENSMUSG00000039633	ENSG00000154359	ortholog_one2one	1
Lonrf2	ENSMUSG00000048814	ENSG00000170500	ortholog_one2one	1
Lonrf3	ENSMUSG00000016239	ENSG00000175556	ortholog_one2one	1
Lox	ENSMUSG00000024529	ENSG00000113083	ortholog_one2one	1
Loxhd1	ENSMUSG00000032818	ENSG00000167210	ortholog_one2one	1
Loxl1	ENSMUSG00000032334	ENSG00000129038	ortholog_one2one	1
Loxl2	ENSMUSG00000034205	ENSG00000134013	ortholog_one2one	1
Loxl3	ENSMUSG00000000693	ENSG00000115318	ortholog_one2one	1
Loxl4	ENSMUSG00000025185	ENSG00000138131	ortholog_one2one	1
Lpar1	ENSMUSG00000038668	ENSG00000198121	ortholog_one2one	1
Lpar2	ENSMUSG00000031861	ENSG00000064547	ortholog_one2one	1
Lpar3	ENSMUSG00000036832	ENSG00000171517	ortholog_one2one	1
Lpar4	ENSMUSG00000049929	ENSG00000147145	ortholog_one2one	1
Lpar5	ENSMUSG00000067714	ENSG00000184574	ortholog_one2one	1
Lpar6	ENSMUSG00000033446	ENSG00000139679	ortholog_one2one	1
Lpcat1	ENSMUSG00000021608	ENSG00000153395	ortholog_one2one	1
Lpcat2	ENSMUSG00000033192	ENSG00000087253	ortholog_one2one	1
Lpcat3	ENSMUSG00000004270	ENSG00000111684	ortholog_one2one	1
Lpcat4	ENSMUSG00000027134	ENSG00000176454	ortholog_one2one	1
Lpgat1	ENSMUSG00000026623	ENSG00000123684	ortholog_one2one	1
Lpin1	ENSMUSG00000020593	ENSG00000134324	ortholog_one2one	1
Lpin2	ENSMUSG00000024052	ENSG00000101577	ortholog_one2one	1
Lpin3	ENSMUSG00000027412	ENSG00000132793	ortholog_one2one	1
Lpl	ENSMUSG00000015568	ENSG00000175445	ortholog_one2one	1
Lpo	ENSMUSG00000009356	ENSG00000167419	ortholog_one2one	1
Lpp	ENSMUSG00000033306	ENSG00000145012	ortholog_one2one	1
Lpxn	ENSMUSG00000024696	ENSG00000110031	ortholog_one2one	1
Lrat	ENSMUSG00000028003	ENSG00000121207	ortholog_one2one	1
Lratd1	ENSMUSG00000020607	ENSG00000162981	ortholog_one2one	1
Lratd2	ENSMUSG00000072568	ENSG00000168672	ortholog_one2one	1
Lrba	ENSMUSG00000028080	ENSG00000198589	ortholog_one2one	1
Lrch1	ENSMUSG00000068015	ENSG00000136141	ortholog_one2one	1
Lrch2	ENSMUSG00000031290	ENSG00000130224	ortholog_one2one	1
Lrch3	ENSMUSG00000022801	ENSG00000186001	ortholog_one2one	1
Lrch4	ENSMUSG00000093445	ENSG00000077454	ortholog_one2one	1
Lrfn1	ENSMUSG00000030600	ENSG00000128011	ortholog_one2one	1
Lrfn2	ENSMUSG00000040490	ENSG00000156564	ortholog_one2one	1
Lrfn3	ENSMUSG00000036957	ENSG00000126243	ortholog_one2one	1
Lrfn4	ENSMUSG00000045045	ENSG00000173621	ortholog_one2one	1
Lrfn5	ENSMUSG00000035653	ENSG00000165379	ortholog_one2one	1
Lrg1	ENSMUSG00000037095	ENSG00000171236	ortholog_one2one	1
Lrif1	ENSMUSG00000056260	ENSG00000121931	ortholog_one2one	1
Lrig1	ENSMUSG00000030029	ENSG00000144749	ortholog_one2one	1
Lrig2	ENSMUSG00000032913	ENSG00000198799	ortholog_one2one	1
Lrig3	ENSMUSG00000020105	ENSG00000139263	ortholog_one2one	1
Lrit1	ENSMUSG00000041044	ENSG00000148602	ortholog_one2one	1
Lrit2	ENSMUSG00000043418	ENSG00000204033	ortholog_one2one	1
Lrit3	ENSMUSG00000093865	ENSG00000183423	ortholog_one2one	1
Lrmda	ENSMUSG00000063458	ENSG00000148655	ortholog_one2one	1
Lrp1	ENSMUSG00000040249	ENSG00000123384	ortholog_one2one	1
Lrp10	ENSMUSG00000022175	ENSG00000197324	ortholog_one2one	1
Lrp11	ENSMUSG00000019796	ENSG00000120256	ortholog_one2one	1
Lrp12	ENSMUSG00000022305	ENSG00000147650	ortholog_one2one	1
Lrp1b	ENSMUSG00000049252	ENSG00000168702	ortholog_one2one	1
Lrp2	ENSMUSG00000027070	ENSG00000081479	ortholog_one2one	1
Lrp2bp	ENSMUSG00000031637	ENSG00000109771	ortholog_one2one	1
Lrp3	ENSMUSG00000001802	ENSG00000130881	ortholog_one2one	1
Lrp4	ENSMUSG00000027253	ENSG00000134569	ortholog_one2one	1
Lrp5	ENSMUSG00000024913	ENSG00000162337	ortholog_one2one	1
Lrp6	ENSMUSG00000030201	ENSG00000070018	ortholog_one2one	1
Lrp8	ENSMUSG00000028613	ENSG00000157193	ortholog_one2one	1
Lrpap1	ENSMUSG00000029103	ENSG00000163956	ortholog_one2one	1
Lrpprc	ENSMUSG00000024120	ENSG00000138095	ortholog_one2one	1
Lrr1	ENSMUSG00000034883	ENSG00000165501	ortholog_one2one	1
Lrrc1	ENSMUSG00000032352	ENSG00000137269	ortholog_one2one	1
Lrrc10	ENSMUSG00000060187	ENSG00000198812	ortholog_one2one	1
Lrrc10b	ENSMUSG00000090291	ENSG00000204950	ortholog_one2one	1
Lrrc14	ENSMUSG00000033728	ENSG00000160959	ortholog_one2one	1
Lrrc14b	ENSMUSG00000021579	ENSG00000185028	ortholog_one2one	1
Lrrc15	ENSMUSG00000052316	ENSG00000172061	ortholog_one2one	1
Lrrc17	ENSMUSG00000039883	ENSG00000128606	ortholog_one2one	1
Lrrc18	ENSMUSG00000041673	ENSG00000165383	ortholog_one2one	1
Lrrc19	ENSMUSG00000049799	ENSG00000184434	ortholog_one2one	1
Lrrc2	ENSMUSG00000032495	ENSG00000163827	ortholog_one2one	1
Lrrc20	ENSMUSG00000037151	ENSG00000172731	ortholog_one2one	1
Lrrc23	ENSMUSG00000030125	ENSG00000010626	ortholog_one2one	1
Lrrc24	ENSMUSG00000033707	ENSG00000254402	ortholog_one2one	1
Lrrc26	ENSMUSG00000026961	ENSG00000184709	ortholog_one2one	1
Lrrc27	ENSMUSG00000015980	ENSG00000148814	ortholog_one2one	1
Lrrc28	ENSMUSG00000030556	ENSG00000168904	ortholog_one2one	1
Lrrc3	ENSMUSG00000051652	ENSG00000160233	ortholog_one2one	1
Lrrc30	ENSMUSG00000073375	ENSG00000206422	ortholog_one2one	1
Lrrc31	ENSMUSG00000074653	ENSG00000114248	ortholog_one2one	1
Lrrc32	ENSMUSG00000090958	ENSG00000137507	ortholog_one2one	1
Lrrc34	ENSMUSG00000027702	ENSG00000171757	ortholog_one2one	1
Lrrc36	ENSMUSG00000054320	ENSG00000159708	ortholog_one2one	1
Lrrc39	ENSMUSG00000027961	ENSG00000122477	ortholog_one2one	1
Lrrc3b	ENSMUSG00000045201	ENSG00000179796	ortholog_one2one	1
Lrrc3c	ENSMUSG00000086545	ENSG00000204913	ortholog_one2one	1
Lrrc4	ENSMUSG00000049939	ENSG00000128594	ortholog_one2one	1
Lrrc40	ENSMUSG00000063052	ENSG00000066557	ortholog_one2one	1
Lrrc41	ENSMUSG00000028703	ENSG00000132128	ortholog_one2one	1
Lrrc42	ENSMUSG00000028617	ENSG00000116212	ortholog_one2one	1
Lrrc43	ENSMUSG00000063409	ENSG00000158113	ortholog_one2one	1
Lrrc45	ENSMUSG00000025145	ENSG00000169683	ortholog_one2one	1
Lrrc46	ENSMUSG00000020878	ENSG00000141294	ortholog_one2one	1
Lrrc47	ENSMUSG00000029028	ENSG00000130764	ortholog_one2one	1
Lrrc49	ENSMUSG00000047766	ENSG00000137821	ortholog_one2one	1
Lrrc4b	ENSMUSG00000047085	ENSG00000131409	ortholog_one2one	1
Lrrc4c	ENSMUSG00000050587	ENSG00000148948	ortholog_one2one	1
Lrrc51	ENSMUSG00000064307	ENSG00000184154	ortholog_one2one	1
Lrrc52	ENSMUSG00000040485	ENSG00000162763	ortholog_one2one	1
Lrrc55	ENSMUSG00000075224	ENSG00000183908	ortholog_one2one	1
Lrrc56	ENSMUSG00000038637	ENSG00000161328	ortholog_one2one	1
Lrrc57	ENSMUSG00000027286	ENSG00000180979	ortholog_one2one	1
Lrrc58	ENSMUSG00000034158	ENSG00000163428	ortholog_one2one	1
Lrrc59	ENSMUSG00000020869	ENSG00000108829	ortholog_one2one	1
Lrrc61	ENSMUSG00000073096	ENSG00000127399	ortholog_one2one	1
Lrrc69	ENSMUSG00000023151	ENSG00000214954	ortholog_one2one	1
Lrrc7	ENSMUSG00000028176	ENSG00000033122	ortholog_one2one	1
Lrrc71	ENSMUSG00000023084	ENSG00000160838	ortholog_one2one	1
Lrrc73	ENSMUSG00000071073	ENSG00000204052	ortholog_one2one	1
Lrrc74a	ENSMUSG00000059114	ENSG00000100565	ortholog_one2one	1
Lrrc74b	ENSMUSG00000022759	ENSG00000187905	ortholog_one2one	1
Lrrc75a	ENSMUSG00000046417	ENSG00000181350	ortholog_one2one	1
Lrrc75b	ENSMUSG00000046807	ENSG00000178026	ortholog_one2one	1
Lrrc8a	ENSMUSG00000007476	ENSG00000136802	ortholog_one2one	1
Lrrc8b	ENSMUSG00000070639	ENSG00000197147	ortholog_one2one	1
Lrrc8c	ENSMUSG00000054720	ENSG00000171488	ortholog_one2one	1
Lrrc8d	ENSMUSG00000046079	ENSG00000171492	ortholog_one2one	1
Lrrc8e	ENSMUSG00000046589	ENSG00000171017	ortholog_one2one	1
Lrrc9	ENSMUSG00000021090	ENSG00000131951	ortholog_one2one	1
Lrrcc1	ENSMUSG00000027550	ENSG00000133739	ortholog_one2one	1
Lrrd1	ENSMUSG00000040367	ENSG00000240720	ortholog_one2one	1
Lrrfip2	ENSMUSG00000032497	ENSG00000093167	ortholog_one2one	1
Lrriq1	ENSMUSG00000019892	ENSG00000133640	ortholog_one2one	1
Lrriq3	ENSMUSG00000028182	ENSG00000162620	ortholog_one2one	1
Lrriq4	ENSMUSG00000027703	ENSG00000188306	ortholog_one2one	1
Lrrk1	ENSMUSG00000015133	ENSG00000154237	ortholog_one2one	1
Lrrk2	ENSMUSG00000036273	ENSG00000188906	ortholog_one2one	1
Lrrn1	ENSMUSG00000034648	ENSG00000175928	ortholog_one2one	1
Lrrn2	ENSMUSG00000026443	ENSG00000170382	ortholog_one2one	1
Lrrn3	ENSMUSG00000036295	ENSG00000173114	ortholog_one2one	1
Lrrn4	ENSMUSG00000043110	ENSG00000125872	ortholog_one2one	1
Lrrn4cl	ENSMUSG00000071656	ENSG00000177363	ortholog_one2one	1
Lrrtm1	ENSMUSG00000060780	ENSG00000162951	ortholog_one2one	1
Lrrtm2	ENSMUSG00000071862	ENSG00000146006	ortholog_one2one	1
Lrrtm3	ENSMUSG00000042846	ENSG00000198739	ortholog_one2one	1
Lrrtm4	ENSMUSG00000052581	ENSG00000176204	ortholog_one2one	1
Lrsam1	ENSMUSG00000026792	ENSG00000148356	ortholog_one2one	1
Lrtm1	ENSMUSG00000045776	ENSG00000144771	ortholog_one2one	1
Lrtm2	ENSMUSG00000055003	ENSG00000166159	ortholog_one2one	1
Lrwd1	ENSMUSG00000029703	ENSG00000161036	ortholog_one2one	1
Lsamp	ENSMUSG00000061080	ENSG00000185565	ortholog_one2one	1
Lsg1	ENSMUSG00000022538	ENSG00000041802	ortholog_one2one	1
Lsm1	ENSMUSG00000037296	ENSG00000175324	ortholog_one2one	1
Lsm10	ENSMUSG00000050188	ENSG00000181817	ortholog_one2one	1
Lsm11	ENSMUSG00000044847	ENSG00000155858	ortholog_one2one	1
Lsm12	ENSMUSG00000020922	ENSG00000161654	ortholog_one2one	1
Lsm14a	ENSMUSG00000066568	ENSG00000257103	ortholog_one2one	1
Lsm14b	ENSMUSG00000039108	ENSG00000149657	ortholog_one2one	1
Lsm2	ENSMUSG00000007050	ENSG00000204392	ortholog_one2one	1
Lsm3	ENSMUSG00000034192	ENSG00000170860	ortholog_one2one	1
Lsm4	ENSMUSG00000031848	ENSG00000130520	ortholog_one2one	1
Lsm5	ENSMUSG00000091625	ENSG00000106355	ortholog_one2one	1
Lsm7	ENSMUSG00000035215	ENSG00000130332	ortholog_one2one	1
Lsm8	ENSMUSG00000044155	ENSG00000128534	ortholog_one2one	1
Lsmem1	ENSMUSG00000071342	ENSG00000181016	ortholog_one2one	1
Lsmem2	ENSMUSG00000103409	ENSG00000179564	ortholog_one2one	1
Lsp1	ENSMUSG00000018819	ENSG00000130592	ortholog_one2one	1
Lsr	ENSMUSG00000001247	ENSG00000105699	ortholog_one2one	1
Lss	ENSMUSG00000033105	ENSG00000160285	ortholog_one2one	1
Lst1	ENSMUSG00000073412	ENSG00000204482	ortholog_one2one	1
Lta	ENSMUSG00000024402	ENSG00000226979	ortholog_one2one	1
Lta4h	ENSMUSG00000015889	ENSG00000111144	ortholog_one2one	1
Ltb	ENSMUSG00000024399	ENSG00000227507	ortholog_one2one	1
Ltb4r2	ENSMUSG00000040432	ENSG00000213906	ortholog_one2one	1
Ltbp1	ENSMUSG00000001870	ENSG00000049323	ortholog_one2one	1
Ltbp2	ENSMUSG00000002020	ENSG00000119681	ortholog_one2one	1
Ltbp3	ENSMUSG00000024940	ENSG00000168056	ortholog_one2one	1
Ltbp4	ENSMUSG00000040488	ENSG00000090006	ortholog_one2one	1
Ltbr	ENSMUSG00000030339	ENSG00000111321	ortholog_one2one	1
Ltc4s	ENSMUSG00000020377	ENSG00000213316	ortholog_one2one	1
Ltf	ENSMUSG00000032496	ENSG00000012223	ortholog_one2one	1
Ltk	ENSMUSG00000027297	ENSG00000062524	ortholog_one2one	1
Ltn1	ENSMUSG00000052299	ENSG00000198862	ortholog_one2one	1
Ltv1	ENSMUSG00000019814	ENSG00000135521	ortholog_one2one	1
Luc7l	ENSMUSG00000024188	ENSG00000007392	ortholog_one2one	1
Luc7l2	ENSMUSG00000029823	ENSG00000146963	ortholog_one2one	1
Luc7l3	ENSMUSG00000020863	ENSG00000108848	ortholog_one2one	1
Lum	ENSMUSG00000036446	ENSG00000139329	ortholog_one2one	1
Lurap1	ENSMUSG00000028701	ENSG00000171357	ortholog_one2one	1
Lurap1l	ENSMUSG00000048706	ENSG00000153714	ortholog_one2one	1
Luzp1	ENSMUSG00000001089	ENSG00000169641	ortholog_one2one	1
Luzp2	ENSMUSG00000063297	ENSG00000187398	ortholog_one2one	1
Lvrn	ENSMUSG00000024481	ENSG00000172901	ortholog_one2one	1
Lxn	ENSMUSG00000047557	ENSG00000079257	ortholog_one2one	1
Ly6e	ENSMUSG00000022587	ENSG00000160932	ortholog_one2one	1
Ly6g5b	ENSMUSG00000043807	ENSG00000240053	ortholog_one2one	1
Ly6g5c	ENSMUSG00000034482	ENSG00000204428	ortholog_one2one	1
Ly6g6c	ENSMUSG00000092586	ENSG00000204421	ortholog_one2one	1
Ly6g6d	ENSMUSG00000073413	ENSG00000244355	ortholog_one2one	1
Ly6g6f	ENSMUSG00000034923	ENSG00000204424	ortholog_one2one	1
Ly6h	ENSMUSG00000022577	ENSG00000176956	ortholog_one2one	1
Ly75	ENSMUSG00000026980	ENSG00000054219	ortholog_one2one	1
Ly86	ENSMUSG00000021423	ENSG00000112799	ortholog_one2one	1
Ly9	ENSMUSG00000004707	ENSG00000122224	ortholog_one2one	1
Ly96	ENSMUSG00000025779	ENSG00000154589	ortholog_one2one	1
Lyar	ENSMUSG00000067367	ENSG00000145220	ortholog_one2one	1
Lyg1	ENSMUSG00000026085	ENSG00000144214	ortholog_one2one	1
Lyg2	ENSMUSG00000061584	ENSG00000185674	ortholog_one2one	1
Lyl1	ENSMUSG00000034041	ENSG00000104903	ortholog_one2one	1
Lyn	ENSMUSG00000042228	ENSG00000254087	ortholog_one2one	1
Lypd2	ENSMUSG00000022595	ENSG00000197353	ortholog_one2one	1
Lypd3	ENSMUSG00000057454	ENSG00000124466	ortholog_one2one	1
Lypd4	ENSMUSG00000062732	ENSG00000273111	ortholog_one2one	1
Lypd5	ENSMUSG00000030484	ENSG00000159871	ortholog_one2one	1
Lypd6	ENSMUSG00000050447	ENSG00000187123	ortholog_one2one	1
Lypd6b	ENSMUSG00000026765	ENSG00000150556	ortholog_one2one	1
Lypla1	ENSMUSG00000025903	ENSG00000120992	ortholog_one2one	1
Lypla2	ENSMUSG00000028670	ENSG00000011009	ortholog_one2one	1
Lyplal1	ENSMUSG00000039246	ENSG00000143353	ortholog_one2one	1
Lyrm1	ENSMUSG00000030922	ENSG00000102897	ortholog_one2one	1
Lyrm2	ENSMUSG00000045854	ENSG00000083099	ortholog_one2one	1
Lyrm4	ENSMUSG00000046573	ENSG00000214113	ortholog_one2one	1
Lyrm7	ENSMUSG00000020268	ENSG00000186687	ortholog_one2one	1
Lyrm9	ENSMUSG00000072640	ENSG00000232859	ortholog_one2one	1
Lyset	ENSMUSG00000046675	ENSG00000153485	ortholog_one2one	1
Lysmd1	ENSMUSG00000053769	ENSG00000163155	ortholog_one2one	1
Lysmd2	ENSMUSG00000032184	ENSG00000140280	ortholog_one2one	1
Lysmd3	ENSMUSG00000035840	ENSG00000176018	ortholog_one2one	1
Lysmd4	ENSMUSG00000043831	ENSG00000183060	ortholog_one2one	1
Lyst	ENSMUSG00000019726	ENSG00000143669	ortholog_one2one	1
Lyve1	ENSMUSG00000030787	ENSG00000133800	ortholog_one2one	1
Lyzl4	ENSMUSG00000032530	ENSG00000157093	ortholog_one2one	1
Lyzl6	ENSMUSG00000020945	ENSG00000275722	ortholog_one2one	1
Lzic	ENSMUSG00000028990	ENSG00000162441	ortholog_one2one	1
Lztfl1	ENSMUSG00000025245	ENSG00000163818	ortholog_one2one	1
Lztr1	ENSMUSG00000022761	ENSG00000099949	ortholog_one2one	1
Lzts1	ENSMUSG00000036306	ENSG00000061337	ortholog_one2one	1
Lzts2	ENSMUSG00000035342	ENSG00000107816	ortholog_one2one	1
Lzts3	ENSMUSG00000037703	ENSG00000088899	ortholog_one2one	1
M1ap	ENSMUSG00000030041	ENSG00000159374	ortholog_one2one	1
M6pr	ENSMUSG00000007458	ENSG00000003056	ortholog_one2one	1
Mab21l1	ENSMUSG00000056947	ENSG00000180660	ortholog_one2one	1
Mab21l2	ENSMUSG00000057777	ENSG00000181541	ortholog_one2one	1
Mab21l3	ENSMUSG00000044313	ENSG00000173212	ortholog_one2one	1
Mab21l4	ENSMUSG00000034159	ENSG00000172478	ortholog_one2one	1
Macc1	ENSMUSG00000041886	ENSG00000183742	ortholog_one2one	1
Macf1	ENSMUSG00000028649	ENSG00000127603	ortholog_one2one	1
Macir	ENSMUSG00000044768	ENSG00000181751	ortholog_one2one	1
Maco1	ENSMUSG00000028826	ENSG00000204178	ortholog_one2one	1
Macrod1	ENSMUSG00000036278	ENSG00000133315	ortholog_one2one	1
Macrod2	ENSMUSG00000068205	ENSG00000172264	ortholog_one2one	1
Macroh2a1	ENSMUSG00000015937	ENSG00000113648	ortholog_one2one	1
Macroh2a2	ENSMUSG00000020086	ENSG00000099284	ortholog_one2one	1
Mad1l1	ENSMUSG00000029554	ENSG00000002822	ortholog_one2one	1
Mad2l1	ENSMUSG00000029910	ENSG00000164109	ortholog_one2one	1
Mad2l1bp	ENSMUSG00000034509	ENSG00000124688	ortholog_one2one	1
Mad2l2	ENSMUSG00000029003	ENSG00000116670	ortholog_one2one	1
Madd	ENSMUSG00000040687	ENSG00000110514	ortholog_one2one	1
Maea	ENSMUSG00000079562	ENSG00000090316	ortholog_one2one	1
Mael	ENSMUSG00000040629	ENSG00000143194	ortholog_one2one	1
Maf	ENSMUSG00000055435	ENSG00000178573	ortholog_one2one	1
Maf1	ENSMUSG00000022553	ENSG00000179632	ortholog_one2one	1
Mafa	ENSMUSG00000047591	ENSG00000182759	ortholog_one2one	1
Mafb	ENSMUSG00000074622	ENSG00000204103	ortholog_one2one	1
Maff	ENSMUSG00000042622	ENSG00000185022	ortholog_one2one	1
Mafg	ENSMUSG00000051510	ENSG00000197063	ortholog_one2one	1
Mafk	ENSMUSG00000018143	ENSG00000198517	ortholog_one2one	1
Mag	ENSMUSG00000036634	ENSG00000105695	ortholog_one2one	1
Mageb18	ENSMUSG00000067649	ENSG00000176774	ortholog_one2one	1
Maged1	ENSMUSG00000025151	ENSG00000179222	ortholog_one2one	1
Maged2	ENSMUSG00000025268	ENSG00000102316	ortholog_one2one	1
Magee1	ENSMUSG00000031227	ENSG00000198934	ortholog_one2one	1
Magee2	ENSMUSG00000031224	ENSG00000186675	ortholog_one2one	1
Mageh1	ENSMUSG00000047238	ENSG00000187601	ortholog_one2one	1
Magel2	ENSMUSG00000056972	ENSG00000254585	ortholog_one2one	1
Magi1	ENSMUSG00000045095	ENSG00000151276	ortholog_one2one	1
Magi2	ENSMUSG00000040003	ENSG00000187391	ortholog_one2one	1
Magi3	ENSMUSG00000052539	ENSG00000081026	ortholog_one2one	1
Magix	ENSMUSG00000031147	ENSG00000269313	ortholog_one2one	1
Magoh	ENSMUSG00000028609	ENSG00000162385	ortholog_one2one	1
Magohb	ENSMUSG00000030188	ENSG00000111196	ortholog_one2one	1
Magt1	ENSMUSG00000031232	ENSG00000102158	ortholog_one2one	1
Maip1	ENSMUSG00000025971	ENSG00000162972	ortholog_one2one	1
Majin	ENSMUSG00000024786	ENSG00000168070	ortholog_one2one	1
Mak	ENSMUSG00000021363	ENSG00000111837	ortholog_one2one	1
Mak16	ENSMUSG00000031578	ENSG00000198042	ortholog_one2one	1
Mal	ENSMUSG00000027375	ENSG00000172005	ortholog_one2one	1
Mal2	ENSMUSG00000024479	ENSG00000147676	ortholog_one2one	1
Mall	ENSMUSG00000027377	ENSG00000144063	ortholog_one2one	1
Malrd1	ENSMUSG00000075520	ENSG00000204740	ortholog_one2one	1
Malsu1	ENSMUSG00000029815	ENSG00000156928	ortholog_one2one	1
Malt1	ENSMUSG00000032688	ENSG00000172175	ortholog_one2one	1
Mamdc2	ENSMUSG00000033207	ENSG00000165072	ortholog_one2one	1
Mamdc4	ENSMUSG00000026941	ENSG00000177943	ortholog_one2one	1
Maml1	ENSMUSG00000050567	ENSG00000161021	ortholog_one2one	1
Maml2	ENSMUSG00000031925	ENSG00000184384	ortholog_one2one	1
Maml3	ENSMUSG00000061143	ENSG00000196782	ortholog_one2one	1
Mamld1	ENSMUSG00000059401	ENSG00000013619	ortholog_one2one	1
Mamstr	ENSMUSG00000042918	ENSG00000176909	ortholog_one2one	1
Man1a	ENSMUSG00000003746	ENSG00000111885	ortholog_one2one	1
Man1a2	ENSMUSG00000008763	ENSG00000198162	ortholog_one2one	1
Man1b1	ENSMUSG00000036646	ENSG00000177239	ortholog_one2one	1
Man1c1	ENSMUSG00000037306	ENSG00000117643	ortholog_one2one	1
Man2a1	ENSMUSG00000024085	ENSG00000112893	ortholog_one2one	1
Man2a2	ENSMUSG00000038886	ENSG00000196547	ortholog_one2one	1
Man2b1	ENSMUSG00000005142	ENSG00000104774	ortholog_one2one	1
Man2b2	ENSMUSG00000029119	ENSG00000013288	ortholog_one2one	1
Man2c1	ENSMUSG00000032295	ENSG00000140400	ortholog_one2one	1
Manba	ENSMUSG00000028164	ENSG00000109323	ortholog_one2one	1
Manbal	ENSMUSG00000063019	ENSG00000101363	ortholog_one2one	1
Manea	ENSMUSG00000040520	ENSG00000172469	ortholog_one2one	1
Maneal	ENSMUSG00000042763	ENSG00000185090	ortholog_one2one	1
Manf	ENSMUSG00000032575	ENSG00000145050	ortholog_one2one	1
Mansc1	ENSMUSG00000032718	ENSG00000111261	ortholog_one2one	1
Mansc4	ENSMUSG00000072662	ENSG00000205693	ortholog_one2one	1
Maoa	ENSMUSG00000025037	ENSG00000189221	ortholog_one2one	1
Maob	ENSMUSG00000040147	ENSG00000069535	ortholog_one2one	1
Map1a	ENSMUSG00000027254	ENSG00000166963	ortholog_one2one	1
Map1b	ENSMUSG00000052727	ENSG00000131711	ortholog_one2one	1
Map1s	ENSMUSG00000019261	ENSG00000130479	ortholog_one2one	1
Map2	ENSMUSG00000015222	ENSG00000078018	ortholog_one2one	1
Map2k1	ENSMUSG00000004936	ENSG00000169032	ortholog_one2one	1
Map2k2	ENSMUSG00000035027	ENSG00000126934	ortholog_one2one	1
Map2k3	ENSMUSG00000018932	ENSG00000034152	ortholog_one2one	1
Map2k4	ENSMUSG00000033352	ENSG00000065559	ortholog_one2one	1
Map2k5	ENSMUSG00000058444	ENSG00000137764	ortholog_one2one	1
Map2k6	ENSMUSG00000020623	ENSG00000108984	ortholog_one2one	1
Map2k7	ENSMUSG00000002948	ENSG00000076984	ortholog_one2one	1
Map3k1	ENSMUSG00000021754	ENSG00000095015	ortholog_one2one	1
Map3k10	ENSMUSG00000040390	ENSG00000130758	ortholog_one2one	1
Map3k11	ENSMUSG00000004054	ENSG00000173327	ortholog_one2one	1
Map3k12	ENSMUSG00000023050	ENSG00000139625	ortholog_one2one	1
Map3k13	ENSMUSG00000033618	ENSG00000073803	ortholog_one2one	1
Map3k14	ENSMUSG00000020941	ENSG00000006062	ortholog_one2one	1
Map3k15	ENSMUSG00000031303	ENSG00000180815	ortholog_one2one	1
Map3k19	ENSMUSG00000051590	ENSG00000176601	ortholog_one2one	1
Map3k2	ENSMUSG00000024383	ENSG00000169967	ortholog_one2one	1
Map3k20	ENSMUSG00000004085	ENSG00000091436	ortholog_one2one	1
Map3k21	ENSMUSG00000031853	ENSG00000143674	ortholog_one2one	1
Map3k3	ENSMUSG00000020700	ENSG00000198909	ortholog_one2one	1
Map3k4	ENSMUSG00000014426	ENSG00000085511	ortholog_one2one	1
Map3k5	ENSMUSG00000071369	ENSG00000197442	ortholog_one2one	1
Map3k6	ENSMUSG00000028862	ENSG00000142733	ortholog_one2one	1
Map3k7	ENSMUSG00000028284	ENSG00000135341	ortholog_one2one	1
Map3k8	ENSMUSG00000024235	ENSG00000107968	ortholog_one2one	1
Map3k9	ENSMUSG00000042724	ENSG00000006432	ortholog_one2one	1
Map4	ENSMUSG00000032479	ENSG00000047849	ortholog_one2one	1
Map4k1	ENSMUSG00000037337	ENSG00000104814	ortholog_one2one	1
Map4k2	ENSMUSG00000024948	ENSG00000168067	ortholog_one2one	1
Map4k3	ENSMUSG00000024242	ENSG00000011566	ortholog_one2one	1
Map4k4	ENSMUSG00000026074	ENSG00000071054	ortholog_one2one	1
Map4k5	ENSMUSG00000034761	ENSG00000012983	ortholog_one2one	1
Map6	ENSMUSG00000055407	ENSG00000171533	ortholog_one2one	1
Map6d1	ENSMUSG00000041205	ENSG00000180834	ortholog_one2one	1
Map7	ENSMUSG00000019996	ENSG00000135525	ortholog_one2one	1
Map7d1	ENSMUSG00000028849	ENSG00000116871	ortholog_one2one	1
Map7d2	ENSMUSG00000041020	ENSG00000184368	ortholog_one2one	1
Map9	ENSMUSG00000033900	ENSG00000164114	ortholog_one2one	1
Mapk1	ENSMUSG00000063358	ENSG00000100030	ortholog_one2one	1
Mapk10	ENSMUSG00000046709	ENSG00000109339	ortholog_one2one	1
Mapk11	ENSMUSG00000053137	ENSG00000185386	ortholog_one2one	1
Mapk12	ENSMUSG00000022610	ENSG00000188130	ortholog_one2one	1
Mapk13	ENSMUSG00000004864	ENSG00000156711	ortholog_one2one	1
Mapk14	ENSMUSG00000053436	ENSG00000112062	ortholog_one2one	1
Mapk15	ENSMUSG00000063704	ENSG00000181085	ortholog_one2one	1
Mapk3	ENSMUSG00000063065	ENSG00000102882	ortholog_one2one	1
Mapk4	ENSMUSG00000024558	ENSG00000141639	ortholog_one2one	1
Mapk6	ENSMUSG00000042688	ENSG00000069956	ortholog_one2one	1
Mapk7	ENSMUSG00000001034	ENSG00000166484	ortholog_one2one	1
Mapk8	ENSMUSG00000021936	ENSG00000107643	ortholog_one2one	1
Mapk8ip1	ENSMUSG00000027223	ENSG00000121653	ortholog_one2one	1
Mapk8ip2	ENSMUSG00000022619	ENSG00000008735	ortholog_one2one	1
Mapk8ip3	ENSMUSG00000024163	ENSG00000138834	ortholog_one2one	1
Mapk9	ENSMUSG00000020366	ENSG00000050748	ortholog_one2one	1
Mapkap1	ENSMUSG00000038696	ENSG00000119487	ortholog_one2one	1
Mapkapk2	ENSMUSG00000016528	ENSG00000162889	ortholog_one2one	1
Mapkapk3	ENSMUSG00000032577	ENSG00000114738	ortholog_one2one	1
Mapkapk5	ENSMUSG00000029454	ENSG00000089022	ortholog_one2one	1
Mapkbp1	ENSMUSG00000033902	ENSG00000137802	ortholog_one2one	1
Mapre1	ENSMUSG00000027479	ENSG00000101367	ortholog_one2one	1
Mapre2	ENSMUSG00000024277	ENSG00000166974	ortholog_one2one	1
Mapre3	ENSMUSG00000029166	ENSG00000084764	ortholog_one2one	1
Mapt	ENSMUSG00000018411	ENSG00000186868	ortholog_one2one	1
Marchf1	ENSMUSG00000036469	ENSG00000145416	ortholog_one2one	1
Marchf10	ENSMUSG00000078627	ENSG00000173838	ortholog_one2one	1
Marchf11	ENSMUSG00000022269	ENSG00000183654	ortholog_one2one	1
Marchf2	ENSMUSG00000079557	ENSG00000099785	ortholog_one2one	1
Marchf3	ENSMUSG00000032656	ENSG00000173926	ortholog_one2one	1
Marchf4	ENSMUSG00000039372	ENSG00000144583	ortholog_one2one	1
Marchf5	ENSMUSG00000023307	ENSG00000198060	ortholog_one2one	1
Marchf6	ENSMUSG00000039100	ENSG00000145495	ortholog_one2one	1
Marchf7	ENSMUSG00000026977	ENSG00000136536	ortholog_one2one	1
Marchf8	ENSMUSG00000025702	ENSG00000165406	ortholog_one2one	1
Marchf9	ENSMUSG00000040502	ENSG00000139266	ortholog_one2one	1
Marcks	ENSMUSG00000069662	ENSG00000277443	ortholog_one2one	1
Marcksl1	ENSMUSG00000047945	ENSG00000175130	ortholog_one2one	1
Marco	ENSMUSG00000026390	ENSG00000019169	ortholog_one2one	1
Marf1	ENSMUSG00000060657	ENSG00000166783	ortholog_one2one	1
Mark1	ENSMUSG00000026620	ENSG00000116141	ortholog_one2one	1
Mark2	ENSMUSG00000024969	ENSG00000072518	ortholog_one2one	1
Mark3	ENSMUSG00000007411	ENSG00000075413	ortholog_one2one	1
Mark4	ENSMUSG00000030397	ENSG00000007047	ortholog_one2one	1
Mars1	ENSMUSG00000040354	ENSG00000166986	ortholog_one2one	1
Mars2	ENSMUSG00000046994	ENSG00000247626	ortholog_one2one	1
Marveld1	ENSMUSG00000044345	ENSG00000155254	ortholog_one2one	1
Marveld2	ENSMUSG00000021636	ENSG00000152939	ortholog_one2one	1
Marveld3	ENSMUSG00000001672	ENSG00000140832	ortholog_one2one	1
Mas1	ENSMUSG00000068037	ENSG00000130368	ortholog_one2one	1
Masp1	ENSMUSG00000022887	ENSG00000127241	ortholog_one2one	1
Masp2	ENSMUSG00000028979	ENSG00000009724	ortholog_one2one	1
Mast1	ENSMUSG00000053693	ENSG00000105613	ortholog_one2one	1
Mast2	ENSMUSG00000003810	ENSG00000086015	ortholog_one2one	1
Mast3	ENSMUSG00000031833	ENSG00000099308	ortholog_one2one	1
Mast4	ENSMUSG00000034751	ENSG00000069020	ortholog_one2one	1
Mastl	ENSMUSG00000026779	ENSG00000120539	ortholog_one2one	1
Mat1a	ENSMUSG00000037798	ENSG00000151224	ortholog_one2one	1
Mat2a	ENSMUSG00000053907	ENSG00000168906	ortholog_one2one	1
Mat2b	ENSMUSG00000042032	ENSG00000038274	ortholog_one2one	1
Matcap1	ENSMUSG00000014837	ENSG00000196123	ortholog_one2one	1
Matcap2	ENSMUSG00000036411	ENSG00000164542	ortholog_one2one	1
Matk	ENSMUSG00000004933	ENSG00000007264	ortholog_one2one	1
Matn1	ENSMUSG00000040533	ENSG00000162510	ortholog_one2one	1
Matn2	ENSMUSG00000022324	ENSG00000132561	ortholog_one2one	1
Matn3	ENSMUSG00000020583	ENSG00000132031	ortholog_one2one	1
Matn4	ENSMUSG00000016995	ENSG00000124159	ortholog_one2one	1
Matr3	ENSMUSG00000037236	ENSG00000015479	ortholog_one2one	1
Mau2	ENSMUSG00000031858	ENSG00000129933	ortholog_one2one	1
Max	ENSMUSG00000059436	ENSG00000125952	ortholog_one2one	1
Maz	ENSMUSG00000030678	ENSG00000103495	ortholog_one2one	1
Mb	ENSMUSG00000018893	ENSG00000198125	ortholog_one2one	1
Mb21d2	ENSMUSG00000051065	ENSG00000180611	ortholog_one2one	1
Mbd1	ENSMUSG00000024561	ENSG00000141644	ortholog_one2one	1
Mbd2	ENSMUSG00000024513	ENSG00000134046	ortholog_one2one	1
Mbd3	ENSMUSG00000035478	ENSG00000071655	ortholog_one2one	1
Mbd3l1	ENSMUSG00000038691	ENSG00000170948	ortholog_one2one	1
Mbd4	ENSMUSG00000030322	ENSG00000129071	ortholog_one2one	1
Mbd5	ENSMUSG00000036792	ENSG00000204406	ortholog_one2one	1
Mbd6	ENSMUSG00000025409	ENSG00000166987	ortholog_one2one	1
Mbip	ENSMUSG00000021028	ENSG00000151332	ortholog_one2one	1
Mbl2	ENSMUSG00000024863	ENSG00000165471	ortholog_one2one	1
Mblac1	ENSMUSG00000049285	ENSG00000214309	ortholog_one2one	1
Mblac2	ENSMUSG00000051098	ENSG00000176055	ortholog_one2one	1
Mbnl1	ENSMUSG00000027763	ENSG00000152601	ortholog_one2one	1
Mbnl2	ENSMUSG00000022139	ENSG00000139793	ortholog_one2one	1
Mbnl3	ENSMUSG00000036109	ENSG00000076770	ortholog_one2one	1
Mboat1	ENSMUSG00000038732	ENSG00000172197	ortholog_one2one	1
Mboat2	ENSMUSG00000020646	ENSG00000143797	ortholog_one2one	1
Mboat4	ENSMUSG00000071113	ENSG00000177669	ortholog_one2one	1
Mboat7	ENSMUSG00000035596	ENSG00000125505	ortholog_one2one	1
Mbp	ENSMUSG00000041607	ENSG00000197971	ortholog_one2one	1
Mbtd1	ENSMUSG00000059474	ENSG00000011258	ortholog_one2one	1
Mbtps1	ENSMUSG00000031835	ENSG00000140943	ortholog_one2one	1
Mbtps2	ENSMUSG00000046873	ENSG00000012174	ortholog_one2one	1
Mc1r	ENSMUSG00000074037	ENSG00000258839	ortholog_one2one	1
Mc2r	ENSMUSG00000045569	ENSG00000185231	ortholog_one2one	1
Mc3r	ENSMUSG00000038537	ENSG00000124089	ortholog_one2one	1
Mc4r	ENSMUSG00000047259	ENSG00000166603	ortholog_one2one	1
Mc5r	ENSMUSG00000007480	ENSG00000176136	ortholog_one2one	1
Mcam	ENSMUSG00000032135	ENSG00000076706	ortholog_one2one	1
Mcat	ENSMUSG00000048755	ENSG00000100294	ortholog_one2one	1
Mcc	ENSMUSG00000071856	ENSG00000171444	ortholog_one2one	1
Mccc1	ENSMUSG00000027709	ENSG00000078070	ortholog_one2one	1
Mccc2	ENSMUSG00000021646	ENSG00000131844	ortholog_one2one	1
Mcee	ENSMUSG00000033429	ENSG00000124370	ortholog_one2one	1
Mcf2	ENSMUSG00000031139	ENSG00000101977	ortholog_one2one	1
Mcf2l	ENSMUSG00000031442	ENSG00000126217	ortholog_one2one	1
Mcfd2	ENSMUSG00000024150	ENSG00000180398	ortholog_one2one	1
Mchr1	ENSMUSG00000050164	ENSG00000128285	ortholog_one2one	1
Mcidas	ENSMUSG00000074651	ENSG00000234602	ortholog_one2one	1
Mcl1	ENSMUSG00000038612	ENSG00000143384	ortholog_one2one	1
Mcm10	ENSMUSG00000026669	ENSG00000065328	ortholog_one2one	1
Mcm2	ENSMUSG00000002870	ENSG00000073111	ortholog_one2one	1
Mcm3	ENSMUSG00000041859	ENSG00000112118	ortholog_one2one	1
Mcm3ap	ENSMUSG00000001150	ENSG00000160294	ortholog_one2one	1
Mcm4	ENSMUSG00000022673	ENSG00000104738	ortholog_one2one	1
Mcm5	ENSMUSG00000005410	ENSG00000100297	ortholog_one2one	1
Mcm6	ENSMUSG00000026355	ENSG00000076003	ortholog_one2one	1
Mcm7	ENSMUSG00000029730	ENSG00000166508	ortholog_one2one	1
Mcm8	ENSMUSG00000027353	ENSG00000125885	ortholog_one2one	1
Mcm9	ENSMUSG00000058298	ENSG00000111877	ortholog_one2one	1
Mcmbp	ENSMUSG00000048170	ENSG00000197771	ortholog_one2one	1
Mcmdc2	ENSMUSG00000046101	ENSG00000178460	ortholog_one2one	1
Mcoln1	ENSMUSG00000004567	ENSG00000090674	ortholog_one2one	1
Mcoln2	ENSMUSG00000011008	ENSG00000153898	ortholog_one2one	1
Mcoln3	ENSMUSG00000036853	ENSG00000055732	ortholog_one2one	1
Mcph1	ENSMUSG00000039842	ENSG00000147316	ortholog_one2one	1
Mcrip1	ENSMUSG00000061111	ENSG00000225663	ortholog_one2one	1
Mcrip2	ENSMUSG00000025732	ENSG00000172366	ortholog_one2one	1
Mcrs1	ENSMUSG00000037570	ENSG00000187778	ortholog_one2one	1
Mctp1	ENSMUSG00000021596	ENSG00000175471	ortholog_one2one	1
Mctp2	ENSMUSG00000032776	ENSG00000140563	ortholog_one2one	1
Mcts1	ENSMUSG00000000355	ENSG00000232119	ortholog_one2one	1
Mcts2	ENSMUSG00000042814	ENSG00000101898	ortholog_one2one	1
Mcu	ENSMUSG00000009647	ENSG00000156026	ortholog_one2one	1
Mcub	ENSMUSG00000027994	ENSG00000005059	ortholog_one2one	1
Mcur1	ENSMUSG00000021371	ENSG00000050393	ortholog_one2one	1
Mdfi	ENSMUSG00000032717	ENSG00000112559	ortholog_one2one	1
Mdfic	ENSMUSG00000041390	ENSG00000135272	ortholog_one2one	1
Mdfic2	ENSMUSG00000090667	ENSG00000242120	ortholog_one2one	1
Mdga1	ENSMUSG00000043557	ENSG00000112139	ortholog_one2one	1
Mdga2	ENSMUSG00000034912	ENSG00000139915	ortholog_one2one	1
Mdh1	ENSMUSG00000020321	ENSG00000014641	ortholog_one2one	1
Mdh1b	ENSMUSG00000025963	ENSG00000138400	ortholog_one2one	1
Mdh2	ENSMUSG00000019179	ENSG00000146701	ortholog_one2one	1
Mdk	ENSMUSG00000027239	ENSG00000110492	ortholog_one2one	1
Mdm1	ENSMUSG00000020212	ENSG00000111554	ortholog_one2one	1
Mdm2	ENSMUSG00000020184	ENSG00000135679	ortholog_one2one	1
Mdm4	ENSMUSG00000054387	ENSG00000198625	ortholog_one2one	1
Mdn1	ENSMUSG00000058006	ENSG00000112159	ortholog_one2one	1
Me1	ENSMUSG00000032418	ENSG00000065833	ortholog_one2one	1
Me2	ENSMUSG00000024556	ENSG00000082212	ortholog_one2one	1
Me3	ENSMUSG00000030621	ENSG00000151376	ortholog_one2one	1
Mea1	ENSMUSG00000002768	ENSG00000124733	ortholog_one2one	1
Meaf6	ENSMUSG00000028863	ENSG00000163875	ortholog_one2one	1
Meak7	ENSMUSG00000034105	ENSG00000140950	ortholog_one2one	1
Mecom	ENSMUSG00000027684	ENSG00000085276	ortholog_one2one	1
Mecp2	ENSMUSG00000031393	ENSG00000169057	ortholog_one2one	1
Mecr	ENSMUSG00000028910	ENSG00000116353	ortholog_one2one	1
Med1	ENSMUSG00000018160	ENSG00000125686	ortholog_one2one	1
Med10	ENSMUSG00000021598	ENSG00000133398	ortholog_one2one	1
Med11	ENSMUSG00000018923	ENSG00000161920	ortholog_one2one	1
Med12	ENSMUSG00000079487	ENSG00000184634	ortholog_one2one	1
Med12l	ENSMUSG00000056476	ENSG00000144893	ortholog_one2one	1
Med13	ENSMUSG00000034297	ENSG00000108510	ortholog_one2one	1
Med13l	ENSMUSG00000018076	ENSG00000123066	ortholog_one2one	1
Med14	ENSMUSG00000064127	ENSG00000180182	ortholog_one2one	1
Med15	ENSMUSG00000012114	ENSG00000099917	ortholog_one2one	1
Med16	ENSMUSG00000013833	ENSG00000175221	ortholog_one2one	1
Med17	ENSMUSG00000031935	ENSG00000042429	ortholog_one2one	1
Med18	ENSMUSG00000066042	ENSG00000130772	ortholog_one2one	1
Med19	ENSMUSG00000027080	ENSG00000156603	ortholog_one2one	1
Med20	ENSMUSG00000092558	ENSG00000124641	ortholog_one2one	1
Med21	ENSMUSG00000030291	ENSG00000152944	ortholog_one2one	1
Med22	ENSMUSG00000015776	ENSG00000148297	ortholog_one2one	1
Med23	ENSMUSG00000019984	ENSG00000112282	ortholog_one2one	1
Med24	ENSMUSG00000017210	ENSG00000008838	ortholog_one2one	1
Med25	ENSMUSG00000002968	ENSG00000104973	ortholog_one2one	1
Med26	ENSMUSG00000045248	ENSG00000105085	ortholog_one2one	1
Med27	ENSMUSG00000026799	ENSG00000160563	ortholog_one2one	1
Med28	ENSMUSG00000015804	ENSG00000118579	ortholog_one2one	1
Med29	ENSMUSG00000003444	ENSG00000063322	ortholog_one2one	1
Med30	ENSMUSG00000038622	ENSG00000164758	ortholog_one2one	1
Med31	ENSMUSG00000020801	ENSG00000108590	ortholog_one2one	1
Med4	ENSMUSG00000022109	ENSG00000136146	ortholog_one2one	1
Med6	ENSMUSG00000002679	ENSG00000133997	ortholog_one2one	1
Med7	ENSMUSG00000020397	ENSG00000155868	ortholog_one2one	1
Med8	ENSMUSG00000006392	ENSG00000159479	ortholog_one2one	1
Medag	ENSMUSG00000029659	ENSG00000102802	ortholog_one2one	1
Mef2a	ENSMUSG00000030557	ENSG00000068305	ortholog_one2one	1
Mef2b	ENSMUSG00000079033	ENSG00000213999	ortholog_one2one	1
Mef2c	ENSMUSG00000005583	ENSG00000081189	ortholog_one2one	1
Mef2d	ENSMUSG00000001419	ENSG00000116604	ortholog_one2one	1
Megf10	ENSMUSG00000024593	ENSG00000145794	ortholog_one2one	1
Megf11	ENSMUSG00000036466	ENSG00000157890	ortholog_one2one	1
Megf6	ENSMUSG00000057751	ENSG00000162591	ortholog_one2one	1
Megf8	ENSMUSG00000045039	ENSG00000105429	ortholog_one2one	1
Megf9	ENSMUSG00000039270	ENSG00000106780	ortholog_one2one	1
Mei1	ENSMUSG00000068117	ENSG00000167077	ortholog_one2one	1
Mei4	ENSMUSG00000043289	ENSG00000269964	ortholog_one2one	1
Meikin	ENSMUSG00000020332	ENSG00000239642	ortholog_one2one	1
Meiob	ENSMUSG00000024155	ENSG00000162039	ortholog_one2one	1
Meioc	ENSMUSG00000051455	ENSG00000180336	ortholog_one2one	1
Meis1	ENSMUSG00000020160	ENSG00000143995	ortholog_one2one	1
Meis2	ENSMUSG00000027210	ENSG00000134138	ortholog_one2one	1
Melk	ENSMUSG00000035683	ENSG00000165304	ortholog_one2one	1
Meltf	ENSMUSG00000022780	ENSG00000163975	ortholog_one2one	1
Memo1	ENSMUSG00000058704	ENSG00000162959	ortholog_one2one	1
Men1	ENSMUSG00000024947	ENSG00000133895	ortholog_one2one	1
Meox1	ENSMUSG00000001493	ENSG00000005102	ortholog_one2one	1
Meox2	ENSMUSG00000036144	ENSG00000106511	ortholog_one2one	1
Mep1b	ENSMUSG00000024313	ENSG00000141434	ortholog_one2one	1
Mepce	ENSMUSG00000029726	ENSG00000146834	ortholog_one2one	1
Mertk	ENSMUSG00000014361	ENSG00000153208	ortholog_one2one	1
Mesd	ENSMUSG00000038503	ENSG00000117899	ortholog_one2one	1
Mesp1	ENSMUSG00000030544	ENSG00000166823	ortholog_one2one	1
Mesp2	ENSMUSG00000030543	ENSG00000188095	ortholog_one2one	1
Mest	ENSMUSG00000051855	ENSG00000106484	ortholog_one2one	1
Met	ENSMUSG00000009376	ENSG00000105976	ortholog_one2one	1
Metap1	ENSMUSG00000005813	ENSG00000164024	ortholog_one2one	1
Metap1d	ENSMUSG00000041921	ENSG00000172878	ortholog_one2one	1
Metap2	ENSMUSG00000036112	ENSG00000111142	ortholog_one2one	1
Metrn	ENSMUSG00000002274	ENSG00000103260	ortholog_one2one	1
Metrnl	ENSMUSG00000039208	ENSG00000176845	ortholog_one2one	1
Mettl1	ENSMUSG00000006732	ENSG00000037897	ortholog_one2one	1
Mettl13	ENSMUSG00000026694	ENSG00000010165	ortholog_one2one	1
Mettl14	ENSMUSG00000028114	ENSG00000145388	ortholog_one2one	1
Mettl15	ENSMUSG00000057234	ENSG00000169519	ortholog_one2one	1
Mettl16	ENSMUSG00000010554	ENSG00000127804	ortholog_one2one	1
Mettl17	ENSMUSG00000004561	ENSG00000165792	ortholog_one2one	1
Mettl18	ENSMUSG00000041396	ENSG00000171806	ortholog_one2one	1
Mettl21a	ENSMUSG00000025956	ENSG00000144401	ortholog_one2one	1
Mettl21c	ENSMUSG00000047343	ENSG00000139780	ortholog_one2one	1
Mettl22	ENSMUSG00000039345	ENSG00000067365	ortholog_one2one	1
Mettl23	ENSMUSG00000090266	ENSG00000181038	ortholog_one2one	1
Mettl24	ENSMUSG00000045555	ENSG00000053328	ortholog_one2one	1
Mettl25	ENSMUSG00000036009	ENSG00000127720	ortholog_one2one	1
Mettl25b	ENSMUSG00000004896	ENSG00000143303	ortholog_one2one	1
Mettl26	ENSMUSG00000025731	ENSG00000130731	ortholog_one2one	1
Mettl27	ENSMUSG00000040557	ENSG00000165171	ortholog_one2one	1
Mettl3	ENSMUSG00000022160	ENSG00000165819	ortholog_one2one	1
Mettl5	ENSMUSG00000051730	ENSG00000138382	ortholog_one2one	1
Mettl6	ENSMUSG00000021891	ENSG00000206562	ortholog_one2one	1
Mettl8	ENSMUSG00000041975	ENSG00000123600	ortholog_one2one	1
Mettl9	ENSMUSG00000030876	ENSG00000197006	ortholog_one2one	1
Mex3a	ENSMUSG00000074480	ENSG00000254726	ortholog_one2one	1
Mex3b	ENSMUSG00000057706	ENSG00000183496	ortholog_one2one	1
Mex3c	ENSMUSG00000037253	ENSG00000176624	ortholog_one2one	1
Mex3d	ENSMUSG00000048696	ENSG00000181588	ortholog_one2one	1
Mfap2	ENSMUSG00000060572	ENSG00000117122	ortholog_one2one	1
Mfap3	ENSMUSG00000020522	ENSG00000037749	ortholog_one2one	1
Mfap3l	ENSMUSG00000031647	ENSG00000198948	ortholog_one2one	1
Mfap4	ENSMUSG00000042436	ENSG00000166482	ortholog_one2one	1
Mfap5	ENSMUSG00000030116	ENSG00000197614	ortholog_one2one	1
Mff	ENSMUSG00000026150	ENSG00000168958	ortholog_one2one	1
Mfge8	ENSMUSG00000030605	ENSG00000140545	ortholog_one2one	1
Mfhas1	ENSMUSG00000070056	ENSG00000147324	ortholog_one2one	1
Mfn1	ENSMUSG00000027668	ENSG00000171109	ortholog_one2one	1
Mfn2	ENSMUSG00000029020	ENSG00000116688	ortholog_one2one	1
Mfng	ENSMUSG00000018169	ENSG00000100060	ortholog_one2one	1
Mfrp	ENSMUSG00000034739	ENSG00000235718	ortholog_one2one	1
Mfsd1	ENSMUSG00000027775	ENSG00000118855	ortholog_one2one	1
Mfsd10	ENSMUSG00000001082	ENSG00000109736	ortholog_one2one	1
Mfsd11	ENSMUSG00000020818	ENSG00000092931	ortholog_one2one	1
Mfsd12	ENSMUSG00000034854	ENSG00000161091	ortholog_one2one	1
Mfsd13a	ENSMUSG00000025227	ENSG00000138111	ortholog_one2one	1
Mfsd14a	ENSMUSG00000089911	ENSG00000156875	ortholog_one2one	1
Mfsd14b	ENSMUSG00000038212	ENSG00000148110	ortholog_one2one	1
Mfsd2a	ENSMUSG00000028655	ENSG00000168389	ortholog_one2one	1
Mfsd2b	ENSMUSG00000037336	ENSG00000205639	ortholog_one2one	1
Mfsd3	ENSMUSG00000019080	ENSG00000167700	ortholog_one2one	1
Mfsd4a	ENSMUSG00000059149	ENSG00000174514	ortholog_one2one	1
Mfsd5	ENSMUSG00000045665	ENSG00000182544	ortholog_one2one	1
Mfsd6	ENSMUSG00000041439	ENSG00000151690	ortholog_one2one	1
Mfsd6l	ENSMUSG00000048329	ENSG00000185156	ortholog_one2one	1
Mfsd8	ENSMUSG00000025759	ENSG00000164073	ortholog_one2one	1
Mfsd9	ENSMUSG00000041945	ENSG00000135953	ortholog_one2one	1
Mga	ENSMUSG00000033943	ENSG00000174197	ortholog_one2one	1
Mgam	ENSMUSG00000068587	ENSG00000257335	ortholog_one2one	1
Mgam2-ps	ENSMUSG00000102802	ENSG00000257743	ortholog_one2one	1
Mgat1	ENSMUSG00000020346	ENSG00000131446	ortholog_one2one	1
Mgat2	ENSMUSG00000043998	ENSG00000168282	ortholog_one2one	1
Mgat3	ENSMUSG00000042428	ENSG00000128268	ortholog_one2one	1
Mgat4a	ENSMUSG00000026110	ENSG00000071073	ortholog_one2one	1
Mgat4b	ENSMUSG00000036620	ENSG00000161013	ortholog_one2one	1
Mgat4c	ENSMUSG00000019888	ENSG00000182050	ortholog_one2one	1
Mgat4d	ENSMUSG00000035057	ENSG00000205301	ortholog_one2one	1
Mgat5	ENSMUSG00000036155	ENSG00000152127	ortholog_one2one	1
Mgat5b	ENSMUSG00000043857	ENSG00000167889	ortholog_one2one	1
Mgll	ENSMUSG00000033174	ENSG00000074416	ortholog_one2one	1
Mgme1	ENSMUSG00000027424	ENSG00000125871	ortholog_one2one	1
Mgmt	ENSMUSG00000054612	ENSG00000170430	ortholog_one2one	1
Mgrn1	ENSMUSG00000022517	ENSG00000102858	ortholog_one2one	1
Mgst1	ENSMUSG00000008540	ENSG00000008394	ortholog_one2one	1
Mgst2	ENSMUSG00000074604	ENSG00000085871	ortholog_one2one	1
Mgst3	ENSMUSG00000026688	ENSG00000143198	ortholog_one2one	1
Mia	ENSMUSG00000089661	ENSG00000261857	ortholog_one2one	1
Mia3	ENSMUSG00000056050	ENSG00000154305	ortholog_one2one	1
Mib1	ENSMUSG00000024294	ENSG00000101752	ortholog_one2one	1
Mib2	ENSMUSG00000029060	ENSG00000197530	ortholog_one2one	1
Mical1	ENSMUSG00000019823	ENSG00000135596	ortholog_one2one	1
Mical2	ENSMUSG00000038244	ENSG00000133816	ortholog_one2one	1
Mical3	ENSMUSG00000051586	ENSG00000243156	ortholog_one2one	1
Micall1	ENSMUSG00000033039	ENSG00000100139	ortholog_one2one	1
Micall2	ENSMUSG00000036718	ENSG00000164877	ortholog_one2one	1
Micos10	ENSMUSG00000050608	ENSG00000173436	ortholog_one2one	1
Micos13	ENSMUSG00000049760	ENSG00000174917	ortholog_one2one	1
Micu1	ENSMUSG00000020111	ENSG00000107745	ortholog_one2one	1
Micu2	ENSMUSG00000021973	ENSG00000165487	ortholog_one2one	1
Micu3	ENSMUSG00000039478	ENSG00000155970	ortholog_one2one	1
Mid1	ENSMUSG00000035299	ENSG00000101871	ortholog_one2one	1
Mid1ip1	ENSMUSG00000008035	ENSG00000165175	ortholog_one2one	1
Mid2	ENSMUSG00000000266	ENSG00000080561	ortholog_one2one	1
Mideas	ENSMUSG00000042507	ENSG00000156030	ortholog_one2one	1
Midn	ENSMUSG00000035621	ENSG00000167470	ortholog_one2one	1
Mief1	ENSMUSG00000022412	ENSG00000100335	ortholog_one2one	1
Mief2	ENSMUSG00000018599	ENSG00000177427	ortholog_one2one	1
Mien1	ENSMUSG00000002580	ENSG00000141741	ortholog_one2one	1
Mier1	ENSMUSG00000028522	ENSG00000198160	ortholog_one2one	1
Mier2	ENSMUSG00000042570	ENSG00000105556	ortholog_one2one	1
Mier3	ENSMUSG00000032727	ENSG00000155545	ortholog_one2one	1
Mif	ENSMUSG00000033307	ENSG00000240972	ortholog_one2one	1
Mif4gd	ENSMUSG00000020743	ENSG00000125457	ortholog_one2one	1
Miga1	ENSMUSG00000054942	ENSG00000180488	ortholog_one2one	1
Miga2	ENSMUSG00000026858	ENSG00000148343	ortholog_one2one	1
Miip	ENSMUSG00000029022	ENSG00000116691	ortholog_one2one	1
Minar1	ENSMUSG00000039313	ENSG00000169330	ortholog_one2one	1
Minar2	ENSMUSG00000050875	ENSG00000186367	ortholog_one2one	1
Mindy1	ENSMUSG00000038712	ENSG00000143409	ortholog_one2one	1
Mindy2	ENSMUSG00000042444	ENSG00000128923	ortholog_one2one	1
Mindy3	ENSMUSG00000026767	ENSG00000148481	ortholog_one2one	1
Mindy4	ENSMUSG00000038022	ENSG00000106125	ortholog_one2one	1
Mindy4b-ps	ENSMUSG00000101860	ENSG00000214237	ortholog_one2one	1
Mink1	ENSMUSG00000020827	ENSG00000141503	ortholog_one2one	1
Minpp1	ENSMUSG00000024896	ENSG00000107789	ortholog_one2one	1
Mios	ENSMUSG00000042447	ENSG00000164654	ortholog_one2one	1
Miox	ENSMUSG00000022613	ENSG00000100253	ortholog_one2one	1
Mip	ENSMUSG00000025389	ENSG00000135517	ortholog_one2one	1
Mipep	ENSMUSG00000021993	ENSG00000027001	ortholog_one2one	1
Mipol1	ENSMUSG00000047022	ENSG00000151338	ortholog_one2one	1
Mir100	ENSMUSG00000093011	ENSG00000207994	ortholog_one2one	1
Mir101a	ENSMUSG00000065451	ENSG00000199135	ortholog_one2one	1
Mir103-1	ENSMUSG00000065553	ENSG00000199035	ortholog_one2one	1
Mir103-2	ENSMUSG00000065563	ENSG00000199024	ortholog_one2one	1
Mir106b	ENSMUSG00000065514	ENSG00000208036	ortholog_one2one	1
Mir10a	ENSMUSG00000065519	ENSG00000284038	ortholog_one2one	1
Mir10b	ENSMUSG00000065500	ENSG00000207744	ortholog_one2one	1
Mir122	ENSMUSG00000065402	ENSG00000284440	ortholog_one2one	1
Mir1224	ENSMUSG00000080669	ENSG00000221120	ortholog_one2one	1
Mir124a-1	ENSMUSG00000065597	ENSG00000284321	ortholog_one2one	1
Mir124a-2	ENSMUSG00000093073	ENSG00000207816	ortholog_one2one	1
Mir124a-3	ENSMUSG00000065454	ENSG00000207598	ortholog_one2one	1
Mir1251	ENSMUSG00000093227	ENSG00000221479	ortholog_one2one	1
Mir125a	ENSMUSG00000065479	ENSG00000208008	ortholog_one2one	1
Mir125b-1	ENSMUSG00000093354	ENSG00000207971	ortholog_one2one	1
Mir126a	ENSMUSG00000065540	ENSG00000199161	ortholog_one2one	1
Mir127	ENSMUSG00000070076	ENSG00000207608	ortholog_one2one	1
Mir128-1	ENSMUSG00000065520	ENSG00000207654	ortholog_one2one	1
Mir129-1	ENSMUSG00000065469	ENSG00000207705	ortholog_one2one	1
Mir1306	ENSMUSG00000080452	ENSG00000284464	ortholog_one2one	1
Mir130a	ENSMUSG00000065484	ENSG00000208009	ortholog_one2one	1
Mir132	ENSMUSG00000065537	ENSG00000267200	ortholog_one2one	1
Mir133a-1	ENSMUSG00000065399	ENSG00000283927	ortholog_one2one	1
Mir133a-2	ENSMUSG00000065460	ENSG00000284508	ortholog_one2one	1
Mir133b	ENSMUSG00000065480	ENSG00000199080	ortholog_one2one	1
Mir134	ENSMUSG00000065426	ENSG00000207993	ortholog_one2one	1
Mir135a-1	ENSMUSG00000065407	ENSG00000207926	ortholog_one2one	1
Mir135a-2	ENSMUSG00000065524	ENSG00000207586	ortholog_one2one	1
Mir137	ENSMUSG00000065569	ENSG00000284202	ortholog_one2one	1
Mir138-2	ENSMUSG00000065512	ENSG00000207649	ortholog_one2one	1
Mir139	ENSMUSG00000065446	ENSG00000272036	ortholog_one2one	1
Mir140	ENSMUSG00000065439	ENSG00000208017	ortholog_one2one	1
Mir142	ENSMUSG00000105196	ENSG00000284353	ortholog_one2one	1
Mir143	ENSMUSG00000065445	ENSG00000284182	ortholog_one2one	1
Mir144	ENSMUSG00000065401	ENSG00000283819	ortholog_one2one	1
Mir145a	ENSMUSG00000065592	ENSG00000276365	ortholog_one2one	1
Mir146b	ENSMUSG00000070127	ENSG00000202569	ortholog_one2one	1
Mir147	ENSMUSG00000076309	ENSG00000284386	ortholog_one2one	1
Mir148b	ENSMUSG00000065560	ENSG00000199122	ortholog_one2one	1
Mir150	ENSMUSG00000065495	ENSG00000207782	ortholog_one2one	1
Mir151	ENSMUSG00000065612	ENSG00000254324	ortholog_one2one	1
Mir152	ENSMUSG00000065515	ENSG00000207947	ortholog_one2one	1
Mir154	ENSMUSG00000065448	ENSG00000207978	ortholog_one2one	1
Mir155	ENSMUSG00000065397	ENSG00000283904	ortholog_one2one	1
Mir15a	ENSMUSG00000093007	ENSG00000283785	ortholog_one2one	1
Mir15b	ENSMUSG00000065580	ENSG00000207779	ortholog_one2one	1
Mir16-2	ENSMUSG00000065606	ENSG00000198987	ortholog_one2one	1
Mir17	ENSMUSG00000065508	ENSG00000284536	ortholog_one2one	1
Mir18	ENSMUSG00000065403	ENSG00000283815	ortholog_one2one	1
Mir181a-1	ENSMUSG00000065565	ENSG00000207759	ortholog_one2one	1
Mir181b-1	ENSMUSG00000065458	ENSG00000207975	ortholog_one2one	1
Mir181b-2	ENSMUSG00000065578	ENSG00000207737	ortholog_one2one	1
Mir181c	ENSMUSG00000065483	ENSG00000207613	ortholog_one2one	1
Mir183	ENSMUSG00000065619	ENSG00000207691	ortholog_one2one	1
Mir185	ENSMUSG00000065464	ENSG00000208023	ortholog_one2one	1
Mir186	ENSMUSG00000065431	ENSG00000207721	ortholog_one2one	1
Mir187	ENSMUSG00000065532	ENSG00000207797	ortholog_one2one	1
Mir188	ENSMUSG00000065398	ENSG00000207768	ortholog_one2one	1
Mir190a	ENSMUSG00000076379	ENSG00000211137	ortholog_one2one	1
Mir192	ENSMUSG00000065523	ENSG00000283926	ortholog_one2one	1
Mir193a	ENSMUSG00000065395	ENSG00000207614	ortholog_one2one	1
Mir193b	ENSMUSG00000076972	ENSG00000207639	ortholog_one2one	1
Mir194-1	ENSMUSG00000065581	ENSG00000207624	ortholog_one2one	1
Mir195a	ENSMUSG00000065411	ENSG00000284112	ortholog_one2one	1
Mir196a-2	ENSMUSG00000065488	ENSG00000207924	ortholog_one2one	1
Mir196b	ENSMUSG00000065443	ENSG00000283745	ortholog_one2one	1
Mir199a-1	ENSMUSG00000065547	ENSG00000207752	ortholog_one2one	1
Mir199a-2	ENSMUSG00000070126	ENSG00000208024	ortholog_one2one	1
Mir199b	ENSMUSG00000092807	ENSG00000207581	ortholog_one2one	1
Mir19a	ENSMUSG00000065416	ENSG00000284204	ortholog_one2one	1
Mir19b-1	ENSMUSG00000076256	ENSG00000284375	ortholog_one2one	1
Mir19b-2	ENSMUSG00000065473	ENSG00000284107	ortholog_one2one	1
Mir1a-1	ENSMUSG00000070144	ENSG00000199017	ortholog_one2one	1
Mir1a-2	ENSMUSG00000106348	ENSG00000284453	ortholog_one2one	1
Mir200a	ENSMUSG00000065400	ENSG00000207607	ortholog_one2one	1
Mir200b	ENSMUSG00000065549	ENSG00000207730	ortholog_one2one	1
Mir200c	ENSMUSG00000065462	ENSG00000207713	ortholog_one2one	1
Mir203	ENSMUSG00000065574	ENSG00000283165	ortholog_one2one	1
Mir204	ENSMUSG00000065507	ENSG00000207935	ortholog_one2one	1
Mir205	ENSMUSG00000065533	ENSG00000284485	ortholog_one2one	1
Mir206	ENSMUSG00000065559	ENSG00000207604	ortholog_one2one	1
Mir208a	ENSMUSG00000065432	ENSG00000199157	ortholog_one2one	1
Mir208b	ENSMUSG00000077928	ENSG00000215991	ortholog_one2one	1
Mir20a	ENSMUSG00000065442	ENSG00000283762	ortholog_one2one	1
Mir214	ENSMUSG00000065516	ENSG00000283844	ortholog_one2one	1
Mir216a	ENSMUSG00000065539	ENSG00000207798	ortholog_one2one	1
Mir216b	ENSMUSG00000076318	ENSG00000211520	ortholog_one2one	1
Mir218-1	ENSMUSG00000065603	ENSG00000207732	ortholog_one2one	1
Mir218-2	ENSMUSG00000065583	ENSG00000207739	ortholog_one2one	1
Mir219a-2	ENSMUSG00000065485	ENSG00000284185	ortholog_one2one	1
Mir21a	ENSMUSG00000065455	ENSG00000284190	ortholog_one2one	1
Mir22	ENSMUSG00000065529	ENSG00000283824	ortholog_one2one	1
Mir221	ENSMUSG00000065422	ENSG00000207870	ortholog_one2one	1
Mir222	ENSMUSG00000065471	ENSG00000207725	ortholog_one2one	1
Mir223	ENSMUSG00000076066	ENSG00000284567	ortholog_one2one	1
Mir23a	ENSMUSG00000065611	ENSG00000207980	ortholog_one2one	1
Mir23b	ENSMUSG00000065599	ENSG00000207563	ortholog_one2one	1
Mir24-1	ENSMUSG00000105904	ENSG00000284459	ortholog_one2one	1
Mir25	ENSMUSG00000065394	ENSG00000207547	ortholog_one2one	1
Mir26a-1	ENSMUSG00000065513	ENSG00000199075	ortholog_one2one	1
Mir26a-2	ENSMUSG00000065430	ENSG00000207789	ortholog_one2one	1
Mir26b	ENSMUSG00000065468	ENSG00000199121	ortholog_one2one	1
Mir27a	ENSMUSG00000065444	ENSG00000207808	ortholog_one2one	1
Mir27b	ENSMUSG00000065475	ENSG00000207864	ortholog_one2one	1
Mir28a	ENSMUSG00000065494	ENSG00000207651	ortholog_one2one	1
Mir299a	ENSMUSG00000106653	ENSG00000207749	ortholog_one2one	1
Mir29a	ENSMUSG00000065610	ENSG00000284032	ortholog_one2one	1
Mir29b-1	ENSMUSG00000065604	ENSG00000283797	ortholog_one2one	1
Mir29b-2	ENSMUSG00000065412	ENSG00000284203	ortholog_one2one	1
Mir29c	ENSMUSG00000065548	ENSG00000284214	ortholog_one2one	1
Mir301b	ENSMUSG00000076288	ENSG00000212102	ortholog_one2one	1
Mir302c	ENSMUSG00000065482	ENSG00000199102	ortholog_one2one	1
Mir302d	ENSMUSG00000065447	ENSG00000199145	ortholog_one2one	1
Mir30a	ENSMUSG00000065405	ENSG00000207827	ortholog_one2one	1
Mir30b	ENSMUSG00000065476	ENSG00000207582	ortholog_one2one	1
Mir30c-1	ENSMUSG00000065490	ENSG00000207962	ortholog_one2one	1
Mir30c-2	ENSMUSG00000065567	ENSG00000199094	ortholog_one2one	1
Mir30d	ENSMUSG00000065437	ENSG00000199153	ortholog_one2one	1
Mir31	ENSMUSG00000065408	ENSG00000199177	ortholog_one2one	1
Mir32	ENSMUSG00000065544	ENSG00000207698	ortholog_one2one	1
Mir322	ENSMUSG00000065418	ENSG00000284231	ortholog_one2one	1
Mir323	ENSMUSG00000065617	ENSG00000199069	ortholog_one2one	1
Mir326	ENSMUSG00000065571	ENSG00000199090	ortholog_one2one	1
Mir33	ENSMUSG00000065465	ENSG00000207932	ortholog_one2one	1
Mir330	ENSMUSG00000065543	ENSG00000284544	ortholog_one2one	1
Mir331	ENSMUSG00000065607	ENSG00000199172	ortholog_one2one	1
Mir335	ENSMUSG00000065501	ENSG00000199043	ortholog_one2one	1
Mir337	ENSMUSG00000065526	ENSG00000199151	ortholog_one2one	1
Mir339	ENSMUSG00000065593	ENSG00000199023	ortholog_one2one	1
Mir340	ENSMUSG00000065417	ENSG00000198995	ortholog_one2one	1
Mir342	ENSMUSG00000065436	ENSG00000199082	ortholog_one2one	1
Mir345	ENSMUSG00000065429	ENSG00000198984	ortholog_one2one	1
Mir346	ENSMUSG00000065481	ENSG00000199104	ortholog_one2one	1
Mir34a	ENSMUSG00000065493	ENSG00000284357	ortholog_one2one	1
Mir34b	ENSMUSG00000065492	ENSG00000207811	ortholog_one2one	1
Mir34c	ENSMUSG00000065587	ENSG00000207562	ortholog_one2one	1
Mir361	ENSMUSG00000065510	ENSG00000199051	ortholog_one2one	1
Mir3618	ENSMUSG00000093246	ENSG00000284140	ortholog_one2one	1
Mir363	ENSMUSG00000070106	ENSG00000284499	ortholog_one2one	1
Mir365-1	ENSMUSG00000065449	ENSG00000199130	ortholog_one2one	1
Mir370	ENSMUSG00000065433	ENSG00000199005	ortholog_one2one	1
Mir374b	ENSMUSG00000076269	ENSG00000212027	ortholog_one2one	1
Mir375	ENSMUSG00000065616	ENSG00000198973	ortholog_one2one	1
Mir377	ENSMUSG00000065438	ENSG00000199015	ortholog_one2one	1
Mir378a	ENSMUSG00000105200	ENSG00000199047	ortholog_one2one	1
Mir381	ENSMUSG00000098838	ENSG00000199020	ortholog_one2one	1
Mir382	ENSMUSG00000065428	ENSG00000283170	ortholog_one2one	1
Mir410	ENSMUSG00000065497	ENSG00000199092	ortholog_one2one	1
Mir412	ENSMUSG00000065570	ENSG00000199012	ortholog_one2one	1
Mir423	ENSMUSG00000065518	ENSG00000266919	ortholog_one2one	1
Mir425	ENSMUSG00000065579	ENSG00000199032	ortholog_one2one	1
Mir431	ENSMUSG00000070080	ENSG00000208001	ortholog_one2one	1
Mir433	ENSMUSG00000070072	ENSG00000207569	ortholog_one2one	1
Mir448	ENSMUSG00000065450	ENSG00000199001	ortholog_one2one	1
Mir450-1	ENSMUSG00000065486	ENSG00000199132	ortholog_one2one	1
Mir450-2	ENSMUSG00000076399	ENSG00000207755	ortholog_one2one	1
Mir450b	ENSMUSG00000076050	ENSG00000216001	ortholog_one2one	1
Mir455	ENSMUSG00000070102	ENSG00000207726	ortholog_one2one	1
Mir484	ENSMUSG00000070074	ENSG00000283736	ortholog_one2one	1
Mir488	ENSMUSG00000070103	ENSG00000202609	ortholog_one2one	1
Mir489	ENSMUSG00000070107	ENSG00000207656	ortholog_one2one	1
Mir490	ENSMUSG00000070075	ENSG00000207597	ortholog_one2one	1
Mir491	ENSMUSG00000070077	ENSG00000207609	ortholog_one2one	1
Mir494	ENSMUSG00000070141	ENSG00000194717	ortholog_one2one	1
Mir496a	ENSMUSG00000070136	ENSG00000207961	ortholog_one2one	1
Mir497	ENSMUSG00000105220	ENSG00000284027	ortholog_one2one	1
Mir500	ENSMUSG00000070108	ENSG00000272080	ortholog_one2one	1
Mir501	ENSMUSG00000076251	ENSG00000211538	ortholog_one2one	1
Mir504	ENSMUSG00000070110	ENSG00000207800	ortholog_one2one	1
Mir505	ENSMUSG00000070081	ENSG00000207633	ortholog_one2one	1
Mir532	ENSMUSG00000070139	ENSG00000207758	ortholog_one2one	1
Mir541	ENSMUSG00000076052	ENSG00000216179	ortholog_one2one	1
Mir542	ENSMUSG00000076140	ENSG00000207784	ortholog_one2one	1
Mir582	ENSMUSG00000076946	ENSG00000202601	ortholog_one2one	1
Mir592	ENSMUSG00000076067	ENSG00000207692	ortholog_one2one	1
Mir598	ENSMUSG00000076049	ENSG00000207600	ortholog_one2one	1
Mir652	ENSMUSG00000076011	ENSG00000208013	ortholog_one2one	1
Mir665	ENSMUSG00000076313	ENSG00000283159	ortholog_one2one	1
Mir668	ENSMUSG00000099236	ENSG00000276352	ortholog_one2one	1
Mir671	ENSMUSG00000076387	ENSG00000284191	ortholog_one2one	1
Mir675	ENSMUSG00000076275	ENSG00000284010	ortholog_one2one	1
Mir7-1	ENSMUSG00000065434	ENSG00000284179	ortholog_one2one	1
Mir708	ENSMUSG00000076143	ENSG00000211997	ortholog_one2one	1
Mir711	ENSMUSG00000076142	ENSG00000284251	ortholog_one2one	1
Mir744	ENSMUSG00000076460	ENSG00000266297	ortholog_one2one	1
Mir761	ENSMUSG00000076444	ENSG00000283899	ortholog_one2one	1
Mir770	ENSMUSG00000076451	ENSG00000211574	ortholog_one2one	1
Mir873b	ENSMUSG00000106425	ENSG00000215939	ortholog_one2one	1
Mir874	ENSMUSG00000077962	ENSG00000216009	ortholog_one2one	1
Mir876	ENSMUSG00000077851	ENSG00000215966	ortholog_one2one	1
Mir877	ENSMUSG00000077931	ENSG00000216101	ortholog_one2one	1
Mir9-1	ENSMUSG00000106493	ENSG00000207933	ortholog_one2one	1
Mir9-2	ENSMUSG00000065424	ENSG00000284447	ortholog_one2one	1
Mir9-3	ENSMUSG00000093238	ENSG00000284329	ortholog_one2one	1
Mir96	ENSMUSG00000065586	ENSG00000199158	ortholog_one2one	1
Mir98	ENSMUSG00000065536	ENSG00000271886	ortholog_one2one	1
Mir99a	ENSMUSG00000065530	ENSG00000207638	ortholog_one2one	1
Mir99b	ENSMUSG00000065396	ENSG00000207550	ortholog_one2one	1
Mirlet7a-1	ENSMUSG00000065421	ENSG00000199165	ortholog_one2one	1
Mirlet7c-1	ENSMUSG00000065557	ENSG00000199030	ortholog_one2one	1
Mirlet7c-2	ENSMUSG00000065608	ENSG00000283990	ortholog_one2one	1
Mirlet7d	ENSMUSG00000065453	ENSG00000199133	ortholog_one2one	1
Mirlet7e	ENSMUSG00000105758	ENSG00000198972	ortholog_one2one	1
Mirlet7f-2	ENSMUSG00000065602	ENSG00000208012	ortholog_one2one	1
Mirlet7g	ENSMUSG00000065440	ENSG00000199150	ortholog_one2one	1
Mirlet7i	ENSMUSG00000065406	ENSG00000199179	ortholog_one2one	1
Mis12	ENSMUSG00000040599	ENSG00000167842	ortholog_one2one	1
Mis18a	ENSMUSG00000022978	ENSG00000159055	ortholog_one2one	1
Misp	ENSMUSG00000035852	ENSG00000099812	ortholog_one2one	1
Misp3	ENSMUSG00000074217	ENSG00000141854	ortholog_one2one	1
Mitd1	ENSMUSG00000026088	ENSG00000158411	ortholog_one2one	1
Mitf	ENSMUSG00000035158	ENSG00000187098	ortholog_one2one	1
Mix23	ENSMUSG00000075229	ENSG00000160124	ortholog_one2one	1
Mixl1	ENSMUSG00000026497	ENSG00000185155	ortholog_one2one	1
Mkks	ENSMUSG00000027274	ENSG00000125863	ortholog_one2one	1
Mkln1	ENSMUSG00000025609	ENSG00000128585	ortholog_one2one	1
Mknk1	ENSMUSG00000028708	ENSG00000079277	ortholog_one2one	1
Mknk2	ENSMUSG00000020190	ENSG00000099875	ortholog_one2one	1
Mkrn1	ENSMUSG00000029922	ENSG00000133606	ortholog_one2one	1
Mkrn2	ENSMUSG00000000439	ENSG00000075975	ortholog_one2one	1
Mkrn2os	ENSMUSG00000068011	ENSG00000225526	ortholog_one2one	1
Mkrn3	ENSMUSG00000070527	ENSG00000179455	ortholog_one2one	1
Mks1	ENSMUSG00000034121	ENSG00000011143	ortholog_one2one	1
Mkx	ENSMUSG00000061013	ENSG00000150051	ortholog_one2one	1
Mlana	ENSMUSG00000024806	ENSG00000120215	ortholog_one2one	1
Mlc1	ENSMUSG00000035805	ENSG00000100427	ortholog_one2one	1
Mlec	ENSMUSG00000048578	ENSG00000110917	ortholog_one2one	1
Mlf1	ENSMUSG00000048416	ENSG00000178053	ortholog_one2one	1
Mlf2	ENSMUSG00000030120	ENSG00000089693	ortholog_one2one	1
Mlh1	ENSMUSG00000032498	ENSG00000076242	ortholog_one2one	1
Mlh3	ENSMUSG00000021245	ENSG00000119684	ortholog_one2one	1
Mlip	ENSMUSG00000032355	ENSG00000146147	ortholog_one2one	1
Mlkl	ENSMUSG00000012519	ENSG00000168404	ortholog_one2one	1
Mllt1	ENSMUSG00000024212	ENSG00000130382	ortholog_one2one	1
Mllt10	ENSMUSG00000026743	ENSG00000078403	ortholog_one2one	1
Mllt11	ENSMUSG00000053192	ENSG00000213190	ortholog_one2one	1
Mllt3	ENSMUSG00000028496	ENSG00000171843	ortholog_one2one	1
Mllt6	ENSMUSG00000038437	ENSG00000275023	ortholog_one2one	1
Mlph	ENSMUSG00000026303	ENSG00000115648	ortholog_one2one	1
Mlst8	ENSMUSG00000024142	ENSG00000167965	ortholog_one2one	1
Mlx	ENSMUSG00000017801	ENSG00000108788	ortholog_one2one	1
Mlxip	ENSMUSG00000038342	ENSG00000175727	ortholog_one2one	1
Mlxipl	ENSMUSG00000005373	ENSG00000009950	ortholog_one2one	1
Mlycd	ENSMUSG00000074064	ENSG00000103150	ortholog_one2one	1
Mmaa	ENSMUSG00000037022	ENSG00000151611	ortholog_one2one	1
Mmab	ENSMUSG00000029575	ENSG00000139428	ortholog_one2one	1
Mmachc	ENSMUSG00000028690	ENSG00000132763	ortholog_one2one	1
Mmadhc	ENSMUSG00000026766	ENSG00000168288	ortholog_one2one	1
Mmd	ENSMUSG00000003948	ENSG00000108960	ortholog_one2one	1
Mmd2	ENSMUSG00000039533	ENSG00000136297	ortholog_one2one	1
Mme	ENSMUSG00000027820	ENSG00000196549	ortholog_one2one	1
Mmel1	ENSMUSG00000058183	ENSG00000142606	ortholog_one2one	1
Mmgt1	ENSMUSG00000061273	ENSG00000169446	ortholog_one2one	1
Mmp11	ENSMUSG00000000901	ENSG00000099953	ortholog_one2one	1
Mmp12	ENSMUSG00000049723	ENSG00000262406	ortholog_one2one	1
Mmp13	ENSMUSG00000050578	ENSG00000137745	ortholog_one2one	1
Mmp14	ENSMUSG00000000957	ENSG00000157227	ortholog_one2one	1
Mmp15	ENSMUSG00000031790	ENSG00000102996	ortholog_one2one	1
Mmp16	ENSMUSG00000028226	ENSG00000156103	ortholog_one2one	1
Mmp17	ENSMUSG00000029436	ENSG00000198598	ortholog_one2one	1
Mmp19	ENSMUSG00000025355	ENSG00000123342	ortholog_one2one	1
Mmp2	ENSMUSG00000031740	ENSG00000087245	ortholog_one2one	1
Mmp20	ENSMUSG00000018620	ENSG00000137674	ortholog_one2one	1
Mmp21	ENSMUSG00000030981	ENSG00000154485	ortholog_one2one	1
Mmp23	ENSMUSG00000029061	ENSG00000189409	ortholog_one2one	1
Mmp24	ENSMUSG00000027612	ENSG00000125966	ortholog_one2one	1
Mmp24os1	ENSMUSG00000074649	ENSG00000126005	ortholog_one2one	1
Mmp25	ENSMUSG00000023903	ENSG00000008516	ortholog_one2one	1
Mmp27	ENSMUSG00000070323	ENSG00000137675	ortholog_one2one	1
Mmp28	ENSMUSG00000020682	ENSG00000271447	ortholog_one2one	1
Mmp3	ENSMUSG00000043613	ENSG00000149968	ortholog_one2one	1
Mmp7	ENSMUSG00000018623	ENSG00000137673	ortholog_one2one	1
Mmp8	ENSMUSG00000005800	ENSG00000118113	ortholog_one2one	1
Mmp9	ENSMUSG00000017737	ENSG00000100985	ortholog_one2one	1
Mmrn1	ENSMUSG00000054641	ENSG00000138722	ortholog_one2one	1
Mmrn2	ENSMUSG00000041445	ENSG00000173269	ortholog_one2one	1
Mms19	ENSMUSG00000025159	ENSG00000155229	ortholog_one2one	1
Mms22l	ENSMUSG00000045751	ENSG00000146263	ortholog_one2one	1
Mmut	ENSMUSG00000023921	ENSG00000146085	ortholog_one2one	1
Mn1	ENSMUSG00000070576	ENSG00000169184	ortholog_one2one	1
Mnat1	ENSMUSG00000021103	ENSG00000020426	ortholog_one2one	1
Mnd1	ENSMUSG00000033752	ENSG00000121211	ortholog_one2one	1
Mns1	ENSMUSG00000032221	ENSG00000138587	ortholog_one2one	1
Mnt	ENSMUSG00000000282	ENSG00000070444	ortholog_one2one	1
Mnx1	ENSMUSG00000001566	ENSG00000130675	ortholog_one2one	1
Moap1	ENSMUSG00000096458	ENSG00000165943	ortholog_one2one	1
Mob1a	ENSMUSG00000043131	ENSG00000114978	ortholog_one2one	1
Mob1b	ENSMUSG00000006262	ENSG00000173542	ortholog_one2one	1
Mob2	ENSMUSG00000025147	ENSG00000182208	ortholog_one2one	1
Mob3a	ENSMUSG00000003348	ENSG00000172081	ortholog_one2one	1
Mob3b	ENSMUSG00000073910	ENSG00000120162	ortholog_one2one	1
Mob3c	ENSMUSG00000028709	ENSG00000142961	ortholog_one2one	1
Mob4	ENSMUSG00000025979	ENSG00000115540	ortholog_one2one	1
Mobp	ENSMUSG00000032517	ENSG00000168314	ortholog_one2one	1
Mocos	ENSMUSG00000039616	ENSG00000075643	ortholog_one2one	1
Mocs1	ENSMUSG00000064120	ENSG00000124615	ortholog_one2one	1
Mocs2	ENSMUSG00000015536	ENSG00000164172	ortholog_one2one	1
Mocs3	ENSMUSG00000074576	ENSG00000124217	ortholog_one2one	1
Mog	ENSMUSG00000076439	ENSG00000204655	ortholog_one2one	1
Mogat1	ENSMUSG00000012187	ENSG00000124003	ortholog_one2one	1
Mogat2	ENSMUSG00000052396	ENSG00000166391	ortholog_one2one	1
Mogs	ENSMUSG00000030036	ENSG00000115275	ortholog_one2one	1
Mok	ENSMUSG00000056458	ENSG00000080823	ortholog_one2one	1
Mon1a	ENSMUSG00000032583	ENSG00000164077	ortholog_one2one	1
Mon1b	ENSMUSG00000078908	ENSG00000103111	ortholog_one2one	1
Mon2	ENSMUSG00000034602	ENSG00000061987	ortholog_one2one	1
Morc1	ENSMUSG00000022652	ENSG00000114487	ortholog_one2one	1
Morc3	ENSMUSG00000039456	ENSG00000159256	ortholog_one2one	1
Morc4	ENSMUSG00000031434	ENSG00000133131	ortholog_one2one	1
Morf4l1	ENSMUSG00000062270	ENSG00000185787	ortholog_one2one	1
Morf4l2	ENSMUSG00000031422	ENSG00000123562	ortholog_one2one	1
Morn1	ENSMUSG00000029049	ENSG00000116151	ortholog_one2one	1
Morn2	ENSMUSG00000045257	ENSG00000188010	ortholog_one2one	1
Morn3	ENSMUSG00000029477	ENSG00000139714	ortholog_one2one	1
Morn4	ENSMUSG00000049670	ENSG00000171160	ortholog_one2one	1
Morn5	ENSMUSG00000026894	ENSG00000185681	ortholog_one2one	1
Mos	ENSMUSG00000078365	ENSG00000172680	ortholog_one2one	1
Mosmo	ENSMUSG00000046096	ENSG00000185716	ortholog_one2one	1
Mospd1	ENSMUSG00000023074	ENSG00000101928	ortholog_one2one	1
Mospd2	ENSMUSG00000061778	ENSG00000130150	ortholog_one2one	1
Mospd3	ENSMUSG00000037221	ENSG00000106330	ortholog_one2one	1
Mov10	ENSMUSG00000002227	ENSG00000155363	ortholog_one2one	1
Mov10l1	ENSMUSG00000015365	ENSG00000073146	ortholog_one2one	1
Moxd1	ENSMUSG00000020000	ENSG00000079931	ortholog_one2one	1
Mpc2	ENSMUSG00000026568	ENSG00000143158	ortholog_one2one	1
Mpdu1	ENSMUSG00000018761	ENSG00000129255	ortholog_one2one	1
Mpdz	ENSMUSG00000028402	ENSG00000107186	ortholog_one2one	1
Mpg	ENSMUSG00000020287	ENSG00000103152	ortholog_one2one	1
Mphosph10	ENSMUSG00000030521	ENSG00000124383	ortholog_one2one	1
Mphosph6	ENSMUSG00000031843	ENSG00000135698	ortholog_one2one	1
Mphosph8	ENSMUSG00000079184	ENSG00000196199	ortholog_one2one	1
Mphosph9	ENSMUSG00000038126	ENSG00000051825	ortholog_one2one	1
Mpi	ENSMUSG00000032306	ENSG00000178802	ortholog_one2one	1
Mpig6b	ENSMUSG00000073414	ENSG00000204420	ortholog_one2one	1
Mpl	ENSMUSG00000006389	ENSG00000117400	ortholog_one2one	1
Mpnd	ENSMUSG00000003199	ENSG00000008382	ortholog_one2one	1
Mpo	ENSMUSG00000009350	ENSG00000005381	ortholog_one2one	1
Mpp1	ENSMUSG00000031402	ENSG00000130830	ortholog_one2one	1
Mpp2	ENSMUSG00000017314	ENSG00000108852	ortholog_one2one	1
Mpp3	ENSMUSG00000052373	ENSG00000161647	ortholog_one2one	1
Mpp4	ENSMUSG00000079550	ENSG00000082126	ortholog_one2one	1
Mpp7	ENSMUSG00000057440	ENSG00000150054	ortholog_one2one	1
Mppe1	ENSMUSG00000062526	ENSG00000154889	ortholog_one2one	1
Mpped1	ENSMUSG00000041708	ENSG00000186732	ortholog_one2one	1
Mpped2	ENSMUSG00000016386	ENSG00000066382	ortholog_one2one	1
Mprip	ENSMUSG00000005417	ENSG00000133030	ortholog_one2one	1
Mpst	ENSMUSG00000071711	ENSG00000128309	ortholog_one2one	1
Mpv17	ENSMUSG00000107283	ENSG00000115204	ortholog_one2one	1
Mpv17l	ENSMUSG00000022679	ENSG00000156968	ortholog_one2one	1
Mpv17l2	ENSMUSG00000035559	ENSG00000254858	ortholog_one2one	1
Mpz	ENSMUSG00000056569	ENSG00000158887	ortholog_one2one	1
Mpzl1	ENSMUSG00000026566	ENSG00000197965	ortholog_one2one	1
Mpzl2	ENSMUSG00000032092	ENSG00000149573	ortholog_one2one	1
Mpzl3	ENSMUSG00000070305	ENSG00000160588	ortholog_one2one	1
Mr1	ENSMUSG00000026471	ENSG00000153029	ortholog_one2one	1
Mrap2	ENSMUSG00000042761	ENSG00000135324	ortholog_one2one	1
Mras	ENSMUSG00000032470	ENSG00000158186	ortholog_one2one	1
Mrc1	ENSMUSG00000026712	ENSG00000260314	ortholog_one2one	1
Mrc2	ENSMUSG00000020695	ENSG00000011028	ortholog_one2one	1
Mre11a	ENSMUSG00000031928	ENSG00000020922	ortholog_one2one	1
Mreg	ENSMUSG00000039395	ENSG00000118242	ortholog_one2one	1
Mrgbp	ENSMUSG00000027569	ENSG00000101189	ortholog_one2one	1
Mrgprd	ENSMUSG00000051207	ENSG00000172938	ortholog_one2one	1
Mrgpre	ENSMUSG00000048965	ENSG00000184350	ortholog_one2one	1
Mrgprf	ENSMUSG00000031070	ENSG00000172935	ortholog_one2one	1
Mrgprg	ENSMUSG00000050276	ENSG00000182170	ortholog_one2one	1
Mri1	ENSMUSG00000004996	ENSG00000037757	ortholog_one2one	1
Mrln	ENSMUSG00000019933	ENSG00000227877	ortholog_one2one	1
Mrm1	ENSMUSG00000018405	ENSG00000278619	ortholog_one2one	1
Mrm2	ENSMUSG00000029557	ENSG00000122687	ortholog_one2one	1
Mrm3	ENSMUSG00000038046	ENSG00000171861	ortholog_one2one	1
Mrnip	ENSMUSG00000020381	ENSG00000161010	ortholog_one2one	1
Mro	ENSMUSG00000064036	ENSG00000134042	ortholog_one2one	1
Mroh1	ENSMUSG00000022558	ENSG00000179832	ortholog_one2one	1
Mroh2a	ENSMUSG00000079429	ENSG00000185038	ortholog_one2one	1
Mroh2b	ENSMUSG00000022155	ENSG00000171495	ortholog_one2one	1
Mroh5	ENSMUSG00000072487	ENSG00000226807	ortholog_one2one	1
Mroh6	ENSMUSG00000098678	ENSG00000204839	ortholog_one2one	1
Mroh7	ENSMUSG00000047502	ENSG00000184313	ortholog_one2one	1
Mroh8	ENSMUSG00000074627	ENSG00000101353	ortholog_one2one	1
Mroh9	ENSMUSG00000071890	ENSG00000117501	ortholog_one2one	1
Mrpl1	ENSMUSG00000029486	ENSG00000169288	ortholog_one2one	1
Mrpl10	ENSMUSG00000001445	ENSG00000159111	ortholog_one2one	1
Mrpl11	ENSMUSG00000024902	ENSG00000174547	ortholog_one2one	1
Mrpl12	ENSMUSG00000039640	ENSG00000262814	ortholog_one2one	1
Mrpl13	ENSMUSG00000022370	ENSG00000172172	ortholog_one2one	1
Mrpl14	ENSMUSG00000023939	ENSG00000180992	ortholog_one2one	1
Mrpl15	ENSMUSG00000033845	ENSG00000137547	ortholog_one2one	1
Mrpl16	ENSMUSG00000024683	ENSG00000166902	ortholog_one2one	1
Mrpl17	ENSMUSG00000030879	ENSG00000158042	ortholog_one2one	1
Mrpl18	ENSMUSG00000057388	ENSG00000112110	ortholog_one2one	1
Mrpl19	ENSMUSG00000030045	ENSG00000115364	ortholog_one2one	1
Mrpl2	ENSMUSG00000002767	ENSG00000112651	ortholog_one2one	1
Mrpl20	ENSMUSG00000029066	ENSG00000242485	ortholog_one2one	1
Mrpl21	ENSMUSG00000024829	ENSG00000197345	ortholog_one2one	1
Mrpl24	ENSMUSG00000019710	ENSG00000143314	ortholog_one2one	1
Mrpl27	ENSMUSG00000024414	ENSG00000108826	ortholog_one2one	1
Mrpl28	ENSMUSG00000024181	ENSG00000086504	ortholog_one2one	1
Mrpl3	ENSMUSG00000032563	ENSG00000114686	ortholog_one2one	1
Mrpl30	ENSMUSG00000026087	ENSG00000185414	ortholog_one2one	1
Mrpl32	ENSMUSG00000015672	ENSG00000106591	ortholog_one2one	1
Mrpl34	ENSMUSG00000034880	ENSG00000130312	ortholog_one2one	1
Mrpl35	ENSMUSG00000052962	ENSG00000132313	ortholog_one2one	1
Mrpl36	ENSMUSG00000021607	ENSG00000171421	ortholog_one2one	1
Mrpl37	ENSMUSG00000028622	ENSG00000116221	ortholog_one2one	1
Mrpl38	ENSMUSG00000020775	ENSG00000204316	ortholog_one2one	1
Mrpl39	ENSMUSG00000022889	ENSG00000154719	ortholog_one2one	1
Mrpl4	ENSMUSG00000003299	ENSG00000105364	ortholog_one2one	1
Mrpl40	ENSMUSG00000022706	ENSG00000185608	ortholog_one2one	1
Mrpl41	ENSMUSG00000036850	ENSG00000182154	ortholog_one2one	1
Mrpl42	ENSMUSG00000062981	ENSG00000198015	ortholog_one2one	1
Mrpl43	ENSMUSG00000025208	ENSG00000055950	ortholog_one2one	1
Mrpl44	ENSMUSG00000026248	ENSG00000135900	ortholog_one2one	1
Mrpl45	ENSMUSG00000018882	ENSG00000278845	ortholog_one2one	1
Mrpl46	ENSMUSG00000030612	ENSG00000259494	ortholog_one2one	1
Mrpl47	ENSMUSG00000037531	ENSG00000136522	ortholog_one2one	1
Mrpl48	ENSMUSG00000030706	ENSG00000175581	ortholog_one2one	1
Mrpl49	ENSMUSG00000007338	ENSG00000149792	ortholog_one2one	1
Mrpl50	ENSMUSG00000044018	ENSG00000136897	ortholog_one2one	1
Mrpl51	ENSMUSG00000030335	ENSG00000111639	ortholog_one2one	1
Mrpl52	ENSMUSG00000010406	ENSG00000172590	ortholog_one2one	1
Mrpl53	ENSMUSG00000030037	ENSG00000204822	ortholog_one2one	1
Mrpl54	ENSMUSG00000034932	ENSG00000183617	ortholog_one2one	1
Mrpl55	ENSMUSG00000036860	ENSG00000162910	ortholog_one2one	1
Mrpl57	ENSMUSG00000021967	ENSG00000173141	ortholog_one2one	1
Mrpl58	ENSMUSG00000018858	ENSG00000167862	ortholog_one2one	1
Mrpl9	ENSMUSG00000028140	ENSG00000143436	ortholog_one2one	1
Mrps10	ENSMUSG00000034729	ENSG00000048544	ortholog_one2one	1
Mrps11	ENSMUSG00000030611	ENSG00000181991	ortholog_one2one	1
Mrps12	ENSMUSG00000045948	ENSG00000128626	ortholog_one2one	1
Mrps14	ENSMUSG00000058267	ENSG00000120333	ortholog_one2one	1
Mrps15	ENSMUSG00000028861	ENSG00000116898	ortholog_one2one	1
Mrps16	ENSMUSG00000049960	ENSG00000182180	ortholog_one2one	1
Mrps17	ENSMUSG00000034211	ENSG00000239789	ortholog_one2one	1
Mrps18a	ENSMUSG00000023967	ENSG00000096080	ortholog_one2one	1
Mrps18b	ENSMUSG00000024436	ENSG00000204568	ortholog_one2one	1
Mrps18c	ENSMUSG00000016833	ENSG00000163319	ortholog_one2one	1
Mrps2	ENSMUSG00000035772	ENSG00000122140	ortholog_one2one	1
Mrps21	ENSMUSG00000054312	ENSG00000266472	ortholog_one2one	1
Mrps22	ENSMUSG00000032459	ENSG00000175110	ortholog_one2one	1
Mrps23	ENSMUSG00000023723	ENSG00000181610	ortholog_one2one	1
Mrps24	ENSMUSG00000020477	ENSG00000062582	ortholog_one2one	1
Mrps25	ENSMUSG00000014551	ENSG00000131368	ortholog_one2one	1
Mrps26	ENSMUSG00000037740	ENSG00000125901	ortholog_one2one	1
Mrps27	ENSMUSG00000041632	ENSG00000113048	ortholog_one2one	1
Mrps28	ENSMUSG00000040269	ENSG00000147586	ortholog_one2one	1
Mrps30	ENSMUSG00000021731	ENSG00000112996	ortholog_one2one	1
Mrps31	ENSMUSG00000031533	ENSG00000102738	ortholog_one2one	1
Mrps33	ENSMUSG00000029918	ENSG00000090263	ortholog_one2one	1
Mrps34	ENSMUSG00000038880	ENSG00000074071	ortholog_one2one	1
Mrps35	ENSMUSG00000040112	ENSG00000061794	ortholog_one2one	1
Mrps36	ENSMUSG00000061474	ENSG00000134056	ortholog_one2one	1
Mrps5	ENSMUSG00000027374	ENSG00000144029	ortholog_one2one	1
Mrps6	ENSMUSG00000039680	ENSG00000243927	ortholog_one2one	1
Mrps7	ENSMUSG00000046756	ENSG00000125445	ortholog_one2one	1
Mrps9	ENSMUSG00000060679	ENSG00000135972	ortholog_one2one	1
Mrrf	ENSMUSG00000026887	ENSG00000148187	ortholog_one2one	1
Mrs2	ENSMUSG00000021339	ENSG00000124532	ortholog_one2one	1
Mrtfa	ENSMUSG00000042292	ENSG00000196588	ortholog_one2one	1
Mrtfb	ENSMUSG00000009569	ENSG00000186260	ortholog_one2one	1
Mrto4	ENSMUSG00000028741	ENSG00000053372	ortholog_one2one	1
Ms4a1	ENSMUSG00000024673	ENSG00000156738	ortholog_one2one	1
Ms4a12	ENSMUSG00000101031	ENSG00000071203	ortholog_one2one	1
Ms4a13	ENSMUSG00000057240	ENSG00000204979	ortholog_one2one	1
Ms4a15	ENSMUSG00000067571	ENSG00000166961	ortholog_one2one	1
Ms4a2	ENSMUSG00000024680	ENSG00000149534	ortholog_one2one	1
Ms4a3	ENSMUSG00000024681	ENSG00000149516	ortholog_one2one	1
Ms4a5	ENSMUSG00000054523	ENSG00000166930	ortholog_one2one	1
Ms4a7	ENSMUSG00000024672	ENSG00000166927	ortholog_one2one	1
Ms4a8a	ENSMUSG00000024730	ENSG00000166959	ortholog_one2one	1
Msantd1	ENSMUSG00000051246	ENSG00000188981	ortholog_one2one	1
Msantd2	ENSMUSG00000042138	ENSG00000120458	ortholog_one2one	1
Msantd3	ENSMUSG00000039693	ENSG00000066697	ortholog_one2one	1
Msantd4	ENSMUSG00000041124	ENSG00000170903	ortholog_one2one	1
Msantd7	ENSMUSG00000051396	ENSG00000284024	ortholog_one2one	1
Msc	ENSMUSG00000025930	ENSG00000178860	ortholog_one2one	1
Msgn1	ENSMUSG00000047002	ENSG00000151379	ortholog_one2one	1
Msh2	ENSMUSG00000024151	ENSG00000095002	ortholog_one2one	1
Msh3	ENSMUSG00000014850	ENSG00000113318	ortholog_one2one	1
Msh4	ENSMUSG00000005493	ENSG00000057468	ortholog_one2one	1
Msh5	ENSMUSG00000007035	ENSG00000204410	ortholog_one2one	1
Msh6	ENSMUSG00000005370	ENSG00000116062	ortholog_one2one	1
Msi1	ENSMUSG00000054256	ENSG00000135097	ortholog_one2one	1
Msi2	ENSMUSG00000069769	ENSG00000153944	ortholog_one2one	1
Msl1	ENSMUSG00000052915	ENSG00000188895	ortholog_one2one	1
Msl2	ENSMUSG00000066415	ENSG00000174579	ortholog_one2one	1
Msln	ENSMUSG00000063011	ENSG00000102854	ortholog_one2one	1
Mslnl	ENSMUSG00000041062	ENSG00000162006	ortholog_one2one	1
Msmo1	ENSMUSG00000031604	ENSG00000052802	ortholog_one2one	1
Msmp	ENSMUSG00000078719	ENSG00000215183	ortholog_one2one	1
Msn	ENSMUSG00000031207	ENSG00000147065	ortholog_one2one	1
Msr1	ENSMUSG00000025044	ENSG00000038945	ortholog_one2one	1
Msra	ENSMUSG00000054733	ENSG00000175806	ortholog_one2one	1
Msrb1	ENSMUSG00000075705	ENSG00000198736	ortholog_one2one	1
Msrb2	ENSMUSG00000023094	ENSG00000148450	ortholog_one2one	1
Msrb3	ENSMUSG00000051236	ENSG00000174099	ortholog_one2one	1
Mss51	ENSMUSG00000021815	ENSG00000166343	ortholog_one2one	1
Mst1	ENSMUSG00000032591	ENSG00000173531	ortholog_one2one	1
Mst1r	ENSMUSG00000032584	ENSG00000164078	ortholog_one2one	1
Mstn	ENSMUSG00000026100	ENSG00000138379	ortholog_one2one	1
Msto1	ENSMUSG00000068922	ENSG00000125459	ortholog_one2one	1
Msx1	ENSMUSG00000048450	ENSG00000163132	ortholog_one2one	1
Msx2	ENSMUSG00000021469	ENSG00000120149	ortholog_one2one	1
Mt3	ENSMUSG00000031760	ENSG00000087250	ortholog_one2one	1
Mt4	ENSMUSG00000031757	ENSG00000102891	ortholog_one2one	1
Mta1	ENSMUSG00000021144	ENSG00000182979	ortholog_one2one	1
Mta2	ENSMUSG00000071646	ENSG00000149480	ortholog_one2one	1
Mta3	ENSMUSG00000055817	ENSG00000057935	ortholog_one2one	1
Mtap	ENSMUSG00000062937	ENSG00000099810	ortholog_one2one	1
Mtarc1	ENSMUSG00000026621	ENSG00000186205	ortholog_one2one	1
Mtarc2	ENSMUSG00000073481	ENSG00000117791	ortholog_one2one	1
Mtbp	ENSMUSG00000022369	ENSG00000172167	ortholog_one2one	1
Mtch1	ENSMUSG00000024012	ENSG00000137409	ortholog_one2one	1
Mtch2	ENSMUSG00000027282	ENSG00000109919	ortholog_one2one	1
Mtcl1	ENSMUSG00000052105	ENSG00000168502	ortholog_one2one	1
Mtcl2	ENSMUSG00000055485	ENSG00000149639	ortholog_one2one	1
Mtcl3	ENSMUSG00000038916	ENSG00000214338	ortholog_one2one	1
Mtcp1	ENSMUSG00000031200	ENSG00000214827	ortholog_one2one	1
Mtdh	ENSMUSG00000022255	ENSG00000147649	ortholog_one2one	1
Mterf2	ENSMUSG00000049038	ENSG00000120832	ortholog_one2one	1
Mterf3	ENSMUSG00000021519	ENSG00000156469	ortholog_one2one	1
Mterf4	ENSMUSG00000026273	ENSG00000122085	ortholog_one2one	1
Mtf1	ENSMUSG00000028890	ENSG00000188786	ortholog_one2one	1
Mtf2	ENSMUSG00000029267	ENSG00000143033	ortholog_one2one	1
Mtfmt	ENSMUSG00000059183	ENSG00000103707	ortholog_one2one	1
Mtfp1	ENSMUSG00000004748	ENSG00000242114	ortholog_one2one	1
Mtfr1	ENSMUSG00000027601	ENSG00000066855	ortholog_one2one	1
Mtfr1l	ENSMUSG00000046671	ENSG00000117640	ortholog_one2one	1
Mtfr2	ENSMUSG00000019992	ENSG00000146410	ortholog_one2one	1
Mtg1	ENSMUSG00000039018	ENSG00000148824	ortholog_one2one	1
Mtg2	ENSMUSG00000039069	ENSG00000101181	ortholog_one2one	1
Mthfd1	ENSMUSG00000021048	ENSG00000100714	ortholog_one2one	1
Mthfd1l	ENSMUSG00000040675	ENSG00000120254	ortholog_one2one	1
Mthfd2	ENSMUSG00000005667	ENSG00000065911	ortholog_one2one	1
Mthfd2l	ENSMUSG00000029376	ENSG00000163738	ortholog_one2one	1
Mthfr	ENSMUSG00000029009	ENSG00000177000	ortholog_one2one	1
Mthfsd	ENSMUSG00000031816	ENSG00000103248	ortholog_one2one	1
Mtif2	ENSMUSG00000020459	ENSG00000085760	ortholog_one2one	1
Mtif3	ENSMUSG00000016510	ENSG00000122033	ortholog_one2one	1
Mtln	ENSMUSG00000051319	ENSG00000175701	ortholog_one2one	1
Mtm1	ENSMUSG00000031337	ENSG00000171100	ortholog_one2one	1
Mtmr1	ENSMUSG00000015214	ENSG00000063601	ortholog_one2one	1
Mtmr10	ENSMUSG00000030522	ENSG00000166912	ortholog_one2one	1
Mtmr11	ENSMUSG00000045934	ENSG00000014914	ortholog_one2one	1
Mtmr12	ENSMUSG00000039458	ENSG00000150712	ortholog_one2one	1
Mtmr14	ENSMUSG00000030269	ENSG00000163719	ortholog_one2one	1
Mtmr2	ENSMUSG00000031918	ENSG00000087053	ortholog_one2one	1
Mtmr3	ENSMUSG00000034354	ENSG00000100330	ortholog_one2one	1
Mtmr4	ENSMUSG00000018401	ENSG00000108389	ortholog_one2one	1
Mtmr6	ENSMUSG00000021987	ENSG00000139505	ortholog_one2one	1
Mtmr7	ENSMUSG00000039431	ENSG00000003987	ortholog_one2one	1
Mtmr9	ENSMUSG00000035078	ENSG00000104643	ortholog_one2one	1
Mtnr1a	ENSMUSG00000054764	ENSG00000168412	ortholog_one2one	1
Mtnr1b	ENSMUSG00000050901	ENSG00000134640	ortholog_one2one	1
Mto1	ENSMUSG00000032342	ENSG00000135297	ortholog_one2one	1
Mtor	ENSMUSG00000028991	ENSG00000198793	ortholog_one2one	1
Mtpap	ENSMUSG00000024234	ENSG00000107951	ortholog_one2one	1
Mtpn	ENSMUSG00000029840	ENSG00000105887	ortholog_one2one	1
Mtr	ENSMUSG00000021311	ENSG00000116984	ortholog_one2one	1
Mtres1	ENSMUSG00000019797	ENSG00000130349	ortholog_one2one	1
Mtrex	ENSMUSG00000016018	ENSG00000039123	ortholog_one2one	1
Mtrf1	ENSMUSG00000022022	ENSG00000120662	ortholog_one2one	1
Mtrf1l	ENSMUSG00000019774	ENSG00000112031	ortholog_one2one	1
Mtrfr	ENSMUSG00000047635	ENSG00000130921	ortholog_one2one	1
Mtrr	ENSMUSG00000034617	ENSG00000124275	ortholog_one2one	1
Mtss1	ENSMUSG00000022353	ENSG00000170873	ortholog_one2one	1
Mtss2	ENSMUSG00000033763	ENSG00000132613	ortholog_one2one	1
Mttp	ENSMUSG00000028158	ENSG00000138823	ortholog_one2one	1
Mturn	ENSMUSG00000038065	ENSG00000180354	ortholog_one2one	1
Mtus1	ENSMUSG00000045636	ENSG00000129422	ortholog_one2one	1
Mtus2	ENSMUSG00000029651	ENSG00000132938	ortholog_one2one	1
Mtx1	ENSMUSG00000064068	ENSG00000173171	ortholog_one2one	1
Mtx2	ENSMUSG00000027099	ENSG00000128654	ortholog_one2one	1
Mtx3	ENSMUSG00000021704	ENSG00000177034	ortholog_one2one	1
Muc15	ENSMUSG00000050808	ENSG00000169550	ortholog_one2one	1
Mul1	ENSMUSG00000041241	ENSG00000090432	ortholog_one2one	1
Mus81	ENSMUSG00000024906	ENSG00000172732	ortholog_one2one	1
Musk	ENSMUSG00000057280	ENSG00000030304	ortholog_one2one	1
Mustn1	ENSMUSG00000042485	ENSG00000272573	ortholog_one2one	1
Mutyh	ENSMUSG00000028687	ENSG00000132781	ortholog_one2one	1
Mvb12a	ENSMUSG00000031813	ENSG00000141971	ortholog_one2one	1
Mvb12b	ENSMUSG00000038740	ENSG00000196814	ortholog_one2one	1
Mvd	ENSMUSG00000006517	ENSG00000167508	ortholog_one2one	1
Mvk	ENSMUSG00000041939	ENSG00000110921	ortholog_one2one	1
Mvp	ENSMUSG00000030681	ENSG00000013364	ortholog_one2one	1
Mxd1	ENSMUSG00000001156	ENSG00000059728	ortholog_one2one	1
Mxd3	ENSMUSG00000021485	ENSG00000213347	ortholog_one2one	1
Mxd4	ENSMUSG00000037235	ENSG00000123933	ortholog_one2one	1
Mxi1	ENSMUSG00000025025	ENSG00000119950	ortholog_one2one	1
Mxra8	ENSMUSG00000029070	ENSG00000162576	ortholog_one2one	1
Myadm	ENSMUSG00000068566	ENSG00000179820	ortholog_one2one	1
Myadml2	ENSMUSG00000025141	ENSG00000185105	ortholog_one2one	1
Myb	ENSMUSG00000019982	ENSG00000118513	ortholog_one2one	1
Mybbp1a	ENSMUSG00000040463	ENSG00000132382	ortholog_one2one	1
Mybl1	ENSMUSG00000025912	ENSG00000185697	ortholog_one2one	1
Mybl2	ENSMUSG00000017861	ENSG00000101057	ortholog_one2one	1
Mybpc1	ENSMUSG00000020061	ENSG00000196091	ortholog_one2one	1
Mybpc2	ENSMUSG00000038670	ENSG00000086967	ortholog_one2one	1
Mybpc3	ENSMUSG00000002100	ENSG00000134571	ortholog_one2one	1
Mybph	ENSMUSG00000042451	ENSG00000133055	ortholog_one2one	1
Mybphl	ENSMUSG00000068745	ENSG00000221986	ortholog_one2one	1
Myc	ENSMUSG00000022346	ENSG00000136997	ortholog_one2one	1
Mycbp	ENSMUSG00000028647	ENSG00000214114	ortholog_one2one	1
Mycbp2	ENSMUSG00000033004	ENSG00000005810	ortholog_one2one	1
Mycbpap	ENSMUSG00000039110	ENSG00000136449	ortholog_one2one	1
Mycl	ENSMUSG00000028654	ENSG00000116990	ortholog_one2one	1
Mycn	ENSMUSG00000037169	ENSG00000134323	ortholog_one2one	1
Myct1	ENSMUSG00000046916	ENSG00000120279	ortholog_one2one	1
Myd88	ENSMUSG00000032508	ENSG00000172936	ortholog_one2one	1
Mydgf	ENSMUSG00000019579	ENSG00000074842	ortholog_one2one	1
Myf5	ENSMUSG00000000435	ENSG00000111049	ortholog_one2one	1
Myf6	ENSMUSG00000035923	ENSG00000111046	ortholog_one2one	1
Myg1	ENSMUSG00000001285	ENSG00000139637	ortholog_one2one	1
Myh1	ENSMUSG00000056328	ENSG00000109061	ortholog_one2one	1
Myh10	ENSMUSG00000020900	ENSG00000133026	ortholog_one2one	1
Myh11	ENSMUSG00000018830	ENSG00000133392	ortholog_one2one	1
Myh13	ENSMUSG00000060180	ENSG00000006788	ortholog_one2one	1
Myh14	ENSMUSG00000030739	ENSG00000105357	ortholog_one2one	1
Myh15	ENSMUSG00000092009	ENSG00000144821	ortholog_one2one	1
Myh3	ENSMUSG00000020908	ENSG00000109063	ortholog_one2one	1
Myh6	ENSMUSG00000040752	ENSG00000197616	ortholog_one2one	1
Myh7	ENSMUSG00000053093	ENSG00000092054	ortholog_one2one	1
Myh7b	ENSMUSG00000074652	ENSG00000078814	ortholog_one2one	1
Myh8	ENSMUSG00000055775	ENSG00000133020	ortholog_one2one	1
Myh9	ENSMUSG00000022443	ENSG00000100345	ortholog_one2one	1
Myl1	ENSMUSG00000061816	ENSG00000168530	ortholog_one2one	1
Myl10	ENSMUSG00000005474	ENSG00000106436	ortholog_one2one	1
Myl12b	ENSMUSG00000034868	ENSG00000118680	ortholog_one2one	1
Myl2	ENSMUSG00000013936	ENSG00000111245	ortholog_one2one	1
Myl3	ENSMUSG00000059741	ENSG00000160808	ortholog_one2one	1
Myl4	ENSMUSG00000061086	ENSG00000198336	ortholog_one2one	1
Myl6	ENSMUSG00000090841	ENSG00000092841	ortholog_one2one	1
Myl6b	ENSMUSG00000039824	ENSG00000196465	ortholog_one2one	1
Myl7	ENSMUSG00000020469	ENSG00000106631	ortholog_one2one	1
Myl9	ENSMUSG00000067818	ENSG00000101335	ortholog_one2one	1
Mylip	ENSMUSG00000038175	ENSG00000007944	ortholog_one2one	1
Mylk	ENSMUSG00000022836	ENSG00000065534	ortholog_one2one	1
Mylk2	ENSMUSG00000027470	ENSG00000101306	ortholog_one2one	1
Mylk3	ENSMUSG00000031698	ENSG00000140795	ortholog_one2one	1
Mylpf	ENSMUSG00000030672	ENSG00000180209	ortholog_one2one	1
Mymk	ENSMUSG00000009214	ENSG00000187616	ortholog_one2one	1
Mymx	ENSMUSG00000079471	ENSG00000262179	ortholog_one2one	1
Mynn	ENSMUSG00000037730	ENSG00000085274	ortholog_one2one	1
Myo10	ENSMUSG00000022272	ENSG00000145555	ortholog_one2one	1
Myo15a	ENSMUSG00000042678	ENSG00000091536	ortholog_one2one	1
Myo15b	ENSMUSG00000034427	ENSG00000266714	ortholog_one2one	1
Myo16	ENSMUSG00000039057	ENSG00000041515	ortholog_one2one	1
Myo18a	ENSMUSG00000000631	ENSG00000196535	ortholog_one2one	1
Myo18b	ENSMUSG00000072720	ENSG00000133454	ortholog_one2one	1
Myo19	ENSMUSG00000020527	ENSG00000278259	ortholog_one2one	1
Myo1a	ENSMUSG00000025401	ENSG00000166866	ortholog_one2one	1
Myo1b	ENSMUSG00000018417	ENSG00000128641	ortholog_one2one	1
Myo1c	ENSMUSG00000017774	ENSG00000197879	ortholog_one2one	1
Myo1d	ENSMUSG00000035441	ENSG00000176658	ortholog_one2one	1
Myo1e	ENSMUSG00000032220	ENSG00000157483	ortholog_one2one	1
Myo1f	ENSMUSG00000024300	ENSG00000142347	ortholog_one2one	1
Myo1g	ENSMUSG00000020437	ENSG00000136286	ortholog_one2one	1
Myo1h	ENSMUSG00000066952	ENSG00000174527	ortholog_one2one	1
Myo3a	ENSMUSG00000025716	ENSG00000095777	ortholog_one2one	1
Myo3b	ENSMUSG00000042064	ENSG00000071909	ortholog_one2one	1
Myo5a	ENSMUSG00000034593	ENSG00000197535	ortholog_one2one	1
Myo5b	ENSMUSG00000025885	ENSG00000167306	ortholog_one2one	1
Myo5c	ENSMUSG00000033590	ENSG00000128833	ortholog_one2one	1
Myo6	ENSMUSG00000033577	ENSG00000196586	ortholog_one2one	1
Myo7a	ENSMUSG00000030761	ENSG00000137474	ortholog_one2one	1
Myo7b	ENSMUSG00000024388	ENSG00000169994	ortholog_one2one	1
Myo9a	ENSMUSG00000039585	ENSG00000066933	ortholog_one2one	1
Myo9b	ENSMUSG00000004677	ENSG00000099331	ortholog_one2one	1
Myoc	ENSMUSG00000026697	ENSG00000034971	ortholog_one2one	1
Myocd	ENSMUSG00000020542	ENSG00000141052	ortholog_one2one	1
Myod1	ENSMUSG00000009471	ENSG00000129152	ortholog_one2one	1
Myof	ENSMUSG00000048612	ENSG00000138119	ortholog_one2one	1
Myog	ENSMUSG00000026459	ENSG00000122180	ortholog_one2one	1
Myom1	ENSMUSG00000024049	ENSG00000101605	ortholog_one2one	1
Myom2	ENSMUSG00000031461	ENSG00000036448	ortholog_one2one	1
Myom3	ENSMUSG00000037139	ENSG00000142661	ortholog_one2one	1
Myorg	ENSMUSG00000046312	ENSG00000164976	ortholog_one2one	1
Myot	ENSMUSG00000024471	ENSG00000120729	ortholog_one2one	1
Myoz1	ENSMUSG00000068697	ENSG00000177791	ortholog_one2one	1
Myoz2	ENSMUSG00000028116	ENSG00000172399	ortholog_one2one	1
Myoz3	ENSMUSG00000049173	ENSG00000164591	ortholog_one2one	1
Mypn	ENSMUSG00000020067	ENSG00000138347	ortholog_one2one	1
Mypop	ENSMUSG00000048481	ENSG00000176182	ortholog_one2one	1
Myrf	ENSMUSG00000036098	ENSG00000124920	ortholog_one2one	1
Myrfl	ENSMUSG00000034057	ENSG00000166268	ortholog_one2one	1
Myrip	ENSMUSG00000041794	ENSG00000170011	ortholog_one2one	1
Mysm1	ENSMUSG00000062627	ENSG00000162601	ortholog_one2one	1
Myt1	ENSMUSG00000010505	ENSG00000196132	ortholog_one2one	1
Myt1l	ENSMUSG00000061911	ENSG00000186487	ortholog_one2one	1
Myzap	ENSMUSG00000041361	ENSG00000263155	ortholog_one2one	1
Mzb1	ENSMUSG00000024353	ENSG00000170476	ortholog_one2one	1
Mzf1	ENSMUSG00000030380	ENSG00000099326	ortholog_one2one	1
Mzt1	ENSMUSG00000033186	ENSG00000204899	ortholog_one2one	1
N4bp1	ENSMUSG00000031652	ENSG00000102921	ortholog_one2one	1
N4bp2	ENSMUSG00000037795	ENSG00000078177	ortholog_one2one	1
N4bp2l1	ENSMUSG00000041132	ENSG00000139597	ortholog_one2one	1
N4bp2l2	ENSMUSG00000029655	ENSG00000244754	ortholog_one2one	1
N4bp3	ENSMUSG00000001053	ENSG00000145911	ortholog_one2one	1
N6amt1	ENSMUSG00000044442	ENSG00000156239	ortholog_one2one	1
Naa10	ENSMUSG00000031388	ENSG00000102030	ortholog_one2one	1
Naa15	ENSMUSG00000063273	ENSG00000164134	ortholog_one2one	1
Naa16	ENSMUSG00000022020	ENSG00000172766	ortholog_one2one	1
Naa20	ENSMUSG00000002728	ENSG00000173418	ortholog_one2one	1
Naa25	ENSMUSG00000042719	ENSG00000111300	ortholog_one2one	1
Naa30	ENSMUSG00000036282	ENSG00000139977	ortholog_one2one	1
Naa35	ENSMUSG00000021555	ENSG00000135040	ortholog_one2one	1
Naa38	ENSMUSG00000059278	ENSG00000183011	ortholog_one2one	1
Naa40	ENSMUSG00000024764	ENSG00000110583	ortholog_one2one	1
Naa50	ENSMUSG00000022698	ENSG00000121579	ortholog_one2one	1
Naa60	ENSMUSG00000005982	ENSG00000122390	ortholog_one2one	1
Naa80	ENSMUSG00000079334	ENSG00000243477	ortholog_one2one	1
Naaa	ENSMUSG00000029413	ENSG00000138744	ortholog_one2one	1
Naalad2	ENSMUSG00000043943	ENSG00000077616	ortholog_one2one	1
Naaladl1	ENSMUSG00000054999	ENSG00000168060	ortholog_one2one	1
Naaladl2	ENSMUSG00000102758	ENSG00000177694	ortholog_one2one	1
Nab1	ENSMUSG00000002881	ENSG00000138386	ortholog_one2one	1
Nab2	ENSMUSG00000025402	ENSG00000166886	ortholog_one2one	1
Nabp1	ENSMUSG00000026107	ENSG00000173559	ortholog_one2one	1
Nabp2	ENSMUSG00000025374	ENSG00000139579	ortholog_one2one	1
Nacad	ENSMUSG00000041073	ENSG00000136274	ortholog_one2one	1
Nacc1	ENSMUSG00000001910	ENSG00000160877	ortholog_one2one	1
Nacc2	ENSMUSG00000026932	ENSG00000148411	ortholog_one2one	1
Nadk	ENSMUSG00000029063	ENSG00000008130	ortholog_one2one	1
Nadk2	ENSMUSG00000022253	ENSG00000152620	ortholog_one2one	1
Nadsyn1	ENSMUSG00000031090	ENSG00000172890	ortholog_one2one	1
Nae1	ENSMUSG00000031878	ENSG00000159593	ortholog_one2one	1
Naf1	ENSMUSG00000014907	ENSG00000145414	ortholog_one2one	1
Naga	ENSMUSG00000022453	ENSG00000198951	ortholog_one2one	1
Nagk	ENSMUSG00000034744	ENSG00000124357	ortholog_one2one	1
Naglu	ENSMUSG00000001751	ENSG00000108784	ortholog_one2one	1
Nagpa	ENSMUSG00000023143	ENSG00000103174	ortholog_one2one	1
Nags	ENSMUSG00000048217	ENSG00000161653	ortholog_one2one	1
Naif1	ENSMUSG00000039164	ENSG00000171169	ortholog_one2one	1
Nalcn	ENSMUSG00000000197	ENSG00000102452	ortholog_one2one	1
Nalf1	ENSMUSG00000079157	ENSG00000204442	ortholog_one2one	1
Nalf2	ENSMUSG00000071719	ENSG00000130054	ortholog_one2one	1
Nampt	ENSMUSG00000020572	ENSG00000105835	ortholog_one2one	1
Nanos1	ENSMUSG00000072437	ENSG00000188613	ortholog_one2one	1
Nanos2	ENSMUSG00000051965	ENSG00000188425	ortholog_one2one	1
Nanos3	ENSMUSG00000056155	ENSG00000187556	ortholog_one2one	1
Nanp	ENSMUSG00000053916	ENSG00000170191	ortholog_one2one	1
Nans	ENSMUSG00000028334	ENSG00000095380	ortholog_one2one	1
Nap1l1	ENSMUSG00000058799	ENSG00000187109	ortholog_one2one	1
Nap1l2	ENSMUSG00000082229	ENSG00000186462	ortholog_one2one	1
Nap1l3	ENSMUSG00000055733	ENSG00000186310	ortholog_one2one	1
Nap1l4	ENSMUSG00000059119	ENSG00000205531	ortholog_one2one	1
Nap1l5	ENSMUSG00000055430	ENSG00000177432	ortholog_one2one	1
Napa	ENSMUSG00000006024	ENSG00000105402	ortholog_one2one	1
Napb	ENSMUSG00000027438	ENSG00000125814	ortholog_one2one	1
Napepld	ENSMUSG00000044968	ENSG00000161048	ortholog_one2one	1
Napg	ENSMUSG00000024581	ENSG00000134265	ortholog_one2one	1
Naprt	ENSMUSG00000022574	ENSG00000147813	ortholog_one2one	1
Napsa	ENSMUSG00000002204	ENSG00000131400	ortholog_one2one	1
Narf	ENSMUSG00000000056	ENSG00000141562	ortholog_one2one	1
Nars1	ENSMUSG00000024587	ENSG00000134440	ortholog_one2one	1
Nars2	ENSMUSG00000018995	ENSG00000137513	ortholog_one2one	1
Nasp	ENSMUSG00000028693	ENSG00000132780	ortholog_one2one	1
Nat10	ENSMUSG00000027185	ENSG00000135372	ortholog_one2one	1
Nat14	ENSMUSG00000035285	ENSG00000090971	ortholog_one2one	1
Nat8l	ENSMUSG00000048142	ENSG00000185818	ortholog_one2one	1
Nat9	ENSMUSG00000015542	ENSG00000109065	ortholog_one2one	1
Natd1	ENSMUSG00000018931	ENSG00000274180	ortholog_one2one	1
Nav1	ENSMUSG00000009418	ENSG00000134369	ortholog_one2one	1
Nav2	ENSMUSG00000052512	ENSG00000166833	ortholog_one2one	1
Nav3	ENSMUSG00000020181	ENSG00000067798	ortholog_one2one	1
Naxd	ENSMUSG00000031505	ENSG00000213995	ortholog_one2one	1
Naxe	ENSMUSG00000028070	ENSG00000163382	ortholog_one2one	1
Nbas	ENSMUSG00000020576	ENSG00000151779	ortholog_one2one	1
Nbdy	ENSMUSG00000086316	ENSG00000204272	ortholog_one2one	1
Nbea	ENSMUSG00000027799	ENSG00000172915	ortholog_one2one	1
Nbeal1	ENSMUSG00000073664	ENSG00000144426	ortholog_one2one	1
Nbeal2	ENSMUSG00000056724	ENSG00000160796	ortholog_one2one	1
Nbl1	ENSMUSG00000041120	ENSG00000158747	ortholog_one2one	1
Nbn	ENSMUSG00000028224	ENSG00000104320	ortholog_one2one	1
Nbr1	ENSMUSG00000017119	ENSG00000188554	ortholog_one2one	1
Ncald	ENSMUSG00000051359	ENSG00000104490	ortholog_one2one	1
Ncam1	ENSMUSG00000039542	ENSG00000149294	ortholog_one2one	1
Ncam2	ENSMUSG00000022762	ENSG00000154654	ortholog_one2one	1
Ncan	ENSMUSG00000002341	ENSG00000130287	ortholog_one2one	1
Ncapd2	ENSMUSG00000038252	ENSG00000010292	ortholog_one2one	1
Ncapd3	ENSMUSG00000035024	ENSG00000151503	ortholog_one2one	1
Ncapg	ENSMUSG00000015880	ENSG00000109805	ortholog_one2one	1
Ncapg2	ENSMUSG00000042029	ENSG00000146918	ortholog_one2one	1
Ncaph	ENSMUSG00000034906	ENSG00000121152	ortholog_one2one	1
Ncaph2	ENSMUSG00000008690	ENSG00000025770	ortholog_one2one	1
Ncbp1	ENSMUSG00000028330	ENSG00000136937	ortholog_one2one	1
Ncbp2	ENSMUSG00000022774	ENSG00000114503	ortholog_one2one	1
Ncbp2as2	ENSMUSG00000107002	ENSG00000270170	ortholog_one2one	1
Ncbp3	ENSMUSG00000020783	ENSG00000074356	ortholog_one2one	1
Nccrp1	ENSMUSG00000047586	ENSG00000188505	ortholog_one2one	1
Ncdn	ENSMUSG00000028833	ENSG00000020129	ortholog_one2one	1
Nceh1	ENSMUSG00000027698	ENSG00000144959	ortholog_one2one	1
Ncf1	ENSMUSG00000015950	ENSG00000158517	ortholog_one2one	1
Ncf2	ENSMUSG00000026480	ENSG00000116701	ortholog_one2one	1
Ncf4	ENSMUSG00000071715	ENSG00000100365	ortholog_one2one	1
Nck1	ENSMUSG00000032475	ENSG00000158092	ortholog_one2one	1
Nck2	ENSMUSG00000066877	ENSG00000071051	ortholog_one2one	1
Nckap1	ENSMUSG00000027002	ENSG00000061676	ortholog_one2one	1
Nckap1l	ENSMUSG00000022488	ENSG00000123338	ortholog_one2one	1
Nckap5	ENSMUSG00000049690	ENSG00000176771	ortholog_one2one	1
Nckap5l	ENSMUSG00000023009	ENSG00000167566	ortholog_one2one	1
Nckipsd	ENSMUSG00000032598	ENSG00000213672	ortholog_one2one	1
Ncl	ENSMUSG00000026234	ENSG00000115053	ortholog_one2one	1
Ncln	ENSMUSG00000020238	ENSG00000125912	ortholog_one2one	1
Ncmap	ENSMUSG00000043924	ENSG00000184454	ortholog_one2one	1
Ncoa1	ENSMUSG00000020647	ENSG00000084676	ortholog_one2one	1
Ncoa2	ENSMUSG00000005886	ENSG00000140396	ortholog_one2one	1
Ncoa3	ENSMUSG00000027678	ENSG00000124151	ortholog_one2one	1
Ncoa4	ENSMUSG00000056234	ENSG00000266412	ortholog_one2one	1
Ncoa5	ENSMUSG00000039804	ENSG00000124160	ortholog_one2one	1
Ncoa6	ENSMUSG00000038369	ENSG00000198646	ortholog_one2one	1
Ncoa7	ENSMUSG00000039697	ENSG00000111912	ortholog_one2one	1
Ncor1	ENSMUSG00000018501	ENSG00000141027	ortholog_one2one	1
Ncor2	ENSMUSG00000029478	ENSG00000196498	ortholog_one2one	1
Ncr1	ENSMUSG00000062524	ENSG00000189430	ortholog_one2one	1
Ncs1	ENSMUSG00000062661	ENSG00000107130	ortholog_one2one	1
Ncstn	ENSMUSG00000003458	ENSG00000162736	ortholog_one2one	1
Ndc1	ENSMUSG00000028614	ENSG00000058804	ortholog_one2one	1
Ndc80	ENSMUSG00000024056	ENSG00000080986	ortholog_one2one	1
Nde1	ENSMUSG00000022678	ENSG00000072864	ortholog_one2one	1
Ndel1	ENSMUSG00000018736	ENSG00000166579	ortholog_one2one	1
Ndfip1	ENSMUSG00000024425	ENSG00000131507	ortholog_one2one	1
Ndfip2	ENSMUSG00000053253	ENSG00000102471	ortholog_one2one	1
Ndn	ENSMUSG00000033585	ENSG00000182636	ortholog_one2one	1
Ndnf	ENSMUSG00000049001	ENSG00000173376	ortholog_one2one	1
Ndp	ENSMUSG00000040138	ENSG00000124479	ortholog_one2one	1
Ndrg1	ENSMUSG00000005125	ENSG00000104419	ortholog_one2one	1
Ndrg2	ENSMUSG00000004558	ENSG00000165795	ortholog_one2one	1
Ndrg3	ENSMUSG00000027634	ENSG00000101079	ortholog_one2one	1
Ndrg4	ENSMUSG00000036564	ENSG00000103034	ortholog_one2one	1
Ndst1	ENSMUSG00000054008	ENSG00000070614	ortholog_one2one	1
Ndst2	ENSMUSG00000039308	ENSG00000166507	ortholog_one2one	1
Ndst3	ENSMUSG00000027977	ENSG00000164100	ortholog_one2one	1
Ndst4	ENSMUSG00000027971	ENSG00000138653	ortholog_one2one	1
Ndufa1	ENSMUSG00000016427	ENSG00000125356	ortholog_one2one	1
Ndufa10	ENSMUSG00000026260	ENSG00000130414	ortholog_one2one	1
Ndufa11	ENSMUSG00000002379	ENSG00000174886	ortholog_one2one	1
Ndufa12	ENSMUSG00000020022	ENSG00000184752	ortholog_one2one	1
Ndufa13	ENSMUSG00000036199	ENSG00000186010	ortholog_one2one	1
Ndufa2	ENSMUSG00000014294	ENSG00000131495	ortholog_one2one	1
Ndufa3	ENSMUSG00000035674	ENSG00000170906	ortholog_one2one	1
Ndufa4	ENSMUSG00000029632	ENSG00000189043	ortholog_one2one	1
Ndufa4l2	ENSMUSG00000040280	ENSG00000185633	ortholog_one2one	1
Ndufa5	ENSMUSG00000023089	ENSG00000128609	ortholog_one2one	1
Ndufa6	ENSMUSG00000022450	ENSG00000184983	ortholog_one2one	1
Ndufa7	ENSMUSG00000041881	ENSG00000267855	ortholog_one2one	1
Ndufa8	ENSMUSG00000026895	ENSG00000119421	ortholog_one2one	1
Ndufa9	ENSMUSG00000000399	ENSG00000139180	ortholog_one2one	1
Ndufab1	ENSMUSG00000030869	ENSG00000004779	ortholog_one2one	1
Ndufaf1	ENSMUSG00000027305	ENSG00000137806	ortholog_one2one	1
Ndufaf2	ENSMUSG00000068184	ENSG00000164182	ortholog_one2one	1
Ndufaf3	ENSMUSG00000070283	ENSG00000178057	ortholog_one2one	1
Ndufaf4	ENSMUSG00000028261	ENSG00000123545	ortholog_one2one	1
Ndufaf5	ENSMUSG00000027384	ENSG00000101247	ortholog_one2one	1
Ndufaf6	ENSMUSG00000050323	ENSG00000156170	ortholog_one2one	1
Ndufaf7	ENSMUSG00000024082	ENSG00000003509	ortholog_one2one	1
Ndufaf8	ENSMUSG00000078572	ENSG00000224877	ortholog_one2one	1
Ndufb1	ENSMUSG00000113902	ENSG00000183648	ortholog_one2one	1
Ndufb10	ENSMUSG00000040048	ENSG00000140990	ortholog_one2one	1
Ndufb2	ENSMUSG00000002416	ENSG00000090266	ortholog_one2one	1
Ndufb3	ENSMUSG00000026032	ENSG00000119013	ortholog_one2one	1
Ndufb4	ENSMUSG00000022820	ENSG00000065518	ortholog_one2one	1
Ndufb5	ENSMUSG00000027673	ENSG00000136521	ortholog_one2one	1
Ndufb6	ENSMUSG00000071014	ENSG00000165264	ortholog_one2one	1
Ndufb7	ENSMUSG00000033938	ENSG00000099795	ortholog_one2one	1
Ndufb8	ENSMUSG00000025204	ENSG00000166136	ortholog_one2one	1
Ndufb9	ENSMUSG00000022354	ENSG00000147684	ortholog_one2one	1
Ndufc1	ENSMUSG00000037152	ENSG00000109390	ortholog_one2one	1
Ndufc2	ENSMUSG00000030647	ENSG00000151366	ortholog_one2one	1
Ndufs1	ENSMUSG00000025968	ENSG00000023228	ortholog_one2one	1
Ndufs2	ENSMUSG00000013593	ENSG00000158864	ortholog_one2one	1
Ndufs3	ENSMUSG00000005510	ENSG00000213619	ortholog_one2one	1
Ndufs4	ENSMUSG00000021764	ENSG00000164258	ortholog_one2one	1
Ndufs5	ENSMUSG00000028648	ENSG00000168653	ortholog_one2one	1
Ndufs6	ENSMUSG00000021606	ENSG00000145494	ortholog_one2one	1
Ndufs7	ENSMUSG00000020153	ENSG00000115286	ortholog_one2one	1
Ndufs8	ENSMUSG00000059734	ENSG00000110717	ortholog_one2one	1
Ndufv1	ENSMUSG00000037916	ENSG00000167792	ortholog_one2one	1
Ndufv2	ENSMUSG00000024099	ENSG00000178127	ortholog_one2one	1
Neb	ENSMUSG00000026950	ENSG00000183091	ortholog_one2one	1
Nebl	ENSMUSG00000053702	ENSG00000078114	ortholog_one2one	1
Necab1	ENSMUSG00000040536	ENSG00000123119	ortholog_one2one	1
Necab2	ENSMUSG00000031837	ENSG00000103154	ortholog_one2one	1
Necab3	ENSMUSG00000027489	ENSG00000125967	ortholog_one2one	1
Necap1	ENSMUSG00000030327	ENSG00000089818	ortholog_one2one	1
Necap2	ENSMUSG00000028923	ENSG00000157191	ortholog_one2one	1
Nectin1	ENSMUSG00000032012	ENSG00000110400	ortholog_one2one	1
Nectin2	ENSMUSG00000062300	ENSG00000130202	ortholog_one2one	1
Nectin3	ENSMUSG00000022656	ENSG00000177707	ortholog_one2one	1
Nectin4	ENSMUSG00000006411	ENSG00000143217	ortholog_one2one	1
Nedd1	ENSMUSG00000019988	ENSG00000139350	ortholog_one2one	1
Nedd4	ENSMUSG00000032216	ENSG00000069869	ortholog_one2one	1
Nedd4l	ENSMUSG00000024589	ENSG00000049759	ortholog_one2one	1
Nedd8	ENSMUSG00000010376	ENSG00000129559	ortholog_one2one	1
Nedd9	ENSMUSG00000021365	ENSG00000111859	ortholog_one2one	1
Nefh	ENSMUSG00000020396	ENSG00000100285	ortholog_one2one	1
Nefl	ENSMUSG00000022055	ENSG00000277586	ortholog_one2one	1
Negr1	ENSMUSG00000040037	ENSG00000172260	ortholog_one2one	1
Neil1	ENSMUSG00000032298	ENSG00000140398	ortholog_one2one	1
Neil2	ENSMUSG00000035121	ENSG00000154328	ortholog_one2one	1
Neil3	ENSMUSG00000039396	ENSG00000109674	ortholog_one2one	1
Nek1	ENSMUSG00000031644	ENSG00000137601	ortholog_one2one	1
Nek10	ENSMUSG00000042567	ENSG00000163491	ortholog_one2one	1
Nek11	ENSMUSG00000035032	ENSG00000114670	ortholog_one2one	1
Nek2	ENSMUSG00000026622	ENSG00000117650	ortholog_one2one	1
Nek3	ENSMUSG00000031478	ENSG00000136098	ortholog_one2one	1
Nek4	ENSMUSG00000021918	ENSG00000114904	ortholog_one2one	1
Nek6	ENSMUSG00000026749	ENSG00000119408	ortholog_one2one	1
Nek7	ENSMUSG00000026393	ENSG00000151414	ortholog_one2one	1
Nek8	ENSMUSG00000017405	ENSG00000160602	ortholog_one2one	1
Nek9	ENSMUSG00000034290	ENSG00000119638	ortholog_one2one	1
Nelfa	ENSMUSG00000029111	ENSG00000185049	ortholog_one2one	1
Nelfb	ENSMUSG00000013465	ENSG00000188986	ortholog_one2one	1
Nelfcd	ENSMUSG00000016253	ENSG00000101158	ortholog_one2one	1
Nelfe	ENSMUSG00000024369	ENSG00000204356	ortholog_one2one	1
Nell1	ENSMUSG00000055409	ENSG00000165973	ortholog_one2one	1
Nell2	ENSMUSG00000022454	ENSG00000184613	ortholog_one2one	1
Nemf	ENSMUSG00000020982	ENSG00000165525	ortholog_one2one	1
Nemp1	ENSMUSG00000040195	ENSG00000166881	ortholog_one2one	1
Nemp2	ENSMUSG00000043015	ENSG00000189362	ortholog_one2one	1
Nenf	ENSMUSG00000037499	ENSG00000117691	ortholog_one2one	1
Neo1	ENSMUSG00000032340	ENSG00000067141	ortholog_one2one	1
Nepro	ENSMUSG00000036208	ENSG00000163608	ortholog_one2one	1
Nes	ENSMUSG00000004891	ENSG00000132688	ortholog_one2one	1
Net1	ENSMUSG00000021215	ENSG00000173848	ortholog_one2one	1
Neto1	ENSMUSG00000050321	ENSG00000166342	ortholog_one2one	1
Neto2	ENSMUSG00000036902	ENSG00000171208	ortholog_one2one	1
Neu1	ENSMUSG00000007038	ENSG00000204386	ortholog_one2one	1
Neu2	ENSMUSG00000079434	ENSG00000115488	ortholog_one2one	1
Neu3	ENSMUSG00000035239	ENSG00000162139	ortholog_one2one	1
Neu4	ENSMUSG00000034000	ENSG00000204099	ortholog_one2one	1
Neurl1a	ENSMUSG00000006435	ENSG00000107954	ortholog_one2one	1
Neurl1b	ENSMUSG00000034413	ENSG00000214357	ortholog_one2one	1
Neurl2	ENSMUSG00000039873	ENSG00000124257	ortholog_one2one	1
Neurl3	ENSMUSG00000047180	ENSG00000163121	ortholog_one2one	1
Neurl4	ENSMUSG00000047284	ENSG00000215041	ortholog_one2one	1
Neurod1	ENSMUSG00000034701	ENSG00000162992	ortholog_one2one	1
Neurod2	ENSMUSG00000038255	ENSG00000171532	ortholog_one2one	1
Neurod4	ENSMUSG00000048015	ENSG00000123307	ortholog_one2one	1
Neurod6	ENSMUSG00000037984	ENSG00000164600	ortholog_one2one	1
Neurog1	ENSMUSG00000048904	ENSG00000181965	ortholog_one2one	1
Neurog2	ENSMUSG00000027967	ENSG00000178403	ortholog_one2one	1
Neurog3	ENSMUSG00000044312	ENSG00000122859	ortholog_one2one	1
Nexmif	ENSMUSG00000046449	ENSG00000050030	ortholog_one2one	1
Nexn	ENSMUSG00000039103	ENSG00000162614	ortholog_one2one	1
Nf1	ENSMUSG00000020716	ENSG00000196712	ortholog_one2one	1
Nf2	ENSMUSG00000009073	ENSG00000186575	ortholog_one2one	1
Nfasc	ENSMUSG00000026442	ENSG00000163531	ortholog_one2one	1
Nfat5	ENSMUSG00000003847	ENSG00000102908	ortholog_one2one	1
Nfatc1	ENSMUSG00000033016	ENSG00000131196	ortholog_one2one	1
Nfatc2	ENSMUSG00000027544	ENSG00000101096	ortholog_one2one	1
Nfatc2ip	ENSMUSG00000030722	ENSG00000176953	ortholog_one2one	1
Nfatc3	ENSMUSG00000031902	ENSG00000072736	ortholog_one2one	1
Nfatc4	ENSMUSG00000023411	ENSG00000100968	ortholog_one2one	1
Nfe2	ENSMUSG00000058794	ENSG00000123405	ortholog_one2one	1
Nfe2l1	ENSMUSG00000038615	ENSG00000082641	ortholog_one2one	1
Nfe2l2	ENSMUSG00000015839	ENSG00000116044	ortholog_one2one	1
Nfe2l3	ENSMUSG00000029832	ENSG00000050344	ortholog_one2one	1
Nfia	ENSMUSG00000028565	ENSG00000162599	ortholog_one2one	1
Nfib	ENSMUSG00000008575	ENSG00000147862	ortholog_one2one	1
Nfic	ENSMUSG00000055053	ENSG00000141905	ortholog_one2one	1
Nfil3	ENSMUSG00000056749	ENSG00000165030	ortholog_one2one	1
Nfilz	ENSMUSG00000117495	ENSG00000268480	ortholog_one2one	1
Nfix	ENSMUSG00000001911	ENSG00000008441	ortholog_one2one	1
Nfkb1	ENSMUSG00000028163	ENSG00000109320	ortholog_one2one	1
Nfkb2	ENSMUSG00000025225	ENSG00000077150	ortholog_one2one	1
Nfkbia	ENSMUSG00000021025	ENSG00000100906	ortholog_one2one	1
Nfkbib	ENSMUSG00000030595	ENSG00000104825	ortholog_one2one	1
Nfkbid	ENSMUSG00000036931	ENSG00000167604	ortholog_one2one	1
Nfkbie	ENSMUSG00000023947	ENSG00000146232	ortholog_one2one	1
Nfkbil1	ENSMUSG00000042419	ENSG00000204498	ortholog_one2one	1
Nfkbiz	ENSMUSG00000035356	ENSG00000144802	ortholog_one2one	1
Nfrkb	ENSMUSG00000042185	ENSG00000170322	ortholog_one2one	1
Nfs1	ENSMUSG00000027618	ENSG00000244005	ortholog_one2one	1
Nfu1	ENSMUSG00000029993	ENSG00000169599	ortholog_one2one	1
Nfx1	ENSMUSG00000028423	ENSG00000086102	ortholog_one2one	1
Nfxl1	ENSMUSG00000072889	ENSG00000170448	ortholog_one2one	1
Nfya	ENSMUSG00000023994	ENSG00000001167	ortholog_one2one	1
Nfyb	ENSMUSG00000020248	ENSG00000120837	ortholog_one2one	1
Nfyc	ENSMUSG00000032897	ENSG00000066136	ortholog_one2one	1
Ngb	ENSMUSG00000021032	ENSG00000165553	ortholog_one2one	1
Ngdn	ENSMUSG00000022204	ENSG00000129460	ortholog_one2one	1
Ngef	ENSMUSG00000026259	ENSG00000066248	ortholog_one2one	1
Ngf	ENSMUSG00000027859	ENSG00000134259	ortholog_one2one	1
Ngfr	ENSMUSG00000000120	ENSG00000064300	ortholog_one2one	1
Ngly1	ENSMUSG00000021785	ENSG00000151092	ortholog_one2one	1
Ngrn	ENSMUSG00000047084	ENSG00000182768	ortholog_one2one	1
Nhej1	ENSMUSG00000026162	ENSG00000187736	ortholog_one2one	1
Nherf1	ENSMUSG00000020733	ENSG00000109062	ortholog_one2one	1
Nherf2	ENSMUSG00000002504	ENSG00000065054	ortholog_one2one	1
Nherf4	ENSMUSG00000032105	ENSG00000172367	ortholog_one2one	1
Nhlh1	ENSMUSG00000051251	ENSG00000171786	ortholog_one2one	1
Nhlh2	ENSMUSG00000048540	ENSG00000177551	ortholog_one2one	1
Nhlrc1	ENSMUSG00000044231	ENSG00000187566	ortholog_one2one	1
Nhlrc2	ENSMUSG00000025078	ENSG00000196865	ortholog_one2one	1
Nhlrc3	ENSMUSG00000042997	ENSG00000188811	ortholog_one2one	1
Nhlrc4	ENSMUSG00000090113	ENSG00000257108	ortholog_one2one	1
Nhp2	ENSMUSG00000001056	ENSG00000145912	ortholog_one2one	1
Nhs	ENSMUSG00000059493	ENSG00000188158	ortholog_one2one	1
Nhsl1	ENSMUSG00000039835	ENSG00000135540	ortholog_one2one	1
Nhsl2	ENSMUSG00000079481	ENSG00000204131	ortholog_one2one	1
Nhsl3	ENSMUSG00000050390	ENSG00000162522	ortholog_one2one	1
Niban1	ENSMUSG00000026483	ENSG00000135842	ortholog_one2one	1
Niban2	ENSMUSG00000026796	ENSG00000136830	ortholog_one2one	1
Niban3	ENSMUSG00000043243	ENSG00000167483	ortholog_one2one	1
Nicn1	ENSMUSG00000032606	ENSG00000145029	ortholog_one2one	1
Nicol1	ENSMUSG00000070858	ENSG00000243449	ortholog_one2one	1
Nid1	ENSMUSG00000005397	ENSG00000116962	ortholog_one2one	1
Nid2	ENSMUSG00000021806	ENSG00000087303	ortholog_one2one	1
Nif3l1	ENSMUSG00000026036	ENSG00000196290	ortholog_one2one	1
Nifk	ENSMUSG00000026377	ENSG00000155438	ortholog_one2one	1
Nim1k	ENSMUSG00000095930	ENSG00000177453	ortholog_one2one	1
Nin	ENSMUSG00000021068	ENSG00000100503	ortholog_one2one	1
Ninj1	ENSMUSG00000037966	ENSG00000131669	ortholog_one2one	1
Ninj2	ENSMUSG00000041377	ENSG00000171840	ortholog_one2one	1
Ninl	ENSMUSG00000068115	ENSG00000101004	ortholog_one2one	1
Nip7	ENSMUSG00000031917	ENSG00000132603	ortholog_one2one	1
Nipa1	ENSMUSG00000047037	ENSG00000170113	ortholog_one2one	1
Nipa2	ENSMUSG00000030452	ENSG00000140157	ortholog_one2one	1
Nipal1	ENSMUSG00000067219	ENSG00000163293	ortholog_one2one	1
Nipal2	ENSMUSG00000038879	ENSG00000104361	ortholog_one2one	1
Nipal3	ENSMUSG00000028803	ENSG00000001461	ortholog_one2one	1
Nipal4	ENSMUSG00000020411	ENSG00000172548	ortholog_one2one	1
Nipbl	ENSMUSG00000022141	ENSG00000164190	ortholog_one2one	1
Nipsnap1	ENSMUSG00000034285	ENSG00000184117	ortholog_one2one	1
Nipsnap2	ENSMUSG00000029432	ENSG00000146729	ortholog_one2one	1
Nisch	ENSMUSG00000021910	ENSG00000010322	ortholog_one2one	1
Nit1	ENSMUSG00000013997	ENSG00000158793	ortholog_one2one	1
Nit2	ENSMUSG00000022751	ENSG00000114021	ortholog_one2one	1
Nkain1	ENSMUSG00000078532	ENSG00000084628	ortholog_one2one	1
Nkain2	ENSMUSG00000069670	ENSG00000188580	ortholog_one2one	1
Nkain3	ENSMUSG00000055761	ENSG00000185942	ortholog_one2one	1
Nkain4	ENSMUSG00000027574	ENSG00000101198	ortholog_one2one	1
Nkap	ENSMUSG00000016409	ENSG00000101882	ortholog_one2one	1
Nkapd1	ENSMUSG00000059820	ENSG00000150776	ortholog_one2one	1
Nkapl	ENSMUSG00000059395	ENSG00000189134	ortholog_one2one	1
Nkd1	ENSMUSG00000031661	ENSG00000140807	ortholog_one2one	1
Nkd2	ENSMUSG00000021567	ENSG00000145506	ortholog_one2one	1
Nkg7	ENSMUSG00000004612	ENSG00000105374	ortholog_one2one	1
Nkiras1	ENSMUSG00000021772	ENSG00000197885	ortholog_one2one	1
Nkiras2	ENSMUSG00000017837	ENSG00000168256	ortholog_one2one	1
Nkpd1	ENSMUSG00000060621	ENSG00000179846	ortholog_one2one	1
Nkrf	ENSMUSG00000044149	ENSG00000186416	ortholog_one2one	1
Nktr	ENSMUSG00000032525	ENSG00000114857	ortholog_one2one	1
Nkx1-1	ENSMUSG00000029112	ENSG00000235608	ortholog_one2one	1
Nkx1-2	ENSMUSG00000048528	ENSG00000229544	ortholog_one2one	1
Nkx2-1	ENSMUSG00000001496	ENSG00000136352	ortholog_one2one	1
Nkx2-2	ENSMUSG00000027434	ENSG00000125820	ortholog_one2one	1
Nkx2-3	ENSMUSG00000044220	ENSG00000119919	ortholog_one2one	1
Nkx2-4	ENSMUSG00000054160	ENSG00000125816	ortholog_one2one	1
Nkx2-5	ENSMUSG00000015579	ENSG00000183072	ortholog_one2one	1
Nkx2-6	ENSMUSG00000044186	ENSG00000180053	ortholog_one2one	1
Nkx2-9	ENSMUSG00000058669	ENSG00000136327	ortholog_one2one	1
Nkx3-1	ENSMUSG00000022061	ENSG00000167034	ortholog_one2one	1
Nkx3-2	ENSMUSG00000049691	ENSG00000109705	ortholog_one2one	1
Nkx6-1	ENSMUSG00000035187	ENSG00000163623	ortholog_one2one	1
Nkx6-2	ENSMUSG00000041309	ENSG00000148826	ortholog_one2one	1
Nkx6-3	ENSMUSG00000063672	ENSG00000165066	ortholog_one2one	1
Nle1	ENSMUSG00000020692	ENSG00000073536	ortholog_one2one	1
Nlgn1	ENSMUSG00000063887	ENSG00000169760	ortholog_one2one	1
Nlgn2	ENSMUSG00000051790	ENSG00000169992	ortholog_one2one	1
Nlgn3	ENSMUSG00000031302	ENSG00000196338	ortholog_one2one	1
Nlk	ENSMUSG00000017376	ENSG00000087095	ortholog_one2one	1
Nln	ENSMUSG00000021710	ENSG00000123213	ortholog_one2one	1
Nlrc3	ENSMUSG00000049871	ENSG00000167984	ortholog_one2one	1
Nlrc4	ENSMUSG00000039193	ENSG00000091106	ortholog_one2one	1
Nlrc5	ENSMUSG00000074151	ENSG00000140853	ortholog_one2one	1
Nlrp10	ENSMUSG00000049709	ENSG00000182261	ortholog_one2one	1
Nlrp12	ENSMUSG00000078817	ENSG00000142405	ortholog_one2one	1
Nlrp14	ENSMUSG00000016626	ENSG00000158077	ortholog_one2one	1
Nlrp3	ENSMUSG00000032691	ENSG00000162711	ortholog_one2one	1
Nlrp6	ENSMUSG00000038745	ENSG00000174885	ortholog_one2one	1
Nlrx1	ENSMUSG00000032109	ENSG00000160703	ortholog_one2one	1
Nmb	ENSMUSG00000025723	ENSG00000197696	ortholog_one2one	1
Nmbr	ENSMUSG00000019865	ENSG00000135577	ortholog_one2one	1
Nmd3	ENSMUSG00000027787	ENSG00000169251	ortholog_one2one	1
Nme1	ENSMUSG00000037601	ENSG00000239672	ortholog_one2one	1
Nme2	ENSMUSG00000020857	ENSG00000243678	ortholog_one2one	1
Nme3	ENSMUSG00000073435	ENSG00000103024	ortholog_one2one	1
Nme4	ENSMUSG00000024177	ENSG00000103202	ortholog_one2one	1
Nme5	ENSMUSG00000035984	ENSG00000112981	ortholog_one2one	1
Nme6	ENSMUSG00000032478	ENSG00000172113	ortholog_one2one	1
Nme7	ENSMUSG00000026575	ENSG00000143156	ortholog_one2one	1
Nme8	ENSMUSG00000041138	ENSG00000086288	ortholog_one2one	1
Nme9	ENSMUSG00000046242	ENSG00000181322	ortholog_one2one	1
Nmi	ENSMUSG00000026946	ENSG00000123609	ortholog_one2one	1
Nmnat1	ENSMUSG00000028992	ENSG00000173614	ortholog_one2one	1
Nmnat2	ENSMUSG00000042751	ENSG00000157064	ortholog_one2one	1
Nmnat3	ENSMUSG00000032456	ENSG00000163864	ortholog_one2one	1
Nmral1	ENSMUSG00000063445	ENSG00000153406	ortholog_one2one	1
Nmrk2	ENSMUSG00000004939	ENSG00000077009	ortholog_one2one	1
Nms	ENSMUSG00000067604	ENSG00000204640	ortholog_one2one	1
Nmt1	ENSMUSG00000020936	ENSG00000136448	ortholog_one2one	1
Nmt2	ENSMUSG00000026643	ENSG00000152465	ortholog_one2one	1
Nmu	ENSMUSG00000029236	ENSG00000109255	ortholog_one2one	1
Nmur1	ENSMUSG00000026237	ENSG00000171596	ortholog_one2one	1
Nmur2	ENSMUSG00000037393	ENSG00000132911	ortholog_one2one	1
Nnmt	ENSMUSG00000032271	ENSG00000166741	ortholog_one2one	1
Nnt	ENSMUSG00000025453	ENSG00000112992	ortholog_one2one	1
Noa1	ENSMUSG00000036285	ENSG00000084092	ortholog_one2one	1
Nob1	ENSMUSG00000003848	ENSG00000141101	ortholog_one2one	1
Nobox	ENSMUSG00000029736	ENSG00000106410	ortholog_one2one	1
Noc2l	ENSMUSG00000095567	ENSG00000188976	ortholog_one2one	1
Noc3l	ENSMUSG00000024999	ENSG00000173145	ortholog_one2one	1
Noc4l	ENSMUSG00000033294	ENSG00000184967	ortholog_one2one	1
Noct	ENSMUSG00000023087	ENSG00000151014	ortholog_one2one	1
Nod1	ENSMUSG00000038058	ENSG00000106100	ortholog_one2one	1
Nod2	ENSMUSG00000055994	ENSG00000167207	ortholog_one2one	1
Nodal	ENSMUSG00000037171	ENSG00000156574	ortholog_one2one	1
Nog	ENSMUSG00000048616	ENSG00000183691	ortholog_one2one	1
Nol10	ENSMUSG00000061458	ENSG00000115761	ortholog_one2one	1
Nol11	ENSMUSG00000018433	ENSG00000130935	ortholog_one2one	1
Nol12	ENSMUSG00000033099	ENSG00000273899	ortholog_one2one	1
Nol3	ENSMUSG00000014776	ENSG00000140939	ortholog_one2one	1
Nol4	ENSMUSG00000041923	ENSG00000101746	ortholog_one2one	1
Nol4l	ENSMUSG00000061411	ENSG00000197183	ortholog_one2one	1
Nol6	ENSMUSG00000028430	ENSG00000165271	ortholog_one2one	1
Nol7	ENSMUSG00000063200	ENSG00000225921	ortholog_one2one	1
Nol8	ENSMUSG00000021392	ENSG00000198000	ortholog_one2one	1
Nol9	ENSMUSG00000028948	ENSG00000162408	ortholog_one2one	1
Nolc1	ENSMUSG00000015176	ENSG00000166197	ortholog_one2one	1
Nom1	ENSMUSG00000001569	ENSG00000146909	ortholog_one2one	1
Nono	ENSMUSG00000031311	ENSG00000147140	ortholog_one2one	1
Nop10	ENSMUSG00000027133	ENSG00000182117	ortholog_one2one	1
Nop14	ENSMUSG00000036693	ENSG00000087269	ortholog_one2one	1
Nop16	ENSMUSG00000025869	ENSG00000048162	ortholog_one2one	1
Nop2	ENSMUSG00000038279	ENSG00000111641	ortholog_one2one	1
Nop53	ENSMUSG00000041560	ENSG00000105373	ortholog_one2one	1
Nop56	ENSMUSG00000027405	ENSG00000101361	ortholog_one2one	1
Nop58	ENSMUSG00000026020	ENSG00000055044	ortholog_one2one	1
Nop9	ENSMUSG00000019297	ENSG00000196943	ortholog_one2one	1
Nopchap1	ENSMUSG00000020255	ENSG00000151131	ortholog_one2one	1
Nos1	ENSMUSG00000029361	ENSG00000089250	ortholog_one2one	1
Nos1ap	ENSMUSG00000038473	ENSG00000198929	ortholog_one2one	1
Nos2	ENSMUSG00000020826	ENSG00000007171	ortholog_one2one	1
Nos3	ENSMUSG00000028978	ENSG00000164867	ortholog_one2one	1
Nosip	ENSMUSG00000003421	ENSG00000142546	ortholog_one2one	1
Nostrin	ENSMUSG00000034738	ENSG00000163072	ortholog_one2one	1
Notch1	ENSMUSG00000026923	ENSG00000148400	ortholog_one2one	1
Notch2	ENSMUSG00000027878	ENSG00000134250	ortholog_one2one	1
Notch3	ENSMUSG00000038146	ENSG00000074181	ortholog_one2one	1
Noto	ENSMUSG00000068302	ENSG00000214513	ortholog_one2one	1
Notum	ENSMUSG00000042988	ENSG00000185269	ortholog_one2one	1
Nova1	ENSMUSG00000021047	ENSG00000139910	ortholog_one2one	1
Nova2	ENSMUSG00000030411	ENSG00000104967	ortholog_one2one	1
Nox1	ENSMUSG00000031257	ENSG00000007952	ortholog_one2one	1
Nox3	ENSMUSG00000023802	ENSG00000074771	ortholog_one2one	1
Nox4	ENSMUSG00000030562	ENSG00000086991	ortholog_one2one	1
Noxa1	ENSMUSG00000036805	ENSG00000188747	ortholog_one2one	1
Noxo1	ENSMUSG00000019320	ENSG00000196408	ortholog_one2one	1
Noxred1	ENSMUSG00000072919	ENSG00000165555	ortholog_one2one	1
Npas1	ENSMUSG00000001988	ENSG00000130751	ortholog_one2one	1
Npas2	ENSMUSG00000026077	ENSG00000170485	ortholog_one2one	1
Npas3	ENSMUSG00000021010	ENSG00000151322	ortholog_one2one	1
Npas4	ENSMUSG00000045903	ENSG00000174576	ortholog_one2one	1
Npat	ENSMUSG00000033054	ENSG00000149308	ortholog_one2one	1
Npb	ENSMUSG00000044034	ENSG00000183979	ortholog_one2one	1
Npbwr1	ENSMUSG00000033774	ENSG00000288611	ortholog_one2one	1
Npc1	ENSMUSG00000024413	ENSG00000141458	ortholog_one2one	1
Npc1l1	ENSMUSG00000020447	ENSG00000015520	ortholog_one2one	1
Npc2	ENSMUSG00000021242	ENSG00000119655	ortholog_one2one	1
Npdc1	ENSMUSG00000015094	ENSG00000107281	ortholog_one2one	1
Npepl1	ENSMUSG00000039263	ENSG00000215440	ortholog_one2one	1
Npepps	ENSMUSG00000001441	ENSG00000141279	ortholog_one2one	1
Npff	ENSMUSG00000023052	ENSG00000139574	ortholog_one2one	1
Npffr1	ENSMUSG00000020090	ENSG00000148734	ortholog_one2one	1
Npffr2	ENSMUSG00000035528	ENSG00000056291	ortholog_one2one	1
Nphp1	ENSMUSG00000027378	ENSG00000144061	ortholog_one2one	1
Nphp3	ENSMUSG00000032558	ENSG00000113971	ortholog_one2one	1
Nphp4	ENSMUSG00000039577	ENSG00000131697	ortholog_one2one	1
Nphs1	ENSMUSG00000006649	ENSG00000161270	ortholog_one2one	1
Nphs2	ENSMUSG00000026602	ENSG00000116218	ortholog_one2one	1
Npl	ENSMUSG00000042684	ENSG00000135838	ortholog_one2one	1
Nploc4	ENSMUSG00000039703	ENSG00000182446	ortholog_one2one	1
Npm1	ENSMUSG00000057113	ENSG00000181163	ortholog_one2one	1
Npm2	ENSMUSG00000047911	ENSG00000158806	ortholog_one2one	1
Npm3	ENSMUSG00000056209	ENSG00000107833	ortholog_one2one	1
Npnt	ENSMUSG00000040998	ENSG00000168743	ortholog_one2one	1
Nppa	ENSMUSG00000041616	ENSG00000175206	ortholog_one2one	1
Nppc	ENSMUSG00000026241	ENSG00000163273	ortholog_one2one	1
Npr1	ENSMUSG00000027931	ENSG00000169418	ortholog_one2one	1
Npr2	ENSMUSG00000028469	ENSG00000159899	ortholog_one2one	1
Npr3	ENSMUSG00000022206	ENSG00000113389	ortholog_one2one	1
Nprl2	ENSMUSG00000010057	ENSG00000114388	ortholog_one2one	1
Nprl3	ENSMUSG00000020289	ENSG00000103148	ortholog_one2one	1
Nps	ENSMUSG00000073804	ENSG00000214285	ortholog_one2one	1
Npsr1	ENSMUSG00000043659	ENSG00000187258	ortholog_one2one	1
Nptn	ENSMUSG00000032336	ENSG00000156642	ortholog_one2one	1
Nptx1	ENSMUSG00000025582	ENSG00000171246	ortholog_one2one	1
Nptx2	ENSMUSG00000059991	ENSG00000106236	ortholog_one2one	1
Nptxr	ENSMUSG00000022421	ENSG00000221890	ortholog_one2one	1
Npvf	ENSMUSG00000029831	ENSG00000105954	ortholog_one2one	1
Npw	ENSMUSG00000071230	ENSG00000183971	ortholog_one2one	1
Npy	ENSMUSG00000029819	ENSG00000122585	ortholog_one2one	1
Npy1r	ENSMUSG00000036437	ENSG00000164128	ortholog_one2one	1
Npy2r	ENSMUSG00000028004	ENSG00000185149	ortholog_one2one	1
Npy5r	ENSMUSG00000044014	ENSG00000164129	ortholog_one2one	1
Nqo1	ENSMUSG00000003849	ENSG00000181019	ortholog_one2one	1
Nqo2	ENSMUSG00000046949	ENSG00000124588	ortholog_one2one	1
Nr0b1	ENSMUSG00000025056	ENSG00000169297	ortholog_one2one	1
Nr0b2	ENSMUSG00000037583	ENSG00000131910	ortholog_one2one	1
Nr1d1	ENSMUSG00000020889	ENSG00000126368	ortholog_one2one	1
Nr1d2	ENSMUSG00000021775	ENSG00000174738	ortholog_one2one	1
Nr1h2	ENSMUSG00000060601	ENSG00000131408	ortholog_one2one	1
Nr1h3	ENSMUSG00000002108	ENSG00000025434	ortholog_one2one	1
Nr1h4	ENSMUSG00000047638	ENSG00000012504	ortholog_one2one	1
Nr1i2	ENSMUSG00000022809	ENSG00000144852	ortholog_one2one	1
Nr1i3	ENSMUSG00000005677	ENSG00000143257	ortholog_one2one	1
Nr2c1	ENSMUSG00000005897	ENSG00000120798	ortholog_one2one	1
Nr2c2	ENSMUSG00000005893	ENSG00000177463	ortholog_one2one	1
Nr2c2ap	ENSMUSG00000071078	ENSG00000184162	ortholog_one2one	1
Nr2e1	ENSMUSG00000019803	ENSG00000112333	ortholog_one2one	1
Nr2e3	ENSMUSG00000032292	ENSG00000278570	ortholog_one2one	1
Nr2f1	ENSMUSG00000069171	ENSG00000175745	ortholog_one2one	1
Nr2f2	ENSMUSG00000030551	ENSG00000185551	ortholog_one2one	1
Nr2f6	ENSMUSG00000002393	ENSG00000160113	ortholog_one2one	1
Nr3c1	ENSMUSG00000024431	ENSG00000113580	ortholog_one2one	1
Nr3c2	ENSMUSG00000031618	ENSG00000151623	ortholog_one2one	1
Nr4a1	ENSMUSG00000023034	ENSG00000123358	ortholog_one2one	1
Nr4a2	ENSMUSG00000026826	ENSG00000153234	ortholog_one2one	1
Nr4a3	ENSMUSG00000028341	ENSG00000119508	ortholog_one2one	1
Nr5a1	ENSMUSG00000026751	ENSG00000136931	ortholog_one2one	1
Nr5a2	ENSMUSG00000026398	ENSG00000116833	ortholog_one2one	1
Nr6a1	ENSMUSG00000063972	ENSG00000148200	ortholog_one2one	1
Nrap	ENSMUSG00000049134	ENSG00000197893	ortholog_one2one	1
Nrarp	ENSMUSG00000078202	ENSG00000198435	ortholog_one2one	1
Nras	ENSMUSG00000027852	ENSG00000213281	ortholog_one2one	1
Nrbf2	ENSMUSG00000075000	ENSG00000148572	ortholog_one2one	1
Nrbp1	ENSMUSG00000029148	ENSG00000115216	ortholog_one2one	1
Nrbp2	ENSMUSG00000075590	ENSG00000185189	ortholog_one2one	1
Nrcam	ENSMUSG00000020598	ENSG00000091129	ortholog_one2one	1
Nrdc	ENSMUSG00000053510	ENSG00000078618	ortholog_one2one	1
Nrde2	ENSMUSG00000021179	ENSG00000119720	ortholog_one2one	1
Nrep	ENSMUSG00000042834	ENSG00000134986	ortholog_one2one	1
Nrf1	ENSMUSG00000058440	ENSG00000106459	ortholog_one2one	1
Nrg2	ENSMUSG00000060275	ENSG00000158458	ortholog_one2one	1
Nrg3	ENSMUSG00000041014	ENSG00000185737	ortholog_one2one	1
Nrg4	ENSMUSG00000032311	ENSG00000169752	ortholog_one2one	1
Nrgn	ENSMUSG00000053310	ENSG00000154146	ortholog_one2one	1
Nrip1	ENSMUSG00000048490	ENSG00000180530	ortholog_one2one	1
Nrip2	ENSMUSG00000001520	ENSG00000053702	ortholog_one2one	1
Nrip3	ENSMUSG00000034825	ENSG00000175352	ortholog_one2one	1
Nrk	ENSMUSG00000052854	ENSG00000123572	ortholog_one2one	1
Nrl	ENSMUSG00000040632	ENSG00000129535	ortholog_one2one	1
Nrm	ENSMUSG00000059791	ENSG00000137404	ortholog_one2one	1
Nrn1	ENSMUSG00000039114	ENSG00000124785	ortholog_one2one	1
Nrn1l	ENSMUSG00000044287	ENSG00000188038	ortholog_one2one	1
Nrp1	ENSMUSG00000025810	ENSG00000099250	ortholog_one2one	1
Nrp2	ENSMUSG00000025969	ENSG00000118257	ortholog_one2one	1
Nrros	ENSMUSG00000052384	ENSG00000174004	ortholog_one2one	1
Nrsn1	ENSMUSG00000048978	ENSG00000152954	ortholog_one2one	1
Nrsn2	ENSMUSG00000059361	ENSG00000125841	ortholog_one2one	1
Nrtn	ENSMUSG00000039481	ENSG00000171119	ortholog_one2one	1
Nrxn1	ENSMUSG00000024109	ENSG00000179915	ortholog_one2one	1
Nrxn2	ENSMUSG00000033768	ENSG00000110076	ortholog_one2one	1
Nrxn3	ENSMUSG00000066392	ENSG00000021645	ortholog_one2one	1
Nsa2	ENSMUSG00000060739	ENSG00000164346	ortholog_one2one	1
Nsd1	ENSMUSG00000021488	ENSG00000165671	ortholog_one2one	1
Nsd2	ENSMUSG00000057406	ENSG00000109685	ortholog_one2one	1
Nsd3	ENSMUSG00000054823	ENSG00000147548	ortholog_one2one	1
Nsdhl	ENSMUSG00000031349	ENSG00000147383	ortholog_one2one	1
Nsf	ENSMUSG00000034187	ENSG00000073969	ortholog_one2one	1
Nsfl1c	ENSMUSG00000027455	ENSG00000088833	ortholog_one2one	1
Nsg1	ENSMUSG00000029126	ENSG00000168824	ortholog_one2one	1
Nsg2	ENSMUSG00000020297	ENSG00000170091	ortholog_one2one	1
Nsl1	ENSMUSG00000062510	ENSG00000117697	ortholog_one2one	1
Nsmaf	ENSMUSG00000028245	ENSG00000035681	ortholog_one2one	1
Nsmce1	ENSMUSG00000030750	ENSG00000169189	ortholog_one2one	1
Nsmce2	ENSMUSG00000059586	ENSG00000156831	ortholog_one2one	1
Nsmce4a	ENSMUSG00000040331	ENSG00000107672	ortholog_one2one	1
Nsmf	ENSMUSG00000006476	ENSG00000165802	ortholog_one2one	1
Nsrp1	ENSMUSG00000037958	ENSG00000126653	ortholog_one2one	1
Nsun2	ENSMUSG00000021595	ENSG00000037474	ortholog_one2one	1
Nsun3	ENSMUSG00000050312	ENSG00000178694	ortholog_one2one	1
Nsun5	ENSMUSG00000000916	ENSG00000130305	ortholog_one2one	1
Nsun6	ENSMUSG00000026707	ENSG00000241058	ortholog_one2one	1
Nsun7	ENSMUSG00000029206	ENSG00000179299	ortholog_one2one	1
Nt5c	ENSMUSG00000020736	ENSG00000125458	ortholog_one2one	1
Nt5c1a	ENSMUSG00000054958	ENSG00000116981	ortholog_one2one	1
Nt5c1b	ENSMUSG00000020622	ENSG00000185013	ortholog_one2one	1
Nt5c2	ENSMUSG00000025041	ENSG00000076685	ortholog_one2one	1
Nt5c3	ENSMUSG00000029780	ENSG00000122643	ortholog_one2one	1
Nt5c3b	ENSMUSG00000017176	ENSG00000141698	ortholog_one2one	1
Nt5dc1	ENSMUSG00000039480	ENSG00000178425	ortholog_one2one	1
Nt5dc2	ENSMUSG00000071547	ENSG00000168268	ortholog_one2one	1
Nt5dc3	ENSMUSG00000054027	ENSG00000111696	ortholog_one2one	1
Nt5e	ENSMUSG00000032420	ENSG00000135318	ortholog_one2one	1
Nt5m	ENSMUSG00000032615	ENSG00000205309	ortholog_one2one	1
Ntan1	ENSMUSG00000022681	ENSG00000157045	ortholog_one2one	1
Ntaq1	ENSMUSG00000022359	ENSG00000156795	ortholog_one2one	1
Ntf3	ENSMUSG00000049107	ENSG00000185652	ortholog_one2one	1
Ntf5	ENSMUSG00000074121	ENSG00000225950	ortholog_one2one	1
Nthl1	ENSMUSG00000041429	ENSG00000065057	ortholog_one2one	1
Ntm	ENSMUSG00000059974	ENSG00000182667	ortholog_one2one	1
Ntmt1	ENSMUSG00000026857	ENSG00000148335	ortholog_one2one	1
Ntmt2	ENSMUSG00000040113	ENSG00000203740	ortholog_one2one	1
Ntn1	ENSMUSG00000020902	ENSG00000065320	ortholog_one2one	1
Ntn3	ENSMUSG00000117406	ENSG00000162068	ortholog_one2one	1
Ntn4	ENSMUSG00000020019	ENSG00000074527	ortholog_one2one	1
Ntn5	ENSMUSG00000070564	ENSG00000142233	ortholog_one2one	1
Ntng1	ENSMUSG00000059857	ENSG00000162631	ortholog_one2one	1
Ntng2	ENSMUSG00000035513	ENSG00000196358	ortholog_one2one	1
Ntpcr	ENSMUSG00000031851	ENSG00000135778	ortholog_one2one	1
Ntrk1	ENSMUSG00000028072	ENSG00000198400	ortholog_one2one	1
Ntrk2	ENSMUSG00000055254	ENSG00000148053	ortholog_one2one	1
Ntrk3	ENSMUSG00000059146	ENSG00000140538	ortholog_one2one	1
Nts	ENSMUSG00000019890	ENSG00000133636	ortholog_one2one	1
Ntsr1	ENSMUSG00000027568	ENSG00000101188	ortholog_one2one	1
Ntsr2	ENSMUSG00000020591	ENSG00000169006	ortholog_one2one	1
Nuak1	ENSMUSG00000020032	ENSG00000074590	ortholog_one2one	1
Nuak2	ENSMUSG00000009772	ENSG00000163545	ortholog_one2one	1
Nub1	ENSMUSG00000028954	ENSG00000013374	ortholog_one2one	1
Nubp1	ENSMUSG00000022503	ENSG00000103274	ortholog_one2one	1
Nubp2	ENSMUSG00000039183	ENSG00000095906	ortholog_one2one	1
Nubpl	ENSMUSG00000035142	ENSG00000151413	ortholog_one2one	1
Nucb1	ENSMUSG00000030824	ENSG00000104805	ortholog_one2one	1
Nucb2	ENSMUSG00000030659	ENSG00000070081	ortholog_one2one	1
Nucks1	ENSMUSG00000026434	ENSG00000069275	ortholog_one2one	1
Nudc	ENSMUSG00000028851	ENSG00000090273	ortholog_one2one	1
Nudcd1	ENSMUSG00000038736	ENSG00000120526	ortholog_one2one	1
Nudcd2	ENSMUSG00000020328	ENSG00000170584	ortholog_one2one	1
Nudcd3	ENSMUSG00000053838	ENSG00000015676	ortholog_one2one	1
Nudt1	ENSMUSG00000036639	ENSG00000106268	ortholog_one2one	1
Nudt12	ENSMUSG00000024228	ENSG00000112874	ortholog_one2one	1
Nudt13	ENSMUSG00000021809	ENSG00000166321	ortholog_one2one	1
Nudt14	ENSMUSG00000002804	ENSG00000183828	ortholog_one2one	1
Nudt15	ENSMUSG00000033405	ENSG00000136159	ortholog_one2one	1
Nudt16l1	ENSMUSG00000022516	ENSG00000168101	ortholog_one2one	1
Nudt17	ENSMUSG00000028100	ENSG00000186364	ortholog_one2one	1
Nudt18	ENSMUSG00000045211	ENSG00000275074	ortholog_one2one	1
Nudt19	ENSMUSG00000034875	ENSG00000213965	ortholog_one2one	1
Nudt2	ENSMUSG00000028443	ENSG00000164978	ortholog_one2one	1
Nudt21	ENSMUSG00000031754	ENSG00000167005	ortholog_one2one	1
Nudt22	ENSMUSG00000037349	ENSG00000149761	ortholog_one2one	1
Nudt3	ENSMUSG00000024213	ENSG00000272325	ortholog_one2one	1
Nudt5	ENSMUSG00000025817	ENSG00000165609	ortholog_one2one	1
Nudt6	ENSMUSG00000050174	ENSG00000170917	ortholog_one2one	1
Nudt7	ENSMUSG00000031767	ENSG00000140876	ortholog_one2one	1
Nudt9	ENSMUSG00000029310	ENSG00000170502	ortholog_one2one	1
Nuf2	ENSMUSG00000026683	ENSG00000143228	ortholog_one2one	1
Nufip1	ENSMUSG00000022009	ENSG00000083635	ortholog_one2one	1
Nufip2	ENSMUSG00000037857	ENSG00000108256	ortholog_one2one	1
Numa1	ENSMUSG00000066306	ENSG00000137497	ortholog_one2one	1
Numb	ENSMUSG00000021224	ENSG00000133961	ortholog_one2one	1
Numbl	ENSMUSG00000063160	ENSG00000105245	ortholog_one2one	1
Nup107	ENSMUSG00000052798	ENSG00000111581	ortholog_one2one	1
Nup133	ENSMUSG00000039509	ENSG00000069248	ortholog_one2one	1
Nup153	ENSMUSG00000021374	ENSG00000124789	ortholog_one2one	1
Nup155	ENSMUSG00000022142	ENSG00000113569	ortholog_one2one	1
Nup160	ENSMUSG00000051329	ENSG00000030066	ortholog_one2one	1
Nup188	ENSMUSG00000052533	ENSG00000095319	ortholog_one2one	1
Nup205	ENSMUSG00000038759	ENSG00000155561	ortholog_one2one	1
Nup210	ENSMUSG00000030091	ENSG00000132182	ortholog_one2one	1
Nup210l	ENSMUSG00000027939	ENSG00000143552	ortholog_one2one	1
Nup214	ENSMUSG00000001855	ENSG00000126883	ortholog_one2one	1
Nup35	ENSMUSG00000026999	ENSG00000163002	ortholog_one2one	1
Nup37	ENSMUSG00000035351	ENSG00000075188	ortholog_one2one	1
Nup42	ENSMUSG00000048439	ENSG00000136243	ortholog_one2one	1
Nup43	ENSMUSG00000040034	ENSG00000120253	ortholog_one2one	1
Nup54	ENSMUSG00000034826	ENSG00000138750	ortholog_one2one	1
Nup62	ENSMUSG00000109511	ENSG00000213024	ortholog_one2one	1
Nup85	ENSMUSG00000020739	ENSG00000125450	ortholog_one2one	1
Nup88	ENSMUSG00000040667	ENSG00000108559	ortholog_one2one	1
Nup93	ENSMUSG00000032939	ENSG00000102900	ortholog_one2one	1
Nup98	ENSMUSG00000063550	ENSG00000110713	ortholog_one2one	1
Nupr1	ENSMUSG00000030717	ENSG00000176046	ortholog_one2one	1
Nupr2	ENSMUSG00000095789	ENSG00000185290	ortholog_one2one	1
Nus1	ENSMUSG00000023068	ENSG00000153989	ortholog_one2one	1
Nusap1	ENSMUSG00000027306	ENSG00000137804	ortholog_one2one	1
Nutm1	ENSMUSG00000041358	ENSG00000184507	ortholog_one2one	1
Nvl	ENSMUSG00000026516	ENSG00000143748	ortholog_one2one	1
Nwd1	ENSMUSG00000048148	ENSG00000188039	ortholog_one2one	1
Nwd2	ENSMUSG00000090061	ENSG00000174145	ortholog_one2one	1
Nxf1	ENSMUSG00000010097	ENSG00000162231	ortholog_one2one	1
Nxn	ENSMUSG00000020844	ENSG00000167693	ortholog_one2one	1
Nxnl1	ENSMUSG00000034829	ENSG00000171773	ortholog_one2one	1
Nxnl2	ENSMUSG00000021396	ENSG00000130045	ortholog_one2one	1
Nxpe2	ENSMUSG00000032028	ENSG00000204361	ortholog_one2one	1
Nxpe3	ENSMUSG00000075033	ENSG00000144815	ortholog_one2one	1
Nxpe4	ENSMUSG00000044229	ENSG00000137634	ortholog_one2one	1
Nxph1	ENSMUSG00000046178	ENSG00000122584	ortholog_one2one	1
Nxph2	ENSMUSG00000069132	ENSG00000144227	ortholog_one2one	1
Nxph3	ENSMUSG00000046719	ENSG00000182575	ortholog_one2one	1
Nxph4	ENSMUSG00000040258	ENSG00000182379	ortholog_one2one	1
Nxt1	ENSMUSG00000036992	ENSG00000132661	ortholog_one2one	1
Nxt2	ENSMUSG00000042271	ENSG00000101888	ortholog_one2one	1
Nyap1	ENSMUSG00000045348	ENSG00000166924	ortholog_one2one	1
Nyap2	ENSMUSG00000054976	ENSG00000144460	ortholog_one2one	1
Nynrin	ENSMUSG00000075592	ENSG00000205978	ortholog_one2one	1
Nyx	ENSMUSG00000051228	ENSG00000188937	ortholog_one2one	1
Oaf	ENSMUSG00000032014	ENSG00000184232	ortholog_one2one	1
Oard1	ENSMUSG00000040771	ENSG00000124596	ortholog_one2one	1
Oas2	ENSMUSG00000032690	ENSG00000111335	ortholog_one2one	1
Oas3	ENSMUSG00000032661	ENSG00000111331	ortholog_one2one	1
Oasl1	ENSMUSG00000041827	ENSG00000135114	ortholog_one2one	1
Oat	ENSMUSG00000030934	ENSG00000065154	ortholog_one2one	1
Oaz1	ENSMUSG00000035242	ENSG00000104904	ortholog_one2one	1
Oaz2	ENSMUSG00000040652	ENSG00000180304	ortholog_one2one	1
Oaz3	ENSMUSG00000028141	ENSG00000143450	ortholog_one2one	1
Obi1	ENSMUSG00000022120	ENSG00000152193	ortholog_one2one	1
Obscn	ENSMUSG00000061462	ENSG00000154358	ortholog_one2one	1
Obsl1	ENSMUSG00000026211	ENSG00000124006	ortholog_one2one	1
Oc90	ENSMUSG00000015001	ENSG00000253117	ortholog_one2one	1
Oca2	ENSMUSG00000030450	ENSG00000104044	ortholog_one2one	1
Ociad1	ENSMUSG00000029152	ENSG00000109180	ortholog_one2one	1
Ociad2	ENSMUSG00000029153	ENSG00000145247	ortholog_one2one	1
Ocln	ENSMUSG00000021638	ENSG00000197822	ortholog_one2one	1
Ocrl	ENSMUSG00000001173	ENSG00000122126	ortholog_one2one	1
Ocstamp	ENSMUSG00000027670	ENSG00000149635	ortholog_one2one	1
Odad2	ENSMUSG00000061802	ENSG00000169126	ortholog_one2one	1
Odad3	ENSMUSG00000039632	ENSG00000198003	ortholog_one2one	1
Odad4	ENSMUSG00000006784	ENSG00000204815	ortholog_one2one	1
Odam	ENSMUSG00000009580	ENSG00000109205	ortholog_one2one	1
Odaph	ENSMUSG00000096035	ENSG00000174792	ortholog_one2one	1
Odc1	ENSMUSG00000011179	ENSG00000115758	ortholog_one2one	1
Odf1	ENSMUSG00000061923	ENSG00000155087	ortholog_one2one	1
Odf2	ENSMUSG00000026790	ENSG00000136811	ortholog_one2one	1
Odf2l	ENSMUSG00000028256	ENSG00000122417	ortholog_one2one	1
Odr4	ENSMUSG00000006010	ENSG00000157181	ortholog_one2one	1
Ofd1	ENSMUSG00000040586	ENSG00000046651	ortholog_one2one	1
Oga	ENSMUSG00000025220	ENSG00000198408	ortholog_one2one	1
Ogdh	ENSMUSG00000020456	ENSG00000105953	ortholog_one2one	1
Ogdhl	ENSMUSG00000021913	ENSG00000197444	ortholog_one2one	1
Ogfod1	ENSMUSG00000033009	ENSG00000087263	ortholog_one2one	1
Ogfod2	ENSMUSG00000023707	ENSG00000111325	ortholog_one2one	1
Ogfod3	ENSMUSG00000025169	ENSG00000181396	ortholog_one2one	1
Ogfrl1	ENSMUSG00000026158	ENSG00000119900	ortholog_one2one	1
Ogg1	ENSMUSG00000030271	ENSG00000114026	ortholog_one2one	1
Ogn	ENSMUSG00000021390	ENSG00000106809	ortholog_one2one	1
Ogt	ENSMUSG00000034160	ENSG00000147162	ortholog_one2one	1
Oip5	ENSMUSG00000072980	ENSG00000104147	ortholog_one2one	1
Oit3	ENSMUSG00000009654	ENSG00000138315	ortholog_one2one	1
Ola1	ENSMUSG00000027108	ENSG00000138430	ortholog_one2one	1
Olah	ENSMUSG00000026645	ENSG00000152463	ortholog_one2one	1
Olfm1	ENSMUSG00000026833	ENSG00000130558	ortholog_one2one	1
Olfm2	ENSMUSG00000032172	ENSG00000105088	ortholog_one2one	1
Olfm3	ENSMUSG00000027965	ENSG00000118733	ortholog_one2one	1
Olfm4	ENSMUSG00000022026	ENSG00000102837	ortholog_one2one	1
Olfml2a	ENSMUSG00000046618	ENSG00000185585	ortholog_one2one	1
Olfml2b	ENSMUSG00000038463	ENSG00000162745	ortholog_one2one	1
Olfml3	ENSMUSG00000027848	ENSG00000116774	ortholog_one2one	1
Olig1	ENSMUSG00000046160	ENSG00000184221	ortholog_one2one	1
Olig2	ENSMUSG00000039830	ENSG00000205927	ortholog_one2one	1
Olig3	ENSMUSG00000045591	ENSG00000177468	ortholog_one2one	1
Oma1	ENSMUSG00000035069	ENSG00000162600	ortholog_one2one	1
Omd	ENSMUSG00000048368	ENSG00000127083	ortholog_one2one	1
Omg	ENSMUSG00000049612	ENSG00000126861	ortholog_one2one	1
Omp	ENSMUSG00000074006	ENSG00000254550	ortholog_one2one	1
Onecut1	ENSMUSG00000043013	ENSG00000169856	ortholog_one2one	1
Onecut2	ENSMUSG00000045991	ENSG00000119547	ortholog_one2one	1
Onecut3	ENSMUSG00000045518	ENSG00000205922	ortholog_one2one	1
Opa1	ENSMUSG00000038084	ENSG00000198836	ortholog_one2one	1
Opa3	ENSMUSG00000052214	ENSG00000125741	ortholog_one2one	1
Opalin	ENSMUSG00000050121	ENSG00000197430	ortholog_one2one	1
Opcml	ENSMUSG00000062257	ENSG00000183715	ortholog_one2one	1
Ophn1	ENSMUSG00000031214	ENSG00000079482	ortholog_one2one	1
Oplah	ENSMUSG00000022562	ENSG00000178814	ortholog_one2one	1
Opn1sw	ENSMUSG00000058831	ENSG00000128617	ortholog_one2one	1
Opn3	ENSMUSG00000026525	ENSG00000054277	ortholog_one2one	1
Opn4	ENSMUSG00000021799	ENSG00000122375	ortholog_one2one	1
Opn5	ENSMUSG00000043972	ENSG00000124818	ortholog_one2one	1
Oprd1	ENSMUSG00000050511	ENSG00000116329	ortholog_one2one	1
Oprk1	ENSMUSG00000025905	ENSG00000082556	ortholog_one2one	1
Oprl1	ENSMUSG00000027584	ENSG00000125510	ortholog_one2one	1
Oprm1	ENSMUSG00000000766	ENSG00000112038	ortholog_one2one	1
Optc	ENSMUSG00000010311	ENSG00000188770	ortholog_one2one	1
Optn	ENSMUSG00000026672	ENSG00000123240	ortholog_one2one	1
Or10a4	ENSMUSG00000073897	ENSG00000170782	ortholog_one2one	1
Or10c1	ENSMUSG00000049561	ENSG00000206474	ortholog_one2one	1
Or10d3	ENSMUSG00000050853	ENSG00000197309	ortholog_one2one	1
Or10g6	ENSMUSG00000046678	ENSG00000198674	ortholog_one2one	1
Or10j5	ENSMUSG00000037924	ENSG00000184155	ortholog_one2one	1
Or10k2	ENSMUSG00000047286	ENSG00000173285	ortholog_one2one	1
Or10p1	ENSMUSG00000052012	ENSG00000175398	ortholog_one2one	1
Or10s1	ENSMUSG00000049010	ENSG00000196248	ortholog_one2one	1
Or10v1	ENSMUSG00000060878	ENSG00000172289	ortholog_one2one	1
Or10z1	ENSMUSG00000050788	ENSG00000198967	ortholog_one2one	1
Or11a4	ENSMUSG00000064121	ENSG00000204694	ortholog_one2one	1
Or11h6	ENSMUSG00000050028	ENSG00000176219	ortholog_one2one	1
Or11l3	ENSMUSG00000043880	ENSG00000197591	ortholog_one2one	1
Or12d17	ENSMUSG00000029184	ENSG00000112462	ortholog_one2one	1
Or13a1	ENSMUSG00000053391	ENSG00000256574	ortholog_one2one	1
Or13c25	ENSMUSG00000051593	ENSG00000186943	ortholog_one2one	1
Or13c3	ENSMUSG00000049648	ENSG00000204246	ortholog_one2one	1
Or13d1	ENSMUSG00000070983	ENSG00000179055	ortholog_one2one	1
Or13f5	ENSMUSG00000089717	ENSG00000186881	ortholog_one2one	1
Or13g1	ENSMUSG00000054054	ENSG00000197437	ortholog_one2one	1
Or13j1	ENSMUSG00000046450	ENSG00000168828	ortholog_one2one	1
Or14j1	ENSMUSG00000050613	ENSG00000204695	ortholog_one2one	1
Or1b1	ENSMUSG00000075377	ENSG00000280094	ortholog_one2one	1
Or1d2	ENSMUSG00000058275	ENSG00000184166	ortholog_one2one	1
Or1f19	ENSMUSG00000051003	ENSG00000168124	ortholog_one2one	1
Or1i2	ENSMUSG00000071185	ENSG00000094661	ortholog_one2one	1
Or1j1	ENSMUSG00000075384	ENSG00000136834	ortholog_one2one	1
Or1j4	ENSMUSG00000050015	ENSG00000239590	ortholog_one2one	1
Or1m1	ENSMUSG00000054141	ENSG00000170929	ortholog_one2one	1
Or1n2	ENSMUSG00000055088	ENSG00000171501	ortholog_one2one	1
Or1q1	ENSMUSG00000055838	ENSG00000165202	ortholog_one2one	1
Or1r1	ENSMUSG00000049041	ENSG00000180042	ortholog_one2one	1
Or2a12	ENSMUSG00000073111	ENSG00000221858	ortholog_one2one	1
Or2a25	ENSMUSG00000045708	ENSG00000221933	ortholog_one2one	1
Or2a5	ENSMUSG00000043119	ENSG00000221836	ortholog_one2one	1
Or2at4	ENSMUSG00000073998	ENSG00000171561	ortholog_one2one	1
Or2b11	ENSMUSG00000059610	ENSG00000177535	ortholog_one2one	1
Or2b6	ENSMUSG00000036658	ENSG00000124657	ortholog_one2one	1
Or2c1	ENSMUSG00000059043	ENSG00000168158	ortholog_one2one	1
Or2d36	ENSMUSG00000073896	ENSG00000178358	ortholog_one2one	1
Or2i1	ENSMUSG00000043827	ENSG00000237988	ortholog_one2one	1
Or2k2	ENSMUSG00000043385	ENSG00000171133	ortholog_one2one	1
Or2t1	ENSMUSG00000072707	ENSG00000175143	ortholog_one2one	1
Or2t6	ENSMUSG00000052417	ENSG00000198104	ortholog_one2one	1
Or4a15	ENSMUSG00000075090	ENSG00000181958	ortholog_one2one	1
Or4a47	ENSMUSG00000075073	ENSG00000237388	ortholog_one2one	1
Or4c3	ENSMUSG00000075069	ENSG00000176547	ortholog_one2one	1
Or4c35	ENSMUSG00000042894	ENSG00000176540	ortholog_one2one	1
Or4d1	ENSMUSG00000060787	ENSG00000141194	ortholog_one2one	1
Or4d11	ENSMUSG00000067529	ENSG00000176200	ortholog_one2one	1
Or4d5	ENSMUSG00000045812	ENSG00000171014	ortholog_one2one	1
Or4d6	ENSMUSG00000067524	ENSG00000166884	ortholog_one2one	1
Or4e2	ENSMUSG00000035626	ENSG00000221977	ortholog_one2one	1
Or4f15	ENSMUSG00000109528	ENSG00000182854	ortholog_one2one	1
Or4f6	ENSMUSG00000108827	ENSG00000184140	ortholog_one2one	1
Or4k1	ENSMUSG00000050030	ENSG00000155249	ortholog_one2one	1
Or4k2	ENSMUSG00000109835	ENSG00000165762	ortholog_one2one	1
Or4k5	ENSMUSG00000049011	ENSG00000176281	ortholog_one2one	1
Or4n5	ENSMUSG00000048933	ENSG00000184394	ortholog_one2one	1
Or4q3	ENSMUSG00000046210	ENSG00000182652	ortholog_one2one	1
Or4x5	ENSMUSG00000082574	ENSG00000176567	ortholog_one2one	1
Or51a7	ENSMUSG00000073962	ENSG00000176895	ortholog_one2one	1
Or51b4	ENSMUSG00000058200	ENSG00000183251	ortholog_one2one	1
Or51d1	ENSMUSG00000073967	ENSG00000197428	ortholog_one2one	1
Or51e1	ENSMUSG00000070423	ENSG00000180785	ortholog_one2one	1
Or51e2	ENSMUSG00000043366	ENSG00000167332	ortholog_one2one	1
Or51f2	ENSMUSG00000073965	ENSG00000176925	ortholog_one2one	1
Or51f23b	ENSMUSG00000110008	ENSG00000197674	ortholog_one2one	1
Or51g1	ENSMUSG00000045792	ENSG00000278870	ortholog_one2one	1
Or51g2	ENSMUSG00000043354	ENSG00000176893	ortholog_one2one	1
Or51i1	ENSMUSG00000066262	ENSG00000167359	ortholog_one2one	1
Or51i2	ENSMUSG00000073932	ENSG00000187918	ortholog_one2one	1
Or51l1	ENSMUSG00000080891	ENSG00000176798	ortholog_one2one	1
Or51m1	ENSMUSG00000042219	ENSG00000184698	ortholog_one2one	1
Or51s1	ENSMUSG00000043310	ENSG00000176922	ortholog_one2one	1
Or51t4	ENSMUSG00000045824	ENSG00000176900	ortholog_one2one	1
Or52b2	ENSMUSG00000043948	ENSG00000255307	ortholog_one2one	1
Or52b4	ENSMUSG00000073979	ENSG00000221996	ortholog_one2one	1
Or52b6	ENSMUSG00000081859	ENSG00000187747	ortholog_one2one	1
Or52d1	ENSMUSG00000073931	ENSG00000181609	ortholog_one2one	1
Or52e2	ENSMUSG00000051362	ENSG00000176787	ortholog_one2one	1
Or52e4	ENSMUSG00000073914	ENSG00000180974	ortholog_one2one	1
Or52e5	ENSMUSG00000073913	ENSG00000277932	ortholog_one2one	1
Or52h1	ENSMUSG00000042909	ENSG00000181616	ortholog_one2one	1
Or52j3	ENSMUSG00000073956	ENSG00000205495	ortholog_one2one	1
Or52l1	ENSMUSG00000047794	ENSG00000183313	ortholog_one2one	1
Or52m1	ENSMUSG00000073971	ENSG00000197790	ortholog_one2one	1
Or52n1	ENSMUSG00000051885	ENSG00000181001	ortholog_one2one	1
Or52n5	ENSMUSG00000073916	ENSG00000181009	ortholog_one2one	1
Or52w1	ENSMUSG00000073906	ENSG00000175485	ortholog_one2one	1
Or5a1	ENSMUSG00000067522	ENSG00000172320	ortholog_one2one	1
Or5a21	ENSMUSG00000109328	ENSG00000172324	ortholog_one2one	1
Or5ap2	ENSMUSG00000046975	ENSG00000172464	ortholog_one2one	1
Or5ar1	ENSMUSG00000075208	ENSG00000172459	ortholog_one2one	1
Or5as1	ENSMUSG00000075158	ENSG00000181785	ortholog_one2one	1
Or5au1	ENSMUSG00000044286	ENSG00000169327	ortholog_one2one	1
Or5b21	ENSMUSG00000046272	ENSG00000198283	ortholog_one2one	1
Or5bs2	ENSMUSG00000108728	ENSG00000198678	ortholog_one2one	1
Or5c1	ENSMUSG00000049018	ENSG00000148215	ortholog_one2one	1
Or5d16	ENSMUSG00000075145	ENSG00000205029	ortholog_one2one	1
Or5i1	ENSMUSG00000068816	ENSG00000167825	ortholog_one2one	1
Or5j3	ENSMUSG00000047149	ENSG00000174957	ortholog_one2one	1
Or5m8	ENSMUSG00000043267	ENSG00000181371	ortholog_one2one	1
Or6a2	ENSMUSG00000070417	ENSG00000184933	ortholog_one2one	1
Or6b1	ENSMUSG00000049168	ENSG00000221813	ortholog_one2one	1
Or6c3	ENSMUSG00000049217	ENSG00000205329	ortholog_one2one	1
Or6f1	ENSMUSG00000054498	ENSG00000169214	ortholog_one2one	1
Or6k2	ENSMUSG00000055033	ENSG00000196171	ortholog_one2one	1
Or6k4	ENSMUSG00000051528	ENSG00000203757	ortholog_one2one	1
Or6k6	ENSMUSG00000046486	ENSG00000180433	ortholog_one2one	1
Or6n1	ENSMUSG00000049528	ENSG00000197403	ortholog_one2one	1
Or6n2	ENSMUSG00000050134	ENSG00000188340	ortholog_one2one	1
Or6s1	ENSMUSG00000035932	ENSG00000181803	ortholog_one2one	1
Or6x1	ENSMUSG00000051095	ENSG00000221931	ortholog_one2one	1
Or7c70	ENSMUSG00000051190	ENSG00000127529	ortholog_one2one	1
Or8b4	ENSMUSG00000066747	ENSG00000280090	ortholog_one2one	1
Or8b8	ENSMUSG00000066748	ENSG00000197125	ortholog_one2one	1
Or8d4	ENSMUSG00000049073	ENSG00000181518	ortholog_one2one	1
Or8i2	ENSMUSG00000075166	ENSG00000172154	ortholog_one2one	1
Or8k1	ENSMUSG00000075197	ENSG00000150261	ortholog_one2one	1
Or8u3	ENSMUSG00000050577	ENSG00000279961	ortholog_one2one	1
Or8u9	ENSMUSG00000075200	ENSG00000172199	ortholog_one2one	1
Or9a2	ENSMUSG00000045479	ENSG00000179468	ortholog_one2one	1
Or9a4	ENSMUSG00000045514	ENSG00000258083	ortholog_one2one	1
Or9a7	ENSMUSG00000068259	ENSG00000237621	ortholog_one2one	1
Or9g20	ENSMUSG00000075209	ENSG00000174914	ortholog_one2one	1
Or9g4	ENSMUSG00000075211	ENSG00000172457	ortholog_one2one	1
Or9q1	ENSMUSG00000054526	ENSG00000186509	ortholog_one2one	1
Or9q2	ENSMUSG00000044040	ENSG00000186513	ortholog_one2one	1
Or9s18	ENSMUSG00000049806	ENSG00000228336	ortholog_one2one	1
Orai1	ENSMUSG00000049686	ENSG00000276045	ortholog_one2one	1
Orai2	ENSMUSG00000039747	ENSG00000160991	ortholog_one2one	1
Orai3	ENSMUSG00000043964	ENSG00000175938	ortholog_one2one	1
Orc1	ENSMUSG00000028587	ENSG00000085840	ortholog_one2one	1
Orc2	ENSMUSG00000026037	ENSG00000115942	ortholog_one2one	1
Orc3	ENSMUSG00000040044	ENSG00000135336	ortholog_one2one	1
Orc4	ENSMUSG00000026761	ENSG00000115947	ortholog_one2one	1
Orc5	ENSMUSG00000029012	ENSG00000164815	ortholog_one2one	1
Orc6	ENSMUSG00000031697	ENSG00000091651	ortholog_one2one	1
Ormdl1	ENSMUSG00000026097	ENSG00000128699	ortholog_one2one	1
Ormdl2	ENSMUSG00000025353	ENSG00000123353	ortholog_one2one	1
Ormdl3	ENSMUSG00000038150	ENSG00000172057	ortholog_one2one	1
Os9	ENSMUSG00000040462	ENSG00000135506	ortholog_one2one	1
Osbp	ENSMUSG00000024687	ENSG00000110048	ortholog_one2one	1
Osbp2	ENSMUSG00000020435	ENSG00000184792	ortholog_one2one	1
Osbpl10	ENSMUSG00000040875	ENSG00000144645	ortholog_one2one	1
Osbpl11	ENSMUSG00000022807	ENSG00000144909	ortholog_one2one	1
Osbpl1a	ENSMUSG00000044252	ENSG00000141447	ortholog_one2one	1
Osbpl2	ENSMUSG00000039050	ENSG00000130703	ortholog_one2one	1
Osbpl3	ENSMUSG00000029822	ENSG00000070882	ortholog_one2one	1
Osbpl5	ENSMUSG00000037606	ENSG00000021762	ortholog_one2one	1
Osbpl6	ENSMUSG00000042359	ENSG00000079156	ortholog_one2one	1
Osbpl7	ENSMUSG00000038534	ENSG00000006025	ortholog_one2one	1
Osbpl8	ENSMUSG00000020189	ENSG00000091039	ortholog_one2one	1
Osbpl9	ENSMUSG00000028559	ENSG00000117859	ortholog_one2one	1
Oscar	ENSMUSG00000054594	ENSG00000170909	ortholog_one2one	1
Oscp1	ENSMUSG00000042616	ENSG00000116885	ortholog_one2one	1
Oser1	ENSMUSG00000035399	ENSG00000132823	ortholog_one2one	1
Osgep	ENSMUSG00000006289	ENSG00000092094	ortholog_one2one	1
Osgepl1	ENSMUSG00000026096	ENSG00000128694	ortholog_one2one	1
Osgin1	ENSMUSG00000074063	ENSG00000140961	ortholog_one2one	1
Osgin2	ENSMUSG00000041153	ENSG00000164823	ortholog_one2one	1
Osmr	ENSMUSG00000022146	ENSG00000145623	ortholog_one2one	1
Osr1	ENSMUSG00000048387	ENSG00000143867	ortholog_one2one	1
Osr2	ENSMUSG00000022330	ENSG00000164920	ortholog_one2one	1
Ost4	ENSMUSG00000038803	ENSG00000228474	ortholog_one2one	1
Ostf1	ENSMUSG00000024725	ENSG00000134996	ortholog_one2one	1
Ostm1	ENSMUSG00000038280	ENSG00000081087	ortholog_one2one	1
Ostn	ENSMUSG00000052276	ENSG00000188729	ortholog_one2one	1
Otc	ENSMUSG00000031173	ENSG00000036473	ortholog_one2one	1
Otoa	ENSMUSG00000034990	ENSG00000155719	ortholog_one2one	1
Otof	ENSMUSG00000062372	ENSG00000115155	ortholog_one2one	1
Otog	ENSMUSG00000009487	ENSG00000188162	ortholog_one2one	1
Otogl	ENSMUSG00000091455	ENSG00000165899	ortholog_one2one	1
Otol1	ENSMUSG00000027788	ENSG00000182447	ortholog_one2one	1
Otop1	ENSMUSG00000051596	ENSG00000163982	ortholog_one2one	1
Otop2	ENSMUSG00000050201	ENSG00000183034	ortholog_one2one	1
Otop3	ENSMUSG00000018862	ENSG00000182938	ortholog_one2one	1
Otor	ENSMUSG00000027416	ENSG00000125879	ortholog_one2one	1
Otos	ENSMUSG00000044055	ENSG00000178602	ortholog_one2one	1
Otp	ENSMUSG00000021685	ENSG00000171540	ortholog_one2one	1
Otub1	ENSMUSG00000024767	ENSG00000167770	ortholog_one2one	1
Otub2	ENSMUSG00000021203	ENSG00000089723	ortholog_one2one	1
Otud1	ENSMUSG00000043415	ENSG00000165312	ortholog_one2one	1
Otud3	ENSMUSG00000041161	ENSG00000169914	ortholog_one2one	1
Otud4	ENSMUSG00000036990	ENSG00000164164	ortholog_one2one	1
Otud5	ENSMUSG00000031154	ENSG00000068308	ortholog_one2one	1
Otud6a	ENSMUSG00000051582	ENSG00000189401	ortholog_one2one	1
Otud6b	ENSMUSG00000040550	ENSG00000155100	ortholog_one2one	1
Otud7a	ENSMUSG00000033510	ENSG00000169918	ortholog_one2one	1
Otud7b	ENSMUSG00000038495	ENSG00000264522	ortholog_one2one	1
Otulin	ENSMUSG00000046034	ENSG00000154124	ortholog_one2one	1
Otulinl	ENSMUSG00000056069	ENSG00000145569	ortholog_one2one	1
Otx1	ENSMUSG00000005917	ENSG00000115507	ortholog_one2one	1
Otx2	ENSMUSG00000021848	ENSG00000165588	ortholog_one2one	1
Ovca2	ENSMUSG00000038268	ENSG00000262664	ortholog_one2one	1
Ovch2	ENSMUSG00000048236	ENSG00000183378	ortholog_one2one	1
Ovgp1	ENSMUSG00000074340	ENSG00000085465	ortholog_one2one	1
Ovol1	ENSMUSG00000024922	ENSG00000172818	ortholog_one2one	1
Ovol2	ENSMUSG00000037279	ENSG00000125850	ortholog_one2one	1
Ovol3	ENSMUSG00000100512	ENSG00000105261	ortholog_one2one	1
Oxa1l	ENSMUSG00000000959	ENSG00000155463	ortholog_one2one	1
Oxct1	ENSMUSG00000022186	ENSG00000083720	ortholog_one2one	1
Oxgr1	ENSMUSG00000044819	ENSG00000165621	ortholog_one2one	1
Oxr1	ENSMUSG00000022307	ENSG00000164830	ortholog_one2one	1
Oxsm	ENSMUSG00000021786	ENSG00000151093	ortholog_one2one	1
Oxsr1	ENSMUSG00000036737	ENSG00000172939	ortholog_one2one	1
Oxt	ENSMUSG00000027301	ENSG00000101405	ortholog_one2one	1
Oxtr	ENSMUSG00000049112	ENSG00000180914	ortholog_one2one	1
P2rx1	ENSMUSG00000020787	ENSG00000108405	ortholog_one2one	1
P2rx2	ENSMUSG00000029503	ENSG00000187848	ortholog_one2one	1
P2rx3	ENSMUSG00000027071	ENSG00000109991	ortholog_one2one	1
P2rx4	ENSMUSG00000029470	ENSG00000135124	ortholog_one2one	1
P2rx5	ENSMUSG00000005950	ENSG00000083454	ortholog_one2one	1
P2rx6	ENSMUSG00000022758	ENSG00000099957	ortholog_one2one	1
P2rx7	ENSMUSG00000029468	ENSG00000089041	ortholog_one2one	1
P2ry1	ENSMUSG00000027765	ENSG00000169860	ortholog_one2one	1
P2ry10	ENSMUSG00000050921	ENSG00000078589	ortholog_one2one	1
P2ry12	ENSMUSG00000036353	ENSG00000169313	ortholog_one2one	1
P2ry13	ENSMUSG00000036362	ENSG00000181631	ortholog_one2one	1
P2ry14	ENSMUSG00000036381	ENSG00000174944	ortholog_one2one	1
P2ry2	ENSMUSG00000032860	ENSG00000175591	ortholog_one2one	1
P2ry4	ENSMUSG00000044359	ENSG00000186912	ortholog_one2one	1
P2ry6	ENSMUSG00000048779	ENSG00000171631	ortholog_one2one	1
P3h1	ENSMUSG00000028641	ENSG00000117385	ortholog_one2one	1
P3h2	ENSMUSG00000038168	ENSG00000090530	ortholog_one2one	1
P3h3	ENSMUSG00000023191	ENSG00000110811	ortholog_one2one	1
P3h4	ENSMUSG00000006931	ENSG00000141696	ortholog_one2one	1
P3r3urf	ENSMUSG00000078593	ENSG00000250719	ortholog_one2one	1
P4ha1	ENSMUSG00000019916	ENSG00000122884	ortholog_one2one	1
P4ha2	ENSMUSG00000018906	ENSG00000072682	ortholog_one2one	1
P4ha3	ENSMUSG00000051048	ENSG00000149380	ortholog_one2one	1
P4hb	ENSMUSG00000025130	ENSG00000185624	ortholog_one2one	1
P4htm	ENSMUSG00000006675	ENSG00000178467	ortholog_one2one	1
Pa2g4	ENSMUSG00000025364	ENSG00000170515	ortholog_one2one	1
Pabir1	ENSMUSG00000074922	ENSG00000187866	ortholog_one2one	1
Pabir2	ENSMUSG00000036022	ENSG00000156504	ortholog_one2one	1
Pabpc1l	ENSMUSG00000054582	ENSG00000101104	ortholog_one2one	1
Pabpc4	ENSMUSG00000011257	ENSG00000090621	ortholog_one2one	1
Pabpc4l	ENSMUSG00000090919	ENSG00000254535	ortholog_one2one	1
Pabpc5	ENSMUSG00000034732	ENSG00000174740	ortholog_one2one	1
Pabpn1	ENSMUSG00000022194	ENSG00000100836	ortholog_one2one	1
Pabpn1l	ENSMUSG00000069867	ENSG00000205022	ortholog_one2one	1
Pacc1	ENSMUSG00000026627	ENSG00000065600	ortholog_one2one	1
Pacrg	ENSMUSG00000037196	ENSG00000112530	ortholog_one2one	1
Pacs1	ENSMUSG00000024855	ENSG00000175115	ortholog_one2one	1
Pacs2	ENSMUSG00000021143	ENSG00000179364	ortholog_one2one	1
Pacsin1	ENSMUSG00000040276	ENSG00000124507	ortholog_one2one	1
Pacsin2	ENSMUSG00000016664	ENSG00000100266	ortholog_one2one	1
Pacsin3	ENSMUSG00000027257	ENSG00000165912	ortholog_one2one	1
Padi1	ENSMUSG00000025329	ENSG00000142623	ortholog_one2one	1
Padi2	ENSMUSG00000028927	ENSG00000117115	ortholog_one2one	1
Padi3	ENSMUSG00000025328	ENSG00000142619	ortholog_one2one	1
Padi4	ENSMUSG00000025330	ENSG00000159339	ortholog_one2one	1
Padi6	ENSMUSG00000040935	ENSG00000276747	ortholog_one2one	1
Paf1	ENSMUSG00000003437	ENSG00000006712	ortholog_one2one	1
Pafah1b1	ENSMUSG00000020745	ENSG00000007168	ortholog_one2one	1
Pafah1b2	ENSMUSG00000003131	ENSG00000168092	ortholog_one2one	1
Pafah1b3	ENSMUSG00000005447	ENSG00000079462	ortholog_one2one	1
Pafah2	ENSMUSG00000037366	ENSG00000158006	ortholog_one2one	1
Pag1	ENSMUSG00000027508	ENSG00000076641	ortholog_one2one	1
Pah	ENSMUSG00000020051	ENSG00000171759	ortholog_one2one	1
Paics	ENSMUSG00000029247	ENSG00000128050	ortholog_one2one	1
Paip1	ENSMUSG00000025451	ENSG00000172239	ortholog_one2one	1
Paip2	ENSMUSG00000037058	ENSG00000120727	ortholog_one2one	1
Paip2b	ENSMUSG00000045896	ENSG00000124374	ortholog_one2one	1
Pak1	ENSMUSG00000030774	ENSG00000149269	ortholog_one2one	1
Pak1ip1	ENSMUSG00000038683	ENSG00000111845	ortholog_one2one	1
Pak2	ENSMUSG00000022781	ENSG00000180370	ortholog_one2one	1
Pak3	ENSMUSG00000031284	ENSG00000077264	ortholog_one2one	1
Pak4	ENSMUSG00000030602	ENSG00000130669	ortholog_one2one	1
Pak5	ENSMUSG00000039913	ENSG00000101349	ortholog_one2one	1
Pak6	ENSMUSG00000074923	ENSG00000137843	ortholog_one2one	1
Pakap	ENSMUSG00000038729	ENSG00000157654	ortholog_one2one	1
Palb2	ENSMUSG00000044702	ENSG00000083093	ortholog_one2one	1
Pald1	ENSMUSG00000020092	ENSG00000107719	ortholog_one2one	1
Palld	ENSMUSG00000058056	ENSG00000129116	ortholog_one2one	1
Palm	ENSMUSG00000035863	ENSG00000099864	ortholog_one2one	1
Palm3	ENSMUSG00000047986	ENSG00000187867	ortholog_one2one	1
Palmd	ENSMUSG00000033377	ENSG00000099260	ortholog_one2one	1
Pals1	ENSMUSG00000021112	ENSG00000072415	ortholog_one2one	1
Pals2	ENSMUSG00000038388	ENSG00000105926	ortholog_one2one	1
Pam	ENSMUSG00000026335	ENSG00000145730	ortholog_one2one	1
Pamr1	ENSMUSG00000027188	ENSG00000149090	ortholog_one2one	1
Pan2	ENSMUSG00000005682	ENSG00000135473	ortholog_one2one	1
Pan3	ENSMUSG00000029647	ENSG00000152520	ortholog_one2one	1
Pank1	ENSMUSG00000033610	ENSG00000152782	ortholog_one2one	1
Pank2	ENSMUSG00000037514	ENSG00000125779	ortholog_one2one	1
Pank3	ENSMUSG00000018846	ENSG00000120137	ortholog_one2one	1
Pank4	ENSMUSG00000029056	ENSG00000157881	ortholog_one2one	1
Panx1	ENSMUSG00000031934	ENSG00000110218	ortholog_one2one	1
Panx2	ENSMUSG00000058441	ENSG00000073150	ortholog_one2one	1
Panx3	ENSMUSG00000011118	ENSG00000154143	ortholog_one2one	1
Paox	ENSMUSG00000025464	ENSG00000148832	ortholog_one2one	1
Papln	ENSMUSG00000021223	ENSG00000100767	ortholog_one2one	1
Papola	ENSMUSG00000021111	ENSG00000090060	ortholog_one2one	1
Papolb	ENSMUSG00000074817	ENSG00000218823	ortholog_one2one	1
Papolg	ENSMUSG00000020273	ENSG00000115421	ortholog_one2one	1
Pappa	ENSMUSG00000028370	ENSG00000182752	ortholog_one2one	1
Pappa2	ENSMUSG00000073530	ENSG00000116183	ortholog_one2one	1
Papss1	ENSMUSG00000028032	ENSG00000138801	ortholog_one2one	1
Papss2	ENSMUSG00000024899	ENSG00000198682	ortholog_one2one	1
Paqr3	ENSMUSG00000055725	ENSG00000163291	ortholog_one2one	1
Paqr4	ENSMUSG00000023909	ENSG00000162073	ortholog_one2one	1
Paqr5	ENSMUSG00000032278	ENSG00000137819	ortholog_one2one	1
Paqr6	ENSMUSG00000041423	ENSG00000160781	ortholog_one2one	1
Paqr7	ENSMUSG00000037348	ENSG00000182749	ortholog_one2one	1
Paqr8	ENSMUSG00000025931	ENSG00000170915	ortholog_one2one	1
Paqr9	ENSMUSG00000064225	ENSG00000188582	ortholog_one2one	1
Pard3	ENSMUSG00000025812	ENSG00000148498	ortholog_one2one	1
Pard3b	ENSMUSG00000052062	ENSG00000116117	ortholog_one2one	1
Pard6a	ENSMUSG00000005699	ENSG00000102981	ortholog_one2one	1
Pard6b	ENSMUSG00000044641	ENSG00000124171	ortholog_one2one	1
Pard6g	ENSMUSG00000056214	ENSG00000178184	ortholog_one2one	1
Parg	ENSMUSG00000021911	ENSG00000227345	ortholog_one2one	1
Park7	ENSMUSG00000028964	ENSG00000116288	ortholog_one2one	1
Parl	ENSMUSG00000033918	ENSG00000175193	ortholog_one2one	1
Parm1	ENSMUSG00000034981	ENSG00000169116	ortholog_one2one	1
Parn	ENSMUSG00000022685	ENSG00000140694	ortholog_one2one	1
Parp1	ENSMUSG00000026496	ENSG00000143799	ortholog_one2one	1
Parp10	ENSMUSG00000063268	ENSG00000178685	ortholog_one2one	1
Parp11	ENSMUSG00000037997	ENSG00000111224	ortholog_one2one	1
Parp12	ENSMUSG00000038507	ENSG00000059378	ortholog_one2one	1
Parp14	ENSMUSG00000034422	ENSG00000173193	ortholog_one2one	1
Parp16	ENSMUSG00000032392	ENSG00000138617	ortholog_one2one	1
Parp2	ENSMUSG00000036023	ENSG00000129484	ortholog_one2one	1
Parp3	ENSMUSG00000023249	ENSG00000041880	ortholog_one2one	1
Parp4	ENSMUSG00000054509	ENSG00000102699	ortholog_one2one	1
Parp6	ENSMUSG00000025237	ENSG00000137817	ortholog_one2one	1
Parp8	ENSMUSG00000021725	ENSG00000151883	ortholog_one2one	1
Parp9	ENSMUSG00000022906	ENSG00000138496	ortholog_one2one	1
Parpbp	ENSMUSG00000035365	ENSG00000185480	ortholog_one2one	1
Pars2	ENSMUSG00000043572	ENSG00000162396	ortholog_one2one	1
Parva	ENSMUSG00000030770	ENSG00000197702	ortholog_one2one	1
Parvb	ENSMUSG00000022438	ENSG00000188677	ortholog_one2one	1
Parvg	ENSMUSG00000022439	ENSG00000138964	ortholog_one2one	1
Pask	ENSMUSG00000026274	ENSG00000115687	ortholog_one2one	1
Pate1	ENSMUSG00000091215	ENSG00000171053	ortholog_one2one	1
Pate3	ENSMUSG00000094995	ENSG00000236027	ortholog_one2one	1
Patj	ENSMUSG00000061859	ENSG00000132849	ortholog_one2one	1
Patl1	ENSMUSG00000046139	ENSG00000166889	ortholog_one2one	1
Patl2	ENSMUSG00000027233	ENSG00000229474	ortholog_one2one	1
Patz1	ENSMUSG00000020453	ENSG00000100105	ortholog_one2one	1
Pawr	ENSMUSG00000035873	ENSG00000177425	ortholog_one2one	1
Pax1	ENSMUSG00000037034	ENSG00000125813	ortholog_one2one	1
Pax2	ENSMUSG00000004231	ENSG00000075891	ortholog_one2one	1
Pax3	ENSMUSG00000004872	ENSG00000135903	ortholog_one2one	1
Pax4	ENSMUSG00000029706	ENSG00000106331	ortholog_one2one	1
Pax5	ENSMUSG00000014030	ENSG00000196092	ortholog_one2one	1
Pax6	ENSMUSG00000027168	ENSG00000007372	ortholog_one2one	1
Pax7	ENSMUSG00000028736	ENSG00000009709	ortholog_one2one	1
Pax8	ENSMUSG00000026976	ENSG00000125618	ortholog_one2one	1
Pax9	ENSMUSG00000001497	ENSG00000198807	ortholog_one2one	1
Paxbp1	ENSMUSG00000022974	ENSG00000159086	ortholog_one2one	1
Paxip1	ENSMUSG00000002221	ENSG00000157212	ortholog_one2one	1
Paxx	ENSMUSG00000047617	ENSG00000310560	ortholog_one2one	1
Pbdc1	ENSMUSG00000031226	ENSG00000102390	ortholog_one2one	1
Pbk	ENSMUSG00000022033	ENSG00000168078	ortholog_one2one	1
Pbrm1	ENSMUSG00000042323	ENSG00000163939	ortholog_one2one	1
Pbx1	ENSMUSG00000052534	ENSG00000185630	ortholog_one2one	1
Pbx2	ENSMUSG00000034673	ENSG00000204304	ortholog_one2one	1
Pbx3	ENSMUSG00000038718	ENSG00000167081	ortholog_one2one	1
Pbx4	ENSMUSG00000031860	ENSG00000105717	ortholog_one2one	1
Pbxip1	ENSMUSG00000042613	ENSG00000163346	ortholog_one2one	1
Pcare	ENSMUSG00000044375	ENSG00000179270	ortholog_one2one	1
Pcbd1	ENSMUSG00000020098	ENSG00000166228	ortholog_one2one	1
Pcbd2	ENSMUSG00000021496	ENSG00000132570	ortholog_one2one	1
Pcbp1	ENSMUSG00000051695	ENSG00000169564	ortholog_one2one	1
Pcbp2	ENSMUSG00000056851	ENSG00000197111	ortholog_one2one	1
Pcbp3	ENSMUSG00000001120	ENSG00000183570	ortholog_one2one	1
Pcbp4	ENSMUSG00000023495	ENSG00000090097	ortholog_one2one	1
Pcca	ENSMUSG00000041650	ENSG00000175198	ortholog_one2one	1
Pccb	ENSMUSG00000032527	ENSG00000114054	ortholog_one2one	1
Pcdh1	ENSMUSG00000051375	ENSG00000156453	ortholog_one2one	1
Pcdh10	ENSMUSG00000049100	ENSG00000138650	ortholog_one2one	1
Pcdh12	ENSMUSG00000024440	ENSG00000113555	ortholog_one2one	1
Pcdh15	ENSMUSG00000052613	ENSG00000150275	ortholog_one2one	1
Pcdh17	ENSMUSG00000035566	ENSG00000118946	ortholog_one2one	1
Pcdh18	ENSMUSG00000037892	ENSG00000189184	ortholog_one2one	1
Pcdh19	ENSMUSG00000051323	ENSG00000165194	ortholog_one2one	1
Pcdh20	ENSMUSG00000050505	ENSG00000280165	ortholog_one2one	1
Pcdh7	ENSMUSG00000029108	ENSG00000169851	ortholog_one2one	1
Pcdh8	ENSMUSG00000036422	ENSG00000136099	ortholog_one2one	1
Pcdh9	ENSMUSG00000055421	ENSG00000184226	ortholog_one2one	1
Pcdha1	ENSMUSG00000103442	ENSG00000204970	ortholog_one2one	1
Pcdha11	ENSMUSG00000102206	ENSG00000249158	ortholog_one2one	1
Pcdha12	ENSMUSG00000103310	ENSG00000239389	ortholog_one2one	1
Pcdha2	ENSMUSG00000104148	ENSG00000204969	ortholog_one2one	1
Pcdha3	ENSMUSG00000102312	ENSG00000255408	ortholog_one2one	1
Pcdha5	ENSMUSG00000103092	ENSG00000204965	ortholog_one2one	1
Pcdha9	ENSMUSG00000103770	ENSG00000250120	ortholog_one2one	1
Pcdhac1	ENSMUSG00000103255	ENSG00000248383	ortholog_one2one	1
Pcdhac2	ENSMUSG00000102697	ENSG00000243232	ortholog_one2one	1
Pcdhb1	ENSMUSG00000051663	ENSG00000171815	ortholog_one2one	1
Pcdhb13	ENSMUSG00000047307	ENSG00000113211	ortholog_one2one	1
Pcdhb15	ENSMUSG00000047033	ENSG00000113212	ortholog_one2one	1
Pcdhb16	ENSMUSG00000047910	ENSG00000187372	ortholog_one2one	1
Pcdhb17	ENSMUSG00000046387	ENSG00000272674	ortholog_one2one	1
Pcdhb2	ENSMUSG00000051599	ENSG00000112852	ortholog_one2one	1
Pcdhb20	ENSMUSG00000046191	ENSG00000120327	ortholog_one2one	1
Pcdhb22	ENSMUSG00000073591	ENSG00000113248	ortholog_one2one	1
Pcdhb3	ENSMUSG00000045498	ENSG00000113205	ortholog_one2one	1
Pcdhga1	ENSMUSG00000103144	ENSG00000204956	ortholog_one2one	1
Pcdhga10	ENSMUSG00000102222	ENSG00000253846	ortholog_one2one	1
Pcdhga11	ENSMUSG00000102742	ENSG00000253873	ortholog_one2one	1
Pcdhga12	ENSMUSG00000102428	ENSG00000253159	ortholog_one2one	1
Pcdhga2	ENSMUSG00000103332	ENSG00000081853	ortholog_one2one	1
Pcdhga3	ENSMUSG00000104346	ENSG00000254245	ortholog_one2one	1
Pcdhga4	ENSMUSG00000103677	ENSG00000262576	ortholog_one2one	1
Pcdhga5	ENSMUSG00000103567	ENSG00000253485	ortholog_one2one	1
Pcdhga6	ENSMUSG00000103793	ENSG00000253731	ortholog_one2one	1
Pcdhga7	ENSMUSG00000103472	ENSG00000253537	ortholog_one2one	1
Pcdhga8	ENSMUSG00000103897	ENSG00000253767	ortholog_one2one	1
Pcdhga9	ENSMUSG00000102440	ENSG00000261934	ortholog_one2one	1
Pcdhgb1	ENSMUSG00000103037	ENSG00000254221	ortholog_one2one	1
Pcdhgb2	ENSMUSG00000102748	ENSG00000253910	ortholog_one2one	1
Pcdhgb4	ENSMUSG00000103585	ENSG00000253953	ortholog_one2one	1
Pcdhgb5	ENSMUSG00000103749	ENSG00000276547	ortholog_one2one	1
Pcdhgb6	ENSMUSG00000103088	ENSG00000253305	ortholog_one2one	1
Pcdhgb7	ENSMUSG00000104063	ENSG00000254122	ortholog_one2one	1
Pcdhgc3	ENSMUSG00000102918	ENSG00000240184	ortholog_one2one	1
Pcdhgc4	ENSMUSG00000023036	ENSG00000242419	ortholog_one2one	1
Pcdhgc5	ENSMUSG00000102543	ENSG00000240764	ortholog_one2one	1
Pced1a	ENSMUSG00000037773	ENSG00000132635	ortholog_one2one	1
Pced1b	ENSMUSG00000044250	ENSG00000179715	ortholog_one2one	1
Pcf11	ENSMUSG00000041328	ENSG00000165494	ortholog_one2one	1
Pcgf1	ENSMUSG00000069678	ENSG00000115289	ortholog_one2one	1
Pcgf2	ENSMUSG00000018537	ENSG00000277258	ortholog_one2one	1
Pcgf3	ENSMUSG00000033623	ENSG00000185619	ortholog_one2one	1
Pcgf5	ENSMUSG00000024805	ENSG00000180628	ortholog_one2one	1
Pcgf6	ENSMUSG00000025050	ENSG00000156374	ortholog_one2one	1
Pcid2	ENSMUSG00000038542	ENSG00000126226	ortholog_one2one	1
Pcif1	ENSMUSG00000039849	ENSG00000100982	ortholog_one2one	1
Pck1	ENSMUSG00000027513	ENSG00000124253	ortholog_one2one	1
Pck2	ENSMUSG00000040618	ENSG00000100889	ortholog_one2one	1
Pclaf	ENSMUSG00000040204	ENSG00000166803	ortholog_one2one	1
Pclo	ENSMUSG00000061601	ENSG00000186472	ortholog_one2one	1
Pcm1	ENSMUSG00000031592	ENSG00000078674	ortholog_one2one	1
Pcmt1	ENSMUSG00000019795	ENSG00000120265	ortholog_one2one	1
Pcmtd1	ENSMUSG00000051285	ENSG00000168300	ortholog_one2one	1
Pcmtd2	ENSMUSG00000027589	ENSG00000203880	ortholog_one2one	1
Pcna	ENSMUSG00000027342	ENSG00000132646	ortholog_one2one	1
Pcnp	ENSMUSG00000071533	ENSG00000081154	ortholog_one2one	1
Pcnt	ENSMUSG00000001151	ENSG00000160299	ortholog_one2one	1
Pcnx1	ENSMUSG00000021140	ENSG00000100731	ortholog_one2one	1
Pcnx2	ENSMUSG00000060212	ENSG00000135749	ortholog_one2one	1
Pcnx3	ENSMUSG00000054874	ENSG00000197136	ortholog_one2one	1
Pcnx4	ENSMUSG00000034501	ENSG00000126773	ortholog_one2one	1
Pcolce	ENSMUSG00000029718	ENSG00000106333	ortholog_one2one	1
Pcolce2	ENSMUSG00000015354	ENSG00000163710	ortholog_one2one	1
Pcp2	ENSMUSG00000004630	ENSG00000174788	ortholog_one2one	1
Pcp4l1	ENSMUSG00000038370	ENSG00000248485	ortholog_one2one	1
Pcsk1	ENSMUSG00000021587	ENSG00000175426	ortholog_one2one	1
Pcsk1n	ENSMUSG00000039278	ENSG00000102109	ortholog_one2one	1
Pcsk2	ENSMUSG00000027419	ENSG00000125851	ortholog_one2one	1
Pcsk4	ENSMUSG00000020131	ENSG00000115257	ortholog_one2one	1
Pcsk5	ENSMUSG00000024713	ENSG00000099139	ortholog_one2one	1
Pcsk6	ENSMUSG00000030513	ENSG00000140479	ortholog_one2one	1
Pcsk7	ENSMUSG00000035382	ENSG00000160613	ortholog_one2one	1
Pcsk9	ENSMUSG00000044254	ENSG00000169174	ortholog_one2one	1
Pctp	ENSMUSG00000020553	ENSG00000141179	ortholog_one2one	1
Pcx	ENSMUSG00000024892	ENSG00000173599	ortholog_one2one	1
Pcyox1	ENSMUSG00000029998	ENSG00000116005	ortholog_one2one	1
Pcyox1l	ENSMUSG00000024579	ENSG00000145882	ortholog_one2one	1
Pcyt1a	ENSMUSG00000005615	ENSG00000161217	ortholog_one2one	1
Pcyt1b	ENSMUSG00000035246	ENSG00000102230	ortholog_one2one	1
Pcyt2	ENSMUSG00000025137	ENSG00000185813	ortholog_one2one	1
Pdap1	ENSMUSG00000029623	ENSG00000106244	ortholog_one2one	1
Pdc	ENSMUSG00000006007	ENSG00000116703	ortholog_one2one	1
Pdcd1	ENSMUSG00000026285	ENSG00000188389	ortholog_one2one	1
Pdcd10	ENSMUSG00000027835	ENSG00000114209	ortholog_one2one	1
Pdcd11	ENSMUSG00000025047	ENSG00000148843	ortholog_one2one	1
Pdcd1lg2	ENSMUSG00000016498	ENSG00000197646	ortholog_one2one	1
Pdcd2	ENSMUSG00000014771	ENSG00000071994	ortholog_one2one	1
Pdcd2l	ENSMUSG00000002635	ENSG00000126249	ortholog_one2one	1
Pdcd4	ENSMUSG00000024975	ENSG00000150593	ortholog_one2one	1
Pdcd5	ENSMUSG00000030417	ENSG00000105185	ortholog_one2one	1
Pdcd6	ENSMUSG00000021576	ENSG00000249915	ortholog_one2one	1
Pdcd7	ENSMUSG00000041837	ENSG00000090470	ortholog_one2one	1
Pdcl	ENSMUSG00000009030	ENSG00000136940	ortholog_one2one	1
Pdcl2	ENSMUSG00000029235	ENSG00000163440	ortholog_one2one	1
Pdcl3	ENSMUSG00000026078	ENSG00000115539	ortholog_one2one	1
Pde10a	ENSMUSG00000023868	ENSG00000112541	ortholog_one2one	1
Pde11a	ENSMUSG00000075270	ENSG00000128655	ortholog_one2one	1
Pde12	ENSMUSG00000043702	ENSG00000174840	ortholog_one2one	1
Pde1a	ENSMUSG00000059173	ENSG00000115252	ortholog_one2one	1
Pde1b	ENSMUSG00000022489	ENSG00000123360	ortholog_one2one	1
Pde1c	ENSMUSG00000004347	ENSG00000154678	ortholog_one2one	1
Pde2a	ENSMUSG00000110195	ENSG00000186642	ortholog_one2one	1
Pde3a	ENSMUSG00000041741	ENSG00000172572	ortholog_one2one	1
Pde3b	ENSMUSG00000030671	ENSG00000152270	ortholog_one2one	1
Pde4a	ENSMUSG00000032177	ENSG00000065989	ortholog_one2one	1
Pde4b	ENSMUSG00000028525	ENSG00000184588	ortholog_one2one	1
Pde4c	ENSMUSG00000031842	ENSG00000105650	ortholog_one2one	1
Pde4d	ENSMUSG00000021699	ENSG00000113448	ortholog_one2one	1
Pde4dip	ENSMUSG00000038170	ENSG00000178104	ortholog_one2one	1
Pde5a	ENSMUSG00000053965	ENSG00000138735	ortholog_one2one	1
Pde6a	ENSMUSG00000024575	ENSG00000132915	ortholog_one2one	1
Pde6b	ENSMUSG00000029491	ENSG00000133256	ortholog_one2one	1
Pde6c	ENSMUSG00000024992	ENSG00000095464	ortholog_one2one	1
Pde6d	ENSMUSG00000026239	ENSG00000156973	ortholog_one2one	1
Pde6g	ENSMUSG00000025386	ENSG00000185527	ortholog_one2one	1
Pde6h	ENSMUSG00000064330	ENSG00000139053	ortholog_one2one	1
Pde7a	ENSMUSG00000069094	ENSG00000205268	ortholog_one2one	1
Pde7b	ENSMUSG00000019990	ENSG00000171408	ortholog_one2one	1
Pde8a	ENSMUSG00000025584	ENSG00000073417	ortholog_one2one	1
Pde8b	ENSMUSG00000021684	ENSG00000113231	ortholog_one2one	1
Pde9a	ENSMUSG00000041119	ENSG00000160191	ortholog_one2one	1
Pdf	ENSMUSG00000078931	ENSG00000258429	ortholog_one2one	1
Pdgfa	ENSMUSG00000025856	ENSG00000197461	ortholog_one2one	1
Pdgfb	ENSMUSG00000000489	ENSG00000100311	ortholog_one2one	1
Pdgfc	ENSMUSG00000028019	ENSG00000145431	ortholog_one2one	1
Pdgfd	ENSMUSG00000032006	ENSG00000170962	ortholog_one2one	1
Pdgfra	ENSMUSG00000029231	ENSG00000134853	ortholog_one2one	1
Pdgfrb	ENSMUSG00000024620	ENSG00000113721	ortholog_one2one	1
Pdgfrl	ENSMUSG00000031595	ENSG00000104213	ortholog_one2one	1
Pdha1	ENSMUSG00000031299	ENSG00000131828	ortholog_one2one	1
Pdha2	ENSMUSG00000047674	ENSG00000163114	ortholog_one2one	1
Pdhb	ENSMUSG00000021748	ENSG00000168291	ortholog_one2one	1
Pdhx	ENSMUSG00000010914	ENSG00000110435	ortholog_one2one	1
Pdia2	ENSMUSG00000024184	ENSG00000185615	ortholog_one2one	1
Pdia3	ENSMUSG00000027248	ENSG00000167004	ortholog_one2one	1
Pdia4	ENSMUSG00000025823	ENSG00000155660	ortholog_one2one	1
Pdia5	ENSMUSG00000022844	ENSG00000065485	ortholog_one2one	1
Pdia6	ENSMUSG00000020571	ENSG00000143870	ortholog_one2one	1
Pdik1l	ENSMUSG00000050890	ENSG00000175087	ortholog_one2one	1
Pdilt	ENSMUSG00000030968	ENSG00000169340	ortholog_one2one	1
Pdk1	ENSMUSG00000006494	ENSG00000152256	ortholog_one2one	1
Pdk2	ENSMUSG00000038967	ENSG00000005882	ortholog_one2one	1
Pdk3	ENSMUSG00000035232	ENSG00000067992	ortholog_one2one	1
Pdk4	ENSMUSG00000019577	ENSG00000004799	ortholog_one2one	1
Pdlim1	ENSMUSG00000055044	ENSG00000107438	ortholog_one2one	1
Pdlim2	ENSMUSG00000022090	ENSG00000120913	ortholog_one2one	1
Pdlim3	ENSMUSG00000031636	ENSG00000154553	ortholog_one2one	1
Pdlim4	ENSMUSG00000020388	ENSG00000131435	ortholog_one2one	1
Pdlim5	ENSMUSG00000028273	ENSG00000163110	ortholog_one2one	1
Pdlim7	ENSMUSG00000021493	ENSG00000196923	ortholog_one2one	1
Pdp1	ENSMUSG00000049225	ENSG00000164951	ortholog_one2one	1
Pdp2	ENSMUSG00000048371	ENSG00000172840	ortholog_one2one	1
Pdpk1	ENSMUSG00000024122	ENSG00000140992	ortholog_one2one	1
Pdpr	ENSMUSG00000033624	ENSG00000090857	ortholog_one2one	1
Pdrg1	ENSMUSG00000027472	ENSG00000088356	ortholog_one2one	1
Pds5a	ENSMUSG00000029202	ENSG00000121892	ortholog_one2one	1
Pds5b	ENSMUSG00000034021	ENSG00000083642	ortholog_one2one	1
Pdss1	ENSMUSG00000026784	ENSG00000148459	ortholog_one2one	1
Pdss2	ENSMUSG00000038240	ENSG00000164494	ortholog_one2one	1
Pdx1	ENSMUSG00000029644	ENSG00000139515	ortholog_one2one	1
Pdxdc1	ENSMUSG00000022680	ENSG00000179889	ortholog_one2one	1
Pdxk	ENSMUSG00000032788	ENSG00000160209	ortholog_one2one	1
Pdxp	ENSMUSG00000116165	ENSG00000241360	ortholog_one2one	1
Pdyn	ENSMUSG00000027400	ENSG00000101327	ortholog_one2one	1
Pdzd11	ENSMUSG00000015668	ENSG00000120509	ortholog_one2one	1
Pdzd2	ENSMUSG00000022197	ENSG00000133401	ortholog_one2one	1
Pdzd4	ENSMUSG00000002006	ENSG00000067840	ortholog_one2one	1
Pdzd7	ENSMUSG00000074818	ENSG00000186862	ortholog_one2one	1
Pdzd8	ENSMUSG00000074746	ENSG00000165650	ortholog_one2one	1
Pdzd9	ENSMUSG00000030887	ENSG00000155714	ortholog_one2one	1
Pdzk1	ENSMUSG00000038298	ENSG00000174827	ortholog_one2one	1
Pdzk1ip1	ENSMUSG00000028716	ENSG00000162366	ortholog_one2one	1
Pdzrn3	ENSMUSG00000035357	ENSG00000121440	ortholog_one2one	1
Pdzrn4	ENSMUSG00000036218	ENSG00000165966	ortholog_one2one	1
Pea15a	ENSMUSG00000013698	ENSG00000162734	ortholog_one2one	1
Peak1	ENSMUSG00000074305	ENSG00000173517	ortholog_one2one	1
Pear1	ENSMUSG00000028073	ENSG00000187800	ortholog_one2one	1
Pecam1	ENSMUSG00000020717	ENSG00000261371	ortholog_one2one	1
Pecr	ENSMUSG00000026189	ENSG00000115425	ortholog_one2one	1
Peds1	ENSMUSG00000090213	ENSG00000240849	ortholog_one2one	1
Pef1	ENSMUSG00000028779	ENSG00000162517	ortholog_one2one	1
Peg3	ENSMUSG00000002265	ENSG00000198300	ortholog_one2one	1
Peli1	ENSMUSG00000020134	ENSG00000197329	ortholog_one2one	1
Peli2	ENSMUSG00000021846	ENSG00000139946	ortholog_one2one	1
Peli3	ENSMUSG00000024901	ENSG00000174516	ortholog_one2one	1
Pelo	ENSMUSG00000042275	ENSG00000152684	ortholog_one2one	1
Pelp1	ENSMUSG00000018921	ENSG00000141456	ortholog_one2one	1
Pemt	ENSMUSG00000000301	ENSG00000133027	ortholog_one2one	1
Penk	ENSMUSG00000045573	ENSG00000181195	ortholog_one2one	1
Pepd	ENSMUSG00000063931	ENSG00000124299	ortholog_one2one	1
Per1	ENSMUSG00000020893	ENSG00000179094	ortholog_one2one	1
Per2	ENSMUSG00000055866	ENSG00000132326	ortholog_one2one	1
Per3	ENSMUSG00000028957	ENSG00000049246	ortholog_one2one	1
Percc1	ENSMUSG00000114245	ENSG00000284395	ortholog_one2one	1
Perm1	ENSMUSG00000078486	ENSG00000187642	ortholog_one2one	1
Perp	ENSMUSG00000019851	ENSG00000112378	ortholog_one2one	1
Pes1	ENSMUSG00000020430	ENSG00000100029	ortholog_one2one	1
Pet100	ENSMUSG00000087687	ENSG00000229833	ortholog_one2one	1
Pet117	ENSMUSG00000098387	ENSG00000232838	ortholog_one2one	1
Pex1	ENSMUSG00000005907	ENSG00000127980	ortholog_one2one	1
Pex10	ENSMUSG00000029047	ENSG00000157911	ortholog_one2one	1
Pex11a	ENSMUSG00000030545	ENSG00000166821	ortholog_one2one	1
Pex11b	ENSMUSG00000028102	ENSG00000131779	ortholog_one2one	1
Pex11g	ENSMUSG00000069633	ENSG00000104883	ortholog_one2one	1
Pex12	ENSMUSG00000018733	ENSG00000108733	ortholog_one2one	1
Pex13	ENSMUSG00000020283	ENSG00000162928	ortholog_one2one	1
Pex14	ENSMUSG00000028975	ENSG00000142655	ortholog_one2one	1
Pex16	ENSMUSG00000027222	ENSG00000121680	ortholog_one2one	1
Pex19	ENSMUSG00000003464	ENSG00000162735	ortholog_one2one	1
Pex2	ENSMUSG00000040374	ENSG00000164751	ortholog_one2one	1
Pex26	ENSMUSG00000067825	ENSG00000215193	ortholog_one2one	1
Pex3	ENSMUSG00000019809	ENSG00000034693	ortholog_one2one	1
Pex5	ENSMUSG00000005069	ENSG00000139197	ortholog_one2one	1
Pex5l	ENSMUSG00000027674	ENSG00000114757	ortholog_one2one	1
Pex6	ENSMUSG00000002763	ENSG00000124587	ortholog_one2one	1
Pex7	ENSMUSG00000020003	ENSG00000112357	ortholog_one2one	1
Pfas	ENSMUSG00000020899	ENSG00000178921	ortholog_one2one	1
Pfdn1	ENSMUSG00000024346	ENSG00000113068	ortholog_one2one	1
Pfdn2	ENSMUSG00000006412	ENSG00000143256	ortholog_one2one	1
Pfdn4	ENSMUSG00000052033	ENSG00000101132	ortholog_one2one	1
Pfdn5	ENSMUSG00000001289	ENSG00000123349	ortholog_one2one	1
Pfdn6	ENSMUSG00000024309	ENSG00000204220	ortholog_one2one	1
Pfkfb1	ENSMUSG00000025271	ENSG00000158571	ortholog_one2one	1
Pfkfb2	ENSMUSG00000026409	ENSG00000123836	ortholog_one2one	1
Pfkfb3	ENSMUSG00000026773	ENSG00000170525	ortholog_one2one	1
Pfkfb4	ENSMUSG00000025648	ENSG00000114268	ortholog_one2one	1
Pfkl	ENSMUSG00000020277	ENSG00000141959	ortholog_one2one	1
Pfkm	ENSMUSG00000033065	ENSG00000152556	ortholog_one2one	1
Pfkp	ENSMUSG00000021196	ENSG00000067057	ortholog_one2one	1
Pfn1	ENSMUSG00000018293	ENSG00000108518	ortholog_one2one	1
Pfn2	ENSMUSG00000027805	ENSG00000070087	ortholog_one2one	1
Pfn3	ENSMUSG00000044444	ENSG00000196570	ortholog_one2one	1
Pfn4	ENSMUSG00000020639	ENSG00000176732	ortholog_one2one	1
Pgam1	ENSMUSG00000011752	ENSG00000171314	ortholog_one2one	1
Pgam2	ENSMUSG00000020475	ENSG00000164708	ortholog_one2one	1
Pgam5	ENSMUSG00000029500	ENSG00000247077	ortholog_one2one	1
Pgap1	ENSMUSG00000073678	ENSG00000197121	ortholog_one2one	1
Pgap2	ENSMUSG00000030990	ENSG00000148985	ortholog_one2one	1
Pgap3	ENSMUSG00000038208	ENSG00000161395	ortholog_one2one	1
Pgap4	ENSMUSG00000039611	ENSG00000165152	ortholog_one2one	1
Pgap6	ENSMUSG00000024180	ENSG00000129925	ortholog_one2one	1
Pgbd5	ENSMUSG00000050751	ENSG00000177614	ortholog_one2one	1
Pgc	ENSMUSG00000023987	ENSG00000096088	ortholog_one2one	1
Pgcka1	ENSMUSG00000060512	ENSG00000154274	ortholog_one2one	1
Pgd	ENSMUSG00000028961	ENSG00000142657	ortholog_one2one	1
Pgf	ENSMUSG00000004791	ENSG00000119630	ortholog_one2one	1
Pgghg	ENSMUSG00000062031	ENSG00000142102	ortholog_one2one	1
Pggt1b	ENSMUSG00000024477	ENSG00000164219	ortholog_one2one	1
Pgk1	ENSMUSG00000062070	ENSG00000102144	ortholog_one2one	1
Pgk2	ENSMUSG00000031233	ENSG00000170950	ortholog_one2one	1
Pgls	ENSMUSG00000031807	ENSG00000130313	ortholog_one2one	1
Pglyrp1	ENSMUSG00000030413	ENSG00000008438	ortholog_one2one	1
Pglyrp2	ENSMUSG00000079563	ENSG00000161031	ortholog_one2one	1
Pglyrp3	ENSMUSG00000042244	ENSG00000159527	ortholog_one2one	1
Pglyrp4	ENSMUSG00000042250	ENSG00000163218	ortholog_one2one	1
Pgm1	ENSMUSG00000025791	ENSG00000079739	ortholog_one2one	1
Pgm2	ENSMUSG00000029171	ENSG00000169299	ortholog_one2one	1
Pgm2l1	ENSMUSG00000030729	ENSG00000165434	ortholog_one2one	1
Pgm3	ENSMUSG00000056131	ENSG00000013375	ortholog_one2one	1
Pgm5	ENSMUSG00000041731	ENSG00000154330	ortholog_one2one	1
Pgp	ENSMUSG00000043445	ENSG00000184207	ortholog_one2one	1
Pgpep1	ENSMUSG00000056204	ENSG00000130517	ortholog_one2one	1
Pgr	ENSMUSG00000031870	ENSG00000082175	ortholog_one2one	1
Pgrmc1	ENSMUSG00000006373	ENSG00000101856	ortholog_one2one	1
Pgrmc2	ENSMUSG00000049940	ENSG00000164040	ortholog_one2one	1
Pgs1	ENSMUSG00000017715	ENSG00000087157	ortholog_one2one	1
Phactr1	ENSMUSG00000054728	ENSG00000112137	ortholog_one2one	1
Phactr2	ENSMUSG00000062866	ENSG00000112419	ortholog_one2one	1
Phactr3	ENSMUSG00000027525	ENSG00000087495	ortholog_one2one	1
Phactr4	ENSMUSG00000066043	ENSG00000204138	ortholog_one2one	1
Phaf1	ENSMUSG00000031889	ENSG00000125149	ortholog_one2one	1
Phax	ENSMUSG00000008301	ENSG00000164902	ortholog_one2one	1
Phb1	ENSMUSG00000038845	ENSG00000167085	ortholog_one2one	1
Phb2	ENSMUSG00000004264	ENSG00000215021	ortholog_one2one	1
Phc1	ENSMUSG00000040669	ENSG00000111752	ortholog_one2one	1
Phc2	ENSMUSG00000028796	ENSG00000134686	ortholog_one2one	1
Phc3	ENSMUSG00000037652	ENSG00000173889	ortholog_one2one	1
Pheta1	ENSMUSG00000044134	ENSG00000198324	ortholog_one2one	1
Pheta2	ENSMUSG00000049687	ENSG00000177096	ortholog_one2one	1
Phex	ENSMUSG00000057457	ENSG00000102174	ortholog_one2one	1
Phf1	ENSMUSG00000024193	ENSG00000112511	ortholog_one2one	1
Phf10	ENSMUSG00000023883	ENSG00000130024	ortholog_one2one	1
Phf12	ENSMUSG00000037791	ENSG00000109118	ortholog_one2one	1
Phf13	ENSMUSG00000047777	ENSG00000116273	ortholog_one2one	1
Phf14	ENSMUSG00000029629	ENSG00000106443	ortholog_one2one	1
Phf19	ENSMUSG00000026873	ENSG00000119403	ortholog_one2one	1
Phf2	ENSMUSG00000038025	ENSG00000197724	ortholog_one2one	1
Phf20	ENSMUSG00000038116	ENSG00000025293	ortholog_one2one	1
Phf20l1	ENSMUSG00000072501	ENSG00000129292	ortholog_one2one	1
Phf21a	ENSMUSG00000058318	ENSG00000135365	ortholog_one2one	1
Phf21b	ENSMUSG00000016624	ENSG00000056487	ortholog_one2one	1
Phf23	ENSMUSG00000018572	ENSG00000040633	ortholog_one2one	1
Phf24	ENSMUSG00000036062	ENSG00000122733	ortholog_one2one	1
Phf3	ENSMUSG00000048874	ENSG00000118482	ortholog_one2one	1
Phf5a	ENSMUSG00000061360	ENSG00000100410	ortholog_one2one	1
Phf6	ENSMUSG00000025626	ENSG00000156531	ortholog_one2one	1
Phf7	ENSMUSG00000021902	ENSG00000010318	ortholog_one2one	1
Phf8	ENSMUSG00000041229	ENSG00000172943	ortholog_one2one	1
Phgdh	ENSMUSG00000053398	ENSG00000092621	ortholog_one2one	1
Phip	ENSMUSG00000032253	ENSG00000146247	ortholog_one2one	1
Phka1	ENSMUSG00000034055	ENSG00000067177	ortholog_one2one	1
Phka2	ENSMUSG00000031295	ENSG00000044446	ortholog_one2one	1
Phkb	ENSMUSG00000036879	ENSG00000102893	ortholog_one2one	1
Phkg1	ENSMUSG00000025537	ENSG00000164776	ortholog_one2one	1
Phkg2	ENSMUSG00000030815	ENSG00000156873	ortholog_one2one	1
Phlda1	ENSMUSG00000020205	ENSG00000139289	ortholog_one2one	1
Phlda2	ENSMUSG00000010760	ENSG00000181649	ortholog_one2one	1
Phlda3	ENSMUSG00000041801	ENSG00000174307	ortholog_one2one	1
Phldb1	ENSMUSG00000048537	ENSG00000019144	ortholog_one2one	1
Phldb2	ENSMUSG00000033149	ENSG00000144824	ortholog_one2one	1
Phldb3	ENSMUSG00000074277	ENSG00000176531	ortholog_one2one	1
Phlpp1	ENSMUSG00000044340	ENSG00000081913	ortholog_one2one	1
Phlpp2	ENSMUSG00000031732	ENSG00000040199	ortholog_one2one	1
Phospho1	ENSMUSG00000050860	ENSG00000173868	ortholog_one2one	1
Phospho2	ENSMUSG00000027088	ENSG00000144362	ortholog_one2one	1
Phox2a	ENSMUSG00000007946	ENSG00000165462	ortholog_one2one	1
Phox2b	ENSMUSG00000012520	ENSG00000109132	ortholog_one2one	1
Phpt1	ENSMUSG00000036504	ENSG00000054148	ortholog_one2one	1
Phrf1	ENSMUSG00000038611	ENSG00000070047	ortholog_one2one	1
Phtf1	ENSMUSG00000058388	ENSG00000116793	ortholog_one2one	1
Phtf2	ENSMUSG00000039987	ENSG00000006576	ortholog_one2one	1
Phyh	ENSMUSG00000026664	ENSG00000107537	ortholog_one2one	1
Phyhd1	ENSMUSG00000079484	ENSG00000175287	ortholog_one2one	1
Phyhip	ENSMUSG00000003469	ENSG00000168490	ortholog_one2one	1
Phyhipl	ENSMUSG00000037747	ENSG00000165443	ortholog_one2one	1
Phykpl	ENSMUSG00000020359	ENSG00000175309	ortholog_one2one	1
Pi15	ENSMUSG00000067780	ENSG00000137558	ortholog_one2one	1
Pi16	ENSMUSG00000024011	ENSG00000164530	ortholog_one2one	1
Pi4k2a	ENSMUSG00000025178	ENSG00000155252	ortholog_one2one	1
Pi4k2b	ENSMUSG00000029186	ENSG00000038210	ortholog_one2one	1
Pi4ka	ENSMUSG00000041720	ENSG00000241973	ortholog_one2one	1
Pi4kb	ENSMUSG00000038861	ENSG00000143393	ortholog_one2one	1
Pianp	ENSMUSG00000030329	ENSG00000139200	ortholog_one2one	1
Pias1	ENSMUSG00000032405	ENSG00000033800	ortholog_one2one	1
Pias2	ENSMUSG00000025423	ENSG00000078043	ortholog_one2one	1
Pias3	ENSMUSG00000028101	ENSG00000131788	ortholog_one2one	1
Pias4	ENSMUSG00000004934	ENSG00000105229	ortholog_one2one	1
Pibf1	ENSMUSG00000022064	ENSG00000083535	ortholog_one2one	1
Picalm	ENSMUSG00000039361	ENSG00000073921	ortholog_one2one	1
Pick1	ENSMUSG00000068206	ENSG00000100151	ortholog_one2one	1
Pid1	ENSMUSG00000045658	ENSG00000153823	ortholog_one2one	1
Pidd1	ENSMUSG00000025507	ENSG00000177595	ortholog_one2one	1
Pierce1	ENSMUSG00000026831	ENSG00000160345	ortholog_one2one	1
Pierce2	ENSMUSG00000086158	ENSG00000261652	ortholog_one2one	1
Piezo1	ENSMUSG00000014444	ENSG00000103335	ortholog_one2one	1
Piezo2	ENSMUSG00000041482	ENSG00000154864	ortholog_one2one	1
Pif1	ENSMUSG00000041064	ENSG00000140451	ortholog_one2one	1
Piga	ENSMUSG00000031381	ENSG00000165195	ortholog_one2one	1
Pigb	ENSMUSG00000079469	ENSG00000069943	ortholog_one2one	1
Pigbos1	ENSMUSG00000098332	ENSG00000225973	ortholog_one2one	1
Pigc	ENSMUSG00000026698	ENSG00000135845	ortholog_one2one	1
Pigf	ENSMUSG00000024145	ENSG00000151665	ortholog_one2one	1
Pigg	ENSMUSG00000029263	ENSG00000174227	ortholog_one2one	1
Pigh	ENSMUSG00000021120	ENSG00000100564	ortholog_one2one	1
Pigk	ENSMUSG00000039047	ENSG00000142892	ortholog_one2one	1
Pigl	ENSMUSG00000014245	ENSG00000108474	ortholog_one2one	1
Pigm	ENSMUSG00000050229	ENSG00000143315	ortholog_one2one	1
Pign	ENSMUSG00000056536	ENSG00000197563	ortholog_one2one	1
Pigo	ENSMUSG00000028454	ENSG00000165282	ortholog_one2one	1
Pigp	ENSMUSG00000022940	ENSG00000185808	ortholog_one2one	1
Pigq	ENSMUSG00000025728	ENSG00000007541	ortholog_one2one	1
Pigr	ENSMUSG00000026417	ENSG00000162896	ortholog_one2one	1
Pigs	ENSMUSG00000041958	ENSG00000087111	ortholog_one2one	1
Pigt	ENSMUSG00000017721	ENSG00000124155	ortholog_one2one	1
Pigu	ENSMUSG00000038383	ENSG00000101464	ortholog_one2one	1
Pigv	ENSMUSG00000043257	ENSG00000060642	ortholog_one2one	1
Pigw	ENSMUSG00000045140	ENSG00000277161	ortholog_one2one	1
Pigx	ENSMUSG00000023791	ENSG00000163964	ortholog_one2one	1
Pih1d1	ENSMUSG00000003423	ENSG00000104872	ortholog_one2one	1
Pih1d2	ENSMUSG00000000167	ENSG00000150773	ortholog_one2one	1
Pik3ap1	ENSMUSG00000025017	ENSG00000155629	ortholog_one2one	1
Pik3c2a	ENSMUSG00000030660	ENSG00000011405	ortholog_one2one	1
Pik3c2b	ENSMUSG00000026447	ENSG00000133056	ortholog_one2one	1
Pik3c2g	ENSMUSG00000030228	ENSG00000139144	ortholog_one2one	1
Pik3c3	ENSMUSG00000033628	ENSG00000078142	ortholog_one2one	1
Pik3ca	ENSMUSG00000027665	ENSG00000121879	ortholog_one2one	1
Pik3cb	ENSMUSG00000032462	ENSG00000051382	ortholog_one2one	1
Pik3cd	ENSMUSG00000039936	ENSG00000171608	ortholog_one2one	1
Pik3cg	ENSMUSG00000020573	ENSG00000105851	ortholog_one2one	1
Pik3ip1	ENSMUSG00000034614	ENSG00000100100	ortholog_one2one	1
Pik3r1	ENSMUSG00000041417	ENSG00000145675	ortholog_one2one	1
Pik3r2	ENSMUSG00000031834	ENSG00000105647	ortholog_one2one	1
Pik3r3	ENSMUSG00000028698	ENSG00000117461	ortholog_one2one	1
Pik3r4	ENSMUSG00000032571	ENSG00000196455	ortholog_one2one	1
Pik3r5	ENSMUSG00000020901	ENSG00000141506	ortholog_one2one	1
Pik3r6	ENSMUSG00000046207	ENSG00000276231	ortholog_one2one	1
Pikfyve	ENSMUSG00000025949	ENSG00000115020	ortholog_one2one	1
Pim1	ENSMUSG00000024014	ENSG00000137193	ortholog_one2one	1
Pim2	ENSMUSG00000031155	ENSG00000102096	ortholog_one2one	1
Pim3	ENSMUSG00000035828	ENSG00000198355	ortholog_one2one	1
Pimreg	ENSMUSG00000020808	ENSG00000129195	ortholog_one2one	1
Pin4	ENSMUSG00000079480	ENSG00000102309	ortholog_one2one	1
Pink1	ENSMUSG00000028756	ENSG00000158828	ortholog_one2one	1
Pinlyp	ENSMUSG00000011632	ENSG00000234465	ortholog_one2one	1
Pinx1	ENSMUSG00000021958	ENSG00000254093	ortholog_one2one	1
Pip4k2a	ENSMUSG00000026737	ENSG00000150867	ortholog_one2one	1
Pip4k2b	ENSMUSG00000018547	ENSG00000276293	ortholog_one2one	1
Pip4k2c	ENSMUSG00000025417	ENSG00000166908	ortholog_one2one	1
Pip4p1	ENSMUSG00000035953	ENSG00000165782	ortholog_one2one	1
Pip4p2	ENSMUSG00000028221	ENSG00000155099	ortholog_one2one	1
Pip5k1a	ENSMUSG00000028126	ENSG00000143398	ortholog_one2one	1
Pip5k1b	ENSMUSG00000024867	ENSG00000107242	ortholog_one2one	1
Pip5k1c	ENSMUSG00000034902	ENSG00000186111	ortholog_one2one	1
Pip5kl1	ENSMUSG00000046854	ENSG00000167103	ortholog_one2one	1
Pipox	ENSMUSG00000017453	ENSG00000179761	ortholog_one2one	1
Pir	ENSMUSG00000031379	ENSG00000087842	ortholog_one2one	1
Pirt	ENSMUSG00000048070	ENSG00000233670	ortholog_one2one	1
Pithd1	ENSMUSG00000028669	ENSG00000057757	ortholog_one2one	1
Pitpna	ENSMUSG00000017781	ENSG00000174238	ortholog_one2one	1
Pitpnb	ENSMUSG00000050017	ENSG00000180957	ortholog_one2one	1
Pitpnm1	ENSMUSG00000024851	ENSG00000110697	ortholog_one2one	1
Pitpnm2	ENSMUSG00000029406	ENSG00000090975	ortholog_one2one	1
Pitpnm3	ENSMUSG00000040543	ENSG00000091622	ortholog_one2one	1
Pitrm1	ENSMUSG00000021193	ENSG00000107959	ortholog_one2one	1
Pitx1	ENSMUSG00000021506	ENSG00000069011	ortholog_one2one	1
Pitx2	ENSMUSG00000028023	ENSG00000164093	ortholog_one2one	1
Piwil1	ENSMUSG00000029423	ENSG00000125207	ortholog_one2one	1
Piwil2	ENSMUSG00000033644	ENSG00000197181	ortholog_one2one	1
Piwil4	ENSMUSG00000036912	ENSG00000134627	ortholog_one2one	1
Pja1	ENSMUSG00000034403	ENSG00000181191	ortholog_one2one	1
Pja2	ENSMUSG00000024083	ENSG00000198961	ortholog_one2one	1
Pjvk	ENSMUSG00000075267	ENSG00000204311	ortholog_one2one	1
Pkd1	ENSMUSG00000032855	ENSG00000008710	ortholog_one2one	1
Pkd1l1	ENSMUSG00000046634	ENSG00000158683	ortholog_one2one	1
Pkd1l2	ENSMUSG00000034416	ENSG00000166473	ortholog_one2one	1
Pkd2	ENSMUSG00000034462	ENSG00000118762	ortholog_one2one	1
Pkd2l1	ENSMUSG00000037578	ENSG00000107593	ortholog_one2one	1
Pkd2l2	ENSMUSG00000014503	ENSG00000078795	ortholog_one2one	1
Pkdcc	ENSMUSG00000024247	ENSG00000162878	ortholog_one2one	1
Pkdrej	ENSMUSG00000052496	ENSG00000130943	ortholog_one2one	1
Pkhd1	ENSMUSG00000043760	ENSG00000170927	ortholog_one2one	1
Pkhd1l1	ENSMUSG00000038725	ENSG00000205038	ortholog_one2one	1
Pkia	ENSMUSG00000027499	ENSG00000171033	ortholog_one2one	1
Pkib	ENSMUSG00000019876	ENSG00000135549	ortholog_one2one	1
Pklr	ENSMUSG00000041237	ENSG00000143627	ortholog_one2one	1
Pkm	ENSMUSG00000032294	ENSG00000067225	ortholog_one2one	1
Pkmyt1	ENSMUSG00000023908	ENSG00000127564	ortholog_one2one	1
Pkn1	ENSMUSG00000057672	ENSG00000123143	ortholog_one2one	1
Pkn2	ENSMUSG00000004591	ENSG00000065243	ortholog_one2one	1
Pkn3	ENSMUSG00000026785	ENSG00000160447	ortholog_one2one	1
Pknox1	ENSMUSG00000006705	ENSG00000160199	ortholog_one2one	1
Pknox2	ENSMUSG00000035934	ENSG00000165495	ortholog_one2one	1
Pkp1	ENSMUSG00000026413	ENSG00000081277	ortholog_one2one	1
Pkp2	ENSMUSG00000041957	ENSG00000057294	ortholog_one2one	1
Pkp3	ENSMUSG00000054065	ENSG00000184363	ortholog_one2one	1
Pkp4	ENSMUSG00000026991	ENSG00000144283	ortholog_one2one	1
Pla1a	ENSMUSG00000002847	ENSG00000144837	ortholog_one2one	1
Pla2g10	ENSMUSG00000022683	ENSG00000069764	ortholog_one2one	1
Pla2g12a	ENSMUSG00000027999	ENSG00000123739	ortholog_one2one	1
Pla2g12b	ENSMUSG00000009646	ENSG00000138308	ortholog_one2one	1
Pla2g15	ENSMUSG00000031903	ENSG00000103066	ortholog_one2one	1
Pla2g1b	ENSMUSG00000029522	ENSG00000170890	ortholog_one2one	1
Pla2g2c	ENSMUSG00000028750	ENSG00000187980	ortholog_one2one	1
Pla2g2d	ENSMUSG00000041202	ENSG00000117215	ortholog_one2one	1
Pla2g2e	ENSMUSG00000028751	ENSG00000188784	ortholog_one2one	1
Pla2g2f	ENSMUSG00000028749	ENSG00000158786	ortholog_one2one	1
Pla2g3	ENSMUSG00000034579	ENSG00000100078	ortholog_one2one	1
Pla2g4a	ENSMUSG00000056220	ENSG00000116711	ortholog_one2one	1
Pla2g4b	ENSMUSG00000098488	ENSG00000243708	ortholog_one2one	1
Pla2g4c	ENSMUSG00000033847	ENSG00000105499	ortholog_one2one	1
Pla2g4d	ENSMUSG00000070719	ENSG00000159337	ortholog_one2one	1
Pla2g4e	ENSMUSG00000050211	ENSG00000188089	ortholog_one2one	1
Pla2g4f	ENSMUSG00000046971	ENSG00000168907	ortholog_one2one	1
Pla2g5	ENSMUSG00000041193	ENSG00000127472	ortholog_one2one	1
Pla2g6	ENSMUSG00000042632	ENSG00000184381	ortholog_one2one	1
Pla2g7	ENSMUSG00000023913	ENSG00000146070	ortholog_one2one	1
Pla2r1	ENSMUSG00000054580	ENSG00000153246	ortholog_one2one	1
Plaa	ENSMUSG00000028577	ENSG00000137055	ortholog_one2one	1
Plaat1	ENSMUSG00000022525	ENSG00000127252	ortholog_one2one	1
Plaat3	ENSMUSG00000060675	ENSG00000176485	ortholog_one2one	1
Plaat5	ENSMUSG00000024973	ENSG00000168004	ortholog_one2one	1
Plac8	ENSMUSG00000029322	ENSG00000145287	ortholog_one2one	1
Plac8l1	ENSMUSG00000059455	ENSG00000173261	ortholog_one2one	1
Plac9	ENSMUSG00000095304	ENSG00000189129	ortholog_one2one	1
Plag1	ENSMUSG00000003282	ENSG00000181690	ortholog_one2one	1
Plagl2	ENSMUSG00000051413	ENSG00000126003	ortholog_one2one	1
Plat	ENSMUSG00000031538	ENSG00000104368	ortholog_one2one	1
Plau	ENSMUSG00000021822	ENSG00000122861	ortholog_one2one	1
Plaur	ENSMUSG00000046223	ENSG00000011422	ortholog_one2one	1
Plb1	ENSMUSG00000029134	ENSG00000163803	ortholog_one2one	1
Plbd1	ENSMUSG00000030214	ENSG00000121316	ortholog_one2one	1
Plbd2	ENSMUSG00000029598	ENSG00000151176	ortholog_one2one	1
Plcb1	ENSMUSG00000051177	ENSG00000182621	ortholog_one2one	1
Plcb2	ENSMUSG00000040061	ENSG00000137841	ortholog_one2one	1
Plcb3	ENSMUSG00000024960	ENSG00000149782	ortholog_one2one	1
Plcb4	ENSMUSG00000039943	ENSG00000101333	ortholog_one2one	1
Plcd1	ENSMUSG00000010660	ENSG00000187091	ortholog_one2one	1
Plcd3	ENSMUSG00000020937	ENSG00000161714	ortholog_one2one	1
Plcd4	ENSMUSG00000026173	ENSG00000115556	ortholog_one2one	1
Plce1	ENSMUSG00000024998	ENSG00000138193	ortholog_one2one	1
Plcg1	ENSMUSG00000016933	ENSG00000124181	ortholog_one2one	1
Plcg2	ENSMUSG00000034330	ENSG00000197943	ortholog_one2one	1
Plch1	ENSMUSG00000036834	ENSG00000114805	ortholog_one2one	1
Plch2	ENSMUSG00000029055	ENSG00000149527	ortholog_one2one	1
Plcl1	ENSMUSG00000038349	ENSG00000115896	ortholog_one2one	1
Plcl2	ENSMUSG00000038910	ENSG00000154822	ortholog_one2one	1
Plcxd1	ENSMUSG00000064247	ENSG00000182378	ortholog_one2one	1
Plcxd2	ENSMUSG00000087141	ENSG00000240891	ortholog_one2one	1
Plcxd3	ENSMUSG00000049148	ENSG00000182836	ortholog_one2one	1
Plcz1	ENSMUSG00000030230	ENSG00000139151	ortholog_one2one	1
Pld1	ENSMUSG00000027695	ENSG00000075651	ortholog_one2one	1
Pld2	ENSMUSG00000020828	ENSG00000129219	ortholog_one2one	1
Pld3	ENSMUSG00000003363	ENSG00000105223	ortholog_one2one	1
Pld4	ENSMUSG00000052160	ENSG00000166428	ortholog_one2one	1
Pld5	ENSMUSG00000055214	ENSG00000180287	ortholog_one2one	1
Pld6	ENSMUSG00000043648	ENSG00000179598	ortholog_one2one	1
Plec	ENSMUSG00000022565	ENSG00000178209	ortholog_one2one	1
Plek	ENSMUSG00000020120	ENSG00000115956	ortholog_one2one	1
Plek2	ENSMUSG00000021118	ENSG00000100558	ortholog_one2one	1
Plekha1	ENSMUSG00000040268	ENSG00000107679	ortholog_one2one	1
Plekha2	ENSMUSG00000031557	ENSG00000169499	ortholog_one2one	1
Plekha3	ENSMUSG00000002733	ENSG00000116095	ortholog_one2one	1
Plekha4	ENSMUSG00000040428	ENSG00000105559	ortholog_one2one	1
Plekha5	ENSMUSG00000030231	ENSG00000052126	ortholog_one2one	1
Plekha6	ENSMUSG00000041757	ENSG00000143850	ortholog_one2one	1
Plekha7	ENSMUSG00000045659	ENSG00000166689	ortholog_one2one	1
Plekha8	ENSMUSG00000005225	ENSG00000106086	ortholog_one2one	1
Plekhb1	ENSMUSG00000030701	ENSG00000021300	ortholog_one2one	1
Plekhb2	ENSMUSG00000026123	ENSG00000115762	ortholog_one2one	1
Plekhd1	ENSMUSG00000066438	ENSG00000175985	ortholog_one2one	1
Plekhf1	ENSMUSG00000074170	ENSG00000166289	ortholog_one2one	1
Plekhf2	ENSMUSG00000049969	ENSG00000175895	ortholog_one2one	1
Plekhg1	ENSMUSG00000040624	ENSG00000120278	ortholog_one2one	1
Plekhg2	ENSMUSG00000037552	ENSG00000090924	ortholog_one2one	1
Plekhg3	ENSMUSG00000052609	ENSG00000126822	ortholog_one2one	1
Plekhg4	ENSMUSG00000014782	ENSG00000196155	ortholog_one2one	1
Plekhg5	ENSMUSG00000039713	ENSG00000171680	ortholog_one2one	1
Plekhg6	ENSMUSG00000038167	ENSG00000008323	ortholog_one2one	1
Plekhh1	ENSMUSG00000060716	ENSG00000054690	ortholog_one2one	1
Plekhh2	ENSMUSG00000040852	ENSG00000152527	ortholog_one2one	1
Plekhh3	ENSMUSG00000035172	ENSG00000068137	ortholog_one2one	1
Plekhj1	ENSMUSG00000035278	ENSG00000104886	ortholog_one2one	1
Plekhm1	ENSMUSG00000034247	ENSG00000225190	ortholog_one2one	1
Plekhm2	ENSMUSG00000028917	ENSG00000116786	ortholog_one2one	1
Plekhm3	ENSMUSG00000051344	ENSG00000178385	ortholog_one2one	1
Plekhn1	ENSMUSG00000078485	ENSG00000187583	ortholog_one2one	1
Plekho1	ENSMUSG00000015745	ENSG00000023902	ortholog_one2one	1
Plekho2	ENSMUSG00000050721	ENSG00000241839	ortholog_one2one	1
Plekhs1	ENSMUSG00000035818	ENSG00000148735	ortholog_one2one	1
Plgrkt	ENSMUSG00000016495	ENSG00000107020	ortholog_one2one	1
Plin1	ENSMUSG00000030546	ENSG00000166819	ortholog_one2one	1
Plin2	ENSMUSG00000028494	ENSG00000147872	ortholog_one2one	1
Plin3	ENSMUSG00000024197	ENSG00000105355	ortholog_one2one	1
Plin4	ENSMUSG00000002831	ENSG00000167676	ortholog_one2one	1
Plin5	ENSMUSG00000011305	ENSG00000214456	ortholog_one2one	1
Plk1	ENSMUSG00000030867	ENSG00000166851	ortholog_one2one	1
Plk2	ENSMUSG00000021701	ENSG00000145632	ortholog_one2one	1
Plk3	ENSMUSG00000028680	ENSG00000173846	ortholog_one2one	1
Plk4	ENSMUSG00000025758	ENSG00000142731	ortholog_one2one	1
Pllp	ENSMUSG00000031775	ENSG00000102934	ortholog_one2one	1
Pln	ENSMUSG00000038583	ENSG00000198523	ortholog_one2one	1
Plod1	ENSMUSG00000019055	ENSG00000083444	ortholog_one2one	1
Plod2	ENSMUSG00000032374	ENSG00000152952	ortholog_one2one	1
Plod3	ENSMUSG00000004846	ENSG00000106397	ortholog_one2one	1
Plp1	ENSMUSG00000031425	ENSG00000123560	ortholog_one2one	1
Plpbp	ENSMUSG00000031485	ENSG00000147471	ortholog_one2one	1
Plpp1	ENSMUSG00000021759	ENSG00000067113	ortholog_one2one	1
Plpp2	ENSMUSG00000052151	ENSG00000141934	ortholog_one2one	1
Plpp3	ENSMUSG00000028517	ENSG00000162407	ortholog_one2one	1
Plpp4	ENSMUSG00000070366	ENSG00000203805	ortholog_one2one	1
Plpp5	ENSMUSG00000031570	ENSG00000147535	ortholog_one2one	1
Plpp6	ENSMUSG00000040105	ENSG00000205808	ortholog_one2one	1
Plpp7	ENSMUSG00000051373	ENSG00000160539	ortholog_one2one	1
Plppr1	ENSMUSG00000063446	ENSG00000148123	ortholog_one2one	1
Plppr2	ENSMUSG00000040563	ENSG00000105520	ortholog_one2one	1
Plppr3	ENSMUSG00000035835	ENSG00000129951	ortholog_one2one	1
Plppr4	ENSMUSG00000044667	ENSG00000117600	ortholog_one2one	1
Plppr5	ENSMUSG00000033342	ENSG00000117598	ortholog_one2one	1
Plrg1	ENSMUSG00000027998	ENSG00000171566	ortholog_one2one	1
Pls1	ENSMUSG00000049493	ENSG00000120756	ortholog_one2one	1
Pls3	ENSMUSG00000016382	ENSG00000102024	ortholog_one2one	1
Plscr3	ENSMUSG00000019461	ENSG00000187838	ortholog_one2one	1
Plscr4	ENSMUSG00000032377	ENSG00000114698	ortholog_one2one	1
Plscr5	ENSMUSG00000095654	ENSG00000231213	ortholog_one2one	1
Pltp	ENSMUSG00000017754	ENSG00000100979	ortholog_one2one	1
Plvap	ENSMUSG00000034845	ENSG00000130300	ortholog_one2one	1
Plxdc1	ENSMUSG00000017417	ENSG00000161381	ortholog_one2one	1
Plxdc2	ENSMUSG00000026748	ENSG00000120594	ortholog_one2one	1
Plxna1	ENSMUSG00000030084	ENSG00000114554	ortholog_one2one	1
Plxna2	ENSMUSG00000026640	ENSG00000076356	ortholog_one2one	1
Plxna3	ENSMUSG00000031398	ENSG00000130827	ortholog_one2one	1
Plxna4	ENSMUSG00000029765	ENSG00000221866	ortholog_one2one	1
Plxnb1	ENSMUSG00000053646	ENSG00000164050	ortholog_one2one	1
Plxnb2	ENSMUSG00000036606	ENSG00000196576	ortholog_one2one	1
Plxnb3	ENSMUSG00000031385	ENSG00000198753	ortholog_one2one	1
Plxnc1	ENSMUSG00000074785	ENSG00000136040	ortholog_one2one	1
Plxnd1	ENSMUSG00000030123	ENSG00000004399	ortholog_one2one	1
Pm20d1	ENSMUSG00000042251	ENSG00000162877	ortholog_one2one	1
Pm20d2	ENSMUSG00000054659	ENSG00000146281	ortholog_one2one	1
Pmch	ENSMUSG00000035383	ENSG00000183395	ortholog_one2one	1
Pmel	ENSMUSG00000025359	ENSG00000185664	ortholog_one2one	1
Pmepa1	ENSMUSG00000038400	ENSG00000124225	ortholog_one2one	1
Pmf1	ENSMUSG00000028066	ENSG00000160783	ortholog_one2one	1
Pmfbp1	ENSMUSG00000031727	ENSG00000118557	ortholog_one2one	1
Pml	ENSMUSG00000036986	ENSG00000140464	ortholog_one2one	1
Pmm1	ENSMUSG00000022474	ENSG00000100417	ortholog_one2one	1
Pmm2	ENSMUSG00000022711	ENSG00000140650	ortholog_one2one	1
Pmp2	ENSMUSG00000052468	ENSG00000147588	ortholog_one2one	1
Pmp22	ENSMUSG00000018217	ENSG00000109099	ortholog_one2one	1
Pmpca	ENSMUSG00000026926	ENSG00000165688	ortholog_one2one	1
Pmpcb	ENSMUSG00000029017	ENSG00000105819	ortholog_one2one	1
Pms1	ENSMUSG00000026098	ENSG00000064933	ortholog_one2one	1
Pms2	ENSMUSG00000079109	ENSG00000122512	ortholog_one2one	1
Pmvk	ENSMUSG00000027952	ENSG00000163344	ortholog_one2one	1
Pnck	ENSMUSG00000002012	ENSG00000130822	ortholog_one2one	1
Pnisr	ENSMUSG00000028248	ENSG00000132424	ortholog_one2one	1
Pnkd	ENSMUSG00000026179	ENSG00000127838	ortholog_one2one	1
Pnkp	ENSMUSG00000002963	ENSG00000039650	ortholog_one2one	1
Pnldc1	ENSMUSG00000073460	ENSG00000146453	ortholog_one2one	1
Pnlip	ENSMUSG00000046008	ENSG00000175535	ortholog_one2one	1
Pnliprp1	ENSMUSG00000042179	ENSG00000187021	ortholog_one2one	1
Pnliprp2	ENSMUSG00000025091	ENSG00000266200	ortholog_one2one	1
Pnma1	ENSMUSG00000054383	ENSG00000176903	ortholog_one2one	1
Pnma2	ENSMUSG00000046204	ENSG00000240694	ortholog_one2one	1
Pnma3	ENSMUSG00000046287	ENSG00000183837	ortholog_one2one	1
Pnma8a	ENSMUSG00000041141	ENSG00000182013	ortholog_one2one	1
Pnma8b	ENSMUSG00000070802	ENSG00000204851	ortholog_one2one	1
Pnma8c	ENSMUSG00000108348	ENSG00000277531	ortholog_one2one	1
Pnmt	ENSMUSG00000038216	ENSG00000141744	ortholog_one2one	1
Pnn	ENSMUSG00000020994	ENSG00000100941	ortholog_one2one	1
Pno1	ENSMUSG00000020116	ENSG00000115946	ortholog_one2one	1
Pnoc	ENSMUSG00000045731	ENSG00000168081	ortholog_one2one	1
Pnpla1	ENSMUSG00000043286	ENSG00000180316	ortholog_one2one	1
Pnpla2	ENSMUSG00000025509	ENSG00000177666	ortholog_one2one	1
Pnpla3	ENSMUSG00000041653	ENSG00000100344	ortholog_one2one	1
Pnpla5	ENSMUSG00000018868	ENSG00000100341	ortholog_one2one	1
Pnpla6	ENSMUSG00000004565	ENSG00000032444	ortholog_one2one	1
Pnpla7	ENSMUSG00000036833	ENSG00000130653	ortholog_one2one	1
Pnpla8	ENSMUSG00000036257	ENSG00000135241	ortholog_one2one	1
Pnpo	ENSMUSG00000018659	ENSG00000108439	ortholog_one2one	1
Pnpt1	ENSMUSG00000020464	ENSG00000138035	ortholog_one2one	1
Pnrc1	ENSMUSG00000040128	ENSG00000146278	ortholog_one2one	1
Pnrc2	ENSMUSG00000028675	ENSG00000189266	ortholog_one2one	1
Poc1a	ENSMUSG00000023345	ENSG00000164087	ortholog_one2one	1
Poc1b	ENSMUSG00000019952	ENSG00000139323	ortholog_one2one	1
Poc5	ENSMUSG00000021671	ENSG00000152359	ortholog_one2one	1
Podn	ENSMUSG00000028600	ENSG00000174348	ortholog_one2one	1
Podnl1	ENSMUSG00000012889	ENSG00000132000	ortholog_one2one	1
Podxl2	ENSMUSG00000033152	ENSG00000114631	ortholog_one2one	1
Pof1b	ENSMUSG00000034607	ENSG00000124429	ortholog_one2one	1
Pofut1	ENSMUSG00000046020	ENSG00000101346	ortholog_one2one	1
Pofut2	ENSMUSG00000020260	ENSG00000186866	ortholog_one2one	1
Pofut3	ENSMUSG00000046152	ENSG00000172728	ortholog_one2one	1
Pofut4	ENSMUSG00000039357	ENSG00000196968	ortholog_one2one	1
Pogk	ENSMUSG00000040596	ENSG00000143157	ortholog_one2one	1
Poglut1	ENSMUSG00000034064	ENSG00000163389	ortholog_one2one	1
Poglut2	ENSMUSG00000026047	ENSG00000134901	ortholog_one2one	1
Poglut3	ENSMUSG00000034487	ENSG00000178202	ortholog_one2one	1
Pogz	ENSMUSG00000038902	ENSG00000143442	ortholog_one2one	1
Pola1	ENSMUSG00000006678	ENSG00000101868	ortholog_one2one	1
Pola2	ENSMUSG00000024833	ENSG00000014138	ortholog_one2one	1
Polb	ENSMUSG00000031536	ENSG00000070501	ortholog_one2one	1
Pold1	ENSMUSG00000038644	ENSG00000062822	ortholog_one2one	1
Pold2	ENSMUSG00000020471	ENSG00000106628	ortholog_one2one	1
Pold4	ENSMUSG00000024854	ENSG00000175482	ortholog_one2one	1
Poldip2	ENSMUSG00000001100	ENSG00000004142	ortholog_one2one	1
Poldip3	ENSMUSG00000041815	ENSG00000100227	ortholog_one2one	1
Pole	ENSMUSG00000007080	ENSG00000177084	ortholog_one2one	1
Pole2	ENSMUSG00000020974	ENSG00000100479	ortholog_one2one	1
Pole3	ENSMUSG00000028394	ENSG00000148229	ortholog_one2one	1
Pole4	ENSMUSG00000030042	ENSG00000115350	ortholog_one2one	1
Polg	ENSMUSG00000039176	ENSG00000140521	ortholog_one2one	1
Polg2	ENSMUSG00000020718	ENSG00000256525	ortholog_one2one	1
Polh	ENSMUSG00000023953	ENSG00000170734	ortholog_one2one	1
Poli	ENSMUSG00000038425	ENSG00000101751	ortholog_one2one	1
Polk	ENSMUSG00000021668	ENSG00000122008	ortholog_one2one	1
Poll	ENSMUSG00000025218	ENSG00000166169	ortholog_one2one	1
Polm	ENSMUSG00000020474	ENSG00000122678	ortholog_one2one	1
Poln	ENSMUSG00000045102	ENSG00000130997	ortholog_one2one	1
Polq	ENSMUSG00000034206	ENSG00000051341	ortholog_one2one	1
Polr1a	ENSMUSG00000049553	ENSG00000068654	ortholog_one2one	1
Polr1b	ENSMUSG00000027395	ENSG00000125630	ortholog_one2one	1
Polr1c	ENSMUSG00000067148	ENSG00000171453	ortholog_one2one	1
Polr1d	ENSMUSG00000029642	ENSG00000186184	ortholog_one2one	1
Polr1e	ENSMUSG00000028318	ENSG00000137054	ortholog_one2one	1
Polr1f	ENSMUSG00000020561	ENSG00000105849	ortholog_one2one	1
Polr1h	ENSMUSG00000036315	ENSG00000066379	ortholog_one2one	1
Polr2a	ENSMUSG00000005198	ENSG00000181222	ortholog_one2one	1
Polr2b	ENSMUSG00000029250	ENSG00000047315	ortholog_one2one	1
Polr2c	ENSMUSG00000031783	ENSG00000102978	ortholog_one2one	1
Polr2d	ENSMUSG00000024258	ENSG00000144231	ortholog_one2one	1
Polr2e	ENSMUSG00000004667	ENSG00000099817	ortholog_one2one	1
Polr2f	ENSMUSG00000033020	ENSG00000100142	ortholog_one2one	1
Polr2g	ENSMUSG00000071662	ENSG00000168002	ortholog_one2one	1
Polr2h	ENSMUSG00000021018	ENSG00000163882	ortholog_one2one	1
Polr2i	ENSMUSG00000019738	ENSG00000105258	ortholog_one2one	1
Polr2m	ENSMUSG00000032199	ENSG00000255529	ortholog_one2one	1
Polr3a	ENSMUSG00000025280	ENSG00000148606	ortholog_one2one	1
Polr3b	ENSMUSG00000034453	ENSG00000013503	ortholog_one2one	1
Polr3c	ENSMUSG00000028099	ENSG00000186141	ortholog_one2one	1
Polr3d	ENSMUSG00000000776	ENSG00000168495	ortholog_one2one	1
Polr3e	ENSMUSG00000030880	ENSG00000058600	ortholog_one2one	1
Polr3f	ENSMUSG00000027427	ENSG00000132664	ortholog_one2one	1
Polr3h	ENSMUSG00000022476	ENSG00000100413	ortholog_one2one	1
Polrmt	ENSMUSG00000020329	ENSG00000099821	ortholog_one2one	1
Pomc	ENSMUSG00000020660	ENSG00000115138	ortholog_one2one	1
Pomgnt1	ENSMUSG00000028700	ENSG00000085998	ortholog_one2one	1
Pomgnt2	ENSMUSG00000066235	ENSG00000144647	ortholog_one2one	1
Pomk	ENSMUSG00000037251	ENSG00000185900	ortholog_one2one	1
Pomp	ENSMUSG00000029649	ENSG00000132963	ortholog_one2one	1
Pomt1	ENSMUSG00000039254	ENSG00000130714	ortholog_one2one	1
Pomt2	ENSMUSG00000034126	ENSG00000009830	ortholog_one2one	1
Pon1	ENSMUSG00000002588	ENSG00000005421	ortholog_one2one	1
Pon2	ENSMUSG00000032667	ENSG00000105854	ortholog_one2one	1
Pon3	ENSMUSG00000029759	ENSG00000105852	ortholog_one2one	1
Pop1	ENSMUSG00000022325	ENSG00000104356	ortholog_one2one	1
Pop4	ENSMUSG00000030423	ENSG00000105171	ortholog_one2one	1
Pop5	ENSMUSG00000060152	ENSG00000167272	ortholog_one2one	1
Pop7	ENSMUSG00000029715	ENSG00000172336	ortholog_one2one	1
Popdc1	ENSMUSG00000071317	ENSG00000112276	ortholog_one2one	1
Popdc2	ENSMUSG00000022803	ENSG00000121577	ortholog_one2one	1
Popdc3	ENSMUSG00000019848	ENSG00000132429	ortholog_one2one	1
Por	ENSMUSG00000005514	ENSG00000127948	ortholog_one2one	1
Porcn	ENSMUSG00000031169	ENSG00000102312	ortholog_one2one	1
Postn	ENSMUSG00000027750	ENSG00000133110	ortholog_one2one	1
Pou1f1	ENSMUSG00000004842	ENSG00000064835	ortholog_one2one	1
Pou2af1	ENSMUSG00000032053	ENSG00000110777	ortholog_one2one	1
Pou2af2	ENSMUSG00000036027	ENSG00000150750	ortholog_one2one	1
Pou2af3	ENSMUSG00000079559	ENSG00000214290	ortholog_one2one	1
Pou2f1	ENSMUSG00000026565	ENSG00000143190	ortholog_one2one	1
Pou2f2	ENSMUSG00000008496	ENSG00000028277	ortholog_one2one	1
Pou2f3	ENSMUSG00000032015	ENSG00000137709	ortholog_one2one	1
Pou3f1	ENSMUSG00000090125	ENSG00000185668	ortholog_one2one	1
Pou3f2	ENSMUSG00000095139	ENSG00000184486	ortholog_one2one	1
Pou3f3	ENSMUSG00000045515	ENSG00000198914	ortholog_one2one	1
Pou3f4	ENSMUSG00000056854	ENSG00000196767	ortholog_one2one	1
Pou4f1	ENSMUSG00000048349	ENSG00000152192	ortholog_one2one	1
Pou4f2	ENSMUSG00000031688	ENSG00000151615	ortholog_one2one	1
Pou4f3	ENSMUSG00000024497	ENSG00000091010	ortholog_one2one	1
Pou5f2	ENSMUSG00000093668	ENSG00000248483	ortholog_one2one	1
Pou6f1	ENSMUSG00000009739	ENSG00000184271	ortholog_one2one	1
Pou6f2	ENSMUSG00000009734	ENSG00000106536	ortholog_one2one	1
Pp2d1	ENSMUSG00000044957	ENSG00000183977	ortholog_one2one	1
Ppa1	ENSMUSG00000020089	ENSG00000180817	ortholog_one2one	1
Ppa2	ENSMUSG00000028013	ENSG00000138777	ortholog_one2one	1
Ppan	ENSMUSG00000004100	ENSG00000130810	ortholog_one2one	1
Ppara	ENSMUSG00000022383	ENSG00000186951	ortholog_one2one	1
Ppard	ENSMUSG00000002250	ENSG00000112033	ortholog_one2one	1
Pparg	ENSMUSG00000000440	ENSG00000132170	ortholog_one2one	1
Ppargc1a	ENSMUSG00000029167	ENSG00000109819	ortholog_one2one	1
Ppargc1b	ENSMUSG00000033871	ENSG00000155846	ortholog_one2one	1
Ppat	ENSMUSG00000029246	ENSG00000128059	ortholog_one2one	1
Ppcdc	ENSMUSG00000063849	ENSG00000138621	ortholog_one2one	1
Ppcs	ENSMUSG00000028636	ENSG00000127125	ortholog_one2one	1
Ppdpf	ENSMUSG00000016344	ENSG00000125534	ortholog_one2one	1
Ppef1	ENSMUSG00000062168	ENSG00000086717	ortholog_one2one	1
Ppef2	ENSMUSG00000029410	ENSG00000156194	ortholog_one2one	1
Ppfia1	ENSMUSG00000037519	ENSG00000131626	ortholog_one2one	1
Ppfia2	ENSMUSG00000053825	ENSG00000139220	ortholog_one2one	1
Ppfia3	ENSMUSG00000003863	ENSG00000177380	ortholog_one2one	1
Ppfia4	ENSMUSG00000026458	ENSG00000143847	ortholog_one2one	1
Ppfibp1	ENSMUSG00000016487	ENSG00000110841	ortholog_one2one	1
Ppfibp2	ENSMUSG00000036528	ENSG00000166387	ortholog_one2one	1
Pphln1	ENSMUSG00000036167	ENSG00000134283	ortholog_one2one	1
Ppib	ENSMUSG00000032383	ENSG00000166794	ortholog_one2one	1
Ppic	ENSMUSG00000024538	ENSG00000168938	ortholog_one2one	1
Ppid	ENSMUSG00000027804	ENSG00000171497	ortholog_one2one	1
Ppie	ENSMUSG00000028651	ENSG00000084072	ortholog_one2one	1
Ppif	ENSMUSG00000021868	ENSG00000108179	ortholog_one2one	1
Ppig	ENSMUSG00000042133	ENSG00000138398	ortholog_one2one	1
Ppil1	ENSMUSG00000024007	ENSG00000137168	ortholog_one2one	1
Ppil2	ENSMUSG00000022771	ENSG00000100023	ortholog_one2one	1
Ppil3	ENSMUSG00000026035	ENSG00000240344	ortholog_one2one	1
Ppil4	ENSMUSG00000015757	ENSG00000131013	ortholog_one2one	1
Ppil6	ENSMUSG00000078451	ENSG00000185250	ortholog_one2one	1
Ppip5k1	ENSMUSG00000033526	ENSG00000168781	ortholog_one2one	1
Ppip5k2	ENSMUSG00000040648	ENSG00000145725	ortholog_one2one	1
Ppl	ENSMUSG00000039457	ENSG00000118898	ortholog_one2one	1
Ppm1a	ENSMUSG00000021096	ENSG00000100614	ortholog_one2one	1
Ppm1b	ENSMUSG00000061130	ENSG00000138032	ortholog_one2one	1
Ppm1d	ENSMUSG00000020525	ENSG00000170836	ortholog_one2one	1
Ppm1e	ENSMUSG00000046442	ENSG00000175175	ortholog_one2one	1
Ppm1f	ENSMUSG00000026181	ENSG00000100034	ortholog_one2one	1
Ppm1g	ENSMUSG00000029147	ENSG00000115241	ortholog_one2one	1
Ppm1h	ENSMUSG00000034613	ENSG00000111110	ortholog_one2one	1
Ppm1j	ENSMUSG00000002228	ENSG00000155367	ortholog_one2one	1
Ppm1k	ENSMUSG00000037826	ENSG00000163644	ortholog_one2one	1
Ppm1l	ENSMUSG00000027784	ENSG00000163590	ortholog_one2one	1
Ppm1m	ENSMUSG00000020253	ENSG00000164088	ortholog_one2one	1
Ppm1n	ENSMUSG00000030402	ENSG00000213889	ortholog_one2one	1
Ppme1	ENSMUSG00000030718	ENSG00000214517	ortholog_one2one	1
Ppox	ENSMUSG00000062729	ENSG00000143224	ortholog_one2one	1
Ppp1ca	ENSMUSG00000040385	ENSG00000172531	ortholog_one2one	1
Ppp1cb	ENSMUSG00000014956	ENSG00000213639	ortholog_one2one	1
Ppp1cc	ENSMUSG00000004455	ENSG00000186298	ortholog_one2one	1
Ppp1r10	ENSMUSG00000039220	ENSG00000204569	ortholog_one2one	1
Ppp1r11	ENSMUSG00000036398	ENSG00000204619	ortholog_one2one	1
Ppp1r12a	ENSMUSG00000019907	ENSG00000058272	ortholog_one2one	1
Ppp1r12b	ENSMUSG00000073557	ENSG00000077157	ortholog_one2one	1
Ppp1r12c	ENSMUSG00000019254	ENSG00000125503	ortholog_one2one	1
Ppp1r13b	ENSMUSG00000021285	ENSG00000088808	ortholog_one2one	1
Ppp1r13l	ENSMUSG00000040734	ENSG00000104881	ortholog_one2one	1
Ppp1r14a	ENSMUSG00000037166	ENSG00000167641	ortholog_one2one	1
Ppp1r14b	ENSMUSG00000056612	ENSG00000173457	ortholog_one2one	1
Ppp1r14c	ENSMUSG00000040653	ENSG00000198729	ortholog_one2one	1
Ppp1r14d	ENSMUSG00000027317	ENSG00000166143	ortholog_one2one	1
Ppp1r15b	ENSMUSG00000046062	ENSG00000158615	ortholog_one2one	1
Ppp1r16a	ENSMUSG00000033819	ENSG00000160972	ortholog_one2one	1
Ppp1r16b	ENSMUSG00000037754	ENSG00000101445	ortholog_one2one	1
Ppp1r17	ENSMUSG00000002930	ENSG00000106341	ortholog_one2one	1
Ppp1r18	ENSMUSG00000034595	ENSG00000146112	ortholog_one2one	1
Ppp1r1a	ENSMUSG00000022490	ENSG00000135447	ortholog_one2one	1
Ppp1r1b	ENSMUSG00000061718	ENSG00000131771	ortholog_one2one	1
Ppp1r1c	ENSMUSG00000034683	ENSG00000150722	ortholog_one2one	1
Ppp1r21	ENSMUSG00000034709	ENSG00000162869	ortholog_one2one	1
Ppp1r26	ENSMUSG00000035829	ENSG00000196422	ortholog_one2one	1
Ppp1r27	ENSMUSG00000025129	ENSG00000182676	ortholog_one2one	1
Ppp1r35	ENSMUSG00000029725	ENSG00000160813	ortholog_one2one	1
Ppp1r36	ENSMUSG00000052221	ENSG00000165807	ortholog_one2one	1
Ppp1r37	ENSMUSG00000051403	ENSG00000104866	ortholog_one2one	1
Ppp1r3a	ENSMUSG00000042717	ENSG00000154415	ortholog_one2one	1
Ppp1r3b	ENSMUSG00000046794	ENSG00000173281	ortholog_one2one	1
Ppp1r3c	ENSMUSG00000067279	ENSG00000119938	ortholog_one2one	1
Ppp1r3d	ENSMUSG00000049999	ENSG00000132825	ortholog_one2one	1
Ppp1r3e	ENSMUSG00000072494	ENSG00000235194	ortholog_one2one	1
Ppp1r3f	ENSMUSG00000039556	ENSG00000049769	ortholog_one2one	1
Ppp1r3g	ENSMUSG00000050423	ENSG00000219607	ortholog_one2one	1
Ppp1r42	ENSMUSG00000025916	ENSG00000178125	ortholog_one2one	1
Ppp1r8	ENSMUSG00000028882	ENSG00000117751	ortholog_one2one	1
Ppp1r9a	ENSMUSG00000032827	ENSG00000158528	ortholog_one2one	1
Ppp1r9b	ENSMUSG00000038976	ENSG00000108819	ortholog_one2one	1
Ppp2ca	ENSMUSG00000020349	ENSG00000113575	ortholog_one2one	1
Ppp2cb	ENSMUSG00000009630	ENSG00000104695	ortholog_one2one	1
Ppp2r1b	ENSMUSG00000032058	ENSG00000137713	ortholog_one2one	1
Ppp2r2a	ENSMUSG00000022052	ENSG00000221914	ortholog_one2one	1
Ppp2r2b	ENSMUSG00000024500	ENSG00000156475	ortholog_one2one	1
Ppp2r2c	ENSMUSG00000029120	ENSG00000074211	ortholog_one2one	1
Ppp2r2d	ENSMUSG00000041769	ENSG00000175470	ortholog_one2one	1
Ppp2r3a	ENSMUSG00000043154	ENSG00000073711	ortholog_one2one	1
Ppp2r3c	ENSMUSG00000021022	ENSG00000092020	ortholog_one2one	1
Ppp2r5a	ENSMUSG00000026626	ENSG00000066027	ortholog_one2one	1
Ppp2r5b	ENSMUSG00000024777	ENSG00000068971	ortholog_one2one	1
Ppp2r5c	ENSMUSG00000017843	ENSG00000078304	ortholog_one2one	1
Ppp2r5d	ENSMUSG00000059409	ENSG00000112640	ortholog_one2one	1
Ppp2r5e	ENSMUSG00000021051	ENSG00000154001	ortholog_one2one	1
Ppp3ca	ENSMUSG00000028161	ENSG00000138814	ortholog_one2one	1
Ppp3cb	ENSMUSG00000021816	ENSG00000107758	ortholog_one2one	1
Ppp3cc	ENSMUSG00000022092	ENSG00000120910	ortholog_one2one	1
Ppp3r1	ENSMUSG00000033953	ENSG00000221823	ortholog_one2one	1
Ppp3r2	ENSMUSG00000028310	ENSG00000188386	ortholog_one2one	1
Ppp4c	ENSMUSG00000030697	ENSG00000149923	ortholog_one2one	1
Ppp4r1	ENSMUSG00000061950	ENSG00000154845	ortholog_one2one	1
Ppp4r3a	ENSMUSG00000041846	ENSG00000100796	ortholog_one2one	1
Ppp4r3b	ENSMUSG00000020463	ENSG00000275052	ortholog_one2one	1
Ppp4r4	ENSMUSG00000021209	ENSG00000119698	ortholog_one2one	1
Ppp5c	ENSMUSG00000003099	ENSG00000011485	ortholog_one2one	1
Ppp6c	ENSMUSG00000026753	ENSG00000119414	ortholog_one2one	1
Ppp6r1	ENSMUSG00000052296	ENSG00000105063	ortholog_one2one	1
Ppp6r2	ENSMUSG00000036561	ENSG00000100239	ortholog_one2one	1
Ppp6r3	ENSMUSG00000024908	ENSG00000110075	ortholog_one2one	1
Pprc1	ENSMUSG00000055491	ENSG00000148840	ortholog_one2one	1
Ppt2	ENSMUSG00000015474	ENSG00000221988	ortholog_one2one	1
Pptc7	ENSMUSG00000038582	ENSG00000196850	ortholog_one2one	1
Ppwd1	ENSMUSG00000021713	ENSG00000113593	ortholog_one2one	1
Ppy	ENSMUSG00000017316	ENSG00000108849	ortholog_one2one	1
Pqbp1	ENSMUSG00000031157	ENSG00000102103	ortholog_one2one	1
Pradc1	ENSMUSG00000030008	ENSG00000135617	ortholog_one2one	1
Praf2	ENSMUSG00000031149	ENSG00000243279	ortholog_one2one	1
Prag1	ENSMUSG00000050271	ENSG00000275342	ortholog_one2one	1
Pram1	ENSMUSG00000032739	ENSG00000133246	ortholog_one2one	1
Prc1	ENSMUSG00000038943	ENSG00000198901	ortholog_one2one	1
Prcc	ENSMUSG00000004895	ENSG00000143294	ortholog_one2one	1
Prcd	ENSMUSG00000075410	ENSG00000214140	ortholog_one2one	1
Prcp	ENSMUSG00000061119	ENSG00000137509	ortholog_one2one	1
Prdm1	ENSMUSG00000038151	ENSG00000057657	ortholog_one2one	1
Prdm10	ENSMUSG00000042496	ENSG00000170325	ortholog_one2one	1
Prdm11	ENSMUSG00000075028	ENSG00000019485	ortholog_one2one	1
Prdm12	ENSMUSG00000079466	ENSG00000130711	ortholog_one2one	1
Prdm13	ENSMUSG00000040478	ENSG00000112238	ortholog_one2one	1
Prdm14	ENSMUSG00000042414	ENSG00000147596	ortholog_one2one	1
Prdm15	ENSMUSG00000014039	ENSG00000141956	ortholog_one2one	1
Prdm16	ENSMUSG00000039410	ENSG00000142611	ortholog_one2one	1
Prdm2	ENSMUSG00000057637	ENSG00000116731	ortholog_one2one	1
Prdm4	ENSMUSG00000035529	ENSG00000110851	ortholog_one2one	1
Prdm5	ENSMUSG00000029913	ENSG00000138738	ortholog_one2one	1
Prdm6	ENSMUSG00000069378	ENSG00000061455	ortholog_one2one	1
Prdm8	ENSMUSG00000035456	ENSG00000152784	ortholog_one2one	1
Prdx1	ENSMUSG00000028691	ENSG00000117450	ortholog_one2one	1
Prdx2	ENSMUSG00000005161	ENSG00000167815	ortholog_one2one	1
Prdx3	ENSMUSG00000024997	ENSG00000165672	ortholog_one2one	1
Prdx4	ENSMUSG00000025289	ENSG00000123131	ortholog_one2one	1
Prdx5	ENSMUSG00000024953	ENSG00000126432	ortholog_one2one	1
Preb	ENSMUSG00000045302	ENSG00000138073	ortholog_one2one	1
Prelid1	ENSMUSG00000021486	ENSG00000169230	ortholog_one2one	1
Prelid2	ENSMUSG00000056671	ENSG00000186314	ortholog_one2one	1
Prelid3a	ENSMUSG00000024530	ENSG00000141391	ortholog_one2one	1
Prelid3b	ENSMUSG00000016257	ENSG00000101166	ortholog_one2one	1
Prelp	ENSMUSG00000041577	ENSG00000188783	ortholog_one2one	1
Prep	ENSMUSG00000019849	ENSG00000085377	ortholog_one2one	1
Prepl	ENSMUSG00000024127	ENSG00000138078	ortholog_one2one	1
Prex1	ENSMUSG00000039621	ENSG00000124126	ortholog_one2one	1
Prex2	ENSMUSG00000048960	ENSG00000046889	ortholog_one2one	1
Prf1	ENSMUSG00000037202	ENSG00000180644	ortholog_one2one	1
Prg2	ENSMUSG00000027073	ENSG00000186652	ortholog_one2one	1
Prg3	ENSMUSG00000027072	ENSG00000156575	ortholog_one2one	1
Prg4	ENSMUSG00000006014	ENSG00000116690	ortholog_one2one	1
Prickle1	ENSMUSG00000036158	ENSG00000139174	ortholog_one2one	1
Prickle2	ENSMUSG00000030020	ENSG00000163637	ortholog_one2one	1
Prickle3	ENSMUSG00000031145	ENSG00000012211	ortholog_one2one	1
Prickle4	ENSMUSG00000096549	ENSG00000278224	ortholog_one2one	1
Prim1	ENSMUSG00000025395	ENSG00000198056	ortholog_one2one	1
Prim2	ENSMUSG00000026134	ENSG00000146143	ortholog_one2one	1
Prima1	ENSMUSG00000041669	ENSG00000175785	ortholog_one2one	1
Primpol	ENSMUSG00000038225	ENSG00000164306	ortholog_one2one	1
Prkaa1	ENSMUSG00000050697	ENSG00000132356	ortholog_one2one	1
Prkaa2	ENSMUSG00000028518	ENSG00000162409	ortholog_one2one	1
Prkab1	ENSMUSG00000029513	ENSG00000111725	ortholog_one2one	1
Prkab2	ENSMUSG00000038205	ENSG00000131791	ortholog_one2one	1
Prkaca	ENSMUSG00000005469	ENSG00000072062	ortholog_one2one	1
Prkacb	ENSMUSG00000005034	ENSG00000142875	ortholog_one2one	1
Prkag1	ENSMUSG00000067713	ENSG00000181929	ortholog_one2one	1
Prkag2	ENSMUSG00000028944	ENSG00000106617	ortholog_one2one	1
Prkag3	ENSMUSG00000006542	ENSG00000115592	ortholog_one2one	1
Prkar1a	ENSMUSG00000020612	ENSG00000108946	ortholog_one2one	1
Prkar1b	ENSMUSG00000025855	ENSG00000188191	ortholog_one2one	1
Prkar2a	ENSMUSG00000032601	ENSG00000114302	ortholog_one2one	1
Prkar2b	ENSMUSG00000002997	ENSG00000005249	ortholog_one2one	1
Prkca	ENSMUSG00000050965	ENSG00000154229	ortholog_one2one	1
Prkcb	ENSMUSG00000052889	ENSG00000166501	ortholog_one2one	1
Prkcd	ENSMUSG00000021948	ENSG00000163932	ortholog_one2one	1
Prkce	ENSMUSG00000045038	ENSG00000171132	ortholog_one2one	1
Prkcg	ENSMUSG00000078816	ENSG00000126583	ortholog_one2one	1
Prkch	ENSMUSG00000021108	ENSG00000027075	ortholog_one2one	1
Prkci	ENSMUSG00000037643	ENSG00000163558	ortholog_one2one	1
Prkcq	ENSMUSG00000026778	ENSG00000065675	ortholog_one2one	1
Prkcsh	ENSMUSG00000003402	ENSG00000130175	ortholog_one2one	1
Prkcz	ENSMUSG00000029053	ENSG00000067606	ortholog_one2one	1
Prkd1	ENSMUSG00000002688	ENSG00000184304	ortholog_one2one	1
Prkd2	ENSMUSG00000041187	ENSG00000105287	ortholog_one2one	1
Prkd3	ENSMUSG00000024070	ENSG00000115825	ortholog_one2one	1
Prkdc	ENSMUSG00000022672	ENSG00000253729	ortholog_one2one	1
Prkg1	ENSMUSG00000052920	ENSG00000185532	ortholog_one2one	1
Prkg2	ENSMUSG00000029334	ENSG00000138669	ortholog_one2one	1
Prkn	ENSMUSG00000023826	ENSG00000185345	ortholog_one2one	1
Prkra	ENSMUSG00000002731	ENSG00000180228	ortholog_one2one	1
Prkrip1	ENSMUSG00000039737	ENSG00000128563	ortholog_one2one	1
Prkx	ENSMUSG00000035725	ENSG00000183943	ortholog_one2one	1
Prlh	ENSMUSG00000090550	ENSG00000071677	ortholog_one2one	1
Prlhr	ENSMUSG00000045052	ENSG00000119973	ortholog_one2one	1
Prlr	ENSMUSG00000005268	ENSG00000113494	ortholog_one2one	1
Prm2	ENSMUSG00000038015	ENSG00000122304	ortholog_one2one	1
Prm3	ENSMUSG00000050058	ENSG00000178257	ortholog_one2one	1
Prmt1	ENSMUSG00000109324	ENSG00000126457	ortholog_one2one	1
Prmt2	ENSMUSG00000020230	ENSG00000160310	ortholog_one2one	1
Prmt3	ENSMUSG00000030505	ENSG00000185238	ortholog_one2one	1
Prmt5	ENSMUSG00000023110	ENSG00000100462	ortholog_one2one	1
Prmt6	ENSMUSG00000049300	ENSG00000198890	ortholog_one2one	1
Prmt7	ENSMUSG00000060098	ENSG00000132600	ortholog_one2one	1
Prmt8	ENSMUSG00000030350	ENSG00000111218	ortholog_one2one	1
Prmt9	ENSMUSG00000037134	ENSG00000164169	ortholog_one2one	1
Prnd	ENSMUSG00000027338	ENSG00000171864	ortholog_one2one	1
Prnp	ENSMUSG00000079037	ENSG00000171867	ortholog_one2one	1
Prob1	ENSMUSG00000073600	ENSG00000228672	ortholog_one2one	1
Procr	ENSMUSG00000027611	ENSG00000101000	ortholog_one2one	1
Prodh2	ENSMUSG00000036892	ENSG00000250799	ortholog_one2one	1
Prok1	ENSMUSG00000070368	ENSG00000143125	ortholog_one2one	1
Prok2	ENSMUSG00000030069	ENSG00000163421	ortholog_one2one	1
Prokr2	ENSMUSG00000050558	ENSG00000101292	ortholog_one2one	1
Prom1	ENSMUSG00000029086	ENSG00000007062	ortholog_one2one	1
Prom2	ENSMUSG00000027376	ENSG00000155066	ortholog_one2one	1
Prop1	ENSMUSG00000044542	ENSG00000175325	ortholog_one2one	1
Prorp	ENSMUSG00000021023	ENSG00000100890	ortholog_one2one	1
Pros1	ENSMUSG00000022912	ENSG00000184500	ortholog_one2one	1
Proser1	ENSMUSG00000049504	ENSG00000120685	ortholog_one2one	1
Proser2	ENSMUSG00000045319	ENSG00000148426	ortholog_one2one	1
Proser3	ENSMUSG00000036864	ENSG00000167595	ortholog_one2one	1
Prox1	ENSMUSG00000010175	ENSG00000117707	ortholog_one2one	1
Prox2	ENSMUSG00000042320	ENSG00000119608	ortholog_one2one	1
Proz	ENSMUSG00000031445	ENSG00000126231	ortholog_one2one	1
Prpf18	ENSMUSG00000039449	ENSG00000165630	ortholog_one2one	1
Prpf19	ENSMUSG00000024735	ENSG00000110107	ortholog_one2one	1
Prpf3	ENSMUSG00000015748	ENSG00000117360	ortholog_one2one	1
Prpf31	ENSMUSG00000008373	ENSG00000105618	ortholog_one2one	1
Prpf38a	ENSMUSG00000063800	ENSG00000134748	ortholog_one2one	1
Prpf38b	ENSMUSG00000027881	ENSG00000134186	ortholog_one2one	1
Prpf39	ENSMUSG00000035597	ENSG00000185246	ortholog_one2one	1
Prpf4	ENSMUSG00000066148	ENSG00000136875	ortholog_one2one	1
Prpf40a	ENSMUSG00000061136	ENSG00000196504	ortholog_one2one	1
Prpf40b	ENSMUSG00000023007	ENSG00000110844	ortholog_one2one	1
Prpf4b	ENSMUSG00000021413	ENSG00000112739	ortholog_one2one	1
Prpf6	ENSMUSG00000002455	ENSG00000101161	ortholog_one2one	1
Prpf8	ENSMUSG00000020850	ENSG00000174231	ortholog_one2one	1
Prph	ENSMUSG00000023484	ENSG00000135406	ortholog_one2one	1
Prph2	ENSMUSG00000023978	ENSG00000112619	ortholog_one2one	1
Prps1l1	ENSMUSG00000092305	ENSG00000229937	ortholog_one2one	1
Prps2	ENSMUSG00000025742	ENSG00000101911	ortholog_one2one	1
Prpsap1	ENSMUSG00000015869	ENSG00000161542	ortholog_one2one	1
Prpsap2	ENSMUSG00000020528	ENSG00000141127	ortholog_one2one	1
Prr11	ENSMUSG00000020493	ENSG00000068489	ortholog_one2one	1
Prr12	ENSMUSG00000046574	ENSG00000126464	ortholog_one2one	1
Prr14	ENSMUSG00000030822	ENSG00000156858	ortholog_one2one	1
Prr14l	ENSMUSG00000054280	ENSG00000183530	ortholog_one2one	1
Prr15	ENSMUSG00000045725	ENSG00000176532	ortholog_one2one	1
Prr15l	ENSMUSG00000047040	ENSG00000167183	ortholog_one2one	1
Prr16	ENSMUSG00000073565	ENSG00000184838	ortholog_one2one	1
Prr18	ENSMUSG00000055945	ENSG00000176381	ortholog_one2one	1
Prr19	ENSMUSG00000058741	ENSG00000188368	ortholog_one2one	1
Prr22	ENSMUSG00000090273	ENSG00000212123	ortholog_one2one	1
Prr29	ENSMUSG00000009210	ENSG00000224383	ortholog_one2one	1
Prr3	ENSMUSG00000038500	ENSG00000204576	ortholog_one2one	1
Prr30	ENSMUSG00000042888	ENSG00000186143	ortholog_one2one	1
Prr32	ENSMUSG00000037086	ENSG00000183631	ortholog_one2one	1
Prr33	ENSMUSG00000043795	ENSG00000283787	ortholog_one2one	1
Prr35	ENSMUSG00000025727	ENSG00000161992	ortholog_one2one	1
Prr5	ENSMUSG00000036106	ENSG00000186654	ortholog_one2one	1
Prr5l	ENSMUSG00000032841	ENSG00000135362	ortholog_one2one	1
Prr7	ENSMUSG00000034686	ENSG00000131188	ortholog_one2one	1
Prr9	ENSMUSG00000056270	ENSG00000203783	ortholog_one2one	1
Prrc1	ENSMUSG00000024594	ENSG00000164244	ortholog_one2one	1
Prrc2a	ENSMUSG00000024393	ENSG00000204469	ortholog_one2one	1
Prrc2b	ENSMUSG00000039262	ENSG00000288701	ortholog_one2one	1
Prrc2c	ENSMUSG00000040225	ENSG00000117523	ortholog_one2one	1
Prrg1	ENSMUSG00000047996	ENSG00000130962	ortholog_one2one	1
Prrg2	ENSMUSG00000007837	ENSG00000126460	ortholog_one2one	1
Prrg3	ENSMUSG00000033361	ENSG00000130032	ortholog_one2one	1
Prrg4	ENSMUSG00000027171	ENSG00000135378	ortholog_one2one	1
Prrt1	ENSMUSG00000015476	ENSG00000204314	ortholog_one2one	1
Prrt1b	ENSMUSG00000079497	ENSG00000283526	ortholog_one2one	1
Prrt2	ENSMUSG00000045114	ENSG00000167371	ortholog_one2one	1
Prrt3	ENSMUSG00000045009	ENSG00000163704	ortholog_one2one	1
Prrt4	ENSMUSG00000079654	ENSG00000224940	ortholog_one2one	1
Prrx1	ENSMUSG00000026586	ENSG00000116132	ortholog_one2one	1
Prrx2	ENSMUSG00000039476	ENSG00000167157	ortholog_one2one	1
Prss12	ENSMUSG00000027978	ENSG00000164099	ortholog_one2one	1
Prss16	ENSMUSG00000006179	ENSG00000112812	ortholog_one2one	1
Prss22	ENSMUSG00000045027	ENSG00000005001	ortholog_one2one	1
Prss23	ENSMUSG00000039405	ENSG00000150687	ortholog_one2one	1
Prss27	ENSMUSG00000050762	ENSG00000172382	ortholog_one2one	1
Prss33	ENSMUSG00000049620	ENSG00000103355	ortholog_one2one	1
Prss35	ENSMUSG00000033491	ENSG00000146250	ortholog_one2one	1
Prss36	ENSMUSG00000070371	ENSG00000178226	ortholog_one2one	1
Prss37	ENSMUSG00000029909	ENSG00000165076	ortholog_one2one	1
Prss38	ENSMUSG00000049291	ENSG00000185888	ortholog_one2one	1
Prss48	ENSMUSG00000049013	ENSG00000189099	ortholog_one2one	1
Prss50	ENSMUSG00000048752	ENSG00000283706	ortholog_one2one	1
Prss51	ENSMUSG00000052099	ENSG00000253649	ortholog_one2one	1
Prss53	ENSMUSG00000044139	ENSG00000151006	ortholog_one2one	1
Prss54	ENSMUSG00000048400	ENSG00000103023	ortholog_one2one	1
Prss55	ENSMUSG00000034623	ENSG00000184647	ortholog_one2one	1
Prss56	ENSMUSG00000036480	ENSG00000237412	ortholog_one2one	1
Prss57	ENSMUSG00000020323	ENSG00000185198	ortholog_one2one	1
Prss58	ENSMUSG00000051936	ENSG00000258223	ortholog_one2one	1
Prss8	ENSMUSG00000030800	ENSG00000052344	ortholog_one2one	1
Prtg	ENSMUSG00000036030	ENSG00000166450	ortholog_one2one	1
Prtn3	ENSMUSG00000057729	ENSG00000196415	ortholog_one2one	1
Prune1	ENSMUSG00000015711	ENSG00000143363	ortholog_one2one	1
Prune2	ENSMUSG00000039126	ENSG00000106772	ortholog_one2one	1
Prx	ENSMUSG00000053198	ENSG00000105227	ortholog_one2one	1
Prxl2a	ENSMUSG00000021792	ENSG00000122378	ortholog_one2one	1
Prxl2b	ENSMUSG00000029059	ENSG00000157870	ortholog_one2one	1
Prxl2c	ENSMUSG00000021482	ENSG00000158122	ortholog_one2one	1
Psap	ENSMUSG00000004207	ENSG00000197746	ortholog_one2one	1
Psapl1	ENSMUSG00000043430	ENSG00000178597	ortholog_one2one	1
Psat1	ENSMUSG00000024640	ENSG00000135069	ortholog_one2one	1
Psca	ENSMUSG00000022598	ENSG00000167653	ortholog_one2one	1
Psd	ENSMUSG00000037126	ENSG00000059915	ortholog_one2one	1
Psd2	ENSMUSG00000024347	ENSG00000146005	ortholog_one2one	1
Psd3	ENSMUSG00000030465	ENSG00000156011	ortholog_one2one	1
Psd4	ENSMUSG00000026979	ENSG00000125637	ortholog_one2one	1
Psen1	ENSMUSG00000019969	ENSG00000080815	ortholog_one2one	1
Psen2	ENSMUSG00000010609	ENSG00000143801	ortholog_one2one	1
Psenen	ENSMUSG00000036835	ENSG00000205155	ortholog_one2one	1
Psip1	ENSMUSG00000028484	ENSG00000164985	ortholog_one2one	1
Pskh1	ENSMUSG00000048310	ENSG00000159792	ortholog_one2one	1
Psma1	ENSMUSG00000030751	ENSG00000129084	ortholog_one2one	1
Psma2	ENSMUSG00000015671	ENSG00000106588	ortholog_one2one	1
Psma3	ENSMUSG00000060073	ENSG00000100567	ortholog_one2one	1
Psma4	ENSMUSG00000032301	ENSG00000041357	ortholog_one2one	1
Psma5	ENSMUSG00000068749	ENSG00000143106	ortholog_one2one	1
Psma6	ENSMUSG00000021024	ENSG00000100902	ortholog_one2one	1
Psma7	ENSMUSG00000027566	ENSG00000101182	ortholog_one2one	1
Psma8	ENSMUSG00000036743	ENSG00000154611	ortholog_one2one	1
Psmb1	ENSMUSG00000014769	ENSG00000008018	ortholog_one2one	1
Psmb10	ENSMUSG00000031897	ENSG00000205220	ortholog_one2one	1
Psmb11	ENSMUSG00000072423	ENSG00000222028	ortholog_one2one	1
Psmb2	ENSMUSG00000028837	ENSG00000126067	ortholog_one2one	1
Psmb3	ENSMUSG00000069744	ENSG00000277791	ortholog_one2one	1
Psmb4	ENSMUSG00000005779	ENSG00000159377	ortholog_one2one	1
Psmb5	ENSMUSG00000022193	ENSG00000100804	ortholog_one2one	1
Psmb6	ENSMUSG00000018286	ENSG00000142507	ortholog_one2one	1
Psmb7	ENSMUSG00000026750	ENSG00000136930	ortholog_one2one	1
Psmb8	ENSMUSG00000024338	ENSG00000204264	ortholog_one2one	1
Psmb9	ENSMUSG00000096727	ENSG00000240065	ortholog_one2one	1
Psmc1	ENSMUSG00000021178	ENSG00000100764	ortholog_one2one	1
Psmc2	ENSMUSG00000028932	ENSG00000161057	ortholog_one2one	1
Psmc3	ENSMUSG00000002102	ENSG00000165916	ortholog_one2one	1
Psmc3ip	ENSMUSG00000019303	ENSG00000131470	ortholog_one2one	1
Psmc4	ENSMUSG00000030603	ENSG00000013275	ortholog_one2one	1
Psmc5	ENSMUSG00000020708	ENSG00000087191	ortholog_one2one	1
Psmc6	ENSMUSG00000021832	ENSG00000100519	ortholog_one2one	1
Psmd1	ENSMUSG00000026229	ENSG00000173692	ortholog_one2one	1
Psmd10	ENSMUSG00000031429	ENSG00000101843	ortholog_one2one	1
Psmd11	ENSMUSG00000017428	ENSG00000108671	ortholog_one2one	1
Psmd12	ENSMUSG00000020720	ENSG00000197170	ortholog_one2one	1
Psmd13	ENSMUSG00000025487	ENSG00000185627	ortholog_one2one	1
Psmd14	ENSMUSG00000026914	ENSG00000115233	ortholog_one2one	1
Psmd2	ENSMUSG00000006998	ENSG00000175166	ortholog_one2one	1
Psmd3	ENSMUSG00000017221	ENSG00000108344	ortholog_one2one	1
Psmd4	ENSMUSG00000005625	ENSG00000159352	ortholog_one2one	1
Psmd5	ENSMUSG00000026869	ENSG00000095261	ortholog_one2one	1
Psmd6	ENSMUSG00000021737	ENSG00000163636	ortholog_one2one	1
Psmd7	ENSMUSG00000039067	ENSG00000103035	ortholog_one2one	1
Psmd8	ENSMUSG00000030591	ENSG00000099341	ortholog_one2one	1
Psmd9	ENSMUSG00000029440	ENSG00000110801	ortholog_one2one	1
Psme1	ENSMUSG00000022216	ENSG00000092010	ortholog_one2one	1
Psme3	ENSMUSG00000078652	ENSG00000131467	ortholog_one2one	1
Psme3ip1	ENSMUSG00000031774	ENSG00000172775	ortholog_one2one	1
Psme4	ENSMUSG00000040850	ENSG00000068878	ortholog_one2one	1
Psmf1	ENSMUSG00000032869	ENSG00000125818	ortholog_one2one	1
Psmg1	ENSMUSG00000022913	ENSG00000183527	ortholog_one2one	1
Psmg2	ENSMUSG00000024537	ENSG00000128789	ortholog_one2one	1
Psmg3	ENSMUSG00000029551	ENSG00000157778	ortholog_one2one	1
Psmg4	ENSMUSG00000071451	ENSG00000180822	ortholog_one2one	1
Psors1c2	ENSMUSG00000024409	ENSG00000204538	ortholog_one2one	1
Pspc1	ENSMUSG00000021938	ENSG00000121390	ortholog_one2one	1
Psph	ENSMUSG00000029446	ENSG00000146733	ortholog_one2one	1
Pspn	ENSMUSG00000002664	ENSG00000125650	ortholog_one2one	1
Psrc1	ENSMUSG00000068744	ENSG00000134222	ortholog_one2one	1
Pstk	ENSMUSG00000063179	ENSG00000179988	ortholog_one2one	1
Pstpip1	ENSMUSG00000032322	ENSG00000140368	ortholog_one2one	1
Pstpip2	ENSMUSG00000025429	ENSG00000152229	ortholog_one2one	1
Ptafr	ENSMUSG00000056529	ENSG00000169403	ortholog_one2one	1
Ptar1	ENSMUSG00000074925	ENSG00000188647	ortholog_one2one	1
Ptbp1	ENSMUSG00000006498	ENSG00000011304	ortholog_one2one	1
Ptbp2	ENSMUSG00000028134	ENSG00000117569	ortholog_one2one	1
Ptbp3	ENSMUSG00000028382	ENSG00000119314	ortholog_one2one	1
Ptcd1	ENSMUSG00000029624	ENSG00000106246	ortholog_one2one	1
Ptcd2	ENSMUSG00000021650	ENSG00000049883	ortholog_one2one	1
Ptcd3	ENSMUSG00000063884	ENSG00000132300	ortholog_one2one	1
Ptch1	ENSMUSG00000021466	ENSG00000185920	ortholog_one2one	1
Ptch2	ENSMUSG00000028681	ENSG00000117425	ortholog_one2one	1
Ptchd1	ENSMUSG00000041552	ENSG00000165186	ortholog_one2one	1
Ptchd3	ENSMUSG00000039198	ENSG00000182077	ortholog_one2one	1
Ptchd4	ENSMUSG00000042256	ENSG00000244694	ortholog_one2one	1
Ptdss1	ENSMUSG00000021518	ENSG00000156471	ortholog_one2one	1
Ptdss2	ENSMUSG00000025495	ENSG00000174915	ortholog_one2one	1
Pter	ENSMUSG00000026730	ENSG00000165983	ortholog_one2one	1
Ptf1a	ENSMUSG00000026735	ENSG00000168267	ortholog_one2one	1
Ptgdr	ENSMUSG00000071489	ENSG00000168229	ortholog_one2one	1
Ptgdr2	ENSMUSG00000034117	ENSG00000183134	ortholog_one2one	1
Ptgds	ENSMUSG00000015090	ENSG00000107317	ortholog_one2one	1
Ptger1	ENSMUSG00000019464	ENSG00000160951	ortholog_one2one	1
Ptger2	ENSMUSG00000037759	ENSG00000125384	ortholog_one2one	1
Ptger3	ENSMUSG00000040016	ENSG00000050628	ortholog_one2one	1
Ptger4	ENSMUSG00000039942	ENSG00000171522	ortholog_one2one	1
Ptges	ENSMUSG00000050737	ENSG00000148344	ortholog_one2one	1
Ptges2	ENSMUSG00000026820	ENSG00000148334	ortholog_one2one	1
Ptges3	ENSMUSG00000071072	ENSG00000110958	ortholog_one2one	1
Ptges3l	ENSMUSG00000097487	ENSG00000267060	ortholog_one2one	1
Ptgfr	ENSMUSG00000028036	ENSG00000122420	ortholog_one2one	1
Ptgfrn	ENSMUSG00000027864	ENSG00000134247	ortholog_one2one	1
Ptgir	ENSMUSG00000043017	ENSG00000160013	ortholog_one2one	1
Ptgis	ENSMUSG00000017969	ENSG00000124212	ortholog_one2one	1
Ptgr1	ENSMUSG00000028378	ENSG00000106853	ortholog_one2one	1
Ptgr2	ENSMUSG00000072946	ENSG00000140043	ortholog_one2one	1
Ptgr3	ENSMUSG00000049090	ENSG00000180011	ortholog_one2one	1
Ptgs1	ENSMUSG00000047250	ENSG00000095303	ortholog_one2one	1
Ptgs2	ENSMUSG00000032487	ENSG00000073756	ortholog_one2one	1
Pth	ENSMUSG00000059077	ENSG00000152266	ortholog_one2one	1
Pth1r	ENSMUSG00000032492	ENSG00000160801	ortholog_one2one	1
Pth2	ENSMUSG00000038300	ENSG00000142538	ortholog_one2one	1
Pth2r	ENSMUSG00000025946	ENSG00000144407	ortholog_one2one	1
Pthlh	ENSMUSG00000048776	ENSG00000087494	ortholog_one2one	1
Ptk2	ENSMUSG00000022607	ENSG00000169398	ortholog_one2one	1
Ptk2b	ENSMUSG00000059456	ENSG00000120899	ortholog_one2one	1
Ptk6	ENSMUSG00000038751	ENSG00000101213	ortholog_one2one	1
Ptk7	ENSMUSG00000023972	ENSG00000112655	ortholog_one2one	1
Ptma	ENSMUSG00000026238	ENSG00000187514	ortholog_one2one	1
Ptn	ENSMUSG00000029838	ENSG00000105894	ortholog_one2one	1
Ptov1	ENSMUSG00000038502	ENSG00000104960	ortholog_one2one	1
Ptp4a1	ENSMUSG00000144322	ENSG00000112245	ortholog_one2one	1
Ptp4a2	ENSMUSG00000028788	ENSG00000184007	ortholog_one2one	1
Ptp4a3	ENSMUSG00000059895	ENSG00000184489	ortholog_one2one	1
Ptpa	ENSMUSG00000039515	ENSG00000119383	ortholog_one2one	1
Ptpdc1	ENSMUSG00000038042	ENSG00000158079	ortholog_one2one	1
Ptpmt1	ENSMUSG00000063235	ENSG00000110536	ortholog_one2one	1
Ptpn1	ENSMUSG00000027540	ENSG00000196396	ortholog_one2one	1
Ptpn11	ENSMUSG00000043733	ENSG00000179295	ortholog_one2one	1
Ptpn12	ENSMUSG00000028771	ENSG00000127947	ortholog_one2one	1
Ptpn13	ENSMUSG00000034573	ENSG00000163629	ortholog_one2one	1
Ptpn14	ENSMUSG00000026604	ENSG00000152104	ortholog_one2one	1
Ptpn18	ENSMUSG00000026126	ENSG00000072135	ortholog_one2one	1
Ptpn2	ENSMUSG00000024539	ENSG00000175354	ortholog_one2one	1
Ptpn20	ENSMUSG00000021940	ENSG00000204179	ortholog_one2one	1
Ptpn21	ENSMUSG00000021009	ENSG00000070778	ortholog_one2one	1
Ptpn22	ENSMUSG00000027843	ENSG00000134242	ortholog_one2one	1
Ptpn23	ENSMUSG00000036057	ENSG00000076201	ortholog_one2one	1
Ptpn3	ENSMUSG00000038764	ENSG00000070159	ortholog_one2one	1
Ptpn4	ENSMUSG00000026384	ENSG00000088179	ortholog_one2one	1
Ptpn5	ENSMUSG00000030854	ENSG00000110786	ortholog_one2one	1
Ptpn6	ENSMUSG00000004266	ENSG00000111679	ortholog_one2one	1
Ptpn7	ENSMUSG00000031506	ENSG00000143851	ortholog_one2one	1
Ptpn9	ENSMUSG00000032290	ENSG00000169410	ortholog_one2one	1
Ptpra	ENSMUSG00000027303	ENSG00000132670	ortholog_one2one	1
Ptprb	ENSMUSG00000020154	ENSG00000127329	ortholog_one2one	1
Ptprc	ENSMUSG00000026395	ENSG00000081237	ortholog_one2one	1
Ptprcap	ENSMUSG00000045826	ENSG00000213402	ortholog_one2one	1
Ptprd	ENSMUSG00000028399	ENSG00000153707	ortholog_one2one	1
Ptpre	ENSMUSG00000041836	ENSG00000132334	ortholog_one2one	1
Ptprf	ENSMUSG00000033295	ENSG00000142949	ortholog_one2one	1
Ptprg	ENSMUSG00000121513	ENSG00000144724	ortholog_one2one	1
Ptprh	ENSMUSG00000035429	ENSG00000080031	ortholog_one2one	1
Ptprj	ENSMUSG00000025314	ENSG00000149177	ortholog_one2one	1
Ptprk	ENSMUSG00000019889	ENSG00000152894	ortholog_one2one	1
Ptprm	ENSMUSG00000033278	ENSG00000173482	ortholog_one2one	1
Ptprn	ENSMUSG00000026204	ENSG00000054356	ortholog_one2one	1
Ptprn2	ENSMUSG00000056553	ENSG00000155093	ortholog_one2one	1
Ptpro	ENSMUSG00000030223	ENSG00000151490	ortholog_one2one	1
Ptprq	ENSMUSG00000035916	ENSG00000139304	ortholog_one2one	1
Ptprr	ENSMUSG00000020151	ENSG00000153233	ortholog_one2one	1
Ptprs	ENSMUSG00000013236	ENSG00000105426	ortholog_one2one	1
Ptprt	ENSMUSG00000053141	ENSG00000196090	ortholog_one2one	1
Ptpru	ENSMUSG00000028909	ENSG00000060656	ortholog_one2one	1
Ptprz1	ENSMUSG00000068748	ENSG00000106278	ortholog_one2one	1
Ptrh1	ENSMUSG00000053746	ENSG00000187024	ortholog_one2one	1
Ptrh2	ENSMUSG00000072582	ENSG00000141378	ortholog_one2one	1
Ptrhd1	ENSMUSG00000096199	ENSG00000184924	ortholog_one2one	1
Pts	ENSMUSG00000032067	ENSG00000150787	ortholog_one2one	1
Pttg1ip	ENSMUSG00000009291	ENSG00000183255	ortholog_one2one	1
Ptx3	ENSMUSG00000027832	ENSG00000163661	ortholog_one2one	1
Ptx4	ENSMUSG00000044172	ENSG00000251692	ortholog_one2one	1
Pudp	ENSMUSG00000048875	ENSG00000130021	ortholog_one2one	1
Puf60	ENSMUSG00000002524	ENSG00000179950	ortholog_one2one	1
Pum1	ENSMUSG00000028580	ENSG00000134644	ortholog_one2one	1
Pum2	ENSMUSG00000020594	ENSG00000055917	ortholog_one2one	1
Pum3	ENSMUSG00000041360	ENSG00000080608	ortholog_one2one	1
Pura	ENSMUSG00000043991	ENSG00000185129	ortholog_one2one	1
Purb	ENSMUSG00000094483	ENSG00000146676	ortholog_one2one	1
Purg	ENSMUSG00000049184	ENSG00000172733	ortholog_one2one	1
Pus1	ENSMUSG00000029507	ENSG00000177192	ortholog_one2one	1
Pus10	ENSMUSG00000020280	ENSG00000162927	ortholog_one2one	1
Pus3	ENSMUSG00000032103	ENSG00000110060	ortholog_one2one	1
Pus7	ENSMUSG00000057541	ENSG00000091127	ortholog_one2one	1
Pus7l	ENSMUSG00000033356	ENSG00000129317	ortholog_one2one	1
Pusl1	ENSMUSG00000051557	ENSG00000169972	ortholog_one2one	1
Pvalb	ENSMUSG00000005716	ENSG00000100362	ortholog_one2one	1
Pwp1	ENSMUSG00000001785	ENSG00000136045	ortholog_one2one	1
Pwp2	ENSMUSG00000032834	ENSG00000241945	ortholog_one2one	1
Pwwp2a	ENSMUSG00000044950	ENSG00000170234	ortholog_one2one	1
Pwwp2b	ENSMUSG00000060260	ENSG00000171813	ortholog_one2one	1
Pwwp3a	ENSMUSG00000020156	ENSG00000160953	ortholog_one2one	1
Pwwp3b	ENSMUSG00000042515	ENSG00000157502	ortholog_one2one	1
Pxdc1	ENSMUSG00000021411	ENSG00000168994	ortholog_one2one	1
Pxdn	ENSMUSG00000020674	ENSG00000130508	ortholog_one2one	1
Pxk	ENSMUSG00000033885	ENSG00000168297	ortholog_one2one	1
Pxmp2	ENSMUSG00000029499	ENSG00000176894	ortholog_one2one	1
Pxmp4	ENSMUSG00000000876	ENSG00000101417	ortholog_one2one	1
Pxn	ENSMUSG00000029528	ENSG00000089159	ortholog_one2one	1
Pxylp1	ENSMUSG00000043587	ENSG00000155893	ortholog_one2one	1
Pycard	ENSMUSG00000030793	ENSG00000103490	ortholog_one2one	1
Pycr1	ENSMUSG00000025140	ENSG00000183010	ortholog_one2one	1
Pycr2	ENSMUSG00000026520	ENSG00000143811	ortholog_one2one	1
Pycr3	ENSMUSG00000022571	ENSG00000104524	ortholog_one2one	1
Pygb	ENSMUSG00000033059	ENSG00000100994	ortholog_one2one	1
Pygl	ENSMUSG00000021069	ENSG00000100504	ortholog_one2one	1
Pygm	ENSMUSG00000032648	ENSG00000068976	ortholog_one2one	1
Pygo1	ENSMUSG00000034910	ENSG00000171016	ortholog_one2one	1
Pygo2	ENSMUSG00000047824	ENSG00000163348	ortholog_one2one	1
Pym1	ENSMUSG00000064030	ENSG00000170473	ortholog_one2one	1
Pyroxd1	ENSMUSG00000041671	ENSG00000121350	ortholog_one2one	1
Pyroxd2	ENSMUSG00000060224	ENSG00000119943	ortholog_one2one	1
Qars1	ENSMUSG00000032604	ENSG00000172053	ortholog_one2one	1
Qdpr	ENSMUSG00000015806	ENSG00000151552	ortholog_one2one	1
Qki	ENSMUSG00000062078	ENSG00000112531	ortholog_one2one	1
Qng1	ENSMUSG00000021550	ENSG00000165118	ortholog_one2one	1
Qpct	ENSMUSG00000024084	ENSG00000115828	ortholog_one2one	1
Qpctl	ENSMUSG00000030407	ENSG00000011478	ortholog_one2one	1
Qprt	ENSMUSG00000030674	ENSG00000103485	ortholog_one2one	1
Qrfp	ENSMUSG00000043102	ENSG00000188710	ortholog_one2one	1
Qrich1	ENSMUSG00000006673	ENSG00000198218	ortholog_one2one	1
Qrsl1	ENSMUSG00000019863	ENSG00000130348	ortholog_one2one	1
Qser1	ENSMUSG00000074994	ENSG00000060749	ortholog_one2one	1
Qsox1	ENSMUSG00000033684	ENSG00000116260	ortholog_one2one	1
Qsox2	ENSMUSG00000036327	ENSG00000165661	ortholog_one2one	1
Qtrt1	ENSMUSG00000002825	ENSG00000213339	ortholog_one2one	1
Qtrt2	ENSMUSG00000022704	ENSG00000151576	ortholog_one2one	1
R3hcc1	ENSMUSG00000034194	ENSG00000104679	ortholog_one2one	1
R3hcc1l	ENSMUSG00000025184	ENSG00000166024	ortholog_one2one	1
R3hdm1	ENSMUSG00000056211	ENSG00000048991	ortholog_one2one	1
R3hdm2	ENSMUSG00000025404	ENSG00000179912	ortholog_one2one	1
R3hdm4	ENSMUSG00000035781	ENSG00000198858	ortholog_one2one	1
R3hdml	ENSMUSG00000078949	ENSG00000101074	ortholog_one2one	1
Rab10	ENSMUSG00000020671	ENSG00000084733	ortholog_one2one	1
Rab11a	ENSMUSG00000004771	ENSG00000103769	ortholog_one2one	1
Rab11b	ENSMUSG00000077450	ENSG00000185236	ortholog_one2one	1
Rab11fip1	ENSMUSG00000031488	ENSG00000156675	ortholog_one2one	1
Rab11fip2	ENSMUSG00000040022	ENSG00000107560	ortholog_one2one	1
Rab11fip3	ENSMUSG00000037098	ENSG00000090565	ortholog_one2one	1
Rab11fip4	ENSMUSG00000017639	ENSG00000131242	ortholog_one2one	1
Rab11fip5	ENSMUSG00000051343	ENSG00000135631	ortholog_one2one	1
Rab12	ENSMUSG00000023460	ENSG00000206418	ortholog_one2one	1
Rab13	ENSMUSG00000027935	ENSG00000143545	ortholog_one2one	1
Rab14	ENSMUSG00000026878	ENSG00000119396	ortholog_one2one	1
Rab15	ENSMUSG00000021062	ENSG00000139998	ortholog_one2one	1
Rab17	ENSMUSG00000026304	ENSG00000124839	ortholog_one2one	1
Rab18	ENSMUSG00000073639	ENSG00000099246	ortholog_one2one	1
Rab19	ENSMUSG00000029923	ENSG00000146955	ortholog_one2one	1
Rab1a	ENSMUSG00000020149	ENSG00000138069	ortholog_one2one	1
Rab1b	ENSMUSG00000024870	ENSG00000174903	ortholog_one2one	1
Rab20	ENSMUSG00000031504	ENSG00000139832	ortholog_one2one	1
Rab21	ENSMUSG00000020132	ENSG00000080371	ortholog_one2one	1
Rab22a	ENSMUSG00000027519	ENSG00000124209	ortholog_one2one	1
Rab23	ENSMUSG00000004768	ENSG00000112210	ortholog_one2one	1
Rab24	ENSMUSG00000034789	ENSG00000169228	ortholog_one2one	1
Rab25	ENSMUSG00000008601	ENSG00000132698	ortholog_one2one	1
Rab26	ENSMUSG00000079657	ENSG00000167964	ortholog_one2one	1
Rab27a	ENSMUSG00000032202	ENSG00000069974	ortholog_one2one	1
Rab27b	ENSMUSG00000024511	ENSG00000041353	ortholog_one2one	1
Rab28	ENSMUSG00000029128	ENSG00000157869	ortholog_one2one	1
Rab29	ENSMUSG00000026433	ENSG00000117280	ortholog_one2one	1
Rab2a	ENSMUSG00000047187	ENSG00000104388	ortholog_one2one	1
Rab2b	ENSMUSG00000022159	ENSG00000129472	ortholog_one2one	1
Rab30	ENSMUSG00000030643	ENSG00000137502	ortholog_one2one	1
Rab31	ENSMUSG00000056515	ENSG00000168461	ortholog_one2one	1
Rab33a	ENSMUSG00000031104	ENSG00000134594	ortholog_one2one	1
Rab33b	ENSMUSG00000027739	ENSG00000172007	ortholog_one2one	1
Rab34	ENSMUSG00000002059	ENSG00000109113	ortholog_one2one	1
Rab35	ENSMUSG00000029518	ENSG00000111737	ortholog_one2one	1
Rab36	ENSMUSG00000020175	ENSG00000100228	ortholog_one2one	1
Rab37	ENSMUSG00000020732	ENSG00000172794	ortholog_one2one	1
Rab38	ENSMUSG00000030559	ENSG00000123892	ortholog_one2one	1
Rab39	ENSMUSG00000055069	ENSG00000179331	ortholog_one2one	1
Rab39b	ENSMUSG00000031202	ENSG00000155961	ortholog_one2one	1
Rab3a	ENSMUSG00000031840	ENSG00000105649	ortholog_one2one	1
Rab3b	ENSMUSG00000003411	ENSG00000169213	ortholog_one2one	1
Rab3c	ENSMUSG00000021700	ENSG00000152932	ortholog_one2one	1
Rab3d	ENSMUSG00000019066	ENSG00000105514	ortholog_one2one	1
Rab3gap1	ENSMUSG00000036104	ENSG00000115839	ortholog_one2one	1
Rab3gap2	ENSMUSG00000039318	ENSG00000118873	ortholog_one2one	1
Rab3il1	ENSMUSG00000024663	ENSG00000167994	ortholog_one2one	1
Rab3ip	ENSMUSG00000064181	ENSG00000127328	ortholog_one2one	1
Rab40b	ENSMUSG00000025170	ENSG00000141542	ortholog_one2one	1
Rab40c	ENSMUSG00000025730	ENSG00000197562	ortholog_one2one	1
Rab42	ENSMUSG00000089687	ENSG00000188060	ortholog_one2one	1
Rab43	ENSMUSG00000030055	ENSG00000172780	ortholog_one2one	1
Rab44	ENSMUSG00000064147	ENSG00000255587	ortholog_one2one	1
Rab4a	ENSMUSG00000019478	ENSG00000168118	ortholog_one2one	1
Rab4b	ENSMUSG00000053291	ENSG00000167578	ortholog_one2one	1
Rab5a	ENSMUSG00000017831	ENSG00000144566	ortholog_one2one	1
Rab5b	ENSMUSG00000000711	ENSG00000111540	ortholog_one2one	1
Rab5c	ENSMUSG00000019173	ENSG00000108774	ortholog_one2one	1
Rab5if	ENSMUSG00000027637	ENSG00000101084	ortholog_one2one	1
Rab6a	ENSMUSG00000030704	ENSG00000175582	ortholog_one2one	1
Rab6b	ENSMUSG00000032549	ENSG00000154917	ortholog_one2one	1
Rab7b	ENSMUSG00000052688	ENSG00000276600	ortholog_one2one	1
Rab8a	ENSMUSG00000003037	ENSG00000167461	ortholog_one2one	1
Rab8b	ENSMUSG00000036943	ENSG00000166128	ortholog_one2one	1
Rab9	ENSMUSG00000079316	ENSG00000123595	ortholog_one2one	1
Rab9b	ENSMUSG00000043463	ENSG00000123570	ortholog_one2one	1
Rabac1	ENSMUSG00000003380	ENSG00000105404	ortholog_one2one	1
Rabep1	ENSMUSG00000020817	ENSG00000029725	ortholog_one2one	1
Rabep2	ENSMUSG00000030727	ENSG00000177548	ortholog_one2one	1
Rabepk	ENSMUSG00000070953	ENSG00000136933	ortholog_one2one	1
Rabgap1	ENSMUSG00000035437	ENSG00000011454	ortholog_one2one	1
Rabgap1l	ENSMUSG00000026721	ENSG00000152061	ortholog_one2one	1
Rabgef1	ENSMUSG00000025340	ENSG00000154710	ortholog_one2one	1
Rabggta	ENSMUSG00000040472	ENSG00000100949	ortholog_one2one	1
Rabggtb	ENSMUSG00000038975	ENSG00000137955	ortholog_one2one	1
Rabif	ENSMUSG00000042229	ENSG00000183155	ortholog_one2one	1
Rabl3	ENSMUSG00000022827	ENSG00000144840	ortholog_one2one	1
Rabl6	ENSMUSG00000015087	ENSG00000196642	ortholog_one2one	1
Rac1	ENSMUSG00000001847	ENSG00000136238	ortholog_one2one	1
Rac2	ENSMUSG00000033220	ENSG00000128340	ortholog_one2one	1
Rac3	ENSMUSG00000018012	ENSG00000169750	ortholog_one2one	1
Racgap1	ENSMUSG00000023015	ENSG00000161800	ortholog_one2one	1
Rack1	ENSMUSG00000020372	ENSG00000204628	ortholog_one2one	1
Rad1	ENSMUSG00000022248	ENSG00000113456	ortholog_one2one	1
Rad17	ENSMUSG00000021635	ENSG00000152942	ortholog_one2one	1
Rad18	ENSMUSG00000030254	ENSG00000070950	ortholog_one2one	1
Rad21	ENSMUSG00000022314	ENSG00000164754	ortholog_one2one	1
Rad21l	ENSMUSG00000074704	ENSG00000244588	ortholog_one2one	1
Rad23a	ENSMUSG00000003813	ENSG00000179262	ortholog_one2one	1
Rad23b	ENSMUSG00000028426	ENSG00000119318	ortholog_one2one	1
Rad50	ENSMUSG00000020380	ENSG00000113522	ortholog_one2one	1
Rad51	ENSMUSG00000027323	ENSG00000051180	ortholog_one2one	1
Rad51ap1	ENSMUSG00000030346	ENSG00000111247	ortholog_one2one	1
Rad51b	ENSMUSG00000059060	ENSG00000182185	ortholog_one2one	1
Rad51c	ENSMUSG00000007646	ENSG00000108384	ortholog_one2one	1
Rad51d	ENSMUSG00000018841	ENSG00000185379	ortholog_one2one	1
Rad52	ENSMUSG00000030166	ENSG00000002016	ortholog_one2one	1
Rad54b	ENSMUSG00000078773	ENSG00000197275	ortholog_one2one	1
Rad54l	ENSMUSG00000028702	ENSG00000085999	ortholog_one2one	1
Rad54l2	ENSMUSG00000040661	ENSG00000164080	ortholog_one2one	1
Rad9a	ENSMUSG00000024824	ENSG00000172613	ortholog_one2one	1
Rad9b	ENSMUSG00000038569	ENSG00000151164	ortholog_one2one	1
Radil	ENSMUSG00000029576	ENSG00000157927	ortholog_one2one	1
Radx	ENSMUSG00000042498	ENSG00000147231	ortholog_one2one	1
Rae1	ENSMUSG00000027509	ENSG00000101146	ortholog_one2one	1
Raf1	ENSMUSG00000000441	ENSG00000132155	ortholog_one2one	1
Rag1	ENSMUSG00000061311	ENSG00000166349	ortholog_one2one	1
Rag2	ENSMUSG00000032864	ENSG00000175097	ortholog_one2one	1
Rai1	ENSMUSG00000062115	ENSG00000108557	ortholog_one2one	1
Rai14	ENSMUSG00000022246	ENSG00000039560	ortholog_one2one	1
Rai2	ENSMUSG00000043518	ENSG00000131831	ortholog_one2one	1
Rala	ENSMUSG00000008859	ENSG00000006451	ortholog_one2one	1
Ralb	ENSMUSG00000004451	ENSG00000144118	ortholog_one2one	1
Ralbp1	ENSMUSG00000024096	ENSG00000017797	ortholog_one2one	1
Ralgapa1	ENSMUSG00000021027	ENSG00000174373	ortholog_one2one	1
Ralgapa2	ENSMUSG00000037110	ENSG00000188559	ortholog_one2one	1
Ralgapb	ENSMUSG00000027652	ENSG00000170471	ortholog_one2one	1
Ralgds	ENSMUSG00000026821	ENSG00000160271	ortholog_one2one	1
Ralgps1	ENSMUSG00000038831	ENSG00000136828	ortholog_one2one	1
Ralgps2	ENSMUSG00000026594	ENSG00000116191	ortholog_one2one	1
Raly	ENSMUSG00000027593	ENSG00000125970	ortholog_one2one	1
Ralyl	ENSMUSG00000039717	ENSG00000184672	ortholog_one2one	1
Ramp3	ENSMUSG00000041046	ENSG00000122679	ortholog_one2one	1
Ran	ENSMUSG00000029430	ENSG00000132341	ortholog_one2one	1
Ranbp1	ENSMUSG00000005732	ENSG00000099901	ortholog_one2one	1
Ranbp10	ENSMUSG00000037415	ENSG00000141084	ortholog_one2one	1
Ranbp17	ENSMUSG00000040594	ENSG00000204764	ortholog_one2one	1
Ranbp2	ENSMUSG00000003226	ENSG00000153201	ortholog_one2one	1
Ranbp3	ENSMUSG00000002372	ENSG00000031823	ortholog_one2one	1
Ranbp3l	ENSMUSG00000048424	ENSG00000164188	ortholog_one2one	1
Ranbp6	ENSMUSG00000074909	ENSG00000137040	ortholog_one2one	1
Ranbp9	ENSMUSG00000038546	ENSG00000010017	ortholog_one2one	1
Rangap1	ENSMUSG00000022391	ENSG00000100401	ortholog_one2one	1
Rangrf	ENSMUSG00000032892	ENSG00000108961	ortholog_one2one	1
Rap1a	ENSMUSG00000068798	ENSG00000116473	ortholog_one2one	1
Rap1b	ENSMUSG00000052681	ENSG00000127314	ortholog_one2one	1
Rap1gap	ENSMUSG00000041351	ENSG00000076864	ortholog_one2one	1
Rap1gap2	ENSMUSG00000038807	ENSG00000132359	ortholog_one2one	1
Rap1gds1	ENSMUSG00000028149	ENSG00000138698	ortholog_one2one	1
Rap2a	ENSMUSG00000051615	ENSG00000125249	ortholog_one2one	1
Rap2b	ENSMUSG00000036894	ENSG00000181467	ortholog_one2one	1
Rap2c	ENSMUSG00000050029	ENSG00000123728	ortholog_one2one	1
Rapgef1	ENSMUSG00000039844	ENSG00000107263	ortholog_one2one	1
Rapgef2	ENSMUSG00000062232	ENSG00000109756	ortholog_one2one	1
Rapgef3	ENSMUSG00000022469	ENSG00000079337	ortholog_one2one	1
Rapgef4	ENSMUSG00000049044	ENSG00000091428	ortholog_one2one	1
Rapgef5	ENSMUSG00000041992	ENSG00000136237	ortholog_one2one	1
Rapgef6	ENSMUSG00000037533	ENSG00000158987	ortholog_one2one	1
Rapgefl1	ENSMUSG00000038020	ENSG00000108352	ortholog_one2one	1
Raph1	ENSMUSG00000026014	ENSG00000173166	ortholog_one2one	1
Rapsn	ENSMUSG00000002104	ENSG00000165917	ortholog_one2one	1
Rara	ENSMUSG00000037992	ENSG00000131759	ortholog_one2one	1
Rarb	ENSMUSG00000017491	ENSG00000077092	ortholog_one2one	1
Rarg	ENSMUSG00000001288	ENSG00000172819	ortholog_one2one	1
Rarres1	ENSMUSG00000049404	ENSG00000118849	ortholog_one2one	1
Rarres2	ENSMUSG00000009281	ENSG00000106538	ortholog_one2one	1
Rars1	ENSMUSG00000018848	ENSG00000113643	ortholog_one2one	1
Rars2	ENSMUSG00000028292	ENSG00000146282	ortholog_one2one	1
Rasa1	ENSMUSG00000021549	ENSG00000145715	ortholog_one2one	1
Rasa2	ENSMUSG00000032413	ENSG00000155903	ortholog_one2one	1
Rasa3	ENSMUSG00000031453	ENSG00000185989	ortholog_one2one	1
Rasal1	ENSMUSG00000029602	ENSG00000111344	ortholog_one2one	1
Rasal2	ENSMUSG00000070565	ENSG00000075391	ortholog_one2one	1
Rasal3	ENSMUSG00000052142	ENSG00000105122	ortholog_one2one	1
Rasd1	ENSMUSG00000049892	ENSG00000108551	ortholog_one2one	1
Rasd2	ENSMUSG00000034472	ENSG00000100302	ortholog_one2one	1
Rasef	ENSMUSG00000043003	ENSG00000165105	ortholog_one2one	1
Rasgef1a	ENSMUSG00000030134	ENSG00000198915	ortholog_one2one	1
Rasgef1b	ENSMUSG00000089809	ENSG00000138670	ortholog_one2one	1
Rasgef1c	ENSMUSG00000020374	ENSG00000146090	ortholog_one2one	1
Rasgrf1	ENSMUSG00000032356	ENSG00000058335	ortholog_one2one	1
Rasgrf2	ENSMUSG00000021708	ENSG00000113319	ortholog_one2one	1
Rasgrp1	ENSMUSG00000027347	ENSG00000172575	ortholog_one2one	1
Rasgrp2	ENSMUSG00000032946	ENSG00000068831	ortholog_one2one	1
Rasgrp3	ENSMUSG00000071042	ENSG00000152689	ortholog_one2one	1
Rasgrp4	ENSMUSG00000030589	ENSG00000171777	ortholog_one2one	1
Rasip1	ENSMUSG00000044562	ENSG00000105538	ortholog_one2one	1
Rasl10a	ENSMUSG00000034209	ENSG00000100276	ortholog_one2one	1
Rasl11a	ENSMUSG00000029641	ENSG00000122035	ortholog_one2one	1
Rasl11b	ENSMUSG00000049907	ENSG00000128045	ortholog_one2one	1
Rasl12	ENSMUSG00000041696	ENSG00000103710	ortholog_one2one	1
Rassf1	ENSMUSG00000010067	ENSG00000068028	ortholog_one2one	1
Rassf10	ENSMUSG00000098132	ENSG00000189431	ortholog_one2one	1
Rassf2	ENSMUSG00000027339	ENSG00000101265	ortholog_one2one	1
Rassf3	ENSMUSG00000025795	ENSG00000153179	ortholog_one2one	1
Rassf4	ENSMUSG00000042129	ENSG00000107551	ortholog_one2one	1
Rassf5	ENSMUSG00000026430	ENSG00000266094	ortholog_one2one	1
Rassf6	ENSMUSG00000029370	ENSG00000169435	ortholog_one2one	1
Rassf7	ENSMUSG00000038618	ENSG00000099849	ortholog_one2one	1
Rassf8	ENSMUSG00000030259	ENSG00000123094	ortholog_one2one	1
Rassf9	ENSMUSG00000044921	ENSG00000198774	ortholog_one2one	1
Raver1	ENSMUSG00000010205	ENSG00000161847	ortholog_one2one	1
Raver2	ENSMUSG00000035275	ENSG00000162437	ortholog_one2one	1
Rax	ENSMUSG00000024518	ENSG00000134438	ortholog_one2one	1
Rb1	ENSMUSG00000022105	ENSG00000139687	ortholog_one2one	1
Rb1cc1	ENSMUSG00000025907	ENSG00000023287	ortholog_one2one	1
Rbak	ENSMUSG00000061898	ENSG00000146587	ortholog_one2one	1
Rbbp4	ENSMUSG00000057236	ENSG00000162521	ortholog_one2one	1
Rbbp5	ENSMUSG00000026439	ENSG00000117222	ortholog_one2one	1
Rbbp6	ENSMUSG00000030779	ENSG00000122257	ortholog_one2one	1
Rbbp7	ENSMUSG00000031353	ENSG00000102054	ortholog_one2one	1
Rbbp8	ENSMUSG00000041238	ENSG00000101773	ortholog_one2one	1
Rbbp8nl	ENSMUSG00000038980	ENSG00000130701	ortholog_one2one	1
Rbbp9	ENSMUSG00000027428	ENSG00000089050	ortholog_one2one	1
Rbck1	ENSMUSG00000027466	ENSG00000125826	ortholog_one2one	1
Rbfa	ENSMUSG00000024570	ENSG00000101546	ortholog_one2one	1
Rbfox1	ENSMUSG00000008658	ENSG00000078328	ortholog_one2one	1
Rbfox2	ENSMUSG00000033565	ENSG00000100320	ortholog_one2one	1
Rbfox3	ENSMUSG00000025576	ENSG00000167281	ortholog_one2one	1
Rbis	ENSMUSG00000078784	ENSG00000176731	ortholog_one2one	1
Rbks	ENSMUSG00000029136	ENSG00000171174	ortholog_one2one	1
Rbl1	ENSMUSG00000027641	ENSG00000080839	ortholog_one2one	1
Rbl2	ENSMUSG00000031666	ENSG00000103479	ortholog_one2one	1
Rbm10	ENSMUSG00000031060	ENSG00000182872	ortholog_one2one	1
Rbm11	ENSMUSG00000032940	ENSG00000185272	ortholog_one2one	1
Rbm14	ENSMUSG00000006456	ENSG00000239306	ortholog_one2one	1
Rbm15	ENSMUSG00000048109	ENSG00000162775	ortholog_one2one	1
Rbm15b	ENSMUSG00000074102	ENSG00000259956	ortholog_one2one	1
Rbm17	ENSMUSG00000037197	ENSG00000134453	ortholog_one2one	1
Rbm18	ENSMUSG00000026889	ENSG00000119446	ortholog_one2one	1
Rbm19	ENSMUSG00000029594	ENSG00000122965	ortholog_one2one	1
Rbm20	ENSMUSG00000043639	ENSG00000203867	ortholog_one2one	1
Rbm22	ENSMUSG00000024604	ENSG00000086589	ortholog_one2one	1
Rbm24	ENSMUSG00000038132	ENSG00000112183	ortholog_one2one	1
Rbm25	ENSMUSG00000010608	ENSG00000119707	ortholog_one2one	1
Rbm26	ENSMUSG00000022119	ENSG00000139746	ortholog_one2one	1
Rbm27	ENSMUSG00000024491	ENSG00000091009	ortholog_one2one	1
Rbm28	ENSMUSG00000029701	ENSG00000106344	ortholog_one2one	1
Rbm3	ENSMUSG00000031167	ENSG00000102317	ortholog_one2one	1
Rbm33	ENSMUSG00000048271	ENSG00000184863	ortholog_one2one	1
Rbm34	ENSMUSG00000033931	ENSG00000188739	ortholog_one2one	1
Rbm39	ENSMUSG00000027620	ENSG00000131051	ortholog_one2one	1
Rbm4	ENSMUSG00000094936	ENSG00000173933	ortholog_one2one	1
Rbm41	ENSMUSG00000031433	ENSG00000089682	ortholog_one2one	1
Rbm42	ENSMUSG00000036733	ENSG00000126254	ortholog_one2one	1
Rbm43	ENSMUSG00000036249	ENSG00000184898	ortholog_one2one	1
Rbm44	ENSMUSG00000070732	ENSG00000177483	ortholog_one2one	1
Rbm45	ENSMUSG00000042369	ENSG00000155636	ortholog_one2one	1
Rbm46	ENSMUSG00000033882	ENSG00000151962	ortholog_one2one	1
Rbm47	ENSMUSG00000070780	ENSG00000163694	ortholog_one2one	1
Rbm48	ENSMUSG00000040302	ENSG00000127993	ortholog_one2one	1
Rbm4b	ENSMUSG00000033760	ENSG00000173914	ortholog_one2one	1
Rbm5	ENSMUSG00000032580	ENSG00000003756	ortholog_one2one	1
Rbm6	ENSMUSG00000032582	ENSG00000004534	ortholog_one2one	1
Rbm7	ENSMUSG00000042396	ENSG00000076053	ortholog_one2one	1
Rbms1	ENSMUSG00000026970	ENSG00000153250	ortholog_one2one	1
Rbms2	ENSMUSG00000040043	ENSG00000076067	ortholog_one2one	1
Rbms3	ENSMUSG00000039607	ENSG00000144642	ortholog_one2one	1
Rbmx2	ENSMUSG00000031107	ENSG00000134597	ortholog_one2one	1
Rbp1	ENSMUSG00000046402	ENSG00000114115	ortholog_one2one	1
Rbp2	ENSMUSG00000032454	ENSG00000114113	ortholog_one2one	1
Rbp3	ENSMUSG00000041534	ENSG00000265203	ortholog_one2one	1
Rbp4	ENSMUSG00000024990	ENSG00000138207	ortholog_one2one	1
Rbp7	ENSMUSG00000028996	ENSG00000162444	ortholog_one2one	1
Rbpj	ENSMUSG00000039191	ENSG00000168214	ortholog_one2one	1
Rbpjl	ENSMUSG00000017007	ENSG00000124232	ortholog_one2one	1
Rbpms	ENSMUSG00000031586	ENSG00000157110	ortholog_one2one	1
Rbpms2	ENSMUSG00000032387	ENSG00000166831	ortholog_one2one	1
Rbsn	ENSMUSG00000014550	ENSG00000131381	ortholog_one2one	1
Rbx1	ENSMUSG00000022400	ENSG00000100387	ortholog_one2one	1
Rc3h1	ENSMUSG00000040423	ENSG00000135870	ortholog_one2one	1
Rc3h2	ENSMUSG00000075376	ENSG00000056586	ortholog_one2one	1
Rcan1	ENSMUSG00000022951	ENSG00000159200	ortholog_one2one	1
Rcan2	ENSMUSG00000039601	ENSG00000172348	ortholog_one2one	1
Rcan3	ENSMUSG00000059713	ENSG00000117602	ortholog_one2one	1
Rcbtb1	ENSMUSG00000035469	ENSG00000136144	ortholog_one2one	1
Rcbtb2	ENSMUSG00000022106	ENSG00000136161	ortholog_one2one	1
Rcc1	ENSMUSG00000028896	ENSG00000180198	ortholog_one2one	1
Rcc1l	ENSMUSG00000061979	ENSG00000274523	ortholog_one2one	1
Rcc2	ENSMUSG00000040945	ENSG00000179051	ortholog_one2one	1
Rccd1	ENSMUSG00000038930	ENSG00000166965	ortholog_one2one	1
Rce1	ENSMUSG00000024889	ENSG00000173653	ortholog_one2one	1
Rchy1	ENSMUSG00000029397	ENSG00000163743	ortholog_one2one	1
Rcl1	ENSMUSG00000024785	ENSG00000120158	ortholog_one2one	1
Rcn1	ENSMUSG00000005973	ENSG00000049449	ortholog_one2one	1
Rcn2	ENSMUSG00000032320	ENSG00000117906	ortholog_one2one	1
Rcn3	ENSMUSG00000019539	ENSG00000142552	ortholog_one2one	1
Rcor1	ENSMUSG00000037896	ENSG00000089902	ortholog_one2one	1
Rcor2	ENSMUSG00000024968	ENSG00000167771	ortholog_one2one	1
Rcor3	ENSMUSG00000037395	ENSG00000117625	ortholog_one2one	1
Rcsd1	ENSMUSG00000040723	ENSG00000198771	ortholog_one2one	1
Rcvrn	ENSMUSG00000020907	ENSG00000109047	ortholog_one2one	1
Rd3	ENSMUSG00000049353	ENSG00000198570	ortholog_one2one	1
Rd3l	ENSMUSG00000091402	ENSG00000227729	ortholog_one2one	1
Rdh10	ENSMUSG00000025921	ENSG00000121039	ortholog_one2one	1
Rdh11	ENSMUSG00000066441	ENSG00000072042	ortholog_one2one	1
Rdh12	ENSMUSG00000021123	ENSG00000139988	ortholog_one2one	1
Rdh13	ENSMUSG00000008435	ENSG00000160439	ortholog_one2one	1
Rdh14	ENSMUSG00000020621	ENSG00000240857	ortholog_one2one	1
Rdh5	ENSMUSG00000025350	ENSG00000135437	ortholog_one2one	1
Rdh8	ENSMUSG00000053773	ENSG00000080511	ortholog_one2one	1
Rdx	ENSMUSG00000032050	ENSG00000137710	ortholog_one2one	1
Rec114	ENSMUSG00000074269	ENSG00000183324	ortholog_one2one	1
Rec8	ENSMUSG00000002324	ENSG00000100918	ortholog_one2one	1
Reck	ENSMUSG00000028476	ENSG00000122707	ortholog_one2one	1
Recql	ENSMUSG00000030243	ENSG00000004700	ortholog_one2one	1
Recql4	ENSMUSG00000033762	ENSG00000160957	ortholog_one2one	1
Recql5	ENSMUSG00000020752	ENSG00000108469	ortholog_one2one	1
Redic1	ENSMUSG00000078932	ENSG00000180116	ortholog_one2one	1
Reep1	ENSMUSG00000052852	ENSG00000068615	ortholog_one2one	1
Reep2	ENSMUSG00000038555	ENSG00000132563	ortholog_one2one	1
Reep3	ENSMUSG00000019873	ENSG00000165476	ortholog_one2one	1
Reep4	ENSMUSG00000033589	ENSG00000168476	ortholog_one2one	1
Reep5	ENSMUSG00000005873	ENSG00000129625	ortholog_one2one	1
Reg4	ENSMUSG00000027876	ENSG00000134193	ortholog_one2one	1
Rel	ENSMUSG00000020275	ENSG00000162924	ortholog_one2one	1
Rela	ENSMUSG00000024927	ENSG00000173039	ortholog_one2one	1
Relb	ENSMUSG00000002983	ENSG00000104856	ortholog_one2one	1
Relch	ENSMUSG00000026319	ENSG00000134444	ortholog_one2one	1
Rell1	ENSMUSG00000047881	ENSG00000181826	ortholog_one2one	1
Rell2	ENSMUSG00000044024	ENSG00000164620	ortholog_one2one	1
Reln	ENSMUSG00000042453	ENSG00000189056	ortholog_one2one	1
Relt	ENSMUSG00000008318	ENSG00000054967	ortholog_one2one	1
Rem1	ENSMUSG00000000359	ENSG00000088320	ortholog_one2one	1
Rem2	ENSMUSG00000022176	ENSG00000139890	ortholog_one2one	1
Ren1	ENSMUSG00000070645	ENSG00000143839	ortholog_one2one	1
Renbp	ENSMUSG00000031387	ENSG00000102032	ortholog_one2one	1
Rep15	ENSMUSG00000040121	ENSG00000174236	ortholog_one2one	1
Repin1	ENSMUSG00000052751	ENSG00000214022	ortholog_one2one	1
Reps1	ENSMUSG00000019854	ENSG00000135597	ortholog_one2one	1
Reps2	ENSMUSG00000040855	ENSG00000169891	ortholog_one2one	1
Rer1	ENSMUSG00000029048	ENSG00000157916	ortholog_one2one	1
Rere	ENSMUSG00000039852	ENSG00000142599	ortholog_one2one	1
Rerg	ENSMUSG00000030222	ENSG00000134533	ortholog_one2one	1
Rergl	ENSMUSG00000092164	ENSG00000111404	ortholog_one2one	1
Rest	ENSMUSG00000029249	ENSG00000084093	ortholog_one2one	1
Ret	ENSMUSG00000030110	ENSG00000165731	ortholog_one2one	1
Retn	ENSMUSG00000012705	ENSG00000104918	ortholog_one2one	1
Retreg1	ENSMUSG00000022270	ENSG00000154153	ortholog_one2one	1
Retreg2	ENSMUSG00000049339	ENSG00000144567	ortholog_one2one	1
Retreg3	ENSMUSG00000017802	ENSG00000141699	ortholog_one2one	1
Retsat	ENSMUSG00000056666	ENSG00000042445	ortholog_one2one	1
Rev1	ENSMUSG00000026082	ENSG00000135945	ortholog_one2one	1
Rev3l	ENSMUSG00000019841	ENSG00000009413	ortholog_one2one	1
Rex1bd	ENSMUSG00000058833	ENSG00000006015	ortholog_one2one	1
Rexo1	ENSMUSG00000047417	ENSG00000079313	ortholog_one2one	1
Rexo2	ENSMUSG00000032026	ENSG00000076043	ortholog_one2one	1
Rexo4	ENSMUSG00000052406	ENSG00000148300	ortholog_one2one	1
Rexo5	ENSMUSG00000030924	ENSG00000005189	ortholog_one2one	1
Rfc1	ENSMUSG00000029191	ENSG00000035928	ortholog_one2one	1
Rfc2	ENSMUSG00000023104	ENSG00000049541	ortholog_one2one	1
Rfc3	ENSMUSG00000033970	ENSG00000133119	ortholog_one2one	1
Rfc4	ENSMUSG00000022881	ENSG00000163918	ortholog_one2one	1
Rfc5	ENSMUSG00000029363	ENSG00000111445	ortholog_one2one	1
Rfesd	ENSMUSG00000043190	ENSG00000175449	ortholog_one2one	1
Rffl	ENSMUSG00000020696	ENSG00000092871	ortholog_one2one	1
Rfk	ENSMUSG00000024712	ENSG00000135002	ortholog_one2one	1
Rflna	ENSMUSG00000037962	ENSG00000178882	ortholog_one2one	1
Rfng	ENSMUSG00000025158	ENSG00000169733	ortholog_one2one	1
Rft1	ENSMUSG00000052395	ENSG00000163933	ortholog_one2one	1
Rftn1	ENSMUSG00000039316	ENSG00000131378	ortholog_one2one	1
Rftn2	ENSMUSG00000025978	ENSG00000162944	ortholog_one2one	1
Rfwd3	ENSMUSG00000033596	ENSG00000168411	ortholog_one2one	1
Rfx1	ENSMUSG00000031706	ENSG00000132005	ortholog_one2one	1
Rfx2	ENSMUSG00000024206	ENSG00000087903	ortholog_one2one	1
Rfx3	ENSMUSG00000040929	ENSG00000080298	ortholog_one2one	1
Rfx4	ENSMUSG00000020037	ENSG00000111783	ortholog_one2one	1
Rfx5	ENSMUSG00000005774	ENSG00000143390	ortholog_one2one	1
Rfx6	ENSMUSG00000019900	ENSG00000185002	ortholog_one2one	1
Rfx7	ENSMUSG00000037674	ENSG00000181827	ortholog_one2one	1
Rfx8	ENSMUSG00000057173	ENSG00000196460	ortholog_one2one	1
Rfxank	ENSMUSG00000036120	ENSG00000064490	ortholog_one2one	1
Rfxap	ENSMUSG00000036615	ENSG00000133111	ortholog_one2one	1
Rgcc	ENSMUSG00000022018	ENSG00000102760	ortholog_one2one	1
Rgl1	ENSMUSG00000026482	ENSG00000143344	ortholog_one2one	1
Rgl2	ENSMUSG00000041354	ENSG00000237441	ortholog_one2one	1
Rgl3	ENSMUSG00000040146	ENSG00000205517	ortholog_one2one	1
Rgma	ENSMUSG00000070509	ENSG00000182175	ortholog_one2one	1
Rgmb	ENSMUSG00000048027	ENSG00000174136	ortholog_one2one	1
Rgn	ENSMUSG00000023070	ENSG00000130988	ortholog_one2one	1
Rgp1	ENSMUSG00000028468	ENSG00000107185	ortholog_one2one	1
Rgr	ENSMUSG00000021804	ENSG00000148604	ortholog_one2one	1
Rgs1	ENSMUSG00000026358	ENSG00000090104	ortholog_one2one	1
Rgs10	ENSMUSG00000030844	ENSG00000148908	ortholog_one2one	1
Rgs11	ENSMUSG00000024186	ENSG00000076344	ortholog_one2one	1
Rgs12	ENSMUSG00000029101	ENSG00000159788	ortholog_one2one	1
Rgs13	ENSMUSG00000051079	ENSG00000127074	ortholog_one2one	1
Rgs14	ENSMUSG00000052087	ENSG00000169220	ortholog_one2one	1
Rgs16	ENSMUSG00000026475	ENSG00000143333	ortholog_one2one	1
Rgs17	ENSMUSG00000019775	ENSG00000091844	ortholog_one2one	1
Rgs18	ENSMUSG00000026357	ENSG00000150681	ortholog_one2one	1
Rgs19	ENSMUSG00000002458	ENSG00000171700	ortholog_one2one	1
Rgs2	ENSMUSG00000026360	ENSG00000116741	ortholog_one2one	1
Rgs20	ENSMUSG00000002459	ENSG00000147509	ortholog_one2one	1
Rgs21	ENSMUSG00000098509	ENSG00000253148	ortholog_one2one	1
Rgs22	ENSMUSG00000037627	ENSG00000132554	ortholog_one2one	1
Rgs3	ENSMUSG00000059810	ENSG00000138835	ortholog_one2one	1
Rgs4	ENSMUSG00000038530	ENSG00000117152	ortholog_one2one	1
Rgs5	ENSMUSG00000026678	ENSG00000143248	ortholog_one2one	1
Rgs6	ENSMUSG00000021219	ENSG00000182732	ortholog_one2one	1
Rgs7	ENSMUSG00000026527	ENSG00000182901	ortholog_one2one	1
Rgs7bp	ENSMUSG00000021719	ENSG00000186479	ortholog_one2one	1
Rgs8	ENSMUSG00000042671	ENSG00000135824	ortholog_one2one	1
Rgs9	ENSMUSG00000020599	ENSG00000108370	ortholog_one2one	1
Rgs9bp	ENSMUSG00000056043	ENSG00000186326	ortholog_one2one	1
Rgsl1	ENSMUSG00000042641	ENSG00000121446	ortholog_one2one	1
Rhag	ENSMUSG00000023926	ENSG00000112077	ortholog_one2one	1
Rhbdd1	ENSMUSG00000026142	ENSG00000144468	ortholog_one2one	1
Rhbdd2	ENSMUSG00000039917	ENSG00000005486	ortholog_one2one	1
Rhbdd3	ENSMUSG00000034175	ENSG00000100263	ortholog_one2one	1
Rhbdf1	ENSMUSG00000020282	ENSG00000007384	ortholog_one2one	1
Rhbdf2	ENSMUSG00000020806	ENSG00000129667	ortholog_one2one	1
Rhbdl1	ENSMUSG00000025735	ENSG00000103269	ortholog_one2one	1
Rhbdl2	ENSMUSG00000043333	ENSG00000158315	ortholog_one2one	1
Rhbdl3	ENSMUSG00000017692	ENSG00000141314	ortholog_one2one	1
Rhbg	ENSMUSG00000104445	ENSG00000132677	ortholog_one2one	1
Rhcg	ENSMUSG00000030549	ENSG00000140519	ortholog_one2one	1
Rheb	ENSMUSG00000028945	ENSG00000106615	ortholog_one2one	1
Rhebl1	ENSMUSG00000023755	ENSG00000167550	ortholog_one2one	1
Rhno1	ENSMUSG00000048668	ENSG00000171792	ortholog_one2one	1
Rho	ENSMUSG00000030324	ENSG00000163914	ortholog_one2one	1
Rhoa	ENSMUSG00000007815	ENSG00000067560	ortholog_one2one	1
Rhob	ENSMUSG00000054364	ENSG00000143878	ortholog_one2one	1
Rhobtb1	ENSMUSG00000019944	ENSG00000072422	ortholog_one2one	1
Rhobtb2	ENSMUSG00000022075	ENSG00000008853	ortholog_one2one	1
Rhobtb3	ENSMUSG00000021589	ENSG00000164292	ortholog_one2one	1
Rhoc	ENSMUSG00000002233	ENSG00000155366	ortholog_one2one	1
Rhod	ENSMUSG00000041845	ENSG00000173156	ortholog_one2one	1
Rhof	ENSMUSG00000029449	ENSG00000139725	ortholog_one2one	1
Rhog	ENSMUSG00000073982	ENSG00000177105	ortholog_one2one	1
Rhoh	ENSMUSG00000029204	ENSG00000168421	ortholog_one2one	1
Rhoj	ENSMUSG00000046768	ENSG00000126785	ortholog_one2one	1
Rhoq	ENSMUSG00000024143	ENSG00000119729	ortholog_one2one	1
Rhot1	ENSMUSG00000017686	ENSG00000126858	ortholog_one2one	1
Rhot2	ENSMUSG00000025733	ENSG00000140983	ortholog_one2one	1
Rhou	ENSMUSG00000039960	ENSG00000116574	ortholog_one2one	1
Rhov	ENSMUSG00000034226	ENSG00000104140	ortholog_one2one	1
Rhpn1	ENSMUSG00000022580	ENSG00000158106	ortholog_one2one	1
Rhpn2	ENSMUSG00000030494	ENSG00000131941	ortholog_one2one	1
Ribc1	ENSMUSG00000025257	ENSG00000158423	ortholog_one2one	1
Ribc2	ENSMUSG00000022431	ENSG00000128408	ortholog_one2one	1
Ric1	ENSMUSG00000038658	ENSG00000107036	ortholog_one2one	1
Ric3	ENSMUSG00000048330	ENSG00000166405	ortholog_one2one	1
Ric8a	ENSMUSG00000025485	ENSG00000177963	ortholog_one2one	1
Ric8b	ENSMUSG00000035620	ENSG00000111785	ortholog_one2one	1
Rictor	ENSMUSG00000050310	ENSG00000164327	ortholog_one2one	1
Rida	ENSMUSG00000022323	ENSG00000132541	ortholog_one2one	1
Rif1	ENSMUSG00000036202	ENSG00000080345	ortholog_one2one	1
Rigi	ENSMUSG00000040296	ENSG00000107201	ortholog_one2one	1
Riiad1	ENSMUSG00000028139	ENSG00000178796	ortholog_one2one	1
Rilp	ENSMUSG00000038195	ENSG00000167705	ortholog_one2one	1
Rilpl1	ENSMUSG00000029392	ENSG00000188026	ortholog_one2one	1
Rilpl2	ENSMUSG00000029401	ENSG00000150977	ortholog_one2one	1
Rimbp2	ENSMUSG00000029420	ENSG00000060709	ortholog_one2one	1
Rimkla	ENSMUSG00000048899	ENSG00000177181	ortholog_one2one	1
Rimklb	ENSMUSG00000040649	ENSG00000166532	ortholog_one2one	1
Rimoc1	ENSMUSG00000041935	ENSG00000205765	ortholog_one2one	1
Rims1	ENSMUSG00000041670	ENSG00000079841	ortholog_one2one	1
Rims2	ENSMUSG00000037386	ENSG00000176406	ortholog_one2one	1
Rims3	ENSMUSG00000032890	ENSG00000117016	ortholog_one2one	1
Rims4	ENSMUSG00000035226	ENSG00000101098	ortholog_one2one	1
Rin1	ENSMUSG00000024883	ENSG00000174791	ortholog_one2one	1
Rin2	ENSMUSG00000001768	ENSG00000132669	ortholog_one2one	1
Rin3	ENSMUSG00000044456	ENSG00000100599	ortholog_one2one	1
Ring1	ENSMUSG00000024325	ENSG00000204227	ortholog_one2one	1
Rinl	ENSMUSG00000051735	ENSG00000187994	ortholog_one2one	1
Rint1	ENSMUSG00000028999	ENSG00000135249	ortholog_one2one	1
Riok1	ENSMUSG00000021428	ENSG00000124784	ortholog_one2one	1
Riok2	ENSMUSG00000116564	ENSG00000058729	ortholog_one2one	1
Riok3	ENSMUSG00000024404	ENSG00000101782	ortholog_one2one	1
Riox1	ENSMUSG00000046791	ENSG00000170468	ortholog_one2one	1
Riox2	ENSMUSG00000022724	ENSG00000170854	ortholog_one2one	1
Ripk1	ENSMUSG00000021408	ENSG00000137275	ortholog_one2one	1
Ripk2	ENSMUSG00000041135	ENSG00000104312	ortholog_one2one	1
Ripk3	ENSMUSG00000022221	ENSG00000129465	ortholog_one2one	1
Ripk4	ENSMUSG00000005251	ENSG00000183421	ortholog_one2one	1
Ripor1	ENSMUSG00000038604	ENSG00000039523	ortholog_one2one	1
Ripor2	ENSMUSG00000036006	ENSG00000111913	ortholog_one2one	1
Ripor3	ENSMUSG00000074577	ENSG00000042062	ortholog_one2one	1
Ripply2	ENSMUSG00000047897	ENSG00000203877	ortholog_one2one	1
Ripply3	ENSMUSG00000022941	ENSG00000183145	ortholog_one2one	1
Rit1	ENSMUSG00000028057	ENSG00000143622	ortholog_one2one	1
Rit2	ENSMUSG00000057455	ENSG00000152214	ortholog_one2one	1
Rita1	ENSMUSG00000029600	ENSG00000139405	ortholog_one2one	1
Rlbp1	ENSMUSG00000039194	ENSG00000140522	ortholog_one2one	1
Rlf	ENSMUSG00000049878	ENSG00000117000	ortholog_one2one	1
Rlig1	ENSMUSG00000046567	ENSG00000133641	ortholog_one2one	1
Rlim	ENSMUSG00000056537	ENSG00000131263	ortholog_one2one	1
Rln3	ENSMUSG00000045232	ENSG00000171136	ortholog_one2one	1
Rmc1	ENSMUSG00000024410	ENSG00000141452	ortholog_one2one	1
Rmdn1	ENSMUSG00000028229	ENSG00000176623	ortholog_one2one	1
Rmdn2	ENSMUSG00000036368	ENSG00000115841	ortholog_one2one	1
Rmdn3	ENSMUSG00000070730	ENSG00000137824	ortholog_one2one	1
Rmi1	ENSMUSG00000035367	ENSG00000178966	ortholog_one2one	1
Rmi2	ENSMUSG00000037991	ENSG00000175643	ortholog_one2one	1
Rmnd1	ENSMUSG00000019763	ENSG00000155906	ortholog_one2one	1
Rmnd5a	ENSMUSG00000002222	ENSG00000153561	ortholog_one2one	1
Rmnd5b	ENSMUSG00000001054	ENSG00000145916	ortholog_one2one	1
Rn7s1	ENSMUSG00000118866	ENSG00000276168	ortholog_one2one	1
Rnase1	ENSMUSG00000035896	ENSG00000129538	ortholog_one2one	1
Rnase10	ENSMUSG00000021872	ENSG00000182545	ortholog_one2one	1
Rnase12	ENSMUSG00000068407	ENSG00000258436	ortholog_one2one	1
Rnase13	ENSMUSG00000068392	ENSG00000206150	ortholog_one2one	1
Rnase4	ENSMUSG00000021876	ENSG00000258818	ortholog_one2one	1
Rnase6	ENSMUSG00000021880	ENSG00000169413	ortholog_one2one	1
Rnaseh1	ENSMUSG00000020630	ENSG00000171865	ortholog_one2one	1
Rnaseh2a	ENSMUSG00000052926	ENSG00000104889	ortholog_one2one	1
Rnaseh2b	ENSMUSG00000021932	ENSG00000136104	ortholog_one2one	1
Rnaseh2c	ENSMUSG00000024925	ENSG00000172922	ortholog_one2one	1
Rnasek	ENSMUSG00000093989	ENSG00000219200	ortholog_one2one	1
Rnasel	ENSMUSG00000066800	ENSG00000135828	ortholog_one2one	1
Rnd1	ENSMUSG00000054855	ENSG00000172602	ortholog_one2one	1
Rnd2	ENSMUSG00000001313	ENSG00000108830	ortholog_one2one	1
Rnd3	ENSMUSG00000017144	ENSG00000115963	ortholog_one2one	1
Rnf10	ENSMUSG00000041740	ENSG00000022840	ortholog_one2one	1
Rnf103	ENSMUSG00000052656	ENSG00000239305	ortholog_one2one	1
Rnf111	ENSMUSG00000032217	ENSG00000157450	ortholog_one2one	1
Rnf112	ENSMUSG00000010086	ENSG00000128482	ortholog_one2one	1
Rnf113a1	ENSMUSG00000036537	ENSG00000139797	ortholog_one2one	1
Rnf114	ENSMUSG00000006418	ENSG00000124226	ortholog_one2one	1
Rnf115	ENSMUSG00000028098	ENSG00000265491	ortholog_one2one	1
Rnf121	ENSMUSG00000070426	ENSG00000137522	ortholog_one2one	1
Rnf122	ENSMUSG00000039328	ENSG00000133874	ortholog_one2one	1
Rnf123	ENSMUSG00000041528	ENSG00000164068	ortholog_one2one	1
Rnf125	ENSMUSG00000033107	ENSG00000101695	ortholog_one2one	1
Rnf126	ENSMUSG00000035890	ENSG00000070423	ortholog_one2one	1
Rnf128	ENSMUSG00000031438	ENSG00000133135	ortholog_one2one	1
Rnf13	ENSMUSG00000036503	ENSG00000082996	ortholog_one2one	1
Rnf130	ENSMUSG00000020376	ENSG00000113269	ortholog_one2one	1
Rnf133	ENSMUSG00000051956	ENSG00000188050	ortholog_one2one	1
Rnf138	ENSMUSG00000024317	ENSG00000134758	ortholog_one2one	1
Rnf139	ENSMUSG00000037075	ENSG00000170881	ortholog_one2one	1
Rnf14	ENSMUSG00000060450	ENSG00000013561	ortholog_one2one	1
Rnf141	ENSMUSG00000030788	ENSG00000110315	ortholog_one2one	1
Rnf144a	ENSMUSG00000020642	ENSG00000151692	ortholog_one2one	1
Rnf144b	ENSMUSG00000038068	ENSG00000137393	ortholog_one2one	1
Rnf145	ENSMUSG00000019189	ENSG00000145860	ortholog_one2one	1
Rnf146	ENSMUSG00000038876	ENSG00000118518	ortholog_one2one	1
Rnf148	ENSMUSG00000078179	ENSG00000235631	ortholog_one2one	1
Rnf149	ENSMUSG00000048234	ENSG00000163162	ortholog_one2one	1
Rnf150	ENSMUSG00000047747	ENSG00000170153	ortholog_one2one	1
Rnf151	ENSMUSG00000008482	ENSG00000179580	ortholog_one2one	1
Rnf152	ENSMUSG00000047496	ENSG00000176641	ortholog_one2one	1
Rnf157	ENSMUSG00000052949	ENSG00000141576	ortholog_one2one	1
Rnf166	ENSMUSG00000014470	ENSG00000158717	ortholog_one2one	1
Rnf167	ENSMUSG00000040746	ENSG00000108523	ortholog_one2one	1
Rnf168	ENSMUSG00000014074	ENSG00000163961	ortholog_one2one	1
Rnf169	ENSMUSG00000058761	ENSG00000166439	ortholog_one2one	1
Rnf17	ENSMUSG00000000365	ENSG00000132972	ortholog_one2one	1
Rnf170	ENSMUSG00000013878	ENSG00000120925	ortholog_one2one	1
Rnf180	ENSMUSG00000021720	ENSG00000164197	ortholog_one2one	1
Rnf181	ENSMUSG00000055850	ENSG00000168894	ortholog_one2one	1
Rnf182	ENSMUSG00000044164	ENSG00000180537	ortholog_one2one	1
Rnf183	ENSMUSG00000063851	ENSG00000165188	ortholog_one2one	1
Rnf185	ENSMUSG00000020448	ENSG00000138942	ortholog_one2one	1
Rnf186	ENSMUSG00000070661	ENSG00000178828	ortholog_one2one	1
Rnf19b	ENSMUSG00000028793	ENSG00000116514	ortholog_one2one	1
Rnf2	ENSMUSG00000026484	ENSG00000121481	ortholog_one2one	1
Rnf20	ENSMUSG00000028309	ENSG00000155827	ortholog_one2one	1
Rnf207	ENSMUSG00000058498	ENSG00000158286	ortholog_one2one	1
Rnf208	ENSMUSG00000044628	ENSG00000212864	ortholog_one2one	1
Rnf212b	ENSMUSG00000112858	ENSG00000215277	ortholog_one2one	1
Rnf213	ENSMUSG00000070327	ENSG00000173821	ortholog_one2one	1
Rnf214	ENSMUSG00000042790	ENSG00000167257	ortholog_one2one	1
Rnf215	ENSMUSG00000003581	ENSG00000099999	ortholog_one2one	1
Rnf216	ENSMUSG00000045078	ENSG00000011275	ortholog_one2one	1
Rnf217	ENSMUSG00000063760	ENSG00000146373	ortholog_one2one	1
Rnf220	ENSMUSG00000028677	ENSG00000187147	ortholog_one2one	1
Rnf222	ENSMUSG00000046490	ENSG00000189051	ortholog_one2one	1
Rnf223	ENSMUSG00000110404	ENSG00000237330	ortholog_one2one	1
Rnf224	ENSMUSG00000089953	ENSG00000233198	ortholog_one2one	1
Rnf225	ENSMUSG00000033967	ENSG00000269855	ortholog_one2one	1
Rnf227	ENSMUSG00000043419	ENSG00000179859	ortholog_one2one	1
Rnf24	ENSMUSG00000048911	ENSG00000101236	ortholog_one2one	1
Rnf25	ENSMUSG00000026171	ENSG00000163481	ortholog_one2one	1
Rnf31	ENSMUSG00000047098	ENSG00000092098	ortholog_one2one	1
Rnf32	ENSMUSG00000029130	ENSG00000105982	ortholog_one2one	1
Rnf34	ENSMUSG00000029474	ENSG00000170633	ortholog_one2one	1
Rnf38	ENSMUSG00000035696	ENSG00000137075	ortholog_one2one	1
Rnf39	ENSMUSG00000036492	ENSG00000204618	ortholog_one2one	1
Rnf4	ENSMUSG00000029110	ENSG00000063978	ortholog_one2one	1
Rnf40	ENSMUSG00000030816	ENSG00000103549	ortholog_one2one	1
Rnf41	ENSMUSG00000025373	ENSG00000181852	ortholog_one2one	1
Rnf43	ENSMUSG00000034177	ENSG00000108375	ortholog_one2one	1
Rnf44	ENSMUSG00000034928	ENSG00000146083	ortholog_one2one	1
Rnf5	ENSMUSG00000015478	ENSG00000204308	ortholog_one2one	1
Rnf6	ENSMUSG00000029634	ENSG00000127870	ortholog_one2one	1
Rnf8	ENSMUSG00000090083	ENSG00000112130	ortholog_one2one	1
Rnft1	ENSMUSG00000020521	ENSG00000189050	ortholog_one2one	1
Rnft2	ENSMUSG00000032850	ENSG00000135119	ortholog_one2one	1
Rngtt	ENSMUSG00000028274	ENSG00000111880	ortholog_one2one	1
Rnh1	ENSMUSG00000038650	ENSG00000023191	ortholog_one2one	1
Rnls	ENSMUSG00000071573	ENSG00000184719	ortholog_one2one	1
Rnmt	ENSMUSG00000009535	ENSG00000101654	ortholog_one2one	1
Rnpc3	ENSMUSG00000027981	ENSG00000185946	ortholog_one2one	1
Rnpep	ENSMUSG00000041926	ENSG00000176393	ortholog_one2one	1
Rnpepl1	ENSMUSG00000026269	ENSG00000142327	ortholog_one2one	1
Rnps1	ENSMUSG00000034681	ENSG00000205937	ortholog_one2one	1
Ro60	ENSMUSG00000018199	ENSG00000116747	ortholog_one2one	1
Robo1	ENSMUSG00000022883	ENSG00000169855	ortholog_one2one	1
Robo2	ENSMUSG00000052516	ENSG00000185008	ortholog_one2one	1
Robo3	ENSMUSG00000032128	ENSG00000154134	ortholog_one2one	1
Robo4	ENSMUSG00000032125	ENSG00000154133	ortholog_one2one	1
Rock1	ENSMUSG00000024290	ENSG00000067900	ortholog_one2one	1
Rock2	ENSMUSG00000020580	ENSG00000134318	ortholog_one2one	1
Rogdi	ENSMUSG00000022540	ENSG00000067836	ortholog_one2one	1
Rom1	ENSMUSG00000071648	ENSG00000149489	ortholog_one2one	1
Romo1	ENSMUSG00000067847	ENSG00000125995	ortholog_one2one	1
Ropn1l	ENSMUSG00000022236	ENSG00000145491	ortholog_one2one	1
Ror1	ENSMUSG00000035305	ENSG00000185483	ortholog_one2one	1
Ror2	ENSMUSG00000021464	ENSG00000169071	ortholog_one2one	1
Rora	ENSMUSG00000032238	ENSG00000069667	ortholog_one2one	1
Rorb	ENSMUSG00000036192	ENSG00000198963	ortholog_one2one	1
Rorc	ENSMUSG00000028150	ENSG00000143365	ortholog_one2one	1
Ros1	ENSMUSG00000019893	ENSG00000047936	ortholog_one2one	1
Rp1	ENSMUSG00000025900	ENSG00000104237	ortholog_one2one	1
Rp2	ENSMUSG00000060090	ENSG00000102218	ortholog_one2one	1
Rp9	ENSMUSG00000032239	ENSG00000164610	ortholog_one2one	1
Rpa1	ENSMUSG00000000751	ENSG00000132383	ortholog_one2one	1
Rpa2	ENSMUSG00000028884	ENSG00000117748	ortholog_one2one	1
Rpa3	ENSMUSG00000012483	ENSG00000106399	ortholog_one2one	1
Rpain	ENSMUSG00000018449	ENSG00000129197	ortholog_one2one	1
Rpap1	ENSMUSG00000034032	ENSG00000103932	ortholog_one2one	1
Rpap2	ENSMUSG00000033773	ENSG00000122484	ortholog_one2one	1
Rpap3	ENSMUSG00000022466	ENSG00000005175	ortholog_one2one	1
Rpe65	ENSMUSG00000028174	ENSG00000116745	ortholog_one2one	1
Rpf1	ENSMUSG00000028187	ENSG00000117133	ortholog_one2one	1
Rpf2	ENSMUSG00000038510	ENSG00000197498	ortholog_one2one	1
Rpgrip1	ENSMUSG00000057132	ENSG00000092200	ortholog_one2one	1
Rpgrip1l	ENSMUSG00000033282	ENSG00000103494	ortholog_one2one	1
Rph3a	ENSMUSG00000029608	ENSG00000089169	ortholog_one2one	1
Rph3al	ENSMUSG00000020847	ENSG00000181031	ortholog_one2one	1
Rpia	ENSMUSG00000053604	ENSG00000153574	ortholog_one2one	1
Rpl10a	ENSMUSG00000037805	ENSG00000198755	ortholog_one2one	1
Rpl10l	ENSMUSG00000060499	ENSG00000165496	ortholog_one2one	1
Rpl11	ENSMUSG00000059291	ENSG00000142676	ortholog_one2one	1
Rpl12	ENSMUSG00000038900	ENSG00000197958	ortholog_one2one	1
Rpl13	ENSMUSG00000000740	ENSG00000167526	ortholog_one2one	1
Rpl13a	ENSMUSG00000074129	ENSG00000142541	ortholog_one2one	1
Rpl14	ENSMUSG00000025794	ENSG00000188846	ortholog_one2one	1
Rpl15	ENSMUSG00000012405	ENSG00000174748	ortholog_one2one	1
Rpl18	ENSMUSG00000059070	ENSG00000063177	ortholog_one2one	1
Rpl18a	ENSMUSG00000045128	ENSG00000105640	ortholog_one2one	1
Rpl19	ENSMUSG00000017404	ENSG00000108298	ortholog_one2one	1
Rpl22	ENSMUSG00000028936	ENSG00000116251	ortholog_one2one	1
Rpl22l1	ENSMUSG00000039221	ENSG00000163584	ortholog_one2one	1
Rpl23	ENSMUSG00000071415	ENSG00000125691	ortholog_one2one	1
Rpl23a	ENSMUSG00000058546	ENSG00000198242	ortholog_one2one	1
Rpl24	ENSMUSG00000098274	ENSG00000114391	ortholog_one2one	1
Rpl27	ENSMUSG00000063316	ENSG00000131469	ortholog_one2one	1
Rpl28	ENSMUSG00000030432	ENSG00000108107	ortholog_one2one	1
Rpl3	ENSMUSG00000060036	ENSG00000100316	ortholog_one2one	1
Rpl30	ENSMUSG00000058600	ENSG00000156482	ortholog_one2one	1
Rpl31	ENSMUSG00000073702	ENSG00000071082	ortholog_one2one	1
Rpl32	ENSMUSG00000057841	ENSG00000144713	ortholog_one2one	1
Rpl34	ENSMUSG00000062006	ENSG00000109475	ortholog_one2one	1
Rpl35a	ENSMUSG00000060636	ENSG00000182899	ortholog_one2one	1
Rpl37	ENSMUSG00000041841	ENSG00000145592	ortholog_one2one	1
Rpl38	ENSMUSG00000057322	ENSG00000172809	ortholog_one2one	1
Rpl3l	ENSMUSG00000002500	ENSG00000140986	ortholog_one2one	1
Rpl4	ENSMUSG00000032399	ENSG00000174444	ortholog_one2one	1
Rpl6	ENSMUSG00000029614	ENSG00000089009	ortholog_one2one	1
Rpl7a	ENSMUSG00000062647	ENSG00000148303	ortholog_one2one	1
Rpl7l1	ENSMUSG00000063888	ENSG00000146223	ortholog_one2one	1
Rpl8	ENSMUSG00000003970	ENSG00000161016	ortholog_one2one	1
Rpn1	ENSMUSG00000030062	ENSG00000163902	ortholog_one2one	1
Rpn2	ENSMUSG00000027642	ENSG00000118705	ortholog_one2one	1
Rpp14	ENSMUSG00000023156	ENSG00000163684	ortholog_one2one	1
Rpp21	ENSMUSG00000024446	ENSG00000241370	ortholog_one2one	1
Rpp25	ENSMUSG00000062309	ENSG00000178718	ortholog_one2one	1
Rpp25l	ENSMUSG00000036114	ENSG00000164967	ortholog_one2one	1
Rpp30	ENSMUSG00000024800	ENSG00000148688	ortholog_one2one	1
Rpp38	ENSMUSG00000049950	ENSG00000152464	ortholog_one2one	1
Rpp40	ENSMUSG00000021418	ENSG00000124787	ortholog_one2one	1
Rprd1a	ENSMUSG00000040446	ENSG00000141425	ortholog_one2one	1
Rprd1b	ENSMUSG00000027651	ENSG00000101413	ortholog_one2one	1
Rprd2	ENSMUSG00000028106	ENSG00000163125	ortholog_one2one	1
Rprm	ENSMUSG00000075334	ENSG00000177519	ortholog_one2one	1
Rprml	ENSMUSG00000046215	ENSG00000179673	ortholog_one2one	1
Rps10	ENSMUSG00000052146	ENSG00000124614	ortholog_one2one	1
Rps11	ENSMUSG00000003429	ENSG00000142534	ortholog_one2one	1
Rps12	ENSMUSG00000061983	ENSG00000112306	ortholog_one2one	1
Rps13	ENSMUSG00000090862	ENSG00000110700	ortholog_one2one	1
Rps14	ENSMUSG00000024608	ENSG00000164587	ortholog_one2one	1
Rps15	ENSMUSG00000063457	ENSG00000115268	ortholog_one2one	1
Rps15a	ENSMUSG00000008683	ENSG00000134419	ortholog_one2one	1
Rps16	ENSMUSG00000037563	ENSG00000105193	ortholog_one2one	1
Rps17	ENSMUSG00000061787	ENSG00000182774	ortholog_one2one	1
Rps18	ENSMUSG00000008668	ENSG00000231500	ortholog_one2one	1
Rps19	ENSMUSG00000040952	ENSG00000105372	ortholog_one2one	1
Rps19bp1	ENSMUSG00000051518	ENSG00000187051	ortholog_one2one	1
Rps21	ENSMUSG00000039001	ENSG00000171858	ortholog_one2one	1
Rps23	ENSMUSG00000049517	ENSG00000186468	ortholog_one2one	1
Rps24	ENSMUSG00000025290	ENSG00000138326	ortholog_one2one	1
Rps25	ENSMUSG00000009927	ENSG00000118181	ortholog_one2one	1
Rps27a	ENSMUSG00000020460	ENSG00000143947	ortholog_one2one	1
Rps27l	ENSMUSG00000036781	ENSG00000185088	ortholog_one2one	1
Rps28	ENSMUSG00000067288	ENSG00000233927	ortholog_one2one	1
Rps3	ENSMUSG00000030744	ENSG00000149273	ortholog_one2one	1
Rps3a1	ENSMUSG00000028081	ENSG00000145425	ortholog_one2one	1
Rps4x	ENSMUSG00000031320	ENSG00000198034	ortholog_one2one	1
Rps5	ENSMUSG00000012848	ENSG00000083845	ortholog_one2one	1
Rps6ka1	ENSMUSG00000003644	ENSG00000117676	ortholog_one2one	1
Rps6ka2	ENSMUSG00000023809	ENSG00000071242	ortholog_one2one	1
Rps6ka3	ENSMUSG00000031309	ENSG00000177189	ortholog_one2one	1
Rps6ka4	ENSMUSG00000118668	ENSG00000162302	ortholog_one2one	1
Rps6ka5	ENSMUSG00000021180	ENSG00000100784	ortholog_one2one	1
Rps6ka6	ENSMUSG00000025665	ENSG00000072133	ortholog_one2one	1
Rps6kb1	ENSMUSG00000020516	ENSG00000108443	ortholog_one2one	1
Rps6kb2	ENSMUSG00000024830	ENSG00000175634	ortholog_one2one	1
Rps6kc1	ENSMUSG00000089872	ENSG00000136643	ortholog_one2one	1
Rps6kl1	ENSMUSG00000019235	ENSG00000198208	ortholog_one2one	1
Rps7	ENSMUSG00000061477	ENSG00000171863	ortholog_one2one	1
Rps8	ENSMUSG00000047675	ENSG00000142937	ortholog_one2one	1
Rps9	ENSMUSG00000006333	ENSG00000170889	ortholog_one2one	1
Rptor	ENSMUSG00000025583	ENSG00000141564	ortholog_one2one	1
Rpusd1	ENSMUSG00000041199	ENSG00000007376	ortholog_one2one	1
Rpusd2	ENSMUSG00000027324	ENSG00000166133	ortholog_one2one	1
Rpusd3	ENSMUSG00000051169	ENSG00000156990	ortholog_one2one	1
Rpusd4	ENSMUSG00000032044	ENSG00000165526	ortholog_one2one	1
Rrad	ENSMUSG00000031880	ENSG00000166592	ortholog_one2one	1
Rraga	ENSMUSG00000070934	ENSG00000155876	ortholog_one2one	1
Rragb	ENSMUSG00000041658	ENSG00000083750	ortholog_one2one	1
Rragc	ENSMUSG00000028646	ENSG00000116954	ortholog_one2one	1
Rragd	ENSMUSG00000028278	ENSG00000025039	ortholog_one2one	1
Rras	ENSMUSG00000038387	ENSG00000126458	ortholog_one2one	1
Rras2	ENSMUSG00000055723	ENSG00000133818	ortholog_one2one	1
Rrbp1	ENSMUSG00000027422	ENSG00000125844	ortholog_one2one	1
Rreb1	ENSMUSG00000039087	ENSG00000124782	ortholog_one2one	1
Rrh	ENSMUSG00000028012	ENSG00000180245	ortholog_one2one	1
Rrm1	ENSMUSG00000030978	ENSG00000167325	ortholog_one2one	1
Rrm2	ENSMUSG00000020649	ENSG00000171848	ortholog_one2one	1
Rrm2b	ENSMUSG00000022292	ENSG00000048392	ortholog_one2one	1
Rrn3	ENSMUSG00000022682	ENSG00000085721	ortholog_one2one	1
Rrp1	ENSMUSG00000061032	ENSG00000160214	ortholog_one2one	1
Rrp12	ENSMUSG00000035049	ENSG00000052749	ortholog_one2one	1
Rrp15	ENSMUSG00000001305	ENSG00000067533	ortholog_one2one	1
Rrp1b	ENSMUSG00000058392	ENSG00000160208	ortholog_one2one	1
Rrp36	ENSMUSG00000023971	ENSG00000124541	ortholog_one2one	1
Rrp7a	ENSMUSG00000018040	ENSG00000189306	ortholog_one2one	1
Rrp8	ENSMUSG00000030888	ENSG00000132275	ortholog_one2one	1
Rrp9	ENSMUSG00000041506	ENSG00000114767	ortholog_one2one	1
Rrs1	ENSMUSG00000061024	ENSG00000179041	ortholog_one2one	1
Rs1	ENSMUSG00000031293	ENSG00000102104	ortholog_one2one	1
Rsad1	ENSMUSG00000039096	ENSG00000136444	ortholog_one2one	1
Rsad2	ENSMUSG00000020641	ENSG00000134321	ortholog_one2one	1
Rsbn1	ENSMUSG00000044098	ENSG00000081019	ortholog_one2one	1
Rsbn1l	ENSMUSG00000039968	ENSG00000187257	ortholog_one2one	1
Rsf1	ENSMUSG00000035623	ENSG00000048649	ortholog_one2one	1
Rskr	ENSMUSG00000037593	ENSG00000167524	ortholog_one2one	1
Rsl1d1	ENSMUSG00000005846	ENSG00000171490	ortholog_one2one	1
Rsph1	ENSMUSG00000024033	ENSG00000160188	ortholog_one2one	1
Rsph14	ENSMUSG00000009070	ENSG00000100218	ortholog_one2one	1
Rsph4a	ENSMUSG00000039552	ENSG00000111834	ortholog_one2one	1
Rsph6a	ENSMUSG00000040866	ENSG00000104941	ortholog_one2one	1
Rsph9	ENSMUSG00000023966	ENSG00000172426	ortholog_one2one	1
Rspo1	ENSMUSG00000028871	ENSG00000169218	ortholog_one2one	1
Rspo2	ENSMUSG00000051920	ENSG00000147655	ortholog_one2one	1
Rspo3	ENSMUSG00000019880	ENSG00000146374	ortholog_one2one	1
Rspo4	ENSMUSG00000032852	ENSG00000101282	ortholog_one2one	1
Rspry1	ENSMUSG00000050079	ENSG00000159579	ortholog_one2one	1
Rsrc1	ENSMUSG00000034544	ENSG00000174891	ortholog_one2one	1
Rsrc2	ENSMUSG00000029422	ENSG00000111011	ortholog_one2one	1
Rsrp1	ENSMUSG00000037266	ENSG00000117616	ortholog_one2one	1
Rsu1	ENSMUSG00000026727	ENSG00000148484	ortholog_one2one	1
Rtbdn	ENSMUSG00000048617	ENSG00000132026	ortholog_one2one	1
Rtca	ENSMUSG00000000339	ENSG00000137996	ortholog_one2one	1
Rtcb	ENSMUSG00000001783	ENSG00000100220	ortholog_one2one	1
Rtel1	ENSMUSG00000038685	ENSG00000258366	ortholog_one2one	1
Rtf1	ENSMUSG00000027304	ENSG00000137815	ortholog_one2one	1
Rtf2	ENSMUSG00000027502	ENSG00000022277	ortholog_one2one	1
Rtkn	ENSMUSG00000034930	ENSG00000114993	ortholog_one2one	1
Rtkn2	ENSMUSG00000037846	ENSG00000182010	ortholog_one2one	1
Rtl3	ENSMUSG00000047686	ENSG00000179300	ortholog_one2one	1
Rtl4	ENSMUSG00000071679	ENSG00000187823	ortholog_one2one	1
Rtl5	ENSMUSG00000049191	ENSG00000242732	ortholog_one2one	1
Rtl6	ENSMUSG00000055745	ENSG00000188636	ortholog_one2one	1
Rtl9	ENSMUSG00000085584	ENSG00000243978	ortholog_one2one	1
Rtn1	ENSMUSG00000021087	ENSG00000139970	ortholog_one2one	1
Rtn2	ENSMUSG00000030401	ENSG00000125744	ortholog_one2one	1
Rtn3	ENSMUSG00000024758	ENSG00000133318	ortholog_one2one	1
Rtn4	ENSMUSG00000020458	ENSG00000115310	ortholog_one2one	1
Rtn4ip1	ENSMUSG00000019864	ENSG00000130347	ortholog_one2one	1
Rtn4r	ENSMUSG00000043811	ENSG00000040608	ortholog_one2one	1
Rtn4rl1	ENSMUSG00000045287	ENSG00000185924	ortholog_one2one	1
Rtn4rl2	ENSMUSG00000050896	ENSG00000186907	ortholog_one2one	1
Rtp1	ENSMUSG00000033383	ENSG00000175077	ortholog_one2one	1
Rtp2	ENSMUSG00000047531	ENSG00000198471	ortholog_one2one	1
Rtraf	ENSMUSG00000021807	ENSG00000087302	ortholog_one2one	1
Rttn	ENSMUSG00000023066	ENSG00000176225	ortholog_one2one	1
Rubcn	ENSMUSG00000035629	ENSG00000145016	ortholog_one2one	1
Rubcnl	ENSMUSG00000034959	ENSG00000102445	ortholog_one2one	1
Rufy1	ENSMUSG00000020375	ENSG00000176783	ortholog_one2one	1
Rufy2	ENSMUSG00000020070	ENSG00000204130	ortholog_one2one	1
Rufy3	ENSMUSG00000029291	ENSG00000018189	ortholog_one2one	1
Rufy4	ENSMUSG00000061815	ENSG00000188282	ortholog_one2one	1
Rundc1	ENSMUSG00000035007	ENSG00000198863	ortholog_one2one	1
Rundc3a	ENSMUSG00000006575	ENSG00000108309	ortholog_one2one	1
Rundc3b	ENSMUSG00000040570	ENSG00000105784	ortholog_one2one	1
Runx1	ENSMUSG00000022952	ENSG00000159216	ortholog_one2one	1
Runx1t1	ENSMUSG00000006586	ENSG00000079102	ortholog_one2one	1
Runx2	ENSMUSG00000039153	ENSG00000124813	ortholog_one2one	1
Runx3	ENSMUSG00000070691	ENSG00000020633	ortholog_one2one	1
Rusc1	ENSMUSG00000041263	ENSG00000160753	ortholog_one2one	1
Rusc2	ENSMUSG00000035969	ENSG00000198853	ortholog_one2one	1
Rusf1	ENSMUSG00000030780	ENSG00000140688	ortholog_one2one	1
Ruvbl1	ENSMUSG00000030079	ENSG00000175792	ortholog_one2one	1
Ruvbl2	ENSMUSG00000003868	ENSG00000183207	ortholog_one2one	1
Rwdd1	ENSMUSG00000019782	ENSG00000111832	ortholog_one2one	1
Rwdd2a	ENSMUSG00000032417	ENSG00000013392	ortholog_one2one	1
Rwdd2b	ENSMUSG00000041079	ENSG00000156253	ortholog_one2one	1
Rwdd3	ENSMUSG00000028133	ENSG00000122481	ortholog_one2one	1
Rwdd4a	ENSMUSG00000031568	ENSG00000182552	ortholog_one2one	1
Rxfp1	ENSMUSG00000034009	ENSG00000171509	ortholog_one2one	1
Rxfp2	ENSMUSG00000053368	ENSG00000133105	ortholog_one2one	1
Rxfp4	ENSMUSG00000049741	ENSG00000173080	ortholog_one2one	1
Rxra	ENSMUSG00000015846	ENSG00000186350	ortholog_one2one	1
Rxrb	ENSMUSG00000039656	ENSG00000204231	ortholog_one2one	1
Rxrg	ENSMUSG00000015843	ENSG00000143171	ortholog_one2one	1
Rxylt1	ENSMUSG00000034620	ENSG00000118600	ortholog_one2one	1
Rybp	ENSMUSG00000072872	ENSG00000163602	ortholog_one2one	1
Ryk	ENSMUSG00000032547	ENSG00000163785	ortholog_one2one	1
Ryr1	ENSMUSG00000030592	ENSG00000196218	ortholog_one2one	1
Ryr2	ENSMUSG00000021313	ENSG00000198626	ortholog_one2one	1
Ryr3	ENSMUSG00000057378	ENSG00000198838	ortholog_one2one	1
S100a1	ENSMUSG00000044080	ENSG00000160678	ortholog_one2one	1
S100a10	ENSMUSG00000041959	ENSG00000197747	ortholog_one2one	1
S100a11	ENSMUSG00000027907	ENSG00000163191	ortholog_one2one	1
S100a13	ENSMUSG00000042312	ENSG00000189171	ortholog_one2one	1
S100a14	ENSMUSG00000042306	ENSG00000189334	ortholog_one2one	1
S100a16	ENSMUSG00000074457	ENSG00000188643	ortholog_one2one	1
S100a3	ENSMUSG00000001021	ENSG00000188015	ortholog_one2one	1
S100a4	ENSMUSG00000001020	ENSG00000196154	ortholog_one2one	1
S100a5	ENSMUSG00000001023	ENSG00000196420	ortholog_one2one	1
S100a6	ENSMUSG00000001025	ENSG00000197956	ortholog_one2one	1
S100a8	ENSMUSG00000056054	ENSG00000143546	ortholog_one2one	1
S100b	ENSMUSG00000033208	ENSG00000160307	ortholog_one2one	1
S100g	ENSMUSG00000040808	ENSG00000169906	ortholog_one2one	1
S100pbp	ENSMUSG00000040928	ENSG00000116497	ortholog_one2one	1
S100z	ENSMUSG00000021679	ENSG00000171643	ortholog_one2one	1
S1pr1	ENSMUSG00000045092	ENSG00000170989	ortholog_one2one	1
S1pr2	ENSMUSG00000043895	ENSG00000267534	ortholog_one2one	1
S1pr3	ENSMUSG00000067586	ENSG00000213694	ortholog_one2one	1
S1pr4	ENSMUSG00000044199	ENSG00000125910	ortholog_one2one	1
S1pr5	ENSMUSG00000045087	ENSG00000180739	ortholog_one2one	1
SLC9C2	ENSMUSG00000121369	ENSG00000162753	ortholog_one2one	1
Saa4	ENSMUSG00000040017	ENSG00000148965	ortholog_one2one	1
Saal1	ENSMUSG00000006763	ENSG00000166788	ortholog_one2one	1
Sac3d1	ENSMUSG00000024790	ENSG00000168061	ortholog_one2one	1
Sacm1l	ENSMUSG00000025240	ENSG00000211456	ortholog_one2one	1
Sacs	ENSMUSG00000048279	ENSG00000151835	ortholog_one2one	1
Sae1	ENSMUSG00000052833	ENSG00000142230	ortholog_one2one	1
Safb	ENSMUSG00000071054	ENSG00000160633	ortholog_one2one	1
Safb2	ENSMUSG00000042625	ENSG00000130254	ortholog_one2one	1
Sag	ENSMUSG00000056055	ENSG00000130561	ortholog_one2one	1
Sall1	ENSMUSG00000031665	ENSG00000103449	ortholog_one2one	1
Sall2	ENSMUSG00000049532	ENSG00000165821	ortholog_one2one	1
Sall3	ENSMUSG00000024565	ENSG00000256463	ortholog_one2one	1
Sall4	ENSMUSG00000027547	ENSG00000101115	ortholog_one2one	1
Samd10	ENSMUSG00000038605	ENSG00000130590	ortholog_one2one	1
Samd12	ENSMUSG00000058656	ENSG00000177570	ortholog_one2one	1
Samd13	ENSMUSG00000048652	ENSG00000203943	ortholog_one2one	1
Samd14	ENSMUSG00000047181	ENSG00000167100	ortholog_one2one	1
Samd3	ENSMUSG00000051354	ENSG00000164483	ortholog_one2one	1
Samd4	ENSMUSG00000021838	ENSG00000020577	ortholog_one2one	1
Samd4b	ENSMUSG00000109336	ENSG00000179134	ortholog_one2one	1
Samd5	ENSMUSG00000060487	ENSG00000203727	ortholog_one2one	1
Samd7	ENSMUSG00000051860	ENSG00000187033	ortholog_one2one	1
Samd8	ENSMUSG00000021770	ENSG00000156671	ortholog_one2one	1
Samd9l	ENSMUSG00000047735	ENSG00000177409	ortholog_one2one	1
Samhd1	ENSMUSG00000027639	ENSG00000101347	ortholog_one2one	1
Samm50	ENSMUSG00000022437	ENSG00000100347	ortholog_one2one	1
Samsn1	ENSMUSG00000022876	ENSG00000155307	ortholog_one2one	1
Samtor	ENSMUSG00000042742	ENSG00000164603	ortholog_one2one	1
Sanbr	ENSMUSG00000042208	ENSG00000162929	ortholog_one2one	1
Sap130	ENSMUSG00000024260	ENSG00000136715	ortholog_one2one	1
Sap30	ENSMUSG00000031609	ENSG00000164105	ortholog_one2one	1
Sap30bp	ENSMUSG00000020755	ENSG00000161526	ortholog_one2one	1
Sap30l	ENSMUSG00000020519	ENSG00000164576	ortholog_one2one	1
Sapcd1	ENSMUSG00000036185	ENSG00000228727	ortholog_one2one	1
Sapcd2	ENSMUSG00000026955	ENSG00000186193	ortholog_one2one	1
Sar1a	ENSMUSG00000020088	ENSG00000079332	ortholog_one2one	1
Sar1b	ENSMUSG00000020386	ENSG00000152700	ortholog_one2one	1
Saraf	ENSMUSG00000031532	ENSG00000133872	ortholog_one2one	1
Sardh	ENSMUSG00000009614	ENSG00000123453	ortholog_one2one	1
Sarm1	ENSMUSG00000050132	ENSG00000004139	ortholog_one2one	1
Sarnp	ENSMUSG00000078427	ENSG00000205323	ortholog_one2one	1
Sars1	ENSMUSG00000068739	ENSG00000031698	ortholog_one2one	1
Sars2	ENSMUSG00000070699	ENSG00000104835	ortholog_one2one	1
Sart1	ENSMUSG00000039148	ENSG00000175467	ortholog_one2one	1
Sart3	ENSMUSG00000018974	ENSG00000075856	ortholog_one2one	1
Sash1	ENSMUSG00000015305	ENSG00000111961	ortholog_one2one	1
Sash3	ENSMUSG00000031101	ENSG00000122122	ortholog_one2one	1
Sass6	ENSMUSG00000027959	ENSG00000156876	ortholog_one2one	1
Sat1	ENSMUSG00000025283	ENSG00000130066	ortholog_one2one	1
Sat2	ENSMUSG00000069835	ENSG00000141504	ortholog_one2one	1
Satb1	ENSMUSG00000023927	ENSG00000182568	ortholog_one2one	1
Satb2	ENSMUSG00000038331	ENSG00000119042	ortholog_one2one	1
Sav1	ENSMUSG00000021067	ENSG00000151748	ortholog_one2one	1
Saxo2	ENSMUSG00000038570	ENSG00000188659	ortholog_one2one	1
Saxo4	ENSMUSG00000035179	ENSG00000162148	ortholog_one2one	1
Saxo5	ENSMUSG00000040340	ENSG00000198723	ortholog_one2one	1
Saysd1	ENSMUSG00000045107	ENSG00000112167	ortholog_one2one	1
Sbds	ENSMUSG00000025337	ENSG00000126524	ortholog_one2one	1
Sbf1	ENSMUSG00000036529	ENSG00000100241	ortholog_one2one	1
Sbf2	ENSMUSG00000038371	ENSG00000133812	ortholog_one2one	1
Sbk1	ENSMUSG00000042978	ENSG00000188322	ortholog_one2one	1
Sbk2	ENSMUSG00000030433	ENSG00000187550	ortholog_one2one	1
Sbk3	ENSMUSG00000085272	ENSG00000231274	ortholog_one2one	1
Sbno1	ENSMUSG00000038095	ENSG00000139697	ortholog_one2one	1
Sbno2	ENSMUSG00000035673	ENSG00000064932	ortholog_one2one	1
Sbspon	ENSMUSG00000032719	ENSG00000164764	ortholog_one2one	1
Sc5d	ENSMUSG00000032018	ENSG00000109929	ortholog_one2one	1
Scaf1	ENSMUSG00000038406	ENSG00000126461	ortholog_one2one	1
Scaf11	ENSMUSG00000033228	ENSG00000139218	ortholog_one2one	1
Scaf4	ENSMUSG00000022983	ENSG00000156304	ortholog_one2one	1
Scaf8	ENSMUSG00000046201	ENSG00000213079	ortholog_one2one	1
Scai	ENSMUSG00000035236	ENSG00000173611	ortholog_one2one	1
Scamp1	ENSMUSG00000021687	ENSG00000085365	ortholog_one2one	1
Scamp2	ENSMUSG00000040188	ENSG00000140497	ortholog_one2one	1
Scamp3	ENSMUSG00000028049	ENSG00000116521	ortholog_one2one	1
Scamp4	ENSMUSG00000113949	ENSG00000227500	ortholog_one2one	1
Scamp5	ENSMUSG00000040722	ENSG00000198794	ortholog_one2one	1
Scand1	ENSMUSG00000046229	ENSG00000171222	ortholog_one2one	1
Scap	ENSMUSG00000032485	ENSG00000114650	ortholog_one2one	1
Scaper	ENSMUSG00000034007	ENSG00000140386	ortholog_one2one	1
Scara3	ENSMUSG00000034463	ENSG00000168077	ortholog_one2one	1
Scara5	ENSMUSG00000022032	ENSG00000168079	ortholog_one2one	1
Scarb1	ENSMUSG00000037936	ENSG00000073060	ortholog_one2one	1
Scarb2	ENSMUSG00000029426	ENSG00000138760	ortholog_one2one	1
Scarf1	ENSMUSG00000038188	ENSG00000074660	ortholog_one2one	1
Scarf2	ENSMUSG00000012017	ENSG00000244486	ortholog_one2one	1
Scarna10	ENSMUSG00000089617	ENSG00000239002	ortholog_one2one	1
Scart1	ENSMUSG00000025461	ENSG00000214279	ortholog_one2one	1
Sccpdh	ENSMUSG00000038936	ENSG00000143653	ortholog_one2one	1
Scel	ENSMUSG00000022123	ENSG00000136155	ortholog_one2one	1
Scfd1	ENSMUSG00000020952	ENSG00000092108	ortholog_one2one	1
Scfd2	ENSMUSG00000062110	ENSG00000184178	ortholog_one2one	1
Scg2	ENSMUSG00000050711	ENSG00000171951	ortholog_one2one	1
Scg3	ENSMUSG00000032181	ENSG00000104112	ortholog_one2one	1
Scg5	ENSMUSG00000023236	ENSG00000166922	ortholog_one2one	1
Scgb1a1	ENSMUSG00000024653	ENSG00000149021	ortholog_one2one	1
Scgb3a1	ENSMUSG00000064057	ENSG00000161055	ortholog_one2one	1
Scgn	ENSMUSG00000021337	ENSG00000079689	ortholog_one2one	1
Schip1	ENSMUSG00000027777	ENSG00000151967	ortholog_one2one	1
Scimp	ENSMUSG00000057135	ENSG00000161929	ortholog_one2one	1
Scin	ENSMUSG00000002565	ENSG00000006747	ortholog_one2one	1
Sclt1	ENSMUSG00000059834	ENSG00000151466	ortholog_one2one	1
Scly	ENSMUSG00000026307	ENSG00000132330	ortholog_one2one	1
Scmh1	ENSMUSG00000000085	ENSG00000010803	ortholog_one2one	1
Scml4	ENSMUSG00000044770	ENSG00000146285	ortholog_one2one	1
Scn10a	ENSMUSG00000034533	ENSG00000185313	ortholog_one2one	1
Scn11a	ENSMUSG00000034115	ENSG00000168356	ortholog_one2one	1
Scn1a	ENSMUSG00000064329	ENSG00000144285	ortholog_one2one	1
Scn1b	ENSMUSG00000019194	ENSG00000105711	ortholog_one2one	1
Scn2a	ENSMUSG00000075318	ENSG00000136531	ortholog_one2one	1
Scn2b	ENSMUSG00000070304	ENSG00000149575	ortholog_one2one	1
Scn3a	ENSMUSG00000057182	ENSG00000153253	ortholog_one2one	1
Scn3b	ENSMUSG00000049281	ENSG00000166257	ortholog_one2one	1
Scn4a	ENSMUSG00000001027	ENSG00000007314	ortholog_one2one	1
Scn4b	ENSMUSG00000046480	ENSG00000177098	ortholog_one2one	1
Scn5a	ENSMUSG00000032511	ENSG00000183873	ortholog_one2one	1
Scn7a	ENSMUSG00000034810	ENSG00000136546	ortholog_one2one	1
Scn8a	ENSMUSG00000023033	ENSG00000196876	ortholog_one2one	1
Scn9a	ENSMUSG00000075316	ENSG00000169432	ortholog_one2one	1
Scnm1	ENSMUSG00000092607	ENSG00000163156	ortholog_one2one	1
Scnn1a	ENSMUSG00000030340	ENSG00000111319	ortholog_one2one	1
Scnn1b	ENSMUSG00000030873	ENSG00000168447	ortholog_one2one	1
Scnn1g	ENSMUSG00000000216	ENSG00000166828	ortholog_one2one	1
Sco1	ENSMUSG00000069844	ENSG00000133028	ortholog_one2one	1
Sco2	ENSMUSG00000091780	ENSG00000284194	ortholog_one2one	1
Scoc	ENSMUSG00000063253	ENSG00000153130	ortholog_one2one	1
Scp2	ENSMUSG00000028603	ENSG00000116171	ortholog_one2one	1
Scp2d1	ENSMUSG00000027431	ENSG00000132631	ortholog_one2one	1
Scpep1	ENSMUSG00000000278	ENSG00000121064	ortholog_one2one	1
Scpppq1	ENSMUSG00000091034	ENSG00000272856	ortholog_one2one	1
Scrg1	ENSMUSG00000031610	ENSG00000164106	ortholog_one2one	1
Scrib	ENSMUSG00000022568	ENSG00000180900	ortholog_one2one	1
Scrn1	ENSMUSG00000019124	ENSG00000136193	ortholog_one2one	1
Scrn2	ENSMUSG00000020877	ENSG00000141295	ortholog_one2one	1
Scrn3	ENSMUSG00000008226	ENSG00000144306	ortholog_one2one	1
Scrt1	ENSMUSG00000048385	ENSG00000261678	ortholog_one2one	1
Scrt2	ENSMUSG00000060257	ENSG00000215397	ortholog_one2one	1
Sct	ENSMUSG00000038580	ENSG00000070031	ortholog_one2one	1
Sctr	ENSMUSG00000026387	ENSG00000080293	ortholog_one2one	1
Scube1	ENSMUSG00000016763	ENSG00000159307	ortholog_one2one	1
Scube2	ENSMUSG00000007279	ENSG00000175356	ortholog_one2one	1
Scube3	ENSMUSG00000038677	ENSG00000146197	ortholog_one2one	1
Scx	ENSMUSG00000034161	ENSG00000260428	ortholog_one2one	1
Scyl1	ENSMUSG00000024941	ENSG00000142186	ortholog_one2one	1
Scyl2	ENSMUSG00000069539	ENSG00000136021	ortholog_one2one	1
Scyl3	ENSMUSG00000026584	ENSG00000000457	ortholog_one2one	1
Sdad1	ENSMUSG00000029415	ENSG00000198301	ortholog_one2one	1
Sdc1	ENSMUSG00000020592	ENSG00000115884	ortholog_one2one	1
Sdc2	ENSMUSG00000022261	ENSG00000169439	ortholog_one2one	1
Sdc3	ENSMUSG00000025743	ENSG00000162512	ortholog_one2one	1
Sdc4	ENSMUSG00000017009	ENSG00000124145	ortholog_one2one	1
Sdcbp	ENSMUSG00000028249	ENSG00000137575	ortholog_one2one	1
Sdcbp2	ENSMUSG00000027456	ENSG00000125775	ortholog_one2one	1
Sdccag8	ENSMUSG00000026504	ENSG00000054282	ortholog_one2one	1
Sde2	ENSMUSG00000038806	ENSG00000143751	ortholog_one2one	1
Sdf2	ENSMUSG00000002064	ENSG00000132581	ortholog_one2one	1
Sdf2l1	ENSMUSG00000022769	ENSG00000128228	ortholog_one2one	1
Sdf4	ENSMUSG00000029076	ENSG00000078808	ortholog_one2one	1
Sdha	ENSMUSG00000021577	ENSG00000073578	ortholog_one2one	1
Sdhaf1	ENSMUSG00000074211	ENSG00000205138	ortholog_one2one	1
Sdhaf2	ENSMUSG00000024668	ENSG00000167985	ortholog_one2one	1
Sdhaf4	ENSMUSG00000026154	ENSG00000154079	ortholog_one2one	1
Sdhb	ENSMUSG00000009863	ENSG00000117118	ortholog_one2one	1
Sdhc	ENSMUSG00000058076	ENSG00000143252	ortholog_one2one	1
Sdhd	ENSMUSG00000000171	ENSG00000204370	ortholog_one2one	1
Sdk1	ENSMUSG00000039683	ENSG00000146555	ortholog_one2one	1
Sdk2	ENSMUSG00000041592	ENSG00000069188	ortholog_one2one	1
Sdr16c5	ENSMUSG00000028236	ENSG00000170786	ortholog_one2one	1
Sdr39u1	ENSMUSG00000022223	ENSG00000100445	ortholog_one2one	1
Sdr42e1	ENSMUSG00000034308	ENSG00000184860	ortholog_one2one	1
Sdr42e2	ENSMUSG00000109392	ENSG00000183921	ortholog_one2one	1
Sdr9c7	ENSMUSG00000040127	ENSG00000170426	ortholog_one2one	1
Sds	ENSMUSG00000029597	ENSG00000135094	ortholog_one2one	1
Sdsl	ENSMUSG00000029596	ENSG00000139410	ortholog_one2one	1
Sebox	ENSMUSG00000001103	ENSG00000274529	ortholog_one2one	1
Sec11a	ENSMUSG00000025724	ENSG00000140612	ortholog_one2one	1
Sec11c	ENSMUSG00000024516	ENSG00000166562	ortholog_one2one	1
Sec13	ENSMUSG00000030298	ENSG00000157020	ortholog_one2one	1
Sec14l1	ENSMUSG00000020823	ENSG00000129657	ortholog_one2one	1
Sec14l2	ENSMUSG00000003585	ENSG00000100003	ortholog_one2one	1
Sec14l3	ENSMUSG00000054986	ENSG00000100012	ortholog_one2one	1
Sec14l4	ENSMUSG00000019368	ENSG00000133488	ortholog_one2one	1
Sec14l5	ENSMUSG00000091712	ENSG00000103184	ortholog_one2one	1
Sec16a	ENSMUSG00000026924	ENSG00000148396	ortholog_one2one	1
Sec16b	ENSMUSG00000026589	ENSG00000120341	ortholog_one2one	1
Sec22a	ENSMUSG00000034473	ENSG00000121542	ortholog_one2one	1
Sec22b	ENSMUSG00000027879	ENSG00000265808	ortholog_one2one	1
Sec22c	ENSMUSG00000061536	ENSG00000093183	ortholog_one2one	1
Sec23a	ENSMUSG00000020986	ENSG00000100934	ortholog_one2one	1
Sec23b	ENSMUSG00000027429	ENSG00000101310	ortholog_one2one	1
Sec23ip	ENSMUSG00000055319	ENSG00000107651	ortholog_one2one	1
Sec24a	ENSMUSG00000036391	ENSG00000113615	ortholog_one2one	1
Sec24b	ENSMUSG00000001052	ENSG00000138802	ortholog_one2one	1
Sec24d	ENSMUSG00000039234	ENSG00000150961	ortholog_one2one	1
Sec31a	ENSMUSG00000035325	ENSG00000138674	ortholog_one2one	1
Sec31b	ENSMUSG00000051984	ENSG00000075826	ortholog_one2one	1
Sec61a1	ENSMUSG00000030082	ENSG00000058262	ortholog_one2one	1
Sec61a2	ENSMUSG00000025816	ENSG00000065665	ortholog_one2one	1
Sec61b	ENSMUSG00000053317	ENSG00000106803	ortholog_one2one	1
Sec62	ENSMUSG00000027706	ENSG00000008952	ortholog_one2one	1
Sec63	ENSMUSG00000019802	ENSG00000025796	ortholog_one2one	1
Secisbp2	ENSMUSG00000035139	ENSG00000187742	ortholog_one2one	1
Secisbp2l	ENSMUSG00000035093	ENSG00000138593	ortholog_one2one	1
Seh1l	ENSMUSG00000079614	ENSG00000085415	ortholog_one2one	1
Sel1l	ENSMUSG00000020964	ENSG00000071537	ortholog_one2one	1
Sel1l2	ENSMUSG00000074764	ENSG00000101251	ortholog_one2one	1
Sel1l3	ENSMUSG00000029189	ENSG00000091490	ortholog_one2one	1
Sele	ENSMUSG00000026582	ENSG00000007908	ortholog_one2one	1
Selenof	ENSMUSG00000037072	ENSG00000183291	ortholog_one2one	1
Selenoi	ENSMUSG00000075703	ENSG00000138018	ortholog_one2one	1
Selenok	ENSMUSG00000042682	ENSG00000113811	ortholog_one2one	1
Selenom	ENSMUSG00000075702	ENSG00000198832	ortholog_one2one	1
Selenon	ENSMUSG00000050989	ENSG00000162430	ortholog_one2one	1
Selenoo	ENSMUSG00000035757	ENSG00000073169	ortholog_one2one	1
Selenop	ENSMUSG00000064373	ENSG00000250722	ortholog_one2one	1
Selenos	ENSMUSG00000075701	ENSG00000131871	ortholog_one2one	1
Selenot	ENSMUSG00000075700	ENSG00000198843	ortholog_one2one	1
Selenow	ENSMUSG00000041571	ENSG00000178980	ortholog_one2one	1
Sell	ENSMUSG00000026581	ENSG00000188404	ortholog_one2one	1
Selp	ENSMUSG00000026580	ENSG00000174175	ortholog_one2one	1
Sema3a	ENSMUSG00000028883	ENSG00000075213	ortholog_one2one	1
Sema3b	ENSMUSG00000057969	ENSG00000012171	ortholog_one2one	1
Sema3c	ENSMUSG00000028780	ENSG00000075223	ortholog_one2one	1
Sema3d	ENSMUSG00000040254	ENSG00000153993	ortholog_one2one	1
Sema3e	ENSMUSG00000063531	ENSG00000170381	ortholog_one2one	1
Sema3f	ENSMUSG00000034684	ENSG00000001617	ortholog_one2one	1
Sema3g	ENSMUSG00000021904	ENSG00000010319	ortholog_one2one	1
Sema4a	ENSMUSG00000028064	ENSG00000196189	ortholog_one2one	1
Sema4b	ENSMUSG00000030539	ENSG00000185033	ortholog_one2one	1
Sema4c	ENSMUSG00000026121	ENSG00000168758	ortholog_one2one	1
Sema4d	ENSMUSG00000021451	ENSG00000187764	ortholog_one2one	1
Sema4f	ENSMUSG00000000627	ENSG00000135622	ortholog_one2one	1
Sema4g	ENSMUSG00000025207	ENSG00000095539	ortholog_one2one	1
Sema5a	ENSMUSG00000022231	ENSG00000112902	ortholog_one2one	1
Sema5b	ENSMUSG00000052133	ENSG00000082684	ortholog_one2one	1
Sema6a	ENSMUSG00000019647	ENSG00000092421	ortholog_one2one	1
Sema6b	ENSMUSG00000001227	ENSG00000167680	ortholog_one2one	1
Sema6c	ENSMUSG00000038777	ENSG00000143434	ortholog_one2one	1
Sema6d	ENSMUSG00000027200	ENSG00000137872	ortholog_one2one	1
Sema7a	ENSMUSG00000038264	ENSG00000138623	ortholog_one2one	1
Senp1	ENSMUSG00000033075	ENSG00000079387	ortholog_one2one	1
Senp2	ENSMUSG00000022855	ENSG00000163904	ortholog_one2one	1
Senp3	ENSMUSG00000005204	ENSG00000161956	ortholog_one2one	1
Senp5	ENSMUSG00000022772	ENSG00000119231	ortholog_one2one	1
Senp6	ENSMUSG00000034252	ENSG00000112701	ortholog_one2one	1
Senp7	ENSMUSG00000052917	ENSG00000138468	ortholog_one2one	1
Senp8	ENSMUSG00000051705	ENSG00000166192	ortholog_one2one	1
Sephs1	ENSMUSG00000026662	ENSG00000086475	ortholog_one2one	1
Sephs2	ENSMUSG00000049091	ENSG00000179918	ortholog_one2one	1
Sepsecs	ENSMUSG00000029173	ENSG00000109618	ortholog_one2one	1
Septin1	ENSMUSG00000000486	ENSG00000180096	ortholog_one2one	1
Septin10	ENSMUSG00000019917	ENSG00000186522	ortholog_one2one	1
Septin11	ENSMUSG00000058013	ENSG00000138758	ortholog_one2one	1
Septin12	ENSMUSG00000022542	ENSG00000140623	ortholog_one2one	1
Septin14	ENSMUSG00000034219	ENSG00000154997	ortholog_one2one	1
Septin2	ENSMUSG00000026276	ENSG00000168385	ortholog_one2one	1
Septin3	ENSMUSG00000022456	ENSG00000100167	ortholog_one2one	1
Septin5	ENSMUSG00000072214	ENSG00000184702	ortholog_one2one	1
Septin6	ENSMUSG00000050379	ENSG00000125354	ortholog_one2one	1
Septin7	ENSMUSG00000001833	ENSG00000122545	ortholog_one2one	1
Septin8	ENSMUSG00000018398	ENSG00000164402	ortholog_one2one	1
Septin9	ENSMUSG00000059248	ENSG00000184640	ortholog_one2one	1
Serac1	ENSMUSG00000015659	ENSG00000122335	ortholog_one2one	1
Serbp1	ENSMUSG00000036371	ENSG00000142864	ortholog_one2one	1
Serf1	ENSMUSG00000021643	ENSG00000172058	ortholog_one2one	1
Sergef	ENSMUSG00000030839	ENSG00000129158	ortholog_one2one	1
Serhl	ENSMUSG00000058586	ENSG00000183569	ortholog_one2one	1
Serinc1	ENSMUSG00000019877	ENSG00000111897	ortholog_one2one	1
Serinc2	ENSMUSG00000023232	ENSG00000168528	ortholog_one2one	1
Serinc3	ENSMUSG00000017707	ENSG00000132824	ortholog_one2one	1
Serinc4	ENSMUSG00000046110	ENSG00000184716	ortholog_one2one	1
Serinc5	ENSMUSG00000021703	ENSG00000164300	ortholog_one2one	1
Serp1	ENSMUSG00000027808	ENSG00000120742	ortholog_one2one	1
Serpina10	ENSMUSG00000061947	ENSG00000140093	ortholog_one2one	1
Serpina11	ENSMUSG00000063232	ENSG00000186910	ortholog_one2one	1
Serpina12	ENSMUSG00000041567	ENSG00000165953	ortholog_one2one	1
Serpina5	ENSMUSG00000041550	ENSG00000188488	ortholog_one2one	1
Serpina6	ENSMUSG00000060807	ENSG00000170099	ortholog_one2one	1
Serpina7	ENSMUSG00000031271	ENSG00000123561	ortholog_one2one	1
Serpina9	ENSMUSG00000058260	ENSG00000170054	ortholog_one2one	1
Serpinb10	ENSMUSG00000092572	ENSG00000242550	ortholog_one2one	1
Serpinb11	ENSMUSG00000026327	ENSG00000206072	ortholog_one2one	1
Serpinb12	ENSMUSG00000059956	ENSG00000166634	ortholog_one2one	1
Serpinb13	ENSMUSG00000048775	ENSG00000197641	ortholog_one2one	1
Serpinb2	ENSMUSG00000062345	ENSG00000197632	ortholog_one2one	1
Serpinb5	ENSMUSG00000067006	ENSG00000206075	ortholog_one2one	1
Serpinb7	ENSMUSG00000067001	ENSG00000166396	ortholog_one2one	1
Serpinb8	ENSMUSG00000026315	ENSG00000166401	ortholog_one2one	1
Serpinc1	ENSMUSG00000026715	ENSG00000117601	ortholog_one2one	1
Serpind1	ENSMUSG00000022766	ENSG00000099937	ortholog_one2one	1
Serpine1	ENSMUSG00000037411	ENSG00000106366	ortholog_one2one	1
Serpine2	ENSMUSG00000026249	ENSG00000135919	ortholog_one2one	1
Serpine3	ENSMUSG00000091155	ENSG00000253309	ortholog_one2one	1
Serpinf1	ENSMUSG00000000753	ENSG00000132386	ortholog_one2one	1
Serpinf2	ENSMUSG00000038224	ENSG00000167711	ortholog_one2one	1
Serping1	ENSMUSG00000023224	ENSG00000149131	ortholog_one2one	1
Serpinh1	ENSMUSG00000070436	ENSG00000149257	ortholog_one2one	1
Serpini1	ENSMUSG00000027834	ENSG00000163536	ortholog_one2one	1
Serpini2	ENSMUSG00000034139	ENSG00000114204	ortholog_one2one	1
Sertad1	ENSMUSG00000008384	ENSG00000197019	ortholog_one2one	1
Sertad2	ENSMUSG00000049800	ENSG00000179833	ortholog_one2one	1
Sertad3	ENSMUSG00000055200	ENSG00000167565	ortholog_one2one	1
Sertad4	ENSMUSG00000016262	ENSG00000082497	ortholog_one2one	1
Sertm1	ENSMUSG00000056306	ENSG00000180440	ortholog_one2one	1
Sertm2	ENSMUSG00000085139	ENSG00000260802	ortholog_one2one	1
Sesn1	ENSMUSG00000038332	ENSG00000080546	ortholog_one2one	1
Sesn2	ENSMUSG00000028893	ENSG00000130766	ortholog_one2one	1
Sesn3	ENSMUSG00000032009	ENSG00000149212	ortholog_one2one	1
Sestd1	ENSMUSG00000042272	ENSG00000187231	ortholog_one2one	1
Set	ENSMUSG00000054766	ENSG00000119335	ortholog_one2one	1
Setbp1	ENSMUSG00000024548	ENSG00000152217	ortholog_one2one	1
Setd1b	ENSMUSG00000038384	ENSG00000139718	ortholog_one2one	1
Setd2	ENSMUSG00000044791	ENSG00000181555	ortholog_one2one	1
Setd3	ENSMUSG00000056770	ENSG00000183576	ortholog_one2one	1
Setd4	ENSMUSG00000022948	ENSG00000185917	ortholog_one2one	1
Setd5	ENSMUSG00000034269	ENSG00000168137	ortholog_one2one	1
Setd6	ENSMUSG00000031671	ENSG00000103037	ortholog_one2one	1
Setd7	ENSMUSG00000037111	ENSG00000145391	ortholog_one2one	1
Setdb1	ENSMUSG00000015697	ENSG00000143379	ortholog_one2one	1
Setdb2	ENSMUSG00000071350	ENSG00000136169	ortholog_one2one	1
Setx	ENSMUSG00000043535	ENSG00000107290	ortholog_one2one	1
Sez6	ENSMUSG00000000632	ENSG00000063015	ortholog_one2one	1
Sez6l	ENSMUSG00000058153	ENSG00000100095	ortholog_one2one	1
Sez6l2	ENSMUSG00000030683	ENSG00000174938	ortholog_one2one	1
Sf1	ENSMUSG00000024949	ENSG00000168066	ortholog_one2one	1
Sf3a1	ENSMUSG00000002129	ENSG00000099995	ortholog_one2one	1
Sf3a2	ENSMUSG00000020211	ENSG00000104897	ortholog_one2one	1
Sf3a3	ENSMUSG00000028902	ENSG00000183431	ortholog_one2one	1
Sf3b1	ENSMUSG00000025982	ENSG00000115524	ortholog_one2one	1
Sf3b2	ENSMUSG00000024853	ENSG00000087365	ortholog_one2one	1
Sf3b3	ENSMUSG00000033732	ENSG00000189091	ortholog_one2one	1
Sf3b4	ENSMUSG00000068856	ENSG00000143368	ortholog_one2one	1
Sf3b5	ENSMUSG00000078348	ENSG00000169976	ortholog_one2one	1
Sf3b6	ENSMUSG00000037361	ENSG00000115128	ortholog_one2one	1
Sfi1	ENSMUSG00000023764	ENSG00000198089	ortholog_one2one	1
Sfmbt1	ENSMUSG00000006527	ENSG00000163935	ortholog_one2one	1
Sfmbt2	ENSMUSG00000061186	ENSG00000198879	ortholog_one2one	1
Sfn	ENSMUSG00000047281	ENSG00000175793	ortholog_one2one	1
Sfpq	ENSMUSG00000028820	ENSG00000116560	ortholog_one2one	1
Sfrp1	ENSMUSG00000031548	ENSG00000104332	ortholog_one2one	1
Sfrp2	ENSMUSG00000027996	ENSG00000145423	ortholog_one2one	1
Sfrp4	ENSMUSG00000021319	ENSG00000106483	ortholog_one2one	1
Sfrp5	ENSMUSG00000018822	ENSG00000120057	ortholog_one2one	1
Sfswap	ENSMUSG00000029439	ENSG00000061936	ortholog_one2one	1
Sft2d2	ENSMUSG00000040848	ENSG00000213064	ortholog_one2one	1
Sft2d3	ENSMUSG00000044982	ENSG00000173349	ortholog_one2one	1
Sfta2	ENSMUSG00000090509	ENSG00000196260	ortholog_one2one	1
Sftpb	ENSMUSG00000056370	ENSG00000168878	ortholog_one2one	1
Sftpc	ENSMUSG00000022097	ENSG00000168484	ortholog_one2one	1
Sftpd	ENSMUSG00000021795	ENSG00000133661	ortholog_one2one	1
Sfxn1	ENSMUSG00000021474	ENSG00000164466	ortholog_one2one	1
Sfxn2	ENSMUSG00000025036	ENSG00000156398	ortholog_one2one	1
Sfxn3	ENSMUSG00000025212	ENSG00000107819	ortholog_one2one	1
Sfxn4	ENSMUSG00000063698	ENSG00000183605	ortholog_one2one	1
Sfxn5	ENSMUSG00000033720	ENSG00000144040	ortholog_one2one	1
Sgca	ENSMUSG00000001508	ENSG00000108823	ortholog_one2one	1
Sgcb	ENSMUSG00000029156	ENSG00000163069	ortholog_one2one	1
Sgcd	ENSMUSG00000020354	ENSG00000170624	ortholog_one2one	1
Sgce	ENSMUSG00000004631	ENSG00000127990	ortholog_one2one	1
Sgcg	ENSMUSG00000035296	ENSG00000102683	ortholog_one2one	1
Sgcz	ENSMUSG00000039539	ENSG00000185053	ortholog_one2one	1
Sgf29	ENSMUSG00000030714	ENSG00000176476	ortholog_one2one	1
Sgip1	ENSMUSG00000028524	ENSG00000118473	ortholog_one2one	1
Sgk1	ENSMUSG00000019970	ENSG00000118515	ortholog_one2one	1
Sgk2	ENSMUSG00000017868	ENSG00000101049	ortholog_one2one	1
Sgk3	ENSMUSG00000025915	ENSG00000104205	ortholog_one2one	1
Sgms1	ENSMUSG00000040451	ENSG00000198964	ortholog_one2one	1
Sgms2	ENSMUSG00000050931	ENSG00000164023	ortholog_one2one	1
Sgo1	ENSMUSG00000023940	ENSG00000129810	ortholog_one2one	1
Sgpl1	ENSMUSG00000020097	ENSG00000166224	ortholog_one2one	1
Sgpp1	ENSMUSG00000021054	ENSG00000126821	ortholog_one2one	1
Sgpp2	ENSMUSG00000032908	ENSG00000163082	ortholog_one2one	1
Sgsh	ENSMUSG00000005043	ENSG00000181523	ortholog_one2one	1
Sgsm1	ENSMUSG00000042216	ENSG00000167037	ortholog_one2one	1
Sgsm2	ENSMUSG00000038351	ENSG00000141258	ortholog_one2one	1
Sgsm3	ENSMUSG00000042303	ENSG00000100359	ortholog_one2one	1
Sgta	ENSMUSG00000004937	ENSG00000104969	ortholog_one2one	1
Sgtb	ENSMUSG00000042743	ENSG00000197860	ortholog_one2one	1
Sh2b1	ENSMUSG00000030733	ENSG00000178188	ortholog_one2one	1
Sh2b2	ENSMUSG00000005057	ENSG00000160999	ortholog_one2one	1
Sh2b3	ENSMUSG00000042594	ENSG00000111252	ortholog_one2one	1
Sh2d1a	ENSMUSG00000005696	ENSG00000183918	ortholog_one2one	1
Sh2d2a	ENSMUSG00000028071	ENSG00000027869	ortholog_one2one	1
Sh2d3c	ENSMUSG00000059013	ENSG00000095370	ortholog_one2one	1
Sh2d4a	ENSMUSG00000053886	ENSG00000104611	ortholog_one2one	1
Sh2d4b	ENSMUSG00000037833	ENSG00000178217	ortholog_one2one	1
Sh2d5	ENSMUSG00000045349	ENSG00000189410	ortholog_one2one	1
Sh2d6	ENSMUSG00000052631	ENSG00000152292	ortholog_one2one	1
Sh2d7	ENSMUSG00000046460	ENSG00000183476	ortholog_one2one	1
Sh3bgrl	ENSMUSG00000031246	ENSG00000131171	ortholog_one2one	1
Sh3bgrl2	ENSMUSG00000032261	ENSG00000198478	ortholog_one2one	1
Sh3bgrl3	ENSMUSG00000028843	ENSG00000142669	ortholog_one2one	1
Sh3bp1	ENSMUSG00000022436	ENSG00000100092	ortholog_one2one	1
Sh3bp2	ENSMUSG00000054520	ENSG00000087266	ortholog_one2one	1
Sh3bp4	ENSMUSG00000036206	ENSG00000130147	ortholog_one2one	1
Sh3bp5	ENSMUSG00000021892	ENSG00000131370	ortholog_one2one	1
Sh3bp5l	ENSMUSG00000013646	ENSG00000175137	ortholog_one2one	1
Sh3d19	ENSMUSG00000028082	ENSG00000109686	ortholog_one2one	1
Sh3gl1	ENSMUSG00000003200	ENSG00000141985	ortholog_one2one	1
Sh3gl2	ENSMUSG00000028488	ENSG00000107295	ortholog_one2one	1
Sh3gl3	ENSMUSG00000030638	ENSG00000140600	ortholog_one2one	1
Sh3glb1	ENSMUSG00000037062	ENSG00000097033	ortholog_one2one	1
Sh3glb2	ENSMUSG00000026860	ENSG00000148341	ortholog_one2one	1
Sh3kbp1	ENSMUSG00000040990	ENSG00000147010	ortholog_one2one	1
Sh3pxd2a	ENSMUSG00000053617	ENSG00000107957	ortholog_one2one	1
Sh3pxd2b	ENSMUSG00000040711	ENSG00000174705	ortholog_one2one	1
Sh3rf1	ENSMUSG00000031642	ENSG00000154447	ortholog_one2one	1
Sh3rf2	ENSMUSG00000057719	ENSG00000156463	ortholog_one2one	1
Sh3rf3	ENSMUSG00000037990	ENSG00000172985	ortholog_one2one	1
Sh3tc1	ENSMUSG00000036553	ENSG00000125089	ortholog_one2one	1
Sh3tc2	ENSMUSG00000045629	ENSG00000169247	ortholog_one2one	1
Sh3yl1	ENSMUSG00000020669	ENSG00000035115	ortholog_one2one	1
Shank1	ENSMUSG00000038738	ENSG00000161681	ortholog_one2one	1
Shank2	ENSMUSG00000037541	ENSG00000162105	ortholog_one2one	1
Shank3	ENSMUSG00000022623	ENSG00000251322	ortholog_one2one	1
Sharpin	ENSMUSG00000022552	ENSG00000179526	ortholog_one2one	1
Shb	ENSMUSG00000044813	ENSG00000107338	ortholog_one2one	1
Shbg	ENSMUSG00000005202	ENSG00000129214	ortholog_one2one	1
Shc1	ENSMUSG00000042626	ENSG00000160691	ortholog_one2one	1
Shc3	ENSMUSG00000021448	ENSG00000148082	ortholog_one2one	1
Shc4	ENSMUSG00000035109	ENSG00000185634	ortholog_one2one	1
Shcbp1	ENSMUSG00000022322	ENSG00000171241	ortholog_one2one	1
Shcbp1l	ENSMUSG00000042708	ENSG00000157060	ortholog_one2one	1
Shd	ENSMUSG00000039154	ENSG00000105251	ortholog_one2one	1
She	ENSMUSG00000046280	ENSG00000169291	ortholog_one2one	1
Shfl	ENSMUSG00000038884	ENSG00000130813	ortholog_one2one	1
Shh	ENSMUSG00000002633	ENSG00000164690	ortholog_one2one	1
Shisa2	ENSMUSG00000044461	ENSG00000180730	ortholog_one2one	1
Shisa3	ENSMUSG00000050010	ENSG00000178343	ortholog_one2one	1
Shisa4	ENSMUSG00000041889	ENSG00000198892	ortholog_one2one	1
Shisa5	ENSMUSG00000025647	ENSG00000164054	ortholog_one2one	1
Shisa6	ENSMUSG00000053930	ENSG00000188803	ortholog_one2one	1
Shisa7	ENSMUSG00000053550	ENSG00000187902	ortholog_one2one	1
Shisa8	ENSMUSG00000096883	ENSG00000234965	ortholog_one2one	1
Shisa9	ENSMUSG00000022494	ENSG00000237515	ortholog_one2one	1
Shisal1	ENSMUSG00000062760	ENSG00000138944	ortholog_one2one	1
Shisal2a	ENSMUSG00000059816	ENSG00000182183	ortholog_one2one	1
Shisal2b	ENSMUSG00000042655	ENSG00000145642	ortholog_one2one	1
Shkbp1	ENSMUSG00000089832	ENSG00000160410	ortholog_one2one	1
Shld1	ENSMUSG00000044991	ENSG00000171984	ortholog_one2one	1
Shld2	ENSMUSG00000041471	ENSG00000122376	ortholog_one2one	1
Shld3	ENSMUSG00000118537	ENSG00000253251	ortholog_one2one	1
Shmt1	ENSMUSG00000020534	ENSG00000176974	ortholog_one2one	1
Shmt2	ENSMUSG00000025403	ENSG00000182199	ortholog_one2one	1
Shoc1	ENSMUSG00000038598	ENSG00000165181	ortholog_one2one	1
Shoc2	ENSMUSG00000024976	ENSG00000108061	ortholog_one2one	1
Shox2	ENSMUSG00000027833	ENSG00000168779	ortholog_one2one	1
Shpk	ENSMUSG00000005951	ENSG00000197417	ortholog_one2one	1
Shprh	ENSMUSG00000090112	ENSG00000146414	ortholog_one2one	1
Shq1	ENSMUSG00000035378	ENSG00000144736	ortholog_one2one	1
Shroom1	ENSMUSG00000018387	ENSG00000164403	ortholog_one2one	1
Shroom2	ENSMUSG00000045180	ENSG00000146950	ortholog_one2one	1
Shroom3	ENSMUSG00000029381	ENSG00000138771	ortholog_one2one	1
Shroom4	ENSMUSG00000068270	ENSG00000158352	ortholog_one2one	1
Shtn1	ENSMUSG00000041362	ENSG00000187164	ortholog_one2one	1
Siae	ENSMUSG00000001942	ENSG00000110013	ortholog_one2one	1
Siah2	ENSMUSG00000036432	ENSG00000181788	ortholog_one2one	1
Siah3	ENSMUSG00000091722	ENSG00000215475	ortholog_one2one	1
Sidt1	ENSMUSG00000022696	ENSG00000072858	ortholog_one2one	1
Sidt2	ENSMUSG00000034908	ENSG00000149577	ortholog_one2one	1
Sigirr	ENSMUSG00000025494	ENSG00000185187	ortholog_one2one	1
Siglec1	ENSMUSG00000027322	ENSG00000088827	ortholog_one2one	1
Siglec15	ENSMUSG00000091055	ENSG00000197046	ortholog_one2one	1
Siglecl1	ENSMUSG00000108695	ENSG00000179213	ortholog_one2one	1
Sigmar1	ENSMUSG00000036078	ENSG00000147955	ortholog_one2one	1
Sik1	ENSMUSG00000024042	ENSG00000142178	ortholog_one2one	1
Sik2	ENSMUSG00000037112	ENSG00000170145	ortholog_one2one	1
Sik3	ENSMUSG00000034135	ENSG00000160584	ortholog_one2one	1
Sike1	ENSMUSG00000027854	ENSG00000052723	ortholog_one2one	1
Sil1	ENSMUSG00000024357	ENSG00000120725	ortholog_one2one	1
Sim1	ENSMUSG00000019913	ENSG00000112246	ortholog_one2one	1
Sim2	ENSMUSG00000062713	ENSG00000159263	ortholog_one2one	1
Simc1	ENSMUSG00000043183	ENSG00000170085	ortholog_one2one	1
Sin3a	ENSMUSG00000042557	ENSG00000169375	ortholog_one2one	1
Sin3b	ENSMUSG00000031622	ENSG00000127511	ortholog_one2one	1
Sinhcaf	ENSMUSG00000039985	ENSG00000139146	ortholog_one2one	1
Sipa1	ENSMUSG00000056917	ENSG00000213445	ortholog_one2one	1
Sipa1l1	ENSMUSG00000042700	ENSG00000197555	ortholog_one2one	1
Sipa1l2	ENSMUSG00000001995	ENSG00000116991	ortholog_one2one	1
Sipa1l3	ENSMUSG00000030583	ENSG00000105738	ortholog_one2one	1
Sirt1	ENSMUSG00000020063	ENSG00000096717	ortholog_one2one	1
Sirt2	ENSMUSG00000015149	ENSG00000068903	ortholog_one2one	1
Sirt3	ENSMUSG00000025486	ENSG00000142082	ortholog_one2one	1
Sirt4	ENSMUSG00000029524	ENSG00000089163	ortholog_one2one	1
Sirt5	ENSMUSG00000054021	ENSG00000124523	ortholog_one2one	1
Sirt6	ENSMUSG00000034748	ENSG00000077463	ortholog_one2one	1
Sirt7	ENSMUSG00000025138	ENSG00000187531	ortholog_one2one	1
Sis	ENSMUSG00000027790	ENSG00000090402	ortholog_one2one	1
Sit1	ENSMUSG00000028460	ENSG00000137078	ortholog_one2one	1
Siva1	ENSMUSG00000064326	ENSG00000184990	ortholog_one2one	1
Six1	ENSMUSG00000051367	ENSG00000126778	ortholog_one2one	1
Six2	ENSMUSG00000024134	ENSG00000170577	ortholog_one2one	1
Six3	ENSMUSG00000038805	ENSG00000138083	ortholog_one2one	1
Six4	ENSMUSG00000034460	ENSG00000100625	ortholog_one2one	1
Six5	ENSMUSG00000040841	ENSG00000177045	ortholog_one2one	1
Six6	ENSMUSG00000021099	ENSG00000184302	ortholog_one2one	1
Ska1	ENSMUSG00000036223	ENSG00000154839	ortholog_one2one	1
Ska2	ENSMUSG00000020492	ENSG00000182628	ortholog_one2one	1
Ska3	ENSMUSG00000021965	ENSG00000165480	ortholog_one2one	1
Skap1	ENSMUSG00000057058	ENSG00000141293	ortholog_one2one	1
Skap2	ENSMUSG00000059182	ENSG00000005020	ortholog_one2one	1
Ski	ENSMUSG00000029050	ENSG00000157933	ortholog_one2one	1
Skic2	ENSMUSG00000040356	ENSG00000204351	ortholog_one2one	1
Skic3	ENSMUSG00000033991	ENSG00000198677	ortholog_one2one	1
Skic8	ENSMUSG00000061559	ENSG00000140395	ortholog_one2one	1
Skida1	ENSMUSG00000054074	ENSG00000180592	ortholog_one2one	1
Skil	ENSMUSG00000027660	ENSG00000136603	ortholog_one2one	1
Skor1	ENSMUSG00000022245	ENSG00000188779	ortholog_one2one	1
Skor2	ENSMUSG00000091519	ENSG00000215474	ortholog_one2one	1
Skp1	ENSMUSG00000036309	ENSG00000113558	ortholog_one2one	1
Skp2	ENSMUSG00000054115	ENSG00000145604	ortholog_one2one	1
Sla	ENSMUSG00000022372	ENSG00000155926	ortholog_one2one	1
Sla2	ENSMUSG00000027636	ENSG00000101082	ortholog_one2one	1
Slain1	ENSMUSG00000055717	ENSG00000139737	ortholog_one2one	1
Slain2	ENSMUSG00000036087	ENSG00000109171	ortholog_one2one	1
Slamf1	ENSMUSG00000015316	ENSG00000117090	ortholog_one2one	1
Slamf8	ENSMUSG00000053318	ENSG00000158714	ortholog_one2one	1
Slamf9	ENSMUSG00000026548	ENSG00000162723	ortholog_one2one	1
Slbp	ENSMUSG00000004642	ENSG00000163950	ortholog_one2one	1
Slc10a1	ENSMUSG00000021135	ENSG00000100652	ortholog_one2one	1
Slc10a2	ENSMUSG00000023073	ENSG00000125255	ortholog_one2one	1
Slc10a3	ENSMUSG00000032806	ENSG00000126903	ortholog_one2one	1
Slc10a5	ENSMUSG00000058921	ENSG00000253598	ortholog_one2one	1
Slc10a6	ENSMUSG00000029321	ENSG00000145283	ortholog_one2one	1
Slc10a7	ENSMUSG00000031684	ENSG00000120519	ortholog_one2one	1
Slc11a1	ENSMUSG00000026177	ENSG00000018280	ortholog_one2one	1
Slc11a2	ENSMUSG00000023030	ENSG00000110911	ortholog_one2one	1
Slc12a1	ENSMUSG00000027202	ENSG00000074803	ortholog_one2one	1
Slc12a2	ENSMUSG00000024597	ENSG00000064651	ortholog_one2one	1
Slc12a3	ENSMUSG00000031766	ENSG00000070915	ortholog_one2one	1
Slc12a4	ENSMUSG00000017765	ENSG00000124067	ortholog_one2one	1
Slc12a5	ENSMUSG00000017740	ENSG00000124140	ortholog_one2one	1
Slc12a6	ENSMUSG00000027130	ENSG00000140199	ortholog_one2one	1
Slc12a7	ENSMUSG00000017756	ENSG00000113504	ortholog_one2one	1
Slc12a8	ENSMUSG00000035506	ENSG00000221955	ortholog_one2one	1
Slc12a9	ENSMUSG00000037344	ENSG00000146828	ortholog_one2one	1
Slc13a1	ENSMUSG00000029700	ENSG00000081800	ortholog_one2one	1
Slc13a2	ENSMUSG00000001095	ENSG00000007216	ortholog_one2one	1
Slc13a3	ENSMUSG00000018459	ENSG00000158296	ortholog_one2one	1
Slc13a4	ENSMUSG00000029843	ENSG00000164707	ortholog_one2one	1
Slc13a5	ENSMUSG00000020805	ENSG00000141485	ortholog_one2one	1
Slc14a1	ENSMUSG00000059336	ENSG00000141469	ortholog_one2one	1
Slc14a2	ENSMUSG00000024552	ENSG00000132874	ortholog_one2one	1
Slc15a1	ENSMUSG00000025557	ENSG00000088386	ortholog_one2one	1
Slc15a2	ENSMUSG00000022899	ENSG00000163406	ortholog_one2one	1
Slc15a3	ENSMUSG00000024737	ENSG00000110446	ortholog_one2one	1
Slc15a4	ENSMUSG00000029416	ENSG00000139370	ortholog_one2one	1
Slc15a5	ENSMUSG00000044378	ENSG00000188991	ortholog_one2one	1
Slc16a1	ENSMUSG00000032902	ENSG00000155380	ortholog_one2one	1
Slc16a10	ENSMUSG00000019838	ENSG00000112394	ortholog_one2one	1
Slc16a11	ENSMUSG00000040938	ENSG00000174326	ortholog_one2one	1
Slc16a12	ENSMUSG00000009378	ENSG00000152779	ortholog_one2one	1
Slc16a13	ENSMUSG00000044367	ENSG00000174327	ortholog_one2one	1
Slc16a14	ENSMUSG00000026220	ENSG00000163053	ortholog_one2one	1
Slc16a2	ENSMUSG00000033965	ENSG00000147100	ortholog_one2one	1
Slc16a3	ENSMUSG00000025161	ENSG00000141526	ortholog_one2one	1
Slc16a4	ENSMUSG00000027896	ENSG00000168679	ortholog_one2one	1
Slc16a6	ENSMUSG00000041920	ENSG00000108932	ortholog_one2one	1
Slc16a7	ENSMUSG00000020102	ENSG00000118596	ortholog_one2one	1
Slc16a8	ENSMUSG00000032988	ENSG00000100156	ortholog_one2one	1
Slc16a9	ENSMUSG00000037762	ENSG00000165449	ortholog_one2one	1
Slc17a1	ENSMUSG00000021335	ENSG00000124568	ortholog_one2one	1
Slc17a2	ENSMUSG00000036110	ENSG00000112337	ortholog_one2one	1
Slc17a3	ENSMUSG00000036083	ENSG00000124564	ortholog_one2one	1
Slc17a4	ENSMUSG00000021336	ENSG00000146039	ortholog_one2one	1
Slc17a5	ENSMUSG00000049624	ENSG00000119899	ortholog_one2one	1
Slc17a6	ENSMUSG00000030500	ENSG00000091664	ortholog_one2one	1
Slc17a7	ENSMUSG00000070570	ENSG00000104888	ortholog_one2one	1
Slc17a8	ENSMUSG00000019935	ENSG00000179520	ortholog_one2one	1
Slc17a9	ENSMUSG00000023393	ENSG00000101194	ortholog_one2one	1
Slc18a1	ENSMUSG00000036330	ENSG00000036565	ortholog_one2one	1
Slc18a2	ENSMUSG00000025094	ENSG00000165646	ortholog_one2one	1
Slc18a3	ENSMUSG00000100241	ENSG00000187714	ortholog_one2one	1
Slc18b1	ENSMUSG00000037455	ENSG00000146409	ortholog_one2one	1
Slc19a1	ENSMUSG00000001436	ENSG00000173638	ortholog_one2one	1
Slc19a2	ENSMUSG00000040918	ENSG00000117479	ortholog_one2one	1
Slc19a3	ENSMUSG00000038496	ENSG00000135917	ortholog_one2one	1
Slc1a1	ENSMUSG00000024935	ENSG00000106688	ortholog_one2one	1
Slc1a2	ENSMUSG00000005089	ENSG00000110436	ortholog_one2one	1
Slc1a3	ENSMUSG00000005360	ENSG00000079215	ortholog_one2one	1
Slc1a4	ENSMUSG00000020142	ENSG00000115902	ortholog_one2one	1
Slc1a5	ENSMUSG00000001918	ENSG00000105281	ortholog_one2one	1
Slc1a6	ENSMUSG00000005357	ENSG00000105143	ortholog_one2one	1
Slc1a7	ENSMUSG00000008932	ENSG00000162383	ortholog_one2one	1
Slc20a1	ENSMUSG00000027397	ENSG00000144136	ortholog_one2one	1
Slc20a2	ENSMUSG00000037656	ENSG00000168575	ortholog_one2one	1
Slc22a1	ENSMUSG00000023829	ENSG00000175003	ortholog_one2one	1
Slc22a12	ENSMUSG00000061742	ENSG00000197891	ortholog_one2one	1
Slc22a14	ENSMUSG00000070280	ENSG00000144671	ortholog_one2one	1
Slc22a15	ENSMUSG00000033147	ENSG00000163393	ortholog_one2one	1
Slc22a17	ENSMUSG00000022199	ENSG00000092096	ortholog_one2one	1
Slc22a18	ENSMUSG00000000154	ENSG00000110628	ortholog_one2one	1
Slc22a2	ENSMUSG00000040966	ENSG00000112499	ortholog_one2one	1
Slc22a23	ENSMUSG00000038267	ENSG00000137266	ortholog_one2one	1
Slc22a3	ENSMUSG00000023828	ENSG00000146477	ortholog_one2one	1
Slc22a4	ENSMUSG00000020334	ENSG00000197208	ortholog_one2one	1
Slc22a6	ENSMUSG00000024650	ENSG00000197901	ortholog_one2one	1
Slc22a7	ENSMUSG00000067144	ENSG00000137204	ortholog_one2one	1
Slc22a8	ENSMUSG00000063796	ENSG00000149452	ortholog_one2one	1
Slc23a1	ENSMUSG00000024354	ENSG00000170482	ortholog_one2one	1
Slc23a2	ENSMUSG00000027340	ENSG00000089057	ortholog_one2one	1
Slc23a3	ENSMUSG00000026205	ENSG00000213901	ortholog_one2one	1
Slc24a1	ENSMUSG00000034452	ENSG00000074621	ortholog_one2one	1
Slc24a2	ENSMUSG00000037996	ENSG00000155886	ortholog_one2one	1
Slc24a3	ENSMUSG00000063873	ENSG00000185052	ortholog_one2one	1
Slc24a4	ENSMUSG00000041771	ENSG00000140090	ortholog_one2one	1
Slc24a5	ENSMUSG00000035183	ENSG00000188467	ortholog_one2one	1
Slc25a1	ENSMUSG00000003528	ENSG00000100075	ortholog_one2one	1
Slc25a10	ENSMUSG00000025792	ENSG00000183048	ortholog_one2one	1
Slc25a11	ENSMUSG00000014606	ENSG00000108528	ortholog_one2one	1
Slc25a12	ENSMUSG00000027010	ENSG00000115840	ortholog_one2one	1
Slc25a13	ENSMUSG00000015112	ENSG00000004864	ortholog_one2one	1
Slc25a14	ENSMUSG00000031105	ENSG00000102078	ortholog_one2one	1
Slc25a15	ENSMUSG00000031482	ENSG00000102743	ortholog_one2one	1
Slc25a16	ENSMUSG00000071253	ENSG00000122912	ortholog_one2one	1
Slc25a17	ENSMUSG00000022404	ENSG00000100372	ortholog_one2one	1
Slc25a18	ENSMUSG00000004902	ENSG00000182902	ortholog_one2one	1
Slc25a19	ENSMUSG00000020744	ENSG00000125454	ortholog_one2one	1
Slc25a2	ENSMUSG00000050304	ENSG00000120329	ortholog_one2one	1
Slc25a20	ENSMUSG00000032602	ENSG00000178537	ortholog_one2one	1
Slc25a21	ENSMUSG00000035472	ENSG00000183032	ortholog_one2one	1
Slc25a22	ENSMUSG00000019082	ENSG00000177542	ortholog_one2one	1
Slc25a23	ENSMUSG00000046329	ENSG00000125648	ortholog_one2one	1
Slc25a24	ENSMUSG00000040322	ENSG00000085491	ortholog_one2one	1
Slc25a25	ENSMUSG00000026819	ENSG00000148339	ortholog_one2one	1
Slc25a26	ENSMUSG00000045100	ENSG00000144741	ortholog_one2one	1
Slc25a27	ENSMUSG00000023912	ENSG00000153291	ortholog_one2one	1
Slc25a28	ENSMUSG00000040414	ENSG00000155287	ortholog_one2one	1
Slc25a29	ENSMUSG00000021265	ENSG00000197119	ortholog_one2one	1
Slc25a3	ENSMUSG00000061904	ENSG00000075415	ortholog_one2one	1
Slc25a30	ENSMUSG00000022003	ENSG00000174032	ortholog_one2one	1
Slc25a31	ENSMUSG00000069041	ENSG00000151475	ortholog_one2one	1
Slc25a32	ENSMUSG00000022299	ENSG00000164933	ortholog_one2one	1
Slc25a33	ENSMUSG00000028982	ENSG00000171612	ortholog_one2one	1
Slc25a34	ENSMUSG00000040740	ENSG00000162461	ortholog_one2one	1
Slc25a35	ENSMUSG00000018740	ENSG00000125434	ortholog_one2one	1
Slc25a36	ENSMUSG00000032449	ENSG00000114120	ortholog_one2one	1
Slc25a37	ENSMUSG00000034248	ENSG00000147454	ortholog_one2one	1
Slc25a38	ENSMUSG00000032519	ENSG00000144659	ortholog_one2one	1
Slc25a39	ENSMUSG00000018677	ENSG00000013306	ortholog_one2one	1
Slc25a4	ENSMUSG00000031633	ENSG00000151729	ortholog_one2one	1
Slc25a40	ENSMUSG00000054099	ENSG00000075303	ortholog_one2one	1
Slc25a41	ENSMUSG00000011486	ENSG00000181240	ortholog_one2one	1
Slc25a42	ENSMUSG00000002346	ENSG00000181035	ortholog_one2one	1
Slc25a43	ENSMUSG00000037636	ENSG00000077713	ortholog_one2one	1
Slc25a44	ENSMUSG00000050144	ENSG00000160785	ortholog_one2one	1
Slc25a45	ENSMUSG00000024818	ENSG00000162241	ortholog_one2one	1
Slc25a46	ENSMUSG00000024259	ENSG00000164209	ortholog_one2one	1
Slc25a47	ENSMUSG00000048856	ENSG00000140107	ortholog_one2one	1
Slc25a48	ENSMUSG00000021509	ENSG00000145832	ortholog_one2one	1
Slc25a5	ENSMUSG00000016319	ENSG00000005022	ortholog_one2one	1
Slc25a53	ENSMUSG00000044348	ENSG00000269743	ortholog_one2one	1
Slc26a1	ENSMUSG00000046959	ENSG00000145217	ortholog_one2one	1
Slc26a11	ENSMUSG00000039908	ENSG00000181045	ortholog_one2one	1
Slc26a2	ENSMUSG00000034320	ENSG00000155850	ortholog_one2one	1
Slc26a3	ENSMUSG00000001225	ENSG00000091138	ortholog_one2one	1
Slc26a4	ENSMUSG00000020651	ENSG00000091137	ortholog_one2one	1
Slc26a5	ENSMUSG00000029015	ENSG00000170615	ortholog_one2one	1
Slc26a6	ENSMUSG00000023259	ENSG00000225697	ortholog_one2one	1
Slc26a7	ENSMUSG00000040569	ENSG00000147606	ortholog_one2one	1
Slc26a8	ENSMUSG00000036196	ENSG00000112053	ortholog_one2one	1
Slc26a9	ENSMUSG00000042268	ENSG00000174502	ortholog_one2one	1
Slc27a1	ENSMUSG00000031808	ENSG00000130304	ortholog_one2one	1
Slc27a2	ENSMUSG00000027359	ENSG00000140284	ortholog_one2one	1
Slc27a3	ENSMUSG00000027932	ENSG00000143554	ortholog_one2one	1
Slc27a4	ENSMUSG00000059316	ENSG00000167114	ortholog_one2one	1
Slc27a5	ENSMUSG00000030382	ENSG00000083807	ortholog_one2one	1
Slc27a6	ENSMUSG00000024600	ENSG00000113396	ortholog_one2one	1
Slc28a1	ENSMUSG00000025726	ENSG00000156222	ortholog_one2one	1
Slc28a3	ENSMUSG00000021553	ENSG00000197506	ortholog_one2one	1
Slc29a1	ENSMUSG00000023942	ENSG00000112759	ortholog_one2one	1
Slc29a2	ENSMUSG00000024891	ENSG00000174669	ortholog_one2one	1
Slc29a3	ENSMUSG00000020100	ENSG00000198246	ortholog_one2one	1
Slc29a4	ENSMUSG00000050822	ENSG00000164638	ortholog_one2one	1
Slc2a1	ENSMUSG00000028645	ENSG00000117394	ortholog_one2one	1
Slc2a10	ENSMUSG00000027661	ENSG00000197496	ortholog_one2one	1
Slc2a12	ENSMUSG00000037490	ENSG00000146411	ortholog_one2one	1
Slc2a13	ENSMUSG00000036298	ENSG00000151229	ortholog_one2one	1
Slc2a2	ENSMUSG00000027690	ENSG00000163581	ortholog_one2one	1
Slc2a4	ENSMUSG00000018566	ENSG00000181856	ortholog_one2one	1
Slc2a5	ENSMUSG00000028976	ENSG00000142583	ortholog_one2one	1
Slc2a6	ENSMUSG00000036067	ENSG00000160326	ortholog_one2one	1
Slc2a7	ENSMUSG00000062064	ENSG00000197241	ortholog_one2one	1
Slc2a8	ENSMUSG00000026791	ENSG00000136856	ortholog_one2one	1
Slc2a9	ENSMUSG00000005107	ENSG00000109667	ortholog_one2one	1
Slc30a1	ENSMUSG00000037434	ENSG00000170385	ortholog_one2one	1
Slc30a10	ENSMUSG00000026614	ENSG00000196660	ortholog_one2one	1
Slc30a2	ENSMUSG00000028836	ENSG00000158014	ortholog_one2one	1
Slc30a3	ENSMUSG00000029151	ENSG00000115194	ortholog_one2one	1
Slc30a4	ENSMUSG00000005802	ENSG00000104154	ortholog_one2one	1
Slc30a5	ENSMUSG00000021629	ENSG00000145740	ortholog_one2one	1
Slc30a6	ENSMUSG00000024069	ENSG00000152683	ortholog_one2one	1
Slc30a7	ENSMUSG00000054414	ENSG00000162695	ortholog_one2one	1
Slc30a8	ENSMUSG00000022315	ENSG00000164756	ortholog_one2one	1
Slc30a9	ENSMUSG00000029221	ENSG00000014824	ortholog_one2one	1
Slc31a1	ENSMUSG00000066150	ENSG00000136868	ortholog_one2one	1
Slc31a2	ENSMUSG00000066152	ENSG00000136867	ortholog_one2one	1
Slc32a1	ENSMUSG00000037771	ENSG00000101438	ortholog_one2one	1
Slc33a1	ENSMUSG00000027822	ENSG00000169359	ortholog_one2one	1
Slc34a1	ENSMUSG00000021490	ENSG00000131183	ortholog_one2one	1
Slc34a2	ENSMUSG00000029188	ENSG00000157765	ortholog_one2one	1
Slc34a3	ENSMUSG00000006469	ENSG00000198569	ortholog_one2one	1
Slc35a1	ENSMUSG00000028293	ENSG00000164414	ortholog_one2one	1
Slc35a2	ENSMUSG00000031156	ENSG00000102100	ortholog_one2one	1
Slc35a3	ENSMUSG00000027957	ENSG00000117620	ortholog_one2one	1
Slc35a4	ENSMUSG00000033272	ENSG00000176087	ortholog_one2one	1
Slc35a5	ENSMUSG00000022664	ENSG00000138459	ortholog_one2one	1
Slc35b1	ENSMUSG00000020873	ENSG00000121073	ortholog_one2one	1
Slc35b2	ENSMUSG00000037089	ENSG00000157593	ortholog_one2one	1
Slc35b3	ENSMUSG00000021432	ENSG00000124786	ortholog_one2one	1
Slc35b4	ENSMUSG00000018999	ENSG00000205060	ortholog_one2one	1
Slc35c1	ENSMUSG00000049922	ENSG00000181830	ortholog_one2one	1
Slc35c2	ENSMUSG00000017664	ENSG00000080189	ortholog_one2one	1
Slc35d1	ENSMUSG00000028521	ENSG00000116704	ortholog_one2one	1
Slc35d2	ENSMUSG00000033114	ENSG00000130958	ortholog_one2one	1
Slc35d3	ENSMUSG00000050473	ENSG00000182747	ortholog_one2one	1
Slc35e1	ENSMUSG00000019731	ENSG00000127526	ortholog_one2one	1
Slc35e2	ENSMUSG00000042202	ENSG00000189339	ortholog_one2one	1
Slc35e3	ENSMUSG00000060181	ENSG00000175782	ortholog_one2one	1
Slc35e4	ENSMUSG00000048807	ENSG00000100036	ortholog_one2one	1
Slc35f1	ENSMUSG00000038602	ENSG00000196376	ortholog_one2one	1
Slc35f2	ENSMUSG00000042195	ENSG00000110660	ortholog_one2one	1
Slc35f3	ENSMUSG00000057060	ENSG00000183780	ortholog_one2one	1
Slc35f4	ENSMUSG00000021852	ENSG00000151812	ortholog_one2one	1
Slc35f5	ENSMUSG00000026342	ENSG00000115084	ortholog_one2one	1
Slc35f6	ENSMUSG00000029175	ENSG00000213699	ortholog_one2one	1
Slc35g1	ENSMUSG00000044026	ENSG00000176273	ortholog_one2one	1
Slc35g2	ENSMUSG00000070287	ENSG00000168917	ortholog_one2one	1
Slc36a1	ENSMUSG00000020261	ENSG00000123643	ortholog_one2one	1
Slc36a2	ENSMUSG00000020264	ENSG00000186335	ortholog_one2one	1
Slc36a3	ENSMUSG00000049491	ENSG00000186334	ortholog_one2one	1
Slc36a4	ENSMUSG00000043885	ENSG00000180773	ortholog_one2one	1
Slc37a1	ENSMUSG00000024036	ENSG00000160190	ortholog_one2one	1
Slc37a2	ENSMUSG00000032122	ENSG00000134955	ortholog_one2one	1
Slc37a4	ENSMUSG00000032114	ENSG00000137700	ortholog_one2one	1
Slc38a1	ENSMUSG00000023169	ENSG00000111371	ortholog_one2one	1
Slc38a10	ENSMUSG00000061306	ENSG00000157637	ortholog_one2one	1
Slc38a11	ENSMUSG00000061171	ENSG00000169507	ortholog_one2one	1
Slc38a2	ENSMUSG00000022462	ENSG00000134294	ortholog_one2one	1
Slc38a3	ENSMUSG00000010064	ENSG00000188338	ortholog_one2one	1
Slc38a4	ENSMUSG00000022464	ENSG00000139209	ortholog_one2one	1
Slc38a5	ENSMUSG00000031170	ENSG00000017483	ortholog_one2one	1
Slc38a6	ENSMUSG00000044712	ENSG00000139974	ortholog_one2one	1
Slc38a7	ENSMUSG00000036534	ENSG00000103042	ortholog_one2one	1
Slc38a8	ENSMUSG00000034224	ENSG00000166558	ortholog_one2one	1
Slc38a9	ENSMUSG00000047789	ENSG00000177058	ortholog_one2one	1
Slc39a1	ENSMUSG00000052310	ENSG00000143570	ortholog_one2one	1
Slc39a10	ENSMUSG00000025986	ENSG00000196950	ortholog_one2one	1
Slc39a11	ENSMUSG00000041654	ENSG00000133195	ortholog_one2one	1
Slc39a12	ENSMUSG00000036949	ENSG00000148482	ortholog_one2one	1
Slc39a13	ENSMUSG00000002105	ENSG00000165915	ortholog_one2one	1
Slc39a14	ENSMUSG00000022094	ENSG00000104635	ortholog_one2one	1
Slc39a2	ENSMUSG00000072572	ENSG00000165794	ortholog_one2one	1
Slc39a3	ENSMUSG00000046822	ENSG00000141873	ortholog_one2one	1
Slc39a4	ENSMUSG00000063354	ENSG00000147804	ortholog_one2one	1
Slc39a5	ENSMUSG00000039878	ENSG00000139540	ortholog_one2one	1
Slc39a6	ENSMUSG00000024270	ENSG00000141424	ortholog_one2one	1
Slc39a7	ENSMUSG00000024327	ENSG00000112473	ortholog_one2one	1
Slc39a8	ENSMUSG00000053897	ENSG00000138821	ortholog_one2one	1
Slc39a9	ENSMUSG00000048833	ENSG00000029364	ortholog_one2one	1
Slc3a1	ENSMUSG00000024131	ENSG00000138079	ortholog_one2one	1
Slc3a2	ENSMUSG00000010095	ENSG00000168003	ortholog_one2one	1
Slc40a1	ENSMUSG00000025993	ENSG00000138449	ortholog_one2one	1
Slc41a1	ENSMUSG00000013275	ENSG00000133065	ortholog_one2one	1
Slc41a2	ENSMUSG00000034591	ENSG00000136052	ortholog_one2one	1
Slc41a3	ENSMUSG00000030089	ENSG00000114544	ortholog_one2one	1
Slc43a1	ENSMUSG00000027075	ENSG00000149150	ortholog_one2one	1
Slc43a2	ENSMUSG00000038178	ENSG00000167703	ortholog_one2one	1
Slc43a3	ENSMUSG00000027074	ENSG00000134802	ortholog_one2one	1
Slc44a1	ENSMUSG00000028412	ENSG00000070214	ortholog_one2one	1
Slc44a2	ENSMUSG00000057193	ENSG00000129353	ortholog_one2one	1
Slc44a3	ENSMUSG00000039865	ENSG00000143036	ortholog_one2one	1
Slc44a4	ENSMUSG00000007034	ENSG00000204385	ortholog_one2one	1
Slc44a5	ENSMUSG00000028360	ENSG00000137968	ortholog_one2one	1
Slc45a1	ENSMUSG00000039838	ENSG00000162426	ortholog_one2one	1
Slc45a2	ENSMUSG00000022243	ENSG00000164175	ortholog_one2one	1
Slc45a3	ENSMUSG00000026435	ENSG00000158715	ortholog_one2one	1
Slc45a4	ENSMUSG00000079020	ENSG00000022567	ortholog_one2one	1
Slc46a1	ENSMUSG00000020829	ENSG00000076351	ortholog_one2one	1
Slc46a2	ENSMUSG00000028386	ENSG00000119457	ortholog_one2one	1
Slc46a3	ENSMUSG00000029650	ENSG00000139508	ortholog_one2one	1
Slc47a1	ENSMUSG00000010122	ENSG00000142494	ortholog_one2one	1
Slc49a3	ENSMUSG00000029490	ENSG00000169026	ortholog_one2one	1
Slc49a4	ENSMUSG00000022848	ENSG00000138463	ortholog_one2one	1
Slc4a1	ENSMUSG00000006574	ENSG00000004939	ortholog_one2one	1
Slc4a10	ENSMUSG00000026904	ENSG00000144290	ortholog_one2one	1
Slc4a11	ENSMUSG00000074796	ENSG00000088836	ortholog_one2one	1
Slc4a1ap	ENSMUSG00000029141	ENSG00000163798	ortholog_one2one	1
Slc4a2	ENSMUSG00000028962	ENSG00000164889	ortholog_one2one	1
Slc4a3	ENSMUSG00000006576	ENSG00000114923	ortholog_one2one	1
Slc4a4	ENSMUSG00000060961	ENSG00000080493	ortholog_one2one	1
Slc4a5	ENSMUSG00000068323	ENSG00000188687	ortholog_one2one	1
Slc4a7	ENSMUSG00000021733	ENSG00000033867	ortholog_one2one	1
Slc4a8	ENSMUSG00000023032	ENSG00000050438	ortholog_one2one	1
Slc4a9	ENSMUSG00000024485	ENSG00000113073	ortholog_one2one	1
Slc50a1	ENSMUSG00000027953	ENSG00000169241	ortholog_one2one	1
Slc51a	ENSMUSG00000035699	ENSG00000163959	ortholog_one2one	1
Slc51b	ENSMUSG00000053862	ENSG00000186198	ortholog_one2one	1
Slc52a3	ENSMUSG00000027463	ENSG00000101276	ortholog_one2one	1
Slc5a1	ENSMUSG00000011034	ENSG00000100170	ortholog_one2one	1
Slc5a10	ENSMUSG00000042371	ENSG00000154025	ortholog_one2one	1
Slc5a11	ENSMUSG00000030769	ENSG00000158865	ortholog_one2one	1
Slc5a12	ENSMUSG00000041644	ENSG00000148942	ortholog_one2one	1
Slc5a2	ENSMUSG00000030781	ENSG00000140675	ortholog_one2one	1
Slc5a4a	ENSMUSG00000020229	ENSG00000100191	ortholog_one2one	1
Slc5a5	ENSMUSG00000000792	ENSG00000105641	ortholog_one2one	1
Slc5a6	ENSMUSG00000006641	ENSG00000138074	ortholog_one2one	1
Slc5a7	ENSMUSG00000023945	ENSG00000115665	ortholog_one2one	1
Slc5a8	ENSMUSG00000020062	ENSG00000256870	ortholog_one2one	1
Slc5a9	ENSMUSG00000028544	ENSG00000117834	ortholog_one2one	1
Slc66a1	ENSMUSG00000028744	ENSG00000040487	ortholog_one2one	1
Slc66a2	ENSMUSG00000034006	ENSG00000122490	ortholog_one2one	1
Slc66a3	ENSMUSG00000045679	ENSG00000162976	ortholog_one2one	1
Slc6a1	ENSMUSG00000030310	ENSG00000157103	ortholog_one2one	1
Slc6a11	ENSMUSG00000030307	ENSG00000132164	ortholog_one2one	1
Slc6a12	ENSMUSG00000030109	ENSG00000111181	ortholog_one2one	1
Slc6a13	ENSMUSG00000030108	ENSG00000010379	ortholog_one2one	1
Slc6a15	ENSMUSG00000019894	ENSG00000072041	ortholog_one2one	1
Slc6a17	ENSMUSG00000027894	ENSG00000197106	ortholog_one2one	1
Slc6a18	ENSMUSG00000021612	ENSG00000164363	ortholog_one2one	1
Slc6a19	ENSMUSG00000021565	ENSG00000174358	ortholog_one2one	1
Slc6a2	ENSMUSG00000055368	ENSG00000103546	ortholog_one2one	1
Slc6a3	ENSMUSG00000021609	ENSG00000142319	ortholog_one2one	1
Slc6a4	ENSMUSG00000020838	ENSG00000108576	ortholog_one2one	1
Slc6a5	ENSMUSG00000039728	ENSG00000165970	ortholog_one2one	1
Slc6a6	ENSMUSG00000030096	ENSG00000131389	ortholog_one2one	1
Slc6a7	ENSMUSG00000052026	ENSG00000011083	ortholog_one2one	1
Slc6a9	ENSMUSG00000028542	ENSG00000196517	ortholog_one2one	1
Slc7a1	ENSMUSG00000041313	ENSG00000139514	ortholog_one2one	1
Slc7a10	ENSMUSG00000030495	ENSG00000130876	ortholog_one2one	1
Slc7a11	ENSMUSG00000027737	ENSG00000151012	ortholog_one2one	1
Slc7a13	ENSMUSG00000041052	ENSG00000164893	ortholog_one2one	1
Slc7a14	ENSMUSG00000069072	ENSG00000013293	ortholog_one2one	1
Slc7a2	ENSMUSG00000031596	ENSG00000003989	ortholog_one2one	1
Slc7a3	ENSMUSG00000031297	ENSG00000165349	ortholog_one2one	1
Slc7a4	ENSMUSG00000022756	ENSG00000099960	ortholog_one2one	1
Slc7a5	ENSMUSG00000040010	ENSG00000103257	ortholog_one2one	1
Slc7a6	ENSMUSG00000031904	ENSG00000103064	ortholog_one2one	1
Slc7a6os	ENSMUSG00000033106	ENSG00000103061	ortholog_one2one	1
Slc7a7	ENSMUSG00000000958	ENSG00000155465	ortholog_one2one	1
Slc7a8	ENSMUSG00000022180	ENSG00000092068	ortholog_one2one	1
Slc7a9	ENSMUSG00000030492	ENSG00000021488	ortholog_one2one	1
Slc8a1	ENSMUSG00000054640	ENSG00000183023	ortholog_one2one	1
Slc8a2	ENSMUSG00000030376	ENSG00000118160	ortholog_one2one	1
Slc8a3	ENSMUSG00000079055	ENSG00000100678	ortholog_one2one	1
Slc8b1	ENSMUSG00000032754	ENSG00000089060	ortholog_one2one	1
Slc9a1	ENSMUSG00000028854	ENSG00000090020	ortholog_one2one	1
Slc9a2	ENSMUSG00000026062	ENSG00000115616	ortholog_one2one	1
Slc9a3	ENSMUSG00000036123	ENSG00000066230	ortholog_one2one	1
Slc9a4	ENSMUSG00000026065	ENSG00000180251	ortholog_one2one	1
Slc9a5	ENSMUSG00000014786	ENSG00000135740	ortholog_one2one	1
Slc9a6	ENSMUSG00000060681	ENSG00000198689	ortholog_one2one	1
Slc9a7	ENSMUSG00000037341	ENSG00000065923	ortholog_one2one	1
Slc9a8	ENSMUSG00000039463	ENSG00000197818	ortholog_one2one	1
Slc9a9	ENSMUSG00000031129	ENSG00000181804	ortholog_one2one	1
Slc9b1	ENSMUSG00000050150	ENSG00000164037	ortholog_one2one	1
Slc9b2	ENSMUSG00000037994	ENSG00000164038	ortholog_one2one	1
Slc9c1	ENSMUSG00000033210	ENSG00000172139	ortholog_one2one	1
Slco1c1	ENSMUSG00000030235	ENSG00000139155	ortholog_one2one	1
Slco2a1	ENSMUSG00000032548	ENSG00000174640	ortholog_one2one	1
Slco2b1	ENSMUSG00000030737	ENSG00000137491	ortholog_one2one	1
Slco3a1	ENSMUSG00000025790	ENSG00000176463	ortholog_one2one	1
Slco4a1	ENSMUSG00000038963	ENSG00000101187	ortholog_one2one	1
Slco4c1	ENSMUSG00000040693	ENSG00000173930	ortholog_one2one	1
Slco5a1	ENSMUSG00000025938	ENSG00000137571	ortholog_one2one	1
Slf1	ENSMUSG00000021597	ENSG00000133302	ortholog_one2one	1
Slf2	ENSMUSG00000036097	ENSG00000119906	ortholog_one2one	1
Slfn14	ENSMUSG00000082101	ENSG00000236320	ortholog_one2one	1
Slfn5	ENSMUSG00000054404	ENSG00000166750	ortholog_one2one	1
Slfnl1	ENSMUSG00000047518	ENSG00000171790	ortholog_one2one	1
Slirp	ENSMUSG00000021040	ENSG00000119705	ortholog_one2one	1
Slit1	ENSMUSG00000025020	ENSG00000187122	ortholog_one2one	1
Slit2	ENSMUSG00000031558	ENSG00000145147	ortholog_one2one	1
Slit3	ENSMUSG00000056427	ENSG00000184347	ortholog_one2one	1
Slitrk1	ENSMUSG00000075478	ENSG00000178235	ortholog_one2one	1
Slitrk2	ENSMUSG00000036790	ENSG00000185985	ortholog_one2one	1
Slitrk3	ENSMUSG00000048304	ENSG00000121871	ortholog_one2one	1
Slitrk4	ENSMUSG00000046699	ENSG00000179542	ortholog_one2one	1
Slitrk5	ENSMUSG00000033214	ENSG00000165300	ortholog_one2one	1
Slitrk6	ENSMUSG00000045871	ENSG00000184564	ortholog_one2one	1
Slk	ENSMUSG00000025060	ENSG00000065613	ortholog_one2one	1
Slmap	ENSMUSG00000021870	ENSG00000163681	ortholog_one2one	1
Slpi	ENSMUSG00000017002	ENSG00000124107	ortholog_one2one	1
Sltm	ENSMUSG00000032212	ENSG00000137776	ortholog_one2one	1
Slu7	ENSMUSG00000020409	ENSG00000164609	ortholog_one2one	1
Slurp1	ENSMUSG00000022596	ENSG00000126233	ortholog_one2one	1
Slx4	ENSMUSG00000039738	ENSG00000188827	ortholog_one2one	1
Slx4ip	ENSMUSG00000027281	ENSG00000149346	ortholog_one2one	1
Slx9	ENSMUSG00000032977	ENSG00000160256	ortholog_one2one	1
Smad1	ENSMUSG00000031681	ENSG00000170365	ortholog_one2one	1
Smad2	ENSMUSG00000024563	ENSG00000175387	ortholog_one2one	1
Smad3	ENSMUSG00000032402	ENSG00000166949	ortholog_one2one	1
Smad4	ENSMUSG00000024515	ENSG00000141646	ortholog_one2one	1
Smad5	ENSMUSG00000021540	ENSG00000113658	ortholog_one2one	1
Smad6	ENSMUSG00000036867	ENSG00000137834	ortholog_one2one	1
Smad7	ENSMUSG00000025880	ENSG00000101665	ortholog_one2one	1
Smagp	ENSMUSG00000053559	ENSG00000170545	ortholog_one2one	1
Smap1	ENSMUSG00000026155	ENSG00000112305	ortholog_one2one	1
Smap2	ENSMUSG00000032870	ENSG00000084070	ortholog_one2one	1
Smarca1	ENSMUSG00000031099	ENSG00000102038	ortholog_one2one	1
Smarca2	ENSMUSG00000024921	ENSG00000080503	ortholog_one2one	1
Smarca4	ENSMUSG00000032187	ENSG00000127616	ortholog_one2one	1
Smarca5	ENSMUSG00000031715	ENSG00000153147	ortholog_one2one	1
Smarcad1	ENSMUSG00000029920	ENSG00000163104	ortholog_one2one	1
Smarcal1	ENSMUSG00000039354	ENSG00000138375	ortholog_one2one	1
Smarcb1	ENSMUSG00000000902	ENSG00000099956	ortholog_one2one	1
Smarcc1	ENSMUSG00000032481	ENSG00000173473	ortholog_one2one	1
Smarcc2	ENSMUSG00000025369	ENSG00000139613	ortholog_one2one	1
Smarcd1	ENSMUSG00000023018	ENSG00000066117	ortholog_one2one	1
Smarcd2	ENSMUSG00000078619	ENSG00000108604	ortholog_one2one	1
Smarcd3	ENSMUSG00000028949	ENSG00000082014	ortholog_one2one	1
Smarce1	ENSMUSG00000037935	ENSG00000073584	ortholog_one2one	1
Smc1a	ENSMUSG00000041133	ENSG00000072501	ortholog_one2one	1
Smc1b	ENSMUSG00000022432	ENSG00000077935	ortholog_one2one	1
Smc2	ENSMUSG00000028312	ENSG00000136824	ortholog_one2one	1
Smc3	ENSMUSG00000024974	ENSG00000108055	ortholog_one2one	1
Smc4	ENSMUSG00000034349	ENSG00000113810	ortholog_one2one	1
Smc5	ENSMUSG00000024943	ENSG00000198887	ortholog_one2one	1
Smc6	ENSMUSG00000020608	ENSG00000163029	ortholog_one2one	1
Smchd1	ENSMUSG00000024054	ENSG00000101596	ortholog_one2one	1
Smco1	ENSMUSG00000046345	ENSG00000214097	ortholog_one2one	1
Smco3	ENSMUSG00000043298	ENSG00000179256	ortholog_one2one	1
Smco4	ENSMUSG00000058173	ENSG00000166002	ortholog_one2one	1
Smcr8	ENSMUSG00000049323	ENSG00000176994	ortholog_one2one	1
Smdt1	ENSMUSG00000022452	ENSG00000183172	ortholog_one2one	1
Smg1	ENSMUSG00000030655	ENSG00000157106	ortholog_one2one	1
Smg5	ENSMUSG00000001415	ENSG00000198952	ortholog_one2one	1
Smg6	ENSMUSG00000038290	ENSG00000070366	ortholog_one2one	1
Smg7	ENSMUSG00000042772	ENSG00000116698	ortholog_one2one	1
Smg8	ENSMUSG00000020495	ENSG00000167447	ortholog_one2one	1
Smg9	ENSMUSG00000002210	ENSG00000105771	ortholog_one2one	1
Smim1	ENSMUSG00000078350	ENSG00000235169	ortholog_one2one	1
Smim10l1	ENSMUSG00000072704	ENSG00000256537	ortholog_one2one	1
Smim11	ENSMUSG00000051989	ENSG00000205670	ortholog_one2one	1
Smim12	ENSMUSG00000042380	ENSG00000163866	ortholog_one2one	1
Smim13	ENSMUSG00000091264	ENSG00000224531	ortholog_one2one	1
Smim14	ENSMUSG00000037822	ENSG00000163683	ortholog_one2one	1
Smim15	ENSMUSG00000071180	ENSG00000188725	ortholog_one2one	1
Smim17	ENSMUSG00000093536	ENSG00000268182	ortholog_one2one	1
Smim18	ENSMUSG00000094500	ENSG00000253457	ortholog_one2one	1
Smim19	ENSMUSG00000031534	ENSG00000176209	ortholog_one2one	1
Smim20	ENSMUSG00000061461	ENSG00000250317	ortholog_one2one	1
Smim22	ENSMUSG00000096215	ENSG00000267795	ortholog_one2one	1
Smim24	ENSMUSG00000078439	ENSG00000095932	ortholog_one2one	1
Smim29	ENSMUSG00000062753	ENSG00000186577	ortholog_one2one	1
Smim3	ENSMUSG00000038059	ENSG00000256235	ortholog_one2one	1
Smim30	ENSMUSG00000052419	ENSG00000214194	ortholog_one2one	1
Smim31	ENSMUSG00000074300	ENSG00000248771	ortholog_one2one	1
Smim32	ENSMUSG00000110086	ENSG00000271824	ortholog_one2one	1
Smim33	ENSMUSG00000073598	ENSG00000283288	ortholog_one2one	1
Smim34	ENSMUSG00000116967	ENSG00000243627	ortholog_one2one	1
Smim35	ENSMUSG00000091996	ENSG00000255274	ortholog_one2one	1
Smim38	ENSMUSG00000109305	ENSG00000284713	ortholog_one2one	1
Smim39	ENSMUSG00000118272	ENSG00000284479	ortholog_one2one	1
Smim43	ENSMUSG00000085007	ENSG00000164112	ortholog_one2one	1
Smim45	ENSMUSG00000068099	ENSG00000205704	ortholog_one2one	1
Smim46	ENSMUSG00000121579	ENSG00000289762	ortholog_one2one	1
Smim5	ENSMUSG00000048442	ENSG00000204323	ortholog_one2one	1
Smim8	ENSMUSG00000028295	ENSG00000111850	ortholog_one2one	1
Smndc1	ENSMUSG00000025024	ENSG00000119953	ortholog_one2one	1
Smo	ENSMUSG00000001761	ENSG00000128602	ortholog_one2one	1
Smoc1	ENSMUSG00000021136	ENSG00000198732	ortholog_one2one	1
Smoc2	ENSMUSG00000023886	ENSG00000112562	ortholog_one2one	1
Smox	ENSMUSG00000027333	ENSG00000088826	ortholog_one2one	1
Smpd1	ENSMUSG00000037049	ENSG00000166311	ortholog_one2one	1
Smpd2	ENSMUSG00000019822	ENSG00000135587	ortholog_one2one	1
Smpd3	ENSMUSG00000031906	ENSG00000103056	ortholog_one2one	1
Smpd4	ENSMUSG00000005899	ENSG00000136699	ortholog_one2one	1
Smpdl3a	ENSMUSG00000019872	ENSG00000172594	ortholog_one2one	1
Smpdl3b	ENSMUSG00000028885	ENSG00000130768	ortholog_one2one	1
Smpx	ENSMUSG00000041476	ENSG00000091482	ortholog_one2one	1
Sms	ENSMUSG00000071708	ENSG00000102172	ortholog_one2one	1
Smtn	ENSMUSG00000020439	ENSG00000183963	ortholog_one2one	1
Smtnl1	ENSMUSG00000027077	ENSG00000214872	ortholog_one2one	1
Smtnl2	ENSMUSG00000045667	ENSG00000188176	ortholog_one2one	1
Smu1	ENSMUSG00000028409	ENSG00000122692	ortholog_one2one	1
Smug1	ENSMUSG00000036061	ENSG00000123415	ortholog_one2one	1
Smurf1	ENSMUSG00000038780	ENSG00000198742	ortholog_one2one	1
Smurf2	ENSMUSG00000018363	ENSG00000108854	ortholog_one2one	1
Smyd1	ENSMUSG00000055027	ENSG00000115593	ortholog_one2one	1
Smyd2	ENSMUSG00000026603	ENSG00000143499	ortholog_one2one	1
Smyd3	ENSMUSG00000055067	ENSG00000185420	ortholog_one2one	1
Smyd4	ENSMUSG00000018809	ENSG00000186532	ortholog_one2one	1
Smyd5	ENSMUSG00000033706	ENSG00000135632	ortholog_one2one	1
Snai1	ENSMUSG00000042821	ENSG00000124216	ortholog_one2one	1
Snai2	ENSMUSG00000022676	ENSG00000019549	ortholog_one2one	1
Snai3	ENSMUSG00000006587	ENSG00000185669	ortholog_one2one	1
Snap23	ENSMUSG00000027287	ENSG00000092531	ortholog_one2one	1
Snap25	ENSMUSG00000027273	ENSG00000132639	ortholog_one2one	1
Snap29	ENSMUSG00000022765	ENSG00000099940	ortholog_one2one	1
Snap47	ENSMUSG00000009894	ENSG00000143740	ortholog_one2one	1
Snap91	ENSMUSG00000033419	ENSG00000065609	ortholog_one2one	1
Snapc1	ENSMUSG00000021113	ENSG00000023608	ortholog_one2one	1
Snapc2	ENSMUSG00000011837	ENSG00000104976	ortholog_one2one	1
Snapc3	ENSMUSG00000028483	ENSG00000164975	ortholog_one2one	1
Snapc4	ENSMUSG00000036281	ENSG00000165684	ortholog_one2one	1
Snapc5	ENSMUSG00000032398	ENSG00000174446	ortholog_one2one	1
Snapin	ENSMUSG00000001018	ENSG00000143553	ortholog_one2one	1
Snca	ENSMUSG00000025889	ENSG00000145335	ortholog_one2one	1
Sncaip	ENSMUSG00000024534	ENSG00000064692	ortholog_one2one	1
Sncb	ENSMUSG00000034891	ENSG00000074317	ortholog_one2one	1
Sncg	ENSMUSG00000023064	ENSG00000173267	ortholog_one2one	1
Snd1	ENSMUSG00000001424	ENSG00000197157	ortholog_one2one	1
Sned1	ENSMUSG00000047793	ENSG00000162804	ortholog_one2one	1
Snf8	ENSMUSG00000006058	ENSG00000159210	ortholog_one2one	1
Snip1	ENSMUSG00000050213	ENSG00000163877	ortholog_one2one	1
Snn	ENSMUSG00000037972	ENSG00000184602	ortholog_one2one	1
Snora16a	ENSMUSG00002075525	ENSG00000274582	ortholog_one2one	1
Snora20	ENSMUSG00000064637	ENSG00000207392	ortholog_one2one	1
Snora21	ENSMUSG00000064901	ENSG00000199293	ortholog_one2one	1
Snora23	ENSMUSG00000064451	ENSG00000201998	ortholog_one2one	1
Snora28	ENSMUSG00000064493	ENSG00000272533	ortholog_one2one	1
Snora2b	ENSMUSG00000065939	ENSG00000207313	ortholog_one2one	1
Snora34	ENSMUSG00002076288	ENSG00000221491	ortholog_one2one	1
Snora35	ENSMUSG00000077767	ENSG00000208839	ortholog_one2one	1
Snora36b	ENSMUSG00002075146	ENSG00000222370	ortholog_one2one	1
Snora44	ENSMUSG00000064604	ENSG00000273544	ortholog_one2one	1
Snora47	ENSMUSG00000088108	ENSG00000238961	ortholog_one2one	1
Snora57	ENSMUSG00000070167	ENSG00000206597	ortholog_one2one	1
Snora5c	ENSMUSG00000065686	ENSG00000201772	ortholog_one2one	1
Snora62	ENSMUSG00000064925	ENSG00000202363	ortholog_one2one	1
Snora64	ENSMUSG00000077709	ENSG00000207405	ortholog_one2one	1
Snora68	ENSMUSG00000077563	ENSG00000207166	ortholog_one2one	1
Snora74a	ENSMUSG00000065649	ENSG00000200959	ortholog_one2one	1
Snora75	ENSMUSG00000064837	ENSG00000206885	ortholog_one2one	1
Snora9	ENSMUSG00000064513	ENSG00000277184	ortholog_one2one	1
Snorc	ENSMUSG00000026258	ENSG00000182600	ortholog_one2one	1
Snord100	ENSMUSG00002076971	ENSG00000221500	ortholog_one2one	1
Snord104	ENSMUSG00000065126	ENSG00000199753	ortholog_one2one	1
Snord107	ENSMUSG00000089375	ENSG00000276314	ortholog_one2one	1
Snord110	ENSMUSG00000080610	ENSG00000221116	ortholog_one2one	1
Snord12	ENSMUSG00000077698	ENSG00000212304	ortholog_one2one	1
Snord123	ENSMUSG00000089317	ENSG00000239112	ortholog_one2one	1
Snord14c	ENSMUSG00000119805	ENSG00000202252	ortholog_one2one	1
Snord14d	ENSMUSG00000118706	ENSG00000207118	ortholog_one2one	1
Snord14e	ENSMUSG00002076818	ENSG00000200879	ortholog_one2one	1
Snord15a	ENSMUSG00000065822	ENSG00000206941	ortholog_one2one	1
Snord15b	ENSMUSG00000064966	ENSG00000207445	ortholog_one2one	1
Snord16a	ENSMUSG00000119388	ENSG00000199673	ortholog_one2one	1
Snord17	ENSMUSG00000077714	ENSG00000212232	ortholog_one2one	1
Snord19	ENSMUSG00000077797	ENSG00000212493	ortholog_one2one	1
Snord1a	ENSMUSG00000065094	ENSG00000278261	ortholog_one2one	1
Snord2	ENSMUSG00000088524	ENSG00000238942	ortholog_one2one	1
Snord21	ENSMUSG00000064453	ENSG00000206680	ortholog_one2one	1
Snord23	ENSMUSG00000080478	ENSG00000221803	ortholog_one2one	1
Snord33	ENSMUSG00002076766	ENSG00000199631	ortholog_one2one	1
Snord34	ENSMUSG00000065878	ENSG00000202503	ortholog_one2one	1
Snord35a	ENSMUSG00000065818	ENSG00000200259	ortholog_one2one	1
Snord37	ENSMUSG00000064441	ENSG00000206775	ortholog_one2one	1
Snord38a	ENSMUSG00000065680	ENSG00000202031	ortholog_one2one	1
Snord42a	ENSMUSG00000064540	ENSG00000238649	ortholog_one2one	1
Snord45b	ENSMUSG00000064731	ENSG00000201487	ortholog_one2one	1
Snord47	ENSMUSG00000064968	ENSG00000310741	ortholog_one2one	1
Snord49a	ENSMUSG00000065734	ENSG00000277370	ortholog_one2one	1
Snord49b	ENSMUSG00000064437	ENSG00000277108	ortholog_one2one	1
Snord4a	ENSMUSG00000077625	ENSG00000238578	ortholog_one2one	1
Snord52	ENSMUSG00000093009	ENSG00000201754	ortholog_one2one	1
Snord53	ENSMUSG00000092887	ENSG00000265145	ortholog_one2one	1
Snord55	ENSMUSG00000092680	ENSG00000264294	ortholog_one2one	1
Snord57	ENSMUSG00000065272	ENSG00000226572	ortholog_one2one	1
Snord59a	ENSMUSG00000064778	ENSG00000207031	ortholog_one2one	1
Snord60	ENSMUSG00000064768	ENSG00000206630	ortholog_one2one	1
Snord61	ENSMUSG00000065110	ENSG00000206979	ortholog_one2one	1
Snord64	ENSMUSG00000077191	ENSG00000276610	ortholog_one2one	1
Snord66	ENSMUSG00000077239	ENSG00000212158	ortholog_one2one	1
Snord67	ENSMUSG00000077221	ENSG00000212135	ortholog_one2one	1
Snord68	ENSMUSG00000064450	ENSG00000200084	ortholog_one2one	1
Snord69	ENSMUSG00000077212	ENSG00000212452	ortholog_one2one	1
Snord7	ENSMUSG00000065715	ENSG00000207297	ortholog_one2one	1
Snord70	ENSMUSG00000077345	ENSG00000212534	ortholog_one2one	1
Snord71	ENSMUSG00000077549	ENSG00000223224	ortholog_one2one	1
Snord72	ENSMUSG00000077737	ENSG00000212296	ortholog_one2one	1
Snord73a	ENSMUSG00000064984	ENSG00000208797	ortholog_one2one	1
Snord73b	ENSMUSG00000064390	ENSG00000201264	ortholog_one2one	1
Snord78	ENSMUSG00000077220	ENSG00000310744	ortholog_one2one	1
Snord8	ENSMUSG00000093044	ENSG00000200785	ortholog_one2one	1
Snord82	ENSMUSG00000064823	ENSG00000202400	ortholog_one2one	1
Snord83b	ENSMUSG00000077734	ENSG00000209480	ortholog_one2one	1
Snord87	ENSMUSG00000093178	ENSG00000254341	ortholog_one2one	1
Snord89	ENSMUSG00000077704	ENSG00000212283	ortholog_one2one	1
Snord90	ENSMUSG00000077756	ENSG00000212447	ortholog_one2one	1
Snord92	ENSMUSG00000093289	ENSG00000264994	ortholog_one2one	1
Snord94	ENSMUSG00000080465	ENSG00000208772	ortholog_one2one	1
Snord96a	ENSMUSG00000064725	ENSG00000272296	ortholog_one2one	1
Snord98	ENSMUSG00000080469	ENSG00000283551	ortholog_one2one	1
Snord99	ENSMUSG00000080615	ENSG00000221539	ortholog_one2one	1
Snph	ENSMUSG00000027457	ENSG00000101298	ortholog_one2one	1
Snrk	ENSMUSG00000038145	ENSG00000163788	ortholog_one2one	1
Snrnp200	ENSMUSG00000003660	ENSG00000144028	ortholog_one2one	1
Snrnp25	ENSMUSG00000040767	ENSG00000161981	ortholog_one2one	1
Snrnp27	ENSMUSG00000001158	ENSG00000124380	ortholog_one2one	1
Snrnp35	ENSMUSG00000029402	ENSG00000184209	ortholog_one2one	1
Snrnp40	ENSMUSG00000074088	ENSG00000060688	ortholog_one2one	1
Snrnp48	ENSMUSG00000021431	ENSG00000168566	ortholog_one2one	1
Snrnp70	ENSMUSG00000063511	ENSG00000104852	ortholog_one2one	1
Snrpa	ENSMUSG00000061479	ENSG00000077312	ortholog_one2one	1
Snrpa1	ENSMUSG00000030512	ENSG00000131876	ortholog_one2one	1
Snrpb	ENSMUSG00000027404	ENSG00000125835	ortholog_one2one	1
Snrpb2	ENSMUSG00000008333	ENSG00000125870	ortholog_one2one	1
Snrpc	ENSMUSG00000024217	ENSG00000124562	ortholog_one2one	1
Snrpd2	ENSMUSG00000040824	ENSG00000125743	ortholog_one2one	1
Snrpd3	ENSMUSG00000020180	ENSG00000100028	ortholog_one2one	1
Snrpf	ENSMUSG00000020018	ENSG00000139343	ortholog_one2one	1
Snrpg	ENSMUSG00000057278	ENSG00000143977	ortholog_one2one	1
Snrpn	ENSMUSG00000102252	ENSG00000128739	ortholog_one2one	1
Snta1	ENSMUSG00000027488	ENSG00000101400	ortholog_one2one	1
Sntb1	ENSMUSG00000060429	ENSG00000172164	ortholog_one2one	1
Sntb2	ENSMUSG00000041308	ENSG00000168807	ortholog_one2one	1
Sntg1	ENSMUSG00000025909	ENSG00000147481	ortholog_one2one	1
Sntg2	ENSMUSG00000020672	ENSG00000172554	ortholog_one2one	1
Sntn	ENSMUSG00000044772	ENSG00000188817	ortholog_one2one	1
Snu13	ENSMUSG00000063480	ENSG00000100138	ortholog_one2one	1
Snupn	ENSMUSG00000055334	ENSG00000169371	ortholog_one2one	1
Snurf	ENSMUSG00000102627	ENSG00000273173	ortholog_one2one	1
Snw1	ENSMUSG00000021039	ENSG00000100603	ortholog_one2one	1
Snx1	ENSMUSG00000032382	ENSG00000028528	ortholog_one2one	1
Snx10	ENSMUSG00000038301	ENSG00000086300	ortholog_one2one	1
Snx11	ENSMUSG00000020876	ENSG00000002919	ortholog_one2one	1
Snx12	ENSMUSG00000046032	ENSG00000147164	ortholog_one2one	1
Snx13	ENSMUSG00000020590	ENSG00000071189	ortholog_one2one	1
Snx14	ENSMUSG00000032422	ENSG00000135317	ortholog_one2one	1
Snx15	ENSMUSG00000024787	ENSG00000110025	ortholog_one2one	1
Snx16	ENSMUSG00000027534	ENSG00000104497	ortholog_one2one	1
Snx17	ENSMUSG00000029146	ENSG00000115234	ortholog_one2one	1
Snx18	ENSMUSG00000042364	ENSG00000178996	ortholog_one2one	1
Snx19	ENSMUSG00000031993	ENSG00000120451	ortholog_one2one	1
Snx2	ENSMUSG00000034484	ENSG00000205302	ortholog_one2one	1
Snx20	ENSMUSG00000031662	ENSG00000167208	ortholog_one2one	1
Snx21	ENSMUSG00000050373	ENSG00000124104	ortholog_one2one	1
Snx22	ENSMUSG00000039452	ENSG00000157734	ortholog_one2one	1
Snx24	ENSMUSG00000024535	ENSG00000064652	ortholog_one2one	1
Snx25	ENSMUSG00000038291	ENSG00000109762	ortholog_one2one	1
Snx27	ENSMUSG00000028136	ENSG00000143376	ortholog_one2one	1
Snx29	ENSMUSG00000071669	ENSG00000048471	ortholog_one2one	1
Snx3	ENSMUSG00000019804	ENSG00000112335	ortholog_one2one	1
Snx30	ENSMUSG00000028385	ENSG00000148158	ortholog_one2one	1
Snx31	ENSMUSG00000013611	ENSG00000174226	ortholog_one2one	1
Snx32	ENSMUSG00000056185	ENSG00000172803	ortholog_one2one	1
Snx33	ENSMUSG00000032733	ENSG00000173548	ortholog_one2one	1
Snx4	ENSMUSG00000022808	ENSG00000114520	ortholog_one2one	1
Snx5	ENSMUSG00000027423	ENSG00000089006	ortholog_one2one	1
Snx6	ENSMUSG00000005656	ENSG00000129515	ortholog_one2one	1
Snx7	ENSMUSG00000028007	ENSG00000162627	ortholog_one2one	1
Snx8	ENSMUSG00000029560	ENSG00000106266	ortholog_one2one	1
Snx9	ENSMUSG00000002365	ENSG00000130340	ortholog_one2one	1
Soat1	ENSMUSG00000026600	ENSG00000057252	ortholog_one2one	1
Soat2	ENSMUSG00000023045	ENSG00000167780	ortholog_one2one	1
Sobp	ENSMUSG00000038248	ENSG00000112320	ortholog_one2one	1
Socs1	ENSMUSG00000038037	ENSG00000185338	ortholog_one2one	1
Socs2	ENSMUSG00000020027	ENSG00000120833	ortholog_one2one	1
Socs3	ENSMUSG00000053113	ENSG00000184557	ortholog_one2one	1
Socs4	ENSMUSG00000048379	ENSG00000180008	ortholog_one2one	1
Socs5	ENSMUSG00000037104	ENSG00000171150	ortholog_one2one	1
Socs6	ENSMUSG00000056153	ENSG00000170677	ortholog_one2one	1
Socs7	ENSMUSG00000038485	ENSG00000274211	ortholog_one2one	1
Sod1	ENSMUSG00000022982	ENSG00000142168	ortholog_one2one	1
Sod2	ENSMUSG00000006818	ENSG00000291237	ortholog_one2one	1
Sod3	ENSMUSG00000072941	ENSG00000109610	ortholog_one2one	1
Son	ENSMUSG00000022961	ENSG00000159140	ortholog_one2one	1
Sorbs1	ENSMUSG00000025006	ENSG00000095637	ortholog_one2one	1
Sorbs2	ENSMUSG00000031626	ENSG00000154556	ortholog_one2one	1
Sorbs3	ENSMUSG00000022091	ENSG00000120896	ortholog_one2one	1
Sorcs1	ENSMUSG00000043531	ENSG00000108018	ortholog_one2one	1
Sorcs2	ENSMUSG00000029093	ENSG00000184985	ortholog_one2one	1
Sorcs3	ENSMUSG00000063434	ENSG00000156395	ortholog_one2one	1
Sord	ENSMUSG00000027227	ENSG00000140263	ortholog_one2one	1
Sorl1	ENSMUSG00000049313	ENSG00000137642	ortholog_one2one	1
Sort1	ENSMUSG00000068747	ENSG00000134243	ortholog_one2one	1
Sos1	ENSMUSG00000024241	ENSG00000115904	ortholog_one2one	1
Sos2	ENSMUSG00000034801	ENSG00000100485	ortholog_one2one	1
Sost	ENSMUSG00000001494	ENSG00000167941	ortholog_one2one	1
Sostdc1	ENSMUSG00000036169	ENSG00000171243	ortholog_one2one	1
Sowaha	ENSMUSG00000044352	ENSG00000198944	ortholog_one2one	1
Sowahb	ENSMUSG00000045314	ENSG00000186212	ortholog_one2one	1
Sowahc	ENSMUSG00000098188	ENSG00000198142	ortholog_one2one	1
Sowahd	ENSMUSG00000044400	ENSG00000187808	ortholog_one2one	1
Sox1	ENSMUSG00000096014	ENSG00000182968	ortholog_one2one	1
Sox10	ENSMUSG00000033006	ENSG00000100146	ortholog_one2one	1
Sox11	ENSMUSG00000063632	ENSG00000176887	ortholog_one2one	1
Sox12	ENSMUSG00000051817	ENSG00000177732	ortholog_one2one	1
Sox13	ENSMUSG00000070643	ENSG00000143842	ortholog_one2one	1
Sox14	ENSMUSG00000053747	ENSG00000168875	ortholog_one2one	1
Sox15	ENSMUSG00000041287	ENSG00000129194	ortholog_one2one	1
Sox17	ENSMUSG00000025902	ENSG00000164736	ortholog_one2one	1
Sox18	ENSMUSG00000046470	ENSG00000203883	ortholog_one2one	1
Sox2	ENSMUSG00000074637	ENSG00000181449	ortholog_one2one	1
Sox21	ENSMUSG00000061517	ENSG00000125285	ortholog_one2one	1
Sox3	ENSMUSG00000045179	ENSG00000134595	ortholog_one2one	1
Sox30	ENSMUSG00000040489	ENSG00000039600	ortholog_one2one	1
Sox4	ENSMUSG00000076431	ENSG00000124766	ortholog_one2one	1
Sox5	ENSMUSG00000041540	ENSG00000134532	ortholog_one2one	1
Sox6	ENSMUSG00000051910	ENSG00000110693	ortholog_one2one	1
Sox7	ENSMUSG00000063060	ENSG00000171056	ortholog_one2one	1
Sox8	ENSMUSG00000024176	ENSG00000005513	ortholog_one2one	1
Sox9	ENSMUSG00000000567	ENSG00000125398	ortholog_one2one	1
Sp1	ENSMUSG00000001280	ENSG00000185591	ortholog_one2one	1
Sp2	ENSMUSG00000018678	ENSG00000167182	ortholog_one2one	1
Sp3	ENSMUSG00000027109	ENSG00000172845	ortholog_one2one	1
Sp4	ENSMUSG00000025323	ENSG00000105866	ortholog_one2one	1
Sp5	ENSMUSG00000075304	ENSG00000204335	ortholog_one2one	1
Sp6	ENSMUSG00000038560	ENSG00000189120	ortholog_one2one	1
Sp7	ENSMUSG00000060284	ENSG00000170374	ortholog_one2one	1
Sp8	ENSMUSG00000048562	ENSG00000164651	ortholog_one2one	1
Sp9	ENSMUSG00000068859	ENSG00000217236	ortholog_one2one	1
Spa17	ENSMUSG00000001948	ENSG00000064199	ortholog_one2one	1
Spaar	ENSMUSG00000028475	ENSG00000235387	ortholog_one2one	1
Spaca1	ENSMUSG00000028264	ENSG00000118434	ortholog_one2one	1
Spaca3	ENSMUSG00000053184	ENSG00000141316	ortholog_one2one	1
Spaca4	ENSMUSG00000070563	ENSG00000177202	ortholog_one2one	1
Spaca6	ENSMUSG00000080316	ENSG00000182310	ortholog_one2one	1
Spaca9	ENSMUSG00000026809	ENSG00000165698	ortholog_one2one	1
Spag1	ENSMUSG00000037617	ENSG00000104450	ortholog_one2one	1
Spag16	ENSMUSG00000053153	ENSG00000144451	ortholog_one2one	1
Spag17	ENSMUSG00000027867	ENSG00000155761	ortholog_one2one	1
Spag4	ENSMUSG00000038180	ENSG00000061656	ortholog_one2one	1
Spag5	ENSMUSG00000002055	ENSG00000076382	ortholog_one2one	1
Spag7	ENSMUSG00000018287	ENSG00000091640	ortholog_one2one	1
Spag8	ENSMUSG00000066196	ENSG00000137098	ortholog_one2one	1
Spag9	ENSMUSG00000020859	ENSG00000008294	ortholog_one2one	1
Sparc	ENSMUSG00000018593	ENSG00000113140	ortholog_one2one	1
Sparcl1	ENSMUSG00000029309	ENSG00000152583	ortholog_one2one	1
Spart	ENSMUSG00000036580	ENSG00000133104	ortholog_one2one	1
Spast	ENSMUSG00000024068	ENSG00000021574	ortholog_one2one	1
Spata1	ENSMUSG00000028188	ENSG00000122432	ortholog_one2one	1
Spata13	ENSMUSG00000021990	ENSG00000182957	ortholog_one2one	1
Spata16	ENSMUSG00000039335	ENSG00000144962	ortholog_one2one	1
Spata17	ENSMUSG00000026611	ENSG00000162814	ortholog_one2one	1
Spata18	ENSMUSG00000029155	ENSG00000163071	ortholog_one2one	1
Spata19	ENSMUSG00000031991	ENSG00000166118	ortholog_one2one	1
Spata2	ENSMUSG00000047030	ENSG00000158480	ortholog_one2one	1
Spata20	ENSMUSG00000020867	ENSG00000006282	ortholog_one2one	1
Spata22	ENSMUSG00000112920	ENSG00000141255	ortholog_one2one	1
Spata24	ENSMUSG00000024352	ENSG00000170469	ortholog_one2one	1
Spata25	ENSMUSG00000017767	ENSG00000149634	ortholog_one2one	1
Spata2l	ENSMUSG00000033594	ENSG00000158792	ortholog_one2one	1
Spata33	ENSMUSG00000048478	ENSG00000167523	ortholog_one2one	1
Spata4	ENSMUSG00000031518	ENSG00000150628	ortholog_one2one	1
Spata45	ENSMUSG00000057072	ENSG00000185523	ortholog_one2one	1
Spata46	ENSMUSG00000042800	ENSG00000171722	ortholog_one2one	1
Spata6	ENSMUSG00000034401	ENSG00000132122	ortholog_one2one	1
Spata6l	ENSMUSG00000064202	ENSG00000106686	ortholog_one2one	1
Spata7	ENSMUSG00000021007	ENSG00000042317	ortholog_one2one	1
Spata9	ENSMUSG00000021590	ENSG00000145757	ortholog_one2one	1
Spatc1	ENSMUSG00000049653	ENSG00000186583	ortholog_one2one	1
Spatc1l	ENSMUSG00000009115	ENSG00000160284	ortholog_one2one	1
Spats1	ENSMUSG00000023935	ENSG00000249481	ortholog_one2one	1
Spats2	ENSMUSG00000051934	ENSG00000123352	ortholog_one2one	1
Spats2l	ENSMUSG00000038305	ENSG00000196141	ortholog_one2one	1
Spc24	ENSMUSG00000074476	ENSG00000161888	ortholog_one2one	1
Spc25	ENSMUSG00000005233	ENSG00000152253	ortholog_one2one	1
Spcs1	ENSMUSG00000021917	ENSG00000114902	ortholog_one2one	1
Spcs2	ENSMUSG00000035227	ENSG00000118363	ortholog_one2one	1
Spdef	ENSMUSG00000024215	ENSG00000124664	ortholog_one2one	1
Spdl1	ENSMUSG00000069910	ENSG00000040275	ortholog_one2one	1
Spdya	ENSMUSG00000052525	ENSG00000163806	ortholog_one2one	1
Specc1	ENSMUSG00000042331	ENSG00000128487	ortholog_one2one	1
Specc1l	ENSMUSG00000033444	ENSG00000100014	ortholog_one2one	1
Spef1	ENSMUSG00000027329	ENSG00000101222	ortholog_one2one	1
Spef2	ENSMUSG00000072663	ENSG00000152582	ortholog_one2one	1
Speg	ENSMUSG00000026207	ENSG00000072195	ortholog_one2one	1
Spem1	ENSMUSG00000041165	ENSG00000181323	ortholog_one2one	1
Spem2	ENSMUSG00000044084	ENSG00000184560	ortholog_one2one	1
Spen	ENSMUSG00000040761	ENSG00000065526	ortholog_one2one	1
Spg11	ENSMUSG00000033396	ENSG00000104133	ortholog_one2one	1
Spg21	ENSMUSG00000032388	ENSG00000090487	ortholog_one2one	1
Spg7	ENSMUSG00000000738	ENSG00000197912	ortholog_one2one	1
Sphk1	ENSMUSG00000061878	ENSG00000176170	ortholog_one2one	1
Sphk2	ENSMUSG00000057342	ENSG00000063176	ortholog_one2one	1
Sphkap	ENSMUSG00000026163	ENSG00000153820	ortholog_one2one	1
Spi1	ENSMUSG00000002111	ENSG00000066336	ortholog_one2one	1
Spib	ENSMUSG00000008193	ENSG00000269404	ortholog_one2one	1
Spic	ENSMUSG00000004359	ENSG00000166211	ortholog_one2one	1
Spice1	ENSMUSG00000043065	ENSG00000163611	ortholog_one2one	1
Spidr	ENSMUSG00000041974	ENSG00000164808	ortholog_one2one	1
Spin1	ENSMUSG00000021395	ENSG00000106723	ortholog_one2one	1
Spin4	ENSMUSG00000071722	ENSG00000186767	ortholog_one2one	1
Spindoc	ENSMUSG00000024970	ENSG00000168005	ortholog_one2one	1
Spink1	ENSMUSG00000024503	ENSG00000164266	ortholog_one2one	1
Spink13	ENSMUSG00000073551	ENSG00000214510	ortholog_one2one	1
Spink14	ENSMUSG00000051050	ENSG00000196800	ortholog_one2one	1
Spink5	ENSMUSG00000055561	ENSG00000133710	ortholog_one2one	1
Spink6	ENSMUSG00000055095	ENSG00000178172	ortholog_one2one	1
Spink7	ENSMUSG00000060201	ENSG00000145879	ortholog_one2one	1
Spink8	ENSMUSG00000050074	ENSG00000229453	ortholog_one2one	1
Spint1	ENSMUSG00000027315	ENSG00000166145	ortholog_one2one	1
Spint2	ENSMUSG00000074227	ENSG00000167642	ortholog_one2one	1
Spire1	ENSMUSG00000024533	ENSG00000134278	ortholog_one2one	1
Spire2	ENSMUSG00000010154	ENSG00000204991	ortholog_one2one	1
Spmap1	ENSMUSG00000018543	ENSG00000275489	ortholog_one2one	1
Spmap2	ENSMUSG00000020317	ENSG00000105549	ortholog_one2one	1
Spmap2l	ENSMUSG00000029248	ENSG00000249693	ortholog_one2one	1
Spmip1	ENSMUSG00000090685	ENSG00000272899	ortholog_one2one	1
Spmip10	ENSMUSG00000032900	ENSG00000196900	ortholog_one2one	1
Spmip11	ENSMUSG00000022993	ENSG00000257987	ortholog_one2one	1
Spmip3	ENSMUSG00000015962	ENSG00000173728	ortholog_one2one	1
Spmip4	ENSMUSG00000029828	ENSG00000153790	ortholog_one2one	1
Spmip5	ENSMUSG00000026931	ENSG00000165863	ortholog_one2one	1
Spmip6	ENSMUSG00000028441	ENSG00000164972	ortholog_one2one	1
Spmip7	ENSMUSG00000020191	ENSG00000164500	ortholog_one2one	1
Spmip8	ENSMUSG00000090206	ENSG00000159648	ortholog_one2one	1
Spmip9	ENSMUSG00000051896	ENSG00000172073	ortholog_one2one	1
Spn	ENSMUSG00000051457	ENSG00000197471	ortholog_one2one	1
Spns1	ENSMUSG00000030741	ENSG00000169682	ortholog_one2one	1
Spns2	ENSMUSG00000040447	ENSG00000183018	ortholog_one2one	1
Spns3	ENSMUSG00000020798	ENSG00000182557	ortholog_one2one	1
Spo11	ENSMUSG00000005883	ENSG00000054796	ortholog_one2one	1
Spock1	ENSMUSG00000056222	ENSG00000152377	ortholog_one2one	1
Spock2	ENSMUSG00000058297	ENSG00000107742	ortholog_one2one	1
Spock3	ENSMUSG00000054162	ENSG00000196104	ortholog_one2one	1
Spon1	ENSMUSG00000038156	ENSG00000262655	ortholog_one2one	1
Spon2	ENSMUSG00000037379	ENSG00000159674	ortholog_one2one	1
Spopl	ENSMUSG00000026771	ENSG00000144228	ortholog_one2one	1
Spout1	ENSMUSG00000039660	ENSG00000198917	ortholog_one2one	1
Spp1	ENSMUSG00000029304	ENSG00000118785	ortholog_one2one	1
Spp2	ENSMUSG00000026295	ENSG00000072080	ortholog_one2one	1
Sppl2a	ENSMUSG00000027366	ENSG00000138600	ortholog_one2one	1
Sppl2b	ENSMUSG00000035206	ENSG00000005206	ortholog_one2one	1
Sppl2c	ENSMUSG00000049506	ENSG00000185294	ortholog_one2one	1
Sppl3	ENSMUSG00000029550	ENSG00000157837	ortholog_one2one	1
Spr	ENSMUSG00000033735	ENSG00000116096	ortholog_one2one	1
Spred1	ENSMUSG00000027351	ENSG00000166068	ortholog_one2one	1
Spred2	ENSMUSG00000045671	ENSG00000198369	ortholog_one2one	1
Spred3	ENSMUSG00000037239	ENSG00000188766	ortholog_one2one	1
Spring1	ENSMUSG00000032840	ENSG00000111412	ortholog_one2one	1
Sprn	ENSMUSG00000045733	ENSG00000203772	ortholog_one2one	1
Sprr4	ENSMUSG00000045566	ENSG00000184148	ortholog_one2one	1
Sprtn	ENSMUSG00000031986	ENSG00000010072	ortholog_one2one	1
Spry1	ENSMUSG00000037211	ENSG00000164056	ortholog_one2one	1
Spry2	ENSMUSG00000022114	ENSG00000136158	ortholog_one2one	1
Spry4	ENSMUSG00000024427	ENSG00000187678	ortholog_one2one	1
Spryd3	ENSMUSG00000036966	ENSG00000167778	ortholog_one2one	1
Spryd4	ENSMUSG00000051346	ENSG00000176422	ortholog_one2one	1
Spryd7	ENSMUSG00000021930	ENSG00000123178	ortholog_one2one	1
Spsb1	ENSMUSG00000039911	ENSG00000171621	ortholog_one2one	1
Spsb2	ENSMUSG00000038451	ENSG00000111671	ortholog_one2one	1
Spsb3	ENSMUSG00000024160	ENSG00000162032	ortholog_one2one	1
Spsb4	ENSMUSG00000046997	ENSG00000175093	ortholog_one2one	1
Spta1	ENSMUSG00000026532	ENSG00000163554	ortholog_one2one	1
Sptan1	ENSMUSG00000057738	ENSG00000197694	ortholog_one2one	1
Sptb	ENSMUSG00000021061	ENSG00000070182	ortholog_one2one	1
Sptbn1	ENSMUSG00000020315	ENSG00000115306	ortholog_one2one	1
Sptbn2	ENSMUSG00000067889	ENSG00000173898	ortholog_one2one	1
Sptbn4	ENSMUSG00000011751	ENSG00000160460	ortholog_one2one	1
Sptbn5	ENSMUSG00000074899	ENSG00000137877	ortholog_one2one	1
Sptlc1	ENSMUSG00000021468	ENSG00000090054	ortholog_one2one	1
Sptlc2	ENSMUSG00000021036	ENSG00000100596	ortholog_one2one	1
Sptlc3	ENSMUSG00000039092	ENSG00000172296	ortholog_one2one	1
Sptssa	ENSMUSG00000044408	ENSG00000165389	ortholog_one2one	1
Sptssb	ENSMUSG00000043461	ENSG00000196542	ortholog_one2one	1
Spty2d1	ENSMUSG00000049516	ENSG00000179119	ortholog_one2one	1
Spx	ENSMUSG00000071112	ENSG00000134548	ortholog_one2one	1
Sqle	ENSMUSG00000022351	ENSG00000104549	ortholog_one2one	1
Sqor	ENSMUSG00000005803	ENSG00000137767	ortholog_one2one	1
Sqstm1	ENSMUSG00000015837	ENSG00000161011	ortholog_one2one	1
Sra1	ENSMUSG00000006050	ENSG00000213523	ortholog_one2one	1
Srbd1	ENSMUSG00000024135	ENSG00000068784	ortholog_one2one	1
Src	ENSMUSG00000027646	ENSG00000197122	ortholog_one2one	1
Srcap	ENSMUSG00000053877	ENSG00000080603	ortholog_one2one	1
Srcin1	ENSMUSG00000038453	ENSG00000277363	ortholog_one2one	1
Srd5a1	ENSMUSG00000021594	ENSG00000145545	ortholog_one2one	1
Srd5a2	ENSMUSG00000038541	ENSG00000277893	ortholog_one2one	1
Srd5a3	ENSMUSG00000029233	ENSG00000128039	ortholog_one2one	1
Srebf1	ENSMUSG00000020538	ENSG00000072310	ortholog_one2one	1
Srebf2	ENSMUSG00000022463	ENSG00000198911	ortholog_one2one	1
Srek1ip1	ENSMUSG00000021716	ENSG00000153006	ortholog_one2one	1
Srf	ENSMUSG00000015605	ENSG00000112658	ortholog_one2one	1
Srfbp1	ENSMUSG00000024528	ENSG00000151304	ortholog_one2one	1
Srgap1	ENSMUSG00000020121	ENSG00000196935	ortholog_one2one	1
Srgap3	ENSMUSG00000030257	ENSG00000196220	ortholog_one2one	1
Sri	ENSMUSG00000003161	ENSG00000075142	ortholog_one2one	1
Srm	ENSMUSG00000006442	ENSG00000116649	ortholog_one2one	1
Srms	ENSMUSG00000027579	ENSG00000125508	ortholog_one2one	1
Srp14	ENSMUSG00000009549	ENSG00000140319	ortholog_one2one	1
Srp19	ENSMUSG00000014504	ENSG00000153037	ortholog_one2one	1
Srp68	ENSMUSG00000020780	ENSG00000167881	ortholog_one2one	1
Srp72	ENSMUSG00000036323	ENSG00000174780	ortholog_one2one	1
Srp9	ENSMUSG00000026511	ENSG00000143742	ortholog_one2one	1
Srpk1	ENSMUSG00000004865	ENSG00000096063	ortholog_one2one	1
Srpk2	ENSMUSG00000062604	ENSG00000135250	ortholog_one2one	1
Srpk3	ENSMUSG00000002007	ENSG00000184343	ortholog_one2one	1
Srpra	ENSMUSG00000032042	ENSG00000182934	ortholog_one2one	1
Srprb	ENSMUSG00000032553	ENSG00000144867	ortholog_one2one	1
Srpx	ENSMUSG00000090084	ENSG00000101955	ortholog_one2one	1
Srpx2	ENSMUSG00000031253	ENSG00000102359	ortholog_one2one	1
Srr	ENSMUSG00000001323	ENSG00000167720	ortholog_one2one	1
Srrm1	ENSMUSG00000028809	ENSG00000133226	ortholog_one2one	1
Srrm2	ENSMUSG00000039218	ENSG00000167978	ortholog_one2one	1
Srrm3	ENSMUSG00000039860	ENSG00000177679	ortholog_one2one	1
Srrm4	ENSMUSG00000063919	ENSG00000139767	ortholog_one2one	1
Srrt	ENSMUSG00000037364	ENSG00000087087	ortholog_one2one	1
Srsf1	ENSMUSG00000018379	ENSG00000136450	ortholog_one2one	1
Srsf10	ENSMUSG00000028676	ENSG00000188529	ortholog_one2one	1
Srsf11	ENSMUSG00000055436	ENSG00000116754	ortholog_one2one	1
Srsf12	ENSMUSG00000054679	ENSG00000154548	ortholog_one2one	1
Srsf2	ENSMUSG00000034120	ENSG00000161547	ortholog_one2one	1
Srsf3	ENSMUSG00000071172	ENSG00000112081	ortholog_one2one	1
Srsf4	ENSMUSG00000028911	ENSG00000116350	ortholog_one2one	1
Srsf5	ENSMUSG00000021134	ENSG00000100650	ortholog_one2one	1
Srsf6	ENSMUSG00000016921	ENSG00000124193	ortholog_one2one	1
Srsf7	ENSMUSG00000024097	ENSG00000115875	ortholog_one2one	1
Srsf9	ENSMUSG00000029538	ENSG00000111786	ortholog_one2one	1
Srxn1	ENSMUSG00000032802	ENSG00000271303	ortholog_one2one	1
Ss18	ENSMUSG00000037013	ENSG00000141380	ortholog_one2one	1
Ss18l1	ENSMUSG00000039086	ENSG00000184402	ortholog_one2one	1
Ss18l2	ENSMUSG00000032526	ENSG00000008324	ortholog_one2one	1
Ssb	ENSMUSG00000068882	ENSG00000138385	ortholog_one2one	1
Ssbp1	ENSMUSG00000029911	ENSG00000106028	ortholog_one2one	1
Ssbp2	ENSMUSG00000003992	ENSG00000145687	ortholog_one2one	1
Ssbp3	ENSMUSG00000061887	ENSG00000157216	ortholog_one2one	1
Ssbp4	ENSMUSG00000070003	ENSG00000130511	ortholog_one2one	1
Ssc4d	ENSMUSG00000029699	ENSG00000146700	ortholog_one2one	1
Ssc5d	ENSMUSG00000035279	ENSG00000179954	ortholog_one2one	1
Ssh1	ENSMUSG00000042121	ENSG00000084112	ortholog_one2one	1
Ssh2	ENSMUSG00000037926	ENSG00000141298	ortholog_one2one	1
Ssh3	ENSMUSG00000034616	ENSG00000172830	ortholog_one2one	1
Ssmem1	ENSMUSG00000029784	ENSG00000165120	ortholog_one2one	1
Ssna1	ENSMUSG00000026966	ENSG00000176101	ortholog_one2one	1
Sspn	ENSMUSG00000030255	ENSG00000123096	ortholog_one2one	1
Ssr1	ENSMUSG00000021427	ENSG00000124783	ortholog_one2one	1
Ssr2	ENSMUSG00000041355	ENSG00000163479	ortholog_one2one	1
Ssr3	ENSMUSG00000027828	ENSG00000114850	ortholog_one2one	1
Ssr4	ENSMUSG00000002014	ENSG00000180879	ortholog_one2one	1
Ssrp1	ENSMUSG00000027067	ENSG00000149136	ortholog_one2one	1
Sst	ENSMUSG00000004366	ENSG00000157005	ortholog_one2one	1
Sstr1	ENSMUSG00000035431	ENSG00000139874	ortholog_one2one	1
Sstr2	ENSMUSG00000047904	ENSG00000180616	ortholog_one2one	1
Sstr3	ENSMUSG00000044933	ENSG00000278195	ortholog_one2one	1
Sstr4	ENSMUSG00000037014	ENSG00000132671	ortholog_one2one	1
Sstr5	ENSMUSG00000050824	ENSG00000162009	ortholog_one2one	1
Ssu2	ENSMUSG00000034387	ENSG00000125046	ortholog_one2one	1
Ssu72	ENSMUSG00000029038	ENSG00000160075	ortholog_one2one	1
Ssx2ip	ENSMUSG00000036825	ENSG00000117155	ortholog_one2one	1
St13	ENSMUSG00000022403	ENSG00000100380	ortholog_one2one	1
St14	ENSMUSG00000031995	ENSG00000149418	ortholog_one2one	1
St18	ENSMUSG00000033740	ENSG00000147488	ortholog_one2one	1
St3gal1	ENSMUSG00000013846	ENSG00000008513	ortholog_one2one	1
St3gal2	ENSMUSG00000031749	ENSG00000157350	ortholog_one2one	1
St3gal3	ENSMUSG00000028538	ENSG00000126091	ortholog_one2one	1
St3gal4	ENSMUSG00000032038	ENSG00000110080	ortholog_one2one	1
St3gal5	ENSMUSG00000056091	ENSG00000115525	ortholog_one2one	1
St3gal6	ENSMUSG00000022747	ENSG00000064225	ortholog_one2one	1
St6gal1	ENSMUSG00000022885	ENSG00000073849	ortholog_one2one	1
St6galnac1	ENSMUSG00000009588	ENSG00000070526	ortholog_one2one	1
St6galnac3	ENSMUSG00000052544	ENSG00000184005	ortholog_one2one	1
St6galnac4	ENSMUSG00000079442	ENSG00000136840	ortholog_one2one	1
St6galnac5	ENSMUSG00000039037	ENSG00000117069	ortholog_one2one	1
St6galnac6	ENSMUSG00000026811	ENSG00000160408	ortholog_one2one	1
St7	ENSMUSG00000029534	ENSG00000004866	ortholog_one2one	1
St7l	ENSMUSG00000045576	ENSG00000007341	ortholog_one2one	1
St8sia1	ENSMUSG00000030283	ENSG00000111728	ortholog_one2one	1
St8sia2	ENSMUSG00000025789	ENSG00000140557	ortholog_one2one	1
St8sia3	ENSMUSG00000056812	ENSG00000177511	ortholog_one2one	1
St8sia4	ENSMUSG00000040710	ENSG00000113532	ortholog_one2one	1
St8sia5	ENSMUSG00000025425	ENSG00000101638	ortholog_one2one	1
St8sia6	ENSMUSG00000003418	ENSG00000148488	ortholog_one2one	1
Stab1	ENSMUSG00000042286	ENSG00000010327	ortholog_one2one	1
Stab2	ENSMUSG00000035459	ENSG00000136011	ortholog_one2one	1
Stac	ENSMUSG00000032502	ENSG00000144681	ortholog_one2one	1
Stac2	ENSMUSG00000017400	ENSG00000141750	ortholog_one2one	1
Stac3	ENSMUSG00000040287	ENSG00000185482	ortholog_one2one	1
Stag1	ENSMUSG00000037286	ENSG00000118007	ortholog_one2one	1
Stag2	ENSMUSG00000025862	ENSG00000101972	ortholog_one2one	1
Stag3	ENSMUSG00000036928	ENSG00000066923	ortholog_one2one	1
Stam	ENSMUSG00000026718	ENSG00000136738	ortholog_one2one	1
Stam2	ENSMUSG00000055371	ENSG00000115145	ortholog_one2one	1
Stambp	ENSMUSG00000006906	ENSG00000124356	ortholog_one2one	1
Stambpl1	ENSMUSG00000024776	ENSG00000138134	ortholog_one2one	1
Stap1	ENSMUSG00000029254	ENSG00000035720	ortholog_one2one	1
Stap2	ENSMUSG00000038781	ENSG00000178078	ortholog_one2one	1
Star	ENSMUSG00000031574	ENSG00000147465	ortholog_one2one	1
Stard10	ENSMUSG00000030688	ENSG00000214530	ortholog_one2one	1
Stard13	ENSMUSG00000016128	ENSG00000133121	ortholog_one2one	1
Stard3	ENSMUSG00000018167	ENSG00000131748	ortholog_one2one	1
Stard3nl	ENSMUSG00000003062	ENSG00000010270	ortholog_one2one	1
Stard4	ENSMUSG00000024378	ENSG00000164211	ortholog_one2one	1
Stard5	ENSMUSG00000046027	ENSG00000172345	ortholog_one2one	1
Stard6	ENSMUSG00000079608	ENSG00000174448	ortholog_one2one	1
Stard7	ENSMUSG00000027367	ENSG00000084090	ortholog_one2one	1
Stard8	ENSMUSG00000031216	ENSG00000130052	ortholog_one2one	1
Stat1	ENSMUSG00000026104	ENSG00000115415	ortholog_one2one	1
Stat2	ENSMUSG00000040033	ENSG00000170581	ortholog_one2one	1
Stat3	ENSMUSG00000004040	ENSG00000168610	ortholog_one2one	1
Stat4	ENSMUSG00000062939	ENSG00000138378	ortholog_one2one	1
Stat5a	ENSMUSG00000004043	ENSG00000126561	ortholog_one2one	1
Stat5b	ENSMUSG00000020919	ENSG00000173757	ortholog_one2one	1
Stat6	ENSMUSG00000002147	ENSG00000166888	ortholog_one2one	1
Stau1	ENSMUSG00000039536	ENSG00000124214	ortholog_one2one	1
Stau2	ENSMUSG00000025920	ENSG00000040341	ortholog_one2one	1
Stbd1	ENSMUSG00000047963	ENSG00000118804	ortholog_one2one	1
Stc1	ENSMUSG00000014813	ENSG00000159167	ortholog_one2one	1
Stc2	ENSMUSG00000020303	ENSG00000113739	ortholog_one2one	1
Steap2	ENSMUSG00000015653	ENSG00000157214	ortholog_one2one	1
Steap3	ENSMUSG00000026389	ENSG00000115107	ortholog_one2one	1
Steap4	ENSMUSG00000012428	ENSG00000127954	ortholog_one2one	1
Steep1	ENSMUSG00000006423	ENSG00000018610	ortholog_one2one	1
Stil	ENSMUSG00000028718	ENSG00000123473	ortholog_one2one	1
Stim1	ENSMUSG00000030987	ENSG00000167323	ortholog_one2one	1
Stim2	ENSMUSG00000039156	ENSG00000109689	ortholog_one2one	1
Stimate	ENSMUSG00000006526	ENSG00000213533	ortholog_one2one	1
Sting1	ENSMUSG00000024349	ENSG00000184584	ortholog_one2one	1
Stip1	ENSMUSG00000024966	ENSG00000168439	ortholog_one2one	1
Stk10	ENSMUSG00000020272	ENSG00000072786	ortholog_one2one	1
Stk11	ENSMUSG00000003068	ENSG00000118046	ortholog_one2one	1
Stk11ip	ENSMUSG00000026213	ENSG00000144589	ortholog_one2one	1
Stk16	ENSMUSG00000026201	ENSG00000115661	ortholog_one2one	1
Stk17b	ENSMUSG00000026094	ENSG00000081320	ortholog_one2one	1
Stk19	ENSMUSG00000061207	ENSG00000204344	ortholog_one2one	1
Stk24	ENSMUSG00000063410	ENSG00000102572	ortholog_one2one	1
Stk25	ENSMUSG00000026277	ENSG00000115694	ortholog_one2one	1
Stk26	ENSMUSG00000031112	ENSG00000134602	ortholog_one2one	1
Stk3	ENSMUSG00000022329	ENSG00000104375	ortholog_one2one	1
Stk31	ENSMUSG00000023403	ENSG00000196335	ortholog_one2one	1
Stk32a	ENSMUSG00000039954	ENSG00000169302	ortholog_one2one	1
Stk32b	ENSMUSG00000029123	ENSG00000152953	ortholog_one2one	1
Stk32c	ENSMUSG00000015981	ENSG00000165752	ortholog_one2one	1
Stk33	ENSMUSG00000031027	ENSG00000130413	ortholog_one2one	1
Stk35	ENSMUSG00000037885	ENSG00000125834	ortholog_one2one	1
Stk36	ENSMUSG00000033276	ENSG00000163482	ortholog_one2one	1
Stk38	ENSMUSG00000024006	ENSG00000112079	ortholog_one2one	1
Stk38l	ENSMUSG00000001630	ENSG00000211455	ortholog_one2one	1
Stk39	ENSMUSG00000027030	ENSG00000198648	ortholog_one2one	1
Stk4	ENSMUSG00000018209	ENSG00000101109	ortholog_one2one	1
Stk40	ENSMUSG00000042608	ENSG00000196182	ortholog_one2one	1
Stkld1	ENSMUSG00000049897	ENSG00000198870	ortholog_one2one	1
Stmn1	ENSMUSG00000028832	ENSG00000117632	ortholog_one2one	1
Stmn2	ENSMUSG00000027500	ENSG00000104435	ortholog_one2one	1
Stmn3	ENSMUSG00000027581	ENSG00000197457	ortholog_one2one	1
Stmn4	ENSMUSG00000022044	ENSG00000015592	ortholog_one2one	1
Stmnd1	ENSMUSG00000063529	ENSG00000230873	ortholog_one2one	1
Stn1	ENSMUSG00000042694	ENSG00000107960	ortholog_one2one	1
Stom	ENSMUSG00000026880	ENSG00000148175	ortholog_one2one	1
Stoml1	ENSMUSG00000032333	ENSG00000067221	ortholog_one2one	1
Stoml2	ENSMUSG00000028455	ENSG00000165283	ortholog_one2one	1
Stoml3	ENSMUSG00000027744	ENSG00000133115	ortholog_one2one	1
Ston1	ENSMUSG00000033855	ENSG00000243244	ortholog_one2one	1
Ston2	ENSMUSG00000020961	ENSG00000140022	ortholog_one2one	1
Stox1	ENSMUSG00000036923	ENSG00000165730	ortholog_one2one	1
Stox2	ENSMUSG00000038143	ENSG00000173320	ortholog_one2one	1
Stpg1	ENSMUSG00000028801	ENSG00000001460	ortholog_one2one	1
Stpg3	ENSMUSG00000036770	ENSG00000197768	ortholog_one2one	1
Stpg4	ENSMUSG00000036557	ENSG00000239605	ortholog_one2one	1
Stra6	ENSMUSG00000032327	ENSG00000137868	ortholog_one2one	1
Stra8	ENSMUSG00000029848	ENSG00000146857	ortholog_one2one	1
Strada	ENSMUSG00000069631	ENSG00000266173	ortholog_one2one	1
Stradb	ENSMUSG00000026027	ENSG00000082146	ortholog_one2one	1
Strap	ENSMUSG00000030224	ENSG00000023734	ortholog_one2one	1
Strbp	ENSMUSG00000026915	ENSG00000165209	ortholog_one2one	1
Strc	ENSMUSG00000033498	ENSG00000242866	ortholog_one2one	1
Strip1	ENSMUSG00000014601	ENSG00000143093	ortholog_one2one	1
Strip2	ENSMUSG00000039629	ENSG00000128578	ortholog_one2one	1
Strn	ENSMUSG00000024077	ENSG00000115808	ortholog_one2one	1
Strn3	ENSMUSG00000020954	ENSG00000196792	ortholog_one2one	1
Strn4	ENSMUSG00000030374	ENSG00000090372	ortholog_one2one	1
Stt3a	ENSMUSG00000032116	ENSG00000134910	ortholog_one2one	1
Stt3b	ENSMUSG00000032437	ENSG00000163527	ortholog_one2one	1
Stub1	ENSMUSG00000039615	ENSG00000103266	ortholog_one2one	1
Stum	ENSMUSG00000053963	ENSG00000203685	ortholog_one2one	1
Stx11	ENSMUSG00000039232	ENSG00000135604	ortholog_one2one	1
Stx12	ENSMUSG00000028879	ENSG00000117758	ortholog_one2one	1
Stx16	ENSMUSG00000027522	ENSG00000124222	ortholog_one2one	1
Stx17	ENSMUSG00000061455	ENSG00000136874	ortholog_one2one	1
Stx18	ENSMUSG00000029125	ENSG00000168818	ortholog_one2one	1
Stx19	ENSMUSG00000047854	ENSG00000178750	ortholog_one2one	1
Stx1a	ENSMUSG00000007207	ENSG00000106089	ortholog_one2one	1
Stx1b	ENSMUSG00000030806	ENSG00000099365	ortholog_one2one	1
Stx2	ENSMUSG00000029428	ENSG00000111450	ortholog_one2one	1
Stx3	ENSMUSG00000041488	ENSG00000166900	ortholog_one2one	1
Stx4a	ENSMUSG00000030805	ENSG00000103496	ortholog_one2one	1
Stx5a	ENSMUSG00000010110	ENSG00000162236	ortholog_one2one	1
Stx6	ENSMUSG00000026470	ENSG00000135823	ortholog_one2one	1
Stx7	ENSMUSG00000019998	ENSG00000079950	ortholog_one2one	1
Stx8	ENSMUSG00000020903	ENSG00000170310	ortholog_one2one	1
Stxbp1	ENSMUSG00000026797	ENSG00000136854	ortholog_one2one	1
Stxbp2	ENSMUSG00000004626	ENSG00000076944	ortholog_one2one	1
Stxbp3	ENSMUSG00000027882	ENSG00000116266	ortholog_one2one	1
Stxbp4	ENSMUSG00000020546	ENSG00000166263	ortholog_one2one	1
Stxbp5	ENSMUSG00000019790	ENSG00000164506	ortholog_one2one	1
Stxbp5l	ENSMUSG00000022829	ENSG00000145087	ortholog_one2one	1
Stxbp6	ENSMUSG00000046314	ENSG00000168952	ortholog_one2one	1
Styk1	ENSMUSG00000032899	ENSG00000060140	ortholog_one2one	1
Styxl1	ENSMUSG00000019178	ENSG00000127952	ortholog_one2one	1
Styxl2	ENSMUSG00000026564	ENSG00000198842	ortholog_one2one	1
Sub1	ENSMUSG00000022205	ENSG00000113387	ortholog_one2one	1
Sucla2	ENSMUSG00000022110	ENSG00000136143	ortholog_one2one	1
Suclg1	ENSMUSG00000052738	ENSG00000163541	ortholog_one2one	1
Suclg2	ENSMUSG00000061838	ENSG00000172340	ortholog_one2one	1
Sucnr1	ENSMUSG00000027762	ENSG00000198829	ortholog_one2one	1
Suco	ENSMUSG00000040297	ENSG00000094975	ortholog_one2one	1
Suds3	ENSMUSG00000066900	ENSG00000111707	ortholog_one2one	1
Sufu	ENSMUSG00000025231	ENSG00000107882	ortholog_one2one	1
Sugct	ENSMUSG00000055137	ENSG00000175600	ortholog_one2one	1
Sugp1	ENSMUSG00000011306	ENSG00000105705	ortholog_one2one	1
Sugp2	ENSMUSG00000036054	ENSG00000064607	ortholog_one2one	1
Sugt1	ENSMUSG00000022024	ENSG00000165416	ortholog_one2one	1
Sulf1	ENSMUSG00000016918	ENSG00000137573	ortholog_one2one	1
Sulf2	ENSMUSG00000006800	ENSG00000196562	ortholog_one2one	1
Sult1b1	ENSMUSG00000029269	ENSG00000173597	ortholog_one2one	1
Sult1c1	ENSMUSG00000023943	ENSG00000196228	ortholog_one2one	1
Sult1c2	ENSMUSG00000023122	ENSG00000198203	ortholog_one2one	1
Sult1e1	ENSMUSG00000029272	ENSG00000109193	ortholog_one2one	1
Sult2b1	ENSMUSG00000003271	ENSG00000088002	ortholog_one2one	1
Sult4a1	ENSMUSG00000018865	ENSG00000130540	ortholog_one2one	1
Sult6b1	ENSMUSG00000038045	ENSG00000138068	ortholog_one2one	1
Sumf1	ENSMUSG00000030101	ENSG00000144455	ortholog_one2one	1
Sumf2	ENSMUSG00000025538	ENSG00000129103	ortholog_one2one	1
Sumo3	ENSMUSG00000020265	ENSG00000184900	ortholog_one2one	1
Sun1	ENSMUSG00000036817	ENSG00000164828	ortholog_one2one	1
Sun2	ENSMUSG00000042524	ENSG00000100242	ortholog_one2one	1
Sun3	ENSMUSG00000040985	ENSG00000164744	ortholog_one2one	1
Sun5	ENSMUSG00000027480	ENSG00000167098	ortholog_one2one	1
Suox	ENSMUSG00000049858	ENSG00000139531	ortholog_one2one	1
Supt16	ENSMUSG00000035726	ENSG00000092201	ortholog_one2one	1
Supt20	ENSMUSG00000027751	ENSG00000102710	ortholog_one2one	1
Supt3	ENSMUSG00000038954	ENSG00000196284	ortholog_one2one	1
Supt4a	ENSMUSG00000020485	ENSG00000213246	ortholog_one2one	1
Supt5	ENSMUSG00000003435	ENSG00000196235	ortholog_one2one	1
Supt6	ENSMUSG00000002052	ENSG00000109111	ortholog_one2one	1
Supt7l	ENSMUSG00000053134	ENSG00000119760	ortholog_one2one	1
Supv3l1	ENSMUSG00000020079	ENSG00000156502	ortholog_one2one	1
Surf1	ENSMUSG00000015790	ENSG00000148290	ortholog_one2one	1
Surf2	ENSMUSG00000014873	ENSG00000148291	ortholog_one2one	1
Surf4	ENSMUSG00000014867	ENSG00000148248	ortholog_one2one	1
Surf6	ENSMUSG00000036160	ENSG00000148296	ortholog_one2one	1
Susd1	ENSMUSG00000038578	ENSG00000106868	ortholog_one2one	1
Susd2	ENSMUSG00000006342	ENSG00000099994	ortholog_one2one	1
Susd3	ENSMUSG00000021384	ENSG00000157303	ortholog_one2one	1
Susd4	ENSMUSG00000038576	ENSG00000143502	ortholog_one2one	1
Susd5	ENSMUSG00000086596	ENSG00000173705	ortholog_one2one	1
Susd6	ENSMUSG00000021133	ENSG00000100647	ortholog_one2one	1
Suv39h1	ENSMUSG00000039231	ENSG00000101945	ortholog_one2one	1
Suv39h2	ENSMUSG00000026646	ENSG00000152455	ortholog_one2one	1
Suz12	ENSMUSG00000017548	ENSG00000178691	ortholog_one2one	1
Sv2a	ENSMUSG00000038486	ENSG00000159164	ortholog_one2one	1
Sv2b	ENSMUSG00000053025	ENSG00000185518	ortholog_one2one	1
Sv2c	ENSMUSG00000051111	ENSG00000122012	ortholog_one2one	1
Svbp	ENSMUSG00000028643	ENSG00000177868	ortholog_one2one	1
Svep1	ENSMUSG00000028369	ENSG00000165124	ortholog_one2one	1
Svil	ENSMUSG00000024236	ENSG00000197321	ortholog_one2one	1
Svip	ENSMUSG00000074093	ENSG00000198168	ortholog_one2one	1
Svop	ENSMUSG00000042078	ENSG00000166111	ortholog_one2one	1
Svopl	ENSMUSG00000029830	ENSG00000157703	ortholog_one2one	1
Swap70	ENSMUSG00000031015	ENSG00000133789	ortholog_one2one	1
Swi5	ENSMUSG00000044627	ENSG00000175854	ortholog_one2one	1
Swsap1	ENSMUSG00000051238	ENSG00000173928	ortholog_one2one	1
Swt1	ENSMUSG00000052748	ENSG00000116668	ortholog_one2one	1
Syap1	ENSMUSG00000031357	ENSG00000169895	ortholog_one2one	1
Sybu	ENSMUSG00000022340	ENSG00000147642	ortholog_one2one	1
Syce1	ENSMUSG00000025480	ENSG00000171772	ortholog_one2one	1
Syce1l	ENSMUSG00000033409	ENSG00000205078	ortholog_one2one	1
Syce2	ENSMUSG00000003824	ENSG00000161860	ortholog_one2one	1
Syce3	ENSMUSG00000078938	ENSG00000217442	ortholog_one2one	1
Sycn	ENSMUSG00000084174	ENSG00000179751	ortholog_one2one	1
Sycp1	ENSMUSG00000027855	ENSG00000198765	ortholog_one2one	1
Sycp2	ENSMUSG00000060445	ENSG00000196074	ortholog_one2one	1
Sycp2l	ENSMUSG00000038651	ENSG00000153157	ortholog_one2one	1
Syde1	ENSMUSG00000032714	ENSG00000105137	ortholog_one2one	1
Syde2	ENSMUSG00000036863	ENSG00000097096	ortholog_one2one	1
Syf2	ENSMUSG00000028821	ENSG00000117614	ortholog_one2one	1
Syk	ENSMUSG00000021457	ENSG00000165025	ortholog_one2one	1
Sympk	ENSMUSG00000023118	ENSG00000125755	ortholog_one2one	1
Syn1	ENSMUSG00000037217	ENSG00000008056	ortholog_one2one	1
Syn2	ENSMUSG00000009394	ENSG00000157152	ortholog_one2one	1
Syn3	ENSMUSG00000059602	ENSG00000185666	ortholog_one2one	1
Sync	ENSMUSG00000001333	ENSG00000162520	ortholog_one2one	1
Syncrip	ENSMUSG00000032423	ENSG00000135316	ortholog_one2one	1
Syndig1	ENSMUSG00000074736	ENSG00000101463	ortholog_one2one	1
Syndig1l	ENSMUSG00000071234	ENSG00000183379	ortholog_one2one	1
Syne1	ENSMUSG00000096054	ENSG00000131018	ortholog_one2one	1
Syne2	ENSMUSG00000063450	ENSG00000054654	ortholog_one2one	1
Syne3	ENSMUSG00000054150	ENSG00000176438	ortholog_one2one	1
Syne4	ENSMUSG00000019737	ENSG00000181392	ortholog_one2one	1
Syngap1	ENSMUSG00000067629	ENSG00000197283	ortholog_one2one	1
Syngr1	ENSMUSG00000022415	ENSG00000100321	ortholog_one2one	1
Syngr2	ENSMUSG00000048277	ENSG00000108639	ortholog_one2one	1
Syngr3	ENSMUSG00000007021	ENSG00000127561	ortholog_one2one	1
Syngr4	ENSMUSG00000040231	ENSG00000105467	ortholog_one2one	1
Synj1	ENSMUSG00000022973	ENSG00000159082	ortholog_one2one	1
Synj2	ENSMUSG00000023805	ENSG00000078269	ortholog_one2one	1
Synj2bp	ENSMUSG00000090935	ENSG00000213463	ortholog_one2one	1
Synm	ENSMUSG00000030554	ENSG00000182253	ortholog_one2one	1
Synpo	ENSMUSG00000043079	ENSG00000171992	ortholog_one2one	1
Synpo2	ENSMUSG00000050315	ENSG00000172403	ortholog_one2one	1
Synpo2l	ENSMUSG00000039376	ENSG00000166317	ortholog_one2one	1
Synpr	ENSMUSG00000056296	ENSG00000163630	ortholog_one2one	1
Synrg	ENSMUSG00000034940	ENSG00000275066	ortholog_one2one	1
Syp	ENSMUSG00000031144	ENSG00000102003	ortholog_one2one	1
Sypl1	ENSMUSG00000020570	ENSG00000008282	ortholog_one2one	1
Sypl2	ENSMUSG00000027887	ENSG00000143028	ortholog_one2one	1
Sys1	ENSMUSG00000045503	ENSG00000204070	ortholog_one2one	1
Syt1	ENSMUSG00000035864	ENSG00000067715	ortholog_one2one	1
Syt10	ENSMUSG00000063260	ENSG00000110975	ortholog_one2one	1
Syt11	ENSMUSG00000068923	ENSG00000132718	ortholog_one2one	1
Syt12	ENSMUSG00000049303	ENSG00000173227	ortholog_one2one	1
Syt13	ENSMUSG00000027220	ENSG00000019505	ortholog_one2one	1
Syt16	ENSMUSG00000044912	ENSG00000139973	ortholog_one2one	1
Syt17	ENSMUSG00000058420	ENSG00000103528	ortholog_one2one	1
Syt2	ENSMUSG00000026452	ENSG00000143858	ortholog_one2one	1
Syt3	ENSMUSG00000030731	ENSG00000213023	ortholog_one2one	1
Syt4	ENSMUSG00000024261	ENSG00000132872	ortholog_one2one	1
Syt5	ENSMUSG00000004961	ENSG00000129990	ortholog_one2one	1
Syt6	ENSMUSG00000027849	ENSG00000134207	ortholog_one2one	1
Syt7	ENSMUSG00000024743	ENSG00000011347	ortholog_one2one	1
Syt8	ENSMUSG00000031098	ENSG00000149043	ortholog_one2one	1
Syt9	ENSMUSG00000062542	ENSG00000170743	ortholog_one2one	1
Sytl1	ENSMUSG00000028860	ENSG00000142765	ortholog_one2one	1
Sytl2	ENSMUSG00000030616	ENSG00000137501	ortholog_one2one	1
Sytl3	ENSMUSG00000041831	ENSG00000164674	ortholog_one2one	1
Sytl4	ENSMUSG00000031255	ENSG00000102362	ortholog_one2one	1
Sytl5	ENSMUSG00000054453	ENSG00000147041	ortholog_one2one	1
Syvn1	ENSMUSG00000024807	ENSG00000162298	ortholog_one2one	1
Szrd1	ENSMUSG00000040842	ENSG00000055070	ortholog_one2one	1
Szt2	ENSMUSG00000033253	ENSG00000198198	ortholog_one2one	1
T	ENSMUSG00000062327	ENSG00000164458	ortholog_one2one	1
Taar1	ENSMUSG00000056379	ENSG00000146399	ortholog_one2one	1
Taar2	ENSMUSG00000059763	ENSG00000146378	ortholog_one2one	1
Taar5	ENSMUSG00000069706	ENSG00000135569	ortholog_one2one	1
Taar9	ENSMUSG00000037424	ENSG00000237110	ortholog_one2one	1
Tab1	ENSMUSG00000022414	ENSG00000100324	ortholog_one2one	1
Tab2	ENSMUSG00000015755	ENSG00000055208	ortholog_one2one	1
Tab3	ENSMUSG00000035476	ENSG00000157625	ortholog_one2one	1
Tac1	ENSMUSG00000061762	ENSG00000006128	ortholog_one2one	1
Tac2	ENSMUSG00000025400	ENSG00000166863	ortholog_one2one	1
Tacc1	ENSMUSG00000065954	ENSG00000147526	ortholog_one2one	1
Tacc2	ENSMUSG00000030852	ENSG00000138162	ortholog_one2one	1
Taco1	ENSMUSG00000001983	ENSG00000136463	ortholog_one2one	1
Tacr1	ENSMUSG00000030043	ENSG00000115353	ortholog_one2one	1
Tacr2	ENSMUSG00000020081	ENSG00000075073	ortholog_one2one	1
Tacr3	ENSMUSG00000028172	ENSG00000169836	ortholog_one2one	1
Tacstd2	ENSMUSG00000051397	ENSG00000184292	ortholog_one2one	1
Tada1	ENSMUSG00000026563	ENSG00000152382	ortholog_one2one	1
Tada2a	ENSMUSG00000018651	ENSG00000276234	ortholog_one2one	1
Tada2b	ENSMUSG00000029196	ENSG00000173011	ortholog_one2one	1
Tada3	ENSMUSG00000048930	ENSG00000171148	ortholog_one2one	1
Taf10	ENSMUSG00000043866	ENSG00000166337	ortholog_one2one	1
Taf11	ENSMUSG00000024218	ENSG00000064995	ortholog_one2one	1
Taf12	ENSMUSG00000028899	ENSG00000120656	ortholog_one2one	1
Taf13	ENSMUSG00000048100	ENSG00000197780	ortholog_one2one	1
Taf15	ENSMUSG00000020680	ENSG00000270647	ortholog_one2one	1
Taf1a	ENSMUSG00000072258	ENSG00000143498	ortholog_one2one	1
Taf1b	ENSMUSG00000059669	ENSG00000115750	ortholog_one2one	1
Taf1c	ENSMUSG00000031832	ENSG00000103168	ortholog_one2one	1
Taf1d	ENSMUSG00000031939	ENSG00000166012	ortholog_one2one	1
Taf2	ENSMUSG00000037343	ENSG00000064313	ortholog_one2one	1
Taf3	ENSMUSG00000025782	ENSG00000165632	ortholog_one2one	1
Taf4	ENSMUSG00000039117	ENSG00000130699	ortholog_one2one	1
Taf4b	ENSMUSG00000054321	ENSG00000141384	ortholog_one2one	1
Taf5	ENSMUSG00000025049	ENSG00000148835	ortholog_one2one	1
Taf5l	ENSMUSG00000038697	ENSG00000135801	ortholog_one2one	1
Taf6	ENSMUSG00000036980	ENSG00000106290	ortholog_one2one	1
Taf6l	ENSMUSG00000003680	ENSG00000162227	ortholog_one2one	1
Taf7	ENSMUSG00000051316	ENSG00000178913	ortholog_one2one	1
Taf8	ENSMUSG00000023980	ENSG00000137413	ortholog_one2one	1
Taf9b	ENSMUSG00000047242	ENSG00000187325	ortholog_one2one	1
Tafa1	ENSMUSG00000059187	ENSG00000183662	ortholog_one2one	1
Tafa2	ENSMUSG00000044071	ENSG00000198673	ortholog_one2one	1
Tafa3	ENSMUSG00000055865	ENSG00000184599	ortholog_one2one	1
Tafa4	ENSMUSG00000046500	ENSG00000163377	ortholog_one2one	1
Tafa5	ENSMUSG00000054863	ENSG00000219438	ortholog_one2one	1
Tafazzin	ENSMUSG00000009995	ENSG00000102125	ortholog_one2one	1
Tagln	ENSMUSG00000032085	ENSG00000149591	ortholog_one2one	1
Tagln2	ENSMUSG00000026547	ENSG00000158710	ortholog_one2one	1
Tagln3	ENSMUSG00000022658	ENSG00000144834	ortholog_one2one	1
Tal1	ENSMUSG00000028717	ENSG00000162367	ortholog_one2one	1
Tal2	ENSMUSG00000028417	ENSG00000186051	ortholog_one2one	1
Taldo1	ENSMUSG00000025503	ENSG00000177156	ortholog_one2one	1
Tamalin	ENSMUSG00000000531	ENSG00000161835	ortholog_one2one	1
Tamm41	ENSMUSG00000030316	ENSG00000144559	ortholog_one2one	1
Tanc1	ENSMUSG00000035168	ENSG00000115183	ortholog_one2one	1
Tanc2	ENSMUSG00000053580	ENSG00000170921	ortholog_one2one	1
Tango2	ENSMUSG00000013539	ENSG00000183597	ortholog_one2one	1
Tango6	ENSMUSG00000041949	ENSG00000103047	ortholog_one2one	1
Tank	ENSMUSG00000064289	ENSG00000136560	ortholog_one2one	1
Taok1	ENSMUSG00000017291	ENSG00000160551	ortholog_one2one	1
Taok2	ENSMUSG00000059981	ENSG00000149930	ortholog_one2one	1
Taok3	ENSMUSG00000061288	ENSG00000135090	ortholog_one2one	1
Tap1	ENSMUSG00000037321	ENSG00000168394	ortholog_one2one	1
Tap2	ENSMUSG00000024339	ENSG00000204267	ortholog_one2one	1
Tapbp	ENSMUSG00000024308	ENSG00000231925	ortholog_one2one	1
Tapbpl	ENSMUSG00000038213	ENSG00000139192	ortholog_one2one	1
Tapt1	ENSMUSG00000046985	ENSG00000169762	ortholog_one2one	1
Tarbp1	ENSMUSG00000090290	ENSG00000059588	ortholog_one2one	1
Tarbp2	ENSMUSG00000023051	ENSG00000139546	ortholog_one2one	1
Tardbp	ENSMUSG00000041459	ENSG00000120948	ortholog_one2one	1
Tars1	ENSMUSG00000022241	ENSG00000113407	ortholog_one2one	1
Tars2	ENSMUSG00000028107	ENSG00000143374	ortholog_one2one	1
Tars3	ENSMUSG00000030515	ENSG00000185418	ortholog_one2one	1
Tas1r1	ENSMUSG00000028950	ENSG00000173662	ortholog_one2one	1
Tas1r2	ENSMUSG00000028738	ENSG00000179002	ortholog_one2one	1
Tas1r3	ENSMUSG00000029072	ENSG00000169962	ortholog_one2one	1
Tas2r108	ENSMUSG00000037140	ENSG00000127364	ortholog_one2one	1
Tas2r118	ENSMUSG00000043865	ENSG00000128519	ortholog_one2one	1
Tas2r126	ENSMUSG00000048284	ENSG00000221855	ortholog_one2one	1
Tas2r130	ENSMUSG00000054497	ENSG00000121377	ortholog_one2one	1
Tas2r135	ENSMUSG00000056203	ENSG00000185899	ortholog_one2one	1
Tas2r137	ENSMUSG00000052850	ENSG00000127362	ortholog_one2one	1
Tas2r138	ENSMUSG00000058250	ENSG00000257138	ortholog_one2one	1
Tas2r139	ENSMUSG00000047102	ENSG00000236398	ortholog_one2one	1
Tas2r144	ENSMUSG00000051917	ENSG00000221937	ortholog_one2one	1
Tasl	ENSMUSG00000025058	ENSG00000120280	ortholog_one2one	1
Tasor	ENSMUSG00000040651	ENSG00000163946	ortholog_one2one	1
Tasor2	ENSMUSG00000033799	ENSG00000108021	ortholog_one2one	1
Tasp1	ENSMUSG00000039033	ENSG00000089123	ortholog_one2one	1
Tat	ENSMUSG00000001670	ENSG00000198650	ortholog_one2one	1
Tatdn1	ENSMUSG00000050891	ENSG00000147687	ortholog_one2one	1
Tatdn2	ENSMUSG00000056952	ENSG00000157014	ortholog_one2one	1
Tatdn3	ENSMUSG00000026632	ENSG00000203705	ortholog_one2one	1
Tax1bp1	ENSMUSG00000004535	ENSG00000106052	ortholog_one2one	1
Tax1bp3	ENSMUSG00000040158	ENSG00000213977	ortholog_one2one	1
Tbata	ENSMUSG00000020096	ENSG00000166220	ortholog_one2one	1
Tbc1d1	ENSMUSG00000029174	ENSG00000065882	ortholog_one2one	1
Tbc1d10a	ENSMUSG00000034412	ENSG00000099992	ortholog_one2one	1
Tbc1d10b	ENSMUSG00000042492	ENSG00000169221	ortholog_one2one	1
Tbc1d10c	ENSMUSG00000040247	ENSG00000175463	ortholog_one2one	1
Tbc1d12	ENSMUSG00000048720	ENSG00000108239	ortholog_one2one	1
Tbc1d13	ENSMUSG00000039678	ENSG00000107021	ortholog_one2one	1
Tbc1d14	ENSMUSG00000029192	ENSG00000132405	ortholog_one2one	1
Tbc1d15	ENSMUSG00000020130	ENSG00000121749	ortholog_one2one	1
Tbc1d16	ENSMUSG00000039976	ENSG00000167291	ortholog_one2one	1
Tbc1d17	ENSMUSG00000038520	ENSG00000104946	ortholog_one2one	1
Tbc1d19	ENSMUSG00000039178	ENSG00000109680	ortholog_one2one	1
Tbc1d2	ENSMUSG00000039813	ENSG00000095383	ortholog_one2one	1
Tbc1d20	ENSMUSG00000027465	ENSG00000125875	ortholog_one2one	1
Tbc1d21	ENSMUSG00000036244	ENSG00000167139	ortholog_one2one	1
Tbc1d22a	ENSMUSG00000051864	ENSG00000054611	ortholog_one2one	1
Tbc1d22b	ENSMUSG00000042203	ENSG00000065491	ortholog_one2one	1
Tbc1d23	ENSMUSG00000022749	ENSG00000036054	ortholog_one2one	1
Tbc1d24	ENSMUSG00000036473	ENSG00000162065	ortholog_one2one	1
Tbc1d25	ENSMUSG00000039201	ENSG00000068354	ortholog_one2one	1
Tbc1d2b	ENSMUSG00000037410	ENSG00000167202	ortholog_one2one	1
Tbc1d30	ENSMUSG00000052302	ENSG00000111490	ortholog_one2one	1
Tbc1d31	ENSMUSG00000022364	ENSG00000156787	ortholog_one2one	1
Tbc1d32	ENSMUSG00000038122	ENSG00000146350	ortholog_one2one	1
Tbc1d4	ENSMUSG00000033083	ENSG00000136111	ortholog_one2one	1
Tbc1d5	ENSMUSG00000023923	ENSG00000131374	ortholog_one2one	1
Tbc1d7	ENSMUSG00000021368	ENSG00000145979	ortholog_one2one	1
Tbc1d8	ENSMUSG00000003134	ENSG00000204634	ortholog_one2one	1
Tbc1d8b	ENSMUSG00000042473	ENSG00000133138	ortholog_one2one	1
Tbc1d9	ENSMUSG00000031709	ENSG00000109436	ortholog_one2one	1
Tbc1d9b	ENSMUSG00000036644	ENSG00000197226	ortholog_one2one	1
Tbca	ENSMUSG00000042043	ENSG00000171530	ortholog_one2one	1
Tbcb	ENSMUSG00000006095	ENSG00000105254	ortholog_one2one	1
Tbcc	ENSMUSG00000036430	ENSG00000124659	ortholog_one2one	1
Tbccd1	ENSMUSG00000004462	ENSG00000113838	ortholog_one2one	1
Tbcd	ENSMUSG00000039230	ENSG00000141556	ortholog_one2one	1
Tbce	ENSMUSG00000039233	ENSG00000284770	ortholog_one2one	1
Tbcel	ENSMUSG00000037287	ENSG00000154114	ortholog_one2one	1
Tbck	ENSMUSG00000028030	ENSG00000145348	ortholog_one2one	1
Tbk1	ENSMUSG00000020115	ENSG00000183735	ortholog_one2one	1
Tbkbp1	ENSMUSG00000038517	ENSG00000198933	ortholog_one2one	1
Tbl1xr1	ENSMUSG00000027630	ENSG00000177565	ortholog_one2one	1
Tbl2	ENSMUSG00000005374	ENSG00000106638	ortholog_one2one	1
Tbl3	ENSMUSG00000040688	ENSG00000183751	ortholog_one2one	1
Tbp	ENSMUSG00000014767	ENSG00000112592	ortholog_one2one	1
Tbpl1	ENSMUSG00000071359	ENSG00000028839	ortholog_one2one	1
Tbpl2	ENSMUSG00000061809	ENSG00000182521	ortholog_one2one	1
Tbr1	ENSMUSG00000035033	ENSG00000136535	ortholog_one2one	1
Tbrg1	ENSMUSG00000011114	ENSG00000154144	ortholog_one2one	1
Tbrg4	ENSMUSG00000000384	ENSG00000136270	ortholog_one2one	1
Tbx1	ENSMUSG00000009097	ENSG00000184058	ortholog_one2one	1
Tbx15	ENSMUSG00000027868	ENSG00000092607	ortholog_one2one	1
Tbx18	ENSMUSG00000032419	ENSG00000112837	ortholog_one2one	1
Tbx19	ENSMUSG00000026572	ENSG00000143178	ortholog_one2one	1
Tbx2	ENSMUSG00000000093	ENSG00000121068	ortholog_one2one	1
Tbx20	ENSMUSG00000031965	ENSG00000164532	ortholog_one2one	1
Tbx21	ENSMUSG00000001444	ENSG00000073861	ortholog_one2one	1
Tbx22	ENSMUSG00000031241	ENSG00000122145	ortholog_one2one	1
Tbx3	ENSMUSG00000018604	ENSG00000135111	ortholog_one2one	1
Tbx4	ENSMUSG00000000094	ENSG00000121075	ortholog_one2one	1
Tbx5	ENSMUSG00000018263	ENSG00000089225	ortholog_one2one	1
Tbx6	ENSMUSG00000030699	ENSG00000149922	ortholog_one2one	1
Tbxa2r	ENSMUSG00000034881	ENSG00000006638	ortholog_one2one	1
Tbxas1	ENSMUSG00000029925	ENSG00000059377	ortholog_one2one	1
Tc2n	ENSMUSG00000021187	ENSG00000165929	ortholog_one2one	1
Tcaf1	ENSMUSG00000036667	ENSG00000198420	ortholog_one2one	1
Tcaim	ENSMUSG00000046603	ENSG00000179152	ortholog_one2one	1
Tcap	ENSMUSG00000007877	ENSG00000173991	ortholog_one2one	1
Tcea1	ENSMUSG00000033813	ENSG00000187735	ortholog_one2one	1
Tcea2	ENSMUSG00000059540	ENSG00000171703	ortholog_one2one	1
Tcea3	ENSMUSG00000001604	ENSG00000204219	ortholog_one2one	1
Tceal1	ENSMUSG00000049536	ENSG00000172465	ortholog_one2one	1
Tceal7	ENSMUSG00000079428	ENSG00000182916	ortholog_one2one	1
Tceal8	ENSMUSG00000051579	ENSG00000180964	ortholog_one2one	1
Tceal9	ENSMUSG00000042712	ENSG00000185222	ortholog_one2one	1
Tceanc	ENSMUSG00000051224	ENSG00000176896	ortholog_one2one	1
Tceanc2	ENSMUSG00000028619	ENSG00000116205	ortholog_one2one	1
Tcerg1	ENSMUSG00000024498	ENSG00000113649	ortholog_one2one	1
Tcerg1l	ENSMUSG00000091002	ENSG00000176769	ortholog_one2one	1
Tcf12	ENSMUSG00000032228	ENSG00000140262	ortholog_one2one	1
Tcf15	ENSMUSG00000068079	ENSG00000125878	ortholog_one2one	1
Tcf19	ENSMUSG00000050410	ENSG00000137310	ortholog_one2one	1
Tcf21	ENSMUSG00000045680	ENSG00000118526	ortholog_one2one	1
Tcf23	ENSMUSG00000006642	ENSG00000163792	ortholog_one2one	1
Tcf24	ENSMUSG00000099032	ENSG00000261787	ortholog_one2one	1
Tcf25	ENSMUSG00000001472	ENSG00000141002	ortholog_one2one	1
Tcf3	ENSMUSG00000020167	ENSG00000071564	ortholog_one2one	1
Tcf4	ENSMUSG00000053477	ENSG00000196628	ortholog_one2one	1
Tcf7	ENSMUSG00000000782	ENSG00000081059	ortholog_one2one	1
Tcf7l1	ENSMUSG00000055799	ENSG00000152284	ortholog_one2one	1
Tcf7l2	ENSMUSG00000024985	ENSG00000148737	ortholog_one2one	1
Tcfl5	ENSMUSG00000038932	ENSG00000101190	ortholog_one2one	1
Tcim	ENSMUSG00000056313	ENSG00000176907	ortholog_one2one	1
Tcirg1	ENSMUSG00000001750	ENSG00000110719	ortholog_one2one	1
Tcn2	ENSMUSG00000020432	ENSG00000185339	ortholog_one2one	1
Tcof1	ENSMUSG00000024613	ENSG00000070814	ortholog_one2one	1
Tcp1	ENSMUSG00000068039	ENSG00000120438	ortholog_one2one	1
Tcp11	ENSMUSG00000062859	ENSG00000124678	ortholog_one2one	1
Tcp11l1	ENSMUSG00000027175	ENSG00000176148	ortholog_one2one	1
Tcp11l2	ENSMUSG00000020034	ENSG00000166046	ortholog_one2one	1
Tcta	ENSMUSG00000039461	ENSG00000145022	ortholog_one2one	1
Tcte1	ENSMUSG00000023949	ENSG00000146221	ortholog_one2one	1
Tctn1	ENSMUSG00000038593	ENSG00000204852	ortholog_one2one	1
Tctn2	ENSMUSG00000118662	ENSG00000168778	ortholog_one2one	1
Tctn3	ENSMUSG00000025008	ENSG00000119977	ortholog_one2one	1
Tdg	ENSMUSG00000034674	ENSG00000139372	ortholog_one2one	1
Tdo2	ENSMUSG00000028011	ENSG00000151790	ortholog_one2one	1
Tdp1	ENSMUSG00000021177	ENSG00000042088	ortholog_one2one	1
Tdp2	ENSMUSG00000035958	ENSG00000111802	ortholog_one2one	1
Tdrd1	ENSMUSG00000025081	ENSG00000095627	ortholog_one2one	1
Tdrd12	ENSMUSG00000030491	ENSG00000173809	ortholog_one2one	1
Tdrd3	ENSMUSG00000022019	ENSG00000083544	ortholog_one2one	1
Tdrd5	ENSMUSG00000060985	ENSG00000162782	ortholog_one2one	1
Tdrd6	ENSMUSG00000040140	ENSG00000180113	ortholog_one2one	1
Tdrd7	ENSMUSG00000035517	ENSG00000196116	ortholog_one2one	1
Tdrd9	ENSMUSG00000054003	ENSG00000156414	ortholog_one2one	1
Tdrkh	ENSMUSG00000041912	ENSG00000182134	ortholog_one2one	1
Tdrp	ENSMUSG00000050052	ENSG00000180190	ortholog_one2one	1
Tead1	ENSMUSG00000055320	ENSG00000187079	ortholog_one2one	1
Tead2	ENSMUSG00000030796	ENSG00000074219	ortholog_one2one	1
Tead3	ENSMUSG00000002249	ENSG00000007866	ortholog_one2one	1
Tead4	ENSMUSG00000030353	ENSG00000197905	ortholog_one2one	1
Tec	ENSMUSG00000029217	ENSG00000135605	ortholog_one2one	1
Tecpr1	ENSMUSG00000066621	ENSG00000205356	ortholog_one2one	1
Tecpr2	ENSMUSG00000021275	ENSG00000196663	ortholog_one2one	1
Tecr	ENSMUSG00000031708	ENSG00000099797	ortholog_one2one	1
Tecrl	ENSMUSG00000049537	ENSG00000205678	ortholog_one2one	1
Tecta	ENSMUSG00000037705	ENSG00000109927	ortholog_one2one	1
Tectb	ENSMUSG00000024979	ENSG00000119913	ortholog_one2one	1
Tedc1	ENSMUSG00000037466	ENSG00000185347	ortholog_one2one	1
Tedc2	ENSMUSG00000024118	ENSG00000162062	ortholog_one2one	1
Tef	ENSMUSG00000022389	ENSG00000167074	ortholog_one2one	1
Tefm	ENSMUSG00000046909	ENSG00000172171	ortholog_one2one	1
Tek	ENSMUSG00000006386	ENSG00000120156	ortholog_one2one	1
Tekt1	ENSMUSG00000020799	ENSG00000167858	ortholog_one2one	1
Tekt2	ENSMUSG00000028845	ENSG00000092850	ortholog_one2one	1
Tekt3	ENSMUSG00000042189	ENSG00000125409	ortholog_one2one	1
Tekt5	ENSMUSG00000039179	ENSG00000153060	ortholog_one2one	1
Tektip1	ENSMUSG00000020234	ENSG00000183397	ortholog_one2one	1
Tektl1	ENSMUSG00000078442	ENSG00000160994	ortholog_one2one	1
Telo2	ENSMUSG00000024170	ENSG00000100726	ortholog_one2one	1
Tenm1	ENSMUSG00000016150	ENSG00000009694	ortholog_one2one	1
Tenm2	ENSMUSG00000049336	ENSG00000145934	ortholog_one2one	1
Tenm3	ENSMUSG00000031561	ENSG00000218336	ortholog_one2one	1
Tenm4	ENSMUSG00000048078	ENSG00000149256	ortholog_one2one	1
Tent2	ENSMUSG00000042167	ENSG00000164329	ortholog_one2one	1
Tent4a	ENSMUSG00000034575	ENSG00000112941	ortholog_one2one	1
Tent4b	ENSMUSG00000036779	ENSG00000121274	ortholog_one2one	1
Tent5a	ENSMUSG00000032265	ENSG00000112773	ortholog_one2one	1
Tent5b	ENSMUSG00000046694	ENSG00000158246	ortholog_one2one	1
Tent5c	ENSMUSG00000044468	ENSG00000183508	ortholog_one2one	1
Tent5d	ENSMUSG00000073007	ENSG00000174016	ortholog_one2one	1
Tep1	ENSMUSG00000006281	ENSG00000129566	ortholog_one2one	1
Tepsin	ENSMUSG00000025377	ENSG00000167302	ortholog_one2one	1
Terb1	ENSMUSG00000052616	ENSG00000249961	ortholog_one2one	1
Terb2	ENSMUSG00000027229	ENSG00000167014	ortholog_one2one	1
Terf1	ENSMUSG00000025925	ENSG00000147601	ortholog_one2one	1
Terf2	ENSMUSG00000031921	ENSG00000132604	ortholog_one2one	1
Terf2ip	ENSMUSG00000033430	ENSG00000166848	ortholog_one2one	1
Tert	ENSMUSG00000021611	ENSG00000164362	ortholog_one2one	1
Tesk1	ENSMUSG00000028458	ENSG00000107140	ortholog_one2one	1
Tesk2	ENSMUSG00000033985	ENSG00000070759	ortholog_one2one	1
Tesmin	ENSMUSG00000024905	ENSG00000132749	ortholog_one2one	1
Tespa1	ENSMUSG00000034833	ENSG00000135426	ortholog_one2one	1
Tet1	ENSMUSG00000047146	ENSG00000138336	ortholog_one2one	1
Tet2	ENSMUSG00000040943	ENSG00000168769	ortholog_one2one	1
Tet3	ENSMUSG00000034832	ENSG00000187605	ortholog_one2one	1
Tex10	ENSMUSG00000028345	ENSG00000136891	ortholog_one2one	1
Tex101	ENSMUSG00000062773	ENSG00000131126	ortholog_one2one	1
Tex11	ENSMUSG00000009670	ENSG00000120498	ortholog_one2one	1
Tex12	ENSMUSG00000032065	ENSG00000150783	ortholog_one2one	1
Tex14	ENSMUSG00000010342	ENSG00000121101	ortholog_one2one	1
Tex2	ENSMUSG00000040548	ENSG00000136478	ortholog_one2one	1
Tex26	ENSMUSG00000029660	ENSG00000175664	ortholog_one2one	1
Tex261	ENSMUSG00000014748	ENSG00000144043	ortholog_one2one	1
Tex264	ENSMUSG00000040813	ENSG00000164081	ortholog_one2one	1
Tex28	ENSMUSG00000062564	ENSG00000278057	ortholog_one2one	1
Tex30	ENSMUSG00000026049	ENSG00000151287	ortholog_one2one	1
Tex35	ENSMUSG00000026592	ENSG00000240021	ortholog_one2one	1
Tex36	ENSMUSG00000030976	ENSG00000175018	ortholog_one2one	1
Tex38	ENSMUSG00000044556	ENSG00000186118	ortholog_one2one	1
Tex47	ENSMUSG00000040514	ENSG00000164645	ortholog_one2one	1
Tex50	ENSMUSG00000049160	ENSG00000232113	ortholog_one2one	1
Tex52	ENSMUSG00000079304	ENSG00000283297	ortholog_one2one	1
Tex9	ENSMUSG00000090626	ENSG00000151575	ortholog_one2one	1
Tfam	ENSMUSG00000003923	ENSG00000108064	ortholog_one2one	1
Tfap2a	ENSMUSG00000021359	ENSG00000137203	ortholog_one2one	1
Tfap2b	ENSMUSG00000025927	ENSG00000008196	ortholog_one2one	1
Tfap2c	ENSMUSG00000028640	ENSG00000087510	ortholog_one2one	1
Tfap2d	ENSMUSG00000042596	ENSG00000008197	ortholog_one2one	1
Tfap2e	ENSMUSG00000042477	ENSG00000116819	ortholog_one2one	1
Tfap4	ENSMUSG00000005718	ENSG00000090447	ortholog_one2one	1
Tfb1m	ENSMUSG00000036983	ENSG00000029639	ortholog_one2one	1
Tfb2m	ENSMUSG00000026492	ENSG00000162851	ortholog_one2one	1
Tfcp2	ENSMUSG00000009733	ENSG00000135457	ortholog_one2one	1
Tfcp2l1	ENSMUSG00000026380	ENSG00000115112	ortholog_one2one	1
Tfdp1	ENSMUSG00000038482	ENSG00000198176	ortholog_one2one	1
Tfdp2	ENSMUSG00000032411	ENSG00000114126	ortholog_one2one	1
Tfe3	ENSMUSG00000000134	ENSG00000068323	ortholog_one2one	1
Tfeb	ENSMUSG00000023990	ENSG00000112561	ortholog_one2one	1
Tfec	ENSMUSG00000029553	ENSG00000105967	ortholog_one2one	1
Tff1	ENSMUSG00000024032	ENSG00000160182	ortholog_one2one	1
Tff2	ENSMUSG00000024028	ENSG00000160181	ortholog_one2one	1
Tff3	ENSMUSG00000024029	ENSG00000160180	ortholog_one2one	1
Tfg	ENSMUSG00000022757	ENSG00000114354	ortholog_one2one	1
Tfip11	ENSMUSG00000029345	ENSG00000100109	ortholog_one2one	1
Tfpi	ENSMUSG00000027082	ENSG00000003436	ortholog_one2one	1
Tfpi2	ENSMUSG00000029664	ENSG00000105825	ortholog_one2one	1
Tfpt	ENSMUSG00000006335	ENSG00000105619	ortholog_one2one	1
Tfr2	ENSMUSG00000029716	ENSG00000106327	ortholog_one2one	1
Tfrc	ENSMUSG00000022797	ENSG00000072274	ortholog_one2one	1
Tg	ENSMUSG00000053469	ENSG00000042832	ortholog_one2one	1
Tgds	ENSMUSG00000022130	ENSG00000088451	ortholog_one2one	1
Tgfa	ENSMUSG00000029999	ENSG00000163235	ortholog_one2one	1
Tgfb1	ENSMUSG00000002603	ENSG00000105329	ortholog_one2one	1
Tgfb1i1	ENSMUSG00000030782	ENSG00000140682	ortholog_one2one	1
Tgfb2	ENSMUSG00000039239	ENSG00000092969	ortholog_one2one	1
Tgfb3	ENSMUSG00000021253	ENSG00000119699	ortholog_one2one	1
Tgfbi	ENSMUSG00000035493	ENSG00000120708	ortholog_one2one	1
Tgfbr1	ENSMUSG00000007613	ENSG00000106799	ortholog_one2one	1
Tgfbr2	ENSMUSG00000032440	ENSG00000163513	ortholog_one2one	1
Tgfbr3	ENSMUSG00000029287	ENSG00000069702	ortholog_one2one	1
Tgfbr3l	ENSMUSG00000089736	ENSG00000260001	ortholog_one2one	1
Tgfbrap1	ENSMUSG00000070939	ENSG00000135966	ortholog_one2one	1
Tgif1	ENSMUSG00000047407	ENSG00000177426	ortholog_one2one	1
Tgif2	ENSMUSG00000062175	ENSG00000118707	ortholog_one2one	1
Tgm1	ENSMUSG00000022218	ENSG00000092295	ortholog_one2one	1
Tgm2	ENSMUSG00000037820	ENSG00000198959	ortholog_one2one	1
Tgm3	ENSMUSG00000027401	ENSG00000125780	ortholog_one2one	1
Tgm4	ENSMUSG00000025787	ENSG00000163810	ortholog_one2one	1
Tgm5	ENSMUSG00000053675	ENSG00000104055	ortholog_one2one	1
Tgm6	ENSMUSG00000027403	ENSG00000166948	ortholog_one2one	1
Tgm7	ENSMUSG00000079103	ENSG00000159495	ortholog_one2one	1
Tgs1	ENSMUSG00000028233	ENSG00000137574	ortholog_one2one	1
Th	ENSMUSG00000000214	ENSG00000180176	ortholog_one2one	1
Thada	ENSMUSG00000024251	ENSG00000115970	ortholog_one2one	1
Thap1	ENSMUSG00000037214	ENSG00000131931	ortholog_one2one	1
Thap11	ENSMUSG00000036442	ENSG00000168286	ortholog_one2one	1
Thap12	ENSMUSG00000030753	ENSG00000137492	ortholog_one2one	1
Thap2	ENSMUSG00000020137	ENSG00000173451	ortholog_one2one	1
Thap3	ENSMUSG00000039759	ENSG00000041988	ortholog_one2one	1
Thap4	ENSMUSG00000026279	ENSG00000176946	ortholog_one2one	1
Thap7	ENSMUSG00000022760	ENSG00000184436	ortholog_one2one	1
Thbd	ENSMUSG00000074743	ENSG00000178726	ortholog_one2one	1
Thbs1	ENSMUSG00000040152	ENSG00000137801	ortholog_one2one	1
Thbs2	ENSMUSG00000023885	ENSG00000186340	ortholog_one2one	1
Thbs3	ENSMUSG00000028047	ENSG00000169231	ortholog_one2one	1
Thbs4	ENSMUSG00000021702	ENSG00000113296	ortholog_one2one	1
Them4	ENSMUSG00000028145	ENSG00000159445	ortholog_one2one	1
Them5	ENSMUSG00000028148	ENSG00000196407	ortholog_one2one	1
Them6	ENSMUSG00000056665	ENSG00000130193	ortholog_one2one	1
Themis	ENSMUSG00000049109	ENSG00000172673	ortholog_one2one	1
Themis2	ENSMUSG00000037731	ENSG00000130775	ortholog_one2one	1
Thg1l	ENSMUSG00000011254	ENSG00000113272	ortholog_one2one	1
Thnsl1	ENSMUSG00000048550	ENSG00000185875	ortholog_one2one	1
Thnsl2	ENSMUSG00000054474	ENSG00000144115	ortholog_one2one	1
Thoc1	ENSMUSG00000024287	ENSG00000079134	ortholog_one2one	1
Thoc2	ENSMUSG00000037475	ENSG00000125676	ortholog_one2one	1
Thoc3	ENSMUSG00000025872	ENSG00000051596	ortholog_one2one	1
Thoc5	ENSMUSG00000034274	ENSG00000100296	ortholog_one2one	1
Thoc6	ENSMUSG00000041319	ENSG00000131652	ortholog_one2one	1
Thoc7	ENSMUSG00000053453	ENSG00000163634	ortholog_one2one	1
Thop1	ENSMUSG00000004929	ENSG00000172009	ortholog_one2one	1
Thpo	ENSMUSG00000022847	ENSG00000090534	ortholog_one2one	1
Thra	ENSMUSG00000058756	ENSG00000126351	ortholog_one2one	1
Thrap3	ENSMUSG00000043962	ENSG00000054118	ortholog_one2one	1
Thrb	ENSMUSG00000021779	ENSG00000151090	ortholog_one2one	1
Thrsp	ENSMUSG00000035686	ENSG00000151365	ortholog_one2one	1
Thsd1	ENSMUSG00000031480	ENSG00000136114	ortholog_one2one	1
Thsd4	ENSMUSG00000032289	ENSG00000187720	ortholog_one2one	1
Thsd7a	ENSMUSG00000032625	ENSG00000005108	ortholog_one2one	1
Thsd7b	ENSMUSG00000042581	ENSG00000144229	ortholog_one2one	1
Thtpa	ENSMUSG00000045691	ENSG00000259431	ortholog_one2one	1
Thumpd1	ENSMUSG00000030942	ENSG00000066654	ortholog_one2one	1
Thumpd2	ENSMUSG00000024246	ENSG00000138050	ortholog_one2one	1
Thumpd3	ENSMUSG00000030264	ENSG00000134077	ortholog_one2one	1
Thy1	ENSMUSG00000032011	ENSG00000154096	ortholog_one2one	1
Thyn1	ENSMUSG00000035443	ENSG00000151500	ortholog_one2one	1
Tia1	ENSMUSG00000071337	ENSG00000116001	ortholog_one2one	1
Tial1	ENSMUSG00000030846	ENSG00000151923	ortholog_one2one	1
Tiam1	ENSMUSG00000002489	ENSG00000156299	ortholog_one2one	1
Tiam2	ENSMUSG00000023800	ENSG00000146426	ortholog_one2one	1
Ticam1	ENSMUSG00000047123	ENSG00000127666	ortholog_one2one	1
Ticrr	ENSMUSG00000046591	ENSG00000140534	ortholog_one2one	1
Tie1	ENSMUSG00000033191	ENSG00000066056	ortholog_one2one	1
Tifa	ENSMUSG00000046688	ENSG00000145365	ortholog_one2one	1
Tifab	ENSMUSG00000049625	ENSG00000255833	ortholog_one2one	1
Tigar	ENSMUSG00000038028	ENSG00000078237	ortholog_one2one	1
Tigd2	ENSMUSG00000049232	ENSG00000180346	ortholog_one2one	1
Tigd3	ENSMUSG00000044390	ENSG00000173825	ortholog_one2one	1
Tigd4	ENSMUSG00000047819	ENSG00000169989	ortholog_one2one	1
Tigd5	ENSMUSG00000103906	ENSG00000179886	ortholog_one2one	1
Tigit	ENSMUSG00000071552	ENSG00000181847	ortholog_one2one	1
Timeless	ENSMUSG00000039994	ENSG00000111602	ortholog_one2one	1
Timm10	ENSMUSG00000027076	ENSG00000134809	ortholog_one2one	1
Timm10b	ENSMUSG00000089847	ENSG00000132286	ortholog_one2one	1
Timm17a	ENSMUSG00000062580	ENSG00000134375	ortholog_one2one	1
Timm17b	ENSMUSG00000031158	ENSG00000126768	ortholog_one2one	1
Timm21	ENSMUSG00000024645	ENSG00000075336	ortholog_one2one	1
Timm22	ENSMUSG00000020843	ENSG00000177370	ortholog_one2one	1
Timm29	ENSMUSG00000048429	ENSG00000142444	ortholog_one2one	1
Timm44	ENSMUSG00000002949	ENSG00000104980	ortholog_one2one	1
Timm50	ENSMUSG00000003438	ENSG00000105197	ortholog_one2one	1
Timm8a1	ENSMUSG00000048007	ENSG00000126953	ortholog_one2one	1
Timm8b	ENSMUSG00000039016	ENSG00000150779	ortholog_one2one	1
Timm9	ENSMUSG00000021079	ENSG00000100575	ortholog_one2one	1
Timmdc1	ENSMUSG00000002846	ENSG00000113845	ortholog_one2one	1
Timp1	ENSMUSG00000001131	ENSG00000102265	ortholog_one2one	1
Timp2	ENSMUSG00000017466	ENSG00000035862	ortholog_one2one	1
Timp3	ENSMUSG00000020044	ENSG00000100234	ortholog_one2one	1
Timp4	ENSMUSG00000030317	ENSG00000157150	ortholog_one2one	1
Tinag	ENSMUSG00000032357	ENSG00000137251	ortholog_one2one	1
Tinagl1	ENSMUSG00000028776	ENSG00000142910	ortholog_one2one	1
Tincr	ENSMUSG00000110218	ENSG00000223573	ortholog_one2one	1
Tinf2	ENSMUSG00000007589	ENSG00000092330	ortholog_one2one	1
Tiparp	ENSMUSG00000034640	ENSG00000163659	ortholog_one2one	1
Tipin	ENSMUSG00000032397	ENSG00000075131	ortholog_one2one	1
Tiprl	ENSMUSG00000040843	ENSG00000143155	ortholog_one2one	1
Tirap	ENSMUSG00000032041	ENSG00000150455	ortholog_one2one	1
Tjap1	ENSMUSG00000012296	ENSG00000137221	ortholog_one2one	1
Tjp1	ENSMUSG00000030516	ENSG00000104067	ortholog_one2one	1
Tjp2	ENSMUSG00000024812	ENSG00000119139	ortholog_one2one	1
Tjp3	ENSMUSG00000034917	ENSG00000105289	ortholog_one2one	1
Tk1	ENSMUSG00000025574	ENSG00000167900	ortholog_one2one	1
Tk2	ENSMUSG00000035824	ENSG00000166548	ortholog_one2one	1
Tkfc	ENSMUSG00000034371	ENSG00000149476	ortholog_one2one	1
Tkt	ENSMUSG00000021957	ENSG00000163931	ortholog_one2one	1
Tktl1	ENSMUSG00000031397	ENSG00000007350	ortholog_one2one	1
Tktl2	ENSMUSG00000025519	ENSG00000151005	ortholog_one2one	1
Tlcd1	ENSMUSG00000019437	ENSG00000160606	ortholog_one2one	1
Tlcd2	ENSMUSG00000038217	ENSG00000185561	ortholog_one2one	1
Tlcd3a	ENSMUSG00000069808	ENSG00000167695	ortholog_one2one	1
Tlcd3b	ENSMUSG00000058966	ENSG00000149926	ortholog_one2one	1
Tlcd4	ENSMUSG00000028132	ENSG00000152078	ortholog_one2one	1
Tlcd5	ENSMUSG00000048503	ENSG00000181264	ortholog_one2one	1
Tldc2	ENSMUSG00000074628	ENSG00000101342	ortholog_one2one	1
Tle1	ENSMUSG00000008305	ENSG00000196781	ortholog_one2one	1
Tle2	ENSMUSG00000034771	ENSG00000065717	ortholog_one2one	1
Tle3	ENSMUSG00000032280	ENSG00000140332	ortholog_one2one	1
Tle4	ENSMUSG00000024642	ENSG00000106829	ortholog_one2one	1
Tle5	ENSMUSG00000054452	ENSG00000104964	ortholog_one2one	1
Tle7	ENSMUSG00000095941	ENSG00000260734	ortholog_one2one	1
Tlk1	ENSMUSG00000041997	ENSG00000198586	ortholog_one2one	1
Tlk2	ENSMUSG00000020694	ENSG00000146872	ortholog_one2one	1
Tll1	ENSMUSG00000053626	ENSG00000038295	ortholog_one2one	1
Tll2	ENSMUSG00000025013	ENSG00000095587	ortholog_one2one	1
Tln1	ENSMUSG00000028465	ENSG00000137076	ortholog_one2one	1
Tln2	ENSMUSG00000052698	ENSG00000171914	ortholog_one2one	1
Tlnrd1	ENSMUSG00000070462	ENSG00000140406	ortholog_one2one	1
Tlr1	ENSMUSG00000044827	ENSG00000174125	ortholog_one2one	1
Tlr2	ENSMUSG00000027995	ENSG00000137462	ortholog_one2one	1
Tlr3	ENSMUSG00000031639	ENSG00000164342	ortholog_one2one	1
Tlr4	ENSMUSG00000039005	ENSG00000136869	ortholog_one2one	1
Tlr5	ENSMUSG00000079164	ENSG00000187554	ortholog_one2one	1
Tlr6	ENSMUSG00000051498	ENSG00000174130	ortholog_one2one	1
Tlr7	ENSMUSG00000044583	ENSG00000196664	ortholog_one2one	1
Tlr8	ENSMUSG00000040522	ENSG00000101916	ortholog_one2one	1
Tlr9	ENSMUSG00000045322	ENSG00000239732	ortholog_one2one	1
Tlx1	ENSMUSG00000025215	ENSG00000107807	ortholog_one2one	1
Tlx2	ENSMUSG00000068327	ENSG00000115297	ortholog_one2one	1
Tlx3	ENSMUSG00000040610	ENSG00000164438	ortholog_one2one	1
Tm2d1	ENSMUSG00000028563	ENSG00000162604	ortholog_one2one	1
Tm2d2	ENSMUSG00000031556	ENSG00000169490	ortholog_one2one	1
Tm2d3	ENSMUSG00000078681	ENSG00000184277	ortholog_one2one	1
Tm4sf1	ENSMUSG00000027800	ENSG00000169908	ortholog_one2one	1
Tm4sf19	ENSMUSG00000079625	ENSG00000145107	ortholog_one2one	1
Tm4sf20	ENSMUSG00000026149	ENSG00000168955	ortholog_one2one	1
Tm4sf4	ENSMUSG00000027801	ENSG00000169903	ortholog_one2one	1
Tm4sf5	ENSMUSG00000018919	ENSG00000142484	ortholog_one2one	1
Tm6sf1	ENSMUSG00000038623	ENSG00000136404	ortholog_one2one	1
Tm6sf2	ENSMUSG00000036151	ENSG00000213996	ortholog_one2one	1
Tm7sf2	ENSMUSG00000024799	ENSG00000149809	ortholog_one2one	1
Tm7sf3	ENSMUSG00000040234	ENSG00000064115	ortholog_one2one	1
Tm9sf1	ENSMUSG00000002320	ENSG00000100926	ortholog_one2one	1
Tm9sf2	ENSMUSG00000025544	ENSG00000125304	ortholog_one2one	1
Tm9sf3	ENSMUSG00000025016	ENSG00000077147	ortholog_one2one	1
Tm9sf4	ENSMUSG00000068040	ENSG00000101337	ortholog_one2one	1
Tma16	ENSMUSG00000025591	ENSG00000198498	ortholog_one2one	1
Tmbim1	ENSMUSG00000006301	ENSG00000135926	ortholog_one2one	1
Tmbim4	ENSMUSG00000020225	ENSG00000155957	ortholog_one2one	1
Tmbim6	ENSMUSG00000023010	ENSG00000139644	ortholog_one2one	1
Tmc1	ENSMUSG00000024749	ENSG00000165091	ortholog_one2one	1
Tmc2	ENSMUSG00000060332	ENSG00000149488	ortholog_one2one	1
Tmc3	ENSMUSG00000038540	ENSG00000188869	ortholog_one2one	1
Tmc4	ENSMUSG00000019734	ENSG00000167608	ortholog_one2one	1
Tmc5	ENSMUSG00000030650	ENSG00000103534	ortholog_one2one	1
Tmc6	ENSMUSG00000025572	ENSG00000141524	ortholog_one2one	1
Tmc7	ENSMUSG00000042246	ENSG00000170537	ortholog_one2one	1
Tmc8	ENSMUSG00000050106	ENSG00000167895	ortholog_one2one	1
Tmcc1	ENSMUSG00000030126	ENSG00000172765	ortholog_one2one	1
Tmcc2	ENSMUSG00000042066	ENSG00000133069	ortholog_one2one	1
Tmcc3	ENSMUSG00000020023	ENSG00000057704	ortholog_one2one	1
Tmco1	ENSMUSG00000052428	ENSG00000143183	ortholog_one2one	1
Tmco2	ENSMUSG00000078577	ENSG00000188800	ortholog_one2one	1
Tmco3	ENSMUSG00000038497	ENSG00000150403	ortholog_one2one	1
Tmco4	ENSMUSG00000041143	ENSG00000162542	ortholog_one2one	1
Tmco5	ENSMUSG00000027355	ENSG00000166069	ortholog_one2one	1
Tmco6	ENSMUSG00000006850	ENSG00000113119	ortholog_one2one	1
Tmed1	ENSMUSG00000032180	ENSG00000099203	ortholog_one2one	1
Tmed10	ENSMUSG00000021248	ENSG00000170348	ortholog_one2one	1
Tmed2	ENSMUSG00000029390	ENSG00000086598	ortholog_one2one	1
Tmed3	ENSMUSG00000032353	ENSG00000166557	ortholog_one2one	1
Tmed4	ENSMUSG00000004394	ENSG00000158604	ortholog_one2one	1
Tmed5	ENSMUSG00000063406	ENSG00000117500	ortholog_one2one	1
Tmed6	ENSMUSG00000031919	ENSG00000157315	ortholog_one2one	1
Tmed7	ENSMUSG00000033184	ENSG00000134970	ortholog_one2one	1
Tmed8	ENSMUSG00000034111	ENSG00000100580	ortholog_one2one	1
Tmed9	ENSMUSG00000058569	ENSG00000184840	ortholog_one2one	1
Tmeff1	ENSMUSG00000028347	ENSG00000241697	ortholog_one2one	1
Tmeff2	ENSMUSG00000026109	ENSG00000144339	ortholog_one2one	1
Tmem100	ENSMUSG00000069763	ENSG00000166292	ortholog_one2one	1
Tmem101	ENSMUSG00000020921	ENSG00000091947	ortholog_one2one	1
Tmem102	ENSMUSG00000089876	ENSG00000181284	ortholog_one2one	1
Tmem104	ENSMUSG00000045980	ENSG00000109066	ortholog_one2one	1
Tmem106a	ENSMUSG00000034947	ENSG00000184988	ortholog_one2one	1
Tmem106b	ENSMUSG00000029571	ENSG00000106460	ortholog_one2one	1
Tmem106c	ENSMUSG00000052369	ENSG00000134291	ortholog_one2one	1
Tmem107	ENSMUSG00000020895	ENSG00000179029	ortholog_one2one	1
Tmem108	ENSMUSG00000042757	ENSG00000144868	ortholog_one2one	1
Tmem109	ENSMUSG00000034659	ENSG00000110108	ortholog_one2one	1
Tmem11	ENSMUSG00000043284	ENSG00000178307	ortholog_one2one	1
Tmem114	ENSMUSG00000022715	ENSG00000232258	ortholog_one2one	1
Tmem115	ENSMUSG00000010045	ENSG00000126062	ortholog_one2one	1
Tmem116	ENSMUSG00000029452	ENSG00000198270	ortholog_one2one	1
Tmem117	ENSMUSG00000063296	ENSG00000139173	ortholog_one2one	1
Tmem119	ENSMUSG00000054675	ENSG00000183160	ortholog_one2one	1
Tmem120a	ENSMUSG00000039886	ENSG00000189077	ortholog_one2one	1
Tmem120b	ENSMUSG00000054434	ENSG00000188735	ortholog_one2one	1
Tmem121	ENSMUSG00000049036	ENSG00000184986	ortholog_one2one	1
Tmem121b	ENSMUSG00000094626	ENSG00000183307	ortholog_one2one	1
Tmem125	ENSMUSG00000050854	ENSG00000179178	ortholog_one2one	1
Tmem126a	ENSMUSG00000030615	ENSG00000171202	ortholog_one2one	1
Tmem126b	ENSMUSG00000030614	ENSG00000171204	ortholog_one2one	1
Tmem127	ENSMUSG00000034850	ENSG00000135956	ortholog_one2one	1
Tmem128	ENSMUSG00000067365	ENSG00000132406	ortholog_one2one	1
Tmem129	ENSMUSG00000019295	ENSG00000168936	ortholog_one2one	1
Tmem130	ENSMUSG00000043388	ENSG00000166448	ortholog_one2one	1
Tmem131	ENSMUSG00000026116	ENSG00000075568	ortholog_one2one	1
Tmem131l	ENSMUSG00000033767	ENSG00000121210	ortholog_one2one	1
Tmem132a	ENSMUSG00000024736	ENSG00000006118	ortholog_one2one	1
Tmem132b	ENSMUSG00000070498	ENSG00000139364	ortholog_one2one	1
Tmem132c	ENSMUSG00000034324	ENSG00000181234	ortholog_one2one	1
Tmem132d	ENSMUSG00000034310	ENSG00000151952	ortholog_one2one	1
Tmem132e	ENSMUSG00000020701	ENSG00000181291	ortholog_one2one	1
Tmem134	ENSMUSG00000024845	ENSG00000172663	ortholog_one2one	1
Tmem135	ENSMUSG00000039428	ENSG00000166575	ortholog_one2one	1
Tmem138	ENSMUSG00000024666	ENSG00000149483	ortholog_one2one	1
Tmem139	ENSMUSG00000071506	ENSG00000178826	ortholog_one2one	1
Tmem140	ENSMUSG00000057137	ENSG00000146859	ortholog_one2one	1
Tmem141	ENSMUSG00000026939	ENSG00000244187	ortholog_one2one	1
Tmem143	ENSMUSG00000002781	ENSG00000161558	ortholog_one2one	1
Tmem144	ENSMUSG00000027956	ENSG00000164124	ortholog_one2one	1
Tmem145	ENSMUSG00000043843	ENSG00000167619	ortholog_one2one	1
Tmem147	ENSMUSG00000006315	ENSG00000105677	ortholog_one2one	1
Tmem14a	ENSMUSG00000025933	ENSG00000096092	ortholog_one2one	1
Tmem150a	ENSMUSG00000055912	ENSG00000168890	ortholog_one2one	1
Tmem150b	ENSMUSG00000046456	ENSG00000180061	ortholog_one2one	1
Tmem150c	ENSMUSG00000050640	ENSG00000249242	ortholog_one2one	1
Tmem151a	ENSMUSG00000061451	ENSG00000179292	ortholog_one2one	1
Tmem151b	ENSMUSG00000096847	ENSG00000178233	ortholog_one2one	1
Tmem154	ENSMUSG00000056498	ENSG00000170006	ortholog_one2one	1
Tmem158	ENSMUSG00000054871	ENSG00000249992	ortholog_one2one	1
Tmem160	ENSMUSG00000019158	ENSG00000130748	ortholog_one2one	1
Tmem161a	ENSMUSG00000002342	ENSG00000064545	ortholog_one2one	1
Tmem161b	ENSMUSG00000035762	ENSG00000164180	ortholog_one2one	1
Tmem163	ENSMUSG00000026347	ENSG00000152128	ortholog_one2one	1
Tmem164	ENSMUSG00000047045	ENSG00000157600	ortholog_one2one	1
Tmem165	ENSMUSG00000029234	ENSG00000134851	ortholog_one2one	1
Tmem168	ENSMUSG00000029569	ENSG00000146802	ortholog_one2one	1
Tmem169	ENSMUSG00000026188	ENSG00000163449	ortholog_one2one	1
Tmem17	ENSMUSG00000049904	ENSG00000186889	ortholog_one2one	1
Tmem170	ENSMUSG00000031953	ENSG00000166822	ortholog_one2one	1
Tmem170b	ENSMUSG00000087370	ENSG00000205269	ortholog_one2one	1
Tmem171	ENSMUSG00000052485	ENSG00000157111	ortholog_one2one	1
Tmem174	ENSMUSG00000046082	ENSG00000164325	ortholog_one2one	1
Tmem175	ENSMUSG00000013495	ENSG00000127419	ortholog_one2one	1
Tmem176a	ENSMUSG00000023367	ENSG00000002933	ortholog_one2one	1
Tmem176b	ENSMUSG00000029810	ENSG00000106565	ortholog_one2one	1
Tmem177	ENSMUSG00000036975	ENSG00000144120	ortholog_one2one	1
Tmem178	ENSMUSG00000024245	ENSG00000152154	ortholog_one2one	1
Tmem178b	ENSMUSG00000057716	ENSG00000261115	ortholog_one2one	1
Tmem179	ENSMUSG00000054013	ENSG00000258986	ortholog_one2one	1
Tmem179b	ENSMUSG00000118346	ENSG00000185475	ortholog_one2one	1
Tmem18	ENSMUSG00000043061	ENSG00000151353	ortholog_one2one	1
Tmem181a	ENSMUSG00000038141	ENSG00000146433	ortholog_one2one	1
Tmem182	ENSMUSG00000079588	ENSG00000170417	ortholog_one2one	1
Tmem183a	ENSMUSG00000042305	ENSG00000163444	ortholog_one2one	1
Tmem184a	ENSMUSG00000036687	ENSG00000164855	ortholog_one2one	1
Tmem184b	ENSMUSG00000009035	ENSG00000198792	ortholog_one2one	1
Tmem184c	ENSMUSG00000031617	ENSG00000164168	ortholog_one2one	1
Tmem185a	ENSMUSG00000073139	ENSG00000269556	ortholog_one2one	1
Tmem185b	ENSMUSG00000098923	ENSG00000226479	ortholog_one2one	1
Tmem186	ENSMUSG00000043140	ENSG00000184857	ortholog_one2one	1
Tmem19	ENSMUSG00000069520	ENSG00000139291	ortholog_one2one	1
Tmem190	ENSMUSG00000013091	ENSG00000160472	ortholog_one2one	1
Tmem192	ENSMUSG00000025521	ENSG00000170088	ortholog_one2one	1
Tmem198	ENSMUSG00000051703	ENSG00000188760	ortholog_one2one	1
Tmem199	ENSMUSG00000051232	ENSG00000244045	ortholog_one2one	1
Tmem200a	ENSMUSG00000049420	ENSG00000164484	ortholog_one2one	1
Tmem200b	ENSMUSG00000070720	ENSG00000253304	ortholog_one2one	1
Tmem200c	ENSMUSG00000095407	ENSG00000206432	ortholog_one2one	1
Tmem201	ENSMUSG00000044700	ENSG00000188807	ortholog_one2one	1
Tmem203	ENSMUSG00000078201	ENSG00000187713	ortholog_one2one	1
Tmem204	ENSMUSG00000024168	ENSG00000131634	ortholog_one2one	1
Tmem205	ENSMUSG00000040883	ENSG00000105518	ortholog_one2one	1
Tmem207	ENSMUSG00000091972	ENSG00000198398	ortholog_one2one	1
Tmem208	ENSMUSG00000014856	ENSG00000168701	ortholog_one2one	1
Tmem209	ENSMUSG00000029782	ENSG00000146842	ortholog_one2one	1
Tmem210	ENSMUSG00000026963	ENSG00000185863	ortholog_one2one	1
Tmem212	ENSMUSG00000043164	ENSG00000186329	ortholog_one2one	1
Tmem213	ENSMUSG00000029829	ENSG00000214128	ortholog_one2one	1
Tmem214	ENSMUSG00000038828	ENSG00000119777	ortholog_one2one	1
Tmem215	ENSMUSG00000046593	ENSG00000188133	ortholog_one2one	1
Tmem216	ENSMUSG00000024667	ENSG00000187049	ortholog_one2one	1
Tmem218	ENSMUSG00000032121	ENSG00000150433	ortholog_one2one	1
Tmem219	ENSMUSG00000060538	ENSG00000149932	ortholog_one2one	1
Tmem220	ENSMUSG00000050270	ENSG00000187824	ortholog_one2one	1
Tmem221	ENSMUSG00000043664	ENSG00000188051	ortholog_one2one	1
Tmem222	ENSMUSG00000028857	ENSG00000186501	ortholog_one2one	1
Tmem223	ENSMUSG00000117924	ENSG00000168569	ortholog_one2one	1
Tmem229a	ENSMUSG00000048022	ENSG00000234224	ortholog_one2one	1
Tmem229b	ENSMUSG00000046157	ENSG00000198133	ortholog_one2one	1
Tmem230	ENSMUSG00000027341	ENSG00000089063	ortholog_one2one	1
Tmem231	ENSMUSG00000031951	ENSG00000205084	ortholog_one2one	1
Tmem232	ENSMUSG00000045036	ENSG00000186952	ortholog_one2one	1
Tmem233	ENSMUSG00000079278	ENSG00000224982	ortholog_one2one	1
Tmem234	ENSMUSG00000028797	ENSG00000160055	ortholog_one2one	1
Tmem235	ENSMUSG00000070330	ENSG00000204278	ortholog_one2one	1
Tmem236	ENSMUSG00000061531	ENSG00000148483	ortholog_one2one	1
Tmem237	ENSMUSG00000038079	ENSG00000155755	ortholog_one2one	1
Tmem238	ENSMUSG00000030431	ENSG00000233493	ortholog_one2one	1
Tmem238l	ENSMUSG00000085683	ENSG00000263429	ortholog_one2one	1
Tmem239	ENSMUSG00000049692	ENSG00000198326	ortholog_one2one	1
Tmem240	ENSMUSG00000084845	ENSG00000205090	ortholog_one2one	1
Tmem241	ENSMUSG00000049411	ENSG00000134490	ortholog_one2one	1
Tmem242	ENSMUSG00000004945	ENSG00000215712	ortholog_one2one	1
Tmem243	ENSMUSG00000079659	ENSG00000135185	ortholog_one2one	1
Tmem245	ENSMUSG00000055296	ENSG00000106771	ortholog_one2one	1
Tmem247	ENSMUSG00000037689	ENSG00000284701	ortholog_one2one	1
Tmem248	ENSMUSG00000053094	ENSG00000106609	ortholog_one2one	1
Tmem249	ENSMUSG00000116376	ENSG00000261587	ortholog_one2one	1
Tmem25	ENSMUSG00000002032	ENSG00000149582	ortholog_one2one	1
Tmem250	ENSMUSG00000087679	ENSG00000238227	ortholog_one2one	1
Tmem252	ENSMUSG00000048572	ENSG00000181778	ortholog_one2one	1
Tmem253	ENSMUSG00000072571	ENSG00000232070	ortholog_one2one	1
Tmem254	ENSMUSG00000072676	ENSG00000133678	ortholog_one2one	1
Tmem255a	ENSMUSG00000036502	ENSG00000125355	ortholog_one2one	1
Tmem255b	ENSMUSG00000038457	ENSG00000184497	ortholog_one2one	1
Tmem256	ENSMUSG00000070394	ENSG00000205544	ortholog_one2one	1
Tmem259	ENSMUSG00000013858	ENSG00000182087	ortholog_one2one	1
Tmem26	ENSMUSG00000060044	ENSG00000196932	ortholog_one2one	1
Tmem260	ENSMUSG00000036339	ENSG00000070269	ortholog_one2one	1
Tmem262	ENSMUSG00000047733	ENSG00000187066	ortholog_one2one	1
Tmem263	ENSMUSG00000060935	ENSG00000151135	ortholog_one2one	1
Tmem266	ENSMUSG00000032313	ENSG00000169758	ortholog_one2one	1
Tmem267	ENSMUSG00000074634	ENSG00000151881	ortholog_one2one	1
Tmem268	ENSMUSG00000045917	ENSG00000157693	ortholog_one2one	1
Tmem270	ENSMUSG00000040576	ENSG00000175877	ortholog_one2one	1
Tmem271rt	ENSMUSG00000105867	ENSG00000273238	ortholog_one2one	1
Tmem273	ENSMUSG00000041707	ENSG00000204161	ortholog_one2one	1
Tmem275	ENSMUSG00000034185	ENSG00000282881	ortholog_one2one	1
Tmem276	ENSMUSG00000121584	ENSG00000291317	ortholog_one2one	1
Tmem278	ENSMUSG00000073680	ENSG00000205116	ortholog_one2one	1
Tmem30a	ENSMUSG00000032328	ENSG00000112697	ortholog_one2one	1
Tmem30b	ENSMUSG00000034435	ENSG00000182107	ortholog_one2one	1
Tmem33	ENSMUSG00000037720	ENSG00000109133	ortholog_one2one	1
Tmem35a	ENSMUSG00000033578	ENSG00000126950	ortholog_one2one	1
Tmem35b	ENSMUSG00000070737	ENSG00000243749	ortholog_one2one	1
Tmem37	ENSMUSG00000050777	ENSG00000171227	ortholog_one2one	1
Tmem38a	ENSMUSG00000031791	ENSG00000072954	ortholog_one2one	1
Tmem38b	ENSMUSG00000028420	ENSG00000095209	ortholog_one2one	1
Tmem39a	ENSMUSG00000002845	ENSG00000176142	ortholog_one2one	1
Tmem39b	ENSMUSG00000053730	ENSG00000121775	ortholog_one2one	1
Tmem40	ENSMUSG00000059900	ENSG00000088726	ortholog_one2one	1
Tmem41b	ENSMUSG00000047554	ENSG00000166471	ortholog_one2one	1
Tmem42	ENSMUSG00000066233	ENSG00000169964	ortholog_one2one	1
Tmem43	ENSMUSG00000030095	ENSG00000170876	ortholog_one2one	1
Tmem44	ENSMUSG00000022537	ENSG00000145014	ortholog_one2one	1
Tmem45b	ENSMUSG00000041737	ENSG00000151715	ortholog_one2one	1
Tmem47	ENSMUSG00000025666	ENSG00000147027	ortholog_one2one	1
Tmem50a	ENSMUSG00000028822	ENSG00000183726	ortholog_one2one	1
Tmem50b	ENSMUSG00000022964	ENSG00000142188	ortholog_one2one	1
Tmem51	ENSMUSG00000040616	ENSG00000171729	ortholog_one2one	1
Tmem52	ENSMUSG00000023153	ENSG00000178821	ortholog_one2one	1
Tmem52b	ENSMUSG00000030160	ENSG00000165685	ortholog_one2one	1
Tmem53	ENSMUSG00000048772	ENSG00000126106	ortholog_one2one	1
Tmem54	ENSMUSG00000028786	ENSG00000121900	ortholog_one2one	1
Tmem59	ENSMUSG00000028618	ENSG00000116209	ortholog_one2one	1
Tmem59l	ENSMUSG00000035964	ENSG00000105696	ortholog_one2one	1
Tmem60	ENSMUSG00000045435	ENSG00000135211	ortholog_one2one	1
Tmem62	ENSMUSG00000054484	ENSG00000137842	ortholog_one2one	1
Tmem63a	ENSMUSG00000026519	ENSG00000196187	ortholog_one2one	1
Tmem63b	ENSMUSG00000036026	ENSG00000137216	ortholog_one2one	1
Tmem63c	ENSMUSG00000034145	ENSG00000165548	ortholog_one2one	1
Tmem64	ENSMUSG00000043252	ENSG00000180694	ortholog_one2one	1
Tmem65	ENSMUSG00000062373	ENSG00000164983	ortholog_one2one	1
Tmem67	ENSMUSG00000049488	ENSG00000164953	ortholog_one2one	1
Tmem68	ENSMUSG00000028232	ENSG00000167904	ortholog_one2one	1
Tmem69	ENSMUSG00000055900	ENSG00000159596	ortholog_one2one	1
Tmem70	ENSMUSG00000025940	ENSG00000175606	ortholog_one2one	1
Tmem71	ENSMUSG00000036944	ENSG00000165071	ortholog_one2one	1
Tmem72	ENSMUSG00000048108	ENSG00000187783	ortholog_one2one	1
Tmem74	ENSMUSG00000054409	ENSG00000164841	ortholog_one2one	1
Tmem74b	ENSMUSG00000044364	ENSG00000125895	ortholog_one2one	1
Tmem74bos	ENSMUSG00000087035	ENSG00000215595	ortholog_one2one	1
Tmem79	ENSMUSG00000001420	ENSG00000163472	ortholog_one2one	1
Tmem80	ENSMUSG00000025505	ENSG00000177042	ortholog_one2one	1
Tmem81	ENSMUSG00000048174	ENSG00000174529	ortholog_one2one	1
Tmem82	ENSMUSG00000043085	ENSG00000162460	ortholog_one2one	1
Tmem86a	ENSMUSG00000010307	ENSG00000151117	ortholog_one2one	1
Tmem86b	ENSMUSG00000045282	ENSG00000180089	ortholog_one2one	1
Tmem87a	ENSMUSG00000033808	ENSG00000103978	ortholog_one2one	1
Tmem87b	ENSMUSG00000014353	ENSG00000153214	ortholog_one2one	1
Tmem88	ENSMUSG00000045377	ENSG00000167874	ortholog_one2one	1
Tmem89	ENSMUSG00000025652	ENSG00000183396	ortholog_one2one	1
Tmem8b	ENSMUSG00000078716	ENSG00000137103	ortholog_one2one	1
Tmem9	ENSMUSG00000026411	ENSG00000116857	ortholog_one2one	1
Tmem91	ENSMUSG00000061702	ENSG00000142046	ortholog_one2one	1
Tmem94	ENSMUSG00000020747	ENSG00000177728	ortholog_one2one	1
Tmem95	ENSMUSG00000094845	ENSG00000182896	ortholog_one2one	1
Tmem97	ENSMUSG00000037278	ENSG00000109084	ortholog_one2one	1
Tmem98	ENSMUSG00000035413	ENSG00000006042	ortholog_one2one	1
Tmem9b	ENSMUSG00000031021	ENSG00000175348	ortholog_one2one	1
Tmf1	ENSMUSG00000030059	ENSG00000144747	ortholog_one2one	1
Tmie	ENSMUSG00000049555	ENSG00000181585	ortholog_one2one	1
Tmigd1	ENSMUSG00000020839	ENSG00000182271	ortholog_one2one	1
Tmod1	ENSMUSG00000028328	ENSG00000136842	ortholog_one2one	1
Tmod2	ENSMUSG00000032186	ENSG00000128872	ortholog_one2one	1
Tmod3	ENSMUSG00000058587	ENSG00000138594	ortholog_one2one	1
Tmod4	ENSMUSG00000005628	ENSG00000163157	ortholog_one2one	1
Tmppe	ENSMUSG00000079260	ENSG00000188167	ortholog_one2one	1
Tmprss11a	ENSMUSG00000072845	ENSG00000187054	ortholog_one2one	1
Tmprss11d	ENSMUSG00000061259	ENSG00000153802	ortholog_one2one	1
Tmprss11e	ENSMUSG00000054537	ENSG00000087128	ortholog_one2one	1
Tmprss11f	ENSMUSG00000048764	ENSG00000198092	ortholog_one2one	1
Tmprss12	ENSMUSG00000045631	ENSG00000186452	ortholog_one2one	1
Tmprss13	ENSMUSG00000037129	ENSG00000137747	ortholog_one2one	1
Tmprss15	ENSMUSG00000022857	ENSG00000154646	ortholog_one2one	1
Tmprss2	ENSMUSG00000000385	ENSG00000184012	ortholog_one2one	1
Tmprss3	ENSMUSG00000024034	ENSG00000160183	ortholog_one2one	1
Tmprss4	ENSMUSG00000032091	ENSG00000137648	ortholog_one2one	1
Tmprss5	ENSMUSG00000032268	ENSG00000166682	ortholog_one2one	1
Tmprss6	ENSMUSG00000016942	ENSG00000187045	ortholog_one2one	1
Tmprss7	ENSMUSG00000033177	ENSG00000176040	ortholog_one2one	1
Tmprss9	ENSMUSG00000059406	ENSG00000178297	ortholog_one2one	1
Tmsb4x	ENSMUSG00000049775	ENSG00000205542	ortholog_one2one	1
Tmt1b	ENSMUSG00000025347	ENSG00000170439	ortholog_one2one	1
Tmtc1	ENSMUSG00000030306	ENSG00000133687	ortholog_one2one	1
Tmtc2	ENSMUSG00000036019	ENSG00000179104	ortholog_one2one	1
Tmtc3	ENSMUSG00000036676	ENSG00000139324	ortholog_one2one	1
Tmtc4	ENSMUSG00000041594	ENSG00000125247	ortholog_one2one	1
Tmub2	ENSMUSG00000034757	ENSG00000168591	ortholog_one2one	1
Tmx1	ENSMUSG00000021072	ENSG00000139921	ortholog_one2one	1
Tmx2	ENSMUSG00000050043	ENSG00000213593	ortholog_one2one	1
Tmx3	ENSMUSG00000024614	ENSG00000166479	ortholog_one2one	1
Tmx4	ENSMUSG00000034723	ENSG00000125827	ortholog_one2one	1
Tnc	ENSMUSG00000028364	ENSG00000041982	ortholog_one2one	1
Tnf	ENSMUSG00000024401	ENSG00000232810	ortholog_one2one	1
Tnfaip1	ENSMUSG00000017615	ENSG00000109079	ortholog_one2one	1
Tnfaip2	ENSMUSG00000021281	ENSG00000185215	ortholog_one2one	1
Tnfaip3	ENSMUSG00000019850	ENSG00000118503	ortholog_one2one	1
Tnfaip6	ENSMUSG00000053475	ENSG00000123610	ortholog_one2one	1
Tnfaip8	ENSMUSG00000062210	ENSG00000145779	ortholog_one2one	1
Tnfaip8l1	ENSMUSG00000044469	ENSG00000185361	ortholog_one2one	1
Tnfaip8l2	ENSMUSG00000013707	ENSG00000163154	ortholog_one2one	1
Tnfaip8l3	ENSMUSG00000074345	ENSG00000183578	ortholog_one2one	1
Tnfrsf11a	ENSMUSG00000026321	ENSG00000141655	ortholog_one2one	1
Tnfrsf11b	ENSMUSG00000063727	ENSG00000164761	ortholog_one2one	1
Tnfrsf12a	ENSMUSG00000023905	ENSG00000006327	ortholog_one2one	1
Tnfrsf17	ENSMUSG00000022496	ENSG00000048462	ortholog_one2one	1
Tnfrsf19	ENSMUSG00000060548	ENSG00000127863	ortholog_one2one	1
Tnfrsf1a	ENSMUSG00000030341	ENSG00000067182	ortholog_one2one	1
Tnfrsf1b	ENSMUSG00000028599	ENSG00000028137	ortholog_one2one	1
Tnfrsf21	ENSMUSG00000023915	ENSG00000146072	ortholog_one2one	1
Tnfrsf25	ENSMUSG00000024793	ENSG00000215788	ortholog_one2one	1
Tnfrsf4	ENSMUSG00000029075	ENSG00000186827	ortholog_one2one	1
Tnfrsf9	ENSMUSG00000028965	ENSG00000049249	ortholog_one2one	1
Tnfsf10	ENSMUSG00000039304	ENSG00000121858	ortholog_one2one	1
Tnfsf11	ENSMUSG00000022015	ENSG00000120659	ortholog_one2one	1
Tnfsf12	ENSMUSG00000097328	ENSG00000239697	ortholog_one2one	1
Tnfsf13	ENSMUSG00000089669	ENSG00000161955	ortholog_one2one	1
Tnfsf13b	ENSMUSG00000031497	ENSG00000102524	ortholog_one2one	1
Tnfsf14	ENSMUSG00000005824	ENSG00000125735	ortholog_one2one	1
Tnfsf15	ENSMUSG00000050395	ENSG00000181634	ortholog_one2one	1
Tnfsf18	ENSMUSG00000066755	ENSG00000120337	ortholog_one2one	1
Tnfsf8	ENSMUSG00000028362	ENSG00000106952	ortholog_one2one	1
Tnik	ENSMUSG00000027692	ENSG00000154310	ortholog_one2one	1
Tnip1	ENSMUSG00000020400	ENSG00000145901	ortholog_one2one	1
Tnip2	ENSMUSG00000059866	ENSG00000168884	ortholog_one2one	1
Tnk1	ENSMUSG00000001583	ENSG00000174292	ortholog_one2one	1
Tnk2	ENSMUSG00000022791	ENSG00000061938	ortholog_one2one	1
Tnks	ENSMUSG00000031529	ENSG00000173273	ortholog_one2one	1
Tnks1bp1	ENSMUSG00000033955	ENSG00000149115	ortholog_one2one	1
Tnks2	ENSMUSG00000024811	ENSG00000107854	ortholog_one2one	1
Tnmd	ENSMUSG00000031250	ENSG00000000005	ortholog_one2one	1
Tnn	ENSMUSG00000026725	ENSG00000120332	ortholog_one2one	1
Tnnc1	ENSMUSG00000091898	ENSG00000114854	ortholog_one2one	1
Tnnc2	ENSMUSG00000017300	ENSG00000101470	ortholog_one2one	1
Tnni1	ENSMUSG00000026418	ENSG00000159173	ortholog_one2one	1
Tnni2	ENSMUSG00000031097	ENSG00000130598	ortholog_one2one	1
Tnni3	ENSMUSG00000035458	ENSG00000129991	ortholog_one2one	1
Tnni3k	ENSMUSG00000040086	ENSG00000116783	ortholog_one2one	1
Tnnt1	ENSMUSG00000064179	ENSG00000105048	ortholog_one2one	1
Tnnt2	ENSMUSG00000026414	ENSG00000118194	ortholog_one2one	1
Tnnt3	ENSMUSG00000061723	ENSG00000130595	ortholog_one2one	1
Tnpo1	ENSMUSG00000009470	ENSG00000083312	ortholog_one2one	1
Tnpo2	ENSMUSG00000031691	ENSG00000105576	ortholog_one2one	1
Tnpo3	ENSMUSG00000012535	ENSG00000064419	ortholog_one2one	1
Tnr	ENSMUSG00000015829	ENSG00000116147	ortholog_one2one	1
Tnrc18	ENSMUSG00000039477	ENSG00000182095	ortholog_one2one	1
Tnrc6a	ENSMUSG00000052707	ENSG00000090905	ortholog_one2one	1
Tnrc6b	ENSMUSG00000047888	ENSG00000100354	ortholog_one2one	1
Tnrc6c	ENSMUSG00000025571	ENSG00000078687	ortholog_one2one	1
Tns1	ENSMUSG00000055322	ENSG00000079308	ortholog_one2one	1
Tns2	ENSMUSG00000037003	ENSG00000111077	ortholog_one2one	1
Tns3	ENSMUSG00000020422	ENSG00000136205	ortholog_one2one	1
Tns4	ENSMUSG00000017607	ENSG00000131746	ortholog_one2one	1
Tnxb	ENSMUSG00000033327	ENSG00000168477	ortholog_one2one	1
Tob1	ENSMUSG00000037573	ENSG00000141232	ortholog_one2one	1
Tob2	ENSMUSG00000048546	ENSG00000183864	ortholog_one2one	1
Toe1	ENSMUSG00000028688	ENSG00000132773	ortholog_one2one	1
Togaram1	ENSMUSG00000035614	ENSG00000198718	ortholog_one2one	1
Togaram2	ENSMUSG00000045761	ENSG00000189350	ortholog_one2one	1
Tollip	ENSMUSG00000025139	ENSG00000078902	ortholog_one2one	1
Tom1	ENSMUSG00000042870	ENSG00000100284	ortholog_one2one	1
Tom1l1	ENSMUSG00000020541	ENSG00000141198	ortholog_one2one	1
Tom1l2	ENSMUSG00000000538	ENSG00000175662	ortholog_one2one	1
Tomm20	ENSMUSG00000093904	ENSG00000173726	ortholog_one2one	1
Tomm20l	ENSMUSG00000021078	ENSG00000196860	ortholog_one2one	1
Tomm22	ENSMUSG00000022427	ENSG00000100216	ortholog_one2one	1
Tomm34	ENSMUSG00000018322	ENSG00000025772	ortholog_one2one	1
Tomm40	ENSMUSG00000002984	ENSG00000130204	ortholog_one2one	1
Tomm40l	ENSMUSG00000005674	ENSG00000158882	ortholog_one2one	1
Tomm6	ENSMUSG00000033475	ENSG00000214736	ortholog_one2one	1
Tomm70a	ENSMUSG00000022752	ENSG00000154174	ortholog_one2one	1
Tomt	ENSMUSG00000078630	ENSG00000284844	ortholog_one2one	1
Tonsl	ENSMUSG00000059323	ENSG00000160949	ortholog_one2one	1
Top1	ENSMUSG00000070544	ENSG00000198900	ortholog_one2one	1
Top1mt	ENSMUSG00000000934	ENSG00000184428	ortholog_one2one	1
Top2a	ENSMUSG00000020914	ENSG00000131747	ortholog_one2one	1
Top2b	ENSMUSG00000017485	ENSG00000077097	ortholog_one2one	1
Top3a	ENSMUSG00000002814	ENSG00000177302	ortholog_one2one	1
Top3b	ENSMUSG00000022779	ENSG00000100038	ortholog_one2one	1
Top6bl	ENSMUSG00000071691	ENSG00000173715	ortholog_one2one	1
Topaz1	ENSMUSG00000094985	ENSG00000173769	ortholog_one2one	1
Topbp1	ENSMUSG00000032555	ENSG00000163781	ortholog_one2one	1
Topors	ENSMUSG00000036822	ENSG00000197579	ortholog_one2one	1
Tor1a	ENSMUSG00000026849	ENSG00000136827	ortholog_one2one	1
Tor1aip1	ENSMUSG00000026466	ENSG00000143337	ortholog_one2one	1
Tor1aip2	ENSMUSG00000050565	ENSG00000169905	ortholog_one2one	1
Tor1b	ENSMUSG00000026848	ENSG00000136816	ortholog_one2one	1
Tor2a	ENSMUSG00000009563	ENSG00000160404	ortholog_one2one	1
Tor3a	ENSMUSG00000060519	ENSG00000186283	ortholog_one2one	1
Tor4a	ENSMUSG00000059555	ENSG00000198113	ortholog_one2one	1
Tox	ENSMUSG00000041272	ENSG00000198846	ortholog_one2one	1
Tox2	ENSMUSG00000074607	ENSG00000124191	ortholog_one2one	1
Tox3	ENSMUSG00000043668	ENSG00000103460	ortholog_one2one	1
Tox4	ENSMUSG00000016831	ENSG00000092203	ortholog_one2one	1
Tpbg	ENSMUSG00000035274	ENSG00000146242	ortholog_one2one	1
Tpbgl	ENSMUSG00000096606	ENSG00000261594	ortholog_one2one	1
Tpcn1	ENSMUSG00000032741	ENSG00000186815	ortholog_one2one	1
Tpcn2	ENSMUSG00000048677	ENSG00000162341	ortholog_one2one	1
Tpd52	ENSMUSG00000027506	ENSG00000076554	ortholog_one2one	1
Tpd52l1	ENSMUSG00000000296	ENSG00000111907	ortholog_one2one	1
Tpd52l2	ENSMUSG00000000827	ENSG00000101150	ortholog_one2one	1
Tpgs1	ENSMUSG00000020308	ENSG00000141933	ortholog_one2one	1
Tpgs2	ENSMUSG00000024269	ENSG00000134779	ortholog_one2one	1
Tph1	ENSMUSG00000040046	ENSG00000129167	ortholog_one2one	1
Tph2	ENSMUSG00000006764	ENSG00000139287	ortholog_one2one	1
Tpi1	ENSMUSG00000023456	ENSG00000111669	ortholog_one2one	1
Tpk1	ENSMUSG00000029735	ENSG00000196511	ortholog_one2one	1
Tpm1	ENSMUSG00000032366	ENSG00000140416	ortholog_one2one	1
Tpm2	ENSMUSG00000028464	ENSG00000198467	ortholog_one2one	1
Tpm4	ENSMUSG00000031799	ENSG00000167460	ortholog_one2one	1
Tpmt	ENSMUSG00000021376	ENSG00000137364	ortholog_one2one	1
Tpo	ENSMUSG00000020673	ENSG00000115705	ortholog_one2one	1
Tpp1	ENSMUSG00000030894	ENSG00000166340	ortholog_one2one	1
Tpp2	ENSMUSG00000041763	ENSG00000134900	ortholog_one2one	1
Tppp	ENSMUSG00000021573	ENSG00000171368	ortholog_one2one	1
Tppp2	ENSMUSG00000008813	ENSG00000179636	ortholog_one2one	1
Tppp3	ENSMUSG00000014846	ENSG00000159713	ortholog_one2one	1
Tpr	ENSMUSG00000006005	ENSG00000047410	ortholog_one2one	1
Tpra1	ENSMUSG00000002871	ENSG00000163870	ortholog_one2one	1
Tprg1	ENSMUSG00000048399	ENSG00000188001	ortholog_one2one	1
Tprg1l	ENSMUSG00000029030	ENSG00000158109	ortholog_one2one	1
Tprkb	ENSMUSG00000054226	ENSG00000144034	ortholog_one2one	1
Tprn	ENSMUSG00000048707	ENSG00000176058	ortholog_one2one	1
Tpsg1	ENSMUSG00000033200	ENSG00000116176	ortholog_one2one	1
Tpst1	ENSMUSG00000034118	ENSG00000169902	ortholog_one2one	1
Tpst2	ENSMUSG00000029344	ENSG00000128294	ortholog_one2one	1
Tpx2	ENSMUSG00000027469	ENSG00000088325	ortholog_one2one	1
Tra2a	ENSMUSG00000029817	ENSG00000164548	ortholog_one2one	1
Tra2b	ENSMUSG00000022858	ENSG00000136527	ortholog_one2one	1
Trabd	ENSMUSG00000015363	ENSG00000170638	ortholog_one2one	1
Trabd2b	ENSMUSG00000070867	ENSG00000269113	ortholog_one2one	1
Tradd	ENSMUSG00000031887	ENSG00000102871	ortholog_one2one	1
Traf1	ENSMUSG00000026875	ENSG00000056558	ortholog_one2one	1
Traf2	ENSMUSG00000026942	ENSG00000127191	ortholog_one2one	1
Traf3	ENSMUSG00000021277	ENSG00000131323	ortholog_one2one	1
Traf3ip1	ENSMUSG00000034292	ENSG00000204104	ortholog_one2one	1
Traf3ip2	ENSMUSG00000019842	ENSG00000056972	ortholog_one2one	1
Traf3ip3	ENSMUSG00000037318	ENSG00000009790	ortholog_one2one	1
Traf4	ENSMUSG00000017386	ENSG00000076604	ortholog_one2one	1
Traf5	ENSMUSG00000026637	ENSG00000082512	ortholog_one2one	1
Traf6	ENSMUSG00000027164	ENSG00000175104	ortholog_one2one	1
Traf7	ENSMUSG00000052752	ENSG00000131653	ortholog_one2one	1
Trafd1	ENSMUSG00000042726	ENSG00000135148	ortholog_one2one	1
Traip	ENSMUSG00000032586	ENSG00000183763	ortholog_one2one	1
Trak1	ENSMUSG00000032536	ENSG00000182606	ortholog_one2one	1
Trak2	ENSMUSG00000026028	ENSG00000115993	ortholog_one2one	1
Tram1	ENSMUSG00000025935	ENSG00000067167	ortholog_one2one	1
Tram1l1	ENSMUSG00000044528	ENSG00000174599	ortholog_one2one	1
Tram2	ENSMUSG00000041779	ENSG00000065308	ortholog_one2one	1
Trank1	ENSMUSG00000062296	ENSG00000168016	ortholog_one2one	1
Trap1	ENSMUSG00000005981	ENSG00000126602	ortholog_one2one	1
Trappc1	ENSMUSG00000049299	ENSG00000170043	ortholog_one2one	1
Trappc10	ENSMUSG00000000374	ENSG00000160218	ortholog_one2one	1
Trappc11	ENSMUSG00000038102	ENSG00000168538	ortholog_one2one	1
Trappc12	ENSMUSG00000020628	ENSG00000171853	ortholog_one2one	1
Trappc13	ENSMUSG00000021711	ENSG00000113597	ortholog_one2one	1
Trappc14	ENSMUSG00000036948	ENSG00000146826	ortholog_one2one	1
Trappc2l	ENSMUSG00000015013	ENSG00000167515	ortholog_one2one	1
Trappc3	ENSMUSG00000028847	ENSG00000054116	ortholog_one2one	1
Trappc3l	ENSMUSG00000071340	ENSG00000173626	ortholog_one2one	1
Trappc4	ENSMUSG00000032112	ENSG00000196655	ortholog_one2one	1
Trappc5	ENSMUSG00000040236	ENSG00000181029	ortholog_one2one	1
Trappc6a	ENSMUSG00000002043	ENSG00000007255	ortholog_one2one	1
Trappc6b	ENSMUSG00000020993	ENSG00000182400	ortholog_one2one	1
Trappc8	ENSMUSG00000033382	ENSG00000153339	ortholog_one2one	1
Trappc9	ENSMUSG00000047921	ENSG00000167632	ortholog_one2one	1
Trarg1	ENSMUSG00000046275	ENSG00000184811	ortholog_one2one	1
Trat1	ENSMUSG00000030775	ENSG00000163519	ortholog_one2one	1
Trav18	ENSMUSG00000076861	ENSG00000211809	ortholog_one2one	1
Trav19	ENSMUSG00000076862	ENSG00000211810	ortholog_one2one	1
Trav2	ENSMUSG00000076759	ENSG00000211778	ortholog_one2one	1
Trav23	ENSMUSG00000106289	ENSG00000211818	ortholog_one2one	1
Trbv17	ENSMUSG00000076474	ENSG00000276819	ortholog_one2one	1
Trbv19	ENSMUSG00000076475	ENSG00000211746	ortholog_one2one	1
Trbv29	ENSMUSG00000076480	ENSG00000211753	ortholog_one2one	1
Trbv3	ENSMUSG00000076463	ENSG00000226660	ortholog_one2one	1
Trbv30	ENSMUSG00000076481	ENSG00000232869	ortholog_one2one	1
Trbv31	ENSMUSG00000076499	ENSG00000237254	ortholog_one2one	1
Trbv4	ENSMUSG00000107486	ENSG00000237702	ortholog_one2one	1
Trdc	ENSMUSG00000104876	ENSG00000211829	ortholog_one2one	1
Trdmt1	ENSMUSG00000026723	ENSG00000107614	ortholog_one2one	1
Trdn	ENSMUSG00000019787	ENSG00000186439	ortholog_one2one	1
Trdv1	ENSMUSG00000076864	ENSG00000211813	ortholog_one2one	1
Trdv5	ENSMUSG00000076873	ENSG00000256590	ortholog_one2one	1
Treh	ENSMUSG00000032098	ENSG00000118094	ortholog_one2one	1
Trem2	ENSMUSG00000023992	ENSG00000095970	ortholog_one2one	1
Treml1	ENSMUSG00000023993	ENSG00000161911	ortholog_one2one	1
Treml2	ENSMUSG00000071068	ENSG00000112195	ortholog_one2one	1
Trerf1	ENSMUSG00000064043	ENSG00000124496	ortholog_one2one	1
Trex1	ENSMUSG00000049734	ENSG00000213689	ortholog_one2one	1
Trex2	ENSMUSG00000031372	ENSG00000183479	ortholog_one2one	1
Trf	ENSMUSG00000032554	ENSG00000091513	ortholog_one2one	1
Trh	ENSMUSG00000005892	ENSG00000170893	ortholog_one2one	1
Trhde	ENSMUSG00000050663	ENSG00000072657	ortholog_one2one	1
Trhr	ENSMUSG00000038760	ENSG00000174417	ortholog_one2one	1
Triap1	ENSMUSG00000029535	ENSG00000170855	ortholog_one2one	1
Trib1	ENSMUSG00000032501	ENSG00000173334	ortholog_one2one	1
Trib2	ENSMUSG00000020601	ENSG00000071575	ortholog_one2one	1
Trib3	ENSMUSG00000032715	ENSG00000101255	ortholog_one2one	1
Tril	ENSMUSG00000043496	ENSG00000255690	ortholog_one2one	1
Trim10	ENSMUSG00000073400	ENSG00000204613	ortholog_one2one	1
Trim11	ENSMUSG00000020455	ENSG00000154370	ortholog_one2one	1
Trim13	ENSMUSG00000035235	ENSG00000204977	ortholog_one2one	1
Trim14	ENSMUSG00000039853	ENSG00000106785	ortholog_one2one	1
Trim16	ENSMUSG00000047821	ENSG00000221926	ortholog_one2one	1
Trim17	ENSMUSG00000036964	ENSG00000162931	ortholog_one2one	1
Trim2	ENSMUSG00000027993	ENSG00000109654	ortholog_one2one	1
Trim21	ENSMUSG00000030966	ENSG00000132109	ortholog_one2one	1
Trim23	ENSMUSG00000021712	ENSG00000113595	ortholog_one2one	1
Trim24	ENSMUSG00000029833	ENSG00000122779	ortholog_one2one	1
Trim25	ENSMUSG00000000275	ENSG00000121060	ortholog_one2one	1
Trim26	ENSMUSG00000024457	ENSG00000234127	ortholog_one2one	1
Trim27	ENSMUSG00000021326	ENSG00000204713	ortholog_one2one	1
Trim28	ENSMUSG00000005566	ENSG00000130726	ortholog_one2one	1
Trim29	ENSMUSG00000032013	ENSG00000137699	ortholog_one2one	1
Trim3	ENSMUSG00000036989	ENSG00000110171	ortholog_one2one	1
Trim32	ENSMUSG00000051675	ENSG00000119401	ortholog_one2one	1
Trim33	ENSMUSG00000033014	ENSG00000197323	ortholog_one2one	1
Trim35	ENSMUSG00000022043	ENSG00000104228	ortholog_one2one	1
Trim36	ENSMUSG00000033949	ENSG00000152503	ortholog_one2one	1
Trim37	ENSMUSG00000018548	ENSG00000108395	ortholog_one2one	1
Trim38	ENSMUSG00000064140	ENSG00000112343	ortholog_one2one	1
Trim39	ENSMUSG00000045409	ENSG00000204599	ortholog_one2one	1
Trim40	ENSMUSG00000073399	ENSG00000204614	ortholog_one2one	1
Trim41	ENSMUSG00000040365	ENSG00000146063	ortholog_one2one	1
Trim42	ENSMUSG00000032451	ENSG00000155890	ortholog_one2one	1
Trim44	ENSMUSG00000027189	ENSG00000166326	ortholog_one2one	1
Trim45	ENSMUSG00000033233	ENSG00000134253	ortholog_one2one	1
Trim46	ENSMUSG00000042766	ENSG00000163462	ortholog_one2one	1
Trim47	ENSMUSG00000020773	ENSG00000132481	ortholog_one2one	1
Trim50	ENSMUSG00000053388	ENSG00000146755	ortholog_one2one	1
Trim54	ENSMUSG00000062077	ENSG00000138100	ortholog_one2one	1
Trim55	ENSMUSG00000060913	ENSG00000147573	ortholog_one2one	1
Trim56	ENSMUSG00000043279	ENSG00000169871	ortholog_one2one	1
Trim58	ENSMUSG00000037124	ENSG00000162722	ortholog_one2one	1
Trim59	ENSMUSG00000034317	ENSG00000213186	ortholog_one2one	1
Trim6	ENSMUSG00000072244	ENSG00000121236	ortholog_one2one	1
Trim60	ENSMUSG00000053490	ENSG00000176979	ortholog_one2one	1
Trim61	ENSMUSG00000109718	ENSG00000183439	ortholog_one2one	1
Trim62	ENSMUSG00000041000	ENSG00000116525	ortholog_one2one	1
Trim63	ENSMUSG00000028834	ENSG00000158022	ortholog_one2one	1
Trim65	ENSMUSG00000054517	ENSG00000141569	ortholog_one2one	1
Trim66	ENSMUSG00000031026	ENSG00000166436	ortholog_one2one	1
Trim67	ENSMUSG00000036913	ENSG00000119283	ortholog_one2one	1
Trim68	ENSMUSG00000073968	ENSG00000167333	ortholog_one2one	1
Trim69	ENSMUSG00000033368	ENSG00000185880	ortholog_one2one	1
Trim7	ENSMUSG00000040350	ENSG00000146054	ortholog_one2one	1
Trim71	ENSMUSG00000079259	ENSG00000206557	ortholog_one2one	1
Trim72	ENSMUSG00000042828	ENSG00000177238	ortholog_one2one	1
Trim8	ENSMUSG00000025034	ENSG00000171206	ortholog_one2one	1
Trim9	ENSMUSG00000021071	ENSG00000100505	ortholog_one2one	1
Triml1	ENSMUSG00000031651	ENSG00000184108	ortholog_one2one	1
Triml2	ENSMUSG00000091490	ENSG00000179046	ortholog_one2one	1
Trio	ENSMUSG00000022263	ENSG00000038382	ortholog_one2one	1
Triobp	ENSMUSG00000033088	ENSG00000100106	ortholog_one2one	1
Trip10	ENSMUSG00000019487	ENSG00000125733	ortholog_one2one	1
Trip11	ENSMUSG00000021188	ENSG00000100815	ortholog_one2one	1
Trip12	ENSMUSG00000026219	ENSG00000153827	ortholog_one2one	1
Trip13	ENSMUSG00000021569	ENSG00000071539	ortholog_one2one	1
Trip4	ENSMUSG00000032386	ENSG00000103671	ortholog_one2one	1
Trip6	ENSMUSG00000023348	ENSG00000087077	ortholog_one2one	1
Triqk	ENSMUSG00000055963	ENSG00000205133	ortholog_one2one	1
Trir	ENSMUSG00000041203	ENSG00000123144	ortholog_one2one	1
Trit1	ENSMUSG00000028653	ENSG00000043514	ortholog_one2one	1
Trmo	ENSMUSG00000028331	ENSG00000136932	ortholog_one2one	1
Trmt1	ENSMUSG00000001909	ENSG00000104907	ortholog_one2one	1
Trmt10a	ENSMUSG00000004127	ENSG00000145331	ortholog_one2one	1
Trmt10b	ENSMUSG00000035601	ENSG00000165275	ortholog_one2one	1
Trmt10c	ENSMUSG00000044763	ENSG00000174173	ortholog_one2one	1
Trmt11	ENSMUSG00000019792	ENSG00000066651	ortholog_one2one	1
Trmt112	ENSMUSG00000038812	ENSG00000173113	ortholog_one2one	1
Trmt12	ENSMUSG00000037085	ENSG00000183665	ortholog_one2one	1
Trmt13	ENSMUSG00000033439	ENSG00000122435	ortholog_one2one	1
Trmt1l	ENSMUSG00000053286	ENSG00000121486	ortholog_one2one	1
Trmt2a	ENSMUSG00000022721	ENSG00000099899	ortholog_one2one	1
Trmt2b	ENSMUSG00000067369	ENSG00000188917	ortholog_one2one	1
Trmt44	ENSMUSG00000029097	ENSG00000155275	ortholog_one2one	1
Trmt5	ENSMUSG00000034442	ENSG00000126814	ortholog_one2one	1
Trmt6	ENSMUSG00000037376	ENSG00000089195	ortholog_one2one	1
Trmt61a	ENSMUSG00000060950	ENSG00000166166	ortholog_one2one	1
Trmt9b	ENSMUSG00000039620	ENSG00000250305	ortholog_one2one	1
Trmu	ENSMUSG00000022386	ENSG00000100416	ortholog_one2one	1
Trnau1ap	ENSMUSG00000028898	ENSG00000180098	ortholog_one2one	1
Trnp1	ENSMUSG00000056596	ENSG00000253368	ortholog_one2one	1
Trnt1	ENSMUSG00000013736	ENSG00000072756	ortholog_one2one	1
Troap	ENSMUSG00000032783	ENSG00000135451	ortholog_one2one	1
Trp53	ENSMUSG00000059552	ENSG00000141510	ortholog_one2one	1
Trp53bp1	ENSMUSG00000043909	ENSG00000067369	ortholog_one2one	1
Trp53bp2	ENSMUSG00000026510	ENSG00000143514	ortholog_one2one	1
Trp53i11	ENSMUSG00000068735	ENSG00000175274	ortholog_one2one	1
Trp53i13	ENSMUSG00000044328	ENSG00000167543	ortholog_one2one	1
Trp53inp1	ENSMUSG00000028211	ENSG00000164938	ortholog_one2one	1
Trp53inp2	ENSMUSG00000038375	ENSG00000078804	ortholog_one2one	1
Trp63	ENSMUSG00000022510	ENSG00000073282	ortholog_one2one	1
Trp73	ENSMUSG00000029026	ENSG00000078900	ortholog_one2one	1
Trpa1	ENSMUSG00000032769	ENSG00000104321	ortholog_one2one	1
Trpc1	ENSMUSG00000032839	ENSG00000144935	ortholog_one2one	1
Trpc3	ENSMUSG00000027716	ENSG00000138741	ortholog_one2one	1
Trpc4	ENSMUSG00000027748	ENSG00000133107	ortholog_one2one	1
Trpc4ap	ENSMUSG00000038324	ENSG00000100991	ortholog_one2one	1
Trpc5	ENSMUSG00000041710	ENSG00000072315	ortholog_one2one	1
Trpc5os	ENSMUSG00000072934	ENSG00000204025	ortholog_one2one	1
Trpc6	ENSMUSG00000031997	ENSG00000137672	ortholog_one2one	1
Trpc7	ENSMUSG00000021541	ENSG00000069018	ortholog_one2one	1
Trpm1	ENSMUSG00000030523	ENSG00000134160	ortholog_one2one	1
Trpm2	ENSMUSG00000009292	ENSG00000142185	ortholog_one2one	1
Trpm3	ENSMUSG00000052387	ENSG00000083067	ortholog_one2one	1
Trpm4	ENSMUSG00000038260	ENSG00000130529	ortholog_one2one	1
Trpm5	ENSMUSG00000009246	ENSG00000070985	ortholog_one2one	1
Trpm6	ENSMUSG00000024727	ENSG00000119121	ortholog_one2one	1
Trpm7	ENSMUSG00000027365	ENSG00000092439	ortholog_one2one	1
Trpm8	ENSMUSG00000036251	ENSG00000144481	ortholog_one2one	1
Trps1	ENSMUSG00000038679	ENSG00000104447	ortholog_one2one	1
Trpt1	ENSMUSG00000047656	ENSG00000149743	ortholog_one2one	1
Trpv1	ENSMUSG00000005952	ENSG00000196689	ortholog_one2one	1
Trpv2	ENSMUSG00000018507	ENSG00000187688	ortholog_one2one	1
Trpv3	ENSMUSG00000043029	ENSG00000167723	ortholog_one2one	1
Trpv4	ENSMUSG00000014158	ENSG00000111199	ortholog_one2one	1
Trpv5	ENSMUSG00000036899	ENSG00000127412	ortholog_one2one	1
Trpv6	ENSMUSG00000029868	ENSG00000165125	ortholog_one2one	1
Trrap	ENSMUSG00000045482	ENSG00000196367	ortholog_one2one	1
Trub1	ENSMUSG00000025086	ENSG00000165832	ortholog_one2one	1
Trub2	ENSMUSG00000039826	ENSG00000167112	ortholog_one2one	1
Tsacc	ENSMUSG00000010538	ENSG00000163467	ortholog_one2one	1
Tsc1	ENSMUSG00000026812	ENSG00000165699	ortholog_one2one	1
Tsc2	ENSMUSG00000002496	ENSG00000103197	ortholog_one2one	1
Tsc22d1	ENSMUSG00000022010	ENSG00000102804	ortholog_one2one	1
Tsc22d2	ENSMUSG00000027806	ENSG00000196428	ortholog_one2one	1
Tsc22d3	ENSMUSG00000031431	ENSG00000157514	ortholog_one2one	1
Tsc22d4	ENSMUSG00000144223	ENSG00000166925	ortholog_one2one	1
Tsen15	ENSMUSG00000014980	ENSG00000198860	ortholog_one2one	1
Tsen2	ENSMUSG00000042389	ENSG00000154743	ortholog_one2one	1
Tsen34	ENSMUSG00000035585	ENSG00000170892	ortholog_one2one	1
Tsen54	ENSMUSG00000020781	ENSG00000182173	ortholog_one2one	1
Tsfm	ENSMUSG00000040521	ENSG00000123297	ortholog_one2one	1
Tsg101	ENSMUSG00000014402	ENSG00000074319	ortholog_one2one	1
Tsga10	ENSMUSG00000060771	ENSG00000135951	ortholog_one2one	1
Tsga10ip	ENSMUSG00000039330	ENSG00000175513	ortholog_one2one	1
Tsga13	ENSMUSG00000039032	ENSG00000213265	ortholog_one2one	1
Tshb	ENSMUSG00000027857	ENSG00000134200	ortholog_one2one	1
Tshr	ENSMUSG00000020963	ENSG00000165409	ortholog_one2one	1
Tshz1	ENSMUSG00000046982	ENSG00000179981	ortholog_one2one	1
Tshz2	ENSMUSG00000047907	ENSG00000182463	ortholog_one2one	1
Tshz3	ENSMUSG00000021217	ENSG00000121297	ortholog_one2one	1
Tsks	ENSMUSG00000059891	ENSG00000126467	ortholog_one2one	1
Tsku	ENSMUSG00000049580	ENSG00000182704	ortholog_one2one	1
Tsn	ENSMUSG00000026374	ENSG00000211460	ortholog_one2one	1
Tsnax	ENSMUSG00000056820	ENSG00000116918	ortholog_one2one	1
Tsnaxip1	ENSMUSG00000031893	ENSG00000102904	ortholog_one2one	1
Tspan1	ENSMUSG00000028699	ENSG00000117472	ortholog_one2one	1
Tspan10	ENSMUSG00000039691	ENSG00000182612	ortholog_one2one	1
Tspan11	ENSMUSG00000030351	ENSG00000110900	ortholog_one2one	1
Tspan12	ENSMUSG00000029669	ENSG00000106025	ortholog_one2one	1
Tspan13	ENSMUSG00000020577	ENSG00000106537	ortholog_one2one	1
Tspan14	ENSMUSG00000037824	ENSG00000108219	ortholog_one2one	1
Tspan15	ENSMUSG00000037031	ENSG00000099282	ortholog_one2one	1
Tspan17	ENSMUSG00000025875	ENSG00000048140	ortholog_one2one	1
Tspan18	ENSMUSG00000027217	ENSG00000157570	ortholog_one2one	1
Tspan2	ENSMUSG00000027858	ENSG00000134198	ortholog_one2one	1
Tspan3	ENSMUSG00000032324	ENSG00000140391	ortholog_one2one	1
Tspan31	ENSMUSG00000006736	ENSG00000135452	ortholog_one2one	1
Tspan33	ENSMUSG00000001763	ENSG00000158457	ortholog_one2one	1
Tspan4	ENSMUSG00000025511	ENSG00000214063	ortholog_one2one	1
Tspan5	ENSMUSG00000028152	ENSG00000168785	ortholog_one2one	1
Tspan6	ENSMUSG00000067377	ENSG00000000003	ortholog_one2one	1
Tspan7	ENSMUSG00000058254	ENSG00000156298	ortholog_one2one	1
Tspan8	ENSMUSG00000034127	ENSG00000127324	ortholog_one2one	1
Tspan9	ENSMUSG00000030352	ENSG00000011105	ortholog_one2one	1
Tspear	ENSMUSG00000069581	ENSG00000175894	ortholog_one2one	1
Tspo	ENSMUSG00000041736	ENSG00000100300	ortholog_one2one	1
Tspo2	ENSMUSG00000023995	ENSG00000112212	ortholog_one2one	1
Tspoap1	ENSMUSG00000034156	ENSG00000005379	ortholog_one2one	1
Tspyl1	ENSMUSG00000047514	ENSG00000189241	ortholog_one2one	1
Tspyl2	ENSMUSG00000041096	ENSG00000184205	ortholog_one2one	1
Tspyl3	ENSMUSG00000074671	ENSG00000293164	ortholog_one2one	1
Tspyl4	ENSMUSG00000039485	ENSG00000187189	ortholog_one2one	1
Tspyl5	ENSMUSG00000038984	ENSG00000180543	ortholog_one2one	1
Tsr1	ENSMUSG00000038335	ENSG00000167721	ortholog_one2one	1
Tsr2	ENSMUSG00000025264	ENSG00000158526	ortholog_one2one	1
Tsr3	ENSMUSG00000015126	ENSG00000007520	ortholog_one2one	1
Tssc4	ENSMUSG00000045752	ENSG00000184281	ortholog_one2one	1
Tssk1	ENSMUSG00000041566	ENSG00000212122	ortholog_one2one	1
Tssk2	ENSMUSG00000045521	ENSG00000206203	ortholog_one2one	1
Tssk3	ENSMUSG00000000411	ENSG00000162526	ortholog_one2one	1
Tssk4	ENSMUSG00000007591	ENSG00000139908	ortholog_one2one	1
Tssk6	ENSMUSG00000047654	ENSG00000178093	ortholog_one2one	1
Tst	ENSMUSG00000044986	ENSG00000128311	ortholog_one2one	1
Tstd1	ENSMUSG00000103711	ENSG00000215845	ortholog_one2one	1
Tstd2	ENSMUSG00000035495	ENSG00000136925	ortholog_one2one	1
Ttbk1	ENSMUSG00000015599	ENSG00000146216	ortholog_one2one	1
Ttbk2	ENSMUSG00000090100	ENSG00000128881	ortholog_one2one	1
Ttc1	ENSMUSG00000041278	ENSG00000113312	ortholog_one2one	1
Ttc12	ENSMUSG00000040219	ENSG00000149292	ortholog_one2one	1
Ttc13	ENSMUSG00000037300	ENSG00000143643	ortholog_one2one	1
Ttc14	ENSMUSG00000027677	ENSG00000163728	ortholog_one2one	1
Ttc17	ENSMUSG00000027194	ENSG00000052841	ortholog_one2one	1
Ttc19	ENSMUSG00000042298	ENSG00000011295	ortholog_one2one	1
Ttc21a	ENSMUSG00000032514	ENSG00000168026	ortholog_one2one	1
Ttc21b	ENSMUSG00000034848	ENSG00000123607	ortholog_one2one	1
Ttc22	ENSMUSG00000034919	ENSG00000006555	ortholog_one2one	1
Ttc23	ENSMUSG00000030555	ENSG00000103852	ortholog_one2one	1
Ttc23l	ENSMUSG00000022249	ENSG00000205838	ortholog_one2one	1
Ttc27	ENSMUSG00000024078	ENSG00000018699	ortholog_one2one	1
Ttc28	ENSMUSG00000033209	ENSG00000100154	ortholog_one2one	1
Ttc29	ENSMUSG00000037101	ENSG00000137473	ortholog_one2one	1
Ttc3	ENSMUSG00000040785	ENSG00000182670	ortholog_one2one	1
Ttc32	ENSMUSG00000066637	ENSG00000183891	ortholog_one2one	1
Ttc33	ENSMUSG00000022151	ENSG00000113638	ortholog_one2one	1
Ttc34	ENSMUSG00000046637	ENSG00000215912	ortholog_one2one	1
Ttc36	ENSMUSG00000039438	ENSG00000172425	ortholog_one2one	1
Ttc38	ENSMUSG00000035944	ENSG00000075234	ortholog_one2one	1
Ttc39a	ENSMUSG00000028555	ENSG00000085831	ortholog_one2one	1
Ttc39b	ENSMUSG00000038172	ENSG00000155158	ortholog_one2one	1
Ttc39c	ENSMUSG00000024424	ENSG00000168234	ortholog_one2one	1
Ttc4	ENSMUSG00000025413	ENSG00000243725	ortholog_one2one	1
Ttc5	ENSMUSG00000006288	ENSG00000136319	ortholog_one2one	1
Ttc6	ENSMUSG00000046782	ENSG00000139865	ortholog_one2one	1
Ttc7	ENSMUSG00000036918	ENSG00000068724	ortholog_one2one	1
Ttc7b	ENSMUSG00000033530	ENSG00000165914	ortholog_one2one	1
Ttc8	ENSMUSG00000021013	ENSG00000165533	ortholog_one2one	1
Ttc9	ENSMUSG00000042734	ENSG00000133985	ortholog_one2one	1
Ttc9b	ENSMUSG00000007944	ENSG00000174521	ortholog_one2one	1
Ttc9c	ENSMUSG00000071660	ENSG00000162222	ortholog_one2one	1
Ttf2	ENSMUSG00000033222	ENSG00000116830	ortholog_one2one	1
Tti1	ENSMUSG00000027650	ENSG00000101407	ortholog_one2one	1
Tti2	ENSMUSG00000031577	ENSG00000129696	ortholog_one2one	1
Ttk	ENSMUSG00000038379	ENSG00000112742	ortholog_one2one	1
Ttl	ENSMUSG00000027394	ENSG00000114999	ortholog_one2one	1
Ttll1	ENSMUSG00000022442	ENSG00000100271	ortholog_one2one	1
Ttll10	ENSMUSG00000029074	ENSG00000162571	ortholog_one2one	1
Ttll11	ENSMUSG00000026885	ENSG00000175764	ortholog_one2one	1
Ttll12	ENSMUSG00000016757	ENSG00000100304	ortholog_one2one	1
Ttll13	ENSMUSG00000045467	ENSG00000213471	ortholog_one2one	1
Ttll2	ENSMUSG00000079722	ENSG00000120440	ortholog_one2one	1
Ttll3	ENSMUSG00000030276	ENSG00000214021	ortholog_one2one	1
Ttll4	ENSMUSG00000033257	ENSG00000135912	ortholog_one2one	1
Ttll6	ENSMUSG00000038756	ENSG00000170703	ortholog_one2one	1
Ttll7	ENSMUSG00000036745	ENSG00000137941	ortholog_one2one	1
Ttll8	ENSMUSG00000022388	ENSG00000138892	ortholog_one2one	1
Ttll9	ENSMUSG00000074673	ENSG00000131044	ortholog_one2one	1
Ttn	ENSMUSG00000051747	ENSG00000155657	ortholog_one2one	1
Ttpa	ENSMUSG00000073988	ENSG00000137561	ortholog_one2one	1
Ttpal	ENSMUSG00000017679	ENSG00000124120	ortholog_one2one	1
Ttr	ENSMUSG00000061808	ENSG00000118271	ortholog_one2one	1
Ttyh1	ENSMUSG00000030428	ENSG00000167614	ortholog_one2one	1
Ttyh2	ENSMUSG00000034714	ENSG00000141540	ortholog_one2one	1
Ttyh3	ENSMUSG00000036565	ENSG00000136295	ortholog_one2one	1
Tub	ENSMUSG00000031028	ENSG00000166402	ortholog_one2one	1
Tuba1a	ENSMUSG00000072235	ENSG00000167552	ortholog_one2one	1
Tuba1b	ENSMUSG00000023004	ENSG00000123416	ortholog_one2one	1
Tuba1c	ENSMUSG00000043091	ENSG00000167553	ortholog_one2one	1
Tuba3b	ENSMUSG00000067338	ENSG00000075886	ortholog_one2one	1
Tuba4a	ENSMUSG00000026202	ENSG00000127824	ortholog_one2one	1
Tuba8	ENSMUSG00000030137	ENSG00000183785	ortholog_one2one	1
Tubal3	ENSMUSG00000021216	ENSG00000178462	ortholog_one2one	1
Tubb1	ENSMUSG00000016255	ENSG00000101162	ortholog_one2one	1
Tubb2a	ENSMUSG00000058672	ENSG00000137267	ortholog_one2one	1
Tubb3	ENSMUSG00000062380	ENSG00000258947	ortholog_one2one	1
Tubb4a	ENSMUSG00000062591	ENSG00000104833	ortholog_one2one	1
Tubb4b	ENSMUSG00000036752	ENSG00000188229	ortholog_one2one	1
Tubb5	ENSMUSG00000001525	ENSG00000196230	ortholog_one2one	1
Tubb6	ENSMUSG00000001473	ENSG00000176014	ortholog_one2one	1
Tubd1	ENSMUSG00000020513	ENSG00000108423	ortholog_one2one	1
Tube1	ENSMUSG00000019845	ENSG00000074935	ortholog_one2one	1
Tubg1	ENSMUSG00000035198	ENSG00000131462	ortholog_one2one	1
Tubg2	ENSMUSG00000045007	ENSG00000037042	ortholog_one2one	1
Tubgcp2	ENSMUSG00000025474	ENSG00000130640	ortholog_one2one	1
Tubgcp3	ENSMUSG00000000759	ENSG00000126216	ortholog_one2one	1
Tubgcp4	ENSMUSG00000027263	ENSG00000137822	ortholog_one2one	1
Tubgcp5	ENSMUSG00000033790	ENSG00000275835	ortholog_one2one	1
Tubgcp6	ENSMUSG00000051786	ENSG00000128159	ortholog_one2one	1
Tufm	ENSMUSG00000073838	ENSG00000178952	ortholog_one2one	1
Tuft1	ENSMUSG00000005968	ENSG00000143367	ortholog_one2one	1
Tug1	ENSMUSG00000056579	ENSG00000253352	ortholog_one2one	1
Tulp1	ENSMUSG00000037446	ENSG00000112041	ortholog_one2one	1
Tulp3	ENSMUSG00000001521	ENSG00000078246	ortholog_one2one	1
Tulp4	ENSMUSG00000034377	ENSG00000130338	ortholog_one2one	1
Tunar	ENSMUSG00000097929	ENSG00000250366	ortholog_one2one	1
Tusc1	ENSMUSG00000054000	ENSG00000198680	ortholog_one2one	1
Tusc2	ENSMUSG00000010054	ENSG00000114383	ortholog_one2one	1
Tusc3	ENSMUSG00000118664	ENSG00000104723	ortholog_one2one	1
Tut1	ENSMUSG00000071645	ENSG00000149016	ortholog_one2one	1
Tut4	ENSMUSG00000034610	ENSG00000134744	ortholog_one2one	1
Tut7	ENSMUSG00000035248	ENSG00000083223	ortholog_one2one	1
Tvp23a	ENSMUSG00000050908	ENSG00000166676	ortholog_one2one	1
Twf1	ENSMUSG00000022451	ENSG00000151239	ortholog_one2one	1
Twf2	ENSMUSG00000023277	ENSG00000247596	ortholog_one2one	1
Twist1	ENSMUSG00000035799	ENSG00000122691	ortholog_one2one	1
Twist2	ENSMUSG00000007805	ENSG00000233608	ortholog_one2one	1
Twnk	ENSMUSG00000025209	ENSG00000107815	ortholog_one2one	1
Twsg1	ENSMUSG00000024098	ENSG00000128791	ortholog_one2one	1
Txk	ENSMUSG00000054892	ENSG00000074966	ortholog_one2one	1
Txlna	ENSMUSG00000053841	ENSG00000084652	ortholog_one2one	1
Txlnb	ENSMUSG00000039891	ENSG00000164440	ortholog_one2one	1
Txlng	ENSMUSG00000038344	ENSG00000086712	ortholog_one2one	1
Txn1	ENSMUSG00000028367	ENSG00000136810	ortholog_one2one	1
Txn2	ENSMUSG00000005354	ENSG00000100348	ortholog_one2one	1
Txndc11	ENSMUSG00000022498	ENSG00000153066	ortholog_one2one	1
Txndc12	ENSMUSG00000028567	ENSG00000117862	ortholog_one2one	1
Txndc15	ENSMUSG00000021497	ENSG00000113621	ortholog_one2one	1
Txndc16	ENSMUSG00000021830	ENSG00000087301	ortholog_one2one	1
Txndc17	ENSMUSG00000020803	ENSG00000129235	ortholog_one2one	1
Txndc5	ENSMUSG00000038991	ENSG00000239264	ortholog_one2one	1
Txndc8	ENSMUSG00000038709	ENSG00000204193	ortholog_one2one	1
Txndc9	ENSMUSG00000058407	ENSG00000115514	ortholog_one2one	1
Txnip	ENSMUSG00000038393	ENSG00000265972	ortholog_one2one	1
Txnl1	ENSMUSG00000024583	ENSG00000091164	ortholog_one2one	1
Txnl4a	ENSMUSG00000057130	ENSG00000141759	ortholog_one2one	1
Txnl4b	ENSMUSG00000031723	ENSG00000140830	ortholog_one2one	1
Txnrd1	ENSMUSG00000020250	ENSG00000198431	ortholog_one2one	1
Txnrd2	ENSMUSG00000075704	ENSG00000184470	ortholog_one2one	1
Txnrd3	ENSMUSG00000000811	ENSG00000197763	ortholog_one2one	1
Tyk2	ENSMUSG00000032175	ENSG00000105397	ortholog_one2one	1
Tymp	ENSMUSG00000022615	ENSG00000025708	ortholog_one2one	1
Tyms	ENSMUSG00000025747	ENSG00000176890	ortholog_one2one	1
Tyr	ENSMUSG00000004651	ENSG00000077498	ortholog_one2one	1
Tyro3	ENSMUSG00000027298	ENSG00000092445	ortholog_one2one	1
Tyrobp	ENSMUSG00000030579	ENSG00000011600	ortholog_one2one	1
Tyrp1	ENSMUSG00000005994	ENSG00000107165	ortholog_one2one	1
Tysnd1	ENSMUSG00000020087	ENSG00000156521	ortholog_one2one	1
Tyw3	ENSMUSG00000047583	ENSG00000162623	ortholog_one2one	1
Tyw5	ENSMUSG00000048495	ENSG00000162971	ortholog_one2one	1
U2af1	ENSMUSG00000061613	ENSG00000160201	ortholog_one2one	1
U2af1l4	ENSMUSG00000078765	ENSG00000161265	ortholog_one2one	1
U2af2	ENSMUSG00000030435	ENSG00000063244	ortholog_one2one	1
U2surp	ENSMUSG00000032407	ENSG00000163714	ortholog_one2one	1
Uaca	ENSMUSG00000034485	ENSG00000137831	ortholog_one2one	1
Uap1	ENSMUSG00000026670	ENSG00000117143	ortholog_one2one	1
Uap1l1	ENSMUSG00000026956	ENSG00000197355	ortholog_one2one	1
Uba1	ENSMUSG00000001924	ENSG00000130985	ortholog_one2one	1
Uba2	ENSMUSG00000052997	ENSG00000126261	ortholog_one2one	1
Uba3	ENSMUSG00000030061	ENSG00000144744	ortholog_one2one	1
Uba5	ENSMUSG00000032557	ENSG00000081307	ortholog_one2one	1
Uba6	ENSMUSG00000035898	ENSG00000033178	ortholog_one2one	1
Uba7	ENSMUSG00000032596	ENSG00000182179	ortholog_one2one	1
Ubac1	ENSMUSG00000036352	ENSG00000130560	ortholog_one2one	1
Ubac2	ENSMUSG00000041765	ENSG00000134882	ortholog_one2one	1
Ubald2	ENSMUSG00000050628	ENSG00000185262	ortholog_one2one	1
Ubap1	ENSMUSG00000028437	ENSG00000165006	ortholog_one2one	1
Ubap1l	ENSMUSG00000086228	ENSG00000246922	ortholog_one2one	1
Ubap2	ENSMUSG00000028433	ENSG00000137073	ortholog_one2one	1
Ubap2l	ENSMUSG00000042520	ENSG00000143569	ortholog_one2one	1
Ubash3a	ENSMUSG00000042345	ENSG00000160185	ortholog_one2one	1
Ubash3b	ENSMUSG00000032020	ENSG00000154127	ortholog_one2one	1
Ubb	ENSMUSG00000019505	ENSG00000170315	ortholog_one2one	1
Ubc	ENSMUSG00000008348	ENSG00000150991	ortholog_one2one	1
Ubd	ENSMUSG00000035186	ENSG00000213886	ortholog_one2one	1
Ube2a	ENSMUSG00000016308	ENSG00000077721	ortholog_one2one	1
Ube2b	ENSMUSG00000020390	ENSG00000119048	ortholog_one2one	1
Ube2c	ENSMUSG00000001403	ENSG00000175063	ortholog_one2one	1
Ube2d1	ENSMUSG00000019927	ENSG00000072401	ortholog_one2one	1
Ube2d2a	ENSMUSG00000091896	ENSG00000131508	ortholog_one2one	1
Ube2d3	ENSMUSG00000078578	ENSG00000109332	ortholog_one2one	1
Ube2e1	ENSMUSG00000021774	ENSG00000170142	ortholog_one2one	1
Ube2e2	ENSMUSG00000058317	ENSG00000182247	ortholog_one2one	1
Ube2e3	ENSMUSG00000027011	ENSG00000170035	ortholog_one2one	1
Ube2f	ENSMUSG00000034343	ENSG00000184182	ortholog_one2one	1
Ube2g1	ENSMUSG00000020794	ENSG00000132388	ortholog_one2one	1
Ube2g2	ENSMUSG00000009293	ENSG00000184787	ortholog_one2one	1
Ube2h	ENSMUSG00000039159	ENSG00000186591	ortholog_one2one	1
Ube2i	ENSMUSG00000015120	ENSG00000103275	ortholog_one2one	1
Ube2j1	ENSMUSG00000028277	ENSG00000198833	ortholog_one2one	1
Ube2j2	ENSMUSG00000023286	ENSG00000160087	ortholog_one2one	1
Ube2k	ENSMUSG00000029203	ENSG00000078140	ortholog_one2one	1
Ube2l6	ENSMUSG00000027078	ENSG00000156587	ortholog_one2one	1
Ube2m	ENSMUSG00000005575	ENSG00000130725	ortholog_one2one	1
Ube2n	ENSMUSG00000074781	ENSG00000177889	ortholog_one2one	1
Ube2o	ENSMUSG00000020802	ENSG00000175931	ortholog_one2one	1
Ube2q1	ENSMUSG00000042572	ENSG00000160714	ortholog_one2one	1
Ube2q2	ENSMUSG00000032307	ENSG00000140367	ortholog_one2one	1
Ube2ql1	ENSMUSG00000052981	ENSG00000215218	ortholog_one2one	1
Ube2r2	ENSMUSG00000036241	ENSG00000107341	ortholog_one2one	1
Ube2t	ENSMUSG00000026429	ENSG00000077152	ortholog_one2one	1
Ube2v2	ENSMUSG00000022674	ENSG00000169139	ortholog_one2one	1
Ube2w	ENSMUSG00000025939	ENSG00000104343	ortholog_one2one	1
Ube2z	ENSMUSG00000014349	ENSG00000159202	ortholog_one2one	1
Ube3a	ENSMUSG00000025326	ENSG00000114062	ortholog_one2one	1
Ube3b	ENSMUSG00000029577	ENSG00000151148	ortholog_one2one	1
Ube3c	ENSMUSG00000039000	ENSG00000009335	ortholog_one2one	1
Ube3d	ENSMUSG00000032415	ENSG00000118420	ortholog_one2one	1
Ube4a	ENSMUSG00000059890	ENSG00000110344	ortholog_one2one	1
Ube4b	ENSMUSG00000028960	ENSG00000130939	ortholog_one2one	1
Ubfd1	ENSMUSG00000030870	ENSG00000103353	ortholog_one2one	1
Ubiad1	ENSMUSG00000047719	ENSG00000120942	ortholog_one2one	1
Ubl3	ENSMUSG00000001687	ENSG00000122042	ortholog_one2one	1
Ubl4a	ENSMUSG00000015290	ENSG00000102178	ortholog_one2one	1
Ubl4b	ENSMUSG00000055891	ENSG00000186150	ortholog_one2one	1
Ubl5	ENSMUSG00000084786	ENSG00000198258	ortholog_one2one	1
Ubl7	ENSMUSG00000055720	ENSG00000138629	ortholog_one2one	1
Ublcp1	ENSMUSG00000041231	ENSG00000164332	ortholog_one2one	1
Ubn1	ENSMUSG00000039473	ENSG00000118900	ortholog_one2one	1
Ubn2	ENSMUSG00000038538	ENSG00000157741	ortholog_one2one	1
Ubox5	ENSMUSG00000027300	ENSG00000185019	ortholog_one2one	1
Ubp1	ENSMUSG00000009741	ENSG00000153560	ortholog_one2one	1
Ubqln1	ENSMUSG00000005312	ENSG00000135018	ortholog_one2one	1
Ubqln2	ENSMUSG00000050148	ENSG00000188021	ortholog_one2one	1
Ubqln3	ENSMUSG00000051618	ENSG00000175520	ortholog_one2one	1
Ubqln4	ENSMUSG00000008604	ENSG00000160803	ortholog_one2one	1
Ubr1	ENSMUSG00000027272	ENSG00000159459	ortholog_one2one	1
Ubr2	ENSMUSG00000023977	ENSG00000024048	ortholog_one2one	1
Ubr3	ENSMUSG00000044308	ENSG00000144357	ortholog_one2one	1
Ubr4	ENSMUSG00000066036	ENSG00000127481	ortholog_one2one	1
Ubr5	ENSMUSG00000037487	ENSG00000104517	ortholog_one2one	1
Ubr7	ENSMUSG00000041712	ENSG00000012963	ortholog_one2one	1
Ubtd1	ENSMUSG00000025171	ENSG00000165886	ortholog_one2one	1
Ubtd2	ENSMUSG00000044949	ENSG00000168246	ortholog_one2one	1
Ubtf	ENSMUSG00000020923	ENSG00000108312	ortholog_one2one	1
Ubtfl1	ENSMUSG00000074502	ENSG00000255009	ortholog_one2one	1
Ubxn1	ENSMUSG00000071655	ENSG00000162191	ortholog_one2one	1
Ubxn10	ENSMUSG00000043621	ENSG00000162543	ortholog_one2one	1
Ubxn11	ENSMUSG00000012126	ENSG00000158062	ortholog_one2one	1
Ubxn2a	ENSMUSG00000020634	ENSG00000173960	ortholog_one2one	1
Ubxn2b	ENSMUSG00000028243	ENSG00000215114	ortholog_one2one	1
Ubxn4	ENSMUSG00000026353	ENSG00000144224	ortholog_one2one	1
Ubxn6	ENSMUSG00000019578	ENSG00000167671	ortholog_one2one	1
Ubxn7	ENSMUSG00000053774	ENSG00000163960	ortholog_one2one	1
Ubxn8	ENSMUSG00000052906	ENSG00000104691	ortholog_one2one	1
Uchl1	ENSMUSG00000029223	ENSG00000154277	ortholog_one2one	1
Uchl5	ENSMUSG00000018189	ENSG00000116750	ortholog_one2one	1
Uck1	ENSMUSG00000002550	ENSG00000130717	ortholog_one2one	1
Uck2	ENSMUSG00000026558	ENSG00000143179	ortholog_one2one	1
Uckl1	ENSMUSG00000089917	ENSG00000198276	ortholog_one2one	1
Ucma	ENSMUSG00000026668	ENSG00000165623	ortholog_one2one	1
Ucn	ENSMUSG00000038676	ENSG00000163794	ortholog_one2one	1
Ucn2	ENSMUSG00000049699	ENSG00000145040	ortholog_one2one	1
Ucn3	ENSMUSG00000044988	ENSG00000178473	ortholog_one2one	1
Ucp1	ENSMUSG00000031710	ENSG00000109424	ortholog_one2one	1
Ucp2	ENSMUSG00000033685	ENSG00000175567	ortholog_one2one	1
Ucp3	ENSMUSG00000032942	ENSG00000175564	ortholog_one2one	1
Uevld	ENSMUSG00000043262	ENSG00000151116	ortholog_one2one	1
Ufc1	ENSMUSG00000062963	ENSG00000143222	ortholog_one2one	1
Ufd1	ENSMUSG00000005262	ENSG00000070010	ortholog_one2one	1
Ufl1	ENSMUSG00000040359	ENSG00000014123	ortholog_one2one	1
Ufm1	ENSMUSG00000027746	ENSG00000120686	ortholog_one2one	1
Ufsp1	ENSMUSG00000051502	ENSG00000176125	ortholog_one2one	1
Ufsp2	ENSMUSG00000031634	ENSG00000109775	ortholog_one2one	1
Ugcg	ENSMUSG00000028381	ENSG00000148154	ortholog_one2one	1
Ugdh	ENSMUSG00000029201	ENSG00000109814	ortholog_one2one	1
Uggt1	ENSMUSG00000037470	ENSG00000136731	ortholog_one2one	1
Uggt2	ENSMUSG00000042104	ENSG00000102595	ortholog_one2one	1
Ugp2	ENSMUSG00000001891	ENSG00000169764	ortholog_one2one	1
Ugt1a1	ENSMUSG00000089960	ENSG00000241635	ortholog_one2one	1
Ugt2a1	ENSMUSG00000106677	ENSG00000173610	ortholog_one2one	1
Ugt2a2	ENSMUSG00000029268	ENSG00000271271	ortholog_one2one	1
Ugt8a	ENSMUSG00000032854	ENSG00000174607	ortholog_one2one	1
Uhmk1	ENSMUSG00000026667	ENSG00000152332	ortholog_one2one	1
Uhrf1	ENSMUSG00000001228	ENSG00000276043	ortholog_one2one	1
Uhrf2	ENSMUSG00000024817	ENSG00000147854	ortholog_one2one	1
Uimc1	ENSMUSG00000025878	ENSG00000087206	ortholog_one2one	1
Ulk1	ENSMUSG00000029512	ENSG00000177169	ortholog_one2one	1
Ulk2	ENSMUSG00000004798	ENSG00000083290	ortholog_one2one	1
Ulk3	ENSMUSG00000032308	ENSG00000140474	ortholog_one2one	1
Ulk4	ENSMUSG00000040936	ENSG00000168038	ortholog_one2one	1
Umad1	ENSMUSG00000089862	ENSG00000219545	ortholog_one2one	1
Umod	ENSMUSG00000030963	ENSG00000169344	ortholog_one2one	1
Umodl1	ENSMUSG00000054134	ENSG00000177398	ortholog_one2one	1
Umps	ENSMUSG00000022814	ENSG00000114491	ortholog_one2one	1
Unc119	ENSMUSG00000002058	ENSG00000109103	ortholog_one2one	1
Unc119b	ENSMUSG00000046562	ENSG00000175970	ortholog_one2one	1
Unc13a	ENSMUSG00000034799	ENSG00000130477	ortholog_one2one	1
Unc13b	ENSMUSG00000028456	ENSG00000198722	ortholog_one2one	1
Unc13c	ENSMUSG00000062151	ENSG00000137766	ortholog_one2one	1
Unc13d	ENSMUSG00000057948	ENSG00000092929	ortholog_one2one	1
Unc45a	ENSMUSG00000030533	ENSG00000140553	ortholog_one2one	1
Unc45b	ENSMUSG00000018845	ENSG00000141161	ortholog_one2one	1
Unc50	ENSMUSG00000026111	ENSG00000115446	ortholog_one2one	1
Unc5a	ENSMUSG00000025876	ENSG00000113763	ortholog_one2one	1
Unc5b	ENSMUSG00000020099	ENSG00000107731	ortholog_one2one	1
Unc5c	ENSMUSG00000059921	ENSG00000182168	ortholog_one2one	1
Unc5cl	ENSMUSG00000043592	ENSG00000124602	ortholog_one2one	1
Unc5d	ENSMUSG00000063626	ENSG00000156687	ortholog_one2one	1
Unc79	ENSMUSG00000021198	ENSG00000133958	ortholog_one2one	1
Unc80	ENSMUSG00000055567	ENSG00000144406	ortholog_one2one	1
Unc93b1	ENSMUSG00000036908	ENSG00000110057	ortholog_one2one	1
Uncx	ENSMUSG00000029546	ENSG00000164853	ortholog_one2one	1
Ung	ENSMUSG00000029591	ENSG00000076248	ortholog_one2one	1
Unk	ENSMUSG00000020770	ENSG00000132478	ortholog_one2one	1
Unkl	ENSMUSG00000015127	ENSG00000059145	ortholog_one2one	1
Upb1	ENSMUSG00000033427	ENSG00000100024	ortholog_one2one	1
Upf1	ENSMUSG00000058301	ENSG00000005007	ortholog_one2one	1
Upf2	ENSMUSG00000043241	ENSG00000151461	ortholog_one2one	1
Upf3a	ENSMUSG00000038398	ENSG00000169062	ortholog_one2one	1
Upf3b	ENSMUSG00000036572	ENSG00000125351	ortholog_one2one	1
Upk1a	ENSMUSG00000006313	ENSG00000105668	ortholog_one2one	1
Upk1b	ENSMUSG00000049436	ENSG00000114638	ortholog_one2one	1
Upk2	ENSMUSG00000041523	ENSG00000110375	ortholog_one2one	1
Upk3a	ENSMUSG00000022435	ENSG00000100373	ortholog_one2one	1
Upk3b	ENSMUSG00000042985	ENSG00000243566	ortholog_one2one	1
Upp1	ENSMUSG00000020407	ENSG00000183696	ortholog_one2one	1
Upp2	ENSMUSG00000026839	ENSG00000007001	ortholog_one2one	1
Uprt	ENSMUSG00000073016	ENSG00000094841	ortholog_one2one	1
Uqcc1	ENSMUSG00000005882	ENSG00000101019	ortholog_one2one	1
Uqcc2	ENSMUSG00000024208	ENSG00000137288	ortholog_one2one	1
Uqcc3	ENSMUSG00000071654	ENSG00000204922	ortholog_one2one	1
Uqcc4	ENSMUSG00000067722	ENSG00000174109	ortholog_one2one	1
Uqcr10	ENSMUSG00000059534	ENSG00000184076	ortholog_one2one	1
Uqcr11	ENSMUSG00000020163	ENSG00000127540	ortholog_one2one	1
Uqcrc1	ENSMUSG00000025651	ENSG00000010256	ortholog_one2one	1
Uqcrc2	ENSMUSG00000030884	ENSG00000140740	ortholog_one2one	1
Uqcrq	ENSMUSG00000044894	ENSG00000164405	ortholog_one2one	1
Urb1	ENSMUSG00000039929	ENSG00000142207	ortholog_one2one	1
Urb2	ENSMUSG00000031976	ENSG00000135763	ortholog_one2one	1
Urgcp	ENSMUSG00000049680	ENSG00000106608	ortholog_one2one	1
Uri1	ENSMUSG00000030421	ENSG00000105176	ortholog_one2one	1
Urm1	ENSMUSG00000069020	ENSG00000167118	ortholog_one2one	1
Uroc1	ENSMUSG00000034456	ENSG00000159650	ortholog_one2one	1
Urod	ENSMUSG00000028684	ENSG00000126088	ortholog_one2one	1
Uros	ENSMUSG00000030979	ENSG00000188690	ortholog_one2one	1
Usb1	ENSMUSG00000031792	ENSG00000103005	ortholog_one2one	1
Use1	ENSMUSG00000002395	ENSG00000053501	ortholog_one2one	1
Usf1	ENSMUSG00000026641	ENSG00000158773	ortholog_one2one	1
Usf2	ENSMUSG00000058239	ENSG00000105698	ortholog_one2one	1
Usf3	ENSMUSG00000068284	ENSG00000176542	ortholog_one2one	1
Ush1c	ENSMUSG00000030838	ENSG00000006611	ortholog_one2one	1
Ush1g	ENSMUSG00000045288	ENSG00000182040	ortholog_one2one	1
Ush2a	ENSMUSG00000026609	ENSG00000042781	ortholog_one2one	1
Ushbp1	ENSMUSG00000034911	ENSG00000130307	ortholog_one2one	1
Uso1	ENSMUSG00000029407	ENSG00000138768	ortholog_one2one	1
Usp1	ENSMUSG00000028560	ENSG00000162607	ortholog_one2one	1
Usp10	ENSMUSG00000031826	ENSG00000103194	ortholog_one2one	1
Usp11	ENSMUSG00000031066	ENSG00000102226	ortholog_one2one	1
Usp12	ENSMUSG00000029640	ENSG00000152484	ortholog_one2one	1
Usp13	ENSMUSG00000056900	ENSG00000058056	ortholog_one2one	1
Usp14	ENSMUSG00000047879	ENSG00000101557	ortholog_one2one	1
Usp15	ENSMUSG00000020124	ENSG00000135655	ortholog_one2one	1
Usp16	ENSMUSG00000025616	ENSG00000156256	ortholog_one2one	1
Usp18	ENSMUSG00000030107	ENSG00000184979	ortholog_one2one	1
Usp19	ENSMUSG00000006676	ENSG00000172046	ortholog_one2one	1
Usp2	ENSMUSG00000032010	ENSG00000036672	ortholog_one2one	1
Usp20	ENSMUSG00000026854	ENSG00000136878	ortholog_one2one	1
Usp21	ENSMUSG00000053483	ENSG00000143258	ortholog_one2one	1
Usp22	ENSMUSG00000042506	ENSG00000124422	ortholog_one2one	1
Usp24	ENSMUSG00000028514	ENSG00000162402	ortholog_one2one	1
Usp25	ENSMUSG00000022867	ENSG00000155313	ortholog_one2one	1
Usp27x	ENSMUSG00000046269	ENSG00000273820	ortholog_one2one	1
Usp28	ENSMUSG00000032267	ENSG00000048028	ortholog_one2one	1
Usp3	ENSMUSG00000032376	ENSG00000140455	ortholog_one2one	1
Usp30	ENSMUSG00000029592	ENSG00000135093	ortholog_one2one	1
Usp31	ENSMUSG00000063317	ENSG00000103404	ortholog_one2one	1
Usp33	ENSMUSG00000025437	ENSG00000077254	ortholog_one2one	1
Usp34	ENSMUSG00000056342	ENSG00000115464	ortholog_one2one	1
Usp35	ENSMUSG00000035713	ENSG00000118369	ortholog_one2one	1
Usp36	ENSMUSG00000033909	ENSG00000055483	ortholog_one2one	1
Usp37	ENSMUSG00000033364	ENSG00000135913	ortholog_one2one	1
Usp38	ENSMUSG00000038250	ENSG00000170185	ortholog_one2one	1
Usp39	ENSMUSG00000056305	ENSG00000168883	ortholog_one2one	1
Usp4	ENSMUSG00000032612	ENSG00000114316	ortholog_one2one	1
Usp40	ENSMUSG00000005501	ENSG00000085982	ortholog_one2one	1
Usp42	ENSMUSG00000051306	ENSG00000106346	ortholog_one2one	1
Usp43	ENSMUSG00000020905	ENSG00000154914	ortholog_one2one	1
Usp44	ENSMUSG00000020020	ENSG00000136014	ortholog_one2one	1
Usp45	ENSMUSG00000040455	ENSG00000123552	ortholog_one2one	1
Usp46	ENSMUSG00000054814	ENSG00000109189	ortholog_one2one	1
Usp47	ENSMUSG00000059263	ENSG00000170242	ortholog_one2one	1
Usp48	ENSMUSG00000043411	ENSG00000090686	ortholog_one2one	1
Usp49	ENSMUSG00000090115	ENSG00000164663	ortholog_one2one	1
Usp5	ENSMUSG00000038429	ENSG00000111667	ortholog_one2one	1
Usp50	ENSMUSG00000027364	ENSG00000170236	ortholog_one2one	1
Usp51	ENSMUSG00000067215	ENSG00000247746	ortholog_one2one	1
Usp53	ENSMUSG00000039701	ENSG00000145390	ortholog_one2one	1
Usp54	ENSMUSG00000034235	ENSG00000166348	ortholog_one2one	1
Usp6nl	ENSMUSG00000039046	ENSG00000148429	ortholog_one2one	1
Usp7	ENSMUSG00000022710	ENSG00000187555	ortholog_one2one	1
Usp8	ENSMUSG00000027363	ENSG00000138592	ortholog_one2one	1
Usp9x	ENSMUSG00000031010	ENSG00000124486	ortholog_one2one	1
Usp9y	ENSMUSG00000069044	ENSG00000114374	ortholog_one2one	1
Ust	ENSMUSG00000047712	ENSG00000111962	ortholog_one2one	1
Utp11	ENSMUSG00000028907	ENSG00000183520	ortholog_one2one	1
Utp15	ENSMUSG00000041747	ENSG00000164338	ortholog_one2one	1
Utp18	ENSMUSG00000054079	ENSG00000011260	ortholog_one2one	1
Utp20	ENSMUSG00000004356	ENSG00000120800	ortholog_one2one	1
Utp23	ENSMUSG00000022313	ENSG00000147679	ortholog_one2one	1
Utp25	ENSMUSG00000016181	ENSG00000117597	ortholog_one2one	1
Utp3	ENSMUSG00000070697	ENSG00000132467	ortholog_one2one	1
Utp4	ENSMUSG00000041438	ENSG00000141076	ortholog_one2one	1
Utp6	ENSMUSG00000035575	ENSG00000108651	ortholog_one2one	1
Utrn	ENSMUSG00000019820	ENSG00000152818	ortholog_one2one	1
Uvrag	ENSMUSG00000035354	ENSG00000198382	ortholog_one2one	1
Uvssa	ENSMUSG00000037355	ENSG00000163945	ortholog_one2one	1
Uxs1	ENSMUSG00000057363	ENSG00000115652	ortholog_one2one	1
Uxt	ENSMUSG00000001134	ENSG00000126756	ortholog_one2one	1
Vac14	ENSMUSG00000010936	ENSG00000103043	ortholog_one2one	1
Vamp2	ENSMUSG00000020894	ENSG00000220205	ortholog_one2one	1
Vamp3	ENSMUSG00000028955	ENSG00000049245	ortholog_one2one	1
Vamp4	ENSMUSG00000026696	ENSG00000117533	ortholog_one2one	1
Vamp5	ENSMUSG00000073002	ENSG00000168899	ortholog_one2one	1
Vamp8	ENSMUSG00000050732	ENSG00000118640	ortholog_one2one	1
Vangl1	ENSMUSG00000027860	ENSG00000173218	ortholog_one2one	1
Vangl2	ENSMUSG00000026556	ENSG00000162738	ortholog_one2one	1
Vapa	ENSMUSG00000024091	ENSG00000101558	ortholog_one2one	1
Vapb	ENSMUSG00000054455	ENSG00000124164	ortholog_one2one	1
Vars1	ENSMUSG00000007029	ENSG00000204394	ortholog_one2one	1
Vars2	ENSMUSG00000038838	ENSG00000137411	ortholog_one2one	1
Vash1	ENSMUSG00000021256	ENSG00000071246	ortholog_one2one	1
Vash2	ENSMUSG00000037568	ENSG00000143494	ortholog_one2one	1
Vasn	ENSMUSG00000039646	ENSG00000168140	ortholog_one2one	1
Vasp	ENSMUSG00000030403	ENSG00000125753	ortholog_one2one	1
Vat1	ENSMUSG00000034993	ENSG00000108828	ortholog_one2one	1
Vat1l	ENSMUSG00000046844	ENSG00000171724	ortholog_one2one	1
Vav1	ENSMUSG00000034116	ENSG00000141968	ortholog_one2one	1
Vav2	ENSMUSG00000009621	ENSG00000160293	ortholog_one2one	1
Vav3	ENSMUSG00000033721	ENSG00000134215	ortholog_one2one	1
Vax1	ENSMUSG00000006270	ENSG00000148704	ortholog_one2one	1
Vax2	ENSMUSG00000034777	ENSG00000116035	ortholog_one2one	1
Vbp1	ENSMUSG00000031197	ENSG00000155959	ortholog_one2one	1
Vcam1	ENSMUSG00000027962	ENSG00000162692	ortholog_one2one	1
Vcan	ENSMUSG00000021614	ENSG00000038427	ortholog_one2one	1
Vcl	ENSMUSG00000021823	ENSG00000035403	ortholog_one2one	1
Vcp	ENSMUSG00000028452	ENSG00000165280	ortholog_one2one	1
Vcpip1	ENSMUSG00000045210	ENSG00000175073	ortholog_one2one	1
Vcpkmt	ENSMUSG00000049882	ENSG00000100483	ortholog_one2one	1
Vdac1	ENSMUSG00000020402	ENSG00000213585	ortholog_one2one	1
Vdac2	ENSMUSG00000021771	ENSG00000165637	ortholog_one2one	1
Vdr	ENSMUSG00000022479	ENSG00000111424	ortholog_one2one	1
Vegfa	ENSMUSG00000023951	ENSG00000112715	ortholog_one2one	1
Vegfb	ENSMUSG00000024962	ENSG00000173511	ortholog_one2one	1
Vegfc	ENSMUSG00000031520	ENSG00000150630	ortholog_one2one	1
Vegfd	ENSMUSG00000031380	ENSG00000165197	ortholog_one2one	1
Veph1	ENSMUSG00000027831	ENSG00000197415	ortholog_one2one	1
Vezf1	ENSMUSG00000018377	ENSG00000136451	ortholog_one2one	1
Vezt	ENSMUSG00000036099	ENSG00000028203	ortholog_one2one	1
Vgf	ENSMUSG00000037428	ENSG00000128564	ortholog_one2one	1
Vgll2	ENSMUSG00000049641	ENSG00000170162	ortholog_one2one	1
Vgll3	ENSMUSG00000091243	ENSG00000206538	ortholog_one2one	1
Vgll4	ENSMUSG00000030315	ENSG00000144560	ortholog_one2one	1
Vil1	ENSMUSG00000026175	ENSG00000127831	ortholog_one2one	1
Vill	ENSMUSG00000038775	ENSG00000136059	ortholog_one2one	1
Vim	ENSMUSG00000026728	ENSG00000026025	ortholog_one2one	1
Vip	ENSMUSG00000019772	ENSG00000146469	ortholog_one2one	1
Vipas39	ENSMUSG00000021038	ENSG00000151445	ortholog_one2one	1
Vipr1	ENSMUSG00000032528	ENSG00000114812	ortholog_one2one	1
Vipr2	ENSMUSG00000011171	ENSG00000106018	ortholog_one2one	1
Virma	ENSMUSG00000040720	ENSG00000164944	ortholog_one2one	1
Vit	ENSMUSG00000024076	ENSG00000205221	ortholog_one2one	1
Vkorc1	ENSMUSG00000096145	ENSG00000167397	ortholog_one2one	1
Vkorc1l1	ENSMUSG00000066735	ENSG00000196715	ortholog_one2one	1
Vldlr	ENSMUSG00000024924	ENSG00000147852	ortholog_one2one	1
Vma21	ENSMUSG00000073131	ENSG00000160131	ortholog_one2one	1
Vmac	ENSMUSG00000054723	ENSG00000187650	ortholog_one2one	1
Vmo1	ENSMUSG00000020830	ENSG00000182853	ortholog_one2one	1
Vmp1	ENSMUSG00000018171	ENSG00000062716	ortholog_one2one	1
Vnn1	ENSMUSG00000037440	ENSG00000112299	ortholog_one2one	1
Vopp1	ENSMUSG00000037788	ENSG00000154978	ortholog_one2one	1
Vpreb3	ENSMUSG00000000903	ENSG00000128218	ortholog_one2one	1
Vps11	ENSMUSG00000032127	ENSG00000160695	ortholog_one2one	1
Vps13a	ENSMUSG00000046230	ENSG00000197969	ortholog_one2one	1
Vps13b	ENSMUSG00000037646	ENSG00000132549	ortholog_one2one	1
Vps13c	ENSMUSG00000035284	ENSG00000129003	ortholog_one2one	1
Vps13d	ENSMUSG00000020220	ENSG00000048707	ortholog_one2one	1
Vps16	ENSMUSG00000027411	ENSG00000215305	ortholog_one2one	1
Vps18	ENSMUSG00000034216	ENSG00000104142	ortholog_one2one	1
Vps26a	ENSMUSG00000020078	ENSG00000122958	ortholog_one2one	1
Vps26b	ENSMUSG00000031988	ENSG00000151502	ortholog_one2one	1
Vps26c	ENSMUSG00000022898	ENSG00000157538	ortholog_one2one	1
Vps28	ENSMUSG00000115987	ENSG00000160948	ortholog_one2one	1
Vps29	ENSMUSG00000029462	ENSG00000111237	ortholog_one2one	1
Vps33a	ENSMUSG00000029434	ENSG00000139719	ortholog_one2one	1
Vps33b	ENSMUSG00000030534	ENSG00000184056	ortholog_one2one	1
Vps35	ENSMUSG00000031696	ENSG00000069329	ortholog_one2one	1
Vps35l	ENSMUSG00000030982	ENSG00000103544	ortholog_one2one	1
Vps36	ENSMUSG00000031479	ENSG00000136100	ortholog_one2one	1
Vps37a	ENSMUSG00000031600	ENSG00000155975	ortholog_one2one	1
Vps37b	ENSMUSG00000066278	ENSG00000139722	ortholog_one2one	1
Vps37c	ENSMUSG00000048832	ENSG00000167987	ortholog_one2one	1
Vps37d	ENSMUSG00000043614	ENSG00000176428	ortholog_one2one	1
Vps39	ENSMUSG00000027291	ENSG00000166887	ortholog_one2one	1
Vps41	ENSMUSG00000041236	ENSG00000006715	ortholog_one2one	1
Vps45	ENSMUSG00000015747	ENSG00000136631	ortholog_one2one	1
Vps4a	ENSMUSG00000031913	ENSG00000132612	ortholog_one2one	1
Vps4b	ENSMUSG00000009907	ENSG00000119541	ortholog_one2one	1
Vps50	ENSMUSG00000001376	ENSG00000004766	ortholog_one2one	1
Vps51	ENSMUSG00000024797	ENSG00000149823	ortholog_one2one	1
Vps52	ENSMUSG00000024319	ENSG00000223501	ortholog_one2one	1
Vps53	ENSMUSG00000017288	ENSG00000141252	ortholog_one2one	1
Vps54	ENSMUSG00000020128	ENSG00000143952	ortholog_one2one	1
Vps72	ENSMUSG00000008958	ENSG00000163159	ortholog_one2one	1
Vps8	ENSMUSG00000033653	ENSG00000156931	ortholog_one2one	1
Vps9d1	ENSMUSG00000001062	ENSG00000075399	ortholog_one2one	1
Vrk1	ENSMUSG00000021115	ENSG00000100749	ortholog_one2one	1
Vrk2	ENSMUSG00000064090	ENSG00000028116	ortholog_one2one	1
Vrk3	ENSMUSG00000002205	ENSG00000105053	ortholog_one2one	1
Vrtn	ENSMUSG00000071235	ENSG00000133980	ortholog_one2one	1
Vsig1	ENSMUSG00000031430	ENSG00000101842	ortholog_one2one	1
Vsig10	ENSMUSG00000066894	ENSG00000176834	ortholog_one2one	1
Vsig10l	ENSMUSG00000070604	ENSG00000186806	ortholog_one2one	1
Vsig10l2	ENSMUSG00000098590	ENSG00000283703	ortholog_one2one	1
Vsig2	ENSMUSG00000001943	ENSG00000019102	ortholog_one2one	1
Vsig8	ENSMUSG00000049598	ENSG00000243284	ortholog_one2one	1
Vsir	ENSMUSG00000020101	ENSG00000107738	ortholog_one2one	1
Vsnl1	ENSMUSG00000054459	ENSG00000163032	ortholog_one2one	1
Vstm2a	ENSMUSG00000048834	ENSG00000170419	ortholog_one2one	1
Vstm2b	ENSMUSG00000039257	ENSG00000187135	ortholog_one2one	1
Vstm2l	ENSMUSG00000037843	ENSG00000132821	ortholog_one2one	1
Vstm4	ENSMUSG00000050666	ENSG00000165633	ortholog_one2one	1
Vstm5	ENSMUSG00000031937	ENSG00000214376	ortholog_one2one	1
Vsx1	ENSMUSG00000033080	ENSG00000100987	ortholog_one2one	1
Vsx2	ENSMUSG00000021239	ENSG00000119614	ortholog_one2one	1
Vta1	ENSMUSG00000019868	ENSG00000009844	ortholog_one2one	1
Vtcn1	ENSMUSG00000051076	ENSG00000134258	ortholog_one2one	1
Vti1a	ENSMUSG00000024983	ENSG00000151532	ortholog_one2one	1
Vti1b	ENSMUSG00000021124	ENSG00000100568	ortholog_one2one	1
Vtn	ENSMUSG00000017344	ENSG00000109072	ortholog_one2one	1
Vwa1	ENSMUSG00000042116	ENSG00000179403	ortholog_one2one	1
Vwa2	ENSMUSG00000025082	ENSG00000165816	ortholog_one2one	1
Vwa3a	ENSMUSG00000030889	ENSG00000175267	ortholog_one2one	1
Vwa3b	ENSMUSG00000050122	ENSG00000168658	ortholog_one2one	1
Vwa5b1	ENSMUSG00000028753	ENSG00000158816	ortholog_one2one	1
Vwa5b2	ENSMUSG00000046613	ENSG00000145198	ortholog_one2one	1
Vwa7	ENSMUSG00000007030	ENSG00000204396	ortholog_one2one	1
Vwa8	ENSMUSG00000058997	ENSG00000102763	ortholog_one2one	1
Vwc2	ENSMUSG00000050830	ENSG00000188730	ortholog_one2one	1
Vwc2l	ENSMUSG00000045648	ENSG00000174453	ortholog_one2one	1
Vwce	ENSMUSG00000043789	ENSG00000167992	ortholog_one2one	1
Vwf	ENSMUSG00000001930	ENSG00000110799	ortholog_one2one	1
Vxn	ENSMUSG00000067879	ENSG00000169085	ortholog_one2one	1
Wac	ENSMUSG00000024283	ENSG00000095787	ortholog_one2one	1
Wapl	ENSMUSG00000041408	ENSG00000062650	ortholog_one2one	1
Wars1	ENSMUSG00000021266	ENSG00000140105	ortholog_one2one	1
Wars2	ENSMUSG00000004233	ENSG00000116874	ortholog_one2one	1
Was	ENSMUSG00000031165	ENSG00000015285	ortholog_one2one	1
Wasf1	ENSMUSG00000019831	ENSG00000112290	ortholog_one2one	1
Wasf2	ENSMUSG00000028868	ENSG00000158195	ortholog_one2one	1
Wasf3	ENSMUSG00000029636	ENSG00000132970	ortholog_one2one	1
Washc3	ENSMUSG00000020056	ENSG00000120860	ortholog_one2one	1
Washc4	ENSMUSG00000034560	ENSG00000136051	ortholog_one2one	1
Washc5	ENSMUSG00000022350	ENSG00000164961	ortholog_one2one	1
Wasl	ENSMUSG00000029684	ENSG00000106299	ortholog_one2one	1
Wbp1	ENSMUSG00000030035	ENSG00000239779	ortholog_one2one	1
Wbp1l	ENSMUSG00000047731	ENSG00000166272	ortholog_one2one	1
Wbp2	ENSMUSG00000034341	ENSG00000132471	ortholog_one2one	1
Wbp2nl	ENSMUSG00000022455	ENSG00000183066	ortholog_one2one	1
Wbp4	ENSMUSG00000022023	ENSG00000120688	ortholog_one2one	1
Wdcp	ENSMUSG00000051721	ENSG00000163026	ortholog_one2one	1
Wdfy1	ENSMUSG00000073643	ENSG00000085449	ortholog_one2one	1
Wdfy2	ENSMUSG00000014547	ENSG00000139668	ortholog_one2one	1
Wdfy3	ENSMUSG00000043940	ENSG00000163625	ortholog_one2one	1
Wdfy4	ENSMUSG00000051506	ENSG00000128815	ortholog_one2one	1
Wdhd1	ENSMUSG00000037572	ENSG00000198554	ortholog_one2one	1
Wdpcp	ENSMUSG00000020319	ENSG00000143951	ortholog_one2one	1
Wdr1	ENSMUSG00000005103	ENSG00000071127	ortholog_one2one	1
Wdr11	ENSMUSG00000042055	ENSG00000120008	ortholog_one2one	1
Wdr12	ENSMUSG00000026019	ENSG00000138442	ortholog_one2one	1
Wdr13	ENSMUSG00000031166	ENSG00000101940	ortholog_one2one	1
Wdr17	ENSMUSG00000039375	ENSG00000150627	ortholog_one2one	1
Wdr18	ENSMUSG00000035754	ENSG00000065268	ortholog_one2one	1
Wdr19	ENSMUSG00000037890	ENSG00000157796	ortholog_one2one	1
Wdr24	ENSMUSG00000025737	ENSG00000127580	ortholog_one2one	1
Wdr25	ENSMUSG00000040877	ENSG00000176473	ortholog_one2one	1
Wdr26	ENSMUSG00000038733	ENSG00000162923	ortholog_one2one	1
Wdr27	ENSMUSG00000046991	ENSG00000184465	ortholog_one2one	1
Wdr3	ENSMUSG00000033285	ENSG00000065183	ortholog_one2one	1
Wdr31	ENSMUSG00000028391	ENSG00000148225	ortholog_one2one	1
Wdr33	ENSMUSG00000024400	ENSG00000136709	ortholog_one2one	1
Wdr35	ENSMUSG00000066643	ENSG00000118965	ortholog_one2one	1
Wdr36	ENSMUSG00000038299	ENSG00000134987	ortholog_one2one	1
Wdr37	ENSMUSG00000021147	ENSG00000047056	ortholog_one2one	1
Wdr38	ENSMUSG00000035295	ENSG00000136918	ortholog_one2one	1
Wdr4	ENSMUSG00000024037	ENSG00000160193	ortholog_one2one	1
Wdr41	ENSMUSG00000042015	ENSG00000164253	ortholog_one2one	1
Wdr43	ENSMUSG00000041057	ENSG00000163811	ortholog_one2one	1
Wdr44	ENSMUSG00000036769	ENSG00000131725	ortholog_one2one	1
Wdr45	ENSMUSG00000039382	ENSG00000196998	ortholog_one2one	1
Wdr45b	ENSMUSG00000025173	ENSG00000141580	ortholog_one2one	1
Wdr46	ENSMUSG00000024312	ENSG00000227057	ortholog_one2one	1
Wdr47	ENSMUSG00000040389	ENSG00000085433	ortholog_one2one	1
Wdr48	ENSMUSG00000032512	ENSG00000114742	ortholog_one2one	1
Wdr49	ENSMUSG00000104301	ENSG00000174776	ortholog_one2one	1
Wdr5	ENSMUSG00000026917	ENSG00000196363	ortholog_one2one	1
Wdr53	ENSMUSG00000022787	ENSG00000185798	ortholog_one2one	1
Wdr54	ENSMUSG00000030032	ENSG00000005448	ortholog_one2one	1
Wdr55	ENSMUSG00000042660	ENSG00000120314	ortholog_one2one	1
Wdr59	ENSMUSG00000031959	ENSG00000103091	ortholog_one2one	1
Wdr5b	ENSMUSG00000034379	ENSG00000196981	ortholog_one2one	1
Wdr6	ENSMUSG00000066357	ENSG00000178252	ortholog_one2one	1
Wdr62	ENSMUSG00000037020	ENSG00000075702	ortholog_one2one	1
Wdr64	ENSMUSG00000026523	ENSG00000162843	ortholog_one2one	1
Wdr7	ENSMUSG00000040560	ENSG00000091157	ortholog_one2one	1
Wdr70	ENSMUSG00000039828	ENSG00000082068	ortholog_one2one	1
Wdr72	ENSMUSG00000044976	ENSG00000166415	ortholog_one2one	1
Wdr73	ENSMUSG00000025722	ENSG00000177082	ortholog_one2one	1
Wdr74	ENSMUSG00000042729	ENSG00000133316	ortholog_one2one	1
Wdr75	ENSMUSG00000025995	ENSG00000115368	ortholog_one2one	1
Wdr76	ENSMUSG00000027242	ENSG00000092470	ortholog_one2one	1
Wdr77	ENSMUSG00000000561	ENSG00000116455	ortholog_one2one	1
Wdr81	ENSMUSG00000045374	ENSG00000167716	ortholog_one2one	1
Wdr82	ENSMUSG00000020257	ENSG00000164091	ortholog_one2one	1
Wdr83	ENSMUSG00000005150	ENSG00000123154	ortholog_one2one	1
Wdr83os	ENSMUSG00000059355	ENSG00000105583	ortholog_one2one	1
Wdr86	ENSMUSG00000055235	ENSG00000187260	ortholog_one2one	1
Wdr89	ENSMUSG00000045690	ENSG00000140006	ortholog_one2one	1
Wdr90	ENSMUSG00000073434	ENSG00000161996	ortholog_one2one	1
Wdr91	ENSMUSG00000058486	ENSG00000105875	ortholog_one2one	1
Wdr93	ENSMUSG00000039099	ENSG00000140527	ortholog_one2one	1
Wdsub1	ENSMUSG00000026988	ENSG00000196151	ortholog_one2one	1
Wdtc1	ENSMUSG00000037622	ENSG00000142784	ortholog_one2one	1
Wee1	ENSMUSG00000031016	ENSG00000166483	ortholog_one2one	1
Wee2	ENSMUSG00000037159	ENSG00000214102	ortholog_one2one	1
Wfdc1	ENSMUSG00000023336	ENSG00000103175	ortholog_one2one	1
Wfdc5	ENSMUSG00000040154	ENSG00000175121	ortholog_one2one	1
Wfdc9	ENSMUSG00000074594	ENSG00000180205	ortholog_one2one	1
Wfikkn1	ENSMUSG00000071192	ENSG00000127578	ortholog_one2one	1
Wfikkn2	ENSMUSG00000044177	ENSG00000173714	ortholog_one2one	1
Wfs1	ENSMUSG00000039474	ENSG00000109501	ortholog_one2one	1
Whamm	ENSMUSG00000045795	ENSG00000156232	ortholog_one2one	1
Whrn	ENSMUSG00000039137	ENSG00000095397	ortholog_one2one	1
Wif1	ENSMUSG00000020218	ENSG00000156076	ortholog_one2one	1
Wipf1	ENSMUSG00000075284	ENSG00000115935	ortholog_one2one	1
Wipf2	ENSMUSG00000038013	ENSG00000171475	ortholog_one2one	1
Wipf3	ENSMUSG00000086040	ENSG00000122574	ortholog_one2one	1
Wipi1	ENSMUSG00000041895	ENSG00000070540	ortholog_one2one	1
Wipi2	ENSMUSG00000029578	ENSG00000157954	ortholog_one2one	1
Wiz	ENSMUSG00000024050	ENSG00000011451	ortholog_one2one	1
Wls	ENSMUSG00000028173	ENSG00000116729	ortholog_one2one	1
Wnk1	ENSMUSG00000045962	ENSG00000060237	ortholog_one2one	1
Wnk2	ENSMUSG00000037989	ENSG00000165238	ortholog_one2one	1
Wnk3	ENSMUSG00000041245	ENSG00000196632	ortholog_one2one	1
Wnk4	ENSMUSG00000035112	ENSG00000126562	ortholog_one2one	1
Wnt1	ENSMUSG00000022997	ENSG00000125084	ortholog_one2one	1
Wnt10a	ENSMUSG00000026167	ENSG00000135925	ortholog_one2one	1
Wnt10b	ENSMUSG00000022996	ENSG00000169884	ortholog_one2one	1
Wnt11	ENSMUSG00000015957	ENSG00000085741	ortholog_one2one	1
Wnt16	ENSMUSG00000029671	ENSG00000002745	ortholog_one2one	1
Wnt2	ENSMUSG00000010797	ENSG00000105989	ortholog_one2one	1
Wnt2b	ENSMUSG00000027840	ENSG00000134245	ortholog_one2one	1
Wnt3	ENSMUSG00000000125	ENSG00000108379	ortholog_one2one	1
Wnt3a	ENSMUSG00000009900	ENSG00000154342	ortholog_one2one	1
Wnt4	ENSMUSG00000036856	ENSG00000162552	ortholog_one2one	1
Wnt5a	ENSMUSG00000021994	ENSG00000114251	ortholog_one2one	1
Wnt5b	ENSMUSG00000030170	ENSG00000111186	ortholog_one2one	1
Wnt6	ENSMUSG00000033227	ENSG00000115596	ortholog_one2one	1
Wnt7a	ENSMUSG00000030093	ENSG00000154764	ortholog_one2one	1
Wnt7b	ENSMUSG00000022382	ENSG00000188064	ortholog_one2one	1
Wnt8a	ENSMUSG00000012282	ENSG00000061492	ortholog_one2one	1
Wnt8b	ENSMUSG00000036961	ENSG00000075290	ortholog_one2one	1
Wnt9a	ENSMUSG00000000126	ENSG00000143816	ortholog_one2one	1
Wnt9b	ENSMUSG00000018486	ENSG00000158955	ortholog_one2one	1
Wrap53	ENSMUSG00000041346	ENSG00000141499	ortholog_one2one	1
Wrap73	ENSMUSG00000029029	ENSG00000116213	ortholog_one2one	1
Wrn	ENSMUSG00000031583	ENSG00000165392	ortholog_one2one	1
Wrnip1	ENSMUSG00000021400	ENSG00000124535	ortholog_one2one	1
Wsb1	ENSMUSG00000017677	ENSG00000109046	ortholog_one2one	1
Wsb2	ENSMUSG00000029364	ENSG00000176871	ortholog_one2one	1
Wscd1	ENSMUSG00000020811	ENSG00000179314	ortholog_one2one	1
Wscd2	ENSMUSG00000063430	ENSG00000075035	ortholog_one2one	1
Wt1	ENSMUSG00000016458	ENSG00000184937	ortholog_one2one	1
Wtap	ENSMUSG00000060475	ENSG00000146457	ortholog_one2one	1
Wtip	ENSMUSG00000036459	ENSG00000142279	ortholog_one2one	1
Wwc1	ENSMUSG00000018849	ENSG00000113645	ortholog_one2one	1
Wwc2	ENSMUSG00000031563	ENSG00000151718	ortholog_one2one	1
Wwox	ENSMUSG00000004637	ENSG00000186153	ortholog_one2one	1
Wwp1	ENSMUSG00000041058	ENSG00000123124	ortholog_one2one	1
Wwp2	ENSMUSG00000031930	ENSG00000198373	ortholog_one2one	1
Wwtr1	ENSMUSG00000027803	ENSG00000018408	ortholog_one2one	1
Xab2	ENSMUSG00000019470	ENSG00000076924	ortholog_one2one	1
Xbp1	ENSMUSG00000020484	ENSG00000100219	ortholog_one2one	1
Xcr1	ENSMUSG00000060509	ENSG00000173578	ortholog_one2one	1
Xdh	ENSMUSG00000024066	ENSG00000158125	ortholog_one2one	1
Xiap	ENSMUSG00000025860	ENSG00000101966	ortholog_one2one	1
Xirp1	ENSMUSG00000079243	ENSG00000168334	ortholog_one2one	1
Xirp2	ENSMUSG00000027022	ENSG00000163092	ortholog_one2one	1
Xk	ENSMUSG00000015342	ENSG00000047597	ortholog_one2one	1
Xkr4	ENSMUSG00000051951	ENSG00000206579	ortholog_one2one	1
Xkr5	ENSMUSG00000039814	ENSG00000275591	ortholog_one2one	1
Xkr6	ENSMUSG00000035067	ENSG00000171044	ortholog_one2one	1
Xkr7	ENSMUSG00000042631	ENSG00000260903	ortholog_one2one	1
Xkr8	ENSMUSG00000037752	ENSG00000158156	ortholog_one2one	1
Xkr9	ENSMUSG00000067813	ENSG00000221947	ortholog_one2one	1
Xkrx	ENSMUSG00000031258	ENSG00000182489	ortholog_one2one	1
Xpa	ENSMUSG00000028329	ENSG00000136936	ortholog_one2one	1
Xpc	ENSMUSG00000030094	ENSG00000154767	ortholog_one2one	1
Xpnpep1	ENSMUSG00000025027	ENSG00000108039	ortholog_one2one	1
Xpnpep2	ENSMUSG00000037005	ENSG00000122121	ortholog_one2one	1
Xpnpep3	ENSMUSG00000022401	ENSG00000196236	ortholog_one2one	1
Xpo1	ENSMUSG00000020290	ENSG00000082898	ortholog_one2one	1
Xpo4	ENSMUSG00000021952	ENSG00000132953	ortholog_one2one	1
Xpo5	ENSMUSG00000067150	ENSG00000124571	ortholog_one2one	1
Xpo6	ENSMUSG00000000131	ENSG00000169180	ortholog_one2one	1
Xpo7	ENSMUSG00000022100	ENSG00000130227	ortholog_one2one	1
Xpot	ENSMUSG00000034667	ENSG00000184575	ortholog_one2one	1
Xpr1	ENSMUSG00000026469	ENSG00000143324	ortholog_one2one	1
Xrcc1	ENSMUSG00000051768	ENSG00000073050	ortholog_one2one	1
Xrcc2	ENSMUSG00000028933	ENSG00000196584	ortholog_one2one	1
Xrcc3	ENSMUSG00000021287	ENSG00000126215	ortholog_one2one	1
Xrcc4	ENSMUSG00000021615	ENSG00000152422	ortholog_one2one	1
Xrcc5	ENSMUSG00000026187	ENSG00000079246	ortholog_one2one	1
Xrcc6	ENSMUSG00000022471	ENSG00000196419	ortholog_one2one	1
Xrn1	ENSMUSG00000032410	ENSG00000114127	ortholog_one2one	1
Xrn2	ENSMUSG00000027433	ENSG00000088930	ortholog_one2one	1
Xrra1	ENSMUSG00000035211	ENSG00000166435	ortholog_one2one	1
Xxylt1	ENSMUSG00000047434	ENSG00000173950	ortholog_one2one	1
Xylb	ENSMUSG00000035769	ENSG00000093217	ortholog_one2one	1
Xylt1	ENSMUSG00000030657	ENSG00000103489	ortholog_one2one	1
Xylt2	ENSMUSG00000020868	ENSG00000015532	ortholog_one2one	1
Yae1d1	ENSMUSG00000075054	ENSG00000241127	ortholog_one2one	1
Yaf2	ENSMUSG00000022634	ENSG00000015153	ortholog_one2one	1
Yap1	ENSMUSG00000053110	ENSG00000137693	ortholog_one2one	1
Yars1	ENSMUSG00000028811	ENSG00000134684	ortholog_one2one	1
Yars2	ENSMUSG00000022792	ENSG00000139131	ortholog_one2one	1
Ybey	ENSMUSG00000033126	ENSG00000182362	ortholog_one2one	1
Ybx1	ENSMUSG00000028639	ENSG00000065978	ortholog_one2one	1
Ybx2	ENSMUSG00000018554	ENSG00000006047	ortholog_one2one	1
Ybx3	ENSMUSG00000030189	ENSG00000060138	ortholog_one2one	1
Ydjc	ENSMUSG00000041774	ENSG00000161179	ortholog_one2one	1
Yeats2	ENSMUSG00000041215	ENSG00000163872	ortholog_one2one	1
Yeats4	ENSMUSG00000020171	ENSG00000127337	ortholog_one2one	1
Yes1	ENSMUSG00000014932	ENSG00000176105	ortholog_one2one	1
Yif1a	ENSMUSG00000024875	ENSG00000174851	ortholog_one2one	1
Yif1b	ENSMUSG00000030588	ENSG00000167645	ortholog_one2one	1
Yipf1	ENSMUSG00000057375	ENSG00000058799	ortholog_one2one	1
Yipf2	ENSMUSG00000032182	ENSG00000130733	ortholog_one2one	1
Yipf3	ENSMUSG00000071074	ENSG00000137207	ortholog_one2one	1
Yipf4	ENSMUSG00000024072	ENSG00000119820	ortholog_one2one	1
Yipf5	ENSMUSG00000024487	ENSG00000145817	ortholog_one2one	1
Yipf6	ENSMUSG00000047694	ENSG00000181704	ortholog_one2one	1
Yipf7	ENSMUSG00000029158	ENSG00000177752	ortholog_one2one	1
Yjefn3	ENSMUSG00000048967	ENSG00000250067	ortholog_one2one	1
Yju2	ENSMUSG00000003208	ENSG00000105248	ortholog_one2one	1
Yju2b	ENSMUSG00000004994	ENSG00000104957	ortholog_one2one	1
Ykt6	ENSMUSG00000002741	ENSG00000106636	ortholog_one2one	1
Ylpm1	ENSMUSG00000021244	ENSG00000119596	ortholog_one2one	1
Yme1l1	ENSMUSG00000026775	ENSG00000136758	ortholog_one2one	1
Yod1	ENSMUSG00000046404	ENSG00000180667	ortholog_one2one	1
Ypel1	ENSMUSG00000022773	ENSG00000100027	ortholog_one2one	1
Ypel2	ENSMUSG00000018427	ENSG00000175155	ortholog_one2one	1
Ypel3	ENSMUSG00000042675	ENSG00000090238	ortholog_one2one	1
Ypel4	ENSMUSG00000034059	ENSG00000166793	ortholog_one2one	1
Ypel5	ENSMUSG00000039770	ENSG00000119801	ortholog_one2one	1
Yrdc	ENSMUSG00000028889	ENSG00000196449	ortholog_one2one	1
Ythdc1	ENSMUSG00000035851	ENSG00000083896	ortholog_one2one	1
Ythdc2	ENSMUSG00000034653	ENSG00000047188	ortholog_one2one	1
Ythdf1	ENSMUSG00000038848	ENSG00000149658	ortholog_one2one	1
Ythdf2	ENSMUSG00000040025	ENSG00000198492	ortholog_one2one	1
Ythdf3	ENSMUSG00000047213	ENSG00000185728	ortholog_one2one	1
Ywhab	ENSMUSG00000018326	ENSG00000166913	ortholog_one2one	1
Ywhae	ENSMUSG00000020849	ENSG00000108953	ortholog_one2one	1
Ywhag	ENSMUSG00000051391	ENSG00000170027	ortholog_one2one	1
Ywhah	ENSMUSG00000018965	ENSG00000128245	ortholog_one2one	1
Ywhaq	ENSMUSG00000076432	ENSG00000134308	ortholog_one2one	1
Ywhaz	ENSMUSG00000022285	ENSG00000164924	ortholog_one2one	1
Yy1	ENSMUSG00000021264	ENSG00000100811	ortholog_one2one	1
Zap70	ENSMUSG00000026117	ENSG00000115085	ortholog_one2one	1
Zar1l	ENSMUSG00000056586	ENSG00000189167	ortholog_one2one	1
Zbed3	ENSMUSG00000041995	ENSG00000132846	ortholog_one2one	1
Zbed4	ENSMUSG00000034333	ENSG00000100426	ortholog_one2one	1
Zbed6	ENSMUSG00000094410	ENSG00000257315	ortholog_one2one	1
Zbtb1	ENSMUSG00000033454	ENSG00000126804	ortholog_one2one	1
Zbtb10	ENSMUSG00000069114	ENSG00000205189	ortholog_one2one	1
Zbtb11	ENSMUSG00000022601	ENSG00000066422	ortholog_one2one	1
Zbtb12	ENSMUSG00000049823	ENSG00000204366	ortholog_one2one	1
Zbtb14	ENSMUSG00000049672	ENSG00000198081	ortholog_one2one	1
Zbtb16	ENSMUSG00000066687	ENSG00000109906	ortholog_one2one	1
Zbtb17	ENSMUSG00000006215	ENSG00000116809	ortholog_one2one	1
Zbtb18	ENSMUSG00000063659	ENSG00000179456	ortholog_one2one	1
Zbtb2	ENSMUSG00000075327	ENSG00000181472	ortholog_one2one	1
Zbtb20	ENSMUSG00000022708	ENSG00000181722	ortholog_one2one	1
Zbtb21	ENSMUSG00000046962	ENSG00000173276	ortholog_one2one	1
Zbtb22	ENSMUSG00000051390	ENSG00000236104	ortholog_one2one	1
Zbtb24	ENSMUSG00000019826	ENSG00000112365	ortholog_one2one	1
Zbtb25	ENSMUSG00000056459	ENSG00000089775	ortholog_one2one	1
Zbtb26	ENSMUSG00000050714	ENSG00000171448	ortholog_one2one	1
Zbtb3	ENSMUSG00000071661	ENSG00000185670	ortholog_one2one	1
Zbtb32	ENSMUSG00000006310	ENSG00000011590	ortholog_one2one	1
Zbtb33	ENSMUSG00000048047	ENSG00000177485	ortholog_one2one	1
Zbtb34	ENSMUSG00000068966	ENSG00000177125	ortholog_one2one	1
Zbtb37	ENSMUSG00000043467	ENSG00000185278	ortholog_one2one	1
Zbtb38	ENSMUSG00000040433	ENSG00000177311	ortholog_one2one	1
Zbtb39	ENSMUSG00000044617	ENSG00000166860	ortholog_one2one	1
Zbtb4	ENSMUSG00000018750	ENSG00000174282	ortholog_one2one	1
Zbtb40	ENSMUSG00000060862	ENSG00000184677	ortholog_one2one	1
Zbtb41	ENSMUSG00000033964	ENSG00000177888	ortholog_one2one	1
Zbtb42	ENSMUSG00000037638	ENSG00000179627	ortholog_one2one	1
Zbtb43	ENSMUSG00000026788	ENSG00000169155	ortholog_one2one	1
Zbtb44	ENSMUSG00000047412	ENSG00000196323	ortholog_one2one	1
Zbtb45	ENSMUSG00000049600	ENSG00000119574	ortholog_one2one	1
Zbtb46	ENSMUSG00000027583	ENSG00000130584	ortholog_one2one	1
Zbtb47	ENSMUSG00000013419	ENSG00000114853	ortholog_one2one	1
Zbtb48	ENSMUSG00000028952	ENSG00000204859	ortholog_one2one	1
Zbtb49	ENSMUSG00000029127	ENSG00000168826	ortholog_one2one	1
Zbtb5	ENSMUSG00000049657	ENSG00000168795	ortholog_one2one	1
Zbtb6	ENSMUSG00000066798	ENSG00000186130	ortholog_one2one	1
Zbtb7a	ENSMUSG00000035011	ENSG00000178951	ortholog_one2one	1
Zbtb7b	ENSMUSG00000028042	ENSG00000160685	ortholog_one2one	1
Zbtb7c	ENSMUSG00000044646	ENSG00000184828	ortholog_one2one	1
Zbtb8a	ENSMUSG00000028807	ENSG00000160062	ortholog_one2one	1
Zbtb8b	ENSMUSG00000048485	ENSG00000273274	ortholog_one2one	1
Zbtb8os	ENSMUSG00000057572	ENSG00000176261	ortholog_one2one	1
Zbtb9	ENSMUSG00000079605	ENSG00000213588	ortholog_one2one	1
Zc2hc1a	ENSMUSG00000043542	ENSG00000104427	ortholog_one2one	1
Zc2hc1b	ENSMUSG00000019815	ENSG00000118491	ortholog_one2one	1
Zc2hc1c	ENSMUSG00000045064	ENSG00000119703	ortholog_one2one	1
Zc3h10	ENSMUSG00000039810	ENSG00000135482	ortholog_one2one	1
Zc3h12a	ENSMUSG00000042677	ENSG00000163874	ortholog_one2one	1
Zc3h12b	ENSMUSG00000035045	ENSG00000102053	ortholog_one2one	1
Zc3h12c	ENSMUSG00000035164	ENSG00000149289	ortholog_one2one	1
Zc3h12d	ENSMUSG00000039981	ENSG00000178199	ortholog_one2one	1
Zc3h13	ENSMUSG00000022000	ENSG00000123200	ortholog_one2one	1
Zc3h14	ENSMUSG00000021012	ENSG00000100722	ortholog_one2one	1
Zc3h15	ENSMUSG00000027091	ENSG00000065548	ortholog_one2one	1
Zc3h18	ENSMUSG00000017478	ENSG00000158545	ortholog_one2one	1
Zc3h3	ENSMUSG00000075600	ENSG00000014164	ortholog_one2one	1
Zc3h4	ENSMUSG00000059273	ENSG00000130749	ortholog_one2one	1
Zc3h6	ENSMUSG00000042851	ENSG00000188177	ortholog_one2one	1
Zc3h7a	ENSMUSG00000037965	ENSG00000122299	ortholog_one2one	1
Zc3h7b	ENSMUSG00000022390	ENSG00000100403	ortholog_one2one	1
Zc3h8	ENSMUSG00000027387	ENSG00000144161	ortholog_one2one	1
Zc3hav1	ENSMUSG00000029826	ENSG00000105939	ortholog_one2one	1
Zc3hav1l	ENSMUSG00000047749	ENSG00000146858	ortholog_one2one	1
Zc3hc1	ENSMUSG00000039130	ENSG00000091732	ortholog_one2one	1
Zc4h2	ENSMUSG00000035062	ENSG00000126970	ortholog_one2one	1
Zcchc10	ENSMUSG00000018239	ENSG00000155329	ortholog_one2one	1
Zcchc13	ENSMUSG00000031330	ENSG00000187969	ortholog_one2one	1
Zcchc14	ENSMUSG00000061410	ENSG00000140948	ortholog_one2one	1
Zcchc17	ENSMUSG00000028772	ENSG00000121766	ortholog_one2one	1
Zcchc2	ENSMUSG00000038866	ENSG00000141664	ortholog_one2one	1
Zcchc24	ENSMUSG00000055538	ENSG00000165424	ortholog_one2one	1
Zcchc3	ENSMUSG00000074682	ENSG00000247315	ortholog_one2one	1
Zcchc4	ENSMUSG00000029179	ENSG00000168228	ortholog_one2one	1
Zcchc7	ENSMUSG00000035649	ENSG00000147905	ortholog_one2one	1
Zcchc8	ENSMUSG00000029427	ENSG00000033030	ortholog_one2one	1
Zcchc9	ENSMUSG00000021621	ENSG00000131732	ortholog_one2one	1
Zcrb1	ENSMUSG00000022635	ENSG00000139168	ortholog_one2one	1
Zcwpw1	ENSMUSG00000037108	ENSG00000078487	ortholog_one2one	1
Zcwpw2	ENSMUSG00000032443	ENSG00000206559	ortholog_one2one	1
Zdhhc1	ENSMUSG00000039199	ENSG00000159714	ortholog_one2one	1
Zdhhc12	ENSMUSG00000015335	ENSG00000160446	ortholog_one2one	1
Zdhhc13	ENSMUSG00000030471	ENSG00000177054	ortholog_one2one	1
Zdhhc14	ENSMUSG00000034265	ENSG00000175048	ortholog_one2one	1
Zdhhc15	ENSMUSG00000033906	ENSG00000102383	ortholog_one2one	1
Zdhhc16	ENSMUSG00000025157	ENSG00000171307	ortholog_one2one	1
Zdhhc17	ENSMUSG00000035798	ENSG00000186908	ortholog_one2one	1
Zdhhc18	ENSMUSG00000037553	ENSG00000204160	ortholog_one2one	1
Zdhhc19	ENSMUSG00000052363	ENSG00000163958	ortholog_one2one	1
Zdhhc2	ENSMUSG00000039470	ENSG00000104219	ortholog_one2one	1
Zdhhc20	ENSMUSG00000021969	ENSG00000180776	ortholog_one2one	1
Zdhhc21	ENSMUSG00000028403	ENSG00000175893	ortholog_one2one	1
Zdhhc22	ENSMUSG00000048483	ENSG00000177108	ortholog_one2one	1
Zdhhc23	ENSMUSG00000036304	ENSG00000184307	ortholog_one2one	1
Zdhhc24	ENSMUSG00000006463	ENSG00000174165	ortholog_one2one	1
Zdhhc3	ENSMUSG00000025786	ENSG00000163812	ortholog_one2one	1
Zdhhc4	ENSMUSG00000001844	ENSG00000136247	ortholog_one2one	1
Zdhhc5	ENSMUSG00000034075	ENSG00000156599	ortholog_one2one	1
Zdhhc6	ENSMUSG00000024982	ENSG00000023041	ortholog_one2one	1
Zdhhc7	ENSMUSG00000031823	ENSG00000153786	ortholog_one2one	1
Zdhhc8	ENSMUSG00000060166	ENSG00000099904	ortholog_one2one	1
Zdhhc9	ENSMUSG00000036985	ENSG00000188706	ortholog_one2one	1
Zeb1	ENSMUSG00000024238	ENSG00000148516	ortholog_one2one	1
Zeb2	ENSMUSG00000026872	ENSG00000169554	ortholog_one2one	1
Zer1	ENSMUSG00000039686	ENSG00000160445	ortholog_one2one	1
Zfand1	ENSMUSG00000039795	ENSG00000104231	ortholog_one2one	1
Zfand2a	ENSMUSG00000053581	ENSG00000178381	ortholog_one2one	1
Zfand2b	ENSMUSG00000026197	ENSG00000158552	ortholog_one2one	1
Zfand3	ENSMUSG00000044477	ENSG00000156639	ortholog_one2one	1
Zfand4	ENSMUSG00000042213	ENSG00000172671	ortholog_one2one	1
Zfand5	ENSMUSG00000024750	ENSG00000107372	ortholog_one2one	1
Zfand6	ENSMUSG00000030629	ENSG00000086666	ortholog_one2one	1
Zfat	ENSMUSG00000022335	ENSG00000066827	ortholog_one2one	1
Zfc3h1	ENSMUSG00000034163	ENSG00000133858	ortholog_one2one	1
Zfhx2	ENSMUSG00000040721	ENSG00000136367	ortholog_one2one	1
Zfhx3	ENSMUSG00000038872	ENSG00000140836	ortholog_one2one	1
Zfhx4	ENSMUSG00000025255	ENSG00000091656	ortholog_one2one	1
Zfp1	ENSMUSG00000055835	ENSG00000184517	ortholog_one2one	1
Zfp105	ENSMUSG00000057895	ENSG00000169981	ortholog_one2one	1
Zfp106	ENSMUSG00000027288	ENSG00000103994	ortholog_one2one	1
Zfp12	ENSMUSG00000029587	ENSG00000164631	ortholog_one2one	1
Zfp128	ENSMUSG00000060397	ENSG00000278129	ortholog_one2one	1
Zfp13	ENSMUSG00000062012	ENSG00000122386	ortholog_one2one	1
Zfp131	ENSMUSG00000094870	ENSG00000172262	ortholog_one2one	1
Zfp14	ENSMUSG00000053985	ENSG00000142065	ortholog_one2one	1
Zfp142	ENSMUSG00000026135	ENSG00000115568	ortholog_one2one	1
Zfp143	ENSMUSG00000061079	ENSG00000166478	ortholog_one2one	1
Zfp146	ENSMUSG00000037029	ENSG00000167635	ortholog_one2one	1
Zfp148	ENSMUSG00000022811	ENSG00000163848	ortholog_one2one	1
Zfp169	ENSMUSG00000050954	ENSG00000175787	ortholog_one2one	1
Zfp174	ENSMUSG00000054939	ENSG00000103343	ortholog_one2one	1
Zfp180	ENSMUSG00000057101	ENSG00000167384	ortholog_one2one	1
Zfp182	ENSMUSG00000054737	ENSG00000147118	ortholog_one2one	1
Zfp189	ENSMUSG00000039634	ENSG00000136870	ortholog_one2one	1
Zfp2	ENSMUSG00000049321	ENSG00000198939	ortholog_one2one	1
Zfp202	ENSMUSG00000025602	ENSG00000166261	ortholog_one2one	1
Zfp207	ENSMUSG00000017421	ENSG00000010244	ortholog_one2one	1
Zfp212	ENSMUSG00000052763	ENSG00000170260	ortholog_one2one	1
Zfp213	ENSMUSG00000071256	ENSG00000085644	ortholog_one2one	1
Zfp217	ENSMUSG00000052056	ENSG00000171940	ortholog_one2one	1
Zfp219	ENSMUSG00000049295	ENSG00000165804	ortholog_one2one	1
Zfp236	ENSMUSG00000041258	ENSG00000130856	ortholog_one2one	1
Zfp24	ENSMUSG00000051469	ENSG00000172466	ortholog_one2one	1
Zfp248	ENSMUSG00000030145	ENSG00000198105	ortholog_one2one	1
Zfp251	ENSMUSG00000022526	ENSG00000198169	ortholog_one2one	1
Zfp260	ENSMUSG00000049421	ENSG00000254004	ortholog_one2one	1
Zfp263	ENSMUSG00000022529	ENSG00000006194	ortholog_one2one	1
Zfp276	ENSMUSG00000001065	ENSG00000158805	ortholog_one2one	1
Zfp277	ENSMUSG00000055917	ENSG00000198839	ortholog_one2one	1
Zfp28	ENSMUSG00000062861	ENSG00000196867	ortholog_one2one	1
Zfp280b	ENSMUSG00000049764	ENSG00000275004	ortholog_one2one	1
Zfp280c	ENSMUSG00000036916	ENSG00000056277	ortholog_one2one	1
Zfp280d	ENSMUSG00000038535	ENSG00000137871	ortholog_one2one	1
Zfp281	ENSMUSG00000041483	ENSG00000162702	ortholog_one2one	1
Zfp282	ENSMUSG00000025821	ENSG00000170265	ortholog_one2one	1
Zfp286	ENSMUSG00000047342	ENSG00000187607	ortholog_one2one	1
Zfp287	ENSMUSG00000005267	ENSG00000141040	ortholog_one2one	1
Zfp292	ENSMUSG00000039967	ENSG00000188994	ortholog_one2one	1
Zfp296	ENSMUSG00000011267	ENSG00000170684	ortholog_one2one	1
Zfp3	ENSMUSG00000043602	ENSG00000180787	ortholog_one2one	1
Zfp30	ENSMUSG00000047473	ENSG00000120784	ortholog_one2one	1
Zfp316	ENSMUSG00000046658	ENSG00000205903	ortholog_one2one	1
Zfp317	ENSMUSG00000057551	ENSG00000130803	ortholog_one2one	1
Zfp318	ENSMUSG00000015597	ENSG00000171467	ortholog_one2one	1
Zfp319	ENSMUSG00000046556	ENSG00000166188	ortholog_one2one	1
Zfp322a	ENSMUSG00000046351	ENSG00000181315	ortholog_one2one	1
Zfp326	ENSMUSG00000029290	ENSG00000162664	ortholog_one2one	1
Zfp329	ENSMUSG00000057894	ENSG00000181894	ortholog_one2one	1
Zfp330	ENSMUSG00000031711	ENSG00000109445	ortholog_one2one	1
Zfp334	ENSMUSG00000017667	ENSG00000198185	ortholog_one2one	1
Zfp335	ENSMUSG00000039834	ENSG00000198026	ortholog_one2one	1
Zfp341	ENSMUSG00000059842	ENSG00000131061	ortholog_one2one	1
Zfp346	ENSMUSG00000021481	ENSG00000113761	ortholog_one2one	1
Zfp354a	ENSMUSG00000020364	ENSG00000169131	ortholog_one2one	1
Zfp354b	ENSMUSG00000020335	ENSG00000178338	ortholog_one2one	1
Zfp354c	ENSMUSG00000044807	ENSG00000177932	ortholog_one2one	1
Zfp358	ENSMUSG00000047264	ENSG00000198816	ortholog_one2one	1
Zfp36	ENSMUSG00000044786	ENSG00000128016	ortholog_one2one	1
Zfp362	ENSMUSG00000028799	ENSG00000160094	ortholog_one2one	1
Zfp365	ENSMUSG00000037855	ENSG00000138311	ortholog_one2one	1
Zfp366	ENSMUSG00000050919	ENSG00000178175	ortholog_one2one	1
Zfp367	ENSMUSG00000044934	ENSG00000165244	ortholog_one2one	1
Zfp36l1	ENSMUSG00000021127	ENSG00000185650	ortholog_one2one	1
Zfp36l2	ENSMUSG00000045817	ENSG00000152518	ortholog_one2one	1
Zfp37	ENSMUSG00000028389	ENSG00000136866	ortholog_one2one	1
Zfp382	ENSMUSG00000074220	ENSG00000161298	ortholog_one2one	1
Zfp383	ENSMUSG00000099689	ENSG00000188283	ortholog_one2one	1
Zfp384	ENSMUSG00000038346	ENSG00000126746	ortholog_one2one	1
Zfp385a	ENSMUSG00000000552	ENSG00000161642	ortholog_one2one	1
Zfp385b	ENSMUSG00000027016	ENSG00000144331	ortholog_one2one	1
Zfp385c	ENSMUSG00000014198	ENSG00000187595	ortholog_one2one	1
Zfp395	ENSMUSG00000034522	ENSG00000186918	ortholog_one2one	1
Zfp397	ENSMUSG00000024276	ENSG00000186812	ortholog_one2one	1
Zfp398	ENSMUSG00000062519	ENSG00000197024	ortholog_one2one	1
Zfp407	ENSMUSG00000048410	ENSG00000215421	ortholog_one2one	1
Zfp408	ENSMUSG00000075040	ENSG00000175213	ortholog_one2one	1
Zfp41	ENSMUSG00000047003	ENSG00000181638	ortholog_one2one	1
Zfp410	ENSMUSG00000042472	ENSG00000119725	ortholog_one2one	1
Zfp414	ENSMUSG00000073423	ENSG00000133250	ortholog_one2one	1
Zfp42	ENSMUSG00000051176	ENSG00000179059	ortholog_one2one	1
Zfp422	ENSMUSG00000059878	ENSG00000165512	ortholog_one2one	1
Zfp423	ENSMUSG00000045333	ENSG00000102935	ortholog_one2one	1
Zfp426	ENSMUSG00000059475	ENSG00000130818	ortholog_one2one	1
Zfp428	ENSMUSG00000064264	ENSG00000131116	ortholog_one2one	1
Zfp438	ENSMUSG00000050945	ENSG00000183621	ortholog_one2one	1
Zfp444	ENSMUSG00000044876	ENSG00000167685	ortholog_one2one	1
Zfp445	ENSMUSG00000047036	ENSG00000185219	ortholog_one2one	1
Zfp449	ENSMUSG00000073176	ENSG00000173275	ortholog_one2one	1
Zfp451	ENSMUSG00000042197	ENSG00000112200	ortholog_one2one	1
Zfp454	ENSMUSG00000048728	ENSG00000178187	ortholog_one2one	1
Zfp46	ENSMUSG00000051351	ENSG00000125945	ortholog_one2one	1
Zfp462	ENSMUSG00000060206	ENSG00000148143	ortholog_one2one	1
Zfp467	ENSMUSG00000068551	ENSG00000181444	ortholog_one2one	1
Zfp474	ENSMUSG00000046886	ENSG00000164185	ortholog_one2one	1
Zfp488	ENSMUSG00000044519	ENSG00000265763	ortholog_one2one	1
Zfp503	ENSMUSG00000039081	ENSG00000165655	ortholog_one2one	1
Zfp507	ENSMUSG00000044452	ENSG00000168813	ortholog_one2one	1
Zfp511	ENSMUSG00000025470	ENSG00000198546	ortholog_one2one	1
Zfp512	ENSMUSG00000062761	ENSG00000243943	ortholog_one2one	1
Zfp512b	ENSMUSG00000000823	ENSG00000196700	ortholog_one2one	1
Zfp513	ENSMUSG00000043059	ENSG00000163795	ortholog_one2one	1
Zfp516	ENSMUSG00000058881	ENSG00000101493	ortholog_one2one	1
Zfp518a	ENSMUSG00000049164	ENSG00000177853	ortholog_one2one	1
Zfp518b	ENSMUSG00000046572	ENSG00000178163	ortholog_one2one	1
Zfp521	ENSMUSG00000024420	ENSG00000198795	ortholog_one2one	1
Zfp523	ENSMUSG00000024220	ENSG00000065029	ortholog_one2one	1
Zfp524	ENSMUSG00000051184	ENSG00000171443	ortholog_one2one	1
Zfp526	ENSMUSG00000046541	ENSG00000167625	ortholog_one2one	1
Zfp532	ENSMUSG00000042439	ENSG00000074657	ortholog_one2one	1
Zfp536	ENSMUSG00000043456	ENSG00000198597	ortholog_one2one	1
Zfp541	ENSMUSG00000078796	ENSG00000118156	ortholog_one2one	1
Zfp551	ENSMUSG00000034071	ENSG00000204519	ortholog_one2one	1
Zfp553	ENSMUSG00000045598	ENSG00000180035	ortholog_one2one	1
Zfp558	ENSMUSG00000074500	ENSG00000167785	ortholog_one2one	1
Zfp566	ENSMUSG00000078768	ENSG00000186017	ortholog_one2one	1
Zfp574	ENSMUSG00000045252	ENSG00000105732	ortholog_one2one	1
Zfp575	ENSMUSG00000066721	ENSG00000176472	ortholog_one2one	1
Zfp579	ENSMUSG00000051550	ENSG00000218891	ortholog_one2one	1
Zfp580	ENSMUSG00000055633	ENSG00000213015	ortholog_one2one	1
Zfp582	ENSMUSG00000109398	ENSG00000018869	ortholog_one2one	1
Zfp583	ENSMUSG00000030443	ENSG00000198440	ortholog_one2one	1
Zfp592	ENSMUSG00000005621	ENSG00000166716	ortholog_one2one	1
Zfp593	ENSMUSG00000028840	ENSG00000142684	ortholog_one2one	1
Zfp593os	ENSMUSG00000086322	ENSG00000236782	ortholog_one2one	1
Zfp597	ENSMUSG00000039789	ENSG00000167981	ortholog_one2one	1
Zfp598	ENSMUSG00000041130	ENSG00000167962	ortholog_one2one	1
Zfp605	ENSMUSG00000023284	ENSG00000196458	ortholog_one2one	1
Zfp606	ENSMUSG00000030386	ENSG00000166704	ortholog_one2one	1
Zfp608	ENSMUSG00000052713	ENSG00000168916	ortholog_one2one	1
Zfp609	ENSMUSG00000040524	ENSG00000180357	ortholog_one2one	1
Zfp612	ENSMUSG00000044676	ENSG00000167377	ortholog_one2one	1
Zfp618	ENSMUSG00000028358	ENSG00000157657	ortholog_one2one	1
Zfp62	ENSMUSG00000046311	ENSG00000196670	ortholog_one2one	1
Zfp622	ENSMUSG00000052253	ENSG00000173545	ortholog_one2one	1
Zfp623	ENSMUSG00000050846	ENSG00000183309	ortholog_one2one	1
Zfp628	ENSMUSG00000074406	ENSG00000197483	ortholog_one2one	1
Zfp629	ENSMUSG00000045639	ENSG00000102870	ortholog_one2one	1
Zfp637	ENSMUSG00000059689	ENSG00000169740	ortholog_one2one	1
Zfp638	ENSMUSG00000030016	ENSG00000075292	ortholog_one2one	1
Zfp639	ENSMUSG00000027667	ENSG00000121864	ortholog_one2one	1
Zfp64	ENSMUSG00000027551	ENSG00000020256	ortholog_one2one	1
Zfp641	ENSMUSG00000022987	ENSG00000167528	ortholog_one2one	1
Zfp644	ENSMUSG00000049606	ENSG00000122482	ortholog_one2one	1
Zfp646	ENSMUSG00000049739	ENSG00000167395	ortholog_one2one	1
Zfp647	ENSMUSG00000054967	ENSG00000196150	ortholog_one2one	1
Zfp648	ENSMUSG00000066797	ENSG00000179930	ortholog_one2one	1
Zfp652	ENSMUSG00000075595	ENSG00000198740	ortholog_one2one	1
Zfp653	ENSMUSG00000038895	ENSG00000161914	ortholog_one2one	1
Zfp654	ENSMUSG00000047141	ENSG00000175105	ortholog_one2one	1
Zfp655	ENSMUSG00000007812	ENSG00000197343	ortholog_one2one	1
Zfp660	ENSMUSG00000111063	ENSG00000144792	ortholog_one2one	1
Zfp661	ENSMUSG00000034800	ENSG00000275111	ortholog_one2one	1
Zfp664	ENSMUSG00000079215	ENSG00000179195	ortholog_one2one	1
Zfp667	ENSMUSG00000054893	ENSG00000198046	ortholog_one2one	1
Zfp668	ENSMUSG00000049728	ENSG00000167394	ortholog_one2one	1
Zfp672	ENSMUSG00000049755	ENSG00000171161	ortholog_one2one	1
Zfp687	ENSMUSG00000019338	ENSG00000143373	ortholog_one2one	1
Zfp688	ENSMUSG00000045251	ENSG00000229809	ortholog_one2one	1
Zfp689	ENSMUSG00000048921	ENSG00000156853	ortholog_one2one	1
Zfp69	ENSMUSG00000064141	ENSG00000187815	ortholog_one2one	1
Zfp691	ENSMUSG00000045268	ENSG00000164011	ortholog_one2one	1
Zfp692	ENSMUSG00000037243	ENSG00000171163	ortholog_one2one	1
Zfp697	ENSMUSG00000050064	ENSG00000143067	ortholog_one2one	1
Zfp7	ENSMUSG00000033669	ENSG00000147789	ortholog_one2one	1
Zfp703	ENSMUSG00000085795	ENSG00000183779	ortholog_one2one	1
Zfp704	ENSMUSG00000040209	ENSG00000164684	ortholog_one2one	1
Zfp706	ENSMUSG00000062397	ENSG00000120963	ortholog_one2one	1
Zfp711	ENSMUSG00000025529	ENSG00000147180	ortholog_one2one	1
Zfp74	ENSMUSG00000059975	ENSG00000196437	ortholog_one2one	1
Zfp740	ENSMUSG00000046897	ENSG00000139651	ortholog_one2one	1
Zfp746	ENSMUSG00000057691	ENSG00000181220	ortholog_one2one	1
Zfp750	ENSMUSG00000039238	ENSG00000141579	ortholog_one2one	1
Zfp768	ENSMUSG00000047371	ENSG00000169957	ortholog_one2one	1
Zfp770	ENSMUSG00000040321	ENSG00000198146	ortholog_one2one	1
Zfp771	ENSMUSG00000054716	ENSG00000179965	ortholog_one2one	1
Zfp777	ENSMUSG00000071477	ENSG00000196453	ortholog_one2one	1
Zfp784	ENSMUSG00000043290	ENSG00000179922	ortholog_one2one	1
Zfp786	ENSMUSG00000051499	ENSG00000197362	ortholog_one2one	1
Zfp787	ENSMUSG00000046792	ENSG00000142409	ortholog_one2one	1
Zfp791	ENSMUSG00000074194	ENSG00000173875	ortholog_one2one	1
Zfp800	ENSMUSG00000039841	ENSG00000048405	ortholog_one2one	1
Zfp804a	ENSMUSG00000070866	ENSG00000170396	ortholog_one2one	1
Zfp804b	ENSMUSG00000092094	ENSG00000182348	ortholog_one2one	1
Zfp82	ENSMUSG00000098022	ENSG00000181007	ortholog_one2one	1
Zfp821	ENSMUSG00000031728	ENSG00000102984	ortholog_one2one	1
Zfp827	ENSMUSG00000071064	ENSG00000151612	ortholog_one2one	1
Zfp830	ENSMUSG00000046010	ENSG00000198783	ortholog_one2one	1
Zfp831	ENSMUSG00000050600	ENSG00000124203	ortholog_one2one	1
Zfp853	ENSMUSG00000093910	ENSG00000236609	ortholog_one2one	1
Zfp865	ENSMUSG00000074405	ENSG00000261221	ortholog_one2one	1
Zfp872	ENSMUSG00000074472	ENSG00000198551	ortholog_one2one	1
Zfp879	ENSMUSG00000044296	ENSG00000234284	ortholog_one2one	1
Zfp9	ENSMUSG00000072623	ENSG00000175395	ortholog_one2one	1
Zfp90	ENSMUSG00000031907	ENSG00000184939	ortholog_one2one	1
Zfp91	ENSMUSG00000024695	ENSG00000186660	ortholog_one2one	1
Zfp92	ENSMUSG00000031374	ENSG00000189420	ortholog_one2one	1
Zfp94	ENSMUSG00000074282	ENSG00000124459	ortholog_one2one	1
Zfpl1	ENSMUSG00000024792	ENSG00000162300	ortholog_one2one	1
Zfpm1	ENSMUSG00000049577	ENSG00000179588	ortholog_one2one	1
Zfpm2	ENSMUSG00000022306	ENSG00000169946	ortholog_one2one	1
Zfr	ENSMUSG00000022201	ENSG00000056097	ortholog_one2one	1
Zfr2	ENSMUSG00000034949	ENSG00000105278	ortholog_one2one	1
Zfta	ENSMUSG00000053080	ENSG00000188070	ortholog_one2one	1
Zftraf1	ENSMUSG00000053929	ENSG00000187954	ortholog_one2one	1
Zfx	ENSMUSG00000079509	ENSG00000005889	ortholog_one2one	1
Zfyve1	ENSMUSG00000042628	ENSG00000165861	ortholog_one2one	1
Zfyve19	ENSMUSG00000068580	ENSG00000166140	ortholog_one2one	1
Zfyve21	ENSMUSG00000021286	ENSG00000100711	ortholog_one2one	1
Zfyve26	ENSMUSG00000066440	ENSG00000072121	ortholog_one2one	1
Zfyve27	ENSMUSG00000018820	ENSG00000155256	ortholog_one2one	1
Zfyve28	ENSMUSG00000037224	ENSG00000159733	ortholog_one2one	1
Zfyve9	ENSMUSG00000034557	ENSG00000157077	ortholog_one2one	1
Zg16	ENSMUSG00000049350	ENSG00000174992	ortholog_one2one	1
Zglp1	ENSMUSG00000079681	ENSG00000220201	ortholog_one2one	1
Zgpat	ENSMUSG00000027582	ENSG00000197114	ortholog_one2one	1
Zhx1	ENSMUSG00000022361	ENSG00000165156	ortholog_one2one	1
Zhx2	ENSMUSG00000071757	ENSG00000178764	ortholog_one2one	1
Zhx3	ENSMUSG00000035877	ENSG00000174306	ortholog_one2one	1
Zic1	ENSMUSG00000032368	ENSG00000152977	ortholog_one2one	1
Zic2	ENSMUSG00000061524	ENSG00000043355	ortholog_one2one	1
Zic3	ENSMUSG00000067860	ENSG00000156925	ortholog_one2one	1
Zic4	ENSMUSG00000036972	ENSG00000174963	ortholog_one2one	1
Zic5	ENSMUSG00000041703	ENSG00000139800	ortholog_one2one	1
Zik1	ENSMUSG00000030393	ENSG00000171649	ortholog_one2one	1
Zkscan1	ENSMUSG00000029729	ENSG00000106261	ortholog_one2one	1
Zkscan14	ENSMUSG00000029627	ENSG00000160908	ortholog_one2one	1
Zkscan16	ENSMUSG00000038630	ENSG00000173258	ortholog_one2one	1
Zkscan17	ENSMUSG00000020472	ENSG00000162714	ortholog_one2one	1
Zkscan2	ENSMUSG00000030757	ENSG00000155592	ortholog_one2one	1
Zkscan5	ENSMUSG00000055991	ENSG00000196652	ortholog_one2one	1
Zkscan6	ENSMUSG00000018347	ENSG00000154957	ortholog_one2one	1
Zkscan7	ENSMUSG00000063488	ENSG00000196345	ortholog_one2one	1
Zkscan8	ENSMUSG00000063894	ENSG00000198315	ortholog_one2one	1
Zmat1	ENSMUSG00000052676	ENSG00000166432	ortholog_one2one	1
Zmat2	ENSMUSG00000001383	ENSG00000146007	ortholog_one2one	1
Zmat3	ENSMUSG00000027663	ENSG00000172667	ortholog_one2one	1
Zmat4	ENSMUSG00000037492	ENSG00000165061	ortholog_one2one	1
Zmat5	ENSMUSG00000009076	ENSG00000100319	ortholog_one2one	1
Zmiz1	ENSMUSG00000007817	ENSG00000108175	ortholog_one2one	1
Zmiz2	ENSMUSG00000041164	ENSG00000122515	ortholog_one2one	1
Zmpste24	ENSMUSG00000043207	ENSG00000084073	ortholog_one2one	1
Zmym1	ENSMUSG00000043872	ENSG00000197056	ortholog_one2one	1
Zmym2	ENSMUSG00000021945	ENSG00000121741	ortholog_one2one	1
Zmym3	ENSMUSG00000031310	ENSG00000147130	ortholog_one2one	1
Zmym4	ENSMUSG00000042446	ENSG00000146463	ortholog_one2one	1
Zmym5	ENSMUSG00000040123	ENSG00000132950	ortholog_one2one	1
Zmym6	ENSMUSG00000042408	ENSG00000163867	ortholog_one2one	1
Zmynd10	ENSMUSG00000010044	ENSG00000004838	ortholog_one2one	1
Zmynd11	ENSMUSG00000021156	ENSG00000015171	ortholog_one2one	1
Zmynd12	ENSMUSG00000070806	ENSG00000066185	ortholog_one2one	1
Zmynd15	ENSMUSG00000040829	ENSG00000141497	ortholog_one2one	1
Zmynd19	ENSMUSG00000026974	ENSG00000165724	ortholog_one2one	1
Zmynd8	ENSMUSG00000039671	ENSG00000101040	ortholog_one2one	1
Znfx1	ENSMUSG00000039501	ENSG00000124201	ortholog_one2one	1
Znhit1	ENSMUSG00000059518	ENSG00000106400	ortholog_one2one	1
Znhit2	ENSMUSG00000075227	ENSG00000174276	ortholog_one2one	1
Znhit3	ENSMUSG00000020526	ENSG00000273611	ortholog_one2one	1
Znhit6	ENSMUSG00000074182	ENSG00000117174	ortholog_one2one	1
Znrd2	ENSMUSG00000079478	ENSG00000173465	ortholog_one2one	1
Znrf1	ENSMUSG00000033545	ENSG00000186187	ortholog_one2one	1
Znrf2	ENSMUSG00000058446	ENSG00000180233	ortholog_one2one	1
Znrf3	ENSMUSG00000041961	ENSG00000183579	ortholog_one2one	1
Zp1	ENSMUSG00000024734	ENSG00000149506	ortholog_one2one	1
Zp2	ENSMUSG00000030911	ENSG00000103310	ortholog_one2one	1
Zpbp	ENSMUSG00000020193	ENSG00000042813	ortholog_one2one	1
Zpbp2	ENSMUSG00000017195	ENSG00000186075	ortholog_one2one	1
Zpld1	ENSMUSG00000064310	ENSG00000170044	ortholog_one2one	1
Zpr1	ENSMUSG00000032078	ENSG00000109917	ortholog_one2one	1
Zranb1	ENSMUSG00000030967	ENSG00000019995	ortholog_one2one	1
Zranb2	ENSMUSG00000028180	ENSG00000132485	ortholog_one2one	1
Zranb3	ENSMUSG00000036086	ENSG00000121988	ortholog_one2one	1
Zscan10	ENSMUSG00000023902	ENSG00000130182	ortholog_one2one	1
Zscan12	ENSMUSG00000036721	ENSG00000158691	ortholog_one2one	1
Zscan2	ENSMUSG00000038797	ENSG00000176371	ortholog_one2one	1
Zscan20	ENSMUSG00000061894	ENSG00000121903	ortholog_one2one	1
Zscan21	ENSMUSG00000037017	ENSG00000166529	ortholog_one2one	1
Zscan22	ENSMUSG00000054715	ENSG00000182318	ortholog_one2one	1
Zscan25	ENSMUSG00000070420	ENSG00000197037	ortholog_one2one	1
Zscan26	ENSMUSG00000022228	ENSG00000197062	ortholog_one2one	1
Zscan29	ENSMUSG00000050619	ENSG00000140265	ortholog_one2one	1
Zswim1	ENSMUSG00000017764	ENSG00000168612	ortholog_one2one	1
Zswim2	ENSMUSG00000034552	ENSG00000163012	ortholog_one2one	1
Zswim3	ENSMUSG00000045822	ENSG00000132801	ortholog_one2one	1
Zswim4	ENSMUSG00000035671	ENSG00000132003	ortholog_one2one	1
Zswim5	ENSMUSG00000033948	ENSG00000162415	ortholog_one2one	1
Zswim6	ENSMUSG00000032846	ENSG00000130449	ortholog_one2one	1
Zswim7	ENSMUSG00000014243	ENSG00000214941	ortholog_one2one	1
Zswim8	ENSMUSG00000021819	ENSG00000214655	ortholog_one2one	1
Zswim9	ENSMUSG00000070814	ENSG00000185453	ortholog_one2one	1
Zup1	ENSMUSG00000039531	ENSG00000153975	ortholog_one2one	1
Zw10	ENSMUSG00000032264	ENSG00000086827	ortholog_one2one	1
Zwilch	ENSMUSG00000032400	ENSG00000174442	ortholog_one2one	1
Zxdc	ENSMUSG00000034430	ENSG00000070476	ortholog_one2one	1
Zyg11a	ENSMUSG00000034645	ENSG00000203995	ortholog_one2one	1
Zyg11b	ENSMUSG00000034636	ENSG00000162378	ortholog_one2one	1
Zyx	ENSMUSG00000029860	ENSG00000159840	ortholog_one2one	1
Zzef1	ENSMUSG00000055670	ENSG00000074755	ortholog_one2one	1
Zzz3	ENSMUSG00000039068	ENSG00000036549	ortholog_one2one	1
a	ENSMUSG00000027596	ENSG00000101440	ortholog_one2one	1
mt-Atp6	ENSMUSG00000064357	ENSG00000198899	ortholog_one2one	1
mt-Co1	ENSMUSG00000064351	ENSG00000198804	ortholog_one2one	1
mt-Co2	ENSMUSG00000064354	ENSG00000198712	ortholog_one2one	1
mt-Co3	ENSMUSG00000064358	ENSG00000198938	ortholog_one2one	1
mt-Cytb	ENSMUSG00000064370	ENSG00000198727	ortholog_one2one	1
mt-Nd1	ENSMUSG00000064341	ENSG00000198888	ortholog_one2one	1
mt-Nd2	ENSMUSG00000064345	ENSG00000198763	ortholog_one2one	1
mt-Nd3	ENSMUSG00000064360	ENSG00000198840	ortholog_one2one	1
mt-Nd4	ENSMUSG00000064363	ENSG00000198886	ortholog_one2one	1
mt-Nd4l	ENSMUSG00000065947	ENSG00000212907	ortholog_one2one	1
mt-Nd5	ENSMUSG00000064367	ENSG00000198786	ortholog_one2one	1
mt-Nd6	ENSMUSG00000064368	ENSG00000198695	ortholog_one2one	1
