mouse_gene_symbol	mouse_ensembl_gene_id	source_gene_symbol	source_ensembl_gene_id	homology_type	orthology_confidence	source_homolog_percent_identity
0610030E20Rik	ENSMUSG00000058706	C2orf68	ENSMFAG00000063159	ortholog_one2one	1	83.7349
1110002E22Rik	ENSMUSG00000090066	C4orf54	ENSMFAG00000025522	ortholog_one2one	1	82.0269
1110004F10Rik	ENSMUSG00000030663	C11orf58	ENSMFAG00000041653	ortholog_one2one	1	95.5801
1110059E24Rik	ENSMUSG00000035171	C9orf85	ENSMFAG00000000507	ortholog_one2one	1	71.6129
1110059G10Rik	ENSMUSG00000032551	KIAA1143	ENSMFAG00000058857	ortholog_one2one	1	85.8064
1600012H06Rik	ENSMUSG00000050088	C6orf120	ENSMFAG00000052899	ortholog_one2one	1	74.5946
1600014C10Rik	ENSMUSG00000054676	C19orf12	ENSMFAG00000037046	ortholog_one2one	1	80.1418
1700010I14Rik	ENSMUSG00000023873	C6orf118	ENSMFAG00000031329	ortholog_one2one	1	51.927
1700011L22Rik	ENSMUSG00000031682	C4orf51	ENSMFAG00000062382	ortholog_one2one	1	52.4038
1700016H13Rik	ENSMUSG00000029320	C4orf36	ENSMFAG00000049033	ortholog_one2one	1	63.2479
1700017B05Rik	ENSMUSG00000032300	C15orf39	ENSMFAG00000043358	ortholog_one2one	1	76.9306
1700019D03Rik	ENSMUSG00000043629	C2orf88	ENSMFAG00000055553	ortholog_one2one	1	50
1700020L24Rik	ENSMUSG00000035085	C17orf50	ENSMFAG00000055962	ortholog_one2one	1	61.3757
1700024G13Rik	ENSMUSG00000072473	C10orf53	ENSMFAG00000044447	ortholog_one2one	1	74.1936
1700025G04Rik	ENSMUSG00000032666	C1orf21	ENSMFAG00000045835	ortholog_one2one	1	96.6942
1700030J22Rik	ENSMUSG00000031847	C16orf46	ENSMFAG00000041497	ortholog_one2one	1	53.0562
1700034E13Rik	ENSMUSG00000024532	ZNF475	ENSMFAG00000061686	ortholog_one2one	1	93.5185
1700037C18Rik	ENSMUSG00000005983	C16orf90	ENSMFAG00000042292	ortholog_one2one	1	76.6082
1700066M21Rik	ENSMUSG00000038323	C2orf69	ENSMFAG00000032268	ortholog_one2one	1	80.274
1700067K01Rik	ENSMUSG00000046408	C19orf67	ENSMFAG00000042255	ortholog_one2one	1	80.3371
1700088E04Rik	ENSMUSG00000033029	C22orf23	ENSMFAG00000039078	ortholog_one2one	1	80.5556
1700093K21Rik	ENSMUSG00000020286	C2orf74	ENSMFAG00000034596	ortholog_one2one	1	59.5506
1700102P08Rik	ENSMUSG00000032611	C3orf62	ENSMFAG00000053457	ortholog_one2one	1	78.5714
1810009A15Rik	ENSMUSG00000071653	C11orf98	ENSMFAG00000003562	ortholog_one2one	1	82.9268
2010003K11Rik	ENSMUSG00000042041	C11orf86	ENSMFAG00000030057	ortholog_one2one	1	63.7097
2200002D01Rik	ENSMUSG00000030587	C19orf33	ENSMFAG00000042648	ortholog_one2one	1	55.2632
2210408I21Rik	ENSMUSG00000071252	KIAA0825	ENSMFAG00000037289	ortholog_one2one	1	71.0692
2300009A05Rik	ENSMUSG00000032403	C15orf61	ENSMFAG00000053739	ortholog_one2one	1	90.4459
2310009B15Rik	ENSMUSG00000079283	C1orf53	ENSMFAG00000058672	ortholog_one2one	1	70.5882
2310030G06Rik	ENSMUSG00000032062	C11orf52	ENSMFAG00000064854	ortholog_one2one	1	57.4803
2310057J18Rik	ENSMUSG00000015519	C6orf58	ENSMFAG00000032271	ortholog_one2one	1	55.7864
2310057M21Rik	ENSMUSG00000040177	C10orf88	ENSMFAG00000062466	ortholog_one2one	1	71.6216
2510002D24Rik	ENSMUSG00000071632	C22orf39	ENSMFAG00000040161	ortholog_one2one	1	72.381
2510009E07Rik	ENSMUSG00000043391	C3orf70	ENSMFAG00000063392	ortholog_one2one	1	94.3548
2510039O18Rik	ENSMUSG00000044496	KIAA2013	ENSMFAG00000037555	ortholog_one2one	1	91.7981
2610528J11Rik	ENSMUSG00000028536	C1orf210	ENSMFAG00000003586	ortholog_one2one	1	74.7748
2700049A03Rik	ENSMUSG00000034601	KIAA0586	ENSMFAG00000041990	ortholog_one2one	1	70.4605
2700062C07Rik	ENSMUSG00000024273	C18orf21	ENSMFAG00000040105	ortholog_one2one	1	68.2028
2900026A02Rik	ENSMUSG00000051339	KIAA1671	ENSMFAG00000044139	ortholog_one2one	1	55.8574
3425401B19Rik	ENSMUSG00000071540	C10orf71	ENSMFAG00000061102	ortholog_one2one	1	64.6601
4833420G17Rik	ENSMUSG00000062822	C5orf34	ENSMFAG00000044319	ortholog_one2one	1	74.0219
4833439L19Rik	ENSMUSG00000025871	KIAA1191	ENSMFAG00000045804	ortholog_one2one	1	78.8779
4921524J17Rik	ENSMUSG00000036934	C16orf87	ENSMFAG00000061258	ortholog_one2one	1	87.013
4930447C04Rik	ENSMUSG00000021098	C14orf39	ENSMFAG00000040949	ortholog_one2one	1	71.4286
4930453N24Rik	ENSMUSG00000059920	C3orf38	ENSMFAG00000045545	ortholog_one2one	1	78.1609
4930503L19Rik	ENSMUSG00000044906	C18orf54	ENSMFAG00000038588	ortholog_one2one	1	65.3992
4930523C07Rik	ENSMUSG00000090394	KIAA0040	ENSMFAG00000051710	ortholog_one2one	1	69.697
4930550C14Rik	ENSMUSG00000005131	C11orf65	ENSMFAG00000042308	ortholog_one2one	1	68.8889
4930558K02Rik	ENSMUSG00000086277	C1orf105	ENSMFAG00000000294	ortholog_one2one	1	57.6923
4930578I06Rik	ENSMUSG00000021961	C8orf74	ENSMFAG00000045489	ortholog_one2one	1	64.094
4930579F01Rik	ENSMUSG00000012042	C4orf17	ENSMFAG00000037946	ortholog_one2one	1	59.0214
4930579G24Rik	ENSMUSG00000027811	C4orf46	ENSMFAG00000051841	ortholog_one2one	1	83.7838
4930590J08Rik	ENSMUSG00000034063	C3orf20	ENSMFAG00000029993	ortholog_one2one	1	64.0943
4931406C07Rik	ENSMUSG00000031938	C11orf54	ENSMFAG00000039634	ortholog_one2one	1	88.254
4931414P19Rik	ENSMUSG00000022179	C14orf93	ENSMFAG00000001383	ortholog_one2one	1	88.1701
4933402J07Rik	ENSMUSG00000069971	C16orf78	ENSMFAG00000001439	ortholog_one2one	1	52.963
4933405L10Rik	ENSMUSG00000013158	C16orf86	ENSMFAG00000044426	ortholog_one2one	1	67.4497
4933427D14Rik	ENSMUSG00000020807	KIAA0753	ENSMFAG00000039868	ortholog_one2one	1	76.0167
4933434E20Rik	ENSMUSG00000027942	C1orf43	ENSMFAG00000033673	ortholog_one2one	1	96.0474
5031439G07Rik	ENSMUSG00000036046	KIAA0930	ENSMFAG00000041430	ortholog_one2one	1	89.2617
5730409E04Rik	ENSMUSG00000073755	C1orf216	ENSMFAG00000005466	ortholog_one2one	1	83.0435
5730455P16Rik	ENSMUSG00000057181	C17orf75	ENSMFAG00000000431	ortholog_one2many	1	90.5852
5730480H06Rik	ENSMUSG00000029089	PACRGL	ENSMFAG00000029845	ortholog_one2one	1	87.0968
6030458C11Rik	ENSMUSG00000022195	C5orf22	ENSMFAG00000031021	ortholog_one2one	1	77.6018
6030468B19Rik	ENSMUSG00000025573	C17orf99	ENSMFAG00000032914	ortholog_one2one	1	53.1746
6430548M08Rik	ENSMUSG00000031824	KIAA0513	ENSMFAG00000024723	ortholog_one2one	1	86.9779
6430571L13Rik	ENSMUSG00000037977	C3orf18	ENSMFAG00000049345	ortholog_one2one	1	82.3171
9130401M01Rik	ENSMUSG00000101892	C8orf76	ENSMFAG00000003918	ortholog_one2one	1	70.1613
9330159F19Rik	ENSMUSG00000004360	KIAA0408	ENSMFAG00000045872	ortholog_one2one	1	58.9506
A130010J15Rik	ENSMUSG00000079144	C1orf74	ENSMFAG00000030051	ortholog_one2one	1	77.1863
A1cf	ENSMUSG00000052595	A1CF	ENSMFAG00000035948	ortholog_one2one	1	93.6968
A430005L14Rik	ENSMUSG00000047613	C1orf174	ENSMFAG00000043364	ortholog_one2one	1	69.1304
A4galt	ENSMUSG00000047878	A4GALT	ENSMFAG00000030432	ortholog_one2one	1	71.8663
A830018L16Rik	ENSMUSG00000057715	C8orf34	ENSMFAG00000045715	ortholog_one2one	1	89.5262
A930018P22Rik	ENSMUSG00000032671	C11orf91	ENSMFAG00000032872	ortholog_one2one	1	82.4742
AA986860	ENSMUSG00000042510	C1orf116	ENSMFAG00000050967	ortholog_one2one	1	61.3861
AI597479	ENSMUSG00000010290	C2orf49	ENSMFAG00000003155	ortholog_one2one	1	85.3448
AI837181	ENSMUSG00000047423	C11orf68	ENSMFAG00000035547	ortholog_one2one	1	84.2282
AU021092	ENSMUSG00000051669	C16orf89	ENSMFAG00000032488	ortholog_one2one	1	62.5974
AU022252	ENSMUSG00000078584	C1orf50	ENSMFAG00000034667	ortholog_one2one	1	64.3216
AU040320	ENSMUSG00000028830	KIAA0319L	ENSMFAG00000003546	ortholog_one2one	1	82.8244
AW209491	ENSMUSG00000039182	C7orf25	ENSMFAG00000027286	ortholog_one2one	1	91.924
AW551984	ENSMUSG00000038112	VWA5A	ENSMFAG00000034402	ortholog_one2many	1	63.5572
AW554918	ENSMUSG00000033632	KIAA1328	ENSMFAG00000003614	ortholog_one2one	1	72.0207
Aaas	ENSMUSG00000036678	AAAS	ENSMFAG00000039804	ortholog_one2one	1	87.7289
Aacs	ENSMUSG00000029482	AACS	ENSMFAG00000028497	ortholog_one2one	1	90.3274
Aadacl2	ENSMUSG00000091376	AADACL2	ENSMFAG00000042922	ortholog_one2one	1	80.0499
Aadat	ENSMUSG00000057228	AADAT	ENSMFAG00000042881	ortholog_one2one	1	73.4118
Aagab	ENSMUSG00000037257	AAGAB	ENSMFAG00000040550	ortholog_one2one	1	85.7595
Aak1	ENSMUSG00000057230	AAK1	ENSMFAG00000032641	ortholog_one2one	1	66.3336
Aamdc	ENSMUSG00000035642	AAMDC	ENSMFAG00000034422	ortholog_one2one	1	63.1148
Aamp	ENSMUSG00000006299	AAMP	ENSMFAG00000034415	ortholog_one2one	1	98.6207
Aanat	ENSMUSG00000020804	AANAT	ENSMFAG00000030450	ortholog_one2one	1	80.4878
Aar2	ENSMUSG00000027628	AAR2	ENSMFAG00000030564	ortholog_one2one	1	80.4688
Aard	ENSMUSG00000068522	AARD	ENSMFAG00000036725	ortholog_one2one	1	52.6946
Aars1	ENSMUSG00000031960	AARS	ENSMFAG00000002309	ortholog_one2one	1	95.7645
Aars2	ENSMUSG00000023938	AARS2	ENSMFAG00000037353	ortholog_one2one	1	83.0612
Aarsd1	ENSMUSG00000075528	AARSD1	ENSMFAG00000034389	ortholog_one2one	1	89.3204
Aasdh	ENSMUSG00000055923	AASDH	ENSMFAG00000033449	ortholog_one2one	1	72.0909
Aasdhppt	ENSMUSG00000025894	AASDHPPT	ENSMFAG00000046243	ortholog_one2one	1	90.2913
Aass	ENSMUSG00000029695	AASS	ENSMFAG00000038411	ortholog_one2one	1	87.581
Aatf	ENSMUSG00000018697	AATF	ENSMFAG00000003108	ortholog_one2one	1	81.9392
Abat	ENSMUSG00000057880	ABAT	ENSMFAG00000032053	ortholog_one2one	1	90.6
Abca1	ENSMUSG00000015243	ABCA1	ENSMFAG00000002145	ortholog_one2one	1	95.1349
Abca12	ENSMUSG00000050296	ABCA12	ENSMFAG00000041527	ortholog_one2one	1	89.4798
Abca3	ENSMUSG00000024130	ABCA3	ENSMFAG00000033360	ortholog_one2one	1	88.1455
Abca4	ENSMUSG00000028125	ABCA4	ENSMFAG00000032139	ortholog_one2one	1	86.7965
Abca5	ENSMUSG00000018800	ABCA5	ENSMFAG00000041992	ortholog_one2one	1	89.8295
Abca6	ENSMUSG00000044749	ABCA6	ENSMFAG00000003737	ortholog_one2one	1	67.9803
Abca7	ENSMUSG00000035722	ABCA7	ENSMFAG00000003292	ortholog_one2one	1	70.7891
Abca8b	ENSMUSG00000020620	ABCA8	ENSMFAG00000046401	ortholog_one2one	1	75.4938
Abca9	ENSMUSG00000041797	ABCA9	ENSMFAG00000042813	ortholog_one2one	1	78.5582
Abcb10	ENSMUSG00000031974	ABCB10	ENSMFAG00000002787	ortholog_one2one	1	71.8881
Abcb11	ENSMUSG00000027048	ABCB11	ENSMFAG00000037604	ortholog_one2one	1	81.6805
Abcb4	ENSMUSG00000042476	ABCB4	ENSMFAG00000038890	ortholog_one2one	1	90.5172
Abcb5	ENSMUSG00000072791	ABCB5	ENSMFAG00000020450	ortholog_one2one	1	78.9641
Abcb6	ENSMUSG00000026198	ABCB6	ENSMFAG00000044424	ortholog_one2one	1	89.0736
Abcb7	ENSMUSG00000031333	ABCB7	ENSMFAG00000041203	ortholog_one2one	1	91.8883
Abcb8	ENSMUSG00000028973	ABCB8	ENSMFAG00000037503	ortholog_one2one	1	81.59
Abcb9	ENSMUSG00000029408	ABCB9	ENSMFAG00000002483	ortholog_one2one	1	94.2257
Abcc10	ENSMUSG00000032842	ABCC10	ENSMFAG00000036554	ortholog_one2one	1	84.4104
Abcc12	ENSMUSG00000036872	ABCC12	ENSMFAG00000039229	ortholog_one2one	1	85.9444
Abcc2	ENSMUSG00000025194	ABCC2	ENSMFAG00000042907	ortholog_one2one	1	77.965
Abcc3	ENSMUSG00000020865	ABCC3	ENSMFAG00000040341	ortholog_one2one	1	81.3526
Abcc4	ENSMUSG00000032849	ABCC4	ENSMFAG00000042513	ortholog_one2one	1	87.2453
Abcc5	ENSMUSG00000022822	ABCC5	ENSMFAG00000038091	ortholog_one2one	1	92.8969
Abcc8	ENSMUSG00000040136	ABCC8	ENSMFAG00000035952	ortholog_one2one	1	91.8136
Abcc9	ENSMUSG00000030249	ABCC9	ENSMFAG00000041870	ortholog_one2one	1	95.4075
Abcd2	ENSMUSG00000055782	ABCD2	ENSMFAG00000002050	ortholog_one2one	1	93.3873
Abcd3	ENSMUSG00000028127	ABCD3	ENSMFAG00000044222	ortholog_one2one	1	88.0121
Abcd4	ENSMUSG00000021240	ABCD4	ENSMFAG00000031273	ortholog_one2one	1	88.6139
Abce1	ENSMUSG00000058355	ABCE1	ENSMFAG00000038310	ortholog_one2one	1	99.8331
Abcf1	ENSMUSG00000038762	ABCF1	ENSMFAG00000001346	ortholog_one2one	1	90.92
Abcf2	ENSMUSG00000028953	ABCF2	ENSMFAG00000034542	ortholog_one2one	1	98.8854
Abcf3	ENSMUSG00000003234	ABCF3	ENSMFAG00000000479	ortholog_one2one	1	96.615
Abcg1	ENSMUSG00000024030	ABCG1	ENSMFAG00000035347	ortholog_one2one	1	96.3964
Abcg4	ENSMUSG00000032131	ABCG4	ENSMFAG00000046033	ortholog_one2one	1	96.5944
Abcg5	ENSMUSG00000040505	ABCG5	ENSMFAG00000003442	ortholog_one2one	1	80.5215
Abcg8	ENSMUSG00000024254	ABCG8	ENSMFAG00000045442	ortholog_one2one	1	80.506
Abhd1	ENSMUSG00000006638	ABHD1	ENSMFAG00000041476	ortholog_one2one	1	51.5738
Abhd10	ENSMUSG00000033157	ABHD10	ENSMFAG00000038045	ortholog_one2one	1	75.4209
Abhd12	ENSMUSG00000032046	ABHD12	ENSMFAG00000002681	ortholog_one2one	1	91.206
Abhd12b	ENSMUSG00000090121	ABHD12B	ENSMFAG00000035570	ortholog_one2one	1	75.4875
Abhd13	ENSMUSG00000040396	ABHD13	ENSMFAG00000049251	ortholog_one2one	1	95.8457
Abhd15	ENSMUSG00000000686	ABHD15	ENSMFAG00000033088	ortholog_one2one	1	87.146
Abhd16a	ENSMUSG00000007036	ABHD16A	ENSMFAG00000000198	ortholog_one2one	1	95.5197
Abhd17b	ENSMUSG00000047368	ABHD17B	ENSMFAG00000001017	ortholog_one2one	1	98.9583
Abhd17c	ENSMUSG00000038459	ABHD17C	ENSMFAG00000053092	ortholog_one2one	1	95.3125
Abhd18	ENSMUSG00000037818	ABHD18	ENSMFAG00000039882	ortholog_one2one	1	92.2414
Abhd2	ENSMUSG00000039202	ABHD2	ENSMFAG00000034068	ortholog_one2one	1	99.0588
Abhd3	ENSMUSG00000002475	ABHD3	ENSMFAG00000045155	ortholog_one2one	1	93.6118
Abhd4	ENSMUSG00000040997	ABHD4	ENSMFAG00000001529	ortholog_one2many	1	96.338
Abhd5	ENSMUSG00000032540	ABHD5	ENSMFAG00000038665	ortholog_one2one	1	94.0171
Abhd6	ENSMUSG00000025277	ABHD6	ENSMFAG00000022753	ortholog_one2one	1	93.75
Abhd8	ENSMUSG00000007950	ABHD8	ENSMFAG00000028796	ortholog_one2one	1	87.6993
Abi2	ENSMUSG00000026782	ABI2	ENSMFAG00000031286	ortholog_one2one	1	91.9918
Abi3bp	ENSMUSG00000035258	ABI3BP	ENSMFAG00000043185	ortholog_one2one	1	74.4655
Abitram	ENSMUSG00000038827	ABITRAM	ENSMFAG00000036713	ortholog_one2many	1	79.7927
Abl1	ENSMUSG00000026842	ABL1	ENSMFAG00000000271	ortholog_one2one	1	88.6165
Abl2	ENSMUSG00000026596	ABL2	ENSMFAG00000036564	ortholog_one2one	1	91.0019
Ablim1	ENSMUSG00000025085	ABLIM1	ENSMFAG00000046222	ortholog_one2one	1	95.7204
Ablim2	ENSMUSG00000029095	ABLIM2	ENSMFAG00000033256	ortholog_one2one	1	89.5425
Abr	ENSMUSG00000017631	ABR	ENSMFAG00000044480	ortholog_one2one	1	68.3544
Abra	ENSMUSG00000042895	ABRA	ENSMFAG00000057764	ortholog_one2one	1	82.4
Abraxas1	ENSMUSG00000035234	ABRAXAS1	ENSMFAG00000000267	ortholog_one2one	1	71.7445
Abraxas2	ENSMUSG00000030965	ABRAXAS2	ENSMFAG00000035172	ortholog_one2one	1	93.3962
Abtb1	ENSMUSG00000030083	ABTB1	ENSMFAG00000033156	ortholog_one2one	1	74.2678
Abtb3	ENSMUSG00000020042	ABTB3	ENSMFAG00000030643	ortholog_one2one	1	54.6438
Acaa2	ENSMUSG00000036880	ACAA2	ENSMFAG00000040240	ortholog_one2one	1	88.1612
Acaca	ENSMUSG00000020532	ACACA	ENSMFAG00000045655	ortholog_one2one	1	97.5693
Acad10	ENSMUSG00000029456	ACAD10	ENSMFAG00000022844	ortholog_one2many	1	76.0524
Acad11	ENSMUSG00000090150	ACAD11	ENSMFAG00000034200	ortholog_one2one	1	80.8729
Acad8	ENSMUSG00000031969	ACAD8	ENSMFAG00000038809	ortholog_one2one	1	83.4254
Acadm	ENSMUSG00000062908	ACADM	ENSMFAG00000032655	ortholog_one2one	1	87.1734
Acads	ENSMUSG00000029545	ACADS	ENSMFAG00000001168	ortholog_one2one	1	90.0485
Acadsb	ENSMUSG00000030861	ACADSB	ENSMFAG00000034302	ortholog_one2one	1	80.0926
Acan	ENSMUSG00000030607	ACAN	ENSMFAG00000019208	ortholog_one2one	1	78.1426
Acap1	ENSMUSG00000001588	ACAP1	ENSMFAG00000039943	ortholog_one2one	1	92.2973
Acap2	ENSMUSG00000049076	ACAP2	ENSMFAG00000039260	ortholog_one2one	1	92.2078
Acat1	ENSMUSG00000032047	ACAT1	ENSMFAG00000044957	ortholog_one2one	1	84.6698
Acbd3	ENSMUSG00000026499	ACBD3	ENSMFAG00000045670	ortholog_one2one	1	88.5714
Acbd4	ENSMUSG00000056938	ACBD4	ENSMFAG00000045120	ortholog_one2one	1	68.9895
Acbd6	ENSMUSG00000033701	ACBD6	ENSMFAG00000036354	ortholog_one2one	1	85.461
Accsl	ENSMUSG00000075023	ACCSL	ENSMFAG00000041332	ortholog_one2one	1	54.6552
Acd	ENSMUSG00000038000	ACD	ENSMFAG00000038023	ortholog_one2one	1	64.1827
Ace	ENSMUSG00000020681	ACE	ENSMFAG00000041823	ortholog_one2one	1	82.8506
Ace2	ENSMUSG00000015405	ACE2	ENSMFAG00000039194	ortholog_one2one	1	82.1118
Acer2	ENSMUSG00000038007	ACER2	ENSMFAG00000003867	ortholog_one2one	1	94.9091
Acer3	ENSMUSG00000030760	ACER3	ENSMFAG00000041221	ortholog_one2one	1	88.3895
Ache	ENSMUSG00000023328	ACHE	ENSMFAG00000037867	ortholog_one2one	1	82.5733
Acin1	ENSMUSG00000022185	ACIN1	ENSMFAG00000044437	ortholog_one2one	1	86.2866
Ackr1	ENSMUSG00000037872	ACKR1	ENSMFAG00000050751	ortholog_one2one	1	59.8802
Ackr2	ENSMUSG00000044534	ACKR2	ENSMFAG00000012586	ortholog_one2one	1	72.2222
Ackr3	ENSMUSG00000044337	ACKR3	ENSMFAG00000029542	ortholog_one2one	1	83.1492
Ackr4	ENSMUSG00000079355	ACKR4	ENSMFAG00000030372	ortholog_one2one	1	84.8571
Acly	ENSMUSG00000020917	ACLY	ENSMFAG00000001561	ortholog_one2one	1	97.9835
Acmsd	ENSMUSG00000026348	ACMSD	ENSMFAG00000001001	ortholog_one2one	1	83.631
Aco2	ENSMUSG00000022477	ACO2	ENSMFAG00000043571	ortholog_one2one	1	92.5641
Acod1	ENSMUSG00000022126	ACOD1	ENSMFAG00000043445	ortholog_one2one	1	80.7377
Acot12	ENSMUSG00000021620	ACOT12	ENSMFAG00000000202	ortholog_one2one	1	80.036
Acot7	ENSMUSG00000028937	ACOT7	ENSMFAG00000041552	ortholog_one2one	1	90.2375
Acot8	ENSMUSG00000017307	ACOT8	ENSMFAG00000031839	ortholog_one2one	1	83.4375
Acox2	ENSMUSG00000021751	ACOX2	ENSMFAG00000033938	ortholog_one2one	1	74.0088
Acox3	ENSMUSG00000029098	ACOX3	ENSMFAG00000037622	ortholog_one2one	1	73.2857
Acoxl	ENSMUSG00000027380	ACOXL	ENSMFAG00000036885	ortholog_one2one	1	58.5443
Acp2	ENSMUSG00000002103	ACP2	ENSMFAG00000000393	ortholog_one2one	1	89.1253
Acp3	ENSMUSG00000032561	ACP3	ENSMFAG00000037154	ortholog_one2one	1	79.1367
Acp6	ENSMUSG00000028093	ACP6	ENSMFAG00000046287	ortholog_one2one	1	76.555
Acp7	ENSMUSG00000037469	ACP7	ENSMFAG00000042916	ortholog_one2one	1	86.3014
Acr	ENSMUSG00000022622	ACR	ENSMFAG00000034551	ortholog_one2one	1	63.0734
Acrbp	ENSMUSG00000072770	ACRBP	ENSMFAG00000005997	ortholog_one2one	1	75.3704
Acrv1	ENSMUSG00000032110	ACRV1	ENSMFAG00000036664	ortholog_one2one	1	59.0038
Acsbg1	ENSMUSG00000032281	ACSBG1	ENSMFAG00000034157	ortholog_one2one	1	84.3273
Acsf2	ENSMUSG00000076435	ACSF2	ENSMFAG00000042230	ortholog_one2one	1	79.3496
Acsf3	ENSMUSG00000015016	ACSF3	ENSMFAG00000044180	ortholog_one2one	1	75.1286
Acsl1	ENSMUSG00000018796	ACSL1	ENSMFAG00000033716	ortholog_one2one	1	85.1216
Acsl3	ENSMUSG00000032883	ACSL3	ENSMFAG00000043391	ortholog_one2one	1	93.75
Acsl4	ENSMUSG00000031278	ACSL4	ENSMFAG00000036623	ortholog_one2one	1	97.1642
Acsl5	ENSMUSG00000024981	ACSL5	ENSMFAG00000001207	ortholog_one2one	1	80.9663
Acsm1	ENSMUSG00000033533	ACSM1	ENSMFAG00000002831	ortholog_one2one	1	72.6003
Acsm3	ENSMUSG00000030935	ACSM3	ENSMFAG00000029841	ortholog_one2one	1	83.2759
Acss1	ENSMUSG00000027452	ACSS1	ENSMFAG00000003063	ortholog_one2one	1	87.5367
Acss2	ENSMUSG00000027605	ACSS2	ENSMFAG00000037662	ortholog_one2one	1	90.3581
Acss3	ENSMUSG00000035948	ACSS3	ENSMFAG00000040344	ortholog_one2one	1	87.4576
Acta1	ENSMUSG00000031972	ACTA1	ENSMFAG00000002280	ortholog_one2one	1	100
Acta2	ENSMUSG00000035783	ACTA2	ENSMFAG00000000205	ortholog_one2one	1	100
Actb	ENSMUSG00000029580	ACTB	ENSMFAG00000031981	ortholog_one2one	1	100
Actbl2	ENSMUSG00000055194	ACTBL2	ENSMFAG00000016475	ortholog_one2one	1	97.8723
Actg1	ENSMUSG00000062825	ACTG1	ENSMFAG00000030086	ortholog_one2one	1	100
Actg2	ENSMUSG00000059430	ACTG2	ENSMFAG00000003169	ortholog_one2one	1	100
Actl6a	ENSMUSG00000027671	ACTL6A	ENSMFAG00000030153	ortholog_one2one	1	97.4359
Actl6b	ENSMUSG00000029712	ACTL6B	ENSMFAG00000038744	ortholog_one2one	1	99.7653
Actl7a	ENSMUSG00000070979	ACTL7A	ENSMFAG00000006946	ortholog_one2one	1	85
Actl7b	ENSMUSG00000070980	ACTL7B	ENSMFAG00000006984	ortholog_one2one	1	85.8852
Actmap	ENSMUSG00000078786	ACTMAP	ENSMFAG00000003269	ortholog_one2one	1	73.6842
Actn2	ENSMUSG00000052374	ACTN2	ENSMFAG00000041700	ortholog_one2one	1	98.6577
Actn3	ENSMUSG00000006457	ACTN3	ENSMFAG00000043864	ortholog_one2one	1	93.3333
Actn4	ENSMUSG00000054808	ACTN4	ENSMFAG00000033669	ortholog_one2one	1	93.5622
Actr1a	ENSMUSG00000025228	ACTR1A	ENSMFAG00000041926	ortholog_one2one	1	99.2021
Actr1b	ENSMUSG00000037351	ACTR1B	ENSMFAG00000028601	ortholog_one2one	1	99.4681
Actr2	ENSMUSG00000020152	ACTR2	ENSMFAG00000044097	ortholog_one2many	1	100
Actr3	ENSMUSG00000026341	ACTR3	ENSMFAG00000041594	ortholog_one2one	1	99.2823
Actr3b	ENSMUSG00000056367	ACTR3B	ENSMFAG00000034566	ortholog_one2one	1	98.3254
Actr5	ENSMUSG00000037761	ACTR5	ENSMFAG00000001911	ortholog_one2one	1	89.6382
Actr6	ENSMUSG00000019948	ACTR6	ENSMFAG00000040575	ortholog_one2one	1	98.4848
Actr8	ENSMUSG00000015971	ACTR8	ENSMFAG00000042471	ortholog_one2one	1	97.4359
Actrt2	ENSMUSG00000051276	ACTRT2	ENSMFAG00000008800	ortholog_one2one	1	81.4324
Acvr1	ENSMUSG00000026836	ACVR1	ENSMFAG00000042305	ortholog_one2one	1	98.2318
Acvr1b	ENSMUSG00000000532	ACVR1B	ENSMFAG00000031949	ortholog_one2one	1	88.3168
Acvr1c	ENSMUSG00000026834	ACVR1C	ENSMFAG00000042281	ortholog_one2one	1	92.2921
Acvr2a	ENSMUSG00000052155	ACVR2A	ENSMFAG00000003464	ortholog_one2one	1	99.6101
Acvrl1	ENSMUSG00000000530	ACVRL1	ENSMFAG00000039766	ortholog_one2one	1	88.8446
Acy3	ENSMUSG00000024866	ACY3	ENSMFAG00000046339	ortholog_one2one	1	67.9245
Adad1	ENSMUSG00000027719	ADAD1	ENSMFAG00000003813	ortholog_one2one	1	84.0065
Adad2	ENSMUSG00000024266	ADAD2	ENSMFAG00000044274	ortholog_one2one	1	68.2709
Adal	ENSMUSG00000027259	ADAL	ENSMFAG00000026391	ortholog_one2one	1	78.6111
Adam10	ENSMUSG00000054693	ADAM10	ENSMFAG00000003773	ortholog_one2one	1	95.9947
Adam11	ENSMUSG00000020926	ADAM11	ENSMFAG00000035588	ortholog_one2one	1	93.4447
Adam12	ENSMUSG00000054555	ADAM12	ENSMFAG00000039461	ortholog_one2one	1	82.7243
Adam15	ENSMUSG00000028041	ADAM15	ENSMFAG00000043971	ortholog_one2one	1	78.9706
Adam17	ENSMUSG00000052593	ADAM17	ENSMFAG00000039177	ortholog_one2one	1	91.4147
Adam22	ENSMUSG00000040537	ADAM22	ENSMFAG00000001062	ortholog_one2one	1	87.6742
Adam23	ENSMUSG00000025964	ADAM23	ENSMFAG00000030094	ortholog_one2one	1	85.6454
Adam28	ENSMUSG00000014725	ADAM28	ENSMFAG00000039137	ortholog_one2one	1	71.875
Adam29	ENSMUSG00000046258	ADAM29	ENSMFAG00000038871	ortholog_one2one	1	56.3565
Adam32	ENSMUSG00000037437	ADAM32	ENSMFAG00000043270	ortholog_one2one	1	59.1512
Adam33	ENSMUSG00000027318	ADAM33	ENSMFAG00000043134	ortholog_one2one	1	72.2438
Adam7	ENSMUSG00000022056	ADAM7	ENSMFAG00000045244	ortholog_one2one	1	67.9341
Adam8	ENSMUSG00000025473	ADAM8	ENSMFAG00000043182	ortholog_one2one	1	60.9697
Adam9	ENSMUSG00000031555	ADAM9	ENSMFAG00000039520	ortholog_one2one	1	81.3441
Adamdec1	ENSMUSG00000022057	ADAMDEC1	ENSMFAG00000007172	ortholog_one2one	1	64.0257
Adamts1	ENSMUSG00000022893	ADAMTS1	ENSMFAG00000039719	ortholog_one2one	1	82.2314
Adamts10	ENSMUSG00000024299	ADAMTS10	ENSMFAG00000040772	ortholog_one2one	1	90.2174
Adamts12	ENSMUSG00000047497	ADAMTS12	ENSMFAG00000042081	ortholog_one2one	1	80.0625
Adamts13	ENSMUSG00000014852	ADAMTS13	ENSMFAG00000000040	ortholog_one2one	1	64.6564
Adamts14	ENSMUSG00000059901	ADAMTS14	ENSMFAG00000002509	ortholog_one2one	1	82.5041
Adamts15	ENSMUSG00000033453	ADAMTS15	ENSMFAG00000009495	ortholog_one2one	1	92.5263
Adamts16	ENSMUSG00000049538	ADAMTS16	ENSMFAG00000000579	ortholog_one2one	1	80.0327
Adamts17	ENSMUSG00000058145	ADAMTS17	ENSMFAG00000005645	ortholog_one2one	1	82.3529
Adamts18	ENSMUSG00000053399	ADAMTS18	ENSMFAG00000003786	ortholog_one2one	1	89.1715
Adamts19	ENSMUSG00000053441	ADAMTS19	ENSMFAG00000043585	ortholog_one2one	1	76.8595
Adamts2	ENSMUSG00000036545	ADAMTS2	ENSMFAG00000002799	ortholog_one2one	1	84.831
Adamts20	ENSMUSG00000022449	ADAMTS20	ENSMFAG00000043872	ortholog_one2one	1	70.829
Adamts3	ENSMUSG00000043635	ADAMTS3	ENSMFAG00000043434	ortholog_one2one	1	87.8637
Adamts4	ENSMUSG00000006403	ADAMTS4	ENSMFAG00000000375	ortholog_one2one	1	91.3565
Adamts5	ENSMUSG00000022894	ADAMTS5	ENSMFAG00000000566	ortholog_one2one	1	89.5699
Adamts6	ENSMUSG00000046169	ADAMTS6	ENSMFAG00000030204	ortholog_one2one	1	95.9714
Adamts8	ENSMUSG00000031994	ADAMTS8	ENSMFAG00000038449	ortholog_one2one	1	74.6961
Adamtsl1	ENSMUSG00000066113	ADAMTSL1	ENSMFAG00000042640	ortholog_one2one	1	91.1748
Adamtsl2	ENSMUSG00000036040	ADAMTSL2	ENSMFAG00000001650	ortholog_one2one	1	88.1923
Adamtsl3	ENSMUSG00000070469	ADAMTSL3	ENSMFAG00000002541	ortholog_one2one	1	83.5873
Adamtsl4	ENSMUSG00000015850	ADAMTSL4	ENSMFAG00000002869	ortholog_one2one	1	79.1506
Adap1	ENSMUSG00000056413	ADAP1	ENSMFAG00000030586	ortholog_one2one	1	80.7487
Adar	ENSMUSG00000027951	ADAR	ENSMFAG00000003217	ortholog_one2one	1	75.1736
Adarb1	ENSMUSG00000020262	ADARB1	ENSMFAG00000011312	ortholog_one2one	1	94.7218
Adat1	ENSMUSG00000031949	ADAT1	ENSMFAG00000026786	ortholog_one2one	1	78.3567
Adat2	ENSMUSG00000019808	ADAT2	ENSMFAG00000003480	ortholog_one2one	1	88.4817
Adck2	ENSMUSG00000046947	ADCK2	ENSMFAG00000007386	ortholog_one2one	1	76.013
Adcy10	ENSMUSG00000026567	ADCY10	ENSMFAG00000032699	ortholog_one2one	1	77.3773
Adcy2	ENSMUSG00000021536	ADCY2	ENSMFAG00000001655	ortholog_one2one	1	95.1598
Adcy3	ENSMUSG00000020654	ADCY3	ENSMFAG00000038483	ortholog_one2one	1	94.8472
Adcy4	ENSMUSG00000022220	ADCY4	ENSMFAG00000040628	ortholog_one2one	1	92.0149
Adcy5	ENSMUSG00000022840	ADCY5	ENSMFAG00000003197	ortholog_one2one	1	62.8368
Adcy6	ENSMUSG00000022994	ADCY6	ENSMFAG00000039058	ortholog_one2one	1	94.3772
Adcy7	ENSMUSG00000031659	ADCY7	ENSMFAG00000037814	ortholog_one2one	1	79.1629
Adcy8	ENSMUSG00000022376	ADCY8	ENSMFAG00000000140	ortholog_one2one	1	96.7186
Adcy9	ENSMUSG00000005580	ADCY9	ENSMFAG00000054277	ortholog_one2one	1	92.0917
Adcyap1r1	ENSMUSG00000029778	ADCYAP1R1	ENSMFAG00000040314	ortholog_one2one	1	90.812
Add1	ENSMUSG00000029106	ADD1	ENSMFAG00000040609	ortholog_one2one	1	91.9728
Adgb	ENSMUSG00000050994	ADGB	ENSMFAG00000035662	ortholog_one2one	1	73.9288
Adgra1	ENSMUSG00000025475	ADGRA1	ENSMFAG00000059950	ortholog_one2one	1	75.2595
Adgra2	ENSMUSG00000031486	ADGRA2	ENSMFAG00000042939	ortholog_one2one	1	69.0868
Adgra3	ENSMUSG00000029090	ADGRA3	ENSMFAG00000030955	ortholog_one2one	1	93.4351
Adgrb1	ENSMUSG00000034730	ADGRB1	ENSMFAG00000032171	ortholog_one2one	1	72.1871
Adgrb2	ENSMUSG00000028782	ADGRB2	ENSMFAG00000028460	ortholog_one2one	1	95.5571
Adgrb3	ENSMUSG00000033569	ADGRB3	ENSMFAG00000003819	ortholog_one2one	1	98.3574
Adgrd1	ENSMUSG00000044017	ADGRD1	ENSMFAG00000031649	ortholog_one2one	1	75.2009
Adgrf1	ENSMUSG00000041293	ADGRF1	ENSMFAG00000022221	ortholog_one2one	1	69.2731
Adgrf3	ENSMUSG00000067642	ADGRF3	ENSMFAG00000040027	ortholog_one2one	1	62.4622
Adgrf4	ENSMUSG00000023918	ADGRF4	ENSMFAG00000022646	ortholog_one2one	1	66.0458
Adgrf5	ENSMUSG00000056492	ADGRF5	ENSMFAG00000037042	ortholog_one2one	1	71.5134
Adgrg1	ENSMUSG00000031785	ADGRG1	ENSMFAG00000002223	ortholog_one2one	1	74.6725
Adgrg2	ENSMUSG00000031298	ADGRG2	ENSMFAG00000001073	ortholog_one2one	1	80.807
Adgrg3	ENSMUSG00000060470	ADGRG3	ENSMFAG00000030742	ortholog_one2one	1	66.4207
Adgrg4	ENSMUSG00000053852	ADGRG4	ENSMFAG00000041488	ortholog_one2one	1	57.5008
Adgrg5	ENSMUSG00000061577	ADGRG5	ENSMFAG00000044983	ortholog_one2one	1	66.4122
Adgrg6	ENSMUSG00000039116	ADGRG6	ENSMFAG00000001233	ortholog_one2one	1	81.8919
Adgrg7	ENSMUSG00000022755	ADGRG7	ENSMFAG00000000681	ortholog_one2one	1	68.7898
Adgrl2	ENSMUSG00000028184	ADGRL2	ENSMFAG00000035421	ortholog_one2one	1	95.7947
Adgrl3	ENSMUSG00000037605	ADGRL3	ENSMFAG00000039672	ortholog_one2one	1	96.2574
Adgrl4	ENSMUSG00000039167	ADGRL4	ENSMFAG00000032806	ortholog_one2one	1	73.3424
Adgrv1	ENSMUSG00000069170	ADGRV1	ENSMFAG00000032687	ortholog_one2one	1	80.7876
Adh1	ENSMUSG00000074207	ADH1A	ENSMFAG00000039788	ortholog_one2many	1	77.3333
Adh1	ENSMUSG00000074207	ADH1B	ENSMFAG00000001617	ortholog_one2many	1	83.7333
Adh4	ENSMUSG00000037797	ADH4	ENSMFAG00000003884	ortholog_one2one	1	71.8833
Adh5	ENSMUSG00000028138	ADH5	ENSMFAG00000044468	ortholog_one2many	1	91.7112
Adh6b	ENSMUSG00000074206	ADH6	ENSMFAG00000003019	ortholog_one2one	1	58.0729
Adh7	ENSMUSG00000055301	ADH7	ENSMFAG00000039572	ortholog_one2one	1	88.2353
Adi1	ENSMUSG00000020629	ADI1	ENSMFAG00000040320	ortholog_one2one	1	76.5363
Adipoq	ENSMUSG00000022878	ADIPOQ	ENSMFAG00000000511	ortholog_one2one	1	83.8057
Adipor1	ENSMUSG00000026457	ADIPOR1	ENSMFAG00000007141	ortholog_one2one	1	96.2667
Adissp	ENSMUSG00000027327	ADISSP	ENSMFAG00000025079	ortholog_one2one	1	76.4368
Adk	ENSMUSG00000039197	ADK	ENSMFAG00000043831	ortholog_one2one	1	91.9668
Adm	ENSMUSG00000030790	ADM	ENSMFAG00000049999	ortholog_one2one	1	65.2174
Adm2	ENSMUSG00000054136	ADM2	ENSMFAG00000055878	ortholog_one2one	1	66.6667
Adnp	ENSMUSG00000051149	ADNP	ENSMFAG00000042512	ortholog_one2one	1	93.6823
Ado	ENSMUSG00000057134	ADO	ENSMFAG00000013749	ortholog_one2one	1	90.2344
Adora1	ENSMUSG00000042429	ADORA1	ENSMFAG00000035176	ortholog_one2one	1	94.7853
Adora2a	ENSMUSG00000020178	ADORA2A	ENSMFAG00000031796	ortholog_one2one	1	81.9512
Adprh	ENSMUSG00000002844	ADPRH	ENSMFAG00000039321	ortholog_one2one	1	81.4917
Adprm	ENSMUSG00000020910	ADPRM	ENSMFAG00000042103	ortholog_one2one	1	85
Adprs	ENSMUSG00000042558	ADPRS	ENSMFAG00000034318	ortholog_one2one	1	71.6216
Adra1a	ENSMUSG00000045875	ADRA1A	ENSMFAG00000030813	ortholog_one2one	1	91.2017
Adra1b	ENSMUSG00000050541	ADRA1B	ENSMFAG00000045077	ortholog_one2one	1	95.7282
Adra1d	ENSMUSG00000027335	ADRA1D	ENSMFAG00000003889	ortholog_one2one	1	80.0712
Adra2b	ENSMUSG00000058620	ADRA2B	ENSMFAG00000035322	ortholog_one2one	1	82.5893
Adrb2	ENSMUSG00000045730	ADRB2	ENSMFAG00000021322	ortholog_one2one	1	85.8852
Adrb3	ENSMUSG00000031489	B3AR	ENSMFAG00000039383	ortholog_one2one	1	78.5
Adsl	ENSMUSG00000022407	ADSL	ENSMFAG00000039307	ortholog_one2one	1	91.7355
Adss1	ENSMUSG00000011148	ADSS1	ENSMFAG00000039464	ortholog_one2one	1	97.1554
Adss2	ENSMUSG00000015961	ADSS	ENSMFAG00000032956	ortholog_one2one	1	92.5439
Adtrp	ENSMUSG00000058022	ADTRP	ENSMFAG00000038393	ortholog_one2one	1	66.087
Aebp1	ENSMUSG00000020473	AEBP1	ENSMFAG00000046276	ortholog_one2one	1	74.4021
Aebp2	ENSMUSG00000030232	AEBP2	ENSMFAG00000032231	ortholog_one2one	1	56.6532
Aen	ENSMUSG00000030609	AEN	ENSMFAG00000001458	ortholog_one2one	1	71.4286
Afap1l1	ENSMUSG00000033032	AFAP1L1	ENSMFAG00000044334	ortholog_one2one	1	88.8021
Aff1	ENSMUSG00000029313	AFF1	ENSMFAG00000037700	ortholog_one2one	1	73.5632
Aff2	ENSMUSG00000031189	AFF2	ENSMFAG00000044807	ortholog_one2one	1	87.8145
Aff3	ENSMUSG00000037138	AFF3	ENSMFAG00000031640	ortholog_one2one	1	82.2368
Afg1l	ENSMUSG00000038302	AFG1L	ENSMFAG00000041493	ortholog_one2one	1	86.6667
Afg2a	ENSMUSG00000027722	AFG2A	ENSMFAG00000043145	ortholog_one2one	1	84.6062
Afg2b	ENSMUSG00000118663	AFG2B	ENSMFAG00000003414	ortholog_one2one	1	80.7229
Afg3l2	ENSMUSG00000024527	AFG3L2	ENSMFAG00000043221	ortholog_one2one	1	92.2693
Afmid	ENSMUSG00000017718	AFMID	ENSMFAG00000026977	ortholog_one2one	1	68.8525
Afp	ENSMUSG00000054932	AFP	ENSMFAG00000001250	ortholog_one2one	1	64.6281
Aftph	ENSMUSG00000049659	AFTPH	ENSMFAG00000041331	ortholog_one2one	1	78.7611
Aga	ENSMUSG00000031521	AGA	ENSMFAG00000003729	ortholog_one2one	1	82.3699
Agap2	ENSMUSG00000025422	AGAP2	ENSMFAG00000000465	ortholog_one2one	1	51.855
Agap3	ENSMUSG00000023353	AGAP3	ENSMFAG00000034582	ortholog_one2one	1	93.1868
Agbl1	ENSMUSG00000025754	AGBL1	ENSMFAG00000040080	ortholog_one2one	1	73.7968
Agbl2	ENSMUSG00000040812	AGBL2	ENSMFAG00000043435	ortholog_one2one	1	80.7169
Agbl3	ENSMUSG00000038836	AGBL3	ENSMFAG00000029365	ortholog_one2one	1	69.6304
Agbl5	ENSMUSG00000029165	AGBL5	ENSMFAG00000000522	ortholog_one2one	1	88.178
Ager	ENSMUSG00000015452	AGER	ENSMFAG00000038314	ortholog_one2one	1	78.1095
Agfg1	ENSMUSG00000026159	AGFG1	ENSMFAG00000042041	ortholog_one2one	1	96.9697
Agfg2	ENSMUSG00000029722	AGFG2	ENSMFAG00000035777	ortholog_one2one	1	82.2547
Aggf1	ENSMUSG00000021681	AGGF1	ENSMFAG00000038062	ortholog_one2one	1	77.6371
Agk	ENSMUSG00000029916	AGK	ENSMFAG00000039906	ortholog_one2one	1	91.924
Agl	ENSMUSG00000033400	AGL	ENSMFAG00000043703	ortholog_one2one	1	92.1671
Agmat	ENSMUSG00000040706	AGMAT	ENSMFAG00000055350	ortholog_one2one	1	80.7263
Agmo	ENSMUSG00000050103	AGMO	ENSMFAG00000041157	ortholog_one2one	1	78.7472
Ago1	ENSMUSG00000041530	AGO1	ENSMFAG00000002846	ortholog_one2one	1	100
Ago2	ENSMUSG00000036698	AGO2	ENSMFAG00000015384	ortholog_one2one	1	98.6047
Ago4	ENSMUSG00000042500	EIF2C4	ENSMFAG00000035543	ortholog_one2many	1	90.8246
Agpat1	ENSMUSG00000034254	AGPAT1	ENSMFAG00000042426	ortholog_one2one	1	90.8772
Agpat2	ENSMUSG00000026922	AGPAT2	ENSMFAG00000034214	ortholog_one2one	1	77.6978
Agpat5	ENSMUSG00000031467	AGPAT5	ENSMFAG00000034052	ortholog_one2one	1	81.6438
Agps	ENSMUSG00000042410	AGPS	ENSMFAG00000038904	ortholog_one2one	1	84.0551
Agr2	ENSMUSG00000020581	AGR2	ENSMFAG00000035645	ortholog_one2one	1	84
Agr3	ENSMUSG00000036231	AGR3	ENSMFAG00000035722	ortholog_one2one	1	90.9091
Agrp	ENSMUSG00000005705	AGRP	ENSMFAG00000035580	ortholog_one2one	1	82.4427
Agt	ENSMUSG00000031980	AGT	ENSMFAG00000008235	ortholog_one2one	1	60.3774
Agtpbp1	ENSMUSG00000021557	AGTPBP1	ENSMFAG00000039578	ortholog_one2one	1	76.2397
Agxt	ENSMUSG00000026272	AGXT	ENSMFAG00000041893	ortholog_one2one	1	75.6039
Agxt2	ENSMUSG00000089678	AGXT2	ENSMFAG00000001767	ortholog_one2one	1	84.9902
Ahcy	ENSMUSG00000027597	AHCY	ENSMFAG00000031669	ortholog_many2many	1	97.6852
Ahcyl1	ENSMUSG00000027893	AHCYL1	ENSMFAG00000044517	ortholog_one2one	1	100
Ahcyl2	ENSMUSG00000029772	AHCYL2	ENSMFAG00000039128	ortholog_one2one	1	79.7386
Ahdc1	ENSMUSG00000037692	AHDC1	ENSMFAG00000004617	ortholog_one2one	1	67.8795
Ahi1	ENSMUSG00000019986	AHI1	ENSMFAG00000033411	ortholog_one2one	1	79.6562
Ahr	ENSMUSG00000019256	AHR	ENSMFAG00000035664	ortholog_one2one	1	73.1677
Ahsa1	ENSMUSG00000021037	AHSA1	ENSMFAG00000039530	ortholog_one2one	1	95.2663
Ahsg	ENSMUSG00000022868	AHSG	ENSMFAG00000003344	ortholog_one2one	1	59.6215
Aif1	ENSMUSG00000024397	AIF1	ENSMFAG00000038139	ortholog_one2one	1	88.4354
Aif1l	ENSMUSG00000001864	AIF1L	ENSMFAG00000000641	ortholog_one2one	1	85.3333
Aifm1	ENSMUSG00000036932	AIFM1	ENSMFAG00000000275	ortholog_one2one	1	88.4868
Aifm2	ENSMUSG00000020085	AIFM2	ENSMFAG00000004041	ortholog_one2one	1	89.5442
Aifm3	ENSMUSG00000022763	AIFM3	ENSMFAG00000009725	ortholog_one2one	1	93.9799
Aig1	ENSMUSG00000019806	AIG1	ENSMFAG00000015355	ortholog_one2one	1	90.7563
Aim2	ENSMUSG00000037860	AIM2	ENSMFAG00000031835	ortholog_one2one	1	51.9774
Aimp1	ENSMUSG00000028029	AIMP1	ENSMFAG00000044822	ortholog_one2one	1	84.0125
Aimp2	ENSMUSG00000029610	AIMP2	ENSMFAG00000045123	ortholog_one2one	1	87.8125
Aip	ENSMUSG00000024847	AIP	ENSMFAG00000034062	ortholog_one2one	1	94.8485
Aipl1	ENSMUSG00000040554	AIPL1	ENSMFAG00000031819	ortholog_one2one	1	85.9756
Aire	ENSMUSG00000000731	AIRE	ENSMFAG00000001488	ortholog_one2one	1	58.1522
Airim	ENSMUSG00000044730	AIRIM	ENSMFAG00000063901	ortholog_one2one	1	71.8894
Ajap1	ENSMUSG00000039546	AJAP1	ENSMFAG00000053605	ortholog_one2one	1	65.534
Ajuba	ENSMUSG00000022178	AJUBA	ENSMFAG00000055086	ortholog_one2one	1	91.4077
Ak1	ENSMUSG00000026817	AK1	ENSMFAG00000032155	ortholog_one2one	1	89.1753
Ak2	ENSMUSG00000028792	AK2	ENSMFAG00000045877	ortholog_one2one	1	91.6318
Ak3	ENSMUSG00000024782	AK3	ENSMFAG00000041698	ortholog_one2one	1	91.63
Ak4	ENSMUSG00000028527	AK4	ENSMFAG00000029324	ortholog_one2many	1	89.6861
Ak5	ENSMUSG00000039058	AK5	ENSMFAG00000043368	ortholog_one2one	1	88.79
Ak6	ENSMUSG00000078941	TAF9	ENSMFAG00000043011	ortholog_one2many	1	95.4545
Ak7	ENSMUSG00000041323	AK7	ENSMFAG00000039655	ortholog_one2one	1	80.4979
Ak8	ENSMUSG00000026807	AK8	ENSMFAG00000032283	ortholog_one2one	1	76.618
Ak9	ENSMUSG00000091415	AK9	ENSMFAG00000039019	ortholog_one2one	1	72.4921
Akain1	ENSMUSG00000091636	AKAIN1	ENSMFAG00000031861	ortholog_one2one	1	69.5652
Akap1	ENSMUSG00000018428	AKAP1	ENSMFAG00000042936	ortholog_one2one	1	68.3636
Akap11	ENSMUSG00000022016	AKAP11	ENSMFAG00000003034	ortholog_one2one	1	74.7624
Akap12	ENSMUSG00000038587	AKAP12	ENSMFAG00000039897	ortholog_one2one	1	58.7905
Akap3	ENSMUSG00000030344	AKAP3	ENSMFAG00000043224	ortholog_one2one	1	73.3796
Akap4	ENSMUSG00000050089	AKAP4	ENSMFAG00000001429	ortholog_one2one	1	80.3571
Akap6	ENSMUSG00000061603	AKAP6	ENSMFAG00000040818	ortholog_one2one	1	81.1443
Akap8l	ENSMUSG00000002625	AKAP8L	ENSMFAG00000045237	ortholog_one2one	1	81.7473
Akip1	ENSMUSG00000031023	AKIP1	ENSMFAG00000045580	ortholog_one2one	1	53.3019
Akirin1	ENSMUSG00000023075	AKIRIN1	ENSMFAG00000038417	ortholog_one2one	1	75.9162
Akirin2	ENSMUSG00000028291	AKIRIN2	ENSMFAG00000023644	ortholog_one2one	1	94.5274
Akna	ENSMUSG00000039158	AKNA	ENSMFAG00000046161	ortholog_one2one	1	58.1197
Akp3	ENSMUSG00000036500	ALPI	ENSMFAG00000043456	ortholog_many2many	1	72.6297
Akr1a1	ENSMUSG00000028692	AKR1A1	ENSMFAG00000036808	ortholog_one2one	1	92.9231
Akr1b1	ENSMUSG00000001642	AKR1B1	ENSMFAG00000041770	ortholog_one2many	1	86.076
Akr1d1	ENSMUSG00000038641	AKR1D1	ENSMFAG00000045333	ortholog_one2one	1	82.1538
Akr1e1	ENSMUSG00000045410	AKR1E2	ENSMFAG00000032263	ortholog_one2one	1	75.7475
Akt1	ENSMUSG00000001729	AKT1	ENSMFAG00000031655	ortholog_one2one	1	98.125
Akt2	ENSMUSG00000004056	AKT2	ENSMFAG00000003243	ortholog_one2one	1	79.4179
Akt3	ENSMUSG00000019699	AKT3	ENSMFAG00000033261	ortholog_one2one	1	99.5825
Aktip	ENSMUSG00000031667	AKTIP	ENSMFAG00000044514	ortholog_one2one	1	96.2329
Alad	ENSMUSG00000028393	ALAD	ENSMFAG00000039612	ortholog_one2one	1	77.2727
Alas1	ENSMUSG00000032786	ALAS1	ENSMFAG00000034496	ortholog_one2one	1	90.4984
Alas2	ENSMUSG00000025270	ALAS2	ENSMFAG00000003452	ortholog_one2one	1	89.4378
Alb	ENSMUSG00000029368	ALB	ENSMFAG00000000097	ortholog_one2one	1	73.3553
Alcam	ENSMUSG00000022636	ALCAM	ENSMFAG00000045444	ortholog_one2one	1	92.9674
Aldh18a1	ENSMUSG00000025007	ALDH18A1	ENSMFAG00000001272	ortholog_one2one	1	91.0692
Aldh1a1	ENSMUSG00000053279	ALDH1A1	ENSMFAG00000038785	ortholog_one2many	1	84.4311
Aldh1a2	ENSMUSG00000013584	ALDH1A2	ENSMFAG00000037327	ortholog_one2one	1	97.8764
Aldh1a3	ENSMUSG00000015134	ALDH1A3	ENSMFAG00000041683	ortholog_one2one	1	94.1406
Aldh1b1	ENSMUSG00000035561	ALDH1B1	ENSMFAG00000018664	ortholog_one2one	1	94.2197
Aldh1l1	ENSMUSG00000030088	ALDH1L1	ENSMFAG00000039810	ortholog_one2one	1	92.5721
Aldh1l2	ENSMUSG00000020256	ALDH1L2	ENSMFAG00000040964	ortholog_one2one	1	92.091
Aldh3a2	ENSMUSG00000010025	ALDH3A2	ENSMFAG00000032076	ortholog_one2one	1	83.6777
Aldh3b2	ENSMUSG00000075296	ALDH3B2	ENSMFAG00000044295	ortholog_one2many	1	67.8497
Aldh3b3	ENSMUSG00000037263	ALDH3B2	ENSMFAG00000044295	ortholog_one2many	1	65.3445
Aldh4a1	ENSMUSG00000028737	ALDH4A1	ENSMFAG00000036115	ortholog_one2one	1	90.9253
Aldh5a1	ENSMUSG00000035936	ALDH5A1	ENSMFAG00000044209	ortholog_one2one	1	86.0421
Aldh6a1	ENSMUSG00000021238	ALDH6A1	ENSMFAG00000039673	ortholog_one2one	1	94.9533
Aldh8a1	ENSMUSG00000037542	ALDH8A1	ENSMFAG00000037548	ortholog_one2one	1	89.5277
Aldh9a1	ENSMUSG00000026687	ALDH9A1	ENSMFAG00000033280	ortholog_one2one	1	83.7838
Aldob	ENSMUSG00000028307	ALDOB	ENSMFAG00000031432	ortholog_one2one	1	95.0549
Aldoc	ENSMUSG00000017390	ALDOC	ENSMFAG00000031336	ortholog_one2one	1	98.0716
Alg11	ENSMUSG00000063362	ALG11	ENSMFAG00000059159	ortholog_one2one	1	85.3659
Alg12	ENSMUSG00000035845	ALG12	ENSMFAG00000040634	ortholog_one2one	1	77.1605
Alg13	ENSMUSG00000041718	ALG13	ENSMFAG00000043742	ortholog_one2one	1	63.9835
Alg2	ENSMUSG00000039740	ALG2	ENSMFAG00000002997	ortholog_one2one	1	80.241
Alg3	ENSMUSG00000033809	ALG3	ENSMFAG00000001621	ortholog_one2one	1	89.0411
Alg5	ENSMUSG00000036632	ALG5	ENSMFAG00000019220	ortholog_one2one	1	88.5802
Alg6	ENSMUSG00000073792	ALG6	ENSMFAG00000041396	ortholog_one2one	1	84.6154
Alg8	ENSMUSG00000035704	ALG8	ENSMFAG00000002110	ortholog_one2one	1	84.7909
Alk	ENSMUSG00000055471	ALK	ENSMFAG00000032798	ortholog_one2one	1	87.4769
Alkal1	ENSMUSG00000087247	ALKAL1	ENSMFAG00000044072	ortholog_one2one	1	71.6535
Alkbh1	ENSMUSG00000079036	ALKBH1	ENSMFAG00000001551	ortholog_one2one	1	84.3188
Alkbh2	ENSMUSG00000044339	ALKBH2	ENSMFAG00000003561	ortholog_one2one	1	81.1715
Alkbh3	ENSMUSG00000040174	ALKBH3	ENSMFAG00000031334	ortholog_one2one	1	80.292
Alkbh4	ENSMUSG00000039754	ALKBH4	ENSMFAG00000001499	ortholog_one2one	1	78.6667
Alkbh5	ENSMUSG00000042650	ALKBH5	ENSMFAG00000001517	ortholog_one2one	1	96.962
Alkbh7	ENSMUSG00000002661	ALKBH7	ENSMFAG00000045978	ortholog_one2one	1	81.448
Allc	ENSMUSG00000020636	ALLC	ENSMFAG00000000829	ortholog_one2one	1	78.5024
Alox12	ENSMUSG00000000320	ALOX12	ENSMFAG00000039492	ortholog_one2one	1	86.1237
Alox12b	ENSMUSG00000032807	ALOX12B	ENSMFAG00000001379	ortholog_one2one	1	86.1626
Alox5ap	ENSMUSG00000060063	ALOX5AP	ENSMFAG00000032586	ortholog_one2one	1	54.9801
Alox8	ENSMUSG00000020891	ALOX15B	ENSMFAG00000002960	ortholog_one2one	1	75.9232
Aloxe3	ENSMUSG00000020892	ALOXE3	ENSMFAG00000042832	ortholog_one2one	1	88.6076
Alpk1	ENSMUSG00000028028	ALPK1	ENSMFAG00000035373	ortholog_one2one	1	72.1365
Alpk2	ENSMUSG00000032845	ALPK2	ENSMFAG00000041202	ortholog_one2one	1	55.7369
Alpl	ENSMUSG00000028766	ALPL	ENSMFAG00000039118	ortholog_one2one	1	90.2672
Als2	ENSMUSG00000026024	ALS2	ENSMFAG00000039968	ortholog_one2one	1	92.2471
Als2cl	ENSMUSG00000044037	ALS2CL	ENSMFAG00000034134	ortholog_one2one	1	81.8277
Alx1	ENSMUSG00000036602	ALX1	ENSMFAG00000030471	ortholog_one2one	1	96.6258
Alx3	ENSMUSG00000014603	ALX3	ENSMFAG00000000542	ortholog_one2one	1	90.0875
Alx4	ENSMUSG00000040310	ALX4	ENSMFAG00000002075	ortholog_one2one	1	92.2306
Alyref	ENSMUSG00000025134	ALYREF	ENSMFAG00000001394	ortholog_one2many	1	85.4902
Amacr	ENSMUSG00000022244	AMACR	ENSMFAG00000032307	ortholog_one2one	1	77.9528
Ambn	ENSMUSG00000029288	AMBN	ENSMFAG00000038007	ortholog_one2one	1	66.5877
Ambp	ENSMUSG00000028356	AMBP	ENSMFAG00000041195	ortholog_one2one	1	69.914
Amd1	ENSMUSG00000075232	AMD1	ENSMFAG00000031017	ortholog_one2many	1	91.5767
Amdhd1	ENSMUSG00000015890	AMDHD1	ENSMFAG00000046264	ortholog_one2one	1	82.6291
Amdhd2	ENSMUSG00000036820	AMDHD2	ENSMFAG00000002099	ortholog_one2one	1	90.709
Amer1	ENSMUSG00000050332	AMER1	ENSMFAG00000042356	ortholog_one2one	1	78.7103
Amhr2	ENSMUSG00000023047	AMHR2	ENSMFAG00000040829	ortholog_one2one	1	77.4648
Amigo1	ENSMUSG00000050947	AMIGO1	ENSMFAG00000030580	ortholog_one2one	1	89.6341
Amigo2	ENSMUSG00000048218	AMIGO2	ENSMFAG00000036236	ortholog_one2one	1	88.632
Amigo3	ENSMUSG00000032593	AMIGO3	ENSMFAG00000029250	ortholog_one2one	1	75
Ammecr1	ENSMUSG00000042225	AMMECR1	ENSMFAG00000057591	ortholog_one2one	1	90.407
Amot	ENSMUSG00000041688	AMOT	ENSMFAG00000032269	ortholog_one2one	1	79.7513
Amotl1	ENSMUSG00000013076	AMOTL1	ENSMFAG00000032749	ortholog_one2one	1	86.2603
Amotl2	ENSMUSG00000032531	AMOTL2	ENSMFAG00000036610	ortholog_one2one	1	90.1554
Ampd1	ENSMUSG00000070385	AMPD1	ENSMFAG00000038085	ortholog_one2one	1	92.0805
Ampd2	ENSMUSG00000027889	AMPD2	ENSMFAG00000040571	ortholog_one2one	1	97.619
Ampd3	ENSMUSG00000005686	AMPD3	ENSMFAG00000003361	ortholog_one2one	1	94.7781
Amph	ENSMUSG00000021314	AMPH	ENSMFAG00000000228	ortholog_one2one	1	81.2427
Amt	ENSMUSG00000032607	AMT	ENSMFAG00000003688	ortholog_one2one	1	89.5782
Amtn	ENSMUSG00000029282	AMTN	ENSMFAG00000036874	ortholog_one2one	1	62.9108
Amz1	ENSMUSG00000050022	AMZ1	ENSMFAG00000045552	ortholog_one2one	1	59.761
Anapc1	ENSMUSG00000014355	ANAPC1	ENSMFAG00000037630	ortholog_one2one	1	92.4383
Anapc10	ENSMUSG00000036977	ANAPC10	ENSMFAG00000001142	ortholog_one2one	1	99.4595
Anapc13	ENSMUSG00000035048	ANAPC13	ENSMFAG00000035408	ortholog_one2one	1	95.9459
Anapc16	ENSMUSG00000020107	ANAPC16	ENSMFAG00000034172	ortholog_one2one	1	100
Anapc2	ENSMUSG00000026965	ANAPC2	ENSMFAG00000039218	ortholog_one2one	1	92.7121
Anapc4	ENSMUSG00000029176	ANAPC4	ENSMFAG00000037891	ortholog_one2one	1	93.6803
Anapc5	ENSMUSG00000029472	ANAPC5	ENSMFAG00000038352	ortholog_one2one	1	92.973
Anapc7	ENSMUSG00000029466	ANAPC7	ENSMFAG00000030528	ortholog_one2one	1	98.5841
Angel1	ENSMUSG00000021257	ANGEL1	ENSMFAG00000045195	ortholog_one2one	1	89.0555
Angel2	ENSMUSG00000026634	ANGEL2	ENSMFAG00000039813	ortholog_one2one	1	85.1103
Angpt1	ENSMUSG00000022309	ANGPT1	ENSMFAG00000041761	ortholog_one2one	1	97.1888
Angpt2	ENSMUSG00000031465	ANGPT2	ENSMFAG00000044644	ortholog_one2one	1	84.0726
Angpt4	ENSMUSG00000027460	ANGPT4	ENSMFAG00000041964	ortholog_one2one	1	55.0098
Angptl1	ENSMUSG00000033544	ANGPTL1	ENSMFAG00000031474	ortholog_one2one	1	93.4694
Angptl2	ENSMUSG00000004105	ANGPTL2	ENSMFAG00000038065	ortholog_one2one	1	95.7404
Angptl3	ENSMUSG00000028553	ANGPTL3	ENSMFAG00000007083	ortholog_one2one	1	77.5824
Angptl4	ENSMUSG00000002289	ANGPTL4	ENSMFAG00000003517	ortholog_one2one	1	75.3659
Angptl6	ENSMUSG00000038742	ANGPTL6	ENSMFAG00000038494	ortholog_one2one	1	69.8031
Angptl7	ENSMUSG00000028989	ANGPTL7	ENSMFAG00000046176	ortholog_one2one	1	88.724
Ank	ENSMUSG00000022265	ANKH	ENSMFAG00000038859	ortholog_one2one	1	98.374
Ank1	ENSMUSG00000031543	ANK1	ENSMFAG00000045115	ortholog_one2one	1	91.246
Ank2	ENSMUSG00000032826	ANK2	ENSMFAG00000032015	ortholog_one2one	1	83.673
Ankdd1a	ENSMUSG00000066510	ANKDD1A	ENSMFAG00000041562	ortholog_one2one	1	84.1667
Ankef1	ENSMUSG00000074771	ANKEF1	ENSMFAG00000002941	ortholog_one2one	1	84.7742
Ankfn1	ENSMUSG00000047773	ANKFN1	ENSMFAG00000032096	ortholog_one2one	1	88.647
Ankfy1	ENSMUSG00000020790	ANKFY1	ENSMFAG00000030993	ortholog_one2one	1	95.2096
Ankhd1	ENSMUSG00000024483	ANKHD1	ENSMFAG00000041567	ortholog_one2one	1	92.7786
Ankib1	ENSMUSG00000040351	ANKIB1	ENSMFAG00000040224	ortholog_one2one	1	93.4562
Ankle2	ENSMUSG00000029501	ANKLE2	ENSMFAG00000041129	ortholog_one2one	1	62.8261
Ankmy1	ENSMUSG00000034212	ANKMY1	ENSMFAG00000014439	ortholog_one2one	1	66.4671
Ankmy2	ENSMUSG00000036188	ANKMY2	ENSMFAG00000002401	ortholog_one2one	1	83.1818
Ankra2	ENSMUSG00000021661	ANKRA2	ENSMFAG00000043204	ortholog_one2one	1	95.1923
Ankrd1	ENSMUSG00000024803	ANKRD1	ENSMFAG00000003868	ortholog_one2one	1	89.0282
Ankrd10	ENSMUSG00000031508	ANKRD10	ENSMFAG00000042265	ortholog_one2one	1	71.0843
Ankrd11	ENSMUSG00000035569	ANKRD11	ENSMFAG00000040263	ortholog_one2one	1	80.6659
Ankrd12	ENSMUSG00000034647	ANKRD12	ENSMFAG00000034700	ortholog_one2one	1	81.2347
Ankrd13b	ENSMUSG00000037907	ANKRD13B	ENSMFAG00000002123	ortholog_one2one	1	97.1246
Ankrd13c	ENSMUSG00000039988	ANKRD13C	ENSMFAG00000042830	ortholog_one2one	1	91.6821
Ankrd13d	ENSMUSG00000005986	ANKRD13D	ENSMFAG00000061318	ortholog_one2one	1	92.3967
Ankrd17	ENSMUSG00000055204	ANKRD17	ENSMFAG00000033592	ortholog_one2one	1	96.9126
Ankrd2	ENSMUSG00000025172	ANKRD2	ENSMFAG00000039302	ortholog_one2one	1	73.7952
Ankrd22	ENSMUSG00000024774	ANKRD22	ENSMFAG00000042098	ortholog_one2one	1	82.199
Ankrd27	ENSMUSG00000034867	ANKRD27	ENSMFAG00000030329	ortholog_one2one	1	82.0611
Ankrd28	ENSMUSG00000014496	ANKRD28	ENSMFAG00000045739	ortholog_one2one	1	97.4359
Ankrd29	ENSMUSG00000057766	ANKRD29	ENSMFAG00000032971	ortholog_one2one	1	93.2039
Ankrd31	ENSMUSG00000109561	ANKRD31	ENSMFAG00000044070	ortholog_one2one	1	55.9207
Ankrd33	ENSMUSG00000047034	ANKRD33	ENSMFAG00000043847	ortholog_one2one	1	70.3264
Ankrd34a	ENSMUSG00000049097	ANKRD34A	ENSMFAG00000050371	ortholog_one2one	1	57.5758
Ankrd34b	ENSMUSG00000045034	ANKRD34B	ENSMFAG00000028493	ortholog_one2one	1	82.6772
Ankrd34c	ENSMUSG00000047606	ANKRD34C	ENSMFAG00000007725	ortholog_one2one	1	89.5131
Ankrd35	ENSMUSG00000038354	ANKRD35	ENSMFAG00000036117	ortholog_one2one	1	83.2329
Ankrd37	ENSMUSG00000050914	ANKRD37	ENSMFAG00000033324	ortholog_one2one	1	77.9874
Ankrd39	ENSMUSG00000079610	ANKRD39	ENSMFAG00000001711	ortholog_one2one	1	87.9781
Ankrd40	ENSMUSG00000020864	ANKRD40	ENSMFAG00000003914	ortholog_one2one	1	93.3884
Ankrd40cl	ENSMUSG00000094091	ANKRD40CL	ENSMFAG00000049218	ortholog_one2one	1	55.1724
Ankrd42	ENSMUSG00000041343	ANKRD42	ENSMFAG00000017987	ortholog_one2one	1	79.6512
Ankrd44	ENSMUSG00000052331	ANKRD44	ENSMFAG00000032694	ortholog_one2one	1	94.0584
Ankrd45	ENSMUSG00000044835	ANKRD45	ENSMFAG00000003535	ortholog_one2one	1	79.0323
Ankrd46	ENSMUSG00000048307	ANKRD46	ENSMFAG00000043665	ortholog_one2one	1	92.5439
Ankrd49	ENSMUSG00000031931	ANKRD49	ENSMFAG00000038557	ortholog_one2one	1	88.6555
Ankrd52	ENSMUSG00000014498	ANKRD52	ENSMFAG00000037030	ortholog_one2one	1	98.8848
Ankrd53	ENSMUSG00000014747	ANKRD53	ENSMFAG00000031224	ortholog_one2one	1	50.9054
Ankrd54	ENSMUSG00000033055	ANKRD54	ENSMFAG00000042331	ortholog_one2one	1	91.6388
Ankrd55	ENSMUSG00000049985	ANKRD55	ENSMFAG00000031576	ortholog_one2one	1	84.0256
Ankrd6	ENSMUSG00000040183	ANKRD6	ENSMFAG00000034278	ortholog_one2one	1	79.9157
Ankrd60	ENSMUSG00000027517	ANKRD60	ENSMFAG00000003716	ortholog_one2one	1	62.2642
Ankrd61	ENSMUSG00000029607	ANKRD61	ENSMFAG00000045423	ortholog_one2one	1	72.209
Ankrd66	ENSMUSG00000096140	ANKRD66	ENSMFAG00000046275	ortholog_one2one	1	73.4375
Anks1	ENSMUSG00000024219	ANKS1A	ENSMFAG00000003052	ortholog_one2one	1	88.5274
Anks1b	ENSMUSG00000058589	ANKS1B	ENSMFAG00000032660	ortholog_one2one	1	92.1366
Anks3	ENSMUSG00000022515	ANKS3	ENSMFAG00000033670	ortholog_one2one	1	67.6336
Anks4b	ENSMUSG00000030909	ANKS4B	ENSMFAG00000042236	ortholog_one2one	1	82.0331
Anks6	ENSMUSG00000066191	ANKS6	ENSMFAG00000031706	ortholog_one2one	1	80.8311
Ankub1	ENSMUSG00000074591	ANKUB1	ENSMFAG00000042057	ortholog_one2one	1	79.3358
Ankzf1	ENSMUSG00000026199	ANKZF1	ENSMFAG00000002912	ortholog_one2one	1	73.7968
Ano1	ENSMUSG00000031075	ANO1	ENSMFAG00000000653	ortholog_one2one	1	91.841
Ano10	ENSMUSG00000037949	ANO10	ENSMFAG00000042189	ortholog_one2one	1	91.047
Ano2	ENSMUSG00000038115	ANO2	ENSMFAG00000045036	ortholog_one2one	1	92.1158
Ano3	ENSMUSG00000074968	ANO3	ENSMFAG00000032443	ortholog_one2one	1	92.4567
Ano4	ENSMUSG00000035189	ANO4	ENSMFAG00000036524	ortholog_one2one	1	98.3246
Ano5	ENSMUSG00000055489	ANO5	ENSMFAG00000001354	ortholog_one2one	1	81.4159
Ano6	ENSMUSG00000064210	ANO6	ENSMFAG00000037126	ortholog_one2one	1	88.6937
Ano7	ENSMUSG00000034107	ANO7	ENSMFAG00000001859	ortholog_one2one	1	72.759
Anp32a	ENSMUSG00000032249	ANP32A	ENSMFAG00000043083	ortholog_one2one	1	85.0202
Anp32b	ENSMUSG00000028333	ANP32B	ENSMFAG00000032850	ortholog_one2many	1	80.1471
Anp32e	ENSMUSG00000015749	ANP32E	ENSMFAG00000000851	ortholog_one2one	1	93.8462
Anpep	ENSMUSG00000039062	ANPEP	ENSMFAG00000031450	ortholog_one2one	1	76.3975
Antkmt	ENSMUSG00000057411	ANTKMT	ENSMFAG00000042579	ortholog_one2one	1	61.5721
Antxr1	ENSMUSG00000033420	ANTXR1	ENSMFAG00000044025	ortholog_one2one	1	95.5516
Antxr2	ENSMUSG00000029338	ANTXR2	ENSMFAG00000045998	ortholog_one2one	1	77.2074
Anxa1	ENSMUSG00000024659	ANXA1	ENSMFAG00000042357	ortholog_one2one	1	87.8613
Anxa10	ENSMUSG00000031635	ANXA10	ENSMFAG00000002951	ortholog_one2one	1	89.5062
Anxa2	ENSMUSG00000032231	ANXA2	ENSMFAG00000030479	ortholog_one2one	1	97.6401
Anxa3	ENSMUSG00000029484	ANXA3	ENSMFAG00000003067	ortholog_one2one	1	87.3065
Anxa4	ENSMUSG00000029994	ANXA4	ENSMFAG00000033651	ortholog_one2one	1	91.536
Anxa6	ENSMUSG00000018340	ANXA6	ENSMFAG00000037015	ortholog_one2one	1	92.6537
Anxa7	ENSMUSG00000021814	ANXA7	ENSMFAG00000043677	ortholog_one2one	1	93.3045
Aoc2	ENSMUSG00000078651	AOC2	ENSMFAG00000038881	ortholog_one2one	1	80.4491
Aoc3	ENSMUSG00000019326	AOC3	ENSMFAG00000048619	ortholog_one2one	1	82.6144
Aopep	ENSMUSG00000021458	AOPEP	ENSMFAG00000003845	ortholog_one2one	1	74.9696
Aox1	ENSMUSG00000063558	AOX1	ENSMFAG00000036889	ortholog_one2one	1	81.3203
Ap1ar	ENSMUSG00000074238	AP1AR	ENSMFAG00000064871	ortholog_one2one	1	85.2349
Ap1b1	ENSMUSG00000009090	AP1B1	ENSMFAG00000039960	ortholog_one2one	1	96.6066
Ap1g1	ENSMUSG00000031731	AP1G1	ENSMFAG00000037769	ortholog_one2one	1	99.2701
Ap1m1	ENSMUSG00000003033	AP1M1	ENSMFAG00000035693	ortholog_one2one	1	99.2908
Ap1m2	ENSMUSG00000003309	AP1M2	ENSMFAG00000002157	ortholog_one2one	1	96.4539
Ap1s1	ENSMUSG00000004849	AP1S1	ENSMFAG00000030473	ortholog_one2one	1	100
Ap1s2	ENSMUSG00000031367	AP1S2	ENSMFAG00000001506	ortholog_one2one	1	92.3567
Ap1s3	ENSMUSG00000054702	AP1S3	ENSMFAG00000039450	ortholog_one2one	1	88.961
Ap2a1	ENSMUSG00000060279	AP2A1	ENSMFAG00000042161	ortholog_one2one	1	93.4031
Ap2a2	ENSMUSG00000002957	AP2A2	ENSMFAG00000031260	ortholog_one2one	1	95.5224
Ap2b1	ENSMUSG00000035152	AP2B1	ENSMFAG00000032866	ortholog_one2one	1	99.8948
Ap2m1	ENSMUSG00000022841	AP2M1	ENSMFAG00000024802	ortholog_one2one	1	99.5381
Ap2s1	ENSMUSG00000008036	AP2S1	ENSMFAG00000022670	ortholog_one2one	1	92.9577
Ap3b1	ENSMUSG00000021686	AP3B1	ENSMFAG00000040032	ortholog_one2one	1	87.5113
Ap3b2	ENSMUSG00000062444	AP3B2	ENSMFAG00000002685	ortholog_one2one	1	91.6821
Ap3d1	ENSMUSG00000020198	AP3D1	ENSMFAG00000033202	ortholog_one2one	1	88.5738
Ap3m1	ENSMUSG00000021824	AP3M1	ENSMFAG00000045360	ortholog_one2one	1	99.0431
Ap3m2	ENSMUSG00000031539	AP3M2	ENSMFAG00000045662	ortholog_one2one	1	97.8469
Ap3s1	ENSMUSG00000024480	AP3S1	ENSMFAG00000003364	ortholog_one2one	1	100
Ap3s2	ENSMUSG00000063801	AP3S2	ENSMFAG00000057910	ortholog_one2one	1	90.6736
Ap4b1	ENSMUSG00000032952	AP4B1	ENSMFAG00000020154	ortholog_one2one	1	91.0569
Ap4m1	ENSMUSG00000019518	AP4M1	ENSMFAG00000040792	ortholog_one2one	1	93.9866
Ap5m1	ENSMUSG00000036291	AP5M1	ENSMFAG00000036074	ortholog_one2one	1	84.0816
Ap5s1	ENSMUSG00000068264	AP5S1	ENSMFAG00000042735	ortholog_one2one	1	87.5
Ap5z1	ENSMUSG00000039623	AP5Z1	ENSMFAG00000032526	ortholog_one2one	1	71.6233
Apaf1	ENSMUSG00000019979	APAF1	ENSMFAG00000039197	ortholog_one2one	1	87.5901
Apba3	ENSMUSG00000004931	APBA3	ENSMFAG00000044015	ortholog_one2one	1	65.1489
Apbb1ip	ENSMUSG00000026786	APBB1IP	ENSMFAG00000044592	ortholog_one2one	1	73.8806
Apbb3	ENSMUSG00000117679	APBB3	ENSMFAG00000001205	ortholog_one2one	1	90.7407
Apc	ENSMUSG00000005871	APC	ENSMFAG00000041277	ortholog_one2one	1	89.62
Apcs	ENSMUSG00000026542	APCS	ENSMFAG00000057662	ortholog_one2one	1	65.625
Apeh	ENSMUSG00000032590	APEH	ENSMFAG00000043600	ortholog_one2one	1	87.9781
Apex1	ENSMUSG00000035960	APEX1	ENSMFAG00000002565	ortholog_one2one	1	94.3218
Apex2	ENSMUSG00000025269	APEX2	ENSMFAG00000002486	ortholog_one2one	1	78.6822
Aph1a	ENSMUSG00000015750	APH1A	ENSMFAG00000034137	ortholog_one2one	1	81.5094
Aph1b	ENSMUSG00000032375	APH1B	ENSMFAG00000050606	ortholog_one2many	1	85.9922
Aph1c	ENSMUSG00000053040	APH1B	ENSMFAG00000050606	ortholog_one2many	1	82.5581
Api5	ENSMUSG00000027193	API5	ENSMFAG00000037679	ortholog_one2one	1	97.0238
Apip	ENSMUSG00000010911	APIP	ENSMFAG00000031416	ortholog_one2one	1	93.361
Aplnr	ENSMUSG00000044338	APLNR	ENSMFAG00000030255	ortholog_one2one	1	92.0424
Aplp1	ENSMUSG00000006651	APLP1	ENSMFAG00000038687	ortholog_one2one	1	89.1437
Aplp2	ENSMUSG00000031996	APLP2	ENSMFAG00000040269	ortholog_one2one	1	92.277
Apmap	ENSMUSG00000033096	APMAP	ENSMFAG00000033103	ortholog_one2one	1	89.6386
Apoa2	ENSMUSG00000005681	APOA2	ENSMFAG00000031068	ortholog_one2one	1	64.7059
Apoa5	ENSMUSG00000032079	APOA5	ENSMFAG00000038810	ortholog_one2one	1	71.7391
Apob	ENSMUSG00000020609	APOB	ENSMFAG00000037483	ortholog_one2one	1	70.5216
Apobec2	ENSMUSG00000040694	APOBEC2	ENSMFAG00000044645	ortholog_one2one	1	91.0714
Apobec4	ENSMUSG00000055547	APOBEC4	ENSMFAG00000049493	ortholog_one2one	1	58.8235
Apoc1	ENSMUSG00000040564	APOC1	ENSMFAG00000038912	ortholog_one2one	1	65.9091
Apoc2	ENSMUSG00000002992	APOC2	ENSMFAG00000024498	ortholog_one2one	1	65.9794
Apoc4	ENSMUSG00000074336	APOC4	ENSMFAG00000044777	ortholog_one2one	1	56.4516
Apod	ENSMUSG00000022548	APOD	ENSMFAG00000002871	ortholog_one2one	1	60.8466
Apoe	ENSMUSG00000002985	APOE	ENSMFAG00000042185	ortholog_one2one	1	59.164
Apof	ENSMUSG00000047631	APOF	ENSMFAG00000036691	ortholog_one2one	1	56.7485
Apold1	ENSMUSG00000090698	APOLD1	ENSMFAG00000055903	ortholog_one2one	1	88.6179
Apom	ENSMUSG00000024391	APOM	ENSMFAG00000043119	ortholog_one2one	1	51.0526
Apool	ENSMUSG00000025525	APOOL	ENSMFAG00000042547	ortholog_one2one	1	69.0566
App	ENSMUSG00000022892	APP	ENSMFAG00000002479	ortholog_one2one	1	97.3369
Appbp2	ENSMUSG00000018481	APPBP2	ENSMFAG00000031643	ortholog_one2one	1	98.8034
Appl1	ENSMUSG00000040760	APPL1	ENSMFAG00000000686	ortholog_one2one	1	98.0198
Appl2	ENSMUSG00000020263	APPL2	ENSMFAG00000043698	ortholog_one2one	1	92.4471
Aprt	ENSMUSG00000006589	APRT	ENSMFAG00000003499	ortholog_one2one	1	83.8889
Aptx	ENSMUSG00000028411	APTX	ENSMFAG00000043141	ortholog_one2one	1	86.2687
Aqp11	ENSMUSG00000042797	AQP11	ENSMFAG00000001663	ortholog_one2one	1	82.2878
Aqp2	ENSMUSG00000023013	AQP2	ENSMFAG00000042087	ortholog_one2one	1	88.9299
Aqp3	ENSMUSG00000028435	AQP3	ENSMFAG00000043420	ortholog_one2one	1	95.5479
Aqp4	ENSMUSG00000024411	AQP4	ENSMFAG00000041146	ortholog_one2one	1	91.6409
Aqp5	ENSMUSG00000044217	AQP5	ENSMFAG00000032827	ortholog_one2one	1	90.1887
Aqp6	ENSMUSG00000043144	AQP6	ENSMFAG00000003316	ortholog_one2one	1	77.8986
Aqp8	ENSMUSG00000030762	AQP8	ENSMFAG00000038519	ortholog_one2one	1	77.6923
Aqp9	ENSMUSG00000032204	AQP9	ENSMFAG00000039733	ortholog_one2one	1	77.9661
Aqr	ENSMUSG00000040383	AQR	ENSMFAG00000030453	ortholog_one2one	1	95.0034
Ar	ENSMUSG00000046532	AR	ENSMFAG00000042543	ortholog_one2one	1	81.535
Araf	ENSMUSG00000001127	ARAF	ENSMFAG00000031035	ortholog_one2one	1	95.0331
Arap1	ENSMUSG00000032812	ARAP1	ENSMFAG00000039424	ortholog_one2one	1	90.1457
Arap2	ENSMUSG00000037999	ARAP2	ENSMFAG00000041357	ortholog_one2one	1	82.8538
Arap3	ENSMUSG00000024451	ARAP3	ENSMFAG00000002504	ortholog_one2one	1	88.2315
Arb2a	ENSMUSG00000064138	ARB2A	ENSMFAG00000001171	ortholog_one2one	1	94.3396
Arcn1	ENSMUSG00000032096	ARCN1	ENSMFAG00000029358	ortholog_one2one	1	98.6301
Areg	ENSMUSG00000029378	AREG	ENSMFAG00000039089	ortholog_one2one	1	62.5
Arel1	ENSMUSG00000042350	AREL1	ENSMFAG00000034133	ortholog_one2one	1	97.2053
Arf1	ENSMUSG00000048076	ARF1	ENSMFAG00000034073	ortholog_one2many	1	100
Arf3	ENSMUSG00000051853	ARF3	ENSMFAG00000036847	ortholog_one2one	1	100
Arf5	ENSMUSG00000020440	ARF5	ENSMFAG00000019772	ortholog_one2one	1	100
Arf6	ENSMUSG00000044147	ARF6	ENSMFAG00000001534	ortholog_one2one	1	81.1429
Arfgap1	ENSMUSG00000027575	ARFGAP1	ENSMFAG00000045918	ortholog_one2one	1	63.5266
Arfgap2	ENSMUSG00000027255	ARFGAP2	ENSMFAG00000030043	ortholog_one2one	1	91.5385
Arfgap3	ENSMUSG00000054277	ARFGAP3	ENSMFAG00000043297	ortholog_one2one	1	80.7619
Arfgef1	ENSMUSG00000067851	ARFGEF1	ENSMFAG00000030778	ortholog_one2one	1	97.6165
Arfgef2	ENSMUSG00000074582	ARFGEF2	ENSMFAG00000001750	ortholog_one2one	1	95.4799
Arfgef3	ENSMUSG00000019852	ARFGEF3	ENSMFAG00000040356	ortholog_one2one	1	92.0276
Arfip1	ENSMUSG00000074513	ARFIP1	ENSMFAG00000003342	ortholog_one2one	1	94.1349
Arfip2	ENSMUSG00000030881	ARFIP2	ENSMFAG00000025246	ortholog_one2one	1	98.827
Arg1	ENSMUSG00000019987	ARG1	ENSMFAG00000045543	ortholog_one2one	1	85.7585
Arg2	ENSMUSG00000021125	ARG2	ENSMFAG00000000946	ortholog_one2one	1	85.0283
Arglu1	ENSMUSG00000040459	ARGLU1	ENSMFAG00000033482	ortholog_one2one	1	98.893
Arhgap1	ENSMUSG00000027247	ARHGAP1	ENSMFAG00000036912	ortholog_one2one	1	96.3554
Arhgap10	ENSMUSG00000037148	ARHGAP10	ENSMFAG00000039963	ortholog_one2one	1	85.4962
Arhgap12	ENSMUSG00000041225	ARHGAP12	ENSMFAG00000003462	ortholog_one2one	1	92.1279
Arhgap15	ENSMUSG00000049744	ARHGAP15	ENSMFAG00000016740	ortholog_one2one	1	85.8628
Arhgap17	ENSMUSG00000030766	ARHGAP17	ENSMFAG00000039049	ortholog_one2one	1	84.87
Arhgap18	ENSMUSG00000039031	ARHGAP18	ENSMFAG00000002561	ortholog_one2one	1	85.822
Arhgap19	ENSMUSG00000025154	ARHGAP19	ENSMFAG00000002183	ortholog_one2one	1	85.83
Arhgap20	ENSMUSG00000053199	ARHGAP20	ENSMFAG00000036507	ortholog_one2one	1	79.1032
Arhgap21	ENSMUSG00000036591	ARHGAP21	ENSMFAG00000041144	ortholog_one2one	1	86.7519
Arhgap25	ENSMUSG00000030047	ARHGAP25	ENSMFAG00000001418	ortholog_one2one	1	87.037
Arhgap26	ENSMUSG00000036452	ARHGAP26	ENSMFAG00000002069	ortholog_one2one	1	97.1744
Arhgap27	ENSMUSG00000034255	ARHGAP27	ENSMFAG00000001149	ortholog_one2one	1	81.9403
Arhgap28	ENSMUSG00000024043	ARHGAP28	ENSMFAG00000003744	ortholog_one2one	1	83.1536
Arhgap29	ENSMUSG00000039831	ARHGAP29	ENSMFAG00000043826	ortholog_one2one	1	78.1201
Arhgap30	ENSMUSG00000048865	ARHGAP30	ENSMFAG00000000715	ortholog_one2one	1	65.8737
Arhgap31	ENSMUSG00000022799	ARHGAP31	ENSMFAG00000041247	ortholog_one2one	1	78.1053
Arhgap32	ENSMUSG00000041444	ARHGAP32	ENSMFAG00000039342	ortholog_one2one	1	86.3218
Arhgap35	ENSMUSG00000058230	ARHGAP35	ENSMFAG00000041192	ortholog_one2one	1	97.5984
Arhgap36	ENSMUSG00000036198	ARHGAP36	ENSMFAG00000042270	ortholog_one2one	1	80.4878
Arhgap4	ENSMUSG00000031389	ARHGAP4	ENSMFAG00000038733	ortholog_one2one	1	67.0157
Arhgap42	ENSMUSG00000050730	ARHGAP42	ENSMFAG00000000533	ortholog_one2one	1	95.7194
Arhgap44	ENSMUSG00000033389	ARHGAP44	ENSMFAG00000033484	ortholog_one2one	1	94.5946
Arhgap45	ENSMUSG00000035697	ARHGAP45	ENSMFAG00000037188	ortholog_one2one	1	80.8244
Arhgap5	ENSMUSG00000035133	ARHGAP5	ENSMFAG00000000350	ortholog_one2one	1	97.4052
Arhgap6	ENSMUSG00000031355	ARHGAP6	ENSMFAG00000037315	ortholog_one2one	1	66.7081
Arhgap8	ENSMUSG00000078954	ARHGAP8	ENSMFAG00000031694	ortholog_one2one	1	79.7647
Arhgap9	ENSMUSG00000040345	ARHGAP9	ENSMFAG00000039577	ortholog_one2one	1	59.8765
Arhgdib	ENSMUSG00000030220	ARHGDIB	ENSMFAG00000040353	ortholog_one2one	1	86.5
Arhgef1	ENSMUSG00000040940	ARHGEF1	ENSMFAG00000032261	ortholog_one2one	1	86.9565
Arhgef10	ENSMUSG00000071176	ARHGEF10	ENSMFAG00000016956	ortholog_one2one	1	80.6691
Arhgef10l	ENSMUSG00000040964	ARHGEF10L	ENSMFAG00000040019	ortholog_one2one	1	85.6796
Arhgef11	ENSMUSG00000041977	ARHGEF11	ENSMFAG00000037817	ortholog_one2one	1	85.8247
Arhgef12	ENSMUSG00000059495	ARHGEF12	ENSMFAG00000001538	ortholog_one2one	1	89.1839
Arhgef15	ENSMUSG00000052921	ARHGEF15	ENSMFAG00000041846	ortholog_one2one	1	84.5701
Arhgef16	ENSMUSG00000029032	ARHGEF16	ENSMFAG00000046261	ortholog_one2one	1	81.3464
Arhgef19	ENSMUSG00000028919	ARHGEF19	ENSMFAG00000039124	ortholog_one2one	1	54.9875
Arhgef2	ENSMUSG00000028059	ARHGEF2	ENSMFAG00000034906	ortholog_one2one	1	87.6142
Arhgef25	ENSMUSG00000019467	ARHGEF25	ENSMFAG00000043848	ortholog_one2one	1	86.4078
Arhgef26	ENSMUSG00000036885	ARHGEF26	ENSMFAG00000031011	ortholog_one2one	1	82.8539
Arhgef28	ENSMUSG00000021662	ARHGEF28	ENSMFAG00000043970	ortholog_one2one	1	80.7059
Arhgef3	ENSMUSG00000021895	ARHGEF3	ENSMFAG00000029926	ortholog_one2one	1	90.2672
Arhgef33	ENSMUSG00000054901	ARHGEF33	ENSMFAG00000041349	ortholog_one2one	1	82.5882
Arhgef37	ENSMUSG00000045094	ARHGEF37	ENSMFAG00000040761	ortholog_one2one	1	79.2899
Arhgef38	ENSMUSG00000040969	ARHGEF38	ENSMFAG00000041172	ortholog_one2one	1	85.3247
Arhgef39	ENSMUSG00000051517	ARHGEF39	ENSMFAG00000046013	ortholog_one2one	1	83.1395
Arhgef40	ENSMUSG00000004562	ARHGEF40	ENSMFAG00000023588	ortholog_one2one	1	86.6842
Arhgef5	ENSMUSG00000033542	ARHGEF5	ENSMFAG00000043922	ortholog_one2one	1	65.0221
Arhgef6	ENSMUSG00000031133	ARHGEF6	ENSMFAG00000040848	ortholog_one2one	1	91.5694
Arhgef7	ENSMUSG00000031511	ARHGEF7	ENSMFAG00000003018	ortholog_one2one	1	93.0946
Arhgef9	ENSMUSG00000025656	ARHGEF9	ENSMFAG00000001080	ortholog_one2one	1	96.9407
Arid1a	ENSMUSG00000007880	ARID1A	ENSMFAG00000032392	ortholog_one2one	1	79.8514
Arid1b	ENSMUSG00000069729	ARID1B	ENSMFAG00000035788	ortholog_one2one	1	76.8271
Arid2	ENSMUSG00000033237	ARID2	ENSMFAG00000038693	ortholog_one2one	1	92.6149
Arid3a	ENSMUSG00000019564	ARID3A	ENSMFAG00000045609	ortholog_one2one	1	73.2113
Arid3b	ENSMUSG00000004661	ARID3B	ENSMFAG00000033841	ortholog_one2one	1	85.9155
Arid4a	ENSMUSG00000048118	ARID4A	ENSMFAG00000037044	ortholog_one2one	1	85.4084
Arid5b	ENSMUSG00000019947	ARID5B	ENSMFAG00000036687	ortholog_one2one	1	88.1313
Arih1	ENSMUSG00000025234	ARIH1	ENSMFAG00000037344	ortholog_one2one	1	99.4595
Arih2	ENSMUSG00000064145	ARIH2	ENSMFAG00000000139	ortholog_one2one	1	80.6911
Ark2c	ENSMUSG00000025427	ARK2C	ENSMFAG00000000616	ortholog_one2one	1	86.7435
Ark2n	ENSMUSG00000047466	ARK2N	ENSMFAG00000042249	ortholog_one2one	1	94.7368
Arl1	ENSMUSG00000060904	ARL1	ENSMFAG00000035725	ortholog_one2one	1	69.6133
Arl10	ENSMUSG00000025870	ARL10	ENSMFAG00000033979	ortholog_one2one	1	53.9095
Arl13b	ENSMUSG00000022911	ARL13B	ENSMFAG00000044585	ortholog_one2one	1	80.7962
Arl14	ENSMUSG00000098207	ARL14	ENSMFAG00000028826	ortholog_one2one	1	62.5
Arl14ep	ENSMUSG00000027122	ARL14EP	ENSMFAG00000001165	ortholog_one2one	1	87.3188
Arl14epl	ENSMUSG00000073568	ARL14EPL	ENSMFAG00000062567	ortholog_one2one	1	88.8158
Arl15	ENSMUSG00000042348	ARL15	ENSMFAG00000028679	ortholog_one2one	1	97.0588
Arl2	ENSMUSG00000024944	ARL2	ENSMFAG00000041098	ortholog_one2one	1	96.1957
Arl2bp	ENSMUSG00000031776	ARL2BP	ENSMFAG00000002659	ortholog_one2one	1	96.9325
Arl3	ENSMUSG00000025035	ARL3	ENSMFAG00000057536	ortholog_one2one	1	98.3516
Arl4d	ENSMUSG00000034936	ARL4D	ENSMFAG00000029966	ortholog_one2one	1	95.0249
Arl5b	ENSMUSG00000017418	ARL5B	ENSMFAG00000059466	ortholog_one2one	1	100
Arl6	ENSMUSG00000022722	ARL6	ENSMFAG00000035901	ortholog_one2one	1	91.9355
Arl6ip4	ENSMUSG00000029404	ARL6IP4	ENSMFAG00000034524	ortholog_one2one	1	79.0393
Arl6ip5	ENSMUSG00000035199	ARL6IP5	ENSMFAG00000001584	ortholog_one2many	1	90.4255
Arl6ip6	ENSMUSG00000026960	ARL6IP6	ENSMFAG00000046021	ortholog_one2one	1	82.3009
Arl8a	ENSMUSG00000026426	ARL8A	ENSMFAG00000000767	ortholog_one2one	1	91.3979
Arl8b	ENSMUSG00000030105	ARL8B	ENSMFAG00000035233	ortholog_one2one	1	100
Armc1	ENSMUSG00000027599	ARMC1	ENSMFAG00000020573	ortholog_one2one	1	98.227
Armc10	ENSMUSG00000038525	ARMC10	ENSMFAG00000033426	ortholog_one2one	1	79.7386
Armc12	ENSMUSG00000024223	ARMC12	ENSMFAG00000038125	ortholog_one2one	1	84.1176
Armc2	ENSMUSG00000071324	ARMC2	ENSMFAG00000000238	ortholog_one2one	1	74.1218
Armc3	ENSMUSG00000037683	ARMC3	ENSMFAG00000039311	ortholog_one2one	1	84.3498
Armc5	ENSMUSG00000042178	ARMC5	ENSMFAG00000043898	ortholog_one2one	1	81.1015
Armc6	ENSMUSG00000002343	ARMC6	ENSMFAG00000000505	ortholog_one2one	1	82.0513
Armc8	ENSMUSG00000032468	ARMC8	ENSMFAG00000036859	ortholog_one2one	1	95.8395
Armc9	ENSMUSG00000062590	ARMC9	ENSMFAG00000036933	ortholog_one2one	1	80.1212
Armcx1	ENSMUSG00000033460	ARMCX1	ENSMFAG00000025048	ortholog_one2one	1	84.8684
Armcx2	ENSMUSG00000033436	ARMCX2	ENSMFAG00000032990	ortholog_one2one	1	58.4184
Armcx3	ENSMUSG00000049047	ARMCX3	ENSMFAG00000038645	ortholog_one2one	1	96.0422
Armcx6	ENSMUSG00000050394	ARMCX6	ENSMFAG00000025121	ortholog_one2one	1	69.103
Armh1	ENSMUSG00000060268	ARMH1	ENSMFAG00000040974	ortholog_one2one	1	76.644
Armh3	ENSMUSG00000039901	ARMH3	ENSMFAG00000044833	ortholog_one2one	1	98.4035
Arnt	ENSMUSG00000015522	ARNT	ENSMFAG00000038379	ortholog_one2one	1	91.6561
Arnt2	ENSMUSG00000015709	ARNT2	ENSMFAG00000001849	ortholog_one2one	1	94.9438
Arpc1a	ENSMUSG00000029621	ARPC1A	ENSMFAG00000003138	ortholog_one2one	1	98.6487
Arpc1b	ENSMUSG00000029622	ARPC1B	ENSMFAG00000046299	ortholog_one2one	1	83.4667
Arpc2	ENSMUSG00000006304	ARPC2	ENSMFAG00000030106	ortholog_one2one	1	89
Arpc3	ENSMUSG00000029465	ARPC3	ENSMFAG00000041561	ortholog_one2one	1	93.2584
Arpc4	ENSMUSG00000079426	ARPC4	ENSMFAG00000038887	ortholog_one2one	1	99.4048
Arpc5	ENSMUSG00000008475	ARPC5	ENSMFAG00000036678	ortholog_one2one	1	99.3377
Arpc5l	ENSMUSG00000026755	ARPC5L	ENSMFAG00000033396	ortholog_one2one	1	96.732
Arpin	ENSMUSG00000039043	ARPIN	ENSMFAG00000045494	ortholog_one2one	1	88.4956
Arpp19	ENSMUSG00000007656	ARPP19	ENSMFAG00000049942	ortholog_one2one	1	91.0714
Arr3	ENSMUSG00000060890	ARR3	ENSMFAG00000001019	ortholog_one2one	1	82.1522
Arrb1	ENSMUSG00000018909	ARRB1	ENSMFAG00000042650	ortholog_one2one	1	93.7799
Arrb2	ENSMUSG00000060216	ARRB2	ENSMFAG00000001220	ortholog_one2one	1	92.9268
Arrdc1	ENSMUSG00000026972	ARRDC1	ENSMFAG00000058483	ortholog_one2one	1	80.1843
Arrdc2	ENSMUSG00000002910	ARRDC2	ENSMFAG00000003817	ortholog_one2one	1	80.5897
Arrdc3	ENSMUSG00000074794	ARRDC3	ENSMFAG00000031762	ortholog_one2one	1	98.0676
Arrdc5	ENSMUSG00000073380	ARRDC5	ENSMFAG00000044169	ortholog_one2one	1	68.3077
Arsa	ENSMUSG00000022620	ARSA	ENSMFAG00000041434	ortholog_one2one	1	85.5731
Arsb	ENSMUSG00000042082	ARSB	ENSMFAG00000038907	ortholog_one2one	1	78.6517
Arsg	ENSMUSG00000020604	ARSG	ENSMFAG00000018643	ortholog_one2one	1	81.1429
Arsj	ENSMUSG00000046561	ARSJ	ENSMFAG00000020823	ortholog_one2one	1	90.301
Arsk	ENSMUSG00000021592	ARSK	ENSMFAG00000035630	ortholog_one2one	1	78.4173
Art1	ENSMUSG00000030996	ART1	ENSMFAG00000003890	ortholog_one2one	1	73.8462
Art3	ENSMUSG00000034842	ART3	ENSMFAG00000040258	ortholog_one2one	1	62.0499
Art4	ENSMUSG00000030217	ART4	ENSMFAG00000045038	ortholog_one2one	1	59.6667
Art5	ENSMUSG00000070424	ART5	ENSMFAG00000038891	ortholog_one2one	1	74.11
Artn	ENSMUSG00000028539	ARTN	ENSMFAG00000037537	ortholog_one2one	1	66.9643
Arv1	ENSMUSG00000031982	ARV1	ENSMFAG00000030703	ortholog_one2one	1	81.203
Arvcf	ENSMUSG00000118669	ARVCF	ENSMFAG00000038042	ortholog_one2one	1	83.1839
As3mt	ENSMUSG00000003559	AS3MT	ENSMFAG00000039839	ortholog_one2one	1	76.5957
Asap1	ENSMUSG00000022377	ASAP1	ENSMFAG00000044993	ortholog_one2one	1	91.187
Asap3	ENSMUSG00000036995	ASAP3	ENSMFAG00000038006	ortholog_one2one	1	81.4159
Asb1	ENSMUSG00000026311	ASB1	ENSMFAG00000038837	ortholog_one2one	1	94.3452
Asb11	ENSMUSG00000031382	ASB11	ENSMFAG00000042619	ortholog_one2one	1	90.4025
Asb13	ENSMUSG00000033781	ASB13	ENSMFAG00000000727	ortholog_one2one	1	96.4029
Asb14	ENSMUSG00000021898	ASB14	ENSMFAG00000036861	ortholog_one2one	1	82.2828
Asb15	ENSMUSG00000029685	ASB15	ENSMFAG00000042819	ortholog_one2one	1	88.1647
Asb17	ENSMUSG00000038997	ASB17	ENSMFAG00000044899	ortholog_one2one	1	88.4746
Asb18	ENSMUSG00000067081	ASB18	ENSMFAG00000042948	ortholog_one2one	1	79.108
Asb2	ENSMUSG00000021200	ASB2	ENSMFAG00000042110	ortholog_one2one	1	89.7476
Asb3	ENSMUSG00000020305	ASB3	ENSMFAG00000033020	ortholog_one2one	1	79.2381
Asb4	ENSMUSG00000042607	ASB4	ENSMFAG00000041748	ortholog_one2one	1	92.0188
Asb5	ENSMUSG00000031519	ASB5	ENSMFAG00000000562	ortholog_one2one	1	93.3131
Asb6	ENSMUSG00000039483	ASB6	ENSMFAG00000007597	ortholog_one2one	1	89.9522
Asb7	ENSMUSG00000030509	ASB7	ENSMFAG00000032871	ortholog_one2one	1	99.3711
Asb8	ENSMUSG00000048175	ASB8	ENSMFAG00000002179	ortholog_one2one	1	97.2222
Asb9	ENSMUSG00000031384	ASB9	ENSMFAG00000032962	ortholog_one2one	1	62.069
Ascc1	ENSMUSG00000044475	ASCC1	ENSMFAG00000042558	ortholog_one2one	1	79.2135
Ascc3	ENSMUSG00000038774	ASCC3	ENSMFAG00000002081	ortholog_one2one	1	92.4477
Ascl3	ENSMUSG00000035951	ASCL3	ENSMFAG00000051105	ortholog_one2one	1	69.5402
Asf1a	ENSMUSG00000019857	ASF1A	ENSMFAG00000035748	ortholog_one2one	1	99.5098
Asf1b	ENSMUSG00000005470	ASF1B	ENSMFAG00000044347	ortholog_one2one	1	92.0792
Asgr2	ENSMUSG00000040963	ASGR2	ENSMFAG00000051211	ortholog_one2one	1	65.1163
Asic1	ENSMUSG00000023017	ASIC1	ENSMFAG00000035165	ortholog_one2one	1	98.289
Asic2	ENSMUSG00000020704	ASIC2	ENSMFAG00000007668	ortholog_one2one	1	99.4141
Asic3	ENSMUSG00000038276	ASIC3	ENSMFAG00000001829	ortholog_one2one	1	69.5455
Asic4	ENSMUSG00000033007	ASIC4	ENSMFAG00000045990	ortholog_one2one	1	97.7737
Asic5	ENSMUSG00000028008	ASIC5	ENSMFAG00000044162	ortholog_one2one	1	77.9798
Asns	ENSMUSG00000029752	ASNS	ENSMFAG00000041092	ortholog_one2one	1	92.8699
Aspa	ENSMUSG00000020774	ASPA	ENSMFAG00000000304	ortholog_one2one	1	85.5769
Aspdh	ENSMUSG00000038704	ASPDH	ENSMFAG00000040099	ortholog_one2one	1	71.4286
Aspg	ENSMUSG00000037686	ASPG	ENSMFAG00000032841	ortholog_one2one	1	74.1135
Asphd1	ENSMUSG00000046378	ASPHD1	ENSMFAG00000042406	ortholog_one2one	1	83.3333
Asphd2	ENSMUSG00000029348	ASPHD2	ENSMFAG00000034309	ortholog_one2one	1	93.8775
Aspm	ENSMUSG00000033952	ASPM	ENSMFAG00000044554	ortholog_one2one	1	69.3786
Aspn	ENSMUSG00000021388	ASPN	ENSMFAG00000033118	ortholog_one2one	1	90.3485
Aspscr1	ENSMUSG00000025142	ASPSCR1	ENSMFAG00000032150	ortholog_one2one	1	73.2727
Asrgl1	ENSMUSG00000024654	ASRGL1	ENSMFAG00000036351	ortholog_one2one	1	71.7791
Ass1	ENSMUSG00000076441	ASS1	ENSMFAG00000003315	ortholog_one2one	1	97.3301
Aste1	ENSMUSG00000032567	ASTE1	ENSMFAG00000043710	ortholog_one2one	1	78.2738
Astl	ENSMUSG00000050468	ASTL	ENSMFAG00000054984	ortholog_one2one	1	67.3913
Astn1	ENSMUSG00000026587	ASTN1	ENSMFAG00000003043	ortholog_one2one	1	98.1453
Asxl1	ENSMUSG00000042548	ASXL1	ENSMFAG00000029400	ortholog_one2one	1	73.4303
Asxl2	ENSMUSG00000037486	ASXL2	ENSMFAG00000039252	ortholog_one2one	1	81.0219
Asxl3	ENSMUSG00000045215	ASXL3	ENSMFAG00000032715	ortholog_one2one	1	81.9027
Asz1	ENSMUSG00000010796	ASZ1	ENSMFAG00000033937	ortholog_one2one	1	85.6842
Atad1	ENSMUSG00000013662	ATAD1	ENSMFAG00000033944	ortholog_one2one	1	100
Atad2b	ENSMUSG00000052812	ATAD2B	ENSMFAG00000045919	ortholog_one2one	1	91.6438
Atad3a	ENSMUSG00000029036	ATAD3A	ENSMFAG00000037339	ortholog_one2many	1	87.8173
Atad5	ENSMUSG00000017550	ATAD5	ENSMFAG00000039082	ortholog_one2one	1	69.8795
Atcay	ENSMUSG00000034958	ATCAY	ENSMFAG00000002982	ortholog_one2one	1	90.0538
Ate1	ENSMUSG00000030850	ATE1	ENSMFAG00000043722	ortholog_one2one	1	81.3953
Atf1	ENSMUSG00000023027	ATF1	ENSMFAG00000000109	ortholog_one2one	1	91.4498
Atf2	ENSMUSG00000027104	ATF2	ENSMFAG00000002278	ortholog_one2one	1	99.1786
Atf4	ENSMUSG00000042406	ATF4	ENSMFAG00000000392	ortholog_one2one	1	87.6791
Atf5	ENSMUSG00000038539	ATF5	ENSMFAG00000047390	ortholog_one2one	1	87.6325
Atf6	ENSMUSG00000026663	ATF6	ENSMFAG00000059314	ortholog_one2one	1	85.5183
Atf6b	ENSMUSG00000015461	ATF6B	ENSMFAG00000041028	ortholog_one2one	1	83.8095
Atf7	ENSMUSG00000099083	ATF7	ENSMFAG00000002429	ortholog_one2one	1	96.8944
Atf7ip	ENSMUSG00000030213	ATF7IP	ENSMFAG00000045202	ortholog_one2one	1	72.8943
Atg10	ENSMUSG00000021619	ATG10	ENSMFAG00000031807	ortholog_one2one	1	80.0948
Atg101	ENSMUSG00000037204	ATG101	ENSMFAG00000032136	ortholog_one2one	1	98.6239
Atg12	ENSMUSG00000032905	ATG12	ENSMFAG00000060418	ortholog_one2one	1	87.9433
Atg13	ENSMUSG00000027244	ATG13	ENSMFAG00000038288	ortholog_one2one	1	94.3633
Atg14	ENSMUSG00000037526	ATG14	ENSMFAG00000045831	ortholog_one2one	1	92.6829
Atg16l1	ENSMUSG00000026289	ATG16L1	ENSMFAG00000037545	ortholog_one2one	1	94.7279
Atg2a	ENSMUSG00000024773	ATG2A	ENSMFAG00000002767	ortholog_one2one	1	85.162
Atg2b	ENSMUSG00000041341	ATG2B	ENSMFAG00000031354	ortholog_one2one	1	91.3253
Atg3	ENSMUSG00000022663	ATG3	ENSMFAG00000034247	ortholog_one2one	1	97.1338
Atg4a	ENSMUSG00000079418	ATG4A	ENSMFAG00000039546	ortholog_one2many	1	92.4242
Atg4b	ENSMUSG00000026280	ATG4B	ENSMFAG00000039952	ortholog_one2one	1	94.6565
Atg4c	ENSMUSG00000028550	ATG4C	ENSMFAG00000038279	ortholog_one2one	1	81.441
Atg4d	ENSMUSG00000002820	ATG4D	ENSMFAG00000036604	ortholog_one2one	1	75.3165
Atg5	ENSMUSG00000038160	ATG5	ENSMFAG00000041362	ortholog_one2one	1	97.0909
Atg7	ENSMUSG00000030314	ATG7	ENSMFAG00000040779	ortholog_one2one	1	91.8338
Atg9a	ENSMUSG00000033124	ATG9A	ENSMFAG00000037064	ortholog_one2one	1	97.6162
Atic	ENSMUSG00000026192	ATIC	ENSMFAG00000044630	ortholog_one2one	1	90.2027
Atl1	ENSMUSG00000021066	ATL1	ENSMFAG00000000528	ortholog_one2one	1	96.7742
Atl2	ENSMUSG00000059811	ATL2	ENSMFAG00000037890	ortholog_one2one	1	92.4528
Atl3	ENSMUSG00000024759	ATL3	ENSMFAG00000035680	ortholog_one2one	1	94.4547
Atm	ENSMUSG00000034218	ATM	ENSMFAG00000004053	ortholog_one2one	1	83.366
Atmin	ENSMUSG00000047388	ATMIN	ENSMFAG00000035738	ortholog_one2one	1	79.5844
Atn1	ENSMUSG00000004263	ATN1	ENSMFAG00000001982	ortholog_one2one	1	93.7021
Atoh8	ENSMUSG00000037621	ATOH8	ENSMFAG00000031235	ortholog_one2one	1	87.2671
Atosa	ENSMUSG00000034858	ATOSA	ENSMFAG00000042817	ortholog_one2one	1	73.3023
Atosb	ENSMUSG00000036002	ATOSB	ENSMFAG00000043531	ortholog_one2one	1	91.6357
Atox1	ENSMUSG00000018585	ATOX1	ENSMFAG00000050498	ortholog_one2one	1	79.4118
Atp10b	ENSMUSG00000055415	ATP10B	ENSMFAG00000045373	ortholog_one2one	1	80.6362
Atp10d	ENSMUSG00000046808	ATP10D	ENSMFAG00000032751	ortholog_one2one	1	83.7571
Atp11a	ENSMUSG00000031441	ATP11A	ENSMFAG00000032147	ortholog_one2one	1	91.5937
Atp11b	ENSMUSG00000037400	ATP11B	ENSMFAG00000035388	ortholog_one2one	1	93.2766
Atp11c	ENSMUSG00000062949	ATP11C	ENSMFAG00000043019	ortholog_one2one	1	86.271
Atp13a2	ENSMUSG00000036622	ATP13A2	ENSMFAG00000035826	ortholog_one2one	1	79.6407
Atp13a3	ENSMUSG00000022533	ATP13A3	ENSMFAG00000039232	ortholog_one2one	1	89.8277
Atp13a4	ENSMUSG00000038094	ATP13A4	ENSMFAG00000033333	ortholog_one2one	1	87.1752
Atp13a5	ENSMUSG00000048939	ATP13A5	ENSMFAG00000040211	ortholog_one2one	1	82.7303
Atp1a1	ENSMUSG00000033161	ATP1A1	ENSMFAG00000034219	ortholog_one2one	1	93.8416
Atp1a3	ENSMUSG00000040907	ATP1A3	ENSMFAG00000000209	ortholog_one2one	1	90.5458
Atp1a4	ENSMUSG00000007107	ATP1A4	ENSMFAG00000031296	ortholog_one2one	1	83.0426
Atp1b1	ENSMUSG00000026576	ATP1B1	ENSMFAG00000039661	ortholog_one2one	1	91.7763
Atp1b2	ENSMUSG00000041329	ATP1B2	ENSMFAG00000039656	ortholog_one2one	1	97.2414
Atp1b3	ENSMUSG00000032412	ATP1B3	ENSMFAG00000040649	ortholog_one2many	1	73.3813
Atp1b4	ENSMUSG00000016327	ATP1B4	ENSMFAG00000040089	ortholog_one2one	1	89.2045
Atp2a1	ENSMUSG00000030730	ATP2A1	ENSMFAG00000048869	ortholog_one2one	1	94.165
Atp2a2	ENSMUSG00000029467	ATP2A2	ENSMFAG00000030226	ortholog_one2one	1	98.7976
Atp2a3	ENSMUSG00000020788	ATP2A3	ENSMFAG00000001154	ortholog_one2one	1	94.3944
Atp2b1	ENSMUSG00000019943	ATP2B1	ENSMFAG00000045257	ortholog_one2one	1	99.5082
Atp2b2	ENSMUSG00000030302	ATP2B2	ENSMFAG00000034151	ortholog_one2one	1	98.9149
Atp2b4	ENSMUSG00000026463	ATP2B4	ENSMFAG00000010073	ortholog_one2one	1	84.6473
Atp2c1	ENSMUSG00000032570	ATP2C1	ENSMFAG00000039173	ortholog_one2one	1	96.732
Atp2c2	ENSMUSG00000034112	ATP2C2	ENSMFAG00000041363	ortholog_one2one	1	84.6398
Atp4a	ENSMUSG00000005553	ATP4A	ENSMFAG00000038036	ortholog_one2one	1	87.6209
Atp4b	ENSMUSG00000031449	ATP4B	ENSMFAG00000036883	ortholog_one2one	1	82.6531
Atp5f1a	ENSMUSG00000025428	ATP5F1A	ENSMFAG00000001649	ortholog_one2one	1	97.1067
Atp5f1b	ENSMUSG00000025393	ATP5F1B	ENSMFAG00000042914	ortholog_one2one	1	96.5974
Atp5f1c	ENSMUSG00000025781	ATP5F1C	ENSMFAG00000030332	ortholog_one2one	1	91.2752
Atp5f1d	ENSMUSG00000003072	ATP5F1D	ENSMFAG00000039140	ortholog_one2one	1	87.5
Atp5f1e	ENSMUSG00000016252	ATP5F1E	ENSMFAG00000049506	ortholog_one2one	1	88.4615
Atp5mc3	ENSMUSG00000018770	ATP5MC3	ENSMFAG00000056189	ortholog_one2many	1	96.4539
Atp5pf	ENSMUSG00000022890	ATP5PF	ENSMFAG00000044695	ortholog_one2one	1	73.1481
Atp5po	ENSMUSG00000022956	ATP5PO	ENSMFAG00000036539	ortholog_one2one	1	82.1596
Atp6ap1	ENSMUSG00000019087	ATP6AP1	ENSMFAG00000003619	ortholog_one2one	1	82.9374
Atp6ap2	ENSMUSG00000031007	ATP6AP2	ENSMFAG00000038545	ortholog_one2one	1	94.5714
Atp6v0a1	ENSMUSG00000019302	ATP6V0A1	ENSMFAG00000009940	ortholog_one2one	1	95.5847
Atp6v0a2	ENSMUSG00000038023	ATP6V0A2	ENSMFAG00000039847	ortholog_one2one	1	90.8878
Atp6v0a4	ENSMUSG00000038600	ATP6V0A4	ENSMFAG00000044669	ortholog_one2one	1	86.7947
Atp6v0d1	ENSMUSG00000013160	ATP6V0D1	ENSMFAG00000000689	ortholog_one2one	1	89.7436
Atp6v1b1	ENSMUSG00000006269	ATP6V1B1	ENSMFAG00000042374	ortholog_one2one	1	93.1774
Atp6v1b2	ENSMUSG00000006273	ATP6V1B2	ENSMFAG00000033694	ortholog_one2one	1	90.998
Atp6v1c1	ENSMUSG00000022295	ATP6V1C1	ENSMFAG00000045088	ortholog_one2one	1	98.1675
Atp6v1c2	ENSMUSG00000020566	ATP6V1C2	ENSMFAG00000032936	ortholog_one2one	1	92.9134
Atp6v1d	ENSMUSG00000021114	ATP6V1D	ENSMFAG00000036334	ortholog_one2one	1	94.332
Atp6v1e1	ENSMUSG00000019210	ATP6V1E1	ENSMFAG00000032946	ortholog_one2one	1	73.3096
Atp6v1f	ENSMUSG00000004285	ATP6V1F	ENSMFAG00000049671	ortholog_one2many	1	97.479
Atp6v1g1	ENSMUSG00000039105	ATP6V1G1	ENSMFAG00000037281	ortholog_one2one	1	95.7627
Atp6v1g2	ENSMUSG00000024403	ATP6V1G2	ENSMFAG00000032573	ortholog_one2one	1	77.9661
Atp6v1g3	ENSMUSG00000026394	ATP6V1G3	ENSMFAG00000038612	ortholog_one2one	1	83.0508
Atp6v1h	ENSMUSG00000033793	ATP6V1H	ENSMFAG00000032985	ortholog_one2one	1	98.4946
Atp7a	ENSMUSG00000033792	ATP7A	ENSMFAG00000037371	ortholog_one2one	1	90.0067
Atp8a1	ENSMUSG00000037685	ATP8A1	ENSMFAG00000038620	ortholog_one2one	1	89.7143
Atp8a2	ENSMUSG00000021983	ATP8A2	ENSMFAG00000037099	ortholog_one2one	1	90.6794
Atp8b1	ENSMUSG00000039529	ATP8B1	ENSMFAG00000036154	ortholog_one2one	1	86.6507
Atp8b2	ENSMUSG00000060671	ATP8B2	ENSMFAG00000025147	ortholog_one2one	1	96.7227
Atp8b3	ENSMUSG00000003341	ATP8B3	ENSMFAG00000030115	ortholog_one2one	1	63.221
Atp8b4	ENSMUSG00000060131	ATP8B4	ENSMFAG00000034721	ortholog_one2one	1	85.9296
Atp9a	ENSMUSG00000027546	ATP9A	ENSMFAG00000001634	ortholog_one2one	1	97.9943
Atp9b	ENSMUSG00000024566	ATP9B	ENSMFAG00000035856	ortholog_one2one	1	93.304
Atpsckmt	ENSMUSG00000039065	ATPSCKMT	ENSMFAG00000044629	ortholog_one2one	1	69.6356
Atr	ENSMUSG00000032409	ATR	ENSMFAG00000001151	ortholog_one2one	1	90.1174
Atraid	ENSMUSG00000013622	ATRAID	ENSMFAG00000021083	ortholog_one2one	1	81.1659
Atrip	ENSMUSG00000025646	ATRIP	ENSMFAG00000040873	ortholog_one2one	1	64.0764
Atrn	ENSMUSG00000027312	ATRN	ENSMFAG00000036611	ortholog_one2one	1	83.7535
Atrnl1	ENSMUSG00000054843	ATRNL1	ENSMFAG00000003582	ortholog_one2one	1	95.8636
Atrx	ENSMUSG00000031229	ATRX	ENSMFAG00000031719	ortholog_one2one	1	84.168
Atxn1	ENSMUSG00000046876	ATXN1	ENSMFAG00000032779	ortholog_one2one	1	89.2541
Atxn10	ENSMUSG00000016541	ATXN10	ENSMFAG00000030950	ortholog_one2one	1	82.5263
Atxn1l	ENSMUSG00000069895	ATXN1L	ENSMFAG00000029752	ortholog_one2one	1	91.4119
Atxn2	ENSMUSG00000042605	ATXN2	ENSMFAG00000000374	ortholog_one2one	1	80.4044
Atxn2l	ENSMUSG00000032637	ATXN2L	ENSMFAG00000030590	ortholog_one2one	1	86.9526
Atxn7	ENSMUSG00000021738	ATXN7	ENSMFAG00000037665	ortholog_one2one	1	85.0058
Atxn7l1	ENSMUSG00000020564	ATXN7L1	ENSMFAG00000033602	ortholog_one2one	1	88.9007
Atxn7l2	ENSMUSG00000048997	ATXN7L2	ENSMFAG00000041449	ortholog_one2one	1	89.9425
Atxn7l3	ENSMUSG00000059995	ATXN7L3	ENSMFAG00000001591	ortholog_one2one	1	99.4236
Auh	ENSMUSG00000021460	AUH	ENSMFAG00000003934	ortholog_one2one	1	95.5414
Aunip	ENSMUSG00000078521	AUNIP	ENSMFAG00000041647	ortholog_one2one	1	60.2941
Aurka	ENSMUSG00000027496	AURKA	ENSMFAG00000001851	ortholog_one2one	1	83.038
Aurkb	ENSMUSG00000020897	AURKB	ENSMFAG00000038167	ortholog_one2one	1	84.3478
Auts2	ENSMUSG00000029673	AUTS2	ENSMFAG00000035871	ortholog_one2one	1	75.1189
Aven	ENSMUSG00000003604	AVEN	ENSMFAG00000037922	ortholog_one2one	1	74.269
Avil	ENSMUSG00000025432	AVIL	ENSMFAG00000030854	ortholog_one2one	1	89.2552
Avpi1	ENSMUSG00000018821	AVPI1	ENSMFAG00000043548	ortholog_one2one	1	80.2817
Avpr1b	ENSMUSG00000026432	AVPR1B	ENSMFAG00000040573	ortholog_one2one	1	81.4727
Avpr2	ENSMUSG00000031390	AVPR2	ENSMFAG00000043716	ortholog_one2one	1	73.3154
Awat1	ENSMUSG00000015665	AWAT1	ENSMFAG00000030435	ortholog_one2one	1	81.7073
Awat2	ENSMUSG00000031220	AWAT2	ENSMFAG00000003948	ortholog_one2one	1	81.3814
Axdnd1	ENSMUSG00000026601	AXDND1	ENSMFAG00000042963	ortholog_one2one	1	64.9695
Axin1	ENSMUSG00000024182	AXIN1	ENSMFAG00000002216	ortholog_one2one	1	87.8331
Axin2	ENSMUSG00000000142	AXIN2	ENSMFAG00000000055	ortholog_one2one	1	65
Axl	ENSMUSG00000002602	AXL	ENSMFAG00000039691	ortholog_one2one	1	86.8243
Azi2	ENSMUSG00000039285	AZI2	ENSMFAG00000032889	ortholog_one2one	1	82.716
Azin1	ENSMUSG00000037458	AZIN1	ENSMFAG00000040038	ortholog_one2one	1	95.9821
Azin2	ENSMUSG00000028789	AZIN2	ENSMFAG00000032478	ortholog_one2one	1	86.2745
B2m	ENSMUSG00000060802	B2M	ENSMFAG00000034244	ortholog_one2one	1	63.8655
B3galnt1	ENSMUSG00000043300	B3GALNT1	ENSMFAG00000059346	ortholog_one2one	1	93.9577
B3galt1	ENSMUSG00000034780	B3GALT1	ENSMFAG00000008871	ortholog_one2one	1	100
B3galt2	ENSMUSG00000033849	B3GALT2	ENSMFAG00000030327	ortholog_one2one	1	94.3128
B3galt4	ENSMUSG00000067370	B3GALT4	ENSMFAG00000041942	ortholog_one2one	1	75.2022
B3galt5	ENSMUSG00000074892	B3GALT5	ENSMFAG00000000800	ortholog_one2one	1	71.4286
B3galt9	ENSMUSG00000107167	B3GALT9	ENSMFAG00000062661	ortholog_one2one	1	81.25
B3gat2	ENSMUSG00000026156	B3GAT2	ENSMFAG00000064443	ortholog_one2one	1	81.1728
B3gat3	ENSMUSG00000071649	B3GAT3	ENSMFAG00000037575	ortholog_one2one	1	88.3582
B3glct	ENSMUSG00000051950	B3GLCT	ENSMFAG00000041822	ortholog_one2one	1	83.4356
B3gnt2	ENSMUSG00000051650	B3GNT2	ENSMFAG00000029481	ortholog_one2one	1	88.1612
B3gnt4	ENSMUSG00000029431	B3GNT4	ENSMFAG00000032438	ortholog_one2one	1	79.1429
B3gnt7	ENSMUSG00000079445	B3GNT7	ENSMFAG00000033039	ortholog_one2one	1	84.131
B3gnt8	ENSMUSG00000059479	B3GNT8	ENSMFAG00000026005	ortholog_one2one	1	66.838
B3gnt9	ENSMUSG00000069920	B3GNT9	ENSMFAG00000051218	ortholog_one2one	1	63.1579
B4galnt1	ENSMUSG00000006731	B4GALNT1	ENSMFAG00000034688	ortholog_one2one	1	85.7411
B4galnt2	ENSMUSG00000013418	B4GALNT2	ENSMFAG00000003631	ortholog_one2one	1	74.5098
B4galnt3	ENSMUSG00000041372	B4GALNT3	ENSMFAG00000001510	ortholog_one2one	1	82.755
B4galnt4	ENSMUSG00000055629	B4GALNT4	ENSMFAG00000039389	ortholog_one2one	1	66.8279
B4galt1	ENSMUSG00000028413	B4GALT1	ENSMFAG00000003205	ortholog_one2one	1	87.4687
B4galt2	ENSMUSG00000028541	B4GALT2	ENSMFAG00000042908	ortholog_one2one	1	89.9729
B4galt3	ENSMUSG00000052423	B4GALT3	ENSMFAG00000043338	ortholog_one2one	1	95.9494
B4galt4	ENSMUSG00000022793	B4GALT4	ENSMFAG00000003907	ortholog_one2one	1	82.8488
B4galt5	ENSMUSG00000017929	B4GALT5	ENSMFAG00000037307	ortholog_one2one	1	94.5876
B4galt6	ENSMUSG00000056124	B4GALT6	ENSMFAG00000033017	ortholog_one2one	1	95.0262
B9d2	ENSMUSG00000063439	B9D2	ENSMFAG00000031118	ortholog_one2one	1	94.8571
BC005537	ENSMUSG00000019132	C6orf62	ENSMFAG00000039257	ortholog_one2one	1	100
BC016579	ENSMUSG00000033187	C3orf52	ENSMFAG00000037777	ortholog_one2one	1	65.1376
BC028528	ENSMUSG00000038543	C1orf54	ENSMFAG00000002775	ortholog_one2one	1	55.4054
BC031181	ENSMUSG00000036299	C18orf32	ENSMFAG00000030546	ortholog_one2one	1	84.7222
BC048562	ENSMUSG00000050641	C3orf84	ENSMFAG00000053517	ortholog_one2one	1	81.3726
BC051019	ENSMUSG00000031022	C11orf16	ENSMFAG00000037709	ortholog_one2one	1	60.9453
Baat	ENSMUSG00000039653	BAAT	ENSMFAG00000000947	ortholog_one2one	1	68.5714
Babam1	ENSMUSG00000031820	BABAM1	ENSMFAG00000044771	ortholog_one2one	1	89.1892
Babam2	ENSMUSG00000052139	BABAM2	ENSMFAG00000042120	ortholog_one2one	1	95.3003
Bacc1	ENSMUSG00000020831	C17orf49	ENSMFAG00000031742	ortholog_one2one	1	84.8168
Bace1	ENSMUSG00000032086	BACE1	ENSMFAG00000031386	ortholog_one2one	1	96.2076
Bach1	ENSMUSG00000025612	BACH1	ENSMFAG00000041148	ortholog_one2one	1	79.8376
Bach2	ENSMUSG00000040270	BACH2	ENSMFAG00000040061	ortholog_one2one	1	90.2265
Bad	ENSMUSG00000024959	BAD	ENSMFAG00000035492	ortholog_one2one	1	79.0123
Bag3	ENSMUSG00000030847	BAG3	ENSMFAG00000035851	ortholog_one2one	1	84.5754
Bag4	ENSMUSG00000037316	BAG4	ENSMFAG00000032088	ortholog_one2one	1	83.8074
Bag5	ENSMUSG00000049792	BAG5	ENSMFAG00000046271	ortholog_one2one	1	91.9463
Bag6	ENSMUSG00000024392	BAG6	ENSMFAG00000000146	ortholog_one2one	1	89.7747
Bahd1	ENSMUSG00000040007	BAHD1	ENSMFAG00000031150	ortholog_one2one	1	88.0829
Baiap2	ENSMUSG00000025372	BAIAP2	ENSMFAG00000043088	ortholog_one2one	1	91.3684
Baiap2l1	ENSMUSG00000038859	BAIAP2L1	ENSMFAG00000037269	ortholog_one2one	1	80.5447
Baiap3	ENSMUSG00000047507	BAIAP3	ENSMFAG00000001912	ortholog_one2one	1	82.6957
Bak1	ENSMUSG00000057789	BAK1	ENSMFAG00000029410	ortholog_one2one	1	71.2919
Banf1	ENSMUSG00000024844	BANF1	ENSMFAG00000049457	ortholog_one2one	1	96.6292
Banf2	ENSMUSG00000037307	BANF2	ENSMFAG00000034171	ortholog_one2one	1	90
Bank1	ENSMUSG00000037922	BANK1	ENSMFAG00000041462	ortholog_one2one	1	65.7727
Banp	ENSMUSG00000025316	BANP	ENSMFAG00000037628	ortholog_one2one	1	84.5872
Bap1	ENSMUSG00000021901	BAP1	ENSMFAG00000037249	ortholog_one2one	1	94.2308
Bard1	ENSMUSG00000026196	BARD1	ENSMFAG00000032566	ortholog_one2one	1	69.4118
Barhl1	ENSMUSG00000026805	BARHL1	ENSMFAG00000001005	ortholog_one2one	1	96.0245
Barhl2	ENSMUSG00000034384	BARHL2	ENSMFAG00000051984	ortholog_one2one	1	93.75
Barx1	ENSMUSG00000021381	BARX1	ENSMFAG00000050575	ortholog_one2one	1	94.0945
Barx2	ENSMUSG00000032033	BARX2	ENSMFAG00000037907	ortholog_one2one	1	85.8657
Batf	ENSMUSG00000034266	BATF	ENSMFAG00000031172	ortholog_one2one	1	96
Baz1a	ENSMUSG00000035021	BAZ1A	ENSMFAG00000043129	ortholog_one2one	1	87.3067
Baz1b	ENSMUSG00000002748	BAZ1B	ENSMFAG00000030535	ortholog_one2one	1	91.3455
Baz2a	ENSMUSG00000040054	BAZ2A	ENSMFAG00000029840	ortholog_one2one	1	84.2774
Baz2b	ENSMUSG00000026987	BAZ2B	ENSMFAG00000037367	ortholog_one2one	1	87.8003
Bbc3	ENSMUSG00000002083	BBC3	ENSMFAG00000033464	ortholog_one2one	1	51.2953
Bbof1	ENSMUSG00000057265	BBOF1	ENSMFAG00000037820	ortholog_one2one	1	78.9869
Bbox1	ENSMUSG00000041660	BBOX1	ENSMFAG00000044005	ortholog_one2one	1	88.8889
Bbs1	ENSMUSG00000006464	BBS1	ENSMFAG00000032611	ortholog_one2one	1	90.3879
Bbs10	ENSMUSG00000035759	BBS10	ENSMFAG00000033883	ortholog_one2one	1	68.1627
Bbs2	ENSMUSG00000031755	BBS2	ENSMFAG00000032963	ortholog_one2one	1	90.5687
Bbs4	ENSMUSG00000025235	BBS4	ENSMFAG00000039973	ortholog_one2one	1	87.8846
Bbs5	ENSMUSG00000063145	BBS5	ENSMFAG00000040347	ortholog_one2one	1	59.824
Bbs7	ENSMUSG00000037325	BBS7	ENSMFAG00000042678	ortholog_one2one	1	84.5272
Bbs9	ENSMUSG00000035919	BBS9	ENSMFAG00000045258	ortholog_one2one	1	88.0682
Bbx	ENSMUSG00000022641	BBX	ENSMFAG00000039245	ortholog_one2one	1	88.7541
Bcam	ENSMUSG00000002980	BCAM	ENSMFAG00000001855	ortholog_one2one	1	73.3119
Bcan	ENSMUSG00000004892	BCAN	ENSMFAG00000000828	ortholog_one2one	1	82.5595
Bcap31	ENSMUSG00000002015	BCAP31	ENSMFAG00000039860	ortholog_one2one	1	65.2568
Bcar1	ENSMUSG00000031955	BCAR1	ENSMFAG00000035344	ortholog_one2one	1	90.2844
Bcar3	ENSMUSG00000028121	BCAR3	ENSMFAG00000045481	ortholog_one2one	1	86.2195
Bcas1	ENSMUSG00000013523	BCAS1	ENSMFAG00000033646	ortholog_one2one	1	57.346
Bcas2	ENSMUSG00000005687	BCAS2	ENSMFAG00000043933	ortholog_one2one	1	100
Bcas3	ENSMUSG00000059439	BCAS3	ENSMFAG00000041899	ortholog_one2one	1	96.7141
Bcat1	ENSMUSG00000030268	BCAT1	ENSMFAG00000003944	ortholog_one2one	1	84.1969
Bcat2	ENSMUSG00000030826	BCAT2	ENSMFAG00000001784	ortholog_one2one	1	81.4249
Bcdin3d	ENSMUSG00000037525	BCDIN3D	ENSMFAG00000038249	ortholog_one2one	1	79.2982
Bche	ENSMUSG00000027792	BCHE	ENSMFAG00000031933	ortholog_one2one	1	79.9337
Bckdha	ENSMUSG00000060376	BCKDHA	ENSMFAG00000041490	ortholog_one2one	1	88.7892
Bckdhb	ENSMUSG00000032263	BCKDHB	ENSMFAG00000040052	ortholog_one2one	1	91.7949
Bckdk	ENSMUSG00000030802	BCKDK	ENSMFAG00000003444	ortholog_one2one	1	87.3786
Bcl10	ENSMUSG00000028191	BCL10	ENSMFAG00000040544	ortholog_one2one	1	67.8112
Bcl11a	ENSMUSG00000000861	BCL11A	ENSMFAG00000016402	ortholog_one2one	1	92.2156
Bcl2	ENSMUSG00000057329	BCL2	ENSMFAG00000056444	ortholog_one2one	1	91.1017
Bcl2l1	ENSMUSG00000007659	BCL2L1	ENSMFAG00000044741	ortholog_one2one	1	97.4249
Bcl2l12	ENSMUSG00000003190	BCL2L12	ENSMFAG00000042931	ortholog_one2one	1	81.9608
Bcl2l15	ENSMUSG00000044165	BCL2L15	ENSMFAG00000035381	ortholog_one2one	1	67.0659
Bcl3	ENSMUSG00000053175	BCL3	ENSMFAG00000061427	ortholog_one2one	1	66.7411
Bcl6	ENSMUSG00000022508	BCL6	ENSMFAG00000001360	ortholog_one2one	1	94.7666
Bcl6b	ENSMUSG00000000317	BCL6B	ENSMFAG00000042774	ortholog_one2one	1	85.2321
Bcl7a	ENSMUSG00000029438	BCL7A	ENSMFAG00000045274	ortholog_one2one	1	91.9048
Bcl7b	ENSMUSG00000029681	BCL7B	ENSMFAG00000038630	ortholog_one2one	1	84.1584
Bcl7c	ENSMUSG00000030814	BCL7C	ENSMFAG00000032311	ortholog_one2one	1	78.341
Bcl9	ENSMUSG00000038256	BCL9	ENSMFAG00000043762	ortholog_one2one	1	95.5088
Bcl9l	ENSMUSG00000063382	BCL9L	ENSMFAG00000045922	ortholog_one2one	1	93.7543
Bclaf1	ENSMUSG00000037608	BCLAF1	ENSMFAG00000039754	ortholog_one2one	1	95.1493
Bclaf3	ENSMUSG00000044150	BCLAF3	ENSMFAG00000003230	ortholog_one2one	1	59.9734
Bco1	ENSMUSG00000031845	BCO1	ENSMFAG00000035655	ortholog_one2one	1	82.6855
Bco2	ENSMUSG00000032066	BCO2	ENSMFAG00000037360	ortholog_one2one	1	80.8271
Bcor	ENSMUSG00000040363	BCOR	ENSMFAG00000042404	ortholog_one2one	1	88.4594
Bcorl1	ENSMUSG00000036959	BCORL1	ENSMFAG00000032757	ortholog_one2one	1	86.749
Bcr	ENSMUSG00000009681	BCR	ENSMFAG00000044501	ortholog_one2one	1	85.5906
Bcs1l	ENSMUSG00000026172	BCS1L	ENSMFAG00000044997	ortholog_one2one	1	93.5407
Bdh1	ENSMUSG00000046598	BDH1	ENSMFAG00000039410	ortholog_one2one	1	86.0058
Bdh2	ENSMUSG00000028167	BDH2	ENSMFAG00000036890	ortholog_one2one	1	91.0204
Bdkrb2	ENSMUSG00000021070	BDKRB2	ENSMFAG00000025374	ortholog_one2one	1	79.0816
Bdnf	ENSMUSG00000048482	BDNF	ENSMFAG00000003789	ortholog_one2one	1	96.7871
Bdp1	ENSMUSG00000049658	BDP1	ENSMFAG00000041440	ortholog_one2one	1	56.7086
Bean1	ENSMUSG00000031872	BEAN1	ENSMFAG00000031444	ortholog_one2one	1	78.8235
Becn1	ENSMUSG00000035086	BECN1	ENSMFAG00000032400	ortholog_one2one	1	98.6607
Becn2	ENSMUSG00000104158	BECN2	ENSMFAG00000060731	ortholog_one2one	1	50.3356
Bend3	ENSMUSG00000038214	BEND3	ENSMFAG00000043850	ortholog_one2one	1	91.0303
Bend4	ENSMUSG00000092060	BEND4	ENSMFAG00000031463	ortholog_one2one	1	68.9464
Best1	ENSMUSG00000037418	BEST1	ENSMFAG00000033154	ortholog_one2one	1	59.3466
Best3	ENSMUSG00000020169	BEST3	ENSMFAG00000041620	ortholog_one2one	1	81.7638
Bex1	ENSMUSG00000050071	BEX2	ENSMFAG00000039332	ortholog_many2many	1	67.1875
Bex2	ENSMUSG00000042750	BEX1	ENSMFAG00000023283	ortholog_many2many	1	75.1938
Bfar	ENSMUSG00000022684	BFAR	ENSMFAG00000039965	ortholog_one2one	1	90.8889
Bfsp1	ENSMUSG00000027420	BFSP1	ENSMFAG00000035524	ortholog_one2one	1	67.27
Bfsp2	ENSMUSG00000032556	BFSP2	ENSMFAG00000038407	ortholog_one2one	1	79.5673
Bglap	ENSMUSG00000074483	BGLAP	ENSMFAG00000056045	ortholog_one2many	1	61.0526
Bglap2	ENSMUSG00000074486	BGLAP	ENSMFAG00000056045	ortholog_one2many	1	63.1579
Bglap3	ENSMUSG00000074489	BGLAP	ENSMFAG00000056045	ortholog_one2many	1	60
Bgn	ENSMUSG00000031375	BGN	ENSMFAG00000001443	ortholog_one2one	1	95.664
Bhlha9	ENSMUSG00000044243	BHLHA9	ENSMFAG00000065543	ortholog_one2one	1	58.0087
Bhlhb9	ENSMUSG00000072964	GPRASP3	ENSMFAG00000030578	ortholog_one2one	1	73.6549
Bhlhe40	ENSMUSG00000030103	BHLHE40	ENSMFAG00000040134	ortholog_one2one	1	90.7543
Bhmt	ENSMUSG00000074768	BHMT	ENSMFAG00000030260	ortholog_one2many	1	94.5946
Bicc1	ENSMUSG00000014329	BICC1	ENSMFAG00000036177	ortholog_one2one	1	92.7329
Bicdl1	ENSMUSG00000041609	BICDL1	ENSMFAG00000003401	ortholog_one2one	1	93.5875
Bicdl2	ENSMUSG00000043782	BICDL2	ENSMFAG00000001950	ortholog_one2one	1	77.9093
Bicral	ENSMUSG00000036568	BICRAL	ENSMFAG00000001446	ortholog_one2one	1	87.1508
Bin1	ENSMUSG00000024381	BIN1	ENSMFAG00000031946	ortholog_one2one	1	96.2264
Bin2	ENSMUSG00000098112	BIN2	ENSMFAG00000046291	ortholog_one2one	1	65.3179
Bin3	ENSMUSG00000022089	BIN3	ENSMFAG00000042420	ortholog_one2one	1	91.3043
Birc2	ENSMUSG00000057367	BIRC2	ENSMFAG00000033018	ortholog_one2one	1	84.4771
Birc6	ENSMUSG00000024073	BIRC6	ENSMFAG00000008985	ortholog_one2one	1	93.5769
Blcap	ENSMUSG00000067787	BLCAP	ENSMFAG00000050109	ortholog_one2one	1	100
Blk	ENSMUSG00000014453	BLK	ENSMFAG00000034616	ortholog_one2one	1	74.1483
Blm	ENSMUSG00000030528	BLM	ENSMFAG00000042982	ortholog_one2one	1	76.3251
Blmh	ENSMUSG00000020840	BLMH	ENSMFAG00000001589	ortholog_one2one	1	93.8462
Blnk	ENSMUSG00000061132	BLNK	ENSMFAG00000043139	ortholog_one2one	1	82.7133
Bloc1s1	ENSMUSG00000090247	BLOC1S1	ENSMFAG00000057152	ortholog_one2one	1	99.2
Bloc1s6	ENSMUSG00000005804	BLOC1S6	ENSMFAG00000034141	ortholog_one2one	1	77.907
Bltp1	ENSMUSG00000037270	BLTP1	ENSMFAG00000030541	ortholog_one2one	1	96.0639
Bltp2	ENSMUSG00000010277	BLTP2	ENSMFAG00000001375	ortholog_one2one	1	88.3617
Bltp3a	ENSMUSG00000039512	BLTP3A	ENSMFAG00000000555	ortholog_one2one	1	83.7649
Bltp3b	ENSMUSG00000019951	BLTP3B	ENSMFAG00000010028	ortholog_one2one	1	82.361
Blvrb	ENSMUSG00000040466	BLVRB	ENSMFAG00000040130	ortholog_one2one	1	82.0388
Blzf1	ENSMUSG00000026577	BLZF1	ENSMFAG00000042415	ortholog_one2one	1	83.3747
Bmal1	ENSMUSG00000055116	BMAL1	ENSMFAG00000034184	ortholog_one2one	1	90.4153
Bmal2	ENSMUSG00000040187	BMAL2	ENSMFAG00000002262	ortholog_one2one	1	71.5026
Bmerb1	ENSMUSG00000044117	BMERB1	ENSMFAG00000005809	ortholog_one2one	1	96.0591
Bmf	ENSMUSG00000040093	BMF	ENSMFAG00000055720	ortholog_one2one	1	59.0406
Bmi1	ENSMUSG00000026739	BMI1	ENSMFAG00000038107	ortholog_one2one	1	97.2222
Bmp1	ENSMUSG00000022098	BMP1	ENSMFAG00000040256	ortholog_one2one	1	95.56
Bmp10	ENSMUSG00000030046	BMP10	ENSMFAG00000038780	ortholog_one2one	1	85.9857
Bmp15	ENSMUSG00000023279	BMP15	ENSMFAG00000000610	ortholog_one2one	1	62.5
Bmp2	ENSMUSG00000027358	BMP2	ENSMFAG00000044057	ortholog_one2one	1	91.1168
Bmp2k	ENSMUSG00000034663	BMP2K	ENSMFAG00000044445	ortholog_one2one	1	83.3919
Bmp3	ENSMUSG00000029335	BMP3	ENSMFAG00000062109	ortholog_one2one	1	80.3419
Bmp4	ENSMUSG00000021835	BMP4	ENSMFAG00000040789	ortholog_one2one	1	93.8726
Bmp6	ENSMUSG00000039004	BMP6	ENSMFAG00000045794	ortholog_one2one	1	83.3333
Bmp7	ENSMUSG00000008999	BMP7	ENSMFAG00000032242	ortholog_one2one	1	97.6744
Bmper	ENSMUSG00000031963	BMPER	ENSMFAG00000040626	ortholog_one2one	1	92.8467
Bmpr1a	ENSMUSG00000021796	BMPR1A	ENSMFAG00000040345	ortholog_one2one	1	98.3083
Bmpr1b	ENSMUSG00000052430	BMPR1B	ENSMFAG00000037039	ortholog_one2one	1	70.9163
Bmpr2	ENSMUSG00000067336	BMPR2	ENSMFAG00000032075	ortholog_one2one	1	96.5318
Bmx	ENSMUSG00000031377	BMX	ENSMFAG00000031423	ortholog_one2one	1	89.6183
Bnc1	ENSMUSG00000025105	BNC1	ENSMFAG00000000765	ortholog_one2one	1	86.4646
Bnc2	ENSMUSG00000028487	BNC2	ENSMFAG00000036895	ortholog_one2one	1	96.9063
Bnip1	ENSMUSG00000024191	BNIP1	ENSMFAG00000037018	ortholog_one2one	1	94.2982
Bnip2	ENSMUSG00000011958	BNIP2	ENSMFAG00000033391	ortholog_one2one	1	80.4598
Bnip3	ENSMUSG00000078566	BNIP3	ENSMFAG00000036887	ortholog_one2one	1	89.3048
Bnip3l	ENSMUSG00000022051	BNIP3L	ENSMFAG00000003324	ortholog_one2one	1	95.4128
Boc	ENSMUSG00000022687	BOC	ENSMFAG00000031000	ortholog_one2one	1	78.6487
Bod1l	ENSMUSG00000061755	BOD1L1	ENSMFAG00000036973	ortholog_one2one	1	69.7487
Bok	ENSMUSG00000026278	BOK	ENSMFAG00000000539	ortholog_one2one	1	95.3052
Bola1	ENSMUSG00000015943	BOLA1	ENSMFAG00000048940	ortholog_one2one	1	82.4818
Boll	ENSMUSG00000025977	BOLL	ENSMFAG00000030962	ortholog_one2one	1	88.3959
Bop1	ENSMUSG00000022557	BOP1	ENSMFAG00000031321	ortholog_one2one	1	83.4699
Bora	ENSMUSG00000022070	BORA	ENSMFAG00000045514	ortholog_one2one	1	70.6667
Borcs5	ENSMUSG00000042992	BORCS5	ENSMFAG00000033117	ortholog_one2one	1	93.3333
Borcs7	ENSMUSG00000062376	BORCS7	ENSMFAG00000044610	ortholog_one2one	1	97.1429
Bphl	ENSMUSG00000038286	BPHL	ENSMFAG00000041437	ortholog_one2one	1	73.5395
Bpifa1	ENSMUSG00000027483	BPIFA1	ENSMFAG00000041209	ortholog_one2one	1	68.705
Bpifa3	ENSMUSG00000027482	BPIFA3	ENSMFAG00000002677	ortholog_one2one	1	66.1088
Bpifb1	ENSMUSG00000027485	BPIFB1	ENSMFAG00000036542	ortholog_one2one	1	58.0169
Bpifb2	ENSMUSG00000027481	BPIFB2	ENSMFAG00000040564	ortholog_one2one	1	66.6667
Bpifb3	ENSMUSG00000068008	BPIFB3	ENSMFAG00000042929	ortholog_one2one	1	79.4926
Bpifb4	ENSMUSG00000074665	BPIFB4	ENSMFAG00000030797	ortholog_one2one	1	71.6526
Bpifb6	ENSMUSG00000068009	BPIFB6	ENSMFAG00000036761	ortholog_one2one	1	70.8241
Bpifc	ENSMUSG00000050108	BPIFC	ENSMFAG00000025303	ortholog_one2one	1	71.2032
Bpnt1	ENSMUSG00000026617	BPNT1	ENSMFAG00000003970	ortholog_one2one	1	91.5584
Bpnt2	ENSMUSG00000066324	BPNT2	ENSMFAG00000034283	ortholog_one2one	1	91.8539
Bptf	ENSMUSG00000040481	BPTF	ENSMFAG00000041639	ortholog_one2one	1	79.1173
Braf	ENSMUSG00000002413	BRAF	ENSMFAG00000001069	ortholog_one2one	1	93.6567
Brap	ENSMUSG00000029458	BRAP	ENSMFAG00000036173	ortholog_one2one	1	88.4941
Brat1	ENSMUSG00000000148	BRAT1	ENSMFAG00000000395	ortholog_one2one	1	73.601
Brca1	ENSMUSG00000017146	BRCA1	ENSMFAG00000043956	ortholog_one2one	1	57.6711
Brca2	ENSMUSG00000041147	BRCA2	ENSMFAG00000041961	ortholog_one2one	1	58.3358
Brcc3	ENSMUSG00000031201	BRCC3	ENSMFAG00000031106	ortholog_one2many	1	96.9072
Brd1	ENSMUSG00000022387	BRD1	ENSMFAG00000030538	ortholog_one2one	1	94.6173
Brd10	ENSMUSG00000046138	BRD10	ENSMFAG00000041756	ortholog_one2one	1	74.8397
Brd2	ENSMUSG00000024335	BRD2	ENSMFAG00000037520	ortholog_one2one	1	96.2406
Brd3	ENSMUSG00000026918	BRD3	ENSMFAG00000040205	ortholog_one2one	1	95.0413
Brd7	ENSMUSG00000031660	BRD7	ENSMFAG00000035566	ortholog_one2one	1	87.8648
Brd8	ENSMUSG00000003778	BRD8	ENSMFAG00000039211	ortholog_one2one	1	86.1199
Brd9	ENSMUSG00000057649	BRD9	ENSMFAG00000040715	ortholog_one2one	1	92.2948
Brdt	ENSMUSG00000029279	BRDT	ENSMFAG00000044939	ortholog_one2one	1	72.6987
Brf1	ENSMUSG00000011158	BRF1	ENSMFAG00000001381	ortholog_one2one	1	89.645
Brf2	ENSMUSG00000031487	BRF2	ENSMFAG00000044757	ortholog_one2one	1	82.8571
Bri3bp	ENSMUSG00000037905	BRI3BP	ENSMFAG00000041745	ortholog_one2one	1	73.913
Bricd5	ENSMUSG00000045744	BRICD5	ENSMFAG00000039405	ortholog_one2one	1	68.8889
Brinp2	ENSMUSG00000004031	BRINP2	ENSMFAG00000036550	ortholog_one2one	1	95.1469
Brinp3	ENSMUSG00000035131	BRINP3	ENSMFAG00000045708	ortholog_one2one	1	97.6501
Brip1	ENSMUSG00000034329	BRIP1	ENSMFAG00000044136	ortholog_one2one	1	73.9353
Brix1	ENSMUSG00000022247	BRIX1	ENSMFAG00000033107	ortholog_one2one	1	92.068
Brk1	ENSMUSG00000033940	BRK1	ENSMFAG00000062122	ortholog_one2one	1	98.6667
Brms1	ENSMUSG00000080268	BRMS1	ENSMFAG00000033618	ortholog_one2one	1	68.3502
Brms1l	ENSMUSG00000012076	BRMS1L	ENSMFAG00000037936	ortholog_one2one	1	99.6904
Brox	ENSMUSG00000046836	BROX	ENSMFAG00000000410	ortholog_one2one	1	92.4574
Brpf1	ENSMUSG00000001632	BRPF1	ENSMFAG00000045669	ortholog_one2one	1	95.4254
Brs3	ENSMUSG00000031130	BRS3	ENSMFAG00000000136	ortholog_one2one	1	85.213
Brsk1	ENSMUSG00000035390	BRSK1	ENSMFAG00000003553	ortholog_one2one	1	93.7018
Brwd1	ENSMUSG00000022914	BRWD1	ENSMFAG00000039942	ortholog_one2one	1	78.8402
Brwd3	ENSMUSG00000063663	BRWD3	ENSMFAG00000043437	ortholog_one2one	1	94.886
Bscl2	ENSMUSG00000071657	BSCL2	ENSMFAG00000031001	ortholog_one2one	1	86.4368
Bsdc1	ENSMUSG00000040859	BSDC1	ENSMFAG00000042990	ortholog_one2one	1	92.9742
Bsn	ENSMUSG00000032589	BSN	ENSMFAG00000042413	ortholog_one2one	1	84.9061
Bspry	ENSMUSG00000028392	BSPRY	ENSMFAG00000002569	ortholog_one2one	1	66.1734
Bst1	ENSMUSG00000029082	BST1	ENSMFAG00000043527	ortholog_one2one	1	70.0965
Bsx	ENSMUSG00000054360	BSX	ENSMFAG00000049055	ortholog_one2one	1	95.6897
Btaf1	ENSMUSG00000040565	BTAF1	ENSMFAG00000044979	ortholog_one2one	1	96.2662
Btbd10	ENSMUSG00000038187	BTBD10	ENSMFAG00000000120	ortholog_one2one	1	97.8923
Btbd16	ENSMUSG00000040298	BTBD16	ENSMFAG00000002237	ortholog_one2one	1	67.3913
Btbd19	ENSMUSG00000073771	BTBD19	ENSMFAG00000033183	ortholog_one2one	1	71.4286
Btbd2	ENSMUSG00000003344	BTBD2	ENSMFAG00000003638	ortholog_one2one	1	73.2283
Btbd3	ENSMUSG00000062098	BTBD3	ENSMFAG00000043605	ortholog_one2one	1	98.6985
Btbd6	ENSMUSG00000002803	BTBD6	ENSMFAG00000031060	ortholog_one2one	1	87.1985
Btbd7	ENSMUSG00000041702	BTBD7	ENSMFAG00000040615	ortholog_one2one	1	93.5398
Btbd8	ENSMUSG00000111375	BTBD8	ENSMFAG00000003189	ortholog_one2one	1	66.0765
Btbd9	ENSMUSG00000062202	BTBD9	ENSMFAG00000042789	ortholog_one2one	1	95.098
Btc	ENSMUSG00000082361	BTC	ENSMFAG00000041065	ortholog_one2one	1	79.096
Btd	ENSMUSG00000021900	BTD	ENSMFAG00000033539	ortholog_one2one	1	84.8771
Btf3	ENSMUSG00000021660	BTF3	ENSMFAG00000000594	ortholog_one2one	1	100
Btf3l4	ENSMUSG00000028568	BTF3L4	ENSMFAG00000046175	ortholog_one2many	1	100
Btg1	ENSMUSG00000036478	BTG1	ENSMFAG00000055039	ortholog_one2many	1	100
Btg2	ENSMUSG00000020423	BTG2	ENSMFAG00000025652	ortholog_one2one	1	94.3038
Btg3	ENSMUSG00000022863	BTG3	ENSMFAG00000002010	ortholog_one2one	1	94.0476
Btg4	ENSMUSG00000032056	BTG4	ENSMFAG00000036753	ortholog_one2one	1	64.8
Btk	ENSMUSG00000031264	BTK	ENSMFAG00000043126	ortholog_one2one	1	94.8407
Btla	ENSMUSG00000052013	BTLA	ENSMFAG00000003080	ortholog_one2one	1	50.8197
Btrc	ENSMUSG00000025217	BTRC	ENSMFAG00000005295	ortholog_one2one	1	98.6777
Bub1b	ENSMUSG00000040084	BUB1B	ENSMFAG00000032047	ortholog_one2one	1	68.5361
Bub3	ENSMUSG00000066979	BUB3	ENSMFAG00000044849	ortholog_one2one	1	99.6933
Bud13	ENSMUSG00000032077	BUD13	ENSMFAG00000036204	ortholog_one2one	1	70.4867
Bud23	ENSMUSG00000005378	BUD23	ENSMFAG00000036962	ortholog_one2one	1	63.1868
Bud31	ENSMUSG00000038722	BUD31	ENSMFAG00000035579	ortholog_one2one	1	100
Bysl	ENSMUSG00000023988	BYSL	ENSMFAG00000033214	ortholog_one2one	1	91.055
Bzw1	ENSMUSG00000051223	BZW1	ENSMFAG00000020809	ortholog_one2one	1	97.852
Bzw2	ENSMUSG00000020547	BZW2	ENSMFAG00000002705	ortholog_one2one	1	99.0453
C030006K11Rik	ENSMUSG00000116138	C8orf82	ENSMFAG00000057634	ortholog_one2one	1	69.7248
C1galt1	ENSMUSG00000042460	C1GALT1	ENSMFAG00000031532	ortholog_one2one	1	89.8072
C1qa	ENSMUSG00000036887	C1QA	ENSMFAG00000037955	ortholog_one2one	1	71.8367
C1qc	ENSMUSG00000036896	C1QC	ENSMFAG00000038771	ortholog_one2one	1	69.5122
C1ql1	ENSMUSG00000045532	C1QL1	ENSMFAG00000062088	ortholog_one2one	1	98.4496
C1ql2	ENSMUSG00000036907	C1QL2	ENSMFAG00000034573	ortholog_one2one	1	94.7735
C1ql3	ENSMUSG00000049630	C1QL3	ENSMFAG00000030290	ortholog_one2one	1	98.8235
C1ql4	ENSMUSG00000001076	C1QL4	ENSMFAG00000002196	ortholog_one2one	1	84.0336
C1qtnf3	ENSMUSG00000058914	C1QTNF3	ENSMFAG00000047380	ortholog_one2one	1	95.1219
C1qtnf5	ENSMUSG00000079592	C1QTNF5	ENSMFAG00000048016	ortholog_one2one	1	93.8272
C1qtnf6	ENSMUSG00000022440	C1QTNF6	ENSMFAG00000047558	ortholog_one2one	1	65.5303
C1qtnf7	ENSMUSG00000061535	C1QTNF7	ENSMFAG00000025264	ortholog_one2one	1	95.2703
C1rl	ENSMUSG00000038527	C1RL	ENSMFAG00000000168	ortholog_one2one	1	72.6141
C1s2	ENSMUSG00000079343	C1S	ENSMFAG00000044978	ortholog_one2many	1	71.7579
C2	ENSMUSG00000024371	C2	ENSMFAG00000002495	ortholog_one2one	1	75.2632
C2cd2	ENSMUSG00000045975	C2CD2	ENSMFAG00000032505	ortholog_one2one	1	71.408
C2cd2l	ENSMUSG00000032120	C2CD2L	ENSMFAG00000016924	ortholog_one2one	1	91.0765
C2cd3	ENSMUSG00000047248	C2CD3	ENSMFAG00000027579	ortholog_one2one	1	76.9264
C2cd5	ENSMUSG00000030279	C2CD5	ENSMFAG00000038900	ortholog_one2one	1	81.2311
C3ar1	ENSMUSG00000040552	C3AR1	ENSMFAG00000062507	ortholog_one2one	1	65.8281
C5ar1	ENSMUSG00000049130	C5AR1	ENSMFAG00000064601	ortholog_one2one	1	64.3875
C5ar2	ENSMUSG00000074361	C5AR2	ENSMFAG00000064310	ortholog_one2one	1	60.4651
C6	ENSMUSG00000022181	C6	ENSMFAG00000036931	ortholog_one2one	1	75.4226
C7	ENSMUSG00000079105	C7	ENSMFAG00000003261	ortholog_one2one	1	69.4675
C87436	ENSMUSG00000046679	C2orf42	ENSMFAG00000046692	ortholog_one2one	1	91.4634
C8a	ENSMUSG00000035031	C8A	ENSMFAG00000036139	ortholog_one2one	1	71.3799
C8b	ENSMUSG00000029656	C8B	ENSMFAG00000037279	ortholog_one2one	1	75.8913
C9	ENSMUSG00000022149	C9	ENSMFAG00000039299	ortholog_one2one	1	60.219
CK137956	ENSMUSG00000028813	C1orf94	ENSMFAG00000000568	ortholog_one2one	1	74.1611
Cab39	ENSMUSG00000036707	CAB39	ENSMFAG00000000470	ortholog_one2one	1	99.4135
Cab39l	ENSMUSG00000021981	CAB39L	ENSMFAG00000031142	ortholog_one2one	1	97.6261
Cabcoco1	ENSMUSG00000019945	CABCOCO1	ENSMFAG00000031452	ortholog_one2one	1	50.974
Cables2	ENSMUSG00000038990	CABLES2	ENSMFAG00000016607	ortholog_one2one	1	76.4706
Cabp2	ENSMUSG00000024857	CABP2	ENSMFAG00000003212	ortholog_one2one	1	74.3842
Cabp4	ENSMUSG00000024842	CABP4	ENSMFAG00000038440	ortholog_one2one	1	75.6458
Cabs1	ENSMUSG00000007907	CABS1	ENSMFAG00000053305	ortholog_one2one	1	61.3811
Cachd1	ENSMUSG00000028532	CACHD1	ENSMFAG00000037670	ortholog_one2one	1	95.9627
Cacna1a	ENSMUSG00000034656	CACNA1A	ENSMFAG00000040043	ortholog_one2one	1	65.2449
Cacna1d	ENSMUSG00000015968	CACNA1D	ENSMFAG00000039352	ortholog_one2one	1	96.5019
Cacna1e	ENSMUSG00000004110	CACNA1E	ENSMFAG00000039476	ortholog_one2one	1	96.1725
Cacna1f	ENSMUSG00000031142	CACNA1F	ENSMFAG00000036714	ortholog_one2one	1	90.877
Cacna1i	ENSMUSG00000022416	CACNA1I	ENSMFAG00000046252	ortholog_one2one	1	62.8467
Cacna1s	ENSMUSG00000026407	CACNA1S	ENSMFAG00000037274	ortholog_one2one	1	92.3243
Cacna2d1	ENSMUSG00000040118	CACNA2D1	ENSMFAG00000045083	ortholog_one2one	1	96.679
Cacna2d2	ENSMUSG00000010066	CACNA2D2	ENSMFAG00000001656	ortholog_one2one	1	96.4255
Cacna2d3	ENSMUSG00000021991	CACNA2D3	ENSMFAG00000032351	ortholog_one2one	1	97.8002
Cacna2d4	ENSMUSG00000041460	CACNA2D4	ENSMFAG00000008215	ortholog_one2one	1	82.6049
Cacnb1	ENSMUSG00000020882	CACNB1	ENSMFAG00000002054	ortholog_one2one	1	97.6549
Cacnb2	ENSMUSG00000057914	CACNB2	ENSMFAG00000031605	ortholog_one2one	1	91.9804
Cacnb3	ENSMUSG00000003352	CACNB3	ENSMFAG00000041712	ortholog_one2one	1	96.4876
Cacnb4	ENSMUSG00000017412	CACNB4	ENSMFAG00000044631	ortholog_one2one	1	96.7078
Cacng1	ENSMUSG00000020722	CACNG1	ENSMFAG00000040283	ortholog_one2one	1	84.3049
Cacng2	ENSMUSG00000019146	CACNG2	ENSMFAG00000034357	ortholog_one2one	1	98.7616
Cacng3	ENSMUSG00000066189	CACNG3	ENSMFAG00000038460	ortholog_one2one	1	98.7302
Cacng4	ENSMUSG00000020723	CACNG4	ENSMFAG00000043089	ortholog_one2one	1	80.7339
Cacng5	ENSMUSG00000040373	CACNG5	ENSMFAG00000002102	ortholog_one2one	1	97.4545
Cacng7	ENSMUSG00000069806	CACNG7	ENSMFAG00000000801	ortholog_one2one	1	69.8182
Cacul1	ENSMUSG00000033417	CACUL1	ENSMFAG00000056962	ortholog_one2one	1	92.0424
Cacybp	ENSMUSG00000014226	CACYBP	ENSMFAG00000000624	ortholog_one2many	1	90.8297
Cad	ENSMUSG00000013629	CAD	ENSMFAG00000036356	ortholog_one2one	1	90.5169
Cadm1	ENSMUSG00000032076	CADM1	ENSMFAG00000040148	ortholog_one2one	1	95.5056
Cadm2	ENSMUSG00000064115	CADM2	ENSMFAG00000002627	ortholog_one2one	1	94.6835
Cadm3	ENSMUSG00000005338	CADM3	ENSMFAG00000024756	ortholog_one2one	1	89.6465
Cadm4	ENSMUSG00000054793	CADM4	ENSMFAG00000030356	ortholog_one2one	1	98.4536
Cadps2	ENSMUSG00000017978	CADPS2	ENSMFAG00000040292	ortholog_one2one	1	93.2753
Cage1	ENSMUSG00000044566	CAGE1	ENSMFAG00000002983	ortholog_one2one	1	55.0059
Calb1	ENSMUSG00000028222	CALB1	ENSMFAG00000000695	ortholog_one2one	1	98.0843
Calb2	ENSMUSG00000003657	CALB2	ENSMFAG00000045637	ortholog_one2one	1	96.31
Calca	ENSMUSG00000030669	CALCA	ENSMFAG00000041791	ortholog_one2one	1	54.6875
Calcb	ENSMUSG00000030666	CALCB	ENSMFAG00000054288	ortholog_one2one	1	59.2308
Calcoco1	ENSMUSG00000023055	CALCOCO1	ENSMFAG00000002103	ortholog_one2one	1	89.4356
Calcrl	ENSMUSG00000059588	CALCRL	ENSMFAG00000044850	ortholog_one2one	1	88.9849
Cald1	ENSMUSG00000029761	CALD1	ENSMFAG00000042272	ortholog_one2one	1	55.7292
Calhm1	ENSMUSG00000079258	CALHM1	ENSMFAG00000032380	ortholog_one2one	1	91.3793
Calhm2	ENSMUSG00000033033	CALHM2	ENSMFAG00000002974	ortholog_one2one	1	83.2817
Calhm3	ENSMUSG00000094219	CALHM3	ENSMFAG00000009610	ortholog_one2one	1	84.1499
Calhm5	ENSMUSG00000049872	CALHM5	ENSMFAG00000052041	ortholog_one2one	1	84.1424
Calhm6	ENSMUSG00000046031	CALHM6	ENSMFAG00000041853	ortholog_one2one	1	69.0096
Calm2	ENSMUSG00000036438	CALM3	ENSMFAG00000003711	ortholog_one2many	1	94.6309
Calm3	ENSMUSG00000019370	CALM3	ENSMFAG00000036156	ortholog_one2one	1	100
Calml3	ENSMUSG00000063130	CALML3	ENSMFAG00000008251	ortholog_one2one	1	89.9329
Calml4	ENSMUSG00000032246	CALML4	ENSMFAG00000036145	ortholog_one2one	1	88.2353
Caln1	ENSMUSG00000060371	CALN1	ENSMFAG00000032381	ortholog_one2one	1	99.5434
Calr	ENSMUSG00000003814	CALR	ENSMFAG00000040740	ortholog_one2many	1	94.7115
Calu	ENSMUSG00000029767	CALU	ENSMFAG00000033268	ortholog_one2one	1	98.0952
Caly	ENSMUSG00000025468	CALY	ENSMFAG00000034695	ortholog_one2one	1	73.0089
Camk1	ENSMUSG00000030272	CAMK1	ENSMFAG00000040953	ortholog_one2one	1	96.2567
Camk1d	ENSMUSG00000039145	CAMK1D	ENSMFAG00000039982	ortholog_one2one	1	96.1039
Camk1g	ENSMUSG00000016179	CAMK1G	ENSMFAG00000002653	ortholog_one2one	1	92.0335
Camk2a	ENSMUSG00000024617	CAMK2A	ENSMFAG00000004062	ortholog_one2one	1	82.4268
Camk2g	ENSMUSG00000021820	CAMK2G	ENSMFAG00000029191	ortholog_one2one	1	99.3939
Camk2n1	ENSMUSG00000046447	CAMK2N1	ENSMFAG00000041772	ortholog_one2one	1	97.4359
Camk2n2	ENSMUSG00000051146	CAMK2N2	ENSMFAG00000062559	ortholog_one2one	1	97.4684
Camk4	ENSMUSG00000038128	CAMK4	ENSMFAG00000036872	ortholog_one2one	1	80.1706
Camkk1	ENSMUSG00000020785	CAMKK1	ENSMFAG00000030883	ortholog_one2one	1	74.4554
Camkk2	ENSMUSG00000029471	CAMKK2	ENSMFAG00000045272	ortholog_one2one	1	90.6463
Camkmt	ENSMUSG00000071037	CAMKMT	ENSMFAG00000003584	ortholog_one2one	1	84.8297
Camkv	ENSMUSG00000032936	CAMKV	ENSMFAG00000030868	ortholog_one2one	1	91.7969
Camp	ENSMUSG00000038357	CAMP	ENSMFAG00000032837	ortholog_one2one	1	55.2326
Camsap1	ENSMUSG00000026933	CAMSAP1	ENSMFAG00000001245	ortholog_one2one	1	83.0701
Camsap2	ENSMUSG00000041570	CAMSAP2	ENSMFAG00000041258	ortholog_one2one	1	93.4292
Camta1	ENSMUSG00000014592	CAMTA1	ENSMFAG00000035577	ortholog_one2one	1	93.5791
Camta2	ENSMUSG00000040712	CAMTA2	ENSMFAG00000031758	ortholog_one2one	1	89.3599
Cand1	ENSMUSG00000020114	CAND1	ENSMFAG00000044406	ortholog_one2one	1	99.4309
Cant1	ENSMUSG00000025575	CANT1	ENSMFAG00000043780	ortholog_one2one	1	88.3375
Canx	ENSMUSG00000020368	CANX	ENSMFAG00000031934	ortholog_one2one	1	93.9086
Cap1	ENSMUSG00000028656	CAP1	ENSMFAG00000036663	ortholog_one2one	1	96.4135
Cap2	ENSMUSG00000021373	CAP2	ENSMFAG00000041795	ortholog_one2one	1	89.7059
Capg	ENSMUSG00000056737	CAPG	ENSMFAG00000003357	ortholog_one2one	1	92.2636
Capn10	ENSMUSG00000026270	CAPN10	ENSMFAG00000031448	ortholog_one2one	1	78.6787
Capn13	ENSMUSG00000043705	CAPN13	ENSMFAG00000004701	ortholog_one2one	1	67.0677
Capn2	ENSMUSG00000026509	CAPN2	ENSMFAG00000003091	ortholog_one2one	1	86.7143
Capn3	ENSMUSG00000079110	CAPN3	ENSMFAG00000008163	ortholog_one2one	1	93.4227
Capn5	ENSMUSG00000035547	CAPN5	ENSMFAG00000043060	ortholog_one2one	1	92.6562
Capn6	ENSMUSG00000067276	CAPN6	ENSMFAG00000045171	ortholog_one2one	1	94.6958
Capn9	ENSMUSG00000031981	CAPN9	ENSMFAG00000042957	ortholog_one2one	1	85.5072
Caprin1	ENSMUSG00000027184	CAPRIN1	ENSMFAG00000038273	ortholog_one2one	1	96.8883
Caprin2	ENSMUSG00000030309	CAPRIN2	ENSMFAG00000025167	ortholog_one2one	1	79.3404
Caps2	ENSMUSG00000035694	CAPS2	ENSMFAG00000038272	ortholog_one2one	1	60.1818
Capsl	ENSMUSG00000039676	CAPSL	ENSMFAG00000002782	ortholog_one2one	1	93.75
Capza1	ENSMUSG00000070372	CAPZA1	ENSMFAG00000035179	ortholog_one2many	1	93.7063
Capza2	ENSMUSG00000015733	CAPZA2	ENSMFAG00000041237	ortholog_one2one	1	93.7063
Capza3	ENSMUSG00000041791	CAPZA3	ENSMFAG00000025207	ortholog_one2one	1	93.311
Capzb	ENSMUSG00000028745	CAPZB	ENSMFAG00000037255	ortholog_one2one	1	81.25
Car1	ENSMUSG00000027556	CA1	ENSMFAG00000005965	ortholog_one2one	1	78.5441
Car10	ENSMUSG00000056158	CA10	ENSMFAG00000021148	ortholog_one2one	1	94.5122
Car11	ENSMUSG00000003273	CA11	ENSMFAG00000003432	ortholog_one2one	1	96.0366
Car12	ENSMUSG00000032373	CA12	ENSMFAG00000040970	ortholog_one2one	1	83.1395
Car13	ENSMUSG00000027555	CA13	ENSMFAG00000058414	ortholog_one2one	1	89.6947
Car14	ENSMUSG00000038526	CA14	ENSMFAG00000040977	ortholog_one2one	1	59.1304
Car3	ENSMUSG00000027559	CA3	ENSMFAG00000000412	ortholog_one2one	1	93.8462
Car5a	ENSMUSG00000025317	CA5A	ENSMFAG00000054520	ortholog_one2one	1	63.5452
Car5b	ENSMUSG00000031373	CA5B	ENSMFAG00000038720	ortholog_one2one	1	88.959
Car7	ENSMUSG00000031883	CA7	ENSMFAG00000042876	ortholog_one2one	1	94.697
Car8	ENSMUSG00000041261	CA8	ENSMFAG00000033479	ortholog_one2one	1	84.8797
Car9	ENSMUSG00000028463	CA9	ENSMFAG00000044908	ortholog_one2one	1	72.0824
Card10	ENSMUSG00000033170	CARD10	ENSMFAG00000044580	ortholog_one2one	1	83.6449
Card11	ENSMUSG00000036526	CARD11	ENSMFAG00000036800	ortholog_one2one	1	91.9411
Card14	ENSMUSG00000013483	CARD14	ENSMFAG00000034440	ortholog_one2one	1	77.0771
Card19	ENSMUSG00000037960	CARD19	ENSMFAG00000036852	ortholog_one2one	1	60.6557
Card6	ENSMUSG00000041849	CARD6	ENSMFAG00000036194	ortholog_one2one	1	50.0426
Card9	ENSMUSG00000026928	CARD9	ENSMFAG00000040508	ortholog_one2one	1	85.6343
Carf	ENSMUSG00000026017	CARF	ENSMFAG00000042636	ortholog_one2one	1	72.7141
Carhsp1	ENSMUSG00000008393	CARHSP1	ENSMFAG00000049096	ortholog_one2one	1	96.6216
Carm1	ENSMUSG00000032185	CARM1	ENSMFAG00000036898	ortholog_one2one	1	78.341
Carmil1	ENSMUSG00000021338	CARMIL1	ENSMFAG00000040204	ortholog_one2one	1	87.6274
Carmil3	ENSMUSG00000022211	CARMIL3	ENSMFAG00000040957	ortholog_one2one	1	94.7636
Carnmt1	ENSMUSG00000024726	CARNMT1	ENSMFAG00000055475	ortholog_one2one	1	84.5
Carns1	ENSMUSG00000075289	CARNS1	ENSMFAG00000046293	ortholog_one2one	1	83.9493
Cars1	ENSMUSG00000010755	CARS1	ENSMFAG00000000778	ortholog_one2one	1	82.5511
Cars2	ENSMUSG00000056228	CARS2	ENSMFAG00000033427	ortholog_one2one	1	64.3116
Cartpt	ENSMUSG00000021647	CARTPT	ENSMFAG00000035639	ortholog_one2one	1	96.5517
Casc3	ENSMUSG00000078676	CASC3	ENSMFAG00000041496	ortholog_one2one	1	89.6848
Casd1	ENSMUSG00000015189	CASD1	ENSMFAG00000002018	ortholog_one2one	1	94.9812
Caskin2	ENSMUSG00000034471	CASKIN2	ENSMFAG00000037054	ortholog_one2one	1	88.5928
Casp14	ENSMUSG00000005355	CASP14	ENSMFAG00000045231	ortholog_one2one	1	67.3152
Casp2	ENSMUSG00000029863	CASP2	ENSMFAG00000042207	ortholog_one2one	1	89.1593
Casp3	ENSMUSG00000031628	CASP3	ENSMFAG00000036969	ortholog_one2one	1	86.6426
Casp6	ENSMUSG00000027997	CASP6	ENSMFAG00000034038	ortholog_one2one	1	90.5797
Casp7	ENSMUSG00000025076	CASP7	ENSMFAG00000045136	ortholog_one2one	1	83.8284
Casp8	ENSMUSG00000026029	CASP8	ENSMFAG00000034568	ortholog_one2one	1	66.6667
Casp9	ENSMUSG00000028914	CASP9	ENSMFAG00000044632	ortholog_one2one	1	70.7048
Casq2	ENSMUSG00000027861	CASQ2	ENSMFAG00000042482	ortholog_one2one	1	86.747
Casr	ENSMUSG00000051980	CASR	ENSMFAG00000039832	ortholog_one2one	1	93.9759
Cass4	ENSMUSG00000074570	CASS4	ENSMFAG00000045759	ortholog_one2one	1	62.9032
Castor2	ENSMUSG00000015944	CASTOR2	ENSMFAG00000064546	ortholog_one2one	1	97.2644
Cat	ENSMUSG00000027187	CAT	ENSMFAG00000000437	ortholog_one2one	1	89.3738
Catip	ENSMUSG00000073650	CATIP	ENSMFAG00000046057	ortholog_one2one	1	50.2712
Catsper4	ENSMUSG00000048003	CATSPER4	ENSMFAG00000037726	ortholog_one2one	1	69.0045
Catsperg1	ENSMUSG00000049676	CATSPERG	ENSMFAG00000046059	ortholog_one2many	1	54.8219
Cav1	ENSMUSG00000007655	CAV1	ENSMFAG00000046330	ortholog_one2one	1	91.0112
Cav2	ENSMUSG00000000058	CAV2	ENSMFAG00000048330	ortholog_one2one	1	90.1235
Cav3	ENSMUSG00000062694	CAV3	ENSMFAG00000037376	ortholog_one2one	1	94.702
Cavin2	ENSMUSG00000045954	CAVIN2	ENSMFAG00000044151	ortholog_one2one	1	83.9713
Cavin4	ENSMUSG00000028348	CAVIN4	ENSMFAG00000057234	ortholog_one2one	1	77.9006
Cbarp	ENSMUSG00000035640	CBARP	ENSMFAG00000040214	ortholog_one2one	1	50.5731
Cbfa2t2	ENSMUSG00000038533	CBFA2T2	ENSMFAG00000000820	ortholog_one2one	1	95.4545
Cbfa2t3	ENSMUSG00000006362	CBFA2T3	ENSMFAG00000003781	ortholog_one2one	1	84.1751
Cbfb	ENSMUSG00000031885	CBFB	ENSMFAG00000001241	ortholog_one2one	1	98.9305
Cbl	ENSMUSG00000034342	CBL	ENSMFAG00000040139	ortholog_one2one	1	92.1139
Cblb	ENSMUSG00000022637	CBLB	ENSMFAG00000031044	ortholog_one2one	1	95.7356
Cblc	ENSMUSG00000040525	CBLC	ENSMFAG00000033278	ortholog_one2one	1	66.3306
Cblif	ENSMUSG00000024682	CBLIF	ENSMFAG00000039724	ortholog_one2one	1	81.0552
Cbll1	ENSMUSG00000020659	CBLL1	ENSMFAG00000045966	ortholog_one2one	1	96.7413
Cbln1	ENSMUSG00000031654	CBLN1	ENSMFAG00000003677	ortholog_one2one	1	60.1036
Cbln2	ENSMUSG00000024647	CBLN2	ENSMFAG00000033106	ortholog_one2one	1	68.3036
Cbln3	ENSMUSG00000040380	CBLN3	ENSMFAG00000055338	ortholog_one2one	1	92.8934
Cbln4	ENSMUSG00000067578	CBLN4	ENSMFAG00000058053	ortholog_one2one	1	97.4747
Cbr1	ENSMUSG00000051483	CBR1	ENSMFAG00000045053	ortholog_one2many	1	86.6426
Cbr1b	ENSMUSG00000082815	CBR1	ENSMFAG00000045053	ortholog_one2many	1	83.7545
Cbr4	ENSMUSG00000031641	CBR4	ENSMFAG00000002570	ortholog_one2one	1	86.017
Cbs	ENSMUSG00000024039	CBS	ENSMFAG00000038794	ortholog_one2one	1	78.7934
Cbx2	ENSMUSG00000025577	CBX2	ENSMFAG00000048785	ortholog_one2one	1	81.6956
Cbx3	ENSMUSG00000029836	CBX3	ENSMFAG00000000399	ortholog_one2one	1	100
Cbx5	ENSMUSG00000009575	CBX5	ENSMFAG00000003762	ortholog_one2one	1	97.9058
Cbx7	ENSMUSG00000053411	CBX7	ENSMFAG00000034255	ortholog_one2one	1	55.7769
Cbx8	ENSMUSG00000025578	CBX8	ENSMFAG00000048487	ortholog_one2one	1	89.5028
Cby2	ENSMUSG00000034913	CBY2	ENSMFAG00000039854	ortholog_one2one	1	70.7317
Cc2d1a	ENSMUSG00000036686	CC2D1A	ENSMFAG00000043969	ortholog_one2one	1	70.297
Cc2d1b	ENSMUSG00000028582	CC2D1B	ENSMFAG00000030523	ortholog_one2one	1	81.4858
Cc2d2a	ENSMUSG00000039765	CC2D2A	ENSMFAG00000035103	ortholog_one2one	1	85.1194
Cc2d2b	ENSMUSG00000108929	CC2D2B	ENSMFAG00000038060	ortholog_one2one	1	76.2278
Ccar1	ENSMUSG00000020074	CCAR1	ENSMFAG00000035410	ortholog_one2one	1	95.3752
Ccar2	ENSMUSG00000033712	CCAR2	ENSMFAG00000044671	ortholog_one2one	1	91.3232
Ccbe1	ENSMUSG00000046318	CCBE1	ENSMFAG00000045721	ortholog_one2one	1	88.7255
Ccdc102a	ENSMUSG00000063605	CCDC102A	ENSMFAG00000031763	ortholog_one2one	1	53.1876
Ccdc106	ENSMUSG00000035228	CCDC106	ENSMFAG00000032895	ortholog_one2one	1	90.3226
Ccdc112	ENSMUSG00000071855	CCDC112	ENSMFAG00000030969	ortholog_one2one	1	85.3333
Ccdc113	ENSMUSG00000036598	CFAP263	ENSMFAG00000030602	ortholog_one2one	1	79.5756
Ccdc116	ENSMUSG00000022768	CCDC116	ENSMFAG00000003943	ortholog_one2one	1	59.8891
Ccdc117	ENSMUSG00000020482	CCDC117	ENSMFAG00000053874	ortholog_one2one	1	79.4224
Ccdc12	ENSMUSG00000019659	CCDC12	ENSMFAG00000002976	ortholog_one2one	1	89.759
Ccdc122	ENSMUSG00000034795	CCDC122	ENSMFAG00000032197	ortholog_one2one	1	65.8621
Ccdc124	ENSMUSG00000007721	CCDC124	ENSMFAG00000042756	ortholog_one2one	1	88.9401
Ccdc125	ENSMUSG00000048924	CCDC125	ENSMFAG00000039708	ortholog_one2one	1	73.2
Ccdc126	ENSMUSG00000050786	CCDC126	ENSMFAG00000032312	ortholog_one2one	1	90
Ccdc13	ENSMUSG00000079235	CCDC13	ENSMFAG00000042613	ortholog_one2one	1	77.5741
Ccdc134	ENSMUSG00000068114	CCDC134	ENSMFAG00000031727	ortholog_one2one	1	90.8297
Ccdc136	ENSMUSG00000029769	CCDC136	ENSMFAG00000001602	ortholog_one2one	1	72.2831
Ccdc137	ENSMUSG00000049957	CCDC137	ENSMFAG00000036416	ortholog_one2one	1	62.4138
Ccdc138	ENSMUSG00000038010	CCDC138	ENSMFAG00000041842	ortholog_one2one	1	77.0588
Ccdc14	ENSMUSG00000022833	CCDC14	ENSMFAG00000031262	ortholog_one2one	1	65.5246
Ccdc141	ENSMUSG00000044033	CCDC141	ENSMFAG00000000963	ortholog_one2one	1	73.0242
Ccdc142	ENSMUSG00000107499	CCDC142	ENSMFAG00000002637	ortholog_one2one	1	72.3577
Ccdc146	ENSMUSG00000064280	CCDC146	ENSMFAG00000000331	ortholog_one2one	1	75.6397
Ccdc148	ENSMUSG00000036641	CCDC148	ENSMFAG00000038269	ortholog_one2one	1	72.788
Ccdc149	ENSMUSG00000045790	CCDC149	ENSMFAG00000042580	ortholog_one2one	1	82.6336
Ccdc15	ENSMUSG00000034303	CCDC15	ENSMFAG00000038419	ortholog_one2one	1	56.6221
Ccdc150	ENSMUSG00000025983	CCDC150	ENSMFAG00000034579	ortholog_one2one	1	76.9369
Ccdc153	ENSMUSG00000070306	DRC12	ENSMFAG00000002514	ortholog_one2one	1	66.8317
Ccdc157	ENSMUSG00000051427	CCDC157	ENSMFAG00000002009	ortholog_one2one	1	63.1225
Ccdc158	ENSMUSG00000050050	CCDC158	ENSMFAG00000040081	ortholog_one2one	1	92.2453
Ccdc160	ENSMUSG00000073207	CCDC160	ENSMFAG00000055909	ortholog_one2one	1	57.2755
Ccdc169	ENSMUSG00000048655	CCDC169	ENSMFAG00000032877	ortholog_one2one	1	74.2991
Ccdc170	ENSMUSG00000019767	CCDC170	ENSMFAG00000034314	ortholog_one2one	1	67.7285
Ccdc171	ENSMUSG00000052407	CCDC171	ENSMFAG00000007272	ortholog_one2one	1	88.1381
Ccdc172	ENSMUSG00000025090	CCDC172	ENSMFAG00000039541	ortholog_one2one	1	67.0412
Ccdc174	ENSMUSG00000034083	CCDC174	ENSMFAG00000042348	ortholog_one2one	1	85.6531
Ccdc18	ENSMUSG00000056531	CCDC18	ENSMFAG00000033283	ortholog_one2one	1	84.6735
Ccdc180	ENSMUSG00000035539	CCDC180	ENSMFAG00000032879	ortholog_one2one	1	64.6635
Ccdc181	ENSMUSG00000026578	CCDC181	ENSMFAG00000041326	ortholog_one2one	1	75.835
Ccdc182	ENSMUSG00000034031	CCDC182	ENSMFAG00000011417	ortholog_one2one	1	82.2368
Ccdc184	ENSMUSG00000029875	CCDC184	ENSMFAG00000058649	ortholog_one2one	1	90.0524
Ccdc186	ENSMUSG00000035173	CCDC186	ENSMFAG00000031702	ortholog_one2one	1	80.6979
Ccdc191	ENSMUSG00000022701	CCDC191	ENSMFAG00000034408	ortholog_one2one	1	70.7814
Ccdc192	ENSMUSG00000058925	CCDC192	ENSMFAG00000041916	ortholog_one2one	1	62.4506
Ccdc196	ENSMUSG00000099418	CCDC196	ENSMFAG00000002591	ortholog_one2one	1	68.0769
Ccdc198	ENSMUSG00000021850	CCDC198	ENSMFAG00000044693	ortholog_one2one	1	62.585
Ccdc22	ENSMUSG00000031143	CCDC22	ENSMFAG00000003539	ortholog_one2one	1	84.5295
Ccdc24	ENSMUSG00000078588	CCDC24	ENSMFAG00000026265	ortholog_one2one	1	67.5676
Ccdc25	ENSMUSG00000022035	CCDC25	ENSMFAG00000035835	ortholog_one2many	1	95.6731
Ccdc28a	ENSMUSG00000059554	CCDC28A	ENSMFAG00000032668	ortholog_one2one	1	93.4783
Ccdc28b	ENSMUSG00000028795	CCDC28B	ENSMFAG00000031708	ortholog_one2one	1	95.5
Ccdc3	ENSMUSG00000026676	CCDC3	ENSMFAG00000033481	ortholog_one2one	1	80.9524
Ccdc34	ENSMUSG00000027160	CCDC34	ENSMFAG00000031912	ortholog_one2one	1	70.8447
Ccdc38	ENSMUSG00000036168	CCDC38	ENSMFAG00000035780	ortholog_one2one	1	64.1026
Ccdc39	ENSMUSG00000027676	CCDC39	ENSMFAG00000002267	ortholog_one2one	1	74.92
Ccdc42	ENSMUSG00000045915	CCDC42	ENSMFAG00000031484	ortholog_one2one	1	88.2911
Ccdc43	ENSMUSG00000020925	CCDC43	ENSMFAG00000059939	ortholog_one2one	1	90.0901
Ccdc47	ENSMUSG00000078622	CCDC47	ENSMFAG00000036655	ortholog_one2one	1	97.7226
Ccdc50	ENSMUSG00000038127	CCDC50	ENSMFAG00000034097	ortholog_one2one	1	72.0833
Ccdc51	ENSMUSG00000025645	CCDC51	ENSMFAG00000035841	ortholog_one2one	1	83.0049
Ccdc54	ENSMUSG00000050685	CCDC54	ENSMFAG00000061606	ortholog_one2one	1	62.0061
Ccdc57	ENSMUSG00000048445	CCDC57	ENSMFAG00000036159	ortholog_one2one	1	60.6299
Ccdc59	ENSMUSG00000019897	CCDC59	ENSMFAG00000034303	ortholog_one2one	1	69.5833
Ccdc6	ENSMUSG00000048701	CCDC6	ENSMFAG00000045197	ortholog_one2one	1	70.3625
Ccdc60	ENSMUSG00000043913	CCDC60	ENSMFAG00000003228	ortholog_one2one	1	77.0642
Ccdc61	ENSMUSG00000074358	CCDC61	ENSMFAG00000035042	ortholog_one2one	1	85.1272
Ccdc62	ENSMUSG00000061882	CCDC62	ENSMFAG00000043307	ortholog_one2one	1	67.1897
Ccdc65	ENSMUSG00000003354	CCDC65	ENSMFAG00000000659	ortholog_one2one	1	79.9189
Ccdc66	ENSMUSG00000046753	CCDC66	ENSMFAG00000045400	ortholog_one2one	1	70.6033
Ccdc71	ENSMUSG00000049305	CCDC71	ENSMFAG00000056130	ortholog_one2one	1	74.1339
Ccdc73	ENSMUSG00000045106	CCDC73	ENSMFAG00000043757	ortholog_one2one	1	61.0694
Ccdc77	ENSMUSG00000030177	CCDC77	ENSMFAG00000045459	ortholog_one2one	1	78.5276
Ccdc78	ENSMUSG00000071202	CCDC78	ENSMFAG00000039493	ortholog_one2one	1	59.2677
Ccdc80	ENSMUSG00000022665	CCDC80	ENSMFAG00000001224	ortholog_one2one	1	83.9831
Ccdc81	ENSMUSG00000039391	CCDC81	ENSMFAG00000003801	ortholog_one2one	1	78.1346
Ccdc82	ENSMUSG00000079084	CCDC82	ENSMFAG00000036325	ortholog_one2one	1	72.3938
Ccdc83	ENSMUSG00000030617	CCDC83	ENSMFAG00000002840	ortholog_one2one	1	64.7059
Ccdc85a	ENSMUSG00000032878	CCDC85A	ENSMFAG00000044378	ortholog_one2one	1	89.3478
Ccdc86	ENSMUSG00000024732	CCDC86	ENSMFAG00000036759	ortholog_one2one	1	60.3286
Ccdc88a	ENSMUSG00000032740	CCDC88A	ENSMFAG00000037041	ortholog_one2one	1	93.9295
Ccdc89	ENSMUSG00000044362	CCDC89	ENSMFAG00000015719	ortholog_one2one	1	77.5676
Ccdc9	ENSMUSG00000041375	CCDC9	ENSMFAG00000002381	ortholog_one2one	1	75.5064
Ccdc90b	ENSMUSG00000030613	CCDC90B	ENSMFAG00000034340	ortholog_one2one	1	87.1094
Ccdc91	ENSMUSG00000030301	CCDC91	ENSMFAG00000045497	ortholog_one2one	1	77.6018
Ccdc92	ENSMUSG00000037979	CCDC92	ENSMFAG00000040841	ortholog_one2one	1	87.2611
Ccdc93	ENSMUSG00000026339	CCDC93	ENSMFAG00000038632	ortholog_one2one	1	92.2099
Ccdc97	ENSMUSG00000002608	CCDC97	ENSMFAG00000002660	ortholog_one2one	1	83.5294
Ccdc9b	ENSMUSG00000045838	CCDC9B	ENSMFAG00000043689	ortholog_one2one	1	64.6
Ccer2	ENSMUSG00000096257	CCER2	ENSMFAG00000009500	ortholog_one2one	1	61.3139
Cchcr1	ENSMUSG00000040312	CCHCR1	ENSMFAG00000046171	ortholog_one2one	1	68.7428
Ccin	ENSMUSG00000070999	CCIN	ENSMFAG00000033331	ortholog_one2one	1	70.4082
Cck	ENSMUSG00000032532	CCK	ENSMFAG00000002130	ortholog_one2one	1	82.6087
Cckar	ENSMUSG00000029193	CCKAR	ENSMFAG00000003530	ortholog_one2one	1	89.2202
Ccl11	ENSMUSG00000020676	CCL11	ENSMFAG00000060137	ortholog_one2one	1	56.701
Ccl12	ENSMUSG00000035352	CCL8	ENSMFAG00000041874	ortholog_one2many	1	57.6923
Ccl17	ENSMUSG00000031780	CCL17	ENSMFAG00000062105	ortholog_one2one	1	58.2524
Ccl28	ENSMUSG00000074715	CCL28	ENSMFAG00000038784	ortholog_one2one	1	63.0769
Ccl7	ENSMUSG00000035373	CCL7	ENSMFAG00000031903	ortholog_one2one	1	63.9175
Ccm2	ENSMUSG00000000378	CCM2	ENSMFAG00000001936	ortholog_one2one	1	92.2737
Ccm2l	ENSMUSG00000027474	CCM2L	ENSMFAG00000029757	ortholog_one2one	1	62.766
Ccn1	ENSMUSG00000028195	CCN1	ENSMFAG00000000180	ortholog_one2one	1	92.876
Ccn2	ENSMUSG00000019997	CCN2	ENSMFAG00000033594	ortholog_one2one	1	83.6207
Ccn3	ENSMUSG00000037362	CCN3	ENSMFAG00000028128	ortholog_one2one	1	81.3559
Ccn4	ENSMUSG00000005124	CCN4	ENSMFAG00000033614	ortholog_one2one	1	82.8338
Ccn5	ENSMUSG00000027656	CCN5	ENSMFAG00000036685	ortholog_one2one	1	71.7132
Ccn6	ENSMUSG00000062074	CCN6	ENSMFAG00000038144	ortholog_one2one	1	77.9661
Ccna1	ENSMUSG00000027793	CCNA1	ENSMFAG00000035978	ortholog_one2one	1	84.5606
Ccna2	ENSMUSG00000027715	CCNA2	ENSMFAG00000037740	ortholog_one2one	1	87.6777
Ccnb1	ENSMUSG00000041431	CCNB1	ENSMFAG00000041544	ortholog_one2one	1	86.2791
Ccnb2	ENSMUSG00000032218	CCNB2	ENSMFAG00000042779	ortholog_one2one	1	89.4472
Ccnd1	ENSMUSG00000070348	CCND1	ENSMFAG00000039013	ortholog_one2one	1	94.2373
Ccnd3	ENSMUSG00000034165	CCND3	ENSMFAG00000039022	ortholog_one2one	1	76.3699
Ccne1	ENSMUSG00000002068	CCNE1	ENSMFAG00000041278	ortholog_one2one	1	79.902
Ccne2	ENSMUSG00000028212	CCNE2	ENSMFAG00000036525	ortholog_one2one	1	85.6436
Ccnf	ENSMUSG00000072082	CCNF	ENSMFAG00000039462	ortholog_one2one	1	83.1403
Ccng1	ENSMUSG00000020326	CCNG1	ENSMFAG00000035711	ortholog_one2one	1	92.517
Ccng2	ENSMUSG00000029385	CCNG2	ENSMFAG00000003008	ortholog_one2one	1	88.6628
Ccnh	ENSMUSG00000021548	CCNH	ENSMFAG00000008721	ortholog_one2one	1	92.2601
Ccni	ENSMUSG00000063015	CCNI	ENSMFAG00000036157	ortholog_one2one	1	93.8992
Ccnj	ENSMUSG00000025010	CCNJ	ENSMFAG00000037933	ortholog_one2one	1	96.5699
Ccnjl	ENSMUSG00000044707	CCNJL	ENSMFAG00000002131	ortholog_one2one	1	89.1473
Ccnk	ENSMUSG00000021258	CCNK	ENSMFAG00000031730	ortholog_one2one	1	72.1649
Ccnl1	ENSMUSG00000027829	CCNL1	ENSMFAG00000030104	ortholog_one2one	1	96.4286
Ccno	ENSMUSG00000042417	CCNO	ENSMFAG00000031385	ortholog_one2one	1	72.7273
Ccnt1	ENSMUSG00000011960	CCNT1	ENSMFAG00000042457	ortholog_one2one	1	89.5028
Ccnt2	ENSMUSG00000026349	CCNT2	ENSMFAG00000042791	ortholog_one2one	1	87.5519
Ccnyl1	ENSMUSG00000070871	CCNYL1	ENSMFAG00000001361	ortholog_one2many	1	98.2818
Ccp110	ENSMUSG00000033904	CCP110	ENSMFAG00000036768	ortholog_one2one	1	73.008
Ccpg1	ENSMUSG00000034563	CCPG1	ENSMFAG00000031325	ortholog_one2one	1	67.746
Ccr1	ENSMUSG00000025804	CCR1	ENSMFAG00000051272	ortholog_one2many	1	74.0845
Ccr10	ENSMUSG00000044052	CCR10	ENSMFAG00000000870	ortholog_one2one	1	88.3978
Ccr1l1	ENSMUSG00000064039	CCR1	ENSMFAG00000051272	ortholog_one2many	1	57.8652
Ccr2	ENSMUSG00000049103	CCR2	ENSMFAG00000033884	ortholog_one2one	1	76.9437
Ccr3	ENSMUSG00000035448	CCR3	ENSMFAG00000037157	ortholog_one2one	1	67.1309
Ccr4	ENSMUSG00000047898	CCR4	ENSMFAG00000016035	ortholog_one2one	1	85.8333
Ccr7	ENSMUSG00000037944	CCR7	ENSMFAG00000032012	ortholog_one2one	1	86.7725
Ccr8	ENSMUSG00000042262	CCR8	ENSMFAG00000056610	ortholog_one2one	1	70.8215
Ccr9	ENSMUSG00000029530	CCR9	ENSMFAG00000053344	ortholog_one2one	1	85.0948
Ccs	ENSMUSG00000034108	CCS	ENSMFAG00000037624	ortholog_one2one	1	86.1314
Ccser1	ENSMUSG00000039578	CCSER1	ENSMFAG00000032924	ortholog_one2one	1	79.7765
Ccser2	ENSMUSG00000058690	CCSER2	ENSMFAG00000042163	ortholog_one2one	1	80.7923
Cct2	ENSMUSG00000034024	CCT2	ENSMFAG00000035905	ortholog_one2one	1	97.0093
Cct3	ENSMUSG00000001416	CCT3	ENSMFAG00000033146	ortholog_one2one	1	84.7706
Cct4	ENSMUSG00000007739	CCT4	ENSMFAG00000031348	ortholog_one2one	1	97.0315
Cct5	ENSMUSG00000022234	CCT5	ENSMFAG00000045954	ortholog_one2one	1	96.3031
Cct6a	ENSMUSG00000029447	CCT6A	ENSMFAG00000033952	ortholog_one2one	1	96.2335
Cct6b	ENSMUSG00000020698	CCT6B	ENSMFAG00000038145	ortholog_one2one	1	83.2392
Cct7	ENSMUSG00000030007	CCT7	ENSMFAG00000039286	ortholog_one2one	1	96.1397
Cct8	ENSMUSG00000025613	CCT8	ENSMFAG00000035602	ortholog_one2one	1	94.708
Cct8l1	ENSMUSG00000038044	CCT8L2	ENSMFAG00000048391	ortholog_one2one	1	62.2776
Cd101	ENSMUSG00000086564	CD101	ENSMFAG00000033865	ortholog_one2one	1	69.6031
Cd109	ENSMUSG00000046186	CD109	ENSMFAG00000044576	ortholog_one2one	1	71.9834
Cd14	ENSMUSG00000051439	CD14	ENSMFAG00000025943	ortholog_one2one	1	68.0328
Cd151	ENSMUSG00000025510	CD151	ENSMFAG00000003612	ortholog_one2one	1	88.5376
Cd160	ENSMUSG00000038304	CD160	ENSMFAG00000043835	ortholog_one2one	1	62.1622
Cd164	ENSMUSG00000019818	CD164	ENSMFAG00000033671	ortholog_one2one	1	53.8071
Cd164l2	ENSMUSG00000028865	CD164L2	ENSMFAG00000032742	ortholog_one2one	1	76.1628
Cd180	ENSMUSG00000021624	CD180	ENSMFAG00000044511	ortholog_one2one	1	72.9198
Cd19	ENSMUSG00000030724	CD19	ENSMFAG00000003219	ortholog_one2one	1	65.9341
Cd2	ENSMUSG00000027863	CD2	ENSMFAG00000036150	ortholog_one2one	1	52.907
Cd200	ENSMUSG00000022661	CD200	ENSMFAG00000000111	ortholog_one2one	1	78.4387
Cd200r1	ENSMUSG00000022667	CD200R1	ENSMFAG00000038452	ortholog_many2many	1	54.908
Cd207	ENSMUSG00000034783	CD207	ENSMFAG00000002023	ortholog_one2one	1	64.9547
Cd22	ENSMUSG00000030577	CD22	ENSMFAG00000003950	ortholog_one2one	1	53.4562
Cd226	ENSMUSG00000034028	CD226	ENSMFAG00000042682	ortholog_one2one	1	52.8529
Cd274	ENSMUSG00000016496	CD274	ENSMFAG00000044358	ortholog_one2one	1	68.9655
Cd28	ENSMUSG00000026012	CD28	ENSMFAG00000003864	ortholog_one2one	1	68.8073
Cd2ap	ENSMUSG00000061665	CD2AP	ENSMFAG00000042539	ortholog_one2one	1	85.4003
Cd2bp2	ENSMUSG00000042502	CD2BP2	ENSMFAG00000038725	ortholog_one2one	1	92.1053
Cd300lg	ENSMUSG00000017309	CD300LG	ENSMFAG00000030079	ortholog_one2one	1	52.2911
Cd302	ENSMUSG00000060703	CD302	ENSMFAG00000038264	ortholog_one2one	1	73.6842
Cd34	ENSMUSG00000016494	CD34	ENSMFAG00000006003	ortholog_one2one	1	65.7068
Cd38	ENSMUSG00000029084	CD38	ENSMFAG00000034115	ortholog_one2one	1	57.2368
Cd3d	ENSMUSG00000032094	CD3D	ENSMFAG00000045644	ortholog_one2one	1	61.8497
Cd3e	ENSMUSG00000032093	CD3E	ENSMFAG00000040556	ortholog_one2one	1	64.0212
Cd3g	ENSMUSG00000002033	CD3G	ENSMFAG00000040063	ortholog_one2one	1	67.033
Cd4	ENSMUSG00000023274	CD4	ENSMFAG00000041228	ortholog_one2one	1	53.8293
Cd40	ENSMUSG00000017652	CD40	ENSMFAG00000032922	ortholog_one2one	1	55.0173
Cd40lg	ENSMUSG00000031132	CD40LG	ENSMFAG00000041794	ortholog_one2one	1	77.3077
Cd44	ENSMUSG00000005087	CD44	ENSMFAG00000043892	ortholog_one2one	1	67.4359
Cd47	ENSMUSG00000055447	CD47	ENSMFAG00000039536	ortholog_one2one	1	65.4206
Cd53	ENSMUSG00000040747	CD53	ENSMFAG00000002919	ortholog_one2one	1	66.21
Cd5l	ENSMUSG00000015854	CD5L	ENSMFAG00000037129	ortholog_one2one	1	65.625
Cd6	ENSMUSG00000024670	CD6	ENSMFAG00000033693	ortholog_one2one	1	63.7594
Cd63	ENSMUSG00000025351	CD63	ENSMFAG00000045733	ortholog_one2one	1	78.9916
Cd68	ENSMUSG00000018774	CD68	ENSMFAG00000032792	ortholog_one2one	1	71.3287
Cd70	ENSMUSG00000019489	CD70	ENSMFAG00000041094	ortholog_one2one	1	52.8205
Cd72	ENSMUSG00000028459	CD72	ENSMFAG00000032921	ortholog_one2one	1	53.3898
Cd74	ENSMUSG00000024610	CD74	ENSMFAG00000042836	ortholog_one2one	1	76.3441
Cd79a	ENSMUSG00000003379	CD79A	ENSMFAG00000001013	ortholog_one2one	1	66.8182
Cd81	ENSMUSG00000037706	CD81	ENSMFAG00000007233	ortholog_one2one	1	72.0339
Cd82	ENSMUSG00000027215	CD82	ENSMFAG00000035741	ortholog_one2one	1	75.9398
Cd83	ENSMUSG00000015396	CD83	ENSMFAG00000030839	ortholog_one2one	1	68.8775
Cd84	ENSMUSG00000038147	CD84	ENSMFAG00000032304	ortholog_one2one	1	58.6626
Cd9	ENSMUSG00000030342	CD9	ENSMFAG00000034485	ortholog_one2one	1	89.3805
Cd93	ENSMUSG00000027435	CD93	ENSMFAG00000043644	ortholog_one2one	1	68.9441
Cd96	ENSMUSG00000022657	CD96	ENSMFAG00000001986	ortholog_one2one	1	57.309
Cd99l2	ENSMUSG00000035776	CD99L2	ENSMFAG00000043583	ortholog_one2one	1	78.972
Cda	ENSMUSG00000028755	CDA	ENSMFAG00000000090	ortholog_one2one	1	63.6986
Cdan1	ENSMUSG00000027284	CDAN1	ENSMFAG00000045780	ortholog_one2one	1	87.013
Cdc123	ENSMUSG00000039128	CDC123	ENSMFAG00000036128	ortholog_one2one	1	93.1548
Cdc14a	ENSMUSG00000033502	CDC14A	ENSMFAG00000000724	ortholog_one2one	1	83.2504
Cdc16	ENSMUSG00000038416	CDC16	ENSMFAG00000042134	ortholog_one2one	1	91.6129
Cdc20	ENSMUSG00000006398	CDC20	ENSMFAG00000001542	ortholog_one2one	1	94.5892
Cdc20b	ENSMUSG00000078926	CDC20B	ENSMFAG00000043474	ortholog_one2one	1	71.0692
Cdc23	ENSMUSG00000024370	CDC23	ENSMFAG00000002420	ortholog_one2one	1	95.3099
Cdc25a	ENSMUSG00000032477	CDC25A	ENSMFAG00000044959	ortholog_one2one	1	77.4319
Cdc25b	ENSMUSG00000027330	CDC25B	ENSMFAG00000001545	ortholog_one2one	1	74.1319
Cdc25c	ENSMUSG00000044201	CDC25C	ENSMFAG00000035542	ortholog_one2one	1	69.3512
Cdc26	ENSMUSG00000066149	CDC26	ENSMFAG00000007504	ortholog_one2one	1	89.4118
Cdc37	ENSMUSG00000019471	CDC37	ENSMFAG00000037601	ortholog_one2many	1	92.6121
Cdc37l1	ENSMUSG00000024780	CDC37L1	ENSMFAG00000000879	ortholog_one2one	1	89.2537
Cdc40	ENSMUSG00000038446	CDC40	ENSMFAG00000002327	ortholog_one2one	1	99.1364
Cdc42bpa	ENSMUSG00000026490	CDC42BPA	ENSMFAG00000036131	ortholog_one2one	1	94.5621
Cdc42bpb	ENSMUSG00000021279	CDC42BPB	ENSMFAG00000044066	ortholog_one2one	1	86.7484
Cdc42bpg	ENSMUSG00000024769	CDC42BPG	ENSMFAG00000046402	ortholog_one2one	1	79.0458
Cdc42ep1	ENSMUSG00000049521	CDC42EP1	ENSMFAG00000031899	ortholog_one2one	1	53.0562
Cdc42ep2	ENSMUSG00000045664	CDC42EP2	ENSMFAG00000025261	ortholog_one2one	1	69.6262
Cdc42ep3	ENSMUSG00000036533	CDC42EP3	ENSMFAG00000014850	ortholog_one2one	1	92.5197
Cdc42ep4	ENSMUSG00000041598	CDC42EP4	ENSMFAG00000056650	ortholog_one2one	1	67.0487
Cdc45	ENSMUSG00000000028	CDC45	ENSMFAG00000045935	ortholog_one2one	1	90.8127
Cdc5l	ENSMUSG00000023932	CDC5L	ENSMFAG00000000812	ortholog_one2many	1	98.005
Cdc6	ENSMUSG00000017499	CDC6	ENSMFAG00000044270	ortholog_one2one	1	79.8932
Cdc73	ENSMUSG00000026361	CDC73	ENSMFAG00000042168	ortholog_one2one	1	100
Cdca2	ENSMUSG00000048922	CDCA2	ENSMFAG00000044937	ortholog_one2one	1	50.4073
Cdca3	ENSMUSG00000023505	CDCA3	ENSMFAG00000042353	ortholog_one2one	1	72.9323
Cdca4	ENSMUSG00000047832	CDCA4	ENSMFAG00000051104	ortholog_one2one	1	73.4177
Cdca7	ENSMUSG00000055612	CDCA7	ENSMFAG00000033844	ortholog_one2one	1	83.5079
Cdcp1	ENSMUSG00000035498	CDCP1	ENSMFAG00000044280	ortholog_one2one	1	80.3121
Cdcp2	ENSMUSG00000047636	CDCP2	ENSMFAG00000030597	ortholog_one2one	1	77.9859
Cdh1	ENSMUSG00000000303	CDH1	ENSMFAG00000032434	ortholog_one2one	1	80.0905
Cdh10	ENSMUSG00000022321	CDH10	ENSMFAG00000001810	ortholog_one2one	1	96.8274
Cdh11	ENSMUSG00000031673	CDH11	ENSMFAG00000040729	ortholog_one2one	1	97.2362
Cdh12	ENSMUSG00000040452	CDH12	ENSMFAG00000030271	ortholog_one2one	1	95.8438
Cdh13	ENSMUSG00000031841	CDH13	ENSMFAG00000003153	ortholog_one2one	1	92.577
Cdh15	ENSMUSG00000031962	CDH15	ENSMFAG00000024502	ortholog_one2one	1	83.801
Cdh16	ENSMUSG00000031881	CDH16	ENSMFAG00000036946	ortholog_one2one	1	76.988
Cdh17	ENSMUSG00000028217	CDH17	ENSMFAG00000000602	ortholog_one2one	1	74.8489
Cdh18	ENSMUSG00000040420	CDH18	ENSMFAG00000030294	ortholog_one2one	1	96.7089
Cdh19	ENSMUSG00000047216	CDH19	ENSMFAG00000009175	ortholog_one2one	1	74.9351
Cdh2	ENSMUSG00000024304	CDH2	ENSMFAG00000004661	ortholog_one2one	1	97.0199
Cdh22	ENSMUSG00000053166	CDH22	ENSMFAG00000039782	ortholog_one2one	1	83.1488
Cdh24	ENSMUSG00000059674	CDH24	ENSMFAG00000002248	ortholog_one2one	1	83.0986
Cdh26	ENSMUSG00000039155	CDH26	ENSMFAG00000034675	ortholog_one2one	1	65.2687
Cdh4	ENSMUSG00000000305	CDH4	ENSMFAG00000042158	ortholog_one2one	1	92.8806
Cdh5	ENSMUSG00000031871	CDH5	ENSMFAG00000038308	ortholog_one2one	1	74.1071
Cdh6	ENSMUSG00000039385	CDH6	ENSMFAG00000001830	ortholog_one2one	1	97.5949
Cdh7	ENSMUSG00000026312	CDH7	ENSMFAG00000032853	ortholog_one2one	1	97.707
Cdh8	ENSMUSG00000036510	CDH8	ENSMFAG00000031066	ortholog_one2one	1	88.2353
Cdh9	ENSMUSG00000025370	CDH9	ENSMFAG00000001139	ortholog_one2one	1	90.9898
Cdhr1	ENSMUSG00000021803	CDHR1	ENSMFAG00000001885	ortholog_one2one	1	85.4482
Cdhr2	ENSMUSG00000034918	CDHR2	ENSMFAG00000044762	ortholog_one2one	1	71.4067
Cdip1	ENSMUSG00000004071	CDIP1	ENSMFAG00000030551	ortholog_one2one	1	94.2308
Cdipt	ENSMUSG00000030682	CDIPT	ENSMFAG00000004028	ortholog_one2one	1	97.1831
Cdk1	ENSMUSG00000019942	CDK1	ENSMFAG00000039345	ortholog_one2one	1	96.633
Cdk10	ENSMUSG00000033862	CDK10	ENSMFAG00000039303	ortholog_one2one	1	90.5556
Cdk12	ENSMUSG00000003119	CDK12	ENSMFAG00000042301	ortholog_one2one	1	92.6102
Cdk14	ENSMUSG00000028926	CDK14	ENSMFAG00000044994	ortholog_one2one	1	98.2942
Cdk15	ENSMUSG00000026023	CDK15	ENSMFAG00000002188	ortholog_one2one	1	87.5289
Cdk17	ENSMUSG00000020015	CDK17	ENSMFAG00000033127	ortholog_one2one	1	98.6616
Cdk18	ENSMUSG00000026437	CDK18	ENSMFAG00000003017	ortholog_one2one	1	90.9091
Cdk19	ENSMUSG00000038481	CDK19	ENSMFAG00000042294	ortholog_one2one	1	96.4072
Cdk2	ENSMUSG00000025358	CDK2	ENSMFAG00000044700	ortholog_one2one	1	98.9933
Cdk5	ENSMUSG00000028969	CDK5	ENSMFAG00000002154	ortholog_one2one	1	96.2329
Cdk5rap1	ENSMUSG00000027487	CDK5RAP1	ENSMFAG00000040526	ortholog_one2one	1	87.7551
Cdk5rap3	ENSMUSG00000018669	CDK5RAP3	ENSMFAG00000046364	ortholog_one2one	1	88.0716
Cdk7	ENSMUSG00000069089	CDK7	ENSMFAG00000001451	ortholog_one2one	1	94.7977
Cdk9	ENSMUSG00000009555	CDK9	ENSMFAG00000033992	ortholog_one2one	1	98.6559
Cdkal1	ENSMUSG00000006191	CDKAL1	ENSMFAG00000035642	ortholog_one2one	1	90.1384
Cdkl1	ENSMUSG00000020990	CDKL1	ENSMFAG00000003833	ortholog_one2one	1	89.7727
Cdkl2	ENSMUSG00000029403	CDKL2	ENSMFAG00000043830	ortholog_one2one	1	85.2113
Cdkl5	ENSMUSG00000031292	CDKL5	ENSMFAG00000030921	ortholog_one2one	1	88.2292
Cdkn1a	ENSMUSG00000023067	CDKN1A	ENSMFAG00000001604	ortholog_one2one	1	79.2453
Cdkn1b	ENSMUSG00000003031	CDKN1B	ENSMFAG00000032299	ortholog_one2one	1	86.2944
Cdkn1c	ENSMUSG00000037664	CDKN1C	ENSMFAG00000037524	ortholog_one2one	1	53.1343
Cdkn2aip	ENSMUSG00000038069	CDKN2AIP	ENSMFAG00000046173	ortholog_one2one	1	85.6128
Cdkn2c	ENSMUSG00000028551	CDKN2C	ENSMFAG00000024172	ortholog_one2one	1	92.2619
Cdkn2d	ENSMUSG00000096472	CDKN2D	ENSMFAG00000032475	ortholog_one2one	1	87.3494
Cdkn3	ENSMUSG00000037628	CDKN3	ENSMFAG00000045970	ortholog_one2one	1	87.6777
Cdo1	ENSMUSG00000033022	CDO1	ENSMFAG00000032046	ortholog_one2one	1	90
Cdon	ENSMUSG00000038119	CDON	ENSMFAG00000033244	ortholog_one2one	1	82.56
Cdpf1	ENSMUSG00000064284	CDPF1	ENSMFAG00000030588	ortholog_one2one	1	77.3109
Cdr2	ENSMUSG00000030878	CDR2	ENSMFAG00000036442	ortholog_one2one	1	89.6703
Cdr2l	ENSMUSG00000050910	CDR2L	ENSMFAG00000041166	ortholog_one2one	1	65.1613
Cds1	ENSMUSG00000029330	CDS1	ENSMFAG00000002059	ortholog_one2one	1	95.4447
Cds2	ENSMUSG00000058793	CDS2	ENSMFAG00000000273	ortholog_one2one	1	96.3964
Cdsn	ENSMUSG00000039518	CDSN	ENSMFAG00000002361	ortholog_one2one	1	63.2799
Cdt1	ENSMUSG00000006585	CTU2	ENSMFAG00000030941	ortholog_one2one	1	70.018
Cdv3	ENSMUSG00000032803	CDV3	ENSMFAG00000043287	ortholog_one2one	1	73.3051
Cdx1	ENSMUSG00000024619	CDX1	ENSMFAG00000053823	ortholog_one2one	1	67.5373
Cdx2	ENSMUSG00000029646	CDX2	ENSMFAG00000051158	ortholog_one2one	1	91.6399
Cdx4	ENSMUSG00000031326	CDX4	ENSMFAG00000053268	ortholog_one2one	1	81.5603
Cdyl	ENSMUSG00000059288	CDYL	ENSMFAG00000042478	ortholog_one2one	1	91.7279
Cdyl2	ENSMUSG00000031758	CDYL2	ENSMFAG00000039809	ortholog_one2one	1	91.2525
Ceacam16	ENSMUSG00000014686	CEACAM16	ENSMFAG00000040382	ortholog_one2one	1	89.2019
Ceacam19	ENSMUSG00000049848	CEACAM19	ENSMFAG00000028788	ortholog_one2one	1	66.4207
Cebpa	ENSMUSG00000034957	CEBPA	ENSMFAG00000059502	ortholog_one2one	1	57.3816
Cebpe	ENSMUSG00000052435	CEBPE	ENSMFAG00000065070	ortholog_one2one	1	92.8826
Cebpg	ENSMUSG00000056216	CEBPG	ENSMFAG00000054581	ortholog_one2one	1	90.6667
Cebpz	ENSMUSG00000024081	CEBPZ	ENSMFAG00000042567	ortholog_one2one	1	82.0342
Cebpzos	ENSMUSG00000062691	CEBPZOS	ENSMFAG00000063109	ortholog_one2one	1	76.25
Cecr2	ENSMUSG00000071226	CECR2	ENSMFAG00000033120	ortholog_one2one	1	80.9825
Cela1	ENSMUSG00000023031	CELA1	ENSMFAG00000044458	ortholog_one2one	1	85.7143
Cela2a	ENSMUSG00000058579	CELA2B	ENSMFAG00000034080	ortholog_one2many	1	70.1107
Cela3a	ENSMUSG00000078520	CELA3A	ENSMFAG00000008347	ortholog_one2many	1	71.3781
Cela3b	ENSMUSG00000023433	CELA3A	ENSMFAG00000008347	ortholog_one2many	1	81.4126
Celf1	ENSMUSG00000005506	CELF1	ENSMFAG00000003505	ortholog_one2one	1	99.5885
Celf2	ENSMUSG00000002107	CELF2	ENSMFAG00000033084	ortholog_one2one	1	94.1509
Celf3	ENSMUSG00000028137	CELF3	ENSMFAG00000040182	ortholog_one2one	1	81.0753
Celf4	ENSMUSG00000024268	CELF4	ENSMFAG00000042983	ortholog_one2one	1	95.471
Celf6	ENSMUSG00000032297	CELF6	ENSMFAG00000002682	ortholog_one2one	1	69.7826
Celsr1	ENSMUSG00000016028	CELSR1	ENSMFAG00000034232	ortholog_one2one	1	79.9604
Celsr3	ENSMUSG00000023473	CELSR3	ENSMFAG00000045461	ortholog_one2one	1	91.1151
Cemip	ENSMUSG00000052353	CEMIP	ENSMFAG00000031330	ortholog_one2one	1	86.554
Cemip2	ENSMUSG00000024754	CEMIP2	ENSMFAG00000036873	ortholog_one2one	1	87.0571
Cenpa	ENSMUSG00000029177	CENPA	ENSMFAG00000045875	ortholog_one2one	1	68.6567
Cenpe	ENSMUSG00000045328	CENPE	ENSMFAG00000039560	ortholog_one2one	1	64.7916
Cenpf	ENSMUSG00000026605	CENPF	ENSMFAG00000038702	ortholog_one2one	1	66.0661
Cenph	ENSMUSG00000045273	CENPH	ENSMFAG00000003204	ortholog_one2one	1	66.39
Cenpi	ENSMUSG00000031262	CENPI	ENSMFAG00000004043	ortholog_one2one	1	70.2413
Cenpk	ENSMUSG00000021714	CENPK	ENSMFAG00000037278	ortholog_one2one	1	66.0131
Cenpl	ENSMUSG00000026708	CENPL	ENSMFAG00000045526	ortholog_one2one	1	84.3478
Cenpm	ENSMUSG00000068101	CENPM	ENSMFAG00000042414	ortholog_one2one	1	79.4444
Cenpn	ENSMUSG00000031756	CENPN	ENSMFAG00000032373	ortholog_one2one	1	67.9525
Cenpo	ENSMUSG00000020652	CENPO	ENSMFAG00000031589	ortholog_one2one	1	65.7718
Cenpq	ENSMUSG00000023919	CENPQ	ENSMFAG00000045783	ortholog_one2one	1	63.6704
Cenps	ENSMUSG00000073705	CENPS	ENSMFAG00000055564	ortholog_one2one	1	68.3099
Cenpt	ENSMUSG00000036672	CENPT	ENSMFAG00000000806	ortholog_one2one	1	62.3301
Cenpu	ENSMUSG00000031629	CENPU	ENSMFAG00000043328	ortholog_one2one	1	55.3659
Cenpw	ENSMUSG00000075266	CENPW	ENSMFAG00000002060	ortholog_one2one	1	66.6667
Cep104	ENSMUSG00000039523	CEP104	ENSMFAG00000041467	ortholog_one2one	1	80.7775
Cep112	ENSMUSG00000020728	CEP112	ENSMFAG00000038512	ortholog_one2one	1	86.7924
Cep120	ENSMUSG00000048799	CEP120	ENSMFAG00000000165	ortholog_one2one	1	89.2713
Cep126	ENSMUSG00000040729	CEP126	ENSMFAG00000030828	ortholog_one2one	1	59.7461
Cep128	ENSMUSG00000061533	CEP128	ENSMFAG00000002498	ortholog_one2one	1	74.6824
Cep131	ENSMUSG00000039781	CEP131	ENSMFAG00000041952	ortholog_one2one	1	75.7318
Cep135	ENSMUSG00000036403	CEP135	ENSMFAG00000032993	ortholog_one2one	1	82.8947
Cep15	ENSMUSG00000033111	CEP15	ENSMFAG00000058151	ortholog_one2one	1	68.5039
Cep152	ENSMUSG00000068394	CEP152	ENSMFAG00000040377	ortholog_one2one	1	66.4747
Cep162	ENSMUSG00000056919	CEP162	ENSMFAG00000031492	ortholog_one2one	1	74.9109
Cep170	ENSMUSG00000057335	CEP170	ENSMFAG00000002285	ortholog_one2one	1	86.8188
Cep19	ENSMUSG00000035790	CEP19	ENSMFAG00000049327	ortholog_one2one	1	84.6626
Cep192	ENSMUSG00000024542	CEP192	ENSMFAG00000001833	ortholog_one2one	1	63.7232
Cep20	ENSMUSG00000022677	CEP20	ENSMFAG00000000648	ortholog_one2one	1	74.1379
Cep290	ENSMUSG00000019971	CEP290	ENSMFAG00000038682	ortholog_one2one	1	86.6161
Cep295	ENSMUSG00000046111	CEP295	ENSMFAG00000041174	ortholog_one2one	1	60.9615
Cep350	ENSMUSG00000033671	CEP350	ENSMFAG00000037570	ortholog_one2one	1	80.5816
Cep41	ENSMUSG00000029790	CEP41	ENSMFAG00000002202	ortholog_one2one	1	86.8633
Cep43	ENSMUSG00000069135	CEP43	ENSMFAG00000040151	ortholog_one2one	1	84.6966
Cep44	ENSMUSG00000038215	CEP44	ENSMFAG00000003438	ortholog_one2one	1	61.399
Cep55	ENSMUSG00000024989	CEP55	ENSMFAG00000041263	ortholog_one2one	1	74.8918
Cep57	ENSMUSG00000031922	CEP57	ENSMFAG00000003768	ortholog_one2one	1	87.6
Cep57l1	ENSMUSG00000019813	CEP57L1	ENSMFAG00000038962	ortholog_one2one	1	73.1935
Cep63	ENSMUSG00000032534	CEP63	ENSMFAG00000037546	ortholog_one2one	1	76.573
Cep68	ENSMUSG00000044066	CEP68	ENSMFAG00000041409	ortholog_one2one	1	62.4829
Cep70	ENSMUSG00000056267	CEP70	ENSMFAG00000038255	ortholog_one2one	1	76.6234
Cep72	ENSMUSG00000021572	CEP72	ENSMFAG00000032507	ortholog_one2one	1	65.1703
Cep76	ENSMUSG00000073542	CEP76	ENSMFAG00000045482	ortholog_one2one	1	97.7238
Cep78	ENSMUSG00000041491	CEP78	ENSMFAG00000023050	ortholog_one2one	1	78.2279
Cep83	ENSMUSG00000020024	CEP83	ENSMFAG00000001500	ortholog_one2one	1	83.6705
Cep85	ENSMUSG00000037443	CEP85	ENSMFAG00000045288	ortholog_one2one	1	85.2825
Cep85l	ENSMUSG00000038594	CEP85L	ENSMFAG00000000904	ortholog_one2one	1	84.1191
Cep89	ENSMUSG00000023072	CEP89	ENSMFAG00000001684	ortholog_one2one	1	67.6359
Cep95	ENSMUSG00000018372	CEP95	ENSMFAG00000037980	ortholog_one2one	1	72.4305
Cep97	ENSMUSG00000022604	CEP97	ENSMFAG00000045770	ortholog_one2one	1	77.8037
Cept1	ENSMUSG00000040774	CEPT1	ENSMFAG00000044191	ortholog_one2one	1	96.6346
Cer1	ENSMUSG00000038192	CER1	ENSMFAG00000037928	ortholog_one2one	1	68.0147
Cercam	ENSMUSG00000039787	CERCAM	ENSMFAG00000001783	ortholog_one2one	1	83.277
Cerk	ENSMUSG00000035891	CERK	ENSMFAG00000045987	ortholog_one2one	1	78.3428
Cerkl	ENSMUSG00000075256	CERKL	ENSMFAG00000031604	ortholog_one2one	1	73.7143
Cers1	ENSMUSG00000087408	CERS1	ENSMFAG00000044990	ortholog_one2one	1	78.2857
Cers3	ENSMUSG00000030510	CERS3	ENSMFAG00000043799	ortholog_one2one	1	77.8068
Cers5	ENSMUSG00000023021	CERS5	ENSMFAG00000043342	ortholog_one2one	1	65.7005
Cers6	ENSMUSG00000027035	CERS6	ENSMFAG00000046177	ortholog_one2one	1	95.3125
Cert1	ENSMUSG00000021669	CERT1	ENSMFAG00000030820	ortholog_one2one	1	96.6555
Ces1b	ENSMUSG00000078964	CES1	ENSMFAG00000031843	ortholog_many2many	1	66.843
Ces1c	ENSMUSG00000057400	CES1	ENSMFAG00000031843	ortholog_many2many	1	67.87
Ces1d	ENSMUSG00000056973	CES1	ENSMFAG00000031843	ortholog_many2many	1	78.5841
Ces1g	ENSMUSG00000057074	CES1	ENSMFAG00000031843	ortholog_many2many	1	73.2743
Ces1h	ENSMUSG00000074156	CES1	ENSMFAG00000031843	ortholog_many2many	1	70.2847
Ces2a	ENSMUSG00000055730	CES2	ENSMFAG00000032416	ortholog_one2many	1	67.2043
Ces2b	ENSMUSG00000050097	CES2	ENSMFAG00000032416	ortholog_one2many	1	70.5036
Ces2c	ENSMUSG00000061825	CES2	ENSMFAG00000032416	ortholog_one2many	1	70.7665
Ces2e	ENSMUSG00000031886	CES2	ENSMFAG00000032416	ortholog_one2many	1	69.9463
Ces2f	ENSMUSG00000062826	CES2	ENSMFAG00000032416	ortholog_one2many	1	64.1711
Ces2g	ENSMUSG00000031877	CES2	ENSMFAG00000032416	ortholog_one2many	1	69.4643
Cetn2	ENSMUSG00000031347	CETN2	ENSMFAG00000044996	ortholog_one2one	1	95.9302
Cetn3	ENSMUSG00000021537	CETN3	ENSMFAG00000036901	ortholog_one2one	1	98.8024
Cfap100	ENSMUSG00000048794	CFAP100	ENSMFAG00000042548	ortholog_one2one	1	64.5051
Cfap107	ENSMUSG00000028589	CFAP107	ENSMFAG00000041405	ortholog_one2one	1	75
Cfap119	ENSMUSG00000057176	CFAP119	ENSMFAG00000035701	ortholog_one2one	1	72.3724
Cfap126	ENSMUSG00000026649	CFAP126	ENSMFAG00000000103	ortholog_one2one	1	56.2232
Cfap157	ENSMUSG00000038987	CFAP157	ENSMFAG00000027410	ortholog_one2one	1	63.8623
Cfap161	ENSMUSG00000011154	CFAP161	ENSMFAG00000039949	ortholog_one2one	1	71.2871
Cfap20	ENSMUSG00000031796	CFAP20	ENSMFAG00000007227	ortholog_one2one	1	98.9637
Cfap206	ENSMUSG00000028294	CFAP206	ENSMFAG00000035889	ortholog_one2one	1	79.9035
Cfap20dc	ENSMUSG00000021747	CFAP20DC	ENSMFAG00000002952	ortholog_one2one	1	74.6291
Cfap221	ENSMUSG00000036962	CFAP221	ENSMFAG00000026339	ortholog_one2one	1	71.5311
Cfap251	ENSMUSG00000029442	CFAP251	ENSMFAG00000025564	ortholog_one2one	1	59.2764
Cfap276	ENSMUSG00000027886	CFAP276	ENSMFAG00000030402	ortholog_one2one	1	70.8333
Cfap298	ENSMUSG00000022972	CFAP298	ENSMFAG00000037088	ortholog_one2one	1	93.4483
Cfap299	ENSMUSG00000057816	CFAP299	ENSMFAG00000036519	ortholog_one2one	1	85.4077
Cfap36	ENSMUSG00000020462	CFAP36	ENSMFAG00000010897	ortholog_one2one	1	90.379
Cfap418	ENSMUSG00000059482	CFAP418	ENSMFAG00000044442	ortholog_one2one	1	75.5981
Cfap43	ENSMUSG00000044948	CFAP43	ENSMFAG00000043638	ortholog_one2one	1	72.83
Cfap44	ENSMUSG00000071550	CFAP44	ENSMFAG00000033023	ortholog_one2one	1	76.1801
Cfap45	ENSMUSG00000026546	CFAP45	ENSMFAG00000041889	ortholog_one2one	1	79.4918
Cfap52	ENSMUSG00000020904	CFAP52	ENSMFAG00000037033	ortholog_one2one	1	91.9355
Cfap54	ENSMUSG00000020014	CFAP54	ENSMFAG00000037916	ortholog_one2one	1	72.8268
Cfap57	ENSMUSG00000028730	CFAP57	ENSMFAG00000040741	ortholog_one2one	1	87.7502
Cfap58	ENSMUSG00000046585	CFAP58	ENSMFAG00000035977	ortholog_one2one	1	88.0871
Cfap61	ENSMUSG00000037143	CFAP61	ENSMFAG00000040250	ortholog_one2one	1	77.8862
Cfap65	ENSMUSG00000047021	CFAP65	ENSMFAG00000045713	ortholog_one2one	1	71.9004
Cfap68	ENSMUSG00000037971	CFAP68	ENSMFAG00000000736	ortholog_one2one	1	66.8675
Cfap69	ENSMUSG00000040473	CFAP69	ENSMFAG00000034046	ortholog_one2one	1	83.6518
Cfap70	ENSMUSG00000039543	CFAP70	ENSMFAG00000042575	ortholog_one2one	1	80.631
Cfap73	ENSMUSG00000094282	CFAP73	ENSMFAG00000032424	ortholog_one2one	1	54.5752
Cfap77	ENSMUSG00000079502	CFAP77	ENSMFAG00000001992	ortholog_one2one	1	86.5724
Cfap90	ENSMUSG00000021534	CFAP90	ENSMFAG00000036254	ortholog_one2one	1	55.4945
Cfap91	ENSMUSG00000022805	CFAP91	ENSMFAG00000024362	ortholog_one2one	1	74.4572
Cfap95	ENSMUSG00000033053	CFAP95	ENSMFAG00000034619	ortholog_one2one	1	63.5965
Cfap96	ENSMUSG00000071103	CFAP96	ENSMFAG00000003574	ortholog_one2one	1	73.4177
Cfap97d1	ENSMUSG00000010841	CFAP97D1	ENSMFAG00000056032	ortholog_one2one	1	79.2683
Cfap99	ENSMUSG00000109572	CFAP99	ENSMFAG00000034253	ortholog_one2one	1	66.2037
Cfb	ENSMUSG00000090231	CFB	ENSMFAG00000059371	ortholog_one2one	1	74.4828
Cfdp1	ENSMUSG00000031954	CFDP1	ENSMFAG00000031867	ortholog_one2one	1	75.9322
Cfi	ENSMUSG00000058952	CFI	ENSMFAG00000032258	ortholog_one2one	1	67.8275
Cfl2	ENSMUSG00000062929	CFL2	ENSMFAG00000001352	ortholog_one2one	1	64.8221
Cflar	ENSMUSG00000026031	CFLAR	ENSMFAG00000042284	ortholog_one2one	1	65.9044
Cfp	ENSMUSG00000001128	CFP	ENSMFAG00000032256	ortholog_one2one	1	76.7241
Cftr	ENSMUSG00000041301	CFTR	ENSMFAG00000000170	ortholog_one2one	1	79.2005
Cgas	ENSMUSG00000032344	CGAS	ENSMFAG00000046319	ortholog_one2one	1	55.6213
Cggbp1	ENSMUSG00000054604	CGGBP1	ENSMFAG00000052960	ortholog_one2one	1	98.2036
Cgnl1	ENSMUSG00000032232	CGNL1	ENSMFAG00000036711	ortholog_one2one	1	82.3439
Cgrrf1	ENSMUSG00000055128	CGRRF1	ENSMFAG00000043781	ortholog_one2one	1	83.1325
Ch25h	ENSMUSG00000050370	CH25H	ENSMFAG00000058457	ortholog_one2one	1	68.7919
Chac1	ENSMUSG00000027313	CHAC1	ENSMFAG00000043687	ortholog_one2one	1	87.8924
Chad	ENSMUSG00000039084	CHAD	ENSMFAG00000031869	ortholog_one2one	1	93.2961
Chaf1b	ENSMUSG00000022945	CHAF1B	ENSMFAG00000040980	ortholog_one2one	1	82.3427
Chat	ENSMUSG00000021919	CHAT	ENSMFAG00000045379	ortholog_one2one	1	86.2016
Chchd1	ENSMUSG00000063787	CHCHD1	ENSMFAG00000041879	ortholog_one2one	1	77.1186
Chchd10	ENSMUSG00000049422	CHCHD10	ENSMFAG00000040582	ortholog_one2one	1	84.058
Chchd3	ENSMUSG00000053768	CHCHD3	ENSMFAG00000024346	ortholog_one2one	1	90.7489
Chchd5	ENSMUSG00000037938	CHCHD5	ENSMFAG00000044931	ortholog_one2one	1	86.3636
Chct1	ENSMUSG00000018479	CHCT1	ENSMFAG00000001841	ortholog_one2one	1	76.6949
Chd1l	ENSMUSG00000028089	CHD1L	ENSMFAG00000043562	ortholog_one2one	1	85.7778
Chd2	ENSMUSG00000078671	CHD2	ENSMFAG00000033343	ortholog_one2one	1	96.5517
Chd3	ENSMUSG00000018474	CHD3	ENSMFAG00000020113	ortholog_one2one	1	86.3747
Chd4	ENSMUSG00000063870	CHD4	ENSMFAG00000003188	ortholog_one2one	1	98.0679
Chd5	ENSMUSG00000005045	CHD5	ENSMFAG00000033993	ortholog_one2one	1	92.5488
Chd6	ENSMUSG00000057133	CHD6	ENSMFAG00000032830	ortholog_one2one	1	88.5651
Chd7	ENSMUSG00000041235	CHD7	ENSMFAG00000041825	ortholog_one2one	1	95.0435
Chd8	ENSMUSG00000053754	CHD8	ENSMFAG00000035402	ortholog_one2one	1	96.2045
Chd9	ENSMUSG00000056608	CHD9	ENSMFAG00000041354	ortholog_one2one	1	91.5078
Chek1	ENSMUSG00000032113	CHEK1	ENSMFAG00000000771	ortholog_one2one	1	93.6975
Chfr	ENSMUSG00000014668	CHFR	ENSMFAG00000039138	ortholog_one2one	1	79.0663
Chga	ENSMUSG00000021194	CHGA	ENSMFAG00000032473	ortholog_one2one	1	67.1706
Chgb	ENSMUSG00000027350	CHGB	ENSMFAG00000033610	ortholog_one2one	1	62.6292
Chi3l1	ENSMUSG00000064246	CHI3L1	ENSMFAG00000003587	ortholog_one2one	1	72.7034
Chic1	ENSMUSG00000031327	CHIC1	ENSMFAG00000011399	ortholog_one2one	1	94.2731
Chic2	ENSMUSG00000029229	CHIC2	ENSMFAG00000035340	ortholog_one2one	1	99.3939
Chid1	ENSMUSG00000025512	CHID1	ENSMFAG00000044543	ortholog_one2one	1	89.313
Chil3	ENSMUSG00000040809	CHIA	ENSMFAG00000003339	ortholog_one2many	1	64.0704
Chil4	ENSMUSG00000063779	CHIA	ENSMFAG00000003339	ortholog_one2many	1	62.6866
Chil5	ENSMUSG00000043873	CHIA	ENSMFAG00000003339	ortholog_one2many	1	63.3411
Chil6	ENSMUSG00000027902	CHIA	ENSMFAG00000003339	ortholog_one2many	1	54.3182
Chit1	ENSMUSG00000026450	CHIT1	ENSMFAG00000045615	ortholog_one2one	1	72.4138
Chka	ENSMUSG00000024843	CHKA	ENSMFAG00000032927	ortholog_one2one	1	80
Chl1	ENSMUSG00000030077	CHL1	ENSMFAG00000040804	ortholog_one2one	1	84.6981
Chlsn	ENSMUSG00000053553	C7orf50	ENSMFAG00000031113	ortholog_one2one	1	59.4872
Chm	ENSMUSG00000025531	CHM	ENSMFAG00000042140	ortholog_one2one	1	80.8157
Chmp1a	ENSMUSG00000000743	CHMP1A	ENSMFAG00000038083	ortholog_one2one	1	97.9592
Chmp2b	ENSMUSG00000004843	CHMP2B	ENSMFAG00000033665	ortholog_one2one	1	99.061
Chmp3	ENSMUSG00000053119	CHMP3	ENSMFAG00000043771	ortholog_one2one	1	96.875
Chmp4b	ENSMUSG00000038467	CHMP4B	ENSMFAG00000040050	ortholog_one2many	1	99.5536
Chmp4c	ENSMUSG00000027536	CHMP4C	ENSMFAG00000026066	ortholog_one2one	1	86.6379
Chmp5	ENSMUSG00000028419	CHMP5	ENSMFAG00000045456	ortholog_one2one	1	98.6301
Chmp7	ENSMUSG00000034190	CHMP7	ENSMFAG00000031228	ortholog_one2one	1	95.5654
Chn1	ENSMUSG00000056486	CHN1	ENSMFAG00000002404	ortholog_one2one	1	96.5142
Chn2	ENSMUSG00000004633	CHN2	ENSMFAG00000033189	ortholog_one2one	1	96.5812
Chodl	ENSMUSG00000022860	CHODL	ENSMFAG00000030235	ortholog_one2one	1	93.0403
Chordc1	ENSMUSG00000001774	CHORDC1	ENSMFAG00000035565	ortholog_one2one	1	95.4683
Chp1	ENSMUSG00000014077	CHP1	ENSMFAG00000063219	ortholog_one2one	1	95.8974
Chp2	ENSMUSG00000030865	CHP2	ENSMFAG00000045880	ortholog_one2one	1	81.1225
Chpf	ENSMUSG00000032997	CHPF	ENSMFAG00000041505	ortholog_one2one	1	75.323
Chpf2	ENSMUSG00000038181	CHPF2	ENSMFAG00000045967	ortholog_one2one	1	95.5729
Chpt1	ENSMUSG00000060002	CHPT1	ENSMFAG00000045187	ortholog_one2one	1	88.67
Chrac1	ENSMUSG00000068391	CHRAC1	ENSMFAG00000029360	ortholog_one2one	1	79.845
Chrd	ENSMUSG00000006958	CHRD	ENSMFAG00000001808	ortholog_one2one	1	85.9705
Chrdl1	ENSMUSG00000031283	CHRDL1	ENSMFAG00000036630	ortholog_one2one	1	90.9292
Chrdl2	ENSMUSG00000030732	CHRDL2	ENSMFAG00000042027	ortholog_one2one	1	72.77
Chrm2	ENSMUSG00000045613	CHRM2	ENSMFAG00000029546	ortholog_one2one	1	96.5665
Chrm4	ENSMUSG00000040495	CHRM4	ENSMFAG00000021204	ortholog_one2one	1	95.8246
Chrm5	ENSMUSG00000074939	CHRM5	ENSMFAG00000012509	ortholog_one2one	1	87.782
Chrna1	ENSMUSG00000027107	CHRNA1	ENSMFAG00000042992	ortholog_one2one	1	61.9256
Chrna2	ENSMUSG00000022041	CHRNA2	ENSMFAG00000003637	ortholog_one2one	1	85.9375
Chrna3	ENSMUSG00000032303	CHRNA3	ENSMFAG00000002440	ortholog_one2one	1	88.3227
Chrna4	ENSMUSG00000027577	CHRNA4	ENSMFAG00000000312	ortholog_one2one	1	79.0143
Chrna5	ENSMUSG00000035594	CHRNA5	ENSMFAG00000039718	ortholog_one2one	1	87.152
Chrnb1	ENSMUSG00000041189	CHRNB1	ENSMFAG00000042053	ortholog_one2one	1	89.6208
Chrnb2	ENSMUSG00000027950	CHRNB2	ENSMFAG00000048751	ortholog_one2one	1	59.4223
Chrnd	ENSMUSG00000026251	CHRND	ENSMFAG00000032629	ortholog_one2one	1	86.9231
Chrne	ENSMUSG00000014609	CHRNE	ENSMFAG00000000833	ortholog_one2one	1	88.4615
Chrng	ENSMUSG00000026253	CHRNG	ENSMFAG00000039032	ortholog_one2one	1	89.0173
Chst10	ENSMUSG00000026080	CHST10	ENSMFAG00000043113	ortholog_one2one	1	90.4494
Chst11	ENSMUSG00000034612	CHST11	ENSMFAG00000040754	ortholog_one2one	1	96.875
Chst15	ENSMUSG00000030930	CHST15	ENSMFAG00000032966	ortholog_one2one	1	92.5134
Chst2	ENSMUSG00000033350	CHST2	ENSMFAG00000029983	ortholog_one2one	1	69.6226
Chst3	ENSMUSG00000057337	CHST3	ENSMFAG00000063998	ortholog_one2one	1	78.178
Chst4	ENSMUSG00000035930	CHST4	ENSMFAG00000062514	ortholog_one2one	1	71.6495
Chst8	ENSMUSG00000060402	CHST8	ENSMFAG00000031076	ortholog_one2one	1	86.3309
Chst9	ENSMUSG00000047161	CHST9	ENSMFAG00000037917	ortholog_one2one	1	78.2082
Chsy1	ENSMUSG00000032640	CHSY1	ENSMFAG00000041311	ortholog_one2one	1	94.375
Chtf18	ENSMUSG00000019214	CHTF18	ENSMFAG00000033447	ortholog_one2one	1	69.1753
Chtop	ENSMUSG00000001017	CHTOP	ENSMFAG00000045452	ortholog_one2one	1	99.5984
Chuk	ENSMUSG00000025199	CHUK	ENSMFAG00000000426	ortholog_one2one	1	95.0336
Churc1	ENSMUSG00000090258	CHURC1	ENSMFAG00000065222	ortholog_one2one	1	95.5357
Ciao1	ENSMUSG00000003662	CIAO1	ENSMFAG00000031754	ortholog_one2one	1	94.6903
Ciao2a	ENSMUSG00000032381	CIAO2A	ENSMFAG00000035924	ortholog_one2one	1	95
Ciao2b	ENSMUSG00000031879	CIAO2B	ENSMFAG00000001820	ortholog_one2one	1	96.319
Ciao3	ENSMUSG00000002280	CIAO3	ENSMFAG00000041114	ortholog_one2one	1	87.605
Ciapin1	ENSMUSG00000031781	CIAPIN1	ENSMFAG00000000222	ortholog_one2many	1	81.877
Ciart	ENSMUSG00000038550	CIART	ENSMFAG00000042429	ortholog_one2one	1	80.2667
Cib1	ENSMUSG00000030538	CIB1	ENSMFAG00000002360	ortholog_one2one	1	85.4271
Cib2	ENSMUSG00000037493	CIB2	ENSMFAG00000036567	ortholog_one2one	1	97.3262
Cib3	ENSMUSG00000074240	CIB3	ENSMFAG00000034250	ortholog_one2one	1	93.5829
Cib4	ENSMUSG00000053194	CIB4	ENSMFAG00000036825	ortholog_one2one	1	87.027
Cibar1	ENSMUSG00000028218	CIBAR1	ENSMFAG00000032627	ortholog_one2one	1	69.4051
Cibar2	ENSMUSG00000042269	CIBAR2	ENSMFAG00000040673	ortholog_one2one	1	71.2329
Cic	ENSMUSG00000005442	CIC	ENSMFAG00000042927	ortholog_one2one	1	57.7689
Cideb	ENSMUSG00000022219	CIDEB	ENSMFAG00000032983	ortholog_one2one	1	85.8447
Cidec	ENSMUSG00000030278	CIDEC	ENSMFAG00000031714	ortholog_one2one	1	78.7149
Ciita	ENSMUSG00000022504	CIITA	ENSMFAG00000045595	ortholog_one2one	1	71.0428
Cilp	ENSMUSG00000042254	CILP	ENSMFAG00000039594	ortholog_one2one	1	85.84
Cilp2	ENSMUSG00000044006	CILP2	ENSMFAG00000064577	ortholog_one2one	1	75.8176
Cimap2	ENSMUSG00000054362	CIMAP2	ENSMFAG00000034660	ortholog_one2one	1	69.0821
Cimip2a	ENSMUSG00000026969	CIMIP2A	ENSMFAG00000033692	ortholog_one2one	1	78.9969
Cimip2c	ENSMUSG00000029182	CIMIP2C	ENSMFAG00000042764	ortholog_one2one	1	70
Cimip4	ENSMUSG00000062154	CIMIP4	ENSMFAG00000037835	ortholog_one2one	1	63.9098
Cinp	ENSMUSG00000021276	CINP	ENSMFAG00000038439	ortholog_one2one	1	75.4717
Cip2a	ENSMUSG00000033031	CIP2A	ENSMFAG00000039772	ortholog_one2one	1	87.3563
Cipc	ENSMUSG00000034157	CIPC	ENSMFAG00000035500	ortholog_one2one	1	79.1667
Cirbp	ENSMUSG00000045193	CIRBP	ENSMFAG00000034048	ortholog_one2one	1	93.0233
Cirop	ENSMUSG00000114865	CIROP	ENSMFAG00000039515	ortholog_one2one	1	74.9642
Cish	ENSMUSG00000032578	CISH	ENSMFAG00000001455	ortholog_one2one	1	88.3269
Ckap2	ENSMUSG00000037725	CKAP2	ENSMFAG00000036763	ortholog_one2one	1	62.3494
Ckap2l	ENSMUSG00000048327	CKAP2L	ENSMFAG00000028477	ortholog_one2one	1	61.8792
Ckap4	ENSMUSG00000046841	CKAP4	ENSMFAG00000036560	ortholog_one2one	1	83.3043
Ckap5	ENSMUSG00000040549	CKAP5	ENSMFAG00000001378	ortholog_one2one	1	95.2264
Ckmt2	ENSMUSG00000021622	CKMT2	ENSMFAG00000000490	ortholog_one2one	1	96.42
Clasp1	ENSMUSG00000064302	CLASP1	ENSMFAG00000032753	ortholog_one2one	1	97.6568
Clasp2	ENSMUSG00000033392	CLASP2	ENSMFAG00000001444	ortholog_one2one	1	95
Clasrp	ENSMUSG00000061028	CLASRP	ENSMFAG00000032121	ortholog_one2one	1	62.7246
Clba1	ENSMUSG00000037594	CLBA1	ENSMFAG00000033689	ortholog_one2one	1	59.8131
Clca4a	ENSMUSG00000068547	CLCA4	ENSMFAG00000030973	ortholog_one2many	1	64.5405
Clca4b	ENSMUSG00000074195	CLCA4	ENSMFAG00000030973	ortholog_one2many	1	64.6487
Clcf1	ENSMUSG00000040663	CLCF1	ENSMFAG00000039712	ortholog_one2one	1	96.8889
Clcn1	ENSMUSG00000029862	CLCN1	ENSMFAG00000038692	ortholog_one2one	1	87.0221
Clcn2	ENSMUSG00000022843	CLCN2	ENSMFAG00000041358	ortholog_one2one	1	93.5022
Clcn3	ENSMUSG00000004319	CLCN3	ENSMFAG00000039959	ortholog_one2one	1	97.5
Clcn5	ENSMUSG00000004317	CLCN5	ENSMFAG00000031675	ortholog_one2one	1	97.9893
Clcn6	ENSMUSG00000029016	CLCN6	ENSMFAG00000001048	ortholog_one2one	1	90.4605
Clcn7	ENSMUSG00000036636	CLCN7	ENSMFAG00000031886	ortholog_one2one	1	89.7883
Clcnka	ENSMUSG00000033770	CLCNKA	ENSMFAG00000033135	ortholog_one2many	1	83.4061
Clcnkb	ENSMUSG00000006216	CLCNKA	ENSMFAG00000033135	ortholog_one2many	1	81.3683
Cldn1	ENSMUSG00000022512	CLDN1	ENSMFAG00000062691	ortholog_one2one	1	90.5213
Cldn10	ENSMUSG00000022132	CLDN10	ENSMFAG00000018513	ortholog_one2one	1	92.2078
Cldn11	ENSMUSG00000037625	CLDN11	ENSMFAG00000040128	ortholog_one2one	1	81.893
Cldn14	ENSMUSG00000047109	CLDN14	ENSMFAG00000029830	ortholog_one2one	1	92.4686
Cldn15	ENSMUSG00000001739	CLDN15	ENSMFAG00000039638	ortholog_one2one	1	78.4141
Cldn16	ENSMUSG00000038148	CLDN16	ENSMFAG00000043262	ortholog_one2one	1	89.7872
Cldn18	ENSMUSG00000032473	CLDN18	ENSMFAG00000041655	ortholog_one2one	1	87.1212
Cldn19	ENSMUSG00000066058	CLDN19	ENSMFAG00000019445	ortholog_one2one	1	95.2607
Cldn2	ENSMUSG00000047230	CLDN2	ENSMFAG00000030508	ortholog_one2one	1	90.8696
Cldn20	ENSMUSG00000091530	CLDN20	ENSMFAG00000024948	ortholog_one2one	1	75.3425
Cldn23	ENSMUSG00000055976	CLDN23	ENSMFAG00000048993	ortholog_one2one	1	78.7162
Cldn7	ENSMUSG00000018569	CLDN7	ENSMFAG00000041154	ortholog_one2one	1	90.9953
Cldn8	ENSMUSG00000050520	CLDN8	ENSMFAG00000030251	ortholog_one2one	1	81.3333
Cldnd1	ENSMUSG00000022744	CLDND1	ENSMFAG00000041563	ortholog_one2one	1	91.6996
Clec14a	ENSMUSG00000045930	CLEC14A	ENSMFAG00000057409	ortholog_one2one	1	66.8845
Clec16a	ENSMUSG00000068663	CLEC16A	ENSMFAG00000001961	ortholog_one2one	1	91.5238
Clec2l	ENSMUSG00000079598	CLEC2L	ENSMFAG00000064966	ortholog_one2one	1	90.5213
Clec3a	ENSMUSG00000008874	CLEC3A	ENSMFAG00000050540	ortholog_one2one	1	84.6939
Clec3b	ENSMUSG00000025784	CLEC3B	ENSMFAG00000036856	ortholog_one2one	1	78.7129
Clec4g	ENSMUSG00000074491	CLEC4G	ENSMFAG00000036659	ortholog_one2one	1	63.2653
Clec4n	ENSMUSG00000023349	CLEC6A	ENSMFAG00000063094	ortholog_one2one	1	66.0287
Clec5a	ENSMUSG00000029915	CLEC5A	ENSMFAG00000036311	ortholog_one2one	1	71.5152
Clgn	ENSMUSG00000002190	CLGN	ENSMFAG00000044499	ortholog_one2one	1	80.8511
Clhc1	ENSMUSG00000020461	CLHC1	ENSMFAG00000039539	ortholog_one2one	1	70.0855
Clic3	ENSMUSG00000015093	CLIC3	ENSMFAG00000063525	ortholog_one2one	1	71.308
Clic4	ENSMUSG00000037242	CLIC4	ENSMFAG00000038789	ortholog_one2one	1	98.8142
Clic5	ENSMUSG00000023959	CLIC5	ENSMFAG00000005042	ortholog_one2one	1	63.0928
Clint1	ENSMUSG00000006169	CLINT1	ENSMFAG00000039041	ortholog_one2one	1	94.2278
Clip1	ENSMUSG00000049550	CLIP1	ENSMFAG00000043612	ortholog_one2one	1	59.619
Clip4	ENSMUSG00000024059	CLIP4	ENSMFAG00000044119	ortholog_one2one	1	87.4582
Clk1	ENSMUSG00000026034	CLK1	ENSMFAG00000030719	ortholog_one2one	1	89.648
Clk2	ENSMUSG00000068917	CLK2	ENSMFAG00000050341	ortholog_one2one	1	93.5798
Clk3	ENSMUSG00000032316	CLK3	ENSMFAG00000045503	ortholog_one2one	1	98.9796
Clk4	ENSMUSG00000020385	CLK4	ENSMFAG00000040140	ortholog_one2one	1	87.7339
Clmn	ENSMUSG00000021097	CLMN	ENSMFAG00000042801	ortholog_one2one	1	68.952
Clmp	ENSMUSG00000032024	CLMP	ENSMFAG00000042143	ortholog_one2one	1	92.4933
Cln3	ENSMUSG00000030720	CLN3	ENSMFAG00000039969	ortholog_one2one	1	83.3333
Cln5	ENSMUSG00000022125	CLN5	ENSMFAG00000044623	ortholog_one2one	1	75.0733
Cln6	ENSMUSG00000032245	CLN6	ENSMFAG00000042975	ortholog_one2one	1	70.7792
Cln8	ENSMUSG00000026317	CLN8	ENSMFAG00000043425	ortholog_one2one	1	86.1111
Clnk	ENSMUSG00000039315	CLNK	ENSMFAG00000046379	ortholog_one2one	1	58.3908
Clns1a	ENSMUSG00000025439	CLNS1A	ENSMFAG00000043186	ortholog_one2one	1	89.2116
Clock	ENSMUSG00000029238	CLOCK	ENSMFAG00000043377	ortholog_one2one	1	92.0468
Clp1	ENSMUSG00000027079	CLP1	ENSMFAG00000046074	ortholog_one2one	1	98.5882
Clpb	ENSMUSG00000001829	CLPB	ENSMFAG00000039603	ortholog_one2one	1	79.0789
Clpp	ENSMUSG00000002660	CLPP	ENSMFAG00000063171	ortholog_one2one	1	68.75
Clptm1	ENSMUSG00000002981	CLPTM1	ENSMFAG00000030269	ortholog_one2one	1	94.8795
Clptm1l	ENSMUSG00000021610	CLPTM1L	ENSMFAG00000039815	ortholog_one2one	1	92.2078
Clpx	ENSMUSG00000015357	CLPX	ENSMFAG00000032196	ortholog_one2one	1	95.4625
Clrn1	ENSMUSG00000043850	CLRN1	ENSMFAG00000045355	ortholog_one2one	1	90.0862
Clrn2	ENSMUSG00000049530	CLRN2	ENSMFAG00000031177	ortholog_one2one	1	93.1034
Clrn3	ENSMUSG00000050866	CLRN3	ENSMFAG00000003701	ortholog_one2one	1	73.4513
Clspn	ENSMUSG00000042489	CLSPN	ENSMFAG00000021652	ortholog_one2one	1	76.0456
Clstn1	ENSMUSG00000039953	CLSTN1	ENSMFAG00000038334	ortholog_one2one	1	92.6724
Clstn2	ENSMUSG00000032452	CLSTN2	ENSMFAG00000044664	ortholog_one2one	1	94.0625
Clstn3	ENSMUSG00000008153	CLSTN3	ENSMFAG00000042634	ortholog_one2one	1	80.5369
Clta	ENSMUSG00000028478	CLTA	ENSMFAG00000034266	ortholog_one2one	1	64.1129
Cltb	ENSMUSG00000047547	CLTB	ENSMFAG00000001544	ortholog_one2one	1	62.0853
Cltc	ENSMUSG00000047126	CLTC	ENSMFAG00000040097	ortholog_one2one	1	99.7612
Cltrn	ENSMUSG00000015401	CLTRN	ENSMFAG00000045948	ortholog_one2one	1	82.8829
Clu	ENSMUSG00000022037	CLU	ENSMFAG00000041649	ortholog_one2one	1	76.5625
Cluap1	ENSMUSG00000014232	CLUAP1	ENSMFAG00000037147	ortholog_one2one	1	89.8305
Cluh	ENSMUSG00000020741	CLUH	ENSMFAG00000044980	ortholog_one2one	1	91.796
Clvs1	ENSMUSG00000041216	CLVS1	ENSMFAG00000035625	ortholog_one2one	1	97.4576
Clybl	ENSMUSG00000025545	CLYBL	ENSMFAG00000036639	ortholog_one2one	1	76.9231
Cma1	ENSMUSG00000022225	CMA1	ENSMFAG00000002723	ortholog_one2one	1	57.6923
Cmas	ENSMUSG00000030282	CMAS	ENSMFAG00000032764	ortholog_one2one	1	92.3611
Cmbl	ENSMUSG00000022235	CMBL	ENSMFAG00000001594	ortholog_one2one	1	82.0408
Cmc1	ENSMUSG00000039163	CMC1	ENSMFAG00000035374	ortholog_one2one	1	83.0189
Cmip	ENSMUSG00000034390	CMIP	ENSMFAG00000035465	ortholog_one2one	1	91.0737
Cmklr2	ENSMUSG00000046856	CMKLR2	ENSMFAG00000013528	ortholog_one2one	1	79.3201
Cmpk1	ENSMUSG00000028719	CMPK1	ENSMFAG00000035854	ortholog_one2many	1	90.7489
Cmss1	ENSMUSG00000022748	CMSS1	ENSMFAG00000045006	ortholog_one2one	1	64.4928
Cmtm4	ENSMUSG00000096188	CMTM4	ENSMFAG00000043754	ortholog_one2one	1	95.6731
Cmtm6	ENSMUSG00000032434	CMTM6	ENSMFAG00000003973	ortholog_one2one	1	73.7705
Cmtm7	ENSMUSG00000032436	CMTM7	ENSMFAG00000031701	ortholog_one2one	1	52.5862
Cmtm8	ENSMUSG00000041012	CMTM8	ENSMFAG00000031079	ortholog_one2one	1	79.7688
Cmtr1	ENSMUSG00000024019	CMTR1	ENSMFAG00000002390	ortholog_one2one	1	85.4241
Cmtr2	ENSMUSG00000046441	CMTR2	ENSMFAG00000001058	ortholog_one2one	1	79.9218
Cmya5	ENSMUSG00000047419	CMYA5	ENSMFAG00000000649	ortholog_one2one	1	58.1066
Cnbd1	ENSMUSG00000073991	CNBD1	ENSMFAG00000031603	ortholog_one2one	1	50.7812
Cnbd2	ENSMUSG00000038085	CNBD2	ENSMFAG00000044530	ortholog_one2one	1	60.0297
Cnbp	ENSMUSG00000030057	CNBP	ENSMFAG00000030262	ortholog_one2one	1	100
Cndp1	ENSMUSG00000056162	CNDP1	ENSMFAG00000036771	ortholog_one2one	1	79.8781
Cndp2	ENSMUSG00000024644	CNDP2	ENSMFAG00000045912	ortholog_one2one	1	90.1053
Cnep1r1	ENSMUSG00000036810	CNEP1R1	ENSMFAG00000001901	ortholog_one2many	1	100
Cnfn	ENSMUSG00000063651	CNFN	ENSMFAG00000035661	ortholog_one2one	1	97.2973
Cnga2	ENSMUSG00000005864	CNGA2	ENSMFAG00000001182	ortholog_one2one	1	93.5241
Cnga3	ENSMUSG00000026114	CNGA3	ENSMFAG00000003258	ortholog_one2one	1	81.0164
Cngb3	ENSMUSG00000056494	CNGB3	ENSMFAG00000032006	ortholog_one2one	1	69.1643
Cnih1	ENSMUSG00000015759	CNIH1	ENSMFAG00000042370	ortholog_one2one	1	100
Cnih2	ENSMUSG00000024873	CNIH2	ENSMFAG00000036848	ortholog_one2one	1	68.6695
Cnih3	ENSMUSG00000026514	CNIH3	ENSMFAG00000039040	ortholog_one2one	1	85
Cnih4	ENSMUSG00000062169	CNIH4	ENSMFAG00000003700	ortholog_one2one	1	82.2086
Cnksr2	ENSMUSG00000025658	CNKSR2	ENSMFAG00000037951	ortholog_one2one	1	98.8372
Cnn1	ENSMUSG00000001349	CNN1	ENSMFAG00000044196	ortholog_one2one	1	90.5724
Cnn3	ENSMUSG00000053931	CNN3	ENSMFAG00000043860	ortholog_one2one	1	93.9394
Cnnm4	ENSMUSG00000037408	CNNM4	ENSMFAG00000032592	ortholog_one2one	1	76.1349
Cnot1	ENSMUSG00000036550	CNOT1	ENSMFAG00000035888	ortholog_one2one	1	99.3266
Cnot10	ENSMUSG00000056167	CNOT10	ENSMFAG00000041243	ortholog_one2one	1	95.6989
Cnot11	ENSMUSG00000003135	CNOT11	ENSMFAG00000044449	ortholog_one2one	1	95.2475
Cnot2	ENSMUSG00000020166	CNOT2	ENSMFAG00000034373	ortholog_one2one	1	99.8148
Cnot3	ENSMUSG00000035632	CNOT3	ENSMFAG00000040073	ortholog_one2one	1	91.6112
Cnot4	ENSMUSG00000038784	CNOT4	ENSMFAG00000046349	ortholog_one2one	1	90.9859
Cnot6	ENSMUSG00000020362	CNOT6	ENSMFAG00000030867	ortholog_one2one	1	96.0145
Cnot6l	ENSMUSG00000034724	CNOT6L	ENSMFAG00000044296	ortholog_one2one	1	98
Cnot7	ENSMUSG00000031601	CNOT7	ENSMFAG00000037908	ortholog_one2one	1	99.6491
Cnot8	ENSMUSG00000020515	CNOT8	ENSMFAG00000002829	ortholog_one2one	1	99.3151
Cnot9	ENSMUSG00000026174	CNOT9	ENSMFAG00000036064	ortholog_one2one	1	99.3311
Cnp	ENSMUSG00000006782	CNP	ENSMFAG00000000621	ortholog_one2one	1	83.8095
Cnpy3	ENSMUSG00000023973	CNPY3	ENSMFAG00000030669	ortholog_one2one	1	77.1739
Cnpy4	ENSMUSG00000036968	CNPY4	ENSMFAG00000002468	ortholog_one2one	1	82.8571
Cnr1	ENSMUSG00000044288	CNR1	ENSMFAG00000040164	ortholog_one2one	1	96.8288
Cnr2	ENSMUSG00000062585	CNR2	ENSMFAG00000009512	ortholog_one2one	1	82.9971
Cnrip1	ENSMUSG00000044629	CNRIP1	ENSMFAG00000035167	ortholog_one2one	1	96.3415
Cnst	ENSMUSG00000038949	CNST	ENSMFAG00000000416	ortholog_one2one	1	69.9016
Cntd1	ENSMUSG00000078653	CNTD1	ENSMFAG00000040185	ortholog_one2one	1	85.0299
Cntfr	ENSMUSG00000028444	CNTFR	ENSMFAG00000037710	ortholog_one2one	1	95.1613
Cntln	ENSMUSG00000038070	CNTLN	ENSMFAG00000038531	ortholog_one2one	1	77.9528
Cntn1	ENSMUSG00000055022	CNTN1	ENSMFAG00000035494	ortholog_one2one	1	95
Cntn2	ENSMUSG00000053024	CNTN2	ENSMFAG00000038396	ortholog_one2one	1	89.0385
Cntn3	ENSMUSG00000030075	CNTN3	ENSMFAG00000045446	ortholog_one2one	1	91.8288
Cntn4	ENSMUSG00000064293	CNTN4	ENSMFAG00000031919	ortholog_one2one	1	93.2749
Cntn5	ENSMUSG00000039488	CNTN5	ENSMFAG00000045865	ortholog_one2one	1	85.2459
Cntn6	ENSMUSG00000030092	CNTN6	ENSMFAG00000001088	ortholog_one2one	1	89.8833
Cntnap1	ENSMUSG00000017167	CNTNAP1	ENSMFAG00000046099	ortholog_one2one	1	93.6462
Cntnap2	ENSMUSG00000039419	CNTNAP2	ENSMFAG00000046348	ortholog_one2one	1	93.6937
Cntnap4	ENSMUSG00000031772	CNTNAP4	ENSMFAG00000001819	ortholog_one2one	1	86.1069
Cntrl	ENSMUSG00000057110	CNTRL	ENSMFAG00000001166	ortholog_one2one	1	79.9486
Cntrob	ENSMUSG00000032782	CNTROB	ENSMFAG00000009931	ortholog_one2one	1	84.3292
Coa3	ENSMUSG00000017188	COA3	ENSMFAG00000045541	ortholog_one2one	1	79.6296
Coa5	ENSMUSG00000026112	COA5	ENSMFAG00000002795	ortholog_one2one	1	82.4324
Coa7	ENSMUSG00000048351	COA7	ENSMFAG00000050200	ortholog_one2one	1	82.684
Coa8	ENSMUSG00000037787	COA8	ENSMFAG00000040670	ortholog_one2one	1	69.7917
Coasy	ENSMUSG00000001755	COASY	ENSMFAG00000003964	ortholog_one2one	1	86.8561
Cobl	ENSMUSG00000020173	COBL	ENSMFAG00000035434	ortholog_one2one	1	66.7913
Cobll1	ENSMUSG00000034903	COBLL1	ENSMFAG00000041468	ortholog_one2one	1	64.7865
Coch	ENSMUSG00000020953	COCH	ENSMFAG00000043586	ortholog_one2one	1	76.8116
Cog1	ENSMUSG00000018661	COG1	ENSMFAG00000018901	ortholog_one2one	1	84.5918
Cog2	ENSMUSG00000031979	COG2	ENSMFAG00000036591	ortholog_one2one	1	85.9097
Cog3	ENSMUSG00000034893	COG3	ENSMFAG00000033101	ortholog_one2one	1	95.4106
Cog4	ENSMUSG00000031753	COG4	ENSMFAG00000032596	ortholog_one2one	1	93.3758
Cog6	ENSMUSG00000027742	COG6	ENSMFAG00000030834	ortholog_one2one	1	90.2588
Cog7	ENSMUSG00000034951	COG7	ENSMFAG00000033971	ortholog_one2one	1	92.4675
Cog8	ENSMUSG00000031916	COG8	ENSMFAG00000041024	ortholog_one2one	1	85
Coil	ENSMUSG00000033983	COIL	ENSMFAG00000032397	ortholog_one2one	1	66.3462
Col11a1	ENSMUSG00000027966	COL11A1	ENSMFAG00000002722	ortholog_one2one	1	92.2949
Col12a1	ENSMUSG00000032332	COL12A1	ENSMFAG00000034460	ortholog_one2one	1	92.2023
Col13a1	ENSMUSG00000058806	COL13A1	ENSMFAG00000038649	ortholog_one2one	1	86.1976
Col14a1	ENSMUSG00000022371	COL14A1	ENSMFAG00000043483	ortholog_one2one	1	88.6288
Col16a1	ENSMUSG00000040690	COL16A1	ENSMFAG00000042878	ortholog_one2one	1	88.3544
Col17a1	ENSMUSG00000025064	COL17A1	ENSMFAG00000038498	ortholog_one2one	1	77.0068
Col19a1	ENSMUSG00000026141	COL19A1	ENSMFAG00000031633	ortholog_one2one	1	83.4507
Col1a1	ENSMUSG00000001506	COL1A1	ENSMFAG00000033990	ortholog_one2one	1	90.0895
Col1a2	ENSMUSG00000029661	COL1A2	ENSMFAG00000045512	ortholog_one2one	1	86.8805
Col20a1	ENSMUSG00000016356	COL20A1	ENSMFAG00000001425	ortholog_one2one	1	63.5095
Col23a1	ENSMUSG00000063564	COL23A1	ENSMFAG00000040567	ortholog_one2one	1	52.2556
Col25a1	ENSMUSG00000058897	COL25A1	ENSMFAG00000031895	ortholog_one2one	1	90.8408
Col26a1	ENSMUSG00000004415	COL26A1	ENSMFAG00000038331	ortholog_one2one	1	88.3562
Col27a1	ENSMUSG00000045672	COL27A1	ENSMFAG00000040376	ortholog_one2one	1	81.5176
Col28a1	ENSMUSG00000068794	COL28A1	ENSMFAG00000000186	ortholog_one2one	1	85.2761
Col2a1	ENSMUSG00000022483	COL2A1	ENSMFAG00000031247	ortholog_one2one	1	95.158
Col4a1	ENSMUSG00000031502	COL4A1	ENSMFAG00000003528	ortholog_one2one	1	89.4548
Col4a2	ENSMUSG00000031503	COL4A2	ENSMFAG00000001737	ortholog_one2one	1	84.2414
Col4a3	ENSMUSG00000079465	COL4A3	ENSMFAG00000040617	ortholog_one2one	1	78.6099
Col4a4	ENSMUSG00000067158	COL4A4	ENSMFAG00000000619	ortholog_one2one	1	78.5375
Col4a5	ENSMUSG00000031274	COL4A5	ENSMFAG00000031556	ortholog_one2one	1	91.4252
Col4a6	ENSMUSG00000031273	COL4A6	ENSMFAG00000032821	ortholog_one2one	1	80.3666
Col5a1	ENSMUSG00000026837	COL5A1	ENSMFAG00000035998	ortholog_one2one	1	94.4505
Col5a2	ENSMUSG00000026042	COL5A2	ENSMFAG00000045841	ortholog_one2one	1	94.7228
Col5a3	ENSMUSG00000004098	COL5A3	ENSMFAG00000043985	ortholog_one2one	1	54.6866
Col6a3	ENSMUSG00000048126	COL6A3	ENSMFAG00000043048	ortholog_one2one	1	81.0609
Col6a6	ENSMUSG00000043719	COL6A6	ENSMFAG00000034470	ortholog_one2one	1	82.0876
Col8a1	ENSMUSG00000068196	COL8A1	ENSMFAG00000051740	ortholog_one2one	1	93.414
Col8a2	ENSMUSG00000056174	COL8A2	ENSMFAG00000048490	ortholog_one2one	1	53.9342
Col9a1	ENSMUSG00000026147	COL9A1	ENSMFAG00000031890	ortholog_one2one	1	90.228
Col9a2	ENSMUSG00000028626	COL9A2	ENSMFAG00000028569	ortholog_one2one	1	91.2791
Colec10	ENSMUSG00000038591	COLEC10	ENSMFAG00000065700	ortholog_one2one	1	88.0866
Colec12	ENSMUSG00000036103	COLEC12	ENSMFAG00000000357	ortholog_one2one	1	92.1833
Colgalt2	ENSMUSG00000032649	COLGALT2	ENSMFAG00000000787	ortholog_one2one	1	92.96
Colq	ENSMUSG00000057606	COLQ	ENSMFAG00000053084	ortholog_one2one	1	80.8153
Commd1	ENSMUSG00000051355	COMMD1	ENSMFAG00000043104	ortholog_one2one	1	85.1064
Commd10	ENSMUSG00000042705	COMMD10	ENSMFAG00000002934	ortholog_one2one	1	75.7426
Commd2	ENSMUSG00000036513	COMMD2	ENSMFAG00000064614	ortholog_one2one	1	68.8442
Commd3	ENSMUSG00000051154	COMMD3	ENSMFAG00000043982	ortholog_one2one	1	89.2308
Commd4	ENSMUSG00000032299	COMMD4	ENSMFAG00000032886	ortholog_one2one	1	85.4271
Commd6	ENSMUSG00000075486	COMMD6	ENSMFAG00000045742	ortholog_one2one	1	73.494
Commd7	ENSMUSG00000056941	COMMD7	ENSMFAG00000041599	ortholog_one2one	1	85.5
Commd8	ENSMUSG00000029213	COMMD8	ENSMFAG00000041161	ortholog_one2one	1	77.0492
Commd9	ENSMUSG00000027163	COMMD9	ENSMFAG00000060407	ortholog_one2one	1	89.3939
Comt	ENSMUSG00000000326	COMT	ENSMFAG00000030334	ortholog_one2one	1	77.3585
Cop1	ENSMUSG00000040782	COP1	ENSMFAG00000035358	ortholog_one2one	1	96.9986
Copa	ENSMUSG00000026553	COPA	ENSMFAG00000031873	ortholog_one2one	1	98.5294
Copb1	ENSMUSG00000030754	COPB1	ENSMFAG00000041022	ortholog_one2one	1	99.2655
Copb2	ENSMUSG00000032458	COPB2	ENSMFAG00000030752	ortholog_one2one	1	98.5635
Cope	ENSMUSG00000055681	COPE	ENSMFAG00000038870	ortholog_one2one	1	88.3117
Copg1	ENSMUSG00000030058	COPG1	ENSMFAG00000031940	ortholog_one2one	1	97.254
Copg2	ENSMUSG00000025607	COPG2	ENSMFAG00000001121	ortholog_one2one	1	96.0964
Cops2	ENSMUSG00000027206	COPS2	ENSMFAG00000003309	ortholog_one2many	1	100
Cops3	ENSMUSG00000019373	COPS3	ENSMFAG00000001157	ortholog_one2one	1	83.9243
Cops4	ENSMUSG00000035297	COPS4	ENSMFAG00000045246	ortholog_one2one	1	99.2611
Cops5	ENSMUSG00000025917	COPS5	ENSMFAG00000037786	ortholog_one2one	1	99.4012
Cops6	ENSMUSG00000019494	COPS6	ENSMFAG00000041812	ortholog_one2one	1	99.6633
Cops7a	ENSMUSG00000030127	COPS7A	ENSMFAG00000038467	ortholog_one2one	1	98.1818
Cops7b	ENSMUSG00000026240	COPS7B	ENSMFAG00000039889	ortholog_one2one	1	95.4545
Cops8	ENSMUSG00000034432	COPS8	ENSMFAG00000043944	ortholog_one2one	1	95.2153
Copz1	ENSMUSG00000060992	COPZ1	ENSMFAG00000045686	ortholog_one2one	1	77.3756
Copz2	ENSMUSG00000018672	COPZ2	ENSMFAG00000045896	ortholog_one2one	1	77.561
Coq10a	ENSMUSG00000039914	COQ10A	ENSMFAG00000027584	ortholog_one2one	1	57.8313
Coq10b	ENSMUSG00000025981	COQ10B	ENSMFAG00000017910	ortholog_one2one	1	83.0579
Coq2	ENSMUSG00000029319	COQ2	ENSMFAG00000033468	ortholog_one2one	1	77.2727
Coq3	ENSMUSG00000028247	COQ3	ENSMFAG00000034338	ortholog_one2one	1	72.1622
Coq4	ENSMUSG00000026798	COQ4	ENSMFAG00000039955	ortholog_one2one	1	79.6992
Coq5	ENSMUSG00000041733	COQ5	ENSMFAG00000038162	ortholog_one2one	1	82.8746
Coq6	ENSMUSG00000021235	COQ6	ENSMFAG00000046089	ortholog_one2one	1	82.3529
Coq8a	ENSMUSG00000026489	COQ8A	ENSMFAG00000045043	ortholog_one2one	1	86.9767
Coq8b	ENSMUSG00000003762	COQ8B	ENSMFAG00000038490	ortholog_one2one	1	80.4878
Corin	ENSMUSG00000005220	CORIN	ENSMFAG00000036209	ortholog_one2one	1	79.2453
Coro1a	ENSMUSG00000030707	CORO1A	ENSMFAG00000030805	ortholog_one2one	1	94.7939
Coro1b	ENSMUSG00000024835	CORO1B	ENSMFAG00000037995	ortholog_one2one	1	85.124
Coro1c	ENSMUSG00000004530	CORO1C	ENSMFAG00000044006	ortholog_one2one	1	97.4684
Coro2a	ENSMUSG00000028337	CORO2A	ENSMFAG00000026563	ortholog_one2one	1	84.3511
Coro2b	ENSMUSG00000041729	CORO2B	ENSMFAG00000030894	ortholog_one2one	1	97.0833
Coro6	ENSMUSG00000020836	CORO6	ENSMFAG00000042987	ortholog_one2one	1	95.339
Coro7	ENSMUSG00000039637	CORO7	ENSMFAG00000031015	ortholog_one2one	1	86.7679
Cort	ENSMUSG00000028971	CORT	ENSMFAG00000035608	ortholog_one2one	1	54.1284
Cox10	ENSMUSG00000042148	COX10	ENSMFAG00000042405	ortholog_one2one	1	80.5869
Cox11	ENSMUSG00000020544	COX11	ENSMFAG00000003883	ortholog_one2one	1	83.2727
Cox15	ENSMUSG00000040018	COX15	ENSMFAG00000044256	ortholog_one2one	1	89.3462
Cox17	ENSMUSG00000046516	COX17	ENSMFAG00000039368	ortholog_one2one	1	90.4762
Cox18	ENSMUSG00000035505	COX18	ENSMFAG00000035677	ortholog_one2one	1	76.8072
Cox20	ENSMUSG00000026500	COX20	ENSMFAG00000039162	ortholog_one2one	1	80.3419
Cox4i1	ENSMUSG00000031818	COX4I1	ENSMFAG00000034477	ortholog_one2one	1	79.8817
Cox4i2	ENSMUSG00000009876	COX4I2	ENSMFAG00000040527	ortholog_one2one	1	69.7674
Cox5a	ENSMUSG00000000088	COX5A	ENSMFAG00000029870	ortholog_one2one	1	66.4384
Cox5b	ENSMUSG00000061518	COX5B	ENSMFAG00000053533	ortholog_one2many	1	82.1705
Cox6a2	ENSMUSG00000030785	COX6A2	ENSMFAG00000042019	ortholog_one2one	1	74.2268
Cox6b1	ENSMUSG00000036751	COX6B1	ENSMFAG00000039862	ortholog_one2one	1	84.8837
Cox6b2	ENSMUSG00000051811	COX6B2	ENSMFAG00000002832	ortholog_one2one	1	80.6818
Cox6c	ENSMUSG00000014313	COX6C	ENSMFAG00000050069	ortholog_one2one	1	72.3684
Cox7a1	ENSMUSG00000074218	COX7A1	ENSMFAG00000037973	ortholog_one2one	1	66.25
Cox7c	ENSMUSG00000017778	COX7C	ENSMFAG00000035190	ortholog_one2one	1	80.9524
Cpa2	ENSMUSG00000071553	CPA2	ENSMFAG00000042924	ortholog_one2one	1	82.0144
Cpa3	ENSMUSG00000001865	CPA3	ENSMFAG00000003955	ortholog_one2one	1	82.0144
Cpa4	ENSMUSG00000039070	CPA4	ENSMFAG00000033972	ortholog_one2one	1	84.2857
Cpa5	ENSMUSG00000029788	CPA5	ENSMFAG00000045025	ortholog_one2one	1	83.2569
Cpa6	ENSMUSG00000042501	CPA6	ENSMFAG00000039794	ortholog_one2one	1	83.79
Cpap	ENSMUSG00000064128	CENPJ	ENSMFAG00000036617	ortholog_one2one	1	71.8006
Cpb1	ENSMUSG00000011463	CPB1	ENSMFAG00000002015	ortholog_one2one	1	73.7349
Cpd	ENSMUSG00000020841	CPD	ENSMFAG00000042013	ortholog_one2one	1	91.7211
Cpeb2	ENSMUSG00000039782	CPEB2	ENSMFAG00000006541	ortholog_one2one	1	55.8185
Cpeb3	ENSMUSG00000039652	CPEB3	ENSMFAG00000025613	ortholog_one2one	1	89.5251
Cpeb4	ENSMUSG00000020300	CPEB4	ENSMFAG00000003075	ortholog_one2one	1	98.3146
Cped1	ENSMUSG00000062980	CPED1	ENSMFAG00000031588	ortholog_one2one	1	73.5867
Cplane1	ENSMUSG00000039801	CPLANE1	ENSMFAG00000036182	ortholog_one2one	1	66.3037
Cplane2	ENSMUSG00000073733	CPLANE2	ENSMFAG00000003471	ortholog_one2one	1	89.5349
Cplx2	ENSMUSG00000025867	CPLX2	ENSMFAG00000037899	ortholog_one2one	1	51.4925
Cplx4	ENSMUSG00000024519	CPLX4	ENSMFAG00000039514	ortholog_one2one	1	90.625
Cpm	ENSMUSG00000020183	CPM	ENSMFAG00000040543	ortholog_one2one	1	84.8758
Cpn1	ENSMUSG00000025196	CPN1	ENSMFAG00000007369	ortholog_one2one	1	83.5886
Cpn2	ENSMUSG00000023176	CPN2	ENSMFAG00000065852	ortholog_one2one	1	68.3729
Cpne2	ENSMUSG00000034361	CPNE2	ENSMFAG00000004072	ortholog_one2one	1	87.0833
Cpne3	ENSMUSG00000028228	CPNE3	ENSMFAG00000031433	ortholog_one2one	1	94.5591
Cpne4	ENSMUSG00000032564	CPNE4	ENSMFAG00000031703	ortholog_one2one	1	99.4614
Cpne5	ENSMUSG00000024008	CPNE5	ENSMFAG00000039268	ortholog_one2one	1	97.9764
Cpne6	ENSMUSG00000022212	CPNE6	ENSMFAG00000045189	ortholog_one2one	1	97.8456
Cpne7	ENSMUSG00000034796	CPNE7	ENSMFAG00000038027	ortholog_one2one	1	88.1508
Cpne8	ENSMUSG00000052560	CPNE8	ENSMFAG00000041185	ortholog_one2one	1	96.3605
Cpne9	ENSMUSG00000030270	CPNE9	ENSMFAG00000035676	ortholog_one2one	1	98.7342
Cpox	ENSMUSG00000022742	CPOX	ENSMFAG00000046380	ortholog_one2one	1	81.4898
Cpped1	ENSMUSG00000065979	CPPED1	ENSMFAG00000037094	ortholog_one2one	1	79.8077
Cps1	ENSMUSG00000025991	CPS1	ENSMFAG00000044079	ortholog_one2one	1	95.2667
Cpsf2	ENSMUSG00000041781	CPSF2	ENSMFAG00000041212	ortholog_one2one	1	98.0818
Cpsf3	ENSMUSG00000054309	CPSF3	ENSMFAG00000001339	ortholog_one2one	1	96.9298
Cpsf4	ENSMUSG00000029625	CPSF4	ENSMFAG00000001462	ortholog_one2one	1	99.2565
Cpt1a	ENSMUSG00000024900	CPT1A	ENSMFAG00000031988	ortholog_one2one	1	85.2523
Cpt1b	ENSMUSG00000078937	CPT1B	ENSMFAG00000023471	ortholog_one2one	1	79.2746
Cpt1c	ENSMUSG00000007783	CPT1C	ENSMFAG00000039271	ortholog_one2one	1	83.3333
Cpt2	ENSMUSG00000028607	CPT2	ENSMFAG00000040882	ortholog_one2one	1	82.8267
Cpvl	ENSMUSG00000052955	CPVL	ENSMFAG00000000559	ortholog_one2one	1	71.5481
Cpxm1	ENSMUSG00000027408	CPXM1	ENSMFAG00000003356	ortholog_one2one	1	85.8726
Cpxm2	ENSMUSG00000030862	CPXM2	ENSMFAG00000002567	ortholog_one2one	1	88.6126
Cpz	ENSMUSG00000036596	CPZ	ENSMFAG00000045903	ortholog_one2one	1	81.3456
Crabp1	ENSMUSG00000032291	CRABP1	ENSMFAG00000060740	ortholog_one2one	1	69.3431
Crabp2	ENSMUSG00000004885	CRABP2	ENSMFAG00000036656	ortholog_one2one	1	92.7536
Cracd	ENSMUSG00000036377	CRACD	ENSMFAG00000001807	ortholog_one2one	1	51.8169
Cracr2a	ENSMUSG00000061414	CRACR2A	ENSMFAG00000036067	ortholog_one2one	1	81.5427
Cracr2b	ENSMUSG00000048200	CRACR2B	ENSMFAG00000040336	ortholog_one2one	1	77.1574
Cradd	ENSMUSG00000045867	CRADD	ENSMFAG00000043923	ortholog_one2one	1	88.9447
Cramp1	ENSMUSG00000038002	CRAMP1	ENSMFAG00000002985	ortholog_one2one	1	80.9339
Crat	ENSMUSG00000026853	CRAT	ENSMFAG00000002439	ortholog_one2one	1	82.5879
Crb1	ENSMUSG00000063681	CRB1	ENSMFAG00000037248	ortholog_one2one	1	74.3772
Crb2	ENSMUSG00000035403	CRB2	ENSMFAG00000042297	ortholog_one2one	1	58.8144
Crb3	ENSMUSG00000044279	CRB3	ENSMFAG00000040330	ortholog_one2one	1	54.8673
Crbn	ENSMUSG00000005362	CRBN	ENSMFAG00000031028	ortholog_one2one	1	94.8315
Creb1	ENSMUSG00000025958	CREB1	ENSMFAG00000039629	ortholog_one2one	1	99.6942
Creb3	ENSMUSG00000028466	CREB3	ENSMFAG00000044871	ortholog_one2one	1	64.3799
Creb3l1	ENSMUSG00000027230	CREB3L1	ENSMFAG00000031047	ortholog_one2one	1	92.5
Creb3l2	ENSMUSG00000038648	CREB3L2	ENSMFAG00000035831	ortholog_one2one	1	90.7869
Creb3l4	ENSMUSG00000027938	CREB3L4	ENSMFAG00000030893	ortholog_one2one	1	70
Creb5	ENSMUSG00000053007	CREB5	ENSMFAG00000037539	ortholog_one2one	1	97.4052
Crebl2	ENSMUSG00000032652	CREBL2	ENSMFAG00000035477	ortholog_one2one	1	91.0569
Crebrf	ENSMUSG00000048249	CREBRF	ENSMFAG00000036600	ortholog_one2one	1	93.5938
Creg2	ENSMUSG00000050967	CREG2	ENSMFAG00000043737	ortholog_one2one	1	82.9861
Creld1	ENSMUSG00000030284	CRELD1	ENSMFAG00000001014	ortholog_one2one	1	76.9048
Creld2	ENSMUSG00000023272	CRELD2	ENSMFAG00000042023	ortholog_one2one	1	72
Crhbp	ENSMUSG00000021680	CRHBP	ENSMFAG00000041775	ortholog_one2one	1	87.5776
Crhr1	ENSMUSG00000018634	CRHR1	ENSMFAG00000038802	ortholog_one2one	1	97.1084
Crhr2	ENSMUSG00000003476	CRHR2	ENSMFAG00000046108	ortholog_one2one	1	86.5707
Crim1	ENSMUSG00000024074	CRIM1	ENSMFAG00000043056	ortholog_one2one	1	89.296
Crip1	ENSMUSG00000006360	CRIP1	ENSMFAG00000039395	ortholog_one2one	1	58.5938
Crip2	ENSMUSG00000006356	CRIP2	ENSMFAG00000035907	ortholog_one2one	1	54.3269
Crip3	ENSMUSG00000023968	CRIP3	ENSMFAG00000030762	ortholog_one2one	1	83.3333
Crispld2	ENSMUSG00000031825	CRISPLD2	ENSMFAG00000012467	ortholog_one2one	1	77.9352
Crk	ENSMUSG00000017776	CRK	ENSMFAG00000000502	ortholog_one2one	1	99.6711
Crlf1	ENSMUSG00000007888	CRLF1	ENSMFAG00000001307	ortholog_one2one	1	83.5294
Crlf3	ENSMUSG00000017561	CRLF3	ENSMFAG00000044393	ortholog_one2one	1	90.9502
Crls1	ENSMUSG00000027357	CRLS1	ENSMFAG00000032394	ortholog_one2one	1	85.4785
Crmp1	ENSMUSG00000029121	CRMP1	ENSMFAG00000000318	ortholog_one2one	1	94.7552
Crnkl1	ENSMUSG00000001767	CRNKL1	ENSMFAG00000039893	ortholog_one2one	1	95.942
Crnn	ENSMUSG00000078657	CRNN	ENSMFAG00000039664	ortholog_one2one	1	53.8462
Crot	ENSMUSG00000003623	CROT	ENSMFAG00000036023	ortholog_one2one	1	85.7843
Crp	ENSMUSG00000037942	CRP	ENSMFAG00000041764	ortholog_one2one	1	69.7778
Crppa	ENSMUSG00000043153	CRPPA	ENSMFAG00000041254	ortholog_one2one	1	72.9306
Crtac1	ENSMUSG00000042401	CRTAC1	ENSMFAG00000007568	ortholog_one2one	1	90.7121
Crtam	ENSMUSG00000032021	CRTAM	ENSMFAG00000039012	ortholog_one2one	1	70.4835
Crtap	ENSMUSG00000032431	CRTAP	ENSMFAG00000017424	ortholog_one2one	1	88.25
Crtc1	ENSMUSG00000003575	CRTC1	ENSMFAG00000045375	ortholog_one2one	1	56.0317
Crtc2	ENSMUSG00000027936	CRTC2	ENSMFAG00000046150	ortholog_one2one	1	80.3468
Crtc3	ENSMUSG00000030527	CRTC3	ENSMFAG00000043264	ortholog_one2one	1	88.6914
Crx	ENSMUSG00000041578	CRX	ENSMFAG00000039279	ortholog_one2one	1	96.6555
Cry1	ENSMUSG00000020038	CRY1	ENSMFAG00000041111	ortholog_one2one	1	92.7393
Cry2	ENSMUSG00000068742	CRY2	ENSMFAG00000045219	ortholog_one2one	1	94.4257
Cryaa	ENSMUSG00000024041	CRYAA	ENSMFAG00000036551	ortholog_one2one	1	95.3757
Cryab	ENSMUSG00000032060	CRYAB	ENSMFAG00000034267	ortholog_one2one	1	96.5714
Cryba1	ENSMUSG00000000724	CRYBA1	ENSMFAG00000002646	ortholog_one2one	1	95.814
Cryba2	ENSMUSG00000006546	CRYBA2	ENSMFAG00000030380	ortholog_one2one	1	92.3858
Cryba4	ENSMUSG00000066975	CRYBA4	ENSMFAG00000039512	ortholog_one2one	1	92.3469
Crybb1	ENSMUSG00000029343	CRYBB1	ENSMFAG00000042821	ortholog_one2one	1	80.8
Crybg1	ENSMUSG00000019866	CRYBG1	ENSMFAG00000038353	ortholog_one2one	1	76.2862
Crybg2	ENSMUSG00000012123	CRYBG2	ENSMFAG00000039671	ortholog_one2one	1	72.5594
Crybg3	ENSMUSG00000022723	CRYBG3	ENSMFAG00000046104	ortholog_one2one	1	62.6694
Crygb	ENSMUSG00000073658	CRYGB	ENSMFAG00000052040	ortholog_one2one	1	82.8571
Crygc	ENSMUSG00000025952	CRYGC	ENSMFAG00000047676	ortholog_one2one	1	83.908
Crygn	ENSMUSG00000038135	CRYGN	ENSMFAG00000049054	ortholog_one2one	1	74.8634
Crygs	ENSMUSG00000033501	CRYGS	ENSMFAG00000037258	ortholog_one2one	1	89.3258
Crym	ENSMUSG00000030905	CRYM	ENSMFAG00000000877	ortholog_one2one	1	88.4984
Cryzl1	ENSMUSG00000058240	CRYZL1	ENSMFAG00000046076	ortholog_one2one	1	90.2299
Cs	ENSMUSG00000005683	CS	ENSMFAG00000002143	ortholog_one2many	1	94.6121
Csad	ENSMUSG00000023044	CSAD	ENSMFAG00000031711	ortholog_one2one	1	89.858
Csdc2	ENSMUSG00000042109	CSDC2	ENSMFAG00000060068	ortholog_one2one	1	88.3117
Csde1	ENSMUSG00000068823	CSDE1	ENSMFAG00000003674	ortholog_one2one	1	96.3659
Cse1l	ENSMUSG00000002718	CSE1L	ENSMFAG00000034230	ortholog_one2one	1	99.0731
Csf1	ENSMUSG00000014599	CSF1	ENSMFAG00000040515	ortholog_one2one	1	69.3841
Csf1r	ENSMUSG00000024621	CSF1R	ENSMFAG00000034429	ortholog_one2one	1	68.3726
Csf2rb	ENSMUSG00000071713	CSF2RB	ENSMFAG00000044262	ortholog_one2many	1	55.9152
Csf3	ENSMUSG00000038067	CSF3	ENSMFAG00000001645	ortholog_one2one	1	72.5962
Csf3r	ENSMUSG00000028859	CSF3R	ENSMFAG00000032558	ortholog_one2one	1	61.7682
Csgalnact1	ENSMUSG00000036356	CSGALNACT1	ENSMFAG00000045019	ortholog_one2one	1	90.7547
Csgalnact2	ENSMUSG00000042042	CSGALNACT2	ENSMFAG00000019827	ortholog_one2one	1	93.1734
Csmd2	ENSMUSG00000028804	CSMD2	ENSMFAG00000043403	ortholog_one2one	1	94.2952
Csmd3	ENSMUSG00000022311	CSMD3	ENSMFAG00000032839	ortholog_one2one	1	97.707
Csnk1a1	ENSMUSG00000024576	CSNK1A1	ENSMFAG00000030995	ortholog_one2one	1	100
Csnk1d	ENSMUSG00000025162	CSNK1D	ENSMFAG00000041414	ortholog_one2one	1	84.1122
Csnk1e	ENSMUSG00000022433	CSNK1E	ENSMFAG00000003325	ortholog_one2one	1	92.7885
Csnk1g1	ENSMUSG00000032384	CSNK1G1	ENSMFAG00000002355	ortholog_one2one	1	94.3355
Csnk1g3	ENSMUSG00000073563	CSNK1G3	ENSMFAG00000031684	ortholog_one2one	1	98.6607
Csnk2a2	ENSMUSG00000046707	CSNK2A2	ENSMFAG00000043132	ortholog_one2one	1	93.4286
Csnk2b	ENSMUSG00000024387	CSNK2B	ENSMFAG00000030371	ortholog_one2one	1	100
Cspg4	ENSMUSG00000032911	CSPG4	ENSMFAG00000031446	ortholog_one2one	1	83.2832
Cspg5	ENSMUSG00000032482	CSPG5	ENSMFAG00000000124	ortholog_one2one	1	79.1519
Cspp1	ENSMUSG00000056763	CSPP1	ENSMFAG00000046172	ortholog_one2one	1	78.9474
Csrnp1	ENSMUSG00000032515	CSRNP1	ENSMFAG00000001132	ortholog_one2one	1	75.4717
Csrnp2	ENSMUSG00000044636	CSRNP2	ENSMFAG00000061964	ortholog_one2one	1	91.7603
Csrnp3	ENSMUSG00000044647	CSRNP3	ENSMFAG00000036441	ortholog_one2one	1	94.0171
Csrp1	ENSMUSG00000026421	CSRP1	ENSMFAG00000033632	ortholog_one2one	1	90.1554
Csrp2	ENSMUSG00000020186	CSRP2	ENSMFAG00000033853	ortholog_one2one	1	99.4819
Csrp3	ENSMUSG00000030470	CSRP3	ENSMFAG00000020396	ortholog_one2one	1	97.9381
Cst11	ENSMUSG00000036958	CST11	ENSMFAG00000038093	ortholog_one2one	1	54.6763
Cst7	ENSMUSG00000068129	CST7	ENSMFAG00000003193	ortholog_one2one	1	70.1389
Cst8	ENSMUSG00000027442	CST8	ENSMFAG00000033001	ortholog_one2one	1	58.4507
Csta1	ENSMUSG00000034362	CSTA	ENSMFAG00000044624	ortholog_one2many	1	64.9485
Cstb	ENSMUSG00000005054	CSTB	ENSMFAG00000061351	ortholog_one2one	1	67.3469
Cstdc5	ENSMUSG00000071561	CSTA	ENSMFAG00000044624	ortholog_one2many	1	60.8247
Cstdc6	ENSMUSG00000079594	CSTA	ENSMFAG00000044624	ortholog_one2many	1	61.4583
Cstf1	ENSMUSG00000027498	CSTF1	ENSMFAG00000003531	ortholog_one2one	1	99.536
Cstf2	ENSMUSG00000031256	CSTF2	ENSMFAG00000043888	ortholog_one2one	1	92.5862
Cstf3	ENSMUSG00000027176	CSTF3	ENSMFAG00000029516	ortholog_one2one	1	99.3027
Cstl1	ENSMUSG00000055177	CSTL1	ENSMFAG00000057818	ortholog_one2one	1	72.1429
Cstpp1	ENSMUSG00000040591	CSTPP1	ENSMFAG00000038437	ortholog_one2one	1	94.5619
Ctbs	ENSMUSG00000028189	CTBS	ENSMFAG00000043668	ortholog_one2one	1	81.9672
Ctc1	ENSMUSG00000020898	CTC1	ENSMFAG00000001148	ortholog_one2one	1	68.6469
Ctcf	ENSMUSG00000005698	CTCF	ENSMFAG00000001212	ortholog_one2one	1	97.962
Ctcfl	ENSMUSG00000070495	CTCFL	ENSMFAG00000037641	ortholog_one2one	1	58.805
Ctdnep1	ENSMUSG00000018559	CTDNEP1	ENSMFAG00000002243	ortholog_one2one	1	99.1803
Ctdp1	ENSMUSG00000033323	CTDP1	ENSMFAG00000031816	ortholog_one2one	1	63.125
Ctdsp1	ENSMUSG00000026176	CTDSP1	ENSMFAG00000032883	ortholog_one2one	1	92.7203
Ctdsp2	ENSMUSG00000078429	CTDSP2	ENSMFAG00000043750	ortholog_one2one	1	94.8148
Ctdspl2	ENSMUSG00000033411	CTDSPL2	ENSMFAG00000038614	ortholog_one2one	1	92
Ctf1	ENSMUSG00000042340	CTF1	ENSMFAG00000064623	ortholog_one2one	1	76.3547
Cth	ENSMUSG00000028179	CTH	ENSMFAG00000040329	ortholog_one2one	1	84.6734
Cthrc1	ENSMUSG00000054196	CTHRC1	ENSMFAG00000044699	ortholog_one2one	1	93.0612
Ctif	ENSMUSG00000052928	CTIF	ENSMFAG00000037903	ortholog_one2one	1	89.8876
Ctla4	ENSMUSG00000026011	CTLA4	ENSMFAG00000004047	ortholog_one2one	1	73.991
Ctnna1	ENSMUSG00000037815	CTNNA1	ENSMFAG00000041124	ortholog_one2one	1	54.8565
Ctnna3	ENSMUSG00000060843	CTNNA3	ENSMFAG00000036669	ortholog_one2one	1	93.4078
Ctnnal1	ENSMUSG00000038816	CTNNAL1	ENSMFAG00000017883	ortholog_one2one	1	66.7579
Ctnnb1	ENSMUSG00000006932	CTNNB1	ENSMFAG00000034131	ortholog_one2one	1	99.6159
Ctnnbl1	ENSMUSG00000027649	CTNNBL1	ENSMFAG00000045863	ortholog_one2one	1	95.2043
Ctnnd1	ENSMUSG00000034101	CTNND1	ENSMFAG00000031493	ortholog_one2one	1	97.4419
Ctnnd2	ENSMUSG00000022240	CTNND2	ENSMFAG00000044186	ortholog_one2one	1	71.0074
Ctns	ENSMUSG00000005949	CTNS	ENSMFAG00000041055	ortholog_one2one	1	81.1989
Ctps1	ENSMUSG00000028633	CTPS1	ENSMFAG00000039379	ortholog_one2one	1	97.6311
Ctps2	ENSMUSG00000031360	CTPS2	ENSMFAG00000009688	ortholog_one2one	1	90.4437
Ctr9	ENSMUSG00000005609	CTR9	ENSMFAG00000045504	ortholog_one2one	1	97.7835
Ctrl	ENSMUSG00000031896	CTRL	ENSMFAG00000041954	ortholog_one2one	1	86.3636
Ctsa	ENSMUSG00000017760	CTSA	ENSMFAG00000045769	ortholog_one2one	1	87.1951
Ctsb	ENSMUSG00000021939	CTSB	ENSMFAG00000014829	ortholog_one2one	1	80.531
Ctsc	ENSMUSG00000030560	CTSC	ENSMFAG00000031718	ortholog_one2one	1	77.4892
Ctse	ENSMUSG00000004552	CTSE	ENSMFAG00000024648	ortholog_one2one	1	82.3678
Ctsf	ENSMUSG00000083282	CTSF	ENSMFAG00000033862	ortholog_one2one	1	66.0173
Ctsg	ENSMUSG00000040314	CTSG	ENSMFAG00000033638	ortholog_one2one	1	65.9004
Ctsh	ENSMUSG00000032359	CTSH	ENSMFAG00000042803	ortholog_one2one	1	83.4835
Ctsk	ENSMUSG00000028111	CTSK	ENSMFAG00000000402	ortholog_one2one	1	85.4103
Ctso	ENSMUSG00000028015	CTSO	ENSMFAG00000037582	ortholog_one2one	1	72.1154
Ctss	ENSMUSG00000038642	CTSS	ENSMFAG00000035464	ortholog_one2one	1	71.7647
Ctsw	ENSMUSG00000024910	CTSW	ENSMFAG00000002290	ortholog_one2one	1	69.0027
Ctsz	ENSMUSG00000016256	CTSZ	ENSMFAG00000001397	ortholog_one2one	1	81.0458
Cttn	ENSMUSG00000031078	CTTN	ENSMFAG00000022887	ortholog_one2one	1	92.8571
Cttnbp2	ENSMUSG00000000416	CTTNBP2	ENSMFAG00000039255	ortholog_one2one	1	85.2549
Cttnbp2nl	ENSMUSG00000062127	CTTNBP2NL	ENSMFAG00000054875	ortholog_one2one	1	89.6552
Ctxn2	ENSMUSG00000074872	CTXN2	ENSMFAG00000065829	ortholog_one2one	1	95.0617
Cubn	ENSMUSG00000026726	CUBN	ENSMFAG00000030948	ortholog_one2one	1	69.528
Cuedc1	ENSMUSG00000018378	CUEDC1	ENSMFAG00000034135	ortholog_one2one	1	84.5361
Cuedc2	ENSMUSG00000036748	CUEDC2	ENSMFAG00000035328	ortholog_one2one	1	87.6761
Cul1	ENSMUSG00000029686	CUL1	ENSMFAG00000046081	ortholog_one2one	1	99.8711
Cul3	ENSMUSG00000004364	CUL3	ENSMFAG00000036803	ortholog_one2one	1	99.4792
Cul4a	ENSMUSG00000031446	CUL4A	ENSMFAG00000043855	ortholog_one2one	1	94.9934
Cul4b	ENSMUSG00000031095	CUL4B	ENSMFAG00000042209	ortholog_one2one	1	90.1031
Cul5	ENSMUSG00000032030	CUL5	ENSMFAG00000038493	ortholog_one2one	1	89.5906
Cul7	ENSMUSG00000038545	CUL7	ENSMFAG00000046269	ortholog_one2one	1	77.7975
Cul9	ENSMUSG00000040327	CUL9	ENSMFAG00000001906	ortholog_one2one	1	85.9684
Cuta	ENSMUSG00000024194	CUTA	ENSMFAG00000044039	ortholog_one2one	1	94.1558
Cutc	ENSMUSG00000025193	CUTC	ENSMFAG00000031857	ortholog_one2one	1	91.9118
Cux2	ENSMUSG00000042589	CUX2	ENSMFAG00000045750	ortholog_one2one	1	78.892
Cuzd1	ENSMUSG00000040205	CUZD1	ENSMFAG00000033660	ortholog_one2one	1	70.5107
Cwc15	ENSMUSG00000004096	CWC15	ENSMFAG00000044052	ortholog_one2one	1	99.1266
Cwc22	ENSMUSG00000027014	CWC22	ENSMFAG00000000590	ortholog_one2many	1	82.0485
Cwc25	ENSMUSG00000018541	CWC25	ENSMFAG00000002357	ortholog_one2one	1	89.1827
Cwc27	ENSMUSG00000021715	CWC27	ENSMFAG00000027257	ortholog_one2one	1	91.0448
Cx3cl1	ENSMUSG00000031778	CX3CL1	ENSMFAG00000056311	ortholog_one2one	1	65.5696
Cx3cr1	ENSMUSG00000052336	CX3CR1	ENSMFAG00000044029	ortholog_one2one	1	84.1808
Cxadr	ENSMUSG00000022865	CXADR	ENSMFAG00000035429	ortholog_one2many	1	84.6575
Cxcl10	ENSMUSG00000034855	CXCL10	ENSMFAG00000064155	ortholog_one2one	1	65.3061
Cxcl12	ENSMUSG00000061353	CXCL12	ENSMFAG00000052957	ortholog_one2one	1	72.2689
Cxcl9	ENSMUSG00000029417	CXCL9	ENSMFAG00000039917	ortholog_one2one	1	67.4603
Cxcr1	ENSMUSG00000048480	CXCR1	ENSMFAG00000047431	ortholog_one2one	1	64.1026
Cxcr2	ENSMUSG00000026180	CXCR2	ENSMFAG00000054938	ortholog_one2one	1	70.7521
Cxcr3	ENSMUSG00000050232	CXCR3	ENSMFAG00000031295	ortholog_one2one	1	85.5586
Cxcr4	ENSMUSG00000045382	CXCR4	ENSMFAG00000037063	ortholog_one2one	1	88.5794
Cxcr5	ENSMUSG00000047880	CXCR5	ENSMFAG00000038828	ortholog_one2one	1	83.1551
Cxcr6	ENSMUSG00000048521	CXCR6	ENSMFAG00000000349	ortholog_one2one	1	74.359
Cxxc1	ENSMUSG00000024560	CXXC1	ENSMFAG00000040503	ortholog_one2one	1	95.6061
Cxxc5	ENSMUSG00000046668	CXXC5	ENSMFAG00000042243	ortholog_one2one	1	94.9527
Cyb561	ENSMUSG00000019590	CYB561	ENSMFAG00000030469	ortholog_one2one	1	88.8
Cyb561a3	ENSMUSG00000034445	CYB561A3	ENSMFAG00000045492	ortholog_one2one	1	83.0579
Cyb561d1	ENSMUSG00000048796	CYB561D1	ENSMFAG00000040958	ortholog_one2one	1	85.5895
Cyb561d2	ENSMUSG00000037190	CYB561D2	ENSMFAG00000036934	ortholog_one2one	1	95.045
Cyb5b	ENSMUSG00000031924	CYB5B	ENSMFAG00000034432	ortholog_one2one	1	62.3288
Cyb5d2	ENSMUSG00000057778	CYB5D2	ENSMFAG00000041671	ortholog_one2one	1	82.1293
Cyb5r1	ENSMUSG00000026456	CYB5R1	ENSMFAG00000000852	ortholog_one2one	1	92.459
Cyb5r2	ENSMUSG00000048065	CYB5R2	ENSMFAG00000031626	ortholog_one2one	1	83.3333
Cyb5r3	ENSMUSG00000018042	CYB5R3	ENSMFAG00000031130	ortholog_one2one	1	85.7143
Cyb5r4	ENSMUSG00000032872	CYB5R4	ENSMFAG00000036090	ortholog_one2one	1	77.0833
Cyb5rl	ENSMUSG00000028621	CYB5RL	ENSMFAG00000041747	ortholog_one2one	1	78.1646
Cybc1	ENSMUSG00000039294	CYBC1	ENSMFAG00000037540	ortholog_one2one	1	87.7005
Cybrd1	ENSMUSG00000027015	CYBRD1	ENSMFAG00000032778	ortholog_one2one	1	73.1034
Cyc1	ENSMUSG00000022551	CYC1	ENSMFAG00000038514	ortholog_one2one	1	83.3846
Cyfip2	ENSMUSG00000020340	CYFIP2	ENSMFAG00000036175	ortholog_one2one	1	97.2865
Cyld	ENSMUSG00000036712	CYLD	ENSMFAG00000043501	ortholog_one2one	1	94.7479
Cyp11a1	ENSMUSG00000032323	CYP11A1	ENSMFAG00000036496	ortholog_one2one	1	73.9544
Cyp17a1	ENSMUSG00000003555	CYP17A1	ENSMFAG00000002033	ortholog_one2one	1	66.6667
Cyp1a1	ENSMUSG00000032315	CYP1A1	ENSMFAG00000035791	ortholog_one2one	1	77.8626
Cyp1a2	ENSMUSG00000032310	CYP1A2	ENSMFAG00000001260	ortholog_one2one	1	73.2943
Cyp1b1	ENSMUSG00000024087	CYP1B1	ENSMFAG00000031004	ortholog_one2one	1	81.5838
Cyp20a1	ENSMUSG00000049439	CYP20A1	ENSMFAG00000036924	ortholog_one2one	1	76.8398
Cyp24a1	ENSMUSG00000038567	CYP24A1	ENSMFAG00000046397	ortholog_one2one	1	81.9066
Cyp26a1	ENSMUSG00000024987	CYP26A1	ENSMFAG00000041244	ortholog_one2one	1	84.7083
Cyp26b1	ENSMUSG00000063415	CYP26B1	ENSMFAG00000039784	ortholog_one2one	1	96.875
Cyp26c1	ENSMUSG00000062432	CYP26C1	ENSMFAG00000059589	ortholog_one2one	1	73.7452
Cyp27a1	ENSMUSG00000026170	CYP27A1	ENSMFAG00000036102	ortholog_one2one	1	69.4184
Cyp27b1	ENSMUSG00000006724	CYP27B1	ENSMFAG00000001508	ortholog_one2one	1	82.0513
Cyp2c55	ENSMUSG00000025002	CYP2C18	ENSMFAG00000058429	ortholog_one2one	1	76.3265
Cyp2d10	ENSMUSG00000094806	CYP2D8	ENSMFAG00000042506	ortholog_one2many	1	63.4921
Cyp2d11	ENSMUSG00000068085	CYP2D8	ENSMFAG00000042506	ortholog_one2many	1	62.5
Cyp2d13	ENSMUSG00000118516	CYP2D8	ENSMFAG00000042506	ortholog_one2many	1	51.7103
Cyp2d22	ENSMUSG00000061740	CYP2D8	ENSMFAG00000042506	ortholog_one2many	1	69.4
Cyp2d26	ENSMUSG00000022445	CYP2D8	ENSMFAG00000042506	ortholog_one2many	1	64.8
Cyp2d34	ENSMUSG00000094559	CYP2D8	ENSMFAG00000042506	ortholog_one2many	1	62.5
Cyp2d40	ENSMUSG00000068083	CYP2D8	ENSMFAG00000042506	ortholog_one2many	1	62.2951
Cyp2e1	ENSMUSG00000025479	CYP2E1	ENSMFAG00000044389	ortholog_one2one	1	77.2819
Cyp2j13	ENSMUSG00000028571	CYP2J2	ENSMFAG00000003319	ortholog_one2many	1	72.167
Cyp2j9	ENSMUSG00000015224	CYP2J2	ENSMFAG00000003319	ortholog_one2many	1	72.7092
Cyp2r1	ENSMUSG00000030670	CYP2R1	ENSMFAG00000002337	ortholog_one2one	1	88.0239
Cyp2u1	ENSMUSG00000027983	CYP2U1	ENSMFAG00000003841	ortholog_one2one	1	78.6792
Cyp2w1	ENSMUSG00000029541	CYP2W1	ENSMFAG00000032364	ortholog_one2one	1	56.998
Cyp39a1	ENSMUSG00000023963	CYP39A1	ENSMFAG00000021727	ortholog_one2one	1	69.1489
Cyp46a1	ENSMUSG00000021259	CYP46A1	ENSMFAG00000002756	ortholog_one2one	1	94
Cyp4a10	ENSMUSG00000066072	CYP4A11	ENSMFAG00000032544	ortholog_many2many	1	74.8527
Cyp4a30b	ENSMUSG00000084346	CYP4A11	ENSMFAG00000032544	ortholog_many2many	1	67.5197
Cyp4a31	ENSMUSG00000028712	CYP4A11	ENSMFAG00000032544	ortholog_many2many	1	72.888
Cyp4a32	ENSMUSG00000063929	CYP4A11	ENSMFAG00000032544	ortholog_many2many	1	76.1787
Cyp4f39	ENSMUSG00000061126	CYP4F22	ENSMFAG00000043198	ortholog_one2one	1	84.5865
Cyp4v3	ENSMUSG00000079057	CYP4V2	ENSMFAG00000040590	ortholog_one2one	1	67.0476
Cyp7a1	ENSMUSG00000028240	CYP7A1	ENSMFAG00000041863	ortholog_one2one	1	81.7097
Cyp8b1	ENSMUSG00000050445	CYP8B1	ENSMFAG00000039176	ortholog_one2one	1	69
Cyren	ENSMUSG00000046806	CYREN	ENSMFAG00000003713	ortholog_one2one	1	64.3312
Cyria	ENSMUSG00000020589	CYRIA	ENSMFAG00000030486	ortholog_one2one	1	99.6904
Cyrib	ENSMUSG00000022378	CYRIB	ENSMFAG00000042222	ortholog_one2one	1	99.6914
Cysltr1	ENSMUSG00000052821	CYSLTR1	ENSMFAG00000053095	ortholog_one2one	1	83.5227
Cysrt1	ENSMUSG00000036731	CYSRT1	ENSMFAG00000040805	ortholog_one2one	1	74.6479
Cystm1	ENSMUSG00000046727	CYSTM1	ENSMFAG00000030823	ortholog_one2one	1	86.5385
Cyth1	ENSMUSG00000017132	CYTH1	ENSMFAG00000037544	ortholog_one2one	1	97.2292
Cyth2	ENSMUSG00000003269	CYTH2	ENSMFAG00000043432	ortholog_one2one	1	97.4937
Cyth4	ENSMUSG00000018008	CYTH4	ENSMFAG00000001277	ortholog_one2one	1	90.8397
Cytip	ENSMUSG00000026832	CYTIP	ENSMFAG00000043861	ortholog_one2one	1	72.702
D130043K22Rik	ENSMUSG00000006711	KIAA0319	ENSMFAG00000041252	ortholog_one2one	1	73.6355
D16Ertd472e	ENSMUSG00000022864	C21orf91	ENSMFAG00000051293	ortholog_one2one	1	81.0345
D2hgdh	ENSMUSG00000073609	D2HGDH	ENSMFAG00000041453	ortholog_one2one	1	59.605
D3Ertd751e	ENSMUSG00000025766	C4orf33	ENSMFAG00000001060	ortholog_one2one	1	81.7708
D430019H16Rik	ENSMUSG00000094910	C14orf132	ENSMFAG00000061618	ortholog_one2one	1	89.1566
D430041D05Rik	ENSMUSG00000068373	KIAA1549L	ENSMFAG00000037738	ortholog_one2one	1	66.3173
D5Ertd579e	ENSMUSG00000029190	KIAA0232	ENSMFAG00000034581	ortholog_one2one	1	88.5387
D630003M21Rik	ENSMUSG00000037813	KIAA1755	ENSMFAG00000043256	ortholog_one2one	1	64.627
D630023F18Rik	ENSMUSG00000044816	C2orf80	ENSMFAG00000003892	ortholog_one2one	1	65.8163
D630039A03Rik	ENSMUSG00000052117	C9orf152	ENSMFAG00000048389	ortholog_one2one	1	62.2881
D630045J12Rik	ENSMUSG00000063455	KIAA1549	ENSMFAG00000046305	ortholog_one2one	1	72.6663
D6Wsu163e	ENSMUSG00000030347	FERRY3	ENSMFAG00000004013	ortholog_one2one	1	87.1377
D7Ertd443e	ENSMUSG00000030994	C10orf90	ENSMFAG00000041837	ortholog_one2one	1	66.136
D930020B18Rik	ENSMUSG00000047642	C12orf56	ENSMFAG00000036689	ortholog_one2one	1	71.7252
Daam1	ENSMUSG00000034574	DAAM1	ENSMFAG00000030743	ortholog_one2one	1	97.191
Daam2	ENSMUSG00000040260	DAAM2	ENSMFAG00000036168	ortholog_one2one	1	88.0717
Dab2ip	ENSMUSG00000026883	DAB2IP	ENSMFAG00000042287	ortholog_one2one	1	89.2346
Dach1	ENSMUSG00000055639	DACH1	ENSMFAG00000032114	ortholog_one2one	1	96.7096
Dact1	ENSMUSG00000044548	DACT1	ENSMFAG00000057175	ortholog_one2one	1	81.1054
Dad1	ENSMUSG00000022174	DAD1	ENSMFAG00000029604	ortholog_one2one	1	100
Dag1	ENSMUSG00000039952	DAG1	ENSMFAG00000044374	ortholog_one2one	1	93.3931
Dagla	ENSMUSG00000035735	DAGLA	ENSMFAG00000065195	ortholog_one2one	1	97.1264
Daglb	ENSMUSG00000039206	DAGLB	ENSMFAG00000040592	ortholog_one2one	1	79.0732
Dalrd3	ENSMUSG00000019039	DALRD3	ENSMFAG00000009642	ortholog_one2one	1	77.5093
Dand5	ENSMUSG00000053226	DAND5	ENSMFAG00000033697	ortholog_one2one	1	60
Dao	ENSMUSG00000042096	DAO	ENSMFAG00000000854	ortholog_one2one	1	79.4203
Dapl1	ENSMUSG00000026989	DAPL1	ENSMFAG00000029280	ortholog_one2one	1	80.3738
Dapp1	ENSMUSG00000028159	DAPP1	ENSMFAG00000003925	ortholog_one2one	1	92.5
Dars1	ENSMUSG00000026356	DARS1	ENSMFAG00000008693	ortholog_one2one	1	90.2196
Dars2	ENSMUSG00000026709	DARS2	ENSMFAG00000003036	ortholog_one2one	1	84.0735
Daw1	ENSMUSG00000053161	DAW1	ENSMFAG00000030165	ortholog_one2one	1	88.1928
Dazap1	ENSMUSG00000069565	DAZAP1	ENSMFAG00000000789	ortholog_one2one	1	87.1605
Dazap2	ENSMUSG00000000346	DAZAP2	ENSMFAG00000001009	ortholog_one2many	1	96.4286
Dazl	ENSMUSG00000010592	DAZL	ENSMFAG00000002406	ortholog_one2many	1	87.2483
Dbf4	ENSMUSG00000002297	DBF4	ENSMFAG00000034436	ortholog_one2one	1	68.0241
Dbh	ENSMUSG00000000889	DBH	ENSMFAG00000041482	ortholog_one2one	1	75.5627
Dbn1	ENSMUSG00000034675	DBN1	ENSMFAG00000036940	ortholog_one2one	1	87.3438
Dbndd1	ENSMUSG00000031970	DBNDD1	ENSMFAG00000038151	ortholog_one2one	1	76.875
Dbnl	ENSMUSG00000020476	DBNL	ENSMFAG00000032367	ortholog_one2one	1	86.5741
Dbr1	ENSMUSG00000032469	DBR1	ENSMFAG00000043642	ortholog_one2one	1	76.1818
Dbt	ENSMUSG00000000340	DBT	ENSMFAG00000045317	ortholog_one2one	1	85.6846
Dbx1	ENSMUSG00000030507	DBX1	ENSMFAG00000032640	ortholog_one2one	1	88.9552
Dbx2	ENSMUSG00000045608	DBX2	ENSMFAG00000039639	ortholog_one2one	1	61.8037
Dcaf1	ENSMUSG00000040325	DCAF1	ENSMFAG00000036421	ortholog_one2one	1	98.34
Dcaf10	ENSMUSG00000035572	DCAF10	ENSMFAG00000045646	ortholog_one2one	1	82.1555
Dcaf11	ENSMUSG00000022214	DCAF11	ENSMFAG00000015999	ortholog_one2one	1	88.8889
Dcaf12	ENSMUSG00000028436	DCAF12	ENSMFAG00000036190	ortholog_one2one	1	92.936
Dcaf17	ENSMUSG00000041966	DCAF17	ENSMFAG00000065649	ortholog_one2one	1	90.3661
Dcaf4	ENSMUSG00000021222	DCAF4	ENSMFAG00000037267	ortholog_one2many	1	69.1715
Dcaf6	ENSMUSG00000026571	DCAF6	ENSMFAG00000043317	ortholog_one2one	1	86.9863
Dcaf7	ENSMUSG00000049354	DCAF7	ENSMFAG00000041397	ortholog_one2one	1	100
Dcaf8	ENSMUSG00000026554	DCAF8	ENSMFAG00000040517	ortholog_one2one	1	77.4958
Dcakd	ENSMUSG00000020935	DCAKD	ENSMFAG00000059706	ortholog_one2one	1	92.6407
Dcbld1	ENSMUSG00000019891	DCBLD1	ENSMFAG00000033065	ortholog_one2one	1	77.1372
Dcbld2	ENSMUSG00000035107	DCBLD2	ENSMFAG00000045647	ortholog_one2one	1	76.593
Dcdc2a	ENSMUSG00000035910	DCDC2	ENSMFAG00000001295	ortholog_one2one	1	83.7895
Dcdc2b	ENSMUSG00000078552	DCDC2B	ENSMFAG00000045797	ortholog_one2one	1	71.777
Dchs1	ENSMUSG00000036862	DCHS1	ENSMFAG00000043464	ortholog_one2one	1	81.2823
Dck	ENSMUSG00000029366	DCK	ENSMFAG00000041551	ortholog_one2one	1	88.4615
Dclk1	ENSMUSG00000027797	DCLK1	ENSMFAG00000030114	ortholog_one2one	1	92.6928
Dclre1a	ENSMUSG00000025077	DCLRE1A	ENSMFAG00000040983	ortholog_one2one	1	64.3343
Dclre1b	ENSMUSG00000027845	DCLRE1B	ENSMFAG00000042532	ortholog_one2one	1	75.4159
Dclre1c	ENSMUSG00000026648	DCLRE1C	ENSMFAG00000000598	ortholog_one2one	1	77.7305
Dcn	ENSMUSG00000019929	DCN	ENSMFAG00000037651	ortholog_one2one	1	81.6384
Dcp1a	ENSMUSG00000021962	DCP1A	ENSMFAG00000040374	ortholog_one2one	1	86.3787
Dcps	ENSMUSG00000032040	DCPS	ENSMFAG00000057084	ortholog_one2one	1	89.3491
Dcst1	ENSMUSG00000042672	DCST1	ENSMFAG00000032205	ortholog_one2one	1	69.2623
Dcst2	ENSMUSG00000109293	DCST2	ENSMFAG00000043497	ortholog_one2one	1	72.4679
Dcstamp	ENSMUSG00000022303	DCSTAMP	ENSMFAG00000041648	ortholog_one2one	1	72.9787
Dct	ENSMUSG00000022129	DCT	ENSMFAG00000044784	ortholog_one2one	1	83.559
Dctd	ENSMUSG00000031562	DCTD	ENSMFAG00000034653	ortholog_one2one	1	93.2584
Dctn1	ENSMUSG00000031865	DCTN1	ENSMFAG00000037251	ortholog_one2one	1	96.1749
Dctn2	ENSMUSG00000025410	DCTN2	ENSMFAG00000001581	ortholog_one2one	1	96.0199
Dctn5	ENSMUSG00000030868	DCTN5	ENSMFAG00000064024	ortholog_one2one	1	99.4505
Dctn6	ENSMUSG00000031516	DCTN6	ENSMFAG00000041261	ortholog_one2one	1	96.3158
Dcun1d2	ENSMUSG00000038506	DCUN1D2	ENSMFAG00000016446	ortholog_one2one	1	92.278
Dcun1d3	ENSMUSG00000048787	DCUN1D3	ENSMFAG00000047955	ortholog_one2one	1	98.0263
Dcun1d5	ENSMUSG00000032002	DCUN1D5	ENSMFAG00000033871	ortholog_one2one	1	96.2025
Dcx	ENSMUSG00000031285	DCX	ENSMFAG00000003173	ortholog_one2one	1	93.4426
Dcxr	ENSMUSG00000039450	DCXR	ENSMFAG00000030901	ortholog_one2one	1	83.1967
Ddah1	ENSMUSG00000028194	DDAH1	ENSMFAG00000037521	ortholog_one2one	1	93.6842
Ddah2	ENSMUSG00000007039	DDAH2	ENSMFAG00000035624	ortholog_one2one	1	96.8421
Ddb1	ENSMUSG00000024740	DDB1	ENSMFAG00000042035	ortholog_one2one	1	99.4737
Ddb2	ENSMUSG00000002109	DDB2	ENSMFAG00000031723	ortholog_one2one	1	77.0833
Ddc	ENSMUSG00000020182	DDC	ENSMFAG00000025021	ortholog_one2one	1	79.1667
Ddhd1	ENSMUSG00000037697	DDHD1	ENSMFAG00000036353	ortholog_one2one	1	89.6028
Ddhd2	ENSMUSG00000061313	DDHD2	ENSMFAG00000032613	ortholog_one2one	1	89.8426
Ddi2	ENSMUSG00000078515	RSC1A1	ENSMFAG00000040011	ortholog_one2one	1	73.2523
Ddit3	ENSMUSG00000025408	DDIT3	ENSMFAG00000045278	ortholog_one2one	1	89.881
Ddit4	ENSMUSG00000020108	DDIT4	ENSMFAG00000033307	ortholog_one2one	1	92.1397
Ddit4l	ENSMUSG00000046818	DDIT4L	ENSMFAG00000046154	ortholog_one2one	1	92.7461
Ddn	ENSMUSG00000059213	DDN	ENSMFAG00000025897	ortholog_one2one	1	53.0986
Ddost	ENSMUSG00000028757	DDOST	ENSMFAG00000046185	ortholog_one2one	1	94.7846
Ddr1	ENSMUSG00000003534	DDR1	ENSMFAG00000033051	ortholog_one2one	1	93.5236
Ddrgk1	ENSMUSG00000068290	DDRGK1	ENSMFAG00000037803	ortholog_one2one	1	76.8254
Ddx1	ENSMUSG00000037149	DDX1	ENSMFAG00000033987	ortholog_one2one	1	97.7027
Ddx10	ENSMUSG00000053289	DDX10	ENSMFAG00000045808	ortholog_one2one	1	86.1714
Ddx17	ENSMUSG00000055065	DDX17	ENSMFAG00000046051	ortholog_one2one	1	98.6154
Ddx18	ENSMUSG00000001674	DDX18	ENSMFAG00000043075	ortholog_one2one	1	87.5758
Ddx19b	ENSMUSG00000033658	DDX19B	ENSMFAG00000030922	ortholog_one2one	1	96.6597
Ddx20	ENSMUSG00000027905	DDX20	ENSMFAG00000031755	ortholog_one2one	1	82.5455
Ddx21	ENSMUSG00000020075	DDX21	ENSMFAG00000044838	ortholog_one2one	1	71.3279
Ddx23	ENSMUSG00000003360	DDX23	ENSMFAG00000038666	ortholog_one2one	1	98.4127
Ddx24	ENSMUSG00000041645	DDX24	ENSMFAG00000033695	ortholog_one2one	1	72.5664
Ddx25	ENSMUSG00000032101	DDX25	ENSMFAG00000040048	ortholog_one2one	1	93.8017
Ddx27	ENSMUSG00000017999	DDX27	ENSMFAG00000045749	ortholog_one2one	1	91.9737
Ddx28	ENSMUSG00000045538	DDX28	ENSMFAG00000032978	ortholog_one2one	1	78.3333
Ddx31	ENSMUSG00000026806	DDX31	ENSMFAG00000036342	ortholog_one2one	1	78.0204
Ddx39a	ENSMUSG00000005481	DDX39A	ENSMFAG00000044174	ortholog_one2one	1	97.1897
Ddx39b	ENSMUSG00000019432	DDX39B	ENSMFAG00000034233	ortholog_one2one	1	99.5327
Ddx3x	ENSMUSG00000000787	DDX3X	ENSMFAG00000034876	ortholog_one2many	1	87.6133
Ddx4	ENSMUSG00000021758	DDX4	ENSMFAG00000040186	ortholog_one2one	1	88.5989
Ddx42	ENSMUSG00000020705	DDX42	ENSMFAG00000031356	ortholog_one2one	1	96.0172
Ddx47	ENSMUSG00000030204	DDX47	ENSMFAG00000042577	ortholog_one2one	1	96.044
Ddx49	ENSMUSG00000057788	DDX49	ENSMFAG00000044697	ortholog_one2one	1	89.375
Ddx5	ENSMUSG00000020719	DDX5	ENSMFAG00000026858	ortholog_one2one	1	99.0244
Ddx50	ENSMUSG00000020076	DDX50	ENSMFAG00000044067	ortholog_one2one	1	88.2834
Ddx51	ENSMUSG00000029504	DDX51	ENSMFAG00000031189	ortholog_one2one	1	74.9609
Ddx52	ENSMUSG00000020677	DDX52	ENSMFAG00000000640	ortholog_one2one	1	89.2977
Ddx54	ENSMUSG00000029599	DDX54	ENSMFAG00000043636	ortholog_one2one	1	85.1259
Ddx55	ENSMUSG00000029389	DDX55	ENSMFAG00000038165	ortholog_one2one	1	90.8333
Ddx56	ENSMUSG00000004393	DDX56	ENSMFAG00000041001	ortholog_one2one	1	83.5165
Ddx59	ENSMUSG00000026404	DDX59	ENSMFAG00000035416	ortholog_one2one	1	84.3296
Ddx6	ENSMUSG00000032097	DDX6	ENSMFAG00000042472	ortholog_one2one	1	97.7226
Ddx60	ENSMUSG00000037921	DDX60	ENSMFAG00000016136	ortholog_one2one	1	74.8538
Deaf1	ENSMUSG00000058886	DEAF1	ENSMFAG00000001308	ortholog_one2one	1	88.5159
Decr1	ENSMUSG00000028223	DECR1	ENSMFAG00000032034	ortholog_one2one	1	82.6866
Dedd	ENSMUSG00000013973	DEDD	ENSMFAG00000040064	ortholog_one2one	1	98.4277
Def8	ENSMUSG00000001482	DEF8	ENSMFAG00000031002	ortholog_one2one	1	93.75
Defb18	ENSMUSG00000073735	DEFB113	ENSMFAG00000052987	ortholog_one2one	1	51.7647
Defb19	ENSMUSG00000050645	DEFB119	ENSMFAG00000043509	ortholog_one2one	1	65.0602
Defb36	ENSMUSG00000044863	DEFB123	ENSMFAG00000031230	ortholog_one2one	1	79.1045
Defb41	ENSMUSG00000067773	DEFB110	ENSMFAG00000045112	ortholog_one2one	1	69.2308
Degs2	ENSMUSG00000021263	DEGS2	ENSMFAG00000043618	ortholog_one2one	1	86.3777
Dek	ENSMUSG00000021377	DEK	ENSMFAG00000043279	ortholog_one2one	1	90
Dele1	ENSMUSG00000024442	DELE1	ENSMFAG00000040008	ortholog_one2one	1	70.5882
Dennd10	ENSMUSG00000024993	DENND10	ENSMFAG00000055072	ortholog_one2one	1	90.7563
Dennd11	ENSMUSG00000037172	DENND11	ENSMFAG00000002632	ortholog_one2one	1	96.044
Dennd1a	ENSMUSG00000035392	DENND1A	ENSMFAG00000031585	ortholog_one2one	1	87.3031
Dennd1b	ENSMUSG00000056268	DENND1B	ENSMFAG00000040708	ortholog_one2one	1	84.7258
Dennd1c	ENSMUSG00000002668	DENND1C	ENSMFAG00000031978	ortholog_one2one	1	71.1196
Dennd2a	ENSMUSG00000038456	DENND2A	ENSMFAG00000043828	ortholog_one2one	1	82.5
Dennd2b	ENSMUSG00000031024	DENND2B	ENSMFAG00000044657	ortholog_one2one	1	93.0335
Dennd2c	ENSMUSG00000007379	DENND2C	ENSMFAG00000035727	ortholog_one2one	1	83.7748
Dennd2d	ENSMUSG00000027901	DENND2D	ENSMFAG00000036546	ortholog_one2one	1	92.0601
Dennd3	ENSMUSG00000036661	DENND3	ENSMFAG00000034459	ortholog_one2one	1	79.1209
Dennd4a	ENSMUSG00000053641	DENND4A	ENSMFAG00000030601	ortholog_one2one	1	92.3488
Dennd4b	ENSMUSG00000042404	DENND4B	ENSMFAG00000037492	ortholog_one2one	1	92.3841
Dennd4c	ENSMUSG00000038024	DENND4C	ENSMFAG00000030981	ortholog_one2one	1	85.6966
Dennd5a	ENSMUSG00000035901	DENND5A	ENSMFAG00000037631	ortholog_one2one	1	95.5143
Dennd5b	ENSMUSG00000030313	DENND5B	ENSMFAG00000044002	ortholog_one2one	1	95.3689
Dennd6a	ENSMUSG00000040818	DENND6A	ENSMFAG00000035828	ortholog_one2one	1	95.3719
Dennd6b	ENSMUSG00000015377	DENND6B	ENSMFAG00000033956	ortholog_one2one	1	63.4188
Denr	ENSMUSG00000023106	DENR	ENSMFAG00000038312	ortholog_one2one	1	79.798
Depdc1a	ENSMUSG00000028175	DEPDC1	ENSMFAG00000036197	ortholog_one2one	1	81.6377
Depdc1b	ENSMUSG00000021697	DEPDC1B	ENSMFAG00000032556	ortholog_one2one	1	94.707
Depdc5	ENSMUSG00000037426	DEPDC5	ENSMFAG00000031441	ortholog_one2one	1	94.8125
Depdc7	ENSMUSG00000027173	DEPDC7	ENSMFAG00000030758	ortholog_one2one	1	83.5616
Depp1	ENSMUSG00000048489	DEPP1	ENSMFAG00000061462	ortholog_one2one	1	58.0488
Dera	ENSMUSG00000030225	DERA	ENSMFAG00000000908	ortholog_one2one	1	93.0818
Derl1	ENSMUSG00000022365	DERL1	ENSMFAG00000044615	ortholog_one2one	1	96.8128
Derl3	ENSMUSG00000009092	DERL3	ENSMFAG00000033655	ortholog_one2one	1	83.7719
Derpc	ENSMUSG00000117748	DERPC	ENSMFAG00000042156	ortholog_one2one	1	84.9906
Des	ENSMUSG00000026208	DES	ENSMFAG00000036498	ortholog_one2one	1	97.8678
Desi2	ENSMUSG00000026502	DESI2	ENSMFAG00000032549	ortholog_one2one	1	90.7216
Det1	ENSMUSG00000030610	DET1	ENSMFAG00000043815	ortholog_one2one	1	98.7273
Deup1	ENSMUSG00000039977	DEUP1	ENSMFAG00000032572	ortholog_one2one	1	80.8652
Dffa	ENSMUSG00000028974	DFFA	ENSMFAG00000033729	ortholog_one2one	1	77.3414
Dffb	ENSMUSG00000029027	DFFB	ENSMFAG00000001539	ortholog_one2one	1	75.2907
Dgat1	ENSMUSG00000022555	DGAT1	ENSMFAG00000003899	ortholog_one2one	1	84.3373
Dgat2	ENSMUSG00000030747	DGAT2	ENSMFAG00000042930	ortholog_one2one	1	94.5876
Dgat2l6	ENSMUSG00000067597	DGAT2L6	ENSMFAG00000034189	ortholog_one2one	1	72.4036
Dgcr8	ENSMUSG00000022718	DGCR8	ENSMFAG00000033708	ortholog_one2one	1	94.4373
Dgka	ENSMUSG00000025357	DGKA	ENSMFAG00000042903	ortholog_one2one	1	82.4658
Dgkb	ENSMUSG00000036095	DGKB	ENSMFAG00000042148	ortholog_one2one	1	93.7107
Dgkd	ENSMUSG00000070738	DGKD	ENSMFAG00000002861	ortholog_one2one	1	91.7213
Dgke	ENSMUSG00000000276	DGKE	ENSMFAG00000042785	ortholog_one2one	1	90.6028
Dgkg	ENSMUSG00000022861	DGKG	ENSMFAG00000042125	ortholog_one2one	1	88.3249
Dgkh	ENSMUSG00000034731	DGKH	ENSMFAG00000038026	ortholog_one2one	1	89.8305
Dgki	ENSMUSG00000038665	DGKI	ENSMFAG00000002635	ortholog_one2one	1	91.4286
Dgkq	ENSMUSG00000004815	DGKQ	ENSMFAG00000001042	ortholog_one2one	1	80.5139
Dgkz	ENSMUSG00000040479	DGKZ	ENSMFAG00000032211	ortholog_one2one	1	90.3226
Dglucy	ENSMUSG00000021185	DGLUCY	ENSMFAG00000031233	ortholog_one2one	1	75.2026
Dguok	ENSMUSG00000014554	DGUOK	ENSMFAG00000044799	ortholog_one2one	1	74.3682
Dhcr24	ENSMUSG00000034926	DHCR24	ENSMFAG00000031598	ortholog_one2one	1	96.3178
Dhcr7	ENSMUSG00000058454	DHCR7	ENSMFAG00000003021	ortholog_one2one	1	88.3227
Dhdds	ENSMUSG00000012117	DHDDS	ENSMFAG00000033901	ortholog_one2one	1	87.7493
Dhfr	ENSMUSG00000021707	DHFR	ENSMFAG00000045536	ortholog_one2many	1	89.3048
Dhh	ENSMUSG00000023000	DHH	ENSMFAG00000051486	ortholog_one2one	1	95.4545
Dhodh	ENSMUSG00000031730	DHODH	ENSMFAG00000043915	ortholog_one2one	1	88.3544
Dhrs1	ENSMUSG00000002332	DHRS1	ENSMFAG00000034466	ortholog_one2one	1	83.0671
Dhrs2	ENSMUSG00000022209	DHRS2	ENSMFAG00000036594	ortholog_one2one	1	58.5106
Dhrs3	ENSMUSG00000066026	DHRS3	ENSMFAG00000044134	ortholog_one2one	1	95.3642
Dhrs7	ENSMUSG00000021094	DHRS7	ENSMFAG00000031332	ortholog_one2many	1	78.4024
Dhrs7c	ENSMUSG00000033044	DHRS7C	ENSMFAG00000044197	ortholog_one2one	1	90.3537
Dhrs7l	ENSMUSG00000109482	DHRS7	ENSMFAG00000031332	ortholog_one2many	1	63.5821
Dhrs9	ENSMUSG00000027068	DHRS9	ENSMFAG00000034505	ortholog_one2one	1	85.5799
Dhtkd1	ENSMUSG00000025815	DHTKD1	ENSMFAG00000032814	ortholog_one2one	1	88.0565
Dhx15	ENSMUSG00000029169	DHX15	ENSMFAG00000003532	ortholog_one2one	1	99.4969
Dhx16	ENSMUSG00000024422	DHX16	ENSMFAG00000003575	ortholog_one2one	1	95.977
Dhx29	ENSMUSG00000042426	DHX29	ENSMFAG00000003740	ortholog_one2one	1	90.696
Dhx30	ENSMUSG00000032480	DHX30	ENSMFAG00000033894	ortholog_one2one	1	95.4774
Dhx32	ENSMUSG00000030986	DHX32	ENSMFAG00000045315	ortholog_one2one	1	88.0376
Dhx35	ENSMUSG00000027655	DHX35	ENSMFAG00000031593	ortholog_one2one	1	96.3016
Dhx36	ENSMUSG00000027770	DHX36	ENSMFAG00000032288	ortholog_one2one	1	93.007
Dhx37	ENSMUSG00000029480	DHX37	ENSMFAG00000037879	ortholog_one2one	1	83.7391
Dhx38	ENSMUSG00000037993	DHX38	ENSMFAG00000031852	ortholog_one2one	1	95.6026
Dhx40	ENSMUSG00000018425	DHX40	ENSMFAG00000041526	ortholog_one2one	1	97.561
Dhx58	ENSMUSG00000017830	DHX58	ENSMFAG00000034530	ortholog_one2one	1	78.7611
Dhx8	ENSMUSG00000034931	DHX8	ENSMFAG00000044651	ortholog_one2one	1	92.3633
Dhx9	ENSMUSG00000042699	DHX9	ENSMFAG00000041152	ortholog_one2one	1	84.3208
Diablo	ENSMUSG00000029433	DIABLO	ENSMFAG00000002957	ortholog_one2one	1	52.9255
Diaph1	ENSMUSG00000024456	DIAPH1	ENSMFAG00000042488	ortholog_one2one	1	89.6414
Diaph3	ENSMUSG00000022021	DIAPH3	ENSMFAG00000045809	ortholog_one2one	1	84.7993
Dicer1	ENSMUSG00000041415	DICER1	ENSMFAG00000002987	ortholog_one2one	1	91.0752
Dido1	ENSMUSG00000038914	DIDO1	ENSMFAG00000000130	ortholog_one2one	1	68.0851
Dimt1	ENSMUSG00000021692	DIMT1	ENSMFAG00000033475	ortholog_one2one	1	95.8466
Dio1	ENSMUSG00000034785	DIO1	ENSMFAG00000034074	ortholog_one2one	1	77.0428
Dip2a	ENSMUSG00000020231	DIP2A	ENSMFAG00000034305	ortholog_one2one	1	93.9181
Dip2b	ENSMUSG00000023026	DIP2B	ENSMFAG00000031797	ortholog_one2one	1	97.8399
Dip2c	ENSMUSG00000048264	DIP2C	ENSMFAG00000043149	ortholog_one2one	1	92.4165
Dipk2a	ENSMUSG00000045414	DIPK2A	ENSMFAG00000037253	ortholog_one2one	1	96.5116
Dipk2b	ENSMUSG00000037358	DIPK2B	ENSMFAG00000035756	ortholog_one2one	1	80
Diras2	ENSMUSG00000047842	DIRAS2	ENSMFAG00000060966	ortholog_one2one	1	98.995
Dis3	ENSMUSG00000033166	DIS3	ENSMFAG00000027055	ortholog_one2one	1	91.5449
Dis3l	ENSMUSG00000032396	DIS3L	ENSMFAG00000035628	ortholog_one2one	1	88.7939
Dis3l2	ENSMUSG00000053333	DIS3L2	ENSMFAG00000030972	ortholog_one2one	1	87.2414
Disc1	ENSMUSG00000043051	DISC1	ENSMFAG00000042435	ortholog_one2one	1	53.8732
Disp1	ENSMUSG00000030768	DISP1	ENSMFAG00000033892	ortholog_one2one	1	84.0237
Disp2	ENSMUSG00000040035	DISP2	ENSMFAG00000031712	ortholog_one2one	1	73.4573
Disp3	ENSMUSG00000041544	DISP3	ENSMFAG00000003111	ortholog_one2one	1	91.8337
Dixdc1	ENSMUSG00000032064	DIXDC1	ENSMFAG00000043024	ortholog_one2one	1	91.0949
Dkk2	ENSMUSG00000028031	DKK2	ENSMFAG00000032422	ortholog_one2one	1	96.139
Dkk3	ENSMUSG00000030772	DKK3	ENSMFAG00000043096	ortholog_one2one	1	82.5215
Dkk4	ENSMUSG00000031535	DKK4	ENSMFAG00000034088	ortholog_one2one	1	73.3032
Dkkl1	ENSMUSG00000030792	DKKL1	ENSMFAG00000033720	ortholog_one2many	1	63.913
Dlc1	ENSMUSG00000031523	DLC1	ENSMFAG00000041985	ortholog_one2one	1	83.9274
Dld	ENSMUSG00000020664	DLD	ENSMFAG00000002432	ortholog_one2one	1	91.945
Dlec1	ENSMUSG00000038060	DLEC1	ENSMFAG00000043783	ortholog_one2one	1	69.6726
Dlg1	ENSMUSG00000022770	DLG1	ENSMFAG00000042848	ortholog_one2one	1	95.0378
Dlg2	ENSMUSG00000052572	DLG2	ENSMFAG00000043394	ortholog_one2one	1	94.2488
Dlg3	ENSMUSG00000000881	DLG3	ENSMFAG00000036638	ortholog_one2one	1	56.3015
Dlg4	ENSMUSG00000020886	DLG4	ENSMFAG00000032206	ortholog_one2one	1	98.4743
Dlg5	ENSMUSG00000021782	DLG5	ENSMFAG00000032038	ortholog_one2one	1	92.0875
Dlgap1	ENSMUSG00000003279	DLGAP1	ENSMFAG00000031490	ortholog_one2one	1	63.8771
Dlgap2	ENSMUSG00000047495	DLGAP2	ENSMFAG00000034180	ortholog_one2one	1	72.899
Dlgap3	ENSMUSG00000042388	DLGAP3	ENSMFAG00000038442	ortholog_one2one	1	93.4493
Dlgap4	ENSMUSG00000061689	DLGAP4	ENSMFAG00000032148	ortholog_one2one	1	86.1895
Dlgap5	ENSMUSG00000037544	DLGAP5	ENSMFAG00000035988	ortholog_one2one	1	60.396
Dlk1	ENSMUSG00000040856	DLK1	ENSMFAG00000035336	ortholog_one2one	1	85.7143
Dlk2	ENSMUSG00000047428	DLK2	ENSMFAG00000000134	ortholog_one2one	1	92.4084
Dll1	ENSMUSG00000014773	DLL1	ENSMFAG00000002701	ortholog_one2one	1	83.241
Dll3	ENSMUSG00000003436	DLL3	ENSMFAG00000046282	ortholog_one2one	1	82.2222
Dll4	ENSMUSG00000027314	DLL4	ENSMFAG00000036797	ortholog_one2one	1	86.1516
Dlst	ENSMUSG00000004789	DLST	ENSMFAG00000030177	ortholog_one2one	1	92.511
Dlx1	ENSMUSG00000041911	DLX1	ENSMFAG00000039931	ortholog_one2one	1	98.8235
Dlx2	ENSMUSG00000023391	DLX2	ENSMFAG00000045147	ortholog_one2one	1	61.747
Dlx3	ENSMUSG00000001510	DLX3	ENSMFAG00000032276	ortholog_one2one	1	97.9094
Dlx4	ENSMUSG00000020871	DLX4	ENSMFAG00000013144	ortholog_one2one	1	75.4167
Dlx5	ENSMUSG00000029755	DLX5	ENSMFAG00000035900	ortholog_one2one	1	96.1938
Dlx6	ENSMUSG00000029754	DLX6	ENSMFAG00000048863	ortholog_one2one	1	95.2862
Dmac2	ENSMUSG00000057229	DMAC2	ENSMFAG00000002485	ortholog_one2one	1	63.5659
Dmac2l	ENSMUSG00000054894	DMAC2L	ENSMFAG00000042085	ortholog_one2one	1	76.5
Dmap1	ENSMUSG00000009640	DMAP1	ENSMFAG00000030571	ortholog_one2one	1	97.8633
Dmbx1	ENSMUSG00000028707	DMBX1	ENSMFAG00000058375	ortholog_one2one	1	90.4255
Dmc1	ENSMUSG00000022429	DMC1	ENSMFAG00000045466	ortholog_one2one	1	97.0588
Dmd	ENSMUSG00000045103	DMD	ENSMFAG00000045175	ortholog_one2one	1	91.1909
Dmgdh	ENSMUSG00000042102	DMGDH	ENSMFAG00000024245	ortholog_one2one	1	89.6433
Dmkn	ENSMUSG00000060962	DMKN	ENSMFAG00000045312	ortholog_one2one	1	50
Dmp1	ENSMUSG00000029307	DMP1	ENSMFAG00000002413	ortholog_one2one	1	63.2207
Dmpk	ENSMUSG00000030409	DMPK	ENSMFAG00000037913	ortholog_one2one	1	72.9642
Dmrt2	ENSMUSG00000048138	DMRT2	ENSMFAG00000040812	ortholog_one2one	1	83.9572
Dmrt3	ENSMUSG00000042372	DMRT3	ENSMFAG00000045391	ortholog_one2one	1	76.0504
Dmrta2	ENSMUSG00000047143	DMRTA2	ENSMFAG00000062675	ortholog_one2one	1	87.5706
Dmtf1	ENSMUSG00000042508	DMTF1	ENSMFAG00000001957	ortholog_one2many	1	95.138
Dmtn	ENSMUSG00000022099	DMTN	ENSMFAG00000036684	ortholog_one2one	1	95.8025
Dmwd	ENSMUSG00000030410	DMWD	ENSMFAG00000033696	ortholog_one2one	1	86.4062
Dmxl1	ENSMUSG00000037416	DMXL1	ENSMFAG00000040275	ortholog_one2one	1	89.7444
Dna2	ENSMUSG00000036875	DNA2	ENSMFAG00000036094	ortholog_one2one	1	75.5179
Dnaaf1	ENSMUSG00000031831	DNAAF1	ENSMFAG00000039701	ortholog_one2one	1	63.5647
Dnaaf10	ENSMUSG00000078970	DNAAF10	ENSMFAG00000042360	ortholog_one2one	1	93.8375
Dnaaf11	ENSMUSG00000022375	DNAAF11	ENSMFAG00000040429	ortholog_one2one	1	78.6469
Dnaaf2	ENSMUSG00000020973	DNAAF2	ENSMFAG00000045239	ortholog_one2one	1	65.1106
Dnaaf3	ENSMUSG00000055809	DNAAF3	ENSMFAG00000043604	ortholog_one2one	1	64.5051
Dnaaf4	ENSMUSG00000092192	DNAAF4	ENSMFAG00000042616	ortholog_one2one	1	79.7619
Dnaaf6	ENSMUSG00000042433	DNAAF6	ENSMFAG00000033661	ortholog_one2many	1	59.1743
Dnaaf9	ENSMUSG00000027309	DNAAF9	ENSMFAG00000037080	ortholog_one2one	1	84.2239
Dnah10	ENSMUSG00000038011	DNAH10	ENSMFAG00000002950	ortholog_one2one	1	88.5428
Dnah11	ENSMUSG00000018581	DNAH11	ENSMFAG00000044423	ortholog_one2one	1	84.9153
Dnah12	ENSMUSG00000021879	DNAH12	ENSMFAG00000031056	ortholog_one2one	1	89.5455
Dnah14	ENSMUSG00000047369	DNAH14	ENSMFAG00000036618	ortholog_one2one	1	61.7276
Dnah17	ENSMUSG00000033987	DNAH17	ENSMFAG00000002118	ortholog_one2one	1	92.1059
Dnah2	ENSMUSG00000005237	DNAH2	ENSMFAG00000003133	ortholog_one2one	1	91.4388
Dnah3	ENSMUSG00000052273	DNAH3	ENSMFAG00000041674	ortholog_one2one	1	86.665
Dnah5	ENSMUSG00000022262	DNAH5	ENSMFAG00000001076	ortholog_one2one	1	89.4179
Dnah8	ENSMUSG00000033826	DNAH8	ENSMFAG00000036549	ortholog_one2one	1	91.0378
Dnah9	ENSMUSG00000056752	DNAH9	ENSMFAG00000002607	ortholog_one2one	1	87.1097
Dnai1	ENSMUSG00000061322	DNAI1	ENSMFAG00000042932	ortholog_one2one	1	91.0128
Dnai2	ENSMUSG00000034706	DNAI2	ENSMFAG00000035401	ortholog_one2one	1	82.9856
Dnai3	ENSMUSG00000043020	DNAI3	ENSMFAG00000007665	ortholog_one2one	1	65.6555
Dnai4	ENSMUSG00000035126	DNAI4	ENSMFAG00000033193	ortholog_one2one	1	74.5973
Dnai7	ENSMUSG00000043541	DNAI7	ENSMFAG00000032055	ortholog_one2one	1	66.9863
Dnaja1	ENSMUSG00000028410	DNAJA1	ENSMFAG00000032081	ortholog_one2one	1	99.4962
Dnaja2	ENSMUSG00000031701	DNAJA2	ENSMFAG00000003461	ortholog_one2one	1	97.8155
Dnaja3	ENSMUSG00000004069	DNAJA3	ENSMFAG00000042573	ortholog_one2one	1	72.6755
Dnaja4	ENSMUSG00000032285	DNAJA4	ENSMFAG00000031045	ortholog_one2one	1	94.2066
Dnajb1	ENSMUSG00000005483	DNAJB1	ENSMFAG00000042314	ortholog_one2many	1	68.2353
Dnajb11	ENSMUSG00000004460	DNAJB11	ENSMFAG00000036164	ortholog_one2one	1	98.324
Dnajb12	ENSMUSG00000020109	DNAJB12	ENSMFAG00000043414	ortholog_one2one	1	66.1597
Dnajb13	ENSMUSG00000030708	DNAJB13	ENSMFAG00000035964	ortholog_one2one	1	85.1266
Dnajb14	ENSMUSG00000074212	DNAJB14	ENSMFAG00000037104	ortholog_one2one	1	92.876
Dnajb2	ENSMUSG00000026203	DNAJB2	ENSMFAG00000041287	ortholog_one2one	1	87.7256
Dnajb4	ENSMUSG00000028035	DNAJB4	ENSMFAG00000039494	ortholog_one2one	1	94.0653
Dnajb5	ENSMUSG00000036052	DNAJB5	ENSMFAG00000032427	ortholog_one2one	1	99.1379
Dnajb7	ENSMUSG00000047108	DNAJB7	ENSMFAG00000051541	ortholog_one2one	1	72.1154
Dnajb8	ENSMUSG00000048206	DNAJB8	ENSMFAG00000030291	ortholog_one2one	1	84.5815
Dnajb9	ENSMUSG00000014905	DNAJB9	ENSMFAG00000054701	ortholog_one2one	1	94.5946
Dnajc1	ENSMUSG00000026740	DNAJC1	ENSMFAG00000004029	ortholog_one2one	1	84.9638
Dnajc10	ENSMUSG00000027006	DNAJC10	ENSMFAG00000033148	ortholog_one2one	1	90.5422
Dnajc11	ENSMUSG00000039768	DNAJC11	ENSMFAG00000034630	ortholog_one2one	1	96.6011
Dnajc12	ENSMUSG00000036764	DNAJC12	ENSMFAG00000041356	ortholog_one2one	1	76.7677
Dnajc13	ENSMUSG00000032560	DNAJC13	ENSMFAG00000032546	ortholog_one2one	1	96.6563
Dnajc14	ENSMUSG00000025354	DNAJC14	ENSMFAG00000040360	ortholog_one2one	1	86.202
Dnajc15	ENSMUSG00000022013	DNAJC15	ENSMFAG00000011195	ortholog_one2one	1	63.0872
Dnajc16	ENSMUSG00000040697	DNAJC16	ENSMFAG00000036417	ortholog_one2one	1	90.285
Dnajc17	ENSMUSG00000034278	DNAJC17	ENSMFAG00000032241	ortholog_one2many	1	79.868
Dnajc18	ENSMUSG00000024350	DNAJC18	ENSMFAG00000033878	ortholog_one2one	1	85.9944
Dnajc19	ENSMUSG00000027679	DNAJC19	ENSMFAG00000034041	ortholog_one2many	1	72.3077
Dnajc2	ENSMUSG00000029014	DNAJC2	ENSMFAG00000044726	ortholog_one2one	1	92.7536
Dnajc21	ENSMUSG00000044224	DNAJC21	ENSMFAG00000001345	ortholog_one2one	1	85.4991
Dnajc22	ENSMUSG00000038009	DNAJC22	ENSMFAG00000026632	ortholog_one2one	1	83.7758
Dnajc25	ENSMUSG00000070972	DNAJC25	ENSMFAG00000037632	ortholog_one2one	1	90.7563
Dnajc27	ENSMUSG00000020657	DNAJC27	ENSMFAG00000061704	ortholog_one2one	1	93.0403
Dnajc28	ENSMUSG00000039763	DNAJC28	ENSMFAG00000030067	ortholog_one2one	1	74.5455
Dnajc3	ENSMUSG00000022136	DNAJC3	ENSMFAG00000034424	ortholog_one2one	1	96.627
Dnajc4	ENSMUSG00000024963	DNAJC4	ENSMFAG00000036941	ortholog_one2one	1	57.8767
Dnajc5	ENSMUSG00000000826	DNAJC5	ENSMFAG00000001665	ortholog_one2one	1	84.3434
Dnajc5b	ENSMUSG00000027606	DNAJC5B	ENSMFAG00000001799	ortholog_one2one	1	88.4422
Dnajc6	ENSMUSG00000028528	DNAJC6	ENSMFAG00000044659	ortholog_one2one	1	91.0448
Dnajc7	ENSMUSG00000014195	DNAJC7	ENSMFAG00000031935	ortholog_one2one	1	92.915
Dnajc9	ENSMUSG00000021811	DNAJC9	ENSMFAG00000050309	ortholog_one2one	1	76.4479
Dnal1	ENSMUSG00000042523	DNAL1	ENSMFAG00000035392	ortholog_one2one	1	86.8421
Dnali1	ENSMUSG00000042707	DNALI1	ENSMFAG00000038046	ortholog_one2one	1	94.9612
Dnase1	ENSMUSG00000005980	DNASE1	ENSMFAG00000030938	ortholog_one2one	1	76.4084
Dnase1l2	ENSMUSG00000024136	DNASE1L2	ENSMFAG00000032371	ortholog_one2one	1	83.4532
Dnase1l3	ENSMUSG00000025279	DNASE1L3	ENSMFAG00000042137	ortholog_one2one	1	80
Dnase2a	ENSMUSG00000003812	DNASE2	ENSMFAG00000003665	ortholog_one2one	1	65.1558
Dnase2b	ENSMUSG00000028185	DNASE2B	ENSMFAG00000039951	ortholog_one2one	1	66.9492
Dnd1	ENSMUSG00000044595	DND1	ENSMFAG00000003284	ortholog_one2one	1	88.0682
Dner	ENSMUSG00000036766	DNER	ENSMFAG00000034549	ortholog_one2one	1	81.1398
Dnhd1	ENSMUSG00000030882	DNHD1	ENSMFAG00000036429	ortholog_one2one	1	68.7158
Dnlz	ENSMUSG00000075467	DNLZ	ENSMFAG00000045519	ortholog_one2one	1	69.4915
Dnm1	ENSMUSG00000026825	DNM1	ENSMFAG00000030581	ortholog_one2one	1	83.5648
Dnm1l	ENSMUSG00000022789	DNM1L	ENSMFAG00000006058	ortholog_one2one	1	98.8555
Dnm2	ENSMUSG00000033335	DNM2	ENSMFAG00000045986	ortholog_one2one	1	98.2434
Dnm3	ENSMUSG00000040265	DNM3	ENSMFAG00000035372	ortholog_one2one	1	98.021
Dnmt1	ENSMUSG00000004099	DNMT1	ENSMFAG00000023786	ortholog_one2one	1	78.0247
Dnmt3a	ENSMUSG00000020661	DNMT3A	ENSMFAG00000031180	ortholog_one2one	1	96.696
Dnmt3b	ENSMUSG00000027478	DNMT3B	ENSMFAG00000040834	ortholog_one2many	1	82.907
Dnmt3c	ENSMUSG00000082079	DNMT3B	ENSMFAG00000040834	ortholog_one2many	1	77.8378
Dnpep	ENSMUSG00000026209	DNPEP	ENSMFAG00000036683	ortholog_one2one	1	89.4292
Dnph1	ENSMUSG00000040658	DNPH1	ENSMFAG00000038043	ortholog_one2one	1	73.4104
Dntt	ENSMUSG00000025014	DNTT	ENSMFAG00000034600	ortholog_one2one	1	80.1961
Dnttip1	ENSMUSG00000017299	DNTTIP1	ENSMFAG00000044013	ortholog_one2one	1	75.9146
Doc2a	ENSMUSG00000052301	DOC2A	ENSMFAG00000031217	ortholog_one2one	1	92.5926
Dock1	ENSMUSG00000058325	DOCK1	ENSMFAG00000045941	ortholog_one2one	1	96.193
Dock10	ENSMUSG00000038608	DOCK10	ENSMFAG00000037782	ortholog_one2one	1	91.1264
Dock2	ENSMUSG00000020143	DOCK2	ENSMFAG00000000447	ortholog_one2one	1	94.5295
Dock3	ENSMUSG00000039716	DOCK3	ENSMFAG00000033625	ortholog_one2one	1	94.9754
Dock4	ENSMUSG00000035954	DOCK4	ENSMFAG00000044248	ortholog_one2one	1	98.072
Dock5	ENSMUSG00000044447	DOCK5	ENSMFAG00000001732	ortholog_one2one	1	93.9508
Dock7	ENSMUSG00000028556	DOCK7	ENSMFAG00000032390	ortholog_one2one	1	98.2613
Dock8	ENSMUSG00000052085	DOCK8	ENSMFAG00000008069	ortholog_one2one	1	91.5238
Dock9	ENSMUSG00000025558	DOCK9	ENSMFAG00000042663	ortholog_one2one	1	95.1628
Dok1	ENSMUSG00000068335	DOK1	ENSMFAG00000042078	ortholog_one2one	1	79.0456
Dok2	ENSMUSG00000022102	DOK2	ENSMFAG00000026923	ortholog_one2one	1	70.8738
Dok4	ENSMUSG00000040631	DOK4	ENSMFAG00000002708	ortholog_one2one	1	97.8462
Dok5	ENSMUSG00000027560	DOK5	ENSMFAG00000032194	ortholog_one2one	1	97.0588
Dok6	ENSMUSG00000073514	DOK6	ENSMFAG00000037397	ortholog_one2one	1	99.6979
Dok7	ENSMUSG00000044716	DOK7	ENSMFAG00000045592	ortholog_one2one	1	72.4206
Dolpp1	ENSMUSG00000026856	DOLPP1	ENSMFAG00000038391	ortholog_one2one	1	93.6975
Dop1a	ENSMUSG00000034973	DOP1A	ENSMFAG00000031960	ortholog_one2one	1	93.2981
Dop1b	ENSMUSG00000022946	DOP1B	ENSMFAG00000002007	ortholog_one2one	1	86.4052
Dpagt1	ENSMUSG00000032123	DPAGT1	ENSMFAG00000033397	ortholog_one2one	1	93.6585
Dpcd	ENSMUSG00000041035	DPCD	ENSMFAG00000036058	ortholog_one2one	1	83.2512
Dpep1	ENSMUSG00000019278	DPEP1	ENSMFAG00000031442	ortholog_one2one	1	65.6098
Dpep2	ENSMUSG00000053687	DPEP2	ENSMFAG00000000644	ortholog_one2one	1	70.2929
Dpep2nb	ENSMUSG00000115768	DPEP2NB	ENSMFAG00000061219	ortholog_one2one	1	55.9322
Dpep3	ENSMUSG00000031898	DPEP3	ENSMFAG00000037108	ortholog_one2one	1	70.7911
Dpf1	ENSMUSG00000030584	DPF1	ENSMFAG00000042304	ortholog_one2one	1	98.7437
Dpf3	ENSMUSG00000021221	DPF3	ENSMFAG00000033308	ortholog_one2one	1	80.6878
Dph1	ENSMUSG00000078789	DPH1	ENSMFAG00000046413	ortholog_one2one	1	85.1598
Dph2	ENSMUSG00000028540	DPH2	ENSMFAG00000050902	ortholog_one2one	1	84.0491
Dph3	ENSMUSG00000021905	DPH3	ENSMFAG00000043479	ortholog_one2one	1	96.3415
Dph5	ENSMUSG00000033554	DPH5	ENSMFAG00000003120	ortholog_one2one	1	92.8826
Dph7	ENSMUSG00000026975	DPH7	ENSMFAG00000002348	ortholog_one2one	1	61.0063
Dpm1	ENSMUSG00000078919	DPM1	ENSMFAG00000036839	ortholog_one2one	1	90.3846
Dpp10	ENSMUSG00000036815	DPP10	ENSMFAG00000004071	ortholog_one2one	1	89.5
Dpp3	ENSMUSG00000063904	DPP3	ENSMFAG00000038663	ortholog_one2one	1	92.8184
Dpp4	ENSMUSG00000035000	DPP4	ENSMFAG00000041945	ortholog_one2one	1	85.1316
Dpp6	ENSMUSG00000061576	DPP6	ENSMFAG00000000652	ortholog_one2one	1	91.2827
Dpp8	ENSMUSG00000032393	DPP8	ENSMFAG00000043661	ortholog_one2one	1	95.0673
Dpp9	ENSMUSG00000001229	DPP9	ENSMFAG00000040299	ortholog_one2one	1	85.8469
Dpt	ENSMUSG00000026574	DPT	ENSMFAG00000045128	ortholog_one2one	1	93.0348
Dpy19l1	ENSMUSG00000043067	DPY19L1	ENSMFAG00000041115	ortholog_one2one	1	90.2145
Dpy19l2	ENSMUSG00000085576	DPY19L2	ENSMFAG00000034063	ortholog_one2many	1	77.4903
Dpy19l3	ENSMUSG00000043671	DPY19L3	ENSMFAG00000043628	ortholog_one2one	1	87.8492
Dpy19l4	ENSMUSG00000045205	DPY19L4	ENSMFAG00000001092	ortholog_one2one	1	88.6427
Dpy30	ENSMUSG00000024067	DPY30	ENSMFAG00000045079	ortholog_one2one	1	97.9798
Dpyd	ENSMUSG00000033308	DPYD	ENSMFAG00000033409	ortholog_one2one	1	88.4878
Dpys	ENSMUSG00000022304	DPYS	ENSMFAG00000037174	ortholog_one2one	1	88.632
Dpysl2	ENSMUSG00000022048	DPYSL2	ENSMFAG00000005287	ortholog_one2one	1	97.2028
Dpysl3	ENSMUSG00000024501	DPYSL3	ENSMFAG00000045205	ortholog_one2one	1	96.6667
Dpysl4	ENSMUSG00000025478	DPYSL4	ENSMFAG00000033070	ortholog_one2one	1	91.7832
Dpysl5	ENSMUSG00000029168	DPYSL5	ENSMFAG00000029591	ortholog_one2one	1	97.8723
Dqx1	ENSMUSG00000009145	DQX1	ENSMFAG00000001892	ortholog_one2one	1	83.1476
Dram1	ENSMUSG00000020057	DRAM1	ENSMFAG00000042396	ortholog_one2one	1	95.7983
Drap1	ENSMUSG00000024914	DRAP1	ENSMFAG00000035458	ortholog_one2one	1	92.1951
Draxin	ENSMUSG00000029005	DRAXIN	ENSMFAG00000002703	ortholog_one2one	1	77.551
Drc1	ENSMUSG00000073102	DRC1	ENSMFAG00000043768	ortholog_one2one	1	74.2364
Drc3	ENSMUSG00000056598	DRC3	ENSMFAG00000030717	ortholog_one2one	1	82.218
Drc7	ENSMUSG00000031786	DRC7	ENSMFAG00000038450	ortholog_one2one	1	82.5342
Drd2	ENSMUSG00000032259	DRD2	ENSMFAG00000043416	ortholog_one2one	1	95.4955
Drd3	ENSMUSG00000022705	DRD3	ENSMFAG00000037060	ortholog_one2one	1	79.7071
Drd5	ENSMUSG00000039358	DRD5	ENSMFAG00000011075	ortholog_one2one	1	82.8452
Drg1	ENSMUSG00000020457	DRG1	ENSMFAG00000038637	ortholog_one2one	1	98.9101
Drg2	ENSMUSG00000020537	DRG2	ENSMFAG00000044273	ortholog_one2one	1	88.4615
Drgx	ENSMUSG00000041730	DRGX	ENSMFAG00000031409	ortholog_one2one	1	96.5779
Drosha	ENSMUSG00000022191	DROSHA	ENSMFAG00000003055	ortholog_one2one	1	95.4115
Drp2	ENSMUSG00000000223	DRP2	ENSMFAG00000001071	ortholog_one2one	1	95.1933
Dsc1	ENSMUSG00000044322	DSC1	ENSMFAG00000035735	ortholog_one2one	1	82.9571
Dsc2	ENSMUSG00000024331	DSC2	ENSMFAG00000045076	ortholog_one2one	1	71.7295
Dscaml1	ENSMUSG00000032087	DSCAML1	ENSMFAG00000031788	ortholog_one2one	1	95.5945
Dscc1	ENSMUSG00000022422	DSCC1	ENSMFAG00000003521	ortholog_one2one	1	75.9398
Dse	ENSMUSG00000039497	DSE	ENSMFAG00000033289	ortholog_one2one	1	93.4238
Dsg1a	ENSMUSG00000069441	DSG1	ENSMFAG00000033359	ortholog_one2many	1	77.2942
Dsg1b	ENSMUSG00000061928	DSG1	ENSMFAG00000033359	ortholog_one2many	1	76.8868
Dsg1c	ENSMUSG00000034774	DSG1	ENSMFAG00000033359	ortholog_one2many	1	78.8145
Dsg3	ENSMUSG00000056632	DSG3	ENSMFAG00000031707	ortholog_one2one	1	72.8097
Dsg4	ENSMUSG00000001804	DSG4	ENSMFAG00000031939	ortholog_one2one	1	81.8444
Dsp	ENSMUSG00000054889	DSP	ENSMFAG00000031913	ortholog_one2one	1	94.7971
Dstyk	ENSMUSG00000042046	DSTYK	ENSMFAG00000040203	ortholog_one2one	1	91.1543
Dtd2	ENSMUSG00000020956	DTD2	ENSMFAG00000044459	ortholog_one2one	1	83.9286
Dtl	ENSMUSG00000037474	DTL	ENSMFAG00000045273	ortholog_one2one	1	84.9108
Dtna	ENSMUSG00000024302	DTNA	ENSMFAG00000031040	ortholog_one2one	1	96.3343
Dtnbp1	ENSMUSG00000057531	DTNBP1	ENSMFAG00000042536	ortholog_one2one	1	66.4804
Dtwd1	ENSMUSG00000023330	DTWD1	ENSMFAG00000058237	ortholog_one2one	1	73.3553
Dtwd2	ENSMUSG00000024505	DTWD2	ENSMFAG00000043561	ortholog_one2one	1	82.2148
Dtx1	ENSMUSG00000029603	DTX1	ENSMFAG00000003369	ortholog_one2one	1	88.5167
Dtx2	ENSMUSG00000004947	DTX2	ENSMFAG00000037159	ortholog_one2one	1	85.9451
Dtx3	ENSMUSG00000040415	DTX3	ENSMFAG00000042770	ortholog_one2one	1	85.0633
Dtymk	ENSMUSG00000026281	DTYMK	ENSMFAG00000040279	ortholog_one2one	1	78.7736
Duox1	ENSMUSG00000033268	DUOX1	ENSMFAG00000043773	ortholog_one2one	1	88.6525
Duox2	ENSMUSG00000068452	DUOX2	ENSMFAG00000029863	ortholog_one2one	1	84.9838
Duoxa1	ENSMUSG00000027224	DUOXA1	ENSMFAG00000033232	ortholog_one2one	1	82.1114
Duoxa2	ENSMUSG00000027225	DUOXA2	ENSMFAG00000032593	ortholog_one2one	1	79.6875
Dus1l	ENSMUSG00000025155	DUS1L	ENSMFAG00000001187	ortholog_one2one	1	90.3158
Dus2	ENSMUSG00000031901	DUS2	ENSMFAG00000046270	ortholog_one2one	1	90.2637
Dusp10	ENSMUSG00000039384	DUSP10	ENSMFAG00000035766	ortholog_one2one	1	96.2733
Dusp14	ENSMUSG00000018648	DUSP14	ENSMFAG00000010455	ortholog_one2one	1	93.4343
Dusp15	ENSMUSG00000042662	DUSP15	ENSMFAG00000003502	ortholog_one2one	1	69.7872
Dusp16	ENSMUSG00000030203	DUSP16	ENSMFAG00000037347	ortholog_one2one	1	90.9091
Dusp18	ENSMUSG00000047205	DUSP18	ENSMFAG00000053589	ortholog_one2one	1	83.5106
Dusp19	ENSMUSG00000027001	DUSP19	ENSMFAG00000034205	ortholog_one2one	1	81.8182
Dusp2	ENSMUSG00000027368	DUSP2	ENSMFAG00000044384	ortholog_one2one	1	73.2704
Dusp23	ENSMUSG00000026544	DUSP23	ENSMFAG00000043752	ortholog_one2one	1	94
Dusp26	ENSMUSG00000039661	DUSP26	ENSMFAG00000041680	ortholog_one2one	1	96.2085
Dusp29	ENSMUSG00000063821	DUSP29	ENSMFAG00000040257	ortholog_one2one	1	84.6512
Dusp5	ENSMUSG00000034765	DUSP5	ENSMFAG00000002031	ortholog_one2one	1	92.4479
Dusp6	ENSMUSG00000019960	DUSP6	ENSMFAG00000038546	ortholog_one2one	1	98.4252
Dusp7	ENSMUSG00000053716	DUSP7	ENSMFAG00000041079	ortholog_one2one	1	97.3934
Dut	ENSMUSG00000027203	DUT	ENSMFAG00000037325	ortholog_one2many	1	83.9506
Dvl2	ENSMUSG00000020888	DVL2	ENSMFAG00000040838	ortholog_one2one	1	96.7391
Dvl3	ENSMUSG00000003233	DVL3	ENSMFAG00000035356	ortholog_one2one	1	88.8268
Dxo	ENSMUSG00000040482	DXO	ENSMFAG00000042173	ortholog_one2one	1	88.4131
Dydc1	ENSMUSG00000021790	DYDC1	ENSMFAG00000036906	ortholog_one2one	1	69.4915
Dync1i1	ENSMUSG00000029757	DYNC1I1	ENSMFAG00000000094	ortholog_one2one	1	98.0892
Dync1i2	ENSMUSG00000027012	DYNC1I2	ENSMFAG00000046037	ortholog_one2one	1	92.4837
Dync1li1	ENSMUSG00000032435	DYNC1LI1	ENSMFAG00000031574	ortholog_one2one	1	89.4837
Dync1li2	ENSMUSG00000035770	DYNC1LI2	ENSMFAG00000045659	ortholog_one2one	1	96.9512
Dync2h1	ENSMUSG00000047193	DYNC2H1	ENSMFAG00000039001	ortholog_one2one	1	93.2884
Dync2i2	ENSMUSG00000039715	DYNC2I2	ENSMFAG00000042393	ortholog_one2one	1	80.2607
Dynll1	ENSMUSG00000009013	DYNLL1	ENSMFAG00000030961	ortholog_one2one	1	100
Dynll2	ENSMUSG00000020483	DYNLL2	ENSMFAG00000045478	ortholog_one2one	1	100
Dynlrb1	ENSMUSG00000047459	DYNLRB1	ENSMFAG00000033935	ortholog_one2one	1	97.9167
Dynlrb2	ENSMUSG00000034467	DYNLRB2	ENSMFAG00000029001	ortholog_one2one	1	96.875
Dynlt3	ENSMUSG00000031176	DYNLT3	ENSMFAG00000038542	ortholog_one2one	1	83.6207
Dynlt5	ENSMUSG00000028523	DYNLT5	ENSMFAG00000044785	ortholog_one2one	1	67.2316
Dyrk1a	ENSMUSG00000022897	DYRK1A	ENSMFAG00000035589	ortholog_one2one	1	99.0716
Dyrk2	ENSMUSG00000028630	DYRK2	ENSMFAG00000032759	ortholog_one2one	1	97.1619
Dyrk3	ENSMUSG00000016526	DYRK3	ENSMFAG00000041236	ortholog_one2one	1	89.5904
Dyrk4	ENSMUSG00000030345	DYRK4	ENSMFAG00000003032	ortholog_one2one	1	74.2089
Dysf	ENSMUSG00000033788	DYSF	ENSMFAG00000032232	ortholog_one2one	1	92.5202
Dytn	ENSMUSG00000069085	DYTN	ENSMFAG00000044098	ortholog_one2one	1	53.5988
Dzank1	ENSMUSG00000037259	DZANK1	ENSMFAG00000041179	ortholog_one2one	1	75.2525
Dzip1	ENSMUSG00000042156	DZIP1	ENSMFAG00000030556	ortholog_one2one	1	65.9624
Dzip1l	ENSMUSG00000037784	DZIP1L	ENSMFAG00000041691	ortholog_one2one	1	76.9728
Dzip3	ENSMUSG00000064061	DZIP3	ENSMFAG00000046238	ortholog_one2one	1	83.6379
E130308A19Rik	ENSMUSG00000045071	KIAA1958	ENSMFAG00000042169	ortholog_one2one	1	97.067
E130311K13Rik	ENSMUSG00000048581	C3orf33	ENSMFAG00000004239	ortholog_one2one	1	75.1701
E2f1	ENSMUSG00000027490	E2F1	ENSMFAG00000042416	ortholog_one2one	1	85.1163
E2f2	ENSMUSG00000018983	E2F2	ENSMFAG00000032163	ortholog_one2one	1	82.3928
E2f3	ENSMUSG00000016477	E2F3	ENSMFAG00000003628	ortholog_one2one	1	95.4048
E2f5	ENSMUSG00000027552	E2F5	ENSMFAG00000056123	ortholog_one2one	1	87.7612
E2f6	ENSMUSG00000057469	E2F6	ENSMFAG00000044687	ortholog_one2one	1	87.1324
E2f7	ENSMUSG00000020185	E2F7	ENSMFAG00000000355	ortholog_one2one	1	79.646
E2f8	ENSMUSG00000046179	E2F8	ENSMFAG00000046393	ortholog_one2one	1	83.4884
E4f1	ENSMUSG00000024137	E4F1	ENSMFAG00000038250	ortholog_one2one	1	86.3171
Eaf1	ENSMUSG00000021890	EAF1	ENSMFAG00000036590	ortholog_one2one	1	98.1343
Eaf2	ENSMUSG00000022838	EAF2	ENSMFAG00000046362	ortholog_one2one	1	76.3359
Eapp	ENSMUSG00000054302	EAPP	ENSMFAG00000002843	ortholog_one2one	1	87.9004
Ears2	ENSMUSG00000030871	EARS2	ENSMFAG00000045825	ortholog_one2one	1	84.8948
Ebag9	ENSMUSG00000022339	EBAG9	ENSMFAG00000000766	ortholog_one2one	1	96.2441
Ebf1	ENSMUSG00000057098	EBF1	ENSMFAG00000034539	ortholog_one2one	1	100
Ebf2	ENSMUSG00000022053	EBF2	ENSMFAG00000036796	ortholog_one2one	1	99.6522
Ebf3	ENSMUSG00000010476	EBF3	ENSMFAG00000041034	ortholog_one2one	1	100
Ebf4	ENSMUSG00000053552	EBF4	ENSMFAG00000032117	ortholog_one2one	1	88.6477
Ebna1bp2	ENSMUSG00000028729	EBNA1BP2	ENSMFAG00000037826	ortholog_one2one	1	84.9673
Ebp	ENSMUSG00000031168	EBP	ENSMFAG00000037811	ortholog_one2one	1	78.2609
Ecd	ENSMUSG00000021810	ECD	ENSMFAG00000039372	ortholog_one2one	1	78.6271
Ece1	ENSMUSG00000057530	ECE1	ENSMFAG00000043294	ortholog_one2one	1	96.2815
Ece2	ENSMUSG00000022842	ECE2	ENSMFAG00000045351	ortholog_one2one	1	92.1363
Ecel1	ENSMUSG00000026247	ECEL1	ENSMFAG00000034405	ortholog_one2one	1	80.129
Echdc1	ENSMUSG00000019883	ECHDC1	ENSMFAG00000029749	ortholog_one2one	1	82.9431
Echdc2	ENSMUSG00000028601	ECHDC2	ENSMFAG00000042423	ortholog_one2one	1	84.4595
Echdc3	ENSMUSG00000039063	ECHDC3	ENSMFAG00000041388	ortholog_one2one	1	78
Echs1	ENSMUSG00000025465	ECHS1	ENSMFAG00000042550	ortholog_one2one	1	86.5517
Eci1	ENSMUSG00000024132	ECI1	ENSMFAG00000001454	ortholog_one2one	1	68.8581
Eci2	ENSMUSG00000021417	ECI2	ENSMFAG00000039175	ortholog_one2many	1	71.7201
Ecm1	ENSMUSG00000028108	ECM1	ENSMFAG00000040115	ortholog_one2one	1	66.7263
Ecm2	ENSMUSG00000043631	ECM2	ENSMFAG00000034111	ortholog_one2one	1	75.0746
Ecpas	ENSMUSG00000050812	ECPAS	ENSMFAG00000042124	ortholog_one2one	1	95.8696
Ecrg4	ENSMUSG00000026051	ECRG4	ENSMFAG00000036757	ortholog_one2one	1	83.1081
Ecsit	ENSMUSG00000066839	ECSIT	ENSMFAG00000036660	ortholog_one2one	1	74.2529
Ect2	ENSMUSG00000027699	ECT2	ENSMFAG00000041285	ortholog_one2one	1	87.7551
Eda2r	ENSMUSG00000034457	EDA2R	ENSMFAG00000000072	ortholog_one2one	1	79.1246
Edar	ENSMUSG00000003227	EDAR	ENSMFAG00000042084	ortholog_one2one	1	90.8482
Edaradd	ENSMUSG00000095105	EDARADD	ENSMFAG00000038481	ortholog_one2one	1	75.9615
Edc3	ENSMUSG00000038957	EDC3	ENSMFAG00000043074	ortholog_one2one	1	95.8661
Edc4	ENSMUSG00000036270	EDC4	ENSMFAG00000030369	ortholog_one2one	1	95.3058
Eddm3b	ENSMUSG00000072575	EDDM3B	ENSMFAG00000062707	ortholog_one2many	1	52.349
Edem1	ENSMUSG00000030104	EDEM1	ENSMFAG00000038359	ortholog_one2one	1	92.3313
Edem2	ENSMUSG00000038312	EDEM2	ENSMFAG00000002746	ortholog_one2one	1	93.7608
Edem3	ENSMUSG00000043019	EDEM3	ENSMFAG00000032349	ortholog_one2one	1	91.1923
Edil3	ENSMUSG00000034488	EDIL3	ENSMFAG00000039875	ortholog_one2one	1	87.7083
Edn1	ENSMUSG00000021367	EDN1	ENSMFAG00000038328	ortholog_one2one	1	72.2772
Edn2	ENSMUSG00000028635	EDN2	ENSMFAG00000036352	ortholog_one2one	1	69.7143
Ednra	ENSMUSG00000031616	EDNRA	ENSMFAG00000033903	ortholog_one2one	1	92.0375
Ednrb	ENSMUSG00000022122	EDNRB	ENSMFAG00000001921	ortholog_one2one	1	88.6878
Edrf1	ENSMUSG00000039990	EDRF1	ENSMFAG00000003945	ortholog_one2one	1	93.629
Eea1	ENSMUSG00000036499	EEA1	ENSMFAG00000000038	ortholog_one2one	1	84.9752
Eed	ENSMUSG00000030619	EED	ENSMFAG00000045418	ortholog_one2one	1	100
Eef1a1	ENSMUSG00000037742	EEF1A1	ENSMFAG00000045026	ortholog_one2one	1	99.1342
Eef1a2	ENSMUSG00000016349	EEF1A2	ENSMFAG00000041810	ortholog_one2one	1	90.4968
Eef1akmt1	ENSMUSG00000021951	EEF1AKMT1	ENSMFAG00000042073	ortholog_one2one	1	82.243
Eef1akmt3	ENSMUSG00000080115	EEF1AKMT3	ENSMFAG00000040212	ortholog_one2one	1	81.0345
Eef1akmt4	ENSMUSG00000115219	EEF1AKMT4	ENSMFAG00000061218	ortholog_one2one	1	83.1373
Eef1e1	ENSMUSG00000001707	EEF1E1	ENSMFAG00000000745	ortholog_one2one	1	87.3563
Eef1g	ENSMUSG00000071644	EEF1G	ENSMFAG00000007224	ortholog_one2one	1	89.2449
Eef2	ENSMUSG00000034994	EEF2	ENSMFAG00000040276	ortholog_one2one	1	98.8345
Eef2k	ENSMUSG00000035064	EEF2K	ENSMFAG00000003604	ortholog_one2one	1	90.3315
Eefsec	ENSMUSG00000033216	EEFSEC	ENSMFAG00000042128	ortholog_one2one	1	89.8799
Eeig2	ENSMUSG00000040339	EEIG2	ENSMFAG00000039642	ortholog_one2one	1	92.1622
Efcab11	ENSMUSG00000021176	EFCAB11	ENSMFAG00000044369	ortholog_one2one	1	69.7531
Efcab2	ENSMUSG00000026495	EFCAB2	ENSMFAG00000039610	ortholog_one2one	1	66.4634
Efcab5	ENSMUSG00000050944	EFCAB5	ENSMFAG00000015172	ortholog_one2one	1	57.5391
Efcab6	ENSMUSG00000022441	EFCAB6	ENSMFAG00000036892	ortholog_one2one	1	64.5778
Efcab8	ENSMUSG00000044083	EFCAB8	ENSMFAG00000006242	ortholog_one2one	1	58.8057
Efcab9	ENSMUSG00000044056	EFCAB9	ENSMFAG00000043157	ortholog_one2one	1	61.5741
Efcc1	ENSMUSG00000068263	EFCC1	ENSMFAG00000046117	ortholog_one2one	1	73.8351
Efemp1	ENSMUSG00000020467	EFEMP1	ENSMFAG00000044235	ortholog_one2one	1	86.2069
Efemp2	ENSMUSG00000024909	EFEMP2	ENSMFAG00000033077	ortholog_one2one	1	95.4853
Efhb	ENSMUSG00000023931	EFHB	ENSMFAG00000027825	ortholog_one2one	1	67.5264
Efhc1	ENSMUSG00000041809	EFHC1	ENSMFAG00000036082	ortholog_one2one	1	80.8642
Efhd1	ENSMUSG00000026255	EFHD1	ENSMFAG00000053244	ortholog_one2one	1	77.9167
Efna2	ENSMUSG00000003070	EFNA2	ENSMFAG00000036658	ortholog_one2one	1	88.5167
Efna3	ENSMUSG00000028039	EFNA3	ENSMFAG00000042326	ortholog_one2one	1	96.5217
Efna4	ENSMUSG00000028040	EFNA4	ENSMFAG00000042861	ortholog_one2one	1	79.6116
Efnb1	ENSMUSG00000031217	EFNB1	ENSMFAG00000043144	ortholog_one2one	1	87.8261
Efnb3	ENSMUSG00000003934	EFNB3	ENSMFAG00000052831	ortholog_one2one	1	95.2941
Efr3a	ENSMUSG00000015002	EFR3A	ENSMFAG00000041531	ortholog_one2one	1	97.0696
Efr3b	ENSMUSG00000020658	EFR3B	ENSMFAG00000035813	ortholog_one2one	1	97.552
Efs	ENSMUSG00000022203	EFS	ENSMFAG00000037287	ortholog_one2one	1	80.3571
Eftud2	ENSMUSG00000020929	EFTUD2	ENSMFAG00000042655	ortholog_one2one	1	98.0453
Egf	ENSMUSG00000028017	EGF	ENSMFAG00000003730	ortholog_one2one	1	64.3385
Egfl6	ENSMUSG00000000402	EGFL6	ENSMFAG00000041779	ortholog_one2one	1	79.0909
Egfl8	ENSMUSG00000015467	EGFL8	ENSMFAG00000062553	ortholog_one2one	1	79.5222
Egflam	ENSMUSG00000042961	EGFLAM	ENSMFAG00000001590	ortholog_one2one	1	83.449
Egln1	ENSMUSG00000031987	EGLN1	ENSMFAG00000039962	ortholog_one2one	1	64
Egln3	ENSMUSG00000035105	EGLN3	ENSMFAG00000036942	ortholog_one2one	1	96.2343
Egr1	ENSMUSG00000038418	EGR1	ENSMFAG00000027911	ortholog_one2one	1	93.2458
Egr2	ENSMUSG00000037868	EGR2	ENSMFAG00000043070	ortholog_one2one	1	87.4468
Egr3	ENSMUSG00000033730	EGR3	ENSMFAG00000065520	ortholog_one2one	1	97.6744
Egr4	ENSMUSG00000071341	EGR4	ENSMFAG00000051388	ortholog_one2one	1	86.1925
Ehbp1	ENSMUSG00000042302	EHBP1	ENSMFAG00000043351	ortholog_one2one	1	89.277
Ehd1	ENSMUSG00000024772	EHD1	ENSMFAG00000032608	ortholog_one2one	1	96.8165
Ehd2	ENSMUSG00000074364	EHD2	ENSMFAG00000045476	ortholog_one2one	1	96.5009
Ehd3	ENSMUSG00000024065	EHD3	ENSMFAG00000033132	ortholog_one2one	1	96.6355
Ehd4	ENSMUSG00000027293	EHD4	ENSMFAG00000047811	ortholog_one2one	1	97.4122
Ehf	ENSMUSG00000012350	EHF	ENSMFAG00000029447	ortholog_one2one	1	93.6667
Ehhadh	ENSMUSG00000022853	EHHADH	ENSMFAG00000064074	ortholog_one2one	1	78.5515
Ehmt1	ENSMUSG00000036893	EHMT1	ENSMFAG00000030770	ortholog_one2one	1	87.7424
Ehmt2	ENSMUSG00000013787	EHMT2	ENSMFAG00000032125	ortholog_one2one	1	94.7761
Ei24	ENSMUSG00000062762	EI24	ENSMFAG00000042989	ortholog_one2one	1	98.2353
Eif1ad	ENSMUSG00000024841	EIF1AD	ENSMFAG00000038170	ortholog_one2one	1	86.4706
Eif1ax	ENSMUSG00000067194	EIF1AX	ENSMFAG00000060557	ortholog_many2many	1	77.7778
Eif1b	ENSMUSG00000006941	EIF1B	ENSMFAG00000037264	ortholog_one2one	1	100
Eif2a	ENSMUSG00000027810	EIF2A	ENSMFAG00000045972	ortholog_one2one	1	93.2874
Eif2ak1	ENSMUSG00000029613	EIF2AK1	ENSMFAG00000036418	ortholog_one2one	1	82.391
Eif2ak2	ENSMUSG00000024079	EIF2AK2	ENSMFAG00000030576	ortholog_one2one	1	58.4466
Eif2ak3	ENSMUSG00000031668	EIF2AK3	ENSMFAG00000031720	ortholog_one2one	1	87.702
Eif2ak4	ENSMUSG00000005102	EIF2AK4	ENSMFAG00000035646	ortholog_one2one	1	86.4684
Eif2b1	ENSMUSG00000029388	EIF2B1	ENSMFAG00000000483	ortholog_one2one	1	94.0984
Eif2b2	ENSMUSG00000004788	EIF2B2	ENSMFAG00000043749	ortholog_one2one	1	93.4473
Eif2b4	ENSMUSG00000029145	EIF2B4	ENSMFAG00000044359	ortholog_one2one	1	86.2595
Eif2b5	ENSMUSG00000003235	EIF2B5	ENSMFAG00000045589	ortholog_one2one	1	87.7266
Eif2d	ENSMUSG00000026427	EIF2D	ENSMFAG00000033925	ortholog_one2one	1	79.6491
Eif2s1	ENSMUSG00000021116	EIF2S1	ENSMFAG00000058639	ortholog_one2one	1	98.7302
Eif2s2	ENSMUSG00000074656	EIF2S2	ENSMFAG00000037155	ortholog_one2one	1	95.1662
Eif3a	ENSMUSG00000024991	EIF3A	ENSMFAG00000032082	ortholog_one2one	1	95.8333
Eif3b	ENSMUSG00000056076	EIF3B	ENSMFAG00000046100	ortholog_one2one	1	88.2939
Eif3c	ENSMUSG00000030738	EIF3C	ENSMFAG00000041930	ortholog_one2one	1	94.292
Eif3d	ENSMUSG00000016554	EIF3D	ENSMFAG00000000481	ortholog_one2one	1	98.9051
Eif3e	ENSMUSG00000022336	EIF3E	ENSMFAG00000035456	ortholog_one2one	1	100
Eif3f	ENSMUSG00000031029	EIF3F	ENSMFAG00000042607	ortholog_one2one	1	90.5817
Eif3g	ENSMUSG00000070319	EIF3G	ENSMFAG00000003465	ortholog_one2one	1	98.4375
Eif3h	ENSMUSG00000022312	EIF3H	ENSMFAG00000004699	ortholog_one2one	1	96.875
Eif3i	ENSMUSG00000028798	EIF3I	ENSMFAG00000043566	ortholog_one2one	1	98.7692
Eif3j1	ENSMUSG00000027236	EIF3J	ENSMFAG00000031049	ortholog_one2many	1	95.7854
Eif3k	ENSMUSG00000053565	EIF3K	ENSMFAG00000033962	ortholog_one2one	1	95.4128
Eif3l	ENSMUSG00000033047	EIF3L	ENSMFAG00000040574	ortholog_one2one	1	96.0993
Eif3m	ENSMUSG00000027170	EIF3M	ENSMFAG00000040767	ortholog_one2one	1	99.4652
Eif4a3	ENSMUSG00000025580	EIF4A3	ENSMFAG00000043778	ortholog_one2many	1	97.3236
Eif4e	ENSMUSG00000028156	EIF4E	ENSMFAG00000041112	ortholog_one2one	1	95.8525
Eif4e1b	ENSMUSG00000074895	EIF4E1B	ENSMFAG00000031726	ortholog_one2one	1	68.0328
Eif4e2	ENSMUSG00000026254	EIF4E2	ENSMFAG00000002558	ortholog_one2one	1	93.8596
Eif4ebp2	ENSMUSG00000020091	EIF4EBP2	ENSMFAG00000000143	ortholog_one2many	1	95
Eif4enif1	ENSMUSG00000020454	EIF4ENIF1	ENSMFAG00000037813	ortholog_one2one	1	90.3357
Eif4g1	ENSMUSG00000045983	EIF4G1	ENSMFAG00000034331	ortholog_one2one	1	92.0326
Eif4g2	ENSMUSG00000005610	EIF4G2	ENSMFAG00000036500	ortholog_one2one	1	99.0066
Eif4g3	ENSMUSG00000028760	EIF4G3	ENSMFAG00000033446	ortholog_one2one	1	73.617
Eif4h	ENSMUSG00000040731	EIF4H	ENSMFAG00000031975	ortholog_one2many	1	98.6842
Eif5	ENSMUSG00000021282	EIF5	ENSMFAG00000033053	ortholog_one2one	1	98.3683
Eif5a2	ENSMUSG00000050192	EIF5A2	ENSMFAG00000032595	ortholog_one2many	1	100
Eif5b	ENSMUSG00000026083	EIF5B	ENSMFAG00000038108	ortholog_one2one	1	89.3914
Eif6	ENSMUSG00000027613	EIF6	ENSMFAG00000031657	ortholog_one2one	1	75.9184
Eipr1	ENSMUSG00000036613	EIPR1	ENSMFAG00000045352	ortholog_one2one	1	76.943
Elac1	ENSMUSG00000036941	ELAC1	ENSMFAG00000004789	ortholog_one2one	1	91.7127
Elac2	ENSMUSG00000020549	ELAC2	ENSMFAG00000041840	ortholog_one2one	1	83.9806
Elapor2	ENSMUSG00000056004	ELAPOR2	ENSMFAG00000032184	ortholog_one2one	1	86.0895
Elavl1	ENSMUSG00000040028	ELAVL1	ENSMFAG00000040787	ortholog_one2one	1	98.4663
Elavl2	ENSMUSG00000008489	ELAVL2	ENSMFAG00000039694	ortholog_one2one	1	99.7215
Elavl3	ENSMUSG00000003410	ELAVL3	ENSMFAG00000003692	ortholog_one2one	1	99.455
Elavl4	ENSMUSG00000028546	ELAVL4	ENSMFAG00000039866	ortholog_one2one	1	95.5263
Elf2	ENSMUSG00000037174	ELF2	ENSMFAG00000042627	ortholog_one2one	1	90.7869
Elf3	ENSMUSG00000003051	ELF3	ENSMFAG00000037333	ortholog_one2one	1	86.7924
Elf4	ENSMUSG00000031103	ELF4	ENSMFAG00000000961	ortholog_one2one	1	77.8626
Elf5	ENSMUSG00000027186	ELF5	ENSMFAG00000046400	ortholog_one2one	1	95.2569
Elfn2	ENSMUSG00000043460	ELFN2	ENSMFAG00000026860	ortholog_one2one	1	93.8032
Elk1	ENSMUSG00000009406	ELK1	ENSMFAG00000039945	ortholog_one2one	1	85.7809
Elk3	ENSMUSG00000008398	ELK3	ENSMFAG00000044277	ortholog_one2one	1	78.9731
Elk4	ENSMUSG00000026436	ELK4	ENSMFAG00000033410	ortholog_one2one	1	87.4419
Ell	ENSMUSG00000070002	ELL	ENSMFAG00000044774	ortholog_one2one	1	84.0532
Ell3	ENSMUSG00000027246	ELL3	ENSMFAG00000043418	ortholog_one2one	1	77.9747
Elmo1	ENSMUSG00000041112	ELMO1	ENSMFAG00000002088	ortholog_one2one	1	99.0371
Elmo2	ENSMUSG00000017670	ELMO2	ENSMFAG00000042943	ortholog_one2one	1	98.8889
Elmo3	ENSMUSG00000014791	ELMO3	ENSMFAG00000038390	ortholog_one2one	1	78.3333
Elmod2	ENSMUSG00000035151	ELMOD2	ENSMFAG00000046408	ortholog_one2one	1	62.7986
Elmod3	ENSMUSG00000056698	ELMOD3	ENSMFAG00000032988	ortholog_one2one	1	80.315
Eln	ENSMUSG00000029675	ELN	ENSMFAG00000046693	ortholog_one2one	1	66.6279
Eloa	ENSMUSG00000028668	ELOA	ENSMFAG00000032306	ortholog_one2one	1	80.8538
Elob	ENSMUSG00000055839	ELOB	ENSMFAG00000024597	ortholog_one2one	1	97.4576
Eloc	ENSMUSG00000079658	ELOC	ENSMFAG00000038428	ortholog_one2one	1	100
Elovl2	ENSMUSG00000021364	ELOVL2	ENSMFAG00000041046	ortholog_one2one	1	89.3836
Elovl3	ENSMUSG00000038754	ELOVL3	ENSMFAG00000036362	ortholog_one2one	1	67.8967
Elovl4	ENSMUSG00000032262	ELOVL4	ENSMFAG00000036147	ortholog_one2one	1	92.6282
Elovl6	ENSMUSG00000041220	ELOVL6	ENSMFAG00000064437	ortholog_one2one	1	95.5056
Elovl7	ENSMUSG00000021696	ELOVL7	ENSMFAG00000037893	ortholog_one2one	1	87.9004
Elp1	ENSMUSG00000028431	ELP1	ENSMFAG00000043210	ortholog_one2one	1	81.0953
Elp2	ENSMUSG00000024271	ELP2	ENSMFAG00000001408	ortholog_one2one	1	77.858
Elp3	ENSMUSG00000022031	ELP3	ENSMFAG00000000785	ortholog_one2one	1	93.2358
Elp4	ENSMUSG00000027167	ELP4	ENSMFAG00000001333	ortholog_one2one	1	70.6161
Elp5	ENSMUSG00000018565	ELP5	ENSMFAG00000038563	ortholog_one2one	1	75.6667
Elp6	ENSMUSG00000054836	ELP6	ENSMFAG00000042895	ortholog_one2one	1	80.8271
Emb	ENSMUSG00000021728	EMB	ENSMFAG00000003525	ortholog_one2one	1	63.3333
Emc1	ENSMUSG00000078517	EMC1	ENSMFAG00000000226	ortholog_one2one	1	91.0463
Emc10	ENSMUSG00000008140	EMC10	ENSMFAG00000000496	ortholog_one2one	1	83.209
Emc2	ENSMUSG00000022337	EMC2	ENSMFAG00000045969	ortholog_one2one	1	96.9697
Emc3	ENSMUSG00000030286	EMC3	ENSMFAG00000001896	ortholog_one2one	1	99.6169
Emc4	ENSMUSG00000027131	EMC4	ENSMFAG00000038451	ortholog_one2one	1	84.6995
Emc6	ENSMUSG00000047260	EMC6	ENSMFAG00000056015	ortholog_one2one	1	100
Emc7	ENSMUSG00000055943	EMC7	ENSMFAG00000038054	ortholog_one2one	1	96.2656
Eme1	ENSMUSG00000039055	EME1	ENSMFAG00000040987	ortholog_one2one	1	69.2982
Emg1	ENSMUSG00000004268	EMG1	ENSMFAG00000037142	ortholog_one2one	1	89.3443
Emid1	ENSMUSG00000034164	EMID1	ENSMFAG00000028913	ortholog_one2one	1	58.7838
Emilin1	ENSMUSG00000029163	EMILIN1	ENSMFAG00000029007	ortholog_one2one	1	87.119
Emilin2	ENSMUSG00000024053	EMILIN2	ENSMFAG00000037105	ortholog_one2one	1	60.0559
Emilin3	ENSMUSG00000050700	EMILIN3	ENSMFAG00000045816	ortholog_one2one	1	82.5858
Eml1	ENSMUSG00000058070	EML1	ENSMFAG00000043375	ortholog_one2one	1	96.4373
Eml2	ENSMUSG00000040811	EML2	ENSMFAG00000001217	ortholog_one2one	1	88.7519
Eml3	ENSMUSG00000071647	EML3	ENSMFAG00000037614	ortholog_one2one	1	90.7469
Eml4	ENSMUSG00000032624	EML4	ENSMFAG00000043115	ortholog_one2one	1	88.4615
Eml5	ENSMUSG00000051166	EML5	ENSMFAG00000034011	ortholog_one2one	1	95.4476
Eml6	ENSMUSG00000044072	EML6	ENSMFAG00000044453	ortholog_one2one	1	96.8846
Emsy	ENSMUSG00000035401	EMSY	ENSMFAG00000041695	ortholog_one2one	1	95.174
Emx2	ENSMUSG00000043969	EMX2	ENSMFAG00000062794	ortholog_one2one	1	99.2095
En1	ENSMUSG00000058665	EN1	ENSMFAG00000039390	ortholog_one2one	1	91.5212
En2	ENSMUSG00000039095	EN2	ENSMFAG00000049184	ortholog_one2one	1	87.6543
Enah	ENSMUSG00000022995	ENAH	ENSMFAG00000019058	ortholog_one2one	1	90.7006
Enam	ENSMUSG00000029286	ENAM	ENSMFAG00000030956	ortholog_one2one	1	51.3714
Enc1	ENSMUSG00000041773	ENC1	ENSMFAG00000030568	ortholog_one2one	1	99.4907
Endod1	ENSMUSG00000037419	ENDOD1	ENSMFAG00000055848	ortholog_one2one	1	76.8463
Endou	ENSMUSG00000022468	ENDOU	ENSMFAG00000045723	ortholog_one2one	1	81.068
Endov	ENSMUSG00000039850	ENDOV	ENSMFAG00000044601	ortholog_one2one	1	59.1716
Eng	ENSMUSG00000026814	ENG	ENSMFAG00000034473	ortholog_one2one	1	66.9219
Engase	ENSMUSG00000033857	ENGASE	ENSMFAG00000002759	ortholog_one2one	1	78.8828
Enkd1	ENSMUSG00000013155	ENKD1	ENSMFAG00000031412	ortholog_one2one	1	82.659
Enkur	ENSMUSG00000026679	ENKUR	ENSMFAG00000003027	ortholog_one2one	1	82.3529
Eno2	ENSMUSG00000004267	ENO2	ENSMFAG00000003928	ortholog_one2one	1	98.3871
Eno4	ENSMUSG00000048029	ENO4	ENSMFAG00000038492	ortholog_one2one	1	72.9773
Enoph1	ENSMUSG00000029326	ENOPH1	ENSMFAG00000062369	ortholog_one2many	1	94.1634
Enox1	ENSMUSG00000022012	ENOX1	ENSMFAG00000025611	ortholog_one2one	1	97.6672
Enox2	ENSMUSG00000031109	ENOX2	ENSMFAG00000003196	ortholog_one2one	1	94.3299
Enpep	ENSMUSG00000028024	ENPEP	ENSMFAG00000043564	ortholog_one2one	1	78.6243
Enpp1	ENSMUSG00000037370	ENPP1	ENSMFAG00000036178	ortholog_one2one	1	80.442
Enpp2	ENSMUSG00000022425	ENPP2	ENSMFAG00000002827	ortholog_one2one	1	94.1995
Enpp3	ENSMUSG00000019989	ENPP3	ENSMFAG00000040950	ortholog_one2one	1	80.5492
Enpp4	ENSMUSG00000023961	ENPP4	ENSMFAG00000044542	ortholog_one2one	1	82.4561
Enpp5	ENSMUSG00000023960	ENPP5	ENSMFAG00000035447	ortholog_one2one	1	80.7128
Enpp6	ENSMUSG00000038173	ENPP6	ENSMFAG00000038701	ortholog_one2one	1	81.1364
Enpp7	ENSMUSG00000046697	ENPP7	ENSMFAG00000001566	ortholog_one2one	1	79.7267
Ensa	ENSMUSG00000038619	ENSA	ENSMFAG00000001523	ortholog_one2one	1	86.3248
Enthd1	ENSMUSG00000050439	ENTHD1	ENSMFAG00000040666	ortholog_one2one	1	54.5307
Entpd2	ENSMUSG00000015085	ENTPD2	ENSMFAG00000043619	ortholog_one2one	1	83.2323
Entpd3	ENSMUSG00000041608	ENTPD3	ENSMFAG00000004057	ortholog_one2one	1	81.8526
Entpd5	ENSMUSG00000021236	ENTPD5	ENSMFAG00000001083	ortholog_one2one	1	87.5878
Entpd6	ENSMUSG00000033068	ENTPD6	ENSMFAG00000000133	ortholog_one2one	1	88.5714
Entpd7	ENSMUSG00000025192	ENTPD7	ENSMFAG00000038377	ortholog_one2one	1	92.4092
Entpd8	ENSMUSG00000036813	ENTPD8	ENSMFAG00000002502	ortholog_one2one	1	73.6419
Entr1	ENSMUSG00000026927	ENTR1	ENSMFAG00000040249	ortholog_one2one	1	73.5376
Entrep1	ENSMUSG00000071604	ENTREP1	ENSMFAG00000032849	ortholog_one2one	1	73.4899
Eny2	ENSMUSG00000022338	ENY2	ENSMFAG00000044548	ortholog_one2one	1	100
Eogt	ENSMUSG00000035245	EOGT	ENSMFAG00000041998	ortholog_one2one	1	86.907
Ep300	ENSMUSG00000055024	EP300	ENSMFAG00000039593	ortholog_one2one	1	94.1542
Epas1	ENSMUSG00000024140	EPAS1	ENSMFAG00000004035	ortholog_one2one	1	87.2998
Epb41	ENSMUSG00000028906	EPB41	ENSMFAG00000046344	ortholog_one2one	1	88.4103
Epb41l1	ENSMUSG00000027624	EPB41L1	ENSMFAG00000039873	ortholog_one2one	1	75.2201
Epb41l2	ENSMUSG00000019978	EPB41L2	ENSMFAG00000025691	ortholog_one2one	1	83.7045
Epb41l3	ENSMUSG00000024044	EPB41L3	ENSMFAG00000032905	ortholog_one2one	1	61.5385
Epb41l4a	ENSMUSG00000024376	EPB41L4A	ENSMFAG00000000281	ortholog_one2one	1	93.7318
Epb41l4b	ENSMUSG00000028434	EPB41L4B	ENSMFAG00000039720	ortholog_one2one	1	84.4271
Epb41l5	ENSMUSG00000026383	EPB41L5	ENSMFAG00000000388	ortholog_one2one	1	74.6922
Epb42	ENSMUSG00000023216	EPB42	ENSMFAG00000043159	ortholog_one2one	1	73.0825
Epc2	ENSMUSG00000069495	EPC2	ENSMFAG00000002751	ortholog_one2one	1	97.0297
Epcam	ENSMUSG00000045394	EPCAM	ENSMFAG00000003661	ortholog_one2one	1	71.746
Epcip	ENSMUSG00000039851	EPCIP	ENSMFAG00000036953	ortholog_one2one	1	65.6522
Epdr1	ENSMUSG00000002808	EPDR1	ENSMFAG00000001101	ortholog_one2one	1	79.9107
Epg5	ENSMUSG00000039840	EPG5	ENSMFAG00000042030	ortholog_one2one	1	84.1369
Epgn	ENSMUSG00000035020	EPGN	ENSMFAG00000033022	ortholog_one2one	1	77.6316
Epha1	ENSMUSG00000029859	EPHA1	ENSMFAG00000035468	ortholog_one2one	1	87.5128
Epha2	ENSMUSG00000006445	EPHA2	ENSMFAG00000045141	ortholog_one2one	1	91.607
Epha3	ENSMUSG00000052504	EPHA3	ENSMFAG00000031166	ortholog_one2one	1	96.2398
Epha4	ENSMUSG00000026235	EPHA4	ENSMFAG00000037109	ortholog_one2one	1	98.6815
Epha5	ENSMUSG00000029245	EPHA5	ENSMFAG00000002837	ortholog_one2one	1	96.8384
Epha6	ENSMUSG00000055540	EPHA6	ENSMFAG00000000192	ortholog_one2one	1	95.3097
Epha7	ENSMUSG00000028289	EPHA7	ENSMFAG00000033589	ortholog_one2one	1	98.1964
Epha8	ENSMUSG00000028661	EPHA8	ENSMFAG00000037600	ortholog_one2one	1	73.1076
Ephb1	ENSMUSG00000032537	EPHB1	ENSMFAG00000002358	ortholog_one2one	1	99.187
Ephb2	ENSMUSG00000028664	EPHB2	ENSMFAG00000003479	ortholog_one2one	1	99.3915
Ephb3	ENSMUSG00000005958	EPHB3	ENSMFAG00000037014	ortholog_one2one	1	96.6767
Ephb4	ENSMUSG00000029710	EPHB4	ENSMFAG00000035528	ortholog_one2one	1	93.1104
Ephx2	ENSMUSG00000022040	EPHX2	ENSMFAG00000036427	ortholog_one2one	1	73.1047
Ephx4	ENSMUSG00000033805	EPHX4	ENSMFAG00000035355	ortholog_one2one	1	88.0223
Epm2aip1	ENSMUSG00000046785	EPM2AIP1	ENSMFAG00000025920	ortholog_one2one	1	90.099
Epn2	ENSMUSG00000001036	EPN2	ENSMFAG00000046054	ortholog_one2one	1	88.1647
Epn3	ENSMUSG00000010080	EPN3	ENSMFAG00000044525	ortholog_one2one	1	85.8491
Epo	ENSMUSG00000029711	EPO	ENSMFAG00000044414	ortholog_one2one	1	78.6458
Epor	ENSMUSG00000006235	EPOR	ENSMFAG00000038076	ortholog_one2one	1	81.4596
Eprs1	ENSMUSG00000026615	EPRS1	ENSMFAG00000041902	ortholog_one2one	1	89.0212
Eps8	ENSMUSG00000015766	EPS8	ENSMFAG00000001399	ortholog_one2one	1	88.4287
Eps8l1	ENSMUSG00000006154	EPS8L1	ENSMFAG00000000977	ortholog_one2one	1	52.2193
Eps8l2	ENSMUSG00000025504	EPS8L2	ENSMFAG00000043728	ortholog_one2one	1	81.4815
Eps8l3	ENSMUSG00000040600	EPS8L3	ENSMFAG00000041246	ortholog_one2one	1	72.5
Epsti1	ENSMUSG00000022014	EPSTI1	ENSMFAG00000040540	ortholog_one2one	1	67.5159
Epx	ENSMUSG00000052234	EPX	ENSMFAG00000045806	ortholog_one2one	1	89.5251
Epyc	ENSMUSG00000019936	EPYC	ENSMFAG00000033919	ortholog_one2one	1	81.0559
Eral1	ENSMUSG00000020832	ERAL1	ENSMFAG00000000501	ortholog_one2one	1	77.5744
Eras	ENSMUSG00000031160	ERAS	ENSMFAG00000018924	ortholog_one2one	1	75.7709
Erbb2	ENSMUSG00000062312	ERBB2	ENSMFAG00000041598	ortholog_one2one	1	86.1465
Erbb3	ENSMUSG00000018166	ERBB3	ENSMFAG00000040171	ortholog_one2one	1	90.59
Erbb4	ENSMUSG00000062209	ERBB4	ENSMFAG00000042352	ortholog_one2one	1	97.5232
Erbin	ENSMUSG00000021709	ERBIN	ENSMFAG00000032301	ortholog_one2one	1	84.1857
Erc1	ENSMUSG00000030172	ERC1	ENSMFAG00000032999	ortholog_one2one	1	69.3934
Erc2	ENSMUSG00000040640	ERC2	ENSMFAG00000043152	ortholog_one2one	1	98.6359
Ercc1	ENSMUSG00000003549	ERCC1	ENSMFAG00000001814	ortholog_one2one	1	82.2148
Ercc2	ENSMUSG00000030400	ERCC2	ENSMFAG00000037898	ortholog_one2one	1	90.2632
Ercc3	ENSMUSG00000024382	ERCC3	ENSMFAG00000003370	ortholog_one2one	1	96.0409
Ercc4	ENSMUSG00000022545	ERCC4	ENSMFAG00000043059	ortholog_one2one	1	86.1505
Ercc6	ENSMUSG00000054051	ERCC6	ENSMFAG00000035553	ortholog_one2one	1	79.1357
Ercc6l	ENSMUSG00000051220	ERCC6L	ENSMFAG00000045509	ortholog_one2one	1	65.5645
Ercc8	ENSMUSG00000021694	ERCC8	ENSMFAG00000037556	ortholog_one2one	1	89.4207
Ereg	ENSMUSG00000029377	EREG	ENSMFAG00000052508	ortholog_one2one	1	80.8642
Erf	ENSMUSG00000040857	ERF	ENSMFAG00000035885	ortholog_one2one	1	76.0436
Erfe	ENSMUSG00000047443	ERFE	ENSMFAG00000003420	ortholog_one2one	1	60.5882
Erg	ENSMUSG00000040732	ERG	ENSMFAG00000031991	ortholog_one2one	1	96.4509
Erg28	ENSMUSG00000021252	ERG28	ENSMFAG00000000605	ortholog_one2one	1	98.5714
Ergic2	ENSMUSG00000030304	ERGIC2	ENSMFAG00000041736	ortholog_one2one	1	94.9602
Ergic3	ENSMUSG00000005881	ERGIC3	ENSMFAG00000037850	ortholog_one2one	1	98.1723
Erh	ENSMUSG00000021131	ERH	ENSMFAG00000042874	ortholog_one2many	1	100
Eri1	ENSMUSG00000031527	ERI1	ENSMFAG00000032602	ortholog_one2one	1	84.058
Eri2	ENSMUSG00000030929	ERI2	ENSMFAG00000033081	ortholog_one2one	1	61.6279
Eri3	ENSMUSG00000033423	ERI3	ENSMFAG00000044436	ortholog_one2one	1	90.8012
Erich5	ENSMUSG00000044726	ERICH5	ENSMFAG00000002519	ortholog_one2one	1	51.9337
Erich6	ENSMUSG00000070471	ERICH6	ENSMFAG00000032044	ortholog_one2one	1	51.1921
Erlec1	ENSMUSG00000020311	ERLEC1	ENSMFAG00000032604	ortholog_one2one	1	95.6522
Erlin1	ENSMUSG00000025198	ERLIN1	ENSMFAG00000042046	ortholog_one2one	1	95.4023
Ermap	ENSMUSG00000028644	ERMAP	ENSMFAG00000025183	ortholog_one2one	1	59.4595
Ermard	ENSMUSG00000036552	ERMARD	ENSMFAG00000040535	ortholog_one2many	1	70.0965
Ermn	ENSMUSG00000026830	ERMN	ENSMFAG00000045944	ortholog_one2one	1	61.5658
Ermp1	ENSMUSG00000046324	ERMP1	ENSMFAG00000008006	ortholog_one2one	1	85.9688
Ern1	ENSMUSG00000020715	ERN1	ENSMFAG00000040147	ortholog_one2one	1	92.4258
Ern2	ENSMUSG00000030866	ERN2	ENSMFAG00000038350	ortholog_one2one	1	81.888
Ero1a	ENSMUSG00000021831	ERO1A	ENSMFAG00000000867	ortholog_one2one	1	92.6724
Ero1b	ENSMUSG00000057069	ERO1B	ENSMFAG00000045389	ortholog_one2one	1	94.4325
Erp27	ENSMUSG00000030219	ERP27	ENSMFAG00000000450	ortholog_one2one	1	62.1324
Erp44	ENSMUSG00000028343	ERP44	ENSMFAG00000036437	ortholog_one2one	1	93.1034
Errfi1	ENSMUSG00000028967	ERRFI1	ENSMFAG00000044602	ortholog_one2one	1	82.2126
Esam	ENSMUSG00000001946	ESAM	ENSMFAG00000000739	ortholog_one2one	1	70.3046
Esco1	ENSMUSG00000024293	ESCO1	ENSMFAG00000037398	ortholog_one2one	1	73.9027
Esco2	ENSMUSG00000022034	ESCO2	ENSMFAG00000044655	ortholog_one2one	1	69.9324
Esd	ENSMUSG00000021996	ESD	ENSMFAG00000035557	ortholog_one2one	1	83.3333
Esf1	ENSMUSG00000045624	ESF1	ENSMFAG00000036841	ortholog_one2one	1	81.5385
Esm1	ENSMUSG00000042379	ESM1	ENSMFAG00000045186	ortholog_one2one	1	73.913
Espl1	ENSMUSG00000058290	ESPL1	ENSMFAG00000031428	ortholog_one2one	1	77.8093
Esr1	ENSMUSG00000019768	ESR1	ENSMFAG00000033966	ortholog_one2one	1	89.6494
Esr2	ENSMUSG00000021055	ESR2	ENSMFAG00000036698	ortholog_one2one	1	85.6102
Esrp1	ENSMUSG00000040728	ESRP1	ENSMFAG00000031577	ortholog_one2one	1	97.21
Esrp2	ENSMUSG00000084128	ESRP2	ENSMFAG00000002813	ortholog_one2one	1	81.1715
Esrra	ENSMUSG00000024955	ESRRA	ENSMFAG00000035878	ortholog_one2one	1	98.1043
Esrrb	ENSMUSG00000021255	ESRRB	ENSMFAG00000000926	ortholog_one2one	1	93.3921
Esrrg	ENSMUSG00000026610	ESRRG	ENSMFAG00000004706	ortholog_one2one	1	96.2882
Esyt1	ENSMUSG00000025366	ESYT1	ENSMFAG00000035482	ortholog_one2one	1	88.7363
Esyt2	ENSMUSG00000021171	ESYT2	ENSMFAG00000033330	ortholog_one2one	1	85.0888
Esyt3	ENSMUSG00000037681	ESYT3	ENSMFAG00000038263	ortholog_one2one	1	79.0123
Etaa1	ENSMUSG00000016984	ETAA1	ENSMFAG00000039723	ortholog_one2one	1	54.0479
Etf1	ENSMUSG00000024360	ETF1	ENSMFAG00000039900	ortholog_one2one	1	100
Etfa	ENSMUSG00000032314	ETFA	ENSMFAG00000018597	ortholog_one2one	1	91.8919
Etfbkmt	ENSMUSG00000039958	ETFBKMT	ENSMFAG00000039974	ortholog_one2one	1	78.4314
Etfdh	ENSMUSG00000027809	ETFDH	ENSMFAG00000014894	ortholog_one2one	1	92.2078
Etfrf1	ENSMUSG00000040370	ETFRF1	ENSMFAG00000041072	ortholog_one2one	1	90.6977
Etl4	ENSMUSG00000036617	KIAA1217	ENSMFAG00000030609	ortholog_one2one	1	80.9524
Etnk1	ENSMUSG00000030275	ETNK1	ENSMFAG00000056470	ortholog_one2one	1	94.2149
Etnk2	ENSMUSG00000070644	ETNK2	ENSMFAG00000000571	ortholog_one2one	1	73.5065
Ets1	ENSMUSG00000032035	ETS1	ENSMFAG00000002137	ortholog_one2one	1	79.3194
Ets2	ENSMUSG00000022895	ETS2	ENSMFAG00000055774	ortholog_one2one	1	91.0256
Etv1	ENSMUSG00000004151	ETV1	ENSMFAG00000032001	ortholog_one2one	1	95.8071
Etv2	ENSMUSG00000006311	ETV2	ENSMFAG00000042076	ortholog_one2one	1	67.1642
Etv3	ENSMUSG00000003382	ETV3	ENSMFAG00000001609	ortholog_one2one	1	84.9902
Etv3l	ENSMUSG00000118505	ETV3L	ENSMFAG00000036344	ortholog_one2one	1	64.3258
Etv4	ENSMUSG00000017724	ETV4	ENSMFAG00000042484	ortholog_one2one	1	92.1811
Eva1a	ENSMUSG00000035104	EVA1A	ENSMFAG00000021015	ortholog_one2one	1	84.6154
Eva1b	ENSMUSG00000050212	EVA1B	ENSMFAG00000053220	ortholog_one2one	1	89.6341
Eva1c	ENSMUSG00000039903	EVA1C	ENSMFAG00000034125	ortholog_one2one	1	85.9091
Evc	ENSMUSG00000029122	EVC	ENSMFAG00000035895	ortholog_one2one	1	63.8806
Evc2	ENSMUSG00000050248	EVC2	ENSMFAG00000037744	ortholog_one2one	1	69.3443
Evi2a	ENSMUSG00000078771	EVI2A	ENSMFAG00000003552	ortholog_one2one	1	65.0224
Evi2b	ENSMUSG00000093938	EVI2B	ENSMFAG00000053252	ortholog_one2one	1	55.6306
Evi5l	ENSMUSG00000011832	EVI5L	ENSMFAG00000045931	ortholog_one2one	1	97.2772
Evl	ENSMUSG00000021262	EVL	ENSMFAG00000001300	ortholog_one2one	1	74.6867
Evpl	ENSMUSG00000034282	EVPL	ENSMFAG00000039301	ortholog_one2one	1	78.5749
Evx1	ENSMUSG00000005503	EVX1	ENSMFAG00000056940	ortholog_one2one	1	91.8269
Ewsr1	ENSMUSG00000009079	EWSR1	ENSMFAG00000038861	ortholog_one2one	1	92.9722
Exd1	ENSMUSG00000048647	EXD1	ENSMFAG00000034670	ortholog_one2one	1	65.7895
Exd2	ENSMUSG00000032705	EXD2	ENSMFAG00000041413	ortholog_one2one	1	81.3846
Exo1	ENSMUSG00000039748	EXO1	ENSMFAG00000023098	ortholog_one2one	1	68.4588
Exo5	ENSMUSG00000028629	EXO5	ENSMFAG00000008984	ortholog_one2one	1	84.7185
Exoc1	ENSMUSG00000036435	EXOC1	ENSMFAG00000040087	ortholog_one2one	1	96.8146
Exoc1l	ENSMUSG00000091204	EXOC1L	ENSMFAG00000056471	ortholog_one2one	1	75.5814
Exoc2	ENSMUSG00000021357	EXOC2	ENSMFAG00000045215	ortholog_one2one	1	93.29
Exoc3	ENSMUSG00000034152	EXOC3	ENSMFAG00000029713	ortholog_one2one	1	94.702
Exoc3l	ENSMUSG00000043251	EXOC3L1	ENSMFAG00000002581	ortholog_one2one	1	79.7023
Exoc3l4	ENSMUSG00000021280	EXOC3L4	ENSMFAG00000002426	ortholog_one2one	1	64.0777
Exoc5	ENSMUSG00000061244	EXOC5	ENSMFAG00000037256	ortholog_one2one	1	98.5876
Exoc6	ENSMUSG00000053799	EXOC6	ENSMFAG00000000962	ortholog_one2one	1	91.4586
Exoc7	ENSMUSG00000020792	EXOC7	ENSMFAG00000000583	ortholog_one2one	1	96.1715
Exoc8	ENSMUSG00000074030	EXOC8	ENSMFAG00000039846	ortholog_one2one	1	94.1341
Exog	ENSMUSG00000042787	EXOG	ENSMFAG00000040794	ortholog_one2one	1	83.1522
Exosc1	ENSMUSG00000034321	EXOSC1	ENSMFAG00000001493	ortholog_one2one	1	95.8974
Exosc10	ENSMUSG00000017264	EXOSC10	ENSMFAG00000038874	ortholog_one2one	1	81.1725
Exosc2	ENSMUSG00000039356	EXOSC2	ENSMFAG00000000597	ortholog_one2one	1	94.198
Exosc3	ENSMUSG00000028322	EXOSC3	ENSMFAG00000001758	ortholog_one2one	1	87.9562
Exosc5	ENSMUSG00000061286	EXOSC5	ENSMFAG00000045851	ortholog_one2one	1	89.3617
Exosc7	ENSMUSG00000025785	EXOSC7	ENSMFAG00000038326	ortholog_one2one	1	96.2199
Exosc8	ENSMUSG00000027752	EXOSC8	ENSMFAG00000027794	ortholog_one2one	1	90.942
Exosc9	ENSMUSG00000027714	EXOSC9	ENSMFAG00000038292	ortholog_one2one	1	93.1507
Exph5	ENSMUSG00000034584	EXPH5	ENSMFAG00000018860	ortholog_one2one	1	58.1633
Ext2	ENSMUSG00000027198	EXT2	ENSMFAG00000043519	ortholog_one2one	1	95.1254
Extl1	ENSMUSG00000028838	EXTL1	ENSMFAG00000031631	ortholog_one2one	1	75.3363
Extl2	ENSMUSG00000027963	EXTL2	ENSMFAG00000001251	ortholog_one2one	1	86.9697
Extl3	ENSMUSG00000021978	EXTL3	ENSMFAG00000045572	ortholog_one2one	1	97.7149
Eya1	ENSMUSG00000025932	EYA1	ENSMFAG00000030151	ortholog_one2one	1	96.7905
Eya2	ENSMUSG00000017897	EYA2	ENSMFAG00000039522	ortholog_one2one	1	78.9474
Eya3	ENSMUSG00000028886	EYA3	ENSMFAG00000045224	ortholog_one2one	1	84.4106
Eya4	ENSMUSG00000010461	EYA4	ENSMFAG00000037522	ortholog_one2one	1	92.6948
Ezh1	ENSMUSG00000006920	EZH1	ENSMFAG00000032160	ortholog_one2one	1	97.3333
Ezh2	ENSMUSG00000029687	EZH2	ENSMFAG00000040192	ortholog_one2one	1	98.3914
F10	ENSMUSG00000031444	F10	ENSMFAG00000043700	ortholog_one2one	1	73.0223
F11	ENSMUSG00000031645	F11	ENSMFAG00000041711	ortholog_one2one	1	76.9231
F12	ENSMUSG00000021492	F12	ENSMFAG00000032594	ortholog_one2one	1	70.5193
F13a1	ENSMUSG00000039109	F13A1	ENSMFAG00000001306	ortholog_one2one	1	87.2951
F13b	ENSMUSG00000026368	F13B	ENSMFAG00000038280	ortholog_one2one	1	76.0837
F2	ENSMUSG00000027249	F2	ENSMFAG00000031977	ortholog_one2one	1	80.5825
F2r	ENSMUSG00000048376	F2R	ENSMFAG00000044734	ortholog_one2one	1	77.2093
F2rl1	ENSMUSG00000021678	F2RL1	ENSMFAG00000037697	ortholog_one2one	1	81.7043
F2rl2	ENSMUSG00000021675	F2RL2	ENSMFAG00000045908	ortholog_one2one	1	70.7317
F5	ENSMUSG00000026579	F5	ENSMFAG00000045747	ortholog_one2one	1	70.6825
F7	ENSMUSG00000031443	F7	ENSMFAG00000033443	ortholog_one2one	1	69.9552
F9	ENSMUSG00000031138	F9	ENSMFAG00000045107	ortholog_one2one	1	80.0425
Fa2h	ENSMUSG00000033579	FA2H	ENSMFAG00000026134	ortholog_one2one	1	79.0323
Faah	ENSMUSG00000034171	FAAH	ENSMFAG00000046153	ortholog_one2one	1	82.9016
Faap100	ENSMUSG00000025384	FAAP100	ENSMFAG00000042241	ortholog_one2one	1	73.4926
Faap24	ENSMUSG00000030493	FAAP24	ENSMFAG00000054473	ortholog_one2one	1	78.733
Fabp1	ENSMUSG00000054422	FABP1	ENSMFAG00000032378	ortholog_one2one	1	79.5276
Fabp12	ENSMUSG00000027530	FABP12	ENSMFAG00000045988	ortholog_one2one	1	59.8485
Fabp2	ENSMUSG00000023057	FABP2	ENSMFAG00000038050	ortholog_one2one	1	77.2727
Fabp3	ENSMUSG00000028773	FABP3	ENSMFAG00000031211	ortholog_one2one	1	77.4436
Fabp4	ENSMUSG00000062515	FABP4	ENSMFAG00000038597	ortholog_one2one	1	90.1515
Fabp6	ENSMUSG00000020405	FABP6	ENSMFAG00000002028	ortholog_one2one	1	69.5312
Fabp7	ENSMUSG00000019874	FABP7	ENSMFAG00000045709	ortholog_one2one	1	56.383
Fabp9	ENSMUSG00000027528	FABP9	ENSMFAG00000034591	ortholog_one2one	1	71.9697
Fadd	ENSMUSG00000031077	FADD	ENSMFAG00000041718	ortholog_one2one	1	69.7561
Fads1	ENSMUSG00000010663	FADS1	ENSMFAG00000037025	ortholog_one2one	1	84.1163
Fads2	ENSMUSG00000024665	FADS2	ENSMFAG00000042844	ortholog_one2one	1	75.2252
Fads3	ENSMUSG00000024664	FADS3	ENSMFAG00000040762	ortholog_one2one	1	89.0869
Faf1	ENSMUSG00000010517	FAF1	ENSMFAG00000031563	ortholog_one2one	1	96.4561
Faf2	ENSMUSG00000025873	FAF2	ENSMFAG00000046297	ortholog_one2one	1	97.5281
Fah	ENSMUSG00000030630	FAH	ENSMFAG00000034154	ortholog_one2one	1	88.3055
Fahd1	ENSMUSG00000045316	FAHD1	ENSMFAG00000037024	ortholog_one2one	1	84.6154
Fahd2a	ENSMUSG00000027371	FAHD2A	ENSMFAG00000033416	ortholog_one2one	1	87.2204
Faim2	ENSMUSG00000023011	FAIM2	ENSMFAG00000043955	ortholog_one2one	1	89.5899
Fam107a	ENSMUSG00000021750	FAM107A	ENSMFAG00000057310	ortholog_one2one	1	91.6667
Fam107b	ENSMUSG00000026655	FAM107B	ENSMFAG00000036972	ortholog_one2one	1	80.7818
Fam110a	ENSMUSG00000027459	FAM110A	ENSMFAG00000060881	ortholog_one2one	1	50.3378
Fam110b	ENSMUSG00000049119	FAM110B	ENSMFAG00000038229	ortholog_one2one	1	96.9945
Fam114a1	ENSMUSG00000029185	FAM114A1	ENSMFAG00000001528	ortholog_one2one	1	76.2742
Fam114a2	ENSMUSG00000020523	FAM114A2	ENSMFAG00000043590	ortholog_one2one	1	79.9087
Fam117a	ENSMUSG00000038893	FAM117A	ENSMFAG00000039391	ortholog_one2one	1	80.4878
Fam117b	ENSMUSG00000041040	FAM117B	ENSMFAG00000045349	ortholog_one2one	1	72.4315
Fam118a	ENSMUSG00000022434	FAM118A	ENSMFAG00000032639	ortholog_one2one	1	93.8375
Fam118b	ENSMUSG00000050471	FAM118B	ENSMFAG00000003040	ortholog_one2one	1	93.1624
Fam120a	ENSMUSG00000038014	FAM120A	ENSMFAG00000043116	ortholog_one2one	1	95.5036
Fam120b	ENSMUSG00000014763	FAM120B	ENSMFAG00000036537	ortholog_one2one	1	81.2977
Fam120c	ENSMUSG00000025262	FAM120C	ENSMFAG00000036765	ortholog_one2many	1	80.2017
Fam124a	ENSMUSG00000035184	FAM124A	ENSMFAG00000030099	ortholog_one2one	1	70.5224
Fam124b	ENSMUSG00000043230	FAM124B	ENSMFAG00000031497	ortholog_one2one	1	63.8158
Fam131a	ENSMUSG00000050821	FAM131A	ENSMFAG00000028860	ortholog_one2one	1	90.0277
Fam131b	ENSMUSG00000029861	FAM131B	ENSMFAG00000039319	ortholog_one2one	1	96.1111
Fam131c	ENSMUSG00000006218	FAM131C	ENSMFAG00000003119	ortholog_one2one	1	81.685
Fam135a	ENSMUSG00000026153	FAM135A	ENSMFAG00000002013	ortholog_one2one	1	83.3551
Fam135b	ENSMUSG00000036800	FAM135B	ENSMFAG00000045015	ortholog_one2one	1	81.0406
Fam13c	ENSMUSG00000043259	FAM13C	ENSMFAG00000044652	ortholog_one2one	1	83.6224
Fam149b	ENSMUSG00000039599	FAM149B1	ENSMFAG00000003987	ortholog_one2one	1	82.0069
Fam151a	ENSMUSG00000034871	FAM151A	ENSMFAG00000035370	ortholog_one2one	1	67.7632
Fam151b	ENSMUSG00000034334	FAM151B	ENSMFAG00000042443	ortholog_one2one	1	83.5125
Fam161b	ENSMUSG00000021234	FAM161B	ENSMFAG00000038086	ortholog_one2one	1	77.0798
Fam162a	ENSMUSG00000003955	FAM162A	ENSMFAG00000031641	ortholog_one2one	1	70.3226
Fam163a	ENSMUSG00000015484	FAM163A	ENSMFAG00000037711	ortholog_one2one	1	85.7143
Fam163b	ENSMUSG00000009216	FAM163B	ENSMFAG00000042458	ortholog_one2one	1	88.6228
Fam167a	ENSMUSG00000035095	FAM167A	ENSMFAG00000036511	ortholog_one2one	1	83.7209
Fam167b	ENSMUSG00000050493	FAM167B	ENSMFAG00000036350	ortholog_one2one	1	82.716
Fam168a	ENSMUSG00000029461	FAM168A	ENSMFAG00000037330	ortholog_one2one	1	100
Fam168b	ENSMUSG00000037503	FAM168B	ENSMFAG00000054332	ortholog_one2one	1	98.9691
Fam171b	ENSMUSG00000048388	FAM171B	ENSMFAG00000045341	ortholog_one2one	1	89.0378
Fam174b	ENSMUSG00000078670	FAM174B	ENSMFAG00000002626	ortholog_one2one	1	79.7386
Fam174c	ENSMUSG00000035595	FAM174C	ENSMFAG00000043438	ortholog_one2one	1	66.6667
Fam177a2	ENSMUSG00000094103	FAM177A1	ENSMFAG00000062033	ortholog_one2many	1	85.0242
Fam178b	ENSMUSG00000046337	FAM178B	ENSMFAG00000001533	ortholog_one2one	1	71.0993
Fam180a	ENSMUSG00000047420	FAM180A	ENSMFAG00000060779	ortholog_one2one	1	78.0347
Fam181a	ENSMUSG00000096753	FAM181A	ENSMFAG00000032209	ortholog_one2one	1	76.3699
Fam184a	ENSMUSG00000019856	FAM184A	ENSMFAG00000033715	ortholog_one2one	1	89.5013
Fam184b	ENSMUSG00000015879	FAM184B	ENSMFAG00000002820	ortholog_one2one	1	74.6284
Fam185a	ENSMUSG00000047221	FAM185A	ENSMFAG00000042786	ortholog_one2one	1	70.1058
Fam186b	ENSMUSG00000078907	FAM186B	ENSMFAG00000000731	ortholog_one2one	1	55.9915
Fam187a	ENSMUSG00000075510	FAM187A	ENSMFAG00000006235	ortholog_one2one	1	78.8969
Fam193a	ENSMUSG00000037210	FAM193A	ENSMFAG00000045259	ortholog_one2one	1	85.5677
Fam199x	ENSMUSG00000042595	FAM199X	ENSMFAG00000000454	ortholog_one2one	1	85.3093
Fam204a	ENSMUSG00000057858	FAM204A	ENSMFAG00000031620	ortholog_one2one	1	75.8475
Fam20a	ENSMUSG00000020614	FAM20A	ENSMFAG00000033263	ortholog_one2one	1	84.1035
Fam20b	ENSMUSG00000033557	FAM20B	ENSMFAG00000051981	ortholog_one2one	1	98.044
Fam210a	ENSMUSG00000038121	FAM210A	ENSMFAG00000057893	ortholog_one2one	1	75.8242
Fam210b	ENSMUSG00000027495	FAM210B	ENSMFAG00000056763	ortholog_one2one	1	68.4211
Fam216a	ENSMUSG00000029463	FAM216A	ENSMFAG00000033950	ortholog_one2one	1	69.7211
Fam216b	ENSMUSG00000045655	FAM216B	ENSMFAG00000045377	ortholog_one2one	1	55.0725
Fam217a	ENSMUSG00000021414	FAM217A	ENSMFAG00000044867	ortholog_one2one	1	54.8338
Fam217b	ENSMUSG00000070476	FAM217B	ENSMFAG00000030015	ortholog_one2one	1	64.3411
Fam219a	ENSMUSG00000028439	FAM219A	ENSMFAG00000043404	ortholog_one2one	1	88.0952
Fam222b	ENSMUSG00000037750	FAM222B	ENSMFAG00000002313	ortholog_one2one	1	97.331
Fam227a	ENSMUSG00000042564	FAM227A	ENSMFAG00000000358	ortholog_one2one	1	50.7246
Fam227b	ENSMUSG00000027209	FAM227B	ENSMFAG00000035254	ortholog_one2one	1	56.391
Fam229b	ENSMUSG00000051736	FAM229B	ENSMFAG00000045226	ortholog_one2one	1	92.5
Fam234a	ENSMUSG00000024187	FAM234A	ENSMFAG00000001325	ortholog_one2one	1	72.973
Fam234b	ENSMUSG00000030207	FAM234B	ENSMFAG00000000118	ortholog_one2one	1	87.0192
Fam237a	ENSMUSG00000115378	FAM237A	ENSMFAG00000031105	ortholog_one2one	1	77.3481
Fam237b	ENSMUSG00000073234	FAM237B	ENSMFAG00000030670	ortholog_one2one	1	76.5152
Fam240a	ENSMUSG00000096393	FAM240A	ENSMFAG00000040811	ortholog_one2one	1	68.0412
Fam241a	ENSMUSG00000050549	FAM241A	ENSMFAG00000000675	ortholog_one2one	1	76.3359
Fam241b	ENSMUSG00000020083	FAM241B	ENSMFAG00000032357	ortholog_one2one	1	91.6667
Fam243	ENSMUSG00000051728	C21orf140	ENSMFAG00000027330	ortholog_one2one	1	63.745
Fam3a	ENSMUSG00000031399	FAM3A	ENSMFAG00000041814	ortholog_one2one	1	80.8696
Fam3c	ENSMUSG00000029672	FAM3C	ENSMFAG00000043181	ortholog_one2one	1	93.8326
Fam3d	ENSMUSG00000021749	FAM3D	ENSMFAG00000063776	ortholog_one2one	1	67.713
Fam43b	ENSMUSG00000078235	FAM43B	ENSMFAG00000053106	ortholog_one2one	1	64.5455
Fam47e	ENSMUSG00000057068	FAM47E	ENSMFAG00000041213	ortholog_one2one	1	52.9851
Fam50a	ENSMUSG00000001962	FAM50A	ENSMFAG00000021581	ortholog_one2one	1	73.7463
Fam53a	ENSMUSG00000037339	FAM53A	ENSMFAG00000052796	ortholog_one2one	1	53.4826
Fam53b	ENSMUSG00000030956	FAM53B	ENSMFAG00000030017	ortholog_one2one	1	69.1943
Fam53c	ENSMUSG00000034300	FAM53C	ENSMFAG00000001667	ortholog_one2one	1	94.6565
Fam76a	ENSMUSG00000028878	FAM76A	ENSMFAG00000051312	ortholog_one2one	1	95.4397
Fam76b	ENSMUSG00000037808	FAM76B	ENSMFAG00000042981	ortholog_one2one	1	98.2301
Fam78a	ENSMUSG00000050592	FAM78A	ENSMFAG00000038474	ortholog_one2one	1	97.5265
Fam78b	ENSMUSG00000060568	FAM78B	ENSMFAG00000032771	ortholog_one2one	1	100
Fam81a	ENSMUSG00000032224	FAM81A	ENSMFAG00000044204	ortholog_one2one	1	92.033
Fam81b	ENSMUSG00000109228	FAM81B	ENSMFAG00000045306	ortholog_one2one	1	74.0741
Fam83c	ENSMUSG00000074647	FAM83C	ENSMFAG00000038878	ortholog_one2one	1	78.9041
Fam83f	ENSMUSG00000022408	FAM83F	ENSMFAG00000002020	ortholog_one2one	1	80.404
Fam83g	ENSMUSG00000042377	FAM83G	ENSMFAG00000044301	ortholog_one2one	1	79.6798
Fam89a	ENSMUSG00000043068	FAM89A	ENSMFAG00000039366	ortholog_one2one	1	69.1429
Fam89b	ENSMUSG00000024939	FAM89B	ENSMFAG00000062467	ortholog_one2one	1	95.7672
Fam8a1	ENSMUSG00000069237	FAM8A1	ENSMFAG00000047739	ortholog_one2one	1	61.6541
Fam91a1	ENSMUSG00000037119	FAM91A1	ENSMFAG00000000206	ortholog_one2one	1	94.6237
Fam98a	ENSMUSG00000002017	FAM98A	ENSMFAG00000031093	ortholog_one2one	1	95.534
Fam98b	ENSMUSG00000027349	FAM98B	ENSMFAG00000016144	ortholog_one2one	1	76.4569
Fam98c	ENSMUSG00000030590	FAM98C	ENSMFAG00000031808	ortholog_one2one	1	72.093
Fancc	ENSMUSG00000021461	FANCC	ENSMFAG00000034968	ortholog_one2one	1	58.7814
Fancd2	ENSMUSG00000034023	FANCD2	ENSMFAG00000032527	ortholog_one2one	1	74.6207
Fancd2os	ENSMUSG00000033963	FANCD2OS	ENSMFAG00000038232	ortholog_one2one	1	91.573
Fance	ENSMUSG00000007570	FANCE	ENSMFAG00000029851	ortholog_one2one	1	62.7376
Fancg	ENSMUSG00000028453	FANCG	ENSMFAG00000042847	ortholog_one2one	1	71.7496
Fanci	ENSMUSG00000039187	FANCI	ENSMFAG00000035758	ortholog_one2one	1	80.2256
Fancl	ENSMUSG00000004018	FANCL	ENSMFAG00000042101	ortholog_one2one	1	79.7333
Fancm	ENSMUSG00000055884	FANCM	ENSMFAG00000000383	ortholog_one2one	1	61.0094
Fank1	ENSMUSG00000053111	FANK1	ENSMFAG00000032085	ortholog_one2one	1	88.6628
Fap	ENSMUSG00000000392	FAP	ENSMFAG00000043504	ortholog_one2one	1	83.9685
Far1	ENSMUSG00000030759	FAR1	ENSMFAG00000033108	ortholog_one2one	1	98.2524
Far2	ENSMUSG00000030303	FAR2	ENSMFAG00000032325	ortholog_one2one	1	84.6602
Farp1	ENSMUSG00000025555	FARP1	ENSMFAG00000040631	ortholog_one2one	1	91.6031
Farp2	ENSMUSG00000034066	FARP2	ENSMFAG00000044112	ortholog_one2one	1	82.5352
Fars2	ENSMUSG00000021420	FARS2	ENSMFAG00000043484	ortholog_one2one	1	84.0355
Farsa	ENSMUSG00000003808	FARSA	ENSMFAG00000030595	ortholog_one2one	1	89.5669
Farsb	ENSMUSG00000026245	FARSB	ENSMFAG00000036645	ortholog_one2one	1	93.5484
Fasl	ENSMUSG00000000817	FASLG	ENSMFAG00000053742	ortholog_one2one	1	77.4194
Fastk	ENSMUSG00000028959	FASTK	ENSMFAG00000041547	ortholog_one2one	1	88.8073
Fastkd2	ENSMUSG00000025962	FASTKD2	ENSMFAG00000033471	ortholog_one2one	1	65.312
Fastkd3	ENSMUSG00000021532	FASTKD3	ENSMFAG00000040312	ortholog_one2one	1	64.9017
Fastkd5	ENSMUSG00000079043	FASTKD5	ENSMFAG00000059621	ortholog_one2one	1	75.7218
Fat1	ENSMUSG00000070047	FAT1	ENSMFAG00000034451	ortholog_one2one	1	87.9303
Fat2	ENSMUSG00000055333	FAT2	ENSMFAG00000039681	ortholog_one2one	1	81.7054
Fat3	ENSMUSG00000074505	FAT3	ENSMFAG00000035883	ortholog_one2one	1	92.6674
Fat4	ENSMUSG00000046743	FAT4	ENSMFAG00000000729	ortholog_one2one	1	91.1263
Faxc	ENSMUSG00000028246	FAXC	ENSMFAG00000041545	ortholog_one2one	1	85.5746
Faxdc2	ENSMUSG00000086962	FAXDC2	ENSMFAG00000031322	ortholog_one2one	1	74.4409
Fbf1	ENSMUSG00000020776	FBF1	ENSMFAG00000000793	ortholog_one2one	1	63.5124
Fbh1	ENSMUSG00000058594	FBH1	ENSMFAG00000035795	ortholog_one2one	1	89.0595
Fblim1	ENSMUSG00000006219	FBLIM1	ENSMFAG00000044716	ortholog_one2one	1	57.8667
Fbll1	ENSMUSG00000051062	FBLL1	ENSMFAG00000036422	ortholog_one2one	1	88.2166
Fbln1	ENSMUSG00000006369	FBLN1	ENSMFAG00000040388	ortholog_one2one	1	85.1095
Fbln2	ENSMUSG00000064080	FBLN2	ENSMFAG00000003835	ortholog_one2one	1	83.4562
Fbn1	ENSMUSG00000027204	FBN1	ENSMFAG00000041075	ortholog_one2one	1	96.3105
Fbn2	ENSMUSG00000024598	FBN2	ENSMFAG00000041645	ortholog_one2one	1	96.5256
Fbrs	ENSMUSG00000042423	FBRS	ENSMFAG00000002731	ortholog_one2one	1	80.9184
Fbxl13	ENSMUSG00000048520	FBXL13	ENSMFAG00000000510	ortholog_one2one	1	58.2278
Fbxl14	ENSMUSG00000030019	FBXL14	ENSMFAG00000003113	ortholog_one2one	1	99.25
Fbxl15	ENSMUSG00000025226	FBXL15	ENSMFAG00000033584	ortholog_one2one	1	96.6667
Fbxl16	ENSMUSG00000025738	FBXL16	ENSMFAG00000003280	ortholog_one2one	1	54.9061
Fbxl17	ENSMUSG00000023965	FBXL17	ENSMFAG00000042858	ortholog_one2one	1	62.7675
Fbxl19	ENSMUSG00000030811	FBXL19	ENSMFAG00000002999	ortholog_one2one	1	87.5371
Fbxl2	ENSMUSG00000032507	FBXL2	ENSMFAG00000032187	ortholog_one2one	1	95.9811
Fbxl20	ENSMUSG00000020883	FBXL20	ENSMFAG00000033430	ortholog_one2one	1	99.7706
Fbxl22	ENSMUSG00000050503	FBXL22	ENSMFAG00000000573	ortholog_one2one	1	78.8136
Fbxl3	ENSMUSG00000022124	FBXL3	ENSMFAG00000044754	ortholog_one2one	1	96.4953
Fbxl4	ENSMUSG00000040410	FBXL4	ENSMFAG00000046148	ortholog_one2one	1	93.2367
Fbxl5	ENSMUSG00000039753	FBXL5	ENSMFAG00000043321	ortholog_one2one	1	90.7112
Fbxl7	ENSMUSG00000043556	FBXL7	ENSMFAG00000000432	ortholog_one2one	1	97.9633
Fbxl8	ENSMUSG00000033313	FBXL8	ENSMFAG00000001028	ortholog_one2one	1	77.8075
Fbxo10	ENSMUSG00000048232	FBXO10	ENSMFAG00000002374	ortholog_one2one	1	94.3158
Fbxo11	ENSMUSG00000005371	FBXO11	ENSMFAG00000030637	ortholog_one2one	1	98.4946
Fbxo15	ENSMUSG00000034391	FBXO15	ENSMFAG00000031818	ortholog_one2one	1	56.4453
Fbxo16	ENSMUSG00000034532	FBXO16	ENSMFAG00000043613	ortholog_one2one	1	70.1299
Fbxo2	ENSMUSG00000041556	FBXO2	ENSMFAG00000030052	ortholog_one2one	1	86.8687
Fbxo21	ENSMUSG00000032898	FBXO21	ENSMFAG00000031531	ortholog_one2one	1	87.4194
Fbxo24	ENSMUSG00000089984	FBXO24	ENSMFAG00000034514	ortholog_one2one	1	86.927
Fbxo27	ENSMUSG00000037463	FBXO27	ENSMFAG00000038590	ortholog_one2one	1	72.8571
Fbxo28	ENSMUSG00000047539	FBXO28	ENSMFAG00000000604	ortholog_one2one	1	94.5652
Fbxo3	ENSMUSG00000027180	FBXO3	ENSMFAG00000044515	ortholog_one2one	1	84.7917
Fbxo30	ENSMUSG00000047648	FBXO30	ENSMFAG00000042612	ortholog_one2one	1	85.6568
Fbxo31	ENSMUSG00000052934	FBXO31	ENSMFAG00000060056	ortholog_one2one	1	58.5799
Fbxo32	ENSMUSG00000022358	FBXO32	ENSMFAG00000036166	ortholog_one2one	1	96.9014
Fbxo33	ENSMUSG00000035329	FBXO33	ENSMFAG00000065701	ortholog_one2many	1	52.3132
Fbxo34	ENSMUSG00000037536	FBXO34	ENSMFAG00000009535	ortholog_one2one	1	73.6691
Fbxo36	ENSMUSG00000073633	FBXO36	ENSMFAG00000048023	ortholog_one2one	1	62.766
Fbxo38	ENSMUSG00000042211	FBXO38	ENSMFAG00000045852	ortholog_one2one	1	94.1374
Fbxo39	ENSMUSG00000070388	FBXO39	ENSMFAG00000035935	ortholog_one2one	1	79.2325
Fbxo4	ENSMUSG00000022184	FBXO4	ENSMFAG00000043560	ortholog_one2one	1	86.2338
Fbxo40	ENSMUSG00000047746	FBXO40	ENSMFAG00000043265	ortholog_one2one	1	84.9296
Fbxo41	ENSMUSG00000047013	FBXO41	ENSMFAG00000042911	ortholog_one2one	1	97.48
Fbxo42	ENSMUSG00000028920	FBXO42	ENSMFAG00000003747	ortholog_one2one	1	95.258
Fbxo44	ENSMUSG00000029001	FBXO44	ENSMFAG00000039191	ortholog_one2one	1	71.7647
Fbxo45	ENSMUSG00000035764	FBXO45	ENSMFAG00000043065	ortholog_one2one	1	95.1049
Fbxo46	ENSMUSG00000050428	FBXO46	ENSMFAG00000004080	ortholog_one2one	1	88.3914
Fbxo47	ENSMUSG00000070336	FBXO47	ENSMFAG00000037526	ortholog_one2one	1	73.3925
Fbxo5	ENSMUSG00000019773	FBXO5	ENSMFAG00000042214	ortholog_one2one	1	67.696
Fbxo6	ENSMUSG00000055401	FBXO6	ENSMFAG00000043439	ortholog_one2one	1	66.7797
Fbxo7	ENSMUSG00000001786	FBXO7	ENSMFAG00000037085	ortholog_one2one	1	74.1874
Fbxo8	ENSMUSG00000038206	FBXO8	ENSMFAG00000034344	ortholog_one2one	1	94.9843
Fbxw11	ENSMUSG00000020271	FBXW11	ENSMFAG00000039918	ortholog_one2one	1	99.2439
Fbxw4	ENSMUSG00000040913	FBXW4	ENSMFAG00000044810	ortholog_one2one	1	85.1219
Fbxw7	ENSMUSG00000028086	FBXW7	ENSMFAG00000045981	ortholog_one2one	1	92.5297
Fbxw8	ENSMUSG00000032867	FBXW8	ENSMFAG00000035404	ortholog_one2one	1	70.903
Fcamr	ENSMUSG00000026415	FCAMR	ENSMFAG00000000945	ortholog_one2one	1	51.5888
Fcer1g	ENSMUSG00000058715	FCER1G	ENSMFAG00000043727	ortholog_one2one	1	70.9302
Fcer2a	ENSMUSG00000005540	FCER2	ENSMFAG00000046023	ortholog_one2one	1	54.6828
Fcf1	ENSMUSG00000021243	FCF1	ENSMFAG00000043357	ortholog_one2one	1	97.9798
Fcgr4	ENSMUSG00000059089	FCGR3A	ENSMFAG00000043175	ortholog_one2many	1	62.6506
Fcho2	ENSMUSG00000041685	FCHO2	ENSMFAG00000030926	ortholog_one2one	1	94.0667
Fchsd1	ENSMUSG00000038524	FCHSD1	ENSMFAG00000033954	ortholog_one2one	1	91.2791
Fchsd2	ENSMUSG00000030691	FCHSD2	ENSMFAG00000004075	ortholog_one2one	1	96.0811
Fcnb	ENSMUSG00000026835	FCN1	ENSMFAG00000002778	ortholog_one2many	1	73.2484
Fcsk	ENSMUSG00000033703	FCSK	ENSMFAG00000036078	ortholog_one2one	1	79.2661
Fdft1	ENSMUSG00000021273	FDFT1	ENSMFAG00000003248	ortholog_one2one	1	83.4135
Fdx1	ENSMUSG00000032051	FDX1	ENSMFAG00000039761	ortholog_one2one	1	76.0638
Fdx2	ENSMUSG00000079677	FDX2	ENSMFAG00000043889	ortholog_one2one	1	81.6092
Fech	ENSMUSG00000024588	FECH	ENSMFAG00000016324	ortholog_one2one	1	88.3085
Fem1a	ENSMUSG00000043683	FEM1A	ENSMFAG00000063251	ortholog_one2many	1	77.2171
Fem1b	ENSMUSG00000032244	FEM1B	ENSMFAG00000064469	ortholog_one2one	1	99.0431
Fem1c	ENSMUSG00000033319	FEM1C	ENSMFAG00000046066	ortholog_one2one	1	99.5138
Fen1	ENSMUSG00000024742	FEN1	ENSMFAG00000009480	ortholog_one2one	1	96.8421
Fer	ENSMUSG00000000127	FER	ENSMFAG00000042431	ortholog_one2one	1	93.3171
Fer1l6	ENSMUSG00000037106	FER1L6	ENSMFAG00000022397	ortholog_one2one	1	87.9699
Ferd3l	ENSMUSG00000046518	FERD3L	ENSMFAG00000019773	ortholog_one2one	1	78.5714
Fermt1	ENSMUSG00000027356	FERMT1	ENSMFAG00000002752	ortholog_one2one	1	88.0355
Fermt2	ENSMUSG00000037712	FERMT2	ENSMFAG00000038626	ortholog_one2one	1	98.3824
Fermt3	ENSMUSG00000024965	FERMT3	ENSMFAG00000001178	ortholog_one2one	1	87.5188
Fes	ENSMUSG00000053158	FES	ENSMFAG00000045460	ortholog_one2one	1	89.9027
Fetub	ENSMUSG00000022871	FETUB	ENSMFAG00000045631	ortholog_one2one	1	65.2062
Fev	ENSMUSG00000055197	FEV	ENSMFAG00000000657	ortholog_one2one	1	93.2489
Fez1	ENSMUSG00000032118	FEZ1	ENSMFAG00000002076	ortholog_one2one	1	94.898
Fez2	ENSMUSG00000056121	FEZ2	ENSMFAG00000014609	ortholog_one2one	1	65.5462
Fezf1	ENSMUSG00000029697	FEZF1	ENSMFAG00000034053	ortholog_one2one	1	92.2105
Fezf2	ENSMUSG00000021743	FEZF2	ENSMFAG00000039881	ortholog_one2one	1	96.2637
Ffar1	ENSMUSG00000044453	FFAR1	ENSMFAG00000014904	ortholog_one2one	1	81.3333
Ffar2	ENSMUSG00000051314	FFAR2	ENSMFAG00000022604	ortholog_one2one	1	85.1515
Ffar4	ENSMUSG00000054200	FFAR4	ENSMFAG00000042176	ortholog_one2one	1	85.3186
Fgb	ENSMUSG00000033831	FGB	ENSMFAG00000045146	ortholog_one2one	1	83.7838
Fgd1	ENSMUSG00000025265	FGD1	ENSMFAG00000035269	ortholog_one2one	1	94.8958
Fgd2	ENSMUSG00000024013	FGD2	ENSMFAG00000031103	ortholog_one2one	1	80.458
Fgd3	ENSMUSG00000037946	FGD3	ENSMFAG00000002491	ortholog_one2one	1	75.8527
Fgd5	ENSMUSG00000034037	FGD5	ENSMFAG00000045664	ortholog_one2one	1	71.07
Fgd6	ENSMUSG00000020021	FGD6	ENSMFAG00000038155	ortholog_one2one	1	76.1973
Fgf10	ENSMUSG00000021732	FGF10	ENSMFAG00000003698	ortholog_one2one	1	93.3014
Fgf11	ENSMUSG00000042826	FGF11	ENSMFAG00000003329	ortholog_one2one	1	96
Fgf12	ENSMUSG00000022523	FGF12	ENSMFAG00000036517	ortholog_one2one	1	100
Fgf16	ENSMUSG00000031230	FGF16	ENSMFAG00000044477	ortholog_one2one	1	98.5507
Fgf18	ENSMUSG00000057967	FGF18	ENSMFAG00000064381	ortholog_one2one	1	93.2367
Fgf2	ENSMUSG00000037225	FGF2	ENSMFAG00000001237	ortholog_one2one	1	95.4545
Fgf20	ENSMUSG00000031603	FGF20	ENSMFAG00000042973	ortholog_one2one	1	95.7346
Fgf21	ENSMUSG00000030827	FGF21	ENSMFAG00000031896	ortholog_one2one	1	75.7143
Fgf23	ENSMUSG00000000182	FGF23	ENSMFAG00000047299	ortholog_one2one	1	71.7132
Fgf3	ENSMUSG00000031074	FGF3	ENSMFAG00000036070	ortholog_one2one	1	77.1429
Fgf4	ENSMUSG00000050917	FGF4	ENSMFAG00000052634	ortholog_one2one	1	83.1683
Fgf5	ENSMUSG00000029337	FGF5	ENSMFAG00000034249	ortholog_one2one	1	86.3636
Fgf6	ENSMUSG00000000183	FGF6	ENSMFAG00000061143	ortholog_one2one	1	93.75
Fgf7	ENSMUSG00000027208	FGF7	ENSMFAG00000064609	ortholog_one2one	1	94.3299
Fgf8	ENSMUSG00000025219	FGF8	ENSMFAG00000003751	ortholog_one2one	1	79.4776
Fgfbp1	ENSMUSG00000048373	FGFBP1	ENSMFAG00000056719	ortholog_one2one	1	56.1753
Fgfr1	ENSMUSG00000031565	FGFR1	ENSMFAG00000034537	ortholog_one2one	1	92.3171
Fgfr1op2	ENSMUSG00000040242	FGFR1OP2	ENSMFAG00000043095	ortholog_one2one	1	99.5349
Fgfr2	ENSMUSG00000030849	FGFR2	ENSMFAG00000045752	ortholog_one2one	1	94.7619
Fgfr3	ENSMUSG00000054252	FGFR3	ENSMFAG00000032292	ortholog_one2one	1	89
Fgg	ENSMUSG00000033860	FGG	ENSMFAG00000002159	ortholog_one2one	1	83.07
Fggy	ENSMUSG00000028573	FGGY	ENSMFAG00000037904	ortholog_one2one	1	90.2174
Fgl1	ENSMUSG00000031594	FGL1	ENSMFAG00000000718	ortholog_one2one	1	81.5287
Fgl2	ENSMUSG00000039899	FGL2	ENSMFAG00000037714	ortholog_one2one	1	78.2407
Fgr	ENSMUSG00000028874	FGR	ENSMFAG00000037860	ortholog_one2one	1	85.2998
Fh1	ENSMUSG00000026526	FH	ENSMFAG00000045537	ortholog_one2one	1	92.8994
Fhdc1	ENSMUSG00000041842	FHDC1	ENSMFAG00000040830	ortholog_one2one	1	72.1497
Fhip1a	ENSMUSG00000051000	FHIP1A	ENSMFAG00000035212	ortholog_one2one	1	80.111
Fhip2a	ENSMUSG00000033478	FHIP2A	ENSMFAG00000045717	ortholog_one2one	1	92.6702
Fhip2b	ENSMUSG00000022095	FHIP2B	ENSMFAG00000041716	ortholog_one2one	1	86.2903
Fhit	ENSMUSG00000060579	FHIT	ENSMFAG00000040773	ortholog_one2one	1	63.8498
Fhl1	ENSMUSG00000023092	FHL1	ENSMFAG00000036971	ortholog_one2many	1	81.7568
Fhl3	ENSMUSG00000032643	FHL3	ENSMFAG00000000875	ortholog_one2one	1	94.4637
Fhl5	ENSMUSG00000028259	FHL5	ENSMFAG00000038694	ortholog_one2one	1	84.8592
Fhod1	ENSMUSG00000014778	FHOD1	ENSMFAG00000046038	ortholog_one2one	1	85.2966
Fhod3	ENSMUSG00000034295	FHOD3	ENSMFAG00000041697	ortholog_one2one	1	88.2763
Fibcd1	ENSMUSG00000026841	FIBCD1	ENSMFAG00000003220	ortholog_one2one	1	84.7495
Fibin	ENSMUSG00000074971	FIBIN	ENSMFAG00000056675	ortholog_one2one	1	90.7834
Fibp	ENSMUSG00000024911	FIBP	ENSMFAG00000046229	ortholog_one2one	1	96.7164
Ficd	ENSMUSG00000053334	FICD	ENSMFAG00000037681	ortholog_one2one	1	89.9563
Fig4	ENSMUSG00000038417	FIG4	ENSMFAG00000031930	ortholog_one2one	1	95.3693
Fign	ENSMUSG00000075324	FIGN	ENSMFAG00000039869	ortholog_one2one	1	97.4967
Fignl1	ENSMUSG00000035455	FIGNL1	ENSMFAG00000063787	ortholog_one2one	1	76.8668
Filip1	ENSMUSG00000034898	FILIP1	ENSMFAG00000001452	ortholog_one2one	1	93.6573
Filip1l	ENSMUSG00000043336	FILIP1L	ENSMFAG00000036755	ortholog_one2one	1	90.4815
Firrm	ENSMUSG00000041406	FIRRM	ENSMFAG00000039080	ortholog_one2one	1	73.4219
Fitm1	ENSMUSG00000022215	FITM1	ENSMFAG00000035783	ortholog_one2one	1	96.9178
Fitm2	ENSMUSG00000048486	FITM2	ENSMFAG00000044491	ortholog_one2one	1	85.8779
Fkbp10	ENSMUSG00000001555	FKBP10	ENSMFAG00000044293	ortholog_one2one	1	89.3287
Fkbp14	ENSMUSG00000038074	FKBP14	ENSMFAG00000045864	ortholog_one2one	1	92.4171
Fkbp15	ENSMUSG00000066151	FKBP15	ENSMFAG00000029994	ortholog_one2one	1	79.3586
Fkbp1a	ENSMUSG00000032966	FKBP1A	ENSMFAG00000042021	ortholog_one2many	1	69.7987
Fkbp1b	ENSMUSG00000020635	FKBP1B	ENSMFAG00000003240	ortholog_one2one	1	96.2963
Fkbp5	ENSMUSG00000024222	FKBP5	ENSMFAG00000030158	ortholog_one2one	1	86.6228
Fkbp6	ENSMUSG00000040013	FKBP6	ENSMFAG00000002859	ortholog_one2one	1	74.0061
Fkbp7	ENSMUSG00000002732	FKBP7	ENSMFAG00000034329	ortholog_one2one	1	87.156
Fkbp8	ENSMUSG00000019428	FKBP8	ENSMFAG00000034676	ortholog_one2one	1	93.0521
Fkbpl	ENSMUSG00000033739	FKBPL	ENSMFAG00000006509	ortholog_one2one	1	73.487
Fktn	ENSMUSG00000028414	FKTN	ENSMFAG00000035942	ortholog_one2one	1	90.4555
Flacc1	ENSMUSG00000047528	FLACC1	ENSMFAG00000003322	ortholog_one2one	1	58.156
Flad1	ENSMUSG00000042642	FLAD1	ENSMFAG00000027670	ortholog_one2one	1	89.6341
Flcn	ENSMUSG00000032633	FLCN	ENSMFAG00000037655	ortholog_one2one	1	92.7461
Fli1	ENSMUSG00000016087	FLI1	ENSMFAG00000040184	ortholog_one2one	1	95.7965
Flii	ENSMUSG00000002812	FLII	ENSMFAG00000035866	ortholog_one2one	1	94.9646
Flnc	ENSMUSG00000068699	FLNC	ENSMFAG00000001934	ortholog_one2one	1	98.6261
Flot1	ENSMUSG00000059714	FLOT1	ENSMFAG00000002025	ortholog_one2one	1	98.3645
Flot2	ENSMUSG00000061981	FLOT2	ENSMFAG00000039682	ortholog_one2one	1	97.1963
Flrt1	ENSMUSG00000047787	FLRT1	ENSMFAG00000025476	ortholog_one2one	1	95.549
Flrt2	ENSMUSG00000047414	FLRT2	ENSMFAG00000017989	ortholog_one2one	1	96.9697
Flrt3	ENSMUSG00000051379	FLRT3	ENSMFAG00000029772	ortholog_one2one	1	96.4561
Flt1	ENSMUSG00000029648	FLT1	ENSMFAG00000035718	ortholog_one2one	1	80.3451
Flt3	ENSMUSG00000042817	FLT3	ENSMFAG00000044854	ortholog_one2one	1	84.8
Flt4	ENSMUSG00000020357	FLT4	ENSMFAG00000033698	ortholog_one2one	1	87.0873
Flvcr1	ENSMUSG00000066595	FLVCR1	ENSMFAG00000032026	ortholog_one2one	1	79.1071
Flvcr2	ENSMUSG00000034258	FLVCR2	ENSMFAG00000039606	ortholog_one2one	1	81.6697
Flywch1	ENSMUSG00000040097	FLYWCH1	ENSMFAG00000035776	ortholog_one2one	1	64.3388
Flywch2	ENSMUSG00000023911	FLYWCH2	ENSMFAG00000032680	ortholog_one2one	1	65.4676
Fmc1	ENSMUSG00000019689	FMC1	ENSMFAG00000062411	ortholog_one2one	1	80.531
Fmn1	ENSMUSG00000044042	FMN1	ENSMFAG00000036844	ortholog_one2one	1	76.014
Fmnl1	ENSMUSG00000055805	FMNL1	ENSMFAG00000033275	ortholog_one2one	1	82.1755
Fmnl2	ENSMUSG00000036053	FMNL2	ENSMFAG00000000995	ortholog_one2one	1	95.967
Fmnl3	ENSMUSG00000023008	FMNL3	ENSMFAG00000042783	ortholog_one2one	1	97.1311
Fmo1	ENSMUSG00000040181	FMO1	ENSMFAG00000045636	ortholog_one2one	1	83.0827
Fmo2	ENSMUSG00000040170	FMO2	ENSMFAG00000045183	ortholog_one2one	1	84.486
Fmo3	ENSMUSG00000026691	FMO3	ENSMFAG00000039471	ortholog_one2one	1	78.2772
Fmo4	ENSMUSG00000026692	FMO4	ENSMFAG00000032860	ortholog_one2one	1	79.1071
Fmo5	ENSMUSG00000028088	FMO5	ENSMFAG00000002744	ortholog_one2one	1	84.2402
Fmod	ENSMUSG00000041559	FMOD	ENSMFAG00000033719	ortholog_one2one	1	93.0851
Fn1	ENSMUSG00000026193	FN1	ENSMFAG00000032168	ortholog_one2one	1	92.0468
Fnbp1	ENSMUSG00000075415	FNBP1	ENSMFAG00000042440	ortholog_one2one	1	82.1604
Fnbp4	ENSMUSG00000008200	FNBP4	ENSMFAG00000045406	ortholog_one2one	1	80.9656
Fndc3b	ENSMUSG00000039286	FNDC3B	ENSMFAG00000033083	ortholog_one2one	1	93.0406
Fndc4	ENSMUSG00000038552	FNDC4	ENSMFAG00000000221	ortholog_one2one	1	91.7749
Fndc5	ENSMUSG00000001334	FNDC5	ENSMFAG00000033251	ortholog_one2one	1	95.8333
Fndc7	ENSMUSG00000045326	FNDC7	ENSMFAG00000003323	ortholog_one2one	1	84.3962
Fndc8	ENSMUSG00000018844	FNDC8	ENSMFAG00000000308	ortholog_one2one	1	69.7819
Fndc9	ENSMUSG00000048721	FNDC9	ENSMFAG00000009168	ortholog_one2one	1	84.0708
Fnip2	ENSMUSG00000061175	FNIP2	ENSMFAG00000039076	ortholog_one2one	1	78.0686
Focad	ENSMUSG00000038368	FOCAD	ENSMFAG00000040075	ortholog_one2one	1	84.594
Folr1	ENSMUSG00000001827	FOLR1	ENSMFAG00000030646	ortholog_one2one	1	80
Folr2	ENSMUSG00000032725	FOLR2	ENSMFAG00000002506	ortholog_one2one	1	77.2908
Fos	ENSMUSG00000021250	FOS	ENSMFAG00000014606	ortholog_one2one	1	91.5789
Fosb	ENSMUSG00000003545	FOSB	ENSMFAG00000038029	ortholog_one2one	1	95.5621
Fosl1	ENSMUSG00000024912	FOSL1	ENSMFAG00000045562	ortholog_one2one	1	89.011
Fosl2	ENSMUSG00000029135	FOSL2	ENSMFAG00000043522	ortholog_one2one	1	95.3988
Foxa2	ENSMUSG00000037025	FOXA2	ENSMFAG00000047214	ortholog_one2one	1	86.4516
Foxa3	ENSMUSG00000040891	FOXA3	ENSMFAG00000040557	ortholog_one2one	1	87.5354
Foxb1	ENSMUSG00000059246	FOXB1	ENSMFAG00000013645	ortholog_one2one	1	99.6923
Foxb2	ENSMUSG00000056829	FOXB2	ENSMFAG00000017898	ortholog_one2one	1	91.3551
Foxd1	ENSMUSG00000078302	FOXD1	ENSMFAG00000049955	ortholog_one2one	1	61.1842
Foxd3	ENSMUSG00000067261	FOXD3	ENSMFAG00000052856	ortholog_one2one	1	91.0448
Foxf1	ENSMUSG00000042812	FOXF1	ENSMFAG00000039933	ortholog_one2one	1	91.7989
Foxf2	ENSMUSG00000038402	FOXF2	ENSMFAG00000036369	ortholog_one2one	1	59.417
Foxg1	ENSMUSG00000020950	FOXG1	ENSMFAG00000000544	ortholog_one2one	1	80.0416
Foxh1	ENSMUSG00000033837	FOXH1	ENSMFAG00000040568	ortholog_one2one	1	69.3267
Foxi1	ENSMUSG00000047861	FOXI1	ENSMFAG00000013114	ortholog_one2one	1	86.2903
Foxi2	ENSMUSG00000048377	FOXI2	ENSMFAG00000057445	ortholog_one2one	1	68.3891
Foxi3	ENSMUSG00000055874	FOXI3	ENSMFAG00000042368	ortholog_one2one	1	61.8824
Foxj3	ENSMUSG00000032998	FOXJ3	ENSMFAG00000034559	ortholog_one2one	1	94.5425
Foxk1	ENSMUSG00000056493	FOXK1	ENSMFAG00000041125	ortholog_one2one	1	80.8067
Foxk2	ENSMUSG00000039275	FOXK2	ENSMFAG00000044739	ortholog_one2one	1	94.47
Foxm1	ENSMUSG00000001517	FOXM1	ENSMFAG00000030561	ortholog_one2one	1	80.8454
Foxn1	ENSMUSG00000002057	FOXN1	ENSMFAG00000041725	ortholog_one2one	1	86.7284
Foxn2	ENSMUSG00000034998	FOXN2	ENSMFAG00000041347	ortholog_one2one	1	81.1189
Foxn3	ENSMUSG00000033713	FOXN3	ENSMFAG00000062520	ortholog_one2one	1	95.186
Foxn4	ENSMUSG00000042002	FOXN4	ENSMFAG00000031528	ortholog_one2one	1	80.4223
Foxo3	ENSMUSG00000048756	FOXO3	ENSMFAG00000033615	ortholog_one2one	1	94.7917
Foxo4	ENSMUSG00000042903	FOXO4	ENSMFAG00000043151	ortholog_one2one	1	88.1188
Foxo6	ENSMUSG00000052135	FOXO6	ENSMFAG00000032820	ortholog_one2one	1	86.7621
Foxp1	ENSMUSG00000030067	FOXP1	ENSMFAG00000033964	ortholog_one2one	1	98.6135
Foxp2	ENSMUSG00000029563	FOXP2	ENSMFAG00000000636	ortholog_one2one	1	99.7199
Foxp3	ENSMUSG00000039521	FOXP3	ENSMFAG00000003327	ortholog_one2one	1	79.4872
Foxp4	ENSMUSG00000023991	FOXP4	ENSMFAG00000033620	ortholog_one2one	1	91.5305
Foxq1	ENSMUSG00000038415	FOXQ1	ENSMFAG00000062586	ortholog_one2one	1	58.25
Foxr2	ENSMUSG00000071665	FOXR2	ENSMFAG00000047174	ortholog_one2one	1	53.9735
Foxred1	ENSMUSG00000039048	FOXRED1	ENSMFAG00000031974	ortholog_one2one	1	77.0021
Foxred2	ENSMUSG00000016552	FOXRED2	ENSMFAG00000046365	ortholog_one2one	1	78.1955
Fpgs	ENSMUSG00000009566	FPGS	ENSMFAG00000030927	ortholog_one2one	1	74.6167
Fpr1	ENSMUSG00000045551	FPR1	ENSMFAG00000050900	ortholog_one2one	1	73.0769
Fra10ac1	ENSMUSG00000054237	FRA10AC1	ENSMFAG00000045302	ortholog_one2one	1	86.6667
Frem1	ENSMUSG00000059049	FREM1	ENSMFAG00000002956	ortholog_one2one	1	77.9926
Frem2	ENSMUSG00000037016	FREM2	ENSMFAG00000002618	ortholog_one2one	1	88.1962
Frem3	ENSMUSG00000042353	FREM3	ENSMFAG00000038207	ortholog_one2one	1	68.3122
Frey1	ENSMUSG00000044916	FREY1	ENSMFAG00000056527	ortholog_one2one	1	80.8081
Frk	ENSMUSG00000019779	FRK	ENSMFAG00000000665	ortholog_one2one	1	83.2031
Frmd4b	ENSMUSG00000030064	FRMD4B	ENSMFAG00000040109	ortholog_one2one	1	93.1702
Frmd7	ENSMUSG00000036131	FRMD7	ENSMFAG00000036359	ortholog_one2one	1	86.771
Frmpd1	ENSMUSG00000035615	FRMPD1	ENSMFAG00000002068	ortholog_one2one	1	77.1465
Frmpd2	ENSMUSG00000108841	FRMPD2	ENSMFAG00000026102	ortholog_one2one	1	70.1868
Frmpd4	ENSMUSG00000049176	FRMPD4	ENSMFAG00000035360	ortholog_one2one	1	87.1766
Frrs1	ENSMUSG00000033386	FRRS1	ENSMFAG00000036089	ortholog_one2one	1	77.7027
Frrs1l	ENSMUSG00000045589	FRRS1L	ENSMFAG00000013386	ortholog_one2one	1	73.0375
Frs2	ENSMUSG00000020170	FRS2	ENSMFAG00000035837	ortholog_one2one	1	96.063
Frs3	ENSMUSG00000023266	FRS3	ENSMFAG00000037819	ortholog_one2one	1	85.9756
Fry	ENSMUSG00000056602	FRY	ENSMFAG00000040039	ortholog_one2one	1	95.894
Frzb	ENSMUSG00000027004	FRZB	ENSMFAG00000035606	ortholog_one2one	1	91.6409
Fsaf1	ENSMUSG00000031984	C1orf131	ENSMFAG00000004049	ortholog_one2one	1	68.6833
Fscn1	ENSMUSG00000029581	FSCN1	ENSMFAG00000001015	ortholog_one2one	1	92.4949
Fscn2	ENSMUSG00000025380	FSCN2	ENSMFAG00000053754	ortholog_one2one	1	83.3333
Fscn3	ENSMUSG00000029707	FSCN3	ENSMFAG00000036958	ortholog_one2one	1	85.3414
Fsd1	ENSMUSG00000011589	FSD1	ENSMFAG00000041951	ortholog_one2one	1	91.7339
Fsd1l	ENSMUSG00000054752	FSD1L	ENSMFAG00000000831	ortholog_one2one	1	95.3722
Fsd2	ENSMUSG00000038663	FSD2	ENSMFAG00000041651	ortholog_one2one	1	82.2626
Fshb	ENSMUSG00000027120	FSHB	ENSMFAG00000039808	ortholog_one2one	1	86.1538
Fshr	ENSMUSG00000032937	FSHR	ENSMFAG00000029660	ortholog_one2one	1	87.8613
Fsip1	ENSMUSG00000027344	FSIP1	ENSMFAG00000031510	ortholog_one2one	1	58.1788
Fsip2	ENSMUSG00000075249	FSIP2	ENSMFAG00000045058	ortholog_one2one	1	58.07
Fst	ENSMUSG00000021765	FST	ENSMFAG00000030825	ortholog_one2one	1	97.093
Fstl1	ENSMUSG00000022816	FSTL1	ENSMFAG00000036133	ortholog_one2one	1	92.4837
Ftcd	ENSMUSG00000001155	FTCD	ENSMFAG00000039806	ortholog_one2one	1	69.8706
Fto	ENSMUSG00000055932	FTO	ENSMFAG00000033026	ortholog_one2one	1	86.255
Ftsj1	ENSMUSG00000031171	FTSJ1	ENSMFAG00000003467	ortholog_one2one	1	86.9565
Ftsj3	ENSMUSG00000020706	FTSJ3	ENSMFAG00000003764	ortholog_one2one	1	88.1862
Fubp1	ENSMUSG00000028034	FUBP1	ENSMFAG00000031825	ortholog_one2one	1	98.6616
Fubp3	ENSMUSG00000026843	FUBP3	ENSMFAG00000038309	ortholog_one2one	1	93.3216
Fuca1	ENSMUSG00000028673	FUCA1	ENSMFAG00000001050	ortholog_one2one	1	83.1858
Fuca2	ENSMUSG00000019810	FUCA2	ENSMFAG00000044682	ortholog_one2one	1	81.128
Fuom	ENSMUSG00000025466	FUOM	ENSMFAG00000061970	ortholog_one2one	1	66.6667
Furin	ENSMUSG00000030530	FURIN	ENSMFAG00000042842	ortholog_one2one	1	94.0731
Fus	ENSMUSG00000030795	FUS	ENSMFAG00000031794	ortholog_one2one	1	95.7529
Fut7	ENSMUSG00000036587	FUT7	ENSMFAG00000031638	ortholog_one2one	1	80.117
Fut8	ENSMUSG00000021065	FUT8	ENSMFAG00000042802	ortholog_one2one	1	96.5217
Fut9	ENSMUSG00000055373	FUT9	ENSMFAG00000006659	ortholog_one2one	1	99.4429
Fuz	ENSMUSG00000011658	FUZ	ENSMFAG00000003351	ortholog_one2one	1	78.3133
Fxn	ENSMUSG00000059363	FXN	ENSMFAG00000041923	ortholog_one2one	1	71.4976
Fxr1	ENSMUSG00000027680	FXR1	ENSMFAG00000040264	ortholog_one2one	1	93.9439
Fxr2	ENSMUSG00000018765	FXR2	ENSMFAG00000043282	ortholog_one2one	1	90.8012
Fyb1	ENSMUSG00000022148	FYB1	ENSMFAG00000038840	ortholog_one2one	1	77.8999
Fyb2	ENSMUSG00000078612	FYB2	ENSMFAG00000003618	ortholog_one2one	1	52.3329
Fyco1	ENSMUSG00000025241	FYCO1	ENSMFAG00000036598	ortholog_one2one	1	77.0355
Fyn	ENSMUSG00000019843	FYN	ENSMFAG00000000074	ortholog_one2one	1	99.4413
Fyttd1	ENSMUSG00000022800	FYTTD1	ENSMFAG00000033352	ortholog_one2one	1	92.429
Fzd2	ENSMUSG00000050288	FZD2	ENSMFAG00000037380	ortholog_one2one	1	98.4211
Fzd3	ENSMUSG00000007989	FZD3	ENSMFAG00000044555	ortholog_one2one	1	98.3484
Fzd4	ENSMUSG00000049791	FZD4	ENSMFAG00000034431	ortholog_one2one	1	94.9721
Fzd6	ENSMUSG00000022297	FZD6	ENSMFAG00000001388	ortholog_one2one	1	83.4979
Fzr1	ENSMUSG00000020235	FZR1	ENSMFAG00000003458	ortholog_one2one	1	91.2779
G0s2	ENSMUSG00000009633	G0S2	ENSMFAG00000024733	ortholog_one2one	1	76.699
G2e3	ENSMUSG00000035293	G2E3	ENSMFAG00000033929	ortholog_one2one	1	78.9106
G3bp1	ENSMUSG00000018583	G3BP1	ENSMFAG00000036965	ortholog_one2one	1	93.9785
G3bp2	ENSMUSG00000029405	G3BP2	ENSMFAG00000044717	ortholog_one2one	1	98.2183
G6pc1	ENSMUSG00000078650	G6PC1	ENSMFAG00000000344	ortholog_one2one	1	89.0756
G6pc2	ENSMUSG00000005232	G6PC2	ENSMFAG00000002062	ortholog_one2one	1	83.0986
G6pc3	ENSMUSG00000034793	G6PC3	ENSMFAG00000001134	ortholog_one2one	1	84.3931
G6pdx	ENSMUSG00000031400	G6PD	ENSMFAG00000043207	ortholog_one2many	1	93.3981
Gaa	ENSMUSG00000025579	GAA	ENSMFAG00000043192	ortholog_one2one	1	62.3295
Gab1	ENSMUSG00000031714	GAB1	ENSMFAG00000044011	ortholog_one2one	1	90.2158
Gab2	ENSMUSG00000004508	GAB2	ENSMFAG00000003506	ortholog_one2one	1	93.0931
Gabarapl1	ENSMUSG00000030161	GABARAPL1	ENSMFAG00000037621	ortholog_one2one	1	84.6154
Gabarapl2	ENSMUSG00000031950	GABARAPL2	ENSMFAG00000041724	ortholog_one2one	1	100
Gabbr1	ENSMUSG00000024462	GABBR1	ENSMFAG00000040724	ortholog_one2one	1	98.8542
Gabbr2	ENSMUSG00000039809	GABBR2	ENSMFAG00000042106	ortholog_one2one	1	97.234
Gabpa	ENSMUSG00000008976	GABPA	ENSMFAG00000041587	ortholog_one2one	1	95.815
Gabpb1	ENSMUSG00000027361	GABPB1	ENSMFAG00000004070	ortholog_one2one	1	94.2529
Gabra1	ENSMUSG00000010803	GABRA1	ENSMFAG00000045791	ortholog_one2one	1	98.9011
Gabra2	ENSMUSG00000000560	GABRA2	ENSMFAG00000034210	ortholog_one2one	1	97.7827
Gabra3	ENSMUSG00000031343	GABRA3	ENSMFAG00000003816	ortholog_one2one	1	96.3415
Gabra4	ENSMUSG00000029211	GABRA4	ENSMFAG00000032339	ortholog_one2one	1	90.2174
Gabra5	ENSMUSG00000055078	GABRA5	ENSMFAG00000000781	ortholog_one2one	1	91.3607
Gabra6	ENSMUSG00000020428	GABRA6	ENSMFAG00000038886	ortholog_one2one	1	91.3907
Gabrb1	ENSMUSG00000029212	GABRB1	ENSMFAG00000031591	ortholog_one2one	1	97.8903
Gabrb2	ENSMUSG00000007653	GABRB2	ENSMFAG00000033709	ortholog_one2one	1	99.789
Gabrg1	ENSMUSG00000001260	GABRG1	ENSMFAG00000030419	ortholog_one2one	1	90.3226
Gabrg2	ENSMUSG00000020436	GABRG2	ENSMFAG00000036513	ortholog_one2one	1	98.9451
Gabrg3	ENSMUSG00000055026	GABRG3	ENSMFAG00000046358	ortholog_one2one	1	95.7173
Gabrp	ENSMUSG00000020159	GABRP	ENSMFAG00000003571	ortholog_one2one	1	92.9545
Gabrq	ENSMUSG00000031344	GABRQ	ENSMFAG00000041143	ortholog_one2one	1	75.2351
Gabrr2	ENSMUSG00000023267	GABRR2	ENSMFAG00000043423	ortholog_one2one	1	86.9388
Gabrr3	ENSMUSG00000074991	GABRR3	ENSMFAG00000029970	ortholog_one2one	1	83.4052
Gad1	ENSMUSG00000070880	GAD1	ENSMFAG00000045590	ortholog_one2one	1	97.6391
Gad2	ENSMUSG00000026787	GAD2	ENSMFAG00000042664	ortholog_one2one	1	85.641
Gadd45b	ENSMUSG00000015312	GADD45B	ENSMFAG00000042254	ortholog_one2one	1	92.5
Gadd45gip1	ENSMUSG00000033751	GADD45GIP1	ENSMFAG00000048260	ortholog_one2one	1	68.9189
Gadl1	ENSMUSG00000056880	GADL1	ENSMFAG00000034178	ortholog_one2one	1	89.4422
Gak	ENSMUSG00000062234	GAK	ENSMFAG00000043306	ortholog_one2one	1	78.1609
Gal3st1	ENSMUSG00000049721	GAL3ST1	ENSMFAG00000030355	ortholog_one2one	1	82.9787
Gal3st2	ENSMUSG00000094651	GAL3ST2	ENSMFAG00000049116	ortholog_one2many	1	64.1414
Gal3st2b	ENSMUSG00000093805	GAL3ST2	ENSMFAG00000049116	ortholog_one2many	1	63.8889
Gal3st2c	ENSMUSG00000073608	GAL3ST2	ENSMFAG00000049116	ortholog_one2many	1	63.3838
Gal3st4	ENSMUSG00000075593	GAL3ST4	ENSMFAG00000003150	ortholog_one2one	1	78.5263
Galc	ENSMUSG00000021003	GALC	ENSMFAG00000002667	ortholog_one2one	1	82.1637
Gale	ENSMUSG00000028671	GALE	ENSMFAG00000001926	ortholog_one2one	1	93.3718
Galk1	ENSMUSG00000020766	GALK1	ENSMFAG00000016278	ortholog_one2one	1	88.2653
Galk2	ENSMUSG00000027207	GALK2	ENSMFAG00000000451	ortholog_one2one	1	85.1528
Galm	ENSMUSG00000035473	GALM	ENSMFAG00000041315	ortholog_one2one	1	85.3801
Galns	ENSMUSG00000015027	GALNS	ENSMFAG00000041824	ortholog_one2one	1	79.4231
Galnt1	ENSMUSG00000000420	GALNT1	ENSMFAG00000002844	ortholog_one2one	1	98.39
Galnt10	ENSMUSG00000020520	GALNT10	ENSMFAG00000035971	ortholog_one2one	1	95.3566
Galnt11	ENSMUSG00000038072	GALNT11	ENSMFAG00000044998	ortholog_one2one	1	87.8289
Galnt12	ENSMUSG00000039774	GALNT12	ENSMFAG00000037688	ortholog_one2one	1	84.2014
Galnt13	ENSMUSG00000060988	GALNT13	ENSMFAG00000043213	ortholog_one2one	1	94.4245
Galnt14	ENSMUSG00000024064	GALNT14	ENSMFAG00000002970	ortholog_one2one	1	91.8182
Galnt15	ENSMUSG00000021903	GALNT15	ENSMFAG00000040291	ortholog_one2one	1	76.9593
Galnt16	ENSMUSG00000021130	GALNT16	ENSMFAG00000037392	ortholog_one2one	1	96.0574
Galnt17	ENSMUSG00000034040	GALNT17	ENSMFAG00000044553	ortholog_one2one	1	98.3278
Galnt18	ENSMUSG00000038296	GALNT18	ENSMFAG00000041231	ortholog_one2one	1	87.3147
Galnt2	ENSMUSG00000089704	GALNT2	ENSMFAG00000043385	ortholog_one2one	1	90
Galnt3	ENSMUSG00000026994	GALNT3	ENSMFAG00000045217	ortholog_one2one	1	91.7851
Galnt5	ENSMUSG00000026828	GALNT5	ENSMFAG00000036566	ortholog_one2one	1	75.1613
Galnt6	ENSMUSG00000037280	GALNT6	ENSMFAG00000031673	ortholog_one2one	1	78.4566
Galnt7	ENSMUSG00000031608	GALNT7	ENSMFAG00000041069	ortholog_one2one	1	95.2816
Galnt9	ENSMUSG00000033316	GALNT9	ENSMFAG00000001630	ortholog_one2one	1	87.2517
Galntl5	ENSMUSG00000028938	GALNTL5	ENSMFAG00000044831	ortholog_one2one	1	64.7332
Galntl6	ENSMUSG00000096914	GALNTL6	ENSMFAG00000003378	ortholog_one2one	1	96.5058
Galr1	ENSMUSG00000024553	GALR1	ENSMFAG00000063435	ortholog_one2one	1	86.2069
Galr2	ENSMUSG00000020793	GALR2	ENSMFAG00000041508	ortholog_one2one	1	86.5229
Gamt	ENSMUSG00000020150	GAMT	ENSMFAG00000041341	ortholog_one2one	1	87.7119
Gan	ENSMUSG00000052557	GAN	ENSMFAG00000033724	ortholog_one2one	1	97.99
Ganab	ENSMUSG00000071650	GANAB	ENSMFAG00000045211	ortholog_one2one	1	91.6314
Ganc	ENSMUSG00000062646	GANC	ENSMFAG00000042444	ortholog_one2one	1	83.8992
Gap43	ENSMUSG00000047261	GAP43	ENSMFAG00000041003	ortholog_one2one	1	82.8194
Gapdhs	ENSMUSG00000061099	GAPDHS	ENSMFAG00000037754	ortholog_one2one	1	75.6818
Gapt	ENSMUSG00000046006	GAPT	ENSMFAG00000060891	ortholog_one2one	1	56.051
Gapvd1	ENSMUSG00000026867	GAPVD1	ENSMFAG00000003434	ortholog_one2one	1	97.668
Gar1	ENSMUSG00000028010	GAR1	ENSMFAG00000024592	ortholog_one2one	1	90.0433
Garem1	ENSMUSG00000042680	GAREM1	ENSMFAG00000039588	ortholog_one2one	1	91.21
Garin1a	ENSMUSG00000079652	GARIN1A	ENSMFAG00000045927	ortholog_one2one	1	73.7374
Garin1b	ENSMUSG00000039742	GARIN1B	ENSMFAG00000000842	ortholog_one2one	1	77.6163
Garin2	ENSMUSG00000056987	GARIN2	ENSMFAG00000043597	ortholog_one2one	1	58.0153
Garin3	ENSMUSG00000020401	GARIN3	ENSMFAG00000034384	ortholog_one2one	1	52.4812
Garin4	ENSMUSG00000091017	GARIN4	ENSMFAG00000001230	ortholog_one2one	1	50.7692
Garin5a	ENSMUSG00000051113	GARIN5A	ENSMFAG00000037017	ortholog_one2one	1	50
Garnl3	ENSMUSG00000038860	GARNL3	ENSMFAG00000002870	ortholog_one2one	1	92.8786
Garre1	ENSMUSG00000066571	GARRE1	ENSMFAG00000045350	ortholog_one2one	1	94.1454
Gars1	ENSMUSG00000029777	GARS1	ENSMFAG00000038863	ortholog_one2one	1	50.0686
Gart	ENSMUSG00000022962	GART	ENSMFAG00000037958	ortholog_one2one	1	84.5545
Gas2	ENSMUSG00000030498	GAS2	ENSMFAG00000039283	ortholog_one2one	1	97.1338
Gas2l1	ENSMUSG00000034201	GAS2L1	ENSMFAG00000038791	ortholog_one2one	1	59.1445
Gas2l2	ENSMUSG00000020686	GAS2L2	ENSMFAG00000046155	ortholog_one2one	1	67.3256
Gas2l3	ENSMUSG00000074802	GAS2L3	ENSMFAG00000003398	ortholog_one2one	1	76.2811
Gas6	ENSMUSG00000031451	GAS6	ENSMFAG00000043611	ortholog_one2one	1	76.4095
Gas7	ENSMUSG00000033066	GAS7	ENSMFAG00000003917	ortholog_one2one	1	89.4958
Gask1b	ENSMUSG00000027955	GASK1B	ENSMFAG00000030947	ortholog_one2one	1	78.7234
Gata1	ENSMUSG00000031162	GATA1	ENSMFAG00000031953	ortholog_one2one	1	76.5133
Gata2	ENSMUSG00000015053	GATA2	ENSMFAG00000038603	ortholog_one2one	1	97.7083
Gata3	ENSMUSG00000015619	GATA3	ENSMFAG00000042633	ortholog_one2one	1	96.8397
Gata4	ENSMUSG00000021944	GATA4	ENSMFAG00000057755	ortholog_one2one	1	89.3424
Gata5	ENSMUSG00000015627	GATA5	ENSMFAG00000041967	ortholog_one2one	1	74.505
Gatad1	ENSMUSG00000007415	GATAD1	ENSMFAG00000062009	ortholog_one2one	1	81.203
Gatad2b	ENSMUSG00000042390	GATAD2B	ENSMFAG00000042345	ortholog_one2one	1	98.3165
Gatb	ENSMUSG00000028085	GATB	ENSMFAG00000045472	ortholog_one2one	1	84.2011
Gatc	ENSMUSG00000029536	GATC	ENSMFAG00000034197	ortholog_one2one	1	61.9355
Gatd1	ENSMUSG00000051007	GATD1	ENSMFAG00000021199	ortholog_one2one	1	93.1818
Gatm	ENSMUSG00000027199	GATM	ENSMFAG00000003046	ortholog_one2one	1	95.0355
Gba1	ENSMUSG00000028048	GBA1	ENSMFAG00000019252	ortholog_one2one	1	86.4078
Gba2	ENSMUSG00000028467	GBA2	ENSMFAG00000045671	ortholog_one2one	1	87.146
Gbe1	ENSMUSG00000022707	GBE1	ENSMFAG00000042659	ortholog_one2one	1	91.5954
Gbf1	ENSMUSG00000025224	GBF1	ENSMFAG00000002812	ortholog_one2one	1	93.8205
Gbx1	ENSMUSG00000067724	GBX1	ENSMFAG00000036695	ortholog_one2one	1	78.9474
Gbx2	ENSMUSG00000034486	GBX2	ENSMFAG00000031863	ortholog_one2one	1	97.9885
Gc	ENSMUSG00000035540	GC	ENSMFAG00000032395	ortholog_one2one	1	77.1008
Gca	ENSMUSG00000026893	GCA	ENSMFAG00000040637	ortholog_one2one	1	80.4545
Gcdh	ENSMUSG00000003809	GCDH	ENSMFAG00000003761	ortholog_one2one	1	85.6164
Gcg	ENSMUSG00000000394	GCG	ENSMFAG00000041524	ortholog_one2one	1	90
Gch1	ENSMUSG00000037580	GCH1	ENSMFAG00000000353	ortholog_one2one	1	77.1784
Gchfr	ENSMUSG00000046814	GCHFR	ENSMFAG00000000386	ortholog_one2one	1	96.4286
Gck	ENSMUSG00000041798	GCK	ENSMFAG00000043774	ortholog_one2one	1	95.2688
Gckr	ENSMUSG00000059434	GCKR	ENSMFAG00000000607	ortholog_one2one	1	84.7512
Gclm	ENSMUSG00000028124	GCLM	ENSMFAG00000036066	ortholog_one2one	1	97.0803
Gcm2	ENSMUSG00000021362	GCM2	ENSMFAG00000001713	ortholog_one2one	1	68.8492
Gcn1	ENSMUSG00000041638	GCN1	ENSMFAG00000003588	ortholog_one2one	1	94.0097
Gcnt1	ENSMUSG00000038843	GCNT1	ENSMFAG00000023079	ortholog_one2one	1	84.1122
Gcnt3	ENSMUSG00000032226	GCNT3	ENSMFAG00000038485	ortholog_one2one	1	72.0824
Gcnt4	ENSMUSG00000091387	GCNT4	ENSMFAG00000005546	ortholog_one2one	1	81.5385
Gcnt7	ENSMUSG00000074569	GCNT7	ENSMFAG00000042446	ortholog_one2one	1	64.8961
Gcsam	ENSMUSG00000022659	GCSAM	ENSMFAG00000050670	ortholog_one2one	1	55.2486
Gda	ENSMUSG00000058624	GDA	ENSMFAG00000033432	ortholog_one2one	1	90.0881
Gdap1	ENSMUSG00000025777	GDAP1	ENSMFAG00000052390	ortholog_one2one	1	93.8548
Gdap1l1	ENSMUSG00000017943	GDAP1L1	ENSMFAG00000031122	ortholog_one2one	1	95.6403
Gdap2	ENSMUSG00000027865	GDAP2	ENSMFAG00000045882	ortholog_one2one	1	92.5703
Gdf10	ENSMUSG00000021943	GDF10	ENSMFAG00000038179	ortholog_one2one	1	76.8908
Gdf15	ENSMUSG00000038508	GDF15	ENSMFAG00000050470	ortholog_one2one	1	56.7657
Gdf2	ENSMUSG00000072625	GDF2	ENSMFAG00000032108	ortholog_one2one	1	79.4393
Gdf5	ENSMUSG00000038259	GDF5	ENSMFAG00000037058	ortholog_one2one	1	83.6364
Gdf7	ENSMUSG00000037660	GDF7	ENSMFAG00000049809	ortholog_one2one	1	73.5358
Gdi1	ENSMUSG00000015291	GDI1	ENSMFAG00000037198	ortholog_one2one	1	93.2886
Gdnf	ENSMUSG00000022144	GDNF	ENSMFAG00000047234	ortholog_one2one	1	69.5833
Gdpd1	ENSMUSG00000061666	GDPD1	ENSMFAG00000036599	ortholog_one2one	1	92.3567
Gdpd2	ENSMUSG00000019359	GDPD2	ENSMFAG00000037742	ortholog_one2one	1	84.2301
Gdpd3	ENSMUSG00000030703	GDPD3	ENSMFAG00000031264	ortholog_one2one	1	57.5758
Gdpd4	ENSMUSG00000035582	GDPD4	ENSMFAG00000003264	ortholog_one2one	1	60.1266
Gdpd5	ENSMUSG00000035314	GDPD5	ENSMFAG00000043053	ortholog_one2one	1	90.939
Gdpgp1	ENSMUSG00000050973	GDPGP1	ENSMFAG00000023109	ortholog_one2one	1	77.9793
Gem	ENSMUSG00000028214	GEM	ENSMFAG00000028496	ortholog_one2one	1	95.9322
Gemin2	ENSMUSG00000060121	GEMIN2	ENSMFAG00000014362	ortholog_one2one	1	94.4238
Gemin4	ENSMUSG00000049396	GEMIN4	ENSMFAG00000037363	ortholog_one2many	1	81.6635
Gemin5	ENSMUSG00000037275	GEMIN5	ENSMFAG00000032027	ortholog_one2one	1	82.4351
Gemin7	ENSMUSG00000044709	GEMIN7	ENSMFAG00000051374	ortholog_one2one	1	76.7442
Gemin8	ENSMUSG00000040621	GEMIN8	ENSMFAG00000000059	ortholog_one2one	1	68.0672
Gen1	ENSMUSG00000051235	GEN1	ENSMFAG00000002080	ortholog_one2one	1	67.1806
Get4	ENSMUSG00000025858	GET4	ENSMFAG00000042875	ortholog_one2one	1	87.7676
Gfap	ENSMUSG00000020932	GFAP	ENSMFAG00000042945	ortholog_one2one	1	91.6279
Gfer	ENSMUSG00000040888	GFER	ENSMFAG00000039787	ortholog_one2one	1	71.7172
Gfi1	ENSMUSG00000029275	GFI1	ENSMFAG00000045801	ortholog_one2one	1	80.8511
Gfi1b	ENSMUSG00000026815	GFI1B	ENSMFAG00000043346	ortholog_one2one	1	82.9201
Gfm1	ENSMUSG00000027774	GFM1	ENSMFAG00000035731	ortholog_one2one	1	91.478
Gfm2	ENSMUSG00000021666	GFM2	ENSMFAG00000039713	ortholog_one2one	1	82.4047
Gfod1	ENSMUSG00000051335	GFOD1	ENSMFAG00000003241	ortholog_one2one	1	98.2051
Gfpt1	ENSMUSG00000029992	GFPT1	ENSMFAG00000003721	ortholog_one2one	1	98.6784
Gfpt2	ENSMUSG00000020363	GFPT2	ENSMFAG00000045396	ortholog_one2one	1	93.695
Gfra1	ENSMUSG00000025089	GFRA1	ENSMFAG00000001953	ortholog_one2one	1	93.5897
Gfra3	ENSMUSG00000024366	GFRA3	ENSMFAG00000043925	ortholog_one2one	1	63.2242
Gfra4	ENSMUSG00000027316	GFRA4	ENSMFAG00000040842	ortholog_one2one	1	56.9536
Gfus	ENSMUSG00000022570	GFUS	ENSMFAG00000045210	ortholog_one2one	1	94.081
Gga1	ENSMUSG00000033128	GGA1	ENSMFAG00000044315	ortholog_one2one	1	91.4961
Gga2	ENSMUSG00000030872	GGA2	ENSMFAG00000032387	ortholog_one2one	1	87.3964
Gga3	ENSMUSG00000020740	GGA3	ENSMFAG00000000928	ortholog_one2one	1	84.9582
Ggct	ENSMUSG00000002797	GGCT	ENSMFAG00000033057	ortholog_one2one	1	80.8511
Ggcx	ENSMUSG00000053460	GGCX	ENSMFAG00000045991	ortholog_one2one	1	89.0357
Ggps1	ENSMUSG00000021302	GGPS1	ENSMFAG00000033173	ortholog_one2one	1	93.3333
Ggt5	ENSMUSG00000006344	GGT5	ENSMFAG00000001878	ortholog_one2one	1	78.3595
Ggt6	ENSMUSG00000040471	GGT6	ENSMFAG00000047923	ortholog_one2one	1	69.4165
Ggt7	ENSMUSG00000027603	GGT7	ENSMFAG00000046311	ortholog_one2one	1	94.5619
Ghdc	ENSMUSG00000017747	GHDC	ENSMFAG00000001371	ortholog_one2one	1	74.2481
Ghitm	ENSMUSG00000041028	GHITM	ENSMFAG00000043812	ortholog_one2one	1	90.4624
Ghrh	ENSMUSG00000027643	GHRH	ENSMFAG00000044486	ortholog_one2one	1	60.1942
Ghrhr	ENSMUSG00000004654	GHRHR	ENSMFAG00000031512	ortholog_one2one	1	75.6501
Ghrl	ENSMUSG00000064177	GHRL	ENSMFAG00000043669	ortholog_one2one	1	82.0513
Ghsr	ENSMUSG00000051136	GHSR	ENSMFAG00000049961	ortholog_one2one	1	95.0549
Gid8	ENSMUSG00000027573	GID8	ENSMFAG00000064422	ortholog_one2one	1	99.5614
Gigyf1	ENSMUSG00000029714	GIGYF1	ENSMFAG00000033735	ortholog_one2one	1	90.2299
Gigyf2	ENSMUSG00000048000	GIGYF2	ENSMFAG00000042850	ortholog_one2one	1	94.6553
Gimap1	ENSMUSG00000090019	GIMAP1	ENSMFAG00000055567	ortholog_one2one	1	56
Gimap4	ENSMUSG00000054435	GIMAP4	ENSMFAG00000001041	ortholog_one2one	1	61.2805
Gimap7	ENSMUSG00000043931	GIMAP7	ENSMFAG00000036396	ortholog_one2one	1	62.116
Gimap8	ENSMUSG00000064262	GIMAP8	ENSMFAG00000002026	ortholog_one2one	1	51.7442
Gimd1	ENSMUSG00000091721	GIMD1	ENSMFAG00000007005	ortholog_one2one	1	71.4286
Gin1	ENSMUSG00000026333	GIN1	ENSMFAG00000033277	ortholog_one2one	1	86.1004
Ginm1	ENSMUSG00000040006	GINM1	ENSMFAG00000060091	ortholog_one2one	1	69.8171
Gins1	ENSMUSG00000027454	GINS1	ENSMFAG00000002736	ortholog_one2one	1	93.8775
Gins2	ENSMUSG00000031821	GINS2	ENSMFAG00000002508	ortholog_one2one	1	92.973
Gins4	ENSMUSG00000031546	GINS4	ENSMFAG00000002972	ortholog_one2one	1	88.3408
Gip	ENSMUSG00000014351	GIP	ENSMFAG00000045846	ortholog_one2one	1	73.6111
Gipc1	ENSMUSG00000019433	GIPC1	ENSMFAG00000042501	ortholog_one2one	1	69.97
Gipc2	ENSMUSG00000039131	GIPC2	ENSMFAG00000059582	ortholog_one2one	1	82.1656
Gipr	ENSMUSG00000030406	GIPR	ENSMFAG00000043015	ortholog_one2one	1	80.8696
Git1	ENSMUSG00000011877	GIT1	ENSMFAG00000039346	ortholog_one2one	1	97.5033
Git2	ENSMUSG00000041890	GIT2	ENSMFAG00000038129	ortholog_one2one	1	90.3821
Gja1	ENSMUSG00000050953	GJA1	ENSMFAG00000038903	ortholog_one2one	1	97.644
Gja10	ENSMUSG00000051056	GJA10	ENSMFAG00000035012	ortholog_one2one	1	80.2846
Gja4	ENSMUSG00000050234	GJA4	ENSMFAG00000041783	ortholog_one2one	1	89.4895
Gja5	ENSMUSG00000057123	GJA5	ENSMFAG00000018627	ortholog_one2one	1	84.3575
Gja8	ENSMUSG00000049908	GJA8	ENSMFAG00000040959	ortholog_one2one	1	86.8182
Gjb1	ENSMUSG00000047797	GJB1	ENSMFAG00000063942	ortholog_one2one	1	98.5866
Gjb2	ENSMUSG00000046352	GJB2	ENSMFAG00000064221	ortholog_one2one	1	92.0354
Gjb3	ENSMUSG00000042367	GJB3	ENSMFAG00000033734	ortholog_one2one	1	81.1111
Gjb4	ENSMUSG00000046623	GJB4	ENSMFAG00000004579	ortholog_one2one	1	86.8421
Gjb5	ENSMUSG00000042357	GJB5	ENSMFAG00000004700	ortholog_one2one	1	76.7528
Gjb6	ENSMUSG00000040055	GJB6	ENSMFAG00000013419	ortholog_one2one	1	94.636
Gje1	ENSMUSG00000019867	GJE1	ENSMFAG00000000363	ortholog_one2one	1	83.4146
Gk	ENSMUSG00000025059	GK	ENSMFAG00000038992	ortholog_one2many	1	94.8473
Gk2	ENSMUSG00000050553	GK2	ENSMFAG00000013321	ortholog_one2one	1	83.935
Gk5	ENSMUSG00000041440	GK5	ENSMFAG00000039065	ortholog_one2one	1	79.588
Gkap1	ENSMUSG00000021552	GKAP1	ENSMFAG00000002304	ortholog_one2one	1	84.9727
Gkn1	ENSMUSG00000030050	GKN1	ENSMFAG00000032957	ortholog_one2one	1	61.413
Gkn2	ENSMUSG00000030049	GKN2	ENSMFAG00000044673	ortholog_one2one	1	65.7609
Gla	ENSMUSG00000031266	GLA	ENSMFAG00000032541	ortholog_one2one	1	77.6722
Glb1	ENSMUSG00000045594	GLB1	ENSMFAG00000005291	ortholog_one2one	1	75.425
Glb1l	ENSMUSG00000026200	GLB1L	ENSMFAG00000003895	ortholog_one2one	1	81.4241
Glb1l2	ENSMUSG00000036395	GLB1L2	ENSMFAG00000044876	ortholog_one2one	1	79.0881
Glb1l3	ENSMUSG00000031966	GLB1L3	ENSMFAG00000000783	ortholog_one2one	1	63.2931
Glcci1	ENSMUSG00000029638	GLCCI1	ENSMFAG00000038435	ortholog_one2one	1	94.2379
Glce	ENSMUSG00000032252	GLCE	ENSMFAG00000045812	ortholog_one2one	1	96.2783
Gldn	ENSMUSG00000046167	GLDN	ENSMFAG00000041483	ortholog_one2one	1	87.2495
Gle1	ENSMUSG00000019715	GLE1	ENSMFAG00000036995	ortholog_one2one	1	82.8326
Glg1	ENSMUSG00000003316	GLG1	ENSMFAG00000020124	ortholog_one2one	1	96.766
Gli1	ENSMUSG00000025407	GLI1	ENSMFAG00000032745	ortholog_one2one	1	85.8686
Gli2	ENSMUSG00000048402	GLI2	ENSMFAG00000003477	ortholog_one2one	1	76.8782
Glis1	ENSMUSG00000034762	GLIS1	ENSMFAG00000041049	ortholog_one2one	1	69.8352
Glis2	ENSMUSG00000014303	GLIS2	ENSMFAG00000041657	ortholog_one2one	1	78.119
Glmn	ENSMUSG00000029276	GLMN	ENSMFAG00000035560	ortholog_one2one	1	86.4094
Glo1	ENSMUSG00000024026	GLO1	ENSMFAG00000046082	ortholog_one2one	1	87.5
Glod4	ENSMUSG00000017286	GEMIN4	ENSMFAG00000037363	ortholog_one2many	1	63.8314
Glod5	ENSMUSG00000031163	GLOD5	ENSMFAG00000042609	ortholog_one2one	1	79.7297
Glp2r	ENSMUSG00000049928	GLP2R	ENSMFAG00000038487	ortholog_one2one	1	80.2734
Glra1	ENSMUSG00000000263	GLRA1	ENSMFAG00000033181	ortholog_one2one	1	99.1247
Glra2	ENSMUSG00000018589	GLRA2	ENSMFAG00000041989	ortholog_one2one	1	98.8938
Glra3	ENSMUSG00000038257	GLRA3	ENSMFAG00000034554	ortholog_one2one	1	98.9224
Glrb	ENSMUSG00000028020	GLRB	ENSMFAG00000001940	ortholog_one2one	1	97.1774
Glrx	ENSMUSG00000021591	GLRX	ENSMFAG00000039086	ortholog_one2one	1	87.8505
Glrx3	ENSMUSG00000031068	GLRX3	ENSMFAG00000001366	ortholog_one2one	1	80.7487
Glrx5	ENSMUSG00000021102	GLRX5	ENSMFAG00000045170	ortholog_one2one	1	90.1316
Gls	ENSMUSG00000026103	GLS	ENSMFAG00000044211	ortholog_one2one	1	92.4332
Gls2	ENSMUSG00000044005	GLS2	ENSMFAG00000045451	ortholog_one2one	1	93.8538
Glt1d1	ENSMUSG00000049971	GLT1D1	ENSMFAG00000033456	ortholog_one2one	1	69.0751
Glt6d1	ENSMUSG00000036401	GLT6D1	ENSMFAG00000040988	ortholog_one2one	1	61.4148
Glt8d1	ENSMUSG00000021916	GLT8D1	ENSMFAG00000043905	ortholog_one2one	1	90.2965
Glt8d2	ENSMUSG00000020251	GLT8D2	ENSMFAG00000045735	ortholog_one2one	1	79.9427
Gltp	ENSMUSG00000011884	GLTP	ENSMFAG00000007238	ortholog_one2one	1	70.8134
Glud1	ENSMUSG00000021794	GLUD1	ENSMFAG00000043717	ortholog_one2many	1	97.1326
Glul	ENSMUSG00000026473	GLUL	ENSMFAG00000040506	ortholog_one2one	1	85.6574
Glyat	ENSMUSG00000063683	GLYAT	ENSMFAG00000020795	ortholog_one2one	1	71.9595
Glyatl3	ENSMUSG00000091043	GLYATL3	ENSMFAG00000000593	ortholog_one2one	1	82.7586
Glyr1	ENSMUSG00000022536	GLYR1	ENSMFAG00000032460	ortholog_one2one	1	98.5507
Gm11100	ENSMUSG00000079357	C3orf49	ENSMFAG00000014502	ortholog_one2one	1	67.1186
Gm11837	ENSMUSG00000086587	C8orf88	ENSMFAG00000051204	ortholog_one2one	1	95.7265
Gm11992	ENSMUSG00000040978	C7orf57	ENSMFAG00000033047	ortholog_one2one	1	74.2268
Gm12695	ENSMUSG00000078639	C1orf87	ENSMFAG00000044638	ortholog_one2one	1	62.3853
Gm136	ENSMUSG00000071015	C6orf163	ENSMFAG00000045620	ortholog_one2one	1	72.561
Gm14137	ENSMUSG00000055926	C15orf62	ENSMFAG00000018717	ortholog_one2one	1	86.2857
Gm17266	ENSMUSG00000117781	C18orf63	ENSMFAG00000029634	ortholog_one2one	1	60.7246
Gm22680	ENSMUSG00000065782	SNORD30	ENSMFAG00000014451	ortholog_one2one	1	92.7536
Gm22711	ENSMUSG00000080540	SNORA76	ENSMFAG00000007651	ortholog_one2many	1	81.9549
Gm22744	ENSMUSG00000065378	SNORD29	ENSMFAG00000064590	ortholog_one2many	1	90.7692
Gm22771	ENSMUSG00000077637	SNORD91	ENSMFAG00000004542	ortholog_one2one	1	89.011
Gm23187	ENSMUSG00000093645	SNORD86	ENSMFAG00000023584	ortholog_one2one	1	94.186
Gm23246	ENSMUSG00000065305	SNORD31	ENSMFAG00000020756	ortholog_one2many	1	86.5672
Gm23650	ENSMUSG00000065289	SNORD56	ENSMFAG00000047383	ortholog_one2one	1	91.4286
Gm23711	ENSMUSG00000119144	SNORD103	ENSMFAG00000049760	ortholog_many2many	1	92.7711
Gm24091	ENSMUSG00000119649	SNORD103	ENSMFAG00000063508	ortholog_many2many	1	90.3614
Gm24119	ENSMUSG00000077167	SNORA53	ENSMFAG00000014540	ortholog_one2one	1	89.0244
Gm24265	ENSMUSG00000119520	U4	ENSMFAG00000057600	ortholog_one2one	1	100
Gm24407	ENSMUSG00000119132	U4	ENSMFAG00000064901	ortholog_one2one	1	100
Gm24452	ENSMUSG00000065281	SNORD27	ENSMFAG00000035320	ortholog_one2one	1	75
Gm24453	ENSMUSG00000065280	SNORD28	ENSMFAG00000030819	ortholog_one2one	1	78.9474
Gm25129	ENSMUSG00000064585	SNORA71	ENSMFAG00000054035	ortholog_one2one	1	84.2105
Gm25187	ENSMUSG00000065840	SNORA71	ENSMFAG00000030225	ortholog_one2one	1	76.6917
Gm25394	ENSMUSG00000087963	SNORA84	ENSMFAG00000019915	ortholog_one2one	1	85.7143
Gm25835	ENSMUSG00000089542	SNORD10	ENSMFAG00000015176	ortholog_one2one	1	77.7778
Gm25894	ENSMUSG00000065392	SNORD26	ENSMFAG00000018552	ortholog_one2one	1	90.6667
Gm25970	ENSMUSG00000087790	SNORD127	ENSMFAG00000017832	ortholog_one2one	1	87.2093
Gm26003	ENSMUSG00000064995	SNORA71	ENSMFAG00000040721	ortholog_one2many	1	71.6814
Gm26265	ENSMUSG00000065211	SNORA50	ENSMFAG00000017889	ortholog_one2one	1	97.037
Gm26265	ENSMUSG00000105690	SNORA76	ENSMFAG00000023193	ortholog_one2one	1	96.9925
Gm26457	ENSMUSG00000064612	SNORD51	ENSMFAG00000010705	ortholog_one2one	1	88.4615
Gm26493	ENSMUSG00000065089	SNORA46	ENSMFAG00000021266	ortholog_one2one	1	88.9706
Gm2a	ENSMUSG00000000594	GM2A	ENSMFAG00000032758	ortholog_one2one	1	67.3575
Gm30191	ENSMUSG00000108398	C1orf232	ENSMFAG00000023073	ortholog_one2one	1	82.3529
Gm34066	ENSMUSG00000109809	C2orf66	ENSMFAG00000035721	ortholog_one2one	1	73
Gm36210	ENSMUSG00000110221	C19orf85	ENSMFAG00000030392	ortholog_one2one	1	61.1354
Gm38999	ENSMUSG00000118553	C19orf84	ENSMFAG00000040645	ortholog_one2one	1	61.0811
Gm40193	ENSMUSG00000109833	C17orf114	ENSMFAG00000002553	ortholog_one2one	1	82.0513
Gm4131	ENSMUSG00000100486	C13orf42	ENSMFAG00000018059	ortholog_one2one	1	77.673
Gm42742	ENSMUSG00000107068	PAGR1	ENSMFAG00000057632	ortholog_one2many	1	86.5613
Gm45261	ENSMUSG00000110100	CCDC195	ENSMFAG00000039663	ortholog_one2one	1	59.3909
Gm49336	ENSMUSG00000114797	NUP58	ENSMFAG00000042591	ortholog_one2one	1	85.3492
Gm525	ENSMUSG00000072553	C17orf67	ENSMFAG00000044148	ortholog_one2one	1	83.3333
Gm527	ENSMUSG00000047227	C14orf28	ENSMFAG00000032623	ortholog_one2one	1	97.0968
Gm5478	ENSMUSG00000095241	KRT5	ENSMFAG00000037676	ortholog_one2many	1	63.1776
Gm5485	ENSMUSG00000110573	C3orf85	ENSMFAG00000044276	ortholog_one2one	1	61.5385
Gm55600	ENSMUSG00002076293	MIR191	ENSMFAG00000011109	ortholog_one2one	1	55.8333
Gm5617	ENSMUSG00000042293	C11orf71	ENSMFAG00000056584	ortholog_one2one	1	66.6667
Gm94	ENSMUSG00000071858	C5orf46	ENSMFAG00000001550	ortholog_one2one	1	64.5161
Gm973	ENSMUSG00000047361	KIAA2012	ENSMFAG00000043184	ortholog_one2one	1	58.6402
Gmcl1	ENSMUSG00000001157	GMCL1	ENSMFAG00000003922	ortholog_one2many	1	88.3588
Gmds	ENSMUSG00000038372	GMDS	ENSMFAG00000031316	ortholog_one2one	1	97.043
Gmeb1	ENSMUSG00000028901	GMEB1	ENSMFAG00000031717	ortholog_one2one	1	95.3737
Gmeb2	ENSMUSG00000038705	GMEB2	ENSMFAG00000053299	ortholog_one2one	1	88.8679
Gmfb	ENSMUSG00000062014	GMFB	ENSMFAG00000036199	ortholog_one2one	1	97.8873
Gmip	ENSMUSG00000036246	GMIP	ENSMFAG00000046087	ortholog_one2one	1	78.5788
Gmnc	ENSMUSG00000068428	GMNC	ENSMFAG00000031832	ortholog_one2one	1	78.3784
Gmnn	ENSMUSG00000006715	GMNN	ENSMFAG00000031787	ortholog_one2one	1	77.1845
Gmppa	ENSMUSG00000033021	GMPPA	ENSMFAG00000041906	ortholog_one2one	1	98.0952
Gmpr	ENSMUSG00000000253	GMPR	ENSMFAG00000036837	ortholog_one2one	1	95.3623
Gmpr2	ENSMUSG00000002326	GMPR2	ENSMFAG00000030869	ortholog_one2one	1	92.5287
Gmps	ENSMUSG00000027823	GMPS	ENSMFAG00000039350	ortholog_one2one	1	97.9798
Gna12	ENSMUSG00000000149	GNA12	ENSMFAG00000046194	ortholog_one2one	1	69.1293
Gna13	ENSMUSG00000020611	GNA13	ENSMFAG00000001747	ortholog_one2one	1	96.817
Gna14	ENSMUSG00000024697	GNA14	ENSMFAG00000043028	ortholog_one2one	1	96.9014
Gnai1	ENSMUSG00000057614	GNAI1	ENSMFAG00000001117	ortholog_one2one	1	100
Gnai2	ENSMUSG00000032562	GNAI2	ENSMFAG00000032665	ortholog_one2one	1	98.3099
Gnai3	ENSMUSG00000000001	GNAI3	ENSMFAG00000037770	ortholog_one2one	1	98.3051
Gnat1	ENSMUSG00000034837	GNAT1	ENSMFAG00000032223	ortholog_one2one	1	99.4286
Gnat2	ENSMUSG00000009108	GNAT2	ENSMFAG00000039529	ortholog_one2one	1	95.1977
Gnat3	ENSMUSG00000028777	GNAT3	ENSMFAG00000001103	ortholog_one2one	1	95.4802
Gnaz	ENSMUSG00000040009	GNAZ	ENSMFAG00000045950	ortholog_one2one	1	98.3099
Gnb1	ENSMUSG00000029064	GNB1	ENSMFAG00000040106	ortholog_one2one	1	92.3529
Gnb1l	ENSMUSG00000000884	GNB1L	ENSMFAG00000045528	ortholog_one2one	1	73.0061
Gnb2	ENSMUSG00000029713	GNB2	ENSMFAG00000039171	ortholog_one2one	1	100
Gnb3	ENSMUSG00000023439	GNB3	ENSMFAG00000029449	ortholog_one2one	1	97.0588
Gnb4	ENSMUSG00000027669	GNB4	ENSMFAG00000041470	ortholog_one2one	1	96.7647
Gnb5	ENSMUSG00000032192	GNB5	ENSMFAG00000003513	ortholog_one2one	1	99.1501
Gne	ENSMUSG00000028479	GNE	ENSMFAG00000039922	ortholog_one2one	1	98.615
Gng10	ENSMUSG00000038607	GNG10	ENSMFAG00000039837	ortholog_one2many	1	95.5882
Gng5	ENSMUSG00000068523	GNG5	ENSMFAG00000002373	ortholog_one2one	1	100
Gngt1	ENSMUSG00000029663	GNGT1	ENSMFAG00000052651	ortholog_one2one	1	97.2973
Gngt2	ENSMUSG00000038811	GNGT2	ENSMFAG00000001055	ortholog_one2one	1	81.1594
Gnl2	ENSMUSG00000028869	GNL2	ENSMFAG00000039033	ortholog_one2one	1	85.7143
Gnl3	ENSMUSG00000042354	GNL3	ENSMFAG00000000613	ortholog_one2one	1	69.145
Gnmt	ENSMUSG00000002769	GNMT	ENSMFAG00000045063	ortholog_one2one	1	92.8328
Gnpat	ENSMUSG00000031985	GNPAT	ENSMFAG00000033412	ortholog_one2one	1	81.7109
Gnpda1	ENSMUSG00000052102	GNPDA1	ENSMFAG00000032994	ortholog_one2one	1	92.3875
Gnpda2	ENSMUSG00000029209	GNPDA2	ENSMFAG00000034449	ortholog_one2one	1	96.9112
Gnpnat1	ENSMUSG00000037722	GNPNAT1	ENSMFAG00000062287	ortholog_one2one	1	87.3786
Gnptab	ENSMUSG00000035311	GNPTAB	ENSMFAG00000038457	ortholog_one2one	1	81.2146
Gnptg	ENSMUSG00000035521	GNPTG	ENSMFAG00000031980	ortholog_one2one	1	77.1987
Gnrh1	ENSMUSG00000015812	GNRH1	ENSMFAG00000052417	ortholog_one2one	1	72.2222
Gnrhr	ENSMUSG00000029255	GNRHR	ENSMFAG00000034593	ortholog_one2one	1	90.8257
Gns	ENSMUSG00000034707	GNS	ENSMFAG00000000073	ortholog_one2one	1	90.4412
Golga1	ENSMUSG00000026754	GOLGA1	ENSMFAG00000031129	ortholog_one2one	1	82.058
Golga3	ENSMUSG00000029502	GOLGA3	ENSMFAG00000015229	ortholog_one2one	1	81.0356
Golga5	ENSMUSG00000021192	GOLGA5	ENSMFAG00000001742	ortholog_one2one	1	83.5391
Golga7b	ENSMUSG00000042532	GOLGA7B	ENSMFAG00000002194	ortholog_one2one	1	58.159
Golgb1	ENSMUSG00000034243	GOLGB1	ENSMFAG00000031026	ortholog_one2one	1	75.7272
Golm2	ENSMUSG00000060227	GOLM2	ENSMFAG00000030145	ortholog_one2many	1	88.3905
Golph3	ENSMUSG00000022200	GOLPH3	ENSMFAG00000045311	ortholog_one2one	1	98.6577
Golph3l	ENSMUSG00000046519	GOLPH3L	ENSMFAG00000042364	ortholog_one2one	1	95.4386
Golt1b	ENSMUSG00000030245	GOLT1B	ENSMFAG00000045290	ortholog_one2one	1	97.1014
Gon4l	ENSMUSG00000054199	GON4L	ENSMFAG00000035960	ortholog_one2many	1	74.4248
Gopc	ENSMUSG00000019861	GOPC	ENSMFAG00000032714	ortholog_one2one	1	92.0879
Gorab	ENSMUSG00000040124	GORAB	ENSMFAG00000001853	ortholog_one2one	1	76.3587
Gorasp1	ENSMUSG00000032513	GORASP1	ENSMFAG00000000701	ortholog_one2one	1	81.6143
Gorasp2	ENSMUSG00000014959	GORASP2	ENSMFAG00000045440	ortholog_one2one	1	89.1353
Gosr2	ENSMUSG00000020946	GOSR2	ENSMFAG00000003171	ortholog_one2one	1	80.6604
Got1	ENSMUSG00000025190	GOT1	ENSMFAG00000030230	ortholog_one2one	1	90.3148
Got1l1	ENSMUSG00000039720	GOT1L1	ENSMFAG00000003470	ortholog_one2one	1	74.7525
Got2	ENSMUSG00000031672	GOT2	ENSMFAG00000000866	ortholog_one2one	1	95.3488
Gp2	ENSMUSG00000030954	GP2	ENSMFAG00000041038	ortholog_one2one	1	66.6667
Gpa33	ENSMUSG00000000544	GPA33	ENSMFAG00000001951	ortholog_one2one	1	64.2633
Gpaa1	ENSMUSG00000022561	GPAA1	ENSMFAG00000024125	ortholog_one2one	1	89.694
Gpam	ENSMUSG00000024978	GPAM	ENSMFAG00000032340	ortholog_one2one	1	86.8198
Gpank1	ENSMUSG00000092417	GPANK1	ENSMFAG00000037562	ortholog_one2one	1	78.51
Gpat2	ENSMUSG00000046338	GPAT2	ENSMFAG00000042130	ortholog_one2one	1	83.5206
Gpat3	ENSMUSG00000029314	GPAT3	ENSMFAG00000056266	ortholog_one2one	1	93.379
Gpat4	ENSMUSG00000031545	GPAT4	ENSMFAG00000003498	ortholog_one2one	1	98.0263
Gpatch1	ENSMUSG00000063808	GPATCH1	ENSMFAG00000034418	ortholog_one2one	1	84.7312
Gpatch11	ENSMUSG00000050668	GPATCH11	ENSMFAG00000043245	ortholog_one2one	1	82.9545
Gpatch2l	ENSMUSG00000021254	GPATCH2L	ENSMFAG00000039835	ortholog_one2one	1	83.237
Gpatch3	ENSMUSG00000028850	GPATCH3	ENSMFAG00000030918	ortholog_one2one	1	84.9524
Gpatch8	ENSMUSG00000034621	GPATCH8	ENSMFAG00000039126	ortholog_one2one	1	82.7243
Gpbp1	ENSMUSG00000032745	GPBP1	ENSMFAG00000000066	ortholog_one2one	1	95.5603
Gpbp1l1	ENSMUSG00000034042	GPBP1L1	ENSMFAG00000038278	ortholog_one2one	1	88.7949
Gpc1	ENSMUSG00000034220	GPC1	ENSMFAG00000032000	ortholog_one2one	1	89.228
Gpc2	ENSMUSG00000029510	GPC2	ENSMFAG00000038373	ortholog_one2one	1	81.0017
Gpc3	ENSMUSG00000055653	GPC3	ENSMFAG00000044116	ortholog_one2one	1	94.1278
Gpc4	ENSMUSG00000031119	GPC4	ENSMFAG00000034110	ortholog_one2one	1	94.2549
Gpc5	ENSMUSG00000022112	GPC5	ENSMFAG00000035829	ortholog_one2one	1	70.8835
Gpc6	ENSMUSG00000058571	GPC6	ENSMFAG00000044647	ortholog_one2one	1	96.036
Gpcpd1	ENSMUSG00000027346	GPCPD1	ENSMFAG00000002777	ortholog_one2one	1	91.2593
Gpd1	ENSMUSG00000023019	GPD1	ENSMFAG00000031489	ortholog_one2one	1	94.5559
Gpd1l	ENSMUSG00000050627	GPD1L	ENSMFAG00000032829	ortholog_one2one	1	79.2023
Gpd2	ENSMUSG00000026827	GPD2	ENSMFAG00000031606	ortholog_one2one	1	93.26
Gper1	ENSMUSG00000053647	GPER1	ENSMFAG00000039908	ortholog_one2one	1	86.1333
Gpha2	ENSMUSG00000024784	GPHA2	ENSMFAG00000040663	ortholog_one2one	1	83.5938
Gphb5	ENSMUSG00000048982	GPHB5	ENSMFAG00000049495	ortholog_one2one	1	86.9231
Gphn	ENSMUSG00000047454	GPHN	ENSMFAG00000036313	ortholog_one2one	1	98.5751
Gpi1	ENSMUSG00000036427	GPI	ENSMFAG00000036975	ortholog_one2many	1	87.8136
Gpkow	ENSMUSG00000031148	GPKOW	ENSMFAG00000035346	ortholog_one2one	1	73.3607
Gpld1	ENSMUSG00000021340	GPLD1	ENSMFAG00000045533	ortholog_one2one	1	78.7411
Gpm6a	ENSMUSG00000031517	GPM6A	ENSMFAG00000030986	ortholog_one2one	1	78.4173
Gpm6b	ENSMUSG00000031342	GPM6B	ENSMFAG00000034628	ortholog_one2one	1	98.1413
Gpn1	ENSMUSG00000064037	GPN1	ENSMFAG00000035863	ortholog_one2one	1	87.3656
Gpn2	ENSMUSG00000028848	GPN2	ENSMFAG00000036999	ortholog_one2one	1	95.8064
Gpn3	ENSMUSG00000029464	GPN3	ENSMFAG00000003083	ortholog_one2one	1	94.0141
Gpr101	ENSMUSG00000036357	GPR101	ENSMFAG00000030844	ortholog_one2one	1	71.0372
Gpr107	ENSMUSG00000000194	GPR107	ENSMFAG00000045947	ortholog_one2one	1	76.225
Gpr108	ENSMUSG00000005823	GPR108	ENSMFAG00000038700	ortholog_one2one	1	68.4713
Gpr119	ENSMUSG00000051209	GPR119	ENSMFAG00000016138	ortholog_one2one	1	82.3881
Gpr12	ENSMUSG00000041468	GPR12	ENSMFAG00000033581	ortholog_one2one	1	64.9701
Gpr137	ENSMUSG00000024958	GPR137	ENSMFAG00000041235	ortholog_one2one	1	84.8485
Gpr137b	ENSMUSG00000021306	GPR137B	ENSMFAG00000034812	ortholog_one2one	1	94.5455
Gpr137c	ENSMUSG00000049092	GPR137C	ENSMFAG00000033940	ortholog_one2one	1	91.9622
Gpr139	ENSMUSG00000066197	GPR139	ENSMFAG00000047503	ortholog_one2one	1	96.2319
Gpr141	ENSMUSG00000053101	GPR141	ENSMFAG00000061539	ortholog_one2one	1	80
Gpr142	ENSMUSG00000034677	GPR142	ENSMFAG00000000361	ortholog_one2one	1	69.8113
Gpr146	ENSMUSG00000044197	GPR146	ENSMFAG00000030098	ortholog_one2one	1	75.0751
Gpr149	ENSMUSG00000043441	GPR149	ENSMFAG00000030860	ortholog_one2one	1	79.235
Gpr15	ENSMUSG00000047293	GPR15	ENSMFAG00000014483	ortholog_one2one	1	78.0556
Gpr151	ENSMUSG00000042816	GPR151	ENSMFAG00000030501	ortholog_one2one	1	75.8294
Gpr153	ENSMUSG00000042804	GPR153	ENSMFAG00000038267	ortholog_one2one	1	79.1118
Gpr155	ENSMUSG00000041762	GPR155	ENSMFAG00000035341	ortholog_one2one	1	89.5933
Gpr156	ENSMUSG00000046961	GPR156	ENSMFAG00000000407	ortholog_one2one	1	70.802
Gpr157	ENSMUSG00000047875	GPR157	ENSMFAG00000001842	ortholog_one2one	1	86.0606
Gpr158	ENSMUSG00000045967	GPR158	ENSMFAG00000042015	ortholog_one2one	1	87.1667
Gpr15lg	ENSMUSG00000096001	GPR15LG	ENSMFAG00000043609	ortholog_one2one	1	55.1282
Gpr160	ENSMUSG00000037661	GPR160	ENSMFAG00000028035	ortholog_one2one	1	66.369
Gpr161	ENSMUSG00000040836	GPR161	ENSMFAG00000037639	ortholog_one2one	1	92.4242
Gpr162	ENSMUSG00000038390	GPR162	ENSMFAG00000037690	ortholog_one2one	1	95.4082
Gpr17	ENSMUSG00000052229	GPR17	ENSMFAG00000036834	ortholog_one2one	1	90.5605
Gpr171	ENSMUSG00000050075	GPR171	ENSMFAG00000030882	ortholog_one2one	1	89.3417
Gpr174	ENSMUSG00000073008	GPR174	ENSMFAG00000048513	ortholog_one2one	1	88.0597
Gpr176	ENSMUSG00000040133	GPR176	ENSMFAG00000039488	ortholog_one2one	1	91.068
Gpr179	ENSMUSG00000070337	GPR179	ENSMFAG00000002774	ortholog_one2one	1	64.5007
Gpr18	ENSMUSG00000050350	GPR18	ENSMFAG00000013647	ortholog_one2one	1	85.8006
Gpr180	ENSMUSG00000022131	GPR180	ENSMFAG00000043992	ortholog_one2one	1	83.6735
Gpr182	ENSMUSG00000058396	GPR182	ENSMFAG00000064680	ortholog_one2one	1	74.1206
Gpr183	ENSMUSG00000051212	GPR183	ENSMFAG00000054379	ortholog_one2one	1	87.6751
Gpr19	ENSMUSG00000032641	GPR19	ENSMFAG00000012704	ortholog_one2one	1	89.8795
Gpr20	ENSMUSG00000045281	GPR20	ENSMFAG00000051571	ortholog_one2one	1	75.6983
Gpr22	ENSMUSG00000044067	GPR22	ENSMFAG00000017789	ortholog_one2one	1	96.9907
Gpr26	ENSMUSG00000040125	GPR26	ENSMFAG00000056569	ortholog_one2one	1	94.362
Gpr27	ENSMUSG00000072875	GPR27	ENSMFAG00000053255	ortholog_one2one	1	96.8338
Gpr3	ENSMUSG00000049649	GPR3	ENSMFAG00000026566	ortholog_one2one	1	93.0303
Gpr33	ENSMUSG00000035148	GPR33	ENSMFAG00000038012	ortholog_one2one	1	71.6814
Gpr34	ENSMUSG00000040229	GPR34	ENSMFAG00000031644	ortholog_one2one	1	90.4
Gpr37	ENSMUSG00000039904	GPR37	ENSMFAG00000036183	ortholog_one2one	1	83
Gpr37l1	ENSMUSG00000026424	GPR37L1	ENSMFAG00000045614	ortholog_one2one	1	90.6445
Gpr39	ENSMUSG00000026343	GPR39	ENSMFAG00000041717	ortholog_one2one	1	55.9211
Gpr45	ENSMUSG00000041907	GPR45	ENSMFAG00000016339	ortholog_one2one	1	88.2038
Gpr50	ENSMUSG00000056380	GPR50	ENSMFAG00000034411	ortholog_one2one	1	73.4349
Gpr55	ENSMUSG00000049608	GPR55	ENSMFAG00000025923	ortholog_one2one	1	74.6177
Gpr6	ENSMUSG00000046922	GPR6	ENSMFAG00000002164	ortholog_one2one	1	93.3884
Gpr63	ENSMUSG00000040372	GPR63	ENSMFAG00000007033	ortholog_one2one	1	90.5882
Gpr65	ENSMUSG00000021886	GPR65	ENSMFAG00000029637	ortholog_one2one	1	78.0415
Gpr68	ENSMUSG00000047415	GPR68	ENSMFAG00000004536	ortholog_one2one	1	81.9178
Gpr75	ENSMUSG00000043999	GPR75	ENSMFAG00000064656	ortholog_one2one	1	87.963
Gpr82	ENSMUSG00000047678	GPR82	ENSMFAG00000023715	ortholog_one2one	1	82.6219
Gpr85	ENSMUSG00000048216	GPR85	ENSMFAG00000052996	ortholog_one2one	1	99.7297
Gpr87	ENSMUSG00000051431	GPR87	ENSMFAG00000003685	ortholog_one2one	1	92.1788
Gprasp2	ENSMUSG00000072966	GPRASP2	ENSMFAG00000030449	ortholog_one2one	1	74.5763
Gprc5a	ENSMUSG00000046733	GPRC5A	ENSMFAG00000033480	ortholog_one2one	1	73.5955
Gprc5b	ENSMUSG00000008734	GPRC5B	ENSMFAG00000043980	ortholog_one2one	1	85.1219
Gprc5c	ENSMUSG00000051043	GPRC5C	ENSMFAG00000044390	ortholog_one2one	1	87.9545
Gprc5d	ENSMUSG00000030205	GPRC5D	ENSMFAG00000002909	ortholog_one2one	1	84
Gprin2	ENSMUSG00000071531	GPRIN2	ENSMFAG00000034903	ortholog_one2one	1	74.0659
Gprin3	ENSMUSG00000045441	GPRIN3	ENSMFAG00000049179	ortholog_one2one	1	59.502
Gps1	ENSMUSG00000025156	GPS1	ENSMFAG00000035839	ortholog_one2one	1	94.4867
Gps2	ENSMUSG00000023170	GPS2	ENSMFAG00000035529	ortholog_one2one	1	97.5535
Gpsm1	ENSMUSG00000026930	GPSM1	ENSMFAG00000040736	ortholog_one2one	1	90.6389
Gpsm2	ENSMUSG00000027883	GPSM2	ENSMFAG00000041461	ortholog_one2one	1	91.3108
Gpsm3	ENSMUSG00000034786	GPSM3	ENSMFAG00000044173	ortholog_one2one	1	88.0503
Gpt	ENSMUSG00000022546	GPT	ENSMFAG00000041987	ortholog_one2one	1	77.2177
Gpt2	ENSMUSG00000031700	GPT2	ENSMFAG00000033087	ortholog_one2one	1	90.613
Gpx1	ENSMUSG00000063856	GPX1	ENSMFAG00000035887	ortholog_one2one	1	85.0746
Gpx2	ENSMUSG00000042808	GPX2	ENSMFAG00000039586	ortholog_one2one	1	92.6316
Gpx4	ENSMUSG00000075706	GPX4	ENSMFAG00000036778	ortholog_one2one	1	82.2335
Gpx6	ENSMUSG00000004341	GPX6	ENSMFAG00000002596	ortholog_one2one	1	71.9457
Gpx7	ENSMUSG00000028597	GPX7	ENSMFAG00000041996	ortholog_one2one	1	87.6344
Gpx8	ENSMUSG00000021760	GPX8	ENSMFAG00000049212	ortholog_one2one	1	82.7751
Gramd1a	ENSMUSG00000001248	GRAMD1A	ENSMFAG00000033196	ortholog_one2one	1	92.9363
Gramd1b	ENSMUSG00000040111	GRAMD1B	ENSMFAG00000023822	ortholog_one2one	1	93.6219
Gramd1c	ENSMUSG00000036292	GRAMD1C	ENSMFAG00000032955	ortholog_one2one	1	80.5136
Gramd2a	ENSMUSG00000074259	GRAMD2A	ENSMFAG00000034562	ortholog_one2one	1	75.641
Gramd2b	ENSMUSG00000001700	GRAMD2B	ENSMFAG00000044063	ortholog_one2one	1	83.2947
Gramd4	ENSMUSG00000035900	GRAMD4	ENSMFAG00000045635	ortholog_one2one	1	88.1517
Grap	ENSMUSG00000004837	GRAP	ENSMFAG00000033298	ortholog_one2one	1	91.7051
Grap2	ENSMUSG00000042351	GRAP2	ENSMFAG00000059094	ortholog_one2one	1	88.1988
Grb10	ENSMUSG00000020176	GRB10	ENSMFAG00000002619	ortholog_one2one	1	77.1812
Grb14	ENSMUSG00000026888	GRB14	ENSMFAG00000031856	ortholog_one2one	1	83.0855
Grb2	ENSMUSG00000059923	GRB2	ENSMFAG00000000037	ortholog_one2one	1	99.5392
Grb7	ENSMUSG00000019312	GRB7	ENSMFAG00000040332	ortholog_one2one	1	89.9065
Grcc10	ENSMUSG00000072772	C12orf57	ENSMFAG00000054549	ortholog_one2one	1	96.8254
Greb1l	ENSMUSG00000042942	GREB1L	ENSMFAG00000037135	ortholog_one2one	1	91.1657
Grem1	ENSMUSG00000074934	GREM1	ENSMFAG00000065206	ortholog_one2one	1	97.8261
Grhl1	ENSMUSG00000020656	GRHL1	ENSMFAG00000032356	ortholog_one2one	1	94.9838
Grhl3	ENSMUSG00000037188	GRHL3	ENSMFAG00000042460	ortholog_one2one	1	86.4013
Grhpr	ENSMUSG00000035637	GRHPR	ENSMFAG00000033340	ortholog_one2one	1	82.6219
Gria1	ENSMUSG00000020524	GRIA1	ENSMFAG00000043353	ortholog_one2one	1	96.1717
Gria2	ENSMUSG00000033981	GRIA2	ENSMFAG00000042771	ortholog_one2one	1	99.6602
Gria4	ENSMUSG00000025892	GRIA4	ENSMFAG00000001913	ortholog_one2one	1	97.2851
Grid1	ENSMUSG00000041078	GRID1	ENSMFAG00000038022	ortholog_one2one	1	98.5134
Grid2	ENSMUSG00000071424	GRID2	ENSMFAG00000043573	ortholog_one2one	1	97.8153
Grifin	ENSMUSG00000036586	GRIFIN	ENSMFAG00000032493	ortholog_one2one	1	73.6111
Grik1	ENSMUSG00000022935	GRIK1	ENSMFAG00000039272	ortholog_one2one	1	97.9006
Grik2	ENSMUSG00000056073	GRIK2	ENSMFAG00000040349	ortholog_one2one	1	99.0088
Grik3	ENSMUSG00000001985	GRIK3	ENSMFAG00000002477	ortholog_one2one	1	99.0207
Grik4	ENSMUSG00000032017	GRIK4	ENSMFAG00000036614	ortholog_one2one	1	86.1925
Grik5	ENSMUSG00000003378	GRIK5	ENSMFAG00000039157	ortholog_one2one	1	94.5863
Grin2a	ENSMUSG00000059003	GRIN2A	ENSMFAG00000037083	ortholog_one2one	1	82.7186
Grin2b	ENSMUSG00000030209	GRIN2B	ENSMFAG00000007024	ortholog_one2one	1	98.6505
Grin2c	ENSMUSG00000020734	GRIN2C	ENSMFAG00000045163	ortholog_one2one	1	73.0428
Grin2d	ENSMUSG00000002771	GRIN2D	ENSMFAG00000031618	ortholog_one2one	1	82.9176
Grin3a	ENSMUSG00000039579	GRIN3A	ENSMFAG00000044847	ortholog_one2one	1	93.9013
Grina	ENSMUSG00000022564	GRINA	ENSMFAG00000032191	ortholog_one2one	1	93.913
Grip1	ENSMUSG00000034813	GRIP1	ENSMFAG00000034631	ortholog_one2one	1	95.7604
Grip2	ENSMUSG00000030098	GRIP2	ENSMFAG00000035973	ortholog_one2one	1	88.7716
Gripap1	ENSMUSG00000031153	GRIPAP1	ENSMFAG00000002305	ortholog_one2one	1	89.8447
Grk1	ENSMUSG00000031450	GRK1	ENSMFAG00000039991	ortholog_one2one	1	83.6879
Grk2	ENSMUSG00000024858	GRK2	ENSMFAG00000002282	ortholog_one2one	1	92.8882
Grk4	ENSMUSG00000052783	GRK4	ENSMFAG00000000327	ortholog_one2one	1	72.4739
Grk6	ENSMUSG00000074886	GRK6	ENSMFAG00000037374	ortholog_one2one	1	91.8403
Grm2	ENSMUSG00000023192	GRM2	ENSMFAG00000045888	ortholog_one2one	1	97.0183
Grm3	ENSMUSG00000003974	GRM3	ENSMFAG00000002229	ortholog_one2one	1	96.7008
Grm4	ENSMUSG00000063239	GRM4	ENSMFAG00000043495	ortholog_one2one	1	97.3684
Grm5	ENSMUSG00000049583	GRM5	ENSMFAG00000034520	ortholog_one2one	1	95.7301
Grm6	ENSMUSG00000000617	GRM6	ENSMFAG00000002639	ortholog_one2one	1	84.845
Grm7	ENSMUSG00000056755	GRM7	ENSMFAG00000027785	ortholog_one2one	1	97.7049
Grm8	ENSMUSG00000024211	GRM8	ENSMFAG00000000810	ortholog_one2one	1	98.348
Grn	ENSMUSG00000034708	GRN	ENSMFAG00000038260	ortholog_one2one	1	75.2122
Grp	ENSMUSG00000024517	GRP	ENSMFAG00000003937	ortholog_one2one	1	57.5342
Grpel1	ENSMUSG00000029198	GRPEL1	ENSMFAG00000059933	ortholog_one2one	1	88.0184
Grpel2	ENSMUSG00000024580	GRPEL2	ENSMFAG00000044538	ortholog_one2one	1	84.8214
Grpr	ENSMUSG00000031364	GRPR	ENSMFAG00000064412	ortholog_one2one	1	90.3646
Grsf1	ENSMUSG00000044221	GRSF1	ENSMFAG00000037346	ortholog_one2one	1	91.6493
Grtp1	ENSMUSG00000038515	GRTP1	ENSMFAG00000039147	ortholog_one2one	1	80.9941
Grwd1	ENSMUSG00000053801	GRWD1	ENSMFAG00000030565	ortholog_one2one	1	91.0314
Grxcr1	ENSMUSG00000068082	GRXCR1	ENSMFAG00000037806	ortholog_one2one	1	93.1034
Gsap	ENSMUSG00000039934	GSAP	ENSMFAG00000007311	ortholog_one2one	1	74.8252
Gsc	ENSMUSG00000021095	GSC	ENSMFAG00000055121	ortholog_one2one	1	79.6875
Gsdma2	ENSMUSG00000017211	GSDMA	ENSMFAG00000008821	ortholog_one2many	1	75.8465
Gsdma3	ENSMUSG00000064224	GSDMA	ENSMFAG00000008821	ortholog_one2many	1	73.0603
Gsdmd	ENSMUSG00000022575	GSDMD	ENSMFAG00000002466	ortholog_one2one	1	55.6468
Gsdme	ENSMUSG00000029821	GSDME	ENSMFAG00000045660	ortholog_one2one	1	67.5781
Gse1	ENSMUSG00000031822	GSE1	ENSMFAG00000041181	ortholog_one2one	1	87.6533
Gsg1l	ENSMUSG00000046182	GSG1L	ENSMFAG00000034217	ortholog_one2one	1	84.472
Gsg1l2	ENSMUSG00000097886	GSG1L2	ENSMFAG00000038596	ortholog_one2one	1	69.6552
Gsk3a	ENSMUSG00000057177	GSK3A	ENSMFAG00000001497	ortholog_one2one	1	93.0612
Gsk3b	ENSMUSG00000022812	GSK3B	ENSMFAG00000002620	ortholog_one2one	1	99.0476
Gskip	ENSMUSG00000044715	GSKIP	ENSMFAG00000039414	ortholog_one2one	1	90.2778
Gsn	ENSMUSG00000026879	GSN	ENSMFAG00000045940	ortholog_one2one	1	94.6648
Gspt1	ENSMUSG00000062203	GSPT1	ENSMFAG00000037675	ortholog_one2one	1	91.5094
Gsr	ENSMUSG00000031584	GSR	ENSMFAG00000003439	ortholog_one2one	1	83.2
Gss	ENSMUSG00000027610	GSS	ENSMFAG00000042365	ortholog_one2one	1	88.6076
Gstcd	ENSMUSG00000028018	GSTCD	ENSMFAG00000000581	ortholog_one2one	1	84.2271
Gstm5	ENSMUSG00000004032	GSTM3	ENSMFAG00000035350	ortholog_one2one	1	88.3929
Gstm7	ENSMUSG00000004035	GSTM5	ENSMFAG00000038873	ortholog_one2one	1	66.055
Gsto1	ENSMUSG00000025068	GSTO1	ENSMFAG00000033599	ortholog_one2one	1	73.3333
Gsto2	ENSMUSG00000025069	GSTO2	ENSMFAG00000050681	ortholog_one2one	1	82.6613
Gstp1	ENSMUSG00000060803	GSTP1	ENSMFAG00000032564	ortholog_one2many	1	85.7143
Gstp2	ENSMUSG00000038155	GSTP1	ENSMFAG00000032564	ortholog_one2many	1	84.2857
Gstz1	ENSMUSG00000021033	GSTZ1	ENSMFAG00000036081	ortholog_one2one	1	83.7963
Gsx1	ENSMUSG00000053129	GSX1	ENSMFAG00000037158	ortholog_one2one	1	96.9349
Gsx2	ENSMUSG00000035946	GSX2	ENSMFAG00000038491	ortholog_one2one	1	90.1639
Gtdc1	ENSMUSG00000036890	GTDC1	ENSMFAG00000032520	ortholog_one2one	1	80.2247
Gtf2a1l	ENSMUSG00000024154	GTF2A1L	ENSMFAG00000003441	ortholog_one2one	1	73.0769
Gtf2e2	ENSMUSG00000031585	GTF2E2	ENSMFAG00000031671	ortholog_one2one	1	94.1781
Gtf2f1	ENSMUSG00000002658	GTF2F1	ENSMFAG00000003355	ortholog_one2one	1	91.1417
Gtf2f2	ENSMUSG00000067995	GTF2F2	ENSMFAG00000015620	ortholog_one2one	1	97.5904
Gtf2h3	ENSMUSG00000029387	GTF2H3	ENSMFAG00000035951	ortholog_one2one	1	92.5566
Gtf2h4	ENSMUSG00000001524	GTF2H4	ENSMFAG00000022244	ortholog_one2one	1	98.7041
Gtf2h5	ENSMUSG00000034345	GTF2H5	ENSMFAG00000037102	ortholog_one2one	1	98.5916
Gtf2i	ENSMUSG00000060261	GTF2I	ENSMFAG00000031566	ortholog_one2one	1	97.4464
Gtf2ird1	ENSMUSG00000023079	GTF2IRD1	ENSMFAG00000030668	ortholog_one2one	1	75.8589
Gtf3a	ENSMUSG00000016503	GTF3A	ENSMFAG00000044837	ortholog_one2one	1	73.0769
Gtf3c1	ENSMUSG00000032777	GTF3C1	ENSMFAG00000043052	ortholog_one2one	1	78.3436
Gtf3c3	ENSMUSG00000041303	GTF3C3	ENSMFAG00000030899	ortholog_one2one	1	94.3311
Gtf3c4	ENSMUSG00000035666	GTF3C4	ENSMFAG00000041984	ortholog_one2one	1	93.3904
Gtf3c5	ENSMUSG00000026816	GTF3C5	ENSMFAG00000041901	ortholog_one2one	1	84.8249
Gtf3c6	ENSMUSG00000019837	GTF3C6	ENSMFAG00000001340	ortholog_one2one	1	69.163
Gtpbp1	ENSMUSG00000042535	GTPBP1	ENSMFAG00000037252	ortholog_one2one	1	83.3832
Gtpbp10	ENSMUSG00000040464	GTPBP10	ENSMFAG00000020045	ortholog_one2one	1	83.0601
Gtpbp2	ENSMUSG00000023952	GTPBP2	ENSMFAG00000037532	ortholog_one2one	1	98.505
Gtpbp3	ENSMUSG00000007610	GTPBP3	ENSMFAG00000004345	ortholog_one2one	1	79.2683
Gtpbp4	ENSMUSG00000021149	GTPBP4	ENSMFAG00000046251	ortholog_one2one	1	95.2681
Gtpbp8	ENSMUSG00000022668	GTPBP8	ENSMFAG00000045745	ortholog_one2one	1	73.6842
Gtse1	ENSMUSG00000022385	GTSE1	ENSMFAG00000033240	ortholog_one2one	1	55.6005
Gtsf1	ENSMUSG00000022487	GTSF1	ENSMFAG00000041178	ortholog_one2one	1	91.6168
Guca1a	ENSMUSG00000023982	GUCA1A	ENSMFAG00000035647	ortholog_one2one	1	91.0891
Guca1b	ENSMUSG00000023979	GUCA1B	ENSMFAG00000031539	ortholog_one2one	1	88.0597
Guca2a	ENSMUSG00000023247	GUCA2A	ENSMFAG00000031471	ortholog_one2one	1	54.3103
Guca2b	ENSMUSG00000032978	GUCA2B	ENSMFAG00000038173	ortholog_one2one	1	66.9811
Gucd1	ENSMUSG00000033416	GUCD1	ENSMFAG00000034092	ortholog_one2one	1	93.3054
Gucy1a2	ENSMUSG00000041624	GUCY1A2	ENSMFAG00000034683	ortholog_one2one	1	89.863
Gucy1b1	ENSMUSG00000028005	GUCY1B1	ENSMFAG00000043875	ortholog_one2one	1	94.6774
Gucy2c	ENSMUSG00000042638	GUCY2C	ENSMFAG00000002320	ortholog_one2one	1	81.5299
Gucy2e	ENSMUSG00000020890	GUCY2D	ENSMFAG00000031931	ortholog_one2one	1	76.444
Gucy2f	ENSMUSG00000042282	GUCY2F	ENSMFAG00000045516	ortholog_one2one	1	89.8917
Guf1	ENSMUSG00000029208	GUF1	ENSMFAG00000029386	ortholog_one2one	1	88.9401
Guk1	ENSMUSG00000020444	GUK1	ENSMFAG00000039838	ortholog_one2one	1	74.6269
Gxylt1	ENSMUSG00000036197	GXYLT1	ENSMFAG00000034181	ortholog_one2one	1	60.8911
Gxylt2	ENSMUSG00000030074	GXYLT2	ENSMFAG00000044294	ortholog_one2one	1	82.8829
Gyg1	ENSMUSG00000019528	GYG1	ENSMFAG00000039971	ortholog_one2one	1	85.8859
Gys2	ENSMUSG00000030244	GYS2	ENSMFAG00000002312	ortholog_one2one	1	93.75
Gzf1	ENSMUSG00000027439	GZF1	ENSMFAG00000042408	ortholog_one2one	1	79.8867
Gzma	ENSMUSG00000023132	GZMA	ENSMFAG00000057990	ortholog_one2one	1	65.7692
Gzmk	ENSMUSG00000042385	GZMK	ENSMFAG00000033984	ortholog_one2one	1	72.2433
Gzmm	ENSMUSG00000054206	GZMM	ENSMFAG00000063121	ortholog_one2one	1	50
H13	ENSMUSG00000019188	HM13	ENSMFAG00000038606	ortholog_one2one	1	94.9735
H2-DMa	ENSMUSG00000037649	HLA-DMA	ENSMFAG00000042109	ortholog_one2one	1	68.9655
H2-DMb1	ENSMUSG00000079547	HLA-DMB	ENSMFAG00000004018	ortholog_one2many	1	73.1801
H2-DMb2	ENSMUSG00000037548	HLA-DMB	ENSMFAG00000004018	ortholog_one2many	1	74.3295
H2-Ea	ENSMUSG00000036322	HLA-DRA	ENSMFAG00000032157	ortholog_one2one	1	75.8772
H2-Eb2	ENSMUSG00000067341	HLA-DRB5	ENSMFAG00000000676	ortholog_one2one	1	56.0976
H2-Oa	ENSMUSG00000024334	HLA-DOA	ENSMFAG00000058905	ortholog_one2one	1	72.4
H2-Ob	ENSMUSG00000041538	HLA-DOB	ENSMFAG00000003652	ortholog_one2one	1	74.1697
H2ac18	ENSMUSG00000064220	H2AC18	ENSMFAG00000065787	ortholog_one2one	1	100
H2ac20	ENSMUSG00000068855	H2AC20	ENSMFAG00000005216	ortholog_one2one	1	100
H2ac21	ENSMUSG00000063689	H2AC21	ENSMFAG00000054389	ortholog_one2one	1	99.2308
H2aj	ENSMUSG00000060032	H2AJ	ENSMFAG00000060261	ortholog_one2one	1	98.4127
H2ax	ENSMUSG00000049932	H2AX	ENSMFAG00000061491	ortholog_one2one	1	97.2028
H2az1	ENSMUSG00000037894	H2AZ1	ENSMFAG00000002478	ortholog_one2one	1	100
H2az2	ENSMUSG00000041126	H2AZ2	ENSMFAG00000040562	ortholog_one2one	1	51.5464
H2bc1	ENSMUSG00000050799	H2BC1	ENSMFAG00000051470	ortholog_one2one	1	94.4882
H2bc18	ENSMUSG00000105827	H2BC18	ENSMFAG00000003396	ortholog_one2one	1	100
H6pd	ENSMUSG00000028980	H6PD	ENSMFAG00000003162	ortholog_one2one	1	80.4816
Haao	ENSMUSG00000000673	HAAO	ENSMFAG00000000346	ortholog_one2one	1	63.6364
Habp2	ENSMUSG00000025075	HABP2	ENSMFAG00000037647	ortholog_one2one	1	78.9168
Habp4	ENSMUSG00000021476	HABP4	ENSMFAG00000034124	ortholog_one2one	1	69.6602
Hacd1	ENSMUSG00000063275	HACD1	ENSMFAG00000040973	ortholog_one2one	1	93.5484
Hacd2	ENSMUSG00000035376	HACD2	ENSMFAG00000037506	ortholog_one2one	1	69.685
Hacd3	ENSMUSG00000033629	HACD3	ENSMFAG00000032102	ortholog_one2one	1	90.884
Hacd4	ENSMUSG00000028497	HACD4	ENSMFAG00000059691	ortholog_one2one	1	85.3448
Hace1	ENSMUSG00000038822	HACE1	ENSMFAG00000039999	ortholog_one2one	1	93.2893
Hacl1	ENSMUSG00000021884	HACL1	ENSMFAG00000034241	ortholog_one2one	1	87.0912
Hadh	ENSMUSG00000027984	HADH	ENSMFAG00000033488	ortholog_one2one	1	88.8535
Hadhb	ENSMUSG00000059447	HADHB	ENSMFAG00000031252	ortholog_one2one	1	88.8421
Hagh	ENSMUSG00000024158	HAGH	ENSMFAG00000004030	ortholog_one2one	1	85.4369
Hal	ENSMUSG00000020017	HAL	ENSMFAG00000037303	ortholog_one2one	1	93.6073
Hamp	ENSMUSG00000050440	HAMP	ENSMFAG00000034420	ortholog_one2many	1	56.6265
Hamp2	ENSMUSG00000056978	HAMP	ENSMFAG00000034420	ortholog_one2many	1	51.8072
Hand1	ENSMUSG00000037335	HAND1	ENSMFAG00000000456	ortholog_one2one	1	92.5926
Hand2	ENSMUSG00000038193	HAND2	ENSMFAG00000046008	ortholog_one2one	1	57.1429
Hao1	ENSMUSG00000027261	HAO1	ENSMFAG00000031518	ortholog_one2one	1	87.2973
Hapln1	ENSMUSG00000021613	HAPLN1	ENSMFAG00000047220	ortholog_one2one	1	96.3483
Hapln2	ENSMUSG00000004894	HAPLN2	ENSMFAG00000036444	ortholog_one2one	1	90.3226
Hapln3	ENSMUSG00000030606	HAPLN3	ENSMFAG00000039242	ortholog_one2one	1	76.3231
Hapln4	ENSMUSG00000007594	HAPLN4	ENSMFAG00000029816	ortholog_one2one	1	90.25
Harbi1	ENSMUSG00000027243	HARBI1	ENSMFAG00000002487	ortholog_one2one	1	61.0315
Hars1	ENSMUSG00000001380	HARS1	ENSMFAG00000002630	ortholog_one2one	1	90.9627
Hars2	ENSMUSG00000019143	HARS2	ENSMFAG00000003090	ortholog_one2one	1	81.7822
Has2	ENSMUSG00000022367	HAS2	ENSMFAG00000051883	ortholog_one2one	1	98.913
Has3	ENSMUSG00000031910	HAS3	ENSMFAG00000032682	ortholog_one2one	1	96.5704
Haspin	ENSMUSG00000050107	HASPIN	ENSMFAG00000050121	ortholog_one2one	1	59.6817
Hat1	ENSMUSG00000027018	HAT1	ENSMFAG00000044656	ortholog_one2one	1	93.5096
Haus1	ENSMUSG00000041840	HAUS1	ENSMFAG00000043557	ortholog_one2one	1	82.3741
Haus2	ENSMUSG00000027285	HAUS2	ENSMFAG00000043734	ortholog_one2one	1	70.5128
Haus3	ENSMUSG00000079555	HAUS3	ENSMFAG00000034116	ortholog_one2one	1	79.1228
Haus4	ENSMUSG00000022177	HAUS4	ENSMFAG00000042332	ortholog_one2one	1	77.9614
Haus5	ENSMUSG00000078762	HAUS5	ENSMFAG00000001988	ortholog_one2one	1	71.8901
Haus6	ENSMUSG00000038047	HAUS6	ENSMFAG00000000635	ortholog_one2one	1	64.523
Havcr2	ENSMUSG00000020399	HAVCR2	ENSMFAG00000036143	ortholog_one2one	1	63.3452
Hax1	ENSMUSG00000027944	HAX1	ENSMFAG00000036731	ortholog_one2one	1	80.7143
Hbegf	ENSMUSG00000024486	HBEGF	ENSMFAG00000043747	ortholog_one2one	1	72.5962
Hbp1	ENSMUSG00000002996	HBP1	ENSMFAG00000030375	ortholog_one2one	1	94.2966
Hbs1l	ENSMUSG00000019977	HBS1L	ENSMFAG00000003766	ortholog_one2one	1	86.5152
Hc	ENSMUSG00000026874	C5	ENSMFAG00000033951	ortholog_one2one	1	77.0238
Hcar1	ENSMUSG00000049241	HCAR1	ENSMFAG00000028540	ortholog_one2one	1	81.3411
Hcfc1	ENSMUSG00000031386	HCFC1	ENSMFAG00000035763	ortholog_one2one	1	90.82
Hcfc1r1	ENSMUSG00000023904	HCFC1R1	ENSMFAG00000037663	ortholog_one2one	1	83.3333
Hcfc2	ENSMUSG00000020246	HCFC2	ENSMFAG00000036071	ortholog_one2one	1	89.7507
Hck	ENSMUSG00000003283	HCK	ENSMFAG00000035912	ortholog_one2one	1	90.4573
Hcls1	ENSMUSG00000022831	HCLS1	ENSMFAG00000039904	ortholog_one2one	1	83.7449
Hcn1	ENSMUSG00000021730	HCN1	ENSMFAG00000031844	ortholog_one2one	1	91.5385
Hcn3	ENSMUSG00000028051	HCN3	ENSMFAG00000036135	ortholog_one2one	1	93.9666
Hcn4	ENSMUSG00000032338	HCN4	ENSMFAG00000003272	ortholog_one2one	1	92.9226
Hcrt	ENSMUSG00000045471	HCRT	ENSMFAG00000052935	ortholog_one2one	1	82.3077
Hcrtr1	ENSMUSG00000028778	HCRTR1	ENSMFAG00000044224	ortholog_one2one	1	93.5096
Hcst	ENSMUSG00000064109	HCST	ENSMFAG00000037963	ortholog_one2one	1	79.7468
Hdac1	ENSMUSG00000028800	HDAC1	ENSMFAG00000001093	ortholog_one2many	1	99.5851
Hdac11	ENSMUSG00000034245	HDAC11	ENSMFAG00000036363	ortholog_one2one	1	87.6081
Hdac2	ENSMUSG00000019777	HDAC2	ENSMFAG00000040542	ortholog_one2one	1	99.3852
Hdac3	ENSMUSG00000024454	HDAC3	ENSMFAG00000002489	ortholog_one2one	1	99.7664
Hdac4	ENSMUSG00000026313	HDAC4	ENSMFAG00000033242	ortholog_one2one	1	79.7398
Hdac5	ENSMUSG00000008855	HDAC5	ENSMFAG00000043137	ortholog_one2one	1	93.722
Hdac7	ENSMUSG00000022475	HDAC7	ENSMFAG00000044177	ortholog_one2one	1	85.3945
Hdac8	ENSMUSG00000067567	HDAC8	ENSMFAG00000003160	ortholog_one2one	1	94.4297
Hdac9	ENSMUSG00000004698	HDAC9	ENSMFAG00000008589	ortholog_one2one	1	87.6995
Hdc	ENSMUSG00000027360	HDC	ENSMFAG00000000845	ortholog_one2one	1	86.5559
Hddc2	ENSMUSG00000000295	HDDC2	ENSMFAG00000000882	ortholog_one2one	1	88.9447
Hddc3	ENSMUSG00000030532	HDDC3	ENSMFAG00000054349	ortholog_one2one	1	75.4386
Hdgf	ENSMUSG00000004897	HDGF	ENSMFAG00000033983	ortholog_one2one	1	60.4361
Hdgfl3	ENSMUSG00000025104	HDGFL3	ENSMFAG00000063380	ortholog_one2one	1	95.6098
Hdhd2	ENSMUSG00000025421	HDHD2	ENSMFAG00000012951	ortholog_one2one	1	90.3475
Hdhd3	ENSMUSG00000038422	HDHD3	ENSMFAG00000028807	ortholog_one2one	1	75.6972
Hdhd5	ENSMUSG00000058979	HDHD5	ENSMFAG00000044272	ortholog_one2one	1	74.7017
Hdlbp	ENSMUSG00000034088	HDLBP	ENSMFAG00000033641	ortholog_one2one	1	97.9495
Hdx	ENSMUSG00000034551	HDX	ENSMFAG00000003281	ortholog_one2one	1	87.4277
Heatr1	ENSMUSG00000050244	HEATR1	ENSMFAG00000044672	ortholog_one2one	1	83.3411
Heatr3	ENSMUSG00000031657	HEATR3	ENSMFAG00000002184	ortholog_one2one	1	86.4507
Heatr4	ENSMUSG00000090843	HEATR4	ENSMFAG00000043816	ortholog_one2one	1	63.8743
Heatr5a	ENSMUSG00000035181	HEATR5A	ENSMFAG00000031414	ortholog_one2one	1	87.3405
Heatr5b	ENSMUSG00000039414	HEATR5B	ENSMFAG00000032444	ortholog_one2one	1	96.3285
Heatr9	ENSMUSG00000018925	HEATR9	ENSMFAG00000001762	ortholog_one2one	1	59.9297
Hebp1	ENSMUSG00000042770	HEBP1	ENSMFAG00000031854	ortholog_one2one	1	86.3158
Hectd1	ENSMUSG00000035247	HECTD1	ENSMFAG00000038044	ortholog_one2one	1	98.9272
Hectd2	ENSMUSG00000041180	HECTD2	ENSMFAG00000012546	ortholog_one2one	1	90.0645
Hectd3	ENSMUSG00000046861	HECTD3	ENSMFAG00000032447	ortholog_one2one	1	95.5865
Hectd4	ENSMUSG00000042744	HECTD4	ENSMFAG00000002306	ortholog_one2one	1	97.0349
Hecw2	ENSMUSG00000042807	HECW2	ENSMFAG00000034346	ortholog_one2one	1	94.6134
Heg1	ENSMUSG00000075254	HEG1	ENSMFAG00000002554	ortholog_one2one	1	59.8629
Helb	ENSMUSG00000020228	HELB	ENSMFAG00000034045	ortholog_one2one	1	65.6425
Hells	ENSMUSG00000025001	HELLS	ENSMFAG00000044053	ortholog_one2one	1	91.1084
Helq	ENSMUSG00000035266	HELQ	ENSMFAG00000040731	ortholog_one2one	1	75.6782
Helt	ENSMUSG00000047171	HELT	ENSMFAG00000039500	ortholog_one2one	1	91.6667
Helz	ENSMUSG00000020721	HELZ	ENSMFAG00000045166	ortholog_one2one	1	90.9035
Hemk1	ENSMUSG00000032579	HEMK1	ENSMFAG00000043622	ortholog_one2one	1	70.2941
Henmt1	ENSMUSG00000045662	HENMT1	ENSMFAG00000002745	ortholog_one2one	1	67.3418
Hepacam	ENSMUSG00000046240	HEPACAM	ENSMFAG00000000658	ortholog_one2one	1	86.8421
Hepacam2	ENSMUSG00000044156	HEPACAM2	ENSMFAG00000002249	ortholog_one2one	1	72.7862
Heph	ENSMUSG00000031209	HEPH	ENSMFAG00000039996	ortholog_one2one	1	85.4797
Hephl1	ENSMUSG00000031936	HEPHL1	ENSMFAG00000046086	ortholog_one2one	1	87.9206
Herc1	ENSMUSG00000038664	HERC1	ENSMFAG00000042846	ortholog_one2one	1	97.3863
Herc4	ENSMUSG00000020064	HERC4	ENSMFAG00000041959	ortholog_one2one	1	96.9495
Herpud1	ENSMUSG00000031770	HERPUD1	ENSMFAG00000034370	ortholog_one2one	1	89.0026
Herpud2	ENSMUSG00000008429	HERPUD2	ENSMFAG00000045309	ortholog_one2one	1	89.8515
Hes1	ENSMUSG00000022528	HES1	ENSMFAG00000050733	ortholog_one2one	1	71.9858
Hes5	ENSMUSG00000048001	HES5	ENSMFAG00000044681	ortholog_one2one	1	89.2216
Hes6	ENSMUSG00000067071	HES6	ENSMFAG00000031261	ortholog_one2one	1	86.1607
Hes7	ENSMUSG00000023781	HES7	ENSMFAG00000034203	ortholog_one2one	1	91.1111
Hexa	ENSMUSG00000025232	HEXA	ENSMFAG00000034142	ortholog_one2one	1	82.197
Hexb	ENSMUSG00000021665	HEXB	ENSMFAG00000003959	ortholog_one2one	1	72.5746
Hexim1	ENSMUSG00000048878	HEXIM1	ENSMFAG00000030480	ortholog_one2one	1	85.9551
Hexim2	ENSMUSG00000043372	HEXIM2	ENSMFAG00000032794	ortholog_one2one	1	69.968
Hey1	ENSMUSG00000040289	HEY1	ENSMFAG00000039491	ortholog_one2one	1	88.2943
Hey2	ENSMUSG00000019789	HEY2	ENSMFAG00000032107	ortholog_one2one	1	92.9204
Heyl	ENSMUSG00000032744	HEYL	ENSMFAG00000045585	ortholog_one2one	1	77.3006
Hgd	ENSMUSG00000022821	HGD	ENSMFAG00000041993	ortholog_one2one	1	93.4831
Hgfac	ENSMUSG00000029102	HGFAC	ENSMFAG00000002414	ortholog_one2one	1	79.6325
Hhat	ENSMUSG00000037375	HHAT	ENSMFAG00000003760	ortholog_one2one	1	78.3567
Hhatl	ENSMUSG00000032523	HHATL	ENSMFAG00000002497	ortholog_one2one	1	91.2525
Hhip	ENSMUSG00000064325	HHIP	ENSMFAG00000040378	ortholog_one2one	1	91.2857
Hhipl2	ENSMUSG00000053461	HHIPL2	ENSMFAG00000036732	ortholog_one2one	1	83.682
Hhla1	ENSMUSG00000072511	HHLA1	ENSMFAG00000003855	ortholog_one2one	1	60.5556
Hibadh	ENSMUSG00000029776	HIBADH	ENSMFAG00000035636	ortholog_one2one	1	91.3433
Hibch	ENSMUSG00000041426	HIBCH	ENSMFAG00000045282	ortholog_one2one	1	78.7013
Hic2	ENSMUSG00000050240	HIC2	ENSMFAG00000052756	ortholog_one2one	1	88.2068
Hid1	ENSMUSG00000034586	HID1	ENSMFAG00000032179	ortholog_one2one	1	96.1881
Hif1a	ENSMUSG00000021109	HIF1A	ENSMFAG00000032083	ortholog_one2one	1	89.3541
Hif1an	ENSMUSG00000036450	HIF1AN	ENSMFAG00000043376	ortholog_one2one	1	96.8481
Hif3a	ENSMUSG00000004328	HIF3A	ENSMFAG00000025583	ortholog_one2one	1	81.4759
Higd1a	ENSMUSG00000038412	HIGD1A	ENSMFAG00000003936	ortholog_one2one	1	85.2632
Higd1b	ENSMUSG00000020928	HIGD1B	ENSMFAG00000045678	ortholog_one2one	1	76.5306
Higd1c	ENSMUSG00000093550	HIGD1C	ENSMFAG00000004051	ortholog_one2one	1	81.25
Higd2a	ENSMUSG00000025868	HIGD2A	ENSMFAG00000034686	ortholog_one2one	1	78.3019
Hikeshi	ENSMUSG00000062797	HIKESHI	ENSMFAG00000035626	ortholog_one2one	1	96.9543
Hinfp	ENSMUSG00000032119	HINFP	ENSMFAG00000035740	ortholog_one2one	1	87.0775
Hint2	ENSMUSG00000028470	HINT2	ENSMFAG00000034091	ortholog_one2one	1	87.7301
Hint3	ENSMUSG00000019791	HINT3	ENSMFAG00000040969	ortholog_one2one	1	68.4848
Hip1	ENSMUSG00000039959	HIP1	ENSMFAG00000038127	ortholog_one2one	1	86.4917
Hip1r	ENSMUSG00000000915	HIP1R	ENSMFAG00000046309	ortholog_one2one	1	89.2322
Hipk1	ENSMUSG00000008730	HIPK1	ENSMFAG00000001201	ortholog_one2one	1	97.438
Hipk2	ENSMUSG00000061436	HIPK2	ENSMFAG00000001456	ortholog_one2one	1	95.3177
Hipk3	ENSMUSG00000027177	HIPK3	ENSMFAG00000045654	ortholog_one2one	1	90.5201
Hipk4	ENSMUSG00000040424	HIPK4	ENSMFAG00000043018	ortholog_one2one	1	87.8247
Hira	ENSMUSG00000022702	HIRA	ENSMFAG00000030575	ortholog_one2one	1	87.5862
Hivep1	ENSMUSG00000021366	HIVEP1	ENSMFAG00000032343	ortholog_one2one	1	70.9821
Hivep2	ENSMUSG00000015501	HIVEP2	ENSMFAG00000001298	ortholog_one2one	1	87.8189
Hivep3	ENSMUSG00000028634	HIVEP3	ENSMFAG00000041340	ortholog_one2one	1	76.7888
Hk1	ENSMUSG00000037012	HK1	ENSMFAG00000036059	ortholog_one2one	1	90.9586
Hk3	ENSMUSG00000025877	HK3	ENSMFAG00000000149	ortholog_one2one	1	85.4664
Hkdc1	ENSMUSG00000020080	HKDC1	ENSMFAG00000044430	ortholog_one2one	1	90.8197
Hlcs	ENSMUSG00000040820	HLCS	ENSMFAG00000031411	ortholog_one2one	1	78.2509
Hlf	ENSMUSG00000003949	HLF	ENSMFAG00000032996	ortholog_one2one	1	97.6271
Hltf	ENSMUSG00000002428	HLTF	ENSMFAG00000033863	ortholog_one2one	1	84.347
Hlx	ENSMUSG00000039377	HLX	ENSMFAG00000002500	ortholog_one2one	1	86.7647
Hmbox1	ENSMUSG00000021972	HMBOX1	ENSMFAG00000035548	ortholog_one2one	1	99.0476
Hmbs	ENSMUSG00000032126	HMBS	ENSMFAG00000032079	ortholog_one2one	1	90.5817
Hmcn1	ENSMUSG00000066842	HMCN1	ENSMFAG00000037495	ortholog_one2one	1	87.6819
Hmg20a	ENSMUSG00000032329	HMG20A	ENSMFAG00000037384	ortholog_one2one	1	95.9538
Hmgb1	ENSMUSG00000066551	HMGB1	ENSMFAG00000030905	ortholog_one2one	1	74.4186
Hmgb2	ENSMUSG00000054717	HMGB2	ENSMFAG00000002605	ortholog_one2one	1	97.1429
Hmgb4	ENSMUSG00000048686	HMGB4	ENSMFAG00000009241	ortholog_one2one	1	74.0331
Hmgcl	ENSMUSG00000028672	HMGCL	ENSMFAG00000001549	ortholog_one2one	1	87.6923
Hmgcr	ENSMUSG00000021670	HMGCR	ENSMFAG00000036118	ortholog_one2one	1	93.4611
Hmgcs1	ENSMUSG00000093930	HMGCS1	ENSMFAG00000035333	ortholog_one2one	1	95
Hmgcs2	ENSMUSG00000027875	HMGCS2	ENSMFAG00000043696	ortholog_one2one	1	86.811
Hmgn3	ENSMUSG00000066456	HMGN3	ENSMFAG00000032893	ortholog_one2one	1	80.8081
Hmgxb3	ENSMUSG00000024622	HMGXB3	ENSMFAG00000041979	ortholog_one2one	1	89.1913
Hmgxb4	ENSMUSG00000034518	HMGXB4	ENSMFAG00000045206	ortholog_one2one	1	86.7003
Hmmr	ENSMUSG00000020330	HMMR	ENSMFAG00000035690	ortholog_one2one	1	68.136
Hmox1	ENSMUSG00000005413	HMOX1	ENSMFAG00000042891	ortholog_one2one	1	80.6228
Hmox2	ENSMUSG00000004070	HMOX2	ENSMFAG00000030777	ortholog_one2one	1	88.254
Hmx1	ENSMUSG00000067438	HMX1	ENSMFAG00000034271	ortholog_one2one	1	85.5422
Hnf1a	ENSMUSG00000029556	HNF1A	ENSMFAG00000042762	ortholog_one2one	1	94.4268
Hnf1b	ENSMUSG00000020679	HNF1B	ENSMFAG00000030603	ortholog_one2one	1	96.0526
Hnf4a	ENSMUSG00000017950	HNF4A	ENSMFAG00000035660	ortholog_one2one	1	95.5696
Hnrnpa1	ENSMUSG00000046434	HNRNPA1	ENSMFAG00000031561	ortholog_one2many	1	100
Hnrnpa2b1	ENSMUSG00000004980	HNRNPA2B1	ENSMFAG00000002536	ortholog_one2one	1	98.2405
Hnrnpa3	ENSMUSG00000059005	HNRNPA3	ENSMFAG00000000823	ortholog_one2one	1	99.7361
Hnrnpd	ENSMUSG00000000568	HNRNPD	ENSMFAG00000031674	ortholog_one2one	1	96.9014
Hnrnpdl	ENSMUSG00000029328	HNRNPDL	ENSMFAG00000052836	ortholog_one2one	1	71.4286
Hnrnpf	ENSMUSG00000042079	HNRNPF	ENSMFAG00000021184	ortholog_one2one	1	98.0723
Hnrnph1	ENSMUSG00000007850	HNRNPH1	ENSMFAG00000028267	ortholog_one2one	1	94.9153
Hnrnph2	ENSMUSG00000045427	HNRNPH2	ENSMFAG00000042514	ortholog_one2one	1	99.1091
Hnrnph3	ENSMUSG00000020069	HNRNPH3	ENSMFAG00000039598	ortholog_one2one	1	99.422
Hnrnpk	ENSMUSG00000021546	HNRNPK	ENSMFAG00000042755	ortholog_one2one	1	99.1361
Hnrnpll	ENSMUSG00000024095	HNRNPLL	ENSMFAG00000036807	ortholog_one2one	1	77.8342
Hnrnpm	ENSMUSG00000059208	HNRNPM	ENSMFAG00000037617	ortholog_one2one	1	96.1708
Hnrnpr	ENSMUSG00000066037	HNRNPR	ENSMFAG00000039737	ortholog_one2one	1	99.6835
Hnrnpu	ENSMUSG00000039630	HNRNPU	ENSMFAG00000037308	ortholog_one2one	1	93.125
Hnrnpul1	ENSMUSG00000040725	HNRNPUL1	ENSMFAG00000034257	ortholog_one2one	1	95.227
Hnrnpul2	ENSMUSG00000071659	HNRNPUL2	ENSMFAG00000041014	ortholog_one2one	1	86.7114
Hoatz	ENSMUSG00000032057	HOATZ	ENSMFAG00000036781	ortholog_one2one	1	70.8333
Hoga1	ENSMUSG00000025176	HOGA1	ENSMFAG00000061572	ortholog_one2one	1	89.7196
Homer1	ENSMUSG00000007617	HOMER1	ENSMFAG00000001337	ortholog_one2one	1	98.8701
Homer2	ENSMUSG00000025813	HOMER2	ENSMFAG00000044641	ortholog_one2one	1	90.678
Homer3	ENSMUSG00000003573	HOMER3	ENSMFAG00000031509	ortholog_one2one	1	78.9617
Homez	ENSMUSG00000057156	HOMEZ	ENSMFAG00000032119	ortholog_one2one	1	77.027
Hook1	ENSMUSG00000028572	HOOK1	ENSMFAG00000000847	ortholog_one2one	1	91.7582
Hormad1	ENSMUSG00000028109	HORMAD1	ENSMFAG00000000795	ortholog_one2one	1	77.8061
Hormad2	ENSMUSG00000020419	HORMAD2	ENSMFAG00000041766	ortholog_one2one	1	73.8562
Hoxa1	ENSMUSG00000029844	HOXA1	ENSMFAG00000034381	ortholog_one2one	1	93.1548
Hoxa10	ENSMUSG00000000938	HOXA10	ENSMFAG00000000953	ortholog_one2one	1	90.1442
Hoxa11	ENSMUSG00000038210	HOXA11	ENSMFAG00000044467	ortholog_one2one	1	95.8466
Hoxa13	ENSMUSG00000038203	HOXA13	ENSMFAG00000039716	ortholog_one2one	1	97.4093
Hoxa2	ENSMUSG00000014704	HOXA2	ENSMFAG00000040635	ortholog_one2one	1	95.9677
Hoxa3	ENSMUSG00000079560	HOXA3	ENSMFAG00000053957	ortholog_one2one	1	79.684
Hoxa4	ENSMUSG00000000942	HOXA4	ENSMFAG00000038265	ortholog_one2one	1	71.9298
Hoxa5	ENSMUSG00000038253	HOXA5	ENSMFAG00000061184	ortholog_one2one	1	82.2222
Hoxa6	ENSMUSG00000043219	HOXA6	ENSMFAG00000030075	ortholog_one2one	1	95.6897
Hoxa7	ENSMUSG00000038236	HOXA7	ENSMFAG00000058004	ortholog_one2one	1	92.1397
Hoxa9	ENSMUSG00000038227	HOXA9	ENSMFAG00000041407	ortholog_one2one	1	98.893
Hoxb1	ENSMUSG00000018973	HOXB1	ENSMFAG00000052359	ortholog_one2one	1	85.5219
Hoxb13	ENSMUSG00000049604	HOXB13	ENSMFAG00000039799	ortholog_one2one	1	91.6084
Hoxb2	ENSMUSG00000075588	HOXB2	ENSMFAG00000034146	ortholog_one2one	1	80.791
Hoxb4	ENSMUSG00000038692	HOXB4	ENSMFAG00000041000	ortholog_one2one	1	95.6
Hoxb5	ENSMUSG00000038700	HOXB5	ENSMFAG00000042418	ortholog_one2one	1	94.4238
Hoxb6	ENSMUSG00000000690	HOXB6	ENSMFAG00000002294	ortholog_one2one	1	98.2143
Hoxb7	ENSMUSG00000038721	HOXB7	ENSMFAG00000039298	ortholog_one2one	1	93.5484
Hoxb8	ENSMUSG00000056648	HOXB8	ENSMFAG00000033418	ortholog_one2one	1	98.3539
Hoxb9	ENSMUSG00000020875	HOXB9	ENSMFAG00000062545	ortholog_one2one	1	96.4
Hoxc12	ENSMUSG00000050328	HOXC12	ENSMFAG00000002263	ortholog_one2one	1	96.0714
Hoxc13	ENSMUSG00000001655	HOXC13	ENSMFAG00000062591	ortholog_one2one	1	97.8659
Hoxc6	ENSMUSG00000001661	HOXC6	ENSMFAG00000033368	ortholog_one2one	1	100
Hoxc8	ENSMUSG00000001657	HOXC8	ENSMFAG00000002443	ortholog_one2one	1	100
Hoxc9	ENSMUSG00000036139	HOXC9	ENSMFAG00000042260	ortholog_one2one	1	59.6154
Hoxd1	ENSMUSG00000042448	HOXD1	ENSMFAG00000046035	ortholog_one2one	1	76.5244
Hoxd10	ENSMUSG00000050368	HOXD10	ENSMFAG00000031117	ortholog_one2one	1	89.4118
Hoxd12	ENSMUSG00000001823	HOXD12	ENSMFAG00000051547	ortholog_one2one	1	76.8657
Hoxd13	ENSMUSG00000001819	HOXD13	ENSMFAG00000033237	ortholog_one2one	1	92.6254
Hoxd3	ENSMUSG00000079277	HOXD3	ENSMFAG00000034065	ortholog_one2one	1	88.2217
Hoxd4	ENSMUSG00000101174	HOXD4	ENSMFAG00000052240	ortholog_one2one	1	94
Hoxd8	ENSMUSG00000027102	HOXD8	ENSMFAG00000065214	ortholog_one2one	1	59.8616
Hoxd9	ENSMUSG00000043342	HOXD9	ENSMFAG00000000099	ortholog_one2one	1	89.6755
Hp1bp3	ENSMUSG00000028759	HP1BP3	ENSMFAG00000039770	ortholog_one2one	1	86.8231
Hpca	ENSMUSG00000028785	HPCA	ENSMFAG00000034246	ortholog_one2one	1	100
Hpcal4	ENSMUSG00000046093	HPCAL4	ENSMFAG00000033968	ortholog_one2one	1	99.4764
Hpd	ENSMUSG00000029445	HPD	ENSMFAG00000046346	ortholog_one2one	1	90.5852
Hpf1	ENSMUSG00000038005	HPF1	ENSMFAG00000038736	ortholog_one2one	1	78.6127
Hpgd	ENSMUSG00000031613	HPGD	ENSMFAG00000041220	ortholog_one2one	1	87.7323
Hpn	ENSMUSG00000001249	HPN	ENSMFAG00000041182	ortholog_one2one	1	87.2596
Hprt1	ENSMUSG00000025630	HPRT1	ENSMFAG00000042557	ortholog_one2one	1	90.367
Hps1	ENSMUSG00000025188	HPS1	ENSMFAG00000036329	ortholog_one2one	1	80.3977
Hps3	ENSMUSG00000027615	HPS3	ENSMFAG00000040510	ortholog_one2one	1	81.2375
Hps4	ENSMUSG00000042328	HPS4	ENSMFAG00000000717	ortholog_one2one	1	61.4009
Hps5	ENSMUSG00000014418	HPS5	ENSMFAG00000044104	ortholog_one2one	1	80.373
Hpse	ENSMUSG00000035273	HPSE	ENSMFAG00000030543	ortholog_one2one	1	76.4486
Hpse2	ENSMUSG00000074852	HPSE2	ENSMFAG00000036760	ortholog_one2one	1	97.6351
Hr	ENSMUSG00000022096	HR	ENSMFAG00000040324	ortholog_one2one	1	79.78
Hras	ENSMUSG00000025499	HRAS	ENSMFAG00000039003	ortholog_one2one	1	100
Hrh1	ENSMUSG00000053004	HRH1	ENSMFAG00000030336	ortholog_one2one	1	77.6639
Hrh2	ENSMUSG00000034987	HRH2	ENSMFAG00000032099	ortholog_one2one	1	79.3451
Hrh3	ENSMUSG00000039059	HRH3	ENSMFAG00000040768	ortholog_one2one	1	83.3708
Hrh4	ENSMUSG00000037346	H4	ENSMFAG00000050624	ortholog_one2one	1	68.0307
Hrob	ENSMUSG00000034773	HROB	ENSMFAG00000001047	ortholog_one2one	1	66.8293
Hs2st1	ENSMUSG00000040151	HS2ST1	ENSMFAG00000041676	ortholog_one2one	1	97.4719
Hs3st2	ENSMUSG00000046321	HS3ST2	ENSMFAG00000000041	ortholog_one2one	1	95.3678
Hs3st3a1	ENSMUSG00000047759	HS3ST3A1	ENSMFAG00000062338	ortholog_one2one	1	85.7506
Hs3st3b1	ENSMUSG00000070407	HS3ST3B1	ENSMFAG00000059170	ortholog_one2one	1	71.5385
Hs3st5	ENSMUSG00000044499	HS3ST5	ENSMFAG00000061930	ortholog_one2one	1	96.8208
Hs3st6	ENSMUSG00000039628	HS3ST6	ENSMFAG00000054823	ortholog_one2one	1	87.4269
Hsbp1	ENSMUSG00000031839	HSBP1	ENSMFAG00000000302	ortholog_one2one	1	86.8421
Hsbp1l1	ENSMUSG00000078963	HSBP1L1	ENSMFAG00000001811	ortholog_one2one	1	69.4444
Hsd11b1	ENSMUSG00000016194	HSD11B1	ENSMFAG00000036386	ortholog_one2one	1	78.7671
Hsd11b2	ENSMUSG00000031891	HSD11B2	ENSMFAG00000041126	ortholog_one2one	1	86.2694
Hsd17b1	ENSMUSG00000019301	HSD17B1	ENSMFAG00000030629	ortholog_one2one	1	63.0814
Hsd17b10	ENSMUSG00000025260	HSD17B10	ENSMFAG00000033364	ortholog_one2one	1	88.8889
Hsd17b11	ENSMUSG00000029311	HSD17B11	ENSMFAG00000038343	ortholog_one2one	1	81.8792
Hsd17b12	ENSMUSG00000027195	HSD17B12	ENSMFAG00000030974	ortholog_one2one	1	81.0897
Hsd17b13	ENSMUSG00000034528	HSD17B13	ENSMFAG00000040860	ortholog_one2one	1	81.6667
Hsd17b2	ENSMUSG00000031844	HSD17B2	ENSMFAG00000002586	ortholog_one2one	1	60.105
Hsd17b3	ENSMUSG00000033122	HSD17B3	ENSMFAG00000033598	ortholog_one2one	1	73.7705
Hsd17b4	ENSMUSG00000024507	HSD17B4	ENSMFAG00000039507	ortholog_one2one	1	82.585
Hsd17b6	ENSMUSG00000025396	HSD17B6	ENSMFAG00000040118	ortholog_one2one	1	71.9243
Hsd17b8	ENSMUSG00000073422	HSD17B8	ENSMFAG00000037332	ortholog_one2one	1	87.2587
Hsd3b7	ENSMUSG00000042289	HSD3B7	ENSMFAG00000016219	ortholog_one2one	1	85.3659
Hsdl1	ENSMUSG00000034189	HSDL1	ENSMFAG00000041105	ortholog_one2one	1	88.1818
Hsdl2	ENSMUSG00000028383	HSDL2	ENSMFAG00000039178	ortholog_one2one	1	73.0612
Hsf1	ENSMUSG00000022556	HSF1	ENSMFAG00000030733	ortholog_one2one	1	90.2857
Hsf2	ENSMUSG00000019878	HSF2	ENSMFAG00000032811	ortholog_one2one	1	95.3578
Hsf2bp	ENSMUSG00000002076	HSF2BP	ENSMFAG00000041607	ortholog_one2one	1	87.2781
Hsf4	ENSMUSG00000033249	HSF4	ENSMFAG00000032308	ortholog_one2one	1	86.5854
Hsp90aa1	ENSMUSG00000021270	HSP90AA1	ENSMFAG00000037140	ortholog_one2one	1	99.1814
Hspa12a	ENSMUSG00000025092	HSPA12A	ENSMFAG00000034502	ortholog_one2one	1	95.5556
Hspa13	ENSMUSG00000032932	HSPA13	ENSMFAG00000045279	ortholog_one2one	1	87.4735
Hspa14	ENSMUSG00000109865	HSPA14	ENSMFAG00000044126	ortholog_one2one	1	90.5697
Hspa1l	ENSMUSG00000007033	HSPA1L	ENSMFAG00000000455	ortholog_one2one	1	95.7878
Hspa4l	ENSMUSG00000025757	HSPA4L	ENSMFAG00000003170	ortholog_one2one	1	93.1981
Hspa5	ENSMUSG00000026864	HSPA5	ENSMFAG00000039748	ortholog_one2one	1	98.4733
Hspa9	ENSMUSG00000024359	HSPA9	ENSMFAG00000045132	ortholog_one2one	1	96.0236
Hspb3	ENSMUSG00000051456	HSPB3	ENSMFAG00000030683	ortholog_one2one	1	85.0649
Hspb7	ENSMUSG00000006221	HSPB7	ENSMFAG00000008280	ortholog_one2one	1	94.6746
Hspb8	ENSMUSG00000041548	HSPB8	ENSMFAG00000007246	ortholog_one2one	1	94.3878
Hspbap1	ENSMUSG00000022849	HSPBAP1	ENSMFAG00000045898	ortholog_one2one	1	74.3271
Hspbp1	ENSMUSG00000063802	HSPBP1	ENSMFAG00000044603	ortholog_one2one	1	91.0364
Hspg2	ENSMUSG00000028763	HSPG2	ENSMFAG00000030725	ortholog_one2one	1	83.7098
Hsph1	ENSMUSG00000029657	HSPH1	ENSMFAG00000018638	ortholog_one2one	1	92.1911
Htatsf1	ENSMUSG00000067873	HTATSF1	ENSMFAG00000044705	ortholog_one2one	1	75.2972
Htd2	ENSMUSG00000144287	HTD2	ENSMFAG00000003971	ortholog_one2one	1	79.7468
Htr1b	ENSMUSG00000049511	HTR1B	ENSMFAG00000042700	ortholog_one2one	1	92.228
Htr2a	ENSMUSG00000034997	HTR2A	ENSMFAG00000060544	ortholog_one2one	1	90.6582
Htr2b	ENSMUSG00000026228	HTR2B	ENSMFAG00000003469	ortholog_one2one	1	82.4635
Htr2c	ENSMUSG00000041380	HTR2C	ENSMFAG00000064910	ortholog_one2one	1	90.1961
Htr3a	ENSMUSG00000032269	HTR3A	ENSMFAG00000044451	ortholog_one2one	1	84.6791
Htr3b	ENSMUSG00000008590	HTR3B	ENSMFAG00000002022	ortholog_one2one	1	72.0824
Htr4	ENSMUSG00000026322	HTR4	ENSMFAG00000043212	ortholog_one2one	1	78.553
Htr5a	ENSMUSG00000039106	HTR5A	ENSMFAG00000046388	ortholog_one2one	1	88.5154
Htr6	ENSMUSG00000028747	HTR6	ENSMFAG00000032215	ortholog_one2one	1	77.5
Htr7	ENSMUSG00000024798	HTR7	ENSMFAG00000001114	ortholog_one2one	1	92.6339
Htra1	ENSMUSG00000006205	HTRA1	ENSMFAG00000044439	ortholog_one2one	1	85.625
Htra2	ENSMUSG00000068329	HTRA2	ENSMFAG00000035578	ortholog_one2one	1	74.4541
Htra3	ENSMUSG00000029096	HTRA3	ENSMFAG00000033668	ortholog_one2one	1	83.6601
Htt	ENSMUSG00000029104	HTT	ENSMFAG00000036776	ortholog_one2one	1	88.2051
Hunk	ENSMUSG00000053414	HUNK	ENSMFAG00000043007	ortholog_one2one	1	87.535
Hus1	ENSMUSG00000020413	HUS1	ENSMFAG00000000144	ortholog_one2one	1	78.2918
Huwe1	ENSMUSG00000025261	HUWE1	ENSMFAG00000036347	ortholog_one2one	1	97.3504
Hvcn1	ENSMUSG00000064267	HVCN1	ENSMFAG00000035491	ortholog_one2one	1	76.9517
Hyal1	ENSMUSG00000010051	HYAL1	ENSMFAG00000003015	ortholog_one2one	1	71.4286
Hyal2	ENSMUSG00000010047	HYAL2	ENSMFAG00000000759	ortholog_one2one	1	82.0296
Hyal3	ENSMUSG00000036091	HYAL3	ENSMFAG00000043615	ortholog_one2one	1	79.8544
Hyal4	ENSMUSG00000029680	HYAL4	ENSMFAG00000042410	ortholog_one2one	1	79.4179
Hyal5	ENSMUSG00000029678	SPAM1	ENSMFAG00000033680	ortholog_one2many	1	57.4144
Hycc2	ENSMUSG00000038174	HYCC2	ENSMFAG00000032144	ortholog_one2one	1	95.5631
Hydin	ENSMUSG00000059854	HYDIN	ENSMFAG00000002730	ortholog_one2one	1	77.1828
Hykk	ENSMUSG00000035878	HYKK	ENSMFAG00000041819	ortholog_one2one	1	78.4574
Hyls1	ENSMUSG00000050555	HYLS1	ENSMFAG00000010478	ortholog_one2one	1	78.9809
Hyou1	ENSMUSG00000032115	HYOU1	ENSMFAG00000001531	ortholog_one2one	1	91.992
Hypk	ENSMUSG00000027245	HYPK	ENSMFAG00000057677	ortholog_one2one	1	99.2248
Iah1	ENSMUSG00000062054	IAH1	ENSMFAG00000039055	ortholog_one2one	1	83.9357
Iapp	ENSMUSG00000041681	IAPP	ENSMFAG00000041436	ortholog_one2one	1	65.5914
Iars2	ENSMUSG00000026618	IARS2	ENSMFAG00000000345	ortholog_one2one	1	83.3004
Iba57	ENSMUSG00000049287	IBA57	ENSMFAG00000002470	ortholog_one2one	1	70.1117
Ibsp	ENSMUSG00000029306	IBSP	ENSMFAG00000029098	ortholog_one2one	1	71.9136
Ibtk	ENSMUSG00000035941	IBTK	ENSMFAG00000034378	ortholog_one2one	1	85.503
Ica1	ENSMUSG00000062995	ICA1	ENSMFAG00000046093	ortholog_one2one	1	89.5397
Ica1l	ENSMUSG00000026018	ICA1L	ENSMFAG00000046002	ortholog_one2one	1	82.8306
Icam2	ENSMUSG00000001029	ICAM2	ENSMFAG00000033733	ortholog_one2one	1	59.9278
Icam4	ENSMUSG00000001014	ICAM4	ENSMFAG00000003379	ortholog_one2one	1	67.9389
Icam5	ENSMUSG00000032174	ICAM5	ENSMFAG00000002910	ortholog_one2one	1	73.7187
Ice1	ENSMUSG00000034525	ICE1	ENSMFAG00000037172	ortholog_one2one	1	61.3565
Ice2	ENSMUSG00000032235	ICE2	ENSMFAG00000036919	ortholog_one2one	1	73.8866
Icmt	ENSMUSG00000039662	ICMT	ENSMFAG00000031889	ortholog_one2one	1	96.1268
Icos	ENSMUSG00000026009	ICOS	ENSMFAG00000053159	ortholog_one2one	1	58.5
Id2	ENSMUSG00000020644	ID2	ENSMFAG00000000039	ortholog_one2one	1	98.5075
Id3	ENSMUSG00000007872	ID3	ENSMFAG00000041663	ortholog_one2one	1	94.1176
Ide	ENSMUSG00000056999	IDE	ENSMFAG00000001464	ortholog_one2one	1	94.7988
Idh1	ENSMUSG00000025950	IDH1	ENSMFAG00000037839	ortholog_one2one	1	95.8937
Idh2	ENSMUSG00000030541	IDH2	ENSMFAG00000038291	ortholog_one2one	1	94.9115
Idh3b	ENSMUSG00000027406	IDH3B	ENSMFAG00000031070	ortholog_one2one	1	89.5833
Idi1	ENSMUSG00000058258	IDI1	ENSMFAG00000026656	ortholog_one2one	1	87.6652
Ido1	ENSMUSG00000031551	IDO1	ENSMFAG00000001509	ortholog_one2one	1	59.7052
Ids	ENSMUSG00000035847	IDS	ENSMFAG00000037097	ortholog_one2one	1	83.1522
Idua	ENSMUSG00000033540	IDUA	ENSMFAG00000032030	ortholog_one2one	1	71.2286
Ier3	ENSMUSG00000003541	IER3	ENSMFAG00000035656	ortholog_one2one	1	72.5
Ier3ip1	ENSMUSG00000090000	IER3IP1	ENSMFAG00000060309	ortholog_one2one	1	95.1219
Iffo1	ENSMUSG00000038271	IFFO1	ENSMFAG00000045145	ortholog_one2one	1	94.6429
Iffo2	ENSMUSG00000041025	IFFO2	ENSMFAG00000003216	ortholog_one2one	1	75.5859
Ifi30	ENSMUSG00000031838	IFI30	ENSMFAG00000034585	ortholog_one2one	1	66.129
Ifi35	ENSMUSG00000010358	IFI35	ENSMFAG00000041153	ortholog_one2one	1	60.1399
Ifi44	ENSMUSG00000028037	IFI44	ENSMFAG00000037846	ortholog_one2one	1	56.1611
Ifih1	ENSMUSG00000026896	IFIH1	ENSMFAG00000003848	ortholog_one2one	1	80.5854
Ifit2	ENSMUSG00000045932	IFIT2	ENSMFAG00000044215	ortholog_one2one	1	62.766
Ifit3	ENSMUSG00000074896	IFIT3	ENSMFAG00000045508	ortholog_one2many	1	61.2903
Ifit3b	ENSMUSG00000062488	IFIT3	ENSMFAG00000045508	ortholog_one2many	1	61.7866
Ifitm3	ENSMUSG00000025492	IFITM1	ENSMFAG00000039100	ortholog_many2many	1	51.8248
Ifna1	ENSMUSG00000095498	IFNA8	ENSMFAG00000053442	ortholog_many2many	1	61.3757
Ifna11	ENSMUSG00000100549	IFNA8	ENSMFAG00000053442	ortholog_many2many	1	57.3684
Ifna4	ENSMUSG00000070904	IFNA8	ENSMFAG00000053442	ortholog_many2many	1	55.914
Ifna5	ENSMUSG00000096682	IFNA8	ENSMFAG00000053442	ortholog_many2many	1	60.8466
Ifna6	ENSMUSG00000101252	IFNA8	ENSMFAG00000053442	ortholog_many2many	1	60.3175
Ifna7	ENSMUSG00000100713	IFNA8	ENSMFAG00000053442	ortholog_many2many	1	57.8947
Ifngr2	ENSMUSG00000022965	IFNGR2	ENSMFAG00000001717	ortholog_one2one	1	57.2289
Ifnlr1	ENSMUSG00000062157	IFNLR1	ENSMFAG00000050914	ortholog_one2one	1	53.271
Ifrd1	ENSMUSG00000001627	IFRD1	ENSMFAG00000045385	ortholog_one2one	1	93.3185
Ifrd2	ENSMUSG00000010048	IFRD2	ENSMFAG00000032389	ortholog_one2one	1	88.4354
Ift122	ENSMUSG00000030323	IFT122	ENSMFAG00000030257	ortholog_one2one	1	93.1535
Ift140	ENSMUSG00000024169	IFT140	ENSMFAG00000038575	ortholog_one2one	1	78.9617
Ift172	ENSMUSG00000038564	IFT172	ENSMFAG00000041565	ortholog_one2one	1	96.2836
Ift20	ENSMUSG00000001105	IFT20	ENSMFAG00000032862	ortholog_one2one	1	98.4848
Ift22	ENSMUSG00000007987	IFT22	ENSMFAG00000044026	ortholog_one2one	1	90.8108
Ift25	ENSMUSG00000063172	IFT25	ENSMFAG00000000391	ortholog_one2one	1	85.3147
Ift27	ENSMUSG00000016637	IFT27	ENSMFAG00000045204	ortholog_one2one	1	76.3441
Ift43	ENSMUSG00000007867	IFT43	ENSMFAG00000033645	ortholog_one2one	1	69.9029
Ift46	ENSMUSG00000002031	IFT46	ENSMFAG00000044763	ortholog_one2one	1	90.6977
Ift52	ENSMUSG00000017858	IFT52	ENSMFAG00000044608	ortholog_one2one	1	91.5493
Ift56	ENSMUSG00000056832	IFT56	ENSMFAG00000044086	ortholog_one2one	1	96.2094
Ift57	ENSMUSG00000032965	IFT57	ENSMFAG00000034173	ortholog_one2one	1	91.8415
Ift70a1	ENSMUSG00000075271	IFT70A	ENSMFAG00000053112	ortholog_many2many	1	90.512
Ift70a1	ENSMUSG00000075271	IFT70B	ENSMFAG00000057741	ortholog_many2many	1	88.7048
Ift70a2	ENSMUSG00000075272	IFT70A	ENSMFAG00000053112	ortholog_many2many	1	90.9639
Ift70a2	ENSMUSG00000075272	IFT70B	ENSMFAG00000057741	ortholog_many2many	1	90.512
Ift70b	ENSMUSG00000075273	IFT70A	ENSMFAG00000053112	ortholog_many2many	1	90.8133
Ift70b	ENSMUSG00000075273	IFT70B	ENSMFAG00000057741	ortholog_many2many	1	90.6627
Ift74	ENSMUSG00000028576	IFT74	ENSMFAG00000001877	ortholog_one2one	1	87.1667
Ift80	ENSMUSG00000027778	IFT80	ENSMFAG00000044919	ortholog_one2one	1	94.4659
Ift88	ENSMUSG00000040040	IFT88	ENSMFAG00000042564	ortholog_one2one	1	84.7273
Igdcc3	ENSMUSG00000032394	IGDCC3	ENSMFAG00000041666	ortholog_one2one	1	86.2239
Igdcc4	ENSMUSG00000032816	IGDCC4	ENSMFAG00000031165	ortholog_one2one	1	86.901
Igf1	ENSMUSG00000020053	IGF1	ENSMFAG00000030766	ortholog_one2one	1	84.3137
Igf2bp1	ENSMUSG00000013415	IGF2BP1	ENSMFAG00000001613	ortholog_one2one	1	99.3068
Igf2bp2	ENSMUSG00000033581	IGF2BP2	ENSMFAG00000039540	ortholog_one2one	1	95.777
Igf2bp3	ENSMUSG00000029814	IGF2BP3	ENSMFAG00000002935	ortholog_one2one	1	96.7185
Igf2r	ENSMUSG00000023830	IGF2R	ENSMFAG00000034342	ortholog_one2one	1	79.5409
Igfals	ENSMUSG00000046070	IGFALS	ENSMFAG00000042039	ortholog_one2one	1	77.4461
Igfbp1	ENSMUSG00000020429	IGFBP1	ENSMFAG00000048847	ortholog_one2one	1	57.7206
Igfbp2	ENSMUSG00000039323	IGFBP2	ENSMFAG00000040045	ortholog_one2one	1	86.2295
Igfbp3	ENSMUSG00000020427	IGFBP3	ENSMFAG00000048572	ortholog_one2one	1	70.8904
Igfbp4	ENSMUSG00000017493	IGFBP4	ENSMFAG00000043180	ortholog_one2one	1	77.5591
Igfbp5	ENSMUSG00000026185	IGFBP5	ENSMFAG00000040116	ortholog_one2one	1	95.572
Igfbp7	ENSMUSG00000036256	IGFBP7	ENSMFAG00000032578	ortholog_one2one	1	57.6177
Igfbpl1	ENSMUSG00000035551	IGFBPL1	ENSMFAG00000038740	ortholog_one2one	1	78.8889
Ighm	ENSMUSG00000076617	IGHM	ENSMFAG00000054250	ortholog_one2one	1	57.7731
Ighv7-1	ENSMUSG00000076665	IGHV3-15	ENSMFAG00000048883	ortholog_many2many	1	57.0248
Ighv7-2	ENSMUSG00000076653	IGHV3-15	ENSMFAG00000048883	ortholog_many2many	1	57.9832
Igsf1	ENSMUSG00000031111	IGSF1	ENSMFAG00000033363	ortholog_one2one	1	85.0418
Igsf10	ENSMUSG00000036334	IGSF10	ENSMFAG00000002055	ortholog_one2one	1	64.6877
Igsf11	ENSMUSG00000022790	IGSF11	ENSMFAG00000029911	ortholog_one2one	1	89.0187
Igsf21	ENSMUSG00000040972	IGSF21	ENSMFAG00000040850	ortholog_one2one	1	85.6838
Igsf3	ENSMUSG00000042035	IGSF3	ENSMFAG00000000910	ortholog_one2one	1	92.7136
Igsf6	ENSMUSG00000035004	IGSF6	ENSMFAG00000000207	ortholog_one2one	1	61.6034
Igsf8	ENSMUSG00000038034	IGSF8	ENSMFAG00000036621	ortholog_one2one	1	74.1408
Igsf9	ENSMUSG00000037995	IGSF9	ENSMFAG00000000704	ortholog_one2one	1	53.6048
Igsf9b	ENSMUSG00000034275	IGSF9B	ENSMFAG00000000967	ortholog_one2one	1	88.3414
Iho1	ENSMUSG00000047220	IHO1	ENSMFAG00000043646	ortholog_one2one	1	57.8397
Ikbkb	ENSMUSG00000031537	IKBKB	ENSMFAG00000039739	ortholog_one2one	1	92.3382
Ikbke	ENSMUSG00000042349	IKBKE	ENSMFAG00000042587	ortholog_one2one	1	83.9609
Ikbkg	ENSMUSG00000004221	IKBKG	ENSMFAG00000032230	ortholog_one2one	1	88.1068
Ikzf2	ENSMUSG00000025997	IKZF2	ENSMFAG00000049387	ortholog_one2one	1	98.0989
Ikzf3	ENSMUSG00000018168	IKZF3	ENSMFAG00000043940	ortholog_one2one	1	88.3629
Ikzf4	ENSMUSG00000002578	IKZF4	ENSMFAG00000002625	ortholog_one2one	1	96.9283
Ikzf5	ENSMUSG00000040167	IKZF5	ENSMFAG00000046268	ortholog_one2one	1	96.1814
Il10	ENSMUSG00000016529	IL10	ENSMFAG00000002918	ortholog_one2one	1	74.7191
Il10ra	ENSMUSG00000032089	IL10RA	ENSMFAG00000037844	ortholog_one2one	1	54.7826
Il11	ENSMUSG00000004371	IL11	ENSMFAG00000029706	ortholog_one2one	1	78.392
Il12b	ENSMUSG00000004296	IL12B	ENSMFAG00000036061	ortholog_one2one	1	65.9701
Il12rb2	ENSMUSG00000018341	IL12RB2	ENSMFAG00000044595	ortholog_one2one	1	65.2174
Il15	ENSMUSG00000031712	IL15	ENSMFAG00000043515	ortholog_one2one	1	72.8395
Il16	ENSMUSG00000001741	IL16	ENSMFAG00000032017	ortholog_one2one	1	80.938
Il17a	ENSMUSG00000025929	IL17A	ENSMFAG00000059281	ortholog_one2one	1	62.6582
Il17b	ENSMUSG00000024578	IL17B	ENSMFAG00000030082	ortholog_one2one	1	87.7778
Il17c	ENSMUSG00000046108	IL17C	ENSMFAG00000036423	ortholog_one2one	1	77.4725
Il17f	ENSMUSG00000041872	IL17F	ENSMFAG00000044851	ortholog_one2one	1	57.1429
Il17rc	ENSMUSG00000030281	IL17RC	ENSMFAG00000031400	ortholog_one2one	1	68.1009
Il17rd	ENSMUSG00000040717	IL17RD	ENSMFAG00000034448	ortholog_one2one	1	84.2818
Il17re	ENSMUSG00000043088	IL17RE	ENSMFAG00000034533	ortholog_one2one	1	71.4286
Il18	ENSMUSG00000039217	IL18	ENSMFAG00000040966	ortholog_one2one	1	62.5
Il18r1	ENSMUSG00000026070	IL18R1	ENSMFAG00000032671	ortholog_one2one	1	63.5009
Il18rap	ENSMUSG00000026068	IL18RAP	ENSMFAG00000043038	ortholog_one2one	1	62.3778
Il19	ENSMUSG00000016524	IL19	ENSMFAG00000036818	ortholog_one2one	1	68.75
Il1a	ENSMUSG00000027399	IL1A	ENSMFAG00000004069	ortholog_one2one	1	54.4444
Il1f10	ENSMUSG00000046845	IL1F10	ENSMFAG00000050256	ortholog_one2one	1	82.8947
Il1r1	ENSMUSG00000026072	IL1R1	ENSMFAG00000034258	ortholog_one2one	1	68.2374
Il1r2	ENSMUSG00000026073	IL1R2	ENSMFAG00000046196	ortholog_one2one	1	58.5366
Il1rap	ENSMUSG00000022514	IL1RAP	ENSMFAG00000039646	ortholog_one2one	1	75.614
Il1rapl1	ENSMUSG00000052372	IL1RAPL1	ENSMFAG00000046382	ortholog_one2one	1	98.2759
Il1rapl2	ENSMUSG00000059203	IL1RAPL2	ENSMFAG00000036584	ortholog_one2one	1	94.7522
Il1rl1	ENSMUSG00000026069	IL1RL1	ENSMFAG00000007059	ortholog_one2one	1	65.6085
Il1rl2	ENSMUSG00000070942	IL1RL2	ENSMFAG00000046248	ortholog_one2one	1	64.9826
Il1rn	ENSMUSG00000026981	IL1RN	ENSMFAG00000031381	ortholog_one2one	1	74.2138
Il2	ENSMUSG00000027720	IL2	ENSMFAG00000035827	ortholog_one2one	1	57.3965
Il20	ENSMUSG00000026416	IL20	ENSMFAG00000031534	ortholog_one2one	1	75.5682
Il20ra	ENSMUSG00000020007	IL20RA	ENSMFAG00000030911	ortholog_one2one	1	64.2857
Il20rb	ENSMUSG00000044244	IL20RB	ENSMFAG00000045437	ortholog_one2one	1	78.2467
Il21	ENSMUSG00000027718	IL21	ENSMFAG00000047192	ortholog_one2one	1	61.6438
Il22ra1	ENSMUSG00000037157	IL22RA1	ENSMFAG00000000068	ortholog_one2one	1	70.9122
Il22ra2	ENSMUSG00000039760	IL22RA2	ENSMFAG00000030047	ortholog_one2one	1	67.8261
Il23a	ENSMUSG00000025383	IL23A	ENSMFAG00000000058	ortholog_one2one	1	71.4286
Il24	ENSMUSG00000026420	IL24	ENSMFAG00000035168	ortholog_one2one	1	67.4033
Il25	ENSMUSG00000040770	IL25	ENSMFAG00000002200	ortholog_one2one	1	72.7811
Il27	ENSMUSG00000044701	IL27	ENSMFAG00000033566	ortholog_one2one	1	70.0855
Il27ra	ENSMUSG00000005465	IL27RA	ENSMFAG00000038013	ortholog_one2one	1	55.3772
Il2ra	ENSMUSG00000026770	IL2RA	ENSMFAG00000031840	ortholog_one2one	1	59.7015
Il2rb	ENSMUSG00000068227	IL2RB	ENSMFAG00000048720	ortholog_one2one	1	56.2152
Il2rg	ENSMUSG00000031304	IL2RG	ENSMFAG00000043570	ortholog_one2one	1	70.7317
Il31ra	ENSMUSG00000050377	IL31RA	ENSMFAG00000031804	ortholog_one2one	1	50.2793
Il33	ENSMUSG00000024810	IL33	ENSMFAG00000036876	ortholog_one2one	1	53.3835
Il36rn	ENSMUSG00000026983	IL36RN	ENSMFAG00000056041	ortholog_one2one	1	89.7436
Il4i1	ENSMUSG00000074141	IL4I1	ENSMFAG00000001696	ortholog_one2one	1	59.8746
Il4ra	ENSMUSG00000030748	IL4R	ENSMFAG00000032930	ortholog_one2one	1	51.9753
Il5ra	ENSMUSG00000005364	IL5RA	ENSMFAG00000006030	ortholog_one2one	1	68.9157
Il7	ENSMUSG00000040329	IL7	ENSMFAG00000002965	ortholog_one2one	1	70.1299
Il7r	ENSMUSG00000003882	IL7R	ENSMFAG00000040996	ortholog_one2one	1	62.3094
Il9	ENSMUSG00000021538	IL9	ENSMFAG00000051579	ortholog_one2one	1	56.9444
Ildr1	ENSMUSG00000022900	ILDR1	ENSMFAG00000039518	ortholog_one2one	1	80.2607
Ildr2	ENSMUSG00000040612	ILDR2	ENSMFAG00000002585	ortholog_one2one	1	86.9159
Ilf3	ENSMUSG00000032178	ILF3	ENSMFAG00000039557	ortholog_one2one	1	93.0958
Ilk	ENSMUSG00000030890	ILK	ENSMFAG00000034446	ortholog_one2one	1	94.469
Ilkap	ENSMUSG00000026309	ILKAP	ENSMFAG00000042266	ortholog_one2one	1	94.3878
Immp1l	ENSMUSG00000042670	IMMP1L	ENSMFAG00000030415	ortholog_one2one	1	94.5783
Immp2l	ENSMUSG00000056899	IMMP2L	ENSMFAG00000039313	ortholog_one2one	1	91.4286
Immt	ENSMUSG00000052337	IMMT	ENSMFAG00000044373	ortholog_one2one	1	89.8448
Imp3	ENSMUSG00000032288	IMP3	ENSMFAG00000008867	ortholog_one2one	1	96.1957
Impa1	ENSMUSG00000027531	IMPA1	ENSMFAG00000031108	ortholog_one2one	1	86.6426
Impdh1	ENSMUSG00000003500	IMPDH1	ENSMFAG00000035403	ortholog_one2many	1	98.0545
Impdh2	ENSMUSG00000062867	IMPDH	ENSMFAG00000044947	ortholog_one2one	1	98.8327
Impg1	ENSMUSG00000032343	IMPG1	ENSMFAG00000033339	ortholog_one2one	1	65.742
Impg2	ENSMUSG00000035270	IMPG2	ENSMFAG00000032185	ortholog_one2one	1	71.5205
Ina	ENSMUSG00000034336	INA	ENSMFAG00000040504	ortholog_one2one	1	93.8124
Inava	ENSMUSG00000041605	INAVA	ENSMFAG00000000317	ortholog_one2one	1	83.7104
Incenp	ENSMUSG00000024660	INCENP	ENSMFAG00000031558	ortholog_one2one	1	72.9762
Ing1	ENSMUSG00000045969	ING1	ENSMFAG00000043968	ortholog_one2one	1	80.6452
Ing2	ENSMUSG00000063049	ING2	ENSMFAG00000032816	ortholog_one2one	1	96.4413
Ing3	ENSMUSG00000029670	ING3	ENSMFAG00000044425	ortholog_one2one	1	95.2494
Ing4	ENSMUSG00000030330	ING4	ENSMFAG00000001174	ortholog_one2one	1	94.3548
Ing5	ENSMUSG00000026283	ING5	ENSMFAG00000035525	ortholog_one2one	1	94.5833
Inha	ENSMUSG00000032968	INHA	ENSMFAG00000002594	ortholog_one2one	1	75.6831
Inhba	ENSMUSG00000041324	INHBA	ENSMFAG00000054517	ortholog_one2one	1	96.4623
Inhbb	ENSMUSG00000037035	INHBB	ENSMFAG00000043042	ortholog_one2one	1	96.3504
Inhbe	ENSMUSG00000047492	INHBE	ENSMFAG00000035874	ortholog_one2one	1	70.8571
Inka1	ENSMUSG00000042106	INKA1	ENSMFAG00000036646	ortholog_one2one	1	81.9149
Inka2	ENSMUSG00000048458	INKA2	ENSMFAG00000038293	ortholog_one2one	1	78
Ino80	ENSMUSG00000034154	INO80	ENSMFAG00000044488	ortholog_one2one	1	92.0462
Ino80b	ENSMUSG00000030034	INO80B	ENSMFAG00000036904	ortholog_one2one	1	94.6927
Ino80c	ENSMUSG00000047989	INO80C	ENSMFAG00000016439	ortholog_one2one	1	90.0524
Ino80d	ENSMUSG00000040865	INO80D	ENSMFAG00000001629	ortholog_one2one	1	94.7111
Ino80e	ENSMUSG00000030689	INO80E	ENSMFAG00000037830	ortholog_one2one	1	87.3171
Inpp1	ENSMUSG00000026102	INPP1	ENSMFAG00000000495	ortholog_one2one	1	80.303
Inpp4a	ENSMUSG00000026113	INPP4A	ENSMFAG00000032305	ortholog_one2one	1	89.4456
Inpp4b	ENSMUSG00000037940	INPP4B	ENSMFAG00000004754	ortholog_one2one	1	87.1629
Inpp5a	ENSMUSG00000025477	INPP5A	ENSMFAG00000003838	ortholog_one2one	1	91.7476
Inpp5d	ENSMUSG00000026288	INPP5D	ENSMFAG00000032897	ortholog_one2one	1	81.4442
Inpp5e	ENSMUSG00000026925	INPP5E	ENSMFAG00000002592	ortholog_one2one	1	77.4343
Inpp5f	ENSMUSG00000042105	INPP5F	ENSMFAG00000042323	ortholog_one2one	1	90.9011
Inpp5j	ENSMUSG00000034570	INPP5J	ENSMFAG00000032773	ortholog_one2one	1	77.667
Inpp5k	ENSMUSG00000006127	INPP5K	ENSMFAG00000030338	ortholog_one2one	1	75
Inppl1	ENSMUSG00000032737	INPPL1	ENSMFAG00000037937	ortholog_one2one	1	93.4765
Ins2	ENSMUSG00000000215	INS	ENSMFAG00000000997	ortholog_one2many	1	80
Insc	ENSMUSG00000048782	INSC	ENSMFAG00000036736	ortholog_one2one	1	93.985
Insig1	ENSMUSG00000045294	INSIG1	ENSMFAG00000038429	ortholog_one2one	1	81.8533
Insig2	ENSMUSG00000003721	INSIG2	ENSMFAG00000033044	ortholog_one2one	1	96.4444
Insl5	ENSMUSG00000066090	INSL5	ENSMFAG00000003313	ortholog_one2one	1	57.037
Insm2	ENSMUSG00000045440	INSM2	ENSMFAG00000009696	ortholog_one2one	1	74.2393
Insrr	ENSMUSG00000005640	INSRR	ENSMFAG00000038864	ortholog_one2one	1	89.3846
Insyn1	ENSMUSG00000066607	INSYN1	ENSMFAG00000043049	ortholog_one2one	1	89.726
Insyn2a	ENSMUSG00000073805	INSYN2A	ENSMFAG00000036937	ortholog_one2one	1	85.7447
Insyn2b	ENSMUSG00000069911	INSYN2B	ENSMFAG00000043426	ortholog_one2one	1	76.6355
Ints10	ENSMUSG00000031864	INTS10	ENSMFAG00000039216	ortholog_one2one	1	95.9155
Ints12	ENSMUSG00000028016	INTS12	ENSMFAG00000042815	ortholog_one2one	1	91.974
Ints13	ENSMUSG00000040250	INTS13	ENSMFAG00000041404	ortholog_one2one	1	91.9399
Ints14	ENSMUSG00000034263	INTS14	ENSMFAG00000031689	ortholog_one2one	1	98.4466
Ints15	ENSMUSG00000039244	INTS15	ENSMFAG00000037040	ortholog_one2one	1	89.2857
Ints2	ENSMUSG00000018068	INTS2	ENSMFAG00000017924	ortholog_one2one	1	95.7429
Ints3	ENSMUSG00000027933	INTS3	ENSMFAG00000008338	ortholog_one2one	1	98.7512
Ints4	ENSMUSG00000025133	INTS4	ENSMFAG00000020209	ortholog_one2one	1	96.6805
Ints5	ENSMUSG00000071652	INTS5	ENSMFAG00000031212	ortholog_one2one	1	95.0884
Ints6	ENSMUSG00000035161	INTS6	ENSMFAG00000002101	ortholog_one2one	1	91.6195
Ints6l	ENSMUSG00000035967	INTS6L	ENSMFAG00000031012	ortholog_one2one	1	90.36
Ints7	ENSMUSG00000037461	INTS7	ENSMFAG00000034220	ortholog_one2one	1	94.9275
Ints8	ENSMUSG00000040738	INTS8	ENSMFAG00000036370	ortholog_one2one	1	95.8794
Ints9	ENSMUSG00000021975	INTS9	ENSMFAG00000043511	ortholog_one2one	1	97.1125
Intu	ENSMUSG00000060798	INTU	ENSMFAG00000000529	ortholog_one2one	1	78.8747
Invs	ENSMUSG00000028344	INVS	ENSMFAG00000041344	ortholog_one2one	1	80.226
Ip6k1	ENSMUSG00000032594	IP6K1	ENSMFAG00000040757	ortholog_one2one	1	68.8222
Ip6k2	ENSMUSG00000032599	IP6K2	ENSMFAG00000031559	ortholog_one2one	1	96.9412
Ip6k3	ENSMUSG00000024210	IP6K3	ENSMFAG00000036096	ortholog_one2one	1	77.0202
Ipcef1	ENSMUSG00000064065	IPCEF1	ENSMFAG00000045011	ortholog_one2one	1	81.5271
Ipmk	ENSMUSG00000060733	IPMK	ENSMFAG00000049732	ortholog_one2one	1	84.596
Ipo11	ENSMUSG00000042590	IPO11	ENSMFAG00000035631	ortholog_one2one	1	95.6858
Ipo13	ENSMUSG00000033365	IPO13	ENSMFAG00000032846	ortholog_one2one	1	99.1693
Ipo4	ENSMUSG00000002319	IPO4	ENSMFAG00000000743	ortholog_one2one	1	80.037
Ipo5	ENSMUSG00000030662	IPO5	ENSMFAG00000002597	ortholog_one2one	1	98.268
Ipo7	ENSMUSG00000066232	IPO7	ENSMFAG00000040326	ortholog_one2one	1	99.422
Ipo8	ENSMUSG00000040029	IPO8	ENSMFAG00000012472	ortholog_one2one	1	92.5743
Ipo9	ENSMUSG00000041879	IPO9	ENSMFAG00000035917	ortholog_one2one	1	98.9423
Ipp	ENSMUSG00000028696	IPP	ENSMFAG00000043099	ortholog_one2one	1	89.3836
Ippk	ENSMUSG00000021385	IPPK	ENSMFAG00000003738	ortholog_one2one	1	88.3436
Iqca1	ENSMUSG00000026301	IQCA1	ENSMFAG00000046217	ortholog_one2one	1	77.0883
Iqca1l	ENSMUSG00000038199	IQCA1L	ENSMFAG00000028789	ortholog_one2one	1	75.7576
Iqcb1	ENSMUSG00000022837	IQCB1	ENSMFAG00000025425	ortholog_one2one	1	87.9599
Iqcd	ENSMUSG00000029601	IQCD	ENSMFAG00000001483	ortholog_one2one	1	63.9738
Iqcf1	ENSMUSG00000066383	IQCF1	ENSMFAG00000039453	ortholog_one2one	1	59.3407
Iqcf5	ENSMUSG00000066382	IQCF5	ENSMFAG00000033403	ortholog_one2one	1	73.6487
Iqcf6	ENSMUSG00000091129	IQCF6	ENSMFAG00000035127	ortholog_one2one	1	77.3973
Iqcg	ENSMUSG00000035578	IQCG	ENSMFAG00000034341	ortholog_one2one	1	66.1098
Iqch	ENSMUSG00000037801	IQCH	ENSMFAG00000001124	ortholog_one2one	1	73.2026
Iqcj	ENSMUSG00000051777	IQCJ	ENSMFAG00000045301	ortholog_one2one	1	80
Iqck	ENSMUSG00000073856	IQCK	ENSMFAG00000033259	ortholog_one2one	1	74.1379
Iqgap2	ENSMUSG00000021676	IQGAP2	ENSMFAG00000032362	ortholog_one2one	1	89.0794
Iqgap3	ENSMUSG00000028068	IQGAP3	ENSMFAG00000035349	ortholog_one2one	1	84.6814
Iqsec2	ENSMUSG00000041115	IQSEC2	ENSMFAG00000037994	ortholog_one2one	1	88.9785
Iqub	ENSMUSG00000046192	IQUB	ENSMFAG00000038536	ortholog_one2one	1	66.4975
Irag1	ENSMUSG00000005611	IRAG1	ENSMFAG00000035351	ortholog_one2one	1	83.9953
Irak1	ENSMUSG00000031392	IRAK1	ENSMFAG00000042818	ortholog_one2one	1	74.8242
Irak1bp1	ENSMUSG00000032251	IRAK1BP1	ENSMFAG00000033220	ortholog_one2one	1	81.4672
Irak2	ENSMUSG00000060477	IRAK2	ENSMFAG00000002038	ortholog_one2one	1	71.5434
Irak3	ENSMUSG00000020227	IRAK3	ENSMFAG00000039051	ortholog_one2one	1	72.9064
Irak4	ENSMUSG00000059883	IRAK4	ENSMFAG00000032703	ortholog_one2one	1	83.0065
Ireb2	ENSMUSG00000032293	IREB2	ENSMFAG00000039630	ortholog_one2one	1	94.1848
Irf2	ENSMUSG00000031627	IRF2	ENSMFAG00000039751	ortholog_one2one	1	89.1117
Irf2bp1	ENSMUSG00000044030	IRF2BP1	ENSMFAG00000061076	ortholog_one2one	1	69.863
Irf3	ENSMUSG00000003184	IRF3	ENSMFAG00000033004	ortholog_one2one	1	70.1671
Irf4	ENSMUSG00000021356	IRF4	ENSMFAG00000045100	ortholog_one2one	1	84.2222
Irf5	ENSMUSG00000029771	IRF5	ENSMFAG00000043616	ortholog_one2one	1	89.5372
Irf6	ENSMUSG00000026638	IRF6	ENSMFAG00000033961	ortholog_one2one	1	97.6445
Irf7	ENSMUSG00000025498	IRF7	ENSMFAG00000039781	ortholog_one2one	1	67.3961
Irf8	ENSMUSG00000041515	IRF8	ENSMFAG00000031542	ortholog_one2one	1	79.2453
Irf9	ENSMUSG00000002325	IRF9	ENSMFAG00000001203	ortholog_one2one	1	61.4035
Irgc	ENSMUSG00000062028	IRGC	ENSMFAG00000023642	ortholog_one2one	1	66.3067
Irs1	ENSMUSG00000055980	IRS1	ENSMFAG00000039993	ortholog_one2one	1	87.6523
Irs4	ENSMUSG00000054667	IRS4	ENSMFAG00000034206	ortholog_one2one	1	64.227
Irx1	ENSMUSG00000060969	IRX1	ENSMFAG00000001989	ortholog_one2one	1	90.4167
Irx2	ENSMUSG00000001504	IRX2	ENSMFAG00000064595	ortholog_one2one	1	57.5949
Irx3	ENSMUSG00000031734	IRX3	ENSMFAG00000032048	ortholog_one2one	1	81.854
Irx4	ENSMUSG00000021604	IRX4	ENSMFAG00000044841	ortholog_one2one	1	82.1359
Irx5	ENSMUSG00000031737	IRX5	ENSMFAG00000002928	ortholog_one2one	1	75.6198
Irx6	ENSMUSG00000031738	IRX6	ENSMFAG00000046096	ortholog_one2one	1	78.1321
Isca2	ENSMUSG00000021241	ISCA2	ENSMFAG00000049400	ortholog_one2one	1	86.3636
Iscu	ENSMUSG00000025825	ISCU	ENSMFAG00000045386	ortholog_one2one	1	95.2381
Isg15	ENSMUSG00000035692	ISG15	ENSMFAG00000041386	ortholog_one2one	1	65.2174
Isg20l2	ENSMUSG00000048039	ISG20L2	ENSMFAG00000044153	ortholog_one2one	1	72.8261
Isl1	ENSMUSG00000042258	ISL1	ENSMFAG00000035949	ortholog_one2one	1	80.5158
Isl2	ENSMUSG00000032318	ISL2	ENSMFAG00000032654	ortholog_one2one	1	75.2089
Islr	ENSMUSG00000037206	ISLR	ENSMFAG00000019008	ortholog_one2one	1	86.9159
Islr2	ENSMUSG00000051243	ISLR2	ENSMFAG00000014180	ortholog_one2one	1	85.0444
Ism1	ENSMUSG00000074766	ISM1	ENSMFAG00000003715	ortholog_one2one	1	93.4924
Ism2	ENSMUSG00000050671	ISM2	ENSMFAG00000039426	ortholog_one2one	1	64.0974
Isoc1	ENSMUSG00000024601	ISOC1	ENSMFAG00000043883	ortholog_one2one	1	91.9192
Isx	ENSMUSG00000031621	ISX	ENSMFAG00000002513	ortholog_one2one	1	64.1667
Isy1	ENSMUSG00000030056	ISY1	ENSMFAG00000061497	ortholog_one2one	1	98.5965
Isyna1	ENSMUSG00000019139	ISYNA1	ENSMFAG00000044263	ortholog_one2one	1	77.1993
Itch	ENSMUSG00000027598	ITCH	ENSMFAG00000041734	ortholog_one2one	1	94.5602
Itfg1	ENSMUSG00000031703	ITFG1	ENSMFAG00000038548	ortholog_one2one	1	90
Itfg2	ENSMUSG00000001518	ITFG2	ENSMFAG00000002177	ortholog_one2one	1	90.2935
Itga1	ENSMUSG00000042284	ITGA1	ENSMFAG00000034671	ortholog_one2one	1	80.5768
Itga10	ENSMUSG00000090210	ITGA10	ENSMFAG00000043309	ortholog_one2one	1	87.4036
Itga11	ENSMUSG00000032243	ITGA11	ENSMFAG00000001090	ortholog_one2one	1	89.899
Itga2	ENSMUSG00000015533	ITGA2	ENSMFAG00000031678	ortholog_one2one	1	82.7674
Itga2b	ENSMUSG00000034664	ITGA2B	ENSMFAG00000039636	ortholog_one2one	1	79.9613
Itga3	ENSMUSG00000001507	ITGA3	ENSMFAG00000043382	ortholog_one2one	1	85.755
Itga4	ENSMUSG00000027009	ITGA4	ENSMFAG00000038317	ortholog_one2one	1	84.2054
Itga5	ENSMUSG00000000555	ITGA5	ENSMFAG00000036877	ortholog_one2one	1	85.9449
Itga6	ENSMUSG00000027111	ITGA6	ENSMFAG00000038164	ortholog_one2one	1	91.6123
Itga7	ENSMUSG00000025348	ITGA7	ENSMFAG00000022956	ortholog_one2one	1	87.6761
Itgae	ENSMUSG00000005947	ITGAE	ENSMFAG00000035926	ortholog_one2one	1	69.7515
Itgal	ENSMUSG00000030830	ITGAL	ENSMFAG00000003265	ortholog_one2one	1	67.6141
Itgam	ENSMUSG00000030786	ITGAM	ENSMFAG00000031182	ortholog_one2one	1	68.5518
Itgav	ENSMUSG00000027087	ITGAV	ENSMFAG00000003635	ortholog_one2one	1	91.954
Itgax	ENSMUSG00000030789	ITGAX	ENSMFAG00000032646	ortholog_one2one	1	67.408
Itgb1bp1	ENSMUSG00000062352	ITGB1BP1	ENSMFAG00000045554	ortholog_one2one	1	93
Itgb1bp2	ENSMUSG00000031312	ITGB1BP2	ENSMFAG00000037969	ortholog_one2one	1	92.2857
Itgb2	ENSMUSG00000000290	ITGB2	ENSMFAG00000036141	ortholog_one2many	1	81.1688
Itgb4	ENSMUSG00000020758	ITGB4	ENSMFAG00000001695	ortholog_one2one	1	88.6986
Itgb5	ENSMUSG00000022817	ITGB5	ENSMFAG00000008012	ortholog_one2one	1	91.7397
Itgb6	ENSMUSG00000026971	ITGB6	ENSMFAG00000002303	ortholog_one2one	1	89.0724
Itgb7	ENSMUSG00000001281	ITGB7	ENSMFAG00000044578	ortholog_one2one	1	75.3102
Itgb8	ENSMUSG00000025321	ITGB8	ENSMFAG00000000217	ortholog_one2one	1	87.0926
Itgbl1	ENSMUSG00000032925	ITGBL1	ENSMFAG00000040769	ortholog_one2one	1	90.6883
Itih2	ENSMUSG00000037254	ITIH2	ENSMFAG00000045946	ortholog_one2one	1	83.2981
Itih3	ENSMUSG00000006522	ITIH3	ENSMFAG00000038762	ortholog_one2one	1	84.9269
Itih5	ENSMUSG00000025780	ITIH5	ENSMFAG00000038573	ortholog_one2one	1	78.0462
Itih6	ENSMUSG00000087149	ITIH6	ENSMFAG00000044176	ortholog_one2one	1	69.9377
Itk	ENSMUSG00000020395	ITK	ENSMFAG00000000719	ortholog_one2one	1	90.4685
Itm2a	ENSMUSG00000031239	ITM2A	ENSMFAG00000037997	ortholog_one2one	1	95.057
Itm2b	ENSMUSG00000022108	ITM2B	ENSMFAG00000036817	ortholog_one2one	1	93.985
Itm2c	ENSMUSG00000026223	ITM2C	ENSMFAG00000014731	ortholog_one2one	1	91.8216
Itpk1	ENSMUSG00000057963	ITPK1	ENSMFAG00000040735	ortholog_one2one	1	85.9189
Itpka	ENSMUSG00000027296	ITPKA	ENSMFAG00000039864	ortholog_one2one	1	84.5316
Itpkb	ENSMUSG00000038855	ITPKB	ENSMFAG00000035876	ortholog_one2one	1	77.1762
Itpkc	ENSMUSG00000003752	ITPKC	ENSMFAG00000002124	ortholog_one2one	1	70.354
Itpr1	ENSMUSG00000030102	ITPR1	ENSMFAG00000044748	ortholog_one2one	1	98.7263
Itpr2	ENSMUSG00000030287	ITPR2	ENSMFAG00000035688	ortholog_one2one	1	95.6683
Itpr3	ENSMUSG00000042644	ITPR3	ENSMFAG00000039709	ortholog_one2one	1	94.8689
Itprid1	ENSMUSG00000037973	ITPRID1	ENSMFAG00000000805	ortholog_one2one	1	58.0271
Itprid2	ENSMUSG00000027007	ITPRID2	ENSMFAG00000035906	ortholog_one2one	1	80.7317
Itprip	ENSMUSG00000117975	ITPRIP	ENSMFAG00000057374	ortholog_one2one	1	78.5586
Itpripl2	ENSMUSG00000095115	ITPRIPL2	ENSMFAG00000015632	ortholog_one2one	1	84.6729
Itsn1	ENSMUSG00000022957	ITSN1	ENSMFAG00000044012	ortholog_one2one	1	95.0408
Itsn2	ENSMUSG00000020640	ITSN2	ENSMFAG00000041820	ortholog_one2one	1	93.0036
Ivd	ENSMUSG00000027332	IVD	ENSMFAG00000045329	ortholog_one2one	1	81.3679
Ivns1abp	ENSMUSG00000023150	IVNS1ABP	ENSMFAG00000039625	ortholog_one2one	1	96.729
Iws1	ENSMUSG00000024384	IWS1	ENSMFAG00000016975	ortholog_one2one	1	88.9034
Iyd	ENSMUSG00000019762	IYD	ENSMFAG00000031023	ortholog_one2one	1	71.2281
Izumo1r	ENSMUSG00000031933	IZUMO1R	ENSMFAG00000030684	ortholog_one2one	1	66.3934
Izumo2	ENSMUSG00000066500	IZUMO2	ENSMFAG00000007395	ortholog_one2one	1	57.513
Izumo4	ENSMUSG00000055862	IZUMO4	ENSMFAG00000044044	ortholog_one2one	1	77.9736
Jade1	ENSMUSG00000025764	JADE1	ENSMFAG00000038238	ortholog_one2one	1	92.8058
Jade3	ENSMUSG00000037315	JADE3	ENSMFAG00000001112	ortholog_one2one	1	52.0049
Jag1	ENSMUSG00000027276	JAG1	ENSMFAG00000033249	ortholog_one2one	1	93.2677
Jagn1	ENSMUSG00000051256	JAGN1	ENSMFAG00000038434	ortholog_one2one	1	98.3607
Jak1	ENSMUSG00000028530	JAK1	ENSMFAG00000003493	ortholog_one2one	1	94.8829
Jak2	ENSMUSG00000024789	JAK2	ENSMFAG00000003627	ortholog_one2one	1	93.4629
Jakmip1	ENSMUSG00000063646	JAKMIP1	ENSMFAG00000036205	ortholog_one2one	1	64.8562
Jakmip2	ENSMUSG00000024502	JAKMIP2	ENSMFAG00000041768	ortholog_one2one	1	99.1463
Jakmip3	ENSMUSG00000056856	JAKMIP3	ENSMFAG00000032603	ortholog_one2one	1	89.8104
Jam2	ENSMUSG00000053062	JAM2	ENSMFAG00000042681	ortholog_one2one	1	74.8092
Jam3	ENSMUSG00000031990	JAM3	ENSMFAG00000038555	ortholog_one2one	1	81.9355
Jarid2	ENSMUSG00000038518	JARID2	ENSMFAG00000036879	ortholog_one2one	1	78.0389
Jazf1	ENSMUSG00000063568	JAZF1	ENSMFAG00000034641	ortholog_one2one	1	87.2428
Jcad	ENSMUSG00000033960	JCAD	ENSMFAG00000001494	ortholog_one2one	1	51.2879
Jchain	ENSMUSG00000067149	JCHAIN	ENSMFAG00000065046	ortholog_one2one	1	77.9874
Jdp2	ENSMUSG00000034271	JDP2	ENSMFAG00000033637	ortholog_one2one	1	96.9325
Jhy	ENSMUSG00000032023	JHY	ENSMFAG00000036541	ortholog_one2one	1	65.974
Jkamp	ENSMUSG00000005078	JKAMP	ENSMFAG00000001385	ortholog_one2many	1	97.4277
Jmjd1c	ENSMUSG00000037876	JMJD1C	ENSMFAG00000000341	ortholog_one2one	1	86
Jmjd6	ENSMUSG00000056962	JMJD6	ENSMFAG00000039650	ortholog_one2one	1	98.0149
Jmjd8	ENSMUSG00000025736	JMJD8	ENSMFAG00000042974	ortholog_one2one	1	80.4428
Jmy	ENSMUSG00000021690	JMY	ENSMFAG00000044839	ortholog_one2one	1	87.589
Josd1	ENSMUSG00000022426	JOSD1	ENSMFAG00000038103	ortholog_one2one	1	93.5644
Josd2	ENSMUSG00000038695	JOSD2	ENSMFAG00000044859	ortholog_one2one	1	95.7447
Jph1	ENSMUSG00000042686	JPH1	ENSMFAG00000000513	ortholog_one2one	1	60.9091
Jph2	ENSMUSG00000017817	JPH2	ENSMFAG00000002372	ortholog_one2one	1	84.0517
Jph3	ENSMUSG00000025318	JPH3	ENSMFAG00000042205	ortholog_one2one	1	78.8979
Jpt2	ENSMUSG00000024165	JPT2	ENSMFAG00000033861	ortholog_one2many	1	78.9474
Jrk	ENSMUSG00000046380	JRK	ENSMFAG00000004225	ortholog_one2one	1	77.3788
Jrkl	ENSMUSG00000079083	JRKL	ENSMFAG00000030353	ortholog_one2one	1	94.4551
Jtb	ENSMUSG00000027937	JTB	ENSMFAG00000042455	ortholog_one2one	1	83.5616
Jun	ENSMUSG00000052684	JUN	ENSMFAG00000050244	ortholog_one2one	1	88.9222
Jup	ENSMUSG00000001552	JUP	ENSMFAG00000034238	ortholog_one2one	1	98.1208
Kalrn	ENSMUSG00000061751	KALRN	ENSMFAG00000043685	ortholog_one2one	1	97.7395
Kank1	ENSMUSG00000032702	KANK1	ENSMFAG00000036947	ortholog_one2one	1	84.7059
Kank4	ENSMUSG00000035407	KANK4	ENSMFAG00000032159	ortholog_one2one	1	73.0315
Kansl1l	ENSMUSG00000026004	KANSL1L	ENSMFAG00000031878	ortholog_one2one	1	78.7751
Kansl2	ENSMUSG00000022992	KANSL2	ENSMFAG00000039042	ortholog_one2one	1	96.0905
Kansl3	ENSMUSG00000010453	KANSL3	ENSMFAG00000036793	ortholog_one2one	1	94.0707
Kars1	ENSMUSG00000031948	KARS1	ENSMFAG00000040024	ortholog_one2one	1	89.2437
Kat14	ENSMUSG00000027425	KAT14	ENSMFAG00000049867	ortholog_one2one	1	94.9936
Kat2a	ENSMUSG00000020918	KAT2A	ENSMFAG00000040507	ortholog_one2one	1	98.1906
Kat2b	ENSMUSG00000000708	KAT2B	ENSMFAG00000035980	ortholog_one2one	1	88.5609
Kat5	ENSMUSG00000024926	KAT5	ENSMFAG00000001136	ortholog_one2one	1	99.6101
Kat6a	ENSMUSG00000031540	KAT6A	ENSMFAG00000040843	ortholog_one2one	1	88.4673
Kat6b	ENSMUSG00000021767	KAT6B	ENSMFAG00000032437	ortholog_one2one	1	90.6977
Kat7	ENSMUSG00000038909	KAT7	ENSMFAG00000036338	ortholog_one2one	1	94.9264
Kat8	ENSMUSG00000030801	KAT8	ENSMFAG00000030391	ortholog_one2one	1	97.8166
Katna1	ENSMUSG00000019794	KATNA1	ENSMFAG00000044145	ortholog_one2one	1	92.4949
Katnal1	ENSMUSG00000041298	KATNAL1	ENSMFAG00000053013	ortholog_one2one	1	94.2623
Katnal2	ENSMUSG00000025420	KATNAL2	ENSMFAG00000029779	ortholog_one2one	1	87.384
Katnb1	ENSMUSG00000031787	KATNB1	ENSMFAG00000043372	ortholog_one2one	1	95.1368
Katnbl1	ENSMUSG00000027132	KATNBL1	ENSMFAG00000038142	ortholog_one2one	1	82.2742
Kazald1	ENSMUSG00000025213	KAZALD1	ENSMFAG00000063924	ortholog_one2one	1	77.6358
Kbtbd12	ENSMUSG00000033182	KBTBD12	ENSMFAG00000007505	ortholog_one2one	1	91.52
Kbtbd3	ENSMUSG00000025893	KBTBD3	ENSMFAG00000031041	ortholog_one2one	1	91.2685
Kbtbd4	ENSMUSG00000005505	KBTBD4	ENSMFAG00000032928	ortholog_one2one	1	99.4209
Kbtbd6	ENSMUSG00000075502	KBTBD6	ENSMFAG00000056684	ortholog_many2many	1	67.3953
Kbtbd6	ENSMUSG00000075502	KBTBD7	ENSMFAG00000002271	ortholog_many2many	1	69.7632
Kbtbd7	ENSMUSG00000043881	KBTBD6	ENSMFAG00000056684	ortholog_many2many	1	82.3188
Kbtbd7	ENSMUSG00000043881	KBTBD7	ENSMFAG00000002271	ortholog_many2many	1	93.4783
Kbtbd8	ENSMUSG00000030031	KBTBD8	ENSMFAG00000003507	ortholog_one2one	1	97.3289
Kcna1	ENSMUSG00000047976	KCNA1	ENSMFAG00000027484	ortholog_one2one	1	98.3838
Kcna10	ENSMUSG00000042861	KCNA10	ENSMFAG00000016078	ortholog_one2one	1	92.7593
Kcna2	ENSMUSG00000040724	KCNA2	ENSMFAG00000000561	ortholog_one2one	1	60.521
Kcna3	ENSMUSG00000047959	KCNA3	ENSMFAG00000007623	ortholog_one2one	1	88.6364
Kcnab1	ENSMUSG00000027827	KCNAB1	ENSMFAG00000032077	ortholog_one2one	1	87.2818
Kcnab2	ENSMUSG00000028931	KCNAB2	ENSMFAG00000035522	ortholog_one2one	1	89.6458
Kcnab3	ENSMUSG00000018470	KCNAB3	ENSMFAG00000040577	ortholog_one2one	1	92.3267
Kcnb1	ENSMUSG00000050556	KCNB1	ENSMFAG00000003724	ortholog_one2one	1	91.2485
Kcnc1	ENSMUSG00000058975	KCNC1	ENSMFAG00000002367	ortholog_one2one	1	99.8291
Kcnc2	ENSMUSG00000035681	KCNC2	ENSMFAG00000032844	ortholog_one2one	1	97.0405
Kcnc4	ENSMUSG00000027895	KCNC4	ENSMFAG00000002458	ortholog_one2one	1	92.5397
Kcnd2	ENSMUSG00000060882	KCND2	ENSMFAG00000046158	ortholog_one2one	1	99.5238
Kcnd3	ENSMUSG00000040896	KCND3	ENSMFAG00000002047	ortholog_one2one	1	99.3711
Kcne2	ENSMUSG00000039672	KCNE2	ENSMFAG00000053165	ortholog_one2one	1	85.3659
Kcne3	ENSMUSG00000035165	KCNE3	ENSMFAG00000028410	ortholog_one2one	1	92.233
Kcne4	ENSMUSG00000047330	KCNE4	ENSMFAG00000052682	ortholog_one2one	1	89.4118
Kcnf1	ENSMUSG00000051726	KCNF1	ENSMFAG00000041973	ortholog_one2one	1	96.3489
Kcng3	ENSMUSG00000045053	KCNG3	ENSMFAG00000060305	ortholog_one2one	1	96.5358
Kcng4	ENSMUSG00000045246	KCNG4	ENSMFAG00000044144	ortholog_one2one	1	81.0277
Kcnh1	ENSMUSG00000058248	KCNH1	ENSMFAG00000000121	ortholog_one2one	1	97.1933
Kcnh3	ENSMUSG00000037579	KCNH3	ENSMFAG00000045110	ortholog_one2one	1	94.7945
Kcnh4	ENSMUSG00000035355	KCNH4	ENSMFAG00000003215	ortholog_one2one	1	89.7839
Kcnh5	ENSMUSG00000034402	KCNH5	ENSMFAG00000037862	ortholog_one2one	1	97.8745
Kcnh6	ENSMUSG00000001901	KCNH6	ENSMFAG00000000684	ortholog_one2one	1	90.4211
Kcnh7	ENSMUSG00000059742	KCNH7	ENSMFAG00000030695	ortholog_one2one	1	94.8117
Kcnh8	ENSMUSG00000035580	KCNH8	ENSMFAG00000035903	ortholog_one2one	1	92.8312
Kcnip1	ENSMUSG00000053519	KCNIP1	ENSMFAG00000036449	ortholog_one2one	1	93.3921
Kcnip2	ENSMUSG00000025221	KCNIP2	ENSMFAG00000046056	ortholog_one2one	1	80.4348
Kcnip4	ENSMUSG00000029088	KCNIP4	ENSMFAG00000042661	ortholog_one2one	1	99.537
Kcnj1	ENSMUSG00000041248	KCNJ1	ENSMFAG00000044793	ortholog_one2one	1	92.2043
Kcnj10	ENSMUSG00000044708	KCNJ10	ENSMFAG00000052965	ortholog_one2one	1	99.2084
Kcnj13	ENSMUSG00000079436	KCNJ13	ENSMFAG00000052661	ortholog_one2one	1	92.2222
Kcnj14	ENSMUSG00000058743	KCNJ14	ENSMFAG00000045491	ortholog_one2one	1	87.3272
Kcnj15	ENSMUSG00000062609	KCNJ15	ENSMFAG00000018546	ortholog_one2one	1	96
Kcnj16	ENSMUSG00000051497	KCNJ16	ENSMFAG00000037585	ortholog_one2one	1	92.6014
Kcnj2	ENSMUSG00000041695	KCNJ2	ENSMFAG00000010019	ortholog_one2one	1	95.0935
Kcnj5	ENSMUSG00000032034	KCNJ5	ENSMFAG00000041999	ortholog_one2one	1	93.3174
Kcnj6	ENSMUSG00000043301	KCNJ6	ENSMFAG00000040836	ortholog_one2one	1	98.8235
Kcnj8	ENSMUSG00000030247	KCNJ8	ENSMFAG00000034423	ortholog_one2one	1	98.1132
Kcnk1	ENSMUSG00000033998	KCNK1	ENSMFAG00000041435	ortholog_one2one	1	94.9405
Kcnk10	ENSMUSG00000033854	KCNK10	ENSMFAG00000042642	ortholog_one2one	1	94.9533
Kcnk12	ENSMUSG00000050138	KCNK12	ENSMFAG00000060684	ortholog_one2one	1	68.1395
Kcnk13	ENSMUSG00000045404	KCNK13	ENSMFAG00000044500	ortholog_one2one	1	85.679
Kcnk18	ENSMUSG00000040901	KCNK18	ENSMFAG00000045802	ortholog_one2one	1	64.9746
Kcnk2	ENSMUSG00000037624	KCNK2	ENSMFAG00000037275	ortholog_one2one	1	96.2871
Kcnk3	ENSMUSG00000049265	KCNK3	ENSMFAG00000060076	ortholog_one2one	1	82.6406
Kcnk4	ENSMUSG00000024957	KCNK4	ENSMFAG00000053969	ortholog_one2one	1	71.1712
Kcnk6	ENSMUSG00000046410	KCNK6	ENSMFAG00000032940	ortholog_one2one	1	84.345
Kcnk7	ENSMUSG00000024936	KCNK7	ENSMFAG00000000661	ortholog_one2one	1	70.5539
Kcnk9	ENSMUSG00000036760	KCNK9	ENSMFAG00000060542	ortholog_one2one	1	67.1642
Kcnma1	ENSMUSG00000063142	KCNMA1	ENSMFAG00000035904	ortholog_one2one	1	98.3022
Kcnmb1	ENSMUSG00000020155	KCNMB1	ENSMFAG00000002422	ortholog_one2one	1	83.2461
Kcnmb3	ENSMUSG00000091091	KCNMB3	ENSMFAG00000000185	ortholog_one2one	1	72.3849
Kcnmb4	ENSMUSG00000054934	KCNMB4	ENSMFAG00000059465	ortholog_one2one	1	93.8095
Kcnn1	ENSMUSG00000002908	KCNN1	ENSMFAG00000040924	ortholog_one2one	1	80.855
Kcnn2	ENSMUSG00000054477	KCNN2	ENSMFAG00000034607	ortholog_one2one	1	98.7805
Kcnn3	ENSMUSG00000000794	KCNN3	ENSMFAG00000040110	ortholog_one2one	1	95.6284
Kcnn4	ENSMUSG00000054342	KCNN4	ENSMFAG00000038433	ortholog_one2one	1	83.7647
Kcnq1	ENSMUSG00000009545	KCNQ1	ENSMFAG00000044043	ortholog_one2one	1	89.2216
Kcnq2	ENSMUSG00000016346	KCNQ2	ENSMFAG00000042590	ortholog_one2one	1	72.3005
Kcnq3	ENSMUSG00000056258	KCNQ3	ENSMFAG00000000975	ortholog_one2one	1	81.2142
Kcnq4	ENSMUSG00000028631	KCNQ4	ENSMFAG00000034264	ortholog_one2one	1	95.977
Kcnrg	ENSMUSG00000046168	KCNRG	ENSMFAG00000042387	ortholog_one2one	1	73.8636
Kcns1	ENSMUSG00000040164	KCNS1	ENSMFAG00000053982	ortholog_one2one	1	85.9155
Kcns2	ENSMUSG00000050963	KCNS2	ENSMFAG00000030529	ortholog_one2one	1	98.3229
Kcns3	ENSMUSG00000043673	KCNS3	ENSMFAG00000007411	ortholog_one2one	1	94.7047
Kcnt2	ENSMUSG00000052726	KCNT2	ENSMFAG00000030817	ortholog_one2one	1	97.3568
Kcnv1	ENSMUSG00000022342	KCNV1	ENSMFAG00000037130	ortholog_one2one	1	95.0298
Kcnv2	ENSMUSG00000047298	KCNV2	ENSMFAG00000055892	ortholog_one2one	1	80.0712
Kcp	ENSMUSG00000059022	KCP	ENSMFAG00000035427	ortholog_one2one	1	74.9032
Kctd10	ENSMUSG00000001098	KCTD10	ENSMFAG00000001368	ortholog_one2one	1	97.4603
Kctd13	ENSMUSG00000030685	KCTD13	ENSMFAG00000041130	ortholog_one2one	1	78.7234
Kctd14	ENSMUSG00000051727	KCTD14	ENSMFAG00000030889	ortholog_one2one	1	50.7519
Kctd16	ENSMUSG00000051401	KCTD16	ENSMFAG00000031599	ortholog_one2one	1	64.8712
Kctd17	ENSMUSG00000033287	KCTD17	ENSMFAG00000003026	ortholog_one2one	1	74.1936
Kctd18	ENSMUSG00000054770	KCTD18	ENSMFAG00000037300	ortholog_one2one	1	80.1865
Kctd19	ENSMUSG00000051648	KCTD19	ENSMFAG00000019930	ortholog_one2one	1	88.9968
Kctd2	ENSMUSG00000016940	KCTD2	ENSMFAG00000040581	ortholog_one2many	1	92.7757
Kctd20	ENSMUSG00000005936	KCTD20	ENSMFAG00000033116	ortholog_one2one	1	89.9761
Kctd21	ENSMUSG00000044952	KCTD21	ENSMFAG00000060342	ortholog_one2one	1	98.8462
Kctd3	ENSMUSG00000026608	KCTD3	ENSMFAG00000042976	ortholog_one2one	1	93.6196
Kctd4	ENSMUSG00000046523	KCTD4	ENSMFAG00000038976	ortholog_one2one	1	97.2973
Kctd6	ENSMUSG00000021752	KCTD6	ENSMFAG00000040632	ortholog_one2one	1	96.2025
Kctd8	ENSMUSG00000037653	KCTD8	ENSMFAG00000049846	ortholog_one2one	1	94.1176
Kctd9	ENSMUSG00000034327	KCTD9	ENSMFAG00000000476	ortholog_one2one	1	94.6015
Kdelr1	ENSMUSG00000002778	KDELR1	ENSMFAG00000000858	ortholog_one2one	1	60.3774
Kdelr2	ENSMUSG00000079111	KDELR2	ENSMFAG00000038055	ortholog_one2one	1	98.5849
Kdelr3	ENSMUSG00000010830	KDELR3	ENSMFAG00000042286	ortholog_one2one	1	88.3178
Kdf1	ENSMUSG00000037600	KDF1	ENSMFAG00000042338	ortholog_one2one	1	90.1763
Kdm1a	ENSMUSG00000036940	KDM1A	ENSMFAG00000037505	ortholog_one2one	1	96.7175
Kdm1b	ENSMUSG00000038080	KDM1B	ENSMFAG00000037161	ortholog_one2one	1	89.5884
Kdm2a	ENSMUSG00000054611	KDM2A	ENSMFAG00000031721	ortholog_one2one	1	97.3299
Kdm3a	ENSMUSG00000053470	KDM3A	ENSMFAG00000046149	ortholog_one2one	1	91.3832
Kdm3b	ENSMUSG00000038773	KDM3B	ENSMFAG00000042919	ortholog_one2one	1	93.4166
Kdm4a	ENSMUSG00000033326	KDM4A	ENSMFAG00000038669	ortholog_one2one	1	93.4211
Kdm4b	ENSMUSG00000024201	KDM4B	ENSMFAG00000002814	ortholog_one2one	1	81.1234
Kdm4d	ENSMUSG00000053914	KDM4D	ENSMFAG00000024894	ortholog_one2one	1	68.6274
Kdm5b	ENSMUSG00000042207	KDM5B	ENSMFAG00000017880	ortholog_one2one	1	93.9119
Kdm6a	ENSMUSG00000037369	KDM6A	ENSMFAG00000045817	ortholog_one2one	1	94.7894
Kdm7a	ENSMUSG00000042599	KDM7A	ENSMFAG00000002056	ortholog_one2one	1	89.8936
Kdm8	ENSMUSG00000030752	KDM8	ENSMFAG00000045292	ortholog_one2one	1	77.0531
Kdr	ENSMUSG00000062960	KDR	ENSMFAG00000043201	ortholog_one2one	1	86.5427
Kdsr	ENSMUSG00000009905	KDSR	ENSMFAG00000042704	ortholog_one2one	1	93.0723
Keap1	ENSMUSG00000003308	KEAP1	ENSMFAG00000054809	ortholog_one2one	1	93.9103
Kera	ENSMUSG00000019932	KERA	ENSMFAG00000041597	ortholog_one2one	1	86.6097
Khdc4	ENSMUSG00000028060	KHDC4	ENSMFAG00000003201	ortholog_one2one	1	95.7516
Khdrbs1	ENSMUSG00000028790	KHDRBS1	ENSMFAG00000001194	ortholog_one2one	1	91.4221
Khdrbs3	ENSMUSG00000022332	KHDRBS3	ENSMFAG00000041845	ortholog_one2one	1	88.4393
Khk	ENSMUSG00000029162	KHK	ENSMFAG00000032386	ortholog_one2one	1	84.2566
Khnyn	ENSMUSG00000047153	KHNYN	ENSMFAG00000001200	ortholog_one2one	1	78.8376
Khsrp	ENSMUSG00000007670	KHSRP	ENSMFAG00000000292	ortholog_one2one	1	78.877
Kics2	ENSMUSG00000053684	KICS2	ENSMFAG00000000249	ortholog_one2one	1	95.2809
Kif11	ENSMUSG00000012443	KIF11	ENSMFAG00000036607	ortholog_one2one	1	80.6084
Kif12	ENSMUSG00000028357	KIF12	ENSMFAG00000037359	ortholog_one2one	1	71.2286
Kif13a	ENSMUSG00000021375	KIF13A	ENSMFAG00000032997	ortholog_one2one	1	92.3385
Kif14	ENSMUSG00000041498	KIF14	ENSMFAG00000045576	ortholog_one2one	1	70.6691
Kif15	ENSMUSG00000036768	KIF15	ENSMFAG00000039831	ortholog_one2one	1	85.7967
Kif17	ENSMUSG00000028758	KIF17	ENSMFAG00000043993	ortholog_one2one	1	76.5533
Kif18a	ENSMUSG00000027115	KIF18A	ENSMFAG00000002311	ortholog_one2one	1	76.1851
Kif18b	ENSMUSG00000051378	KIF18B	ENSMFAG00000003134	ortholog_one2one	1	71.3429
Kif19a	ENSMUSG00000010021	KIF19	ENSMFAG00000005945	ortholog_one2one	1	88.666
Kif1a	ENSMUSG00000014602	KIF1A	ENSMFAG00000038236	ortholog_one2one	1	95.8682
Kif1b	ENSMUSG00000063077	KIF1B	ENSMFAG00000033591	ortholog_one2one	1	96.8612
Kif1c	ENSMUSG00000020821	KIF1C	ENSMFAG00000038587	ortholog_one2one	1	94.3636
Kif20a	ENSMUSG00000003779	KIF20A	ENSMFAG00000039764	ortholog_one2one	1	87.2604
Kif20b	ENSMUSG00000024795	KIF20B	ENSMFAG00000039355	ortholog_one2one	1	74.4081
Kif21b	ENSMUSG00000041642	KIF21B	ENSMFAG00000039907	ortholog_one2one	1	94.766
Kif22	ENSMUSG00000030677	KIF22	ENSMFAG00000034567	ortholog_one2one	1	82.2727
Kif23	ENSMUSG00000032254	KIF23	ENSMFAG00000041684	ortholog_one2one	1	89.6118
Kif24	ENSMUSG00000028438	KIF24	ENSMFAG00000041854	ortholog_one2one	1	72.5664
Kif27	ENSMUSG00000060176	KIF27	ENSMFAG00000041308	ortholog_one2one	1	79.627
Kif2a	ENSMUSG00000021693	KIF2A	ENSMFAG00000001362	ortholog_one2one	1	98.2979
Kif2c	ENSMUSG00000028678	KIF2C	ENSMFAG00000043842	ortholog_one2one	1	87.3178
Kif3b	ENSMUSG00000027475	KIF3B	ENSMFAG00000034183	ortholog_one2one	1	72.8246
Kif3c	ENSMUSG00000020668	KIF3C	ENSMFAG00000002881	ortholog_one2one	1	94.9749
Kif4	ENSMUSG00000034311	KIF4A	ENSMFAG00000037167	ortholog_one2one	1	85.8652
Kif5a	ENSMUSG00000074657	KIF5A	ENSMFAG00000038846	ortholog_one2one	1	97.8578
Kif5b	ENSMUSG00000006740	KIF5B	ENSMFAG00000003386	ortholog_one2one	1	97.5078
Kif5c	ENSMUSG00000026764	KIF5C	ENSMFAG00000038774	ortholog_one2one	1	98.2218
Kif7	ENSMUSG00000050382	KIF7	ENSMFAG00000044171	ortholog_one2one	1	82.1217
Kif9	ENSMUSG00000032489	KIF9	ENSMFAG00000043979	ortholog_one2one	1	89.2405
Kifap3	ENSMUSG00000026585	KIFAP3	ENSMFAG00000030675	ortholog_one2one	1	97.8562
Kifbp	ENSMUSG00000036955	KIFBP	ENSMFAG00000044367	ortholog_one2one	1	92.0583
Kifc2	ENSMUSG00000004187	KIFC2	ENSMFAG00000002476	ortholog_one2one	1	80.303
Kifc3	ENSMUSG00000031788	KIFC3	ENSMFAG00000000179	ortholog_one2one	1	75.6959
Kin	ENSMUSG00000037262	KIN	ENSMFAG00000002686	ortholog_one2one	1	92.8389
Kirrel2	ENSMUSG00000036915	KIRREL2	ENSMFAG00000032870	ortholog_one2one	1	83.4286
Kirrel3	ENSMUSG00000032036	KIRREL3	ENSMFAG00000043359	ortholog_one2one	1	98.3629
Kit	ENSMUSG00000005672	KIT	ENSMFAG00000041033	ortholog_one2one	1	83.0769
Kitl	ENSMUSG00000019966	KITLG	ENSMFAG00000054618	ortholog_one2one	1	72.1612
Kiz	ENSMUSG00000074749	KIZ	ENSMFAG00000036086	ortholog_one2one	1	65.6115
Kl	ENSMUSG00000058488	KL	ENSMFAG00000035814	ortholog_one2one	1	84.4181
Klb	ENSMUSG00000029195	KLB	ENSMFAG00000003644	ortholog_one2one	1	79.2905
Klc1	ENSMUSG00000021288	KLC1	ENSMFAG00000030493	ortholog_one2one	1	94.0345
Klc2	ENSMUSG00000024862	KLC2	ENSMFAG00000044640	ortholog_one2one	1	95.9612
Klc3	ENSMUSG00000040714	KLC3	ENSMFAG00000041224	ortholog_one2one	1	87.7953
Klc4	ENSMUSG00000003546	KLC4	ENSMFAG00000038153	ortholog_one2one	1	94.0226
Klf1	ENSMUSG00000054191	KLF1	ENSMFAG00000044883	ortholog_one2one	1	67.5532
Klf10	ENSMUSG00000037465	KLF10	ENSMFAG00000036189	ortholog_one2one	1	83.2985
Klf12	ENSMUSG00000072294	KLF12	ENSMFAG00000002684	ortholog_one2one	1	97.0149
Klf15	ENSMUSG00000030087	KLF15	ENSMFAG00000002550	ortholog_one2one	1	85.5422
Klf3	ENSMUSG00000029178	KLF3	ENSMFAG00000040858	ortholog_one2one	1	95.3488
Klf4	ENSMUSG00000003032	KLF4	ENSMFAG00000035870	ortholog_one2one	1	90.0621
Klf6	ENSMUSG00000000078	KLF6	ENSMFAG00000040602	ortholog_one2one	1	84.2767
Klf7	ENSMUSG00000025959	KLF7	ENSMFAG00000039083	ortholog_one2one	1	97.3422
Klf8	ENSMUSG00000041649	KLF8	ENSMFAG00000046239	ortholog_one2one	1	83.9437
Klf9	ENSMUSG00000033863	KLF9	ENSMFAG00000035395	ortholog_one2one	1	97.1311
Klhdc1	ENSMUSG00000051890	KLHDC1	ENSMFAG00000003879	ortholog_one2one	1	88.4236
Klhdc10	ENSMUSG00000029775	KLHDC10	ENSMFAG00000041650	ortholog_one2one	1	96.0976
Klhdc2	ENSMUSG00000020978	KLHDC2	ENSMFAG00000035256	ortholog_one2one	1	96.5517
Klhdc3	ENSMUSG00000063576	KLHDC3	ENSMFAG00000039386	ortholog_one2one	1	96.3351
Klhdc4	ENSMUSG00000040263	KLHDC4	ENSMFAG00000000253	ortholog_one2one	1	70.3767
Klhdc7a	ENSMUSG00000078234	KLHDC7A	ENSMFAG00000038781	ortholog_one2one	1	56.1449
Klhdc8a	ENSMUSG00000042115	KLHDC8A	ENSMFAG00000037118	ortholog_one2one	1	95.1429
Klhdc8b	ENSMUSG00000032609	KLHDC8B	ENSMFAG00000044788	ortholog_one2one	1	97.7401
Klhdc9	ENSMUSG00000045259	KLHDC9	ENSMFAG00000032354	ortholog_one2one	1	82.2857
Klhl1	ENSMUSG00000022076	KLHL1	ENSMFAG00000045236	ortholog_one2one	1	95.3395
Klhl10	ENSMUSG00000001558	KLHL10	ENSMFAG00000036160	ortholog_one2one	1	99.1776
Klhl11	ENSMUSG00000048732	KLHL11	ENSMFAG00000002946	ortholog_one2one	1	96.1918
Klhl12	ENSMUSG00000026455	KLHL12	ENSMFAG00000031203	ortholog_one2one	1	99.2958
Klhl13	ENSMUSG00000036782	KLHL13	ENSMFAG00000043732	ortholog_one2one	1	95.5298
Klhl14	ENSMUSG00000042514	KLHL14	ENSMFAG00000043081	ortholog_one2one	1	98.7302
Klhl15	ENSMUSG00000043929	KLHL15	ENSMFAG00000063807	ortholog_one2one	1	97.1854
Klhl2	ENSMUSG00000031605	KLHL2	ENSMFAG00000041292	ortholog_one2one	1	98.4823
Klhl20	ENSMUSG00000026705	KLHL20	ENSMFAG00000033900	ortholog_one2one	1	100
Klhl28	ENSMUSG00000020948	KLHL28	ENSMFAG00000033166	ortholog_one2one	1	97.1979
Klhl29	ENSMUSG00000020627	KLHL29	ENSMFAG00000002617	ortholog_one2one	1	97.0286
Klhl30	ENSMUSG00000026308	KLHL30	ENSMFAG00000041151	ortholog_one2one	1	88.4682
Klhl32	ENSMUSG00000040387	KLHL32	ENSMFAG00000041275	ortholog_one2one	1	98.2258
Klhl33	ENSMUSG00000090799	KLHL33	ENSMFAG00000042662	ortholog_one2one	1	64.8171
Klhl35	ENSMUSG00000035298	KLHL35	ENSMFAG00000031078	ortholog_one2one	1	89.8955
Klhl36	ENSMUSG00000031828	KLHL36	ENSMFAG00000045556	ortholog_one2one	1	85.9706
Klhl38	ENSMUSG00000022357	KLHL38	ENSMFAG00000036573	ortholog_one2one	1	85.1979
Klhl4	ENSMUSG00000025597	KLHL4	ENSMFAG00000039559	ortholog_one2one	1	85.0767
Klhl40	ENSMUSG00000074001	KLHL40	ENSMFAG00000046404	ortholog_one2one	1	92.2705
Klhl42	ENSMUSG00000040102	KLHL42	ENSMFAG00000037607	ortholog_one2one	1	92.9006
Klhl5	ENSMUSG00000054920	KLHL5	ENSMFAG00000042012	ortholog_one2one	1	98.4155
Klhl8	ENSMUSG00000029312	KLHL8	ENSMFAG00000041071	ortholog_one2one	1	91.7329
Klhl9	ENSMUSG00000070923	KLHL9	ENSMFAG00000061614	ortholog_one2one	1	98.7034
Klk1	ENSMUSG00000063903	KLK1	ENSMFAG00000002606	ortholog_one2many	1	61.6858
Klk11	ENSMUSG00000067616	KLK11	ENSMFAG00000032540	ortholog_one2one	1	81.9277
Klk12	ENSMUSG00000044430	KLK12	ENSMFAG00000039970	ortholog_one2one	1	71.6599
Klk15	ENSMUSG00000055193	KLK15	ENSMFAG00000043311	ortholog_one2one	1	77.1654
Klk1b1	ENSMUSG00000063133	KLK1	ENSMFAG00000002606	ortholog_one2many	1	59.387
Klk1b11	ENSMUSG00000044485	KLK1	ENSMFAG00000002606	ortholog_one2many	1	59.0038
Klk1b16	ENSMUSG00000038968	KLK1	ENSMFAG00000002606	ortholog_one2many	1	54.4061
Klk1b21	ENSMUSG00000066516	KLK1	ENSMFAG00000002606	ortholog_one2many	1	58.2375
Klk1b22	ENSMUSG00000060177	KLK1	ENSMFAG00000002606	ortholog_one2many	1	57.9151
Klk1b24	ENSMUSG00000063713	KLK1	ENSMFAG00000002606	ortholog_one2many	1	56.2738
Klk1b26	ENSMUSG00000053719	KLK1	ENSMFAG00000002606	ortholog_one2many	1	57.4713
Klk1b27	ENSMUSG00000063177	KLK1	ENSMFAG00000002606	ortholog_one2many	1	56.654
Klk1b3	ENSMUSG00000066515	KLK1	ENSMFAG00000002606	ortholog_one2many	1	60.5364
Klk1b4	ENSMUSG00000066513	KLK1	ENSMFAG00000002606	ortholog_one2many	1	57.0312
Klk1b5	ENSMUSG00000066512	KLK1	ENSMFAG00000002606	ortholog_one2many	1	59.7701
Klk1b8	ENSMUSG00000063089	KLK1	ENSMFAG00000002606	ortholog_one2many	1	56.705
Klk1b9	ENSMUSG00000059042	KLK1	ENSMFAG00000002606	ortholog_one2many	1	57.8544
Klk4	ENSMUSG00000006948	KLK4	ENSMFAG00000002473	ortholog_one2one	1	69.8039
Klk5	ENSMUSG00000074155	KLK5	ENSMFAG00000004023	ortholog_one2one	1	70.6485
Klk8	ENSMUSG00000064023	KLK8	ENSMFAG00000007242	ortholog_one2one	1	70.7692
Klk9	ENSMUSG00000047884	KLK9	ENSMFAG00000033130	ortholog_one2one	1	79.2829
Klkb1	ENSMUSG00000109764	KLKB1	ENSMFAG00000045445	ortholog_one2one	1	75.8621
Klrd1	ENSMUSG00000030165	KLRD1	ENSMFAG00000001286	ortholog_one2one	1	53.6313
Klrk1	ENSMUSG00000030149	KLRK1	ENSMFAG00000032496	ortholog_one2one	1	55.1724
Kmo	ENSMUSG00000039783	KMO	ENSMFAG00000044420	ortholog_one2one	1	77.2443
Kmt2c	ENSMUSG00000038056	KMT2C	ENSMFAG00000046075	ortholog_one2one	1	84.4821
Kmt2e	ENSMUSG00000029004	KMT2E	ENSMFAG00000045390	ortholog_one2one	1	78.4797
Kmt5b	ENSMUSG00000045098	KMT5B	ENSMFAG00000030851	ortholog_one2one	1	86.6365
Kmt5c	ENSMUSG00000059851	KMT5C	ENSMFAG00000040317	ortholog_one2one	1	68.3761
Kncn	ENSMUSG00000073774	KNCN	ENSMFAG00000045471	ortholog_one2one	1	83.0645
Knl1	ENSMUSG00000027326	KNL1	ENSMFAG00000045223	ortholog_one2one	1	61.1137
Knop1	ENSMUSG00000030980	KNOP1	ENSMFAG00000040796	ortholog_one2one	1	59.1667
Knstrn	ENSMUSG00000027331	KNSTRN	ENSMFAG00000040597	ortholog_one2one	1	67.6282
Kntc1	ENSMUSG00000029414	KNTC1	ENSMFAG00000045398	ortholog_one2one	1	81.2415
Kpna1	ENSMUSG00000022905	KPNA1	ENSMFAG00000046020	ortholog_one2one	1	97.9554
Kpna3	ENSMUSG00000021929	KPNA3	ENSMFAG00000043025	ortholog_one2one	1	99.6161
Kpna4	ENSMUSG00000027782	KPNA4	ENSMFAG00000041583	ortholog_one2one	1	98.8484
Kpna6	ENSMUSG00000003731	KPNA6	ENSMFAG00000000429	ortholog_one2one	1	95.709
Kpna7	ENSMUSG00000038770	KPNA7	ENSMFAG00000031709	ortholog_one2one	1	61.3226
Kpnb1	ENSMUSG00000001440	KPNB1	ENSMFAG00000030197	ortholog_one2one	1	98.9726
Kprp	ENSMUSG00000059832	KPRP	ENSMFAG00000065755	ortholog_one2one	1	56.621
Kptn	ENSMUSG00000006021	KPTN	ENSMFAG00000039746	ortholog_one2one	1	70
Kras	ENSMUSG00000030265	KRAS	ENSMFAG00000047411	ortholog_one2one	1	96.8085
Krba1	ENSMUSG00000042810	KRBA1	ENSMFAG00000036727	ortholog_one2one	1	60.1113
Krcc1	ENSMUSG00000053012	KRCC1	ENSMFAG00000007883	ortholog_one2one	1	74.6094
Kremen1	ENSMUSG00000020393	KREMEN1	ENSMFAG00000035109	ortholog_one2one	1	92.8118
Kri1	ENSMUSG00000035047	KRI1	ENSMFAG00000046360	ortholog_one2one	1	80.5674
Krit1	ENSMUSG00000000600	KRIT1	ENSMFAG00000033257	ortholog_one2one	1	94.4293
Krt1	ENSMUSG00000046834	KRT1	ENSMFAG00000001078	ortholog_one2one	1	76.7661
Krt10	ENSMUSG00000019761	KRT10	ENSMFAG00000038850	ortholog_one2one	1	84.3137
Krt12	ENSMUSG00000020912	KRT12	ENSMFAG00000003650	ortholog_one2one	1	79.4661
Krt16	ENSMUSG00000053797	KRT16	ENSMFAG00000039227	ortholog_one2one	1	84.0085
Krt19	ENSMUSG00000020911	KRT19	ENSMFAG00000003391	ortholog_one2one	1	82.134
Krt20	ENSMUSG00000035775	KRT20	ENSMFAG00000003933	ortholog_one2one	1	77.9582
Krt222	ENSMUSG00000035849	KRT222	ENSMFAG00000035858	ortholog_one2one	1	88.7755
Krt23	ENSMUSG00000006777	KRT23	ENSMFAG00000038526	ortholog_one2one	1	78.673
Krt24	ENSMUSG00000020913	KRT24	ENSMFAG00000039579	ortholog_one2one	1	71.875
Krt25	ENSMUSG00000035831	KRT25	ENSMFAG00000037286	ortholog_one2one	1	91.704
Krt26	ENSMUSG00000075570	KRT26	ENSMFAG00000001350	ortholog_one2one	1	76.4069
Krt27	ENSMUSG00000017588	KRT27	ENSMFAG00000039079	ortholog_one2one	1	89.0625
Krt28	ENSMUSG00000055937	KRT28	ENSMFAG00000040928	ortholog_one2one	1	87.013
Krt32	ENSMUSG00000046095	KRT32	ENSMFAG00000041780	ortholog_one2one	1	78.8079
Krt33a	ENSMUSG00000035592	KRT33A	ENSMFAG00000022725	ortholog_many2many	1	87.8713
Krt33b	ENSMUSG00000057723	KRT33A	ENSMFAG00000022725	ortholog_many2many	1	86.6337
Krt34	ENSMUSG00000043485	KRT34	ENSMFAG00000038441	ortholog_one2one	1	87.2449
Krt35	ENSMUSG00000048013	KRT35	ENSMFAG00000000514	ortholog_one2one	1	91.4286
Krt36	ENSMUSG00000020916	KRT36	ENSMFAG00000038005	ortholog_one2one	1	83.7209
Krt39	ENSMUSG00000064165	KRT39	ENSMFAG00000033201	ortholog_one2one	1	76.3485
Krt4	ENSMUSG00000059668	KRT4	ENSMFAG00000000980	ortholog_one2one	1	81.1429
Krt40	ENSMUSG00000059169	KRT40	ENSMFAG00000044976	ortholog_one2one	1	77.6765
Krt5	ENSMUSG00000061527	KRT5	ENSMFAG00000037676	ortholog_one2many	1	90
Krt7	ENSMUSG00000023039	KRT7	ENSMFAG00000032813	ortholog_one2one	1	83.3698
Krt71	ENSMUSG00000051879	KRT71	ENSMFAG00000035546	ortholog_one2one	1	91.2214
Krt73	ENSMUSG00000063661	KRT73	ENSMFAG00000044971	ortholog_one2one	1	83.859
Krt75	ENSMUSG00000022986	KRT75	ENSMFAG00000031608	ortholog_one2one	1	85.8439
Krt76	ENSMUSG00000075402	KRT76	ENSMFAG00000000993	ortholog_one2one	1	79.798
Krt77	ENSMUSG00000067594	KRT77	ENSMFAG00000044745	ortholog_one2one	1	74.1259
Krt79	ENSMUSG00000061397	KRT79	ENSMFAG00000007357	ortholog_one2one	1	83.6158
Krt80	ENSMUSG00000037185	KRT80	ENSMFAG00000001336	ortholog_one2one	1	86.2832
Krt82	ENSMUSG00000049548	KRT82	ENSMFAG00000033703	ortholog_one2one	1	85.4651
Krt84	ENSMUSG00000044294	KRT84	ENSMFAG00000034594	ortholog_one2one	1	81.0945
Krt85	ENSMUSG00000116336	KRT85	ENSMFAG00000037800	ortholog_one2one	1	92.7022
Krtap10-29	ENSMUSG00000096131	KRTAP10-11	ENSMFAG00000031679	ortholog_many2many	1	56
Krtap10-30	ENSMUSG00000112380	KRTAP10-11	ENSMFAG00000031679	ortholog_many2many	1	52.7076
Krtap10-32	ENSMUSG00000112864	KRTAP10-11	ENSMFAG00000031679	ortholog_many2many	1	51.0714
Krtap10-33	ENSMUSG00000095970	KRTAP10-11	ENSMFAG00000031679	ortholog_many2many	1	53.3835
Krtap10-34	ENSMUSG00000096380	KRTAP10-11	ENSMFAG00000031679	ortholog_many2many	1	51.2097
Krtap24-1	ENSMUSG00000050239	KRTAP24-1	ENSMFAG00000050451	ortholog_one2one	1	59.6774
Krtap29-1	ENSMUSG00000078254	KRTAP29-1	ENSMFAG00000057334	ortholog_one2many	1	54.0936
Krtcap2	ENSMUSG00000042747	KRTCAP2	ENSMFAG00000037724	ortholog_one2one	1	97.0588
Krtcap3	ENSMUSG00000029149	KRTCAP3	ENSMFAG00000001722	ortholog_one2one	1	86.25
Krtdap	ENSMUSG00000074199	KRTDAP	ENSMFAG00000033686	ortholog_one2one	1	51.9608
Ksr2	ENSMUSG00000061578	KSR2	ENSMFAG00000042933	ortholog_one2one	1	88.7487
Kti12	ENSMUSG00000073775	KTI12	ENSMFAG00000036728	ortholog_one2one	1	76.3533
Ktn1	ENSMUSG00000021843	KTN1	ENSMFAG00000043226	ortholog_one2one	1	83.1409
Kxd1	ENSMUSG00000055553	KXD1	ENSMFAG00000044925	ortholog_one2one	1	92.0904
Ky	ENSMUSG00000035606	KY	ENSMFAG00000040026	ortholog_one2one	1	90.9228
Kyat1	ENSMUSG00000039648	KYAT1	ENSMFAG00000001847	ortholog_one2one	1	80.8962
L1cam	ENSMUSG00000031391	L1CAM	ENSMFAG00000030653	ortholog_one2one	1	87.0813
L2hgdh	ENSMUSG00000020988	L2HGDH	ENSMFAG00000044149	ortholog_one2one	1	82.7586
L3hypdh	ENSMUSG00000019718	L3HYPDH	ENSMFAG00000037589	ortholog_one2one	1	81.3559
L3mbtl1	ENSMUSG00000035576	L3MBTL1	ENSMFAG00000032249	ortholog_one2one	1	81.2349
L3mbtl2	ENSMUSG00000022394	L3MBTL2	ENSMFAG00000037650	ortholog_one2one	1	70.8393
L3mbtl3	ENSMUSG00000039089	L3MBTL3	ENSMFAG00000036330	ortholog_one2one	1	80.8096
L3mbtl4	ENSMUSG00000041565	L3MBTL4	ENSMFAG00000041924	ortholog_one2one	1	82.1895
LTO1	ENSMUSG00000031072	LTO1	ENSMFAG00000063304	ortholog_one2one	1	75.1825
Lacc1	ENSMUSG00000044350	LACC1	ENSMFAG00000032425	ortholog_one2one	1	77.6744
Lactb	ENSMUSG00000032370	LACTB	ENSMFAG00000001322	ortholog_one2one	1	88.0218
Lactb2	ENSMUSG00000025937	LACTB2	ENSMFAG00000033253	ortholog_one2one	1	81.9444
Lactbl1	ENSMUSG00000070683	LACTBL1	ENSMFAG00000032421	ortholog_one2one	1	77.7969
Lad1	ENSMUSG00000041782	LAD1	ENSMFAG00000044742	ortholog_one2one	1	64.0152
Lama1	ENSMUSG00000032796	LAMA1	ENSMFAG00000007292	ortholog_one2one	1	75.965
Lama2	ENSMUSG00000019899	LAMA2	ENSMFAG00000039270	ortholog_one2one	1	88.1655
Lama3	ENSMUSG00000024421	LAMA3	ENSMFAG00000045256	ortholog_one2one	1	78.1381
Lama4	ENSMUSG00000019846	LAMA4	ENSMFAG00000037073	ortholog_one2one	1	88.5463
Lamb2	ENSMUSG00000052911	LAMB2	ENSMFAG00000030537	ortholog_one2one	1	88.1601
Lamc1	ENSMUSG00000026478	LAMC1	ENSMFAG00000033997	ortholog_one2one	1	93.4661
Lamc2	ENSMUSG00000026479	LAMC2	ENSMFAG00000000974	ortholog_one2one	1	83.9061
Lamc3	ENSMUSG00000026840	LAMC3	ENSMFAG00000042402	ortholog_one2one	1	74.6996
Lamp1	ENSMUSG00000031447	LAMP1	ENSMFAG00000031309	ortholog_one2one	1	65.5172
Lamp2	ENSMUSG00000016534	LAMP2	ENSMFAG00000026553	ortholog_one2one	1	61.4458
Lamp5	ENSMUSG00000027270	LAMP5	ENSMFAG00000046105	ortholog_one2one	1	86.4286
Lamtor1	ENSMUSG00000030842	LAMTOR1	ENSMFAG00000040752	ortholog_one2one	1	91.9255
Lamtor2	ENSMUSG00000028062	LAMTOR2	ENSMFAG00000018166	ortholog_one2one	1	99.2
Lamtor3	ENSMUSG00000091512	LAMTOR3	ENSMFAG00000051523	ortholog_one2one	1	97.5806
Lamtor5	ENSMUSG00000087260	LAMTOR5	ENSMFAG00000042380	ortholog_one2many	1	80
Lancl1	ENSMUSG00000026000	LANCL1	ENSMFAG00000041765	ortholog_one2one	1	91.7293
Lap3	ENSMUSG00000039682	LAP3	ENSMFAG00000000500	ortholog_one2one	1	90.3661
Laptm4a	ENSMUSG00000020585	LAPTM4A	ENSMFAG00000036772	ortholog_one2one	1	85.8369
Laptm4b	ENSMUSG00000022257	LAPTM4B	ENSMFAG00000042049	ortholog_one2one	1	61.7647
Laptm5	ENSMUSG00000028581	LAPTM5	ENSMFAG00000022085	ortholog_one2one	1	79.6935
Large2	ENSMUSG00000040434	LARGE2	ENSMFAG00000002253	ortholog_one2one	1	68.9855
Larp1	ENSMUSG00000037331	LARP1	ENSMFAG00000031651	ortholog_one2one	1	83.0224
Larp4	ENSMUSG00000023025	LARP4	ENSMFAG00000043681	ortholog_one2one	1	85.3067
Larp6	ENSMUSG00000034839	LARP6	ENSMFAG00000035507	ortholog_one2one	1	83.3333
Larp7	ENSMUSG00000027968	LARP7	ENSMFAG00000036506	ortholog_one2many	1	81.9298
Lars1	ENSMUSG00000024493	LARS1	ENSMFAG00000038685	ortholog_one2one	1	89.8981
Lars2	ENSMUSG00000035202	LARS2	ENSMFAG00000003225	ortholog_one2one	1	86.5854
Las1l	ENSMUSG00000057421	LAS1L	ENSMFAG00000039204	ortholog_one2one	1	65.8762
Lasp1	ENSMUSG00000038366	LASP1	ENSMFAG00000040277	ortholog_one2one	1	93.5361
Lats1	ENSMUSG00000040021	LATS1	ENSMFAG00000040176	ortholog_one2one	1	93.357
Lax1	ENSMUSG00000051998	LAX1	ENSMFAG00000046296	ortholog_one2one	1	50.1228
Layn	ENSMUSG00000060594	LAYN	ENSMFAG00000032480	ortholog_one2one	1	82.1522
Lbh	ENSMUSG00000024063	LBH	ENSMFAG00000065560	ortholog_one2one	1	84.7619
Lbp	ENSMUSG00000016024	LBP	ENSMFAG00000033400	ortholog_one2one	1	57.1726
Lbr	ENSMUSG00000004880	LBR	ENSMFAG00000034066	ortholog_one2one	1	78.4345
Lbx2	ENSMUSG00000034968	LBX2	ENSMFAG00000043381	ortholog_one2one	1	77.9487
Lca5	ENSMUSG00000032258	LCA5	ENSMFAG00000000256	ortholog_one2one	1	68.608
Lca5l	ENSMUSG00000045275	LCA5L	ENSMFAG00000008201	ortholog_one2one	1	56.1905
Lcat	ENSMUSG00000035237	LCAT	ENSMFAG00000002764	ortholog_one2one	1	85.8447
Lck	ENSMUSG00000000409	LCK	ENSMFAG00000031502	ortholog_one2one	1	96.0707
Lclat1	ENSMUSG00000054469	LCLAT1	ENSMFAG00000042586	ortholog_one2one	1	89.0957
Lcmt1	ENSMUSG00000030763	LCMT1	ENSMFAG00000041023	ortholog_one2one	1	86.0927
Lcn8	ENSMUSG00000036449	LCN8	ENSMFAG00000039801	ortholog_one2one	1	65.7143
Lcor	ENSMUSG00000025019	LCOR	ENSMFAG00000039632	ortholog_one2one	1	61.4976
Lcorl	ENSMUSG00000015882	LCORL	ENSMFAG00000043664	ortholog_one2one	1	69.8541
Lcp1	ENSMUSG00000021998	LCP1	ENSMFAG00000036326	ortholog_one2one	1	97.1292
Lcp2	ENSMUSG00000002699	LCP2	ENSMFAG00000040627	ortholog_one2one	1	81.6135
Lct	ENSMUSG00000026354	LCT	ENSMFAG00000043296	ortholog_one2one	1	79.5443
Lctl	ENSMUSG00000032401	LCTL	ENSMFAG00000000458	ortholog_one2one	1	82.8622
Ldaf1	ENSMUSG00000030917	LDAF1	ENSMFAG00000031143	ortholog_one2one	1	68.9441
Ldah	ENSMUSG00000037669	LDAH	ENSMFAG00000036499	ortholog_one2one	1	65.6442
Ldb1	ENSMUSG00000025223	LDB1	ENSMFAG00000041257	ortholog_one2one	1	99.2701
Ldb2	ENSMUSG00000039706	LDB2	ENSMFAG00000038875	ortholog_one2one	1	94.2492
Ldb3	ENSMUSG00000021798	LDB3	ENSMFAG00000026973	ortholog_one2one	1	84.7953
Ldhb	ENSMUSG00000030246	LDHB	ENSMFAG00000032247	ortholog_one2many	1	97.9042
Ldhc	ENSMUSG00000030851	LDHC	ENSMFAG00000003940	ortholog_one2one	1	71.0843
Ldhd	ENSMUSG00000031958	LDHD	ENSMFAG00000029402	ortholog_one2one	1	81.405
Ldlr	ENSMUSG00000032193	LDLR	ENSMFAG00000042102	ortholog_one2one	1	71.2297
Ldlrad1	ENSMUSG00000070877	LDLRAD1	ENSMFAG00000042062	ortholog_one2one	1	65.5963
Ldlrad2	ENSMUSG00000094035	LDLRAD2	ENSMFAG00000043285	ortholog_one2one	1	57.2674
Ldlrad3	ENSMUSG00000048058	LDLRAD3	ENSMFAG00000043269	ortholog_one2one	1	95.6522
Ldlrad4	ENSMUSG00000024544	LDLRAD4	ENSMFAG00000000907	ortholog_one2one	1	88.2353
Ldlrap1	ENSMUSG00000037295	LDLRAP1	ENSMFAG00000065124	ortholog_one2one	1	83.1169
Ldoc1	ENSMUSG00000057615	LDOC1	ENSMFAG00000036681	ortholog_one2one	1	58.9404
Lect2	ENSMUSG00000021539	LECT2	ENSMFAG00000032677	ortholog_one2one	1	78.8079
Lef1	ENSMUSG00000027985	LEF1	ENSMFAG00000037201	ortholog_one2one	1	95.0867
Lekr1	ENSMUSG00000074579	LEKR1	ENSMFAG00000032575	ortholog_one2one	1	76.087
Lemd3	ENSMUSG00000048661	LEMD3	ENSMFAG00000045363	ortholog_one2one	1	83.1155
Leng1	ENSMUSG00000078813	LENG1	ENSMFAG00000037143	ortholog_one2one	1	82.3755
Leng8	ENSMUSG00000035545	LENG8	ENSMFAG00000031963	ortholog_one2one	1	88.3895
Leo1	ENSMUSG00000042487	LEO1	ENSMFAG00000032135	ortholog_one2one	1	93.4033
Lep	ENSMUSG00000059201	LEP	ENSMFAG00000044033	ortholog_one2one	1	81.4371
Lepr	ENSMUSG00000057722	LEPR	ENSMFAG00000001122	ortholog_one2one	1	76.7937
Leprot	ENSMUSG00000035212	LEPROT	ENSMFAG00000033874	ortholog_one2one	1	94.6565
Letm1	ENSMUSG00000005299	LETM1	ENSMFAG00000039886	ortholog_one2one	1	83.7398
Letm2	ENSMUSG00000037363	LETM2	ENSMFAG00000043712	ortholog_one2one	1	78.75
Letmd1	ENSMUSG00000037353	LETMD1	ENSMFAG00000035824	ortholog_one2one	1	70.5556
Lfng	ENSMUSG00000029570	LFNG	ENSMFAG00000039730	ortholog_one2one	1	88.6243
Lgals12	ENSMUSG00000024972	LGALS12	ENSMFAG00000041888	ortholog_one2one	1	81.5287
Lgals2	ENSMUSG00000043501	LGALS2	ENSMFAG00000001312	ortholog_one2one	1	65.3846
Lgals3	ENSMUSG00000050335	LGALS3	ENSMFAG00000055901	ortholog_one2one	1	75.7576
Lgals3bp	ENSMUSG00000033880	LGALS3BP	ENSMFAG00000031173	ortholog_one2one	1	68.1109
Lgals4	ENSMUSG00000053964	LGALS4	ENSMFAG00000000473	ortholog_one2one	1	73.9264
Lgals8	ENSMUSG00000057554	LGALS8	ENSMFAG00000032856	ortholog_one2one	1	78.7975
Lgi1	ENSMUSG00000067242	LGI1	ENSMFAG00000037131	ortholog_one2one	1	96.7684
Lgi2	ENSMUSG00000039252	LGI2	ENSMFAG00000036970	ortholog_one2one	1	97.786
Lgi3	ENSMUSG00000033595	LGI3	ENSMFAG00000031993	ortholog_one2one	1	96.5328
Lgi4	ENSMUSG00000036560	LGI4	ENSMFAG00000042528	ortholog_one2one	1	87.1508
Lgmn	ENSMUSG00000021190	LGMN	ENSMFAG00000044255	ortholog_one2one	1	83.2184
Lgr4	ENSMUSG00000050199	LGR4	ENSMFAG00000034294	ortholog_one2one	1	90.4311
Lgr5	ENSMUSG00000020140	LGR5	ENSMFAG00000037729	ortholog_one2one	1	87.2106
Lgr6	ENSMUSG00000042793	LGR6	ENSMFAG00000035892	ortholog_one2one	1	84.1779
Lhcgr	ENSMUSG00000024107	LHCGR	ENSMFAG00000032456	ortholog_one2one	1	83.2857
Lhfpl1	ENSMUSG00000041700	LHFPL1	ENSMFAG00000003226	ortholog_one2one	1	95
Lhfpl2	ENSMUSG00000045312	LHFPL2	ENSMFAG00000036894	ortholog_one2one	1	86.036
Lhfpl3	ENSMUSG00000106379	LHFPL3	ENSMFAG00000001357	ortholog_one2one	1	93.4211
Lhfpl4	ENSMUSG00000042873	LHFPL4	ENSMFAG00000033316	ortholog_one2one	1	54.6559
Lhfpl5	ENSMUSG00000062252	LHFPL5	ENSMFAG00000003905	ortholog_one2one	1	97.2603
Lhfpl6	ENSMUSG00000048332	LHFPL6	ENSMFAG00000039258	ortholog_one2one	1	97
Lhfpl7	ENSMUSG00000066964	LHFPL7	ENSMFAG00000042211	ortholog_one2one	1	63.0769
Lhpp	ENSMUSG00000030946	LHPP	ENSMFAG00000039017	ortholog_one2one	1	81.1111
Lhx1	ENSMUSG00000018698	LHX1	ENSMFAG00000001746	ortholog_one2one	1	99.2611
Lhx2	ENSMUSG00000000247	LHX2	ENSMFAG00000028670	ortholog_one2one	1	98.7685
Lhx3	ENSMUSG00000026934	LHX3	ENSMFAG00000042900	ortholog_one2one	1	88.25
Lhx4	ENSMUSG00000026468	LHX4	ENSMFAG00000040765	ortholog_one2one	1	94.359
Lhx5	ENSMUSG00000029595	LHX5	ENSMFAG00000036692	ortholog_one2one	1	99.005
Lhx6	ENSMUSG00000026890	LHX6	ENSMFAG00000044342	ortholog_one2one	1	90.5612
Lhx8	ENSMUSG00000096225	LHX8	ENSMFAG00000040799	ortholog_one2one	1	95.9538
Lhx9	ENSMUSG00000019230	LHX9	ENSMFAG00000037285	ortholog_one2one	1	94.7103
Lias	ENSMUSG00000029199	LIAS	ENSMFAG00000040861	ortholog_one2one	1	89.2761
Lif	ENSMUSG00000034394	LIF	ENSMFAG00000004963	ortholog_one2one	1	77.3399
Lifr	ENSMUSG00000054263	LIFR	ENSMFAG00000036647	ortholog_one2one	1	75.4579
Lig3	ENSMUSG00000020697	LIG3	ENSMFAG00000036202	ortholog_one2one	1	87.5494
Lig4	ENSMUSG00000049717	LIG4	ENSMFAG00000037235	ortholog_one2one	1	84.8518
Lim2	ENSMUSG00000118560	LIM2	ENSMFAG00000032134	ortholog_one2one	1	92.4855
Lima1	ENSMUSG00000023022	LIMA1	ENSMFAG00000002376	ortholog_one2one	1	78.7521
Limd1	ENSMUSG00000025239	LIMD1	ENSMFAG00000030180	ortholog_one2one	1	78.1437
Limd2	ENSMUSG00000040699	LIMD2	ENSMFAG00000063413	ortholog_one2one	1	95.3125
Limk1	ENSMUSG00000029674	LIMK1	ENSMFAG00000042014	ortholog_one2one	1	93.1994
Limk2	ENSMUSG00000020451	LIMK2	ENSMFAG00000042552	ortholog_one2one	1	92.5446
Lims2	ENSMUSG00000024395	LIMS2	ENSMFAG00000000950	ortholog_one2one	1	90.3226
Lin28a	ENSMUSG00000050966	LIN28A	ENSMFAG00000048773	ortholog_one2one	1	97.6077
Lin28b	ENSMUSG00000063804	LIN28B	ENSMFAG00000065717	ortholog_one2one	1	77.1218
Lin52	ENSMUSG00000085793	LIN52	ENSMFAG00000062510	ortholog_one2one	1	98.2143
Lin54	ENSMUSG00000118665	LIN54	ENSMFAG00000031061	ortholog_one2one	1	96.6622
Lin7a	ENSMUSG00000019906	LIN7A	ENSMFAG00000040160	ortholog_one2one	1	99.5708
Lin7c	ENSMUSG00000027162	LIN7C	ENSMFAG00000065010	ortholog_one2one	1	95.4315
Lin9	ENSMUSG00000058729	LIN9	ENSMFAG00000001110	ortholog_one2one	1	95.3875
Lingo4	ENSMUSG00000044505	LINGO4	ENSMFAG00000029272	ortholog_one2one	1	95.1096
Lins1	ENSMUSG00000053091	LINS1	ENSMFAG00000044048	ortholog_one2one	1	58.5079
Lipa	ENSMUSG00000024781	LIPA	ENSMFAG00000035936	ortholog_one2one	1	74.5592
Lipc	ENSMUSG00000032207	LIPC	ENSMFAG00000034000	ortholog_one2one	1	72.9412
Lipe	ENSMUSG00000003123	LIPE	ENSMFAG00000030784	ortholog_one2one	1	70.4291
Lipf	ENSMUSG00000024768	LIPF	ENSMFAG00000035985	ortholog_one2one	1	77.7215
Lipg	ENSMUSG00000053846	LIPG	ENSMFAG00000038227	ortholog_one2one	1	80.6
Liph	ENSMUSG00000044626	LIPH	ENSMFAG00000002524	ortholog_one2one	1	78.714
Lipk	ENSMUSG00000024771	LIPK	ENSMFAG00000044740	ortholog_one2one	1	78.392
Lipm	ENSMUSG00000056078	LIPM	ENSMFAG00000001039	ortholog_one2one	1	87.4408
Lipn	ENSMUSG00000024770	LIPN	ENSMFAG00000044901	ortholog_one2one	1	82.25
Lipt1	ENSMUSG00000037216	LIPT1	ENSMFAG00000008385	ortholog_one2one	1	81.2332
Lipt2	ENSMUSG00000030725	LIPT2	ENSMFAG00000038446	ortholog_one2one	1	83.5498
Litaf	ENSMUSG00000022500	LITAF	ENSMFAG00000044496	ortholog_one2one	1	69.5652
Litafd	ENSMUSG00000107252	LITAFD	ENSMFAG00000037349	ortholog_one2one	1	61.5385
Lix1	ENSMUSG00000047786	LIX1	ENSMFAG00000047651	ortholog_one2one	1	94.6809
Lix1l	ENSMUSG00000049288	LIX1L	ENSMFAG00000031809	ortholog_one2one	1	67.0623
Llgl1	ENSMUSG00000020536	LLGL1	ENSMFAG00000033656	ortholog_one2one	1	84.4633
Llgl2	ENSMUSG00000020782	LLGL2	ENSMFAG00000001433	ortholog_one2one	1	84.0312
Lman1	ENSMUSG00000041891	LMAN1	ENSMFAG00000044600	ortholog_one2one	1	88.588
Lman2	ENSMUSG00000021484	LMAN2	ENSMFAG00000044466	ortholog_one2one	1	94.6927
Lman2l	ENSMUSG00000001143	LMAN2L	ENSMFAG00000042119	ortholog_one2one	1	91.0663
Lmbr1	ENSMUSG00000010721	LMBR1	ENSMFAG00000031812	ortholog_one2one	1	96.1225
Lmbr1l	ENSMUSG00000022999	LMBR1L	ENSMFAG00000031019	ortholog_one2one	1	95.501
Lmbrd1	ENSMUSG00000073725	LMBRD1	ENSMFAG00000028262	ortholog_one2one	1	93.1099
Lmbrd2	ENSMUSG00000039704	LMBRD2	ENSMFAG00000003540	ortholog_one2one	1	94.5245
Lmcd1	ENSMUSG00000057604	LMCD1	ENSMFAG00000033976	ortholog_one2one	1	92.8767
Lmf1	ENSMUSG00000002279	LMF1	ENSMFAG00000031494	ortholog_one2one	1	77.7003
Lmf2	ENSMUSG00000022614	LMF2	ENSMFAG00000031482	ortholog_one2one	1	82.7635
Lmna	ENSMUSG00000028063	LMNA	ENSMFAG00000045463	ortholog_one2one	1	96.391
Lmnb1	ENSMUSG00000024590	LMNB1	ENSMFAG00000033746	ortholog_one2one	1	95.9184
Lmnb2	ENSMUSG00000062075	LMNB2	ENSMFAG00000044219	ortholog_one2one	1	76.8067
Lmo1	ENSMUSG00000036111	LMO1	ENSMFAG00000034120	ortholog_one2one	1	94.1936
Lmo2	ENSMUSG00000032698	LMO2	ENSMFAG00000038993	ortholog_one2one	1	86.8182
Lmo4	ENSMUSG00000028266	LMO4	ENSMFAG00000050885	ortholog_one2one	1	100
Lmo7	ENSMUSG00000033060	LMO7	ENSMFAG00000008703	ortholog_one2one	1	72.2643
Lmod1	ENSMUSG00000048096	LMOD1	ENSMFAG00000039790	ortholog_one2one	1	79.8319
Lmod2	ENSMUSG00000029683	LMOD2	ENSMFAG00000001768	ortholog_one2one	1	88.7273
Lmod3	ENSMUSG00000044086	LMOD3	ENSMFAG00000044328	ortholog_one2one	1	79.8599
Lmx1a	ENSMUSG00000026686	LMX1A	ENSMFAG00000041101	ortholog_one2one	1	97.1204
Lmx1b	ENSMUSG00000038765	LMX1B	ENSMFAG00000045773	ortholog_one2one	1	98.2544
Lnp1	ENSMUSG00000109588	LNP1	ENSMFAG00000001678	ortholog_one2one	1	59.5506
Lnpk	ENSMUSG00000009207	LNPK	ENSMFAG00000002105	ortholog_one2one	1	85.8824
Lnx1	ENSMUSG00000029228	LNX1	ENSMFAG00000000338	ortholog_one2one	1	87.6374
Lnx2	ENSMUSG00000016520	LNX2	ENSMFAG00000045245	ortholog_one2one	1	89.5197
Lonp2	ENSMUSG00000047866	LONP2	ENSMFAG00000029975	ortholog_one2one	1	91.0798
Lonrf1	ENSMUSG00000039633	LONRF1	ENSMFAG00000033742	ortholog_one2one	1	88.7139
Lonrf2	ENSMUSG00000048814	LONRF2	ENSMFAG00000041273	ortholog_one2one	1	76.9231
Lonrf3	ENSMUSG00000016239	LONRF3	ENSMFAG00000043034	ortholog_one2one	1	50.4648
Lox	ENSMUSG00000024529	LOX	ENSMFAG00000054298	ortholog_one2one	1	87.3479
Loxhd1	ENSMUSG00000032818	LOXHD1	ENSMFAG00000037181	ortholog_one2one	1	85.5596
Loxl1	ENSMUSG00000032334	LOXL1	ENSMFAG00000045513	ortholog_one2one	1	63.9209
Loxl2	ENSMUSG00000034205	LOXL2	ENSMFAG00000041868	ortholog_one2one	1	76.6753
Loxl3	ENSMUSG00000000693	LOXL3	ENSMFAG00000039237	ortholog_one2one	1	91.7772
Loxl4	ENSMUSG00000025185	LOXL4	ENSMFAG00000036533	ortholog_one2one	1	86.79
Lpar1	ENSMUSG00000038668	LPAR1	ENSMFAG00000034461	ortholog_one2many	1	97.2527
Lpar2	ENSMUSG00000031861	LPAR2	ENSMFAG00000040780	ortholog_one2one	1	91.6667
Lpar3	ENSMUSG00000036832	LPAR3	ENSMFAG00000038099	ortholog_one2one	1	91.2429
Lpar4	ENSMUSG00000049929	LPAR4	ENSMFAG00000025015	ortholog_one2one	1	98.6487
Lpcat2	ENSMUSG00000033192	LPCAT2	ENSMFAG00000032289	ortholog_one2one	1	87.1324
Lpcat3	ENSMUSG00000004270	LPCAT3	ENSMFAG00000038298	ortholog_one2one	1	87.4743
Lpgat1	ENSMUSG00000026623	LPGAT1	ENSMFAG00000001051	ortholog_one2one	1	90.5405
Lpin1	ENSMUSG00000020593	LPIN1	ENSMFAG00000035872	ortholog_one2one	1	88.8528
Lpin2	ENSMUSG00000024052	LPIN2	ENSMFAG00000038540	ortholog_one2one	1	88.2279
Lpin3	ENSMUSG00000027412	LPIN3	ENSMFAG00000038975	ortholog_one2one	1	80.4245
Lpl	ENSMUSG00000015568	LPL	ENSMFAG00000041424	ortholog_one2one	1	93.4599
Lpo	ENSMUSG00000009356	LPO	ENSMFAG00000037685	ortholog_one2one	1	79.2958
Lpp	ENSMUSG00000033306	LPP	ENSMFAG00000041519	ortholog_one2one	1	82.708
Lpxn	ENSMUSG00000024696	LPXN	ENSMFAG00000040604	ortholog_one2one	1	84.456
Lrat	ENSMUSG00000028003	LRAT	ENSMFAG00000029235	ortholog_one2one	1	79.2208
Lratd1	ENSMUSG00000020607	LRATD1	ENSMFAG00000027588	ortholog_one2one	1	95.8904
Lrch1	ENSMUSG00000068015	LRCH1	ENSMFAG00000032767	ortholog_one2one	1	87.535
Lrch3	ENSMUSG00000022801	LRCH3	ENSMFAG00000045169	ortholog_one2one	1	74.1206
Lrch4	ENSMUSG00000093445	LRCH4	ENSMFAG00000034297	ortholog_one2one	1	86.6176
Lrfn1	ENSMUSG00000030600	LRFN1	ENSMFAG00000059464	ortholog_one2one	1	61.4883
Lrfn2	ENSMUSG00000040490	LRFN2	ENSMFAG00000042060	ortholog_one2one	1	93.9086
Lrfn4	ENSMUSG00000045045	LRFN4	ENSMFAG00000051907	ortholog_one2one	1	50.7862
Lrfn5	ENSMUSG00000035653	LRFN5	ENSMFAG00000039677	ortholog_one2one	1	96.5229
Lrg1	ENSMUSG00000037095	LRG1	ENSMFAG00000041654	ortholog_one2one	1	63.4503
Lrif1	ENSMUSG00000056260	LRIF1	ENSMFAG00000045855	ortholog_one2one	1	69.8013
Lrig1	ENSMUSG00000030029	LRIG1	ENSMFAG00000033439	ortholog_one2one	1	83.3181
Lrig2	ENSMUSG00000032913	LRIG2	ENSMFAG00000000102	ortholog_one2one	1	89.9431
Lrig3	ENSMUSG00000020105	LRIG3	ENSMFAG00000045511	ortholog_one2one	1	86.1235
Lrit1	ENSMUSG00000041044	LRIT1	ENSMFAG00000000369	ortholog_one2one	1	75.9615
Lrit2	ENSMUSG00000043418	LRIT2	ENSMFAG00000000819	ortholog_one2one	1	71.0383
Lrit3	ENSMUSG00000093865	LRIT3	ENSMFAG00000033675	ortholog_one2one	1	70.9251
Lrmda	ENSMUSG00000063458	LRMDA	ENSMFAG00000032903	ortholog_one2one	1	88.6463
Lrp1	ENSMUSG00000040249	LRP1	ENSMFAG00000039927	ortholog_one2one	1	97.6458
Lrp10	ENSMUSG00000022175	LRP10	ENSMFAG00000040578	ortholog_one2one	1	88.2188
Lrp12	ENSMUSG00000022305	LRP12	ENSMFAG00000004646	ortholog_one2one	1	93.4732
Lrp2	ENSMUSG00000027070	LRP2	ENSMFAG00000045364	ortholog_one2one	1	76.7811
Lrp4	ENSMUSG00000027253	LRP4	ENSMFAG00000003482	ortholog_one2one	1	96.9554
Lrp6	ENSMUSG00000030201	LRP6	ENSMFAG00000036458	ortholog_one2one	1	97.5201
Lrp8	ENSMUSG00000028613	LRP8	ENSMFAG00000031018	ortholog_one2one	1	78.7435
Lrpap1	ENSMUSG00000029103	LRPAP1	ENSMFAG00000045907	ortholog_one2one	1	75.2778
Lrpprc	ENSMUSG00000024120	LRPPRC	ENSMFAG00000041560	ortholog_one2one	1	75.9339
Lrr1	ENSMUSG00000034883	LRR1	ENSMFAG00000036709	ortholog_one2one	1	77.2512
Lrrc14	ENSMUSG00000033728	LRRC14	ENSMFAG00000035815	ortholog_one2one	1	94.1176
Lrrc15	ENSMUSG00000052316	LRRC15	ENSMFAG00000026569	ortholog_one2one	1	83.5924
Lrrc17	ENSMUSG00000039883	LRRC17	ENSMFAG00000006231	ortholog_one2one	1	86.6817
Lrrc18	ENSMUSG00000041673	LRRC18	ENSMFAG00000030931	ortholog_one2one	1	84.7059
Lrrc19	ENSMUSG00000049799	LRRC19	ENSMFAG00000034288	ortholog_one2one	1	71.1538
Lrrc23	ENSMUSG00000030125	LRRC23	ENSMFAG00000040201	ortholog_one2one	1	78.2353
Lrrc26	ENSMUSG00000026961	LRRC26	ENSMFAG00000059441	ortholog_one2one	1	66.1631
Lrrc27	ENSMUSG00000015980	LRRC27	ENSMFAG00000044506	ortholog_one2one	1	54.6845
Lrrc28	ENSMUSG00000030556	LRRC28	ENSMFAG00000033850	ortholog_one2one	1	90.7357
Lrrc3	ENSMUSG00000051652	LRRC3	ENSMFAG00000028969	ortholog_one2one	1	81.323
Lrrc30	ENSMUSG00000073375	LRRC30	ENSMFAG00000028007	ortholog_one2one	1	88
Lrrc31	ENSMUSG00000074653	LRRC31	ENSMFAG00000003366	ortholog_one2one	1	68.8363
Lrrc32	ENSMUSG00000090958	LRRC32	ENSMFAG00000039295	ortholog_one2one	1	79.3363
Lrrc34	ENSMUSG00000027702	LRRC34	ENSMFAG00000002615	ortholog_one2one	1	76.3855
Lrrc36	ENSMUSG00000054320	LRRC36	ENSMFAG00000002905	ortholog_one2one	1	77.4448
Lrrc39	ENSMUSG00000027961	LRRC39	ENSMFAG00000038430	ortholog_one2one	1	83.3828
Lrrc3b	ENSMUSG00000045201	LRRC3B	ENSMFAG00000011678	ortholog_one2one	1	99.6139
Lrrc3c	ENSMUSG00000086545	LRRC3C	ENSMFAG00000002649	ortholog_one2one	1	83.9216
Lrrc4	ENSMUSG00000049939	LRRC4	ENSMFAG00000040001	ortholog_one2one	1	88.3436
Lrrc40	ENSMUSG00000063052	LRRC40	ENSMFAG00000028307	ortholog_one2one	1	79.7342
Lrrc41	ENSMUSG00000028703	LRRC41	ENSMFAG00000039635	ortholog_one2one	1	95.4151
Lrrc42	ENSMUSG00000028617	LRRC42	ENSMFAG00000032747	ortholog_one2one	1	87.4109
Lrrc43	ENSMUSG00000063409	LRRC43	ENSMFAG00000038285	ortholog_one2one	1	62.9685
Lrrc45	ENSMUSG00000025145	LRRC45	ENSMFAG00000046218	ortholog_one2one	1	83.2836
Lrrc46	ENSMUSG00000020878	LRRC46	ENSMFAG00000031915	ortholog_one2one	1	67.8019
Lrrc47	ENSMUSG00000029028	LRRC47	ENSMFAG00000045730	ortholog_one2one	1	85.2405
Lrrc49	ENSMUSG00000047766	LRRC49	ENSMFAG00000035613	ortholog_one2one	1	81.516
Lrrc52	ENSMUSG00000040485	LRRC52	ENSMFAG00000002493	ortholog_one2one	1	71.3376
Lrrc55	ENSMUSG00000075224	LRRC55	ENSMFAG00000044251	ortholog_one2one	1	94.8553
Lrrc56	ENSMUSG00000038637	LRRC56	ENSMFAG00000035420	ortholog_one2one	1	66.1232
Lrrc57	ENSMUSG00000027286	LRRC57	ENSMFAG00000043133	ortholog_one2one	1	95.8159
Lrrc58	ENSMUSG00000034158	LRRC58	ENSMFAG00000003454	ortholog_one2one	1	94.8087
Lrrc61	ENSMUSG00000073096	LRRC61	ENSMFAG00000052396	ortholog_one2one	1	71.4286
Lrrc7	ENSMUSG00000028176	LRRC7	ENSMFAG00000031304	ortholog_one2one	1	95.2659
Lrrc71	ENSMUSG00000023084	LRRC71	ENSMFAG00000036097	ortholog_one2one	1	80.6452
Lrrc73	ENSMUSG00000071073	LRRC73	ENSMFAG00000033631	ortholog_one2one	1	95.5696
Lrrc74a	ENSMUSG00000059114	LRRC74A	ENSMFAG00000046151	ortholog_one2one	1	68.4211
Lrrc75a	ENSMUSG00000046417	LRRC75A	ENSMFAG00000056783	ortholog_one2one	1	92.0354
Lrrc75b	ENSMUSG00000046807	LRRC75B	ENSMFAG00000037291	ortholog_one2one	1	67.6471
Lrrc8c	ENSMUSG00000054720	LRRC8C	ENSMFAG00000031732	ortholog_one2one	1	97.3848
Lrrc8d	ENSMUSG00000046079	LRRC8D	ENSMFAG00000062678	ortholog_one2one	1	95.6927
Lrrc8e	ENSMUSG00000046589	LRRC8E	ENSMFAG00000038156	ortholog_one2one	1	90.566
Lrrc9	ENSMUSG00000021090	LRRC9	ENSMFAG00000041739	ortholog_one2one	1	82.2802
Lrrcc1	ENSMUSG00000027550	LRRCC1	ENSMFAG00000025835	ortholog_one2one	1	80.6043
Lrriq1	ENSMUSG00000019892	LRRIQ1	ENSMFAG00000044599	ortholog_one2one	1	58.5176
Lrriq3	ENSMUSG00000028182	LRRIQ3	ENSMFAG00000042954	ortholog_one2one	1	61.4534
Lrriq4	ENSMUSG00000027703	LRRIQ4	ENSMFAG00000033658	ortholog_one2one	1	66.9535
Lrrk1	ENSMUSG00000015133	LRRK1	ENSMFAG00000023538	ortholog_one2one	1	89.3744
Lrrk2	ENSMUSG00000036273	LRRK2	ENSMFAG00000035387	ortholog_one2one	1	86.8619
Lrrn1	ENSMUSG00000034648	LRRN1	ENSMFAG00000020302	ortholog_one2one	1	95.9497
Lrrn2	ENSMUSG00000026443	LRRN2	ENSMFAG00000010454	ortholog_one2one	1	88.0822
Lrrn4	ENSMUSG00000043110	LRRN4	ENSMFAG00000034464	ortholog_one2one	1	51.1596
Lrrn4cl	ENSMUSG00000071656	LRRN4CL	ENSMFAG00000049892	ortholog_one2one	1	56.0669
Lrrtm2	ENSMUSG00000071862	LRRTM2	ENSMFAG00000039611	ortholog_one2one	1	98.2524
Lrrtm3	ENSMUSG00000042846	LRRTM3	ENSMFAG00000002037	ortholog_one2one	1	97.4227
Lrsam1	ENSMUSG00000026792	LRSAM1	ENSMFAG00000027428	ortholog_one2one	1	88.1706
Lrtm1	ENSMUSG00000045776	LRTM1	ENSMFAG00000003896	ortholog_one2one	1	62.9213
Lrtm2	ENSMUSG00000055003	LRTM2	ENSMFAG00000045784	ortholog_one2one	1	91.6216
Lrwd1	ENSMUSG00000029703	LRWD1	ENSMFAG00000032265	ortholog_one2one	1	77.1605
Lsamp	ENSMUSG00000061080	LSAMP	ENSMFAG00000037703	ortholog_one2one	1	93.4911
Lsg1	ENSMUSG00000022538	LSG1	ENSMFAG00000039903	ortholog_one2one	1	84.1615
Lsm10	ENSMUSG00000050188	LSM10	ENSMFAG00000061237	ortholog_one2one	1	90.9836
Lsm11	ENSMUSG00000044847	LSM11	ENSMFAG00000034084	ortholog_one2one	1	83.6565
Lsm12	ENSMUSG00000020922	LSM12	ENSMFAG00000031376	ortholog_one2one	1	87.1795
Lsm14a	ENSMUSG00000066568	LSM14A	ENSMFAG00000006057	ortholog_one2one	1	94.3723
Lsm14b	ENSMUSG00000039108	LSM14B	ENSMFAG00000041479	ortholog_one2one	1	94.8052
Lsm2	ENSMUSG00000007050	LSM2	ENSMFAG00000001016	ortholog_one2many	1	71.7557
Lsm3	ENSMUSG00000034192	LSM3	ENSMFAG00000063615	ortholog_one2one	1	100
Lsm4	ENSMUSG00000031848	LSM4	ENSMFAG00000031194	ortholog_one2one	1	78.9855
Lsm5	ENSMUSG00000091625	LSM5	ENSMFAG00000038508	ortholog_one2one	1	100
Lsm7	ENSMUSG00000035215	LSM7	ENSMFAG00000044572	ortholog_one2one	1	97.0874
Lsm8	ENSMUSG00000044155	LSM8	ENSMFAG00000047892	ortholog_one2one	1	100
Lsmem2	ENSMUSG00000103409	LSMEM2	ENSMFAG00000051178	ortholog_one2one	1	80.6667
Lsp1	ENSMUSG00000018819	LSP1	ENSMFAG00000037652	ortholog_one2one	1	68.7879
Lsr	ENSMUSG00000001247	LSR	ENSMFAG00000038671	ortholog_one2one	1	80.6957
Lss	ENSMUSG00000033105	LSS	ENSMFAG00000034060	ortholog_one2one	1	80.3547
Lta	ENSMUSG00000024402	LTA	ENSMFAG00000031696	ortholog_one2one	1	74.7525
Lta4h	ENSMUSG00000015889	LTA4H	ENSMFAG00000000948	ortholog_one2one	1	92.635
Ltbp1	ENSMUSG00000001870	LTBP1	ENSMFAG00000044061	ortholog_one2one	1	91.3917
Ltbp2	ENSMUSG00000002020	LTBP2	ENSMFAG00000039527	ortholog_one2one	1	80.4312
Ltbp3	ENSMUSG00000024940	LTBP3	ENSMFAG00000003349	ortholog_one2one	1	78.4517
Ltbr	ENSMUSG00000030339	LTBR	ENSMFAG00000043569	ortholog_one2one	1	68.1928
Ltk	ENSMUSG00000027297	LTK	ENSMFAG00000043219	ortholog_one2one	1	71.7342
Ltn1	ENSMUSG00000052299	LTN1	ENSMFAG00000043574	ortholog_one2one	1	85.3424
Ltv1	ENSMUSG00000019814	LTV1	ENSMFAG00000041256	ortholog_one2one	1	85.1064
Luc7l2	ENSMUSG00000029823	LUC7L2	ENSMFAG00000041131	ortholog_one2one	1	99.4898
Luc7l3	ENSMUSG00000020863	LUC7L3	ENSMFAG00000031780	ortholog_one2one	1	97.9167
Lum	ENSMUSG00000036446	LUM	ENSMFAG00000036088	ortholog_one2one	1	87.8698
Lurap1	ENSMUSG00000028701	LURAP1	ENSMFAG00000036741	ortholog_one2one	1	83.2636
Lurap1l	ENSMUSG00000048706	LURAP1L	ENSMFAG00000040734	ortholog_one2one	1	89.1403
Luzp1	ENSMUSG00000001089	LUZP1	ENSMFAG00000038318	ortholog_one2one	1	80.618
Lvrn	ENSMUSG00000024481	LVRN	ENSMFAG00000044364	ortholog_one2one	1	66.7003
Lxn	ENSMUSG00000047557	LXN	ENSMFAG00000038453	ortholog_one2one	1	84.6847
Ly6g5c	ENSMUSG00000034482	LY6G5C	ENSMFAG00000056482	ortholog_one2one	1	63.7584
Ly6g6c	ENSMUSG00000092586	LY6G6C	ENSMFAG00000062054	ortholog_one2one	1	85.7143
Ly6g6f	ENSMUSG00000034923	LY6G6F	ENSMFAG00000042838	ortholog_one2one	1	64.3333
Ly75	ENSMUSG00000026980	LY75	ENSMFAG00000033999	ortholog_one2one	1	73.4765
Ly96	ENSMUSG00000025779	LY96	ENSMFAG00000002255	ortholog_one2one	1	63.75
Lyar	ENSMUSG00000067367	LYAR	ENSMFAG00000032542	ortholog_one2one	1	73.4536
Lyg1	ENSMUSG00000026085	LYG1	ENSMFAG00000031984	ortholog_one2one	1	69.0355
Lyg2	ENSMUSG00000061584	LYG2	ENSMFAG00000031272	ortholog_one2one	1	75.1174
Lyl1	ENSMUSG00000034041	LYL1	ENSMFAG00000032986	ortholog_one2one	1	77.6978
Lyn	ENSMUSG00000042228	LYN	ENSMFAG00000043272	ortholog_one2one	1	72.8889
Lypd6	ENSMUSG00000050447	LYPD6	ENSMFAG00000002977	ortholog_one2one	1	94.152
Lypd6b	ENSMUSG00000026765	LYPD6B	ENSMFAG00000046204	ortholog_one2one	1	86.6279
Lypla2	ENSMUSG00000028670	LYPLA2	ENSMFAG00000033593	ortholog_one2one	1	98.2684
Lyplal1	ENSMUSG00000039246	LYPLAL1	ENSMFAG00000003062	ortholog_one2one	1	75.3138
Lyrm7	ENSMUSG00000020268	LYRM7	ENSMFAG00000040390	ortholog_one2one	1	83.6538
Lyrm9	ENSMUSG00000072640	LYRM9	ENSMFAG00000062386	ortholog_one2one	1	88.4615
Lysmd3	ENSMUSG00000035840	LYSMD3	ENSMFAG00000034572	ortholog_one2one	1	81.3115
Lysmd4	ENSMUSG00000043831	LYSMD4	ENSMFAG00000063244	ortholog_one2one	1	70.9898
Lyve1	ENSMUSG00000030787	LYVE1	ENSMFAG00000031520	ortholog_one2one	1	69.8113
Lyz1	ENSMUSG00000069515	LYZ	ENSMFAG00000054766	ortholog_one2many	1	72.973
Lyz2	ENSMUSG00000069516	LYZ	ENSMFAG00000054766	ortholog_one2many	1	75
Lyzl4	ENSMUSG00000032530	LYZL4	ENSMFAG00000041826	ortholog_one2one	1	72.4138
Lzic	ENSMUSG00000028990	LZIC	ENSMFAG00000037708	ortholog_one2one	1	93.6842
Lztfl1	ENSMUSG00000025245	LZTFL1	ENSMFAG00000003826	ortholog_one2one	1	91.3043
Lztr1	ENSMUSG00000022761	LZTR1	ENSMFAG00000002308	ortholog_one2one	1	92.2342
Lzts2	ENSMUSG00000035342	LZTS2	ENSMFAG00000048904	ortholog_one2one	1	65.5738
Lzts3	ENSMUSG00000037703	LZTS3	ENSMFAG00000041543	ortholog_one2one	1	73.4286
M1ap	ENSMUSG00000030041	M1AP	ENSMFAG00000033744	ortholog_one2one	1	67.1077
M6pr	ENSMUSG00000007458	M6PR	ENSMFAG00000003259	ortholog_one2one	1	92.0863
Mab21l1	ENSMUSG00000056947	MAB21L1	ENSMFAG00000040502	ortholog_one2one	1	100
Mab21l2	ENSMUSG00000057777	MAB21L2	ENSMFAG00000015102	ortholog_one2one	1	99.7215
Mab21l3	ENSMUSG00000044313	MAB21L3	ENSMFAG00000042466	ortholog_one2one	1	64.3357
Mab21l4	ENSMUSG00000034159	MAB21L4	ENSMFAG00000041210	ortholog_one2one	1	75.2212
Macf1	ENSMUSG00000028649	MACF1	ENSMFAG00000036050	ortholog_one2one	1	84.5819
Maco1	ENSMUSG00000028826	MACO1	ENSMFAG00000035460	ortholog_one2one	1	99.0964
Macrod1	ENSMUSG00000036278	MACROD1	ENSMFAG00000000889	ortholog_one2one	1	78.6378
Macrod2	ENSMUSG00000068205	MACROD2	ENSMFAG00000044094	ortholog_one2one	1	76.8421
Macroh2a2	ENSMUSG00000020086	MACROH2A2	ENSMFAG00000035957	ortholog_one2one	1	98.6559
Mad1l1	ENSMUSG00000029554	MAD1L1	ENSMFAG00000045936	ortholog_one2one	1	81.1715
Mad2l1bp	ENSMUSG00000034509	MAD2L1BP	ENSMFAG00000038892	ortholog_one2one	1	77.1739
Mad2l2	ENSMUSG00000029003	MAD2L2	ENSMFAG00000046225	ortholog_one2one	1	98.5782
Madd	ENSMUSG00000040687	MADD	ENSMFAG00000039619	ortholog_one2one	1	91.5318
Maea	ENSMUSG00000079562	MAEA	ENSMFAG00000001193	ortholog_one2one	1	93.9394
Mael	ENSMUSG00000040629	MAEL	ENSMFAG00000040593	ortholog_one2one	1	89.8617
Maf	ENSMUSG00000055435	MAF	ENSMFAG00000064321	ortholog_one2one	1	83.1579
Maf1	ENSMUSG00000022553	MAF1	ENSMFAG00000030112	ortholog_one2one	1	94.9612
Mafg	ENSMUSG00000051510	MAFG	ENSMFAG00000050292	ortholog_one2one	1	80.8642
Mafk	ENSMUSG00000018143	MAFK	ENSMFAG00000045790	ortholog_one2one	1	98.0769
Mag	ENSMUSG00000036634	MAG	ENSMFAG00000043926	ortholog_one2one	1	92.823
Maged2	ENSMUSG00000025268	MAGED2	ENSMFAG00000038463	ortholog_one2one	1	85.7143
Magi1	ENSMUSG00000045095	MAGI1	ENSMFAG00000032287	ortholog_one2one	1	91.0938
Magi2	ENSMUSG00000040003	MAGI2	ENSMFAG00000000960	ortholog_one2one	1	95.9286
Magi3	ENSMUSG00000052539	MAGI3	ENSMFAG00000040138	ortholog_one2one	1	92.8064
Magix	ENSMUSG00000031147	MAGIX	ENSMFAG00000035726	ortholog_one2one	1	65.7407
Magoh	ENSMUSG00000028609	MAGOH	ENSMFAG00000032145	ortholog_one2many	1	100
Magohb	ENSMUSG00000030188	MAGOHB	ENSMFAG00000053044	ortholog_one2many	1	98.6487
Magt1	ENSMUSG00000031232	MAGT1	ENSMFAG00000031612	ortholog_one2one	1	90.2174
Maip1	ENSMUSG00000025971	MAIP1	ENSMFAG00000045074	ortholog_one2one	1	76.9759
Majin	ENSMUSG00000024786	MAJIN	ENSMFAG00000001100	ortholog_one2one	1	54.2969
Mak	ENSMUSG00000021363	MAK	ENSMFAG00000041542	ortholog_one2one	1	83.7461
Mak16	ENSMUSG00000031578	MAK16	ENSMFAG00000031257	ortholog_one2one	1	91.2162
Mal2	ENSMUSG00000024479	MAL2	ENSMFAG00000059893	ortholog_one2one	1	76.5714
Malrd1	ENSMUSG00000075520	MALRD1	ENSMFAG00000041109	ortholog_one2one	1	71.4084
Malsu1	ENSMUSG00000029815	MALSU1	ENSMFAG00000043713	ortholog_one2one	1	72.807
Malt1	ENSMUSG00000032688	MALT1	ENSMFAG00000042329	ortholog_one2one	1	86.9671
Mamdc2	ENSMUSG00000033207	MAMDC2	ENSMFAG00000035807	ortholog_one2one	1	87.4636
Mamdc4	ENSMUSG00000026941	MAMDC4	ENSMFAG00000000794	ortholog_one2one	1	63.1493
Maml1	ENSMUSG00000050567	MAML1	ENSMFAG00000044212	ortholog_one2one	1	86.4706
Maml2	ENSMUSG00000031925	MAML2	ENSMFAG00000031735	ortholog_one2one	1	81.7949
Mamstr	ENSMUSG00000042918	MAMSTR	ENSMFAG00000045502	ortholog_one2one	1	75.2969
Man1a	ENSMUSG00000003746	MAN1A1	ENSMFAG00000039714	ortholog_one2one	1	87.4809
Man1a2	ENSMUSG00000008763	MAN1A2	ENSMFAG00000042171	ortholog_one2one	1	93.9158
Man1c1	ENSMUSG00000037306	MAN1C1	ENSMFAG00000034191	ortholog_one2one	1	87.04
Man2a1	ENSMUSG00000024085	MAN2A1	ENSMFAG00000045111	ortholog_one2one	1	80.4348
Man2a2	ENSMUSG00000038886	MAN2A2	ENSMFAG00000035650	ortholog_one2one	1	89.8438
Man2b1	ENSMUSG00000005142	MAN2B1	ENSMFAG00000042986	ortholog_one2one	1	68.7068
Man2b2	ENSMUSG00000029119	MAN2B2	ENSMFAG00000034516	ortholog_one2one	1	74.165
Man2c1	ENSMUSG00000032295	MAN2C1	ENSMFAG00000000969	ortholog_one2one	1	87.3917
Manba	ENSMUSG00000028164	MANBA	ENSMFAG00000036571	ortholog_one2one	1	69.9659
Manbal	ENSMUSG00000063019	MANBAL	ENSMFAG00000029454	ortholog_one2one	1	57.6471
Manea	ENSMUSG00000040520	MANEA	ENSMFAG00000035666	ortholog_one2one	1	85.4978
Maneal	ENSMUSG00000042763	MANEAL	ENSMFAG00000003403	ortholog_one2one	1	95.354
Manf	ENSMUSG00000032575	MANF	ENSMFAG00000044353	ortholog_one2one	1	97.2067
Mansc1	ENSMUSG00000032718	MANSC1	ENSMFAG00000031449	ortholog_one2one	1	60.8696
Mansc4	ENSMUSG00000072662	MANSC4	ENSMFAG00000034623	ortholog_one2one	1	59.6439
Map10	ENSMUSG00000050930	MAP10	ENSMFAG00000035487	ortholog_one2one	1	52.3008
Map1a	ENSMUSG00000027254	MAP1A	ENSMFAG00000001708	ortholog_one2one	1	81.304
Map1b	ENSMUSG00000052727	MAP1B	ENSMFAG00000044363	ortholog_one2one	1	90.9091
Map2	ENSMUSG00000015222	MAP2	ENSMFAG00000037191	ortholog_one2one	1	80.4705
Map2k1	ENSMUSG00000004936	MAP2K1	ENSMFAG00000036522	ortholog_one2one	1	88.0407
Map2k2	ENSMUSG00000035027	MAP2K2	ENSMFAG00000039192	ortholog_one2one	1	89.3671
Map2k3	ENSMUSG00000018932	MAP2K3	ENSMFAG00000037919	ortholog_one2one	1	96.5418
Map2k4	ENSMUSG00000033352	MAP2K4	ENSMFAG00000046326	ortholog_one2one	1	85.6423
Map2k5	ENSMUSG00000058444	MAP2K5	ENSMFAG00000030100	ortholog_one2one	1	97.5446
Map2k6	ENSMUSG00000020623	MAP2K6	ENSMFAG00000040095	ortholog_one2one	1	96.7066
Map2k7	ENSMUSG00000002948	MAP2K7	ENSMFAG00000031756	ortholog_one2one	1	83.3333
Map3k1	ENSMUSG00000021754	MAP3K1	ENSMFAG00000014401	ortholog_one2one	1	90.6229
Map3k11	ENSMUSG00000004054	MAP3K11	ENSMFAG00000000415	ortholog_one2one	1	93.0913
Map3k12	ENSMUSG00000023050	MAP3K12	ENSMFAG00000043896	ortholog_one2one	1	92.0045
Map3k13	ENSMUSG00000033618	MAP3K13	ENSMFAG00000043040	ortholog_one2one	1	89.6768
Map3k14	ENSMUSG00000020941	MAP3K14	ENSMFAG00000034101	ortholog_one2one	1	85.0318
Map3k19	ENSMUSG00000051590	MAP3K19	ENSMFAG00000043568	ortholog_one2one	1	62.7723
Map3k2	ENSMUSG00000024383	MAP3K2	ENSMFAG00000037837	ortholog_one2one	1	96.4459
Map3k20	ENSMUSG00000004085	MAP3K20	ENSMFAG00000001160	ortholog_one2one	1	92.02
Map3k21	ENSMUSG00000031853	MAP3K21	ENSMFAG00000014791	ortholog_one2one	1	71.1577
Map3k3	ENSMUSG00000020700	MAP3K3	ENSMFAG00000033252	ortholog_one2one	1	96.4856
Map3k5	ENSMUSG00000071369	MAP3K5	ENSMFAG00000040944	ortholog_one2one	1	94.2754
Map3k6	ENSMUSG00000028862	MAP3K6	ENSMFAG00000039505	ortholog_one2one	1	87.529
Map3k7	ENSMUSG00000028284	MAP3K7	ENSMFAG00000035469	ortholog_one2one	1	98.4456
Map3k8	ENSMUSG00000024235	MAP3K8	ENSMFAG00000035171	ortholog_one2one	1	93.576
Map3k9	ENSMUSG00000042724	MAP3K9	ENSMFAG00000002562	ortholog_one2one	1	93.779
Map4	ENSMUSG00000032479	MAP4	ENSMFAG00000031095	ortholog_one2one	1	59.2677
Map4k1	ENSMUSG00000037337	MAP4K1	ENSMFAG00000034374	ortholog_one2one	1	85.2479
Map4k2	ENSMUSG00000024948	MAP4K2	ENSMFAG00000033749	ortholog_one2one	1	90.6212
Map4k4	ENSMUSG00000026074	MAP4K4	ENSMFAG00000030642	ortholog_one2one	1	97.9806
Map4k5	ENSMUSG00000034761	MAP4K5	ENSMFAG00000001082	ortholog_one2one	1	87.9575
Map6d1	ENSMUSG00000041205	MAP6D1	ENSMFAG00000064027	ortholog_one2one	1	71.2042
Map7	ENSMUSG00000019996	MAP7	ENSMFAG00000042781	ortholog_one2one	1	78.4931
Map7d2	ENSMUSG00000041020	MAP7D2	ENSMFAG00000055804	ortholog_one2one	1	74.5198
Mapk1	ENSMUSG00000063358	MAPK1	ENSMFAG00000002042	ortholog_one2one	1	99.162
Mapk10	ENSMUSG00000046709	MAPK10	ENSMFAG00000001537	ortholog_one2one	1	81.0379
Mapk11	ENSMUSG00000053137	MAPK11	ENSMFAG00000002644	ortholog_one2one	1	74.1758
Mapk12	ENSMUSG00000022610	MAPK12	ENSMFAG00000034798	ortholog_one2one	1	93.188
Mapk13	ENSMUSG00000004864	MAPK13	ENSMFAG00000045766	ortholog_one2one	1	52.459
Mapk15	ENSMUSG00000063704	MAPK15	ENSMFAG00000040120	ortholog_one2one	1	62.8415
Mapk1ip1l	ENSMUSG00000021840	MAPK1IP1L	ENSMFAG00000044107	ortholog_one2many	1	80.5785
Mapk3	ENSMUSG00000063065	MAPK3	ENSMFAG00000042040	ortholog_one2one	1	68.9474
Mapk6	ENSMUSG00000042688	MAPK6	ENSMFAG00000037559	ortholog_one2one	1	95.4167
Mapk7	ENSMUSG00000001034	MAPK7	ENSMFAG00000041807	ortholog_one2one	1	92.5558
Mapk8	ENSMUSG00000021936	MAPK8	ENSMFAG00000038064	ortholog_one2one	1	99.2974
Mapk8ip1	ENSMUSG00000027223	MAPK8IP1	ENSMFAG00000045393	ortholog_one2one	1	93.7765
Mapk8ip3	ENSMUSG00000024163	MAPK8IP3	ENSMFAG00000037276	ortholog_one2one	1	93.8206
Mapk9	ENSMUSG00000020366	MAPK9	ENSMFAG00000042461	ortholog_one2one	1	91.253
Mapkap1	ENSMUSG00000038696	MAPKAP1	ENSMFAG00000032616	ortholog_one2one	1	97.1264
Mapkapk2	ENSMUSG00000016528	MAPKAPK2	ENSMFAG00000033489	ortholog_one2one	1	96.114
Mapkapk3	ENSMUSG00000032577	MAPKAPK3	ENSMFAG00000003300	ortholog_one2one	1	78.6458
Mapkapk5	ENSMUSG00000029454	MAPKAPK5	ENSMFAG00000037746	ortholog_one2one	1	97.463
Mapkbp1	ENSMUSG00000033902	MAPKBP1	ENSMFAG00000042257	ortholog_one2one	1	87.0925
Mapre1	ENSMUSG00000027479	MAPRE1	ENSMFAG00000007474	ortholog_one2one	1	96.2687
Mapre2	ENSMUSG00000024277	MAPRE2	ENSMFAG00000000599	ortholog_one2one	1	91.7178
Mapre3	ENSMUSG00000029166	MAPRE3	ENSMFAG00000000279	ortholog_one2one	1	99.2883
Mapt	ENSMUSG00000018411	MAPT	ENSMFAG00000003384	ortholog_one2one	1	71.7523
Marchf1	ENSMUSG00000036469	MARCHF1	ENSMFAG00000045943	ortholog_one2one	1	80.9259
Marchf10	ENSMUSG00000078627	MARCHF10	ENSMFAG00000037996	ortholog_one2one	1	63.4518
Marchf2	ENSMUSG00000079557	MARCHF2	ENSMFAG00000064335	ortholog_one2one	1	56.1111
Marchf3	ENSMUSG00000032656	MARCHF3	ENSMFAG00000046331	ortholog_one2one	1	99.6047
Marchf4	ENSMUSG00000039372	MARCHF4	ENSMFAG00000045960	ortholog_one2one	1	90.9535
Marchf5	ENSMUSG00000023307	MARCHF5	ENSMFAG00000041550	ortholog_one2one	1	100
Marchf6	ENSMUSG00000039100	MARCHF6	ENSMFAG00000002411	ortholog_one2one	1	97.6898
Marchf7	ENSMUSG00000026977	MARCHF7	ENSMFAG00000032793	ortholog_one2one	1	85.8586
Marchf9	ENSMUSG00000040502	MARCHF9	ENSMFAG00000057711	ortholog_one2one	1	94.8276
Marcksl1	ENSMUSG00000047945	MARCKSL1	ENSMFAG00000019212	ortholog_one2one	1	83
Marco	ENSMUSG00000026390	MARCO	ENSMFAG00000037627	ortholog_one2one	1	66.9884
Marf1	ENSMUSG00000060657	MARF1	ENSMFAG00000001485	ortholog_one2one	1	86.0599
Mark1	ENSMUSG00000026620	MARK1	ENSMFAG00000039269	ortholog_one2one	1	94.4654
Mark2	ENSMUSG00000024969	MARK2	ENSMFAG00000032452	ortholog_one2one	1	98.1959
Mark3	ENSMUSG00000007411	MARK3	ENSMFAG00000001291	ortholog_one2one	1	97.4164
Mars1	ENSMUSG00000040354	MARS1	ENSMFAG00000010123	ortholog_one2one	1	89.6896
Mars2	ENSMUSG00000046994	MARS2	ENSMFAG00000012275	ortholog_one2one	1	86.1775
Marveld2	ENSMUSG00000021636	MARVELD2	ENSMFAG00000044604	ortholog_one2one	1	88.1081
Mas1	ENSMUSG00000068037	MAS1	ENSMFAG00000004332	ortholog_one2one	1	90.4321
Masp1	ENSMUSG00000022887	MASP1	ENSMFAG00000040221	ortholog_one2one	1	68.892
Masp2	ENSMUSG00000028979	MASP2	ENSMFAG00000025849	ortholog_one2one	1	81.3139
Mast1	ENSMUSG00000053693	MAST1	ENSMFAG00000041128	ortholog_one2one	1	88.2803
Mast2	ENSMUSG00000003810	MAST2	ENSMFAG00000032736	ortholog_one2one	1	86.6146
Mast3	ENSMUSG00000031833	MAST3	ENSMFAG00000040625	ortholog_one2one	1	85.1341
Mast4	ENSMUSG00000034751	MAST4	ENSMFAG00000033959	ortholog_one2one	1	79.5136
Mat2a	ENSMUSG00000053907	MAT2A	ENSMFAG00000002027	ortholog_one2one	1	96.4557
Mat2b	ENSMUSG00000042032	MAT2B	ENSMFAG00000035818	ortholog_one2one	1	91.9505
Matcap1	ENSMUSG00000014837	MATCAP1	ENSMFAG00000038714	ortholog_one2one	1	84.3683
Matk	ENSMUSG00000004933	MATK	ENSMFAG00000030470	ortholog_one2one	1	88.8172
Matn1	ENSMUSG00000040533	MATN1	ENSMFAG00000031992	ortholog_one2one	1	90
Matn2	ENSMUSG00000022324	MATN2	ENSMFAG00000042275	ortholog_one2one	1	86.2963
Matn3	ENSMUSG00000020583	MATN3	ENSMFAG00000043379	ortholog_one2one	1	82.3285
Matr3	ENSMUSG00000037236	MATR3	ENSMFAG00000000634	ortholog_one2one	1	98.6998
Mau2	ENSMUSG00000031858	MAU2	ENSMFAG00000041829	ortholog_one2one	1	97.1429
Max	ENSMUSG00000059436	MAX	ENSMFAG00000037306	ortholog_one2one	1	60.9272
Mb21d2	ENSMUSG00000051065	MB21D2	ENSMFAG00000032253	ortholog_one2one	1	98.778
Mbd1	ENSMUSG00000024561	MBD1	ENSMFAG00000026335	ortholog_one2one	1	64.1304
Mbd2	ENSMUSG00000024513	MBD2	ENSMFAG00000030736	ortholog_one2one	1	63.5266
Mbd3	ENSMUSG00000035478	MBD3	ENSMFAG00000044264	ortholog_one2one	1	94.0351
Mbd5	ENSMUSG00000036792	MBD5	ENSMFAG00000035493	ortholog_one2one	1	95.4606
Mbd6	ENSMUSG00000025409	MBD6	ENSMFAG00000002085	ortholog_one2one	1	93.1206
Mbip	ENSMUSG00000021028	MBIP	ENSMFAG00000043899	ortholog_one2one	1	79.7654
Mblac2	ENSMUSG00000051098	MBLAC2	ENSMFAG00000001314	ortholog_one2one	1	79.5699
Mbnl1	ENSMUSG00000027763	MBNL1	ENSMFAG00000001066	ortholog_one2one	1	96.9605
Mbnl2	ENSMUSG00000022139	MBNL2	ENSMFAG00000041491	ortholog_one2one	1	83.6898
Mbnl3	ENSMUSG00000036109	MBNL3	ENSMFAG00000034599	ortholog_one2one	1	83.9181
Mboat4	ENSMUSG00000071113	MBOAT4	ENSMFAG00000039870	ortholog_one2one	1	78.8506
Mboat7	ENSMUSG00000035596	MBOAT7	ENSMFAG00000057091	ortholog_one2one	1	52.8541
Mbtd1	ENSMUSG00000059474	MBTD1	ENSMFAG00000042808	ortholog_one2one	1	97.3059
Mbtps1	ENSMUSG00000031835	MBTPS1	ENSMFAG00000032326	ortholog_one2one	1	95.9125
Mbtps2	ENSMUSG00000046873	MBTPS2	ENSMFAG00000042182	ortholog_one2one	1	94.4828
Mc1r	ENSMUSG00000074037	MC1R	ENSMFAG00000037098	ortholog_one2one	1	78.4127
Mc3r	ENSMUSG00000038537	MC3R	ENSMFAG00000062266	ortholog_one2one	1	86.6873
Mcam	ENSMUSG00000032135	MCAM	ENSMFAG00000041611	ortholog_one2one	1	74.6914
Mcat	ENSMUSG00000048755	MCAT	ENSMFAG00000034251	ortholog_one2one	1	76.378
Mccc2	ENSMUSG00000021646	MCCC2	ENSMFAG00000001283	ortholog_one2one	1	88.0995
Mcf2	ENSMUSG00000031139	MCF2	ENSMFAG00000003056	ortholog_one2one	1	73.1159
Mcf2l	ENSMUSG00000031442	MCF2L	ENSMFAG00000031140	ortholog_one2one	1	86.4889
Mcfd2	ENSMUSG00000024150	MCFD2	ENSMFAG00000061552	ortholog_one2one	1	82.7586
Mchr1	ENSMUSG00000050164	MCHR1	ENSMFAG00000045345	ortholog_one2one	1	95.4674
Mcl1	ENSMUSG00000038612	MCL1	ENSMFAG00000042545	ortholog_one2one	1	81.571
Mcm10	ENSMUSG00000026669	MCM10	ENSMFAG00000031145	ortholog_one2one	1	75.3672
Mcm2	ENSMUSG00000002870	MCM2	ENSMFAG00000021368	ortholog_one2one	1	95.7965
Mcm3	ENSMUSG00000041859	MCM3	ENSMFAG00000001888	ortholog_one2one	1	86.2069
Mcm3ap	ENSMUSG00000001150	MCM3AP	ENSMFAG00000041104	ortholog_one2one	1	78.6403
Mcm5	ENSMUSG00000005410	MCM5	ENSMFAG00000037992	ortholog_one2one	1	95.6403
Mcm6	ENSMUSG00000026355	MCM6	ENSMFAG00000041102	ortholog_one2one	1	95.8587
Mcm8	ENSMUSG00000027353	MCM8	ENSMFAG00000044476	ortholog_one2one	1	89.1957
Mcm9	ENSMUSG00000058298	MCM9	ENSMFAG00000002788	ortholog_one2one	1	65.969
Mcmbp	ENSMUSG00000048170	MCMBP	ENSMFAG00000000064	ortholog_one2one	1	92.9907
Mcmdc2	ENSMUSG00000046101	MCMDC2	ENSMFAG00000046262	ortholog_one2one	1	85.7562
Mcoln1	ENSMUSG00000004567	MCOLN1	ENSMFAG00000001725	ortholog_one2one	1	91.7241
Mcoln2	ENSMUSG00000011008	MCOLN2	ENSMFAG00000031312	ortholog_one2one	1	84.0149
Mcoln3	ENSMUSG00000036853	MCOLN3	ENSMFAG00000033413	ortholog_one2one	1	91.1392
Mcph1	ENSMUSG00000039842	MCPH1	ENSMFAG00000043546	ortholog_one2one	1	58.1509
Mcrip2	ENSMUSG00000025732	MCRIP2	ENSMFAG00000037517	ortholog_one2one	1	83.75
Mcrs1	ENSMUSG00000037570	MCRS1	ENSMFAG00000022915	ortholog_one2one	1	97.6581
Mctp1	ENSMUSG00000021596	MCTP1	ENSMFAG00000039485	ortholog_one2one	1	91.693
Mctp2	ENSMUSG00000032776	MCTP2	ENSMFAG00000043978	ortholog_one2one	1	88.2688
Mcu	ENSMUSG00000009647	MCU	ENSMFAG00000035611	ortholog_one2one	1	82.5714
Mcub	ENSMUSG00000027994	MCUB	ENSMFAG00000031082	ortholog_one2one	1	72.619
Mdfic	ENSMUSG00000041390	MDFIC	ENSMFAG00000050895	ortholog_one2one	1	79.3522
Mdfic2	ENSMUSG00000090667	MDFIC2	ENSMFAG00000042217	ortholog_one2one	1	83.5979
Mdga1	ENSMUSG00000043557	MDGA1	ENSMFAG00000042141	ortholog_one2one	1	93.5146
Mdga2	ENSMUSG00000034912	MDGA2	ENSMFAG00000032319	ortholog_one2one	1	97.4634
Mdh1	ENSMUSG00000020321	MDH1	ENSMFAG00000042090	ortholog_one2one	1	96.7066
Mdh1b	ENSMUSG00000025963	MDH1B	ENSMFAG00000035811	ortholog_one2one	1	71.4
Mdh2	ENSMUSG00000019179	MDH2	ENSMFAG00000012605	ortholog_one2one	1	94.6746
Mdk	ENSMUSG00000027239	MDK	ENSMFAG00000000818	ortholog_one2one	1	87.8571
Mdm1	ENSMUSG00000020212	MDM1	ENSMFAG00000044312	ortholog_one2one	1	69.3593
Mdm2	ENSMUSG00000020184	MDM2	ENSMFAG00000042359	ortholog_one2one	1	82.0041
Mdm4	ENSMUSG00000054387	MDM4	ENSMFAG00000033606	ortholog_one2one	1	83.6401
Me1	ENSMUSG00000032418	ME1	ENSMFAG00000038582	ortholog_one2one	1	87.5874
Me2	ENSMUSG00000024556	ME2	ENSMFAG00000004061	ortholog_one2one	1	88.455
Me3	ENSMUSG00000030621	ME3	ENSMFAG00000037695	ortholog_one2one	1	94.5364
Mea1	ENSMUSG00000002768	MEA1	ENSMFAG00000027007	ortholog_one2one	1	93.6782
Meak7	ENSMUSG00000034105	MEAK7	ENSMFAG00000040862	ortholog_one2one	1	65.4945
Mecp2	ENSMUSG00000031393	MECP2	ENSMFAG00000033178	ortholog_one2one	1	94.0083
Mecr	ENSMUSG00000028910	MECR	ENSMFAG00000000155	ortholog_one2one	1	73.1903
Med1	ENSMUSG00000018160	MED1	ENSMFAG00000045900	ortholog_one2one	1	94.6667
Med10	ENSMUSG00000021598	MED10	ENSMFAG00000036824	ortholog_one2one	1	98.5185
Med11	ENSMUSG00000018923	MED11	ENSMFAG00000044987	ortholog_one2one	1	60.6838
Med12	ENSMUSG00000079487	MED12	ENSMFAG00000032161	ortholog_one2one	1	91.2329
Med12l	ENSMUSG00000056476	MED12L	ENSMFAG00000044786	ortholog_one2one	1	92.9417
Med13	ENSMUSG00000034297	MED13	ENSMFAG00000013972	ortholog_one2one	1	93.6435
Med13l	ENSMUSG00000018076	MED13L	ENSMFAG00000035438	ortholog_one2one	1	92.5238
Med14	ENSMUSG00000064127	MED14	ENSMFAG00000000690	ortholog_one2one	1	93.2831
Med16	ENSMUSG00000013833	MED16	ENSMFAG00000002300	ortholog_one2one	1	83.8164
Med17	ENSMUSG00000031935	MED17	ENSMFAG00000003118	ortholog_one2one	1	79.8151
Med19	ENSMUSG00000027080	MED19	ENSMFAG00000034262	ortholog_one2one	1	94.6721
Med20	ENSMUSG00000092558	MED20	ENSMFAG00000057486	ortholog_one2one	1	77.3585
Med21	ENSMUSG00000030291	MED21	ENSMFAG00000041759	ortholog_one2one	1	97.9167
Med22	ENSMUSG00000015776	MED22	ENSMFAG00000042665	ortholog_one2one	1	95.5
Med23	ENSMUSG00000019984	MED23	ENSMFAG00000008281	ortholog_one2one	1	96.3424
Med25	ENSMUSG00000002968	MED25	ENSMFAG00000034435	ortholog_one2one	1	85.0187
Med27	ENSMUSG00000026799	MED27	ENSMFAG00000003320	ortholog_one2one	1	97.7492
Med28	ENSMUSG00000015804	MED28	ENSMFAG00000058102	ortholog_one2one	1	94.382
Med31	ENSMUSG00000020801	MED31	ENSMFAG00000000088	ortholog_one2one	1	97.7099
Med4	ENSMUSG00000022109	MED4	ENSMFAG00000036744	ortholog_one2one	1	94.0741
Med6	ENSMUSG00000002679	MED6	ENSMFAG00000032743	ortholog_one2one	1	94.7154
Med7	ENSMUSG00000020397	MED7	ENSMFAG00000029781	ortholog_one2one	1	96.9957
Med8	ENSMUSG00000006392	MED8	ENSMFAG00000042006	ortholog_one2one	1	96.6418
Medag	ENSMUSG00000029659	MEDAG	ENSMFAG00000035649	ortholog_one2one	1	91.0891
Mef2a	ENSMUSG00000030557	MEF2A	ENSMFAG00000041738	ortholog_one2one	1	90.4472
Mef2c	ENSMUSG00000005583	MEF2C	ENSMFAG00000044479	ortholog_one2one	1	95.0644
Mef2d	ENSMUSG00000001419	MEF2D	ENSMFAG00000030808	ortholog_one2one	1	90.1186
Megf10	ENSMUSG00000024593	MEGF10	ENSMFAG00000042999	ortholog_one2one	1	94.0715
Megf11	ENSMUSG00000036466	MEGF11	ENSMFAG00000038247	ortholog_one2one	1	94.0499
Megf6	ENSMUSG00000057751	MEGF6	ENSMFAG00000036723	ortholog_one2one	1	73.7914
Megf8	ENSMUSG00000045039	MEGF8	ENSMFAG00000043792	ortholog_one2one	1	95.2671
Mei1	ENSMUSG00000068117	MEI1	ENSMFAG00000035767	ortholog_one2one	1	76.9716
Mei4	ENSMUSG00000043289	MEI4	ENSMFAG00000009582	ortholog_one2one	1	71.7224
Meiob	ENSMUSG00000024155	MEIOB	ENSMFAG00000000726	ortholog_one2one	1	82.766
Meioc	ENSMUSG00000051455	MEIOC	ENSMFAG00000030785	ortholog_one2one	1	89.2228
Meis1	ENSMUSG00000020160	MEIS1	ENSMFAG00000042877	ortholog_one2one	1	98.7097
Meis2	ENSMUSG00000027210	MEIS2	ENSMFAG00000024718	ortholog_one2one	1	76.1006
Meis3	ENSMUSG00000041420	MEIS3	ENSMFAG00000034069	ortholog_one2one	1	87.3016
Melk	ENSMUSG00000035683	MELK	ENSMFAG00000039640	ortholog_one2one	1	55.0544
Meltf	ENSMUSG00000022780	MELTF	ENSMFAG00000038521	ortholog_one2one	1	80.3523
Memo1	ENSMUSG00000058704	MEMO1	ENSMFAG00000046335	ortholog_one2one	1	64.9832
Men1	ENSMUSG00000024947	MEN1	ENSMFAG00000037342	ortholog_one2one	1	96.563
Meox1	ENSMUSG00000001493	MEOX1	ENSMFAG00000036302	ortholog_one2one	1	70.751
Meox2	ENSMUSG00000036144	MEOX2	ENSMFAG00000038329	ortholog_one2one	1	98.3498
Mep1b	ENSMUSG00000024313	MEP1B	ENSMFAG00000045964	ortholog_one2one	1	77.1307
Mepce	ENSMUSG00000029726	MEPCE	ENSMFAG00000003007	ortholog_one2one	1	86.4865
Mesd	ENSMUSG00000038503	MESD	ENSMFAG00000060179	ortholog_one2one	1	85.2679
Mesp1	ENSMUSG00000030544	MESP1	ENSMFAG00000045799	ortholog_one2one	1	60.0823
Mesp2	ENSMUSG00000030543	MESP2	ENSMFAG00000037257	ortholog_one2one	1	65.9459
Met	ENSMUSG00000009376	MET	ENSMFAG00000028602	ortholog_one2one	1	89.4851
Metap1	ENSMUSG00000005813	METAP1	ENSMFAG00000041798	ortholog_one2one	1	98.7047
Metap1d	ENSMUSG00000041921	METAP1D	ENSMFAG00000001723	ortholog_one2one	1	88.9552
Metap2	ENSMUSG00000036112	METAP2	ENSMFAG00000039915	ortholog_one2one	1	95.3975
Metrn	ENSMUSG00000002274	METRN	ENSMFAG00000030206	ortholog_one2one	1	80.756
Mettl1	ENSMUSG00000006732	METTL1	ENSMFAG00000035422	ortholog_one2one	1	91.4179
Mettl13	ENSMUSG00000026694	METTL13	ENSMFAG00000045158	ortholog_one2one	1	89.8281
Mettl14	ENSMUSG00000028114	METTL14	ENSMFAG00000045633	ortholog_one2one	1	98.9035
Mettl15	ENSMUSG00000057234	METTL15	ENSMFAG00000043868	ortholog_one2one	1	73.1527
Mettl16	ENSMUSG00000010554	METTL16	ENSMFAG00000038724	ortholog_one2one	1	87.3418
Mettl18	ENSMUSG00000041396	METTL18	ENSMFAG00000022253	ortholog_one2one	1	70.7182
Mettl22	ENSMUSG00000039345	METTL22	ENSMFAG00000027750	ortholog_one2one	1	79.1349
Mettl25	ENSMUSG00000036009	METTL25	ENSMFAG00000036420	ortholog_one2one	1	75.0419
Mettl25b	ENSMUSG00000004896	METTL25B	ENSMFAG00000044021	ortholog_one2one	1	87.3684
Mettl26	ENSMUSG00000025731	METTL26	ENSMFAG00000031552	ortholog_one2one	1	67.1569
Mettl3	ENSMUSG00000022160	METTL3	ENSMFAG00000043302	ortholog_one2one	1	97.2414
Mettl6	ENSMUSG00000021891	METTL6	ENSMFAG00000000654	ortholog_one2one	1	84.7518
Mettl8	ENSMUSG00000041975	METTL8	ENSMFAG00000032752	ortholog_one2one	1	72
Mettl9	ENSMUSG00000030876	METTL9	ENSMFAG00000035996	ortholog_one2one	1	88.3648
Mex3a	ENSMUSG00000074480	MEX3A	ENSMFAG00000000628	ortholog_one2one	1	90.1923
Mex3b	ENSMUSG00000057706	MEX3B	ENSMFAG00000058165	ortholog_one2one	1	81.9444
Mfap1a	ENSMUSG00000068479	MFAP1	ENSMFAG00000041549	ortholog_one2many	1	97.7221
Mfap1b	ENSMUSG00000048222	MFAP1	ENSMFAG00000041549	ortholog_one2many	1	97.7221
Mfap2	ENSMUSG00000060572	MFAP2	ENSMFAG00000045968	ortholog_one2one	1	90.1639
Mfap3	ENSMUSG00000020522	MFAP3	ENSMFAG00000002609	ortholog_one2one	1	83.6676
Mfap3l	ENSMUSG00000031647	MFAP3L	ENSMFAG00000065805	ortholog_one2one	1	86.5526
Mfap4	ENSMUSG00000042436	MFAP4	ENSMFAG00000040986	ortholog_one2one	1	93.3852
Mfap5	ENSMUSG00000030116	MFAP5	ENSMFAG00000064192	ortholog_one2one	1	81.7073
Mff	ENSMUSG00000026150	MFF	ENSMFAG00000000220	ortholog_one2one	1	91.8129
Mfge8	ENSMUSG00000030605	MFGE8	ENSMFAG00000037952	ortholog_one2one	1	54.9296
Mfhas1	ENSMUSG00000070056	MFHAS1	ENSMFAG00000035654	ortholog_one2one	1	94.6565
Mfn1	ENSMUSG00000027668	MFN1	ENSMFAG00000003857	ortholog_one2one	1	90.6883
Mfn2	ENSMUSG00000029020	MFN2	ENSMFAG00000045034	ortholog_one2one	1	92.8666
Mfng	ENSMUSG00000018169	MFNG	ENSMFAG00000000147	ortholog_one2one	1	82.243
Mfrp	ENSMUSG00000034739	MFRP	ENSMFAG00000011642	ortholog_one2one	1	69.863
Mfsd1	ENSMUSG00000027775	MFSD1	ENSMFAG00000041451	ortholog_one2one	1	87.2845
Mfsd10	ENSMUSG00000001082	MFSD10	ENSMFAG00000038471	ortholog_one2one	1	79.8246
Mfsd11	ENSMUSG00000020818	MFSD11	ENSMFAG00000034595	ortholog_one2one	1	93.5412
Mfsd12	ENSMUSG00000034854	MFSD12	ENSMFAG00000039649	ortholog_one2one	1	58.6134
Mfsd13a	ENSMUSG00000025227	MFSD13A	ENSMFAG00000041523	ortholog_one2one	1	88.632
Mfsd14a	ENSMUSG00000089911	MFSD14A	ENSMFAG00000039865	ortholog_one2one	1	100
Mfsd2b	ENSMUSG00000037336	MFSD2B	ENSMFAG00000031201	ortholog_one2one	1	82.7935
Mfsd4a	ENSMUSG00000059149	MFSD4A	ENSMFAG00000039412	ortholog_one2one	1	85.098
Mfsd4b1	ENSMUSG00000038522	MFSD4B	ENSMFAG00000041427	ortholog_one2many	1	76
Mfsd4b4	ENSMUSG00000096687	MFSD4B	ENSMFAG00000041427	ortholog_one2many	1	71.5706
Mfsd4b5	ENSMUSG00000038528	MFSD4B	ENSMFAG00000041427	ortholog_one2many	1	67.2234
Mfsd5	ENSMUSG00000045665	MFSD5	ENSMFAG00000045867	ortholog_one2one	1	96.4444
Mfsd6	ENSMUSG00000041439	MFSD6	ENSMFAG00000030599	ortholog_one2one	1	84.6452
Mfsd6l	ENSMUSG00000048329	MFSD6L	ENSMFAG00000050661	ortholog_one2one	1	67.9181
Mfsd8	ENSMUSG00000025759	MFSD8	ENSMFAG00000035668	ortholog_one2one	1	81.5029
Mfsd9	ENSMUSG00000041945	MFSD9	ENSMFAG00000042016	ortholog_one2one	1	72.7468
Mga	ENSMUSG00000033943	MGA	ENSMFAG00000037653	ortholog_one2one	1	82.7416
Mgam2-ps	ENSMUSG00000102802	MGAM2	ENSMFAG00000040766	ortholog_one2one	1	62.6734
Mgat1	ENSMUSG00000020346	MGAT1	ENSMFAG00000050835	ortholog_one2one	1	75.8389
Mgat2	ENSMUSG00000043998	MGAT2	ENSMFAG00000043906	ortholog_one2one	1	82.1267
Mgat3	ENSMUSG00000042428	MGAT3	ENSMFAG00000014328	ortholog_one2one	1	70.4461
Mgat4a	ENSMUSG00000026110	MGAT4A	ENSMFAG00000044000	ortholog_one2one	1	93.4579
Mgat4b	ENSMUSG00000036620	MGAT4B	ENSMFAG00000029205	ortholog_one2one	1	98.5401
Mgat4d	ENSMUSG00000035057	MGAT4D	ENSMFAG00000036899	ortholog_one2one	1	63.5389
Mgat5	ENSMUSG00000036155	MGAT5	ENSMFAG00000002058	ortholog_one2one	1	97.2973
Mgat5b	ENSMUSG00000043857	MGAT5B	ENSMFAG00000038105	ortholog_one2one	1	89.0152
Mgll	ENSMUSG00000033174	MGLL	ENSMFAG00000033079	ortholog_one2one	1	81.8482
Mgme1	ENSMUSG00000027424	MGME1	ENSMFAG00000002938	ortholog_one2one	1	70.1183
Mgmt	ENSMUSG00000054612	MGMT	ENSMFAG00000051214	ortholog_one2one	1	68.7204
Mgrn1	ENSMUSG00000022517	MGRN1	ENSMFAG00000031206	ortholog_one2one	1	82.6367
Mgst1	ENSMUSG00000008540	MGST1	ENSMFAG00000033109	ortholog_one2one	1	57.6419
Mgst2	ENSMUSG00000074604	MGST2	ENSMFAG00000046340	ortholog_one2one	1	74.1497
Mia2	ENSMUSG00000021000	MIA2	ENSMFAG00000043624	ortholog_one2many	1	68.5755
Mia3	ENSMUSG00000056050	MIA3	ENSMFAG00000002094	ortholog_one2one	1	62.9534
Mib1	ENSMUSG00000024294	MIB1	ENSMFAG00000044890	ortholog_one2one	1	99.1054
Mib2	ENSMUSG00000029060	MIB2	ENSMFAG00000001398	ortholog_one2one	1	61.3464
Mical1	ENSMUSG00000019823	MICAL1	ENSMFAG00000042065	ortholog_one2one	1	81.6794
Micos10	ENSMUSG00000050608	MICOS10	ENSMFAG00000037518	ortholog_one2one	1	73.6842
Micos13	ENSMUSG00000049760	MICOS13	ENSMFAG00000034498	ortholog_one2one	1	85.7143
Micu1	ENSMUSG00000020111	MICU1	ENSMFAG00000000891	ortholog_one2one	1	92.6625
Micu3	ENSMUSG00000039478	MICU3	ENSMFAG00000044429	ortholog_one2one	1	84.7036
Mid2	ENSMUSG00000000266	MID2	ENSMFAG00000038116	ortholog_one2one	1	99.4161
Mideas	ENSMUSG00000042507	MIDEAS	ENSMFAG00000034140	ortholog_one2one	1	84.4812
Midn	ENSMUSG00000035621	MIDN	ENSMFAG00000043242	ortholog_one2one	1	89.8925
Mief1	ENSMUSG00000022412	MIEF1	ENSMFAG00000040624	ortholog_one2one	1	92.2246
Mief2	ENSMUSG00000018599	MIEF2	ENSMFAG00000040033	ortholog_one2one	1	80.6167
Mier1	ENSMUSG00000028522	MIER1	ENSMFAG00000043942	ortholog_one2one	1	94.7162
Mier2	ENSMUSG00000042570	MIER2	ENSMFAG00000001210	ortholog_one2one	1	72.2034
Mier3	ENSMUSG00000032727	MIER3	ENSMFAG00000042794	ortholog_one2one	1	91.833
Mif	ENSMUSG00000033307	MIF	ENSMFAG00000003050	ortholog_one2one	1	86.087
Miga1	ENSMUSG00000054942	MIGA1	ENSMFAG00000042126	ortholog_one2one	1	85
Minar1	ENSMUSG00000039313	MINAR1	ENSMFAG00000000425	ortholog_one2one	1	84.7328
Mindy2	ENSMUSG00000042444	MINDY2	ENSMFAG00000033162	ortholog_one2one	1	84.8586
Mindy4	ENSMUSG00000038022	MINDY4	ENSMFAG00000013399	ortholog_one2one	1	74.8656
Mindy4b-ps	ENSMUSG00000101860	MINDY4B	ENSMFAG00000038421	ortholog_one2one	1	69.8031
Mink1	ENSMUSG00000020827	MINK1	ENSMFAG00000035913	ortholog_one2one	1	96.5596
Minpp1	ENSMUSG00000024896	MINPP1	ENSMFAG00000000189	ortholog_one2one	1	83.368
Mios	ENSMUSG00000042447	MIOS	ENSMFAG00000034560	ortholog_one2one	1	91.2
Miox	ENSMUSG00000022613	MIOX	ENSMFAG00000033234	ortholog_one2one	1	78.9474
Mip	ENSMUSG00000025389	MIP	ENSMFAG00000030328	ortholog_one2one	1	92.3954
Mipep	ENSMUSG00000021993	MIPEP	ENSMFAG00000002942	ortholog_one2one	1	83.685
Mipol1	ENSMUSG00000047022	MIPOL1	ENSMFAG00000034576	ortholog_one2one	1	71
Mir100	ENSMUSG00000093011	MIR100	ENSMFAG00000014651	ortholog_one2one	1	90
Mir101a	ENSMUSG00000065451	MIR101-1	ENSMFAG00000012995	ortholog_one2one	1	100
Mir10a	ENSMUSG00000065519	MIR10A	ENSMFAG00000014237	ortholog_one2one	1	98.1818
Mir122	ENSMUSG00000065402	MIR122	ENSMFAG00000021732	ortholog_one2one	1	96.9697
Mir125b-1	ENSMUSG00000093354	MIR125B1	ENSMFAG00000016481	ortholog_one2one	1	98.7013
Mir128-1	ENSMUSG00000065520	MIR128-1	ENSMFAG00000010969	ortholog_one2one	1	100
Mir130a	ENSMUSG00000065484	MIR130A	ENSMFAG00000012991	ortholog_one2one	1	90.625
Mir132	ENSMUSG00000065537	MIR132	ENSMFAG00000010410	ortholog_one2one	1	98.4848
Mir137	ENSMUSG00000065569	MIR137	ENSMFAG00000018004	ortholog_one2one	1	100
Mir139	ENSMUSG00000065446	MIR139	ENSMFAG00000035049	ortholog_one2one	1	85.2941
Mir152	ENSMUSG00000065515	MIR152	ENSMFAG00000020432	ortholog_one2one	1	97.2603
Mir15b	ENSMUSG00000065580	MIR15B	ENSMFAG00000014176	ortholog_one2one	1	100
Mir16-2	ENSMUSG00000065606	MIR16-2	ENSMFAG00000015053	ortholog_one2one	1	81.0526
Mir183	ENSMUSG00000065619	MIR183	ENSMFAG00000007318	ortholog_one2one	1	98.5714
Mir186	ENSMUSG00000065431	MIR186	ENSMFAG00000010471	ortholog_one2one	1	94.3662
Mir193b	ENSMUSG00000076972	MIR193B	ENSMFAG00000005584	ortholog_one2one	1	94.9367
Mir196a-2	ENSMUSG00000065488	MIR196A2	ENSMFAG00000004428	ortholog_one2one	1	100
Mir218-2	ENSMUSG00000065583	MIR218-2	ENSMFAG00000009035	ortholog_one2one	1	95.4545
Mir22	ENSMUSG00000065529	MIR22	ENSMFAG00000008488	ortholog_one2one	1	82.1053
Mir23b	ENSMUSG00000065599	MIR23B	ENSMFAG00000015990	ortholog_one2one	1	97.2973
Mir26a-1	ENSMUSG00000065513	MIR26A1	ENSMFAG00000004405	ortholog_one2one	1	84.4444
Mir27b	ENSMUSG00000065475	MIR27B	ENSMFAG00000006060	ortholog_one2one	1	100
Mir30c-1	ENSMUSG00000065490	MIR30C1	ENSMFAG00000017252	ortholog_one2one	1	98.8764
Mir32	ENSMUSG00000065544	MIR32	ENSMFAG00000012867	ortholog_one2one	1	100
Mir33	ENSMUSG00000065465	MIR33A	ENSMFAG00000035298	ortholog_one2one	1	88.4058
Mir335	ENSMUSG00000065501	MIR335	ENSMFAG00000017022	ortholog_one2one	1	84.6939
Mir346	ENSMUSG00000065481	MIR346	ENSMFAG00000034741	ortholog_one2one	1	95.9184
Mir365-1	ENSMUSG00000065449	MIR365A	ENSMFAG00000009339	ortholog_one2one	1	97.7011
Mir425	ENSMUSG00000065579	MIR425	ENSMFAG00000011810	ortholog_one2one	1	96.4706
Mir448	ENSMUSG00000065450	MIR448	ENSMFAG00000008804	ortholog_one2one	1	92.8571
Mir449a	ENSMUSG00000065575	MIR449A	ENSMFAG00000007557	ortholog_one2many	1	86.8132
Mir488	ENSMUSG00000070103	MIR488	ENSMFAG00000009243	ortholog_one2one	1	67.8899
Mir490	ENSMUSG00000070075	MIR490	ENSMFAG00000012478	ortholog_one2one	1	96.4286
Mir652	ENSMUSG00000076011	MIR652	ENSMFAG00000012600	ortholog_one2one	1	90.8163
Mir708	ENSMUSG00000076143	MIR708	ENSMFAG00000010709	ortholog_one2one	1	77.0642
Mir744	ENSMUSG00000076460	MIR744	ENSMFAG00000011566	ortholog_one2one	1	95
Mir876	ENSMUSG00000077851	MIR876	ENSMFAG00000010445	ortholog_one2one	1	88.8889
Mir9-2	ENSMUSG00000065424	MIR9-2	ENSMFAG00000015015	ortholog_one2one	1	100
Mir9-3	ENSMUSG00000093238	MIR9-3	ENSMFAG00000021571	ortholog_one2one	1	85.5556
Mir96	ENSMUSG00000065586	MIR96	ENSMFAG00000021877	ortholog_one2one	1	79.2453
Mis18a	ENSMUSG00000022978	MIS18A	ENSMFAG00000033702	ortholog_one2one	1	76.4706
Misp	ENSMUSG00000035852	MISP	ENSMFAG00000020327	ortholog_one2one	1	64.8148
Mitd1	ENSMUSG00000026088	MITD1	ENSMFAG00000000680	ortholog_one2one	1	83.5341
Mitf	ENSMUSG00000035158	MITF	ENSMFAG00000038478	ortholog_one2one	1	93.5361
Mix23	ENSMUSG00000075229	MIX23	ENSMFAG00000028753	ortholog_one2one	1	96.5278
Mkks	ENSMUSG00000027274	MKKS	ENSMFAG00000037991	ortholog_one2one	1	72.1053
Mkln1	ENSMUSG00000025609	MKLN1	ENSMFAG00000039710	ortholog_one2one	1	99.1837
Mknk1	ENSMUSG00000028708	MKNK1	ENSMFAG00000026976	ortholog_one2one	1	82.8916
Mknk2	ENSMUSG00000020190	MKNK2	ENSMFAG00000037079	ortholog_one2one	1	94.1176
Mkrn1	ENSMUSG00000029922	MKRN1	ENSMFAG00000000737	ortholog_one2one	1	81.7048
Mkrn2	ENSMUSG00000000439	MKRN2	ENSMFAG00000035845	ortholog_one2one	1	88.2212
Mkrn2os	ENSMUSG00000068011	MKRN2OS	ENSMFAG00000031892	ortholog_one2one	1	58.5253
Mks1	ENSMUSG00000034121	MKS1	ENSMFAG00000002254	ortholog_one2one	1	88.4135
Mlana	ENSMUSG00000024806	MLANA	ENSMFAG00000057459	ortholog_one2one	1	73.4513
Mlc1	ENSMUSG00000035805	MLC1	ENSMFAG00000024753	ortholog_one2one	1	70.4188
Mlf1	ENSMUSG00000048416	MLF1	ENSMFAG00000032723	ortholog_one2one	1	72.6592
Mlf2	ENSMUSG00000030120	MLF2	ENSMFAG00000060388	ortholog_one2one	1	91.0931
Mlh1	ENSMUSG00000032498	MLH1	ENSMFAG00000000774	ortholog_one2one	1	85.6579
Mlh3	ENSMUSG00000021245	MLH3	ENSMFAG00000043843	ortholog_one2one	1	69.3512
Mlkl	ENSMUSG00000012519	MLKL	ENSMFAG00000042010	ortholog_one2one	1	62.2845
Mllt1	ENSMUSG00000024212	MLLT1	ENSMFAG00000039501	ortholog_one2one	1	73.309
Mllt3	ENSMUSG00000028496	MLLT3	ENSMFAG00000036142	ortholog_one2one	1	87.1705
Mllt6	ENSMUSG00000038437	MLLT6	ENSMFAG00000039477	ortholog_one2one	1	91.8443
Mlph	ENSMUSG00000026303	MLPH	ENSMFAG00000040090	ortholog_one2one	1	60
Mlst8	ENSMUSG00000024142	MLST8	ENSMFAG00000045584	ortholog_one2one	1	98.4663
Mlx	ENSMUSG00000017801	MLX	ENSMFAG00000045041	ortholog_one2one	1	97.541
Mlxip	ENSMUSG00000038342	MLXIP	ENSMFAG00000030662	ortholog_one2one	1	78.1898
Mlxipl	ENSMUSG00000005373	MLXIPL	ENSMFAG00000032074	ortholog_one2one	1	81.1343
Mmaa	ENSMUSG00000037022	MMAA	ENSMFAG00000032212	ortholog_one2one	1	79.0361
Mmab	ENSMUSG00000029575	MMAB	ENSMFAG00000036377	ortholog_one2one	1	85.2321
Mmachc	ENSMUSG00000028690	MMACHC	ENSMFAG00000045813	ortholog_one2one	1	81.362
Mmadhc	ENSMUSG00000026766	MMADHC	ENSMFAG00000001801	ortholog_one2one	1	93.2432
Mmd	ENSMUSG00000003948	MMD	ENSMFAG00000000970	ortholog_one2one	1	99.1597
Mme	ENSMUSG00000027820	MME	ENSMFAG00000039633	ortholog_one2one	1	94.5333
Mmel1	ENSMUSG00000058183	MMEL1	ENSMFAG00000041432	ortholog_one2one	1	78.0679
Mmgt1	ENSMUSG00000061273	MMGT1	ENSMFAG00000000269	ortholog_one2one	1	96.1832
Mmp11	ENSMUSG00000000901	MMP11	ENSMFAG00000036374	ortholog_one2one	1	81.9106
Mmp12	ENSMUSG00000049723	MMP12	ENSMFAG00000037971	ortholog_one2one	1	60.888
Mmp13	ENSMUSG00000050578	MMP13	ENSMFAG00000001049	ortholog_one2one	1	80.9322
Mmp14	ENSMUSG00000000957	MMP14	ENSMFAG00000038289	ortholog_one2one	1	96.5636
Mmp15	ENSMUSG00000031790	MMP15	ENSMFAG00000034123	ortholog_one2one	1	78.5388
Mmp16	ENSMUSG00000028226	MMP16	ENSMFAG00000040046	ortholog_one2one	1	98.0231
Mmp19	ENSMUSG00000025355	MMP19	ENSMFAG00000002663	ortholog_one2one	1	76.4706
Mmp1a	ENSMUSG00000043089	MMP1	ENSMFAG00000035922	ortholog_one2many	1	58.8362
Mmp2	ENSMUSG00000031740	MMP2	ENSMFAG00000037156	ortholog_one2one	1	95.4683
Mmp20	ENSMUSG00000018620	MMP20	ENSMFAG00000035397	ortholog_one2one	1	88.1743
Mmp21	ENSMUSG00000030981	MMP21	ENSMFAG00000001603	ortholog_one2one	1	77.1127
Mmp23	ENSMUSG00000029061	MMP23B	ENSMFAG00000039418	ortholog_one2one	1	70.844
Mmp24	ENSMUSG00000027612	MMP24	ENSMFAG00000043972	ortholog_one2one	1	95.7929
Mmp27	ENSMUSG00000070323	MMP27	ENSMFAG00000043441	ortholog_one2one	1	74.8571
Mmp28	ENSMUSG00000020682	MMP28	ENSMFAG00000003523	ortholog_one2one	1	83.8462
Mmp3	ENSMUSG00000043613	MMP3	ENSMFAG00000037925	ortholog_one2one	1	75.6813
Mmp7	ENSMUSG00000018623	MMP7	ENSMFAG00000037818	ortholog_one2one	1	68.9394
Mmp8	ENSMUSG00000005800	MMP8	ENSMFAG00000032735	ortholog_one2one	1	73.9785
Mmp9	ENSMUSG00000017737	MMP9	ENSMFAG00000031160	ortholog_one2one	1	73.1507
Mmrn1	ENSMUSG00000054641	MMRN1	ENSMFAG00000001909	ortholog_one2one	1	65.9504
Mms19	ENSMUSG00000025159	MMS19	ENSMFAG00000044772	ortholog_one2one	1	89.4277
Mms22l	ENSMUSG00000045751	MMS22L	ENSMFAG00000003651	ortholog_one2one	1	81.5024
Mmut	ENSMUSG00000023921	MMUT	ENSMFAG00000046407	ortholog_one2one	1	95.0535
Mnd1	ENSMUSG00000033752	MND1	ENSMFAG00000037778	ortholog_one2one	1	91.2195
Mns1	ENSMUSG00000032221	MNS1	ENSMFAG00000027011	ortholog_one2one	1	76.7821
Mnx1	ENSMUSG00000001566	MNX1	ENSMFAG00000043162	ortholog_one2one	1	77.7228
Moap1	ENSMUSG00000096458	MOAP1	ENSMFAG00000050773	ortholog_one2one	1	76.9886
Mob1a	ENSMUSG00000043131	MOB1A	ENSMFAG00000064324	ortholog_one2one	1	91.6667
Mob3c	ENSMUSG00000028709	MOB3C	ENSMFAG00000032003	ortholog_one2one	1	97.6852
Mobp	ENSMUSG00000032517	MOBP	ENSMFAG00000041121	ortholog_one2one	1	80
Mocos	ENSMUSG00000039616	MOCOS	ENSMFAG00000031865	ortholog_one2one	1	75.9861
Mocs1	ENSMUSG00000064120	MOCS1	ENSMFAG00000030647	ortholog_one2one	1	82.2327
Mocs2	ENSMUSG00000015536	MOCS2	ENSMFAG00000037730	ortholog_one2one	1	80.9524
Mocs3	ENSMUSG00000074576	MOCS3	ENSMFAG00000060225	ortholog_one2one	1	79.3478
Mogat1	ENSMUSG00000012187	MOGAT1	ENSMFAG00000036112	ortholog_one2one	1	74.0299
Mogat2	ENSMUSG00000052396	MOGAT2	ENSMFAG00000032272	ortholog_one2one	1	82.0359
Mogs	ENSMUSG00000030036	MOGS	ENSMFAG00000042316	ortholog_one2one	1	86.8106
Mok	ENSMUSG00000056458	MOK	ENSMFAG00000002346	ortholog_one2one	1	82.381
Mon1a	ENSMUSG00000032583	MON1A	ENSMFAG00000043315	ortholog_one2one	1	89.7482
Mon1b	ENSMUSG00000078908	MON1B	ENSMFAG00000039703	ortholog_one2one	1	84.8101
Mon2	ENSMUSG00000034602	MON2	ENSMFAG00000037361	ortholog_one2one	1	94.4965
Morc1	ENSMUSG00000022652	MORC1	ENSMFAG00000003460	ortholog_one2one	1	67.0526
Morc2a	ENSMUSG00000034543	MORC2	ENSMFAG00000043532	ortholog_one2many	1	91.4563
Morc3	ENSMUSG00000039456	MORC3	ENSMFAG00000042335	ortholog_one2one	1	75.5839
Morc4	ENSMUSG00000031434	MORC4	ENSMFAG00000001390	ortholog_one2one	1	77.9095
Morf4l1	ENSMUSG00000062270	MORF4L1	ENSMFAG00000007410	ortholog_one2one	1	99.6904
Morf4l2	ENSMUSG00000031422	MORF4L2	ENSMFAG00000043729	ortholog_one2one	1	94.4444
Morn1	ENSMUSG00000029049	MORN1	ENSMFAG00000003640	ortholog_one2one	1	61.2159
Morn2	ENSMUSG00000045257	MORN2	ENSMFAG00000010260	ortholog_one2one	1	75.6579
Morn3	ENSMUSG00000029477	MORN3	ENSMFAG00000045300	ortholog_one2one	1	82.9875
Morn4	ENSMUSG00000049670	MORN4	ENSMFAG00000000472	ortholog_one2one	1	85.6164
Morn5	ENSMUSG00000026894	MORN5	ENSMFAG00000035428	ortholog_one2one	1	74.1176
Mos	ENSMUSG00000078365	MOS	ENSMFAG00000012716	ortholog_one2one	1	73.7609
Mosmo	ENSMUSG00000046096	MOSMO	ENSMFAG00000039549	ortholog_one2one	1	99.4012
Mospd2	ENSMUSG00000061778	MOSPD2	ENSMFAG00000003767	ortholog_one2one	1	89.5753
Mospd3	ENSMUSG00000037221	MOSPD3	ENSMFAG00000044802	ortholog_one2one	1	80.4255
Mov10	ENSMUSG00000002227	MOV10	ENSMFAG00000002283	ortholog_one2one	1	90.7371
Mov10l1	ENSMUSG00000015365	MOV10L1	ENSMFAG00000035651	ortholog_one2one	1	78.2082
Moxd1	ENSMUSG00000020000	MOXD1	ENSMFAG00000037185	ortholog_one2one	1	84.1762
Mpc2	ENSMUSG00000026568	MPC2	ENSMFAG00000046294	ortholog_one2one	1	92.126
Mpdu1	ENSMUSG00000018761	MPDU1	ENSMFAG00000041864	ortholog_one2one	1	89.4737
Mpdz	ENSMUSG00000028402	MPDZ	ENSMFAG00000032679	ortholog_one2one	1	84.8662
Mphosph6	ENSMUSG00000031843	MPHOSPH6	ENSMFAG00000002729	ortholog_one2many	1	78.882
Mphosph9	ENSMUSG00000038126	MPHOSPH9	ENSMFAG00000046071	ortholog_one2one	1	75.2622
Mpig6b	ENSMUSG00000073414	MPIG6B	ENSMFAG00000036544	ortholog_one2one	1	56.1983
Mpl	ENSMUSG00000006389	MPL	ENSMFAG00000015202	ortholog_one2one	1	82.4645
Mplkip	ENSMUSG00000012429	MPLKIP	ENSMFAG00000045608	ortholog_one2many	1	88.2022
Mpnd	ENSMUSG00000003199	MPND	ENSMFAG00000033303	ortholog_one2one	1	78.6448
Mpo	ENSMUSG00000009350	MPO	ENSMFAG00000030407	ortholog_one2one	1	86.6295
Mpp2	ENSMUSG00000017314	MPP2	ENSMFAG00000037677	ortholog_one2one	1	96.7391
Mpp3	ENSMUSG00000052373	MPP3	ENSMFAG00000038172	ortholog_one2one	1	90.5983
Mpp4	ENSMUSG00000079550	MPP4	ENSMFAG00000038003	ortholog_one2one	1	83.937
Mpp7	ENSMUSG00000057440	MPP7	ENSMFAG00000044798	ortholog_one2one	1	88.0208
Mpped2	ENSMUSG00000016386	MPPED2	ENSMFAG00000045441	ortholog_one2one	1	99.6599
Mprip	ENSMUSG00000005417	MPRIP	ENSMFAG00000037689	ortholog_one2one	1	80.6438
Mpv17	ENSMUSG00000107283	MPV17	ENSMFAG00000003139	ortholog_one2one	1	88.764
Mpv17l	ENSMUSG00000022679	MPV17L	ENSMFAG00000038161	ortholog_one2one	1	80.4124
Mpv17l2	ENSMUSG00000035559	MPV17L2	ENSMFAG00000041586	ortholog_one2one	1	78.5
Mpz	ENSMUSG00000056569	MPZ	ENSMFAG00000001759	ortholog_one2one	1	94.7581
Mpzl1	ENSMUSG00000026566	MPZL1	ENSMFAG00000045417	ortholog_one2one	1	81.1111
Mpzl2	ENSMUSG00000032092	MPZL2	ENSMFAG00000037859	ortholog_one2one	1	80.9302
Mr1	ENSMUSG00000026471	MR1	ENSMFAG00000036719	ortholog_one2one	1	75.0733
Mrap2	ENSMUSG00000042761	MRAP2	ENSMFAG00000038052	ortholog_one2one	1	86.9565
Mras	ENSMUSG00000032470	MRAS	ENSMFAG00000040143	ortholog_one2one	1	96.1538
Mrc1	ENSMUSG00000026712	MRC1	ENSMFAG00000036299	ortholog_one2one	1	81.6621
Mrc2	ENSMUSG00000020695	MRC2	ENSMFAG00000039508	ortholog_one2one	1	88.3029
Mre11a	ENSMUSG00000031928	MRE11	ENSMFAG00000039328	ortholog_one2many	1	87.1105
Mrgbp	ENSMUSG00000027569	MRGBP	ENSMFAG00000058768	ortholog_one2one	1	63.7255
Mrgprb2	ENSMUSG00000050425	MRGPRX2	ENSMFAG00000053055	ortholog_many2many	1	50.2959
Mrgpre	ENSMUSG00000048965	MRGPRE	ENSMFAG00000056396	ortholog_one2one	1	73.5484
Mrgprf	ENSMUSG00000031070	MRGPRF	ENSMFAG00000031267	ortholog_one2one	1	85.1312
Mri1	ENSMUSG00000004996	MRI1	ENSMFAG00000044250	ortholog_one2one	1	81.0298
Mrm2	ENSMUSG00000029557	MRM2	ENSMFAG00000052552	ortholog_one2one	1	77.6423
Mrm3	ENSMUSG00000038046	MRM3	ENSMFAG00000045382	ortholog_one2one	1	80.3828
Mrnip	ENSMUSG00000020381	MRNIP	ENSMFAG00000040511	ortholog_one2one	1	53.7313
Mro	ENSMUSG00000064036	MRO	ENSMFAG00000050667	ortholog_one2one	1	76.5306
Mroh1	ENSMUSG00000022558	MROH1	ENSMFAG00000032393	ortholog_one2one	1	78.3537
Mroh2a	ENSMUSG00000079429	MROH2A	ENSMFAG00000045490	ortholog_one2one	1	79.234
Mroh2b	ENSMUSG00000022155	MROH2B	ENSMFAG00000045823	ortholog_one2one	1	81.7204
Mroh5	ENSMUSG00000072487	MROH5	ENSMFAG00000031443	ortholog_one2one	1	68.4455
Mroh7	ENSMUSG00000047502	MROH7	ENSMFAG00000038001	ortholog_one2one	1	72.0094
Mroh8	ENSMUSG00000074627	MROH8	ENSMFAG00000041031	ortholog_one2one	1	69.6854
Mroh9	ENSMUSG00000071890	MROH9	ENSMFAG00000004437	ortholog_one2one	1	57.688
Mrpl11	ENSMUSG00000024902	MRPL11	ENSMFAG00000042321	ortholog_one2one	1	88.5417
Mrpl13	ENSMUSG00000022370	MRPL13	ENSMFAG00000009755	ortholog_one2one	1	85.9551
Mrpl15	ENSMUSG00000033845	MRPL15	ENSMFAG00000000491	ortholog_one2one	1	89.8305
Mrpl16	ENSMUSG00000024683	MRPL16	ENSMFAG00000002379	ortholog_one2one	1	84.4622
Mrpl17	ENSMUSG00000030879	MRPL17	ENSMFAG00000062298	ortholog_one2one	1	85.2273
Mrpl19	ENSMUSG00000030045	MRPL19	ENSMFAG00000043946	ortholog_one2one	1	78.7671
Mrpl21	ENSMUSG00000024829	MRPL21	ENSMFAG00000043823	ortholog_one2one	1	82.7751
Mrpl24	ENSMUSG00000019710	MRPL24	ENSMFAG00000038168	ortholog_one2one	1	86.1111
Mrpl28	ENSMUSG00000024181	MRPL28	ENSMFAG00000006698	ortholog_one2one	1	84.0467
Mrpl3	ENSMUSG00000032563	MRPL3	ENSMFAG00000003455	ortholog_one2one	1	81.6092
Mrpl30	ENSMUSG00000026087	MRPL30	ENSMFAG00000001729	ortholog_one2one	1	84.375
Mrpl35	ENSMUSG00000052962	MRPL35	ENSMFAG00000002964	ortholog_one2one	1	76.0638
Mrpl37	ENSMUSG00000028622	MRPL37	ENSMFAG00000046281	ortholog_one2one	1	78.0142
Mrpl39	ENSMUSG00000022889	MRPL39	ENSMFAG00000032925	ortholog_one2one	1	83.3333
Mrpl4	ENSMUSG00000003299	MRPL4	ENSMFAG00000003526	ortholog_one2one	1	68.3673
Mrpl40	ENSMUSG00000022706	MRPL40	ENSMFAG00000032018	ortholog_one2one	1	74.7573
Mrpl42	ENSMUSG00000062981	MRPL42	ENSMFAG00000032330	ortholog_one2one	1	69.0141
Mrpl44	ENSMUSG00000026248	MRPL44	ENSMFAG00000042793	ortholog_one2one	1	85.8859
Mrpl45	ENSMUSG00000018882	MRPL45	ENSMFAG00000043718	ortholog_one2one	1	80.719
Mrpl46	ENSMUSG00000030612	MRPL46	ENSMFAG00000037394	ortholog_one2one	1	79.5053
Mrpl48	ENSMUSG00000030706	MRPL48	ENSMFAG00000003172	ortholog_one2one	1	79.6208
Mrpl50	ENSMUSG00000044018	MRPL50	ENSMFAG00000060242	ortholog_one2one	1	77.9874
Mrpl52	ENSMUSG00000010406	MRPL52	ENSMFAG00000000620	ortholog_one2one	1	76.8595
Mrpl53	ENSMUSG00000030037	MRPL53	ENSMFAG00000055310	ortholog_one2one	1	81.3559
Mrpl54	ENSMUSG00000034932	MRPL54	ENSMFAG00000003311	ortholog_one2one	1	71.8519
Mrpl55	ENSMUSG00000036860	MRPL55	ENSMFAG00000064574	ortholog_one2one	1	70.0787
Mrpl9	ENSMUSG00000028140	MRPL9	ENSMFAG00000000874	ortholog_one2one	1	76.2264
Mrps10	ENSMUSG00000034729	MRPS10	ENSMFAG00000046129	ortholog_one2one	1	59.1398
Mrps11	ENSMUSG00000030611	MRPS11	ENSMFAG00000001006	ortholog_one2one	1	76.9633
Mrps12	ENSMUSG00000045948	MRPS12	ENSMFAG00000044563	ortholog_one2one	1	85.6115
Mrps16	ENSMUSG00000049960	MRPS16	ENSMFAG00000042542	ortholog_one2one	1	84.4444
Mrps18a	ENSMUSG00000023967	MRPS18A	ENSMFAG00000038311	ortholog_one2one	1	78.5714
Mrps18b	ENSMUSG00000024436	MRPS18B	ENSMFAG00000003966	ortholog_one2one	1	77.5591
Mrps18c	ENSMUSG00000016833	MRPS18C	ENSMFAG00000003991	ortholog_one2many	1	80.4196
Mrps21	ENSMUSG00000054312	MRPS21	ENSMFAG00000042375	ortholog_one2one	1	66.6667
Mrps22	ENSMUSG00000032459	MRPS22	ENSMFAG00000035834	ortholog_one2one	1	80.5014
Mrps23	ENSMUSG00000023723	MRPS23	ENSMFAG00000031639	ortholog_one2one	1	76.8362
Mrps25	ENSMUSG00000014551	MRPS25	ENSMFAG00000035383	ortholog_one2one	1	87.7193
Mrps26	ENSMUSG00000037740	MRPS26	ENSMFAG00000029490	ortholog_one2one	1	69
Mrps27	ENSMUSG00000041632	MRPS27	ENSMFAG00000030039	ortholog_one2one	1	77.3494
Mrps28	ENSMUSG00000040269	MRPS28	ENSMFAG00000057020	ortholog_one2one	1	72.043
Mrps30	ENSMUSG00000021731	MRPS30	ENSMFAG00000037068	ortholog_one2one	1	73.0769
Mrps33	ENSMUSG00000029918	MRPS33	ENSMFAG00000032116	ortholog_one2one	1	83.9623
Mrps34	ENSMUSG00000038880	MRPS34	ENSMFAG00000046146	ortholog_one2one	1	88.9908
Mrps36	ENSMUSG00000061474	KGD4	ENSMFAG00000034129	ortholog_one2many	1	75.4902
Mrps5	ENSMUSG00000027374	MRPS5	ENSMFAG00000043526	ortholog_one2one	1	80.3241
Mrps6	ENSMUSG00000039680	MRPS6	ENSMFAG00000054144	ortholog_one2one	1	82.4
Mrps7	ENSMUSG00000046756	MRPS7	ENSMFAG00000042971	ortholog_one2one	1	86.7769
Mrps9	ENSMUSG00000060679	MRPS9	ENSMFAG00000039793	ortholog_one2one	1	76.9231
Mrrf	ENSMUSG00000026887	MRRF	ENSMFAG00000044303	ortholog_one2one	1	84.3511
Mrs2	ENSMUSG00000021339	MRS2	ENSMFAG00000038058	ortholog_one2one	1	79.0323
Mrtfa	ENSMUSG00000042292	MRTFA	ENSMFAG00000046410	ortholog_one2one	1	85.3734
Mrtfb	ENSMUSG00000009569	MRTFB	ENSMFAG00000003274	ortholog_one2one	1	84.6013
Mrto4	ENSMUSG00000028741	MRTO4	ENSMFAG00000033225	ortholog_one2one	1	92.0502
Ms4a1	ENSMUSG00000024673	MS4A1	ENSMFAG00000043565	ortholog_one2one	1	74.9141
Ms4a13	ENSMUSG00000057240	MS4A13	ENSMFAG00000042213	ortholog_one2one	1	59.7701
Ms4a15	ENSMUSG00000067571	MS4A15	ENSMFAG00000036056	ortholog_one2one	1	80
Ms4a18	ENSMUSG00000094584	MS4A18	ENSMFAG00000030452	ortholog_one2one	1	54.0698
Ms4a5	ENSMUSG00000054523	MS4A5	ENSMFAG00000043268	ortholog_one2one	1	67.0051
Ms4a6b	ENSMUSG00000024677	MS4A6A	ENSMFAG00000001246	ortholog_many2many	1	53.6885
Ms4a8a	ENSMUSG00000024730	MS4A8	ENSMFAG00000002193	ortholog_one2one	1	52.4138
Msantd1	ENSMUSG00000051246	MSANTD1	ENSMFAG00000030979	ortholog_one2one	1	76.259
Msantd2	ENSMUSG00000042138	MSANTD2	ENSMFAG00000043111	ortholog_one2one	1	56.3506
Msantd4	ENSMUSG00000041124	MSANTD4	ENSMFAG00000034061	ortholog_one2one	1	95.0725
Msc	ENSMUSG00000025930	MSC	ENSMFAG00000049214	ortholog_one2one	1	86.5672
Msgn1	ENSMUSG00000047002	MSGN1	ENSMFAG00000007491	ortholog_one2one	1	80.3191
Msh2	ENSMUSG00000024151	MSH2	ENSMFAG00000001635	ortholog_one2one	1	91.9786
Msh3	ENSMUSG00000014850	MSH3	ENSMFAG00000043794	ortholog_one2one	1	81.5525
Msh4	ENSMUSG00000005493	MSH4	ENSMFAG00000038806	ortholog_one2one	1	83.2985
Msh5	ENSMUSG00000007035	MSH5	ENSMFAG00000033904	ortholog_one2one	1	88.4754
Msh6	ENSMUSG00000005370	MSH6	ENSMFAG00000041012	ortholog_one2one	1	85.4197
Msi1	ENSMUSG00000054256	MSI1	ENSMFAG00000001798	ortholog_one2one	1	99.1713
Msl2	ENSMUSG00000066415	MSL2	ENSMFAG00000030982	ortholog_one2one	1	98.9601
Msmo1	ENSMUSG00000031604	MSMO1	ENSMFAG00000045090	ortholog_one2one	1	88.7372
Msmp	ENSMUSG00000078719	MSMP	ENSMFAG00000038299	ortholog_one2one	1	90.6475
Msn	ENSMUSG00000031207	MSN	ENSMFAG00000003717	ortholog_one2one	1	98.4402
Msr1	ENSMUSG00000025044	MSR1	ENSMFAG00000031529	ortholog_one2one	1	69.6507
Msrb2	ENSMUSG00000023094	MSRB2	ENSMFAG00000031998	ortholog_one2one	1	73.7143
Mss51	ENSMUSG00000021815	MSS51	ENSMFAG00000001614	ortholog_one2one	1	78.6996
Mst1	ENSMUSG00000032591	MST1	ENSMFAG00000003952	ortholog_one2one	1	80.4809
Mst1r	ENSMUSG00000032584	MST1R	ENSMFAG00000045229	ortholog_one2one	1	74.9637
Mstn	ENSMUSG00000026100	MSTN	ENSMFAG00000027935	ortholog_one2one	1	96.2766
Msto1	ENSMUSG00000068922	MSTO1	ENSMFAG00000031664	ortholog_one2one	1	77.6978
Mt4	ENSMUSG00000031757	MT4	ENSMFAG00000056797	ortholog_one2one	1	93.5484
Mta1	ENSMUSG00000021144	MTA1	ENSMFAG00000031186	ortholog_one2one	1	82.0917
Mta2	ENSMUSG00000071646	MTA2	ENSMFAG00000041694	ortholog_one2one	1	98.8024
Mta3	ENSMUSG00000055817	MTA3	ENSMFAG00000037713	ortholog_one2one	1	92.8328
Mtarc2	ENSMUSG00000073481	MTARC2	ENSMFAG00000032804	ortholog_one2one	1	75.7396
Mtbp	ENSMUSG00000022369	MTBP	ENSMFAG00000030284	ortholog_one2one	1	66.7785
Mtch2	ENSMUSG00000027282	MTCH2	ENSMFAG00000036915	ortholog_one2one	1	94.3894
Mtcl1	ENSMUSG00000052105	MTCL1	ENSMFAG00000044143	ortholog_one2one	1	67.9692
Mtcl2	ENSMUSG00000055485	MTCL2	ENSMFAG00000032873	ortholog_one2one	1	70.5562
Mtcl3	ENSMUSG00000038916	MTCL3	ENSMFAG00000043575	ortholog_one2one	1	89.418
Mtcp1	ENSMUSG00000031200	MTCP1	ENSMFAG00000052287	ortholog_one2one	1	94.3925
Mterf2	ENSMUSG00000049038	MTERF2	ENSMFAG00000029443	ortholog_one2one	1	75.5844
Mterf4	ENSMUSG00000026273	MTERF4	ENSMFAG00000026775	ortholog_one2one	1	64.7399
Mtf1	ENSMUSG00000028890	MTF1	ENSMFAG00000002419	ortholog_one2one	1	92.2963
Mtf2	ENSMUSG00000029267	MTF2	ENSMFAG00000037684	ortholog_one2one	1	88.3643
Mtfmt	ENSMUSG00000059183	MTFMT	ENSMFAG00000000627	ortholog_one2one	1	77.4611
Mtfp1	ENSMUSG00000004748	MTFP1	ENSMFAG00000033640	ortholog_one2one	1	86.747
Mtfr1	ENSMUSG00000027601	MTFR1	ENSMFAG00000042646	ortholog_one2one	1	77.439
Mtfr1l	ENSMUSG00000046671	MTFR1L	ENSMFAG00000037554	ortholog_one2one	1	96.5398
Mtfr2	ENSMUSG00000019992	MTFR2	ENSMFAG00000038742	ortholog_one2one	1	63.9889
Mtg1	ENSMUSG00000039018	MTG1	ENSMFAG00000042851	ortholog_one2one	1	71.1656
Mtg2	ENSMUSG00000039069	MTG2	ENSMFAG00000045680	ortholog_one2one	1	82.4691
Mthfd1	ENSMUSG00000021048	MTHFD1	ENSMFAG00000036930	ortholog_one2one	1	92.6203
Mthfd1l	ENSMUSG00000040675	MTHFD1L	ENSMFAG00000031281	ortholog_one2one	1	80.7574
Mthfd2	ENSMUSG00000005667	MTHFD2	ENSMFAG00000044926	ortholog_one2one	1	90
Mthfd2l	ENSMUSG00000029376	MTHFD2L	ENSMFAG00000036503	ortholog_one2one	1	88.4615
Mthfr	ENSMUSG00000029009	MTHFR	ENSMFAG00000043284	ortholog_one2one	1	90.6728
Mthfsd	ENSMUSG00000031816	MTHFSD	ENSMFAG00000044698	ortholog_one2one	1	69.086
Mtif2	ENSMUSG00000020459	MTIF2	ENSMFAG00000044949	ortholog_one2one	1	79.6424
Mtif3	ENSMUSG00000016510	MTIF3	ENSMFAG00000045045	ortholog_one2one	1	60.8696
Mtmr1	ENSMUSG00000015214	MTMR1	ENSMFAG00000045168	ortholog_one2one	1	91.3303
Mtmr10	ENSMUSG00000030522	MTMR10	ENSMFAG00000038584	ortholog_one2one	1	84.1764
Mtmr11	ENSMUSG00000045934	MTMR11	ENSMFAG00000031699	ortholog_one2one	1	85.4286
Mtmr12	ENSMUSG00000039458	MTMR12	ENSMFAG00000037827	ortholog_one2one	1	89.2905
Mtmr14	ENSMUSG00000030269	MTMR14	ENSMFAG00000038577	ortholog_one2one	1	91.0494
Mtmr2	ENSMUSG00000031918	MTMR2	ENSMFAG00000040303	ortholog_one2one	1	97.2006
Mtmr3	ENSMUSG00000034354	MTMR3	ENSMFAG00000003908	ortholog_one2one	1	86.1869
Mtmr4	ENSMUSG00000018401	MTMR4	ENSMFAG00000036523	ortholog_one2one	1	91.2605
Mtmr6	ENSMUSG00000021987	MTMR6	ENSMFAG00000032748	ortholog_one2one	1	89.7893
Mtmr7	ENSMUSG00000039431	MTMR7	ENSMFAG00000006049	ortholog_one2one	1	94.697
Mtmr9	ENSMUSG00000035078	MTMR9	ENSMFAG00000031184	ortholog_one2one	1	95.2294
Mtnr1a	ENSMUSG00000054764	MTNR1A	ENSMFAG00000039096	ortholog_one2one	1	85.2691
Mtnr1b	ENSMUSG00000050901	MTNR1B	ENSMFAG00000038271	ortholog_one2one	1	77.4725
Mto1	ENSMUSG00000032342	MTO1	ENSMFAG00000042481	ortholog_one2one	1	87.145
Mtor	ENSMUSG00000028991	MTOR	ENSMFAG00000039920	ortholog_one2one	1	98.8231
Mtpap	ENSMUSG00000024234	MTPAP	ENSMFAG00000036179	ortholog_one2one	1	75.0427
Mtpn	ENSMUSG00000029840	MTPN	ENSMFAG00000042511	ortholog_one2one	1	77.9661
Mtrex	ENSMUSG00000016018	MTREX	ENSMFAG00000031610	ortholog_one2one	1	90
Mtrf1	ENSMUSG00000022022	MTRF1	ENSMFAG00000037972	ortholog_one2one	1	81.3901
Mtrf1l	ENSMUSG00000019774	MTRF1L	ENSMFAG00000039727	ortholog_one2one	1	80.9651
Mtrfr	ENSMUSG00000047635	MTRFR	ENSMFAG00000052414	ortholog_one2one	1	69.0217
Mtss1	ENSMUSG00000022353	MTSS1	ENSMFAG00000045642	ortholog_one2one	1	92.6219
Mtss2	ENSMUSG00000033763	MTSS2	ENSMFAG00000003097	ortholog_one2one	1	93.986
Mttp	ENSMUSG00000028158	MTTP	ENSMFAG00000003116	ortholog_one2one	1	84.1163
Mturn	ENSMUSG00000038065	MTURN	ENSMFAG00000037983	ortholog_one2one	1	96.9466
Mtus1	ENSMUSG00000045636	MTUS1	ENSMFAG00000043092	ortholog_one2one	1	66.7769
Mtus2	ENSMUSG00000029651	MTUS2	ENSMFAG00000032200	ortholog_one2one	1	69.9187
Mtx1	ENSMUSG00000064068	MTX1	ENSMFAG00000043641	ortholog_one2one	1	78.0911
Mtx2	ENSMUSG00000027099	MTX2	ENSMFAG00000026822	ortholog_one2one	1	84.0304
Mtx3	ENSMUSG00000021704	MTX3	ENSMFAG00000003503	ortholog_one2one	1	89.7436
Mul1	ENSMUSG00000041241	MUL1	ENSMFAG00000034509	ortholog_one2one	1	82.9545
Mus81	ENSMUSG00000024906	MUS81	ENSMFAG00000035399	ortholog_one2one	1	82.0327
Musk	ENSMUSG00000057280	MUSK	ENSMFAG00000030822	ortholog_one2one	1	93.6047
Mustn1	ENSMUSG00000042485	MUSTN1	ENSMFAG00000038131	ortholog_one2one	1	85.3659
Mutyh	ENSMUSG00000028687	MUTYH	ENSMFAG00000026331	ortholog_one2one	1	74.5631
Mvb12a	ENSMUSG00000031813	MVB12A	ENSMFAG00000056814	ortholog_one2one	1	83.0258
Mvb12b	ENSMUSG00000038740	MVB12B	ENSMFAG00000034269	ortholog_one2one	1	84.858
Mvd	ENSMUSG00000006517	MVD	ENSMFAG00000000591	ortholog_one2one	1	79.8005
Mvk	ENSMUSG00000041939	MVK	ENSMFAG00000003068	ortholog_one2one	1	57.9747
Mvp	ENSMUSG00000030681	MVP	ENSMFAG00000032090	ortholog_one2one	1	91.4053
Mx2	ENSMUSG00000023341	MX1	ENSMFAG00000044214	ortholog_one2many	1	54.7256
Mxd1	ENSMUSG00000001156	MXD1	ENSMFAG00000043046	ortholog_one2one	1	86.3436
Mxd3	ENSMUSG00000021485	MXD3	ENSMFAG00000033170	ortholog_one2one	1	83.4951
Mxi1	ENSMUSG00000025025	MXI1	ENSMFAG00000030475	ortholog_one2one	1	87.7193
Myadm	ENSMUSG00000068566	MYADM	ENSMFAG00000030028	ortholog_one2one	1	84.375
Myadml2	ENSMUSG00000025141	MYADML2	ENSMFAG00000053362	ortholog_one2one	1	89.9023
Myb	ENSMUSG00000019982	MYB	ENSMFAG00000036535	ortholog_one2one	1	91.0377
Mybbp1a	ENSMUSG00000040463	MYBBP1A	ENSMFAG00000041860	ortholog_one2one	1	67.7827
Mybl1	ENSMUSG00000025912	MYBL1	ENSMFAG00000043365	ortholog_one2one	1	90.9454
Mybl2	ENSMUSG00000017861	MYBL2	ENSMFAG00000032458	ortholog_one2one	1	84.517
Mybpc1	ENSMUSG00000020061	MYBPC1	ENSMFAG00000038552	ortholog_one2one	1	91.0448
Mybpc2	ENSMUSG00000038670	MYBPC2	ENSMFAG00000001470	ortholog_one2one	1	85.1232
Mybpc3	ENSMUSG00000002100	MYBPC3	ENSMFAG00000041621	ortholog_one2one	1	91.3747
Mybph	ENSMUSG00000042451	MYBPH	ENSMFAG00000038338	ortholog_one2one	1	86.3354
Mybphl	ENSMUSG00000068745	MYBPHL	ENSMFAG00000056672	ortholog_one2one	1	83.3803
Myc	ENSMUSG00000022346	MYC	ENSMFAG00000034186	ortholog_one2one	1	90.7489
Mycbpap	ENSMUSG00000039110	MYCBPAP	ENSMFAG00000045294	ortholog_one2one	1	70.1699
Mycl	ENSMUSG00000028654	MYCL	ENSMFAG00000029625	ortholog_one2one	1	62.7717
Mycn	ENSMUSG00000037169	MYCN	ENSMFAG00000032784	ortholog_one2one	1	85.4978
Myct1	ENSMUSG00000046916	MYCT1	ENSMFAG00000055463	ortholog_one2one	1	84.5745
Myd88	ENSMUSG00000032508	MYD88	ENSMFAG00000041701	ortholog_one2one	1	81.0811
Mydgf	ENSMUSG00000019579	MYDGF	ENSMFAG00000000405	ortholog_one2one	1	74.6988
Myef2	ENSMUSG00000027201	MYEF2	ENSMFAG00000046361	ortholog_one2many	1	89.8955
Myf5	ENSMUSG00000000435	MYF5	ENSMFAG00000042044	ortholog_one2one	1	89.0196
Myf6	ENSMUSG00000035923	MYF6	ENSMFAG00000033881	ortholog_one2one	1	95.4545
Myg1	ENSMUSG00000001285	MYG1	ENSMFAG00000031782	ortholog_one2one	1	86.0526
Myh10	ENSMUSG00000020900	MYH10	ENSMFAG00000039316	ortholog_one2one	1	98.6842
Myh11	ENSMUSG00000018830	MYH11	ENSMFAG00000036773	ortholog_one2one	1	96.7039
Myh13	ENSMUSG00000060180	MYH13	ENSMFAG00000001638	ortholog_one2one	1	96.3364
Myh15	ENSMUSG00000092009	MYH15	ENSMFAG00000040806	ortholog_one2one	1	75.5325
Myh3	ENSMUSG00000020908	MYH3	ENSMFAG00000065517	ortholog_one2one	1	98.0928
Myh6	ENSMUSG00000040752	MYH6	ENSMFAG00000000323	ortholog_one2one	1	92.7245
Myh7	ENSMUSG00000053093	MYH7	ENSMFAG00000000163	ortholog_one2one	1	97.9328
Myh9	ENSMUSG00000022443	MYH9	ENSMFAG00000035156	ortholog_one2one	1	96.9898
Myl1	ENSMUSG00000061816	MYL1	ENSMFAG00000031549	ortholog_one2one	1	75.5319
Myl10	ENSMUSG00000005474	MYL10	ENSMFAG00000040942	ortholog_one2one	1	99.3197
Myl12a	ENSMUSG00000024048	MYL12A	ENSMFAG00000036992	ortholog_one2one	1	97.6744
Myl2	ENSMUSG00000013936	MYL2	ENSMFAG00000036782	ortholog_one2one	1	95.7831
Myl3	ENSMUSG00000059741	MYL3	ENSMFAG00000033860	ortholog_one2one	1	93.1373
Myl6b	ENSMUSG00000039824	MYL6B	ENSMFAG00000043999	ortholog_one2one	1	91.7874
Myl7	ENSMUSG00000020469	MYL7	ENSMFAG00000038137	ortholog_one2one	1	95.4286
Myl9	ENSMUSG00000067818	MYL9	ENSMFAG00000000687	ortholog_one2one	1	98.8372
Mylip	ENSMUSG00000038175	MYLIP	ENSMFAG00000033425	ortholog_one2one	1	95.7303
Mylk	ENSMUSG00000022836	MYLK	ENSMFAG00000040304	ortholog_one2one	1	84.4615
Mylk2	ENSMUSG00000027470	MYLK2	ENSMFAG00000043314	ortholog_one2one	1	81.0767
Mylpf	ENSMUSG00000030672	MYL11	ENSMFAG00000039997	ortholog_one2one	1	96.4497
Mymk	ENSMUSG00000009214	MYMK	ENSMFAG00000033845	ortholog_one2one	1	88.2353
Mynn	ENSMUSG00000037730	MYNN	ENSMFAG00000034575	ortholog_one2one	1	90.4918
Myo18a	ENSMUSG00000000631	MYO18A	ENSMFAG00000036928	ortholog_one2one	1	90.9651
Myo18b	ENSMUSG00000072720	MYO18B	ENSMFAG00000002334	ortholog_one2one	1	72.7063
Myo19	ENSMUSG00000020527	MYO19	ENSMFAG00000033731	ortholog_one2one	1	82.6584
Myo1a	ENSMUSG00000025401	MYO1A	ENSMFAG00000044427	ortholog_one2one	1	87.6318
Myo1b	ENSMUSG00000018417	MYO1B	ENSMFAG00000043361	ortholog_one2one	1	97.832
Myo1c	ENSMUSG00000017774	MYO1C	ENSMFAG00000044455	ortholog_one2one	1	92.9051
Myo1d	ENSMUSG00000035441	MYO1D	ENSMFAG00000033021	ortholog_one2one	1	97.5149
Myo1e	ENSMUSG00000032220	MYO1E	ENSMFAG00000032366	ortholog_one2one	1	96.1156
Myo1f	ENSMUSG00000024300	MYO1F	ENSMFAG00000050770	ortholog_one2one	1	94.2623
Myo1g	ENSMUSG00000020437	MYO1G	ENSMFAG00000042307	ortholog_one2one	1	85.8398
Myo1h	ENSMUSG00000066952	MYO1H	ENSMFAG00000046050	ortholog_one2one	1	87.6686
Myo3a	ENSMUSG00000025716	MYO3A	ENSMFAG00000040667	ortholog_one2one	1	81.2771
Myo3b	ENSMUSG00000042064	MYO3B	ENSMFAG00000002186	ortholog_one2one	1	86.59
Myo5a	ENSMUSG00000034593	MYO5A	ENSMFAG00000044339	ortholog_one2one	1	96.9912
Myo5b	ENSMUSG00000025885	MYO5B	ENSMFAG00000007943	ortholog_one2one	1	90.374
Myo5c	ENSMUSG00000033590	MYO5C	ENSMFAG00000033683	ortholog_one2one	1	89.093
Myo6	ENSMUSG00000033577	MYO6	ENSMFAG00000038795	ortholog_one2one	1	96.2757
Myo7a	ENSMUSG00000030761	MYO7A	ENSMFAG00000044666	ortholog_one2one	1	97.0142
Myo9a	ENSMUSG00000039585	MYO9A	ENSMFAG00000023157	ortholog_one2one	1	88.9064
Myoc	ENSMUSG00000026697	MYOC	ENSMFAG00000041678	ortholog_one2one	1	81.8367
Myocd	ENSMUSG00000020542	MYOCD	ENSMFAG00000036055	ortholog_one2one	1	82.5025
Myod1	ENSMUSG00000009471	MYOD1	ENSMFAG00000039430	ortholog_one2one	1	60.6918
Myof	ENSMUSG00000048612	MYOF	ENSMFAG00000036842	ortholog_one2one	1	94.1291
Myog	ENSMUSG00000026459	MYOG	ENSMFAG00000043657	ortholog_one2one	1	90.1786
Myom1	ENSMUSG00000024049	MYOM1	ENSMFAG00000041420	ortholog_one2one	1	87.7625
Myom2	ENSMUSG00000031461	MYOM2	ENSMFAG00000033265	ortholog_one2one	1	88.5851
Myom3	ENSMUSG00000037139	MYOM3	ENSMFAG00000035620	ortholog_one2one	1	83.8777
Myoz1	ENSMUSG00000068697	MYOZ1	ENSMFAG00000046315	ortholog_one2one	1	91.2162
Myoz2	ENSMUSG00000028116	MYOZ2	ENSMFAG00000000291	ortholog_one2one	1	82.9545
Myoz3	ENSMUSG00000049173	MYOZ3	ENSMFAG00000035709	ortholog_one2one	1	75.102
Mypn	ENSMUSG00000020067	MYPN	ENSMFAG00000001619	ortholog_one2one	1	88.1369
Myrf	ENSMUSG00000036098	MYRF	ENSMFAG00000039452	ortholog_one2one	1	89.8156
Myrfl	ENSMUSG00000034057	MYRFL	ENSMFAG00000002455	ortholog_one2one	1	79.3142
Myrip	ENSMUSG00000041794	MYRIP	ENSMFAG00000027633	ortholog_one2one	1	80.4907
Myzap	ENSMUSG00000041361	MYZAP	ENSMFAG00000035568	ortholog_one2one	1	86.4807
Mzt1	ENSMUSG00000033186	MZT1	ENSMFAG00000044898	ortholog_one2one	1	89.7436
N4bp1	ENSMUSG00000031652	N4BP1	ENSMFAG00000025909	ortholog_one2one	1	81.187
Naa10	ENSMUSG00000031388	NAA10	ENSMFAG00000044161	ortholog_one2one	1	92.766
Naa15	ENSMUSG00000063273	NAA15	ENSMFAG00000041929	ortholog_one2one	1	96.763
Naa16	ENSMUSG00000022020	NAA16	ENSMFAG00000043606	ortholog_one2one	1	88.4259
Naa25	ENSMUSG00000042719	NAA25	ENSMFAG00000039818	ortholog_one2one	1	93.0041
Naa30	ENSMUSG00000036282	NAA30	ENSMFAG00000038073	ortholog_one2one	1	79.6703
Naa35	ENSMUSG00000021555	NAA35	ENSMFAG00000041931	ortholog_one2one	1	97.2414
Naa38	ENSMUSG00000059278	NAA38	ENSMFAG00000037580	ortholog_one2one	1	79.2
Naa40	ENSMUSG00000024764	NAA40	ENSMFAG00000034118	ortholog_one2one	1	99.1561
Naa50	ENSMUSG00000022698	NAA50	ENSMFAG00000041301	ortholog_one2one	1	97.6331
Naa80	ENSMUSG00000079334	NAA80	ENSMFAG00000038112	ortholog_one2one	1	67.8344
Naaa	ENSMUSG00000029413	NAAA	ENSMFAG00000041803	ortholog_one2one	1	64.3193
Nab1	ENSMUSG00000002881	NAB1	ENSMFAG00000001304	ortholog_one2one	1	92.3868
Nab2	ENSMUSG00000025402	NAB2	ENSMFAG00000036629	ortholog_one2one	1	94.717
Nabp1	ENSMUSG00000026107	NABP1	ENSMFAG00000044164	ortholog_one2one	1	84.3434
Nabp2	ENSMUSG00000025374	NABP2	ENSMFAG00000000354	ortholog_one2one	1	91.9811
Nacc1	ENSMUSG00000001910	NACC1	ENSMFAG00000036952	ortholog_one2one	1	89.4942
Nacc2	ENSMUSG00000026932	NACC2	ENSMFAG00000052501	ortholog_one2one	1	84.1297
Nadk	ENSMUSG00000029063	NADK	ENSMFAG00000001320	ortholog_one2one	1	92.7107
Nadk2	ENSMUSG00000022253	NADK2	ENSMFAG00000039756	ortholog_one2one	1	89.823
Nadsyn1	ENSMUSG00000031090	NADSYN1	ENSMFAG00000040085	ortholog_one2one	1	79.8621
Nae1	ENSMUSG00000031878	NAE1	ENSMFAG00000030456	ortholog_one2one	1	96.0674
Naga	ENSMUSG00000022453	NAGA	ENSMFAG00000002492	ortholog_one2one	1	81.9277
Naglu	ENSMUSG00000001751	NAGLU	ENSMFAG00000039206	ortholog_one2one	1	80.7848
Nagpa	ENSMUSG00000023143	NAGPA	ENSMFAG00000021013	ortholog_one2one	1	57.8337
Nags	ENSMUSG00000048217	NAGS	ENSMFAG00000033737	ortholog_one2one	1	87.0968
Nalcn	ENSMUSG00000000197	NALCN	ENSMFAG00000039517	ortholog_one2one	1	98.3324
Nalf1	ENSMUSG00000079157	NALF1	ENSMFAG00000030954	ortholog_one2one	1	88.6243
Nalf2	ENSMUSG00000071719	NALF2	ENSMFAG00000044685	ortholog_one2one	1	93.6306
Nampt	ENSMUSG00000020572	NAMPT	ENSMFAG00000028242	ortholog_one2one	1	95.3157
Nanos2	ENSMUSG00000051965	NANOS2	ENSMFAG00000017215	ortholog_one2one	1	75
Nanos3	ENSMUSG00000056155	NANOS3	ENSMFAG00000040009	ortholog_one2one	1	73.5632
Nans	ENSMUSG00000028334	NANS	ENSMFAG00000030217	ortholog_one2one	1	94.7075
Nap1l1	ENSMUSG00000058799	NAP1L1	ENSMFAG00000001457	ortholog_one2one	1	98.4655
Nap1l4	ENSMUSG00000059119	NAP1L4	ENSMFAG00000002601	ortholog_one2many	1	93.2643
Napa	ENSMUSG00000006024	NAPA	ENSMFAG00000000053	ortholog_one2one	1	96.6102
Napb	ENSMUSG00000027438	NAPB	ENSMFAG00000012865	ortholog_one2one	1	99.6644
Napepld	ENSMUSG00000044968	NAPEPLD	ENSMFAG00000044187	ortholog_one2one	1	89.3939
Naprt	ENSMUSG00000022574	NAPRT	ENSMFAG00000040150	ortholog_one2one	1	84.9442
Napsa	ENSMUSG00000002204	NAPSA	ENSMFAG00000042537	ortholog_one2many	1	68.7351
Narf	ENSMUSG00000000056	NARF	ENSMFAG00000003174	ortholog_one2one	1	83.7662
Nars1	ENSMUSG00000024587	NARS1	ENSMFAG00000032255	ortholog_one2one	1	90.5188
Nars2	ENSMUSG00000018995	NARS2	ENSMFAG00000033477	ortholog_one2one	1	85.325
Nasp	ENSMUSG00000028693	NASP	ENSMFAG00000043112	ortholog_one2one	1	81.1125
Nat10	ENSMUSG00000027185	NAT10	ENSMFAG00000041013	ortholog_one2one	1	91.7969
Nat9	ENSMUSG00000015542	NAT9	ENSMFAG00000044362	ortholog_one2one	1	70.1245
Nav1	ENSMUSG00000009418	NAV1	ENSMFAG00000029861	ortholog_one2one	1	83.8051
Nav2	ENSMUSG00000052512	NAV2	ENSMFAG00000001739	ortholog_one2one	1	91.9865
Nav3	ENSMUSG00000020181	NAV3	ENSMFAG00000044289	ortholog_one2one	1	93.5037
Naxd	ENSMUSG00000031505	NAXD	ENSMFAG00000031500	ortholog_one2one	1	70.3364
Naxe	ENSMUSG00000028070	NAXE	ENSMFAG00000043673	ortholog_one2one	1	89.7163
Nbas	ENSMUSG00000020576	NBAS	ENSMFAG00000003823	ortholog_one2one	1	85.5263
Nbea	ENSMUSG00000027799	NBEA	ENSMFAG00000033753	ortholog_one2one	1	97.5136
Nbeal1	ENSMUSG00000073664	NBEAL1	ENSMFAG00000032529	ortholog_one2one	1	89.6205
Nbeal2	ENSMUSG00000056724	NBEAL2	ENSMFAG00000000234	ortholog_one2one	1	87.4771
Nbl1	ENSMUSG00000041120	NBL1	ENSMFAG00000037763	ortholog_one2one	1	94.382
Nbn	ENSMUSG00000028224	NBN	ENSMFAG00000030845	ortholog_one2one	1	70.4394
Nbr1	ENSMUSG00000017119	NBR1	ENSMFAG00000001301	ortholog_one2one	1	83.9069
Ncald	ENSMUSG00000051359	NCALD	ENSMFAG00000036726	ortholog_one2one	1	84.9741
Ncam1	ENSMUSG00000039542	NCAM1	ENSMFAG00000044864	ortholog_one2one	1	93.1604
Ncam2	ENSMUSG00000022762	NCAM2	ENSMFAG00000041136	ortholog_one2one	1	87.7579
Ncan	ENSMUSG00000002341	NCAN	ENSMFAG00000043588	ortholog_one2one	1	68.2177
Ncapd2	ENSMUSG00000038252	NCAPD2	ENSMFAG00000036998	ortholog_one2one	1	85.9195
Ncapd3	ENSMUSG00000035024	NCAPD3	ENSMFAG00000039895	ortholog_one2one	1	74.0372
Ncapg	ENSMUSG00000015880	NCAPG	ENSMFAG00000000798	ortholog_one2one	1	82.7689
Ncapg2	ENSMUSG00000042029	NCAPG2	ENSMFAG00000040814	ortholog_one2one	1	81.5466
Ncaph2	ENSMUSG00000008690	NCAPH2	ENSMFAG00000033329	ortholog_one2one	1	79.0576
Ncbp1	ENSMUSG00000028330	NCBP1	ENSMFAG00000030994	ortholog_one2one	1	93.2911
Ncbp2	ENSMUSG00000022774	NCBP2	ENSMFAG00000001109	ortholog_one2one	1	97.4359
Ncbp3	ENSMUSG00000020783	NCBP3	ENSMFAG00000024176	ortholog_one2one	1	94.4715
Ncdn	ENSMUSG00000028833	NCDN	ENSMFAG00000038902	ortholog_one2one	1	95.8848
Nceh1	ENSMUSG00000027698	NCEH1	ENSMFAG00000043084	ortholog_one2one	1	86.7647
Ncf1	ENSMUSG00000015950	NCF1	ENSMFAG00000038102	ortholog_one2one	1	83.0769
Ncf2	ENSMUSG00000026480	NCF2	ENSMFAG00000036375	ortholog_one2one	1	84.9524
Ncf4	ENSMUSG00000071715	NCF4	ENSMFAG00000003343	ortholog_one2one	1	68.4366
Nck1	ENSMUSG00000032475	NCK1	ENSMFAG00000044882	ortholog_one2one	1	98.939
Nck2	ENSMUSG00000066877	NCK2	ENSMFAG00000038909	ortholog_one2one	1	95.7895
Nckap1	ENSMUSG00000027002	NCKAP1	ENSMFAG00000001975	ortholog_one2one	1	99.3794
Nckap1l	ENSMUSG00000022488	NCKAP1L	ENSMFAG00000001155	ortholog_one2one	1	94.3563
Nckap5	ENSMUSG00000049690	NCKAP5	ENSMFAG00000035593	ortholog_one2one	1	66.7889
Nckap5l	ENSMUSG00000023009	NCKAP5L	ENSMFAG00000031813	ortholog_one2one	1	87.7551
Nckipsd	ENSMUSG00000032598	NCKIPSD	ENSMFAG00000031042	ortholog_one2one	1	83.4734
Ncl	ENSMUSG00000026234	NCL	ENSMFAG00000040385	ortholog_one2one	1	77.3692
Ncmap	ENSMUSG00000043924	NCMAP	ENSMFAG00000060484	ortholog_one2one	1	79
Ncoa1	ENSMUSG00000020647	NCOA1	ENSMFAG00000046147	ortholog_one2one	1	91.1744
Ncoa2	ENSMUSG00000005886	NCOA2	ENSMFAG00000017985	ortholog_one2one	1	90.0821
Ncoa3	ENSMUSG00000027678	NCOA3	ENSMFAG00000037078	ortholog_one2one	1	82.0537
Ncoa5	ENSMUSG00000039804	NCOA5	ENSMFAG00000043623	ortholog_one2one	1	92.4007
Ncoa6	ENSMUSG00000038369	NCOA6	ENSMFAG00000015862	ortholog_one2one	1	91.2518
Ncoa7	ENSMUSG00000039697	NCOA7	ENSMFAG00000044102	ortholog_one2one	1	79.8515
Ncor1	ENSMUSG00000018501	NCOR1	ENSMFAG00000034439	ortholog_one2one	1	89.7691
Ncr1	ENSMUSG00000062524	NCR1	ENSMFAG00000044133	ortholog_one2one	1	56.9231
Ncstn	ENSMUSG00000003458	NCSTN	ENSMFAG00000003392	ortholog_one2one	1	84.7458
Ndc1	ENSMUSG00000028614	NDC1	ENSMFAG00000036304	ortholog_one2one	1	86.9242
Nde1	ENSMUSG00000022678	NDE1	ENSMFAG00000000424	ortholog_one2one	1	89.5349
Ndel1	ENSMUSG00000018736	NDEL1	ENSMFAG00000038556	ortholog_one2one	1	87.8261
Ndfip1	ENSMUSG00000024425	NDFIP1	ENSMFAG00000039431	ortholog_one2one	1	70.6897
Ndfip2	ENSMUSG00000053253	NDFIP2	ENSMFAG00000003559	ortholog_one2one	1	82.5444
Ndnf	ENSMUSG00000049001	NDNF	ENSMFAG00000003473	ortholog_one2one	1	87.1479
Ndor1	ENSMUSG00000006471	NDOR1	ENSMFAG00000039422	ortholog_one2one	1	74.2475
Ndp	ENSMUSG00000040138	NDP	ENSMFAG00000000487	ortholog_one2one	1	95.4198
Ndrg1	ENSMUSG00000005125	NDRG1	ENSMFAG00000044300	ortholog_one2one	1	88.5787
Ndrg2	ENSMUSG00000004558	NDRG2	ENSMFAG00000032399	ortholog_one2one	1	96.0784
Ndrg4	ENSMUSG00000036564	NDRG4	ENSMFAG00000044755	ortholog_one2one	1	82.3864
Ndst2	ENSMUSG00000039308	NDST2	ENSMFAG00000036636	ortholog_one2one	1	96.9422
Ndst3	ENSMUSG00000027977	NDST3	ENSMFAG00000034323	ortholog_one2one	1	93.929
Ndst4	ENSMUSG00000027971	NDST4	ENSMFAG00000002158	ortholog_one2one	1	95.9862
Ndufa10	ENSMUSG00000026260	NDUFA10	ENSMFAG00000001486	ortholog_one2one	1	66.4789
Ndufa12	ENSMUSG00000020022	NDUFA12	ENSMFAG00000037509	ortholog_one2one	1	86.2069
Ndufa2	ENSMUSG00000014294	NDUFA2	ENSMFAG00000049634	ortholog_one2one	1	85.8586
Ndufa4l2	ENSMUSG00000040280	NDUFA4L2	ENSMFAG00000055308	ortholog_one2one	1	75.8621
Ndufa5	ENSMUSG00000023089	NDUFA5	ENSMFAG00000047182	ortholog_one2one	1	77.5862
Ndufa6	ENSMUSG00000022450	NDUFA6	ENSMFAG00000039783	ortholog_one2one	1	87.7863
Ndufa9	ENSMUSG00000000399	NDUFA9	ENSMFAG00000043122	ortholog_one2one	1	75.5968
Ndufaf1	ENSMUSG00000027305	NDUFAF1	ENSMFAG00000041431	ortholog_one2one	1	77.5758
Ndufaf2	ENSMUSG00000068184	NDUFAF2	ENSMFAG00000003670	ortholog_one2one	1	79.1667
Ndufaf3	ENSMUSG00000070283	NDUFAF3	ENSMFAG00000046307	ortholog_one2one	1	80
Ndufaf4	ENSMUSG00000028261	NDUFAF4	ENSMFAG00000030804	ortholog_one2one	1	74.5665
Ndufaf5	ENSMUSG00000027384	NDUFAF5	ENSMFAG00000044840	ortholog_one2one	1	85.4227
Ndufaf6	ENSMUSG00000050323	NDUFAF6	ENSMFAG00000001562	ortholog_one2one	1	79.8799
Ndufaf7	ENSMUSG00000024082	NDUFAF7	ENSMFAG00000031686	ortholog_one2one	1	83.524
Ndufaf8	ENSMUSG00000078572	NDUFAF8	ENSMFAG00000045199	ortholog_one2one	1	85.1351
Ndufb10	ENSMUSG00000040048	NDUFB10	ENSMFAG00000000484	ortholog_one2one	1	81.8182
Ndufb2	ENSMUSG00000002416	NDUFB2	ENSMFAG00000048116	ortholog_one2one	1	81.9048
Ndufb3	ENSMUSG00000026032	NDUFB3	ENSMFAG00000030964	ortholog_one2one	1	72.1154
Ndufb4	ENSMUSG00000022820	NDUFB4	ENSMFAG00000038344	ortholog_one2one	1	71.3178
Ndufb5	ENSMUSG00000027673	NDUFB5	ENSMFAG00000042220	ortholog_one2one	1	78.3069
Ndufb9	ENSMUSG00000022354	NDUFB9	ENSMFAG00000003181	ortholog_one2one	1	87.7095
Ndufs1	ENSMUSG00000025968	NDUFS1	ENSMFAG00000039201	ortholog_one2one	1	94.2228
Ndufs3	ENSMUSG00000005510	NDUFS3	ENSMFAG00000031067	ortholog_one2one	1	64.5892
Ndufs4	ENSMUSG00000021764	NDUFS4	ENSMFAG00000033089	ortholog_one2one	1	88.5714
Ndufs8	ENSMUSG00000059734	NDUFS8	ENSMFAG00000035405	ortholog_one2one	1	88.2076
Ndufv1	ENSMUSG00000037916	NDUFV1	ENSMFAG00000038730	ortholog_one2one	1	96.7672
Neb	ENSMUSG00000026950	NEB	ENSMFAG00000000188	ortholog_one2one	1	83.2514
Necab1	ENSMUSG00000040536	NECAB1	ENSMFAG00000033460	ortholog_one2one	1	96.0227
Necab2	ENSMUSG00000031837	NECAB2	ENSMFAG00000041548	ortholog_one2one	1	77.3779
Necab3	ENSMUSG00000027489	NECAB3	ENSMFAG00000035873	ortholog_one2one	1	86.6856
Necap1	ENSMUSG00000030327	NECAP1	ENSMFAG00000031784	ortholog_one2one	1	85.8182
Nectin2	ENSMUSG00000062300	NECTIN2	ENSMFAG00000002540	ortholog_one2one	1	76.2264
Nectin3	ENSMUSG00000022656	NECTIN3	ENSMFAG00000001084	ortholog_one2one	1	73.7255
Nectin4	ENSMUSG00000006411	PVRL4	ENSMFAG00000037387	ortholog_one2one	1	92.3228
Nedd1	ENSMUSG00000019988	NEDD1	ENSMFAG00000002214	ortholog_one2one	1	84.0909
Nedd4	ENSMUSG00000032216	NEDD4	ENSMFAG00000035679	ortholog_one2one	1	76.5502
Nedd4l	ENSMUSG00000024589	NEDD4L	ENSMFAG00000032021	ortholog_one2one	1	90.272
Nedd9	ENSMUSG00000021365	NEDD9	ENSMFAG00000042994	ortholog_one2one	1	88.5954
Nefh	ENSMUSG00000020396	NEFH	ENSMFAG00000043930	ortholog_one2one	1	64.4037
Nefl	ENSMUSG00000022055	NEFL	ENSMFAG00000031550	ortholog_one2one	1	95.9484
Negr1	ENSMUSG00000040037	NEGR1	ENSMFAG00000034696	ortholog_one2one	1	94.8276
Neil2	ENSMUSG00000035121	NEIL2	ENSMFAG00000027135	ortholog_one2one	1	72.9483
Neil3	ENSMUSG00000039396	NEIL3	ENSMFAG00000002547	ortholog_one2one	1	73.5974
Nek1	ENSMUSG00000031644	NEK1	ENSMFAG00000043975	ortholog_one2one	1	83.1255
Nek10	ENSMUSG00000042567	NEK10	ENSMFAG00000039437	ortholog_one2one	1	89.5964
Nek11	ENSMUSG00000035032	NEK11	ENSMFAG00000041735	ortholog_one2one	1	73.4076
Nek2	ENSMUSG00000026622	NEK2	ENSMFAG00000041966	ortholog_one2one	1	88.7133
Nek3	ENSMUSG00000031478	NEK3	ENSMFAG00000035919	ortholog_one2one	1	71.7092
Nek4	ENSMUSG00000021918	NEK4	ENSMFAG00000003641	ortholog_one2one	1	74.3687
Nek6	ENSMUSG00000026749	NEK6	ENSMFAG00000043882	ortholog_one2one	1	96.8051
Nek7	ENSMUSG00000026393	NEK7	ENSMFAG00000042183	ortholog_one2one	1	97.6821
Nek8	ENSMUSG00000017405	NEK8	ENSMFAG00000046314	ortholog_one2one	1	92.8367
Nek9	ENSMUSG00000034290	NEK9	ENSMFAG00000037572	ortholog_one2one	1	94.7154
Nelfa	ENSMUSG00000029111	NELFA	ENSMFAG00000035742	ortholog_one2one	1	92.0755
Nelfcd	ENSMUSG00000016253	NELFCD	ENSMFAG00000002141	ortholog_one2one	1	88.6633
Nelfe	ENSMUSG00000024369	NELFE	ENSMFAG00000036108	ortholog_one2one	1	92.9155
Nell1	ENSMUSG00000055409	NELL1	ENSMFAG00000035840	ortholog_one2one	1	93.7037
Nell2	ENSMUSG00000022454	NELL2	ENSMFAG00000040165	ortholog_one2one	1	91.6972
Nemf	ENSMUSG00000020982	NEMF	ENSMFAG00000005357	ortholog_one2one	1	90.6015
Nemp1	ENSMUSG00000040195	NEMP1	ENSMFAG00000001688	ortholog_one2one	1	83.9817
Nemp2	ENSMUSG00000043015	NEMP2	ENSMFAG00000030968	ortholog_one2one	1	70.0713
Nenf	ENSMUSG00000037499	NENF	ENSMFAG00000061910	ortholog_one2one	1	78.9474
Neo1	ENSMUSG00000032340	NEO1	ENSMFAG00000014361	ortholog_one2one	1	88.7324
Nepro	ENSMUSG00000036208	NEPRO	ENSMFAG00000000372	ortholog_one2one	1	65.6028
Nes	ENSMUSG00000004891	NES	ENSMFAG00000025686	ortholog_one2one	1	51.824
Net1	ENSMUSG00000021215	NET1	ENSMFAG00000038831	ortholog_one2one	1	83.7338
Neto1	ENSMUSG00000050321	NETO1	ENSMFAG00000032084	ortholog_one2one	1	95.6848
Neto2	ENSMUSG00000036902	NETO2	ENSMFAG00000000612	ortholog_one2one	1	97.1429
Neu1	ENSMUSG00000007038	NEU1	ENSMFAG00000046189	ortholog_one2one	1	82.6406
Neu2	ENSMUSG00000079434	NEU2	ENSMFAG00000036521	ortholog_one2one	1	68.3377
Neu3	ENSMUSG00000035239	NEU3	ENSMFAG00000034589	ortholog_one2one	1	68.4211
Neurl1a	ENSMUSG00000006435	NEURL1	ENSMFAG00000001140	ortholog_one2one	1	67.5958
Neurl2	ENSMUSG00000039873	NEURL2	ENSMFAG00000045854	ortholog_one2one	1	90.8772
Neurl4	ENSMUSG00000047284	NEURL4	ENSMFAG00000026826	ortholog_one2one	1	92.1305
Neurod1	ENSMUSG00000034701	NEUROD1	ENSMFAG00000034877	ortholog_one2one	1	97.7591
Neurod6	ENSMUSG00000037984	NEUROD6	ENSMFAG00000025612	ortholog_one2one	1	98.2196
Neurog1	ENSMUSG00000048904	NEUROG1	ENSMFAG00000018711	ortholog_one2one	1	86.4754
Neurog2	ENSMUSG00000027967	NEUROG2	ENSMFAG00000026432	ortholog_one2one	1	68.8213
Nexn	ENSMUSG00000039103	NEXN	ENSMFAG00000002199	ortholog_one2one	1	92.3507
Nf1	ENSMUSG00000020716	NF1	ENSMFAG00000033978	ortholog_one2one	1	97.5512
Nf2	ENSMUSG00000009073	NF2	ENSMFAG00000003803	ortholog_one2one	1	98.1544
Nfasc	ENSMUSG00000026442	NFASC	ENSMFAG00000033112	ortholog_one2one	1	97.0486
Nfat5	ENSMUSG00000003847	NFAT5	ENSMFAG00000037197	ortholog_one2one	1	92.1773
Nfatc2	ENSMUSG00000027544	NFATC2	ENSMFAG00000044962	ortholog_one2one	1	70.9642
Nfatc3	ENSMUSG00000031902	NFATC3	ENSMFAG00000043795	ortholog_one2one	1	88.5688
Nfatc4	ENSMUSG00000023411	NFATC4	ENSMFAG00000000183	ortholog_one2one	1	90.788
Nfe2	ENSMUSG00000058794	NFE2	ENSMFAG00000044203	ortholog_one2one	1	88.4718
Nfe2l1	ENSMUSG00000038615	NFE2L1	ENSMFAG00000035583	ortholog_one2one	1	97.166
Nfe2l2	ENSMUSG00000015839	NFE2L2	ENSMFAG00000041108	ortholog_one2one	1	80.9045
Nfe2l3	ENSMUSG00000029832	NFE2L3	ENSMFAG00000031568	ortholog_one2one	1	67.5758
Nfia	ENSMUSG00000028565	NFIA	ENSMFAG00000045828	ortholog_one2one	1	99.2141
Nfib	ENSMUSG00000008575	NFIB	ENSMFAG00000037052	ortholog_one2one	1	98.2456
Nfil3	ENSMUSG00000056749	NFIL3	ENSMFAG00000009757	ortholog_one2one	1	84.8485
Nfilz	ENSMUSG00000117495	NFILZ	ENSMFAG00000065017	ortholog_one2one	1	61.1511
Nfix	ENSMUSG00000001911	NFIX	ENSMFAG00000038849	ortholog_one2one	1	99.1903
Nfkb1	ENSMUSG00000028163	NFKB1	ENSMFAG00000036555	ortholog_one2one	1	86.9207
Nfkb2	ENSMUSG00000025225	NFKB2	ENSMFAG00000031139	ortholog_one2one	1	91.2125
Nfkbia	ENSMUSG00000021025	NFKBIA	ENSMFAG00000017605	ortholog_one2one	1	91.0828
Nfkbib	ENSMUSG00000030595	NFKBIB	ENSMFAG00000036991	ortholog_one2one	1	52.3677
Nfkbid	ENSMUSG00000036931	NFKBID	ENSMFAG00000036666	ortholog_one2one	1	77.8723
Nfkbie	ENSMUSG00000023947	NFKBIE	ENSMFAG00000037930	ortholog_one2one	1	82.967
Nfkbil1	ENSMUSG00000042419	NFKBIL1	ENSMFAG00000038447	ortholog_one2one	1	88.189
Nfkbiz	ENSMUSG00000035356	NFKBIZ	ENSMFAG00000036738	ortholog_one2one	1	72.8022
Nfrkb	ENSMUSG00000042185	NFRKB	ENSMFAG00000033711	ortholog_one2one	1	93.9815
Nfs1	ENSMUSG00000027618	NFS1	ENSMFAG00000045105	ortholog_one2one	1	88.0174
Nfu1	ENSMUSG00000029993	NFU1	ENSMFAG00000033270	ortholog_one2one	1	87.451
Nfx1	ENSMUSG00000028423	NFX1	ENSMFAG00000038715	ortholog_one2one	1	88.061
Nfya	ENSMUSG00000023994	NFYA	ENSMFAG00000045942	ortholog_one2one	1	99.6855
Nfyb	ENSMUSG00000020248	NFYB	ENSMFAG00000037272	ortholog_one2one	1	98.0676
Nfyc	ENSMUSG00000032897	NFYC	ENSMFAG00000033858	ortholog_one2one	1	98.806
Ngb	ENSMUSG00000021032	NGB	ENSMFAG00000061162	ortholog_one2one	1	93.3775
Ngdn	ENSMUSG00000022204	NGDN	ENSMFAG00000033387	ortholog_one2one	1	88.5714
Ngef	ENSMUSG00000026259	NGEF	ENSMFAG00000031690	ortholog_one2one	1	90.8064
Ngf	ENSMUSG00000027859	NGF	ENSMFAG00000060447	ortholog_one2one	1	84.6473
Ngfr	ENSMUSG00000000120	NGFR	ENSMFAG00000044019	ortholog_one2one	1	91.8033
Ngly1	ENSMUSG00000021785	NGLY1	ENSMFAG00000046244	ortholog_one2one	1	85.2535
Nhej1	ENSMUSG00000026162	NHEJ1	ENSMFAG00000037501	ortholog_one2one	1	74.5763
Nherf1	ENSMUSG00000020733	NHERF1	ENSMFAG00000043867	ortholog_one2one	1	86.7606
Nherf2	ENSMUSG00000002504	NHERF2	ENSMFAG00000044443	ortholog_one2one	1	84.273
Nherf4	ENSMUSG00000032105	NHERF4	ENSMFAG00000037313	ortholog_one2one	1	77.7108
Nhlh1	ENSMUSG00000051251	NHLH1	ENSMFAG00000064079	ortholog_one2one	1	53.3835
Nhlrc2	ENSMUSG00000025078	NHLRC2	ENSMFAG00000038268	ortholog_one2one	1	83.5862
Nhlrc3	ENSMUSG00000042997	NHLRC3	ENSMFAG00000001573	ortholog_one2one	1	83.2853
Nhp2	ENSMUSG00000001056	NHP2	ENSMFAG00000032376	ortholog_one2one	1	88.8889
Nhs	ENSMUSG00000059493	NHS	ENSMFAG00000033586	ortholog_one2one	1	87.1888
Nhsl1	ENSMUSG00000039835	NHSL1	ENSMFAG00000034365	ortholog_one2one	1	70.1299
Nhsl2	ENSMUSG00000079481	NHSL2	ENSMFAG00000033144	ortholog_one2one	1	84.3314
Nhsl3	ENSMUSG00000050390	NHSL3	ENSMFAG00000033441	ortholog_one2one	1	77.6636
Niban1	ENSMUSG00000026483	NIBAN1	ENSMFAG00000035390	ortholog_one2one	1	72.5702
Niban2	ENSMUSG00000026796	NIBAN2	ENSMFAG00000003870	ortholog_one2one	1	89.7196
Nicn1	ENSMUSG00000032606	NICN1	ENSMFAG00000044679	ortholog_one2one	1	72.3005
Nicol1	ENSMUSG00000070858	NICOL1	ENSMFAG00000001046	ortholog_one2one	1	73.5849
Nid1	ENSMUSG00000005397	NID1	ENSMFAG00000026117	ortholog_one2one	1	84.498
Nif3l1	ENSMUSG00000026036	NIF3L1	ENSMFAG00000003012	ortholog_one2one	1	72.8723
Nim1k	ENSMUSG00000095930	NIM1K	ENSMFAG00000000337	ortholog_one2one	1	90.5963
Nin	ENSMUSG00000021068	NIN	ENSMFAG00000042051	ortholog_one2one	1	79.0292
Ninj1	ENSMUSG00000037966	NINJ1	ENSMFAG00000041566	ortholog_one2one	1	64.2857
Ninl	ENSMUSG00000068115	NINL	ENSMFAG00000036364	ortholog_one2one	1	59.9713
Nip7	ENSMUSG00000031917	NIP7	ENSMFAG00000046374	ortholog_one2one	1	97.2222
Nipa1	ENSMUSG00000047037	NIPA1	ENSMFAG00000048936	ortholog_one2one	1	99.3808
Nipa2	ENSMUSG00000030452	NIPA2	ENSMFAG00000000201	ortholog_one2one	1	94.429
Nipal1	ENSMUSG00000067219	NIPAL1	ENSMFAG00000003735	ortholog_one2one	1	85.5769
Nipal2	ENSMUSG00000038879	NIPAL2	ENSMFAG00000027246	ortholog_one2one	1	86.9452
Nipal3	ENSMUSG00000028803	NIPAL3	ENSMFAG00000002140	ortholog_one2one	1	90
Nipal4	ENSMUSG00000020411	NIPAL4	ENSMFAG00000029978	ortholog_one2one	1	84.4828
Nipbl	ENSMUSG00000022141	NIPBL	ENSMFAG00000041940	ortholog_one2one	1	94.4603
Nipsnap1	ENSMUSG00000034285	NIPSNAP1	ENSMFAG00000051751	ortholog_one2one	1	92.2535
Nipsnap2	ENSMUSG00000029432	NIPSNAP2	ENSMFAG00000044760	ortholog_one2one	1	87.1886
Nisch	ENSMUSG00000021910	NISCH	ENSMFAG00000029268	ortholog_one2one	1	83.6786
Nit1	ENSMUSG00000013997	NIT1	ENSMFAG00000037273	ortholog_one2one	1	85.7585
Nit2	ENSMUSG00000022751	NIT2	ENSMFAG00000038586	ortholog_one2one	1	78.6232
Nkain1	ENSMUSG00000078532	NKAIN1	ENSMFAG00000036574	ortholog_one2one	1	93.2367
Nkain2	ENSMUSG00000069670	NKAIN2	ENSMFAG00000034602	ortholog_one2one	1	97.1154
Nkain4	ENSMUSG00000027574	NKAIN4	ENSMFAG00000003175	ortholog_one2one	1	83.6538
Nkapd1	ENSMUSG00000059820	NKAPD1	ENSMFAG00000044738	ortholog_one2one	1	84.9315
Nkapl	ENSMUSG00000059395	NKAPL	ENSMFAG00000049741	ortholog_one2one	1	71.1392
Nkd1	ENSMUSG00000031661	NKD1	ENSMFAG00000044696	ortholog_one2one	1	75.5839
Nkd2	ENSMUSG00000021567	NKD2	ENSMFAG00000046329	ortholog_one2one	1	65.7267
Nkiras1	ENSMUSG00000021772	NKIRAS1	ENSMFAG00000002166	ortholog_one2one	1	92.7083
Nkiras2	ENSMUSG00000017837	NKIRAS2	ENSMFAG00000031841	ortholog_one2one	1	98.9529
Nkpd1	ENSMUSG00000060621	NKPD1	ENSMFAG00000024767	ortholog_one2one	1	78.4242
Nkrf	ENSMUSG00000044149	NKRF	ENSMFAG00000031196	ortholog_one2one	1	79.3367
Nktr	ENSMUSG00000032525	NKTR	ENSMFAG00000000414	ortholog_one2one	1	77.4948
Nkx1-1	ENSMUSG00000029112	NKX1-1	ENSMFAG00000002277	ortholog_one2one	1	75.3731
Nkx1-2	ENSMUSG00000048528	NKX1-2	ENSMFAG00000061403	ortholog_one2one	1	61.9672
Nkx2-1	ENSMUSG00000001496	NKX2-1	ENSMFAG00000046342	ortholog_one2one	1	98.6559
Nkx2-2	ENSMUSG00000027434	NKX2-2	ENSMFAG00000044462	ortholog_one2one	1	77.6557
Nkx2-3	ENSMUSG00000044220	NKX2-3	ENSMFAG00000044388	ortholog_one2one	1	57.4586
Nkx2-6	ENSMUSG00000044186	NKX2-6	ENSMFAG00000040141	ortholog_one2one	1	57.4394
Nkx2-9	ENSMUSG00000058669	NKX2-8	ENSMFAG00000057996	ortholog_one2one	1	53.1915
Nkx3-1	ENSMUSG00000022061	NKX3-1	ENSMFAG00000047611	ortholog_one2one	1	64.9789
Nkx3-2	ENSMUSG00000049691	NKX3-2	ENSMFAG00000061419	ortholog_one2one	1	76.8769
Nkx6-2	ENSMUSG00000041309	NKX6-2	ENSMFAG00000045566	ortholog_one2one	1	77.9783
Nkx6-3	ENSMUSG00000063672	NKX6-3	ENSMFAG00000039180	ortholog_one2one	1	94.6565
Nle1	ENSMUSG00000020692	NLE1	ENSMFAG00000037776	ortholog_one2one	1	93.8144
Nlgn1	ENSMUSG00000063887	NLGN1	ENSMFAG00000036767	ortholog_one2one	1	95.7295
Nlgn2	ENSMUSG00000051790	NLGN2	ENSMFAG00000042656	ortholog_one2one	1	88.3971
Nlgn3	ENSMUSG00000031302	NLGN3	ENSMFAG00000002421	ortholog_one2one	1	99.1716
Nln	ENSMUSG00000021710	NLN	ENSMFAG00000031704	ortholog_one2one	1	90.483
Nlrc3	ENSMUSG00000049871	NLRC3	ENSMFAG00000044885	ortholog_one2one	1	76.1343
Nlrc4	ENSMUSG00000039193	NLRC4	ENSMFAG00000038409	ortholog_one2one	1	74.6094
Nlrc5	ENSMUSG00000074151	NLRC5	ENSMFAG00000032845	ortholog_one2one	1	61.3055
Nlrp10	ENSMUSG00000049709	NLRP10	ENSMFAG00000041274	ortholog_one2one	1	57.8009
Nlrp14	ENSMUSG00000016626	NLRP14	ENSMFAG00000030173	ortholog_one2one	1	55.4884
Nlrx1	ENSMUSG00000032109	NLRX1	ENSMFAG00000001931	ortholog_one2one	1	89.9487
Nmbr	ENSMUSG00000019865	NMBR	ENSMFAG00000003897	ortholog_one2one	1	89.2308
Nmd3	ENSMUSG00000027787	NMD3	ENSMFAG00000040934	ortholog_one2one	1	93.837
Nme1	ENSMUSG00000037601	NME1	ENSMFAG00000058207	ortholog_one2one	1	94.7368
Nme2	ENSMUSG00000020857	NME2	ENSMFAG00000007607	ortholog_one2one	1	72.0588
Nme5	ENSMUSG00000035984	NME5	ENSMFAG00000038119	ortholog_one2one	1	86.7299
Nme6	ENSMUSG00000032478	NME6	ENSMFAG00000039246	ortholog_one2one	1	55.5556
Nme7	ENSMUSG00000026575	NME7	ENSMFAG00000037358	ortholog_one2one	1	84.557
Nme8	ENSMUSG00000041138	NME8	ENSMFAG00000024520	ortholog_one2one	1	59.8976
Nme9	ENSMUSG00000046242	NME9	ENSMFAG00000032445	ortholog_one2one	1	78.1155
Nmi	ENSMUSG00000026946	NMI	ENSMFAG00000045501	ortholog_one2one	1	61.1465
Nmnat1	ENSMUSG00000028992	NMNAT1	ENSMFAG00000001659	ortholog_one2one	1	81.0526
Nmnat2	ENSMUSG00000042751	NMNAT2	ENSMFAG00000043841	ortholog_one2one	1	98.6971
Nmnat3	ENSMUSG00000032456	NMNAT3	ENSMFAG00000044228	ortholog_one2one	1	84.0816
Nmral1	ENSMUSG00000063445	NMRAL1	ENSMFAG00000030193	ortholog_one2one	1	80.2676
Nmrk2	ENSMUSG00000004939	NMRK2	ENSMFAG00000033332	ortholog_one2one	1	71.2821
Nms	ENSMUSG00000067604	NMS	ENSMFAG00000035510	ortholog_one2one	1	64.7059
Nmt1	ENSMUSG00000020936	NMT1	ENSMFAG00000043205	ortholog_one2one	1	96.7742
Nmt2	ENSMUSG00000026643	NMT2	ENSMFAG00000039555	ortholog_one2one	1	86.9478
Nmu	ENSMUSG00000029236	NMU	ENSMFAG00000040660	ortholog_one2one	1	71.8391
Nmur1	ENSMUSG00000026237	NMUR1	ENSMFAG00000038670	ortholog_one2one	1	71.8519
Nmur2	ENSMUSG00000037393	NMUR2	ENSMFAG00000043345	ortholog_one2one	1	78.7342
Nnmt	ENSMUSG00000032271	NNMT	ENSMFAG00000036328	ortholog_one2one	1	85.2273
Nnt	ENSMUSG00000025453	NNT	ENSMFAG00000045905	ortholog_one2one	1	93.7725
Noa1	ENSMUSG00000036285	NOA1	ENSMFAG00000035534	ortholog_one2one	1	75.469
Nob1	ENSMUSG00000003848	NOB1	ENSMFAG00000030131	ortholog_one2one	1	89.33
Nobox	ENSMUSG00000029736	NOBOX	ENSMFAG00000045293	ortholog_one2one	1	54.649
Noc2l	ENSMUSG00000095567	NOC2L	ENSMFAG00000032890	ortholog_one2one	1	75.3333
Noc3l	ENSMUSG00000024999	NOC3L	ENSMFAG00000032429	ortholog_one2one	1	89.0954
Noct	ENSMUSG00000023087	NOCT	ENSMFAG00000002713	ortholog_one2one	1	94.5205
Nod1	ENSMUSG00000038058	NOD1	ENSMFAG00000034463	ortholog_one2one	1	81.532
Nod2	ENSMUSG00000055994	NOD2	ENSMFAG00000037753	ortholog_one2one	1	79.5656
Nodal	ENSMUSG00000037171	NODAL	ENSMFAG00000041504	ortholog_one2one	1	77.6836
Nol10	ENSMUSG00000061458	NOL10	ENSMFAG00000041289	ortholog_one2one	1	95.3421
Nol11	ENSMUSG00000018433	NOL11	ENSMFAG00000030117	ortholog_one2one	1	67.1569
Nol12	ENSMUSG00000033099	NOL12	ENSMFAG00000006832	ortholog_one2one	1	88.4793
Nol3	ENSMUSG00000014776	NOL3	ENSMFAG00000043853	ortholog_one2one	1	77.2727
Nol4	ENSMUSG00000041923	NOL4	ENSMFAG00000031845	ortholog_one2one	1	81.8499
Nol4l	ENSMUSG00000061411	NOL4L	ENSMFAG00000038591	ortholog_one2one	1	95.4345
Nol6	ENSMUSG00000028430	NOL6	ENSMFAG00000040117	ortholog_one2one	1	84.9826
Nol7	ENSMUSG00000063200	NOL7	ENSMFAG00000017762	ortholog_one2one	1	77.1654
Nol8	ENSMUSG00000021392	NOL8	ENSMFAG00000034500	ortholog_one2many	1	62.7468
Nol9	ENSMUSG00000028948	NOL9	ENSMFAG00000001587	ortholog_one2one	1	54.7619
Nolc1	ENSMUSG00000015176	NOLC1	ENSMFAG00000044654	ortholog_one2one	1	73.2857
Nono	ENSMUSG00000031311	NONO	ENSMFAG00000041557	ortholog_one2one	1	91.7548
Nop10	ENSMUSG00000027133	NOP10	ENSMFAG00000057750	ortholog_one2one	1	98.4375
Nop2	ENSMUSG00000038279	NOP2	ENSMFAG00000004333	ortholog_one2one	1	77.4559
Nop53	ENSMUSG00000041560	NOP53	ENSMFAG00000045103	ortholog_one2one	1	57.0248
Nop56	ENSMUSG00000027405	NOP56	ENSMFAG00000041293	ortholog_one2one	1	92.4138
Nop58	ENSMUSG00000026020	NOP58	ENSMFAG00000036935	ortholog_one2one	1	92.5373
Nop9	ENSMUSG00000019297	NOP9	ENSMFAG00000043789	ortholog_one2one	1	80.9748
Nopchap1	ENSMUSG00000020255	NOPCHAP1	ENSMFAG00000039029	ortholog_one2one	1	69.7297
Nos1	ENSMUSG00000029361	NOS1	ENSMFAG00000000922	ortholog_one2one	1	94.6116
Nos2	ENSMUSG00000020826	NOS2	ENSMFAG00000032615	ortholog_one2one	1	79.8951
Nosip	ENSMUSG00000003421	NOSIP	ENSMFAG00000031153	ortholog_one2one	1	84.0532
Nostrin	ENSMUSG00000034738	NOSTRIN	ENSMFAG00000031990	ortholog_one2one	1	82.0158
Notch1	ENSMUSG00000026923	NOTCH1	ENSMFAG00000000688	ortholog_one2one	1	84.8281
Notch2	ENSMUSG00000027878	NOTCH2	ENSMFAG00000001144	ortholog_one2one	1	92.3979
Noto	ENSMUSG00000068302	NOTO	ENSMFAG00000054075	ortholog_one2one	1	57.0833
Notum	ENSMUSG00000042988	NOTUM	ENSMFAG00000033597	ortholog_one2one	1	84.8907
Nova2	ENSMUSG00000030411	NOVA2	ENSMFAG00000043672	ortholog_one2one	1	97.9675
Nox1	ENSMUSG00000031257	NOX1	ENSMFAG00000043343	ortholog_one2one	1	82.4156
Nox3	ENSMUSG00000023802	NOX3	ENSMFAG00000032154	ortholog_one2one	1	79.7535
Nox4	ENSMUSG00000030562	NOX4	ENSMFAG00000002005	ortholog_one2one	1	90.8305
Noxa1	ENSMUSG00000036805	NOXA1	ENSMFAG00000030739	ortholog_one2one	1	61.9369
Noxo1	ENSMUSG00000019320	NOXO1	ENSMFAG00000037791	ortholog_one2one	1	56.7335
Noxred1	ENSMUSG00000072919	NOXRED1	ENSMFAG00000045091	ortholog_one2one	1	59.8361
Npas2	ENSMUSG00000026077	NPAS2	ENSMFAG00000001513	ortholog_one2one	1	88.4804
Npas3	ENSMUSG00000021010	NPAS3	ENSMFAG00000043431	ortholog_one2one	1	93.1034
Npas4	ENSMUSG00000045903	NPAS4	ENSMFAG00000002394	ortholog_one2one	1	92.7681
Npat	ENSMUSG00000033054	NPAT	ENSMFAG00000034204	ortholog_one2one	1	74.2958
Npb	ENSMUSG00000044034	NPB	ENSMFAG00000061505	ortholog_one2one	1	61.3445
Npc1	ENSMUSG00000024413	NPC1	ENSMFAG00000039623	ortholog_one2one	1	86.2177
Npc1l1	ENSMUSG00000020447	NPC1L1	ENSMFAG00000043097	ortholog_one2one	1	77.1193
Npc2	ENSMUSG00000021242	NPC2	ENSMFAG00000035734	ortholog_one2one	1	80.5369
Npdc1	ENSMUSG00000015094	NPDC1	ENSMFAG00000003246	ortholog_one2one	1	63.6364
Npepl1	ENSMUSG00000039263	NPEPL1	ENSMFAG00000041186	ortholog_one2one	1	87.7863
Npepps	ENSMUSG00000001441	NPEPPS	ENSMFAG00000003608	ortholog_one2one	1	88.6957
Npffr1	ENSMUSG00000020090	NPFFR1	ENSMFAG00000043253	ortholog_one2one	1	59.9537
Npffr2	ENSMUSG00000035528	NPFFR2	ENSMFAG00000042560	ortholog_one2one	1	79.6163
Nphp3	ENSMUSG00000032558	NPHP3	ENSMFAG00000045677	ortholog_one2one	1	81.3585
Nphs1	ENSMUSG00000006649	NPHS1	ENSMFAG00000042644	ortholog_one2one	1	81.1306
Nphs2	ENSMUSG00000026602	NPHS2	ENSMFAG00000034904	ortholog_one2one	1	82.0779
Npl	ENSMUSG00000042684	NPL	ENSMFAG00000034260	ortholog_one2one	1	80.9375
Nploc4	ENSMUSG00000039703	NPLOC4	ENSMFAG00000033200	ortholog_one2one	1	96.3816
Npm1	ENSMUSG00000057113	NPM1	ENSMFAG00000043579	ortholog_one2many	1	86.3014
Npm3	ENSMUSG00000056209	NPM3	ENSMFAG00000041878	ortholog_one2one	1	83.4286
Npnt	ENSMUSG00000040998	NPNT	ENSMFAG00000045955	ortholog_one2one	1	86.803
Nppa	ENSMUSG00000041616	NPPA	ENSMFAG00000035965	ortholog_one2one	1	80.2632
Nppc	ENSMUSG00000026241	NPPC	ENSMFAG00000046253	ortholog_one2one	1	91.2698
Npr1	ENSMUSG00000027931	NPR1	ENSMFAG00000033058	ortholog_one2one	1	71.7124
Npr2	ENSMUSG00000028469	NPR2	ENSMFAG00000038876	ortholog_one2one	1	98.6628
Npr3	ENSMUSG00000022206	NPR3	ENSMFAG00000043552	ortholog_one2one	1	91.2525
Nprl2	ENSMUSG00000010057	NPRL2	ENSMFAG00000003338	ortholog_one2one	1	98.9474
Nps	ENSMUSG00000073804	NPS	ENSMFAG00000050665	ortholog_one2one	1	74.1573
Npsr1	ENSMUSG00000043659	NPSR1	ENSMFAG00000040833	ortholog_one2one	1	85.1752
Nptn	ENSMUSG00000032336	NPTN	ENSMFAG00000037091	ortholog_one2one	1	94.4584
Nptx1	ENSMUSG00000025582	NPTX1	ENSMFAG00000040743	ortholog_one2one	1	96.7593
Nptx2	ENSMUSG00000059991	NPTX2	ENSMFAG00000039583	ortholog_one2one	1	96.2704
Nptxr	ENSMUSG00000022421	NPTXR	ENSMFAG00000000252	ortholog_one2one	1	88.4381
Npy1r	ENSMUSG00000036437	NPY1R	ENSMFAG00000001038	ortholog_one2one	1	93.4555
Npy5r	ENSMUSG00000044014	NPY5R	ENSMFAG00000030111	ortholog_one2one	1	84.5494
Nqo1	ENSMUSG00000003849	NQO1	ENSMFAG00000002412	ortholog_one2one	1	86.4964
Nqo2	ENSMUSG00000046949	NQO2	ENSMFAG00000035954	ortholog_one2one	1	81.8182
Nr0b1	ENSMUSG00000025056	NR0B1	ENSMFAG00000032278	ortholog_one2one	1	66.7373
Nr0b2	ENSMUSG00000037583	NR0B2	ENSMFAG00000042880	ortholog_one2one	1	79.2308
Nr1d1	ENSMUSG00000020889	NR1D1	ENSMFAG00000038118	ortholog_one2one	1	94.3089
Nr1d2	ENSMUSG00000021775	NR1D2	ENSMFAG00000038893	ortholog_one2one	1	91.6667
Nr1h2	ENSMUSG00000060601	NR1H2	ENSMFAG00000000532	ortholog_one2one	1	89.842
Nr1h3	ENSMUSG00000002108	NR1H3	ENSMFAG00000002014	ortholog_one2one	1	84.2697
Nr1h4	ENSMUSG00000047638	NR1H4	ENSMFAG00000002236	ortholog_one2one	1	90.7025
Nr1i2	ENSMUSG00000022809	NR1I2	ENSMFAG00000041037	ortholog_one2one	1	76.3341
Nr1i3	ENSMUSG00000005677	NR1I3	ENSMFAG00000044667	ortholog_one2one	1	73.4177
Nr2c1	ENSMUSG00000005897	NR2C1	ENSMFAG00000035305	ortholog_one2one	1	89.8305
Nr2c2	ENSMUSG00000005893	NR2C2	ENSMFAG00000045119	ortholog_one2one	1	98.3222
Nr2c2ap	ENSMUSG00000071078	NR2C2AP	ENSMFAG00000042311	ortholog_one2one	1	80.7143
Nr2e1	ENSMUSG00000019803	NR2E1	ENSMFAG00000001910	ortholog_one2one	1	98.961
Nr2e3	ENSMUSG00000032292	NR2E3	ENSMFAG00000035959	ortholog_one2one	1	71.6456
Nr2f1	ENSMUSG00000069171	NR2F1	ENSMFAG00000042083	ortholog_one2one	1	70.2381
Nr3c1	ENSMUSG00000024431	NR3C1	ENSMFAG00000039004	ortholog_one2one	1	87.8788
Nr3c2	ENSMUSG00000031618	NR3C2	ENSMFAG00000033681	ortholog_one2one	1	91.1225
Nr4a1	ENSMUSG00000023034	NR4A1	ENSMFAG00000045297	ortholog_one2one	1	91.5141
Nr4a2	ENSMUSG00000026826	NR4A2	ENSMFAG00000036654	ortholog_one2one	1	99.3311
Nr4a3	ENSMUSG00000028341	NR4A3	ENSMFAG00000001918	ortholog_one2one	1	92.185
Nr5a1	ENSMUSG00000026751	NR5A1	ENSMFAG00000044244	ortholog_one2one	1	93.5065
Nr5a2	ENSMUSG00000026398	NR5A2	ENSMFAG00000036373	ortholog_one2one	1	91.3828
Nr6a1	ENSMUSG00000063972	NR6A1	ENSMFAG00000045408	ortholog_one2one	1	98.4018
Nrap	ENSMUSG00000049134	NRAP	ENSMFAG00000001231	ortholog_one2one	1	86.9213
Nras	ENSMUSG00000027852	NRAS	ENSMFAG00000036827	ortholog_one2one	1	83.5979
Nrbf2	ENSMUSG00000075000	NRBF2	ENSMFAG00000031882	ortholog_one2one	1	88.8502
Nrbp1	ENSMUSG00000029148	NRBP1	ENSMFAG00000031403	ortholog_one2one	1	98.3178
Nrbp2	ENSMUSG00000075590	NRBP2	ENSMFAG00000002873	ortholog_one2one	1	93.7876
Nrcam	ENSMUSG00000020598	NRCAM	ENSMFAG00000043417	ortholog_one2one	1	92.6236
Nrdc	ENSMUSG00000053510	NRDC	ENSMFAG00000036148	ortholog_one2one	1	90.9683
Nrf1	ENSMUSG00000058440	NRF1	ENSMFAG00000004077	ortholog_one2one	1	85.0187
Nrg1	ENSMUSG00000062991	NRG1	ENSMFAG00000002201	ortholog_one2one	1	66.0405
Nrg2	ENSMUSG00000060275	NRG2	ENSMFAG00000036960	ortholog_one2one	1	72.4728
Nrg3	ENSMUSG00000041014	NRG3	ENSMFAG00000039411	ortholog_one2one	1	92.8882
Nrgn	ENSMUSG00000053310	NRGN	ENSMFAG00000041687	ortholog_one2one	1	91.0256
Nrip1	ENSMUSG00000048490	NRIP1	ENSMFAG00000026185	ortholog_one2one	1	84.41
Nrip2	ENSMUSG00000001520	NRIP2	ENSMFAG00000031538	ortholog_one2one	1	72.0524
Nrip3	ENSMUSG00000034825	NRIP3	ENSMFAG00000003004	ortholog_one2one	1	93.75
Nrk	ENSMUSG00000052854	NRK	ENSMFAG00000037295	ortholog_one2one	1	69.5533
Nrl	ENSMUSG00000040632	NRL	ENSMFAG00000044677	ortholog_one2one	1	88.1857
Nrm	ENSMUSG00000059791	NRM	ENSMFAG00000061761	ortholog_one2one	1	94.6565
Nrn1	ENSMUSG00000039114	NRN1	ENSMFAG00000062211	ortholog_one2one	1	85.9155
Nrn1l	ENSMUSG00000044287	NRN1L	ENSMFAG00000049916	ortholog_one2one	1	78.3951
Nrp2	ENSMUSG00000025969	NRP2	ENSMFAG00000038385	ortholog_one2one	1	93.0886
Nrros	ENSMUSG00000052384	NRROS	ENSMFAG00000036922	ortholog_one2one	1	80.8081
Nrsn1	ENSMUSG00000048978	NRSN1	ENSMFAG00000036989	ortholog_one2one	1	91.8367
Nrsn2	ENSMUSG00000059361	NRSN2	ENSMFAG00000035222	ortholog_one2one	1	55.4455
Nrtn	ENSMUSG00000039481	NRTN	ENSMFAG00000038415	ortholog_one2one	1	77.9487
Nrxn2	ENSMUSG00000033768	NRXN2	ENSMFAG00000037048	ortholog_one2one	1	79.3306
Nsd1	ENSMUSG00000021488	NSD1	ENSMFAG00000032625	ortholog_one2one	1	83.5377
Nsd2	ENSMUSG00000057406	NSD2	ENSMFAG00000031384	ortholog_one2one	1	90.4832
Nsd3	ENSMUSG00000054823	NSD3	ENSMFAG00000034989	ortholog_one2one	1	91.148
Nsdhl	ENSMUSG00000031349	NSDHL	ENSMFAG00000008105	ortholog_one2one	1	85.3591
Nsf	ENSMUSG00000034187	NSF	ENSMFAG00000032937	ortholog_one2one	1	97.5806
Nsg1	ENSMUSG00000029126	NSG1	ENSMFAG00000043521	ortholog_one2one	1	98.3784
Nsmaf	ENSMUSG00000028245	NSMAF	ENSMFAG00000003576	ortholog_one2one	1	91.8478
Nsmce1	ENSMUSG00000030750	NSMCE1	ENSMFAG00000041758	ortholog_one2one	1	90.2256
Nsmce2	ENSMUSG00000059586	NSMCE2	ENSMFAG00000042438	ortholog_one2one	1	82.9959
Nsmce4a	ENSMUSG00000040331	NSMCE4A	ENSMFAG00000000251	ortholog_one2one	1	89.2388
Nsun2	ENSMUSG00000021595	NSUN2	ENSMFAG00000045240	ortholog_one2one	1	84.127
Nsun3	ENSMUSG00000050312	NSUN3	ENSMFAG00000037638	ortholog_one2one	1	72.1264
Nsun5	ENSMUSG00000000916	NSUN5	ENSMFAG00000037773	ortholog_one2one	1	81.8565
Nsun6	ENSMUSG00000026707	NSUN6	ENSMFAG00000045602	ortholog_one2one	1	80.2521
Nt5c	ENSMUSG00000020736	NT5C	ENSMFAG00000030011	ortholog_one2one	1	84
Nt5c1a	ENSMUSG00000054958	NT5C1A	ENSMFAG00000056414	ortholog_one2one	1	95.0685
Nt5c2	ENSMUSG00000025041	NT5C2	ENSMFAG00000035950	ortholog_one2one	1	99.4643
Nt5c3b	ENSMUSG00000017176	NT5C3B	ENSMFAG00000001374	ortholog_one2one	1	90
Nt5dc1	ENSMUSG00000039480	NT5DC1	ENSMFAG00000038038	ortholog_one2one	1	70.4497
Nt5dc2	ENSMUSG00000071547	NT5DC2	ENSMFAG00000004068	ortholog_one2one	1	95.4792
Nt5dc3	ENSMUSG00000054027	NT5DC3	ENSMFAG00000039210	ortholog_one2one	1	85.5311
Nt5e	ENSMUSG00000032420	NT5E	ENSMFAG00000033027	ortholog_one2one	1	85.5903
Ntan1	ENSMUSG00000022681	NTAN1	ENSMFAG00000036951	ortholog_one2one	1	93.5484
Ntaq1	ENSMUSG00000022359	NTAQ1	ENSMFAG00000045125	ortholog_one2one	1	82.2967
Ntf3	ENSMUSG00000049107	NTF3	ENSMFAG00000029473	ortholog_one2one	1	95.941
Nthl1	ENSMUSG00000041429	NTHL1	ENSMFAG00000032174	ortholog_one2one	1	80.3333
Ntm	ENSMUSG00000059974	NTM	ENSMFAG00000044135	ortholog_one2one	1	98.2558
Ntmt1	ENSMUSG00000026857	NTMT1	ENSMFAG00000058034	ortholog_one2one	1	94.1704
Ntmt2	ENSMUSG00000040113	NTMT2	ENSMFAG00000038829	ortholog_one2one	1	94.3463
Ntn1	ENSMUSG00000020902	NTN1	ENSMFAG00000037787	ortholog_one2one	1	98.1788
Ntn4	ENSMUSG00000020019	NTN4	ENSMFAG00000040537	ortholog_one2one	1	90.6051
Ntng1	ENSMUSG00000059857	NTNG1	ENSMFAG00000036547	ortholog_one2one	1	91.7808
Ntng2	ENSMUSG00000035513	NTNG2	ENSMFAG00000045866	ortholog_one2one	1	93.5849
Ntpcr	ENSMUSG00000031851	NTPCR	ENSMFAG00000037305	ortholog_one2one	1	72.6316
Ntrk1	ENSMUSG00000028072	NTRK1	ENSMFAG00000030600	ortholog_one2one	1	79.7247
Ntrk2	ENSMUSG00000055254	NTRK2	ENSMFAG00000045094	ortholog_one2one	1	94.1535
Nts	ENSMUSG00000019890	NTS	ENSMFAG00000024858	ortholog_one2one	1	81.6568
Ntsr2	ENSMUSG00000020591	NTSR2	ENSMFAG00000043071	ortholog_one2one	1	72.8365
Nuak1	ENSMUSG00000020032	NUAK1	ENSMFAG00000000816	ortholog_one2one	1	89.3617
Nuak2	ENSMUSG00000009772	NUAK2	ENSMFAG00000038432	ortholog_one2one	1	79.8732
Nub1	ENSMUSG00000028954	NUB1	ENSMFAG00000033644	ortholog_one2one	1	87.6221
Nubp1	ENSMUSG00000022503	NUBP1	ENSMFAG00000000452	ortholog_one2one	1	88.75
Nubp2	ENSMUSG00000039183	NUBP2	ENSMFAG00000037059	ortholog_one2one	1	81.8182
Nubpl	ENSMUSG00000035142	NUBPL	ENSMFAG00000038751	ortholog_one2one	1	88.4013
Nucb1	ENSMUSG00000030824	NUCB1	ENSMFAG00000003135	ortholog_one2one	1	64.3357
Nudc	ENSMUSG00000028851	NUDC	ENSMFAG00000035581	ortholog_one2one	1	86.1446
Nudcd1	ENSMUSG00000038736	NUDCD1	ENSMFAG00000043118	ortholog_one2one	1	90.3614
Nudcd2	ENSMUSG00000020328	NUDCD2	ENSMFAG00000052748	ortholog_one2one	1	99.3631
Nudcd3	ENSMUSG00000053838	NUDCD3	ENSMFAG00000037323	ortholog_one2one	1	87.0523
Nudt1	ENSMUSG00000036639	NUDT1	ENSMFAG00000039575	ortholog_one2one	1	83.3333
Nudt15	ENSMUSG00000033405	NUDT15	ENSMFAG00000042118	ortholog_one2one	1	85.8824
Nudt16l1	ENSMUSG00000022516	NUDT16L1	ENSMFAG00000037944	ortholog_one2one	1	96.2085
Nudt17	ENSMUSG00000028100	NUDT17	ENSMFAG00000042456	ortholog_one2one	1	73.3108
Nudt2	ENSMUSG00000028443	NUDT2	ENSMFAG00000037340	ortholog_one2one	1	90.4762
Nudt21	ENSMUSG00000031754	NUDT21	ENSMFAG00000048376	ortholog_one2one	1	99.5595
Nudt22	ENSMUSG00000037349	NUDT22	ENSMFAG00000000939	ortholog_one2one	1	80.5195
Nudt3	ENSMUSG00000024213	NUDT3	ENSMFAG00000042647	ortholog_one2one	1	97.619
Nudt5	ENSMUSG00000025817	NUDT5	ENSMFAG00000045740	ortholog_one2one	1	81.1927
Nudt6	ENSMUSG00000050174	NUDT6	ENSMFAG00000044387	ortholog_one2one	1	73.4824
Nudt7	ENSMUSG00000031767	NUDT7	ENSMFAG00000000905	ortholog_one2one	1	64.4068
Nudt9	ENSMUSG00000029310	NUDT9	ENSMFAG00000002084	ortholog_one2one	1	90.2857
Nuf2	ENSMUSG00000026683	NUF2	ENSMFAG00000012290	ortholog_one2one	1	73.2181
Nufip1	ENSMUSG00000022009	NUFIP1	ENSMFAG00000033059	ortholog_one2one	1	73.3471
Nufip2	ENSMUSG00000037857	NUFIP2	ENSMFAG00000040845	ortholog_one2one	1	93.4971
Numa1	ENSMUSG00000066306	NUMA1	ENSMFAG00000042621	ortholog_one2one	1	82.617
Numb	ENSMUSG00000021224	NUMB	ENSMFAG00000046300	ortholog_one2one	1	93.7605
Numbl	ENSMUSG00000063160	NUMBL	ENSMFAG00000024673	ortholog_one2one	1	85.596
Nup107	ENSMUSG00000052798	NUP107	ENSMFAG00000032446	ortholog_one2one	1	90.6048
Nup133	ENSMUSG00000039509	NUP133	ENSMFAG00000044341	ortholog_one2one	1	78.6147
Nup153	ENSMUSG00000021374	NUP153	ENSMFAG00000045732	ortholog_one2one	1	82.0793
Nup155	ENSMUSG00000022142	NUP155	ENSMFAG00000040363	ortholog_one2one	1	92.3796
Nup160	ENSMUSG00000051329	NUP160	ENSMFAG00000032004	ortholog_one2one	1	93.1009
Nup205	ENSMUSG00000038759	NUP205	ENSMFAG00000037733	ortholog_one2one	1	93.3267
Nup210l	ENSMUSG00000027939	NUP210L	ENSMFAG00000036694	ortholog_one2one	1	77.6714
Nup214	ENSMUSG00000001855	NUP214	ENSMFAG00000042823	ortholog_one2one	1	77.6978
Nup35	ENSMUSG00000026999	NUP35	ENSMFAG00000000834	ortholog_one2one	1	92
Nup37	ENSMUSG00000035351	NUP37	ENSMFAG00000000710	ortholog_one2one	1	91.1043
Nup50	ENSMUSG00000016619	NUP50	ENSMFAG00000035770	ortholog_one2many	1	75.3219
Nup54	ENSMUSG00000034826	NUP54	ENSMFAG00000031205	ortholog_one2one	1	95.6863
Nup62	ENSMUSG00000109511	NUP62	ENSMFAG00000060788	ortholog_one2one	1	78.5171
Nup85	ENSMUSG00000020739	NUP85	ENSMFAG00000041786	ortholog_one2one	1	87.5
Nup93	ENSMUSG00000032939	NUP93	ENSMFAG00000042559	ortholog_one2one	1	93.895
Nup98	ENSMUSG00000063550	NUP98	ENSMFAG00000045069	ortholog_one2one	1	91.5198
Nus1	ENSMUSG00000023068	NUS1	ENSMFAG00000051605	ortholog_one2one	1	88.5522
Nusap1	ENSMUSG00000027306	NUSAP1	ENSMFAG00000039976	ortholog_one2one	1	59.0164
Nutf2	ENSMUSG00000008450	NUTF2	ENSMFAG00000047434	ortholog_many2many	1	100
Nutm1	ENSMUSG00000041358	NUTM1	ENSMFAG00000040518	ortholog_one2one	1	66.1634
Nwd1	ENSMUSG00000048148	NWD1	ENSMFAG00000003774	ortholog_one2one	1	76.1356
Nwd2	ENSMUSG00000090061	NWD2	ENSMFAG00000003920	ortholog_one2one	1	94.6039
Nxf1	ENSMUSG00000010097	NXF1	ENSMFAG00000045399	ortholog_one2one	1	91.2621
Nxn	ENSMUSG00000020844	NXN	ENSMFAG00000041118	ortholog_one2one	1	97.4713
Nxpe2	ENSMUSG00000032028	NXPE2	ENSMFAG00000038999	ortholog_one2one	1	68.2796
Nxpe4	ENSMUSG00000044229	NXPE4	ENSMFAG00000026064	ortholog_one2one	1	73.1123
Nxph1	ENSMUSG00000046178	NXPH1	ENSMFAG00000032515	ortholog_one2one	1	99.631
Nxph3	ENSMUSG00000046719	NXPH3	ENSMFAG00000041457	ortholog_one2one	1	90.873
Nxt1	ENSMUSG00000036992	NXT1	ENSMFAG00000065310	ortholog_one2one	1	98.5714
Nxt2	ENSMUSG00000042271	NXT2	ENSMFAG00000004105	ortholog_one2one	1	70.202
Nyap1	ENSMUSG00000045348	NYAP1	ENSMFAG00000039580	ortholog_one2one	1	61.5846
Nynrin	ENSMUSG00000075592	NYNRIN	ENSMFAG00000042133	ortholog_one2one	1	78.0978
Oaf	ENSMUSG00000032014	OAF	ENSMFAG00000032739	ortholog_one2one	1	82.9787
Oard1	ENSMUSG00000040771	OARD1	ENSMFAG00000039928	ortholog_one2one	1	95.3947
Oas1a	ENSMUSG00000052776	OAS1	ENSMFAG00000015570	ortholog_one2many	1	69.2098
Oas1g	ENSMUSG00000066861	OAS1	ENSMFAG00000015570	ortholog_one2many	1	69.2098
Oas2	ENSMUSG00000032690	OAS2	ENSMFAG00000000924	ortholog_one2one	1	56.3342
Oas3	ENSMUSG00000032661	OAS3	ENSMFAG00000039534	ortholog_one2one	1	66.8717
Oaz1	ENSMUSG00000035242	OAZ1	ENSMFAG00000006874	ortholog_one2one	1	61.674
Oaz2	ENSMUSG00000040652	OAZ2	ENSMFAG00000000861	ortholog_one2one	1	84.127
Oaz3	ENSMUSG00000028141	OAZ3	ENSMFAG00000000682	ortholog_one2one	1	84.3621
Obi1	ENSMUSG00000022120	OBI1	ENSMFAG00000034310	ortholog_one2one	1	81.3019
Oc90	ENSMUSG00000015001	OC90	ENSMFAG00000037084	ortholog_one2one	1	67.8351
Oca2	ENSMUSG00000030450	OCA2	ENSMFAG00000030481	ortholog_one2one	1	75.8703
Ocel1	ENSMUSG00000002396	OCEL1	ENSMFAG00000044199	ortholog_one2one	1	56.1644
Ociad2	ENSMUSG00000029153	OCIAD2	ENSMFAG00000000259	ortholog_one2one	1	85.7143
Ocln	ENSMUSG00000021638	OCLN	ENSMFAG00000034647	ortholog_one2one	1	89.6353
Odad2	ENSMUSG00000061802	ODAD2	ENSMFAG00000038877	ortholog_one2one	1	85.1495
Odad3	ENSMUSG00000039632	ODAD3	ENSMFAG00000039037	ortholog_one2one	1	67.285
Odad4	ENSMUSG00000006784	ODAD4	ENSMFAG00000003792	ortholog_one2one	1	81.0897
Odam	ENSMUSG00000009580	ODAM	ENSMFAG00000044753	ortholog_one2one	1	67.3993
Odf1	ENSMUSG00000061923	ODF1	ENSMFAG00000033541	ortholog_one2one	1	93.1452
Odf2	ENSMUSG00000026790	ODF2	ENSMFAG00000001606	ortholog_one2one	1	96.4724
Odr4	ENSMUSG00000006010	ODR4	ENSMFAG00000033358	ortholog_one2one	1	85.6823
Ofd1	ENSMUSG00000040586	OFD1	ENSMFAG00000042608	ortholog_one2many	1	67.4533
Oga	ENSMUSG00000025220	OGA	ENSMFAG00000032188	ortholog_one2one	1	97.1616
Ogdh	ENSMUSG00000020456	OGDH	ENSMFAG00000042097	ortholog_one2one	1	95.8944
Ogdhl	ENSMUSG00000021913	OGDHL	ENSMFAG00000031768	ortholog_one2one	1	93.0693
Ogfod1	ENSMUSG00000033009	OGFOD1	ENSMFAG00000013084	ortholog_one2one	1	81.4679
Ogfod2	ENSMUSG00000023707	OGFOD2	ENSMFAG00000030315	ortholog_one2one	1	85.3868
Ogfod3	ENSMUSG00000025169	OGFOD3	ENSMFAG00000040871	ortholog_one2one	1	86.0317
Ogfrl1	ENSMUSG00000026158	OGFRL1	ENSMFAG00000031290	ortholog_one2one	1	67.2414
Ogg1	ENSMUSG00000030271	OGG1	ENSMFAG00000041077	ortholog_one2one	1	79.4203
Ogn	ENSMUSG00000021390	OGN	ENSMFAG00000042592	ortholog_one2one	1	84.2282
Ogt	ENSMUSG00000034160	OGT	ENSMFAG00000001803	ortholog_one2one	1	99.7132
Oip5	ENSMUSG00000072980	OIP5	ENSMFAG00000041896	ortholog_one2one	1	62.2407
Oit3	ENSMUSG00000009654	OIT3	ENSMFAG00000032910	ortholog_one2one	1	89.7436
Ola1	ENSMUSG00000027108	OLA1	ENSMFAG00000044124	ortholog_one2one	1	99.2424
Olah	ENSMUSG00000026645	OLAH	ENSMFAG00000058997	ortholog_one2many	1	58.8679
Olfm1	ENSMUSG00000026833	OLFM1	ENSMFAG00000000981	ortholog_one2one	1	98.1443
Olfm3	ENSMUSG00000027965	OLFM3	ENSMFAG00000032568	ortholog_one2one	1	95.6332
Olfm4	ENSMUSG00000022026	OLFM4	ENSMFAG00000045777	ortholog_one2one	1	70.297
Olfml2a	ENSMUSG00000046618	OLFML2A	ENSMFAG00000002383	ortholog_one2one	1	80.1762
Olfml2b	ENSMUSG00000038463	OLFML2B	ENSMFAG00000040313	ortholog_one2one	1	84.1823
Olfml3	ENSMUSG00000027848	OLFML3	ENSMFAG00000041763	ortholog_one2one	1	94.0887
Olig2	ENSMUSG00000039830	OLIG2	ENSMFAG00000048902	ortholog_one2one	1	86.3777
Olig3	ENSMUSG00000045591	OLIG3	ENSMFAG00000027435	ortholog_one2one	1	98.5348
Omd	ENSMUSG00000048368	OMD	ENSMFAG00000042588	ortholog_one2one	1	78.0142
Omp	ENSMUSG00000074006	OMP	ENSMFAG00000049511	ortholog_one2one	1	89.5705
Onecut1	ENSMUSG00000043013	ONECUT1	ENSMFAG00000005880	ortholog_one2one	1	98.9247
Onecut2	ENSMUSG00000045991	ONECUT2	ENSMFAG00000032509	ortholog_one2one	1	97.4257
Opa1	ENSMUSG00000038084	OPA1	ENSMFAG00000038307	ortholog_one2one	1	95.625
Opa3	ENSMUSG00000052214	OPA3	ENSMFAG00000045575	ortholog_one2one	1	68.7151
Opalin	ENSMUSG00000050121	OPALIN	ENSMFAG00000043114	ortholog_one2one	1	75.5245
Opcml	ENSMUSG00000062257	OPCML	ENSMFAG00000037095	ortholog_one2one	1	98.8406
Ophn1	ENSMUSG00000031214	OPHN1	ENSMFAG00000041327	ortholog_one2one	1	91.6459
Opn1mw	ENSMUSG00000031394	OPN1LW	ENSMFAG00000043960	ortholog_one2one	1	88.5794
Opn1sw	ENSMUSG00000058831	OPN1SW	ENSMFAG00000036697	ortholog_one2one	1	85.2601
Opn3	ENSMUSG00000026525	OPN3	ENSMFAG00000042077	ortholog_one2one	1	83.25
Opn4	ENSMUSG00000021799	OPN4	ENSMFAG00000045517	ortholog_one2one	1	70.8253
Opn5	ENSMUSG00000043972	OPN5	ENSMFAG00000000172	ortholog_one2one	1	92.3077
Oprd1	ENSMUSG00000050511	OPRD1	ENSMFAG00000034678	ortholog_one2one	1	71.5054
Oprk1	ENSMUSG00000025905	OPRK1	ENSMFAG00000041857	ortholog_one2one	1	73.4211
Oprl1	ENSMUSG00000027584	OPRL1	ENSMFAG00000001971	ortholog_one2one	1	95.9128
Oprm1	ENSMUSG00000000766	OPRM1	ENSMFAG00000002542	ortholog_one2one	1	92.0513
Optn	ENSMUSG00000026672	OPTN	ENSMFAG00000045578	ortholog_one2one	1	78.7671
Or10a3	ENSMUSG00000046431	OR10A6	ENSMFAG00000055744	ortholog_one2many	1	73.5736
Or10a3b	ENSMUSG00000062434	OR10A6	ENSMFAG00000055744	ortholog_one2many	1	78.3439
Or10a3n	ENSMUSG00000066239	OR10A6	ENSMFAG00000055744	ortholog_one2many	1	75.1592
Or10a4	ENSMUSG00000073897	OR10A4	ENSMFAG00000045005	ortholog_one2one	1	87.619
Or10a48	ENSMUSG00000066241	OR10A6	ENSMFAG00000055744	ortholog_one2many	1	75.8064
Or10a49	ENSMUSG00000066240	OR10A6	ENSMFAG00000055744	ortholog_one2many	1	78.9809
Or10d3	ENSMUSG00000050853	OR10D3	ENSMFAG00000025203	ortholog_one2one	1	87.1795
Or10g1	ENSMUSG00000063106	OR10G2	ENSMFAG00000026518	ortholog_one2many	1	91.5094
Or10g1b	ENSMUSG00000063867	OR10G2	ENSMFAG00000026518	ortholog_one2many	1	90.566
Or10g7	ENSMUSG00000044292	OR10G7	ENSMFAG00000054147	ortholog_many2many	1	87.4598
Or10g9	ENSMUSG00000059473	OR10G8	ENSMFAG00000052457	ortholog_many2many	1	82.6367
Or10g9b	ENSMUSG00000060254	OR10G8	ENSMFAG00000052457	ortholog_many2many	1	81.9355
Or10w1	ENSMUSG00000061387	OR10W1	ENSMFAG00000054068	ortholog_one2many	1	78.5047
Or10z1	ENSMUSG00000050788	OR10Z1	ENSMFAG00000052036	ortholog_one2one	1	86.901
Or11a4	ENSMUSG00000064121	OR11A1	ENSMFAG00000058692	ortholog_one2one	1	76.0383
Or11h7	ENSMUSG00000058188	OR11H7	ENSMFAG00000059181	ortholog_one2many	1	81.2102
Or12d17	ENSMUSG00000029184	OR12D3	ENSMFAG00000009074	ortholog_one2one	1	80.2548
Or13c3	ENSMUSG00000049648	OR13C3	ENSMFAG00000052214	ortholog_one2one	1	86.7508
Or13f5	ENSMUSG00000089717	OR13F1	ENSMFAG00000055974	ortholog_one2one	1	80.5643
Or13j1	ENSMUSG00000046450	OR13J1	ENSMFAG00000058117	ortholog_one2one	1	86.2179
Or1b1	ENSMUSG00000075377	OR1B1	ENSMFAG00000049737	ortholog_one2one	1	84.5426
Or1i2	ENSMUSG00000071185	OR1I1	ENSMFAG00000049100	ortholog_one2one	1	78.5942
Or1j1	ENSMUSG00000075384	OR1J1	ENSMFAG00000043292	ortholog_one2one	1	75.3994
Or1j4	ENSMUSG00000050015	OR1J4	ENSMFAG00000043044	ortholog_one2one	1	68.2692
Or1q1	ENSMUSG00000055838	OR1Q1	ENSMFAG00000058086	ortholog_one2one	1	81.4935
Or2a12	ENSMUSG00000073111	OR2A12	ENSMFAG00000060754	ortholog_one2one	1	84.0909
Or2a25	ENSMUSG00000045708	OR2A25	ENSMFAG00000060020	ortholog_one2one	1	81.9355
Or2ag1	ENSMUSG00000109058	OR2AG2	ENSMFAG00000056698	ortholog_one2many	1	78.7975
Or2ag12	ENSMUSG00000051680	OR2AG2	ENSMFAG00000056698	ortholog_one2many	1	73.4177
Or2ag13	ENSMUSG00000108948	OR2AG2	ENSMFAG00000056698	ortholog_one2many	1	75.873
Or2ag15	ENSMUSG00000051591	OR2AG2	ENSMFAG00000056698	ortholog_one2many	1	72.8707
Or2ag16	ENSMUSG00000059087	OR2AG2	ENSMFAG00000056698	ortholog_one2many	1	77.1704
Or2ag17	ENSMUSG00000096714	OR2AG2	ENSMFAG00000056698	ortholog_one2many	1	71.8354
Or2ag18	ENSMUSG00000094493	OR2AG2	ENSMFAG00000056698	ortholog_one2many	1	76.8987
Or2ag1b	ENSMUSG00000064223	OR2AG2	ENSMFAG00000056698	ortholog_one2many	1	77.7778
Or2ag2	ENSMUSG00000109354	OR2AG2	ENSMFAG00000056698	ortholog_one2many	1	81.3291
Or2at4	ENSMUSG00000073998	OR2AT4	ENSMFAG00000015937	ortholog_one2one	1	84.1772
Or2d2	ENSMUSG00000060503	OR2D2	ENSMFAG00000045007	ortholog_one2many	1	75.2381
Or2d2b	ENSMUSG00000062987	OR2D2	ENSMFAG00000045007	ortholog_one2many	1	74.6032
Or2d36	ENSMUSG00000073896	OR2D3	ENSMFAG00000052806	ortholog_one2one	1	78.6624
Or2f1	ENSMUSG00000095831	OR2F1	ENSMFAG00000057425	ortholog_one2many	1	83.9117
Or2f1b	ENSMUSG00000095236	OR2F1	ENSMFAG00000057425	ortholog_one2many	1	84.5426
Or2f2	ENSMUSG00000094192	OR2F1	ENSMFAG00000057425	ortholog_one2many	1	82.9653
Or2h1	ENSMUSG00000095377	OR2H2	ENSMFAG00000033095	ortholog_one2many	1	82.6923
Or2h1b	ENSMUSG00000091601	OR2H2	ENSMFAG00000033095	ortholog_one2many	1	82.3718
Or2h2	ENSMUSG00000056600	OR2H2	ENSMFAG00000033095	ortholog_one2many	1	90
Or2h2b	ENSMUSG00000090556	OR2H2	ENSMFAG00000033095	ortholog_one2many	1	82.3718
Or2h2c	ENSMUSG00000096477	OR2H2	ENSMFAG00000033095	ortholog_one2many	1	81.7308
Or2i1	ENSMUSG00000043827	OR2I1P	ENSMFAG00000063052	ortholog_one2one	1	81.9936
Or2k2	ENSMUSG00000043385	OR2K2	ENSMFAG00000014044	ortholog_one2one	1	86.901
Or2w3b	ENSMUSG00000060030	OR2W3	ENSMFAG00000020196	ortholog_one2many	1	80.4281
Or3a1b	ENSMUSG00000070380	OR3A1	ENSMFAG00000030570	ortholog_one2many	1	82.5397
Or3a1c	ENSMUSG00000070379	OR3A1	ENSMFAG00000030570	ortholog_one2many	1	84.127
Or4a15	ENSMUSG00000075090	OR4A15	ENSMFAG00000001406	ortholog_one2one	1	85.0318
Or4b12	ENSMUSG00000075062	OR4B1	ENSMFAG00000059771	ortholog_one2many	1	78.6885
Or4b13	ENSMUSG00000075063	OR4B1	ENSMFAG00000059771	ortholog_one2many	1	78.6885
Or4b1b	ENSMUSG00000075061	OR4B1	ENSMFAG00000059771	ortholog_one2many	1	79.8701
Or4b1c	ENSMUSG00000080809	OR4B1	ENSMFAG00000059771	ortholog_one2many	1	81.4332
Or4d1	ENSMUSG00000060787	OR4D1	ENSMFAG00000027046	ortholog_one2one	1	84.345
Or4d10	ENSMUSG00000067526	OR4D10	ENSMFAG00000065270	ortholog_one2many	1	86.8167
Or4d10b	ENSMUSG00000067528	OR4D10	ENSMFAG00000065270	ortholog_one2many	1	84.6645
Or4d10c	ENSMUSG00000044994	OR4D10	ENSMFAG00000065270	ortholog_one2many	1	85.209
Or4d11	ENSMUSG00000067529	OR4D11	ENSMFAG00000063468	ortholog_one2one	1	88.0645
Or4d2	ENSMUSG00000093920	OR4D2	ENSMFAG00000052698	ortholog_one2many	1	81.672
Or4d2b	ENSMUSG00000093839	OR4D2	ENSMFAG00000052698	ortholog_one2many	1	81.9936
Or4d6	ENSMUSG00000067524	OR4D6	ENSMFAG00000048685	ortholog_one2one	1	87.2611
Or4e1	ENSMUSG00000057564	OR4E1	ENSMFAG00000028794	ortholog_one2many	1	88.3871
Or4e2	ENSMUSG00000035626	OR4E2	ENSMFAG00000022387	ortholog_one2one	1	86.6883
Or4e5	ENSMUSG00000059887	OR4E1	ENSMFAG00000028794	ortholog_one2many	1	80.8307
Or4f15	ENSMUSG00000109528	OR4F15	ENSMFAG00000050806	ortholog_one2one	1	84.2949
Or4k1	ENSMUSG00000050030	OR4K1	ENSMFAG00000062818	ortholog_one2one	1	86.4952
Or4k2	ENSMUSG00000109835	OR4K2	ENSMFAG00000015734	ortholog_one2one	1	83.5962
Or4k5	ENSMUSG00000049011	OR4K5	ENSMFAG00000051665	ortholog_one2one	1	81.4241
Or4q3	ENSMUSG00000046210	OR4Q3	ENSMFAG00000017541	ortholog_one2one	1	70.904
Or51d1	ENSMUSG00000073967	OR51D1	ENSMFAG00000036158	ortholog_one2one	1	88.1988
Or51e1	ENSMUSG00000070423	OR51E1	ENSMFAG00000060276	ortholog_one2one	1	93.0599
Or51e2	ENSMUSG00000043366	OR51E2	ENSMFAG00000014303	ortholog_one2one	1	92.1875
Or51f1	ENSMUSG00000060888	OR51F1	ENSMFAG00000055623	ortholog_one2many	1	78.3699
Or51f2	ENSMUSG00000073965	OR51F2	ENSMFAG00000029884	ortholog_one2one	1	85.3035
Or51f23b	ENSMUSG00000110008	OR51C1P	ENSMFAG00000062036	ortholog_one2one	1	83.9744
Or51g2	ENSMUSG00000043354	OR51G2	ENSMFAG00000053260	ortholog_one2one	1	90.3846
Or51i2	ENSMUSG00000073932	OR51I2	ENSMFAG00000029933	ortholog_one2one	1	87.5
Or51m1	ENSMUSG00000042219	OR51M1	ENSMFAG00000041329	ortholog_one2one	1	84.953
Or51s1	ENSMUSG00000043310	OR51S1	ENSMFAG00000058653	ortholog_one2one	1	80.4348
Or51t4	ENSMUSG00000045824	OR51T1	ENSMFAG00000042787	ortholog_one2one	1	73.6994
Or51v14	ENSMUSG00000045132	OR51V1	ENSMFAG00000029284	ortholog_one2many	1	71.5655
Or51v8	ENSMUSG00000045780	OR51V1	ENSMFAG00000029284	ortholog_one2many	1	73.7013
Or52a5	ENSMUSG00000061626	OR52A5	ENSMFAG00000030182	ortholog_one2many	1	82.2222
Or52a5b	ENSMUSG00000058662	OR52A5	ENSMFAG00000030182	ortholog_one2many	1	81.6456
Or52b6	ENSMUSG00000081859	OR52B6	ENSMFAG00000050893	ortholog_one2one	1	80.6748
Or52k2	ENSMUSG00000073973	OR52K1	ENSMFAG00000055260	ortholog_one2many	1	81.7035
Or52k2	ENSMUSG00000073973	OR52K2	ENSMFAG00000042711	ortholog_one2many	1	81.0726
Or52m1	ENSMUSG00000073971	OR52M1	ENSMFAG00000057619	ortholog_one2one	1	90.5363
Or5an10	ENSMUSG00000067513	OR5AN1	ENSMFAG00000035196	ortholog_one2many	1	77.1429
Or5an1b	ENSMUSG00000096436	OR5AN1	ENSMFAG00000035196	ortholog_one2many	1	78.8462
Or5an1c	ENSMUSG00000067519	OR5AN1	ENSMFAG00000035196	ortholog_one2many	1	79.8077
Or5au1	ENSMUSG00000044286	OR5AU1	ENSMFAG00000040284	ortholog_one2one	1	84.8875
Or5b21	ENSMUSG00000046272	OR5B21	ENSMFAG00000029977	ortholog_one2one	1	85.5799
Or5b99	ENSMUSG00000046913	OR5B2	ENSMFAG00000002156	ortholog_one2one	1	72.5806
Or5bs2	ENSMUSG00000108728	OR5BS1P	ENSMFAG00000060517	ortholog_one2one	1	76.2987
Or5d14	ENSMUSG00000075139	OR5D14	ENSMFAG00000048347	ortholog_one2many	1	81.8471
Or5d36	ENSMUSG00000075137	OR5D14	ENSMFAG00000048347	ortholog_one2many	1	77.5316
Or5h18	ENSMUSG00000047960	OR5H14	ENSMFAG00000053144	ortholog_many2many	1	73.7864
Or5h18	ENSMUSG00000047960	OR5H2	ENSMFAG00000007212	ortholog_many2many	1	76.3754
Or5h18	ENSMUSG00000047960	OR5H6	ENSMFAG00000053901	ortholog_many2many	1	73.1392
Or5h18	ENSMUSG00000047960	OR5H8	ENSMFAG00000060508	ortholog_many2many	1	72.8155
Or5h19	ENSMUSG00000043357	OR5H14	ENSMFAG00000053144	ortholog_many2many	1	75.3247
Or5h19	ENSMUSG00000043357	OR5H2	ENSMFAG00000007212	ortholog_many2many	1	75.974
Or5h19	ENSMUSG00000043357	OR5H6	ENSMFAG00000053901	ortholog_many2many	1	74.6753
Or5h19	ENSMUSG00000043357	OR5H8	ENSMFAG00000060508	ortholog_many2many	1	74.3506
Or5h22	ENSMUSG00000064006	OR5H14	ENSMFAG00000053144	ortholog_many2many	1	68.7296
Or5h22	ENSMUSG00000064006	OR5H2	ENSMFAG00000007212	ortholog_many2many	1	68.0782
Or5h22	ENSMUSG00000064006	OR5H6	ENSMFAG00000053901	ortholog_many2many	1	68.4039
Or5h22	ENSMUSG00000064006	OR5H8	ENSMFAG00000060508	ortholog_many2many	1	67.101
Or5h23	ENSMUSG00000094539	OR5H14	ENSMFAG00000053144	ortholog_many2many	1	73.4628
Or5h23	ENSMUSG00000094539	OR5H2	ENSMFAG00000007212	ortholog_many2many	1	73.4628
Or5h23	ENSMUSG00000094539	OR5H6	ENSMFAG00000053901	ortholog_many2many	1	73.4628
Or5h23	ENSMUSG00000094539	OR5H8	ENSMFAG00000060508	ortholog_many2many	1	73.4628
Or5h25	ENSMUSG00000060057	OR5H14	ENSMFAG00000053144	ortholog_many2many	1	73.4628
Or5h25	ENSMUSG00000060057	OR5H2	ENSMFAG00000007212	ortholog_many2many	1	74.7573
Or5h25	ENSMUSG00000060057	OR5H6	ENSMFAG00000053901	ortholog_many2many	1	74.4337
Or5h25	ENSMUSG00000060057	OR5H8	ENSMFAG00000060508	ortholog_many2many	1	73.7864
Or5h26	ENSMUSG00000096695	OR5H14	ENSMFAG00000053144	ortholog_many2many	1	75.7282
Or5h26	ENSMUSG00000096695	OR5H2	ENSMFAG00000007212	ortholog_many2many	1	75.4045
Or5h26	ENSMUSG00000096695	OR5H6	ENSMFAG00000053901	ortholog_many2many	1	76.3754
Or5h26	ENSMUSG00000096695	OR5H8	ENSMFAG00000060508	ortholog_many2many	1	76.3754
Or5m3	ENSMUSG00000042796	OR5M3	ENSMFAG00000063362	ortholog_one2many	1	90.6452
Or5m3b	ENSMUSG00000045392	OR5M3	ENSMFAG00000063362	ortholog_one2many	1	88.0645
Or5m9	ENSMUSG00000102091	OR5M9	ENSMFAG00000065412	ortholog_one2many	1	89.6774
Or5m9b	ENSMUSG00000099820	OR5M9	ENSMFAG00000065412	ortholog_one2many	1	88.3871
Or5v1	ENSMUSG00000090894	OR5V1	ENSMFAG00000064385	ortholog_one2many	1	80.7571
Or5v1b	ENSMUSG00000090675	OR5V1	ENSMFAG00000064385	ortholog_one2many	1	80.7571
Or5w11	ENSMUSG00000068819	OR5W2	ENSMFAG00000061494	ortholog_one2many	1	79.9353
Or5w18	ENSMUSG00000068815	OR5W2	ENSMFAG00000061494	ortholog_one2many	1	77.0968
Or5w22	ENSMUSG00000061520	OR5W2	ENSMFAG00000061494	ortholog_one2many	1	79.4788
Or5w8	ENSMUSG00000047039	OR5W2	ENSMFAG00000061494	ortholog_one2many	1	81.1688
Or6b1	ENSMUSG00000049168	OR6B1	ENSMFAG00000007946	ortholog_one2one	1	92.6045
Or6b2	ENSMUSG00000067064	OR6B3	ENSMFAG00000054218	ortholog_one2many	1	86.2179
Or6b2b	ENSMUSG00000057464	OR6B3	ENSMFAG00000054218	ortholog_one2many	1	86.1736
Or6b3	ENSMUSG00000042849	OR6B3	ENSMFAG00000054218	ortholog_one2many	1	89.4231
Or6k6	ENSMUSG00000046486	OR6K6	ENSMFAG00000050577	ortholog_one2one	1	84.0391
Or6n1	ENSMUSG00000049528	OR6N1	ENSMFAG00000064922	ortholog_one2one	1	88.4615
Or6n2	ENSMUSG00000050134	OR6N2	ENSMFAG00000064046	ortholog_one2one	1	86.7508
Or6x1	ENSMUSG00000051095	OR6X1	ENSMFAG00000065461	ortholog_one2one	1	86.5385
Or8a1	ENSMUSG00000110526	OR8A1	ENSMFAG00000019193	ortholog_one2many	1	71.8447
Or8a1b	ENSMUSG00000061165	OR8A1	ENSMFAG00000019193	ortholog_one2many	1	87.055
Or8b12	ENSMUSG00000063350	OR8B12	ENSMFAG00000062748	ortholog_one2many	1	85.4839
Or8b12b	ENSMUSG00000058628	OR8B12	ENSMFAG00000062748	ortholog_one2many	1	83.5484
Or8b12c	ENSMUSG00000066750	OR8B12	ENSMFAG00000062748	ortholog_one2many	1	82.9032
Or8b4	ENSMUSG00000066747	OR8B4	ENSMFAG00000054594	ortholog_one2one	1	84.7896
Or8b8	ENSMUSG00000066748	OR8B8	ENSMFAG00000058709	ortholog_one2one	1	88.0645
Or8d1	ENSMUSG00000047667	OR8D1	ENSMFAG00000037205	ortholog_one2many	1	84.0909
Or8d1b	ENSMUSG00000058515	OR8D1	ENSMFAG00000037205	ortholog_one2many	1	84.4156
Or8d23	ENSMUSG00000063221	OR8D1	ENSMFAG00000037205	ortholog_one2many	1	78.2467
Or8d4	ENSMUSG00000049073	OR8D4	ENSMFAG00000007207	ortholog_one2one	1	82.9582
Or8g17	ENSMUSG00000058820	OR8G5	ENSMFAG00000055358	ortholog_one2many	1	75.1634
Or8g18	ENSMUSG00000096109	OR8G5	ENSMFAG00000055358	ortholog_one2many	1	69.4534
Or8g20	ENSMUSG00000062649	OR8G5	ENSMFAG00000055358	ortholog_one2many	1	75.4777
Or8g21	ENSMUSG00000059595	OR8G5	ENSMFAG00000055358	ortholog_one2many	1	76.9481
Or8g23	ENSMUSG00000094182	OR8G5	ENSMFAG00000055358	ortholog_one2many	1	75.8842
Or8g28	ENSMUSG00000063380	OR8G5	ENSMFAG00000055358	ortholog_one2many	1	68.6709
Or8g30	ENSMUSG00000057349	OR8G5	ENSMFAG00000055358	ortholog_one2many	1	65.4206
Or8j3	ENSMUSG00000075198	OR8J1	ENSMFAG00000030651	ortholog_one2many	1	84.7619
Or8u9	ENSMUSG00000075200	OR8U1	ENSMFAG00000058906	ortholog_one2one	1	84.3949
Or9a4	ENSMUSG00000045514	OR9A4	ENSMFAG00000042777	ortholog_one2one	1	71.6561
Or9q1	ENSMUSG00000054526	OR9Q1	ENSMFAG00000043572	ortholog_one2one	1	85.5305
Or9q2	ENSMUSG00000044040	OR9Q2	ENSMFAG00000063089	ortholog_one2one	1	76.7516
Orai1	ENSMUSG00000049686	ORAI1	ENSMFAG00000036297	ortholog_one2one	1	51.3158
Orai2	ENSMUSG00000039747	ORAI2	ENSMFAG00000052103	ortholog_one2one	1	96
Orai3	ENSMUSG00000043964	ORAI3	ENSMFAG00000037299	ortholog_one2one	1	89.3103
Orc1	ENSMUSG00000028587	ORC1	ENSMFAG00000040756	ortholog_one2one	1	66.6667
Orc2	ENSMUSG00000026037	ORC2	ENSMFAG00000040620	ortholog_one2one	1	78.4722
Orc3	ENSMUSG00000040044	ORC3	ENSMFAG00000041907	ortholog_one2one	1	77.4825
Orc4	ENSMUSG00000026761	ORC4	ENSMFAG00000031595	ortholog_one2one	1	89.6074
Orc5	ENSMUSG00000029012	ORC5	ENSMFAG00000002616	ortholog_one2one	1	91.0345
Ormdl1	ENSMUSG00000026097	ORMDL1	ENSMFAG00000002914	ortholog_one2one	1	98.6928
Ormdl2	ENSMUSG00000025353	ORMDL2	ENSMFAG00000061489	ortholog_one2one	1	98.6928
Ormdl3	ENSMUSG00000038150	ORMDL3	ENSMFAG00000028235	ortholog_one2one	1	97.3856
Os9	ENSMUSG00000040462	OS9	ENSMFAG00000033882	ortholog_one2one	1	78.4926
Osbp	ENSMUSG00000024687	OSBP	ENSMFAG00000043591	ortholog_one2one	1	95.9006
Osbp2	ENSMUSG00000020435	OSBP2	ENSMFAG00000044544	ortholog_one2one	1	82.9295
Osbpl10	ENSMUSG00000040875	OSBPL10	ENSMFAG00000046094	ortholog_one2one	1	91.1227
Osbpl1a	ENSMUSG00000044252	OSBPL1A	ENSMFAG00000003468	ortholog_one2one	1	91.5789
Osbpl2	ENSMUSG00000039050	OSBPL2	ENSMFAG00000030160	ortholog_one2one	1	79.9587
Osbpl3	ENSMUSG00000029822	OSBPL3	ENSMFAG00000045859	ortholog_one2one	1	91.8193
Osbpl5	ENSMUSG00000037606	OSBPL5	ENSMFAG00000033431	ortholog_one2one	1	78.1465
Osbpl6	ENSMUSG00000042359	OSBPL6	ENSMFAG00000003510	ortholog_one2one	1	97.9145
Osbpl7	ENSMUSG00000038534	OSBPL7	ENSMFAG00000001330	ortholog_one2one	1	93.5484
Osbpl8	ENSMUSG00000020189	OSBPL8	ENSMFAG00000036321	ortholog_one2one	1	95.9505
Osbpl9	ENSMUSG00000028559	OSBPL9	ENSMFAG00000043512	ortholog_one2one	1	97.8395
Oscp1	ENSMUSG00000042616	OSCP1	ENSMFAG00000043477	ortholog_one2one	1	87.8628
Oser1	ENSMUSG00000035399	OSER1	ENSMFAG00000000578	ortholog_one2one	1	87.2852
Osgep	ENSMUSG00000006289	OSGEP	ENSMFAG00000045591	ortholog_one2one	1	93.7313
Osgepl1	ENSMUSG00000026096	OSGEPL1	ENSMFAG00000031772	ortholog_one2one	1	84.058
Osgin2	ENSMUSG00000041153	OSGIN2	ENSMFAG00000024999	ortholog_one2one	1	91.6364
Osmr	ENSMUSG00000022146	OSMR	ENSMFAG00000014306	ortholog_one2one	1	55.6128
Osr1	ENSMUSG00000048387	OSR1	ENSMFAG00000039189	ortholog_one2one	1	93.985
Osr2	ENSMUSG00000022330	OSR2	ENSMFAG00000030128	ortholog_one2one	1	97.1014
Ostf1	ENSMUSG00000024725	OSTF1	ENSMFAG00000065664	ortholog_one2one	1	96.2791
Ostn	ENSMUSG00000052276	OSTN	ENSMFAG00000054957	ortholog_one2one	1	76.1538
Otc	ENSMUSG00000031173	OTC	ENSMFAG00000040619	ortholog_one2one	1	90.3955
Otoa	ENSMUSG00000034990	OTOA	ENSMFAG00000034212	ortholog_one2one	1	77.2208
Otof	ENSMUSG00000062372	OTOF	ENSMFAG00000043966	ortholog_one2one	1	94.7421
Otog	ENSMUSG00000009487	OTOG	ENSMFAG00000001197	ortholog_one2one	1	80.0756
Otogl	ENSMUSG00000091455	OTOGL	ENSMFAG00000031786	ortholog_one2one	1	87.6989
Otol1	ENSMUSG00000027788	OTOL1	ENSMFAG00000039320	ortholog_one2one	1	70.3319
Otop1	ENSMUSG00000051596	OTOP1	ENSMFAG00000044512	ortholog_one2one	1	78.8333
Otop2	ENSMUSG00000050201	OTOP2	ENSMFAG00000045008	ortholog_one2one	1	85.7904
Otop3	ENSMUSG00000018862	OTOP3	ENSMFAG00000003251	ortholog_one2one	1	82.8423
Otor	ENSMUSG00000027416	OTOR	ENSMFAG00000052842	ortholog_one2one	1	87.5
Otos	ENSMUSG00000044055	OTOS	ENSMFAG00000038320	ortholog_one2one	1	78.6517
Otp	ENSMUSG00000021685	OTP	ENSMFAG00000056050	ortholog_one2one	1	100
Otub1	ENSMUSG00000024767	OTUB1	ENSMFAG00000033654	ortholog_one2one	1	99.631
Otub2	ENSMUSG00000021203	OTUB2	ENSMFAG00000044022	ortholog_one2one	1	69.969
Otud3	ENSMUSG00000041161	OTUD3	ENSMFAG00000049989	ortholog_one2one	1	84.596
Otud4	ENSMUSG00000036990	OTUD4	ENSMFAG00000045984	ortholog_one2one	1	87.9855
Otud5	ENSMUSG00000031154	OTUD5	ENSMFAG00000039347	ortholog_one2one	1	61.3074
Otud7a	ENSMUSG00000033510	OTUD7A	ENSMFAG00000037629	ortholog_one2one	1	84.3413
Otud7b	ENSMUSG00000038495	OTUD7B	ENSMFAG00000001415	ortholog_one2one	1	91.3095
Otulin	ENSMUSG00000046034	OTULIN	ENSMFAG00000037873	ortholog_one2one	1	90.3409
Otulinl	ENSMUSG00000056069	OTULINL	ENSMFAG00000037715	ortholog_one2one	1	85.2691
Otx1	ENSMUSG00000005917	OTX1	ENSMFAG00000031554	ortholog_one2one	1	97.1831
Otx2	ENSMUSG00000021848	OTX2	ENSMFAG00000033859	ortholog_one2one	1	96.633
Ovol2	ENSMUSG00000037279	OVOL2	ENSMFAG00000021726	ortholog_one2one	1	89.4161
Ovol3	ENSMUSG00000100512	OVOL3	ENSMFAG00000038638	ortholog_one2one	1	86.7725
Oxa1l	ENSMUSG00000000959	OXA1L	ENSMFAG00000015207	ortholog_one2one	1	76.6744
Oxct1	ENSMUSG00000022186	OXCT1	ENSMFAG00000003998	ortholog_one2many	1	92.8846
Oxgr1	ENSMUSG00000044819	OXGR1	ENSMFAG00000022364	ortholog_one2one	1	86.9436
Oxr1	ENSMUSG00000022307	OXR1	ENSMFAG00000003232	ortholog_one2one	1	79.542
Oxsm	ENSMUSG00000021786	OXSM	ENSMFAG00000044675	ortholog_one2one	1	83.878
Oxsr1	ENSMUSG00000036737	OXSR1	ENSMFAG00000041036	ortholog_one2one	1	96.0152
Oxt	ENSMUSG00000027301	OXT	ENSMFAG00000039947	ortholog_one2one	1	86.4
Oxtr	ENSMUSG00000049112	OXTR	ENSMFAG00000037530	ortholog_one2one	1	88.4021
P2rx1	ENSMUSG00000020787	P2RX1	ENSMFAG00000038677	ortholog_one2one	1	89.9749
P2rx2	ENSMUSG00000029503	P2RX2	ENSMFAG00000031037	ortholog_one2one	1	76.2887
P2rx5	ENSMUSG00000005950	P2RX5	ENSMFAG00000038002	ortholog_one2one	1	64.1758
P2rx6	ENSMUSG00000022758	P2RX6	ENSMFAG00000042492	ortholog_one2one	1	79.9486
P2ry1	ENSMUSG00000027765	P2RY1	ENSMFAG00000005982	ortholog_one2one	1	94.6381
P2ry10	ENSMUSG00000050921	P2RY10	ENSMFAG00000065797	ortholog_one2one	1	85.6707
P2ry12	ENSMUSG00000036353	P2RY12	ENSMFAG00000036474	ortholog_one2one	1	86.1671
P2ry13	ENSMUSG00000036362	P2RY13	ENSMFAG00000043480	ortholog_one2one	1	76.5579
P2ry14	ENSMUSG00000036381	P2RY14	ENSMFAG00000030384	ortholog_one2one	1	82.2485
P2ry6	ENSMUSG00000048779	P2RY6	ENSMFAG00000028522	ortholog_one2one	1	87.5
P3h1	ENSMUSG00000028641	P3H1	ENSMFAG00000042833	ortholog_one2one	1	87.2801
P3h2	ENSMUSG00000038168	P3H2	ENSMFAG00000036104	ortholog_one2one	1	69.2745
P3h4	ENSMUSG00000006931	P3H4	ENSMFAG00000004585	ortholog_one2one	1	90.7449
P3r3urf	ENSMUSG00000078593	P3R3URF	ENSMFAG00000036616	ortholog_one2one	1	65.5556
P4htm	ENSMUSG00000006675	P4HTM	ENSMFAG00000037567	ortholog_one2one	1	88.668
Pa2g4	ENSMUSG00000025364	PA2G4	ENSMFAG00000042571	ortholog_one2many	1	99.2386
Pabir2	ENSMUSG00000036022	PABIR2	ENSMFAG00000002198	ortholog_one2one	1	75.6522
Pabpc1l	ENSMUSG00000054582	PABPC1L	ENSMFAG00000040365	ortholog_one2one	1	78.089
Pabpc4	ENSMUSG00000011257	PABPC4	ENSMFAG00000041481	ortholog_one2one	1	97.9398
Pabpc4l	ENSMUSG00000090919	PABPC4L	ENSMFAG00000047191	ortholog_one2one	1	78.6487
Pabpn1l	ENSMUSG00000069867	PABPN1L	ENSMFAG00000002924	ortholog_one2one	1	64.8352
Pacc1	ENSMUSG00000026627	PACC1	ENSMFAG00000042534	ortholog_one2one	1	92
Pacrg	ENSMUSG00000037196	PACRG	ENSMFAG00000039741	ortholog_one2one	1	92.1162
Pacs1	ENSMUSG00000024855	PACS1	ENSMFAG00000001271	ortholog_one2one	1	97.3985
Pacs2	ENSMUSG00000021143	PACS2	ENSMFAG00000001091	ortholog_one2one	1	85.0897
Pacsin1	ENSMUSG00000040276	PACSIN1	ENSMFAG00000036381	ortholog_one2one	1	95.6916
Pacsin2	ENSMUSG00000016664	PACSIN2	ENSMFAG00000041486	ortholog_one2one	1	94.0329
Pacsin3	ENSMUSG00000027257	PACSIN3	ENSMFAG00000039377	ortholog_one2one	1	94.3396
Padi1	ENSMUSG00000025329	PADI1	ENSMFAG00000046258	ortholog_one2one	1	77.7946
Padi2	ENSMUSG00000028927	PADI2	ENSMFAG00000040306	ortholog_one2one	1	91.3819
Padi3	ENSMUSG00000025328	PADI3	ENSMFAG00000042527	ortholog_one2one	1	87.1988
Padi4	ENSMUSG00000025330	PADI4	ENSMFAG00000030906	ortholog_one2one	1	69.0691
Padi6	ENSMUSG00000040935	PADI6	ENSMFAG00000002560	ortholog_one2one	1	66.129
Paf1	ENSMUSG00000003437	PAF1	ENSMFAG00000046024	ortholog_one2one	1	97.5701
Pafah1b1	ENSMUSG00000020745	PAFAH1B1	ENSMFAG00000025892	ortholog_one2many	1	99.5122
Pafah1b3	ENSMUSG00000005447	PAFAH1B3	ENSMFAG00000031090	ortholog_one2many	1	90.0862
Pafah2	ENSMUSG00000037366	PAFAH2	ENSMFAG00000037812	ortholog_one2one	1	74.6154
Pag1	ENSMUSG00000027508	PAG1	ENSMFAG00000057813	ortholog_one2one	1	78.0886
Pagr1a	ENSMUSG00000030680	PAGR1	ENSMFAG00000057632	ortholog_one2many	1	86.5613
Pah	ENSMUSG00000020051	PAH	ENSMFAG00000036729	ortholog_one2one	1	92.936
Paip1	ENSMUSG00000025451	PAIP1	ENSMFAG00000043517	ortholog_one2one	1	98.6376
Paip2	ENSMUSG00000037058	PAIP2	ENSMFAG00000032588	ortholog_one2one	1	96.7742
Pak1ip1	ENSMUSG00000038683	PAK1IP1	ENSMFAG00000049083	ortholog_one2one	1	68.8482
Pak2	ENSMUSG00000022781	PAK2	ENSMFAG00000000467	ortholog_one2one	1	97.9008
Pak3	ENSMUSG00000031284	PAK3	ENSMFAG00000036634	ortholog_one2one	1	98.8971
Pak5	ENSMUSG00000039913	PAK5	ENSMFAG00000046069	ortholog_one2one	1	94.5758
Palb2	ENSMUSG00000044702	PALB2	ENSMFAG00000003457	ortholog_one2one	1	63.1341
Pald1	ENSMUSG00000020092	PALD1	ENSMFAG00000039573	ortholog_one2one	1	79.2782
Palld	ENSMUSG00000058056	PALLD	ENSMFAG00000001632	ortholog_one2one	1	69.8153
Palm	ENSMUSG00000035863	PALM	ENSMFAG00000033092	ortholog_one2one	1	69.9739
Palmd	ENSMUSG00000033377	PALMD	ENSMFAG00000001331	ortholog_one2one	1	80.2178
Pals1	ENSMUSG00000021112	PALS1	ENSMFAG00000007215	ortholog_one2one	1	96.5926
Pals2	ENSMUSG00000038388	PALS2	ENSMFAG00000024129	ortholog_one2one	1	97.7737
Pam	ENSMUSG00000026335	PAM	ENSMFAG00000033664	ortholog_one2one	1	90.4348
Pamr1	ENSMUSG00000027188	PAMR1	ENSMFAG00000042856	ortholog_one2one	1	90.5556
Pan2	ENSMUSG00000005682	PAN2	ENSMFAG00000002293	ortholog_one2one	1	96.9773
Pan3	ENSMUSG00000029647	PAN3	ENSMFAG00000025538	ortholog_one2one	1	75.5355
Pank1	ENSMUSG00000033610	PANK1	ENSMFAG00000032016	ortholog_one2one	1	65.6934
Pank2	ENSMUSG00000037514	PANK2	ENSMFAG00000044495	ortholog_one2one	1	90.1316
Pank3	ENSMUSG00000018846	PANK3	ENSMFAG00000031110	ortholog_one2one	1	98.9189
Pank4	ENSMUSG00000029056	PANK4	ENSMFAG00000001007	ortholog_one2one	1	85.7697
Panx1	ENSMUSG00000031934	PANX1	ENSMFAG00000002464	ortholog_one2one	1	86.1502
Panx3	ENSMUSG00000011118	PANX3	ENSMFAG00000060960	ortholog_one2one	1	88.5204
Papln	ENSMUSG00000021223	PAPLN	ENSMFAG00000021512	ortholog_one2one	1	69.7656
Papola	ENSMUSG00000021111	PAPOLA	ENSMFAG00000001792	ortholog_one2one	1	96.2111
Papolg	ENSMUSG00000020273	PAPOLG	ENSMFAG00000042450	ortholog_one2one	1	90.7984
Pappa	ENSMUSG00000028370	PAPPA	ENSMFAG00000041618	ortholog_one2one	1	90.8251
Pappa2	ENSMUSG00000073530	PAPPA2	ENSMFAG00000040580	ortholog_one2one	1	78.4796
Papss1	ENSMUSG00000028032	PAPSS1	ENSMFAG00000032785	ortholog_one2one	1	98.3974
Papss2	ENSMUSG00000024899	PAPSS2	ENSMFAG00000041464	ortholog_one2one	1	80.7818
Paqr3	ENSMUSG00000055725	PAQR3	ENSMFAG00000000708	ortholog_one2one	1	98.0707
Paqr4	ENSMUSG00000023909	PAQR4	ENSMFAG00000046043	ortholog_one2one	1	96.337
Paqr5	ENSMUSG00000032278	PAQR5	ENSMFAG00000040350	ortholog_one2one	1	90.6061
Paqr7	ENSMUSG00000037348	PAQR7	ENSMFAG00000029286	ortholog_one2one	1	83.1884
Paqr8	ENSMUSG00000025931	PAQR8	ENSMFAG00000004629	ortholog_one2one	1	85.8757
Paqr9	ENSMUSG00000064225	PAQR9	ENSMFAG00000034764	ortholog_one2one	1	63.4667
Pard3b	ENSMUSG00000052062	PARD3B	ENSMFAG00000043904	ortholog_one2one	1	84.2893
Pard6a	ENSMUSG00000005699	PARD6A	ENSMFAG00000030985	ortholog_one2one	1	91.2121
Pard6b	ENSMUSG00000044641	PARD6B	ENSMFAG00000007135	ortholog_one2one	1	87.6011
Parg	ENSMUSG00000021911	PARG	ENSMFAG00000043537	ortholog_one2one	1	87.513
Park7	ENSMUSG00000028964	PARK7	ENSMFAG00000042042	ortholog_one2one	1	91.5344
Parl	ENSMUSG00000033918	PARL	ENSMFAG00000036652	ortholog_one2one	1	90.9814
Parm1	ENSMUSG00000034981	PARM1	ENSMFAG00000042667	ortholog_one2one	1	62.1622
Parn	ENSMUSG00000022685	PARN	ENSMFAG00000044852	ortholog_one2one	1	85.5769
Parp1	ENSMUSG00000026496	PARP1	ENSMFAG00000002526	ortholog_one2one	1	92.6036
Parp10	ENSMUSG00000063268	PARP10	ENSMFAG00000044942	ortholog_one2one	1	59.5833
Parp11	ENSMUSG00000037997	PARP11	ENSMFAG00000002647	ortholog_one2one	1	95.1662
Parp12	ENSMUSG00000038507	PARP12	ENSMFAG00000034646	ortholog_one2one	1	80.4501
Parp16	ENSMUSG00000032392	PARP16	ENSMFAG00000051640	ortholog_one2one	1	90.3727
Parp2	ENSMUSG00000036023	PARP2	ENSMFAG00000013069	ortholog_one2one	1	76.3864
Parp3	ENSMUSG00000023249	PARP3	ENSMFAG00000032908	ortholog_one2one	1	82.7652
Parp6	ENSMUSG00000025237	PARP6	ENSMFAG00000000225	ortholog_one2one	1	99.6721
Parp8	ENSMUSG00000021725	PARP8	ENSMFAG00000002798	ortholog_one2one	1	96.3615
Parp9	ENSMUSG00000022906	PARP9	ENSMFAG00000030796	ortholog_one2one	1	60.7229
Parpbp	ENSMUSG00000035365	PARPBP	ENSMFAG00000007317	ortholog_one2one	1	71.7277
Pars2	ENSMUSG00000043572	PARS2	ENSMFAG00000064410	ortholog_one2one	1	81.8947
Parva	ENSMUSG00000030770	PARVA	ENSMFAG00000042761	ortholog_one2one	1	98.3871
Parvb	ENSMUSG00000022438	PARVB	ENSMFAG00000033736	ortholog_one2one	1	84.9315
Parvg	ENSMUSG00000022439	PARVG	ENSMFAG00000031242	ortholog_one2one	1	75.2266
Pask	ENSMUSG00000026274	PASK	ENSMFAG00000037737	ortholog_one2one	1	68.7636
Pate1	ENSMUSG00000091215	PATE1	ENSMFAG00000000989	ortholog_one2one	1	56.8
Pate3	ENSMUSG00000094995	PATE3	ENSMFAG00000052555	ortholog_one2one	1	62.2449
Patj	ENSMUSG00000061859	PATJ	ENSMFAG00000044826	ortholog_one2one	1	78.0807
Patl1	ENSMUSG00000046139	PATL1	ENSMFAG00000040851	ortholog_one2one	1	96.2338
Patl2	ENSMUSG00000027233	PATL2	ENSMFAG00000003565	ortholog_one2one	1	69.9433
Pawr	ENSMUSG00000035873	PAWR	ENSMFAG00000062333	ortholog_one2one	1	75.3754
Pax1	ENSMUSG00000037034	PAX1	ENSMFAG00000044435	ortholog_one2one	1	92.3767
Pax2	ENSMUSG00000004231	PAX2	ENSMFAG00000041514	ortholog_one2one	1	75.3807
Pax3	ENSMUSG00000004872	PAX3	ENSMFAG00000032244	ortholog_one2one	1	98.7603
Pax4	ENSMUSG00000029706	PAX4	ENSMFAG00000040823	ortholog_one2one	1	77.0774
Pax5	ENSMUSG00000014030	PAX5	ENSMFAG00000044193	ortholog_one2one	1	69.0537
Pax6	ENSMUSG00000027168	PAX6	ENSMFAG00000019311	ortholog_one2one	1	86.2559
Pax7	ENSMUSG00000028736	PAX7	ENSMFAG00000040998	ortholog_one2one	1	97.6143
Pax9	ENSMUSG00000001497	PAX9	ENSMFAG00000004012	ortholog_one2one	1	96.1988
Paxbp1	ENSMUSG00000022974	PAXBP1	ENSMFAG00000002885	ortholog_one2one	1	94.6681
Paxip1	ENSMUSG00000002221	PAXIP1	ENSMFAG00000035337	ortholog_one2one	1	86.2689
Paxx	ENSMUSG00000047617	PAXX	ENSMFAG00000029287	ortholog_one2one	1	62.439
Pbdc1	ENSMUSG00000031226	PBDC1	ENSMFAG00000039912	ortholog_one2one	1	83.8384
Pbk	ENSMUSG00000022033	PBK	ENSMFAG00000001680	ortholog_one2one	1	85.4545
Pbld1	ENSMUSG00000112129	PBLD	ENSMFAG00000035594	ortholog_one2many	1	82.9861
Pbld2	ENSMUSG00000020072	PBLD	ENSMFAG00000035594	ortholog_one2many	1	78.8194
Pbrm1	ENSMUSG00000042323	PBRM1	ENSMFAG00000035585	ortholog_one2one	1	97.4178
Pbx1	ENSMUSG00000052534	PBX1	ENSMFAG00000002296	ortholog_one2one	1	100
Pbx2	ENSMUSG00000034673	PBX2	ENSMFAG00000045367	ortholog_one2one	1	94.8837
Pbx3	ENSMUSG00000038718	PBX3	ENSMFAG00000027078	ortholog_one2one	1	99.7696
Pbx4	ENSMUSG00000031860	PBX4	ENSMFAG00000031948	ortholog_one2one	1	74.3386
Pcare	ENSMUSG00000044375	PCARE	ENSMFAG00000003210	ortholog_one2one	1	58.8741
Pcbd1	ENSMUSG00000020098	PCBD1	ENSMFAG00000000150	ortholog_one2one	1	99.0385
Pcbp1	ENSMUSG00000051695	PCBP1	ENSMFAG00000055458	ortholog_one2one	1	100
Pcbp2	ENSMUSG00000056851	PCBP2	ENSMFAG00000044356	ortholog_one2one	1	99.5413
Pcbp3	ENSMUSG00000001120	PCBP3	ENSMFAG00000034574	ortholog_one2one	1	97.2081
Pcbp4	ENSMUSG00000023495	PCBP4	ENSMFAG00000001431	ortholog_one2one	1	79.4045
Pcca	ENSMUSG00000041650	PCCA	ENSMFAG00000020427	ortholog_one2one	1	89.2265
Pccb	ENSMUSG00000032527	PCCB	ENSMFAG00000000457	ortholog_one2one	1	92.0518
Pcdh1	ENSMUSG00000051375	PCDH1	ENSMFAG00000035695	ortholog_one2one	1	95.2794
Pcdh10	ENSMUSG00000049100	PCDH10	ENSMFAG00000046322	ortholog_one2one	1	96.9231
Pcdh12	ENSMUSG00000024440	PCDH12	ENSMFAG00000036923	ortholog_one2one	1	80.0847
Pcdh17	ENSMUSG00000035566	PCDH17	ENSMFAG00000044703	ortholog_one2one	1	97.9257
Pcdh18	ENSMUSG00000037892	PCDH18	ENSMFAG00000042004	ortholog_one2one	1	92.5926
Pcdh19	ENSMUSG00000051323	PCDH19	ENSMFAG00000033159	ortholog_one2one	1	96.5035
Pcdh20	ENSMUSG00000050505	PCDH20	ENSMFAG00000001794	ortholog_one2one	1	92.542
Pcdh7	ENSMUSG00000029108	PCDH7	ENSMFAG00000040327	ortholog_one2one	1	82.6295
Pcdh9	ENSMUSG00000055421	PCDH9	ENSMFAG00000042951	ortholog_one2one	1	98.67
Pcdha10	ENSMUSG00000007440	PCDHA4	ENSMFAG00000054472	ortholog_one2many	1	60.9937
Pcdha4	ENSMUSG00000104252	PCDHA4	ENSMFAG00000054472	ortholog_one2many	1	66.1035
Pcdhac2	ENSMUSG00000102697	PCDHAC2	ENSMFAG00000043753	ortholog_one2one	1	93.5388
Pcdhb1	ENSMUSG00000051663	PCDHB1	ENSMFAG00000021230	ortholog_one2one	1	88.1418
Pcdhb17	ENSMUSG00000046387	PCDHB16	ENSMFAG00000026752	ortholog_one2one	1	74.0926
Pcdhb18	ENSMUSG00000048347	PCDHB10	ENSMFAG00000055499	ortholog_one2one	1	77.2727
Pcdhb20	ENSMUSG00000046191	PCDHB14	ENSMFAG00000005051	ortholog_one2one	1	78.7234
Pcdhb3	ENSMUSG00000045498	PCDHB3	ENSMFAG00000003623	ortholog_one2one	1	59.3112
Pcdhb5	ENSMUSG00000063687	PCDHB4	ENSMFAG00000003385	ortholog_one2many	1	53.4091
Pcdhb7	ENSMUSG00000045062	PCDHB4	ENSMFAG00000003385	ortholog_one2many	1	50.0603
Pcdhb9	ENSMUSG00000051242	PCDHB4	ENSMFAG00000003385	ortholog_one2many	1	50
Pcdhga10	ENSMUSG00000102222	PCDHGA10	ENSMFAG00000057255	ortholog_one2one	1	60.9677
Pced1a	ENSMUSG00000037773	PCED1A	ENSMFAG00000032941	ortholog_one2one	1	86.1915
Pced1b	ENSMUSG00000044250	PCED1B	ENSMFAG00000060421	ortholog_one2one	1	57.5058
Pcf11	ENSMUSG00000041328	PCF11	ENSMFAG00000034679	ortholog_one2one	1	93.6252
Pcgf1	ENSMUSG00000069678	PCGF1	ENSMFAG00000003993	ortholog_one2one	1	98.4556
Pcgf2	ENSMUSG00000018537	PCGF2	ENSMFAG00000038330	ortholog_one2one	1	70.5376
Pcgf5	ENSMUSG00000024805	PCGF5	ENSMFAG00000036587	ortholog_one2one	1	91.1017
Pcgf6	ENSMUSG00000025050	PCGF6	ENSMFAG00000001835	ortholog_one2one	1	87.2521
Pcid2	ENSMUSG00000038542	PCID2	ENSMFAG00000003946	ortholog_one2one	1	97.7444
Pcif1	ENSMUSG00000039849	PCIF1	ENSMFAG00000039034	ortholog_one2one	1	94.3343
Pck1	ENSMUSG00000027513	PCK1	ENSMFAG00000043755	ortholog_one2one	1	90.1929
Pck2	ENSMUSG00000040618	PCK2	ENSMFAG00000003328	ortholog_one2one	1	92.5
Pclo	ENSMUSG00000061601	PCLO	ENSMFAG00000000141	ortholog_one2one	1	84.0766
Pcm1	ENSMUSG00000031592	PCM1	ENSMFAG00000030579	ortholog_one2one	1	89.2926
Pcmt1	ENSMUSG00000019795	PCMT1	ENSMFAG00000040746	ortholog_one2one	1	96.0177
Pcmtd1	ENSMUSG00000051285	PCMTD1	ENSMFAG00000005557	ortholog_one2one	1	98.3193
Pcna	ENSMUSG00000027342	PCNA	ENSMFAG00000036845	ortholog_one2one	1	96.9349
Pcnp	ENSMUSG00000071533	PCNP	ENSMFAG00000061253	ortholog_one2many	1	96.0674
Pcnx1	ENSMUSG00000021140	PCNX1	ENSMFAG00000033279	ortholog_one2one	1	90.7747
Pcnx2	ENSMUSG00000060212	PCNX2	ENSMFAG00000034561	ortholog_one2one	1	77.1442
Pcnx3	ENSMUSG00000054874	PCNX3	ENSMFAG00000044368	ortholog_one2one	1	95.2663
Pcnx4	ENSMUSG00000034501	PCNX4	ENSMFAG00000032543	ortholog_one2one	1	76.9165
Pcolce	ENSMUSG00000029718	PCOLCE	ENSMFAG00000038601	ortholog_one2one	1	80.1282
Pcolce2	ENSMUSG00000015354	PCOLCE2	ENSMFAG00000001242	ortholog_one2one	1	87.9227
Pcp2	ENSMUSG00000004630	PCP2	ENSMFAG00000039571	ortholog_one2one	1	83.3333
Pcsk1	ENSMUSG00000021587	PCSK1	ENSMFAG00000032984	ortholog_one2one	1	92.2975
Pcsk2	ENSMUSG00000027419	PCSK2	ENSMFAG00000037979	ortholog_one2one	1	97.0173
Pcsk5	ENSMUSG00000024713	PCSK5	ENSMFAG00000039542	ortholog_one2one	1	81.3532
Pcsk6	ENSMUSG00000030513	PCSK6	ENSMFAG00000032907	ortholog_one2one	1	91.5537
Pcsk7	ENSMUSG00000035382	PCSK7	ENSMFAG00000044470	ortholog_one2one	1	87.6623
Pcsk9	ENSMUSG00000044254	PCSK9	ENSMFAG00000000310	ortholog_one2one	1	76.2248
Pcx	ENSMUSG00000024892	PC	ENSMFAG00000044252	ortholog_one2one	1	96.5225
Pcyox1	ENSMUSG00000029998	PCYOX1	ENSMFAG00000045914	ortholog_one2one	1	79.2079
Pcyox1l	ENSMUSG00000024579	PCYOX1L	ENSMFAG00000039773	ortholog_one2one	1	93.3333
Pcyt1a	ENSMUSG00000005615	PCYT1A	ENSMFAG00000045428	ortholog_one2one	1	94.2779
Pcyt1b	ENSMUSG00000035246	PCYT1B	ENSMFAG00000002678	ortholog_one2one	1	97.832
Pcyt2	ENSMUSG00000025137	PCYT2	ENSMFAG00000000478	ortholog_one2one	1	88.601
Pdc	ENSMUSG00000006007	PDC	ENSMFAG00000001382	ortholog_one2one	1	89.3443
Pdcd11	ENSMUSG00000025047	PDCD11	ENSMFAG00000044058	ortholog_one2one	1	79.8604
Pdcd1lg2	ENSMUSG00000016498	PDCD1LG2	ENSMFAG00000042841	ortholog_one2one	1	67.2065
Pdcd2l	ENSMUSG00000002635	PDCD2L	ENSMFAG00000041802	ortholog_one2one	1	70.0549
Pdcd5	ENSMUSG00000030417	PDCD5	ENSMFAG00000044379	ortholog_one2one	1	52.1951
Pdcd6	ENSMUSG00000021576	PDCD6	ENSMFAG00000060093	ortholog_one2one	1	67.5393
Pdcd7	ENSMUSG00000041837	PDCD7	ENSMFAG00000031997	ortholog_one2one	1	88.6364
Pdcl	ENSMUSG00000009030	PDCL	ENSMFAG00000049180	ortholog_one2one	1	92.0266
Pdcl2	ENSMUSG00000029235	PDCL2	ENSMFAG00000001261	ortholog_one2one	1	88.3333
Pde10a	ENSMUSG00000023868	PDE10A	ENSMFAG00000046132	ortholog_one2one	1	89.8241
Pde11a	ENSMUSG00000075270	PDE11A	ENSMFAG00000042268	ortholog_one2one	1	94.6409
Pde12	ENSMUSG00000043702	PDE12	ENSMFAG00000030966	ortholog_one2one	1	88.1579
Pde1a	ENSMUSG00000059173	PDE1A	ENSMFAG00000034433	ortholog_one2one	1	88.4688
Pde1b	ENSMUSG00000022489	PDE1B	ENSMFAG00000033293	ortholog_one2one	1	92.7103
Pde1c	ENSMUSG00000004347	PDE1C	ENSMFAG00000046067	ortholog_one2one	1	82.7195
Pde2a	ENSMUSG00000110195	PDE2A	ENSMFAG00000044960	ortholog_one2one	1	93.369
Pde3a	ENSMUSG00000041741	PDE3A	ENSMFAG00000035768	ortholog_one2one	1	83.9614
Pde3b	ENSMUSG00000030671	PDE3B	ENSMFAG00000043764	ortholog_one2one	1	80.8007
Pde4a	ENSMUSG00000032177	PDE4A	ENSMFAG00000004722	ortholog_one2one	1	84.9526
Pde4b	ENSMUSG00000028525	PDE4B	ENSMFAG00000000162	ortholog_one2one	1	94.5035
Pde4c	ENSMUSG00000031842	PDE4C	ENSMFAG00000041375	ortholog_one2one	1	71.5743
Pde4d	ENSMUSG00000021699	PDE4D	ENSMFAG00000041776	ortholog_one2one	1	97.7584
Pde6a	ENSMUSG00000024575	PDE6A	ENSMFAG00000039234	ortholog_one2one	1	91.1628
Pde6c	ENSMUSG00000024992	PDE6C	ENSMFAG00000045757	ortholog_one2one	1	86.8757
Pde6d	ENSMUSG00000026239	PDE6D	ENSMFAG00000036966	ortholog_one2one	1	97.3333
Pde6h	ENSMUSG00000064330	PDE6H	ENSMFAG00000039015	ortholog_one2one	1	91.5663
Pde7a	ENSMUSG00000069094	PDE7A	ENSMFAG00000034489	ortholog_one2one	1	86.9295
Pde7b	ENSMUSG00000019990	PDE7B	ENSMFAG00000032923	ortholog_one2one	1	89.4619
Pde8a	ENSMUSG00000025584	PDE8A	ENSMFAG00000043620	ortholog_one2one	1	78.6148
Pde8b	ENSMUSG00000021684	PDE8B	ENSMFAG00000041903	ortholog_one2one	1	93.2854
Pde9a	ENSMUSG00000041119	PDE9A	ENSMFAG00000036884	ortholog_one2one	1	92.3221
Pdgfb	ENSMUSG00000000489	PDGFB	ENSMFAG00000031697	ortholog_one2one	1	89.6266
Pdgfc	ENSMUSG00000028019	PDGFC	ENSMFAG00000032235	ortholog_one2one	1	87.2464
Pdgfd	ENSMUSG00000032006	PDGFD	ENSMFAG00000035368	ortholog_one2one	1	76.4865
Pdgfra	ENSMUSG00000029231	PDGFRA	ENSMFAG00000046187	ortholog_one2one	1	91.6437
Pdgfrb	ENSMUSG00000024620	PDGFRB	ENSMFAG00000001633	ortholog_one2one	1	82.2566
Pdgfrl	ENSMUSG00000031595	PDGFRL	ENSMFAG00000032939	ortholog_one2one	1	88.8
Pdha1	ENSMUSG00000031299	PDHA1	ENSMFAG00000043170	ortholog_one2one	1	98.2051
Pdha2	ENSMUSG00000047674	PDHA2	ENSMFAG00000028491	ortholog_one2one	1	72.89
Pdhb	ENSMUSG00000021748	PDHB	ENSMFAG00000032932	ortholog_one2one	1	93.3148
Pdhx	ENSMUSG00000010914	PDHX	ENSMFAG00000042807	ortholog_one2one	1	84.4311
Pdia2	ENSMUSG00000024184	PDIA2	ENSMFAG00000003199	ortholog_one2one	1	72.4858
Pdia3	ENSMUSG00000027248	PDIA3	ENSMFAG00000001972	ortholog_one2one	1	79.604
Pdia4	ENSMUSG00000025823	PDIA4	ENSMFAG00000037988	ortholog_one2one	1	86.8955
Pdia5	ENSMUSG00000022844	PDIA5	ENSMFAG00000030776	ortholog_one2one	1	87.4275
Pdia6	ENSMUSG00000020571	PDIA6	ENSMFAG00000037618	ortholog_one2one	1	92.5843
Pdik1l	ENSMUSG00000050890	PDIK1L	ENSMFAG00000056115	ortholog_one2one	1	99.4135
Pdilt	ENSMUSG00000030968	PDILT	ENSMFAG00000042439	ortholog_one2one	1	70.2381
Pdk1	ENSMUSG00000006494	PDK1	ENSMFAG00000043197	ortholog_one2one	1	92.1659
Pdk2	ENSMUSG00000038967	PDK2	ENSMFAG00000042437	ortholog_one2one	1	97.543
Pdk4	ENSMUSG00000019577	PDK4	ENSMFAG00000035180	ortholog_one2one	1	92.4757
Pdlim1	ENSMUSG00000055044	PDLIM1	ENSMFAG00000030298	ortholog_one2one	1	89.9083
Pdlim2	ENSMUSG00000022090	PDLIM2	ENSMFAG00000032463	ortholog_one2one	1	73.9255
Pdlim3	ENSMUSG00000031636	PDLIM3	ENSMFAG00000000203	ortholog_one2one	1	84.4937
Pdlim7	ENSMUSG00000021493	PDLIM7	ENSMFAG00000039384	ortholog_one2one	1	80.5252
Pdp1	ENSMUSG00000049225	PDP1	ENSMFAG00000030624	ortholog_one2one	1	98.1413
Pdp2	ENSMUSG00000048371	PDP2	ENSMFAG00000028076	ortholog_one2one	1	84.5865
Pdpk1	ENSMUSG00000024122	PDPK1	ENSMFAG00000030857	ortholog_one2one	1	85.6887
Pdrg1	ENSMUSG00000027472	PDRG1	ENSMFAG00000001948	ortholog_one2one	1	90.9774
Pds5a	ENSMUSG00000029202	PDS5A	ENSMFAG00000043276	ortholog_one2one	1	95.1952
Pds5b	ENSMUSG00000034021	PDS5B	ENSMFAG00000037386	ortholog_one2one	1	97.9675
Pdss1	ENSMUSG00000026784	PDSS1	ENSMFAG00000042603	ortholog_one2one	1	84.8411
Pdss2	ENSMUSG00000038240	PDSS2	ENSMFAG00000031137	ortholog_one2one	1	88.5287
Pdx1	ENSMUSG00000029644	PDX1	ENSMFAG00000063371	ortholog_one2one	1	78.8732
Pdxdc1	ENSMUSG00000022680	PDXDC1	ENSMFAG00000037365	ortholog_one2one	1	88.5932
Pdxp	ENSMUSG00000116165	PDXP	ENSMFAG00000036985	ortholog_one2one	1	91.0959
Pdyn	ENSMUSG00000027400	PDYN	ENSMFAG00000059850	ortholog_one2one	1	65.3226
Pdzd11	ENSMUSG00000015668	PDZD11	ENSMFAG00000038177	ortholog_one2one	1	97.1429
Pdzd2	ENSMUSG00000022197	PDZD2	ENSMFAG00000001834	ortholog_one2one	1	69.5279
Pdzd7	ENSMUSG00000074818	PDZD7	ENSMFAG00000037794	ortholog_one2one	1	84.0353
Pdzd8	ENSMUSG00000074746	PDZD8	ENSMFAG00000037170	ortholog_one2one	1	87.7071
Pdzd9	ENSMUSG00000030887	PDZD9	ENSMFAG00000038132	ortholog_one2one	1	64.2857
Pdzk1	ENSMUSG00000038298	PDZK1	ENSMFAG00000018292	ortholog_one2one	1	78.42
Pdzrn3	ENSMUSG00000035357	PDZRN3	ENSMFAG00000000986	ortholog_one2one	1	95.0141
Pdzrn4	ENSMUSG00000036218	PDZRN4	ENSMFAG00000037115	ortholog_one2one	1	66.2722
Pea15a	ENSMUSG00000013698	PEA15	ENSMFAG00000033624	ortholog_one2one	1	99.2308
Peak1	ENSMUSG00000074305	PEAK1	ENSMFAG00000042540	ortholog_one2one	1	86.3401
Pear1	ENSMUSG00000028073	PEAR1	ENSMFAG00000013682	ortholog_one2one	1	72.7273
Pecam1	ENSMUSG00000020717	PECAM1	ENSMFAG00000036717	ortholog_one2one	1	65.0619
Pecr	ENSMUSG00000026189	PECR	ENSMFAG00000003448	ortholog_one2one	1	71.9472
Peds1	ENSMUSG00000090213	PEDS1	ENSMFAG00000044984	ortholog_one2one	1	81.5498
Pef1	ENSMUSG00000028779	PEF1	ENSMFAG00000030472	ortholog_one2one	1	86.9091
Peg3	ENSMUSG00000002265	PEG3	ENSMFAG00000062745	ortholog_one2one	1	64.9268
Peli1	ENSMUSG00000020134	PELI1	ENSMFAG00000045683	ortholog_one2one	1	99.5215
Peli2	ENSMUSG00000021846	PELI2	ENSMFAG00000040947	ortholog_one2one	1	94.0334
Peli3	ENSMUSG00000024901	PELI3	ENSMFAG00000040742	ortholog_one2one	1	86.9663
Pelo	ENSMUSG00000042275	PELO	ENSMFAG00000000651	ortholog_one2one	1	97.4026
Pemt	ENSMUSG00000000301	PEMT	ENSMFAG00000045924	ortholog_one2one	1	80.402
Penk	ENSMUSG00000045573	PENK	ENSMFAG00000031729	ortholog_one2one	1	81.3433
Pepd	ENSMUSG00000063931	PEPD	ENSMFAG00000034452	ortholog_one2one	1	89.4523
Per1	ENSMUSG00000020893	PER1	ENSMFAG00000043997	ortholog_one2one	1	88.6909
Per2	ENSMUSG00000055866	PER2	ENSMFAG00000042522	ortholog_one2one	1	78.043
Per3	ENSMUSG00000028957	PER3	ENSMFAG00000034511	ortholog_one2one	1	64.6002
Perp	ENSMUSG00000019851	PERP	ENSMFAG00000054526	ortholog_one2one	1	91.1917
Pes1	ENSMUSG00000020430	PES1	ENSMFAG00000044708	ortholog_one2one	1	63.3962
Pet100	ENSMUSG00000087687	PET100	ENSMFAG00000039399	ortholog_one2one	1	71.0526
Pet117	ENSMUSG00000098387	PET117	ENSMFAG00000058214	ortholog_one2one	1	86.25
Pex1	ENSMUSG00000005907	PEX1	ENSMFAG00000045505	ortholog_one2one	1	77.2586
Pex10	ENSMUSG00000029047	PEX10	ENSMFAG00000035362	ortholog_one2one	1	76.5432
Pex11a	ENSMUSG00000030545	PEX11A	ENSMFAG00000055282	ortholog_one2one	1	77.6423
Pex11b	ENSMUSG00000028102	PEX11B	ENSMFAG00000052735	ortholog_one2one	1	87.6448
Pex11g	ENSMUSG00000069633	PEX11G	ENSMFAG00000032881	ortholog_one2one	1	68.4647
Pex13	ENSMUSG00000020283	PEX13	ENSMFAG00000042959	ortholog_one2one	1	90.6173
Pex14	ENSMUSG00000028975	PEX14	ENSMFAG00000032533	ortholog_one2one	1	92.0213
Pex16	ENSMUSG00000027222	PEX16	ENSMFAG00000002349	ortholog_one2one	1	87.5
Pex19	ENSMUSG00000003464	PEX19	ENSMFAG00000041851	ortholog_one2one	1	89.9666
Pex2	ENSMUSG00000040374	PEX2	ENSMFAG00000036908	ortholog_one2one	1	88.5246
Pex26	ENSMUSG00000067825	PEX26	ENSMFAG00000000218	ortholog_one2one	1	73.7705
Pex3	ENSMUSG00000019809	PEX3	ENSMFAG00000041371	ortholog_one2one	1	94.8925
Pex5	ENSMUSG00000005069	PEX5	ENSMFAG00000037602	ortholog_one2one	1	83.0565
Pex5l	ENSMUSG00000027674	PEX5L	ENSMFAG00000036976	ortholog_one2one	1	93.2308
Pex6	ENSMUSG00000002763	PEX6	ENSMFAG00000034586	ortholog_one2one	1	54.9439
Pex7	ENSMUSG00000020003	PEX7	ENSMFAG00000036835	ortholog_one2one	1	92.4528
Pfas	ENSMUSG00000020899	PFAS	ENSMFAG00000002499	ortholog_one2one	1	88.4069
Pfdn1	ENSMUSG00000024346	PFDN1	ENSMFAG00000044428	ortholog_one2one	1	98.3607
Pfdn2	ENSMUSG00000006412	PFDN2	ENSMFAG00000035670	ortholog_one2one	1	96.1039
Pfdn4	ENSMUSG00000052033	PFDN4	ENSMFAG00000002174	ortholog_one2one	1	97.0149
Pfdn5	ENSMUSG00000001289	PFDN5	ENSMFAG00000003143	ortholog_one2one	1	99.3506
Pfdn6	ENSMUSG00000024309	PFDN6	ENSMFAG00000041216	ortholog_one2one	1	100
Pfkfb1	ENSMUSG00000025271	PFKFB1	ENSMFAG00000031227	ortholog_one2one	1	94.9045
Pfkfb2	ENSMUSG00000026409	PFKFB2	ENSMFAG00000041915	ortholog_one2one	1	89.1892
Pfkfb3	ENSMUSG00000026773	PFKFB3	ENSMFAG00000035497	ortholog_one2one	1	92.9237
Pfkfb4	ENSMUSG00000025648	PFKFB4	ENSMFAG00000001535	ortholog_one2one	1	97.2281
Pfkl	ENSMUSG00000020277	PFKL	ENSMFAG00000037062	ortholog_one2one	1	93.9744
Pfkm	ENSMUSG00000033065	PFKM	ENSMFAG00000037825	ortholog_one2one	1	97.0513
Pfn1	ENSMUSG00000018293	PFN1	ENSMFAG00000045520	ortholog_one2many	1	95.7143
Pfn2	ENSMUSG00000027805	PFN2	ENSMFAG00000044084	ortholog_one2one	1	92.1429
Pfn4	ENSMUSG00000020639	PFN4	ENSMFAG00000026171	ortholog_one2one	1	86.0465
Pgam1	ENSMUSG00000011752	PGAM1	ENSMFAG00000003367	ortholog_one2one	1	96.4567
Pgam2	ENSMUSG00000020475	PGAM2	ENSMFAG00000048956	ortholog_one2one	1	91.6996
Pgam5	ENSMUSG00000029500	PGAM5	ENSMFAG00000003060	ortholog_one2one	1	93.0314
Pgap1	ENSMUSG00000073678	PGAP1	ENSMFAG00000029122	ortholog_one2one	1	90.9978
Pgap2	ENSMUSG00000030990	PGAP2	ENSMFAG00000036676	ortholog_one2one	1	78.4404
Pgap3	ENSMUSG00000038208	PGAP3	ENSMFAG00000045434	ortholog_one2one	1	86.25
Pgap4	ENSMUSG00000039611	PGAP4	ENSMFAG00000063135	ortholog_one2one	1	98.263
Pgap6	ENSMUSG00000024180	PGAP6	ENSMFAG00000001752	ortholog_one2one	1	74.9025
Pgbd5	ENSMUSG00000050751	PGBD5	ENSMFAG00000001236	ortholog_one2one	1	86.3985
Pgc	ENSMUSG00000023987	PGC	ENSMFAG00000038363	ortholog_one2one	1	73.9796
Pgcka1	ENSMUSG00000060512	C4orf19	ENSMFAG00000035785	ortholog_one2one	1	55.5911
Pgd	ENSMUSG00000028961	PGD	ENSMFAG00000003686	ortholog_one2one	1	94.4099
Pgf	ENSMUSG00000004791	PGF	ENSMFAG00000044494	ortholog_one2one	1	61.1111
Pggt1b	ENSMUSG00000024477	PGGT1B	ENSMFAG00000046396	ortholog_one2one	1	96.2865
Pgk1	ENSMUSG00000062070	PGK1	ENSMFAG00000031271	ortholog_one2many	1	97.6019
Pglyrp1	ENSMUSG00000030413	PGRP-S	ENSMFAG00000032464	ortholog_one2one	1	67.033
Pglyrp2	ENSMUSG00000079563	PGLYRP2	ENSMFAG00000024296	ortholog_one2one	1	72.6415
Pglyrp3	ENSMUSG00000042244	PGLYRP3	ENSMFAG00000040293	ortholog_one2one	1	70.0288
Pglyrp4	ENSMUSG00000042250	PGLYRP4	ENSMFAG00000002961	ortholog_one2one	1	75.7333
Pgm2	ENSMUSG00000029171	PGM2	ENSMFAG00000033991	ortholog_one2one	1	89.3548
Pgm2l1	ENSMUSG00000030729	PGM2L1	ENSMFAG00000031326	ortholog_one2one	1	93.2367
Pgm3	ENSMUSG00000056131	PGM3	ENSMFAG00000035703	ortholog_one2one	1	81.9188
Pgm5	ENSMUSG00000041731	PGM5	ENSMFAG00000045131	ortholog_one2one	1	97.8836
Pgp	ENSMUSG00000043445	PGP	ENSMFAG00000045182	ortholog_one2one	1	90.9657
Pgpep1	ENSMUSG00000056204	PGPEP1	ENSMFAG00000009200	ortholog_one2one	1	94.2584
Pgrmc1	ENSMUSG00000006373	PGRMC1	ENSMFAG00000043849	ortholog_one2one	1	79.4872
Pgrmc2	ENSMUSG00000049940	PGRMC2	ENSMFAG00000039950	ortholog_one2one	1	90.7834
Pgs1	ENSMUSG00000017715	PGS1	ENSMFAG00000033111	ortholog_one2one	1	86.6184
Phactr1	ENSMUSG00000054728	PHACTR1	ENSMFAG00000039842	ortholog_one2one	1	85.1658
Phactr2	ENSMUSG00000062866	PHACTR2	ENSMFAG00000015323	ortholog_one2one	1	74.9556
Phactr4	ENSMUSG00000066043	PHACTR4	ENSMFAG00000040093	ortholog_one2one	1	80.2594
Phaf1	ENSMUSG00000031889	PHAF1	ENSMFAG00000031327	ortholog_one2one	1	96.6825
Phax	ENSMUSG00000008301	PHAX	ENSMFAG00000049514	ortholog_one2one	1	87.5325
Phb2	ENSMUSG00000004264	PHB2	ENSMFAG00000042277	ortholog_one2many	1	100
Phc1	ENSMUSG00000040669	PHC1	ENSMFAG00000007626	ortholog_one2one	1	91.4851
Phc2	ENSMUSG00000028796	PHC2	ENSMFAG00000035555	ortholog_one2one	1	87.0889
Phc3	ENSMUSG00000037652	PHC3	ENSMFAG00000034130	ortholog_one2one	1	89.1947
Pheta2	ENSMUSG00000049687	PHETA2	ENSMFAG00000057151	ortholog_one2one	1	78.7645
Phex	ENSMUSG00000057457	PHEX	ENSMFAG00000045722	ortholog_one2one	1	95.8611
Phf1	ENSMUSG00000024193	PHF1	ENSMFAG00000040302	ortholog_one2one	1	81.803
Phf10	ENSMUSG00000023883	PHF10	ENSMFAG00000044678	ortholog_one2one	1	85.9155
Phf12	ENSMUSG00000037791	PHF12	ENSMFAG00000036394	ortholog_one2one	1	96.1117
Phf13	ENSMUSG00000047777	PHF13	ENSMFAG00000046366	ortholog_one2one	1	90.5405
Phf14	ENSMUSG00000029629	PHF14	ENSMFAG00000002668	ortholog_one2one	1	90.0106
Phf19	ENSMUSG00000026873	PHF19	ENSMFAG00000033849	ortholog_one2one	1	89.1003
Phf2	ENSMUSG00000038025	PHF2	ENSMFAG00000001396	ortholog_one2one	1	89.2336
Phf20	ENSMUSG00000038116	PHF20	ENSMFAG00000044861	ortholog_one2one	1	88.9109
Phf20l1	ENSMUSG00000072501	PHF20L1	ENSMFAG00000036945	ortholog_one2one	1	87.234
Phf21a	ENSMUSG00000058318	PHF21A	ENSMFAG00000043688	ortholog_one2one	1	94.186
Phf21b	ENSMUSG00000016624	PHF21B	ENSMFAG00000041339	ortholog_one2one	1	88.501
Phf23	ENSMUSG00000018572	PHF23	ENSMFAG00000032158	ortholog_one2one	1	93.0175
Phf24	ENSMUSG00000036062	PHF24	ENSMFAG00000032045	ortholog_one2one	1	89.5
Phf3	ENSMUSG00000048874	PHF3	ENSMFAG00000046395	ortholog_one2one	1	79.0617
Phf5a	ENSMUSG00000061360	PHF5A	ENSMFAG00000003129	ortholog_one2one	1	100
Phf6	ENSMUSG00000025626	PHF6	ENSMFAG00000003705	ortholog_one2one	1	97.5275
Phf7	ENSMUSG00000021902	PHF7	ENSMFAG00000044611	ortholog_one2one	1	83.7134
Phf8	ENSMUSG00000041229	PHF8	ENSMFAG00000036532	ortholog_one2one	1	94.7214
Phgdh	ENSMUSG00000053398	PHGDH	ENSMFAG00000032226	ortholog_one2one	1	85.3659
Phip	ENSMUSG00000032253	PHIP	ENSMFAG00000039797	ortholog_one2one	1	94.8929
Phka1	ENSMUSG00000034055	PHKA1	ENSMFAG00000038543	ortholog_one2one	1	94.3594
Phka2	ENSMUSG00000031295	PHKA2	ENSMFAG00000044106	ortholog_one2one	1	91.0931
Phkb	ENSMUSG00000036879	PHKB	ENSMFAG00000043545	ortholog_one2one	1	93.1797
Phkg1	ENSMUSG00000025537	PHKG1	ENSMFAG00000045222	ortholog_one2one	1	92.7835
Phkg2	ENSMUSG00000030815	PHKG2	ENSMFAG00000004011	ortholog_one2one	1	93.3498
Phlda2	ENSMUSG00000010760	PHLDA2	ENSMFAG00000040835	ortholog_one2one	1	60.4167
Phldb1	ENSMUSG00000048537	PHLDB1	ENSMFAG00000007641	ortholog_one2one	1	90.8826
Phldb2	ENSMUSG00000033149	PHLDB2	ENSMFAG00000037196	ortholog_one2one	1	87.51
Phldb3	ENSMUSG00000074277	PHLDB3	ENSMFAG00000033373	ortholog_one2one	1	78.2407
Phlpp1	ENSMUSG00000044340	PHLPP1	ENSMFAG00000010807	ortholog_one2one	1	67.6941
Phlpp2	ENSMUSG00000031732	PHLPP2	ENSMFAG00000037146	ortholog_one2one	1	90.4059
Phospho1	ENSMUSG00000050860	PHOSPHO1	ENSMFAG00000041672	ortholog_one2one	1	87.6404
Phpt1	ENSMUSG00000036504	PHPT1	ENSMFAG00000000240	ortholog_one2one	1	71.4286
Phrf1	ENSMUSG00000038611	PHRF1	ENSMFAG00000003939	ortholog_one2one	1	67.4792
Phtf1	ENSMUSG00000058388	PHTF1	ENSMFAG00000030077	ortholog_one2one	1	93.4297
Phtf2	ENSMUSG00000039987	PHTF2	ENSMFAG00000033086	ortholog_one2one	1	94.2436
Phyh	ENSMUSG00000026664	PHYH	ENSMFAG00000042378	ortholog_one2one	1	57.3965
Phyhip	ENSMUSG00000003469	PHYHIP	ENSMFAG00000044768	ortholog_one2one	1	99.3939
Phyhipl	ENSMUSG00000037747	PHYHIPL	ENSMFAG00000038572	ortholog_one2one	1	97.6
Phykpl	ENSMUSG00000020359	PHYKPL	ENSMFAG00000004010	ortholog_one2one	1	82.3256
Pi15	ENSMUSG00000067780	PI15	ENSMFAG00000031904	ortholog_one2one	1	93.0233
Pi4k2a	ENSMUSG00000025178	PI4K2A	ENSMFAG00000003191	ortholog_one2one	1	88.1002
Pi4k2b	ENSMUSG00000029186	PI4K2B	ENSMFAG00000033102	ortholog_one2one	1	71.4286
Pi4ka	ENSMUSG00000041720	PI4KA	ENSMFAG00000001389	ortholog_one2one	1	97.4347
Pi4kb	ENSMUSG00000038861	PI4KB	ENSMFAG00000004350	ortholog_one2one	1	98.2522
Pianp	ENSMUSG00000030329	PIANP	ENSMFAG00000001518	ortholog_one2one	1	94.2446
Pias1	ENSMUSG00000032405	PIAS1	ENSMFAG00000038832	ortholog_one2one	1	97.6959
Pias2	ENSMUSG00000025423	PIAS2	ENSMFAG00000031982	ortholog_one2one	1	53.9453
Pias3	ENSMUSG00000028101	PIAS3	ENSMFAG00000001990	ortholog_one2one	1	96.8153
Pias4	ENSMUSG00000004934	PIAS4	ENSMFAG00000046119	ortholog_one2one	1	76.7258
Pibf1	ENSMUSG00000022064	PIBF1	ENSMFAG00000039458	ortholog_one2one	1	87.3016
Picalm	ENSMUSG00000039361	PICALM	ENSMFAG00000002978	ortholog_one2one	1	97.527
Pick1	ENSMUSG00000068206	PICK1	ENSMFAG00000003832	ortholog_one2one	1	96.1538
Pid1	ENSMUSG00000045658	PID1	ENSMFAG00000062653	ortholog_one2one	1	91.7051
Pidd1	ENSMUSG00000025507	PIDD1	ENSMFAG00000031250	ortholog_one2one	1	80.3279
Pierce1	ENSMUSG00000026831	PIERCE1	ENSMFAG00000042970	ortholog_one2one	1	59.2814
Pierce2	ENSMUSG00000086158	PIERCE2	ENSMFAG00000043286	ortholog_one2one	1	65.5738
Pif1	ENSMUSG00000041064	PIF1	ENSMFAG00000042218	ortholog_one2one	1	86.3422
Piga	ENSMUSG00000031381	PIGA	ENSMFAG00000046118	ortholog_one2one	1	86.3918
Pigb	ENSMUSG00000079469	PIGB	ENSMFAG00000038174	ortholog_one2one	1	79.7048
Pigc	ENSMUSG00000026698	PIGC	ENSMFAG00000021978	ortholog_one2one	1	94.6128
Pigf	ENSMUSG00000024145	PIGF	ENSMFAG00000043629	ortholog_one2one	1	73.0594
Pigh	ENSMUSG00000021120	PIGH	ENSMFAG00000034082	ortholog_one2one	1	87.766
Pigk	ENSMUSG00000039047	PIGK	ENSMFAG00000033601	ortholog_one2one	1	91.6456
Pigm	ENSMUSG00000050229	PIGM	ENSMFAG00000055275	ortholog_one2one	1	83.4515
Pign	ENSMUSG00000056536	PIGN	ENSMFAG00000043496	ortholog_one2one	1	87.3255
Pigo	ENSMUSG00000028454	PIGO	ENSMFAG00000002858	ortholog_one2one	1	85.8188
Pigq	ENSMUSG00000025728	PIGQ	ENSMFAG00000034605	ortholog_one2one	1	83.3046
Pigr	ENSMUSG00000026417	PIGR	ENSMFAG00000038611	ortholog_one2one	1	66.1479
Pigs	ENSMUSG00000041958	PIGS	ENSMFAG00000043947	ortholog_one2one	1	92.4324
Pigt	ENSMUSG00000017721	PIGT	ENSMFAG00000043460	ortholog_one2one	1	86.0825
Pigu	ENSMUSG00000038383	PIGU	ENSMFAG00000042795	ortholog_one2one	1	94.7126
Pigv	ENSMUSG00000043257	PIGV	ENSMFAG00000003929	ortholog_one2one	1	76.8763
Pigw	ENSMUSG00000045140	PIGW	ENSMFAG00000036468	ortholog_one2one	1	74.7515
Pigx	ENSMUSG00000023791	PIGX	ENSMFAG00000040098	ortholog_one2one	1	78.7402
Pih1d2	ENSMUSG00000000167	PIH1D2	ENSMFAG00000014227	ortholog_one2one	1	63.8095
Pik3ap1	ENSMUSG00000025017	PIK3AP1	ENSMFAG00000046259	ortholog_one2one	1	83.2306
Pik3c2a	ENSMUSG00000030660	PIK3C2A	ENSMFAG00000033659	ortholog_one2one	1	90.0949
Pik3c2b	ENSMUSG00000026447	PIK3C2B	ENSMFAG00000003126	ortholog_one2one	1	93.75
Pik3c3	ENSMUSG00000033628	PIK3C3	ENSMFAG00000003777	ortholog_one2one	1	98.1962
Pik3ca	ENSMUSG00000027665	PIK3CA	ENSMFAG00000045156	ortholog_one2one	1	98.6891
Pik3cd	ENSMUSG00000039936	PIK3CD	ENSMFAG00000033609	ortholog_one2one	1	90.7088
Pik3cg	ENSMUSG00000020573	PIK3CG	ENSMFAG00000033319	ortholog_one2one	1	79.1289
Pik3ip1	ENSMUSG00000034614	PIK3IP1	ENSMFAG00000036079	ortholog_one2one	1	54.9242
Pik3r1	ENSMUSG00000041417	PIK3R1	ENSMFAG00000045395	ortholog_one2one	1	96.2707
Pik3r2	ENSMUSG00000031834	PIK3R2	ENSMFAG00000034445	ortholog_one2one	1	78.6704
Pik3r3	ENSMUSG00000028698	PIK3R3	ENSMFAG00000033868	ortholog_one2one	1	96.5293
Pik3r4	ENSMUSG00000032571	PIK3R4	ENSMFAG00000030574	ortholog_one2one	1	95.8027
Pik3r5	ENSMUSG00000020901	PIK3R5	ENSMFAG00000045616	ortholog_one2one	1	87.4856
Pik3r6	ENSMUSG00000046207	PIK3R6	ENSMFAG00000000836	ortholog_one2one	1	81.383
Pikfyve	ENSMUSG00000025949	PIKFYVE	ENSMFAG00000041669	ortholog_one2one	1	93.1287
Pim1	ENSMUSG00000024014	PIM1	ENSMFAG00000036745	ortholog_one2one	1	94.2492
Pim2	ENSMUSG00000031155	PIM2	ENSMFAG00000032689	ortholog_one2one	1	75.4054
Pimreg	ENSMUSG00000020808	PIMREG	ENSMFAG00000040994	ortholog_one2one	1	70.1299
Pin4	ENSMUSG00000079480	PIN4	ENSMFAG00000043832	ortholog_one2one	1	96.9466
Pink1	ENSMUSG00000028756	PINK1	ENSMFAG00000025542	ortholog_one2one	1	81.0345
Pinx1	ENSMUSG00000021958	PINX1	ENSMFAG00000030022	ortholog_one2one	1	72.5904
Pip4k2a	ENSMUSG00000026737	PIP4K2A	ENSMFAG00000003288	ortholog_one2one	1	88.1481
Pip4k2b	ENSMUSG00000018547	PIP4K2B	ENSMFAG00000035417	ortholog_one2one	1	99.0385
Pip4k2c	ENSMUSG00000025417	PIP4K2C	ENSMFAG00000040121	ortholog_one2one	1	95.4869
Pip4p1	ENSMUSG00000035953	PIP4P1	ENSMFAG00000039203	ortholog_one2one	1	60.828
Pip4p2	ENSMUSG00000028221	PIP4P2	ENSMFAG00000044582	ortholog_one2one	1	96.8872
Pip5k1a	ENSMUSG00000028126	PIP5K1A	ENSMFAG00000031399	ortholog_one2many	1	87.5686
Pip5k1b	ENSMUSG00000024867	PIP5K1B	ENSMFAG00000038711	ortholog_one2one	1	93.8775
Pipox	ENSMUSG00000017453	PIPOX	ENSMFAG00000027393	ortholog_one2one	1	73.5897
Pir	ENSMUSG00000031379	PIR	ENSMFAG00000032499	ortholog_one2one	1	95.1724
Pirt	ENSMUSG00000048070	PIRT	ENSMFAG00000030222	ortholog_one2one	1	78.5185
Pithd1	ENSMUSG00000028669	PITHD1	ENSMFAG00000002599	ortholog_one2one	1	67.2986
Pitpna	ENSMUSG00000017781	PITPNA	ENSMFAG00000045283	ortholog_one2one	1	97.417
Pitpnm1	ENSMUSG00000024851	PITPNM1	ENSMFAG00000046144	ortholog_one2one	1	93.8053
Pitpnm2	ENSMUSG00000029406	PITPNM2	ENSMFAG00000065561	ortholog_one2one	1	56.9867
Pitrm1	ENSMUSG00000021193	PITRM1	ENSMFAG00000003109	ortholog_one2one	1	86.2934
Pitx2	ENSMUSG00000028023	PITX2	ENSMFAG00000002699	ortholog_one2one	1	95.2029
Piwil1	ENSMUSG00000029423	PIWIL1	ENSMFAG00000042638	ortholog_one2one	1	95.4756
Piwil2	ENSMUSG00000033644	PIWIL2	ENSMFAG00000038537	ortholog_one2one	1	88.6715
Piwil4	ENSMUSG00000036912	PIWIL4	ENSMFAG00000042631	ortholog_one2one	1	71.7892
Pja2	ENSMUSG00000024083	PJA2	ENSMFAG00000039247	ortholog_one2one	1	82.744
Pjvk	ENSMUSG00000075267	PJVK	ENSMFAG00000001249	ortholog_one2one	1	96.0227
Pkd1l1	ENSMUSG00000046634	PKD1L1	ENSMFAG00000031282	ortholog_one2one	1	60.1773
Pkd1l2	ENSMUSG00000034416	PKD1L2	ENSMFAG00000044240	ortholog_one2one	1	69.6465
Pkd2l1	ENSMUSG00000037578	PKD2L1	ENSMFAG00000030987	ortholog_one2one	1	86.9737
Pkdcc	ENSMUSG00000024247	PKDCC	ENSMFAG00000003585	ortholog_one2one	1	86.1789
Pkdrej	ENSMUSG00000052496	PKDREJ	ENSMFAG00000033036	ortholog_one2one	1	62.0884
Pkhd1	ENSMUSG00000043760	PKHD1	ENSMFAG00000031421	ortholog_one2one	1	72.0128
Pkhd1l1	ENSMUSG00000038725	PKHD1L1	ENSMFAG00000035938	ortholog_one2one	1	81.7133
Pkib	ENSMUSG00000019876	PKIB	ENSMFAG00000033587	ortholog_one2one	1	62.7273
Pklr	ENSMUSG00000041237	PKLR	ENSMFAG00000034196	ortholog_one2one	1	92.8177
Pkm	ENSMUSG00000032294	PKM	ENSMFAG00000044507	ortholog_one2many	1	97.9284
Pkmyt1	ENSMUSG00000023908	PKMYT1	ENSMFAG00000039317	ortholog_one2one	1	82.2449
Pkn1	ENSMUSG00000057672	PKN1	ENSMFAG00000003990	ortholog_one2one	1	54.6512
Pkn2	ENSMUSG00000004591	PKN2	ENSMFAG00000030090	ortholog_one2one	1	95.117
Pknox1	ENSMUSG00000006705	PKNOX1	ENSMFAG00000039213	ortholog_one2one	1	95.4128
Pknox2	ENSMUSG00000035934	PKNOX2	ENSMFAG00000046199	ortholog_one2one	1	98.7342
Pkp1	ENSMUSG00000026413	PKP1	ENSMFAG00000003596	ortholog_one2one	1	94.7802
Pkp4	ENSMUSG00000026991	PKP4	ENSMFAG00000008546	ortholog_one2one	1	93.8971
Pla1a	ENSMUSG00000002847	PLA1A	ENSMFAG00000044493	ortholog_one2one	1	76.9737
Pla2g10	ENSMUSG00000022683	PLA2G10	ENSMFAG00000037183	ortholog_one2one	1	69.5364
Pla2g12b	ENSMUSG00000009646	PLA2G12B	ENSMFAG00000035830	ortholog_one2one	1	89.2308
Pla2g15	ENSMUSG00000031903	PLA2G15	ENSMFAG00000040172	ortholog_one2one	1	88.3495
Pla2g1b	ENSMUSG00000029522	PLA2G1B	ENSMFAG00000052529	ortholog_one2one	1	73.2877
Pla2g2c	ENSMUSG00000028750	PLA2G2C	ENSMFAG00000045153	ortholog_one2one	1	73.3333
Pla2g2d	ENSMUSG00000041202	PLA2G2D	ENSMFAG00000055268	ortholog_one2one	1	71.5278
Pla2g2e	ENSMUSG00000028751	PLA2G2E	ENSMFAG00000063267	ortholog_one2one	1	85.2113
Pla2g3	ENSMUSG00000034579	PLA2G3	ENSMFAG00000030936	ortholog_one2one	1	66.6667
Pla2g4a	ENSMUSG00000056220	PLA2G4A	ENSMFAG00000043784	ortholog_one2one	1	94.9198
Pla2g4b	ENSMUSG00000098488	PLA2G4B	ENSMFAG00000035750	ortholog_one2one	1	79.2668
Pla2g4c	ENSMUSG00000033847	PLA2G4C	ENSMFAG00000045458	ortholog_one2one	1	51.5651
Pla2g4d	ENSMUSG00000070719	PLA2G4D	ENSMFAG00000003996	ortholog_one2one	1	71.0303
Pla2g4e	ENSMUSG00000050211	PLA2G4E	ENSMFAG00000045495	ortholog_one2one	1	77.2571
Pla2g4f	ENSMUSG00000046971	PLA2G4F	ENSMFAG00000038504	ortholog_one2one	1	71.5789
Pla2g5	ENSMUSG00000041193	PLA2G5	ENSMFAG00000033327	ortholog_one2one	1	78.1022
Pla2g6	ENSMUSG00000042632	PLA2G6	ENSMFAG00000046328	ortholog_one2one	1	91.3564
Pla2g7	ENSMUSG00000023913	PLA2G7	ENSMFAG00000000129	ortholog_one2one	1	63.4091
Pla2r1	ENSMUSG00000054580	PLA2R1	ENSMFAG00000041834	ortholog_one2one	1	72.0915
Plaat1	ENSMUSG00000022525	PLAAT1	ENSMFAG00000039474	ortholog_one2one	1	85.6287
Plaat3	ENSMUSG00000060675	PLAAT3	ENSMFAG00000032359	ortholog_one2one	1	75.9259
Plaat5	ENSMUSG00000024973	PLAAT5	ENSMFAG00000039225	ortholog_one2one	1	71.8519
Plac8	ENSMUSG00000029322	PLAC8	ENSMFAG00000001332	ortholog_one2one	1	86.6071
Plac8l1	ENSMUSG00000059455	PLAC8L1	ENSMFAG00000041173	ortholog_one2one	1	76.8362
Plagl2	ENSMUSG00000051413	PLAGL2	ENSMFAG00000018533	ortholog_one2one	1	98.5887
Plat	ENSMUSG00000031538	PLAT	ENSMFAG00000041986	ortholog_one2one	1	80.322
Plau	ENSMUSG00000021822	PLAU	ENSMFAG00000038650	ortholog_one2one	1	68.8222
Plaur	ENSMUSG00000046223	PLAUR	ENSMFAG00000044138	ortholog_one2one	1	59.9388
Plb1	ENSMUSG00000029134	PLB1	ENSMFAG00000036595	ortholog_one2one	1	67.9296
Plbd1	ENSMUSG00000030214	PLBD1	ENSMFAG00000037858	ortholog_one2one	1	74.9091
Plbd2	ENSMUSG00000029598	PLBD2	ENSMFAG00000040031	ortholog_one2one	1	80.1347
Plcb1	ENSMUSG00000051177	PLCB1	ENSMFAG00000043247	ortholog_one2one	1	97.1217
Plcb3	ENSMUSG00000024960	PLCB3	ENSMFAG00000044872	ortholog_one2one	1	87.6823
Plcb4	ENSMUSG00000039943	PLCB4	ENSMFAG00000034037	ortholog_one2one	1	96.5106
Plcd1	ENSMUSG00000010660	PLCD1	ENSMFAG00000042898	ortholog_one2one	1	80.9524
Plcd3	ENSMUSG00000020937	PLCD3	ENSMFAG00000044688	ortholog_one2one	1	73.2484
Plcd4	ENSMUSG00000026173	PLCD4	ENSMFAG00000031094	ortholog_one2one	1	73.6165
Plce1	ENSMUSG00000024998	PLCE1	ENSMFAG00000020572	ortholog_one2one	1	85.2761
Plcg1	ENSMUSG00000016933	PLCG1	ENSMFAG00000000283	ortholog_one2one	1	92.093
Plcg2	ENSMUSG00000034330	PLCG2	ENSMFAG00000042565	ortholog_one2one	1	93.913
Plch1	ENSMUSG00000036834	PLCH1	ENSMFAG00000042166	ortholog_one2one	1	85.3047
Plch2	ENSMUSG00000029055	PLCH2	ENSMFAG00000040083	ortholog_one2one	1	71.5919
Plcl1	ENSMUSG00000038349	PLCL1	ENSMFAG00000038838	ortholog_one2one	1	94.0693
Plcl2	ENSMUSG00000038910	PLCL2	ENSMFAG00000000647	ortholog_one2one	1	88.7411
Plcxd3	ENSMUSG00000049148	PLCXD3	ENSMFAG00000040869	ortholog_one2one	1	96.8847
Plcz1	ENSMUSG00000030230	PLCZ1	ENSMFAG00000001065	ortholog_one2one	1	71.5611
Pld1	ENSMUSG00000027695	PLD1	ENSMFAG00000002954	ortholog_one2one	1	91.1197
Pld2	ENSMUSG00000020828	PLD2	ENSMFAG00000003242	ortholog_one2one	1	90.4609
Pld3	ENSMUSG00000003363	PLD3	ENSMFAG00000031315	ortholog_one2one	1	84.4262
Pld4	ENSMUSG00000052160	PLD4	ENSMFAG00000045718	ortholog_one2one	1	71.5706
Pld5	ENSMUSG00000055214	PLD5	ENSMFAG00000038798	ortholog_one2one	1	84.8881
Pld6	ENSMUSG00000043648	PLD6	ENSMFAG00000061597	ortholog_one2one	1	85.0679
Plek2	ENSMUSG00000021118	PLEK2	ENSMFAG00000000370	ortholog_one2one	1	94.9008
Plekha1	ENSMUSG00000040268	PLEKHA1	ENSMFAG00000041484	ortholog_one2one	1	79.6345
Plekha2	ENSMUSG00000031557	PLEKHA2	ENSMFAG00000042373	ortholog_one2one	1	88.4706
Plekha3	ENSMUSG00000002733	PLEKHA3	ENSMFAG00000031192	ortholog_one2one	1	91.5825
Plekha4	ENSMUSG00000040428	PLEKHA4	ENSMFAG00000040559	ortholog_one2one	1	75.8665
Plekha5	ENSMUSG00000030231	PLEKHA5	ENSMFAG00000043356	ortholog_one2one	1	87.0764
Plekha6	ENSMUSG00000041757	PLEKHA6	ENSMFAG00000042643	ortholog_one2one	1	92.4512
Plekha7	ENSMUSG00000045659	PLEKHA7	ENSMFAG00000000110	ortholog_one2one	1	89.3365
Plekha8	ENSMUSG00000005225	PLEKHA8	ENSMFAG00000040078	ortholog_one2one	1	78.2274
Plekhb1	ENSMUSG00000030701	PLEKHB1	ENSMFAG00000041061	ortholog_one2one	1	96.2963
Plekhd1	ENSMUSG00000066438	PLEKHD1	ENSMFAG00000001248	ortholog_one2one	1	92.6733
Plekhf2	ENSMUSG00000049969	PLEKHF2	ENSMFAG00000050051	ortholog_one2one	1	97.992
Plekhg1	ENSMUSG00000040624	PLEKHG1	ENSMFAG00000043598	ortholog_one2one	1	78.4173
Plekhg2	ENSMUSG00000037552	PLEKHG2	ENSMFAG00000045412	ortholog_one2one	1	71.9414
Plekhg3	ENSMUSG00000052609	PLEKHG3	ENSMFAG00000035789	ortholog_one2one	1	73.4328
Plekhg4	ENSMUSG00000014782	PLEKHG4	ENSMFAG00000014752	ortholog_one2one	1	72.1423
Plekhg5	ENSMUSG00000039713	PLEKHG5	ENSMFAG00000004055	ortholog_one2one	1	84.0566
Plekhg6	ENSMUSG00000038167	PLEKHG6	ENSMFAG00000032181	ortholog_one2one	1	71.2834
Plekhh1	ENSMUSG00000060716	PLEKHH1	ENSMFAG00000038266	ortholog_one2one	1	84.6608
Plekhh2	ENSMUSG00000040852	PLEKHH2	ENSMFAG00000037120	ortholog_one2one	1	85.9826
Plekhm1	ENSMUSG00000034247	PLEKHM1	ENSMFAG00000032118	ortholog_one2one	1	81.6574
Plekhm2	ENSMUSG00000028917	PLEKHM2	ENSMFAG00000044082	ortholog_one2one	1	87.7823
Plekhm3	ENSMUSG00000051344	PLEKHM3	ENSMFAG00000033450	ortholog_one2one	1	92.3784
Plekhn1	ENSMUSG00000078485	PLEKHN1	ENSMFAG00000039696	ortholog_one2one	1	67.0492
Plekho1	ENSMUSG00000015745	PLEKHO1	ENSMFAG00000034638	ortholog_one2one	1	84.5588
Plekhs1	ENSMUSG00000035818	PLEKHS1	ENSMFAG00000001676	ortholog_one2one	1	54.4304
Plgrkt	ENSMUSG00000016495	PLGRKT	ENSMFAG00000000751	ortholog_one2one	1	82.3129
Plin1	ENSMUSG00000030546	PLIN1	ENSMFAG00000034321	ortholog_one2one	1	74.0812
Plin2	ENSMUSG00000028494	PLIN2	ENSMFAG00000041970	ortholog_one2one	1	81.8824
Plin3	ENSMUSG00000024197	PLIN3	ENSMFAG00000038754	ortholog_one2one	1	75.5149
Plin5	ENSMUSG00000011305	PLIN5	ENSMFAG00000000248	ortholog_one2one	1	71.0583
Plk1	ENSMUSG00000030867	PLK1	ENSMFAG00000046112	ortholog_one2one	1	94.3615
Plk2	ENSMUSG00000021701	PLK2	ENSMFAG00000001077	ortholog_one2one	1	97.3607
Plk3	ENSMUSG00000028680	PLK3	ENSMFAG00000039359	ortholog_one2one	1	90.7407
Plk4	ENSMUSG00000025758	PLK4	ENSMFAG00000003312	ortholog_one2one	1	81.4054
Plk5	ENSMUSG00000035486	PLK5	ENSMFAG00000002051	ortholog_one2one	1	65.8273
Plod1	ENSMUSG00000019055	PLOD1	ENSMFAG00000037610	ortholog_one2one	1	89.4231
Plod2	ENSMUSG00000032374	PLOD2	ENSMFAG00000038516	ortholog_one2one	1	90.8971
Plod3	ENSMUSG00000004846	PLOD3	ENSMFAG00000033241	ortholog_one2one	1	90.5533
Plp1	ENSMUSG00000031425	PLP1	ENSMFAG00000036633	ortholog_one2one	1	98.917
Plp2	ENSMUSG00000031146	PLP2	ENSMFAG00000002955	ortholog_one2many	1	78.9474
Plpp1	ENSMUSG00000021759	PLPP1	ENSMFAG00000030691	ortholog_one2one	1	74.5583
Plpp3	ENSMUSG00000028517	PLPP3	ENSMFAG00000026668	ortholog_one2one	1	94.8718
Plpp5	ENSMUSG00000031570	PLPP5	ENSMFAG00000003982	ortholog_one2one	1	86.9231
Plpp7	ENSMUSG00000051373	PLPP7	ENSMFAG00000042509	ortholog_one2one	1	94.0959
Plppr1	ENSMUSG00000063446	PLPPR1	ENSMFAG00000036301	ortholog_one2one	1	96.3077
Plppr2	ENSMUSG00000040563	PLPPR2	ENSMFAG00000034622	ortholog_one2one	1	92.9204
Plppr4	ENSMUSG00000044667	PLPPR4	ENSMFAG00000045185	ortholog_one2one	1	95.6919
Plppr5	ENSMUSG00000033342	PLPPR5	ENSMFAG00000040875	ortholog_one2one	1	92.0886
Plrg1	ENSMUSG00000027998	PLRG1	ENSMFAG00000001816	ortholog_one2one	1	95.9064
Pls1	ENSMUSG00000049493	PLS1	ENSMFAG00000002207	ortholog_one2one	1	94.2857
Plscr4	ENSMUSG00000032377	PLSCR4	ENSMFAG00000003167	ortholog_one2one	1	81.5951
Plscr5	ENSMUSG00000095654	PLSCR5	ENSMFAG00000031251	ortholog_one2one	1	86.1314
Pltp	ENSMUSG00000017754	PLTP	ENSMFAG00000036798	ortholog_one2one	1	81.5416
Plvap	ENSMUSG00000034845	PLVAP	ENSMFAG00000040183	ortholog_one2one	1	62.1005
Plxdc1	ENSMUSG00000017417	PLXDC1	ENSMFAG00000032401	ortholog_one2one	1	81.6
Plxdc2	ENSMUSG00000026748	PLXDC2	ENSMFAG00000045260	ortholog_one2one	1	85.2495
Plxna1	ENSMUSG00000030084	PLXNA1	ENSMFAG00000037368	ortholog_one2one	1	91.8163
Plxna2	ENSMUSG00000026640	PLXNA2	ENSMFAG00000003249	ortholog_one2one	1	96.5681
Plxna3	ENSMUSG00000031398	PLXNA3	ENSMFAG00000040837	ortholog_one2one	1	94.6047
Plxna4	ENSMUSG00000029765	PLXNA4	ENSMFAG00000041659	ortholog_one2one	1	97.7813
Plxnb1	ENSMUSG00000053646	PLXNB1	ENSMFAG00000035774	ortholog_one2one	1	86.739
Plxnb2	ENSMUSG00000036606	PLXNB2	ENSMFAG00000035984	ortholog_one2one	1	86.2649
Plxnd1	ENSMUSG00000030123	PLXND1	ENSMFAG00000000589	ortholog_one2one	1	57.7662
Pm20d1	ENSMUSG00000042251	PM20D1	ENSMFAG00000039759	ortholog_one2one	1	68.9861
Pmch	ENSMUSG00000035383	PMCH	ENSMFAG00000002836	ortholog_one2one	1	86.6667
Pmel	ENSMUSG00000025359	PMEL	ENSMFAG00000041480	ortholog_one2one	1	79.2332
Pmepa1	ENSMUSG00000038400	PMEPA1	ENSMFAG00000049340	ortholog_one2one	1	72.9927
Pmf1	ENSMUSG00000028066	PMF1	ENSMFAG00000031299	ortholog_one2one	1	64.3564
Pmfbp1	ENSMUSG00000031727	PMFBP1	ENSMFAG00000033406	ortholog_one2one	1	59.2955
Pml	ENSMUSG00000036986	PML	ENSMFAG00000002332	ortholog_one2one	1	66.1017
Pmm1	ENSMUSG00000022474	PMM1	ENSMFAG00000034090	ortholog_one2one	1	95.8015
Pmm2	ENSMUSG00000022711	PMM2	ENSMFAG00000031650	ortholog_one2one	1	85.124
Pmp2	ENSMUSG00000052468	PMP2	ENSMFAG00000044728	ortholog_one2one	1	88.6364
Pmp22	ENSMUSG00000018217	PMP22	ENSMFAG00000045679	ortholog_one2one	1	87.5
Pmpca	ENSMUSG00000026926	PMPCA	ENSMFAG00000001884	ortholog_one2one	1	90.458
Pmpcb	ENSMUSG00000029017	PMPCB	ENSMFAG00000040307	ortholog_one2one	1	90.7975
Pms1	ENSMUSG00000026098	PMS1	ENSMFAG00000036903	ortholog_one2one	1	73.0643
Pms2	ENSMUSG00000079109	PMS2	ENSMFAG00000046359	ortholog_one2one	1	77.8813
Pmvk	ENSMUSG00000027952	PMVK	ENSMFAG00000032448	ortholog_one2one	1	69.2708
Pnck	ENSMUSG00000002012	PNCK	ENSMFAG00000039202	ortholog_one2one	1	95.3353
Pnisr	ENSMUSG00000028248	PNISR	ENSMFAG00000001373	ortholog_one2one	1	92.7518
Pnkd	ENSMUSG00000026179	PNKD	ENSMFAG00000038281	ortholog_one2one	1	87.5
Pnkp	ENSMUSG00000002963	PNKP	ENSMFAG00000039622	ortholog_one2one	1	81.0345
Pnldc1	ENSMUSG00000073460	PNLDC1	ENSMFAG00000041296	ortholog_one2one	1	73.4463
Pnlip	ENSMUSG00000046008	PNLIP	ENSMFAG00000002362	ortholog_one2one	1	69.4624
Pnliprp1	ENSMUSG00000042179	PNLIPRP1	ENSMFAG00000039844	ortholog_one2one	1	82.4524
Pnliprp2	ENSMUSG00000025091	PNLIPRP2	ENSMFAG00000000722	ortholog_one2one	1	75.9336
Pnma1	ENSMUSG00000054383	PNMA1	ENSMFAG00000007972	ortholog_one2one	1	91.7847
Pnma2	ENSMUSG00000046204	PNMA2	ENSMFAG00000000029	ortholog_one2one	1	78.3562
Pnma8a	ENSMUSG00000041141	PNMA8A	ENSMFAG00000006014	ortholog_one2one	1	64.4186
Pnma8c	ENSMUSG00000108348	PNMA8C	ENSMFAG00000029984	ortholog_one2one	1	74.5098
Pnmt	ENSMUSG00000038216	PNMT	ENSMFAG00000002771	ortholog_one2one	1	55.5932
Pnn	ENSMUSG00000020994	PNN	ENSMFAG00000003712	ortholog_one2one	1	92.6997
Pno1	ENSMUSG00000020116	PNO1	ENSMFAG00000043544	ortholog_one2many	1	92.7419
Pnoc	ENSMUSG00000045731	PNOC	ENSMFAG00000044801	ortholog_one2one	1	76.4706
Pnpla1	ENSMUSG00000043286	PNPLA1	ENSMFAG00000040598	ortholog_one2one	1	56.5943
Pnpla2	ENSMUSG00000025509	PNPLA2	ENSMFAG00000045142	ortholog_one2one	1	84.6
Pnpla3	ENSMUSG00000041653	PNPLA3	ENSMFAG00000036392	ortholog_one2one	1	61.7188
Pnpla5	ENSMUSG00000018868	PNPLA5	ENSMFAG00000036380	ortholog_one2one	1	66.7437
Pnpla7	ENSMUSG00000036833	PNPLA7	ENSMFAG00000034327	ortholog_one2one	1	82.0266
Pnpla8	ENSMUSG00000036257	PNPLA8	ENSMFAG00000033607	ortholog_one2one	1	82.4742
Pnpo	ENSMUSG00000018659	PNPO	ENSMFAG00000039285	ortholog_one2one	1	73.9464
Pnpt1	ENSMUSG00000020464	PNPT1	ENSMFAG00000001927	ortholog_one2one	1	90.9323
Pnrc1	ENSMUSG00000040128	PNRC1	ENSMFAG00000046306	ortholog_one2one	1	84.1751
Pnrc2	ENSMUSG00000028675	PNRC2	ENSMFAG00000041681	ortholog_one2one	1	82.8571
Poc1a	ENSMUSG00000023345	POC1A	ENSMFAG00000001970	ortholog_one2one	1	89.3827
Poc1b	ENSMUSG00000019952	POC1B	ENSMFAG00000043490	ortholog_one2one	1	82.3529
Podn	ENSMUSG00000028600	PODN	ENSMFAG00000002251	ortholog_one2one	1	91.653
Podxl2	ENSMUSG00000033152	PODXL2	ENSMFAG00000003876	ortholog_one2one	1	67.3469
Pofut1	ENSMUSG00000046020	POFUT1	ENSMFAG00000046316	ortholog_one2one	1	90.0763
Pofut3	ENSMUSG00000046152	FUT10	ENSMFAG00000000813	ortholog_one2one	1	77.9626
Pofut4	ENSMUSG00000039357	FUT11	ENSMFAG00000034437	ortholog_one2one	1	87.5256
Pogk	ENSMUSG00000040596	POGK	ENSMFAG00000037391	ortholog_one2one	1	91.7628
Poglut1	ENSMUSG00000034064	POGLUT1	ENSMFAG00000014083	ortholog_one2one	1	91.5816
Poglut2	ENSMUSG00000026047	POGLUT2	ENSMFAG00000045152	ortholog_one2one	1	87.4502
Pogz	ENSMUSG00000038902	POGZ	ENSMFAG00000043596	ortholog_one2one	1	86.9474
Pola1	ENSMUSG00000006678	POLA1	ENSMFAG00000001338	ortholog_one2one	1	88.6689
Pola2	ENSMUSG00000024833	POLA2	ENSMFAG00000031551	ortholog_one2one	1	76
Polb	ENSMUSG00000031536	POLB	ENSMFAG00000030793	ortholog_one2one	1	95.8209
Pold2	ENSMUSG00000020471	POLD2	ENSMFAG00000042401	ortholog_one2one	1	94.0299
Poldip2	ENSMUSG00000001100	POLDIP2	ENSMFAG00000033246	ortholog_one2one	1	95.6522
Pole	ENSMUSG00000007080	POLE	ENSMFAG00000039401	ortholog_one2one	1	90.4074
Pole2	ENSMUSG00000020974	POLE2	ENSMFAG00000002595	ortholog_one2one	1	90.7021
Pole4	ENSMUSG00000030042	POLE4	ENSMFAG00000038541	ortholog_one2one	1	78.1022
Polg	ENSMUSG00000039176	POLG	ENSMFAG00000042476	ortholog_one2one	1	81.2654
Polg2	ENSMUSG00000020718	POLG2	ENSMFAG00000002805	ortholog_one2one	1	77.5599
Polh	ENSMUSG00000023953	POLH	ENSMFAG00000045603	ortholog_one2one	1	74.2075
Poli	ENSMUSG00000038425	POLI	ENSMFAG00000011788	ortholog_one2one	1	71.0991
Polk	ENSMUSG00000021668	POLK	ENSMFAG00000043179	ortholog_one2one	1	75.8216
Poll	ENSMUSG00000025218	POLL	ENSMFAG00000043080	ortholog_one2one	1	80.4538
Polm	ENSMUSG00000020474	POLM	ENSMFAG00000043995	ortholog_one2one	1	75.2016
Poln	ENSMUSG00000045102	POLN	ENSMFAG00000032512	ortholog_one2one	1	73.3256
Polq	ENSMUSG00000034206	POLQ	ENSMFAG00000001627	ortholog_one2one	1	73.9387
Polr1a	ENSMUSG00000049553	POLR1A	ENSMFAG00000046097	ortholog_one2one	1	86.721
Polr1b	ENSMUSG00000027395	POLR1B	ENSMFAG00000032912	ortholog_one2one	1	85.6388
Polr1c	ENSMUSG00000067148	POLR1C	ENSMFAG00000046295	ortholog_one2one	1	93.6416
Polr1e	ENSMUSG00000028318	POLR1E	ENSMFAG00000045465	ortholog_one2one	1	73.9631
Polr1h	ENSMUSG00000036315	POLR1H	ENSMFAG00000039802	ortholog_one2one	1	82.1138
Polr2b	ENSMUSG00000029250	POLR2B	ENSMFAG00000042250	ortholog_one2one	1	99.9148
Polr2c	ENSMUSG00000031783	POLR2C	ENSMFAG00000016861	ortholog_one2one	1	54.2141
Polr2d	ENSMUSG00000024258	POLR2D	ENSMFAG00000031937	ortholog_one2one	1	99.2958
Polr2e	ENSMUSG00000004667	POLR2E	ENSMFAG00000002884	ortholog_one2one	1	99.0476
Polr2f	ENSMUSG00000033020	POLR2F	ENSMFAG00000033687	ortholog_one2one	1	82.6772
Polr2g	ENSMUSG00000071662	POLR2G	ENSMFAG00000033674	ortholog_one2one	1	98.2558
Polr2h	ENSMUSG00000021018	POLR2H	ENSMFAG00000038115	ortholog_one2one	1	83.3333
Polr2i	ENSMUSG00000019738	POLR2I	ENSMFAG00000039443	ortholog_one2one	1	100
Polr3a	ENSMUSG00000025280	POLR3A	ENSMFAG00000032218	ortholog_one2one	1	97.8417
Polr3b	ENSMUSG00000034453	POLR3B	ENSMFAG00000038425	ortholog_one2one	1	99.3822
Polr3c	ENSMUSG00000028099	POLR3C	ENSMFAG00000040338	ortholog_one2one	1	94.1839
Polr3d	ENSMUSG00000000776	POLR3D	ENSMFAG00000029141	ortholog_one2one	1	92.7136
Polr3e	ENSMUSG00000030880	POLR3E	ENSMFAG00000035515	ortholog_one2one	1	92.2535
Polr3f	ENSMUSG00000027427	POLR3F	ENSMFAG00000002227	ortholog_one2one	1	92.4051
Polr3h	ENSMUSG00000022476	POLR3H	ENSMFAG00000001153	ortholog_one2one	1	91.1765
Polrmt	ENSMUSG00000020329	POLRMT	ENSMFAG00000031466	ortholog_one2one	1	58.0779
Pomc	ENSMUSG00000020660	POMC	ENSMFAG00000000551	ortholog_one2one	1	82.1277
Pomgnt1	ENSMUSG00000028700	POMGNT1	ENSMFAG00000000070	ortholog_one2one	1	98.6364
Pomp	ENSMUSG00000029649	POMP	ENSMFAG00000025369	ortholog_one2one	1	57.6923
Pomt1	ENSMUSG00000039254	POMT1	ENSMFAG00000038316	ortholog_one2one	1	83.244
Pomt2	ENSMUSG00000034126	POMT2	ENSMFAG00000043819	ortholog_one2one	1	82.8049
Pon1	ENSMUSG00000002588	PON1	ENSMFAG00000035691	ortholog_one2one	1	81.4084
Pon2	ENSMUSG00000032667	PON2	ENSMFAG00000001162	ortholog_one2one	1	88.1356
Pon3	ENSMUSG00000029759	PON3	ENSMFAG00000038783	ortholog_one2one	1	75.7062
Pop1	ENSMUSG00000022325	POP1	ENSMFAG00000000347	ortholog_one2one	1	77.6355
Pop5	ENSMUSG00000060152	POP5	ENSMFAG00000045933	ortholog_one2one	1	86.3905
Pop7	ENSMUSG00000029715	POP7	ENSMFAG00000027783	ortholog_one2one	1	94.2857
Popdc1	ENSMUSG00000071317	BVES	ENSMFAG00000045432	ortholog_one2one	1	87.9888
Popdc2	ENSMUSG00000022803	POPDC2	ENSMFAG00000039734	ortholog_one2one	1	74.3935
Popdc3	ENSMUSG00000019848	POPDC3	ENSMFAG00000040532	ortholog_one2one	1	88.6598
Por	ENSMUSG00000005514	POR	ENSMFAG00000045209	ortholog_one2one	1	92.1829
Porcn	ENSMUSG00000031169	PORCN	ENSMFAG00000035976	ortholog_one2one	1	80.6295
Postn	ENSMUSG00000027750	POSTN	ENSMFAG00000045597	ortholog_one2one	1	88.5057
Pot1a	ENSMUSG00000029676	POT1	ENSMFAG00000001359	ortholog_one2many	1	74.5312
Pou1f1	ENSMUSG00000004842	POU1F1	ENSMFAG00000031190	ortholog_one2one	1	95.5326
Pou2af1	ENSMUSG00000032053	POU2AF1	ENSMFAG00000042921	ortholog_one2one	1	89.4531
Pou2af2	ENSMUSG00000036027	POU2AF2	ENSMFAG00000034174	ortholog_one2one	1	84.669
Pou2f1	ENSMUSG00000026565	POU2F1	ENSMFAG00000002865	ortholog_one2one	1	93.368
Pou2f2	ENSMUSG00000008496	POU2F2	ENSMFAG00000030322	ortholog_one2one	1	83.9709
Pou2f3	ENSMUSG00000032015	POU2F3	ENSMFAG00000041578	ortholog_one2one	1	92.8074
Pou4f1	ENSMUSG00000048349	POU4F1	ENSMFAG00000064810	ortholog_one2one	1	99.0499
Pou4f2	ENSMUSG00000031688	POU4F2	ENSMFAG00000041516	ortholog_one2one	1	97.0803
Pou4f3	ENSMUSG00000024497	POU4F3	ENSMFAG00000037381	ortholog_one2one	1	99.1124
Pou6f1	ENSMUSG00000009739	POU6F1	ENSMFAG00000044336	ortholog_one2one	1	91.4754
Pou6f2	ENSMUSG00000009734	POU6F2	ENSMFAG00000035869	ortholog_one2one	1	92.7198
Pp2d1	ENSMUSG00000044957	PP2D1	ENSMFAG00000036979	ortholog_one2one	1	56.129
Ppa1	ENSMUSG00000020089	PPA1	ENSMFAG00000043098	ortholog_one2one	1	88.2353
Ppa2	ENSMUSG00000028013	PPA2	ENSMFAG00000040113	ortholog_one2one	1	73.0303
Ppara	ENSMUSG00000022383	PPARA	ENSMFAG00000031738	ortholog_one2one	1	92.094
Ppard	ENSMUSG00000002250	PPARD	ENSMFAG00000036921	ortholog_one2one	1	87.2727
Pparg	ENSMUSG00000000440	PPARG	ENSMFAG00000034317	ortholog_one2one	1	98.5263
Ppargc1a	ENSMUSG00000029167	PPARGC1A	ENSMFAG00000000534	ortholog_one2one	1	92.3463
Ppargc1b	ENSMUSG00000033871	PPARGC1B	ENSMFAG00000042269	ortholog_one2one	1	80.1775
Ppat	ENSMUSG00000029246	PPAT	ENSMFAG00000041933	ortholog_one2one	1	92.8433
Ppcs	ENSMUSG00000028636	PPCS	ENSMFAG00000040979	ortholog_one2one	1	82.6367
Ppef1	ENSMUSG00000062168	PPEF1	ENSMFAG00000032152	ortholog_one2one	1	70.3077
Ppef2	ENSMUSG00000029410	PPEF2	ENSMFAG00000045101	ortholog_one2one	1	81.2417
Ppfia1	ENSMUSG00000037519	PPFIA1	ENSMFAG00000032570	ortholog_one2one	1	95.6302
Ppfia2	ENSMUSG00000053825	PPFIA2	ENSMFAG00000031204	ortholog_one2one	1	98.8862
Ppfia4	ENSMUSG00000026458	PPFIA4	ENSMFAG00000000167	ortholog_one2one	1	94.6791
Ppfibp1	ENSMUSG00000016487	PPFIBP1	ENSMFAG00000036882	ortholog_one2one	1	90.2993
Ppfibp2	ENSMUSG00000036528	PPFIBP2	ENSMFAG00000039977	ortholog_one2one	1	89.5522
Pphln1	ENSMUSG00000036167	PPHLN1	ENSMFAG00000002382	ortholog_one2one	1	80.8874
Ppib	ENSMUSG00000032383	PPIB	ENSMFAG00000000853	ortholog_one2one	1	93.9815
Ppic	ENSMUSG00000024538	PPIC	ENSMFAG00000033147	ortholog_one2one	1	91.0377
Ppie	ENSMUSG00000028651	PPIE	ENSMFAG00000002082	ortholog_one2one	1	98.3389
Ppil1	ENSMUSG00000024007	PPIL1	ENSMFAG00000046250	ortholog_one2one	1	98.1928
Ppil2	ENSMUSG00000022771	PPIL2	ENSMFAG00000054474	ortholog_one2one	1	85.9885
Ppil3	ENSMUSG00000026035	PPIL3	ENSMFAG00000038708	ortholog_one2one	1	97.5155
Ppil4	ENSMUSG00000015757	PPIL4	ENSMFAG00000032721	ortholog_one2one	1	96.748
Ppil6	ENSMUSG00000078451	PPIL6	ENSMFAG00000041361	ortholog_one2one	1	71.885
Ppip5k2	ENSMUSG00000040648	PPIP5K2	ENSMFAG00000031770	ortholog_one2one	1	95.7412
Ppm1a	ENSMUSG00000021096	PPM1A	ENSMFAG00000001498	ortholog_one2one	1	98.1675
Ppm1b	ENSMUSG00000061130	PPM1B	ENSMFAG00000000709	ortholog_one2one	1	91.6143
Ppm1e	ENSMUSG00000046442	PPM1E	ENSMFAG00000034316	ortholog_one2one	1	86.7824
Ppm1f	ENSMUSG00000026181	PPM1F	ENSMFAG00000000642	ortholog_one2one	1	78.9823
Ppm1g	ENSMUSG00000029147	PPM1G	ENSMFAG00000035526	ortholog_one2one	1	94.6494
Ppm1h	ENSMUSG00000034613	PPM1H	ENSMFAG00000001240	ortholog_one2one	1	94.9318
Ppm1l	ENSMUSG00000027784	PPM1L	ENSMFAG00000041769	ortholog_one2one	1	99.4444
Ppm1m	ENSMUSG00000020253	PPM1M	ENSMFAG00000035503	ortholog_one2one	1	89.3939
Ppm1n	ENSMUSG00000030402	PPM1N	ENSMFAG00000040939	ortholog_one2one	1	75
Ppme1	ENSMUSG00000030718	PPME1	ENSMFAG00000031619	ortholog_one2one	1	92.487
Ppox	ENSMUSG00000062729	PPOX	ENSMFAG00000039953	ortholog_one2one	1	85.5346
Ppp1ca	ENSMUSG00000040385	PPP1CA	ENSMFAG00000001854	ortholog_one2one	1	94.8485
Ppp1r10	ENSMUSG00000039220	PPP1R10	ENSMFAG00000035544	ortholog_one2one	1	94.9324
Ppp1r11	ENSMUSG00000036398	PPP1R11	ENSMFAG00000001673	ortholog_one2one	1	85.4962
Ppp1r12a	ENSMUSG00000019907	PPP1R12A	ENSMFAG00000034239	ortholog_one2one	1	90.0875
Ppp1r12b	ENSMUSG00000073557	PPP1R12B	ENSMFAG00000003726	ortholog_one2one	1	89.8566
Ppp1r13b	ENSMUSG00000021285	PPP1R13B	ENSMFAG00000000305	ortholog_one2one	1	87.8565
Ppp1r14a	ENSMUSG00000037166	PPP1R14A	ENSMFAG00000040188	ortholog_one2one	1	63.2653
Ppp1r14b	ENSMUSG00000056612	PPP1R14B	ENSMFAG00000028668	ortholog_one2one	1	54.4554
Ppp1r15b	ENSMUSG00000046062	PPP1R15B	ENSMFAG00000039142	ortholog_one2one	1	68.0057
Ppp1r17	ENSMUSG00000002930	PPP1R17	ENSMFAG00000002182	ortholog_one2one	1	77.3585
Ppp1r18	ENSMUSG00000034595	PPP1R18	ENSMFAG00000002399	ortholog_one2one	1	67.5084
Ppp1r1c	ENSMUSG00000034683	PPP1R1C	ENSMFAG00000037755	ortholog_one2one	1	75.9259
Ppp1r21	ENSMUSG00000034709	PPP1R21	ENSMFAG00000032105	ortholog_one2one	1	90.8974
Ppp1r35	ENSMUSG00000029725	PPP1R35	ENSMFAG00000040018	ortholog_one2one	1	69.2308
Ppp1r36	ENSMUSG00000052221	PPP1R36	ENSMFAG00000000284	ortholog_one2one	1	72.5061
Ppp1r37	ENSMUSG00000051403	PPP1R37	ENSMFAG00000032067	ortholog_one2one	1	83.9888
Ppp1r3a	ENSMUSG00000042717	PPP1R3A	ENSMFAG00000053780	ortholog_one2one	1	63.7282
Ppp1r3c	ENSMUSG00000067279	PPP1R3C	ENSMFAG00000000348	ortholog_one2one	1	87.0662
Ppp1r3e	ENSMUSG00000072494	PPP1R3E	ENSMFAG00000041616	ortholog_one2one	1	66.3082
Ppp1r42	ENSMUSG00000025916	PPP1R42	ENSMFAG00000001342	ortholog_one2one	1	84.3137
Ppp1r8	ENSMUSG00000028882	PPP1R8	ENSMFAG00000001557	ortholog_one2one	1	98.0057
Ppp1r9a	ENSMUSG00000032827	PPP1R9A	ENSMFAG00000034343	ortholog_one2one	1	89.589
Ppp1r9b	ENSMUSG00000038976	PPP1R9B	ENSMFAG00000041494	ortholog_one2one	1	87.0257
Ppp2cb	ENSMUSG00000009630	PPP2CB	ENSMFAG00000038369	ortholog_one2one	1	100
Ppp2r1b	ENSMUSG00000032058	PPP2R1B	ENSMFAG00000046304	ortholog_one2one	1	96.173
Ppp2r2a	ENSMUSG00000022052	PPP2R2A	ENSMFAG00000045160	ortholog_one2one	1	99.1051
Ppp2r2b	ENSMUSG00000024500	PPP2R2B	ENSMFAG00000002611	ortholog_one2one	1	100
Ppp2r2d	ENSMUSG00000041769	PPP2R2D	ENSMFAG00000001365	ortholog_one2one	1	91.17
Ppp2r3a	ENSMUSG00000043154	PPP2R3A	ENSMFAG00000022133	ortholog_one2one	1	85.5652
Ppp2r3c	ENSMUSG00000021022	PPP2R3C	ENSMFAG00000033038	ortholog_one2one	1	98.0132
Ppp2r5a	ENSMUSG00000026626	PPP2R5A	ENSMFAG00000034643	ortholog_one2one	1	89.3004
Ppp2r5b	ENSMUSG00000024777	PPP2R5B	ENSMFAG00000041875	ortholog_one2one	1	98.5916
Ppp2r5d	ENSMUSG00000059409	PPP2R5D	ENSMFAG00000040153	ortholog_one2one	1	95.7692
Ppp2r5e	ENSMUSG00000021051	PPP2R5E	ENSMFAG00000039011	ortholog_one2one	1	99.7859
Ppp3ca	ENSMUSG00000028161	PPP3CA	ENSMFAG00000003655	ortholog_one2one	1	97.1564
Ppp3cb	ENSMUSG00000021816	PPP3CB	ENSMFAG00000032663	ortholog_one2one	1	96.9524
Ppp3cc	ENSMUSG00000022092	PPP3CC	ENSMFAG00000007036	ortholog_one2one	1	83.7165
Ppp3r1	ENSMUSG00000033953	PPP3R1	ENSMFAG00000031560	ortholog_one2one	1	99.4118
Ppp4c	ENSMUSG00000030697	PPP4C	ENSMFAG00000041016	ortholog_one2one	1	99.6743
Ppp4r1	ENSMUSG00000061950	PPP4R1	ENSMFAG00000041605	ortholog_one2one	1	82.0513
Ppp4r3b	ENSMUSG00000020463	PPP4R3B	ENSMFAG00000037701	ortholog_one2one	1	96.4634
Ppp4r4	ENSMUSG00000021209	PPP4R4	ENSMFAG00000031167	ortholog_one2one	1	90.7429
Ppp5c	ENSMUSG00000003099	PPP5C	ENSMFAG00000034179	ortholog_one2one	1	94.5892
Ppp6r1	ENSMUSG00000052296	PPP6R1	ENSMFAG00000001991	ortholog_one2one	1	78.8551
Ppp6r2	ENSMUSG00000036561	PPP6R2	ENSMFAG00000002797	ortholog_one2one	1	80.021
Ppp6r3	ENSMUSG00000024908	PPP6R3	ENSMFAG00000036974	ortholog_one2one	1	96.1054
Ppt2	ENSMUSG00000015474	PPT2	ENSMFAG00000018625	ortholog_one2one	1	93.3775
Pptc7	ENSMUSG00000038582	PPTC7	ENSMFAG00000047601	ortholog_one2one	1	91.9355
Ppwd1	ENSMUSG00000021713	PPWD1	ENSMFAG00000038527	ortholog_one2one	1	97.5232
Ppy	ENSMUSG00000017316	PPY	ENSMFAG00000038237	ortholog_one2one	1	57
Pqbp1	ENSMUSG00000031157	PQBP1	ENSMFAG00000029786	ortholog_one2one	1	87.8327
Pradc1	ENSMUSG00000030008	PRADC1	ENSMFAG00000043171	ortholog_one2one	1	97.3404
Praf2	ENSMUSG00000031149	PRAF2	ENSMFAG00000059455	ortholog_one2one	1	91.0112
Prag1	ENSMUSG00000050271	PRAG1	ENSMFAG00000035675	ortholog_one2one	1	77.1304
Prc1	ENSMUSG00000038943	PRC1	ENSMFAG00000040819	ortholog_one2one	1	82.5088
Prcd	ENSMUSG00000075410	PRCD	ENSMFAG00000028934	ortholog_one2one	1	73.5849
Prcp	ENSMUSG00000061119	PRCP	ENSMFAG00000031062	ortholog_one2one	1	77.8004
Prdm1	ENSMUSG00000038151	PRDM1	ENSMFAG00000037637	ortholog_one2one	1	87.7278
Prdm10	ENSMUSG00000042496	PRDM10	ENSMFAG00000031008	ortholog_one2one	1	95.6951
Prdm11	ENSMUSG00000075028	PRDM11	ENSMFAG00000045073	ortholog_one2one	1	95.0512
Prdm12	ENSMUSG00000079466	PRDM12	ENSMFAG00000040322	ortholog_one2one	1	96.9863
Prdm14	ENSMUSG00000042414	PRDM14	ENSMFAG00000044991	ortholog_one2one	1	68.984
Prdm15	ENSMUSG00000014039	PRDM15	ENSMFAG00000042871	ortholog_one2one	1	91.0761
Prdm16	ENSMUSG00000039410	PRDM16	ENSMFAG00000036508	ortholog_one2one	1	88.3229
Prdm5	ENSMUSG00000029913	PRDM5	ENSMFAG00000045845	ortholog_one2one	1	92.6544
Prdm6	ENSMUSG00000069378	PRDM6	ENSMFAG00000002537	ortholog_one2one	1	82.8859
Prdm8	ENSMUSG00000035456	PRDM8	ENSMFAG00000062412	ortholog_one2one	1	53.7791
Prdx1	ENSMUSG00000028691	PRDX1	ENSMFAG00000062110	ortholog_one2one	1	95.9799
Prdx2	ENSMUSG00000005161	PRDX2	ENSMFAG00000031614	ortholog_one2many	1	90.9091
Prdx3	ENSMUSG00000024997	PRDX3	ENSMFAG00000039826	ortholog_one2one	1	82.1012
Prdx4	ENSMUSG00000025289	PRDX4	ENSMFAG00000036346	ortholog_one2one	1	78.8321
Prdx5	ENSMUSG00000024953	PRDX5	ENSMFAG00000033198	ortholog_one2one	1	77.619
Prelid1	ENSMUSG00000021486	PRELID1	ENSMFAG00000003703	ortholog_one2one	1	96.3134
Prelid2	ENSMUSG00000056671	PRELID2	ENSMFAG00000032007	ortholog_one2one	1	70.0565
Prelid3a	ENSMUSG00000024530	PRELID3A	ENSMFAG00000042024	ortholog_one2one	1	86.0465
Prelid3b	ENSMUSG00000016257	PRELID3B	ENSMFAG00000039743	ortholog_one2one	1	93.3333
Prelp	ENSMUSG00000041577	PRELP	ENSMFAG00000040633	ortholog_one2one	1	91.5344
Prep	ENSMUSG00000019849	PREP	ENSMFAG00000038505	ortholog_one2one	1	95.9155
Prepl	ENSMUSG00000024127	PREPL	ENSMFAG00000038619	ortholog_one2one	1	84.5517
Prex1	ENSMUSG00000039621	PREX1	ENSMFAG00000000258	ortholog_one2one	1	88.7879
Prex2	ENSMUSG00000048960	PREX2	ENSMFAG00000031374	ortholog_one2one	1	93.617
Prf1	ENSMUSG00000037202	PRF1	ENSMFAG00000033010	ortholog_one2one	1	68.4116
Prg2	ENSMUSG00000027073	PRG2	ENSMFAG00000042008	ortholog_one2one	1	58.7444
Prg3	ENSMUSG00000027072	PRG3	ENSMFAG00000039521	ortholog_one2one	1	60.8108
Prg4	ENSMUSG00000006014	PRG4	ENSMFAG00000045020	ortholog_one2one	1	66.5848
Prickle1	ENSMUSG00000036158	PRICKLE1	ENSMFAG00000023175	ortholog_one2one	1	93.3894
Prickle3	ENSMUSG00000031145	PRICKLE3	ENSMFAG00000037781	ortholog_one2one	1	80.4487
Prickle4	ENSMUSG00000096549	PRICKLE4	ENSMFAG00000034421	ortholog_one2one	1	66.3957
Prim1	ENSMUSG00000025395	PRIM1	ENSMFAG00000036445	ortholog_one2one	1	86.0911
Primpol	ENSMUSG00000038225	PRIMPOL	ENSMFAG00000000469	ortholog_one2one	1	73.3706
Prkaa1	ENSMUSG00000050697	PRKAA1	ENSMFAG00000036296	ortholog_one2one	1	98.5689
Prkaa2	ENSMUSG00000028518	PRKAA2	ENSMFAG00000031683	ortholog_one2one	1	97.8261
Prkab1	ENSMUSG00000029513	PRKAB1	ENSMFAG00000002388	ortholog_one2one	1	92.5926
Prkaca	ENSMUSG00000005469	PRKACA	ENSMFAG00000004590	ortholog_one2one	1	98.0057
Prkacb	ENSMUSG00000005034	PRKACB	ENSMFAG00000044118	ortholog_one2one	1	95.1567
Prkag1	ENSMUSG00000067713	PRKAG1	ENSMFAG00000040023	ortholog_one2one	1	97.2727
Prkag2	ENSMUSG00000028944	PRKAG2	ENSMFAG00000000670	ortholog_one2one	1	92.3792
Prkar1b	ENSMUSG00000025855	PRKAR1B	ENSMFAG00000003127	ortholog_one2one	1	68.2415
Prkar2a	ENSMUSG00000032601	PRKAR2A	ENSMFAG00000045665	ortholog_one2one	1	87.3134
Prkar2b	ENSMUSG00000002997	PRKAR2B	ENSMFAG00000041581	ortholog_one2one	1	97.3558
Prkca	ENSMUSG00000050965	PRKCA	ENSMFAG00000027291	ortholog_one2one	1	99.7024
Prkcb	ENSMUSG00000052889	PRKCB	ENSMFAG00000031022	ortholog_one2one	1	94.6508
Prkcd	ENSMUSG00000021948	PRKCD	ENSMFAG00000000466	ortholog_one2one	1	90.6528
Prkce	ENSMUSG00000045038	PRKCE	ENSMFAG00000003236	ortholog_one2one	1	88.7381
Prkcg	ENSMUSG00000078816	PRKCG	ENSMFAG00000042553	ortholog_one2one	1	98.1349
Prkch	ENSMUSG00000021108	PRKCH	ENSMFAG00000030025	ortholog_one2one	1	96.7789
Prkci	ENSMUSG00000037643	PRKCI	ENSMFAG00000042910	ortholog_one2one	1	98.6555
Prkcq	ENSMUSG00000026778	PRKCQ	ENSMFAG00000038416	ortholog_one2one	1	90.9477
Prkd1	ENSMUSG00000002688	PRKD1	ENSMFAG00000039957	ortholog_one2one	1	93.7908
Prkd2	ENSMUSG00000041187	PRKD2	ENSMFAG00000045883	ortholog_one2one	1	83.3143
Prkd3	ENSMUSG00000024070	PRKD3	ENSMFAG00000037186	ortholog_one2one	1	95.7303
Prkg1	ENSMUSG00000052920	PRKG1	ENSMFAG00000042225	ortholog_one2one	1	91.3562
Prkg2	ENSMUSG00000029334	PRKG2	ENSMFAG00000037961	ortholog_one2one	1	96.8504
Prkn	ENSMUSG00000023826	PRKN	ENSMFAG00000002107	ortholog_one2one	1	84.0517
Prkra	ENSMUSG00000002731	PRKRA	ENSMFAG00000040213	ortholog_one2one	1	90.7348
Prkrip1	ENSMUSG00000039737	PRKRIP1	ENSMFAG00000018168	ortholog_one2one	1	72.5806
Prl	ENSMUSG00000021342	PRL	ENSMFAG00000000707	ortholog_one2many	1	60.0877
Prlh	ENSMUSG00000090550	PRLH	ENSMFAG00000043339	ortholog_one2one	1	69.7674
Prlhr	ENSMUSG00000045052	PRLHR	ENSMFAG00000030136	ortholog_one2one	1	71.3513
Prlr	ENSMUSG00000005268	PRLR	ENSMFAG00000039749	ortholog_one2one	1	68.5855
Prm2	ENSMUSG00000038015	PRM2	ENSMFAG00000039200	ortholog_one2one	1	64.486
Prmt1	ENSMUSG00000109324	PRMT1	ENSMFAG00000043429	ortholog_one2one	1	95.1807
Prmt3	ENSMUSG00000030505	PRMT3	ENSMFAG00000038053	ortholog_one2one	1	85.0379
Prmt5	ENSMUSG00000023110	PRMT5	ENSMFAG00000001324	ortholog_one2one	1	96.8603
Prmt7	ENSMUSG00000060098	PRMT7	ENSMFAG00000000563	ortholog_one2one	1	84.9711
Prmt8	ENSMUSG00000030350	PRMT8	ENSMFAG00000045030	ortholog_one2one	1	98.4772
Prmt9	ENSMUSG00000037134	PRMT9	ENSMFAG00000033194	ortholog_one2one	1	86.2884
Prnd	ENSMUSG00000027338	PRND	ENSMFAG00000053267	ortholog_one2one	1	72.067
Prnp	ENSMUSG00000079037	PRNP	ENSMFAG00000033814	ortholog_one2one	1	90.9449
Prodh2	ENSMUSG00000036892	PRODH2	ENSMFAG00000045422	ortholog_one2one	1	66.6667
Prok1	ENSMUSG00000070368	PROK1	ENSMFAG00000029321	ortholog_one2one	1	84.7619
Prok2	ENSMUSG00000030069	PROK2	ENSMFAG00000003820	ortholog_one2one	1	92.5234
Prokr2	ENSMUSG00000050558	PROKR2	ENSMFAG00000053526	ortholog_one2one	1	90.5512
Prom1	ENSMUSG00000029086	PROM1	ENSMFAG00000043852	ortholog_one2one	1	61.015
Prom2	ENSMUSG00000027376	PROM2	ENSMFAG00000043216	ortholog_one2one	1	72.9341
Prorp	ENSMUSG00000021023	PRORP	ENSMFAG00000001453	ortholog_one2one	1	79.1096
Pros1	ENSMUSG00000022912	PROS1	ENSMFAG00000043290	ortholog_one2one	1	77.7778
Proser1	ENSMUSG00000049504	PROSER1	ENSMFAG00000003151	ortholog_one2one	1	72.5082
Prox1	ENSMUSG00000010175	PROX1	ENSMFAG00000042228	ortholog_one2one	1	98.3718
Proz	ENSMUSG00000031445	PROZ	ENSMFAG00000042310	ortholog_one2one	1	65.9148
Prpf18	ENSMUSG00000039449	PRPF18	ENSMFAG00000000540	ortholog_one2one	1	99.1228
Prpf19	ENSMUSG00000024735	PRPF19	ENSMFAG00000036743	ortholog_one2one	1	99.4048
Prpf3	ENSMUSG00000015748	PRPF3	ENSMFAG00000039791	ortholog_one2one	1	99.4143
Prpf31	ENSMUSG00000008373	PRPF31	ENSMFAG00000001108	ortholog_one2one	1	87.1743
Prpf38a	ENSMUSG00000063800	PRPF38A	ENSMFAG00000039449	ortholog_one2one	1	98.7179
Prpf4	ENSMUSG00000066148	PRPF4	ENSMFAG00000039397	ortholog_one2one	1	98.6564
Prpf40a	ENSMUSG00000061136	PRPF40A	ENSMFAG00000038480	ortholog_one2one	1	96.7603
Prpf40b	ENSMUSG00000023007	PRPF40B	ENSMFAG00000035637	ortholog_one2one	1	84.5974
Prpf4b	ENSMUSG00000021413	PRP4K	ENSMFAG00000018980	ortholog_one2one	1	95.432
Prpf6	ENSMUSG00000002455	PRPF6	ENSMFAG00000037542	ortholog_one2one	1	91.0733
Prpf8	ENSMUSG00000020850	PRPF8	ENSMFAG00000039995	ortholog_one2one	1	97.7302
Prph	ENSMUSG00000023484	PRPH	ENSMFAG00000050077	ortholog_one2one	1	93.8947
Prph2	ENSMUSG00000023978	PRPH2	ENSMFAG00000037918	ortholog_one2one	1	91.3295
Prps1	ENSMUSG00000031432	PRPS1	ENSMFAG00000000839	ortholog_one2many	1	100
Prps1l1	ENSMUSG00000092305	PRPS1L1	ENSMFAG00000039072	ortholog_one2one	1	93.7107
Prps2	ENSMUSG00000025742	PRPS2	ENSMFAG00000031505	ortholog_one2one	1	98.4277
Prpsap1	ENSMUSG00000015869	PRPSAP1	ENSMFAG00000039106	ortholog_one2one	1	91.9481
Prr11	ENSMUSG00000020493	PRR11	ENSMFAG00000000572	ortholog_one2one	1	72.5543
Prr14	ENSMUSG00000030822	PRR14	ENSMFAG00000037718	ortholog_one2one	1	72.0588
Prr14l	ENSMUSG00000054280	PRR14L	ENSMFAG00000042505	ortholog_one2one	1	58.5997
Prr15	ENSMUSG00000045725	PRR15	ENSMFAG00000023520	ortholog_one2one	1	69.6721
Prr15l	ENSMUSG00000047040	PRR15L	ENSMFAG00000030161	ortholog_one2one	1	87
Prr16	ENSMUSG00000073565	PRR16	ENSMFAG00000003359	ortholog_one2one	1	92.4342
Prr19	ENSMUSG00000058741	PRR19	ENSMFAG00000036917	ortholog_one2one	1	68.306
Prr3	ENSMUSG00000038500	PRR3	ENSMFAG00000045525	ortholog_one2one	1	82.1053
Prr35	ENSMUSG00000025727	PRR35	ENSMFAG00000042806	ortholog_one2one	1	62.8722
Prr5l	ENSMUSG00000032841	PRR5L	ENSMFAG00000059336	ortholog_one2one	1	91.3513
Prr7	ENSMUSG00000034686	PRR7	ENSMFAG00000004546	ortholog_one2one	1	96.2825
Prr9	ENSMUSG00000056270	PRR9	ENSMFAG00000012240	ortholog_one2one	1	81.0345
Prrc1	ENSMUSG00000024594	PRRC1	ENSMFAG00000044127	ortholog_one2one	1	86.0045
Prrc2b	ENSMUSG00000039262	PRRC2B	ENSMFAG00000002662	ortholog_one2one	1	85.4709
Prrc2c	ENSMUSG00000040225	PRRC2C	ENSMFAG00000000519	ortholog_one2one	1	81.8693
Prrg2	ENSMUSG00000007837	PRRG2	ENSMFAG00000034285	ortholog_one2one	1	70.7071
Prrg3	ENSMUSG00000033361	PRRG3	ENSMFAG00000040208	ortholog_one2one	1	92.6407
Prrg4	ENSMUSG00000027171	PRRG4	ENSMFAG00000001744	ortholog_one2one	1	73.0089
Prrt1	ENSMUSG00000015476	PRRT1	ENSMFAG00000032011	ortholog_one2one	1	92.8105
Prrt2	ENSMUSG00000045114	PRRT2	ENSMFAG00000032833	ortholog_one2one	1	77.4566
Prrt3	ENSMUSG00000045009	PRRT3	ENSMFAG00000037735	ortholog_one2one	1	65.1235
Prrx1	ENSMUSG00000026586	PRRX1	ENSMFAG00000050061	ortholog_one2one	1	99.5918
Prrx2	ENSMUSG00000039476	PRRX2	ENSMFAG00000061112	ortholog_one2one	1	65.9919
Prss12	ENSMUSG00000027978	PRSS12	ENSMFAG00000031132	ortholog_one2one	1	79.5007
Prss21	ENSMUSG00000024116	PRSS21	ENSMFAG00000044877	ortholog_one2one	1	59.8765
Prss22	ENSMUSG00000045027	PRSS22	ENSMFAG00000034056	ortholog_one2one	1	72.9642
Prss23	ENSMUSG00000039405	PRSS23	ENSMFAG00000036910	ortholog_one2one	1	91.0995
Prss33	ENSMUSG00000049620	PRSS33	ENSMFAG00000002503	ortholog_one2one	1	76.8953
Prss35	ENSMUSG00000033491	PRSS35	ENSMFAG00000030491	ortholog_one2one	1	77.7506
Prss36	ENSMUSG00000070371	PRSS36	ENSMFAG00000045915	ortholog_one2one	1	80.533
Prss37	ENSMUSG00000029909	PRSS37	ENSMFAG00000033856	ortholog_one2one	1	83.1224
Prss38	ENSMUSG00000049291	PRSS38	ENSMFAG00000045626	ortholog_one2one	1	59.0062
Prss48	ENSMUSG00000049013	PRSS48	ENSMFAG00000041886	ortholog_one2one	1	60.8974
Prss50	ENSMUSG00000048752	PRSS50	ENSMFAG00000042197	ortholog_one2one	1	54.2141
Prss53	ENSMUSG00000044139	PRSS53	ENSMFAG00000002496	ortholog_one2one	1	70.8333
Prss54	ENSMUSG00000048400	PRSS54	ENSMFAG00000045884	ortholog_one2one	1	60.8355
Prss57	ENSMUSG00000020323	PRSS57	ENSMFAG00000031218	ortholog_one2one	1	66.1972
Prss58	ENSMUSG00000051936	PRSS58	ENSMFAG00000040057	ortholog_one2one	1	65.1452
Prss8	ENSMUSG00000030800	PRSS8	ENSMFAG00000032014	ortholog_one2one	1	74.0413
Prtg	ENSMUSG00000036030	PRTG	ENSMFAG00000038722	ortholog_one2one	1	87.2376
Prune2	ENSMUSG00000039126	PRUNE2	ENSMFAG00000046406	ortholog_one2one	1	68.2231
Prx	ENSMUSG00000053198	PRX	ENSMFAG00000044290	ortholog_one2one	1	77.9296
Prxl2a	ENSMUSG00000021792	PRXL2A	ENSMFAG00000043331	ortholog_one2one	1	87.3362
Prxl2c	ENSMUSG00000021482	PRXL2C	ENSMFAG00000053521	ortholog_one2one	1	74.7788
Psap	ENSMUSG00000004207	PSAP	ENSMFAG00000031057	ortholog_one2one	1	61.3718
Psca	ENSMUSG00000022598	PSCA	ENSMFAG00000061175	ortholog_one2one	1	58.5366
Psd	ENSMUSG00000037126	PSD	ENSMFAG00000000282	ortholog_one2one	1	91.6992
Psd2	ENSMUSG00000024347	PSD2	ENSMFAG00000035669	ortholog_one2one	1	81.3019
Psd4	ENSMUSG00000026979	PSD4	ENSMFAG00000040672	ortholog_one2one	1	68.8557
Psen1	ENSMUSG00000019969	PSEN1	ENSMFAG00000000113	ortholog_one2one	1	92.7195
Psen2	ENSMUSG00000010609	PSEN2	ENSMFAG00000000107	ortholog_one2one	1	95.7589
Psip1	ENSMUSG00000028484	PSIP1	ENSMFAG00000045606	ortholog_one2one	1	92.2348
Pskh1	ENSMUSG00000048310	PSKH1	ENSMFAG00000034697	ortholog_one2one	1	97.1698
Psma1	ENSMUSG00000030751	PSMA1	ENSMFAG00000036829	ortholog_one2one	1	97.7186
Psma2	ENSMUSG00000015671	PSMA2	ENSMFAG00000032277	ortholog_one2one	1	99.5726
Psma4	ENSMUSG00000032301	PSMA4	ENSMFAG00000002125	ortholog_one2one	1	98.8506
Psma5	ENSMUSG00000068749	PSMA5	ENSMFAG00000000081	ortholog_one2one	1	100
Psma7	ENSMUSG00000027566	PSMA7	ENSMFAG00000000723	ortholog_one2one	1	99.1936
Psma8	ENSMUSG00000036743	PSMA8	ENSMFAG00000011562	ortholog_one2one	1	95.2
Psmb10	ENSMUSG00000031897	PSMB10	ENSMFAG00000036794	ortholog_one2one	1	86.8132
Psmb11	ENSMUSG00000072423	PSMB11	ENSMFAG00000010271	ortholog_one2one	1	82.4503
Psmb2	ENSMUSG00000028837	PSMB2	ENSMFAG00000002319	ortholog_one2one	1	96.5174
Psmb3	ENSMUSG00000069744	PSMB3	ENSMFAG00000038360	ortholog_one2one	1	99.0244
Psmb4	ENSMUSG00000005779	PSMB4	ENSMFAG00000033442	ortholog_one2one	1	93.9394
Psmb5	ENSMUSG00000022193	PSMB5	ENSMFAG00000040803	ortholog_one2one	1	92.4242
Psmb6	ENSMUSG00000018286	PSMB6	ENSMFAG00000045002	ortholog_one2one	1	93.6975
Psmb7	ENSMUSG00000026750	PSMB7	ENSMFAG00000002588	ortholog_one2one	1	96.0289
Psmb9	ENSMUSG00000096727	PSMB9	ENSMFAG00000038128	ortholog_one2one	1	88.5845
Psmc1	ENSMUSG00000021178	PSMC1	ENSMFAG00000003028	ortholog_one2one	1	99.7727
Psmc2	ENSMUSG00000028932	PSMC2	ENSMFAG00000042533	ortholog_one2one	1	99.7691
Psmc3	ENSMUSG00000002102	PSMC3	ENSMFAG00000003854	ortholog_one2one	1	98.6425
Psmc3ip	ENSMUSG00000019303	PSMC3IP	ENSMFAG00000044078	ortholog_one2one	1	83.871
Psmc4	ENSMUSG00000030603	PSMC4	ENSMFAG00000034580	ortholog_one2one	1	99.7608
Psmc5	ENSMUSG00000020708	PSMC5	ENSMFAG00000044054	ortholog_one2many	1	98.0296
Psmc6	ENSMUSG00000021832	PSMC6	ENSMFAG00000036774	ortholog_one2many	1	100
Psmd1	ENSMUSG00000026229	PSMD1	ENSMFAG00000002397	ortholog_one2one	1	98.9507
Psmd10	ENSMUSG00000031429	PSMD10	ENSMFAG00000038788	ortholog_one2one	1	91.342
Psmd11	ENSMUSG00000017428	PSMD11	ENSMFAG00000039747	ortholog_one2one	1	99.763
Psmd12	ENSMUSG00000020720	PSMD12	ENSMFAG00000032701	ortholog_one2one	1	97.5877
Psmd13	ENSMUSG00000025487	PSMD13	ENSMFAG00000032216	ortholog_one2one	1	87.766
Psmd14	ENSMUSG00000026914	PSMD14	ENSMFAG00000002257	ortholog_one2one	1	87.0968
Psmd2	ENSMUSG00000006998	PSMD2	ENSMFAG00000037802	ortholog_one2one	1	98.7885
Psmd3	ENSMUSG00000017221	PSMD3	ENSMFAG00000038256	ortholog_one2one	1	91.3208
Psmd4	ENSMUSG00000005625	PSMD4	ENSMFAG00000000623	ortholog_one2one	1	96.2766
Psmd5	ENSMUSG00000026869	PSMD5	ENSMFAG00000003663	ortholog_one2one	1	89.6825
Psmd7	ENSMUSG00000039067	PSMD7	ENSMFAG00000038857	ortholog_one2one	1	62.9283
Psmd8	ENSMUSG00000030591	PSMD8	ENSMFAG00000032204	ortholog_one2one	1	89.2351
Psmd9	ENSMUSG00000029440	PSMD9	ENSMFAG00000037177	ortholog_one2one	1	85.5856
Psme1	ENSMUSG00000022216	PSME1	ENSMFAG00000043002	ortholog_one2one	1	94.7791
Psme2	ENSMUSG00000079197	PSME2	ENSMFAG00000039077	ortholog_one2many	1	94.1423
Psme3	ENSMUSG00000078652	PSME3	ENSMFAG00000046232	ortholog_one2one	1	97.2441
Psme3ip1	ENSMUSG00000031774	PSME3IP1	ENSMFAG00000001258	ortholog_one2one	1	92.5197
Psme4	ENSMUSG00000040850	PSME4	ENSMFAG00000003418	ortholog_one2one	1	95.5507
Psmf1	ENSMUSG00000032869	PSMF1	ENSMFAG00000002683	ortholog_one2one	1	83.3948
Psmg3	ENSMUSG00000029551	PSMG3	ENSMFAG00000043635	ortholog_one2one	1	91.8033
Psmg4	ENSMUSG00000071451	PSMG4	ENSMFAG00000039884	ortholog_one2one	1	89.4309
Psors1c2	ENSMUSG00000024409	PSORS1C2	ENSMFAG00000053880	ortholog_one2one	1	72.5926
Pspc1	ENSMUSG00000021938	PSPC1	ENSMFAG00000032728	ortholog_one2one	1	97.5143
Psrc1	ENSMUSG00000068744	PSRC1	ENSMFAG00000030547	ortholog_one2one	1	71.4286
Pstk	ENSMUSG00000063179	PSTK	ENSMFAG00000036565	ortholog_one2one	1	59.0529
Pstpip1	ENSMUSG00000032322	PSTPIP1	ENSMFAG00000041249	ortholog_one2one	1	89.1566
Pstpip2	ENSMUSG00000025429	PSTPIP2	ENSMFAG00000037150	ortholog_one2one	1	82.9341
Ptafr	ENSMUSG00000056529	PTAFR	ENSMFAG00000063827	ortholog_one2one	1	81.8182
Ptar1	ENSMUSG00000074925	PTAR1	ENSMFAG00000039090	ortholog_one2one	1	87.2642
Ptbp1	ENSMUSG00000006498	PTBP1	ENSMFAG00000038325	ortholog_one2one	1	89.5496
Ptbp2	ENSMUSG00000028134	PTBP2	ENSMFAG00000008183	ortholog_one2one	1	99.6234
Ptbp3	ENSMUSG00000028382	PTBP3	ENSMFAG00000041265	ortholog_one2one	1	95.6023
Ptcd1	ENSMUSG00000029624	PTCD1	ENSMFAG00000041324	ortholog_one2one	1	73.9568
Ptcd2	ENSMUSG00000021650	PTCD2	ENSMFAG00000031516	ortholog_one2one	1	72.4409
Ptcd3	ENSMUSG00000063884	PTCD3	ENSMFAG00000042757	ortholog_one2one	1	75.4744
Ptch1	ENSMUSG00000021466	PTCH1	ENSMFAG00000031893	ortholog_one2one	1	92.5384
Ptch2	ENSMUSG00000028681	PTCH2	ENSMFAG00000035339	ortholog_one2one	1	90.9475
Ptchd1	ENSMUSG00000041552	PTCHD1	ENSMFAG00000056214	ortholog_one2one	1	98.0856
Ptchd4	ENSMUSG00000042256	PTCHD4	ENSMFAG00000035367	ortholog_one2one	1	97.5664
Ptdss2	ENSMUSG00000025495	PTDSS2	ENSMFAG00000000791	ortholog_one2one	1	89.2178
Pter	ENSMUSG00000026730	PTER	ENSMFAG00000045890	ortholog_one2one	1	87.6791
Ptf1a	ENSMUSG00000026735	PTF1A	ENSMFAG00000031191	ortholog_one2one	1	83.9506
Ptgds	ENSMUSG00000015090	PTGDS	ENSMFAG00000003811	ortholog_one2one	1	70.3704
Ptger4	ENSMUSG00000039942	PTGER4	ENSMFAG00000040505	ortholog_one2one	1	88.5246
Ptges	ENSMUSG00000050737	PTGES	ENSMFAG00000038160	ortholog_one2one	1	79.085
Ptges3	ENSMUSG00000071072	PTGES3	ENSMFAG00000045371	ortholog_one2many	1	98.125
Ptgfr	ENSMUSG00000028036	PTGFR	ENSMFAG00000041229	ortholog_one2one	1	87.4317
Ptgfrn	ENSMUSG00000027864	PTGFRN	ENSMFAG00000038301	ortholog_one2one	1	87.372
Ptgis	ENSMUSG00000017969	PTGIS	ENSMFAG00000033233	ortholog_one2one	1	85.6287
Ptgr1	ENSMUSG00000028378	PTGR1	ENSMFAG00000036279	ortholog_one2one	1	66.5653
Ptgr2	ENSMUSG00000072946	PTGR2	ENSMFAG00000045904	ortholog_one2one	1	86.0399
Ptgr3	ENSMUSG00000049090	PTGR3	ENSMFAG00000063377	ortholog_one2one	1	88.8594
Ptgs1	ENSMUSG00000047250	PTGS1	ENSMFAG00000046283	ortholog_one2one	1	73.0897
Ptgs2	ENSMUSG00000032487	PTGS2	ENSMFAG00000029066	ortholog_one2one	1	87.0861
Pth	ENSMUSG00000059077	PTH	ENSMFAG00000032854	ortholog_one2one	1	66.087
Pth1r	ENSMUSG00000032492	PTH1R	ENSMFAG00000033228	ortholog_one2one	1	82.4027
Pth2r	ENSMUSG00000025946	PTH2R	ENSMFAG00000000697	ortholog_one2one	1	70.1465
Pthlh	ENSMUSG00000048776	PTHLH	ENSMFAG00000003152	ortholog_one2one	1	86.2857
Ptk2	ENSMUSG00000022607	PTK2	ENSMFAG00000001164	ortholog_one2one	1	93.8701
Ptk2b	ENSMUSG00000059456	PTK2B	ENSMFAG00000003719	ortholog_one2one	1	95.5401
Ptk6	ENSMUSG00000038751	PTK6	ENSMFAG00000042934	ortholog_one2one	1	80.2661
Ptk7	ENSMUSG00000023972	PTK7	ENSMFAG00000044413	ortholog_one2one	1	91.7137
Ptn	ENSMUSG00000029838	PTN	ENSMFAG00000045099	ortholog_one2one	1	97.0238
Ptov1	ENSMUSG00000038502	PTOV1	ENSMFAG00000003953	ortholog_one2one	1	92.3077
Ptp4a2	ENSMUSG00000028788	PTP4A2	ENSMFAG00000038041	ortholog_one2one	1	98.8024
Ptpa	ENSMUSG00000039515	PTPA	ENSMFAG00000036348	ortholog_one2one	1	96.5944
Ptpdc1	ENSMUSG00000038042	PTPDC1	ENSMFAG00000001618	ortholog_one2one	1	78.1794
Ptpmt1	ENSMUSG00000063235	PTPMT1	ENSMFAG00000042995	ortholog_one2one	1	83.4197
Ptpn1	ENSMUSG00000027540	PTPN1	ENSMFAG00000033177	ortholog_one2one	1	83.3333
Ptpn11	ENSMUSG00000043733	PTPN11	ENSMFAG00000046302	ortholog_one2many	1	93.086
Ptpn12	ENSMUSG00000028771	PTPN12	ENSMFAG00000030934	ortholog_one2one	1	84.3871
Ptpn14	ENSMUSG00000026604	PTPN14	ENSMFAG00000001580	ortholog_one2one	1	88.3936
Ptpn18	ENSMUSG00000026126	PTPN18	ENSMFAG00000003200	ortholog_one2one	1	55.6291
Ptpn2	ENSMUSG00000024539	PTPN2	ENSMFAG00000044539	ortholog_one2one	1	89.7661
Ptpn20	ENSMUSG00000021940	PTPN20	ENSMFAG00000032692	ortholog_one2one	1	62.6761
Ptpn22	ENSMUSG00000027843	PTPN22	ENSMFAG00000041733	ortholog_one2one	1	71.197
Ptpn3	ENSMUSG00000038764	PTPN3	ENSMFAG00000035170	ortholog_one2one	1	89.3757
Ptpn4	ENSMUSG00000026384	PTPN4	ENSMFAG00000037071	ortholog_one2one	1	94.8164
Ptpn5	ENSMUSG00000030854	PTPN5	ENSMFAG00000034300	ortholog_one2one	1	80.5915
Ptpn6	ENSMUSG00000004266	PTPN6	ENSMFAG00000033356	ortholog_one2one	1	94.7899
Ptpn7	ENSMUSG00000031506	PTPN7	ENSMFAG00000039305	ortholog_one2one	1	93.3148
Ptpn9	ENSMUSG00000032290	PTPN9	ENSMFAG00000040965	ortholog_one2one	1	97.3019
Ptpra	ENSMUSG00000027303	PTPRA	ENSMFAG00000033743	ortholog_one2one	1	95.2081
Ptprb	ENSMUSG00000020154	PTPRB	ENSMFAG00000001175	ortholog_one2one	1	84.6346
Ptprc	ENSMUSG00000026395	PTPRC	ENSMFAG00000044827	ortholog_one2one	1	66.8213
Ptprd	ENSMUSG00000028399	PTPRD	ENSMFAG00000031323	ortholog_one2one	1	97.9989
Ptpre	ENSMUSG00000041836	PTPRE	ENSMFAG00000003527	ortholog_one2one	1	94.081
Ptprg	ENSMUSG00000121513	PTPRG	ENSMFAG00000044130	ortholog_one2one	1	94.4521
Ptprh	ENSMUSG00000035429	PTPRH	ENSMFAG00000045778	ortholog_one2many	1	56.6426
Ptprj	ENSMUSG00000025314	PTPRJ	ENSMFAG00000003968	ortholog_one2one	1	64.2222
Ptprk	ENSMUSG00000019889	PTPRK	ENSMFAG00000038674	ortholog_one2one	1	98.6796
Ptprm	ENSMUSG00000033278	PTPRM	ENSMFAG00000002650	ortholog_one2one	1	97.5207
Ptprn	ENSMUSG00000026204	PTPRN	ENSMFAG00000029064	ortholog_one2one	1	86.4424
Ptpro	ENSMUSG00000030223	PTPRO	ENSMFAG00000034143	ortholog_one2one	1	90.9462
Ptprq	ENSMUSG00000035916	PTPRQ	ENSMFAG00000044210	ortholog_one2one	1	86.2174
Ptprr	ENSMUSG00000020151	PTPRR	ENSMFAG00000032342	ortholog_one2one	1	88.8719
Ptprt	ENSMUSG00000053141	PTPRT	ENSMFAG00000002480	ortholog_one2one	1	98.3275
Ptpru	ENSMUSG00000028909	PTPRU	ENSMFAG00000001608	ortholog_one2one	1	90.3203
Ptprz1	ENSMUSG00000068748	PTPRZ1	ENSMFAG00000032576	ortholog_one2one	1	81.7787
Ptrh1	ENSMUSG00000053746	PTRH1	ENSMFAG00000001700	ortholog_one2one	1	82.3529
Ptrh2	ENSMUSG00000072582	PTRH2	ENSMFAG00000036307	ortholog_one2one	1	77.9006
Ptrhd1	ENSMUSG00000096199	PTRHD1	ENSMFAG00000040267	ortholog_one2one	1	80.7143
Pts	ENSMUSG00000032067	PTS	ENSMFAG00000035549	ortholog_one2one	1	51.073
Pttg1	ENSMUSG00000020415	PTTG1	ENSMFAG00000036180	ortholog_one2one	1	73.3668
Pttg1ip	ENSMUSG00000009291	PTTG1IP	ENSMFAG00000033191	ortholog_one2one	1	72.9885
Ptx3	ENSMUSG00000027832	PTX3	ENSMFAG00000040863	ortholog_one2one	1	81.6273
Ptx4	ENSMUSG00000044172	PTX4	ENSMFAG00000031460	ortholog_one2one	1	63.6929
Puf60	ENSMUSG00000002524	PUF60	ENSMFAG00000043373	ortholog_one2one	1	97.3392
Pum1	ENSMUSG00000028580	PUM1	ENSMFAG00000010291	ortholog_one2one	1	98.8215
Pum2	ENSMUSG00000020594	PUM2	ENSMFAG00000000492	ortholog_one2one	1	97.7444
Pum3	ENSMUSG00000041360	PUM3	ENSMFAG00000001430	ortholog_one2one	1	90.1082
Purb	ENSMUSG00000094483	PURB	ENSMFAG00000002908	ortholog_one2one	1	94.7531
Purg	ENSMUSG00000049184	PURG	ENSMFAG00000033747	ortholog_one2one	1	80
Pus10	ENSMUSG00000020280	PUS10	ENSMFAG00000000611	ortholog_one2one	1	86.7173
Pus3	ENSMUSG00000032103	PUS3	ENSMFAG00000041002	ortholog_one2one	1	83.9917
Pus7	ENSMUSG00000057541	PUS7	ENSMFAG00000046201	ortholog_one2one	1	88.7879
Pus7l	ENSMUSG00000033356	PUS7L	ENSMFAG00000041689	ortholog_one2one	1	71.2251
Pvalb	ENSMUSG00000005716	PVALB	ENSMFAG00000043667	ortholog_one2one	1	84.5455
Pwp1	ENSMUSG00000001785	PWP1	ENSMFAG00000036367	ortholog_one2one	1	89.6208
Pwp2	ENSMUSG00000032834	PWP2	ENSMFAG00000044448	ortholog_one2one	1	89.3362
Pwwp2a	ENSMUSG00000044950	PWWP2A	ENSMFAG00000027720	ortholog_one2one	1	87.3973
Pwwp3a	ENSMUSG00000020156	PWWP3A	ENSMFAG00000039690	ortholog_one2one	1	62.4633
Pwwp3b	ENSMUSG00000042515	PWWP3B	ENSMFAG00000057275	ortholog_one2one	1	58.7372
Pxdc1	ENSMUSG00000021411	PXDC1	ENSMFAG00000044456	ortholog_one2one	1	92.6407
Pxk	ENSMUSG00000033885	PXK	ENSMFAG00000031688	ortholog_one2one	1	92.0962
Pxmp2	ENSMUSG00000029499	PXMP2	ENSMFAG00000001706	ortholog_one2one	1	73.057
Pxn	ENSMUSG00000029528	PXN	ENSMFAG00000031289	ortholog_one2one	1	78.8969
Pxylp1	ENSMUSG00000043587	PXYLP1	ENSMFAG00000045625	ortholog_one2one	1	88.3333
Pycr1	ENSMUSG00000025140	PYCR1	ENSMFAG00000040932	ortholog_one2one	1	89.644
Pycr3	ENSMUSG00000022571	PYCR3	ENSMFAG00000030365	ortholog_one2one	1	78.4672
Pygb	ENSMUSG00000033059	PYGB	ENSMFAG00000033575	ortholog_one2one	1	88.968
Pygl	ENSMUSG00000021069	PYGL	ENSMFAG00000006403	ortholog_one2one	1	94.4706
Pygm	ENSMUSG00000032648	PYGM	ENSMFAG00000039378	ortholog_one2one	1	96.9121
Pygo1	ENSMUSG00000034910	PYGO1	ENSMFAG00000033302	ortholog_one2one	1	89.4484
Pygo2	ENSMUSG00000047824	PYGO2	ENSMFAG00000045066	ortholog_one2one	1	88.3951
Pym1	ENSMUSG00000064030	PYM1	ENSMFAG00000003048	ortholog_one2one	1	86.1386
Pyroxd1	ENSMUSG00000041671	PYROXD1	ENSMFAG00000000929	ortholog_one2one	1	84.5382
Pyroxd2	ENSMUSG00000060224	PYROXD2	ENSMFAG00000034078	ortholog_one2one	1	79.0017
Qars1	ENSMUSG00000032604	QARS1	ENSMFAG00000033478	ortholog_one2one	1	89.5484
Qdpr	ENSMUSG00000015806	QDPR	ENSMFAG00000039731	ortholog_one2one	1	93.7759
Qki	ENSMUSG00000062078	QKI	ENSMFAG00000044069	ortholog_one2one	1	100
Qng1	ENSMUSG00000021550	QNG1	ENSMFAG00000041147	ortholog_one2one	1	78.1065
Qpct	ENSMUSG00000024084	QPCT	ENSMFAG00000038124	ortholog_one2one	1	81.4917
Qpctl	ENSMUSG00000030407	QPCTL	ENSMFAG00000009032	ortholog_one2one	1	84.8564
Qrfp	ENSMUSG00000043102	QRFP	ENSMFAG00000056880	ortholog_one2one	1	67.7419
Qrich1	ENSMUSG00000006673	QRICH1	ENSMFAG00000030312	ortholog_one2one	1	99.3565
Qser1	ENSMUSG00000074994	QSER1	ENSMFAG00000042029	ortholog_one2one	1	77.2393
Qsox1	ENSMUSG00000033684	QSOX1	ENSMFAG00000039984	ortholog_one2one	1	70.3209
Qsox2	ENSMUSG00000036327	QSOX2	ENSMFAG00000000173	ortholog_one2one	1	75.8998
Qtrt1	ENSMUSG00000002825	QTRT1	ENSMFAG00000044529	ortholog_one2one	1	87.8412
Qtrt2	ENSMUSG00000022704	QTRT2	ENSMFAG00000039762	ortholog_one2one	1	85.7831
R3hcc1	ENSMUSG00000034194	R3HCC1	ENSMFAG00000032894	ortholog_one2one	1	65.3689
R3hcc1l	ENSMUSG00000025184	R3HCC1L	ENSMFAG00000036084	ortholog_one2one	1	64.3871
R3hdm1	ENSMUSG00000056211	R3HDM1	ENSMFAG00000030331	ortholog_one2one	1	90.6608
R3hdm2	ENSMUSG00000025404	R3HDM2	ENSMFAG00000036385	ortholog_one2one	1	95.4023
R3hdm4	ENSMUSG00000035781	R3HDM4	ENSMFAG00000044131	ortholog_one2one	1	83.2061
R3hdml	ENSMUSG00000078949	R3HDML	ENSMFAG00000038530	ortholog_one2one	1	79.4466
Rab11a	ENSMUSG00000004771	RAB11A	ENSMFAG00000000699	ortholog_one2one	1	93.9815
Rab11fip1	ENSMUSG00000031488	RAB11FIP1	ENSMFAG00000059688	ortholog_one2one	1	68.2676
Rab11fip2	ENSMUSG00000040022	RAB11FIP2	ENSMFAG00000000822	ortholog_one2one	1	92.9688
Rab11fip4	ENSMUSG00000017639	RAB11FIP4	ENSMFAG00000036401	ortholog_one2one	1	92.9134
Rab11fip5	ENSMUSG00000051343	RAB11FIP5	ENSMFAG00000026056	ortholog_one2one	1	74.5827
Rab12	ENSMUSG00000023460	RAB12	ENSMFAG00000043551	ortholog_one2one	1	82.8179
Rab13	ENSMUSG00000027935	RAB13	ENSMFAG00000041018	ortholog_one2one	1	92.0792
Rab14	ENSMUSG00000026878	RAB14	ENSMFAG00000047714	ortholog_one2one	1	100
Rab15	ENSMUSG00000021062	RAB15	ENSMFAG00000045048	ortholog_one2one	1	99.0566
Rab17	ENSMUSG00000026304	RAB17	ENSMFAG00000036950	ortholog_one2one	1	75.2336
Rab19	ENSMUSG00000029923	RAB19	ENSMFAG00000003529	ortholog_one2one	1	88.4793
Rab1a	ENSMUSG00000020149	RAB1A	ENSMFAG00000046246	ortholog_one2many	1	96.5854
Rab1b	ENSMUSG00000024870	RAB1B	ENSMFAG00000040560	ortholog_one2one	1	96.5174
Rab21	ENSMUSG00000020132	RAB21	ENSMFAG00000044317	ortholog_one2one	1	97.2973
Rab22a	ENSMUSG00000027519	RAB22A	ENSMFAG00000044247	ortholog_one2one	1	61.0294
Rab24	ENSMUSG00000034789	RAB24	ENSMFAG00000045651	ortholog_one2one	1	98.5222
Rab25	ENSMUSG00000008601	RAB25	ENSMFAG00000000115	ortholog_one2one	1	90.6103
Rab26	ENSMUSG00000079657	RAB26	ENSMFAG00000045162	ortholog_one2one	1	85.7692
Rab27a	ENSMUSG00000032202	RAB27A	ENSMFAG00000003317	ortholog_one2one	1	96.8326
Rab27b	ENSMUSG00000024511	RAB27B	ENSMFAG00000002806	ortholog_one2one	1	94.9541
Rab28	ENSMUSG00000029128	RAB28	ENSMFAG00000037037	ortholog_one2one	1	80.0948
Rab2a	ENSMUSG00000047187	RAB2A	ENSMFAG00000037805	ortholog_one2one	1	97.1698
Rab2b	ENSMUSG00000022159	RAB2B	ENSMFAG00000027114	ortholog_one2one	1	89.3519
Rab30	ENSMUSG00000030643	RAB30	ENSMFAG00000063424	ortholog_one2one	1	100
Rab31	ENSMUSG00000056515	RAB31	ENSMFAG00000038727	ortholog_one2one	1	94.8718
Rab33a	ENSMUSG00000031104	RAB33A	ENSMFAG00000002604	ortholog_one2one	1	98.3122
Rab33b	ENSMUSG00000027739	RAB33B	ENSMFAG00000003290	ortholog_one2one	1	94.7598
Rab34	ENSMUSG00000002059	RAB34	ENSMFAG00000045768	ortholog_one2one	1	91.1197
Rab35	ENSMUSG00000029518	RAB35	ENSMFAG00000038261	ortholog_one2one	1	92.5373
Rab36	ENSMUSG00000020175	RAB36	ENSMFAG00000003128	ortholog_one2one	1	88.015
Rab38	ENSMUSG00000030559	RAB38	ENSMFAG00000044903	ortholog_one2one	1	97.1564
Rab39	ENSMUSG00000055069	RAB39A	ENSMFAG00000043510	ortholog_one2one	1	97.235
Rab3a	ENSMUSG00000031840	RAB3A	ENSMFAG00000030826	ortholog_one2one	1	97.2727
Rab3b	ENSMUSG00000003411	RAB3B	ENSMFAG00000056941	ortholog_one2one	1	97.2603
Rab3c	ENSMUSG00000021700	RAB3C	ENSMFAG00000002574	ortholog_one2one	1	97.3568
Rab3d	ENSMUSG00000019066	RAB3D	ENSMFAG00000002065	ortholog_one2one	1	94.9772
Rab3gap1	ENSMUSG00000036104	RAB3GAP1	ENSMFAG00000026109	ortholog_one2one	1	91.7749
Rab3gap2	ENSMUSG00000039318	RAB3GAP2	ENSMFAG00000035771	ortholog_one2one	1	89.3295
Rab3il1	ENSMUSG00000024663	RAB3IL1	ENSMFAG00000045583	ortholog_one2one	1	84.8564
Rab3ip	ENSMUSG00000064181	RAB3IP	ENSMFAG00000032638	ortholog_one2one	1	90.4348
Rab40c	ENSMUSG00000025730	RAB40C	ENSMFAG00000038800	ortholog_one2one	1	99.2883
Rab42	ENSMUSG00000089687	RAB42	ENSMFAG00000060532	ortholog_one2one	1	77.2093
Rab43	ENSMUSG00000030055	RAB43	ENSMFAG00000040013	ortholog_one2one	1	91.4286
Rab44	ENSMUSG00000064147	RAB44	ENSMFAG00000000117	ortholog_one2one	1	63.3094
Rab4a	ENSMUSG00000019478	RAB4A	ENSMFAG00000038822	ortholog_one2one	1	85.3211
Rab4b	ENSMUSG00000053291	RAB4B	ENSMFAG00000033349	ortholog_one2one	1	99.5305
Rab5a	ENSMUSG00000017831	RAB5A	ENSMFAG00000002326	ortholog_one2many	1	99.0698
Rab5b	ENSMUSG00000000711	RAB5B	ENSMFAG00000029992	ortholog_one2one	1	97.6744
Rab5c	ENSMUSG00000019173	RAB5C	ENSMFAG00000039627	ortholog_one2one	1	98.6111
Rab6a	ENSMUSG00000030704	RAB6A	ENSMFAG00000041027	ortholog_one2one	1	85.7143
Rab6b	ENSMUSG00000032549	RAB6B	ENSMFAG00000057696	ortholog_one2one	1	100
Rab7b	ENSMUSG00000052688	RAB7B	ENSMFAG00000059436	ortholog_one2one	1	88.4422
Rab8b	ENSMUSG00000036943	RAB8B	ENSMFAG00000054576	ortholog_one2one	1	97.1014
Rab9	ENSMUSG00000079316	RAB9A	ENSMFAG00000023380	ortholog_one2one	1	95.0249
Rabac1	ENSMUSG00000003380	RABAC1	ENSMFAG00000030347	ortholog_one2one	1	95.1351
Rabgap1	ENSMUSG00000035437	RABGAP1	ENSMFAG00000043446	ortholog_one2one	1	97.4624
Rabgap1l	ENSMUSG00000026721	RABGAP1L	ENSMFAG00000034332	ortholog_one2one	1	93.1288
Rabgef1	ENSMUSG00000025340	RABGEF1	ENSMFAG00000000685	ortholog_one2one	1	95.3157
Rabggta	ENSMUSG00000040472	RABGGTA	ENSMFAG00000004938	ortholog_one2one	1	90.4762
Rabif	ENSMUSG00000042229	RABIF	ENSMFAG00000037667	ortholog_one2one	1	65.7143
Rabl3	ENSMUSG00000022827	RABL3	ENSMFAG00000031923	ortholog_one2one	1	92.7966
Rac1	ENSMUSG00000001847	RAC1	ENSMFAG00000045457	ortholog_one2one	1	100
Rac2	ENSMUSG00000033220	RAC2	ENSMFAG00000000606	ortholog_one2one	1	93.2292
Rac3	ENSMUSG00000018012	RAC3	ENSMFAG00000007057	ortholog_one2one	1	95.8333
Racgap1	ENSMUSG00000023015	RACGAP1	ENSMFAG00000022656	ortholog_one2one	1	85.0318
Rad1	ENSMUSG00000022248	RAD1	ENSMFAG00000012657	ortholog_one2one	1	90.7143
Rad17	ENSMUSG00000021635	RAD17	ENSMFAG00000031075	ortholog_one2one	1	80.2326
Rad18	ENSMUSG00000030254	RAD18	ENSMFAG00000028864	ortholog_one2one	1	69.2453
Rad21	ENSMUSG00000022314	RAD21	ENSMFAG00000032636	ortholog_one2one	1	96.378
Rad21l	ENSMUSG00000074704	RAD21L1	ENSMFAG00000032243	ortholog_one2one	1	74.0942
Rad23a	ENSMUSG00000003813	RAD23A	ENSMFAG00000003404	ortholog_one2one	1	93.4853
Rad23b	ENSMUSG00000028426	RAD23B	ENSMFAG00000031929	ortholog_one2one	1	89.1827
Rad51	ENSMUSG00000027323	RAD51	ENSMFAG00000044559	ortholog_one2one	1	98.8201
Rad51b	ENSMUSG00000059060	RAD51B	ENSMFAG00000043482	ortholog_one2one	1	84.5714
Rad51c	ENSMUSG00000007646	RAD51C	ENSMFAG00000002129	ortholog_one2one	1	86.8852
Rad52	ENSMUSG00000030166	RAD52	ENSMFAG00000000966	ortholog_one2one	1	69.7619
Rad54b	ENSMUSG00000078773	RAD54B	ENSMFAG00000031629	ortholog_one2one	1	79.9097
Rad54l2	ENSMUSG00000040661	RAD54L2	ENSMFAG00000041836	ortholog_one2one	1	86.5031
Rad9a	ENSMUSG00000024824	RAD9A	ENSMFAG00000041314	ortholog_one2one	1	81.2339
Rad9b	ENSMUSG00000038569	RAD9B	ENSMFAG00000042879	ortholog_one2one	1	65.5087
Radx	ENSMUSG00000042498	RADX	ENSMFAG00000031623	ortholog_one2one	1	78.9164
Rae1	ENSMUSG00000027509	RAE1	ENSMFAG00000043344	ortholog_one2one	1	92.9348
Raf1	ENSMUSG00000000441	RAF1	ENSMFAG00000038061	ortholog_one2one	1	97.8395
Rag1	ENSMUSG00000061311	RAG1	ENSMFAG00000011988	ortholog_one2one	1	80
Rai1	ENSMUSG00000062115	RAI1	ENSMFAG00000002488	ortholog_one2one	1	82.8481
Rai14	ENSMUSG00000022246	RAI14	ENSMFAG00000043837	ortholog_one2one	1	84.9847
Rai2	ENSMUSG00000043518	RAI2	ENSMFAG00000001310	ortholog_one2one	1	89.225
Rala	ENSMUSG00000008859	RALA	ENSMFAG00000001704	ortholog_one2one	1	99.5146
Ralb	ENSMUSG00000004451	RALB	ENSMFAG00000038532	ortholog_one2one	1	94.6602
Ralgapa1	ENSMUSG00000021027	RALGAPA1	ENSMFAG00000043770	ortholog_one2one	1	90.1103
Ralgapa2	ENSMUSG00000037110	RALGAPA2	ENSMFAG00000039275	ortholog_one2one	1	87.1348
Ralgapb	ENSMUSG00000027652	RALGAPB	ENSMFAG00000039697	ortholog_one2one	1	97.2575
Ralgps1	ENSMUSG00000038831	RALGPS1	ENSMFAG00000035476	ortholog_one2one	1	96.9231
Ralgps2	ENSMUSG00000026594	RALGPS2	ENSMFAG00000001541	ortholog_one2one	1	95.4644
Raly	ENSMUSG00000027593	RALY	ENSMFAG00000033131	ortholog_one2one	1	82.0946
Ralyl	ENSMUSG00000039717	RALYL	ENSMFAG00000001707	ortholog_one2one	1	94.8805
Ramp3	ENSMUSG00000041046	RAMP3	ENSMFAG00000045498	ortholog_one2one	1	82.9932
Ranbp1	ENSMUSG00000005732	RANBP1	ENSMFAG00000045937	ortholog_one2one	1	91.133
Ranbp10	ENSMUSG00000037415	RANBP10	ENSMFAG00000035893	ortholog_one2one	1	94.6774
Ranbp17	ENSMUSG00000040594	RANBP17	ENSMFAG00000034347	ortholog_one2one	1	90.7169
Ranbp2	ENSMUSG00000003226	RANBP2	ENSMFAG00000029029	ortholog_one2one	1	87.6187
Ranbp3l	ENSMUSG00000048424	RANBP3L	ENSMFAG00000014218	ortholog_one2one	1	69.0428
Ranbp9	ENSMUSG00000038546	RANBP9	ENSMFAG00000032796	ortholog_one2one	1	52.8169
Rangap1	ENSMUSG00000022391	RANGAP1	ENSMFAG00000040386	ortholog_one2one	1	87.2666
Rangrf	ENSMUSG00000032892	RANGRF	ENSMFAG00000043650	ortholog_one2one	1	90.8108
Rap1a	ENSMUSG00000068798	RAP1A	ENSMFAG00000034202	ortholog_one2one	1	100
Rap1b	ENSMUSG00000052681	RAP1B	ENSMFAG00000046085	ortholog_one2one	1	100
Rap1gap	ENSMUSG00000041351	RAP1GAP	ENSMFAG00000001962	ortholog_one2one	1	87.8955
Rap1gds1	ENSMUSG00000028149	RAP1GDS1	ENSMFAG00000000128	ortholog_one2one	1	85.8456
Rap2a	ENSMUSG00000051615	RAP2A	ENSMFAG00000036715	ortholog_one2one	1	100
Rap2b	ENSMUSG00000036894	RAP2B	ENSMFAG00000006078	ortholog_one2one	1	100
Rap2c	ENSMUSG00000050029	RAP2C	ENSMFAG00000032245	ortholog_one2one	1	100
Rapgef1	ENSMUSG00000039844	RAPGEF1	ENSMFAG00000038154	ortholog_one2one	1	91.8969
Rapgef2	ENSMUSG00000062232	RAPGEF2	ENSMFAG00000043639	ortholog_one2one	1	94.385
Rapgef3	ENSMUSG00000022469	RAPGEF3	ENSMFAG00000034209	ortholog_one2one	1	87.365
Rapgef4	ENSMUSG00000049044	RAPGEF4	ENSMFAG00000044653	ortholog_one2one	1	95.7468
Rapgef6	ENSMUSG00000037533	RAPGEF6	ENSMFAG00000033294	ortholog_one2one	1	91.6927
Rapgefl1	ENSMUSG00000038020	RAPGEFL1	ENSMFAG00000001426	ortholog_one2one	1	59.8187
Rapsn	ENSMUSG00000002104	RAPSN	ENSMFAG00000037957	ortholog_one2one	1	79.1262
Rara	ENSMUSG00000037992	RARA	ENSMFAG00000032189	ortholog_one2one	1	93.29
Rarb	ENSMUSG00000017491	RARB	ENSMFAG00000046169	ortholog_one2one	1	98.4375
Rarg	ENSMUSG00000001288	RARG	ENSMFAG00000016523	ortholog_one2one	1	89.4855
Rarres1	ENSMUSG00000049404	RARRES1	ENSMFAG00000023184	ortholog_one2one	1	72.4382
Rars1	ENSMUSG00000018848	RARS1	ENSMFAG00000030272	ortholog_one2one	1	89.8485
Rars2	ENSMUSG00000028292	RARS2	ENSMFAG00000039420	ortholog_one2one	1	85.6401
Rasa1	ENSMUSG00000021549	RASA1	ENSMFAG00000037698	ortholog_one2one	1	95.7611
Rasa3	ENSMUSG00000031453	RASA3	ENSMFAG00000000503	ortholog_one2one	1	88.2494
Rasal1	ENSMUSG00000029602	RASAL1	ENSMFAG00000016595	ortholog_one2one	1	78.4731
Rasal2	ENSMUSG00000070565	RASAL2	ENSMFAG00000032705	ortholog_one2one	1	95.6454
Rasd1	ENSMUSG00000049892	RASD1	ENSMFAG00000050070	ortholog_one2one	1	96.7857
Rasgef1a	ENSMUSG00000030134	RASGEF1A	ENSMFAG00000044017	ortholog_one2one	1	78.9279
Rasgef1b	ENSMUSG00000089809	RASGEF1B	ENSMFAG00000045661	ortholog_one2one	1	97.0339
Rasgrf1	ENSMUSG00000032356	RASGRF1	ENSMFAG00000005368	ortholog_one2one	1	84.0729
Rasgrf2	ENSMUSG00000021708	RASGRF2	ENSMFAG00000003054	ortholog_one2one	1	95.0378
Rasgrp1	ENSMUSG00000027347	RASGRP1	ENSMFAG00000030248	ortholog_one2one	1	89.5597
Rasgrp2	ENSMUSG00000032946	RASGRP2	ENSMFAG00000019272	ortholog_one2one	1	96.5461
Rasgrp3	ENSMUSG00000071042	RASGRP3	ENSMFAG00000045281	ortholog_one2one	1	94.356
Rasgrp4	ENSMUSG00000030589	RASGRP4	ENSMFAG00000040225	ortholog_one2one	1	85.8841
Rasl10a	ENSMUSG00000034209	RASL10A	ENSMFAG00000036387	ortholog_one2one	1	52.7094
Rasl11a	ENSMUSG00000029641	RASL11A	ENSMFAG00000044628	ortholog_one2one	1	88.4297
Rasl11b	ENSMUSG00000049907	RASL11B	ENSMFAG00000037233	ortholog_one2one	1	88.2591
Rasl12	ENSMUSG00000041696	RASL12	ENSMFAG00000040074	ortholog_one2one	1	93.609
Rassf2	ENSMUSG00000027339	RASSF2	ENSMFAG00000042354	ortholog_one2one	1	86.1963
Rassf4	ENSMUSG00000042129	RASSF4	ENSMFAG00000031803	ortholog_one2one	1	84.472
Rassf5	ENSMUSG00000026430	RASSF5	ENSMFAG00000042279	ortholog_one2one	1	82.5666
Rassf6	ENSMUSG00000029370	RASSF6	ENSMFAG00000036430	ortholog_one2one	1	75.6598
Rassf7	ENSMUSG00000038618	RASSF7	ENSMFAG00000019478	ortholog_one2one	1	76.3231
Rassf8	ENSMUSG00000030259	RASSF8	ENSMFAG00000001620	ortholog_one2one	1	91.6468
Rassf9	ENSMUSG00000044921	RASSF9	ENSMFAG00000039584	ortholog_one2one	1	84.1379
Raver1	ENSMUSG00000010205	RAVER1	ENSMFAG00000037977	ortholog_one2one	1	87.5668
Raver2	ENSMUSG00000035275	RAVER2	ENSMFAG00000031436	ortholog_one2one	1	78.6033
Rax	ENSMUSG00000024518	RAX	ENSMFAG00000036531	ortholog_one2one	1	86.5497
Rb1	ENSMUSG00000022105	RB1	ENSMFAG00000004544	ortholog_one2one	1	90.9881
Rb1cc1	ENSMUSG00000025907	RB1CC1	ENSMFAG00000001661	ortholog_one2one	1	89.9874
Rbbp4	ENSMUSG00000057236	RBBP4	ENSMFAG00000039274	ortholog_one2one	1	100
Rbbp5	ENSMUSG00000026439	RBBP5	ENSMFAG00000038790	ortholog_one2one	1	99.0706
Rbbp6	ENSMUSG00000030779	RBBP6	ENSMFAG00000038627	ortholog_one2one	1	88.2682
Rbbp7	ENSMUSG00000031353	RBBP7	ENSMFAG00000034492	ortholog_one2one	1	99.2941
Rbbp8	ENSMUSG00000041238	RBBP8	ENSMFAG00000032138	ortholog_one2one	1	68.4211
Rbbp8nl	ENSMUSG00000038980	RBBP8NL	ENSMFAG00000037646	ortholog_one2one	1	60.7492
Rbbp9	ENSMUSG00000027428	RBBP9	ENSMFAG00000058087	ortholog_one2one	1	91.9355
Rbck1	ENSMUSG00000027466	RBCK1	ENSMFAG00000042138	ortholog_one2one	1	90.9449
Rbfox1	ENSMUSG00000008658	RBFOX1	ENSMFAG00000036447	ortholog_one2one	1	77.3148
Rbfox2	ENSMUSG00000033565	RBFOX2	ENSMFAG00000031994	ortholog_one2one	1	80.6897
Rbfox3	ENSMUSG00000025576	RBFOX3	ENSMFAG00000002247	ortholog_one2one	1	74.3902
Rbks	ENSMUSG00000029136	RBKS	ENSMFAG00000042165	ortholog_one2one	1	86.0681
Rbl1	ENSMUSG00000027641	RBL1	ENSMFAG00000030714	ortholog_one2one	1	90.1223
Rbl2	ENSMUSG00000031666	RBL2	ENSMFAG00000039132	ortholog_one2one	1	76.7401
Rbm10	ENSMUSG00000031060	RBM10	ENSMFAG00000032405	ortholog_one2one	1	86.4009
Rbm11	ENSMUSG00000032940	RBM11	ENSMFAG00000039455	ortholog_one2one	1	78.5714
Rbm12b1	ENSMUSG00000046667	RBM12B	ENSMFAG00000045430	ortholog_one2many	1	75
Rbm12b2	ENSMUSG00000052137	RBM12B	ENSMFAG00000045430	ortholog_one2many	1	75.4197
Rbm14	ENSMUSG00000006456	RBM14	ENSMFAG00000003827	ortholog_one2one	1	98.3558
Rbm15	ENSMUSG00000048109	RBM15	ENSMFAG00000029929	ortholog_one2one	1	94.5946
Rbm17	ENSMUSG00000037197	RBM17	ENSMFAG00000035521	ortholog_one2one	1	97.5309
Rbm18	ENSMUSG00000026889	RBM18	ENSMFAG00000000443	ortholog_one2one	1	98.9474
Rbm19	ENSMUSG00000029594	RBM19	ENSMFAG00000046091	ortholog_one2one	1	76.1555
Rbm20	ENSMUSG00000043639	RBM20	ENSMFAG00000036795	ortholog_one2one	1	75.2294
Rbm22	ENSMUSG00000024604	RBM22	ENSMFAG00000004034	ortholog_one2one	1	84.2857
Rbm24	ENSMUSG00000038132	RBM24	ENSMFAG00000034396	ortholog_one2one	1	98.7288
Rbm25	ENSMUSG00000010608	RBM25	ENSMFAG00000040040	ortholog_one2one	1	98.926
Rbm26	ENSMUSG00000022119	RBM26	ENSMFAG00000044633	ortholog_one2one	1	97.0209
Rbm27	ENSMUSG00000024491	RBM27	ENSMFAG00000042337	ortholog_one2one	1	95.0249
Rbm28	ENSMUSG00000029701	RBM28	ENSMFAG00000031036	ortholog_one2one	1	78.2667
Rbm33	ENSMUSG00000048271	RBM33	ENSMFAG00000030258	ortholog_one2one	1	79.4476
Rbm39	ENSMUSG00000027620	RBM39	ENSMFAG00000042593	ortholog_one2many	1	96.7557
Rbm4	ENSMUSG00000094936	RBM4	ENSMFAG00000052468	ortholog_one2one	1	96.1219
Rbm41	ENSMUSG00000031433	RBM41	ENSMFAG00000041338	ortholog_one2one	1	85.7143
Rbm42	ENSMUSG00000036733	RBM42	ENSMFAG00000002758	ortholog_one2one	1	96.8619
Rbm43	ENSMUSG00000036249	RBM43	ENSMFAG00000031648	ortholog_one2one	1	57.7259
Rbm44	ENSMUSG00000070732	RBM44	ENSMFAG00000002416	ortholog_one2one	1	56.4659
Rbm45	ENSMUSG00000042369	RBM45	ENSMFAG00000042524	ortholog_one2one	1	90.1261
Rbm48	ENSMUSG00000040302	RBM48	ENSMFAG00000029561	ortholog_one2one	1	67.1159
Rbm5	ENSMUSG00000032580	RBM5	ENSMFAG00000031609	ortholog_one2one	1	98.1595
Rbm6	ENSMUSG00000032582	RBM6	ENSMFAG00000046650	ortholog_one2one	1	89.4454
Rbm7	ENSMUSG00000042396	RBM7	ENSMFAG00000000965	ortholog_one2one	1	85.283
Rbm8a	ENSMUSG00000038374	RBM8A	ENSMFAG00000045376	ortholog_one2many	1	93.1034
Rbms1	ENSMUSG00000026970	RBMS1	ENSMFAG00000000274	ortholog_one2one	1	91.5633
Rbms2	ENSMUSG00000040043	RBMS2	ENSMFAG00000002049	ortholog_one2one	1	88.7728
Rbms3	ENSMUSG00000039607	RBMS3	ENSMFAG00000033300	ortholog_one2one	1	91.0843
Rbmx2	ENSMUSG00000031107	RBMX2	ENSMFAG00000041017	ortholog_one2many	1	75.7669
Rbp1	ENSMUSG00000046402	RBP1	ENSMFAG00000031658	ortholog_one2one	1	96.2963
Rbp2	ENSMUSG00000032454	RBP2	ENSMFAG00000039548	ortholog_one2one	1	83.5821
Rbp3	ENSMUSG00000041534	RBP3	ENSMFAG00000038867	ortholog_one2one	1	84.9271
Rbp4	ENSMUSG00000024990	RBP4	ENSMFAG00000042546	ortholog_one2one	1	86.5672
Rbp7	ENSMUSG00000028996	RBP7	ENSMFAG00000036052	ortholog_one2one	1	78.3582
Rbpj	ENSMUSG00000039191	RBPJ	ENSMFAG00000001779	ortholog_one2one	1	97.5359
Rbpjl	ENSMUSG00000017007	RBPJL	ENSMFAG00000041142	ortholog_one2one	1	87.3786
Rbpms2	ENSMUSG00000032387	RBPMS2	ENSMFAG00000045343	ortholog_one2one	1	82.0388
Rbsn	ENSMUSG00000014550	RBSN	ENSMFAG00000052478	ortholog_one2one	1	82.3755
Rc3h1	ENSMUSG00000040423	RC3H1	ENSMFAG00000033725	ortholog_one2one	1	94.0708
Rc3h2	ENSMUSG00000075376	RC3H2	ENSMFAG00000035621	ortholog_one2one	1	94.7767
Rcan1	ENSMUSG00000022951	RCAN1	ENSMFAG00000000212	ortholog_one2one	1	87.8788
Rcan2	ENSMUSG00000039601	RCAN2	ENSMFAG00000036451	ortholog_one2one	1	86.802
Rcan3	ENSMUSG00000059713	RCAN3	ENSMFAG00000032259	ortholog_one2one	1	90.3766
Rcbtb2	ENSMUSG00000022106	RCBTB2	ENSMFAG00000042366	ortholog_one2one	1	93.8294
Rcc1	ENSMUSG00000028896	RCC1	ENSMFAG00000039145	ortholog_one2one	1	93.8242
Rcc1l	ENSMUSG00000061979	RCC1L	ENSMFAG00000021544	ortholog_one2one	1	86.551
Rcc2	ENSMUSG00000040945	RCC2	ENSMFAG00000036601	ortholog_one2one	1	95.3846
Rccd1	ENSMUSG00000038930	RCCD1	ENSMFAG00000044068	ortholog_one2one	1	67.9045
Rce1	ENSMUSG00000024889	RCE1	ENSMFAG00000001894	ortholog_one2one	1	95.1368
Rchy1	ENSMUSG00000029397	RCHY1	ENSMFAG00000036832	ortholog_one2one	1	90.4215
Rcl1	ENSMUSG00000024785	RCL1	ENSMFAG00000037906	ortholog_one2one	1	96.7828
Rcn1	ENSMUSG00000005973	RCN1	ENSMFAG00000029569	ortholog_one2one	1	62.4615
Rcn2	ENSMUSG00000032320	RCN2	ENSMFAG00000030940	ortholog_one2one	1	92.5
Rcor1	ENSMUSG00000037896	RCOR1	ENSMFAG00000038028	ortholog_one2one	1	93.5417
Rcor2	ENSMUSG00000024968	RCOR2	ENSMFAG00000039149	ortholog_one2one	1	97.8968
Rcor3	ENSMUSG00000037395	RCOR3	ENSMFAG00000000464	ortholog_one2one	1	87.4773
Rcsd1	ENSMUSG00000040723	RCSD1	ENSMFAG00000039084	ortholog_one2one	1	64.3204
Rd3	ENSMUSG00000049353	RD3	ENSMFAG00000062628	ortholog_one2one	1	85.1282
Rd3l	ENSMUSG00000091402	RD3L	ENSMFAG00000035352	ortholog_one2one	1	77.1574
Rdh10	ENSMUSG00000025921	RDH10	ENSMFAG00000031473	ortholog_one2one	1	98.827
Rdh11	ENSMUSG00000066441	RDH11	ENSMFAG00000038564	ortholog_one2one	1	83.8608
Rdh12	ENSMUSG00000021123	RDH12	ENSMFAG00000001102	ortholog_one2one	1	86.076
Rdh5	ENSMUSG00000025350	RDH5	ENSMFAG00000002032	ortholog_one2one	1	88.0503
Rdh8	ENSMUSG00000053773	RDH8	ENSMFAG00000042121	ortholog_one2one	1	82.0189
Rdx	ENSMUSG00000032050	RDX	ENSMFAG00000031656	ortholog_one2one	1	98.6278
Rec114	ENSMUSG00000074269	REC114	ENSMFAG00000003031	ortholog_one2one	1	67.9537
Rec8	ENSMUSG00000002324	REC8	ENSMFAG00000044083	ortholog_one2one	1	55.6684
Reck	ENSMUSG00000028476	RECK	ENSMFAG00000043543	ortholog_one2one	1	89.0834
Recql	ENSMUSG00000030243	RECQL	ENSMFAG00000031470	ortholog_one2one	1	85.3395
Recql5	ENSMUSG00000020752	RECQL5	ENSMFAG00000044550	ortholog_one2one	1	78.1059
Redic1	ENSMUSG00000078932	REDIC1	ENSMFAG00000033372	ortholog_one2one	1	52.454
Reep1	ENSMUSG00000052852	REEP1	ENSMFAG00000038270	ortholog_one2one	1	86.7647
Reep2	ENSMUSG00000038555	REEP2	ENSMFAG00000042585	ortholog_one2one	1	61.4173
Reep3	ENSMUSG00000019873	REEP3	ENSMFAG00000030436	ortholog_one2one	1	92.9134
Reep5	ENSMUSG00000005873	REEP5	ENSMFAG00000032842	ortholog_one2one	1	62.5
Reg4	ENSMUSG00000027876	REG4	ENSMFAG00000005388	ortholog_one2one	1	61.7834
Rel	ENSMUSG00000020275	REL	ENSMFAG00000038696	ortholog_one2one	1	75.3401
Rela	ENSMUSG00000024927	RELA	ENSMFAG00000033297	ortholog_one2one	1	87.9781
Relb	ENSMUSG00000002983	RELB	ENSMFAG00000032344	ortholog_one2one	1	83.3333
Relch	ENSMUSG00000026319	RELCH	ENSMFAG00000044668	ortholog_one2one	1	94.2434
Rell1	ENSMUSG00000047881	RELL1	ENSMFAG00000029954	ortholog_one2one	1	87.8676
Rell2	ENSMUSG00000044024	RELL2	ENSMFAG00000033304	ortholog_one2one	1	85.8086
Reln	ENSMUSG00000042453	RELN	ENSMFAG00000033948	ortholog_one2one	1	95.1431
Relt	ENSMUSG00000008318	RELT	ENSMFAG00000032863	ortholog_one2one	1	82.5688
Rem1	ENSMUSG00000000359	REM1	ENSMFAG00000042556	ortholog_one2one	1	88.2155
Rem2	ENSMUSG00000022176	REM2	ENSMFAG00000032788	ortholog_one2one	1	80.3519
Ren1	ENSMUSG00000070645	REN	ENSMFAG00000000992	ortholog_one2one	1	69.403
Renbp	ENSMUSG00000031387	RENBP	ENSMFAG00000044051	ortholog_one2one	1	76.5116
Rep15	ENSMUSG00000040121	REP15	ENSMFAG00000062839	ortholog_one2one	1	73.0435
Reps2	ENSMUSG00000040855	REPS2	ENSMFAG00000002922	ortholog_one2one	1	63.3094
Rer1	ENSMUSG00000029048	RER1	ENSMFAG00000032298	ortholog_one2one	1	91.3265
Rerg	ENSMUSG00000030222	RERG	ENSMFAG00000041631	ortholog_one2one	1	98.4925
Rest	ENSMUSG00000029249	REST	ENSMFAG00000038786	ortholog_one2one	1	65.342
Retnlb	ENSMUSG00000022650	RETNLB	ENSMFAG00000048833	ortholog_one2many	1	65.7143
Retnlg	ENSMUSG00000022651	RETNLB	ENSMFAG00000048833	ortholog_one2many	1	56.4103
Retreg1	ENSMUSG00000022270	RETREG1	ENSMFAG00000015961	ortholog_one2one	1	86.4583
Retreg2	ENSMUSG00000049339	RETREG2	ENSMFAG00000001474	ortholog_one2one	1	86.5065
Retreg3	ENSMUSG00000017802	RETREG3	ENSMFAG00000031382	ortholog_one2one	1	91.4163
Rev1	ENSMUSG00000026082	REV1	ENSMFAG00000043534	ortholog_one2one	1	83.9872
Rev3l	ENSMUSG00000019841	REV3L	ENSMFAG00000040266	ortholog_one2one	1	86.6111
Rex1bd	ENSMUSG00000058833	REX1BD	ENSMFAG00000044115	ortholog_one2one	1	73.3728
Rexo2	ENSMUSG00000032026	REXO2	ENSMFAG00000041155	ortholog_one2one	1	94.0928
Rexo4	ENSMUSG00000052406	REXO4	ENSMFAG00000042425	ortholog_one2one	1	63.4259
Rexo5	ENSMUSG00000030924	REXO5	ENSMFAG00000036613	ortholog_one2one	1	67.6781
Rfc1	ENSMUSG00000029191	RFC1	ENSMFAG00000041957	ortholog_one2one	1	83.6428
Rfc2	ENSMUSG00000023104	RFC2	ENSMFAG00000038578	ortholog_one2one	1	64.4699
Rfc4	ENSMUSG00000022881	RFC4	ENSMFAG00000030286	ortholog_one2one	1	90.9341
Rfc5	ENSMUSG00000029363	RFC5	ENSMFAG00000044172	ortholog_one2one	1	94.6903
Rfesd	ENSMUSG00000043190	RFESD	ENSMFAG00000037560	ortholog_one2one	1	87.2611
Rfk	ENSMUSG00000024712	RFK	ENSMFAG00000044343	ortholog_one2one	1	94.8387
Rfng	ENSMUSG00000025158	RFNG	ENSMFAG00000038569	ortholog_one2one	1	76.2048
Rft1	ENSMUSG00000052395	RFT1	ENSMFAG00000034584	ortholog_one2one	1	87.2458
Rftn2	ENSMUSG00000025978	RFTN2	ENSMFAG00000003082	ortholog_one2one	1	79.6
Rfx3	ENSMUSG00000040929	RFX3	ENSMFAG00000000237	ortholog_one2one	1	98.7984
Rfx5	ENSMUSG00000005774	RFX5	ENSMFAG00000033452	ortholog_one2one	1	73.2523
Rfx6	ENSMUSG00000019900	RFX6	ENSMFAG00000000913	ortholog_one2one	1	87.055
Rfx7	ENSMUSG00000037674	RFX7	ENSMFAG00000033176	ortholog_one2one	1	86.3605
Rfx8	ENSMUSG00000057173	RFX8	ENSMFAG00000034469	ortholog_one2one	1	68.1208
Rfxank	ENSMUSG00000036120	RFXANK	ENSMFAG00000003753	ortholog_one2one	1	62.9344
Rfxap	ENSMUSG00000036615	RFXAP	ENSMFAG00000043454	ortholog_one2one	1	76.6234
Rgcc	ENSMUSG00000022018	RGCC	ENSMFAG00000043030	ortholog_one2one	1	87.5912
Rgl1	ENSMUSG00000026482	RGL1	ENSMFAG00000032110	ortholog_one2one	1	94.2708
Rgl2	ENSMUSG00000041354	RGL2	ENSMFAG00000039597	ortholog_one2one	1	89.7172
Rgma	ENSMUSG00000070509	RGMA	ENSMFAG00000031750	ortholog_one2one	1	90.7489
Rgn	ENSMUSG00000023070	RGN	ENSMFAG00000040199	ortholog_one2one	1	89.9666
Rgp1	ENSMUSG00000028468	RGP1	ENSMFAG00000042193	ortholog_one2one	1	96.9309
Rgr	ENSMUSG00000021804	RGR	ENSMFAG00000043610	ortholog_one2one	1	81.0997
Rgs1	ENSMUSG00000026358	RGS1	ENSMFAG00000036716	ortholog_one2one	1	85.1675
Rgs11	ENSMUSG00000024186	RGS11	ENSMFAG00000034218	ortholog_one2one	1	78.2328
Rgs12	ENSMUSG00000029101	RGS12	ENSMFAG00000039419	ortholog_one2one	1	84.7212
Rgs13	ENSMUSG00000051079	RGS13	ENSMFAG00000033037	ortholog_one2one	1	81.6456
Rgs14	ENSMUSG00000052087	RGS14	ENSMFAG00000038737	ortholog_one2one	1	86.106
Rgs16	ENSMUSG00000026475	RGS16	ENSMFAG00000062737	ortholog_one2one	1	84.5771
Rgs17	ENSMUSG00000019775	RGS17	ENSMFAG00000039353	ortholog_one2one	1	91.9048
Rgs18	ENSMUSG00000026357	RGS18	ENSMFAG00000059808	ortholog_one2one	1	84.2553
Rgs19	ENSMUSG00000002458	RGS19	ENSMFAG00000032913	ortholog_one2one	1	91.6667
Rgs2	ENSMUSG00000026360	RGS2	ENSMFAG00000033433	ortholog_one2one	1	95.7346
Rgs21	ENSMUSG00000098509	RGS21	ENSMFAG00000060899	ortholog_one2one	1	88.1579
Rgs22	ENSMUSG00000037627	RGS22	ENSMFAG00000000941	ortholog_one2one	1	74.8013
Rgs3	ENSMUSG00000059810	RGS3	ENSMFAG00000046372	ortholog_one2one	1	78.1573
Rgs4	ENSMUSG00000038530	RGS4	ENSMFAG00000048267	ortholog_one2one	1	96.0976
Rgs5	ENSMUSG00000026678	RGS5	ENSMFAG00000042336	ortholog_one2one	1	84.5304
Rgs6	ENSMUSG00000021219	RGS6	ENSMFAG00000033074	ortholog_one2one	1	82.0408
Rgs7bp	ENSMUSG00000021719	RGS7BP	ENSMFAG00000045140	ortholog_one2one	1	94.9416
Rgs8	ENSMUSG00000042671	RGS8	ENSMFAG00000035700	ortholog_one2one	1	94.4444
Rgs9	ENSMUSG00000020599	RGS9	ENSMFAG00000035462	ortholog_one2one	1	89.1852
Rgsl1	ENSMUSG00000042641	RGSL1	ENSMFAG00000005623	ortholog_one2one	1	69.4043
Rhbdd1	ENSMUSG00000026142	RHBDD1	ENSMFAG00000030915	ortholog_one2one	1	73.6508
Rhbdd2	ENSMUSG00000039917	RHBDD2	ENSMFAG00000003041	ortholog_one2one	1	88.6427
Rhbdd3	ENSMUSG00000034175	RHBDD3	ENSMFAG00000043705	ortholog_one2one	1	76.1039
Rhbdf2	ENSMUSG00000020806	RHBDF2	ENSMFAG00000001987	ortholog_one2one	1	78.2346
Rhbdl1	ENSMUSG00000025735	RHBDL1	ENSMFAG00000032567	ortholog_one2one	1	65.1475
Rhbdl2	ENSMUSG00000043333	RHBDL2	ENSMFAG00000033099	ortholog_one2one	1	86.4238
Rhbdl3	ENSMUSG00000017692	RHBDL3	ENSMFAG00000041020	ortholog_one2one	1	66.5842
Rhbg	ENSMUSG00000104445	RHBG	ENSMFAG00000040010	ortholog_one2one	1	85.7143
Rhcg	ENSMUSG00000030549	RHCG	ENSMFAG00000003348	ortholog_one2one	1	75.7028
Rhebl1	ENSMUSG00000023755	RHEBL1	ENSMFAG00000035227	ortholog_one2one	1	65.7609
Rhno1	ENSMUSG00000048668	RHNO1	ENSMFAG00000037722	ortholog_one2one	1	68.5106
Rho	ENSMUSG00000030324	RHO	ENSMFAG00000004044	ortholog_one2one	1	95.4023
Rhoa	ENSMUSG00000007815	RHOA	ENSMFAG00000036093	ortholog_one2one	1	99.4819
Rhob	ENSMUSG00000054364	RHOB	ENSMFAG00000030406	ortholog_one2one	1	100
Rhobtb1	ENSMUSG00000019944	RHOBTB1	ENSMFAG00000041306	ortholog_one2one	1	88.9209
Rhobtb2	ENSMUSG00000022075	RHOBTB2	ENSMFAG00000036619	ortholog_one2one	1	97.8022
Rhobtb3	ENSMUSG00000021589	RHOBTB3	ENSMFAG00000043608	ortholog_one2one	1	95.4174
Rhof	ENSMUSG00000029449	RHOF	ENSMFAG00000032227	ortholog_one2one	1	93.8389
Rhog	ENSMUSG00000073982	RHOG	ENSMFAG00000006033	ortholog_one2one	1	99.4764
Rhoj	ENSMUSG00000046768	RHOJ	ENSMFAG00000041538	ortholog_one2one	1	92.5234
Rhoq	ENSMUSG00000024143	RHOQ	ENSMFAG00000054514	ortholog_one2one	1	99.0244
Rhot1	ENSMUSG00000017686	RHOT1	ENSMFAG00000034504	ortholog_one2one	1	97.2222
Rhot2	ENSMUSG00000025733	RHOT2	ENSMFAG00000045952	ortholog_one2one	1	79.8387
Rhov	ENSMUSG00000034226	RHOV	ENSMFAG00000000850	ortholog_one2one	1	94.4915
Rhpn1	ENSMUSG00000022580	RHPN1	ENSMFAG00000032737	ortholog_one2one	1	70.8018
Rhpn2	ENSMUSG00000030494	RHPN2	ENSMFAG00000043323	ortholog_one2one	1	86.0058
Ribc1	ENSMUSG00000025257	RIBC1	ENSMFAG00000002670	ortholog_one2one	1	67.5462
Ribc2	ENSMUSG00000022431	RIBC2	ENSMFAG00000009562	ortholog_one2one	1	69.2308
Ric1	ENSMUSG00000038658	RIC1	ENSMFAG00000032768	ortholog_one2one	1	92.827
Ric3	ENSMUSG00000048330	RIC3	ENSMFAG00000004004	ortholog_one2one	1	84.4687
Ric8a	ENSMUSG00000025485	RIC8A	ENSMFAG00000033454	ortholog_one2one	1	82.2642
Ric8b	ENSMUSG00000035620	RIC8B	ENSMFAG00000002768	ortholog_one2one	1	97.3214
Rictor	ENSMUSG00000050310	RICTOR	ENSMFAG00000032530	ortholog_one2one	1	95.6089
Rif1	ENSMUSG00000036202	RIF1	ENSMFAG00000032233	ortholog_one2one	1	71.5993
Riiad1	ENSMUSG00000028139	RIIAD1	ENSMFAG00000042291	ortholog_one2one	1	51.2605
Rilpl1	ENSMUSG00000029392	RILPL1	ENSMFAG00000041844	ortholog_one2one	1	92.8571
Rilpl2	ENSMUSG00000029401	RILPL2	ENSMFAG00000034620	ortholog_one2one	1	74.6193
Rimbp2	ENSMUSG00000029420	RIMBP2	ENSMFAG00000041895	ortholog_one2one	1	81.971
Rimkla	ENSMUSG00000048899	RIMKLA	ENSMFAG00000044165	ortholog_one2one	1	89.7368
Rimoc1	ENSMUSG00000041935	RIMOC1	ENSMFAG00000053017	ortholog_one2one	1	88.7755
Rims1	ENSMUSG00000041670	RIMS1	ENSMFAG00000038905	ortholog_one2one	1	59.4544
Rims2	ENSMUSG00000037386	RIMS2	ENSMFAG00000031123	ortholog_one2one	1	94.145
Rims3	ENSMUSG00000032890	RIMS3	ENSMFAG00000036770	ortholog_one2one	1	88.5993
Rims4	ENSMUSG00000035226	RIMS4	ENSMFAG00000052597	ortholog_one2one	1	99.6283
Rin2	ENSMUSG00000001768	RIN2	ENSMFAG00000002995	ortholog_one2one	1	77.5194
Rin3	ENSMUSG00000044456	RIN3	ENSMFAG00000023107	ortholog_one2one	1	68.8775
Riok1	ENSMUSG00000021428	RIOK1	ENSMFAG00000029990	ortholog_one2one	1	79.5414
Riok2	ENSMUSG00000116564	RIOK2	ENSMFAG00000033056	ortholog_one2one	1	83.5466
Riok3	ENSMUSG00000024404	RIOK3	ENSMFAG00000035617	ortholog_one2one	1	94.027
Ripk1	ENSMUSG00000021408	RIPK1	ENSMFAG00000037119	ortholog_one2one	1	72.8659
Ripk2	ENSMUSG00000041135	RIPK2	ENSMFAG00000020312	ortholog_one2one	1	83.6735
Ripk3	ENSMUSG00000022221	RIPK3	ENSMFAG00000034552	ortholog_one2one	1	60.2881
Ripk4	ENSMUSG00000005251	RIPK4	ENSMFAG00000044571	ortholog_one2one	1	90.458
Ripor1	ENSMUSG00000038604	RIPOR1	ENSMFAG00000045065	ortholog_one2one	1	79.3949
Ripor2	ENSMUSG00000036006	RIPOR2	ENSMFAG00000045840	ortholog_one2one	1	87.6448
Ripor3	ENSMUSG00000074577	RIPOR3	ENSMFAG00000034413	ortholog_one2one	1	74.307
Rit1	ENSMUSG00000028057	RIT1	ENSMFAG00000054543	ortholog_one2one	1	94.9772
Rit2	ENSMUSG00000057455	RIT2	ENSMFAG00000044648	ortholog_one2one	1	92.1659
Rita1	ENSMUSG00000029600	RITA1	ENSMFAG00000043305	ortholog_one2one	1	68.3794
Rlbp1	ENSMUSG00000039194	RLBP1	ENSMFAG00000036414	ortholog_one2one	1	90.5363
Rlf	ENSMUSG00000049878	RLF	ENSMFAG00000001299	ortholog_one2one	1	88.5819
Rlig1	ENSMUSG00000046567	RLIG1	ENSMFAG00000032876	ortholog_one2one	1	77.9817
Rlim	ENSMUSG00000056537	RLIM	ENSMFAG00000063132	ortholog_one2one	1	89.1667
Rln3	ENSMUSG00000045232	RLN3	ENSMFAG00000000848	ortholog_one2one	1	75.1773
Rmc1	ENSMUSG00000024410	RMC1	ENSMFAG00000040371	ortholog_one2one	1	94.825
Rmdn1	ENSMUSG00000028229	RMDN1	ENSMFAG00000044540	ortholog_one2one	1	81.9672
Rmdn3	ENSMUSG00000070730	RMDN3	ENSMFAG00000032137	ortholog_one2one	1	85.3191
Rmi1	ENSMUSG00000035367	RMI1	ENSMFAG00000013223	ortholog_one2one	1	72.7273
Rmi2	ENSMUSG00000037991	RMI2	ENSMFAG00000031874	ortholog_one2one	1	81.8792
Rmnd1	ENSMUSG00000019763	RMND1	ENSMFAG00000034583	ortholog_one2one	1	80.6667
Rmnd5a	ENSMUSG00000002222	RMND5A	ENSMFAG00000065825	ortholog_one2one	1	100
Rmnd5b	ENSMUSG00000001054	RMND5B	ENSMFAG00000044663	ortholog_one2one	1	98.4733
Rnase1	ENSMUSG00000035896	RNASE1	ENSMFAG00000055711	ortholog_one2one	1	66.443
Rnase6	ENSMUSG00000021880	RNASE6	ENSMFAG00000005448	ortholog_one2one	1	63.3987
Rnaseh1	ENSMUSG00000020630	RNASEH1	ENSMFAG00000000063	ortholog_one2one	1	70.1754
Rnaseh2a	ENSMUSG00000052926	RNASEH2A	ENSMFAG00000002011	ortholog_one2one	1	70.0997
Rnaseh2c	ENSMUSG00000024925	RNASEH2C	ENSMFAG00000038096	ortholog_one2one	1	64.4578
Rnasek	ENSMUSG00000093989	RNASEK	ENSMFAG00000057972	ortholog_one2one	1	100
Rnasel	ENSMUSG00000066800	RNASEL	ENSMFAG00000044965	ortholog_one2one	1	64.6258
Rnaset2a	ENSMUSG00000095687	RNASET2	ENSMFAG00000039774	ortholog_one2many	1	68.3398
Rnaset2b	ENSMUSG00000094724	RNASET2	ENSMFAG00000039774	ortholog_one2many	1	68.3398
Rnd1	ENSMUSG00000054855	RND1	ENSMFAG00000052114	ortholog_one2one	1	96.5517
Rnd2	ENSMUSG00000001313	RND2	ENSMFAG00000047485	ortholog_one2one	1	89.4273
Rnd3	ENSMUSG00000017144	RND3	ENSMFAG00000045221	ortholog_one2one	1	100
Rnf10	ENSMUSG00000041740	RNF10	ENSMFAG00000041159	ortholog_one2one	1	84.9624
Rnf103	ENSMUSG00000052656	RNF103	ENSMFAG00000044056	ortholog_one2one	1	95.022
Rnf111	ENSMUSG00000032217	RNF111	ENSMFAG00000031221	ortholog_one2one	1	90.316
Rnf112	ENSMUSG00000010086	RNF112	ENSMFAG00000042863	ortholog_one2one	1	88.1141
Rnf114	ENSMUSG00000006418	RNF114	ENSMFAG00000001669	ortholog_one2one	1	89.083
Rnf115	ENSMUSG00000028098	RNF115	ENSMFAG00000042451	ortholog_one2one	1	93.4426
Rnf121	ENSMUSG00000070426	RNF121	ENSMFAG00000043086	ortholog_one2one	1	98.4709
Rnf122	ENSMUSG00000039328	RNF122	ENSMFAG00000025156	ortholog_one2one	1	96.7742
Rnf123	ENSMUSG00000041528	RNF123	ENSMFAG00000028385	ortholog_one2one	1	93.9878
Rnf126	ENSMUSG00000035890	RNF126	ENSMFAG00000001372	ortholog_one2one	1	84.984
Rnf128	ENSMUSG00000031438	RNF128	ENSMFAG00000003335	ortholog_one2one	1	95.3271
Rnf13	ENSMUSG00000036503	RNF13	ENSMFAG00000002735	ortholog_one2one	1	91.3386
Rnf130	ENSMUSG00000020376	RNF130	ENSMFAG00000019863	ortholog_one2one	1	90.2148
Rnf138	ENSMUSG00000024317	RNF138	ENSMFAG00000040383	ortholog_one2one	1	80.8163
Rnf139	ENSMUSG00000037075	RNF139	ENSMFAG00000039167	ortholog_one2one	1	93.7126
Rnf14	ENSMUSG00000060450	RNF14	ENSMFAG00000039262	ortholog_one2one	1	86.3918
Rnf141	ENSMUSG00000030788	RNF141	ENSMFAG00000041777	ortholog_one2one	1	96.9565
Rnf144a	ENSMUSG00000020642	RNF144A	ENSMFAG00000040034	ortholog_one2one	1	97.2603
Rnf144b	ENSMUSG00000038068	RNF144B	ENSMFAG00000044225	ortholog_one2one	1	87.0432
Rnf145	ENSMUSG00000019189	RNF145	ENSMFAG00000002232	ortholog_one2one	1	93.5143
Rnf146	ENSMUSG00000038876	RNF146	ENSMFAG00000041368	ortholog_one2one	1	92.4791
Rnf149	ENSMUSG00000048234	RNF149	ENSMFAG00000038019	ortholog_one2one	1	78.1726
Rnf150	ENSMUSG00000047747	RNF150	ENSMFAG00000041541	ortholog_one2one	1	94.9657
Rnf151	ENSMUSG00000008482	RNF151	ENSMFAG00000035160	ortholog_one2one	1	69.4561
Rnf157	ENSMUSG00000052949	RNF157	ENSMFAG00000000868	ortholog_one2one	1	92.9515
Rnf167	ENSMUSG00000040746	RNF167	ENSMFAG00000039590	ortholog_one2one	1	93.0836
Rnf169	ENSMUSG00000058761	RNF169	ENSMFAG00000031265	ortholog_one2one	1	79.5389
Rnf180	ENSMUSG00000021720	RNF180	ENSMFAG00000038517	ortholog_one2one	1	83.0795
Rnf181	ENSMUSG00000055850	RNF181	ENSMFAG00000047260	ortholog_one2one	1	69.2771
Rnf182	ENSMUSG00000044164	RNF182	ENSMFAG00000015266	ortholog_one2one	1	98.7854
Rnf186	ENSMUSG00000070661	RNF186	ENSMFAG00000030210	ortholog_one2one	1	69.0266
Rnf19a	ENSMUSG00000022280	RNF19A	ENSMFAG00000044073	ortholog_one2many	1	93.2143
Rnf19b	ENSMUSG00000028793	RNF19B	ENSMFAG00000044944	ortholog_one2one	1	93.69
Rnf2	ENSMUSG00000026484	RNF2	ENSMFAG00000036583	ortholog_one2one	1	99.7024
Rnf20	ENSMUSG00000028309	RNF20	ENSMFAG00000041595	ortholog_one2one	1	97.8417
Rnf207	ENSMUSG00000058498	RNF207	ENSMFAG00000032368	ortholog_one2one	1	79.685
Rnf212b	ENSMUSG00000112858	RNF212B	ENSMFAG00000041507	ortholog_one2one	1	75.0842
Rnf213	ENSMUSG00000070327	RNF213	ENSMFAG00000002289	ortholog_one2one	1	67.6436
Rnf214	ENSMUSG00000042790	RNF214	ENSMFAG00000034484	ortholog_one2one	1	95.438
Rnf215	ENSMUSG00000003581	RNF215	ENSMFAG00000036853	ortholog_one2one	1	61.7486
Rnf216	ENSMUSG00000045078	RNF216	ENSMFAG00000033988	ortholog_one2one	1	88.5714
Rnf217	ENSMUSG00000063760	RNF217	ENSMFAG00000007187	ortholog_one2one	1	81.7391
Rnf220	ENSMUSG00000028677	RNF220	ENSMFAG00000040181	ortholog_one2one	1	93.4122
Rnf224	ENSMUSG00000089953	RNF224	ENSMFAG00000001161	ortholog_one2one	1	66.6667
Rnf24	ENSMUSG00000048911	RNF24	ENSMFAG00000062635	ortholog_one2one	1	97.973
Rnf25	ENSMUSG00000026171	RNF25	ENSMFAG00000000075	ortholog_one2one	1	78.9474
Rnf31	ENSMUSG00000047098	RNF31	ENSMFAG00000002711	ortholog_one2one	1	87.1482
Rnf32	ENSMUSG00000029130	RNF32	ENSMFAG00000002920	ortholog_one2one	1	74.4565
Rnf34	ENSMUSG00000029474	RNF34	ENSMFAG00000037026	ortholog_one2one	1	88.0319
Rnf38	ENSMUSG00000035696	RNF38	ENSMFAG00000003440	ortholog_one2one	1	97.8448
Rnf39	ENSMUSG00000036492	RNF39	ENSMFAG00000040191	ortholog_one2one	1	82.6705
Rnf4	ENSMUSG00000029110	RNF4	ENSMFAG00000050616	ortholog_one2one	1	89.1753
Rnf40	ENSMUSG00000030816	RNF40	ENSMFAG00000032834	ortholog_one2one	1	92.9071
Rnf41	ENSMUSG00000025373	RNF41	ENSMFAG00000001215	ortholog_one2one	1	87.0662
Rnf43	ENSMUSG00000034177	RNF43	ENSMFAG00000044879	ortholog_one2one	1	80.4847
Rnf44	ENSMUSG00000034928	RNF44	ENSMFAG00000003408	ortholog_one2one	1	95.7143
Rnf7	ENSMUSG00000051234	RNF7	ENSMFAG00000051836	ortholog_one2many	1	96.4602
Rnf8	ENSMUSG00000090083	RNF8	ENSMFAG00000045899	ortholog_one2one	1	70.6967
Rnft1	ENSMUSG00000020521	RNFT1	ENSMFAG00000045024	ortholog_one2one	1	86.3291
Rnft2	ENSMUSG00000032850	RNFT2	ENSMFAG00000033209	ortholog_one2one	1	84.4944
Rngtt	ENSMUSG00000028274	RNGTT	ENSMFAG00000030988	ortholog_one2one	1	94.8074
Rnh1	ENSMUSG00000038650	RNH1	ENSMFAG00000035761	ortholog_one2one	1	75.8772
Rnls	ENSMUSG00000071573	RNLS	ENSMFAG00000034629	ortholog_one2one	1	71.9298
Rnpep	ENSMUSG00000041926	RNPEP	ENSMFAG00000001997	ortholog_one2one	1	88.3077
Rnpepl1	ENSMUSG00000026269	RNPEPL1	ENSMFAG00000038176	ortholog_one2one	1	83.0556
Rnps1	ENSMUSG00000034681	RNPS1	ENSMFAG00000042142	ortholog_one2many	1	100
Ro60	ENSMUSG00000018199	RO60	ENSMFAG00000016020	ortholog_one2one	1	89.777
Robo1	ENSMUSG00000022883	ROBO1	ENSMFAG00000037016	ortholog_one2one	1	95.5335
Rock1	ENSMUSG00000024290	ROCK1	ENSMFAG00000003564	ortholog_one2one	1	96.6765
Rock2	ENSMUSG00000020580	ROCK2	ENSMFAG00000043366	ortholog_one2one	1	90.7781
Rogdi	ENSMUSG00000022540	ROGDI	ENSMFAG00000003647	ortholog_one2one	1	94.4251
Rom1	ENSMUSG00000071648	ROM1	ENSMFAG00000002310	ortholog_one2one	1	85.755
Romo1	ENSMUSG00000067847	ROMO1	ENSMFAG00000045983	ortholog_one2one	1	100
Ropn1	ENSMUSG00000022832	ROPN1	ENSMFAG00000041234	ortholog_one2many	1	83.0189
Ropn1l	ENSMUSG00000022236	ROPN1L	ENSMFAG00000000471	ortholog_one2one	1	77.5229
Ror1	ENSMUSG00000035305	ROR1	ENSMFAG00000041091	ortholog_one2one	1	96.7983
Ror2	ENSMUSG00000021464	ROR2	ENSMFAG00000031014	ortholog_one2one	1	92.9025
Rora	ENSMUSG00000032238	RORA	ENSMFAG00000043163	ortholog_one2one	1	97.8587
Rorb	ENSMUSG00000036192	RORB	ENSMFAG00000046226	ortholog_one2one	1	97.8214
Rorc	ENSMUSG00000028150	RORC	ENSMFAG00000000807	ortholog_one2one	1	89.5349
Ros1	ENSMUSG00000019893	ROS1	ENSMFAG00000001072	ortholog_one2one	1	80.2137
Rp1	ENSMUSG00000025900	RP1	ENSMFAG00000038067	ortholog_one2one	1	56.0859
Rp2	ENSMUSG00000060090	RP2	ENSMFAG00000039362	ortholog_one2one	1	88.1844
Rpa1	ENSMUSG00000000751	RPA1	ENSMFAG00000036138	ortholog_one2one	1	84.4302
Rpa2	ENSMUSG00000028884	RPA2	ENSMFAG00000022522	ortholog_one2one	1	88.5185
Rpap1	ENSMUSG00000034032	RPAP1	ENSMFAG00000042240	ortholog_one2one	1	79.56
Rpap2	ENSMUSG00000033773	RPAP2	ENSMFAG00000031837	ortholog_one2one	1	70.1954
Rpap3	ENSMUSG00000022466	RPAP3	ENSMFAG00000030749	ortholog_one2one	1	79.2424
Rpe65	ENSMUSG00000028174	RPE65	ENSMFAG00000043407	ortholog_one2one	1	93.4334
Rpf1	ENSMUSG00000028187	RPF1	ENSMFAG00000003788	ortholog_one2one	1	94.5559
Rpf2	ENSMUSG00000038510	RPF2	ENSMFAG00000053628	ortholog_one2one	1	92.1569
Rpgrip1l	ENSMUSG00000033282	RPGRIP1L	ENSMFAG00000043106	ortholog_one2one	1	84.8892
Rph3a	ENSMUSG00000029608	RPH3A	ENSMFAG00000042100	ortholog_one2one	1	88.9868
Rpia	ENSMUSG00000053604	RPIA	ENSMFAG00000030952	ortholog_one2one	1	84.4884
Rpl10a	ENSMUSG00000037805	RPL10A	ENSMFAG00000040600	ortholog_one2one	1	100
Rpl10l	ENSMUSG00000060499	RPL10L	ENSMFAG00000053210	ortholog_one2one	1	96.2617
Rpl13	ENSMUSG00000000740	RPL13	ENSMFAG00000027717	ortholog_one2one	1	98.5782
Rpl15	ENSMUSG00000012405	RPL15	ENSMFAG00000043886	ortholog_one2one	1	100
Rpl18	ENSMUSG00000059070	RPL18	ENSMFAG00000039479	ortholog_one2many	1	96.2766
Rpl19	ENSMUSG00000017404	RPL19	ENSMFAG00000035226	ortholog_one2many	1	100
Rpl24	ENSMUSG00000098274	RPL24	ENSMFAG00000038803	ortholog_one2one	1	100
Rpl26	ENSMUSG00000060938	RPL26	ENSMFAG00000037250	ortholog_one2one	1	100
Rpl27	ENSMUSG00000063316	RPL27	ENSMFAG00000037912	ortholog_one2one	1	100
Rpl28	ENSMUSG00000030432	RPL28	ENSMFAG00000043131	ortholog_one2one	1	79.562
Rpl3	ENSMUSG00000060036	RPL3	ENSMFAG00000031439	ortholog_one2one	1	98.5112
Rpl30	ENSMUSG00000058600	RPL30	ENSMFAG00000031945	ortholog_one2one	1	100
Rpl35	ENSMUSG00000062997	RPL35	ENSMFAG00000044075	ortholog_many2many	1	97.561
Rpl35a	ENSMUSG00000060636	RPL35A	ENSMFAG00000050543	ortholog_one2many	1	99.0909
Rpl38	ENSMUSG00000057322	RPL38	ENSMFAG00000039785	ortholog_one2one	1	98.5714
Rpl3l	ENSMUSG00000002500	RPL3L	ENSMFAG00000039775	ortholog_one2one	1	93.3661
Rpl4	ENSMUSG00000032399	RPL4	ENSMFAG00000036412	ortholog_one2one	1	71.8377
Rpl7l1	ENSMUSG00000063888	RPL7L1	ENSMFAG00000053469	ortholog_one2one	1	83.7398
Rplp2	ENSMUSG00000025508	RPLP2	ENSMFAG00000040006	ortholog_many2many	1	99.1304
Rpn1	ENSMUSG00000030062	RPN1	ENSMFAG00000003642	ortholog_one2one	1	94.7368
Rpn2	ENSMUSG00000027642	RPN2	ENSMFAG00000030858	ortholog_one2one	1	92.393
Rpp14	ENSMUSG00000023156	RPP14	ENSMFAG00000054440	ortholog_one2one	1	85.2459
Rpp30	ENSMUSG00000024800	RPP30	ENSMFAG00000031109	ortholog_one2one	1	89.5522
Rpp40	ENSMUSG00000021418	RPP40	ENSMFAG00000043100	ortholog_one2one	1	83.7466
Rprd1a	ENSMUSG00000040446	RPRD1A	ENSMFAG00000000125	ortholog_one2one	1	98.3974
Rprd1b	ENSMUSG00000027651	RPRD1B	ENSMFAG00000033175	ortholog_one2one	1	81.3218
Rprd2	ENSMUSG00000028106	RPRD2	ENSMFAG00000002559	ortholog_one2one	1	90.9717
Rprm	ENSMUSG00000075334	RPRM	ENSMFAG00000023756	ortholog_one2one	1	97.2477
Rps13	ENSMUSG00000090862	RPS13	ENSMFAG00000032124	ortholog_one2many	1	100
Rps18	ENSMUSG00000008668	RPS18	ENSMFAG00000032199	ortholog_one2one	1	100
Rps19bp1	ENSMUSG00000051518	RPS19BP1	ENSMFAG00000032799	ortholog_one2one	1	72.028
Rps21	ENSMUSG00000039001	RPS21	ENSMFAG00000002515	ortholog_one2one	1	72.2892
Rps23	ENSMUSG00000049517	RPS23	ENSMFAG00000046092	ortholog_one2one	1	100
Rps26	ENSMUSG00000025362	RPS26	ENSMFAG00000041709	ortholog_one2one	1	100
Rps27a	ENSMUSG00000020460	RPS27A	ENSMFAG00000037923	ortholog_one2one	1	99.359
Rps27l	ENSMUSG00000036781	RPS27L	ENSMFAG00000039460	ortholog_one2one	1	94.0476
Rps28	ENSMUSG00000067288	RPS28	ENSMFAG00000042430	ortholog_one2one	1	100
Rps6ka1	ENSMUSG00000003644	RPS6KA1	ENSMFAG00000044982	ortholog_one2one	1	95.102
Rps6ka3	ENSMUSG00000031309	RPS6KA3	ENSMFAG00000045085	ortholog_one2one	1	98.9189
Rps6ka5	ENSMUSG00000021180	RPS6KA5	ENSMFAG00000041703	ortholog_one2one	1	96.3659
Rps6ka6	ENSMUSG00000025665	RPS6KA6	ENSMFAG00000045848	ortholog_one2one	1	82.7725
Rps6kb1	ENSMUSG00000020516	RPS6KB1	ENSMFAG00000043523	ortholog_one2one	1	91.4286
Rps6kb2	ENSMUSG00000024830	RPS6KB2	ENSMFAG00000031507	ortholog_one2one	1	93.4021
Rps6kc1	ENSMUSG00000089872	RPS6KC1	ENSMFAG00000034322	ortholog_one2one	1	77.6515
Rps6kl1	ENSMUSG00000019235	RPS6KL1	ENSMFAG00000037597	ortholog_one2one	1	80.3309
Rps7	ENSMUSG00000061477	RPS7	ENSMFAG00000042581	ortholog_one2one	1	100
Rps8	ENSMUSG00000047675	RPS8	ENSMFAG00000036789	ortholog_one2one	1	100
Rps9	ENSMUSG00000006333	RPS9	ENSMFAG00000033649	ortholog_one2one	1	100
Rpsa	ENSMUSG00000032518	RPSA	ENSMFAG00000001626	ortholog_one2many	1	99.661
Rptor	ENSMUSG00000025583	RPTOR	ENSMFAG00000000138	ortholog_one2one	1	96.779
Rpusd2	ENSMUSG00000027324	RPUSD2	ENSMFAG00000045062	ortholog_one2one	1	77.2152
Rpusd3	ENSMUSG00000051169	RPUSD3	ENSMFAG00000032407	ortholog_one2one	1	68.6047
Rpusd4	ENSMUSG00000032044	RPUSD4	ENSMFAG00000039513	ortholog_one2one	1	79.5756
Rrad	ENSMUSG00000031880	RRAD	ENSMFAG00000032485	ortholog_one2one	1	93.1596
Rraga	ENSMUSG00000070934	RRAGA	ENSMFAG00000030433	ortholog_one2one	1	100
Rragb	ENSMUSG00000041658	RRAGB	ENSMFAG00000041833	ortholog_one2one	1	97.5936
Rragc	ENSMUSG00000028646	RRAGC	ENSMFAG00000032228	ortholog_one2one	1	94.9749
Rragd	ENSMUSG00000028278	RRAGD	ENSMFAG00000038149	ortholog_one2one	1	94.7368
Rras	ENSMUSG00000038387	RRAS	ENSMFAG00000029942	ortholog_one2one	1	94.0367
Rras2	ENSMUSG00000055723	RRAS2	ENSMFAG00000003904	ortholog_one2one	1	94.6078
Rrbp1	ENSMUSG00000027422	RRBP1	ENSMFAG00000008658	ortholog_one2one	1	62.7049
Rreb1	ENSMUSG00000039087	RREB1	ENSMFAG00000000389	ortholog_one2one	1	74.6864
Rrh	ENSMUSG00000028012	RRH	ENSMFAG00000006731	ortholog_one2one	1	78.9317
Rrm1	ENSMUSG00000030978	RRM1	ENSMFAG00000034349	ortholog_one2one	1	97.4747
Rrm2b	ENSMUSG00000022292	RRM2B	ENSMFAG00000043659	ortholog_one2one	1	91.453
Rrn3	ENSMUSG00000022682	RRN3	ENSMFAG00000037314	ortholog_one2one	1	86.4329
Rrp12	ENSMUSG00000035049	RRP12	ENSMFAG00000041558	ortholog_one2one	1	90.193
Rrp15	ENSMUSG00000001305	RRP15	ENSMFAG00000046095	ortholog_one2one	1	71.1744
Rrp36	ENSMUSG00000023971	RRP36	ENSMFAG00000003547	ortholog_one2one	1	80.7377
Rrp8	ENSMUSG00000030888	RRP8	ENSMFAG00000046084	ortholog_one2one	1	74.6171
Rrp9	ENSMUSG00000041506	RRP9	ENSMFAG00000000887	ortholog_one2one	1	84.6316
Rs1	ENSMUSG00000031293	RS1	ENSMFAG00000003687	ortholog_one2one	1	95.9821
Rsad1	ENSMUSG00000039096	RSAD1	ENSMFAG00000035805	ortholog_one2one	1	78.5068
Rsad2	ENSMUSG00000020641	RSAD2	ENSMFAG00000055130	ortholog_one2one	1	77.0718
Rsbn1	ENSMUSG00000044098	RSBN1	ENSMFAG00000000754	ortholog_one2one	1	94.717
Rsbn1l	ENSMUSG00000039968	RSBN1L	ENSMFAG00000038157	ortholog_one2one	1	83.1912
Rsf1	ENSMUSG00000035623	RSF1	ENSMFAG00000001930	ortholog_one2one	1	83.4143
Rskr	ENSMUSG00000037593	RSKR	ENSMFAG00000034550	ortholog_one2one	1	83.7438
Rsl1d1	ENSMUSG00000005846	RSL1D1	ENSMFAG00000037288	ortholog_one2one	1	57.7434
Rsph1	ENSMUSG00000024033	RSPH1	ENSMFAG00000043304	ortholog_one2one	1	77.7409
Rsph14	ENSMUSG00000009070	RSPH14	ENSMFAG00000044101	ortholog_one2one	1	63.6364
Rsph6a	ENSMUSG00000040866	RSPH6A	ENSMFAG00000029233	ortholog_one2one	1	76.5537
Rsph9	ENSMUSG00000023966	RSPH9	ENSMFAG00000003254	ortholog_one2one	1	90.942
Rspo1	ENSMUSG00000028871	RSPO1	ENSMFAG00000043851	ortholog_one2one	1	87.1698
Rspo2	ENSMUSG00000051920	RSPO2	ENSMFAG00000031789	ortholog_one2one	1	97.1193
Rspo3	ENSMUSG00000019880	RSPO3	ENSMFAG00000031116	ortholog_one2one	1	85.9206
Rspo4	ENSMUSG00000032852	RSPO4	ENSMFAG00000034095	ortholog_one2one	1	83.7719
Rspry1	ENSMUSG00000050079	RSPRY1	ENSMFAG00000037926	ortholog_one2one	1	96.875
Rsrc1	ENSMUSG00000034544	RSRC1	ENSMFAG00000006023	ortholog_one2one	1	91.6168
Rsrc2	ENSMUSG00000029422	RSRC2	ENSMFAG00000036398	ortholog_one2one	1	96.2871
Rsrp1	ENSMUSG00000037266	RSRP1	ENSMFAG00000003728	ortholog_one2one	1	76.5101
Rsu1	ENSMUSG00000026727	RSU1	ENSMFAG00000031371	ortholog_one2one	1	97.4729
Rtca	ENSMUSG00000000339	RTCA	ENSMFAG00000034132	ortholog_one2one	1	90.7104
Rtel1	ENSMUSG00000038685	RTEL1	ENSMFAG00000043680	ortholog_one2one	1	71.7949
Rtf1	ENSMUSG00000027304	RTF1	ENSMFAG00000039115	ortholog_one2one	1	97.6224
Rtf2	ENSMUSG00000027502	RTF2	ENSMFAG00000002272	ortholog_one2one	1	88.2736
Rtkn	ENSMUSG00000034930	RTKN	ENSMFAG00000045464	ortholog_one2one	1	78.4029
Rtkn2	ENSMUSG00000037846	RTKN2	ENSMFAG00000039047	ortholog_one2one	1	72.5664
Rtl4	ENSMUSG00000071679	RTL4	ENSMFAG00000064863	ortholog_one2one	1	59.2105
Rtl6	ENSMUSG00000055745	RTL6	ENSMFAG00000029989	ortholog_one2one	1	93.4156
Rtl9	ENSMUSG00000085584	RTL9	ENSMFAG00000042372	ortholog_one2one	1	68.9832
Rtn2	ENSMUSG00000030401	RTN2	ENSMFAG00000002551	ortholog_one2one	1	76.5766
Rtn3	ENSMUSG00000024758	RTN3	ENSMFAG00000030265	ortholog_one2one	1	64.4444
Rtn4	ENSMUSG00000020458	RTN4	ENSMFAG00000003000	ortholog_one2one	1	77.1084
Rtn4ip1	ENSMUSG00000019864	RTN4IP1	ENSMFAG00000045409	ortholog_one2one	1	88.8889
Rtn4r	ENSMUSG00000043811	RTN4R	ENSMFAG00000002996	ortholog_one2one	1	86.0465
Rtn4rl1	ENSMUSG00000045287	RTN4RL1	ENSMFAG00000042091	ortholog_one2one	1	86.5169
Rtn4rl2	ENSMUSG00000050896	RTN4RL2	ENSMFAG00000038644	ortholog_one2one	1	81.4286
Rtp1	ENSMUSG00000033383	RTP1	ENSMFAG00000056809	ortholog_one2one	1	87.4525
Rtp2	ENSMUSG00000047531	RTP2	ENSMFAG00000043246	ortholog_one2one	1	82.5112
Rttn	ENSMUSG00000023066	RTTN	ENSMFAG00000043259	ortholog_one2one	1	82.2552
Rubcn	ENSMUSG00000035629	RUBCN	ENSMFAG00000001615	ortholog_one2one	1	87.5664
Rubcnl	ENSMUSG00000034959	RUBCNL	ENSMFAG00000030648	ortholog_one2one	1	55.1111
Rufy1	ENSMUSG00000020375	RUFY1	ENSMFAG00000033376	ortholog_one2one	1	89.7472
Rufy2	ENSMUSG00000020070	RUFY2	ENSMFAG00000008200	ortholog_one2one	1	94.3894
Rufy3	ENSMUSG00000029291	RUFY3	ENSMFAG00000039421	ortholog_one2one	1	79.5217
Rufy4	ENSMUSG00000061815	RUFY4	ENSMFAG00000032847	ortholog_one2one	1	58.9698
Rundc1	ENSMUSG00000035007	RUNDC1	ENSMFAG00000004015	ortholog_one2one	1	88.7805
Rundc3a	ENSMUSG00000006575	RUNDC3A	ENSMFAG00000039008	ortholog_one2one	1	94.1704
Rundc3b	ENSMUSG00000040570	RUNDC3B	ENSMFAG00000002053	ortholog_one2one	1	94.3107
Runx1t1	ENSMUSG00000006586	RUNX1T1	ENSMFAG00000032522	ortholog_one2one	1	97.6027
Runx2	ENSMUSG00000039153	RUNX2	ENSMFAG00000036650	ortholog_one2one	1	91.8288
Runx3	ENSMUSG00000070691	RUNX3	ENSMFAG00000031725	ortholog_one2one	1	85.5746
Rusc2	ENSMUSG00000035969	RUSC2	ENSMFAG00000003074	ortholog_one2one	1	87.6568
Rusf1	ENSMUSG00000030780	RUSF1	ENSMFAG00000032375	ortholog_one2one	1	82.1888
Ruvbl1	ENSMUSG00000030079	RUVBL1	ENSMFAG00000003301	ortholog_one2one	1	99.7807
Rwdd2a	ENSMUSG00000032417	RWDD2A	ENSMFAG00000056949	ortholog_one2one	1	92.8082
Rwdd2b	ENSMUSG00000041079	RWDD2B	ENSMFAG00000034639	ortholog_one2one	1	77.931
Rwdd3	ENSMUSG00000028133	RWDD3	ENSMFAG00000013715	ortholog_one2one	1	79.4007
Rxfp1	ENSMUSG00000034009	RXFP1	ENSMFAG00000045017	ortholog_one2one	1	85.0923
Rxfp2	ENSMUSG00000053368	RXFP2	ENSMFAG00000003580	ortholog_one2one	1	81.8182
Rxra	ENSMUSG00000015846	RXRA	ENSMFAG00000044609	ortholog_one2one	1	87.152
Rxrb	ENSMUSG00000039656	RXRB	ENSMFAG00000003583	ortholog_one2one	1	96.5385
Rxrg	ENSMUSG00000015843	RXRG	ENSMFAG00000002126	ortholog_one2one	1	96.1123
Ryk	ENSMUSG00000032547	RYK	ENSMFAG00000044870	ortholog_one2one	1	95.6007
Ryr3	ENSMUSG00000057378	RYR3	ENSMFAG00000036819	ortholog_one2one	1	95.8873
S100a1	ENSMUSG00000044080	S100A1	ENSMFAG00000041335	ortholog_one2one	1	93.617
S100a10	ENSMUSG00000041959	S100A10	ENSMFAG00000044914	ortholog_one2one	1	91.7526
S100a16	ENSMUSG00000074457	S100A16	ENSMFAG00000032020	ortholog_one2one	1	72.5806
S100a3	ENSMUSG00000001021	S100A3	ENSMFAG00000042703	ortholog_one2one	1	88.1188
S100a4	ENSMUSG00000001020	S100A4	ENSMFAG00000063124	ortholog_one2one	1	93.0693
S100a5	ENSMUSG00000001023	S100A5	ENSMFAG00000046115	ortholog_one2one	1	91.3979
S100a8	ENSMUSG00000056054	S100A8	ENSMFAG00000039568	ortholog_one2one	1	59.5506
S100a9	ENSMUSG00000056071	S100A9	ENSMFAG00000045130	ortholog_one2many	1	59.292
S100g	ENSMUSG00000040808	S100G	ENSMFAG00000032642	ortholog_one2one	1	73.4177
S100pbp	ENSMUSG00000040928	S100PBP	ENSMFAG00000040750	ortholog_one2one	1	71.2121
S1pr1	ENSMUSG00000045092	S1PR1	ENSMFAG00000020071	ortholog_one2one	1	93.9791
S1pr2	ENSMUSG00000043895	S1PR2	ENSMFAG00000030545	ortholog_one2one	1	89.2045
S1pr3	ENSMUSG00000067586	S1PR3	ENSMFAG00000004814	ortholog_one2one	1	87.3016
SLC9C2	ENSMUSG00000121369	SLC9C2	ENSMFAG00000043508	ortholog_one2one	1	67.3111
Saa1	ENSMUSG00000074115	SAA2	ENSMFAG00000044536	ortholog_many2many	1	74.5902
Saal1	ENSMUSG00000006763	SAAL1	ENSMFAG00000037334	ortholog_one2one	1	79.7468
Sacm1l	ENSMUSG00000025240	SACM1L	ENSMFAG00000033911	ortholog_one2one	1	94.7189
Sacs	ENSMUSG00000048279	SACS	ENSMFAG00000003244	ortholog_one2one	1	93.278
Sae1	ENSMUSG00000052833	SAE1	ENSMFAG00000046126	ortholog_one2one	1	79.7143
Sag	ENSMUSG00000056055	SAG	ENSMFAG00000045450	ortholog_one2one	1	87.8412
Sall1	ENSMUSG00000031665	SALL1	ENSMFAG00000003298	ortholog_one2one	1	91.0809
Sall2	ENSMUSG00000049532	SALL2	ENSMFAG00000002687	ortholog_one2one	1	85.9281
Sall4	ENSMUSG00000027547	SALL4	ENSMFAG00000027169	ortholog_one2one	1	72.6336
Samd12	ENSMUSG00000058656	SAMD12	ENSMFAG00000043380	ortholog_one2one	1	93.1677
Samd13	ENSMUSG00000048652	SAMD13	ENSMFAG00000058168	ortholog_one2one	1	94.1176
Samd14	ENSMUSG00000047181	SAMD14	ENSMFAG00000045601	ortholog_one2one	1	93.765
Samd3	ENSMUSG00000051354	SAMD3	ENSMFAG00000038071	ortholog_one2one	1	81.9066
Samd4	ENSMUSG00000021838	SAMD4A	ENSMFAG00000041636	ortholog_one2one	1	93.5302
Samd4b	ENSMUSG00000109336	SAMD4B	ENSMFAG00000035753	ortholog_one2one	1	97.8166
Samd7	ENSMUSG00000051860	SAMD7	ENSMFAG00000044546	ortholog_one2one	1	66.5169
Samd8	ENSMUSG00000021770	SAMD8	ENSMFAG00000033013	ortholog_one2one	1	90.1674
Samhd1	ENSMUSG00000027639	SAMHD1	ENSMFAG00000036597	ortholog_one2one	1	68.693
Samm50	ENSMUSG00000022437	SAMM50	ENSMFAG00000037322	ortholog_one2one	1	92.9638
Sanbr	ENSMUSG00000042208	SANBR	ENSMFAG00000007392	ortholog_one2one	1	87.6045
Sap18	ENSMUSG00000021963	SAP18	ENSMFAG00000004917	ortholog_one2many	1	87.2093
Sap30	ENSMUSG00000031609	SAP30	ENSMFAG00000037966	ortholog_one2one	1	93.1818
Sap30bp	ENSMUSG00000020755	SAP30BP	ENSMFAG00000000434	ortholog_one2one	1	96.1039
Sapcd1	ENSMUSG00000036185	SAPCD1	ENSMFAG00000054453	ortholog_one2one	1	70.5479
Saraf	ENSMUSG00000031532	SARAF	ENSMFAG00000046215	ortholog_one2one	1	73.2782
Sardh	ENSMUSG00000009614	SARDH	ENSMFAG00000038559	ortholog_one2one	1	88.4657
Sarm1	ENSMUSG00000050132	SARM1	ENSMFAG00000000906	ortholog_one2one	1	93.3702
Sarnp	ENSMUSG00000078427	SARNP	ENSMFAG00000045270	ortholog_one2one	1	90.4762
Sars2	ENSMUSG00000070699	SARS2	ENSMFAG00000035652	ortholog_one2one	1	81.6602
Sart1	ENSMUSG00000039148	SART1	ENSMFAG00000002484	ortholog_one2one	1	90.3226
Sart3	ENSMUSG00000018974	SART3	ENSMFAG00000039887	ortholog_one2one	1	87.526
Sash1	ENSMUSG00000015305	SASH1	ENSMFAG00000040522	ortholog_one2one	1	85.935
Sash3	ENSMUSG00000031101	SASH3	ENSMFAG00000030935	ortholog_one2one	1	90.7895
Sass6	ENSMUSG00000027959	SASS6	ENSMFAG00000039091	ortholog_one2one	1	85.474
Sat2	ENSMUSG00000069835	SAT2	ENSMFAG00000001081	ortholog_one2one	1	63.5294
Satb1	ENSMUSG00000023927	SATB1	ENSMFAG00000042093	ortholog_one2one	1	98.2984
Satb2	ENSMUSG00000038331	SATB2	ENSMFAG00000035983	ortholog_one2one	1	99.5907
Sav1	ENSMUSG00000021067	SAV1	ENSMFAG00000032466	ortholog_one2one	1	93.5233
Saxo1	ENSMUSG00000028492	SAXO1	ENSMFAG00000000158	ortholog_one2many	1	66.8067
Saxo4	ENSMUSG00000035179	SAXO4	ENSMFAG00000043367	ortholog_one2one	1	72.1311
Saxo5	ENSMUSG00000040340	SAXO5	ENSMFAG00000001714	ortholog_one2one	1	59.4
Sbds	ENSMUSG00000025337	SBDS	ENSMFAG00000032620	ortholog_one2one	1	85.6
Sbf2	ENSMUSG00000038371	SBF2	ENSMFAG00000044936	ortholog_one2one	1	94.0444
Sbk3	ENSMUSG00000085272	SBK3	ENSMFAG00000063518	ortholog_one2one	1	82.8255
Sbno1	ENSMUSG00000038095	SBNO1	ENSMFAG00000031429	ortholog_one2one	1	97.5557
Sbsn	ENSMUSG00000046056	SBSN	ENSMFAG00000001196	ortholog_one2one	1	54.6921
Sbspon	ENSMUSG00000032719	SBSPON	ENSMFAG00000046053	ortholog_one2one	1	89.7727
Sc5d	ENSMUSG00000032018	SC5D	ENSMFAG00000001405	ortholog_one2one	1	83.9465
Scaf11	ENSMUSG00000033228	SCAF11	ENSMFAG00000036690	ortholog_one2one	1	68.2692
Scaf4	ENSMUSG00000022983	SCAF4	ENSMFAG00000037668	ortholog_one2one	1	84.1837
Scai	ENSMUSG00000035236	SCAI	ENSMFAG00000002648	ortholog_one2one	1	91.5842
Scamp1	ENSMUSG00000021687	SCAMP1	ENSMFAG00000037897	ortholog_one2one	1	90.8284
Scamp3	ENSMUSG00000028049	SCAMP3	ENSMFAG00000032474	ortholog_one2one	1	89.3983
Scand1	ENSMUSG00000046229	SCAND1	ENSMFAG00000058122	ortholog_one2one	1	71.1268
Scap	ENSMUSG00000032485	SCAP	ENSMFAG00000031375	ortholog_one2one	1	59.1693
Scaper	ENSMUSG00000034007	SCAPER	ENSMFAG00000030020	ortholog_one2one	1	88.7931
Scara3	ENSMUSG00000034463	SCARA3	ENSMFAG00000026741	ortholog_one2one	1	90.5941
Scarb1	ENSMUSG00000037936	SCARB1	ENSMFAG00000000329	ortholog_one2one	1	77.2102
Scarb2	ENSMUSG00000029426	SCARB2	ENSMFAG00000039184	ortholog_one2one	1	86.4017
Scarf1	ENSMUSG00000038188	SCARF1	ENSMFAG00000032062	ortholog_one2one	1	65.4878
Scarna17	ENSMUSG00000088689	SCARNA18	ENSMFAG00000030036	ortholog_one2many	1	89.8734
Sccpdh	ENSMUSG00000038936	SCCPDH	ENSMFAG00000044986	ortholog_one2one	1	86.9464
Scfd1	ENSMUSG00000020952	SCFD1	ENSMFAG00000039675	ortholog_one2one	1	96.2441
Scfd2	ENSMUSG00000062110	SCFD2	ENSMFAG00000042186	ortholog_one2one	1	84.5029
Scg2	ENSMUSG00000050711	SCG2	ENSMFAG00000060822	ortholog_one2one	1	76.6613
Scgb3a1	ENSMUSG00000064057	SCGB3A1	ENSMFAG00000040059	ortholog_one2one	1	55.7692
Scgn	ENSMUSG00000021337	SCGN	ENSMFAG00000000166	ortholog_one2one	1	85.5072
Sclt1	ENSMUSG00000059834	SCLT1	ENSMFAG00000037478	ortholog_one2one	1	72.2384
Scly	ENSMUSG00000026307	SCLY	ENSMFAG00000040528	ortholog_one2one	1	74.7685
Scmh1	ENSMUSG00000000085	SCMH1	ENSMFAG00000036779	ortholog_one2one	1	92.3193
Scn10a	ENSMUSG00000034533	SCN10A	ENSMFAG00000002008	ortholog_one2one	1	82.4732
Scn11a	ENSMUSG00000034115	SCN11A	ENSMFAG00000041137	ortholog_one2one	1	73.7677
Scn1a	ENSMUSG00000064329	SCN1A	ENSMFAG00000031169	ortholog_one2one	1	98.1583
Scn1b	ENSMUSG00000019194	SCN1B	ENSMFAG00000032441	ortholog_one2one	1	97.7064
Scn2a	ENSMUSG00000075318	SCN2A	ENSMFAG00000033946	ortholog_one2one	1	98.1555
Scn2b	ENSMUSG00000070304	SCN2B	ENSMFAG00000042952	ortholog_one2one	1	90.2326
Scn3a	ENSMUSG00000057182	SCN3A	ENSMFAG00000045084	ortholog_one2one	1	97.1238
Scn3b	ENSMUSG00000049281	SCN3B	ENSMFAG00000001774	ortholog_one2one	1	83.7209
Scn4a	ENSMUSG00000001027	SCN4A	ENSMFAG00000035414	ortholog_one2one	1	91.635
Scn4b	ENSMUSG00000046480	SCN4B	ENSMFAG00000064668	ortholog_one2one	1	79.8246
Scn5a	ENSMUSG00000032511	SCN5A	ENSMFAG00000041381	ortholog_one2one	1	94.2051
Scn7a	ENSMUSG00000034810	SCN7A	ENSMFAG00000012357	ortholog_one2one	1	73.7061
Scn8a	ENSMUSG00000023033	SCN8A	ENSMFAG00000005480	ortholog_one2one	1	98.635
Scn9a	ENSMUSG00000075316	SCN9A	ENSMFAG00000034634	ortholog_one2one	1	93.0948
Scnn1a	ENSMUSG00000030340	SCNN1A	ENSMFAG00000035743	ortholog_one2one	1	81.1159
Scnn1b	ENSMUSG00000030873	SCNN1B	ENSMFAG00000037482	ortholog_one2one	1	77.5862
Scnn1g	ENSMUSG00000000216	SCNN1G	ENSMFAG00000037247	ortholog_one2one	1	85.9542
Sco1	ENSMUSG00000069844	SCO1	ENSMFAG00000002459	ortholog_one2one	1	60.2113
Sco2	ENSMUSG00000091780	SCO2	ENSMFAG00000055882	ortholog_one2one	1	80
Scp2	ENSMUSG00000028603	SCP2	ENSMFAG00000039858	ortholog_one2one	1	85.7404
Scp2d1	ENSMUSG00000027431	SCP2D1	ENSMFAG00000050245	ortholog_one2one	1	66.0256
Scpep1	ENSMUSG00000000278	SCPEP1	ENSMFAG00000040982	ortholog_one2one	1	82.7434
Scrg1	ENSMUSG00000031610	SCRG1	ENSMFAG00000038499	ortholog_one2one	1	84.6939
Scrn1	ENSMUSG00000019124	SCRN1	ENSMFAG00000037021	ortholog_one2one	1	88.1643
Scrn3	ENSMUSG00000008226	SCRN3	ENSMFAG00000042925	ortholog_one2one	1	83.0144
Scrt1	ENSMUSG00000048385	SCRT1	ENSMFAG00000035496	ortholog_one2one	1	92.5287
Sct	ENSMUSG00000038580	SCT	ENSMFAG00000054245	ortholog_one2one	1	55.6391
Sctr	ENSMUSG00000026387	SCTR	ENSMFAG00000003037	ortholog_one2one	1	73.1111
Scube1	ENSMUSG00000016763	SCUBE1	ENSMFAG00000026094	ortholog_one2one	1	91.6331
Scube3	ENSMUSG00000038677	SCUBE3	ENSMFAG00000035997	ortholog_one2one	1	95.569
Scyl1	ENSMUSG00000024941	SCYL1	ENSMFAG00000030370	ortholog_one2one	1	76.1787
Scyl2	ENSMUSG00000069539	SCYL2	ENSMFAG00000028879	ortholog_one2one	1	93.0107
Scyl3	ENSMUSG00000026584	SCYL3	ENSMFAG00000002890	ortholog_one2one	1	79.1892
Sdad1	ENSMUSG00000029415	SDAD1	ENSMFAG00000038793	ortholog_one2one	1	88.3552
Sdc3	ENSMUSG00000025743	SDC3	ENSMFAG00000045826	ortholog_one2one	1	77.6018
Sdc4	ENSMUSG00000017009	SDC4	ENSMFAG00000051697	ortholog_one2one	1	76.2626
Sdcbp	ENSMUSG00000028249	SDCBP	ENSMFAG00000037999	ortholog_one2one	1	84.6154
Sdcbp2	ENSMUSG00000027456	SDCBP2	ENSMFAG00000031687	ortholog_one2one	1	80.4795
Sdccag8	ENSMUSG00000026504	SDCCAG8	ENSMFAG00000045247	ortholog_one2one	1	74.7559
Sde2	ENSMUSG00000038806	SDE2	ENSMFAG00000031291	ortholog_one2one	1	66.7411
Sdf2	ENSMUSG00000002064	SDF2	ENSMFAG00000037309	ortholog_one2one	1	95.7346
Sdf2l1	ENSMUSG00000022769	SDF2L1	ENSMFAG00000033377	ortholog_one2one	1	89.5928
Sdf4	ENSMUSG00000029076	SDF4	ENSMFAG00000039169	ortholog_one2one	1	81.7175
Sdha	ENSMUSG00000021577	SDHA	ENSMFAG00000010720	ortholog_one2many	1	93.0723
Sdhaf1	ENSMUSG00000074211	SDHAF1	ENSMFAG00000015193	ortholog_one2one	1	72.8814
Sdhaf2	ENSMUSG00000024668	SDHAF2	ENSMFAG00000037382	ortholog_one2one	1	67.0732
Sdhaf4	ENSMUSG00000026154	SDHAF4	ENSMFAG00000044658	ortholog_one2one	1	70.1923
Sdhd	ENSMUSG00000000171	SDHD	ENSMFAG00000043016	ortholog_one2many	1	81.1321
Sdk1	ENSMUSG00000039683	SDK1	ENSMFAG00000032698	ortholog_one2one	1	84.5873
Sdk2	ENSMUSG00000041592	SDK2	ENSMFAG00000043895	ortholog_one2one	1	94.1176
Sdr16c5	ENSMUSG00000028236	SDR16C5	ENSMFAG00000002079	ortholog_one2one	1	77.3463
Sdr39u1	ENSMUSG00000022223	SDR39U1	ENSMFAG00000035471	ortholog_one2one	1	86.3481
Sdr42e1	ENSMUSG00000034308	SDR42E1	ENSMFAG00000040108	ortholog_one2one	1	80.203
Sdr42e2	ENSMUSG00000109392	SDR42E2	ENSMFAG00000001916	ortholog_one2one	1	83.2151
Sdr9c7	ENSMUSG00000040127	SDR9C7	ENSMFAG00000034208	ortholog_one2one	1	84.984
Sds	ENSMUSG00000029597	SDS	ENSMFAG00000041743	ortholog_one2one	1	83.1804
Sdsl	ENSMUSG00000029596	SDSL	ENSMFAG00000045838	ortholog_one2one	1	77.4854
Sebox	ENSMUSG00000001103	SEBOX	ENSMFAG00000060033	ortholog_one2one	1	65.7895
Sec11c	ENSMUSG00000024516	SEC11C	ENSMFAG00000037029	ortholog_one2one	1	92.1875
Sec13	ENSMUSG00000030298	SEC13	ENSMFAG00000037200	ortholog_one2one	1	97.205
Sec14l1	ENSMUSG00000020823	SEC14L1	ENSMFAG00000001823	ortholog_one2one	1	94.854
Sec14l2	ENSMUSG00000003585	SEC14L2	ENSMFAG00000034428	ortholog_one2one	1	93.5484
Sec14l3	ENSMUSG00000054986	SEC14L3	ENSMFAG00000043655	ortholog_one2one	1	97.2569
Sec14l4	ENSMUSG00000019368	SEC14L4	ENSMFAG00000036440	ortholog_one2one	1	83.1265
Sec14l5	ENSMUSG00000091712	SEC14L5	ENSMFAG00000002127	ortholog_one2one	1	87.931
Sec16a	ENSMUSG00000026924	SEC16A	ENSMFAG00000031567	ortholog_one2one	1	71.3619
Sec16b	ENSMUSG00000026589	SEC16B	ENSMFAG00000040538	ortholog_one2one	1	74.1199
Sec22a	ENSMUSG00000034473	SEC22A	ENSMFAG00000038056	ortholog_one2one	1	96.4169
Sec22c	ENSMUSG00000061536	SEC22C	ENSMFAG00000033005	ortholog_one2one	1	80.8581
Sec23a	ENSMUSG00000020986	SEC23A	ENSMFAG00000035158	ortholog_one2one	1	99.085
Sec23b	ENSMUSG00000027429	SEC23B	ENSMFAG00000041652	ortholog_one2one	1	94.9153
Sec23ip	ENSMUSG00000055319	SEC23IP	ENSMFAG00000042549	ortholog_one2one	1	86.2725
Sec24b	ENSMUSG00000001052	SEC24B	ENSMFAG00000038799	ortholog_one2one	1	81.9345
Sec24d	ENSMUSG00000039234	SEC24D	ENSMFAG00000038796	ortholog_one2one	1	87.7907
Sec31a	ENSMUSG00000035325	SEC31A	ENSMFAG00000001213	ortholog_one2one	1	88.9431
Sec31b	ENSMUSG00000051984	SEC31B	ENSMFAG00000043520	ortholog_one2one	1	78.9292
Sec61a1	ENSMUSG00000030082	SEC61A1	ENSMFAG00000043634	ortholog_one2one	1	99.3698
Sec61b	ENSMUSG00000053317	SEC61B	ENSMFAG00000002167	ortholog_one2one	1	98.9583
Sec62	ENSMUSG00000027706	SEC62	ENSMFAG00000017749	ortholog_one2one	1	93.7186
Secisbp2l	ENSMUSG00000035093	SECISBP2L	ENSMFAG00000001802	ortholog_one2one	1	87.9706
Seh1l	ENSMUSG00000079614	SEH1L	ENSMFAG00000005165	ortholog_one2one	1	96.6387
Sel1l	ENSMUSG00000020964	SEL1L	ENSMFAG00000036099	ortholog_one2one	1	93.5443
Sel1l2	ENSMUSG00000074764	SEL1L2	ENSMFAG00000040207	ortholog_one2one	1	86.4826
Sel1l3	ENSMUSG00000029189	SEL1L3	ENSMFAG00000002093	ortholog_one2one	1	75.6376
Sele	ENSMUSG00000026582	SELE	ENSMFAG00000001279	ortholog_one2one	1	72.2222
Selenbp1	ENSMUSG00000068874	SELENBP1	ENSMFAG00000033465	ortholog_one2many	1	87.7119
Selenof	ENSMUSG00000037072	SELENOF	ENSMFAG00000064219	ortholog_one2one	1	91.358
Selenom	ENSMUSG00000075702	SELENOM	ENSMFAG00000038047	ortholog_one2one	1	82.069
Selenon	ENSMUSG00000050989	SELENON	ENSMFAG00000036435	ortholog_one2one	1	87.2531
Selenoo	ENSMUSG00000035757	SELENOO	ENSMFAG00000000242	ortholog_one2one	1	64.6177
Selenos	ENSMUSG00000075701	SELENOS	ENSMFAG00000001376	ortholog_one2one	1	75.7895
Selenot	ENSMUSG00000075700	SELENOT	ENSMFAG00000037920	ortholog_one2one	1	95.8974
Selenow	ENSMUSG00000041571	SELENOW	ENSMFAG00000057852	ortholog_one2one	1	69.3182
Sell	ENSMUSG00000026581	SELL	ENSMFAG00000042617	ortholog_one2one	1	73.3871
Selp	ENSMUSG00000026580	SELP	ENSMFAG00000036068	ortholog_one2one	1	73.0469
Sema3a	ENSMUSG00000028883	SEMA3A	ENSMFAG00000043549	ortholog_one2one	1	94.8186
Sema3b	ENSMUSG00000057969	SEMA3B	ENSMFAG00000043386	ortholog_one2one	1	87.4499
Sema3d	ENSMUSG00000040254	SEMA3D	ENSMFAG00000044893	ortholog_one2one	1	92.6641
Sema3e	ENSMUSG00000063531	SEMA3E	ENSMFAG00000032909	ortholog_one2one	1	89.6774
Sema3f	ENSMUSG00000034684	SEMA3F	ENSMFAG00000002063	ortholog_one2one	1	96.5517
Sema3g	ENSMUSG00000021904	SEMA3G	ENSMFAG00000031594	ortholog_one2one	1	86.2821
Sema4a	ENSMUSG00000028064	SEMA4A	ENSMFAG00000037487	ortholog_one2one	1	83.6842
Sema4b	ENSMUSG00000030539	SEMA4B	ENSMFAG00000034089	ortholog_one2one	1	83.4751
Sema4c	ENSMUSG00000026121	SEMA4C	ENSMFAG00000045666	ortholog_one2one	1	88.8489
Sema4f	ENSMUSG00000000627	SEMA4F	ENSMFAG00000027141	ortholog_one2one	1	90.7336
Sema4g	ENSMUSG00000025207	SEMA4G	ENSMFAG00000038405	ortholog_one2one	1	90.681
Sema5b	ENSMUSG00000052133	SEMA5B	ENSMFAG00000002408	ortholog_one2one	1	91.0339
Sema6b	ENSMUSG00000001227	SEMA6B	ENSMFAG00000031298	ortholog_one2one	1	67.6072
Sema6d	ENSMUSG00000027200	SEMA6D	ENSMFAG00000046214	ortholog_one2one	1	95.6914
Sema7a	ENSMUSG00000038264	SEMA7A	ENSMFAG00000034040	ortholog_one2one	1	83.7349
Senp2	ENSMUSG00000022855	SENP2	ENSMFAG00000002841	ortholog_one2one	1	87.585
Senp3	ENSMUSG00000005204	SENP3	ENSMFAG00000039010	ortholog_one2one	1	92.6056
Senp5	ENSMUSG00000022772	SENP5	ENSMFAG00000002045	ortholog_one2one	1	80.1068
Senp7	ENSMUSG00000052917	SENP7	ENSMFAG00000003222	ortholog_one2one	1	71.5526
Senp8	ENSMUSG00000051705	SENP8	ENSMFAG00000004993	ortholog_one2one	1	89.1403
Sephs1	ENSMUSG00000026662	SEPHS1	ENSMFAG00000001994	ortholog_one2one	1	99.4898
Sephs2	ENSMUSG00000049091	SEPHS2	ENSMFAG00000045673	ortholog_one2one	1	71.6814
Sepsecs	ENSMUSG00000029173	SEPSECS	ENSMFAG00000003516	ortholog_one2one	1	86.9048
Septin1	ENSMUSG00000000486	SEPTIN1	ENSMFAG00000031504	ortholog_one2one	1	95.3552
Septin11	ENSMUSG00000058013	SEPTIN11	ENSMFAG00000042066	ortholog_one2one	1	82.1218
Septin12	ENSMUSG00000022542	SEPTIN12	ENSMFAG00000043961	ortholog_one2one	1	86.2745
Septin2	ENSMUSG00000026276	SEPTIN2	ENSMFAG00000039700	ortholog_one2one	1	98.338
Septin5	ENSMUSG00000072214	SEPTIN5	ENSMFAG00000038117	ortholog_one2one	1	87.1345
Septin6	ENSMUSG00000050379	SEPTIN6	ENSMFAG00000003084	ortholog_one2one	1	83.9161
Septin7	ENSMUSG00000001833	SEPTIN7	ENSMFAG00000045134	ortholog_one2one	1	87.2818
Serac1	ENSMUSG00000015659	SERAC1	ENSMFAG00000042904	ortholog_one2one	1	86.6973
Sergef	ENSMUSG00000030839	SERGEF	ENSMFAG00000000777	ortholog_one2one	1	72.4138
Serinc1	ENSMUSG00000019877	SERINC1	ENSMFAG00000043662	ortholog_one2one	1	95.8057
Serinc2	ENSMUSG00000023232	SERINC2	ENSMFAG00000042146	ortholog_one2one	1	77.7778
Serinc3	ENSMUSG00000017707	SERINC3	ENSMFAG00000045198	ortholog_one2one	1	78.8136
Serinc4	ENSMUSG00000046110	SERINC4	ENSMFAG00000034158	ortholog_one2one	1	82.1138
Serinc5	ENSMUSG00000021703	SERINC5	ENSMFAG00000046004	ortholog_one2one	1	74.1866
Serp1	ENSMUSG00000027808	SERP1	ENSMFAG00000054680	ortholog_one2one	1	100
Serpina10	ENSMUSG00000061947	SERPINA10	ENSMFAG00000040771	ortholog_one2one	1	70.9821
Serpina11	ENSMUSG00000063232	SERPINA11	ENSMFAG00000045424	ortholog_one2one	1	75.2358
Serpina12	ENSMUSG00000041567	SERPINA12	ENSMFAG00000061257	ortholog_one2one	1	60.5327
Serpina1a	ENSMUSG00000066366	SERPINA1	ENSMFAG00000042928	ortholog_one2many	1	63.9225
Serpina1b	ENSMUSG00000071178	SERPINA1	ENSMFAG00000042928	ortholog_one2many	1	63.9225
Serpina1c	ENSMUSG00000079015	SERPINA1	ENSMFAG00000042928	ortholog_one2many	1	63.9225
Serpina1d	ENSMUSG00000071177	SERPINA1	ENSMFAG00000042928	ortholog_one2many	1	62.954
Serpina1e	ENSMUSG00000072849	SERPINA1	ENSMFAG00000042928	ortholog_one2many	1	62.954
Serpina3f	ENSMUSG00000066363	SERPINA3	ENSMFAG00000045243	ortholog_one2many	1	54.6067
Serpina3i	ENSMUSG00000079014	SERPINA3	ENSMFAG00000045243	ortholog_one2many	1	59.8039
Serpina3j	ENSMUSG00000079013	SERPINA3	ENSMFAG00000045243	ortholog_one2many	1	53.5714
Serpina3k	ENSMUSG00000058207	SERPINA3	ENSMFAG00000045243	ortholog_one2many	1	58.134
Serpina3m	ENSMUSG00000079012	SERPINA3	ENSMFAG00000045243	ortholog_one2many	1	58.8517
Serpina3n	ENSMUSG00000021091	SERPINA3	ENSMFAG00000045243	ortholog_one2many	1	64.1148
Serpina5	ENSMUSG00000041550	SERPINA5	ENSMFAG00000038025	ortholog_one2one	1	63.9506
Serpina6	ENSMUSG00000060807	SERPINA6	ENSMFAG00000039765	ortholog_one2one	1	57.1788
Serpina7	ENSMUSG00000031271	SERPINA7	ENSMFAG00000046317	ortholog_one2one	1	73.2394
Serpina9	ENSMUSG00000058260	SERPINA9	ENSMFAG00000039680	ortholog_one2one	1	64.8325
Serpinb10	ENSMUSG00000092572	SERPINB10	ENSMFAG00000035673	ortholog_one2one	1	76.3224
Serpinb11	ENSMUSG00000026327	SERPINB11	ENSMFAG00000043383	ortholog_one2one	1	69.5876
Serpinb12	ENSMUSG00000059956	SERPINB12	ENSMFAG00000045116	ortholog_one2one	1	72.5768
Serpinb13	ENSMUSG00000048775	SERPINB13	ENSMFAG00000049388	ortholog_one2one	1	76.0925
Serpinb2	ENSMUSG00000062345	SERPINB2	ENSMFAG00000035794	ortholog_one2one	1	74.4578
Serpinb5	ENSMUSG00000067006	SERPINB5	ENSMFAG00000045261	ortholog_one2one	1	90.4
Serpinb6a	ENSMUSG00000060147	SERPINB6	ENSMFAG00000043844	ortholog_one2many	1	75.6614
Serpinb6c	ENSMUSG00000052180	SERPINB6	ENSMFAG00000043844	ortholog_one2many	1	68.3377
Serpinb7	ENSMUSG00000067001	SERPINB7	ENSMFAG00000035961	ortholog_one2one	1	76.3158
Serpinb8	ENSMUSG00000026315	SERPINB8	ENSMFAG00000033271	ortholog_one2one	1	79.1444
Serpinc1	ENSMUSG00000026715	SERPINC1	ENSMFAG00000031906	ortholog_one2one	1	86.6667
Serpind1	ENSMUSG00000022766	SERPIND1	ENSMFAG00000031107	ortholog_one2one	1	85.9833
Serpine1	ENSMUSG00000037411	SERPINE1	ENSMFAG00000041064	ortholog_one2one	1	76.6169
Serpine2	ENSMUSG00000026249	SERPINE2	ENSMFAG00000043725	ortholog_one2one	1	84.8867
Serpine3	ENSMUSG00000091155	SERPINE3	ENSMFAG00000030949	ortholog_one2one	1	68.0798
Serpinf1	ENSMUSG00000000753	SERPINF1	ENSMFAG00000044409	ortholog_one2one	1	85.3717
Serpinf2	ENSMUSG00000038224	SERPINF2	ENSMFAG00000038758	ortholog_one2one	1	74.5417
Serping1	ENSMUSG00000023224	SERPING1	ENSMFAG00000033907	ortholog_one2one	1	68.6508
Serpinh1	ENSMUSG00000070436	SERPINH1	ENSMFAG00000043814	ortholog_one2one	1	92.8058
Serpini1	ENSMUSG00000027834	SERPINI1	ENSMFAG00000032238	ortholog_one2one	1	85.8537
Sertad1	ENSMUSG00000008384	SERTAD1	ENSMFAG00000030367	ortholog_one2one	1	85.5932
Sertad2	ENSMUSG00000049800	SERTAD2	ENSMFAG00000037664	ortholog_one2one	1	86.0841
Sertad3	ENSMUSG00000055200	SERTAD3	ENSMFAG00000034796	ortholog_one2one	1	85.7868
Sertad4	ENSMUSG00000016262	SERTAD4	ENSMFAG00000056663	ortholog_one2one	1	75.0663
Sertm1	ENSMUSG00000056306	SERTM1	ENSMFAG00000040245	ortholog_one2one	1	95.3271
Sesn1	ENSMUSG00000038332	SESN1	ENSMFAG00000031220	ortholog_one2one	1	92.4797
Sesn2	ENSMUSG00000028893	SESN2	ENSMFAG00000043063	ortholog_one2one	1	90.8333
Sesn3	ENSMUSG00000032009	SESN3	ENSMFAG00000040069	ortholog_one2one	1	83.3333
Sestd1	ENSMUSG00000042272	SESTD1	ENSMFAG00000013388	ortholog_one2one	1	98.2759
Setd2	ENSMUSG00000044791	SETD2	ENSMFAG00000001601	ortholog_one2one	1	85.8888
Setd3	ENSMUSG00000056770	SETD3	ENSMFAG00000003763	ortholog_one2one	1	91.5825
Setd4	ENSMUSG00000022948	SETD4	ENSMFAG00000017853	ortholog_one2one	1	75.6264
Setd6	ENSMUSG00000031671	SETD6	ENSMFAG00000003198	ortholog_one2one	1	70.8245
Setd7	ENSMUSG00000037111	SETD7	ENSMFAG00000002176	ortholog_one2one	1	95.3552
Setdb1	ENSMUSG00000015697	SETDB1	ENSMFAG00000042328	ortholog_one2one	1	90.1195
Setdb2	ENSMUSG00000071350	SETDB2	ENSMFAG00000032631	ortholog_one2one	1	67.5753
Setx	ENSMUSG00000043535	SETX	ENSMFAG00000039742	ortholog_one2one	1	72.9781
Sez6	ENSMUSG00000000632	SEZ6	ENSMFAG00000038743	ortholog_one2one	1	91.5237
Sez6l	ENSMUSG00000058153	SEZ6L	ENSMFAG00000035056	ortholog_one2one	1	84.751
Sez6l2	ENSMUSG00000030683	SEZ6L2	ENSMFAG00000043800	ortholog_one2one	1	93.0661
Sf1	ENSMUSG00000024949	SF1	ENSMFAG00000033122	ortholog_one2one	1	68.8576
Sf3a1	ENSMUSG00000002129	SF3A1	ENSMFAG00000031979	ortholog_one2one	1	98.3565
Sf3a2	ENSMUSG00000020211	SF3A2	ENSMFAG00000002638	ortholog_one2one	1	78.9691
Sf3a3	ENSMUSG00000028902	SF3A3	ENSMFAG00000043047	ortholog_one2one	1	99.2016
Sf3b1	ENSMUSG00000025982	SF3B1	ENSMFAG00000036680	ortholog_one2one	1	99.9233
Sf3b2	ENSMUSG00000024853	SF3B2	ENSMFAG00000003064	ortholog_one2one	1	97.7221
Sf3b3	ENSMUSG00000033732	SF3B3	ENSMFAG00000045487	ortholog_one2one	1	99.9178
Sf3b4	ENSMUSG00000068856	SF3B4	ENSMFAG00000042395	ortholog_one2one	1	99.5283
Sf3b6	ENSMUSG00000037361	SF3B6	ENSMFAG00000038178	ortholog_one2one	1	100
Sfmbt1	ENSMUSG00000006527	SFMBT1	ENSMFAG00000002793	ortholog_one2one	1	89.2236
Sfmbt2	ENSMUSG00000061186	SFMBT2	ENSMFAG00000042671	ortholog_one2one	1	66.8718
Sfn	ENSMUSG00000047281	SFN	ENSMFAG00000017885	ortholog_one2one	1	97.9839
Sfrp1	ENSMUSG00000031548	SFRP1	ENSMFAG00000035564	ortholog_one2one	1	94.586
Sfrp2	ENSMUSG00000027996	SFRP2	ENSMFAG00000038655	ortholog_one2one	1	98.3051
Sfrp4	ENSMUSG00000021319	SFRP4	ENSMFAG00000039798	ortholog_one2one	1	92.8775
Sfrp5	ENSMUSG00000018822	SFRP5	ENSMFAG00000037089	ortholog_one2one	1	94.9045
Sfswap	ENSMUSG00000029439	SFSWAP	ENSMFAG00000037352	ortholog_one2one	1	83.8095
Sfta2	ENSMUSG00000090509	SFTA2	ENSMFAG00000058402	ortholog_one2one	1	53.2468
Sftpb	ENSMUSG00000056370	SFTPB	ENSMFAG00000040839	ortholog_one2one	1	63.6605
Sftpc	ENSMUSG00000022097	SFTPC	ENSMFAG00000003047	ortholog_one2one	1	80.3109
Sfxn2	ENSMUSG00000025036	SFXN2	ENSMFAG00000045149	ortholog_one2one	1	88.8199
Sfxn3	ENSMUSG00000025212	SFXN3	ENSMFAG00000035501	ortholog_one2one	1	93.1464
Sfxn4	ENSMUSG00000063698	SFXN4	ENSMFAG00000043135	ortholog_one2one	1	61.9808
Sfxn5	ENSMUSG00000033720	SFXN5	ENSMFAG00000000876	ortholog_one2one	1	68.1287
Sgca	ENSMUSG00000001508	SGCA	ENSMFAG00000029765	ortholog_one2one	1	86.0465
Sgcb	ENSMUSG00000029156	SGCB	ENSMFAG00000061360	ortholog_one2one	1	95
Sgce	ENSMUSG00000004631	SGCE	ENSMFAG00000000448	ortholog_one2one	1	95.1945
Sgcz	ENSMUSG00000039539	SGCZ	ENSMFAG00000035466	ortholog_one2one	1	95.8199
Sgf29	ENSMUSG00000030714	SGF29	ENSMFAG00000038040	ortholog_one2one	1	98.2935
Sgip1	ENSMUSG00000028524	SGIP1	ENSMFAG00000045356	ortholog_one2one	1	92.176
Sgk1	ENSMUSG00000019970	SGK1	ENSMFAG00000037310	ortholog_one2one	1	91.8793
Sgk2	ENSMUSG00000017868	SGK2	ENSMFAG00000032486	ortholog_one2one	1	93.4605
Sgk3	ENSMUSG00000025915	SGK3	ENSMFAG00000037162	ortholog_one2one	1	96.371
Sgms1	ENSMUSG00000040451	SGMS1	ENSMFAG00000002389	ortholog_one2one	1	96.42
Sgms2	ENSMUSG00000050931	SGMS2	ENSMFAG00000041579	ortholog_one2one	1	92.3288
Sgpl1	ENSMUSG00000020097	SGPL1	ENSMFAG00000000706	ortholog_one2one	1	84.6831
Sgpp2	ENSMUSG00000032908	SGPP2	ENSMFAG00000063724	ortholog_one2one	1	88.983
Sgsh	ENSMUSG00000005043	SGSH	ENSMFAG00000024178	ortholog_one2one	1	89.0438
Sgsm2	ENSMUSG00000038351	SGSM2	ENSMFAG00000000154	ortholog_one2one	1	91.9403
Sgsm3	ENSMUSG00000042303	SGSM3	ENSMFAG00000032498	ortholog_one2one	1	90.5333
Sgta	ENSMUSG00000004937	SGTA	ENSMFAG00000034409	ortholog_one2one	1	88.2166
Sgtb	ENSMUSG00000042743	SGTB	ENSMFAG00000043797	ortholog_one2one	1	96.7105
Sh2b1	ENSMUSG00000030733	SH2B1	ENSMFAG00000001662	ortholog_one2one	1	91.2698
Sh2b3	ENSMUSG00000042594	SH2B3	ENSMFAG00000052483	ortholog_one2one	1	51.6423
Sh2d1a	ENSMUSG00000005696	SH2D1A	ENSMFAG00000057383	ortholog_one2one	1	88.0952
Sh2d1b1	ENSMUSG00000102418	SH2D1B	ENSMFAG00000040797	ortholog_one2many	1	64.3939
Sh2d1b2	ENSMUSG00000073494	SH2D1B	ENSMFAG00000040797	ortholog_one2many	1	65.1515
Sh2d2a	ENSMUSG00000028071	SH2D2A	ENSMFAG00000001858	ortholog_one2one	1	62.8415
Sh2d3c	ENSMUSG00000059013	SH2D3C	ENSMFAG00000000671	ortholog_one2one	1	83.4758
Sh2d4a	ENSMUSG00000053886	SH2D4A	ENSMFAG00000007156	ortholog_one2one	1	77.6722
Sh2d4b	ENSMUSG00000037833	SH2D4B	ENSMFAG00000003299	ortholog_one2one	1	88.8631
Sh2d5	ENSMUSG00000045349	SH2D5	ENSMFAG00000051643	ortholog_one2one	1	86.2471
Sh2d7	ENSMUSG00000046460	SH2D7	ENSMFAG00000001416	ortholog_one2one	1	64.8472
Sh3bgrl2	ENSMUSG00000032261	SH3BGRL2	ENSMFAG00000064741	ortholog_one2one	1	83.1776
Sh3bgrl3	ENSMUSG00000028843	SH3BGRL3	ENSMFAG00000031063	ortholog_one2one	1	95.6989
Sh3bp1	ENSMUSG00000022436	SH3BP1	ENSMFAG00000042826	ortholog_one2one	1	77.3212
Sh3bp2	ENSMUSG00000054520	SH3BP2	ENSMFAG00000040599	ortholog_one2one	1	68.2927
Sh3bp4	ENSMUSG00000036206	SH3BP4	ENSMFAG00000038422	ortholog_one2one	1	91.9958
Sh3bp5	ENSMUSG00000021892	SH3BP5	ENSMFAG00000062882	ortholog_one2one	1	91.7031
Sh3d19	ENSMUSG00000028082	SH3D19	ENSMFAG00000032402	ortholog_one2one	1	76.338
Sh3gl2	ENSMUSG00000028488	SH3GL2	ENSMFAG00000043791	ortholog_one2one	1	94.8864
Sh3gl3	ENSMUSG00000030638	SH3GL3	ENSMFAG00000002733	ortholog_one2one	1	86.4553
Sh3glb1	ENSMUSG00000037062	SH3GLB1	ENSMFAG00000061591	ortholog_one2one	1	95.6164
Sh3kbp1	ENSMUSG00000040990	SH3KBP1	ENSMFAG00000002962	ortholog_one2one	1	93.8346
Sh3pxd2a	ENSMUSG00000053617	SH3PXD2A	ENSMFAG00000044985	ortholog_one2one	1	89.5055
Sh3pxd2b	ENSMUSG00000040711	SH3PXD2B	ENSMFAG00000040954	ortholog_one2one	1	87.9956
Sh3rf1	ENSMUSG00000031642	SH3RF1	ENSMFAG00000026776	ortholog_one2one	1	90.3479
Sh3rf2	ENSMUSG00000057719	SH3RF2	ENSMFAG00000042350	ortholog_one2one	1	81.2245
Sh3rf3	ENSMUSG00000037990	SH3RF3	ENSMFAG00000039435	ortholog_one2one	1	82.4601
Sh3tc2	ENSMUSG00000045629	SH3TC2	ENSMFAG00000001106	ortholog_one2one	1	81.5361
Sh3yl1	ENSMUSG00000020669	SH3YL1	ENSMFAG00000037552	ortholog_one2one	1	92.6471
Shank2	ENSMUSG00000037541	SHANK2	ENSMFAG00000031467	ortholog_one2one	1	60.6735
Shb	ENSMUSG00000044813	SHB	ENSMFAG00000014991	ortholog_one2one	1	68.1909
Shbg	ENSMUSG00000005202	SHBG	ENSMFAG00000000521	ortholog_one2one	1	62.7792
Shc1	ENSMUSG00000042626	SHC1	ENSMFAG00000045075	ortholog_one2one	1	94.8186
Shc3	ENSMUSG00000021448	SHC3	ENSMFAG00000041328	ortholog_one2one	1	90.5724
Shc4	ENSMUSG00000035109	SHC4	ENSMFAG00000038568	ortholog_one2one	1	80.3514
Shd	ENSMUSG00000039154	SHD	ENSMFAG00000033388	ortholog_one2one	1	53.9359
She	ENSMUSG00000046280	SHE	ENSMFAG00000032320	ortholog_one2one	1	80.0813
Shfl	ENSMUSG00000038884	SHFL	ENSMFAG00000041268	ortholog_one2one	1	95.5172
Shh	ENSMUSG00000002633	SHH	ENSMFAG00000064015	ortholog_one2one	1	70.7094
Shisa3	ENSMUSG00000050010	SHISA3	ENSMFAG00000030992	ortholog_one2one	1	94.1176
Shisa4	ENSMUSG00000041889	SHISA4	ENSMFAG00000061611	ortholog_one2one	1	91.8782
Shisa6	ENSMUSG00000053930	SHISA6	ENSMFAG00000031872	ortholog_one2one	1	93.7143
Shisa8	ENSMUSG00000096883	SHISA8	ENSMFAG00000050220	ortholog_one2one	1	66.6667
Shisal2b	ENSMUSG00000042655	SHISAL2B	ENSMFAG00000042775	ortholog_one2one	1	70.8861
Shkbp1	ENSMUSG00000089832	SHKBP1	ENSMFAG00000041593	ortholog_one2one	1	93.3239
Shld3	ENSMUSG00000118537	SHLD3	ENSMFAG00000050976	ortholog_one2one	1	70.9804
Shmt1	ENSMUSG00000020534	SHMT1	ENSMFAG00000034627	ortholog_one2one	1	90.5858
Shmt2	ENSMUSG00000025403	SHMT2	ENSMFAG00000002112	ortholog_one2one	1	94.0476
Shoc1	ENSMUSG00000038598	SHOC1	ENSMFAG00000039780	ortholog_one2one	1	57.4612
Shox2	ENSMUSG00000027833	SHOX2	ENSMFAG00000029366	ortholog_one2one	1	97.5831
Shprh	ENSMUSG00000090112	SHPRH	ENSMFAG00000039704	ortholog_one2one	1	86.0215
Shq1	ENSMUSG00000035378	SHQ1	ENSMFAG00000039148	ortholog_one2one	1	75.9227
Shroom3	ENSMUSG00000029381	SHROOM3	ENSMFAG00000002770	ortholog_one2one	1	63.9899
Shroom4	ENSMUSG00000068270	SHROOM4	ENSMFAG00000042129	ortholog_one2one	1	78.4407
Shtn1	ENSMUSG00000041362	SHTN1	ENSMFAG00000042541	ortholog_one2one	1	90.4913
Siae	ENSMUSG00000001942	SIAE	ENSMFAG00000003476	ortholog_one2one	1	75.7856
Siah1a	ENSMUSG00000036840	SIAH1	ENSMFAG00000045157	ortholog_one2many	1	99.6454
Siah2	ENSMUSG00000036432	SIAH2	ENSMFAG00000039692	ortholog_one2one	1	96.3077
Siah3	ENSMUSG00000091722	SIAH3	ENSMFAG00000000091	ortholog_one2one	1	90.6716
Sidt1	ENSMUSG00000022696	SIDT1	ENSMFAG00000031280	ortholog_one2one	1	91.052
Sidt2	ENSMUSG00000034908	SIDT2	ENSMFAG00000032882	ortholog_one2one	1	91.3462
Siglec1	ENSMUSG00000027322	SIGLEC1	ENSMFAG00000041387	ortholog_one2one	1	72.0752
Siglec15	ENSMUSG00000091055	SIGLEC15	ENSMFAG00000031829	ortholog_one2one	1	76.9006
Sik1	ENSMUSG00000024042	SIK1	ENSMFAG00000032324	ortholog_one2one	1	76.2516
Sik2	ENSMUSG00000037112	SIK2	ENSMFAG00000045653	ortholog_one2one	1	80.5825
Sik3	ENSMUSG00000034135	SIK3	ENSMFAG00000041223	ortholog_one2one	1	87.8013
Sike1	ENSMUSG00000027854	SIKE1	ENSMFAG00000059908	ortholog_one2one	1	92.2705
Sil1	ENSMUSG00000024357	SIL1	ENSMFAG00000035604	ortholog_one2one	1	80.2151
Sim2	ENSMUSG00000062713	SIM2	ENSMFAG00000002855	ortholog_one2one	1	83.2572
Simc1	ENSMUSG00000043183	SIMC1	ENSMFAG00000043578	ortholog_one2one	1	52.2157
Sinhcaf	ENSMUSG00000039985	SINHCAF	ENSMFAG00000003695	ortholog_one2one	1	80.543
Sipa1l1	ENSMUSG00000042700	SIPA1L1	ENSMFAG00000038037	ortholog_one2one	1	95.8474
Sipa1l2	ENSMUSG00000001995	SIPA1L2	ENSMFAG00000039676	ortholog_one2one	1	90.8451
Sipa1l3	ENSMUSG00000030583	SIPA1L3	ENSMFAG00000037792	ortholog_one2one	1	86.9932
Sirt1	ENSMUSG00000020063	SIRT1	ENSMFAG00000046160	ortholog_one2one	1	82.6323
Sirt3	ENSMUSG00000025486	SIRT3	ENSMFAG00000041754	ortholog_one2one	1	78.2101
Sirt4	ENSMUSG00000029524	SIRT4	ENSMFAG00000038370	ortholog_one2one	1	80.1802
Sirt5	ENSMUSG00000054021	SIRT5	ENSMFAG00000000178	ortholog_one2one	1	85.8064
Sis	ENSMUSG00000027790	SI	ENSMFAG00000039069	ortholog_one2one	1	78.7679
Sit1	ENSMUSG00000028460	SIT1	ENSMFAG00000033286	ortholog_one2one	1	75
Six1	ENSMUSG00000051367	SIX1	ENSMFAG00000048802	ortholog_one2one	1	98.9437
Six2	ENSMUSG00000024134	SIX2	ENSMFAG00000056852	ortholog_one2one	1	82.7703
Six3	ENSMUSG00000038805	SIX3	ENSMFAG00000059333	ortholog_one2one	1	87.6877
Six4	ENSMUSG00000034460	SIX4	ENSMFAG00000041852	ortholog_one2one	1	88.3871
Six6	ENSMUSG00000021099	SIX6	ENSMFAG00000038361	ortholog_one2one	1	79.6748
Ska1	ENSMUSG00000036223	SKA1	ENSMFAG00000000025	ortholog_one2one	1	74.4094
Ska2	ENSMUSG00000020492	SKA2	ENSMFAG00000040585	ortholog_one2one	1	80
Ska3	ENSMUSG00000021965	SKA3	ENSMFAG00000034383	ortholog_one2one	1	61.8005
Skap1	ENSMUSG00000057058	SKAP1	ENSMFAG00000038763	ortholog_one2one	1	83.7758
Skap2	ENSMUSG00000059182	SKAP2	ENSMFAG00000041066	ortholog_one2one	1	90.7821
Ski	ENSMUSG00000029050	SKI	ENSMFAG00000032222	ortholog_one2one	1	85.282
Skic2	ENSMUSG00000040356	SKIC2	ENSMFAG00000034235	ortholog_one2one	1	93.6495
Skic3	ENSMUSG00000033991	SKIC3	ENSMFAG00000040876	ortholog_one2one	1	83.4293
Skic8	ENSMUSG00000061559	SKIC8	ENSMFAG00000036343	ortholog_one2one	1	95.4098
Skil	ENSMUSG00000027660	SKIL	ENSMFAG00000029995	ortholog_one2one	1	88.5533
Skor1	ENSMUSG00000022245	SKOR1	ENSMFAG00000001347	ortholog_one2one	1	86.4108
Skp2	ENSMUSG00000054115	SKP2	ENSMFAG00000030476	ortholog_one2one	1	85.3774
Sla	ENSMUSG00000022372	SLA	ENSMFAG00000003417	ortholog_one2one	1	85.0534
Slamf1	ENSMUSG00000015316	SLAMF1	ENSMFAG00000035353	ortholog_one2one	1	54.8105
Slamf8	ENSMUSG00000053318	SLAMF8	ENSMFAG00000044324	ortholog_one2one	1	73.3813
Slamf9	ENSMUSG00000026548	SLAMF9	ENSMFAG00000044181	ortholog_one2one	1	63.8596
Slbp	ENSMUSG00000004642	SLBP	ENSMFAG00000030130	ortholog_one2one	1	87.2727
Slc10a1	ENSMUSG00000021135	SLC10A1	ENSMFAG00000033423	ortholog_one2one	1	72.5552
Slc10a3	ENSMUSG00000032806	SLC10A3	ENSMFAG00000035989	ortholog_one2one	1	86.2579
Slc10a6	ENSMUSG00000029321	SLC10A6	ENSMFAG00000003336	ortholog_one2one	1	70.7775
Slc10a7	ENSMUSG00000031684	SLC10A7	ENSMFAG00000005395	ortholog_one2one	1	92.6471
Slc11a1	ENSMUSG00000026177	SLC11A1	ENSMFAG00000044291	ortholog_one2one	1	88.1387
Slc11a2	ENSMUSG00000023030	SLC11A2	ENSMFAG00000003818	ortholog_one2one	1	88.5563
Slc12a1	ENSMUSG00000027202	SLC12A1	ENSMFAG00000031713	ortholog_one2one	1	93.211
Slc12a2	ENSMUSG00000024597	SLC12A2	ENSMFAG00000001384	ortholog_one2one	1	94.5274
Slc12a3	ENSMUSG00000031766	SLC12A3	ENSMFAG00000045325	ortholog_one2one	1	91.9162
Slc12a4	ENSMUSG00000017765	SLC12A4	ENSMFAG00000038855	ortholog_one2one	1	96.3201
Slc12a5	ENSMUSG00000017740	SLC12A5	ENSMFAG00000040616	ortholog_one2one	1	96.861
Slc12a6	ENSMUSG00000027130	SLC12A6	ENSMFAG00000014792	ortholog_one2one	1	95.666
Slc12a7	ENSMUSG00000017756	SLC12A7	ENSMFAG00000027549	ortholog_one2one	1	89.012
Slc12a8	ENSMUSG00000035506	SLC12A8	ENSMFAG00000036324	ortholog_one2one	1	80.5674
Slc12a9	ENSMUSG00000037344	SLC12A9	ENSMFAG00000035511	ortholog_one2one	1	89.7155
Slc13a1	ENSMUSG00000029700	SLC13A1	ENSMFAG00000030904	ortholog_one2one	1	77.9461
Slc13a3	ENSMUSG00000018459	SLC13A3	ENSMFAG00000037141	ortholog_one2one	1	77
Slc13a4	ENSMUSG00000029843	SLC13A4	ENSMFAG00000000951	ortholog_one2one	1	88.8
Slc13a5	ENSMUSG00000020805	SLC13A5	ENSMFAG00000043319	ortholog_one2one	1	73.951
Slc14a1	ENSMUSG00000059336	SLC14A1	ENSMFAG00000032229	ortholog_one2one	1	84.1146
Slc14a2	ENSMUSG00000024552	SLC14A2	ENSMFAG00000033369	ortholog_one2one	1	84.4086
Slc15a1	ENSMUSG00000025557	SLC15A1	ENSMFAG00000006289	ortholog_one2one	1	83.4979
Slc15a2	ENSMUSG00000022899	SLC15A2	ENSMFAG00000032143	ortholog_one2one	1	77.973
Slc15a3	ENSMUSG00000024737	SLC15A3	ENSMFAG00000038208	ortholog_one2one	1	77.6817
Slc15a4	ENSMUSG00000029416	SLC15A4	ENSMFAG00000039467	ortholog_one2one	1	85.8885
Slc15a5	ENSMUSG00000044378	SLC15A5	ENSMFAG00000000423	ortholog_one2one	1	65.371
Slc16a10	ENSMUSG00000019838	SLC16A10	ENSMFAG00000037297	ortholog_one2one	1	83.2031
Slc16a12	ENSMUSG00000009378	SLC16A12	ENSMFAG00000002755	ortholog_one2one	1	86.8313
Slc16a13	ENSMUSG00000044367	SLC16A13	ENSMFAG00000009701	ortholog_one2one	1	86.9159
Slc16a14	ENSMUSG00000026220	SLC16A14	ENSMFAG00000038643	ortholog_one2one	1	86.5234
Slc16a4	ENSMUSG00000027896	SLC16A4	ENSMFAG00000041455	ortholog_one2one	1	79.6
Slc16a6	ENSMUSG00000041920	SLC16A6	ENSMFAG00000039686	ortholog_one2one	1	84.8948
Slc16a7	ENSMUSG00000020102	SLC16A7	ENSMFAG00000002564	ortholog_one2one	1	71.281
Slc16a8	ENSMUSG00000032988	SLC16A8	ENSMFAG00000059787	ortholog_one2one	1	57.1138
Slc16a9	ENSMUSG00000037762	SLC16A9	ENSMFAG00000032423	ortholog_one2one	1	87.5984
Slc17a1	ENSMUSG00000021335	SLC17A1	ENSMFAG00000037547	ortholog_one2one	1	59.7849
Slc17a2	ENSMUSG00000036110	SLC17A2	ENSMFAG00000002772	ortholog_one2one	1	87.8661
Slc17a4	ENSMUSG00000021336	SLC17A4	ENSMFAG00000036410	ortholog_one2one	1	78.4553
Slc17a5	ENSMUSG00000049624	SLC17A5	ENSMFAG00000044818	ortholog_one2one	1	85.2525
Slc17a6	ENSMUSG00000030500	SLC17A6	ENSMFAG00000040379	ortholog_one2one	1	97.7663
Slc17a8	ENSMUSG00000019935	SLC17A8	ENSMFAG00000002114	ortholog_one2one	1	90.8486
Slc17a9	ENSMUSG00000023393	SLC17A9	ENSMFAG00000044450	ortholog_one2one	1	80.5369
Slc18a1	ENSMUSG00000036330	SLC18A1	ENSMFAG00000029619	ortholog_one2one	1	84.6449
Slc18a2	ENSMUSG00000025094	SLC18A2	ENSMFAG00000031383	ortholog_one2one	1	92.0696
Slc18a3	ENSMUSG00000100241	SLC18A3	ENSMFAG00000008697	ortholog_one2one	1	94.1509
Slc18b1	ENSMUSG00000037455	SLC18B1	ENSMFAG00000040844	ortholog_one2one	1	80.744
Slc19a1	ENSMUSG00000001436	SLC19A1	ENSMFAG00000041513	ortholog_one2one	1	65.4297
Slc19a2	ENSMUSG00000040918	SLC19A2	ENSMFAG00000039988	ortholog_one2one	1	89.9598
Slc19a3	ENSMUSG00000038496	SLC19A3	ENSMFAG00000003208	ortholog_one2one	1	70.082
Slc1a1	ENSMUSG00000024935	SLC1A1	ENSMFAG00000038163	ortholog_one2one	1	90.631
Slc1a2	ENSMUSG00000005089	SLC1A2	ENSMFAG00000043293	ortholog_one2one	1	94.5804
Slc1a3	ENSMUSG00000005360	SLC1A3	ENSMFAG00000024693	ortholog_one2one	1	96.5009
Slc1a4	ENSMUSG00000020142	SLC1A4	ENSMFAG00000003847	ortholog_one2one	1	90.4135
Slc1a5	ENSMUSG00000001918	SLC1A5	ENSMFAG00000044927	ortholog_one2one	1	80.1802
Slc1a6	ENSMUSG00000005357	SLC1A6	ENSMFAG00000003076	ortholog_one2one	1	95.9002
Slc1a7	ENSMUSG00000008932	SLC1A7	ENSMFAG00000041399	ortholog_one2one	1	91.2127
Slc20a1	ENSMUSG00000027397	SLC20A1	ENSMFAG00000006822	ortholog_one2one	1	90.7489
Slc20a2	ENSMUSG00000037656	SLC20A2	ENSMFAG00000000865	ortholog_one2one	1	90.8537
Slc22a1	ENSMUSG00000023829	SLC22A1	ENSMFAG00000033700	ortholog_one2one	1	77.1583
Slc22a12	ENSMUSG00000061742	SLC22A12	ENSMFAG00000001521	ortholog_one2one	1	75.0452
Slc22a13	ENSMUSG00000074028	SLC22A13	ENSMFAG00000035918	ortholog_one2many	1	72.4138
Slc22a13b	ENSMUSG00000092212	SLC22A13	ENSMFAG00000035918	ortholog_one2many	1	71.8693
Slc22a15	ENSMUSG00000033147	SLC22A15	ENSMFAG00000042672	ortholog_one2one	1	91.9118
Slc22a17	ENSMUSG00000022199	SLC22A17	ENSMFAG00000039582	ortholog_one2one	1	78.1499
Slc22a18	ENSMUSG00000000154	SLC22A18	ENSMFAG00000038599	ortholog_one2one	1	58.0488
Slc22a23	ENSMUSG00000038267	SLC22A23	ENSMFAG00000034156	ortholog_one2one	1	92.598
Slc22a3	ENSMUSG00000023828	SLC22A3	ENSMFAG00000002893	ortholog_one2one	1	86.3884
Slc22a6	ENSMUSG00000024650	SLC22A6	ENSMFAG00000003484	ortholog_one2one	1	86.422
Slc22a7	ENSMUSG00000067144	SLC22A7	ENSMFAG00000000127	ortholog_one2one	1	75.9259
Slc22a8	ENSMUSG00000063796	SLC22A8	ENSMFAG00000030409	ortholog_one2one	1	77.6536
Slc23a1	ENSMUSG00000024354	SLC23A1	ENSMFAG00000042397	ortholog_one2one	1	90.2479
Slc23a2	ENSMUSG00000027340	SLC23A2	ENSMFAG00000002700	ortholog_one2one	1	91.358
Slc23a3	ENSMUSG00000026205	SLC23A3	ENSMFAG00000043251	ortholog_one2one	1	77.7414
Slc24a1	ENSMUSG00000034452	SLC24A1	ENSMFAG00000000105	ortholog_one2one	1	60.531
Slc24a2	ENSMUSG00000037996	SLC24A2	ENSMFAG00000031682	ortholog_one2one	1	89.0601
Slc24a3	ENSMUSG00000063873	SLC24A3	ENSMFAG00000037051	ortholog_one2one	1	76.4341
Slc24a4	ENSMUSG00000041771	SLC24A4	ENSMFAG00000037870	ortholog_one2one	1	93.2476
Slc24a5	ENSMUSG00000035183	SLC24A5	ENSMFAG00000033428	ortholog_one2one	1	85.2295
Slc25a11	ENSMUSG00000014606	SLC25A11	ENSMFAG00000038676	ortholog_one2one	1	95.8599
Slc25a12	ENSMUSG00000027010	SLC25A12	ENSMFAG00000036961	ortholog_one2one	1	96.4549
Slc25a13	ENSMUSG00000015112	SLC25A13	ENSMFAG00000037896	ortholog_one2one	1	92.1598
Slc25a14	ENSMUSG00000031105	SLC25A14	ENSMFAG00000032347	ortholog_one2one	1	97.5862
Slc25a16	ENSMUSG00000071253	SLC25A16	ENSMFAG00000059947	ortholog_one2one	1	91.8675
Slc25a17	ENSMUSG00000022404	SLC25A17	ENSMFAG00000042964	ortholog_one2one	1	95.7655
Slc25a18	ENSMUSG00000004902	SLC25A18	ENSMFAG00000039209	ortholog_one2one	1	72.1875
Slc25a19	ENSMUSG00000020744	SLC25A19	ENSMFAG00000030383	ortholog_one2one	1	75.4717
Slc25a2	ENSMUSG00000050304	SLC25A2	ENSMFAG00000027395	ortholog_one2one	1	79.6226
Slc25a20	ENSMUSG00000032602	SLC25A20	ENSMFAG00000037674	ortholog_one2one	1	92.691
Slc25a21	ENSMUSG00000035472	SLC25A21	ENSMFAG00000044432	ortholog_one2one	1	81.5436
Slc25a22	ENSMUSG00000019082	SLC25A22	ENSMFAG00000039130	ortholog_one2one	1	86.3777
Slc25a23	ENSMUSG00000046329	SLC25A23	ENSMFAG00000039503	ortholog_one2one	1	93.3619
Slc25a24	ENSMUSG00000040322	SLC25A24	ENSMFAG00000045161	ortholog_one2one	1	93.6842
Slc25a26	ENSMUSG00000045100	SLC25A26	ENSMFAG00000000714	ortholog_one2one	1	77.0073
Slc25a27	ENSMUSG00000023912	SLC25A27	ENSMFAG00000031954	ortholog_one2one	1	95.3416
Slc25a28	ENSMUSG00000040414	SLC25A28	ENSMFAG00000003371	ortholog_one2one	1	96.4286
Slc25a29	ENSMUSG00000021265	SLC25A29	ENSMFAG00000058088	ortholog_one2one	1	52.2876
Slc25a3	ENSMUSG00000061904	SLC25A3	ENSMFAG00000000145	ortholog_one2one	1	89.0756
Slc25a30	ENSMUSG00000022003	SLC25A30	ENSMFAG00000035809	ortholog_one2one	1	93.1272
Slc25a32	ENSMUSG00000022299	SLC25A32	ENSMFAG00000039281	ortholog_one2one	1	90.8228
Slc25a33	ENSMUSG00000028982	SLC25A33	ENSMFAG00000042772	ortholog_one2one	1	90.625
Slc25a34	ENSMUSG00000040740	SLC25A34	ENSMFAG00000060774	ortholog_one2one	1	86.478
Slc25a35	ENSMUSG00000018740	SLC25A35	ENSMFAG00000044399	ortholog_one2one	1	91
Slc25a36	ENSMUSG00000032449	SLC25A36	ENSMFAG00000031013	ortholog_one2many	1	95.4984
Slc25a37	ENSMUSG00000034248	SLC25A37	ENSMFAG00000027746	ortholog_one2one	1	90.8284
Slc25a38	ENSMUSG00000032519	SLC25A38	ENSMFAG00000003708	ortholog_one2one	1	80.6748
Slc25a39	ENSMUSG00000018677	SLC25A39	ENSMFAG00000036322	ortholog_one2one	1	88.5794
Slc25a4	ENSMUSG00000031633	SLC25A4	ENSMFAG00000032688	ortholog_one2one	1	88.255
Slc25a40	ENSMUSG00000054099	SLC25A40	ENSMFAG00000034495	ortholog_one2one	1	83.6795
Slc25a43	ENSMUSG00000037636	SLC25A43	ENSMFAG00000041936	ortholog_one2one	1	85.3372
Slc25a44	ENSMUSG00000050144	SLC25A44	ENSMFAG00000003800	ortholog_one2one	1	96.1783
Slc25a45	ENSMUSG00000024818	SLC25A45	ENSMFAG00000045518	ortholog_one2one	1	82.9861
Slc25a47	ENSMUSG00000048856	SLC25A47	ENSMFAG00000059614	ortholog_one2one	1	86.4516
Slc25a48	ENSMUSG00000021509	SLC25A48	ENSMFAG00000037816	ortholog_one2one	1	76.4706
Slc25a5	ENSMUSG00000016319	SLC25A5	ENSMFAG00000042853	ortholog_one2one	1	86.9128
Slc25a51	ENSMUSG00000045973	SLC25A51	ENSMFAG00000049216	ortholog_one2many	1	86.5772
Slc26a11	ENSMUSG00000039908	SLC26A11	ENSMFAG00000032450	ortholog_one2one	1	81.6189
Slc26a2	ENSMUSG00000034320	SLC26A2	ENSMFAG00000042946	ortholog_one2one	1	80.6495
Slc26a3	ENSMUSG00000001225	SLC26A3	ENSMFAG00000041395	ortholog_one2one	1	78.4676
Slc26a4	ENSMUSG00000020651	SLC26A4	ENSMFAG00000041539	ortholog_one2one	1	88.3333
Slc26a5	ENSMUSG00000029015	SLC26A5	ENSMFAG00000002624	ortholog_one2one	1	85.7527
Slc26a6	ENSMUSG00000023259	SLC26A6	ENSMFAG00000034657	ortholog_one2one	1	77.9592
Slc26a7	ENSMUSG00000040569	SLC26A7	ENSMFAG00000000973	ortholog_one2one	1	86.4329
Slc26a8	ENSMUSG00000036196	SLC26A8	ENSMFAG00000031229	ortholog_one2one	1	64.3644
Slc26a9	ENSMUSG00000042268	SLC26A9	ENSMFAG00000034099	ortholog_one2one	1	89.6203
Slc27a2	ENSMUSG00000027359	SLC27A2	ENSMFAG00000038376	ortholog_one2one	1	84.5161
Slc27a3	ENSMUSG00000027932	SLC27A3	ENSMFAG00000042386	ortholog_one2one	1	82.009
Slc27a4	ENSMUSG00000059316	SLC27A4	ENSMFAG00000032514	ortholog_one2one	1	91.9129
Slc27a5	ENSMUSG00000030382	SLC27A5	ENSMFAG00000029058	ortholog_one2one	1	70.8273
Slc27a6	ENSMUSG00000024600	SLC27A6	ENSMFAG00000041201	ortholog_one2one	1	78.8368
Slc28a2	ENSMUSG00000027219	SLC28A2	ENSMFAG00000019210	ortholog_one2many	1	76.9697
Slc28a2b	ENSMUSG00000079071	SLC28A2	ENSMFAG00000019210	ortholog_one2many	1	73.9394
Slc28a3	ENSMUSG00000021553	SLC28A3	ENSMFAG00000003710	ortholog_one2one	1	76.9559
Slc29a2	ENSMUSG00000024891	SLC29A2	ENSMFAG00000039334	ortholog_one2one	1	88.3772
Slc29a3	ENSMUSG00000020100	SLC29A3	ENSMFAG00000000250	ortholog_one2one	1	73.2632
Slc29a4	ENSMUSG00000050822	SLC29A4	ENSMFAG00000039217	ortholog_one2one	1	86.7424
Slc2a1	ENSMUSG00000028645	SLC2A1	ENSMFAG00000031833	ortholog_one2one	1	96.9512
Slc2a10	ENSMUSG00000027661	SLC2A10	ENSMFAG00000034385	ortholog_one2one	1	78.5448
Slc2a12	ENSMUSG00000037490	SLC2A12	ENSMFAG00000002658	ortholog_one2one	1	83.9228
Slc2a13	ENSMUSG00000036298	SLC2A13	ENSMFAG00000048331	ortholog_one2one	1	89.168
Slc2a2	ENSMUSG00000027690	SLC2A2	ENSMFAG00000038078	ortholog_one2one	1	81.6444
Slc2a4	ENSMUSG00000018566	SLC2A4	ENSMFAG00000030627	ortholog_one2one	1	92.7308
Slc2a5	ENSMUSG00000028976	SLC2A5	ENSMFAG00000031999	ortholog_one2one	1	82.2355
Slc2a6	ENSMUSG00000036067	SLC2A6	ENSMFAG00000035331	ortholog_one2one	1	81.6901
Slc2a7	ENSMUSG00000062064	SLC2A7	ENSMFAG00000046320	ortholog_one2one	1	73.7143
Slc2a8	ENSMUSG00000026791	SLC2A8	ENSMFAG00000000131	ortholog_one2one	1	85.325
Slc2a9	ENSMUSG00000005107	SLC2A9	ENSMFAG00000042334	ortholog_one2one	1	67.658
Slc30a1	ENSMUSG00000037434	SLC30A1	ENSMFAG00000039946	ortholog_one2one	1	86.0835
Slc30a10	ENSMUSG00000026614	SLC30A10	ENSMFAG00000051013	ortholog_one2one	1	71.2766
Slc30a2	ENSMUSG00000028836	SLC30A2	ENSMFAG00000003156	ortholog_one2one	1	79.7844
Slc30a3	ENSMUSG00000029151	SLC30A3	ENSMFAG00000000328	ortholog_one2one	1	88.6598
Slc30a4	ENSMUSG00000005802	SLC30A4	ENSMFAG00000034326	ortholog_one2one	1	92.093
Slc30a5	ENSMUSG00000021629	SLC30A5	ENSMFAG00000036926	ortholog_one2one	1	95.4008
Slc30a6	ENSMUSG00000024069	SLC30A6	ENSMFAG00000002845	ortholog_one2one	1	91.7391
Slc30a7	ENSMUSG00000054414	SLC30A7	ENSMFAG00000043538	ortholog_one2one	1	95.7672
Slc30a9	ENSMUSG00000029221	SLC30A9	ENSMFAG00000003491	ortholog_one2one	1	88.8889
Slc31a1	ENSMUSG00000066150	SLC31A1	ENSMFAG00000041084	ortholog_one2one	1	89.2857
Slc31a2	ENSMUSG00000066152	SLC31A2	ENSMFAG00000047286	ortholog_one2one	1	65.7343
Slc32a1	ENSMUSG00000037771	SLC32A1	ENSMFAG00000004019	ortholog_one2one	1	99.0476
Slc33a1	ENSMUSG00000027822	SLC33A1	ENSMFAG00000057969	ortholog_one2one	1	93.2727
Slc34a1	ENSMUSG00000021490	SLC34A1	ENSMFAG00000031573	ortholog_one2one	1	89.9529
Slc34a2	ENSMUSG00000029188	SLC34A2	ENSMFAG00000020407	ortholog_one2one	1	78.3357
Slc34a3	ENSMUSG00000006469	SLC34A3	ENSMFAG00000040546	ortholog_one2one	1	80.5324
Slc35a1	ENSMUSG00000028293	SLC35A1	ENSMFAG00000001045	ortholog_one2one	1	91.369
Slc35a2	ENSMUSG00000031156	SLC35A2	ENSMFAG00000046212	ortholog_one2one	1	93.3842
Slc35a3	ENSMUSG00000027957	SLC35A3	ENSMFAG00000057900	ortholog_one2one	1	88.9571
Slc35a4	ENSMUSG00000033272	SLC35A4	ENSMFAG00000041351	ortholog_one2one	1	87.6543
Slc35a5	ENSMUSG00000022664	SLC35A5	ENSMFAG00000042127	ortholog_one2many	1	82.3799
Slc35b1	ENSMUSG00000020873	SLC35B1	ENSMFAG00000025107	ortholog_one2one	1	95.3416
Slc35b3	ENSMUSG00000021432	SLC35B3	ENSMFAG00000000520	ortholog_one2one	1	89.9729
Slc35c1	ENSMUSG00000049922	SLC35C1	ENSMFAG00000052749	ortholog_one2one	1	87.3278
Slc35c2	ENSMUSG00000017664	SLC35C2	ENSMFAG00000042038	ortholog_one2one	1	92.5824
Slc35d1	ENSMUSG00000028521	SLC35D1	ENSMFAG00000025789	ortholog_one2one	1	97.7124
Slc35d2	ENSMUSG00000033114	SLC35D2	ENSMFAG00000000700	ortholog_one2one	1	90.4908
Slc35d3	ENSMUSG00000050473	SLC35D3	ENSMFAG00000036990	ortholog_one2one	1	89.5735
Slc35e1	ENSMUSG00000019731	SLC35E1	ENSMFAG00000034490	ortholog_one2one	1	89.9755
Slc35e2	ENSMUSG00000042202	SLC35E2B	ENSMFAG00000038259	ortholog_one2one	1	86.9136
Slc35e3	ENSMUSG00000060181	SLC35E3	ENSMFAG00000004066	ortholog_one2one	1	93.6102
Slc35e4	ENSMUSG00000048807	SLC35E4	ENSMFAG00000060065	ortholog_one2one	1	81.4286
Slc35f1	ENSMUSG00000038602	SLC35F1	ENSMFAG00000043289	ortholog_one2one	1	97.3039
Slc35f2	ENSMUSG00000042195	SLC35F2	ENSMFAG00000041696	ortholog_one2one	1	89.3333
Slc35f3	ENSMUSG00000057060	SLC35F3	ENSMFAG00000045604	ortholog_one2one	1	87.886
Slc35f4	ENSMUSG00000021852	SLC35F4	ENSMFAG00000001572	ortholog_one2one	1	89.8969
Slc35f5	ENSMUSG00000026342	SLC35F5	ENSMFAG00000001843	ortholog_one2one	1	88.1679
Slc35f6	ENSMUSG00000029175	SLC35F6	ENSMFAG00000029510	ortholog_one2one	1	86.828
Slc35g1	ENSMUSG00000044026	SLC35G1	ENSMFAG00000039807	ortholog_one2one	1	75
Slc35g2	ENSMUSG00000070287	SLC35G2	ENSMFAG00000016006	ortholog_one2one	1	93.2039
Slc36a1	ENSMUSG00000020261	SLC36A1	ENSMFAG00000010715	ortholog_one2one	1	85.6842
Slc36a2	ENSMUSG00000020264	SLC36A2	ENSMFAG00000046152	ortholog_one2one	1	81.3808
Slc36a3	ENSMUSG00000049491	SLC36A3	ENSMFAG00000003733	ortholog_one2one	1	75.0524
Slc36a4	ENSMUSG00000043885	SLC36A4	ENSMFAG00000041537	ortholog_one2one	1	88
Slc37a1	ENSMUSG00000024036	SLC37A1	ENSMFAG00000036570	ortholog_one2one	1	87.0057
Slc37a2	ENSMUSG00000032122	SLC37A2	ENSMFAG00000002233	ortholog_one2one	1	87.2255
Slc37a4	ENSMUSG00000032114	SLC37A4	ENSMFAG00000034499	ortholog_one2one	1	93.2401
Slc38a1	ENSMUSG00000023169	SLC38A1	ENSMFAG00000009753	ortholog_one2one	1	88.0412
Slc38a10	ENSMUSG00000061306	SLC38A10	ENSMFAG00000040675	ortholog_one2one	1	69.5933
Slc38a11	ENSMUSG00000061171	SLC38A11	ENSMFAG00000003277	ortholog_one2one	1	80.7947
Slc38a2	ENSMUSG00000022462	SLC38A2	ENSMFAG00000037266	ortholog_one2one	1	89.2857
Slc38a3	ENSMUSG00000010064	SLC38A3	ENSMFAG00000042657	ortholog_one2one	1	90.099
Slc38a4	ENSMUSG00000022464	SLC38A4	ENSMFAG00000000933	ortholog_one2one	1	87.0201
Slc38a6	ENSMUSG00000044712	SLC38A6	ENSMFAG00000000901	ortholog_one2one	1	84.6827
Slc38a7	ENSMUSG00000036534	SLC38A7	ENSMFAG00000045340	ortholog_one2one	1	95.2484
Slc38a8	ENSMUSG00000034224	SLC38A8	ENSMFAG00000002345	ortholog_one2one	1	81.0185
Slc38a9	ENSMUSG00000047789	SLC38A9	ENSMFAG00000042280	ortholog_one2one	1	91.4286
Slc39a11	ENSMUSG00000041654	SLC39A11	ENSMFAG00000031162	ortholog_one2one	1	89.8507
Slc39a13	ENSMUSG00000002105	SLC39A13	ENSMFAG00000003412	ortholog_one2one	1	79.5014
Slc39a14	ENSMUSG00000022094	SLC39A14	ENSMFAG00000003405	ortholog_one2one	1	84.2536
Slc39a2	ENSMUSG00000072572	SLC39A2	ENSMFAG00000046045	ortholog_one2one	1	77.6699
Slc39a4	ENSMUSG00000063354	SLC39A4	ENSMFAG00000031715	ortholog_one2one	1	70.1515
Slc39a5	ENSMUSG00000039878	SLC39A5	ENSMFAG00000044988	ortholog_one2one	1	83.9252
Slc39a6	ENSMUSG00000024270	SLC39A6	ENSMFAG00000034536	ortholog_one2one	1	84.3137
Slc39a7	ENSMUSG00000024327	SLC39A7	ENSMFAG00000038848	ortholog_one2one	1	85.084
Slc39a8	ENSMUSG00000053897	SLC39A8	ENSMFAG00000031938	ortholog_one2one	1	88.7446
Slc39a9	ENSMUSG00000048833	SLC39A9	ENSMFAG00000030713	ortholog_one2one	1	91.8831
Slc3a1	ENSMUSG00000024131	SLC3A1	ENSMFAG00000030088	ortholog_one2one	1	78.1022
Slc3a2	ENSMUSG00000010095	SLC3A2	ENSMFAG00000032262	ortholog_one2one	1	74.5247
Slc41a1	ENSMUSG00000013275	SLC41A1	ENSMFAG00000041913	ortholog_one2one	1	97.8516
Slc41a2	ENSMUSG00000034591	SLC41A2	ENSMFAG00000045731	ortholog_one2one	1	91.0995
Slc43a1	ENSMUSG00000027075	SLC43A1	ENSMFAG00000041225	ortholog_one2one	1	79.7872
Slc43a3	ENSMUSG00000027074	SLC43A3	ENSMFAG00000033094	ortholog_one2one	1	73.9044
Slc44a1	ENSMUSG00000028412	SLC44A1	ENSMFAG00000044299	ortholog_one2one	1	91.1429
Slc44a2	ENSMUSG00000057193	SLC44A2	ENSMFAG00000035994	ortholog_one2one	1	86.2606
Slc44a3	ENSMUSG00000039865	SLC44A3	ENSMFAG00000030266	ortholog_one2one	1	80.0305
Slc44a4	ENSMUSG00000007034	SLC44A4	ENSMFAG00000041119	ortholog_one2one	1	82.4611
Slc44a5	ENSMUSG00000028360	SLC44A5	ENSMFAG00000038111	ortholog_one2one	1	68.8732
Slc45a1	ENSMUSG00000039838	SLC45A1	ENSMFAG00000037500	ortholog_one2one	1	90.5459
Slc45a2	ENSMUSG00000022243	SLC45A2	ENSMFAG00000003969	ortholog_one2one	1	82.4528
Slc45a3	ENSMUSG00000026435	SLC45A3	ENSMFAG00000045958	ortholog_one2one	1	90.4159
Slc45a4	ENSMUSG00000079020	SLC45A4	ENSMFAG00000042422	ortholog_one2one	1	84.2038
Slc46a1	ENSMUSG00000020829	SLC46A1	ENSMFAG00000039525	ortholog_one2one	1	87.146
Slc46a2	ENSMUSG00000028386	SLC46A2	ENSMFAG00000043389	ortholog_one2one	1	76.4092
Slc46a3	ENSMUSG00000029650	SLC46A3	ENSMFAG00000030072	ortholog_one2one	1	73.6957
Slc47a1	ENSMUSG00000010122	SLC47A1	ENSMFAG00000002968	ortholog_one2one	1	78.1305
Slc49a3	ENSMUSG00000029490	SLC49A3	ENSMFAG00000044152	ortholog_one2one	1	66.6667
Slc49a4	ENSMUSG00000022848	SLC49A4	ENSMFAG00000063644	ortholog_one2one	1	94.9791
Slc4a1	ENSMUSG00000006574	SLC4A1	ENSMFAG00000036520	ortholog_one2one	1	80.1938
Slc4a10	ENSMUSG00000026904	SLC4A10	ENSMFAG00000034426	ortholog_one2one	1	97.83
Slc4a11	ENSMUSG00000074796	SLC4A11	ENSMFAG00000044132	ortholog_one2one	1	84.8028
Slc4a1ap	ENSMUSG00000029141	SLC4A1AP	ENSMFAG00000034281	ortholog_one2one	1	79.4355
Slc4a2	ENSMUSG00000028962	SLC4A2	ENSMFAG00000002821	ortholog_one2one	1	93.0477
Slc4a3	ENSMUSG00000006576	SLC4A3	ENSMFAG00000002002	ortholog_one2one	1	94.621
Slc4a4	ENSMUSG00000060961	SLC4A4	ENSMFAG00000000956	ortholog_one2one	1	96.8007
Slc4a5	ENSMUSG00000068323	SLC4A5	ENSMFAG00000044843	ortholog_one2one	1	86.9356
Slc4a8	ENSMUSG00000023032	SLC4A8	ENSMFAG00000043127	ortholog_one2one	1	96.6024
Slc4a9	ENSMUSG00000024485	SLC4A9	ENSMFAG00000033873	ortholog_one2one	1	82.3529
Slc50a1	ENSMUSG00000027953	SLC50A1	ENSMFAG00000001685	ortholog_one2one	1	78.733
Slc51a	ENSMUSG00000035699	SLC51A	ENSMFAG00000001755	ortholog_one2one	1	81.1765
Slc52a2	ENSMUSG00000022560	SLC52A2	ENSMFAG00000046166	ortholog_one2many	1	80.6667
Slc52a3	ENSMUSG00000027463	SLC52A3	ENSMFAG00000042037	ortholog_one2one	1	76.5217
Slc5a10	ENSMUSG00000042371	SLC5A10	ENSMFAG00000003061	ortholog_one2one	1	88.4228
Slc5a11	ENSMUSG00000030769	SLC5A11	ENSMFAG00000044773	ortholog_one2one	1	85.2897
Slc5a12	ENSMUSG00000041644	SLC5A12	ENSMFAG00000037034	ortholog_one2one	1	83.3603
Slc5a2	ENSMUSG00000030781	SLC5A2	ENSMFAG00000002366	ortholog_one2one	1	89.8507
Slc5a6	ENSMUSG00000006641	SLC5A6	ENSMFAG00000031458	ortholog_one2one	1	80.7571
Slc5a8	ENSMUSG00000020062	SLC5A8	ENSMFAG00000031305	ortholog_one2one	1	86.9067
Slc5a9	ENSMUSG00000028544	SLC5A9	ENSMFAG00000035463	ortholog_one2one	1	84.3796
Slc66a1	ENSMUSG00000028744	SLC66A1	ENSMFAG00000038284	ortholog_one2one	1	73.3788
Slc66a2	ENSMUSG00000034006	SLC66A2	ENSMFAG00000013643	ortholog_one2one	1	81.4229
Slc66a3	ENSMUSG00000045679	SLC66A3	ENSMFAG00000034193	ortholog_one2one	1	84.6535
Slc6a1	ENSMUSG00000030310	SLC6A1	ENSMFAG00000007438	ortholog_one2one	1	97.9967
Slc6a11	ENSMUSG00000030307	SLC6A11	ENSMFAG00000034176	ortholog_one2one	1	65.0718
Slc6a15	ENSMUSG00000019894	SLC6A15	ENSMFAG00000003556	ortholog_one2one	1	91.7695
Slc6a17	ENSMUSG00000027894	SLC6A17	ENSMFAG00000044649	ortholog_one2one	1	96.5612
Slc6a18	ENSMUSG00000021612	SLC6A18	ENSMFAG00000029794	ortholog_one2one	1	71.7073
Slc6a19	ENSMUSG00000021565	SLC6A19	ENSMFAG00000031540	ortholog_one2one	1	76.0252
Slc6a2	ENSMUSG00000055368	SLC6A2	ENSMFAG00000002998	ortholog_one2one	1	91.41
Slc6a20a	ENSMUSG00000036814	SLC6A20	ENSMFAG00000001640	ortholog_one2many	1	92.3987
Slc6a20b	ENSMUSG00000025243	SLC6A20	ENSMFAG00000001640	ortholog_one2many	1	81.7323
Slc6a3	ENSMUSG00000021609	SLC6A3	ENSMFAG00000003977	ortholog_one2one	1	93.6995
Slc6a4	ENSMUSG00000020838	SLC6A4	ENSMFAG00000002876	ortholog_one2one	1	92.2222
Slc6a5	ENSMUSG00000039728	SLC6A5	ENSMFAG00000040202	ortholog_one2one	1	94.311
Slc6a6	ENSMUSG00000030096	SLC6A6	ENSMFAG00000038570	ortholog_one2one	1	93.0757
Slc6a7	ENSMUSG00000052026	SLC6A7	ENSMFAG00000039840	ortholog_one2one	1	94.6625
Slc6a9	ENSMUSG00000028542	SLC6A9	ENSMFAG00000000702	ortholog_one2one	1	90.2054
Slc7a1	ENSMUSG00000041313	SLC7A1	ENSMFAG00000043457	ortholog_one2one	1	88.1029
Slc7a10	ENSMUSG00000030495	SLC7A10	ENSMFAG00000041307	ortholog_one2one	1	90.3774
Slc7a11	ENSMUSG00000027737	SLC7A11	ENSMFAG00000037696	ortholog_one2one	1	88.6454
Slc7a13	ENSMUSG00000041052	SLC7A13	ENSMFAG00000038420	ortholog_one2one	1	69.6653
Slc7a2	ENSMUSG00000031596	SLC7A2	ENSMFAG00000030671	ortholog_one2one	1	88.7367
Slc7a3	ENSMUSG00000031297	SLC7A3	ENSMFAG00000002533	ortholog_one2one	1	82.6861
Slc7a5	ENSMUSG00000040010	SLC7A5	ENSMFAG00000041887	ortholog_one2one	1	70.5078
Slc7a6	ENSMUSG00000031904	SLC7A6	ENSMFAG00000038675	ortholog_one2one	1	88.7379
Slc7a7	ENSMUSG00000000958	SLC7A7	ENSMFAG00000045060	ortholog_one2one	1	89.0196
Slc7a8	ENSMUSG00000022180	SLC7A8	ENSMFAG00000001018	ortholog_one2one	1	92.0904
Slc7a9	ENSMUSG00000030492	SLC7A9	ENSMFAG00000002286	ortholog_one2one	1	87.4743
Slc8a1	ENSMUSG00000054640	SLC8A1	ENSMFAG00000038538	ortholog_one2one	1	95.3608
Slc8a2	ENSMUSG00000030376	SLC8A2	ENSMFAG00000037527	ortholog_one2one	1	94.354
Slc8a3	ENSMUSG00000079055	SLC8A3	ENSMFAG00000034168	ortholog_one2one	1	95.2226
Slc8b1	ENSMUSG00000032754	SLC8B1	ENSMFAG00000037941	ortholog_one2one	1	82.2222
Slc9a2	ENSMUSG00000026062	SLC9A2	ENSMFAG00000045336	ortholog_one2one	1	90.0491
Slc9a3	ENSMUSG00000036123	SLC9A3	ENSMFAG00000003512	ortholog_one2one	1	69.6056
Slc9a4	ENSMUSG00000026065	SLC9A4	ENSMFAG00000044816	ortholog_one2one	1	83.4379
Slc9a5	ENSMUSG00000014786	SLC9A5	ENSMFAG00000030400	ortholog_one2one	1	94.4321
Slc9a6	ENSMUSG00000060681	SLC9A6	ENSMFAG00000041408	ortholog_one2one	1	93.1624
Slc9a7	ENSMUSG00000037341	SLC9A7	ENSMFAG00000044322	ortholog_one2one	1	95.3168
Slc9a8	ENSMUSG00000039463	SLC9A8	ENSMFAG00000002040	ortholog_one2one	1	96.875
Slc9a9	ENSMUSG00000031129	SLC9A9	ENSMFAG00000002921	ortholog_one2one	1	91.7702
Slc9b1	ENSMUSG00000050150	SLC9B1	ENSMFAG00000042668	ortholog_one2one	1	58.4071
Slc9b2	ENSMUSG00000037994	SLC9B2	ENSMFAG00000046399	ortholog_one2one	1	79.5247
Slc9c1	ENSMUSG00000033210	SLC9C1	ENSMFAG00000037571	ortholog_one2one	1	67.3191
Slco1a1	ENSMUSG00000041698	SLCO1A2	ENSMFAG00000039081	ortholog_one2many	1	69.5522
Slco1a4	ENSMUSG00000030237	SLCO1A2	ENSMFAG00000039081	ortholog_one2many	1	73.1343
Slco1a5	ENSMUSG00000063975	SLCO1A2	ENSMFAG00000039081	ortholog_one2many	1	73.5821
Slco1a6	ENSMUSG00000079262	SLCO1A2	ENSMFAG00000039081	ortholog_one2many	1	66.1194
Slco1a7	ENSMUSG00000084927	SLCO1A2	ENSMFAG00000039081	ortholog_one2many	1	66.5672
Slco1a8	ENSMUSG00000079263	SLCO1A2	ENSMFAG00000039081	ortholog_one2many	1	67.0149
Slco1b2	ENSMUSG00000030236	SLCO1B3	ENSMFAG00000037163	ortholog_one2one	1	64.7315
Slco1c1	ENSMUSG00000030235	SLCO1C1	ENSMFAG00000032248	ortholog_one2one	1	83.6364
Slco2a1	ENSMUSG00000032548	SLCO2A1	ENSMFAG00000043043	ortholog_one2one	1	83.6703
Slco2b1	ENSMUSG00000030737	SLCO2B1	ENSMFAG00000042845	ortholog_one2one	1	75.1804
Slco3a1	ENSMUSG00000025790	SLCO3A1	ENSMFAG00000034393	ortholog_one2one	1	69.0141
Slco4a1	ENSMUSG00000038963	SLCO4A1	ENSMFAG00000041624	ortholog_one2one	1	71.6459
Slco4c1	ENSMUSG00000040693	SLCO4C1	ENSMFAG00000046265	ortholog_one2one	1	80.8864
Slco5a1	ENSMUSG00000025938	SLCO5A1	ENSMFAG00000037298	ortholog_one2one	1	88.4706
Slf1	ENSMUSG00000021597	SLF1	ENSMFAG00000028903	ortholog_one2one	1	80.0759
Slf2	ENSMUSG00000036097	SLF2	ENSMFAG00000042449	ortholog_one2one	1	85.6406
Slfn10	ENSMUSG00000072621	SLFN13	ENSMFAG00000000114	ortholog_one2many	1	59.8706
Slfn14	ENSMUSG00000082101	SLFN14	ENSMFAG00000037905	ortholog_one2one	1	71.1902
Slfn5	ENSMUSG00000054404	SLFN5	ENSMFAG00000034231	ortholog_one2one	1	59.8416
Slfn8	ENSMUSG00000035208	SLFN13	ENSMFAG00000000114	ortholog_one2many	1	60.7692
Slfn9	ENSMUSG00000069793	SLFN13	ENSMFAG00000000114	ortholog_one2many	1	62.1978
Slfnl1	ENSMUSG00000047518	SLFNL1	ENSMFAG00000041721	ortholog_one2one	1	73.1707
Slirp	ENSMUSG00000021040	SLIRP	ENSMFAG00000042960	ortholog_one2one	1	65.1786
Slit1	ENSMUSG00000025020	SLIT1	ENSMFAG00000045033	ortholog_one2one	1	92.8805
Slit2	ENSMUSG00000031558	SLIT2	ENSMFAG00000000096	ortholog_one2one	1	96.7784
Slit3	ENSMUSG00000056427	SLIT3	ENSMFAG00000000721	ortholog_one2one	1	94.2876
Slitrk1	ENSMUSG00000075478	SLITRK1	ENSMFAG00000000028	ortholog_one2one	1	92.9598
Slitrk2	ENSMUSG00000036790	SLITRK2	ENSMFAG00000030304	ortholog_one2one	1	97.3995
Slitrk3	ENSMUSG00000048304	SLITRK3	ENSMFAG00000030149	ortholog_one2one	1	96.6327
Slitrk5	ENSMUSG00000033214	SLITRK5	ENSMFAG00000040496	ortholog_one2one	1	88.2968
Slk	ENSMUSG00000025060	SLK	ENSMFAG00000007328	ortholog_one2one	1	83.2117
Slpi	ENSMUSG00000017002	SLPI	ENSMFAG00000040605	ortholog_one2one	1	57.2519
Sltm	ENSMUSG00000032212	SLTM	ENSMFAG00000033354	ortholog_one2one	1	91.1736
Slu7	ENSMUSG00000020409	SLU7	ENSMFAG00000002001	ortholog_one2one	1	96.2393
Slx4	ENSMUSG00000039738	SLX4	ENSMFAG00000043878	ortholog_one2one	1	59.4249
Slx4ip	ENSMUSG00000027281	SLX4IP	ENSMFAG00000056917	ortholog_one2one	1	68.2809
Slx9	ENSMUSG00000032977	SLX9	ENSMFAG00000037615	ortholog_one2one	1	65.7534
Smad1	ENSMUSG00000031681	SMAD1	ENSMFAG00000037774	ortholog_one2one	1	98.9247
Smad2	ENSMUSG00000024563	SMAD2	ENSMFAG00000045652	ortholog_one2one	1	100
Smad3	ENSMUSG00000032402	SMAD3	ENSMFAG00000001781	ortholog_one2one	1	99.7647
Smad5	ENSMUSG00000021540	SMAD5	ENSMFAG00000039447	ortholog_one2one	1	72.4731
Smad7	ENSMUSG00000025880	SMAD7	ENSMFAG00000042998	ortholog_one2one	1	94.8357
Smagp	ENSMUSG00000053559	SMAGP	ENSMFAG00000053555	ortholog_one2one	1	78.3505
Smap1	ENSMUSG00000026155	SMAP1	ENSMFAG00000032465	ortholog_one2one	1	92.7273
Smap2	ENSMUSG00000032870	SMAP2	ENSMFAG00000044100	ortholog_one2one	1	94.3925
Smarca1	ENSMUSG00000031099	SMARCA1	ENSMFAG00000002117	ortholog_one2one	1	95.5067
Smarca5	ENSMUSG00000031715	SMARCA5	ENSMFAG00000043649	ortholog_one2one	1	97.7165
Smarcad1	ENSMUSG00000029920	SMARCAD1	ENSMFAG00000042606	ortholog_one2one	1	88.4427
Smarcal1	ENSMUSG00000039354	SMARCAL1	ENSMFAG00000034369	ortholog_one2one	1	74.3956
Smarcb1	ENSMUSG00000000902	SMARCB1	ENSMFAG00000040790	ortholog_one2one	1	100
Smarcc1	ENSMUSG00000032481	SMARCC1	ENSMFAG00000043050	ortholog_one2one	1	95.6279
Smarcc2	ENSMUSG00000025369	SMARCC2	ENSMFAG00000031029	ortholog_one2one	1	96.7024
Smarcd1	ENSMUSG00000023018	SMARCD1	ENSMFAG00000000413	ortholog_one2one	1	92.0388
Smarcd3	ENSMUSG00000028949	SMARCD3	ENSMFAG00000032295	ortholog_one2one	1	85.5072
Smarce1	ENSMUSG00000037935	SMARCE1	ENSMFAG00000042285	ortholog_one2many	1	92.944
Smc1a	ENSMUSG00000041133	SMC1A	ENSMFAG00000003859	ortholog_one2one	1	99.2701
Smc1b	ENSMUSG00000022432	SMC1B	ENSMFAG00000034275	ortholog_one2one	1	83.4135
Smc2	ENSMUSG00000028312	SMC2	ENSMFAG00000035914	ortholog_one2one	1	91.6037
Smc3	ENSMUSG00000024974	SMC3	ENSMFAG00000003098	ortholog_one2one	1	99.8357
Smc4	ENSMUSG00000034349	SMC4	ENSMFAG00000003430	ortholog_one2one	1	89.3468
Smc6	ENSMUSG00000020608	SMC6	ENSMFAG00000033284	ortholog_one2one	1	90.0638
Smchd1	ENSMUSG00000024054	SMCHD1	ENSMFAG00000038628	ortholog_one2one	1	86.2481
Smco1	ENSMUSG00000046345	SMCO1	ENSMFAG00000000378	ortholog_one2one	1	71.9626
Smco3	ENSMUSG00000043298	SMCO3	ENSMFAG00000038961	ortholog_one2one	1	87.1111
Smcr8	ENSMUSG00000049323	SMCR8	ENSMFAG00000036336	ortholog_one2one	1	88.877
Smdt1	ENSMUSG00000022452	SMDT1	ENSMFAG00000044573	ortholog_one2one	1	82.243
Smg5	ENSMUSG00000001415	SMG5	ENSMFAG00000045357	ortholog_one2one	1	92.1337
Smg6	ENSMUSG00000038290	SMG6	ENSMFAG00000003394	ortholog_one2one	1	89.2102
Smg7	ENSMUSG00000042772	SMG7	ENSMFAG00000031653	ortholog_one2one	1	91.6226
Smg8	ENSMUSG00000020495	SMG8	ENSMFAG00000024874	ortholog_one2one	1	95.9637
Smg9	ENSMUSG00000002210	SMG9	ENSMFAG00000040840	ortholog_one2one	1	94.0385
Smim1	ENSMUSG00000078350	SMIM1	ENSMFAG00000041475	ortholog_one2one	1	80.7692
Smim14	ENSMUSG00000037822	SMIM14	ENSMFAG00000045159	ortholog_one2one	1	57.8571
Smim15	ENSMUSG00000071180	SMIM15	ENSMFAG00000051035	ortholog_one2one	1	98.6487
Smim20	ENSMUSG00000061461	SMIM20	ENSMFAG00000033269	ortholog_one2one	1	51.0204
Smim22	ENSMUSG00000096215	SMIM22	ENSMFAG00000036739	ortholog_one2one	1	65.1163
Smim23	ENSMUSG00000020270	SMIM23	ENSMFAG00000039057	ortholog_one2one	1	68.3824
Smim24	ENSMUSG00000078439	SMIM24	ENSMFAG00000037612	ortholog_one2one	1	60.8333
Smim31	ENSMUSG00000074300	SMIM31	ENSMFAG00000031722	ortholog_one2one	1	61.9718
Smim34	ENSMUSG00000116967	SMIM34	ENSMFAG00000063086	ortholog_one2one	1	59.2593
Smim35	ENSMUSG00000091996	SMIM35	ENSMFAG00000000547	ortholog_one2one	1	88.2353
Smim45	ENSMUSG00000068099	SMIM45	ENSMFAG00000064531	ortholog_one2one	1	98.5294
Smim5	ENSMUSG00000048442	SMIM5	ENSMFAG00000034483	ortholog_one2one	1	78.2051
Smim8	ENSMUSG00000028295	SMIM8	ENSMFAG00000000775	ortholog_one2one	1	85.567
Smn1	ENSMUSG00000021645	SMN1	ENSMFAG00000031523	ortholog_one2many	1	85.0694
Smo	ENSMUSG00000001761	SMO	ENSMFAG00000045402	ortholog_one2one	1	74.9054
Smoc1	ENSMUSG00000021136	SMOC1	ENSMFAG00000036642	ortholog_one2one	1	92.4779
Smoc2	ENSMUSG00000023886	SMOC2	ENSMFAG00000003901	ortholog_one2one	1	61.8943
Smox	ENSMUSG00000027333	SMOX	ENSMFAG00000031692	ortholog_one2one	1	89.009
Smpd2	ENSMUSG00000019822	SMPD2	ENSMFAG00000033236	ortholog_one2one	1	76.3723
Smpdl3b	ENSMUSG00000028885	SMPDL3B	ENSMFAG00000044059	ortholog_one2one	1	55.9211
Smpx	ENSMUSG00000041476	SMPX	ENSMFAG00000040826	ortholog_one2one	1	85.8824
Sms	ENSMUSG00000071708	SMS	ENSMFAG00000039117	ortholog_one2one	1	92.8962
Smtn	ENSMUSG00000020439	SMTN	ENSMFAG00000040512	ortholog_one2one	1	76.7644
Smtnl1	ENSMUSG00000027077	SMTNL1	ENSMFAG00000044730	ortholog_one2one	1	70.8061
Smu1	ENSMUSG00000028409	SMU1	ENSMFAG00000042584	ortholog_one2one	1	100
Smug1	ENSMUSG00000036061	SMUG1	ENSMFAG00000038455	ortholog_one2many	1	85.6631
Smurf1	ENSMUSG00000038780	SMURF1	ENSMFAG00000033436	ortholog_one2one	1	96.087
Smyd1	ENSMUSG00000055027	SMYD1	ENSMFAG00000032918	ortholog_one2one	1	94.5493
Smyd2	ENSMUSG00000026603	SMYD2	ENSMFAG00000022994	ortholog_one2one	1	93.5335
Smyd3	ENSMUSG00000055067	SMYD3	ENSMFAG00000045761	ortholog_one2one	1	93.9252
Smyd4	ENSMUSG00000018809	SMYD4	ENSMFAG00000032240	ortholog_one2one	1	70.0876
Smyd5	ENSMUSG00000033706	SMYD5	ENSMFAG00000000968	ortholog_one2one	1	90.625
Snai1	ENSMUSG00000042821	SNAI1	ENSMFAG00000048456	ortholog_one2one	1	87.8788
Snap23	ENSMUSG00000027287	SNAP23	ENSMFAG00000039867	ortholog_one2one	1	80.4762
Snap25	ENSMUSG00000027273	SNAP25	ENSMFAG00000001652	ortholog_one2one	1	98.5437
Snap47	ENSMUSG00000009894	SNAP47	ENSMFAG00000001190	ortholog_one2one	1	67.5545
Snap91	ENSMUSG00000033419	SNAP91	ENSMFAG00000045148	ortholog_one2one	1	93.2147
Snapc1	ENSMUSG00000021113	SNAPC1	ENSMFAG00000043540	ortholog_one2one	1	72.4936
Snapc2	ENSMUSG00000011837	SNAPC2	ENSMFAG00000034273	ortholog_one2one	1	52.0891
Snapc3	ENSMUSG00000028483	SNAPC3	ENSMFAG00000039519	ortholog_one2one	1	85.258
Snapc4	ENSMUSG00000036281	SNAPC4	ENSMFAG00000003913	ortholog_one2one	1	58.7397
Snapc5	ENSMUSG00000032398	SNAPC5	ENSMFAG00000046383	ortholog_one2one	1	70.5882
Snapin	ENSMUSG00000001018	SNAPIN	ENSMFAG00000059526	ortholog_one2one	1	97.7941
Snca	ENSMUSG00000025889	SNCA	ENSMFAG00000041402	ortholog_one2one	1	56.5217
Sncaip	ENSMUSG00000024534	SNCAIP	ENSMFAG00000033060	ortholog_one2one	1	85.8031
Sncb	ENSMUSG00000034891	SNCB	ENSMFAG00000033893	ortholog_one2one	1	71.4286
Snd1	ENSMUSG00000001424	SND1	ENSMFAG00000038114	ortholog_one2one	1	97.5824
Snf8	ENSMUSG00000006058	SNF8	ENSMFAG00000000584	ortholog_one2one	1	98.4496
Snip1	ENSMUSG00000050213	SNIP1	ENSMFAG00000040288	ortholog_one2one	1	84.5953
Snn	ENSMUSG00000037972	SNN	ENSMFAG00000065509	ortholog_one2one	1	97.7273
Snora23	ENSMUSG00000064451	SNORA23	ENSMFAG00000010660	ortholog_one2one	1	87.5
Snora36b	ENSMUSG00002075146	SNORA36	ENSMFAG00000006573	ortholog_one2one	1	88.6364
Snora41	ENSMUSG00000064602	SNORA41	ENSMFAG00000013481	ortholog_many2many	1	87.1212
Snora44	ENSMUSG00000064604	SNORA44	ENSMFAG00000004531	ortholog_one2many	1	87.5969
Snora57	ENSMUSG00000070167	SNORA57	ENSMFAG00000020936	ortholog_one2many	1	85.8108
Snora74a	ENSMUSG00000065649	SNORA74	ENSMFAG00000014446	ortholog_one2one	1	88.2653
Snorc	ENSMUSG00000026258	SNORC	ENSMFAG00000051238	ortholog_one2one	1	76.0331
Snord104	ENSMUSG00000065126	SNORND104	ENSMFAG00000023712	ortholog_one2one	1	78.5714
Snord110	ENSMUSG00000080610	SNORD110	ENSMFAG00000015316	ortholog_one2one	1	86.7647
Snord123	ENSMUSG00000089317	SNORD123	ENSMFAG00000020222	ortholog_one2one	1	97.1831
Snord23	ENSMUSG00000080478	SNORD23	ENSMFAG00000021414	ortholog_one2one	1	87.156
Snord37	ENSMUSG00000064441	SNORD37	ENSMFAG00000018601	ortholog_one2one	1	81.25
Snord57	ENSMUSG00000065272	SNORD57	ENSMFAG00000064394	ortholog_one2one	1	77.7778
Snord71	ENSMUSG00000077549	SNORD71	ENSMFAG00000014557	ortholog_one2one	1	85.8824
Snord89	ENSMUSG00000077704	SNORD89	ENSMFAG00000012213	ortholog_one2one	1	90.9091
Snord90	ENSMUSG00000077756	SNORD90	ENSMFAG00000059206	ortholog_one2many	1	88.2883
Snord90	ENSMUSG00000077756	SNORD90	ENSMFAG00000064588	ortholog_one2many	1	88.2883
Snord91a	ENSMUSG00000077493	SNORD91	ENSMFAG00000004436	ortholog_one2one	1	78.4946
Snord99	ENSMUSG00000080615	SNORD99	ENSMFAG00000030141	ortholog_one2one	1	87.8378
Snrk	ENSMUSG00000038145	SNRK	ENSMFAG00000041226	ortholog_one2one	1	91.0428
Snrnp200	ENSMUSG00000003660	SNRNP200	ENSMFAG00000040174	ortholog_one2one	1	99.6255
Snrnp35	ENSMUSG00000029402	SNRNP35	ENSMFAG00000008986	ortholog_one2one	1	67.6229
Snrnp40	ENSMUSG00000074088	SNRNP40	ENSMFAG00000031418	ortholog_one2one	1	98.0447
Snrnp48	ENSMUSG00000021431	SNRNP48	ENSMFAG00000045216	ortholog_one2one	1	87.5371
Snrpa	ENSMUSG00000061479	SNRPA	ENSMFAG00000041710	ortholog_one2one	1	87.8049
Snrpa1	ENSMUSG00000030512	SNRPA1	ENSMFAG00000021023	ortholog_one2one	1	89.8039
Snrpb	ENSMUSG00000027404	SNRPB	ENSMFAG00000042411	ortholog_one2one	1	99.5671
Snrpb2	ENSMUSG00000008333	SNRPB2	ENSMFAG00000031283	ortholog_one2one	1	89.7778
Snrpc	ENSMUSG00000024217	SNRPC	ENSMFAG00000031764	ortholog_one2many	1	99.3711
Snrpd3	ENSMUSG00000020180	SNRPD3	ENSMFAG00000033628	ortholog_one2one	1	100
Snrpn	ENSMUSG00000102252	SNRPN	ENSMFAG00000042235	ortholog_one2one	1	99.5833
Snta1	ENSMUSG00000027488	SNTA1	ENSMFAG00000039231	ortholog_one2one	1	92.5852
Sntb1	ENSMUSG00000060429	SNTB1	ENSMFAG00000031454	ortholog_one2one	1	81.0056
Sntb2	ENSMUSG00000041308	SNTB2	ENSMFAG00000044911	ortholog_one2one	1	81.3559
Sntg2	ENSMUSG00000020672	SNTG2	ENSMFAG00000002742	ortholog_one2one	1	83.6735
Sntn	ENSMUSG00000044772	SNTN	ENSMFAG00000041510	ortholog_one2one	1	56.4626
Snu13	ENSMUSG00000063480	SNU13	ENSMFAG00000031096	ortholog_one2one	1	100
Snupn	ENSMUSG00000055334	SNUPN	ENSMFAG00000003706	ortholog_one2one	1	92.1788
Snurf	ENSMUSG00000102627	SNURF	ENSMFAG00000051999	ortholog_one2one	1	92.9577
Snx1	ENSMUSG00000032382	SNX1	ENSMFAG00000040273	ortholog_one2one	1	92.1305
Snx10	ENSMUSG00000038301	SNX10	ENSMFAG00000000672	ortholog_one2one	1	95.5224
Snx11	ENSMUSG00000020876	SNX11	ENSMFAG00000001845	ortholog_one2one	1	81.1808
Snx12	ENSMUSG00000046032	SNX12	ENSMFAG00000033920	ortholog_one2one	1	98.1481
Snx13	ENSMUSG00000020590	SNX13	ENSMFAG00000039975	ortholog_one2one	1	97.1787
Snx14	ENSMUSG00000032422	SNX14	ENSMFAG00000010669	ortholog_one2one	1	91.4938
Snx15	ENSMUSG00000024787	SNX15	ENSMFAG00000041800	ortholog_one2one	1	86.9436
Snx16	ENSMUSG00000027534	SNX16	ENSMFAG00000044735	ortholog_one2one	1	82.5581
Snx19	ENSMUSG00000031993	SNX19	ENSMFAG00000003849	ortholog_one2one	1	80.9428
Snx2	ENSMUSG00000034484	SNX2	ENSMFAG00000029999	ortholog_one2one	1	95.5684
Snx22	ENSMUSG00000039452	SNX22	ENSMFAG00000042949	ortholog_one2one	1	70.8333
Snx25	ENSMUSG00000038291	SNX25	ENSMFAG00000037789	ortholog_one2one	1	80.7302
Snx27	ENSMUSG00000028136	SNX27	ENSMFAG00000030490	ortholog_one2one	1	78.1076
Snx29	ENSMUSG00000071669	SNX29	ENSMFAG00000001788	ortholog_one2one	1	84.7188
Snx3	ENSMUSG00000019804	SNX3	ENSMFAG00000039300	ortholog_one2one	1	100
Snx30	ENSMUSG00000028385	SNX30	ENSMFAG00000063439	ortholog_one2one	1	95.4233
Snx31	ENSMUSG00000013611	SNX31	ENSMFAG00000042840	ortholog_one2one	1	75.6677
Snx33	ENSMUSG00000032733	SNX33	ENSMFAG00000002189	ortholog_one2one	1	94.4251
Snx5	ENSMUSG00000027423	SNX5	ENSMFAG00000039729	ortholog_one2one	1	86.3861
Snx6	ENSMUSG00000005656	SNX6	ENSMFAG00000040770	ortholog_one2one	1	95.8128
Snx7	ENSMUSG00000028007	SNX7	ENSMFAG00000028542	ortholog_one2one	1	82.9213
Snx8	ENSMUSG00000029560	SNX8	ENSMFAG00000029647	ortholog_one2one	1	90.1679
Snx9	ENSMUSG00000002365	SNX9	ENSMFAG00000036869	ortholog_one2one	1	88.2353
Soat1	ENSMUSG00000026600	SOAT1	ENSMFAG00000037136	ortholog_one2one	1	87.4074
Soat2	ENSMUSG00000023045	SOAT2	ENSMFAG00000033078	ortholog_one2one	1	75.2381
Sobp	ENSMUSG00000038248	SOBP	ENSMFAG00000031853	ortholog_one2one	1	95.7176
Socs2	ENSMUSG00000020027	SOCS2	ENSMFAG00000031234	ortholog_one2one	1	69.8473
Socs4	ENSMUSG00000048379	SOCS4	ENSMFAG00000056239	ortholog_one2one	1	86.6973
Socs5	ENSMUSG00000037104	SOCS5	ENSMFAG00000030827	ortholog_one2one	1	94.403
Socs6	ENSMUSG00000056153	SOCS6	ENSMFAG00000036046	ortholog_one2one	1	85.3659
Socs7	ENSMUSG00000038485	SOCS7	ENSMFAG00000044702	ortholog_one2one	1	89.4646
Sod1	ENSMUSG00000022982	SOD1	ENSMFAG00000041240	ortholog_one2one	1	74.026
Sod3	ENSMUSG00000072941	SOD3	ENSMFAG00000020365	ortholog_one2one	1	60.9562
Son	ENSMUSG00000022961	SON	ENSMFAG00000034427	ortholog_one2one	1	84.4309
Sorbs1	ENSMUSG00000025006	SORBS1	ENSMFAG00000030641	ortholog_one2one	1	77.7646
Sorbs2	ENSMUSG00000031626	SORBS2	ENSMFAG00000003770	ortholog_one2one	1	87.1967
Sorbs3	ENSMUSG00000022091	SORBS3	ENSMFAG00000030516	ortholog_one2one	1	77.8947
Sorcs3	ENSMUSG00000063434	SORCS3	ENSMFAG00000044111	ortholog_one2one	1	92.4528
Sord	ENSMUSG00000027227	SORD	ENSMFAG00000022177	ortholog_one2one	1	83.1933
Sorl1	ENSMUSG00000049313	SORL1	ENSMFAG00000031352	ortholog_one2one	1	89.1648
Sort1	ENSMUSG00000068747	SORT1	ENSMFAG00000043684	ortholog_one2one	1	91.1515
Sos2	ENSMUSG00000034801	SOS2	ENSMFAG00000000174	ortholog_one2one	1	95.1238
Sost	ENSMUSG00000001494	SOST	ENSMFAG00000064747	ortholog_one2one	1	68.2464
Sostdc1	ENSMUSG00000036169	SOSTDC1	ENSMFAG00000006229	ortholog_one2one	1	94.1748
Sowahb	ENSMUSG00000045314	SOWAHB	ENSMFAG00000053078	ortholog_one2one	1	57.6316
Sox10	ENSMUSG00000033006	SOX10	ENSMFAG00000030971	ortholog_one2one	1	98.2833
Sox13	ENSMUSG00000070643	SOX13	ENSMFAG00000032765	ortholog_one2one	1	90.5383
Sox14	ENSMUSG00000053747	SOX14	ENSMFAG00000029238	ortholog_one2one	1	99.5833
Sox17	ENSMUSG00000025902	SOX17	ENSMFAG00000056293	ortholog_one2one	1	81.8616
Sox18	ENSMUSG00000046470	SOX18	ENSMFAG00000061230	ortholog_one2one	1	77.7188
Sox2	ENSMUSG00000074637	SOX2	ENSMFAG00000027781	ortholog_one2one	1	84.953
Sox30	ENSMUSG00000040489	SOX30	ENSMFAG00000029536	ortholog_one2one	1	77.2379
Sox5	ENSMUSG00000041540	SOX5	ENSMFAG00000033855	ortholog_one2one	1	96.9856
Sox6	ENSMUSG00000051910	SOX6	ENSMFAG00000026936	ortholog_one2one	1	97.0775
Sox7	ENSMUSG00000063060	SOX7	ENSMFAG00000047350	ortholog_one2one	1	88.6842
Sox8	ENSMUSG00000024176	SOX8	ENSMFAG00000063189	ortholog_one2one	1	67.6724
Sox9	ENSMUSG00000000567	SOX9	ENSMFAG00000039651	ortholog_one2one	1	71.7949
Sp1	ENSMUSG00000001280	SP1	ENSMFAG00000045267	ortholog_one2one	1	95.7747
Sp2	ENSMUSG00000018678	SP2	ENSMFAG00000038712	ortholog_one2one	1	91.9866
Sp3	ENSMUSG00000027109	SP3	ENSMFAG00000001253	ortholog_one2one	1	97.1583
Sp4	ENSMUSG00000025323	SP4	ENSMFAG00000002740	ortholog_one2one	1	97.3146
Sp6	ENSMUSG00000038560	SP6	ENSMFAG00000030247	ortholog_one2one	1	93.617
Sp7	ENSMUSG00000060284	SP7	ENSMFAG00000048583	ortholog_one2one	1	94.1589
Sp8	ENSMUSG00000048562	SP8	ENSMFAG00000055927	ortholog_one2one	1	81.2757
Sp9	ENSMUSG00000068859	SP9	ENSMFAG00000035384	ortholog_one2one	1	98.3471
Spa17	ENSMUSG00000001948	SPA17	ENSMFAG00000031344	ortholog_one2one	1	68.4564
Spaca1	ENSMUSG00000028264	SPACA1	ENSMFAG00000046308	ortholog_one2one	1	64.918
Spaca3	ENSMUSG00000053184	SPACA3	ENSMFAG00000001727	ortholog_one2one	1	76.6871
Spaca4	ENSMUSG00000070563	SPACA4	ENSMFAG00000063798	ortholog_one2one	1	64.5669
Spaca9	ENSMUSG00000026809	SPACA9	ENSMFAG00000033110	ortholog_one2one	1	91.0714
Spag1	ENSMUSG00000037617	SPAG1	ENSMFAG00000027456	ortholog_one2one	1	70.3663
Spag16	ENSMUSG00000053153	SPAG16	ENSMFAG00000036303	ortholog_one2one	1	75.1174
Spag17	ENSMUSG00000027867	SPAG17	ENSMFAG00000043409	ortholog_one2one	1	70.3879
Spag4	ENSMUSG00000038180	SPAG4	ENSMFAG00000033014	ortholog_one2one	1	81.9413
Spag5	ENSMUSG00000002055	SPAG5	ENSMFAG00000040650	ortholog_one2one	1	68.412
Spag6	ENSMUSG00000037708	SPAG6	ENSMFAG00000001145	ortholog_one2many	1	90.9627
Spag7	ENSMUSG00000018287	SPAG7	ENSMFAG00000032008	ortholog_one2one	1	96.9163
Spag8	ENSMUSG00000066196	SPAG8	ENSMFAG00000031141	ortholog_one2one	1	54.4681
Spag9	ENSMUSG00000020859	SPAG9	ENSMFAG00000035882	ortholog_one2one	1	96.3275
Spam1	ENSMUSG00000029682	SPAM1	ENSMFAG00000033680	ortholog_one2many	1	53.125
Sparc	ENSMUSG00000018593	SPARC	ENSMFAG00000038613	ortholog_one2one	1	92.3841
Sparcl1	ENSMUSG00000029309	SPARCL1	ENSMFAG00000031337	ortholog_one2one	1	65.8462
Spart	ENSMUSG00000036580	SPART	ENSMFAG00000033182	ortholog_one2one	1	87.9725
Spast	ENSMUSG00000024068	SPAST	ENSMFAG00000041582	ortholog_one2one	1	88.5807
Spata1	ENSMUSG00000028188	SPATA1	ENSMFAG00000038889	ortholog_one2one	1	72.2973
Spata16	ENSMUSG00000039335	SPATA16	ENSMFAG00000035575	ortholog_one2one	1	79.1594
Spata17	ENSMUSG00000026611	SPATA17	ENSMFAG00000030832	ortholog_one2one	1	71.7678
Spata18	ENSMUSG00000029155	SPATA18	ENSMFAG00000043327	ortholog_one2one	1	68.3426
Spata19	ENSMUSG00000031991	SPATA19	ENSMFAG00000002338	ortholog_one2one	1	70.7792
Spata2	ENSMUSG00000047030	SPATA2	ENSMFAG00000041088	ortholog_one2one	1	85.4369
Spata21	ENSMUSG00000045004	SPATA21	ENSMFAG00000035419	ortholog_one2one	1	52.8634
Spata22	ENSMUSG00000112920	SPATA22	ENSMFAG00000033957	ortholog_one2one	1	73.4637
Spata25	ENSMUSG00000017767	SPATA25	ENSMFAG00000043787	ortholog_one2one	1	78.7611
Spata2l	ENSMUSG00000033594	SPATA2L	ENSMFAG00000041067	ortholog_one2one	1	80.5164
Spata4	ENSMUSG00000031518	SPATA4	ENSMFAG00000033699	ortholog_one2one	1	70.1695
Spata46	ENSMUSG00000042800	SPATA46	ENSMFAG00000039214	ortholog_one2one	1	80.3922
Spata6l	ENSMUSG00000064202	SPATA6L	ENSMFAG00000032285	ortholog_one2one	1	63.0923
Spata7	ENSMUSG00000021007	SPATA7	ENSMFAG00000034414	ortholog_one2one	1	63.9175
Spata9	ENSMUSG00000021590	SPATA9	ENSMFAG00000028795	ortholog_one2one	1	79.3651
Spatc1	ENSMUSG00000049653	SPATC1	ENSMFAG00000041423	ortholog_one2one	1	68.75
Spatc1l	ENSMUSG00000009115	SPATC1L	ENSMFAG00000031624	ortholog_one2one	1	78.3626
Spats1	ENSMUSG00000023935	SPATS1	ENSMFAG00000003881	ortholog_one2one	1	65.4275
Spats2	ENSMUSG00000051934	SPATS2	ENSMFAG00000042319	ortholog_one2one	1	81.4679
Spats2l	ENSMUSG00000038305	SPATS2L	ENSMFAG00000003450	ortholog_one2one	1	86.3322
Spc25	ENSMUSG00000005233	SPC25	ENSMFAG00000035541	ortholog_one2one	1	73.8938
Spcs1	ENSMUSG00000021917	SPCS1	ENSMFAG00000040738	ortholog_one2one	1	73.2919
Spcs2	ENSMUSG00000035227	SPCS2	ENSMFAG00000040665	ortholog_one2many	1	96.0177
Spdef	ENSMUSG00000024215	SPDEF	ENSMFAG00000031435	ortholog_one2one	1	88
Spdl1	ENSMUSG00000069910	SPDL1	ENSMFAG00000026820	ortholog_one2one	1	73.8487
Specc1l	ENSMUSG00000033444	SPECC1L	ENSMFAG00000031971	ortholog_one2one	1	91.0555
Spef1	ENSMUSG00000027329	SPEF1	ENSMFAG00000003795	ortholog_one2one	1	78.1915
Spef2	ENSMUSG00000072663	SPEF2	ENSMFAG00000036146	ortholog_one2one	1	72.6879
Spem1	ENSMUSG00000041165	SPEM1	ENSMFAG00000041099	ortholog_one2one	1	69.6774
Spen	ENSMUSG00000040761	SPEN	ENSMFAG00000041974	ortholog_one2one	1	82.1271
Spg11	ENSMUSG00000033396	SPG11	ENSMFAG00000001008	ortholog_one2many	1	72.7984
Spg21	ENSMUSG00000032388	SPG21	ENSMFAG00000034518	ortholog_one2one	1	92.2078
Spg7	ENSMUSG00000000738	SPG7	ENSMFAG00000001315	ortholog_one2one	1	86.2996
Sphk1	ENSMUSG00000061878	SPHK1	ENSMFAG00000032563	ortholog_one2one	1	80.1047
Sphk2	ENSMUSG00000057342	SPHK2	ENSMFAG00000036114	ortholog_one2one	1	68.7196
Sphkap	ENSMUSG00000026163	SPHKAP	ENSMFAG00000045447	ortholog_one2one	1	71.2304
Spib	ENSMUSG00000008193	SPIB	ENSMFAG00000065718	ortholog_one2one	1	84.6442
Spic	ENSMUSG00000004359	SPIC	ENSMFAG00000003748	ortholog_one2one	1	67.3554
Spice1	ENSMUSG00000043065	SPICE1	ENSMFAG00000029407	ortholog_one2one	1	76.2791
Spindoc	ENSMUSG00000024970	SPINDOC	ENSMFAG00000002160	ortholog_one2one	1	82.4147
Spink1	ENSMUSG00000024503	SPINK1	ENSMFAG00000033647	ortholog_one2one	1	70
Spink14	ENSMUSG00000051050	SPINK14	ENSMFAG00000033113	ortholog_one2one	1	63.5417
Spink5	ENSMUSG00000055561	SPINK5	ENSMFAG00000030759	ortholog_one2one	1	64.3068
Spink8	ENSMUSG00000050074	SPINK8	ENSMFAG00000040367	ortholog_one2one	1	51.4286
Spint2	ENSMUSG00000074227	SPINT2	ENSMFAG00000044848	ortholog_one2one	1	72.2222
Spire1	ENSMUSG00000024533	SPIRE1	ENSMFAG00000001815	ortholog_one2one	1	91.6554
Spmap1	ENSMUSG00000018543	SPMAP1	ENSMFAG00000032835	ortholog_one2one	1	76.129
Spmap2l	ENSMUSG00000029248	SPMAP2L	ENSMFAG00000041767	ortholog_one2one	1	56.427
Spmip1	ENSMUSG00000090685	SPMIP1	ENSMFAG00000038017	ortholog_one2one	1	81.9209
Spmip10	ENSMUSG00000032900	SPMIP10	ENSMFAG00000042605	ortholog_one2one	1	70.2128
Spmip11	ENSMUSG00000022993	SPMIP11	ENSMFAG00000041881	ortholog_one2one	1	79.3893
Spmip3	ENSMUSG00000015962	SPMIP3	ENSMFAG00000037345	ortholog_one2one	1	66.8966
Spmip4	ENSMUSG00000029828	SPMIP4	ENSMFAG00000043369	ortholog_one2one	1	74.1497
Spmip5	ENSMUSG00000026931	SPMIP5	ENSMFAG00000031805	ortholog_one2one	1	57.8059
Spmip6	ENSMUSG00000028441	SPMIP6	ENSMFAG00000046012	ortholog_one2one	1	76.5385
Spmip7	ENSMUSG00000020191	SPMIP7	ENSMFAG00000045999	ortholog_one2one	1	74.6067
Spmip9	ENSMUSG00000051896	SPMIP9	ENSMFAG00000041796	ortholog_one2one	1	70
Spns1	ENSMUSG00000030741	SPNS1	ENSMFAG00000001593	ortholog_one2one	1	90.1515
Spns3	ENSMUSG00000020798	SPNS3	ENSMFAG00000029607	ortholog_one2one	1	79.7665
Spo11	ENSMUSG00000005883	SPO11	ENSMFAG00000031364	ortholog_one2one	1	83.0808
Spock1	ENSMUSG00000056222	SPOCK1	ENSMFAG00000039910	ortholog_one2one	1	95.672
Spock2	ENSMUSG00000058297	SPOCK2	ENSMFAG00000038445	ortholog_one2one	1	81.7967
Spock3	ENSMUSG00000054162	SPOCK3	ENSMFAG00000039387	ortholog_one2one	1	89.8058
Spon1	ENSMUSG00000038156	SPON1	ENSMFAG00000045029	ortholog_one2one	1	96.1586
Spop	ENSMUSG00000057522	SPOP	ENSMFAG00000000752	ortholog_one2many	1	100
Spout1	ENSMUSG00000039660	SPOUT1	ENSMFAG00000016739	ortholog_one2one	1	88.8312
Spp1	ENSMUSG00000029304	SPP1	ENSMFAG00000038158	ortholog_one2one	1	68.0272
Spp2	ENSMUSG00000026295	SPP2	ENSMFAG00000044433	ortholog_one2one	1	67.4877
Sppl2a	ENSMUSG00000027366	SPPL2A	ENSMFAG00000036983	ortholog_one2one	1	78.0115
Sppl2b	ENSMUSG00000035206	SPPL2B	ENSMFAG00000039923	ortholog_one2one	1	66.263
Sppl2c	ENSMUSG00000049506	SPPL2C	ENSMFAG00000064503	ortholog_one2one	1	69.8795
Sppl3	ENSMUSG00000029550	SPPL3	ENSMFAG00000037069	ortholog_one2one	1	98.1771
Spred1	ENSMUSG00000027351	SPRED1	ENSMFAG00000051558	ortholog_one2one	1	93.2432
Spred2	ENSMUSG00000045671	SPRED2	ENSMFAG00000031151	ortholog_one2one	1	93.9024
Spred3	ENSMUSG00000037239	SPRED3	ENSMFAG00000031637	ortholog_one2one	1	86.7647
Spring1	ENSMUSG00000032840	SPRING1	ENSMFAG00000055297	ortholog_one2one	1	80.4878
Sprtn	ENSMUSG00000031986	SPRTN	ENSMFAG00000002589	ortholog_one2one	1	70.6237
Spry1	ENSMUSG00000037211	SPRY1	ENSMFAG00000006273	ortholog_one2one	1	85.3035
Spry2	ENSMUSG00000022114	SPRY2	ENSMFAG00000038994	ortholog_one2one	1	96.5079
Spry4	ENSMUSG00000024427	SPRY4	ENSMFAG00000033414	ortholog_one2one	1	93.3333
Spryd3	ENSMUSG00000036966	SPRYD3	ENSMFAG00000033467	ortholog_one2one	1	97.5113
Spryd4	ENSMUSG00000051346	SPRYD4	ENSMFAG00000003483	ortholog_one2one	1	85.9903
Spryd7	ENSMUSG00000021930	SPRYD7	ENSMFAG00000041859	ortholog_one2one	1	97.449
Spsb1	ENSMUSG00000039911	SPSB1	ENSMFAG00000036668	ortholog_one2one	1	98.9011
Spsb2	ENSMUSG00000038451	SPSB2	ENSMFAG00000036312	ortholog_one2one	1	81.8182
Spsb3	ENSMUSG00000024160	SPSB3	ENSMFAG00000031888	ortholog_one2one	1	88.983
Spta1	ENSMUSG00000026532	SPTA1	ENSMFAG00000029972	ortholog_one2one	1	80.7039
Sptan1	ENSMUSG00000057738	SPTAN1	ENSMFAG00000044099	ortholog_one2one	1	98.4628
Sptb	ENSMUSG00000021061	SPTB	ENSMFAG00000038472	ortholog_one2one	1	90.468
Sptbn1	ENSMUSG00000020315	SPTBN1	ENSMFAG00000003466	ortholog_one2one	1	98.2226
Sptbn2	ENSMUSG00000067889	SPTBN2	ENSMFAG00000033998	ortholog_one2one	1	92.9648
Sptbn5	ENSMUSG00000074899	SPTBN5	ENSMFAG00000040126	ortholog_one2one	1	62.3068
Sptlc2	ENSMUSG00000021036	SPTLC2	ENSMFAG00000040259	ortholog_one2one	1	95.7143
Sptlc3	ENSMUSG00000039092	SPTLC3	ENSMFAG00000044897	ortholog_one2one	1	68.5613
Sptssa	ENSMUSG00000044408	SPTSSA	ENSMFAG00000048755	ortholog_one2one	1	98.5916
Spty2d1	ENSMUSG00000049516	SPTY2D1	ENSMFAG00000044194	ortholog_one2one	1	79.912
Sqle	ENSMUSG00000022351	SQLE	ENSMFAG00000043907	ortholog_one2one	1	85.3147
Sqor	ENSMUSG00000005803	SQOR	ENSMFAG00000039151	ortholog_one2one	1	86.4444
Sqstm1	ENSMUSG00000015837	SQSTM1	ENSMFAG00000032992	ortholog_one2one	1	90.0452
Sra1	ENSMUSG00000006050	SRA1	ENSMFAG00000007347	ortholog_one2one	1	78.8793
Srbd1	ENSMUSG00000024135	SRBD1	ENSMFAG00000042026	ortholog_one2one	1	82.5688
Src	ENSMUSG00000027646	SRC	ENSMFAG00000032120	ortholog_one2one	1	92.5234
Srcap	ENSMUSG00000053877	SRCAP	ENSMFAG00000032884	ortholog_one2one	1	85.0421
Srcin1	ENSMUSG00000038453	SRCIN1	ENSMFAG00000031842	ortholog_one2one	1	80.3242
Srd5a1	ENSMUSG00000021594	SRD5A1	ENSMFAG00000002749	ortholog_one2one	1	61.9608
Srd5a2	ENSMUSG00000038541	SRD5A2	ENSMFAG00000000955	ortholog_one2one	1	73.2283
Srebf1	ENSMUSG00000020538	SREBF1	ENSMFAG00000028608	ortholog_one2one	1	77.5132
Srebf2	ENSMUSG00000022463	SREBF2	ENSMFAG00000043421	ortholog_one2one	1	92.7434
Srek1ip1	ENSMUSG00000021716	SREK1IP1	ENSMFAG00000057642	ortholog_one2one	1	90.8497
Srf	ENSMUSG00000015605	SRF	ENSMFAG00000043125	ortholog_one2one	1	84.127
Srgn	ENSMUSG00000020077	SRGN	ENSMFAG00000040348	ortholog_one2one	1	51.3158
Sri	ENSMUSG00000003161	SRI	ENSMFAG00000001735	ortholog_one2one	1	95.4545
Srms	ENSMUSG00000027579	SRMS	ENSMFAG00000039048	ortholog_one2one	1	72.7823
Srp14	ENSMUSG00000009549	SRP14	ENSMFAG00000034410	ortholog_one2many	1	89.0909
Srp54a	ENSMUSG00000073079	SRP54	ENSMFAG00000044371	ortholog_one2many	1	99.8016
Srp54c	ENSMUSG00000079108	SRP54	ENSMFAG00000044371	ortholog_one2many	1	99.0079
Srp68	ENSMUSG00000020780	SRP68	ENSMFAG00000036758	ortholog_one2one	1	95.04
Srp72	ENSMUSG00000036323	SRP72	ENSMFAG00000031065	ortholog_one2one	1	95.9762
Srpk1	ENSMUSG00000004865	SRPK1	ENSMFAG00000033486	ortholog_one2one	1	91.2037
Srpk2	ENSMUSG00000062604	SRPK2	ENSMFAG00000045529	ortholog_one2one	1	93.4018
Srpk3	ENSMUSG00000002007	SRPK3	ENSMFAG00000035943	ortholog_one2one	1	93.4513
Srpra	ENSMUSG00000032042	SRPRA	ENSMFAG00000032606	ortholog_one2one	1	92.7673
Srprb	ENSMUSG00000032553	SRPRB	ENSMFAG00000039758	ortholog_one2one	1	91.4498
Srpx	ENSMUSG00000090084	SRPX	ENSMFAG00000032104	ortholog_one2one	1	90.5405
Srr	ENSMUSG00000001323	SRR	ENSMFAG00000042683	ortholog_one2one	1	89.9705
Srrd	ENSMUSG00000029346	SRRD	ENSMFAG00000035520	ortholog_one2one	1	66.2651
Srrm1	ENSMUSG00000028809	SRRM1	ENSMFAG00000025726	ortholog_one2one	1	93.534
Srrm2	ENSMUSG00000039218	SRRM2	ENSMFAG00000003406	ortholog_one2one	1	85.2386
Srrm4	ENSMUSG00000063919	SRRM4	ENSMFAG00000041271	ortholog_one2one	1	85.8553
Srrt	ENSMUSG00000037364	SRRT	ENSMFAG00000033745	ortholog_one2one	1	97.3714
Srsf1	ENSMUSG00000018379	SRSF1	ENSMFAG00000040003	ortholog_one2one	1	99.1936
Srsf10	ENSMUSG00000028676	SRSF10	ENSMFAG00000046011	ortholog_one2one	1	64.1221
Srsf11	ENSMUSG00000055436	SRSF11	ENSMFAG00000043405	ortholog_one2one	1	89.6282
Srsf12	ENSMUSG00000054679	SRSF12	ENSMFAG00000048779	ortholog_one2one	1	57.5188
Srsf2	ENSMUSG00000034120	SRSF2	ENSMFAG00000045524	ortholog_one2one	1	99.5475
Srsf3	ENSMUSG00000071172	SRSF3	ENSMFAG00000057460	ortholog_one2one	1	100
Srsf4	ENSMUSG00000028911	SRSF4	ENSMFAG00000041784	ortholog_one2one	1	89.8167
Srsf5	ENSMUSG00000021134	SRSF5	ENSMFAG00000002393	ortholog_one2one	1	98.8848
Srsf6	ENSMUSG00000016921	SRSF6	ENSMFAG00000036925	ortholog_one2one	1	96.7552
Srsf9	ENSMUSG00000029538	SRSF9	ENSMFAG00000039423	ortholog_one2one	1	97.7477
Srxn1	ENSMUSG00000032802	SRXN1	ENSMFAG00000055717	ortholog_one2one	1	86.0294
Ss18	ENSMUSG00000037013	SS18	ENSMFAG00000035986	ortholog_one2one	1	82.4607
Ss18l1	ENSMUSG00000039086	SS18L1	ENSMFAG00000038339	ortholog_one2one	1	88.3085
Ss18l2	ENSMUSG00000032526	SS18L2	ENSMFAG00000047385	ortholog_one2one	1	87.013
Ssbp1	ENSMUSG00000029911	SSBP1	ENSMFAG00000032819	ortholog_one2one	1	84.4595
Ssbp2	ENSMUSG00000003992	SSBP2	ENSMFAG00000044245	ortholog_one2one	1	99.723
Ssbp3	ENSMUSG00000061887	SSBP3	ENSMFAG00000031124	ortholog_one2one	1	98.1959
Ssbp4	ENSMUSG00000070003	SSBP4	ENSMFAG00000041433	ortholog_one2one	1	76.584
Ssc4d	ENSMUSG00000029699	SSC4D	ENSMFAG00000031343	ortholog_one2one	1	86.1775
Ssh1	ENSMUSG00000042121	SSH1	ENSMFAG00000002904	ortholog_one2one	1	80.8061
Ssh2	ENSMUSG00000037926	SSH2	ENSMFAG00000033235	ortholog_one2one	1	83.837
Ssh3	ENSMUSG00000034616	SSH3	ENSMFAG00000002317	ortholog_one2one	1	63.6364
Ssmem1	ENSMUSG00000029784	SSMEM1	ENSMFAG00000031766	ortholog_one2one	1	69.6721
Sspn	ENSMUSG00000030255	SSPN	ENSMFAG00000045387	ortholog_one2one	1	84.2593
Ssr1	ENSMUSG00000021427	SSR1	ENSMFAG00000039497	ortholog_one2one	1	81.8182
Ssr2	ENSMUSG00000041355	SSR2	ENSMFAG00000040060	ortholog_one2one	1	97.8142
Ssr3	ENSMUSG00000027828	SSR3	ENSMFAG00000065033	ortholog_one2one	1	98.9189
Ssr4	ENSMUSG00000002014	SSR4	ENSMFAG00000041921	ortholog_one2one	1	94.7977
Ssrp1	ENSMUSG00000027067	SSRP1	ENSMFAG00000040630	ortholog_one2one	1	97.7401
Sst	ENSMUSG00000004366	SST	ENSMFAG00000043924	ortholog_one2one	1	97.4138
Sstr1	ENSMUSG00000035431	SSTR1	ENSMFAG00000009385	ortholog_one2one	1	98.7212
Sstr2	ENSMUSG00000047904	SSTR2	ENSMFAG00000030140	ortholog_one2one	1	85.6369
Sstr4	ENSMUSG00000037014	SSTR4	ENSMFAG00000017458	ortholog_one2one	1	88.5714
Ssu2	ENSMUSG00000034387	SSUH2	ENSMFAG00000035455	ortholog_one2one	1	83.7333
Ssu72	ENSMUSG00000029038	SSU72	ENSMFAG00000039373	ortholog_one2one	1	98.9691
Ssx2ip	ENSMUSG00000036825	SSX2IP	ENSMFAG00000036072	ortholog_one2one	1	87.1545
St13	ENSMUSG00000022403	ST13	ENSMFAG00000035459	ortholog_one2many	1	72.7763
St14	ENSMUSG00000031995	ST14	ENSMFAG00000033072	ortholog_one2one	1	82.5731
St18	ENSMUSG00000033740	ST18	ENSMFAG00000000316	ortholog_one2one	1	84.7847
St3gal1	ENSMUSG00000013846	ST3GAL1	ENSMFAG00000036457	ortholog_one2one	1	82.1958
St3gal2	ENSMUSG00000031749	ST3GAL2	ENSMFAG00000033155	ortholog_one2one	1	94.5714
St3gal3	ENSMUSG00000028538	ST3GAL3	ENSMFAG00000038821	ortholog_one2one	1	84.2246
St3gal4	ENSMUSG00000032038	ST3GAL4	ENSMFAG00000039592	ortholog_one2one	1	91.8919
St3gal5	ENSMUSG00000056091	ST3GAL5	ENSMFAG00000043554	ortholog_one2one	1	69.8745
St3gal6	ENSMUSG00000022747	ST3GAL6	ENSMFAG00000040058	ortholog_one2one	1	66.8693
St6gal1	ENSMUSG00000022885	ST6GAL1	ENSMFAG00000062040	ortholog_one2one	1	79.9007
St6galnac1	ENSMUSG00000009588	ST6GALNAC1	ENSMFAG00000041499	ortholog_one2one	1	65.7795
St6galnac2	ENSMUSG00000057286	ST6GALNAC2	ENSMFAG00000045563	ortholog_one2one	1	62.4665
St6galnac3	ENSMUSG00000052544	ST6GALNAC3	ENSMFAG00000038282	ortholog_one2one	1	85.9016
St6galnac5	ENSMUSG00000039037	ST6GALNAC5	ENSMFAG00000041884	ortholog_one2one	1	89.8507
St6galnac6	ENSMUSG00000026811	ST6GALNAC6	ENSMFAG00000053975	ortholog_one2one	1	59.5318
St7	ENSMUSG00000029534	ST7	ENSMFAG00000008568	ortholog_one2one	1	88.2672
St7l	ENSMUSG00000045576	ST7L	ENSMFAG00000037326	ortholog_one2one	1	81.3953
St8sia1	ENSMUSG00000030283	ST8SIA1	ENSMFAG00000042675	ortholog_one2one	1	91.5493
St8sia2	ENSMUSG00000025789	ST8SIA2	ENSMFAG00000001328	ortholog_one2one	1	98.1333
St8sia3	ENSMUSG00000056812	ST8SIA3	ENSMFAG00000032690	ortholog_one2one	1	97.8947
St8sia5	ENSMUSG00000025425	ST8SIA5	ENSMFAG00000035970	ortholog_one2one	1	82.4468
St8sia6	ENSMUSG00000003418	ST8SIA6	ENSMFAG00000001392	ortholog_one2one	1	82.6633
Stab1	ENSMUSG00000042286	STAB1	ENSMFAG00000045138	ortholog_one2one	1	80.8635
Stab2	ENSMUSG00000035459	STAB2	ENSMFAG00000034494	ortholog_one2one	1	77.374
Stac2	ENSMUSG00000017400	STAC2	ENSMFAG00000045995	ortholog_one2one	1	95.3431
Stag1	ENSMUSG00000037286	STAG1	ENSMFAG00000033986	ortholog_one2one	1	99.3641
Stag2	ENSMUSG00000025862	STAG2	ENSMFAG00000030658	ortholog_one2one	1	95.5836
Stag3	ENSMUSG00000036928	STAG3	ENSMFAG00000036085	ortholog_one2one	1	76.0484
Stam	ENSMUSG00000026718	STAM	ENSMFAG00000045137	ortholog_one2one	1	91.2409
Stam2	ENSMUSG00000055371	STAM2	ENSMFAG00000039480	ortholog_one2one	1	86.6157
Stambpl1	ENSMUSG00000024776	STAMBPL1	ENSMFAG00000033260	ortholog_one2one	1	88.7615
Stap1	ENSMUSG00000029254	STAP1	ENSMFAG00000000570	ortholog_one2one	1	83.8384
Stap2	ENSMUSG00000038781	STAP2	ENSMFAG00000030521	ortholog_one2one	1	66.18
Star	ENSMUSG00000031574	STAR	ENSMFAG00000031135	ortholog_one2one	1	85.9155
Stard10	ENSMUSG00000030688	STARD10	ENSMFAG00000018716	ortholog_one2one	1	96.9072
Stard3	ENSMUSG00000018167	STARD3	ENSMFAG00000035990	ortholog_one2one	1	93.9462
Stard3nl	ENSMUSG00000003062	STARD3NL	ENSMFAG00000043802	ortholog_one2one	1	94.4681
Stard4	ENSMUSG00000024378	STARD4	ENSMFAG00000030560	ortholog_one2one	1	79.9107
Stard5	ENSMUSG00000046027	STARD5	ENSMFAG00000031346	ortholog_one2one	1	71.3615
Stard6	ENSMUSG00000079608	STARD6	ENSMFAG00000046022	ortholog_one2one	1	68.2403
Stard7	ENSMUSG00000027367	STARD7	ENSMFAG00000045448	ortholog_one2one	1	90.8847
Stard8	ENSMUSG00000031216	STARD8	ENSMFAG00000046242	ortholog_one2one	1	85.476
Stat1	ENSMUSG00000026104	STAT1	ENSMFAG00000036957	ortholog_one2one	1	93.4579
Stat2	ENSMUSG00000040033	STAT2	ENSMFAG00000037100	ortholog_one2one	1	63.5575
Stat3	ENSMUSG00000004040	STAT3	ENSMFAG00000040992	ortholog_one2one	1	99.4702
Stat4	ENSMUSG00000062939	STAT4	ENSMFAG00000041156	ortholog_one2one	1	94.385
Stat5a	ENSMUSG00000004043	STAT5A	ENSMFAG00000020904	ortholog_one2one	1	96.343
Stat5b	ENSMUSG00000020919	STAT5B	ENSMFAG00000032361	ortholog_one2one	1	96.6921
Stat6	ENSMUSG00000002147	STAT6	ENSMFAG00000036764	ortholog_one2one	1	86.7383
Stau1	ENSMUSG00000039536	STAU1	ENSMFAG00000040931	ortholog_one2one	1	91.411
Stau2	ENSMUSG00000025920	STAU2	ENSMFAG00000044834	ortholog_one2one	1	93.5088
Stbd1	ENSMUSG00000047963	STBD1	ENSMFAG00000053353	ortholog_one2one	1	67.1598
Stc1	ENSMUSG00000014813	STC1	ENSMFAG00000060775	ortholog_one2one	1	96.7611
Steap2	ENSMUSG00000015653	STEAP2	ENSMFAG00000045411	ortholog_one2one	1	96.5235
Steap3	ENSMUSG00000026389	STEAP3	ENSMFAG00000002842	ortholog_one2one	1	88.3197
Steap4	ENSMUSG00000012428	STEAP4	ENSMFAG00000032562	ortholog_one2one	1	80.4255
Stfa2	ENSMUSG00000022902	CSTA	ENSMFAG00000044624	ortholog_one2many	1	56.3107
Stfa3	ENSMUSG00000054905	CSTA	ENSMFAG00000044624	ortholog_one2many	1	57.2816
Stil	ENSMUSG00000028718	STIL	ENSMFAG00000024408	ortholog_one2one	1	75.0396
Stim1	ENSMUSG00000030987	STIM1	ENSMFAG00000033963	ortholog_one2one	1	83.1021
Stim2	ENSMUSG00000039156	STIM2	ENSMFAG00000034185	ortholog_one2one	1	92.8954
Stimate	ENSMUSG00000006526	STIMATE	ENSMFAG00000044286	ortholog_one2one	1	97.2222
Sting1	ENSMUSG00000024349	STING1	ENSMFAG00000001679	ortholog_one2one	1	67.1958
Stip1	ENSMUSG00000024966	STIP1	ENSMFAG00000045746	ortholog_one2one	1	89.1344
Stk10	ENSMUSG00000020272	STK10	ENSMFAG00000033923	ortholog_one2one	1	87.5776
Stk11	ENSMUSG00000003068	STK11	ENSMFAG00000043693	ortholog_one2one	1	81.422
Stk11ip	ENSMUSG00000026213	STK11IP	ENSMFAG00000038550	ortholog_one2one	1	74.8134
Stk16	ENSMUSG00000026201	STK16	ENSMFAG00000037581	ortholog_one2one	1	93.7705
Stk17b	ENSMUSG00000026094	STK17B	ENSMFAG00000031131	ortholog_one2one	1	91.9355
Stk19	ENSMUSG00000061207	STK19	ENSMFAG00000038817	ortholog_one2one	1	84.252
Stk24	ENSMUSG00000063410	STK24	ENSMFAG00000001501	ortholog_one2one	1	95.8237
Stk25	ENSMUSG00000026277	STK25	ENSMFAG00000044279	ortholog_one2one	1	84.7418
Stk26	ENSMUSG00000031112	STK26	ENSMFAG00000039094	ortholog_one2one	1	97.8365
Stk3	ENSMUSG00000022329	STK3	ENSMFAG00000000855	ortholog_one2one	1	85.7143
Stk31	ENSMUSG00000023403	STK31	ENSMFAG00000002623	ortholog_one2one	1	79.9607
Stk32a	ENSMUSG00000039954	STK32A	ENSMFAG00000006335	ortholog_one2one	1	89.9497
Stk32b	ENSMUSG00000029123	STK32B	ENSMFAG00000046080	ortholog_one2one	1	91.7874
Stk32c	ENSMUSG00000015981	STK32C	ENSMFAG00000004135	ortholog_one2one	1	88.1148
Stk33	ENSMUSG00000031027	STK33	ENSMFAG00000043158	ortholog_one2one	1	68.8391
Stk35	ENSMUSG00000037885	STK35	ENSMFAG00000017416	ortholog_one2one	1	86.4564
Stk36	ENSMUSG00000033276	STK36	ENSMFAG00000003769	ortholog_one2one	1	85.1064
Stk38	ENSMUSG00000024006	STK38	ENSMFAG00000000825	ortholog_one2one	1	98.7097
Stk38l	ENSMUSG00000001630	STK38L	ENSMFAG00000030945	ortholog_one2one	1	97.8448
Stk39	ENSMUSG00000027030	STK39	ENSMFAG00000031858	ortholog_one2one	1	91.7266
Stk4	ENSMUSG00000018209	STK4	ENSMFAG00000030410	ortholog_one2one	1	97.3306
Stk40	ENSMUSG00000042608	STK40	ENSMFAG00000000703	ortholog_one2one	1	97.0115
Stkld1	ENSMUSG00000049897	STKLD1	ENSMFAG00000041753	ortholog_one2one	1	58.4592
Stmn1	ENSMUSG00000028832	STMN1	ENSMFAG00000041588	ortholog_one2one	1	98.6577
Stmn2	ENSMUSG00000027500	STMN2	ENSMFAG00000003646	ortholog_one2one	1	100
Stmn3	ENSMUSG00000027581	STMN3	ENSMFAG00000044092	ortholog_one2one	1	91.1111
Stmn4	ENSMUSG00000022044	STMN4	ENSMFAG00000032113	ortholog_one2one	1	91.5344
Stmnd1	ENSMUSG00000063529	STMND1	ENSMFAG00000039098	ortholog_one2one	1	67.3835
Stn1	ENSMUSG00000042694	STN1	ENSMFAG00000041817	ortholog_one2one	1	59.7884
Stom	ENSMUSG00000026880	STOM	ENSMFAG00000034207	ortholog_one2one	1	86.9718
Stoml1	ENSMUSG00000032333	STOML1	ENSMFAG00000041162	ortholog_one2one	1	63.1579
Stoml2	ENSMUSG00000028455	STOML2	ENSMFAG00000039141	ortholog_one2one	1	94.3343
Stoml3	ENSMUSG00000027744	STOML3	ENSMFAG00000037302	ortholog_one2one	1	90.5923
Ston1	ENSMUSG00000033855	STON1	ENSMFAG00000058922	ortholog_one2one	1	77.1233
Ston2	ENSMUSG00000020961	STON2	ENSMFAG00000039552	ortholog_one2one	1	87.0391
Stox1	ENSMUSG00000036923	STOX1	ENSMFAG00000033672	ortholog_one2one	1	60.303
Stox2	ENSMUSG00000038143	STOX2	ENSMFAG00000044376	ortholog_one2one	1	95.0324
Stpg2	ENSMUSG00000047940	STPG2	ENSMFAG00000003718	ortholog_one2one	1	57.2192
Stpg3	ENSMUSG00000036770	STPG3	ENSMFAG00000042849	ortholog_one2one	1	54.5752
Stpg4	ENSMUSG00000036557	STPG4	ENSMFAG00000028787	ortholog_one2one	1	69.6356
Stra6	ENSMUSG00000032327	STRA6	ENSMFAG00000038239	ortholog_one2one	1	72.8358
Stra8	ENSMUSG00000029848	STRA8	ENSMFAG00000031256	ortholog_one2one	1	64.3766
Strada	ENSMUSG00000069631	STRADA	ENSMFAG00000000859	ortholog_one2one	1	94.6636
Stradb	ENSMUSG00000026027	STRADB	ENSMFAG00000040280	ortholog_one2one	1	89.9522
Strap	ENSMUSG00000030224	STRAP	ENSMFAG00000000987	ortholog_one2one	1	97.4286
Strbp	ENSMUSG00000026915	STRBP	ENSMFAG00000001745	ortholog_one2one	1	98.9583
Strc	ENSMUSG00000033498	STRC	ENSMFAG00000045628	ortholog_one2one	1	85.7933
Strip1	ENSMUSG00000014601	STRIP1	ENSMFAG00000031880	ortholog_one2one	1	88.411
Strip2	ENSMUSG00000039629	STRIP2	ENSMFAG00000041411	ortholog_one2one	1	94.4313
Strn	ENSMUSG00000024077	STRN	ENSMFAG00000002106	ortholog_one2one	1	96.9231
Strn3	ENSMUSG00000020954	STRN3	ENSMFAG00000030208	ortholog_one2one	1	96.4888
Strn4	ENSMUSG00000030374	STRN4	ENSMFAG00000035843	ortholog_one2one	1	94.3421
Stt3a	ENSMUSG00000032116	STT3A	ENSMFAG00000034547	ortholog_one2one	1	99.4326
Stt3b	ENSMUSG00000032437	STT3B	ENSMFAG00000041705	ortholog_one2one	1	95.3827
Stub1	ENSMUSG00000039615	STUB1	ENSMFAG00000031388	ortholog_one2one	1	97.3684
Stum	ENSMUSG00000053963	STUM	ENSMFAG00000035398	ortholog_one2one	1	90.0763
Stx11	ENSMUSG00000039232	STX11	ENSMFAG00000009017	ortholog_one2one	1	85.7143
Stx16	ENSMUSG00000027522	STX16	ENSMFAG00000034376	ortholog_one2one	1	94.1718
Stx17	ENSMUSG00000061455	STX17	ENSMFAG00000042208	ortholog_one2one	1	92.691
Stx18	ENSMUSG00000029125	STX18	ENSMFAG00000043473	ortholog_one2one	1	91.9162
Stx19	ENSMUSG00000047854	STX19	ENSMFAG00000007249	ortholog_one2one	1	85.9589
Stx1a	ENSMUSG00000007207	STX1A	ENSMFAG00000036390	ortholog_one2one	1	91.3194
Stx1b	ENSMUSG00000030806	STX1B	ENSMFAG00000032411	ortholog_one2one	1	95.8333
Stx2	ENSMUSG00000029428	STX2	ENSMFAG00000044704	ortholog_one2one	1	84.6975
Stx3	ENSMUSG00000041488	STX3	ENSMFAG00000033872	ortholog_one2one	1	92.3345
Stx4a	ENSMUSG00000030805	STX4	ENSMFAG00000045192	ortholog_one2one	1	83.8926
Stx5a	ENSMUSG00000010110	STX5	ENSMFAG00000003488	ortholog_one2one	1	94.0845
Stx6	ENSMUSG00000026470	STX6	ENSMFAG00000032791	ortholog_one2one	1	67.3716
Stx7	ENSMUSG00000019998	STX7	ENSMFAG00000003709	ortholog_one2one	1	94.636
Stx8	ENSMUSG00000020903	STX8	ENSMFAG00000032279	ortholog_one2one	1	93.6441
Stxbp1	ENSMUSG00000026797	STXBP1	ENSMFAG00000003958	ortholog_one2one	1	96.3516
Stxbp2	ENSMUSG00000004626	STXBP2	ENSMFAG00000044292	ortholog_one2one	1	91.7369
Stxbp3	ENSMUSG00000027882	STXBP3	ENSMFAG00000000666	ortholog_one2one	1	92.3987
Stxbp4	ENSMUSG00000020546	STXBP4	ENSMFAG00000001400	ortholog_one2one	1	76.8402
Stxbp5	ENSMUSG00000019790	STXBP5	ENSMFAG00000001785	ortholog_one2one	1	94.129
Stxbp5l	ENSMUSG00000022829	STXBP5L	ENSMFAG00000002402	ortholog_one2one	1	95.7795
Styk1	ENSMUSG00000032899	STYK1	ENSMFAG00000031360	ortholog_one2one	1	75.7576
Styx	ENSMUSG00000053205	STYX	ENSMFAG00000038341	ortholog_one2many	1	96.861
Styxl2	ENSMUSG00000026564	STYXL2	ENSMFAG00000005792	ortholog_one2one	1	76.362
Sub1	ENSMUSG00000022205	SUB1	ENSMFAG00000062564	ortholog_one2one	1	93.7008
Sucla2	ENSMUSG00000022110	SUCLA2	ENSMFAG00000043471	ortholog_one2one	1	90.0648
Suclg2	ENSMUSG00000061838	SUCLG2	ENSMFAG00000041500	ortholog_one2one	1	93.0716
Sucnr1	ENSMUSG00000027762	SUCNR1	ENSMFAG00000064553	ortholog_one2one	1	73.1861
Suco	ENSMUSG00000040297	SUCO	ENSMFAG00000046345	ortholog_one2one	1	85.327
Suds3	ENSMUSG00000066900	SUDS3	ENSMFAG00000031069	ortholog_one2one	1	82.6219
Sufu	ENSMUSG00000025231	SUFU	ENSMFAG00000038634	ortholog_one2one	1	97.5207
Sugct	ENSMUSG00000055137	SUGCT	ENSMFAG00000043400	ortholog_one2one	1	83.945
Sugp1	ENSMUSG00000011306	SUGP1	ENSMFAG00000031157	ortholog_one2one	1	88.958
Sulf1	ENSMUSG00000016918	SULF1	ENSMFAG00000043436	ortholog_one2one	1	91.3793
Sulf2	ENSMUSG00000006800	SULF2	ENSMFAG00000035867	ortholog_one2one	1	93.6
Sult1b1	ENSMUSG00000029269	SULT1B1	ENSMFAG00000042376	ortholog_one2one	1	70.903
Sult1e1	ENSMUSG00000029272	SULT1E1	ENSMFAG00000046267	ortholog_one2one	1	76.2712
Sult2a5	ENSMUSG00000078799	SULT2A1	ENSMFAG00000046325	ortholog_one2many	1	63.5088
Sult2b1	ENSMUSG00000003271	SULT2B1	ENSMFAG00000042452	ortholog_one2one	1	77.2189
Sult6b1	ENSMUSG00000038045	SULT6B1	ENSMFAG00000034517	ortholog_one2one	1	72.6073
Sumf1	ENSMUSG00000030101	SUMF1	ENSMFAG00000040853	ortholog_one2one	1	85.2151
Sun1	ENSMUSG00000036817	SUN1	ENSMFAG00000003239	ortholog_one2one	1	67.6889
Sun2	ENSMUSG00000042524	SUN2	ENSMFAG00000021939	ortholog_one2one	1	81.9425
Sun3	ENSMUSG00000040985	SUN3	ENSMFAG00000031387	ortholog_one2one	1	81.875
Sun5	ENSMUSG00000027480	SUN5	ENSMFAG00000035909	ortholog_one2one	1	76.7241
Suox	ENSMUSG00000049858	SUOX	ENSMFAG00000039926	ortholog_one2one	1	85.8974
Supt20	ENSMUSG00000027751	SUPT20H	ENSMFAG00000031911	ortholog_one2one	1	80.3013
Supt3	ENSMUSG00000038954	SUPT3H	ENSMFAG00000020326	ortholog_one2one	1	72.4599
Supt4a	ENSMUSG00000020485	SUPT4H1	ENSMFAG00000003856	ortholog_one2one	1	100
Supt5	ENSMUSG00000003435	SUPT5H	ENSMFAG00000038707	ortholog_one2one	1	97.5046
Supt6	ENSMUSG00000002052	SUPT6H	ENSMFAG00000040784	ortholog_one2one	1	98.146
Supt7l	ENSMUSG00000053134	SUPT7L	ENSMFAG00000043271	ortholog_one2one	1	95.8738
Supv3l1	ENSMUSG00000020079	SUPV3L1	ENSMFAG00000003566	ortholog_one2one	1	87.6765
Surf1	ENSMUSG00000015790	SURF1	ENSMFAG00000032426	ortholog_one2one	1	76.7974
Surf2	ENSMUSG00000014873	SURF2	ENSMFAG00000031802	ortholog_one2one	1	69.6498
Surf4	ENSMUSG00000014867	SURF4	ENSMFAG00000045368	ortholog_one2one	1	98.513
Susd1	ENSMUSG00000038578	SUSD1	ENSMFAG00000035744	ortholog_one2one	1	71.1436
Susd2	ENSMUSG00000006342	SUSD2	ENSMFAG00000010252	ortholog_one2one	1	69.7561
Susd3	ENSMUSG00000021384	SUSD3	ENSMFAG00000043593	ortholog_one2one	1	55.7621
Susd4	ENSMUSG00000038576	SUSD4	ENSMFAG00000043811	ortholog_one2one	1	90.4082
Susd5	ENSMUSG00000086596	SUSD5	ENSMFAG00000033317	ortholog_one2one	1	67.2052
Susd6	ENSMUSG00000021133	SUSD6	ENSMFAG00000057018	ortholog_one2one	1	82.6625
Suv39h1	ENSMUSG00000039231	SUV39H1	ENSMFAG00000042131	ortholog_one2one	1	94.1748
Suv39h2	ENSMUSG00000026646	SUV39H2	ENSMFAG00000031495	ortholog_one2one	1	76.1006
Suz12	ENSMUSG00000017548	SUZ12	ENSMFAG00000040091	ortholog_one2one	1	92.8475
Sv2a	ENSMUSG00000038486	SV2A	ENSMFAG00000034474	ortholog_one2one	1	98.7871
Sv2c	ENSMUSG00000051111	SV2C	ENSMFAG00000036123	ortholog_one2one	1	97.1114
Svbp	ENSMUSG00000028643	SVBP	ENSMFAG00000056796	ortholog_one2one	1	61.7647
Svep1	ENSMUSG00000028369	SVEP1	ENSMFAG00000043533	ortholog_one2one	1	79.7028
Svip	ENSMUSG00000074093	SVIP	ENSMFAG00000058984	ortholog_one2one	1	57.6923
Svop	ENSMUSG00000042078	SVOP	ENSMFAG00000033712	ortholog_one2one	1	95.9854
Svopl	ENSMUSG00000029830	SVOPL	ENSMFAG00000040251	ortholog_one2one	1	91.7004
Swap70	ENSMUSG00000031015	SWAP70	ENSMFAG00000035832	ortholog_one2one	1	94.7009
Swsap1	ENSMUSG00000051238	SWSAP1	ENSMFAG00000040323	ortholog_one2one	1	60.4317
Swt1	ENSMUSG00000052748	SWT1	ENSMFAG00000031793	ortholog_one2one	1	67.9162
Syap1	ENSMUSG00000031357	SYAP1	ENSMFAG00000031838	ortholog_one2one	1	81.3699
Sybu	ENSMUSG00000022340	SYBU	ENSMFAG00000037775	ortholog_one2one	1	85.1128
Syce1l	ENSMUSG00000033409	SYCE1L	ENSMFAG00000031480	ortholog_one2one	1	51.8219
Syce3	ENSMUSG00000078938	SYCE3	ENSMFAG00000036358	ortholog_one2one	1	90.9091
Sycn	ENSMUSG00000084174	SYCN	ENSMFAG00000032892	ortholog_one2one	1	72.3881
Sycp1	ENSMUSG00000027855	SYCP1	ENSMFAG00000043913	ortholog_one2one	1	74.1188
Sycp3	ENSMUSG00000020059	SYCP3	ENSMFAG00000037508	ortholog_one2many	1	62.0968
Syde2	ENSMUSG00000036863	SYDE2	ENSMFAG00000001689	ortholog_one2one	1	63.6986
Syf2	ENSMUSG00000028821	SYF2	ENSMFAG00000041831	ortholog_one2one	1	90.9091
Syk	ENSMUSG00000021457	SYK	ENSMFAG00000033243	ortholog_one2one	1	89.1892
Sympk	ENSMUSG00000023118	SYMPK	ENSMFAG00000038558	ortholog_one2one	1	85.8696
Syn2	ENSMUSG00000009394	SYN2	ENSMFAG00000041997	ortholog_one2one	1	91.2969
Syn3	ENSMUSG00000059602	SYN3	ENSMFAG00000032224	ortholog_one2one	1	92.228
Sync	ENSMUSG00000001333	SYNC	ENSMFAG00000042467	ortholog_one2one	1	79.1489
Syndig1	ENSMUSG00000074736	SYNDIG1	ENSMFAG00000052498	ortholog_one2one	1	77.907
Syndig1l	ENSMUSG00000071234	SYNDIG1L	ENSMFAG00000039919	ortholog_one2one	1	89.0295
Syne1	ENSMUSG00000096054	SYNE1	ENSMFAG00000037479	ortholog_one2one	1	84.8846
Syne2	ENSMUSG00000063450	SYNE2	ENSMFAG00000038668	ortholog_one2one	1	70.6987
Syne3	ENSMUSG00000054150	SYNE3	ENSMFAG00000040198	ortholog_one2one	1	74.5496
Syne4	ENSMUSG00000019737	SYNE4	ENSMFAG00000040369	ortholog_one2one	1	67.268
Syngap1	ENSMUSG00000067629	SYNGAP1	ENSMFAG00000041047	ortholog_one2one	1	88.8806
Syngr2	ENSMUSG00000048277	SYNGR2	ENSMFAG00000037184	ortholog_one2one	1	87.5
Syngr4	ENSMUSG00000040231	SYNGR4	ENSMFAG00000034386	ortholog_one2one	1	72.9614
Synj1	ENSMUSG00000022973	SYNJ1	ENSMFAG00000018883	ortholog_one2one	1	90.1085
Synj2	ENSMUSG00000023805	SYNJ2	ENSMFAG00000040552	ortholog_one2one	1	85.0575
Synpo	ENSMUSG00000043079	SYNPO	ENSMFAG00000031848	ortholog_one2one	1	76.5816
Synpo2	ENSMUSG00000050315	SYNPO2	ENSMFAG00000037699	ortholog_one2one	1	80.4048
Synpo2l	ENSMUSG00000039376	SYNPO2L	ENSMFAG00000044178	ortholog_one2one	1	86.4008
Synpr	ENSMUSG00000056296	SYNPR	ENSMFAG00000039535	ortholog_one2one	1	95.4386
Synrg	ENSMUSG00000034940	SYNRG	ENSMFAG00000044562	ortholog_one2one	1	84.5979
Syp	ENSMUSG00000031144	SYP	ENSMFAG00000037682	ortholog_one2one	1	95.2229
Sypl1	ENSMUSG00000020570	SYPL1	ENSMFAG00000042096	ortholog_one2one	1	82.3045
Sypl2	ENSMUSG00000027887	SYPL2	ENSMFAG00000047408	ortholog_one2one	1	93.9394
Syt1	ENSMUSG00000035864	SYT1	ENSMFAG00000003495	ortholog_one2one	1	97.1496
Syt11	ENSMUSG00000068923	SYT11	ENSMFAG00000039413	ortholog_one2one	1	95.1163
Syt12	ENSMUSG00000049303	SYT12	ENSMFAG00000042095	ortholog_one2one	1	93.5867
Syt13	ENSMUSG00000027220	SYT13	ENSMFAG00000056606	ortholog_one2one	1	90.1408
Syt14	ENSMUSG00000016200	SYT14	ENSMFAG00000036849	ortholog_one2one	1	71.7037
Syt16	ENSMUSG00000044912	SYT16	ENSMFAG00000042502	ortholog_one2one	1	79.0297
Syt17	ENSMUSG00000058420	SYT17	ENSMFAG00000031347	ortholog_one2one	1	97.3366
Syt2	ENSMUSG00000026452	SYT2	ENSMFAG00000042825	ortholog_one2one	1	97.6303
Syt3	ENSMUSG00000030731	SYT3	ENSMFAG00000045001	ortholog_one2one	1	94.3782
Syt5	ENSMUSG00000004961	SYT5	ENSMFAG00000002989	ortholog_one2one	1	87.8238
Syt6	ENSMUSG00000027849	SYT6	ENSMFAG00000041208	ortholog_one2one	1	97.032
Syt7	ENSMUSG00000024743	SYT7	ENSMFAG00000043470	ortholog_one2one	1	96.563
Syt8	ENSMUSG00000031098	SYT8	ENSMFAG00000003669	ortholog_one2one	1	70.8861
Syt9	ENSMUSG00000062542	SYT9	ENSMFAG00000040372	ortholog_one2one	1	97.1487
Sytl1	ENSMUSG00000028860	SYTL1	ENSMFAG00000002518	ortholog_one2one	1	66.5493
Sytl2	ENSMUSG00000030616	SYTL2	ENSMFAG00000032887	ortholog_one2one	1	64.2823
Sytl4	ENSMUSG00000031255	SYTL4	ENSMFAG00000033002	ortholog_one2one	1	89.4502
Szt2	ENSMUSG00000033253	SZT2	ENSMFAG00000002743	ortholog_one2one	1	92.0431
T	ENSMUSG00000062327	TBXT	ENSMFAG00000030026	ortholog_one2one	1	90.5963
Taar1	ENSMUSG00000056379	TAAR1	ENSMFAG00000030250	ortholog_one2one	1	76.506
Taar2	ENSMUSG00000059763	TAAR2	ENSMFAG00000044568	ortholog_one2one	1	81.7109
Taar5	ENSMUSG00000069706	TAAR5	ENSMFAG00000030700	ortholog_one2one	1	86.6469
Tab1	ENSMUSG00000022414	TAB1	ENSMFAG00000032126	ortholog_one2one	1	93.2271
Tab2	ENSMUSG00000015755	TAB2	ENSMFAG00000036867	ortholog_one2one	1	94.8052
Tab3	ENSMUSG00000035476	TAB3	ENSMFAG00000036775	ortholog_one2one	1	94.5531
Tac1	ENSMUSG00000061762	TAC1	ENSMFAG00000000287	ortholog_one2one	1	94.7826
Tacc1	ENSMUSG00000065954	TACC1	ENSMFAG00000031600	ortholog_one2one	1	77.1907
Tacc2	ENSMUSG00000030852	TACC2	ENSMFAG00000037369	ortholog_one2one	1	58.3536
Taco1	ENSMUSG00000001983	TACO1	ENSMFAG00000033066	ortholog_one2one	1	77.8912
Tacr1	ENSMUSG00000030043	TACR1	ENSMFAG00000043621	ortholog_one2one	1	94.1032
Tacr2	ENSMUSG00000020081	TACR2	ENSMFAG00000045771	ortholog_one2one	1	84.8958
Tada1	ENSMUSG00000026563	TADA1	ENSMFAG00000032577	ortholog_one2one	1	95.8209
Tada2a	ENSMUSG00000018651	TADA2A	ENSMFAG00000046352	ortholog_one2one	1	97.0655
Tada2b	ENSMUSG00000029196	TADA2B	ENSMFAG00000002501	ortholog_one2one	1	77.8571
Tada3	ENSMUSG00000048930	TADA3	ENSMFAG00000044750	ortholog_one2one	1	99.3056
Taf1	ENSMUSG00000031314	TAF1	ENSMFAG00000001749	ortholog_one2many	1	96.0449
Taf10	ENSMUSG00000043866	TAF10	ENSMFAG00000051101	ortholog_one2one	1	90.8257
Taf11	ENSMUSG00000024218	TAF11	ENSMFAG00000035760	ortholog_one2one	1	87.2038
Taf12	ENSMUSG00000028899	TAF12	ENSMFAG00000041370	ortholog_one2one	1	97.5155
Taf15	ENSMUSG00000020680	TAF15	ENSMFAG00000041941	ortholog_one2one	1	76.3016
Taf1a	ENSMUSG00000072258	TAF1A	ENSMFAG00000039364	ortholog_one2one	1	77.9249
Taf1b	ENSMUSG00000059669	TAF1B	ENSMFAG00000041401	ortholog_one2one	1	74.5734
Taf1c	ENSMUSG00000031832	TAF1C	ENSMFAG00000003245	ortholog_one2one	1	66.0287
Taf2	ENSMUSG00000037343	TAF2	ENSMFAG00000003672	ortholog_one2one	1	95.8264
Taf3	ENSMUSG00000025782	TAF3	ENSMFAG00000041323	ortholog_one2one	1	83.691
Taf4	ENSMUSG00000039117	TAF4	ENSMFAG00000002330	ortholog_one2one	1	77.6699
Taf4b	ENSMUSG00000054321	TAF4B	ENSMFAG00000031932	ortholog_one2one	1	79.6471
Taf5	ENSMUSG00000025049	TAF5	ENSMFAG00000031468	ortholog_one2one	1	96.5044
Taf5l	ENSMUSG00000038697	TAF5L	ENSMFAG00000037566	ortholog_one2one	1	93.2088
Taf6	ENSMUSG00000036980	TAF6	ENSMFAG00000004067	ortholog_one2one	1	97.6401
Taf6l	ENSMUSG00000003680	TAF6L	ENSMFAG00000030912	ortholog_one2one	1	82.0225
Taf7	ENSMUSG00000051316	TAF7	ENSMFAG00000032998	ortholog_one2one	1	94.7214
Taf8	ENSMUSG00000023980	TAF8	ENSMFAG00000037574	ortholog_one2one	1	68.7003
Taf9	ENSMUSG00000052293	TAF9	ENSMFAG00000043011	ortholog_one2many	1	95.4545
Taf9b	ENSMUSG00000047242	TAF9B	ENSMFAG00000045420	ortholog_one2one	1	90.3614
Tafa1	ENSMUSG00000059187	TAFA1	ENSMFAG00000034201	ortholog_one2one	1	99.2481
Tafa2	ENSMUSG00000044071	TAFA2	ENSMFAG00000039199	ortholog_one2one	1	96.9466
Tafa4	ENSMUSG00000046500	TAFA4	ENSMFAG00000020992	ortholog_one2one	1	90.3704
Tafazzin	ENSMUSG00000009995	TAZ	ENSMFAG00000028691	ortholog_one2one	1	67.4576
Tagln	ENSMUSG00000032085	TAGLN	ENSMFAG00000036871	ortholog_one2many	1	96.5174
Tagln2	ENSMUSG00000026547	TAGLN2	ENSMFAG00000040025	ortholog_one2one	1	96.4824
Tagln3	ENSMUSG00000022658	TAGLN3	ENSMFAG00000001611	ortholog_one2one	1	99.4975
Tal1	ENSMUSG00000028717	TAL1	ENSMFAG00000047639	ortholog_one2one	1	95.1368
Taldo1	ENSMUSG00000025503	TALDO1	ENSMFAG00000003033	ortholog_one2one	1	84.5697
Tamalin	ENSMUSG00000000531	TAMALIN	ENSMFAG00000041403	ortholog_one2one	1	78.8265
Tamm41	ENSMUSG00000030316	TAMM41	ENSMFAG00000033931	ortholog_one2one	1	77.7448
Tanc1	ENSMUSG00000035168	TANC1	ENSMFAG00000042358	ortholog_one2one	1	89.8168
Tanc2	ENSMUSG00000053580	TANC2	ENSMFAG00000032802	ortholog_one2one	1	98.0943
Tango2	ENSMUSG00000013539	TANGO2	ENSMFAG00000004021	ortholog_one2one	1	81.1594
Tango6	ENSMUSG00000041949	TANGO6	ENSMFAG00000041170	ortholog_one2one	1	77.6645
Tank	ENSMUSG00000064289	TANK	ENSMFAG00000037351	ortholog_one2one	1	80.1453
Taok1	ENSMUSG00000017291	TAOK1	ENSMFAG00000041025	ortholog_one2one	1	99.4006
Taok2	ENSMUSG00000059981	TAOK2	ENSMFAG00000030440	ortholog_one2one	1	75.1659
Taok3	ENSMUSG00000061288	TAOK3	ENSMFAG00000017617	ortholog_one2one	1	92.6503
Tap1	ENSMUSG00000037321	TAP1	ENSMFAG00000041369	ortholog_one2one	1	68.6464
Tap2	ENSMUSG00000024339	TAP2	ENSMFAG00000037139	ortholog_one2one	1	76.9231
Tapbp	ENSMUSG00000024308	TAPBP	ENSMFAG00000000942	ortholog_one2one	1	71.828
Tapt1	ENSMUSG00000046985	TAPT1	ENSMFAG00000033652	ortholog_one2one	1	86.1702
Tarbp2	ENSMUSG00000023051	TARBP2	ENSMFAG00000013567	ortholog_one2one	1	94.2466
Tardbp	ENSMUSG00000041459	TARDBP	ENSMFAG00000002750	ortholog_one2many	1	96.3768
Tars1	ENSMUSG00000022241	TARS1	ENSMFAG00000043658	ortholog_one2one	1	95.0138
Tars2	ENSMUSG00000028107	TARS2	ENSMFAG00000030387	ortholog_one2one	1	82.0194
Tas1r1	ENSMUSG00000028950	TAS1R1	ENSMFAG00000046256	ortholog_one2one	1	73.2779
Tas1r2	ENSMUSG00000028738	TAS1R2	ENSMFAG00000033633	ortholog_one2one	1	71.0558
Tas2r108	ENSMUSG00000037140	TAS2R4	ENSMFAG00000061404	ortholog_one2one	1	64.9832
Tas2r118	ENSMUSG00000043865	TAS2R16	ENSMFAG00000064959	ortholog_one2one	1	50.1672
Tas2r126	ENSMUSG00000048284	TAS2R41	ENSMFAG00000057331	ortholog_one2one	1	65.2597
Tas2r130	ENSMUSG00000054497	TAS2R7	ENSMFAG00000051492	ortholog_one2one	1	68.9103
Tas2r135	ENSMUSG00000056203	TAS2R60	ENSMFAG00000001115	ortholog_one2one	1	56.3863
Tas2r137	ENSMUSG00000052850	TAS2R3	ENSMFAG00000063716	ortholog_one2one	1	59.4595
Tas2r138	ENSMUSG00000058250	TAS2R38	ENSMFAG00000059261	ortholog_one2one	1	66.7674
Tas2r144	ENSMUSG00000051917	TAS2R40	ENSMFAG00000030123	ortholog_one2one	1	65.8307
Tasl	ENSMUSG00000025058	TASL	ENSMFAG00000030515	ortholog_one2one	1	83.2215
Tasor	ENSMUSG00000040651	TASOR	ENSMFAG00000002108	ortholog_one2one	1	82.9105
Tasor2	ENSMUSG00000033799	TASOR2	ENSMFAG00000000468	ortholog_one2one	1	59.068
Tasp1	ENSMUSG00000039033	TASP1	ENSMFAG00000036407	ortholog_one2one	1	94.5238
Tat	ENSMUSG00000001670	TAT	ENSMFAG00000040591	ortholog_one2one	1	91.8502
Tatdn1	ENSMUSG00000050891	TATDN1	ENSMFAG00000037399	ortholog_one2one	1	90.5085
Tatdn2	ENSMUSG00000056952	TATDN2	ENSMFAG00000044226	ortholog_one2one	1	70.8812
Tatdn3	ENSMUSG00000026632	TATDN3	ENSMFAG00000041006	ortholog_one2one	1	78.4983
Tax1bp1	ENSMUSG00000004535	TAX1BP1	ENSMFAG00000034182	ortholog_one2one	1	85.8722
Tax1bp3	ENSMUSG00000040158	TAX1BP3	ENSMFAG00000036540	ortholog_one2one	1	98.3871
Tbata	ENSMUSG00000020096	TBATA	ENSMFAG00000039238	ortholog_one2one	1	65.1811
Tbc1d10a	ENSMUSG00000034412	TBC1D10A	ENSMFAG00000036982	ortholog_one2one	1	91.4
Tbc1d10b	ENSMUSG00000042492	TBC1D10B	ENSMFAG00000053026	ortholog_one2one	1	74.6867
Tbc1d10c	ENSMUSG00000040247	TBC1D10C	ENSMFAG00000045050	ortholog_one2one	1	88.2883
Tbc1d13	ENSMUSG00000039678	TBC1D13	ENSMFAG00000033076	ortholog_one2one	1	94.5
Tbc1d14	ENSMUSG00000029192	TBC1D14	ENSMFAG00000034270	ortholog_one2one	1	90.2017
Tbc1d15	ENSMUSG00000020130	TBC1D15	ENSMFAG00000000077	ortholog_one2one	1	91.6543
Tbc1d16	ENSMUSG00000039976	TBC1D16	ENSMFAG00000032537	ortholog_one2one	1	77.5163
Tbc1d17	ENSMUSG00000038520	TBC1D17	ENSMFAG00000038826	ortholog_one2one	1	89.3023
Tbc1d19	ENSMUSG00000039178	TBC1D19	ENSMFAG00000000286	ortholog_one2one	1	97.5285
Tbc1d2	ENSMUSG00000039813	TBC1D2	ENSMFAG00000041832	ortholog_one2one	1	81.0195
Tbc1d20	ENSMUSG00000027465	TBC1D20	ENSMFAG00000012722	ortholog_one2one	1	92.7861
Tbc1d21	ENSMUSG00000036244	TBC1D21	ENSMFAG00000035270	ortholog_one2one	1	87.5
Tbc1d22a	ENSMUSG00000051864	TBC1D22A	ENSMFAG00000041343	ortholog_one2one	1	90.6977
Tbc1d22b	ENSMUSG00000042203	TBC1D22B	ENSMFAG00000000523	ortholog_one2one	1	89.703
Tbc1d23	ENSMUSG00000022749	TBC1D23	ENSMFAG00000030957	ortholog_one2one	1	89.0351
Tbc1d24	ENSMUSG00000036473	TBC1D24	ENSMFAG00000041890	ortholog_one2one	1	92.2523
Tbc1d25	ENSMUSG00000039201	TBC1D25	ENSMFAG00000045738	ortholog_one2one	1	89.3895
Tbc1d30	ENSMUSG00000052302	TBC1D30	ENSMFAG00000046028	ortholog_one2one	1	85.7702
Tbc1d32	ENSMUSG00000038122	TBC1D32	ENSMFAG00000038607	ortholog_one2one	1	84.7994
Tbc1d4	ENSMUSG00000033083	TBC1D4	ENSMFAG00000045534	ortholog_one2one	1	89.7023
Tbc1d5	ENSMUSG00000023923	TBC1D5	ENSMFAG00000002555	ortholog_one2one	1	87.8528
Tbc1d7	ENSMUSG00000021368	TBC1D7	ENSMFAG00000040608	ortholog_one2one	1	91.1263
Tbc1d8	ENSMUSG00000003134	TBC1D8	ENSMFAG00000004006	ortholog_one2one	1	92.328
Tbc1d8b	ENSMUSG00000042473	TBC1D8B	ENSMFAG00000040068	ortholog_one2one	1	89.3178
Tbc1d9	ENSMUSG00000031709	TBC1D9	ENSMFAG00000046063	ortholog_one2one	1	96.0443
Tbc1d9b	ENSMUSG00000036644	TBC1D9B	ENSMFAG00000000062	ortholog_one2one	1	91.0915
Tbca	ENSMUSG00000042043	TBCA	ENSMFAG00000034059	ortholog_one2one	1	90.7407
Tbcb	ENSMUSG00000006095	TBCB	ENSMFAG00000041556	ortholog_one2one	1	84.4262
Tbcc	ENSMUSG00000036430	TBCC	ENSMFAG00000003179	ortholog_one2one	1	77.1261
Tbccd1	ENSMUSG00000004462	TBCCD1	ENSMFAG00000034221	ortholog_one2one	1	84.7826
Tbcd	ENSMUSG00000039230	TBCD	ENSMFAG00000034311	ortholog_one2one	1	72.408
Tbce	ENSMUSG00000039233	TBCE	ENSMFAG00000003983	ortholog_one2one	1	74.4275
Tbcel	ENSMUSG00000037287	TBCEL	ENSMFAG00000032553	ortholog_one2one	1	97.6415
Tbck	ENSMUSG00000028030	TBCK	ENSMFAG00000034054	ortholog_one2one	1	91.8253
Tbk1	ENSMUSG00000020115	TBK1	ENSMFAG00000031885	ortholog_one2one	1	94.2387
Tbkbp1	ENSMUSG00000038517	TBKBP1	ENSMFAG00000001252	ortholog_one2one	1	62.8524
Tbl2	ENSMUSG00000005374	TBL2	ENSMFAG00000063804	ortholog_one2one	1	80.543
Tbl3	ENSMUSG00000040688	TBL3	ENSMFAG00000030302	ortholog_one2one	1	84.1448
Tbp	ENSMUSG00000014767	TBP	ENSMFAG00000031133	ortholog_one2one	1	97.4684
Tbpl1	ENSMUSG00000071359	TBPL1	ENSMFAG00000040137	ortholog_one2one	1	100
Tbrg1	ENSMUSG00000011114	TBRG1	ENSMFAG00000036896	ortholog_one2one	1	84.7291
Tbrg4	ENSMUSG00000000384	TBRG4	ENSMFAG00000032141	ortholog_one2one	1	74.4444
Tbx1	ENSMUSG00000009097	TBX1	ENSMFAG00000045435	ortholog_one2one	1	81.9672
Tbx15	ENSMUSG00000027868	TBX15	ENSMFAG00000044269	ortholog_one2one	1	98.6711
Tbx18	ENSMUSG00000032419	TBX18	ENSMFAG00000039688	ortholog_one2one	1	93.4747
Tbx19	ENSMUSG00000026572	TBX19	ENSMFAG00000038069	ortholog_one2one	1	91.0314
Tbx2	ENSMUSG00000000093	TBX2	ENSMFAG00000038998	ortholog_one2one	1	91.5612
Tbx20	ENSMUSG00000031965	TBX20	ENSMFAG00000046090	ortholog_one2one	1	97.9775
Tbx21	ENSMUSG00000001444	TBX21	ENSMFAG00000042504	ortholog_one2one	1	77.9245
Tbx22	ENSMUSG00000031241	TBX22	ENSMFAG00000000575	ortholog_one2one	1	71.5631
Tbx3	ENSMUSG00000018604	TBX3	ENSMFAG00000039129	ortholog_one2one	1	70.8738
Tbx4	ENSMUSG00000000094	TBX4	ENSMFAG00000048469	ortholog_one2one	1	91.4855
Tbx5	ENSMUSG00000018263	TBX5	ENSMFAG00000044723	ortholog_one2one	1	96.139
Tbx6	ENSMUSG00000030699	TBX6	ENSMFAG00000001085	ortholog_one2one	1	87.6147
Tbxas1	ENSMUSG00000029925	TBXAS1	ENSMFAG00000016846	ortholog_one2one	1	81.9887
Tc2n	ENSMUSG00000021187	TC2N	ENSMFAG00000001087	ortholog_one2one	1	87.1166
Tcaf1	ENSMUSG00000036667	TCAF1	ENSMFAG00000041977	ortholog_one2one	1	90.3471
Tcaim	ENSMUSG00000046603	TCAIM	ENSMFAG00000034051	ortholog_one2one	1	80.7466
Tcea1	ENSMUSG00000033813	TCEA1	ENSMFAG00000041675	ortholog_one2one	1	96.6777
Tcea3	ENSMUSG00000001604	TCEA3	ENSMFAG00000044184	ortholog_one2one	1	89.6254
Tceal7	ENSMUSG00000079428	TCEAL7	ENSMFAG00000061882	ortholog_one2one	1	76.5306
Tceal8	ENSMUSG00000051579	TCEAL8	ENSMFAG00000019988	ortholog_one2one	1	71.7949
Tceal9	ENSMUSG00000042712	TCEAL9	ENSMFAG00000030549	ortholog_one2one	1	73.0769
Tceanc	ENSMUSG00000051224	TCEANC	ENSMFAG00000046343	ortholog_one2one	1	65.7382
Tceanc2	ENSMUSG00000028619	TCEANC2	ENSMFAG00000032500	ortholog_one2one	1	90.8213
Tcerg1	ENSMUSG00000024498	TCERG1	ENSMFAG00000044853	ortholog_one2one	1	96.5709
Tcerg1l	ENSMUSG00000091002	TCERG1L	ENSMFAG00000043079	ortholog_one2one	1	75.7627
Tcf12	ENSMUSG00000032228	TCF12	ENSMFAG00000031115	ortholog_one2one	1	88.2463
Tcf15	ENSMUSG00000068079	TCF15	ENSMFAG00000044282	ortholog_one2one	1	94.8718
Tcf19	ENSMUSG00000050410	TCF19	ENSMFAG00000037749	ortholog_one2one	1	78.7072
Tcf20	ENSMUSG00000041852	TCF20	ENSMFAG00000003509	ortholog_one2many	1	90.9924
Tcf21	ENSMUSG00000045680	TCF21	ENSMFAG00000060473	ortholog_one2one	1	95.5307
Tcf23	ENSMUSG00000006642	TCF23	ENSMFAG00000058810	ortholog_one2one	1	51.1962
Tcf24	ENSMUSG00000099032	TCF24	ENSMFAG00000038608	ortholog_one2one	1	81.9277
Tcf3	ENSMUSG00000020167	TCF3	ENSMFAG00000032612	ortholog_one2one	1	75.3467
Tcf4	ENSMUSG00000053477	TCF4	ENSMFAG00000036909	ortholog_one2one	1	98.0597
Tcf7l2	ENSMUSG00000024985	TCF7L2	ENSMFAG00000043191	ortholog_one2one	1	96.3855
Tcim	ENSMUSG00000056313	TCIM	ENSMFAG00000007134	ortholog_one2one	1	92.4528
Tcirg1	ENSMUSG00000001750	TCIRG1	ENSMFAG00000030577	ortholog_one2one	1	68.2254
Tcn2	ENSMUSG00000020432	TCN2	ENSMFAG00000046209	ortholog_one2one	1	66.2791
Tcp11	ENSMUSG00000062859	TCP11	ENSMFAG00000003878	ortholog_one2one	1	61.9048
Tcp11l1	ENSMUSG00000027175	TCP11L1	ENSMFAG00000036174	ortholog_one2one	1	84.8723
Tcp11l2	ENSMUSG00000020034	TCP11L2	ENSMFAG00000042033	ortholog_one2one	1	79.6905
Tcta	ENSMUSG00000039461	TCTA	ENSMFAG00000003146	ortholog_one2one	1	91.5094
Tcte1	ENSMUSG00000023949	TCTE1	ENSMFAG00000033042	ortholog_one2one	1	76.1044
Tctn2	ENSMUSG00000118662	TCTN2	ENSMFAG00000031900	ortholog_one2one	1	68.5714
Tctn3	ENSMUSG00000025008	TCTN3	ENSMFAG00000001575	ortholog_one2one	1	68.4034
Tdo2	ENSMUSG00000028011	TDO2	ENSMFAG00000031955	ortholog_one2one	1	86.9458
Tdp1	ENSMUSG00000021177	TDP1	ENSMFAG00000000067	ortholog_one2one	1	81.7734
Tdp2	ENSMUSG00000035958	TDP2	ENSMFAG00000045296	ortholog_one2one	1	57.8378
Tdrd1	ENSMUSG00000025081	TDRD1	ENSMFAG00000043487	ortholog_one2one	1	71.7577
Tdrd12	ENSMUSG00000030491	TDRD12	ENSMFAG00000044756	ortholog_one2one	1	77.7411
Tdrd3	ENSMUSG00000022019	TDRD3	ENSMFAG00000007606	ortholog_one2one	1	73.6205
Tdrd5	ENSMUSG00000060985	TDRD5	ENSMFAG00000045587	ortholog_one2one	1	77.4038
Tdrd6	ENSMUSG00000040140	TDRD6	ENSMFAG00000059477	ortholog_one2one	1	63.185
Tdrd7	ENSMUSG00000035517	TDRD7	ENSMFAG00000003187	ortholog_one2one	1	81.6759
Tdrd9	ENSMUSG00000054003	TDRD9	ENSMFAG00000001293	ortholog_one2one	1	53.7238
Tdrkh	ENSMUSG00000041912	TDRKH	ENSMFAG00000041641	ortholog_one2one	1	83.9286
Tdrp	ENSMUSG00000050052	TDRP	ENSMFAG00000050830	ortholog_one2one	1	75.8242
Tead1	ENSMUSG00000055320	TEAD1	ENSMFAG00000031197	ortholog_one2one	1	85.3211
Tead2	ENSMUSG00000030796	TEAD2	ENSMFAG00000035667	ortholog_one2one	1	94.382
Tead3	ENSMUSG00000002249	TEAD3	ENSMFAG00000032267	ortholog_one2one	1	94.9886
Tead4	ENSMUSG00000030353	TEAD4	ENSMFAG00000001395	ortholog_one2one	1	93.2084
Tec	ENSMUSG00000029217	TEC	ENSMFAG00000001846	ortholog_one2one	1	95.2381
Tecpr2	ENSMUSG00000021275	TECPR2	ENSMFAG00000033854	ortholog_one2one	1	81.8693
Tecrl	ENSMUSG00000049537	TECRL	ENSMFAG00000038646	ortholog_one2one	1	81.9945
Tecta	ENSMUSG00000037705	TECTA	ENSMFAG00000035833	ortholog_one2one	1	96.0465
Tectb	ENSMUSG00000024979	TECTB	ENSMFAG00000036424	ortholog_one2one	1	91.4894
Tedc1	ENSMUSG00000037466	TEDC1	ENSMFAG00000043836	ortholog_one2one	1	67.1429
Tedc2	ENSMUSG00000024118	TEDC2	ENSMFAG00000034669	ortholog_one2one	1	52.7523
Teddm1a	ENSMUSG00000047053	TEDDM1	ENSMFAG00000052904	ortholog_many2many	1	59.6721
Teddm1b	ENSMUSG00000043282	TEDDM1	ENSMFAG00000052904	ortholog_many2many	1	62.4183
Tef	ENSMUSG00000022389	TEF	ENSMFAG00000033476	ortholog_one2one	1	97.6744
Tefm	ENSMUSG00000046909	TEFM	ENSMFAG00000001938	ortholog_one2one	1	65.9341
Tekt2	ENSMUSG00000028845	TEKT2	ENSMFAG00000003542	ortholog_one2one	1	83.7209
Tekt3	ENSMUSG00000042189	TEKT3	ENSMFAG00000041688	ortholog_one2one	1	83.6735
Tekt5	ENSMUSG00000039179	TEKT5	ENSMFAG00000045530	ortholog_one2one	1	71.9928
Tektip1	ENSMUSG00000020234	TEKTIP1	ENSMFAG00000036699	ortholog_one2one	1	54.8544
Tektl1	ENSMUSG00000078442	TEKTL1	ENSMFAG00000039156	ortholog_one2one	1	80.5611
Telo2	ENSMUSG00000024170	TELO2	ENSMFAG00000037116	ortholog_one2one	1	71.9048
Tenm1	ENSMUSG00000016150	TENM1	ENSMFAG00000002688	ortholog_one2one	1	97.1439
Tenm2	ENSMUSG00000049336	TENM2	ENSMFAG00000002835	ortholog_one2one	1	98.7342
Tent2	ENSMUSG00000042167	TENT2	ENSMFAG00000039561	ortholog_one2one	1	92.562
Tent4a	ENSMUSG00000034575	TENT4A	ENSMFAG00000038658	ortholog_one2one	1	65.4777
Tent5a	ENSMUSG00000032265	TENT5A	ENSMFAG00000063328	ortholog_one2one	1	93.6916
Tent5b	ENSMUSG00000046694	TENT5B	ENSMFAG00000003756	ortholog_one2one	1	91.3349
Tent5c	ENSMUSG00000044468	TENT5C	ENSMFAG00000063452	ortholog_one2one	1	95.9079
Tent5d	ENSMUSG00000073007	TENT5D	ENSMFAG00000059694	ortholog_one2one	1	78.7179
Tep1	ENSMUSG00000006281	TEP1	ENSMFAG00000001130	ortholog_one2one	1	75.6561
Tepsin	ENSMUSG00000025377	TEPSIN	ENSMFAG00000045078	ortholog_one2one	1	61.9224
Terb1	ENSMUSG00000052616	TERB1	ENSMFAG00000025461	ortholog_one2one	1	66.5365
Terb2	ENSMUSG00000027229	TERB2	ENSMFAG00000046371	ortholog_one2one	1	76.1468
Terf1	ENSMUSG00000025925	TERF1	ENSMFAG00000000674	ortholog_one2one	1	64.3705
Terf2	ENSMUSG00000031921	TERF2	ENSMFAG00000044110	ortholog_one2one	1	78.7431
Terf2ip	ENSMUSG00000033430	TERF2IP	ENSMFAG00000034117	ortholog_one2one	1	77.6081
Tert	ENSMUSG00000021611	TERT	ENSMFAG00000033142	ortholog_one2one	1	56.0606
Tes	ENSMUSG00000029552	TES	ENSMFAG00000005909	ortholog_one2many	1	91.1694
Tesk1	ENSMUSG00000028458	TESK1	ENSMFAG00000034790	ortholog_one2one	1	88.3573
Tesk2	ENSMUSG00000033985	TESK2	ENSMFAG00000042816	ortholog_one2one	1	88.7719
Tet1	ENSMUSG00000047146	TET1	ENSMFAG00000044392	ortholog_one2one	1	55.5057
Tet3	ENSMUSG00000034832	TET3	ENSMFAG00000043352	ortholog_one2one	1	89.2956
Tex10	ENSMUSG00000028345	TEX10	ENSMFAG00000003262	ortholog_one2one	1	89.1164
Tex11	ENSMUSG00000009670	TEX11	ENSMFAG00000037625	ortholog_one2one	1	54.1711
Tex12	ENSMUSG00000032065	TEX12	ENSMFAG00000002760	ortholog_one2one	1	84.5528
Tex14	ENSMUSG00000010342	TEX14	ENSMFAG00000032431	ortholog_one2one	1	66.2759
Tex2	ENSMUSG00000040548	TEX2	ENSMFAG00000033866	ortholog_one2one	1	90.0709
Tex26	ENSMUSG00000029660	TEX26	ENSMFAG00000035671	ortholog_one2one	1	56.4189
Tex261	ENSMUSG00000014748	TEX261	ENSMFAG00000041883	ortholog_one2one	1	98.4694
Tex36	ENSMUSG00000030976	TEX36	ENSMFAG00000000897	ortholog_one2one	1	51.5982
Tex38	ENSMUSG00000044556	TEX38	ENSMFAG00000039763	ortholog_one2one	1	66.6667
Tex46	ENSMUSG00000036921	TEX46	ENSMFAG00000041849	ortholog_one2one	1	55.7576
Tex47	ENSMUSG00000040514	TEX47	ENSMFAG00000064455	ortholog_one2one	1	69.5652
Tex50	ENSMUSG00000049160	TEX50	ENSMFAG00000065567	ortholog_one2one	1	54.4974
Tex52	ENSMUSG00000079304	TEX52	ENSMFAG00000042369	ortholog_one2one	1	64.6104
Tex56	ENSMUSG00000021415	TEX56	ENSMFAG00000044085	ortholog_one2one	1	63.8767
Tex9	ENSMUSG00000090626	TEX9	ENSMFAG00000037934	ortholog_one2one	1	56.1866
Tfam	ENSMUSG00000003923	TFAM	ENSMFAG00000037328	ortholog_one2one	1	60.9053
Tfap2a	ENSMUSG00000021359	TFAP2A	ENSMFAG00000039760	ortholog_one2one	1	95.4442
Tfap2b	ENSMUSG00000025927	TFAP2B	ENSMFAG00000046210	ortholog_one2one	1	97.6035
Tfap2c	ENSMUSG00000028640	TFAP2C	ENSMFAG00000004040	ortholog_one2one	1	74.833
Tfap2d	ENSMUSG00000042596	TFAP2D	ENSMFAG00000040653	ortholog_one2one	1	99.5575
Tfap2e	ENSMUSG00000042477	TFAP2E	ENSMFAG00000036191	ortholog_one2one	1	92.7602
Tfap4	ENSMUSG00000005718	TFAP4	ENSMFAG00000033942	ortholog_one2one	1	97.6331
Tfb1m	ENSMUSG00000036983	TFB1M	ENSMFAG00000031968	ortholog_one2one	1	84.058
Tfcp2	ENSMUSG00000009733	TFCP2	ENSMFAG00000002003	ortholog_one2one	1	96.2151
Tfcp2l1	ENSMUSG00000026380	TFCP2L1	ENSMFAG00000013698	ortholog_one2one	1	88.1002
Tfdp1	ENSMUSG00000038482	TFDP1	ENSMFAG00000035619	ortholog_one2many	1	94.8781
Tfdp2	ENSMUSG00000032411	TFDP2	ENSMFAG00000040035	ortholog_one2one	1	94.6188
Tfe3	ENSMUSG00000000134	TFE3	ENSMFAG00000000673	ortholog_one2one	1	95.979
Tfeb	ENSMUSG00000023990	TFEB	ENSMFAG00000040195	ortholog_one2one	1	94.1053
Tfec	ENSMUSG00000029553	TFEC	ENSMFAG00000035684	ortholog_one2one	1	75.0789
Tff1	ENSMUSG00000024032	TFF1	ENSMFAG00000030916	ortholog_one2one	1	66.6667
Tff2	ENSMUSG00000024028	TFF2	ENSMFAG00000057433	ortholog_one2one	1	80.6202
Tfg	ENSMUSG00000022757	TFG	ENSMFAG00000043877	ortholog_one2one	1	94.7103
Tfip11	ENSMUSG00000029345	TFIP11	ENSMFAG00000043406	ortholog_one2one	1	92.0048
Tfpi2	ENSMUSG00000029664	TFPI2	ENSMFAG00000035861	ortholog_one2one	1	53.4783
Tfpt	ENSMUSG00000006335	TFPT	ENSMFAG00000031792	ortholog_one2one	1	73.8956
Tfr2	ENSMUSG00000029716	TFR2	ENSMFAG00000000760	ortholog_one2one	1	84.9624
Tfrc	ENSMUSG00000022797	TFRC	ENSMFAG00000000711	ortholog_one2one	1	72.8702
Tgds	ENSMUSG00000022130	TGDS	ENSMFAG00000003252	ortholog_one2one	1	90.4225
Tgfb1	ENSMUSG00000002603	TGFB1	ENSMFAG00000040753	ortholog_one2one	1	81.0256
Tgfb1i1	ENSMUSG00000030782	TGFB1I1	ENSMFAG00000041546	ortholog_one2one	1	91.1063
Tgfb2	ENSMUSG00000039239	TGFB2	ENSMFAG00000054210	ortholog_one2one	1	95.6522
Tgfb3	ENSMUSG00000021253	TGFB3	ENSMFAG00000024879	ortholog_one2one	1	97.3301
Tgfbi	ENSMUSG00000035493	TGFBI	ENSMFAG00000039509	ortholog_one2one	1	90.3367
Tgfbr1	ENSMUSG00000007613	TGFBR1	ENSMFAG00000044981	ortholog_one2one	1	96.8191
Tgfbr2	ENSMUSG00000032440	TGFBR2	ENSMFAG00000003965	ortholog_one2one	1	92.5926
Tgfbr3	ENSMUSG00000029287	TGFBR3	ENSMFAG00000002239	ortholog_one2one	1	81.5294
Tgfbrap1	ENSMUSG00000070939	TGFBRAP1	ENSMFAG00000000996	ortholog_one2one	1	89.6512
Tgif1	ENSMUSG00000047407	TGIF1	ENSMFAG00000003221	ortholog_one2one	1	87.8676
Tgm1	ENSMUSG00000022218	TGM1	ENSMFAG00000030591	ortholog_one2one	1	90.6748
Tgm2	ENSMUSG00000037820	TGM2	ENSMFAG00000042017	ortholog_one2one	1	84.5481
Tgm3	ENSMUSG00000027401	TGM3	ENSMFAG00000001294	ortholog_one2one	1	77.4892
Tgm4	ENSMUSG00000025787	TGM4	ENSMFAG00000040342	ortholog_one2one	1	55.3731
Tgm5	ENSMUSG00000053675	TGM5	ENSMFAG00000041459	ortholog_one2one	1	82.5967
Tgm6	ENSMUSG00000027403	TGM6	ENSMFAG00000028501	ortholog_one2one	1	83.7111
Tgm7	ENSMUSG00000079103	TGM7	ENSMFAG00000038051	ortholog_one2one	1	77.4648
Th	ENSMUSG00000000214	TH	ENSMFAG00000042448	ortholog_one2one	1	87.3494
Thada	ENSMUSG00000024251	THADA	ENSMFAG00000015722	ortholog_one2one	1	78.0702
Thap11	ENSMUSG00000036442	THAP11	ENSMFAG00000048024	ortholog_one2one	1	94.4262
Thap12	ENSMUSG00000030753	THAP12	ENSMFAG00000033682	ortholog_one2one	1	95.1187
Thap2	ENSMUSG00000020137	THAP2	ENSMFAG00000056975	ortholog_one2one	1	89.4009
Thap4	ENSMUSG00000026279	THAP4	ENSMFAG00000042330	ortholog_one2one	1	84.007
Thap7	ENSMUSG00000022760	THAP7	ENSMFAG00000002469	ortholog_one2one	1	93.5275
Thbs1	ENSMUSG00000040152	THBS1	ENSMFAG00000033011	ortholog_one2one	1	94.62
Thbs2	ENSMUSG00000023885	THBS2	ENSMFAG00000038327	ortholog_one2one	1	88.3106
Thbs3	ENSMUSG00000028047	THBS3	ENSMFAG00000038403	ortholog_one2one	1	96.8619
Thbs4	ENSMUSG00000021702	THBS4	ENSMFAG00000033394	ortholog_one2one	1	92.6272
Them4	ENSMUSG00000028145	THEM4	ENSMFAG00000032182	ortholog_one2one	1	64.3478
Them6	ENSMUSG00000056665	THEM6	ENSMFAG00000057966	ortholog_one2one	1	87.9227
Themis	ENSMUSG00000049109	THEMIS	ENSMFAG00000043072	ortholog_one2one	1	80.3459
Themis2	ENSMUSG00000037731	THEMIS2	ENSMFAG00000030730	ortholog_one2one	1	63.1976
Thg1l	ENSMUSG00000011254	THG1L	ENSMFAG00000041928	ortholog_one2one	1	83.557
Thnsl1	ENSMUSG00000048550	THNSL1	ENSMFAG00000064275	ortholog_one2one	1	82.3293
Thnsl2	ENSMUSG00000054474	THNSL2	ENSMFAG00000012127	ortholog_one2one	1	83.8509
Thoc1	ENSMUSG00000024287	THOC1	ENSMFAG00000041520	ortholog_one2one	1	96.4992
Thoc3	ENSMUSG00000025872	THOC3	ENSMFAG00000034476	ortholog_one2one	1	98.2906
Thoc5	ENSMUSG00000034274	THOC5	ENSMFAG00000001276	ortholog_one2one	1	96.0469
Thoc7	ENSMUSG00000053453	THOC7	ENSMFAG00000032653	ortholog_one2one	1	94.1176
Thpo	ENSMUSG00000022847	THPO	ENSMFAG00000044370	ortholog_one2one	1	71.3483
Thra	ENSMUSG00000058756	THRA	ENSMFAG00000032035	ortholog_one2one	1	89.5122
Thrap3	ENSMUSG00000043962	THRAP3	ENSMFAG00000040144	ortholog_one2one	1	93.2702
Thrb	ENSMUSG00000021779	THRB	ENSMFAG00000008661	ortholog_one2one	1	93.6842
Thrsp	ENSMUSG00000035686	THRSP	ENSMFAG00000060688	ortholog_one2one	1	82
Thsd4	ENSMUSG00000032289	THSD4	ENSMFAG00000004078	ortholog_one2one	1	59.6267
Thsd7a	ENSMUSG00000032625	THSD7A	ENSMFAG00000042978	ortholog_one2one	1	90.887
Thtpa	ENSMUSG00000045691	THTPA	ENSMFAG00000043354	ortholog_one2one	1	72.3214
Thumpd2	ENSMUSG00000024246	THUMPD2	ENSMFAG00000031464	ortholog_one2one	1	59.6591
Thumpd3	ENSMUSG00000030264	THUMPD3	ENSMFAG00000044884	ortholog_one2one	1	79.604
Thyn1	ENSMUSG00000035443	THYN1	ENSMFAG00000039498	ortholog_one2one	1	76.9911
Tia1	ENSMUSG00000071337	TIA1	ENSMFAG00000045951	ortholog_one2one	1	91.9689
Tiam2	ENSMUSG00000023800	TIAM2	ENSMFAG00000000660	ortholog_one2one	1	85.1312
Ticam1	ENSMUSG00000047123	TICAM1	ENSMFAG00000036705	ortholog_one2one	1	52.5956
Ticrr	ENSMUSG00000046591	TICRR	ENSMFAG00000031426	ortholog_one2one	1	68.9783
Tie1	ENSMUSG00000033191	TIE1	ENSMFAG00000002847	ortholog_one2one	1	90.388
Tifa	ENSMUSG00000046688	TIFA	ENSMFAG00000029908	ortholog_one2one	1	76.6304
Tigd2	ENSMUSG00000049232	TIGD2	ENSMFAG00000023556	ortholog_one2one	1	87.619
Tigd3	ENSMUSG00000044390	TIGD3	ENSMFAG00000023252	ortholog_one2one	1	83.8298
Tigd4	ENSMUSG00000047819	TIGD4	ENSMFAG00000007745	ortholog_one2one	1	84.7953
Timeless	ENSMUSG00000039994	TIMELESS	ENSMFAG00000030313	ortholog_one2one	1	84.2105
Timm10b	ENSMUSG00000089847	TIMM10B	ENSMFAG00000035385	ortholog_one2one	1	90
Timm17a	ENSMUSG00000062580	TIMM17A	ENSMFAG00000000231	ortholog_one2one	1	81.8713
Timm17b	ENSMUSG00000031158	TIMM17B	ENSMFAG00000000862	ortholog_one2one	1	95.3488
Timm21	ENSMUSG00000024645	TIMM21	ENSMFAG00000031508	ortholog_one2one	1	69.6721
Timm22	ENSMUSG00000020843	TIMM22	ENSMFAG00000031269	ortholog_one2one	1	66.4948
Timm23	ENSMUSG00000013701	TIMM23	ENSMFAG00000036559	ortholog_one2one	1	97.1292
Timm29	ENSMUSG00000048429	TIMM29	ENSMFAG00000032190	ortholog_one2one	1	80.0752
Timm44	ENSMUSG00000002949	TIMM44	ENSMFAG00000037515	ortholog_one2one	1	88.2743
Timm8a1	ENSMUSG00000048007	TIMM8A	ENSMFAG00000000557	ortholog_one2one	1	94.8454
Timm8b	ENSMUSG00000039016	TIMM8B	ENSMFAG00000051190	ortholog_one2one	1	97.5904
Timmdc1	ENSMUSG00000002846	TIMMDC1	ENSMFAG00000037047	ortholog_one2one	1	69.8246
Timp1	ENSMUSG00000001131	TIMP1	ENSMFAG00000038764	ortholog_one2one	1	73.1707
Timp2	ENSMUSG00000017466	TIMP2	ENSMFAG00000059988	ortholog_one2one	1	98.1818
Timp3	ENSMUSG00000020044	TIMP3	ENSMFAG00000061913	ortholog_one2one	1	96.2085
Timp4	ENSMUSG00000030317	TIMP4	ENSMFAG00000052548	ortholog_one2one	1	88.8393
Tinagl1	ENSMUSG00000028776	TINAGL1	ENSMFAG00000001721	ortholog_one2one	1	84.5494
Tincr	ENSMUSG00000110218	TINCR	ENSMFAG00000032284	ortholog_one2one	1	86.2069
Tinf2	ENSMUSG00000007589	TINF2	ENSMFAG00000032214	ortholog_one2one	1	63.7681
Tiparp	ENSMUSG00000034640	TIPARP	ENSMFAG00000040611	ortholog_one2one	1	92.8463
Tipin	ENSMUSG00000032397	TIPIN	ENSMFAG00000031924	ortholog_one2one	1	77.3381
Tiprl	ENSMUSG00000040843	TIPRL	ENSMFAG00000045557	ortholog_one2one	1	97.048
Tjap1	ENSMUSG00000012296	TJAP1	ENSMFAG00000030989	ortholog_one2one	1	79.9629
Tjp2	ENSMUSG00000024812	TJP2	ENSMFAG00000001435	ortholog_one2one	1	83.1191
Tk1	ENSMUSG00000025574	TK1	ENSMFAG00000005352	ortholog_one2one	1	86.6953
Tk2	ENSMUSG00000035824	TK2	ENSMFAG00000035489	ortholog_one2one	1	75.1852
Tkfc	ENSMUSG00000034371	TKFC	ENSMFAG00000032712	ortholog_one2one	1	84.7751
Tkt	ENSMUSG00000021957	TKT	ENSMFAG00000039442	ortholog_one2one	1	95.3451
Tlcd1	ENSMUSG00000019437	TLCD1	ENSMFAG00000037103	ortholog_one2one	1	85.4251
Tlcd3a	ENSMUSG00000069808	TLCD3A	ENSMFAG00000000080	ortholog_one2one	1	73.5409
Tlcd3b	ENSMUSG00000058966	TLCD3B	ENSMFAG00000064979	ortholog_one2one	1	84
Tlcd5	ENSMUSG00000048503	TLCD5	ENSMFAG00000062098	ortholog_one2one	1	93.0612
Tldc2	ENSMUSG00000074628	TLDC2	ENSMFAG00000038882	ortholog_one2one	1	84.9057
Tle2	ENSMUSG00000034771	TLE2	ENSMFAG00000033930	ortholog_one2one	1	69.509
Tle3	ENSMUSG00000032280	TLE3	ENSMFAG00000003282	ortholog_one2one	1	91.5475
Tle7	ENSMUSG00000095941	TLE7	ENSMFAG00000030917	ortholog_one2one	1	59.7674
Tlk1	ENSMUSG00000041997	TLK1	ENSMFAG00000040555	ortholog_one2one	1	98.1723
Tlk2	ENSMUSG00000020694	TLK2	ENSMFAG00000036106	ortholog_one2one	1	99.4667
Tll1	ENSMUSG00000053626	TLL1	ENSMFAG00000001125	ortholog_one2one	1	93.6821
Tll2	ENSMUSG00000025013	TLL2	ENSMFAG00000002794	ortholog_one2one	1	90.1186
Tln1	ENSMUSG00000028465	TLN1	ENSMFAG00000043244	ortholog_one2one	1	98.4258
Tln2	ENSMUSG00000052698	TLN2	ENSMFAG00000003975	ortholog_one2one	1	98.4658
Tlr1	ENSMUSG00000044827	TLR1	ENSMFAG00000029809	ortholog_one2one	1	73.2076
Tlr2	ENSMUSG00000027995	TLR2	ENSMFAG00000012822	ortholog_one2one	1	70.7908
Tlr3	ENSMUSG00000031639	TLR3	ENSMFAG00000046274	ortholog_one2one	1	79.2265
Tlr5	ENSMUSG00000079164	TLR5	ENSMFAG00000029363	ortholog_one2one	1	71.5922
Tlr6	ENSMUSG00000051498	TLR6	ENSMFAG00000002517	ortholog_one2one	1	74.2138
Tlr7	ENSMUSG00000044583	TLR7	ENSMFAG00000045577	ortholog_one2one	1	80.2857
Tlr8	ENSMUSG00000040522	TLR8	ENSMFAG00000002437	ortholog_one2one	1	70.9302
Tlr9	ENSMUSG00000045322	TLR9	ENSMFAG00000036170	ortholog_one2one	1	74.4186
Tlx1	ENSMUSG00000025215	TLX1	ENSMFAG00000045878	ortholog_one2one	1	75.6757
Tlx2	ENSMUSG00000068327	TLX2	ENSMFAG00000062580	ortholog_one2one	1	93.3099
Tlx3	ENSMUSG00000040610	TLX3	ENSMFAG00000048247	ortholog_one2one	1	99.3127
Tm2d1	ENSMUSG00000028563	TM2D1	ENSMFAG00000040223	ortholog_one2one	1	78.3654
Tm2d2	ENSMUSG00000031556	TM2D2	ENSMFAG00000038805	ortholog_one2one	1	91.0798
Tm2d3	ENSMUSG00000078681	TM2D3	ENSMFAG00000021961	ortholog_one2one	1	65.4762
Tm4sf19	ENSMUSG00000079625	TM4SF19	ENSMFAG00000001963	ortholog_one2one	1	80.0971
Tm4sf20	ENSMUSG00000026149	TM4SF20	ENSMFAG00000034425	ortholog_one2one	1	75.6637
Tm4sf5	ENSMUSG00000018919	TM4SF5	ENSMFAG00000038141	ortholog_one2one	1	82.6531
Tm6sf1	ENSMUSG00000038623	TM6SF1	ENSMFAG00000036327	ortholog_one2one	1	88.6487
Tm6sf2	ENSMUSG00000036151	TM6SF2	ENSMFAG00000006917	ortholog_one2one	1	79.8942
Tm7sf3	ENSMUSG00000040234	TM7SF3	ENSMFAG00000041364	ortholog_one2one	1	78.938
Tm9sf2	ENSMUSG00000025544	TM9SF2	ENSMFAG00000044415	ortholog_one2one	1	94.5619
Tm9sf3	ENSMUSG00000025016	TM9SF3	ENSMFAG00000002926	ortholog_one2one	1	99.4889
Tm9sf4	ENSMUSG00000068040	TM9SF4	ENSMFAG00000038035	ortholog_one2one	1	96.7341
Tma7	ENSMUSG00000091537	TMA7	ENSMFAG00000006665	ortholog_one2one	1	63.6364
Tmbim1	ENSMUSG00000006301	TMBIM1	ENSMFAG00000022782	ortholog_one2one	1	89.9676
Tmbim4	ENSMUSG00000020225	TMBIM4	ENSMFAG00000030463	ortholog_one2one	1	74.7899
Tmc1	ENSMUSG00000024749	TMC1	ENSMFAG00000042108	ortholog_one2one	1	95.3765
Tmc2	ENSMUSG00000060332	TMC2	ENSMFAG00000044034	ortholog_one2one	1	83.5586
Tmc3	ENSMUSG00000038540	TMC3	ENSMFAG00000034546	ortholog_one2one	1	81.1989
Tmc4	ENSMUSG00000019734	TMC4	ENSMFAG00000046120	ortholog_one2one	1	76.0807
Tmc6	ENSMUSG00000025572	TMC6	ENSMFAG00000033740	ortholog_one2one	1	63.5802
Tmc8	ENSMUSG00000050106	TMC8	ENSMFAG00000000368	ortholog_one2one	1	56.8465
Tmcc2	ENSMUSG00000042066	TMCC2	ENSMFAG00000038713	ortholog_one2one	1	94.1926
Tmcc3	ENSMUSG00000020023	TMCC3	ENSMFAG00000000142	ortholog_one2one	1	90.3564
Tmco1	ENSMUSG00000052428	TMCO1	ENSMFAG00000002927	ortholog_one2one	1	100
Tmco2	ENSMUSG00000078577	TMCO2	ENSMFAG00000038683	ortholog_one2one	1	75.9358
Tmco3	ENSMUSG00000038497	TMCO3	ENSMFAG00000040684	ortholog_one2one	1	89.3805
Tmco4	ENSMUSG00000041143	TMCO4	ENSMFAG00000032313	ortholog_one2one	1	82.4089
Tmco5	ENSMUSG00000027355	TMCO5A	ENSMFAG00000045218	ortholog_one2one	1	67.9868
Tmco6	ENSMUSG00000006850	TMCO6	ENSMFAG00000034339	ortholog_one2one	1	82.1862
Tmed1	ENSMUSG00000032180	TMED1	ENSMFAG00000045362	ortholog_one2one	1	95.5947
Tmed10	ENSMUSG00000021248	TMED10	ENSMFAG00000031081	ortholog_one2one	1	92.2374
Tmed2	ENSMUSG00000029390	TMED2	ENSMFAG00000039002	ortholog_one2one	1	99.005
Tmed3	ENSMUSG00000032353	TMED3	ENSMFAG00000037809	ortholog_one2one	1	90.0452
Tmed4	ENSMUSG00000004394	TMED4	ENSMFAG00000035764	ortholog_one2one	1	94.7137
Tmed5	ENSMUSG00000063406	TMED5	ENSMFAG00000039021	ortholog_one2one	1	89.5197
Tmed6	ENSMUSG00000031919	TMED6	ENSMFAG00000032234	ortholog_one2one	1	77.8243
Tmed8	ENSMUSG00000034111	TMED8	ENSMFAG00000065637	ortholog_one2one	1	84.3558
Tmed9	ENSMUSG00000058569	TMED9	ENSMFAG00000062432	ortholog_one2one	1	94.4681
Tmeff1	ENSMUSG00000028347	TMEFF1	ENSMFAG00000007545	ortholog_one2one	1	82.7957
Tmeff2	ENSMUSG00000026109	TMEFF2	ENSMFAG00000031535	ortholog_one2one	1	98.9305
Tmem100	ENSMUSG00000069763	TMEM100	ENSMFAG00000049474	ortholog_one2one	1	85.0746
Tmem101	ENSMUSG00000020921	TMEM101	ENSMFAG00000033408	ortholog_one2one	1	98.0545
Tmem102	ENSMUSG00000089876	TMEM102	ENSMFAG00000032693	ortholog_one2one	1	75.442
Tmem104	ENSMUSG00000045980	TMEM104	ENSMFAG00000043806	ortholog_one2one	1	81.4516
Tmem106a	ENSMUSG00000034947	TMEM106A	ENSMFAG00000031972	ortholog_one2one	1	68.5824
Tmem106c	ENSMUSG00000052369	TMEM106C	ENSMFAG00000036419	ortholog_one2one	1	76.5385
Tmem107	ENSMUSG00000020895	TMEM107	ENSMFAG00000033067	ortholog_one2one	1	87.1429
Tmem108	ENSMUSG00000042757	TMEM108	ENSMFAG00000031966	ortholog_one2one	1	75.2613
Tmem109	ENSMUSG00000034659	TMEM109	ENSMFAG00000000546	ortholog_one2one	1	75.3086
Tmem114	ENSMUSG00000022715	TMEM114	ENSMFAG00000014072	ortholog_one2one	1	86.036
Tmem115	ENSMUSG00000010045	TMEM115	ENSMFAG00000036593	ortholog_one2one	1	94.5714
Tmem116	ENSMUSG00000029452	TMEM116	ENSMFAG00000043255	ortholog_one2one	1	59.3407
Tmem117	ENSMUSG00000063296	TMEM117	ENSMFAG00000037752	ortholog_one2one	1	96.1089
Tmem119	ENSMUSG00000054675	TMEM119	ENSMFAG00000063201	ortholog_one2one	1	68.2143
Tmem120b	ENSMUSG00000054434	TMEM120B	ENSMFAG00000003634	ortholog_one2one	1	86.4307
Tmem125	ENSMUSG00000050854	TMEM125	ENSMFAG00000061336	ortholog_one2one	1	51.8519
Tmem126a	ENSMUSG00000030615	TMEM126A	ENSMFAG00000000919	ortholog_one2one	1	69.3878
Tmem127	ENSMUSG00000034850	TMEM127	ENSMFAG00000035479	ortholog_one2one	1	97.479
Tmem129	ENSMUSG00000019295	TMEM129	ENSMFAG00000000493	ortholog_one2one	1	88.3978
Tmem131	ENSMUSG00000026116	TMEM131	ENSMFAG00000041529	ortholog_one2one	1	86.3612
Tmem131l	ENSMUSG00000033767	TMEM131L	ENSMFAG00000002070	ortholog_one2one	1	77.583
Tmem132b	ENSMUSG00000070498	TMEM132B	ENSMFAG00000006929	ortholog_one2one	1	85.1577
Tmem132d	ENSMUSG00000034310	TMEM132D	ENSMFAG00000001610	ortholog_one2one	1	83.0447
Tmem132e	ENSMUSG00000020701	TMEM132E	ENSMFAG00000002538	ortholog_one2one	1	92.5512
Tmem134	ENSMUSG00000024845	TMEM134	ENSMFAG00000030408	ortholog_one2one	1	92.8205
Tmem135	ENSMUSG00000039428	TMEM135	ENSMFAG00000016730	ortholog_one2one	1	92.1397
Tmem138	ENSMUSG00000024666	TMEM138	ENSMFAG00000046357	ortholog_one2one	1	54.2222
Tmem140	ENSMUSG00000057137	TMEM140	ENSMFAG00000053923	ortholog_one2one	1	62.1622
Tmem141	ENSMUSG00000026939	TMEM141	ENSMFAG00000030006	ortholog_one2one	1	81.4815
Tmem144	ENSMUSG00000027956	TMEM144	ENSMFAG00000036003	ortholog_one2one	1	85.3448
Tmem145	ENSMUSG00000043843	TMEM145	ENSMFAG00000037390	ortholog_one2one	1	80.7947
Tmem147	ENSMUSG00000006315	TMEM147	ENSMFAG00000038699	ortholog_one2one	1	99.5536
Tmem150a	ENSMUSG00000055912	TMEM150A	ENSMFAG00000003805	ortholog_one2one	1	90.7749
Tmem150b	ENSMUSG00000046456	TMEM150B	ENSMFAG00000032979	ortholog_one2one	1	68.9076
Tmem150c	ENSMUSG00000050640	TMEM150C	ENSMFAG00000047550	ortholog_one2one	1	95.5823
Tmem156	ENSMUSG00000037913	TMEM156	ENSMFAG00000043228	ortholog_one2one	1	50.1558
Tmem158	ENSMUSG00000054871	TMEM158	ENSMFAG00000050477	ortholog_one2one	1	69.5804
Tmem161a	ENSMUSG00000002342	TMEM161A	ENSMFAG00000043553	ortholog_one2one	1	82.2917
Tmem161b	ENSMUSG00000035762	TMEM161B	ENSMFAG00000043023	ortholog_one2many	1	89.3224
Tmem163	ENSMUSG00000026347	TMEM163	ENSMFAG00000004027	ortholog_one2one	1	88.5417
Tmem164	ENSMUSG00000047045	TMEM164	ENSMFAG00000031419	ortholog_one2one	1	95.2703
Tmem165	ENSMUSG00000029234	TMEM165	ENSMFAG00000034541	ortholog_one2one	1	75.8514
Tmem169	ENSMUSG00000026188	TMEM169	ENSMFAG00000055690	ortholog_one2one	1	89.899
Tmem17	ENSMUSG00000049904	TMEM17	ENSMFAG00000063543	ortholog_one2one	1	80.303
Tmem170	ENSMUSG00000031953	TMEM170A	ENSMFAG00000051686	ortholog_one2one	1	80.5556
Tmem170b	ENSMUSG00000087370	TMEM170B	ENSMFAG00000040300	ortholog_one2one	1	97.7273
Tmem171	ENSMUSG00000052485	TMEM171	ENSMFAG00000032334	ortholog_one2one	1	71.2074
Tmem174	ENSMUSG00000046082	TMEM174	ENSMFAG00000002335	ortholog_one2one	1	81.07
Tmem175	ENSMUSG00000013495	TMEM175	ENSMFAG00000041960	ortholog_one2one	1	81.3627
Tmem176b	ENSMUSG00000029810	TMEM176B	ENSMFAG00000044472	ortholog_one2one	1	54.3726
Tmem177	ENSMUSG00000036975	TMEM177	ENSMFAG00000049249	ortholog_one2one	1	80.7074
Tmem178	ENSMUSG00000024245	TMEM178A	ENSMFAG00000033305	ortholog_one2one	1	88.8889
Tmem178b	ENSMUSG00000057716	TMEM178B	ENSMFAG00000043984	ortholog_one2one	1	100
Tmem179	ENSMUSG00000054013	TMEM179	ENSMFAG00000039506	ortholog_one2one	1	93.133
Tmem179b	ENSMUSG00000118346	TMEM179B	ENSMFAG00000037362	ortholog_one2one	1	80.8219
Tmem18	ENSMUSG00000043061	TMEM18	ENSMFAG00000060951	ortholog_one2one	1	79.2857
Tmem181a	ENSMUSG00000038141	TMEM181	ENSMFAG00000003593	ortholog_one2one	1	90.2954
Tmem182	ENSMUSG00000079588	TMEM182	ENSMFAG00000036897	ortholog_one2one	1	89.5197
Tmem183a	ENSMUSG00000042305	TMEM183A	ENSMFAG00000034100	ortholog_one2one	1	89.8667
Tmem184a	ENSMUSG00000036687	TMEM184A	ENSMFAG00000039277	ortholog_one2one	1	75.7647
Tmem184c	ENSMUSG00000031617	TMEM184C	ENSMFAG00000039107	ortholog_one2one	1	54.3408
Tmem185b	ENSMUSG00000098923	TMEM185B	ENSMFAG00000016061	ortholog_one2one	1	96.2857
Tmem186	ENSMUSG00000043140	TMEM186	ENSMFAG00000030183	ortholog_one2one	1	69.9074
Tmem19	ENSMUSG00000069520	TMEM19	ENSMFAG00000033955	ortholog_one2one	1	86.9048
Tmem190	ENSMUSG00000013091	TMEM190	ENSMFAG00000031628	ortholog_one2one	1	71.6867
Tmem191	ENSMUSG00000055692	TMEM191C	ENSMFAG00000044383	ortholog_one2one	1	61.5894
Tmem192	ENSMUSG00000025521	TMEM192	ENSMFAG00000039396	ortholog_one2one	1	77.0677
Tmem198	ENSMUSG00000051703	TMEM198	ENSMFAG00000037512	ortholog_one2one	1	97.2222
Tmem199	ENSMUSG00000051232	TMEM199	ENSMFAG00000027349	ortholog_one2one	1	89.4231
Tmem200a	ENSMUSG00000049420	TMEM200A	ENSMFAG00000030288	ortholog_one2one	1	89.8167
Tmem200b	ENSMUSG00000070720	TMEM200B	ENSMFAG00000038738	ortholog_one2one	1	81.338
Tmem201	ENSMUSG00000044700	TMEM201	ENSMFAG00000046272	ortholog_one2one	1	82.3795
Tmem203	ENSMUSG00000078201	TMEM203	ENSMFAG00000060923	ortholog_one2one	1	98.5294
Tmem204	ENSMUSG00000024168	TMEM204	ENSMFAG00000032333	ortholog_one2one	1	87.6106
Tmem205	ENSMUSG00000040883	TMEM205	ENSMFAG00000035635	ortholog_one2one	1	77.7778
Tmem207	ENSMUSG00000091972	TMEM207	ENSMFAG00000001349	ortholog_one2one	1	63.6364
Tmem208	ENSMUSG00000014856	TMEM208	ENSMFAG00000042618	ortholog_one2one	1	66.9355
Tmem209	ENSMUSG00000029782	TMEM209	ENSMFAG00000046068	ortholog_one2one	1	94.2959
Tmem210	ENSMUSG00000026963	TMEM210	ENSMFAG00000037356	ortholog_one2one	1	71.4286
Tmem212	ENSMUSG00000043164	TMEM212	ENSMFAG00000001516	ortholog_one2one	1	74.8663
Tmem213	ENSMUSG00000029829	TMEM213	ENSMFAG00000052877	ortholog_one2one	1	57.4803
Tmem215	ENSMUSG00000046593	TMEM215	ENSMFAG00000024179	ortholog_one2one	1	94.0426
Tmem216	ENSMUSG00000024667	TMEM216	ENSMFAG00000043498	ortholog_one2one	1	92.9078
Tmem218	ENSMUSG00000032121	TMEM218	ENSMFAG00000035993	ortholog_one2one	1	81.7391
Tmem219	ENSMUSG00000060538	TMEM219	ENSMFAG00000000244	ortholog_one2one	1	82.5
Tmem222	ENSMUSG00000028857	TMEM222	ENSMFAG00000003393	ortholog_one2one	1	86.0577
Tmem223	ENSMUSG00000117924	TMEM223	ENSMFAG00000030143	ortholog_one2one	1	74.3719
Tmem229b	ENSMUSG00000046157	TMEM229B	ENSMFAG00000048154	ortholog_one2one	1	95.2096
Tmem230	ENSMUSG00000027341	TMEM230	ENSMFAG00000058913	ortholog_one2one	1	96.6667
Tmem231	ENSMUSG00000031951	TMEM231	ENSMFAG00000041367	ortholog_one2one	1	77.7778
Tmem233	ENSMUSG00000079278	TMEM233	ENSMFAG00000064866	ortholog_one2one	1	84.5455
Tmem235	ENSMUSG00000070330	TMEM235	ENSMFAG00000052430	ortholog_one2one	1	73.9336
Tmem237	ENSMUSG00000038079	TMEM237	ENSMFAG00000039637	ortholog_one2one	1	73.2426
Tmem239	ENSMUSG00000049692	TMEM239	ENSMFAG00000034564	ortholog_one2one	1	85.4305
Tmem240	ENSMUSG00000084845	TMEM240	ENSMFAG00000001305	ortholog_one2one	1	91.3295
Tmem241	ENSMUSG00000049411	TMEM241	ENSMFAG00000031030	ortholog_one2one	1	81.1448
Tmem242	ENSMUSG00000004945	TMEM242	ENSMFAG00000001188	ortholog_one2one	1	74.2857
Tmem243	ENSMUSG00000079659	TMEM243	ENSMFAG00000004736	ortholog_one2one	1	96.6102
Tmem245	ENSMUSG00000055296	TMEM245	ENSMFAG00000026452	ortholog_one2one	1	92.74
Tmem247	ENSMUSG00000037689	TMEM247	ENSMFAG00000002875	ortholog_one2one	1	69.6682
Tmem248	ENSMUSG00000053094	TMEM248	ENSMFAG00000041238	ortholog_one2one	1	94.9045
Tmem25	ENSMUSG00000002032	TMEM25	ENSMFAG00000041848	ortholog_one2one	1	87.9452
Tmem252	ENSMUSG00000048572	TMEM252	ENSMFAG00000062896	ortholog_one2one	1	60.1093
Tmem253	ENSMUSG00000072571	TMEM253	ENSMFAG00000000773	ortholog_one2one	1	72.0588
Tmem255b	ENSMUSG00000038457	TMEM255B	ENSMFAG00000002078	ortholog_one2one	1	68.2927
Tmem256	ENSMUSG00000070394	TMEM256	ENSMFAG00000039608	ortholog_one2one	1	89.3805
Tmem259	ENSMUSG00000013858	TMEM259	ENSMFAG00000038333	ortholog_one2one	1	56.0976
Tmem26	ENSMUSG00000060044	TMEM26	ENSMFAG00000035704	ortholog_one2one	1	68.5792
Tmem260	ENSMUSG00000036339	TMEM260	ENSMFAG00000040523	ortholog_one2one	1	83.357
Tmem266	ENSMUSG00000032313	TMEM266	ENSMFAG00000027682	ortholog_one2one	1	81.0409
Tmem268	ENSMUSG00000045917	TMEM268	ENSMFAG00000041867	ortholog_one2one	1	88.3041
Tmem270	ENSMUSG00000040576	TMEM270	ENSMFAG00000045782	ortholog_one2one	1	57.9545
Tmem30a	ENSMUSG00000032328	TMEM30A	ENSMFAG00000036109	ortholog_one2one	1	88.1868
Tmem33	ENSMUSG00000037720	TMEM33	ENSMFAG00000043209	ortholog_one2one	1	97.5708
Tmem35a	ENSMUSG00000033578	TMEM35A	ENSMFAG00000044929	ortholog_one2one	1	97.006
Tmem37	ENSMUSG00000050777	TMEM37	ENSMFAG00000028075	ortholog_one2one	1	69.6682
Tmem38a	ENSMUSG00000031791	TMEM38A	ENSMFAG00000035712	ortholog_one2one	1	91.6107
Tmem39a	ENSMUSG00000002845	TMEM39A	ENSMFAG00000046062	ortholog_one2one	1	95.679
Tmem39b	ENSMUSG00000053730	TMEM39B	ENSMFAG00000036558	ortholog_one2one	1	96.1382
Tmem40	ENSMUSG00000059900	TMEM40	ENSMFAG00000039365	ortholog_one2one	1	81
Tmem41b	ENSMUSG00000047554	TMEM41B	ENSMFAG00000003002	ortholog_one2one	1	89.3471
Tmem43	ENSMUSG00000030095	TMEM43	ENSMFAG00000047872	ortholog_one2one	1	87.5
Tmem44	ENSMUSG00000022537	TMEM44	ENSMFAG00000029965	ortholog_one2one	1	76.9053
Tmem45a	ENSMUSG00000022754	TMEM45A	ENSMFAG00000004074	ortholog_one2many	1	57.1429
Tmem45b	ENSMUSG00000041737	TMEM45B	ENSMFAG00000036201	ortholog_one2one	1	79.8561
Tmem47	ENSMUSG00000025666	TMEM47	ENSMFAG00000000603	ortholog_one2one	1	98.895
Tmem50a	ENSMUSG00000028822	TMEM50A	ENSMFAG00000033857	ortholog_one2one	1	94.9045
Tmem50b	ENSMUSG00000022964	TMEM50B	ENSMFAG00000057725	ortholog_one2many	1	98.1013
Tmem51	ENSMUSG00000040616	TMEM51	ENSMFAG00000031613	ortholog_one2one	1	84.3373
Tmem52b	ENSMUSG00000030160	TMEM52B	ENSMFAG00000044912	ortholog_one2one	1	76.3441
Tmem53	ENSMUSG00000048772	TMEM53	ENSMFAG00000036823	ortholog_one2one	1	86.5942
Tmem54	ENSMUSG00000028786	TMEM54	ENSMFAG00000001257	ortholog_one2one	1	73.0594
Tmem59	ENSMUSG00000028618	TMEM59	ENSMFAG00000033134	ortholog_one2one	1	93.1889
Tmem60	ENSMUSG00000045435	TMEM60	ENSMFAG00000051170	ortholog_one2one	1	99.2481
Tmem63c	ENSMUSG00000034145	TMEM63C	ENSMFAG00000003447	ortholog_one2one	1	84.0399
Tmem64	ENSMUSG00000043252	TMEM64	ENSMFAG00000032042	ortholog_one2one	1	88.9764
Tmem67	ENSMUSG00000049488	TMEM67	ENSMFAG00000002808	ortholog_one2one	1	81.1492
Tmem70	ENSMUSG00000025940	TMEM70	ENSMFAG00000062169	ortholog_one2one	1	60.8696
Tmem71	ENSMUSG00000036944	TMEM71	ENSMFAG00000046077	ortholog_one2one	1	64.8084
Tmem72	ENSMUSG00000048108	TMEM72	ENSMFAG00000041197	ortholog_one2one	1	84
Tmem74	ENSMUSG00000054409	TMEM74	ENSMFAG00000030150	ortholog_one2one	1	76.7213
Tmem74b	ENSMUSG00000044364	TMEM74B	ENSMFAG00000037644	ortholog_one2one	1	90.9483
Tmem74bos	ENSMUSG00000087035	C20orf202	ENSMFAG00000031425	ortholog_one2one	1	74.4898
Tmem79	ENSMUSG00000001420	TMEM79	ENSMFAG00000002046	ortholog_one2one	1	83.1202
Tmem82	ENSMUSG00000043085	TMEM82	ENSMFAG00000044352	ortholog_one2one	1	71.0674
Tmem86a	ENSMUSG00000010307	TMEM86A	ENSMFAG00000060167	ortholog_one2one	1	90.0415
Tmem88	ENSMUSG00000045377	TMEM88	ENSMFAG00000002896	ortholog_one2one	1	88.6792
Tmem89	ENSMUSG00000025652	TMEM89	ENSMFAG00000041206	ortholog_one2one	1	54.4379
Tmem8b	ENSMUSG00000078716	TMEM8B	ENSMFAG00000002135	ortholog_one2one	1	84.1176
Tmem9	ENSMUSG00000026411	TMEM9	ENSMFAG00000041944	ortholog_one2one	1	97.2678
Tmem94	ENSMUSG00000020747	TMEM94	ENSMFAG00000003142	ortholog_one2one	1	94.7059
Tmem95	ENSMUSG00000094845	TMEM95	ENSMFAG00000028065	ortholog_one2one	1	63.6364
Tmem98	ENSMUSG00000035413	TMEM98	ENSMFAG00000000693	ortholog_one2one	1	98.6726
Tmem9b	ENSMUSG00000031021	TMEM9B	ENSMFAG00000044858	ortholog_one2one	1	94.9749
Tmf1	ENSMUSG00000030059	TMF1	ENSMFAG00000037002	ortholog_one2one	1	87.8093
Tmie	ENSMUSG00000049555	TMIE	ENSMFAG00000002874	ortholog_one2one	1	84.3137
Tmigd1	ENSMUSG00000020839	TMIGD1	ENSMFAG00000042486	ortholog_one2one	1	69.3487
Tmod3	ENSMUSG00000058587	TMOD3	ENSMFAG00000045173	ortholog_one2one	1	90.3409
Tmppe	ENSMUSG00000079260	TMPPE	ENSMFAG00000061512	ortholog_one2one	1	85.6823
Tmprss11a	ENSMUSG00000072845	TMPRSS11A	ENSMFAG00000039434	ortholog_one2one	1	70.437
Tmprss11d	ENSMUSG00000061259	TMPRSS11D	ENSMFAG00000035772	ortholog_one2one	1	66.187
Tmprss12	ENSMUSG00000045631	TMPRSS12	ENSMFAG00000015375	ortholog_one2one	1	58.631
Tmprss13	ENSMUSG00000037129	TMPRSS13	ENSMFAG00000035915	ortholog_one2one	1	85.0365
Tmprss2	ENSMUSG00000000385	TMPRSS2	ENSMFAG00000044952	ortholog_one2one	1	77.7551
Tmprss3	ENSMUSG00000024034	TMPRSS3	ENSMFAG00000003673	ortholog_one2one	1	85.0526
Tmprss6	ENSMUSG00000016942	TMPRSS6	ENSMFAG00000035751	ortholog_one2one	1	80.8511
Tmprss7	ENSMUSG00000033177	TMPRSS7	ENSMFAG00000043039	ortholog_one2one	1	88.9023
Tmt1a	ENSMUSG00000054619	TMT1A	ENSMFAG00000031547	ortholog_one2many	1	83.6066
Tmt1a2	ENSMUSG00000056487	TMT1A	ENSMFAG00000031547	ortholog_one2many	1	78.2787
Tmt1a3	ENSMUSG00000058057	TMT1A	ENSMFAG00000031547	ortholog_one2many	1	77.8689
Tmt1b	ENSMUSG00000025347	TMT1B	ENSMFAG00000041138	ortholog_one2one	1	84.4262
Tmtc1	ENSMUSG00000030306	TMTC1	ENSMFAG00000033192	ortholog_one2one	1	88.4289
Tmtc2	ENSMUSG00000036019	TMTC2	ENSMFAG00000038030	ortholog_one2one	1	95.6938
Tmtc3	ENSMUSG00000036676	TMTC3	ENSMFAG00000046285	ortholog_one2one	1	89.6739
Tmtc4	ENSMUSG00000041594	TMTC4	ENSMFAG00000044014	ortholog_one2one	1	90.5533
Tmub2	ENSMUSG00000034757	TMUB2	ENSMFAG00000043169	ortholog_one2one	1	84.6395
Tmx1	ENSMUSG00000021072	TMX1	ENSMFAG00000042769	ortholog_one2one	1	76.9784
Tmx2	ENSMUSG00000050043	TMX2	ENSMFAG00000003159	ortholog_one2one	1	93.2203
Tmx4	ENSMUSG00000034723	TMX4	ENSMFAG00000043422	ortholog_one2one	1	83.8806
Tnc	ENSMUSG00000028364	TNC	ENSMFAG00000001848	ortholog_one2one	1	87.5186
Tnf	ENSMUSG00000024401	TNF	ENSMFAG00000040286	ortholog_one2one	1	60
Tnfaip1	ENSMUSG00000017615	TNFAIP1	ENSMFAG00000033389	ortholog_one2one	1	97.1519
Tnfaip2	ENSMUSG00000021281	TNFAIP2	ENSMFAG00000040536	ortholog_one2one	1	73.0825
Tnfaip3	ENSMUSG00000019850	TNFAIP3	ENSMFAG00000000326	ortholog_one2one	1	86.1936
Tnfaip6	ENSMUSG00000053475	TNFAIP6	ENSMFAG00000000925	ortholog_one2one	1	89.8182
Tnfaip8	ENSMUSG00000062210	TNFAIP8	ENSMFAG00000042688	ortholog_one2one	1	94.6809
Tnfaip8l1	ENSMUSG00000044469	TNFAIP8L1	ENSMFAG00000060730	ortholog_one2one	1	55.914
Tnfrsf11a	ENSMUSG00000026321	TNFRSF11A	ENSMFAG00000035682	ortholog_one2one	1	52.96
Tnfrsf11b	ENSMUSG00000063727	TNFRSF11B	ENSMFAG00000040874	ortholog_one2one	1	86.2843
Tnfrsf12a	ENSMUSG00000023905	TNFRSF12A	ENSMFAG00000038242	ortholog_one2one	1	55.0388
Tnfrsf17	ENSMUSG00000022496	TNFRSF17	ENSMFAG00000006954	ortholog_one2one	1	61.0811
Tnfrsf19	ENSMUSG00000060548	TNFRSF19	ENSMFAG00000008116	ortholog_one2one	1	69.9519
Tnfrsf1a	ENSMUSG00000030341	TNFRSF1A	ENSMFAG00000042238	ortholog_one2one	1	58.8106
Tnfrsf1b	ENSMUSG00000028599	TNFRSF1B	ENSMFAG00000043313	ortholog_one2one	1	61.6034
Tnfrsf21	ENSMUSG00000023915	TNFRSF21	ENSMFAG00000043845	ortholog_one2one	1	89.1603
Tnfsf10	ENSMUSG00000039304	TNFSF10	ENSMFAG00000002428	ortholog_one2one	1	62.1993
Tnfsf11	ENSMUSG00000022015	TNFSF11	ENSMFAG00000057769	ortholog_one2one	1	83.5443
Tnfsf12	ENSMUSG00000097328	TNFSF12	ENSMFAG00000002034	ortholog_one2one	1	85.1406
Tnfsf13	ENSMUSG00000089669	TNFSF13	ENSMFAG00000039025	ortholog_one2one	1	77.0833
Tnfsf13b	ENSMUSG00000031497	TNFSF13B	ENSMFAG00000032565	ortholog_one2one	1	60.5178
Tnfsf14	ENSMUSG00000005824	TNFSF14	ENSMFAG00000003750	ortholog_one2one	1	77.4059
Tnfsf15	ENSMUSG00000050395	TNFSF15	ENSMFAG00000000937	ortholog_one2one	1	61.8519
Tnfsf8	ENSMUSG00000028362	TNFSF8	ENSMFAG00000032731	ortholog_one2one	1	68.2008
Tnik	ENSMUSG00000027692	TNIK	ENSMFAG00000039273	ortholog_one2one	1	98.3708
Tnip2	ENSMUSG00000059866	TNIP2	ENSMFAG00000003617	ortholog_one2one	1	68.1395
Tnk1	ENSMUSG00000001583	TNK1	ENSMFAG00000031134	ortholog_one2one	1	82.4324
Tnk2	ENSMUSG00000022791	TNK2	ENSMFAG00000046083	ortholog_one2one	1	85.9142
Tnks1bp1	ENSMUSG00000033955	TNKS1BP1	ENSMFAG00000040584	ortholog_one2one	1	70.814
Tnks2	ENSMUSG00000024811	TNKS2	ENSMFAG00000001030	ortholog_one2one	1	93.3051
Tnmd	ENSMUSG00000031250	TNMD	ENSMFAG00000002133	ortholog_one2one	1	96.8454
Tnn	ENSMUSG00000026725	TNN	ENSMFAG00000001813	ortholog_one2one	1	67.6923
Tnnc1	ENSMUSG00000091898	TNNC1	ENSMFAG00000034519	ortholog_one2one	1	100
Tnnc2	ENSMUSG00000017300	TNNC2	ENSMFAG00000037927	ortholog_one2one	1	95
Tnni1	ENSMUSG00000026418	TNNI1	ENSMFAG00000037331	ortholog_one2one	1	97.861
Tnni2	ENSMUSG00000031097	TNNI2	ENSMFAG00000039833	ortholog_one2one	1	95.6044
Tnni3k	ENSMUSG00000040086	TNNI3K	ENSMFAG00000001777	ortholog_one2one	1	90.048
Tnnt2	ENSMUSG00000026414	TNNT2	ENSMFAG00000003567	ortholog_one2one	1	81.4126
Tnnt3	ENSMUSG00000061723	TNNT3	ENSMFAG00000038686	ortholog_one2one	1	79.5858
Tnpo1	ENSMUSG00000009470	TNPO1	ENSMFAG00000003636	ortholog_one2one	1	99.6629
Tnpo3	ENSMUSG00000012535	TNPO3	ENSMFAG00000032385	ortholog_one2one	1	54.6045
Tnr	ENSMUSG00000015829	TNR	ENSMFAG00000038286	ortholog_one2one	1	93.5935
Tnrc6a	ENSMUSG00000052707	TNRC6A	ENSMFAG00000003824	ortholog_one2one	1	94.673
Tnrc6b	ENSMUSG00000047888	TNRC6B	ENSMFAG00000003862	ortholog_one2one	1	96.0221
Tnrc6c	ENSMUSG00000025571	TNRC6C	ENSMFAG00000043943	ortholog_one2one	1	86.7895
Tns1	ENSMUSG00000055322	TNS1	ENSMFAG00000041004	ortholog_one2one	1	86.5279
Tns2	ENSMUSG00000037003	TNS2	ENSMFAG00000032151	ortholog_one2one	1	85.1429
Tns3	ENSMUSG00000020422	TNS3	ENSMFAG00000039404	ortholog_one2one	1	76.3373
Tns4	ENSMUSG00000017607	TNS4	ENSMFAG00000001585	ortholog_one2one	1	76.5805
Tob1	ENSMUSG00000037573	TOB1	ENSMFAG00000025713	ortholog_one2one	1	91.989
Tob2	ENSMUSG00000048546	TOB2	ENSMFAG00000019801	ortholog_one2one	1	88.4058
Toe1	ENSMUSG00000028688	TOE1	ENSMFAG00000042312	ortholog_one2one	1	81.6047
Togaram1	ENSMUSG00000035614	TOGARAM1	ENSMFAG00000041007	ortholog_one2one	1	86.4302
Togaram2	ENSMUSG00000045761	TOGARAM2	ENSMFAG00000038248	ortholog_one2one	1	71.6567
Tom1	ENSMUSG00000042870	TOM1	ENSMFAG00000002824	ortholog_one2one	1	81.9106
Tom1l1	ENSMUSG00000020541	TOM1L1	ENSMFAG00000044267	ortholog_one2one	1	80.5907
Tom1l2	ENSMUSG00000000538	TOM1L2	ENSMFAG00000002679	ortholog_one2one	1	86.3529
Tomm20l	ENSMUSG00000021078	TOMM20L	ENSMFAG00000036395	ortholog_one2one	1	57.8947
Tomm22	ENSMUSG00000022427	TOMM22	ENSMFAG00000044855	ortholog_one2one	1	94.3662
Tomm34	ENSMUSG00000018322	TOMM34	ENSMFAG00000042107	ortholog_one2one	1	64.7482
Tomm40	ENSMUSG00000002984	TOMM40	ENSMFAG00000002407	ortholog_one2one	1	93.6288
Tomm40l	ENSMUSG00000005674	TOMM40L	ENSMFAG00000013716	ortholog_one2one	1	97.4026
Tomm6	ENSMUSG00000033475	TOMM6	ENSMFAG00000028918	ortholog_one2one	1	54.0541
Tomm70a	ENSMUSG00000022752	TOMM70	ENSMFAG00000039250	ortholog_one2one	1	85.5974
Tomt	ENSMUSG00000078630	TOMT	ENSMFAG00000046386	ortholog_one2one	1	91.4729
Top1	ENSMUSG00000070544	TOP1	ENSMFAG00000042654	ortholog_one2one	1	97.6532
Top1mt	ENSMUSG00000000934	TOP1MT	ENSMFAG00000035550	ortholog_one2one	1	72.6813
Top2a	ENSMUSG00000020914	TOP2A	ENSMFAG00000002270	ortholog_one2one	1	89.3979
Top2b	ENSMUSG00000017485	TOP2B	ENSMFAG00000043890	ortholog_one2one	1	96.8362
Top3a	ENSMUSG00000002814	TOP3A	ENSMFAG00000044142	ortholog_one2one	1	86.8395
Top3b	ENSMUSG00000022779	TOP3B	ENSMFAG00000036588	ortholog_one2one	1	95.4756
Top6bl	ENSMUSG00000071691	TOP6BL	ENSMFAG00000033611	ortholog_one2one	1	59.5855
Topaz1	ENSMUSG00000094985	TOPAZ1	ENSMFAG00000040339	ortholog_one2one	1	66.6667
Topbp1	ENSMUSG00000032555	TOPBP1	ENSMFAG00000001441	ortholog_one2one	1	77.1617
Topors	ENSMUSG00000036822	TOPORS	ENSMFAG00000000541	ortholog_one2one	1	82.8654
Tor1a	ENSMUSG00000026849	TOR1A	ENSMFAG00000038660	ortholog_one2one	1	90.991
Tor1aip1	ENSMUSG00000026466	TOR1AIP1	ENSMFAG00000031398	ortholog_one2one	1	69.0972
Tor1aip2	ENSMUSG00000050565	TOR1AIP2	ENSMFAG00000042897	ortholog_one2one	1	65.1394
Tor1b	ENSMUSG00000026848	TOR1B	ENSMFAG00000046247	ortholog_one2one	1	88.3929
Tor3a	ENSMUSG00000060519	TOR3A	ENSMFAG00000041376	ortholog_one2one	1	70.3896
Tox	ENSMUSG00000041272	TOX	ENSMFAG00000017703	ortholog_one2one	1	94.2966
Tox2	ENSMUSG00000074607	TOX2	ENSMFAG00000036799	ortholog_one2one	1	88.7129
Tox3	ENSMUSG00000043668	TOX3	ENSMFAG00000032933	ortholog_one2one	1	94.087
Tox4	ENSMUSG00000016831	TOX4	ENSMFAG00000044922	ortholog_one2many	1	95.4766
Tpbg	ENSMUSG00000035274	TPBG	ENSMFAG00000010683	ortholog_one2one	1	82.1596
Tpcn1	ENSMUSG00000032741	TPCN1	ENSMFAG00000035454	ortholog_one2one	1	89.9633
Tpcn2	ENSMUSG00000048677	TPCN2	ENSMFAG00000045821	ortholog_one2one	1	69.357
Tpd52l1	ENSMUSG00000000296	TPD52L1	ENSMFAG00000040169	ortholog_one2one	1	91.0995
Tpd52l2	ENSMUSG00000000827	TPD52L2	ENSMFAG00000032949	ortholog_one2one	1	88.172
Tpgs2	ENSMUSG00000024269	TPGS2	ENSMFAG00000003229	ortholog_one2one	1	84.7973
Tph2	ENSMUSG00000006764	TPH2	ENSMFAG00000035804	ortholog_one2one	1	93.8525
Tpk1	ENSMUSG00000029735	TPK1	ENSMFAG00000035720	ortholog_one2one	1	83.5391
Tpm2	ENSMUSG00000028464	TPM2	ENSMFAG00000002090	ortholog_one2one	1	84.1549
Tpmt	ENSMUSG00000021376	TPMT	ENSMFAG00000032943	ortholog_one2one	1	77.5
Tpp1	ENSMUSG00000030894	TPP1	ENSMFAG00000033375	ortholog_one2one	1	87.3665
Tppp2	ENSMUSG00000008813	TPPP2	ENSMFAG00000001424	ortholog_one2one	1	82.9412
Tppp3	ENSMUSG00000014846	TPPP3	ENSMFAG00000030980	ortholog_one2one	1	97.1591
Tpr	ENSMUSG00000006005	TPR	ENSMFAG00000032525	ortholog_one2one	1	93.8057
Tprg1	ENSMUSG00000048399	TPRG1	ENSMFAG00000056922	ortholog_one2one	1	81.7204
Tprg1l	ENSMUSG00000029030	TPRG1L	ENSMFAG00000037093	ortholog_one2one	1	91.7293
Tpsg1	ENSMUSG00000033200	TPSG1	ENSMFAG00000035519	ortholog_one2one	1	70.418
Tpx2	ENSMUSG00000027469	TPX2	ENSMFAG00000044400	ortholog_one2one	1	77.3154
Tra2a	ENSMUSG00000029817	TRA2A	ENSMFAG00000043211	ortholog_one2one	1	99.2908
Tra2b	ENSMUSG00000022858	TRA2B	ENSMFAG00000042624	ortholog_one2one	1	88.255
Trabd	ENSMUSG00000015363	TRABD	ENSMFAG00000038729	ortholog_one2one	1	92.5532
Trabd2b	ENSMUSG00000070867	TRABD2B	ENSMFAG00000003902	ortholog_one2one	1	77.5629
Traf1	ENSMUSG00000026875	TRAF1	ENSMFAG00000031255	ortholog_one2one	1	85.0856
Traf3	ENSMUSG00000021277	TRAF3	ENSMFAG00000045167	ortholog_one2one	1	96.4727
Traf3ip1	ENSMUSG00000034292	TRAF3IP1	ENSMFAG00000002763	ortholog_one2one	1	71.68
Traf3ip2	ENSMUSG00000019842	TRAF3IP2	ENSMFAG00000002710	ortholog_one2one	1	79.2793
Traf3ip3	ENSMUSG00000037318	TRAF3IP3	ENSMFAG00000003810	ortholog_one2one	1	71.345
Traf4	ENSMUSG00000017386	TRAF4	ENSMFAG00000036809	ortholog_one2one	1	97.234
Traf5	ENSMUSG00000026637	TRAF5	ENSMFAG00000040124	ortholog_one2one	1	80.466
Traf6	ENSMUSG00000027164	TRAF6	ENSMFAG00000040017	ortholog_one2one	1	87.1698
Traf7	ENSMUSG00000052752	TRAF7	ENSMFAG00000045280	ortholog_one2one	1	97.1599
Trafd1	ENSMUSG00000042726	TRAFD1	ENSMFAG00000001263	ortholog_one2one	1	71.3793
Traip	ENSMUSG00000032586	TRAIP	ENSMFAG00000033393	ortholog_one2one	1	78.9362
Trak1	ENSMUSG00000032536	TRAK1	ENSMFAG00000033301	ortholog_one2one	1	88.4297
Trak2	ENSMUSG00000026028	TRAK2	ENSMFAG00000046205	ortholog_one2one	1	81.7087
Tram1	ENSMUSG00000025935	TRAM1	ENSMFAG00000002631	ortholog_one2one	1	93.5829
Tram1l1	ENSMUSG00000044528	TRAM1L1	ENSMFAG00000029724	ortholog_one2one	1	74.3802
Trank1	ENSMUSG00000062296	TRANK1	ENSMFAG00000001558	ortholog_one2one	1	80.3935
Trap1	ENSMUSG00000005981	TRAP1	ENSMFAG00000041269	ortholog_one2one	1	88.102
Trappc1	ENSMUSG00000049299	TRAPPC1	ENSMFAG00000036509	ortholog_one2one	1	98.6207
Trappc10	ENSMUSG00000000374	TRAPPC10	ENSMFAG00000041704	ortholog_one2one	1	89.7456
Trappc11	ENSMUSG00000038102	TRAPPC11	ENSMFAG00000039616	ortholog_one2one	1	92.8508
Trappc12	ENSMUSG00000020628	TRAPPC12	ENSMFAG00000045483	ortholog_one2one	1	55.207
Trappc13	ENSMUSG00000021711	TRAPPC13	ENSMFAG00000042886	ortholog_one2one	1	96.8447
Trappc14	ENSMUSG00000036948	TRAPPC14	ENSMFAG00000031413	ortholog_one2one	1	80.6897
Trappc3	ENSMUSG00000028847	TRAPPC3	ENSMFAG00000038169	ortholog_one2one	1	97.7778
Trappc5	ENSMUSG00000040236	TRAPPC5	ENSMFAG00000004048	ortholog_one2one	1	62.766
Trappc6b	ENSMUSG00000020993	TRAPPC6B	ENSMFAG00000001450	ortholog_one2one	1	94.9367
Trappc8	ENSMUSG00000033382	TRAPPC8	ENSMFAG00000039323	ortholog_one2one	1	92.1364
Trappc9	ENSMUSG00000047921	TRAPPC9	ENSMFAG00000044625	ortholog_one2one	1	92.5373
Trat1	ENSMUSG00000030775	TRAT1	ENSMFAG00000002057	ortholog_one2one	1	68.4492
Trav1	ENSMUSG00000076758	TRAV1-1	ENSMFAG00000026947	ortholog_one2one	1	58.1818
Trav19	ENSMUSG00000076862	TRAV29DV5	ENSMFAG00000005761	ortholog_one2one	1	70.5882
Trav2	ENSMUSG00000076759	TRAV4	ENSMFAG00000057951	ortholog_one2one	1	66.9725
Trav6-1	ENSMUSG00000076762	TRAV9-1	ENSMFAG00000053190	ortholog_many2many	1	56.25
Trav6-7-dv9	ENSMUSG00000095126	TRAV9-2	ENSMFAG00000048728	ortholog_many2many	1	56
Trav7-4	ENSMUSG00000094766	TRAV12-3	ENSMFAG00000018524	ortholog_many2many	1	51.3274
Trav7d-4	ENSMUSG00000094023	TRAV12-3	ENSMFAG00000018524	ortholog_many2many	1	51.3274
Trav8d-2	ENSMUSG00000076795	TRAV17	ENSMFAG00000005530	ortholog_one2many	1	58.9286
Trav8n-2	ENSMUSG00000076821	TRAV17	ENSMFAG00000005530	ortholog_one2many	1	59.8214
Trbv29	ENSMUSG00000076480	TRBV28	ENSMFAG00000024503	ortholog_one2one	1	61.4035
Trdc	ENSMUSG00000104876	TRDC	ENSMFAG00000060322	ortholog_one2one	1	71.8954
Trdmt1	ENSMUSG00000026723	TRDMT1	ENSMFAG00000042379	ortholog_one2one	1	76.8675
Trdn	ENSMUSG00000019787	TRDN	ENSMFAG00000000095	ortholog_one2one	1	69.5527
Trdv2-2	ENSMUSG00000076866	TRAV38-1	ENSMFAG00000009501	ortholog_one2one	1	60.3448
Trdv5	ENSMUSG00000076873	TRDV3	ENSMFAG00000009822	ortholog_one2one	1	53.0435
Treh	ENSMUSG00000032098	TREH	ENSMFAG00000043633	ortholog_one2one	1	76.2153
Trem2	ENSMUSG00000023992	TREM2	ENSMFAG00000031820	ortholog_one2one	1	67.8414
Treml1	ENSMUSG00000023993	TREML1	ENSMFAG00000000750	ortholog_one2one	1	67.5079
Treml2	ENSMUSG00000071068	TREML2	ENSMFAG00000049428	ortholog_one2one	1	51.6717
Trerf1	ENSMUSG00000064043	TRERF1	ENSMFAG00000045736	ortholog_one2one	1	87.6735
Trf	ENSMUSG00000032554	TF	ENSMFAG00000031779	ortholog_one2one	1	73.0273
Trhde	ENSMUSG00000050663	TRHDE	ENSMFAG00000044278	ortholog_one2one	1	95.6848
Trhr	ENSMUSG00000038760	TRHR	ENSMFAG00000031071	ortholog_one2one	1	95.1654
Trib2	ENSMUSG00000020601	TRIB2	ENSMFAG00000042686	ortholog_one2one	1	98.5423
Trib3	ENSMUSG00000032715	TRIB3	ENSMFAG00000040519	ortholog_one2one	1	74.5763
Tril	ENSMUSG00000043496	TRIL	ENSMFAG00000028905	ortholog_one2one	1	87.8863
Trim10	ENSMUSG00000073400	TRIM10	ENSMFAG00000039062	ortholog_one2one	1	83.2311
Trim11	ENSMUSG00000020455	TRIM11	ENSMFAG00000042805	ortholog_one2one	1	89.5075
Trim13	ENSMUSG00000035235	TRIM13	ENSMFAG00000042055	ortholog_one2one	1	88.4521
Trim14	ENSMUSG00000039853	TRIM14	ENSMFAG00000040114	ortholog_one2one	1	76.5909
Trim16	ENSMUSG00000047821	TRIM16	ENSMFAG00000044202	ortholog_one2one	1	79.1367
Trim2	ENSMUSG00000027993	TRIM2	ENSMFAG00000033003	ortholog_one2one	1	99.328
Trim21	ENSMUSG00000030966	TRIM21	ENSMFAG00000003887	ortholog_one2one	1	71.4286
Trim23	ENSMUSG00000021712	TRIM23	ENSMFAG00000000263	ortholog_one2one	1	97.561
Trim24	ENSMUSG00000029833	TRIM24	ENSMFAG00000045630	ortholog_one2one	1	93.117
Trim25	ENSMUSG00000000275	TRIM25	ENSMFAG00000040872	ortholog_one2one	1	72.082
Trim26	ENSMUSG00000024457	TRIM26	ENSMFAG00000029818	ortholog_one2one	1	87.5229
Trim28	ENSMUSG00000005566	TRIM28	ENSMFAG00000046170	ortholog_one2one	1	93.1655
Trim29	ENSMUSG00000032013	TRIM29	ENSMFAG00000032457	ortholog_one2one	1	88.4157
Trim3	ENSMUSG00000036989	TRIM3	ENSMFAG00000019633	ortholog_one2one	1	98.5215
Trim32	ENSMUSG00000051675	TRIM32	ENSMFAG00000012352	ortholog_one2one	1	96.0305
Trim33	ENSMUSG00000033014	TRIM33	ENSMFAG00000041350	ortholog_one2one	1	61.9298
Trim34a	ENSMUSG00000056144	TRIM34	ENSMFAG00000019545	ortholog_one2many	1	67.6289
Trim35	ENSMUSG00000022043	TRIM35	ENSMFAG00000035683	ortholog_one2one	1	78.1008
Trim36	ENSMUSG00000033949	TRIM36	ENSMFAG00000045553	ortholog_one2one	1	90.784
Trim37	ENSMUSG00000018548	TRIM37	ENSMFAG00000038070	ortholog_one2one	1	92.7159
Trim40	ENSMUSG00000073399	TRIM40	ENSMFAG00000047681	ortholog_one2one	1	65.8537
Trim42	ENSMUSG00000032451	TRIM42	ENSMFAG00000014452	ortholog_one2one	1	87.2752
Trim44	ENSMUSG00000027189	TRIM44	ENSMFAG00000045833	ortholog_one2one	1	89.5652
Trim45	ENSMUSG00000033233	TRIM45	ENSMFAG00000039230	ortholog_one2one	1	76.0345
Trim46	ENSMUSG00000042766	TRIM46	ENSMFAG00000038997	ortholog_one2one	1	97.7602
Trim47	ENSMUSG00000020773	TRIM47	ENSMFAG00000040084	ortholog_one2one	1	80.6552
Trim50	ENSMUSG00000053388	TRIM50	ENSMFAG00000030567	ortholog_one2one	1	87.3967
Trim54	ENSMUSG00000062077	TRIM54	ENSMFAG00000002734	ortholog_one2one	1	93.9891
Trim55	ENSMUSG00000060913	TRIM55	ENSMFAG00000004059	ortholog_one2one	1	85.6881
Trim59	ENSMUSG00000034317	TRIM59	ENSMFAG00000045911	ortholog_one2one	1	85.1117
Trim6	ENSMUSG00000072244	TRIM6	ENSMFAG00000045179	ortholog_one2one	1	80.1229
Trim62	ENSMUSG00000041000	TRIM62	ENSMFAG00000030374	ortholog_one2one	1	98.7368
Trim63	ENSMUSG00000028834	TRIM63	ENSMFAG00000031920	ortholog_one2one	1	88.9213
Trim65	ENSMUSG00000054517	TRIM65	ENSMFAG00000051824	ortholog_one2one	1	62.6437
Trim66	ENSMUSG00000031026	TRIM66	ENSMFAG00000002122	ortholog_one2one	1	83.4077
Trim67	ENSMUSG00000036913	TRIM67	ENSMFAG00000035817	ortholog_one2one	1	93.3594
Trim68	ENSMUSG00000073968	TRIM68	ENSMFAG00000037511	ortholog_one2one	1	77.732
Trim69	ENSMUSG00000033368	TRIM69	ENSMFAG00000033970	ortholog_one2one	1	79.6
Trim72	ENSMUSG00000042828	TRIM72	ENSMFAG00000035762	ortholog_one2one	1	65.4088
Trim8	ENSMUSG00000025034	TRIM8	ENSMFAG00000046181	ortholog_one2one	1	98.0036
Trim9	ENSMUSG00000021071	TRIM9	ENSMFAG00000032650	ortholog_one2one	1	98.169
Triml1	ENSMUSG00000031651	TRIML1	ENSMFAG00000033726	ortholog_one2one	1	80.2128
Triml2	ENSMUSG00000091490	TRIML2	ENSMFAG00000037189	ortholog_one2one	1	59.1981
Triobp	ENSMUSG00000033088	TRIOBP	ENSMFAG00000028669	ortholog_one2one	1	72.2561
Trip10	ENSMUSG00000019487	TRIP10	ENSMFAG00000039732	ortholog_one2one	1	91.0256
Trip11	ENSMUSG00000021188	TRIP11	ENSMFAG00000042831	ortholog_one2one	1	82.7429
Trip12	ENSMUSG00000026219	TRIP12	ENSMFAG00000042518	ortholog_one2one	1	98.4198
Trip13	ENSMUSG00000021569	TRIP13	ENSMFAG00000003891	ortholog_one2one	1	80.5556
Trip4	ENSMUSG00000032386	TRIP4	ENSMFAG00000036568	ortholog_one2many	1	88.296
Trip6	ENSMUSG00000023348	TRIP6	ENSMFAG00000035576	ortholog_one2one	1	57.5
Trit1	ENSMUSG00000028653	TRIT1	ENSMFAG00000001316	ortholog_one2one	1	83.7259
Trmo	ENSMUSG00000028331	TRMO	ENSMFAG00000045298	ortholog_one2one	1	71.9258
Trmt1	ENSMUSG00000001909	TRMT1	ENSMFAG00000033143	ortholog_one2one	1	82.8054
Trmt10a	ENSMUSG00000004127	TRMT10A	ENSMFAG00000006620	ortholog_one2one	1	77.7439
Trmt10b	ENSMUSG00000035601	TRMT10B	ENSMFAG00000032455	ortholog_one2one	1	76.4151
Trmt10c	ENSMUSG00000044763	TRMT10C	ENSMFAG00000042887	ortholog_one2one	1	77.0531
Trmt11	ENSMUSG00000019792	TRMT11	ENSMFAG00000039916	ortholog_one2one	1	91.7391
Trmt112	ENSMUSG00000038812	TRMT112	ENSMFAG00000044258	ortholog_one2one	1	80
Trmt12	ENSMUSG00000037085	TRMT12	ENSMFAG00000042869	ortholog_one2one	1	79.148
Trmt13	ENSMUSG00000033439	TRMT13	ENSMFAG00000034681	ortholog_one2one	1	85.0312
Trmt1l	ENSMUSG00000053286	TRMT1L	ENSMFAG00000037592	ortholog_one2one	1	87.7747
Trmt2a	ENSMUSG00000022721	TRMT2A	ENSMFAG00000038705	ortholog_one2one	1	84.5024
Trmt2b	ENSMUSG00000067369	TRMT2B	ENSMFAG00000045550	ortholog_one2one	1	76.8763
Trmt44	ENSMUSG00000029097	TRMT44	ENSMFAG00000025459	ortholog_one2one	1	70.547
Trmt5	ENSMUSG00000034442	TRMT5	ENSMFAG00000002940	ortholog_one2one	1	77.4451
Trmt6	ENSMUSG00000037376	TRMT6	ENSMFAG00000044360	ortholog_one2one	1	84.7083
Trmt61a	ENSMUSG00000060950	TRMT61A	ENSMFAG00000063054	ortholog_one2one	1	90.3448
Trmt9b	ENSMUSG00000039620	TRMT9B	ENSMFAG00000048564	ortholog_one2one	1	73.6018
Trmu	ENSMUSG00000022386	TRMU	ENSMFAG00000039767	ortholog_one2one	1	87.53
Trnau1ap	ENSMUSG00000028898	TRNAU1AP	ENSMFAG00000043751	ortholog_one2one	1	60.6272
Trnt1	ENSMUSG00000013736	TRNT1	ENSMFAG00000045113	ortholog_one2one	1	92.6267
Trp53	ENSMUSG00000059552	TP53	ENSMFAG00000038506	ortholog_one2one	1	77.1795
Trp53bp1	ENSMUSG00000043909	TP53BP1	ENSMFAG00000002945	ortholog_one2one	1	81.3103
Trp53i11	ENSMUSG00000068735	TP53I11	ENSMFAG00000035363	ortholog_one2one	1	91.5344
Trp53inp1	ENSMUSG00000028211	TP53INP1	ENSMFAG00000059313	ortholog_one2one	1	89.1213
Trp53inp2	ENSMUSG00000038375	TP53INP2	ENSMFAG00000057837	ortholog_one2one	1	85.9728
Trp53rka	ENSMUSG00000039725	TP53RK	ENSMFAG00000042174	ortholog_one2many	1	84.8361
Trp63	ENSMUSG00000022510	TP63	ENSMFAG00000035702	ortholog_one2one	1	96.9283
Trp73	ENSMUSG00000029026	TP73	ENSMFAG00000043807	ortholog_one2one	1	84.0678
Trpa1	ENSMUSG00000032769	TRPA1	ENSMFAG00000045263	ortholog_one2one	1	79.5556
Trpc1	ENSMUSG00000032839	TRPC1	ENSMFAG00000001111	ortholog_one2one	1	97.775
Trpc3	ENSMUSG00000027716	TRPC3	ENSMFAG00000000600	ortholog_one2one	1	94.2857
Trpc4	ENSMUSG00000027748	TRPC4	ENSMFAG00000032156	ortholog_one2one	1	96.9199
Trpc4ap	ENSMUSG00000038324	TRPC4AP	ENSMFAG00000036701	ortholog_one2one	1	90.8407
Trpc5	ENSMUSG00000041710	TRPC5	ENSMFAG00000003102	ortholog_one2one	1	97.1282
Trpc5os	ENSMUSG00000072934	TRPC5OS	ENSMFAG00000047357	ortholog_one2one	1	60
Trpc6	ENSMUSG00000031997	TRPC6	ENSMFAG00000002181	ortholog_one2one	1	93.4409
Trpc7	ENSMUSG00000021541	TRPC7	ENSMFAG00000001536	ortholog_one2one	1	98.1439
Trpm1	ENSMUSG00000030523	TRPM1	ENSMFAG00000003445	ortholog_one2one	1	88.4058
Trpm3	ENSMUSG00000052387	TRPM3	ENSMFAG00000037990	ortholog_one2one	1	95.1868
Trpm5	ENSMUSG00000009246	TRPM5	ENSMFAG00000042635	ortholog_one2one	1	80.3109
Trpm6	ENSMUSG00000024727	TRPM6	ENSMFAG00000042901	ortholog_one2one	1	77.8107
Trpm7	ENSMUSG00000027365	TRPM7	ENSMFAG00000031753	ortholog_one2one	1	94.3639
Trpm8	ENSMUSG00000036251	TRPM8	ENSMFAG00000043208	ortholog_one2one	1	94.1123
Trps1	ENSMUSG00000038679	TRPS1	ENSMFAG00000036446	ortholog_one2one	1	92.8571
Trpt1	ENSMUSG00000047656	TRPT1	ENSMFAG00000036828	ortholog_one2one	1	83.9357
Trpv1	ENSMUSG00000005952	TRPV1	ENSMFAG00000040334	ortholog_one2one	1	87.0083
Trpv2	ENSMUSG00000018507	TRPV2	ENSMFAG00000030978	ortholog_one2one	1	80.8201
Trpv3	ENSMUSG00000043029	TRPV3	ENSMFAG00000041934	ortholog_one2one	1	92.5411
Trpv4	ENSMUSG00000014158	TRPV4	ENSMFAG00000032093	ortholog_one2one	1	95.178
Trrap	ENSMUSG00000045482	TRRAP	ENSMFAG00000039475	ortholog_one2one	1	98.5187
Trub1	ENSMUSG00000025086	TRUB1	ENSMFAG00000062394	ortholog_one2one	1	81.0651
Tsacc	ENSMUSG00000010538	TSACC	ENSMFAG00000036557	ortholog_one2one	1	65.3226
Tsc1	ENSMUSG00000026812	TSC1	ENSMFAG00000007299	ortholog_one2one	1	87.7586
Tsc2	ENSMUSG00000002496	TSC2	ENSMFAG00000032166	ortholog_one2one	1	91.5966
Tsc22d1	ENSMUSG00000022010	TSC22D1	ENSMFAG00000003381	ortholog_one2one	1	86.2581
Tsc22d2	ENSMUSG00000027806	TSC22D2	ENSMFAG00000056419	ortholog_one2one	1	86.5772
Tsc22d3	ENSMUSG00000031431	TSC22D3	ENSMFAG00000045786	ortholog_one2one	1	84.0796
Tsc22d4	ENSMUSG00000144223	TSC22D4	ENSMFAG00000040847	ortholog_one2one	1	72.8682
Tsen15	ENSMUSG00000014980	TSEN15	ENSMFAG00000037321	ortholog_one2one	1	66.6667
Tsen2	ENSMUSG00000042389	TSEN2	ENSMFAG00000038583	ortholog_one2one	1	65
Tsen34	ENSMUSG00000035585	TSEN34	ENSMFAG00000044825	ortholog_one2one	1	80.6962
Tsen54	ENSMUSG00000020781	TSEN54	ENSMFAG00000000712	ortholog_one2one	1	79.2381
Tsfm	ENSMUSG00000040521	TSFM	ENSMFAG00000036132	ortholog_one2one	1	85.4938
Tsg101	ENSMUSG00000014402	TSG101	ENSMFAG00000032321	ortholog_one2one	1	94.6292
Tsga10	ENSMUSG00000060771	TSGA10	ENSMFAG00000042958	ortholog_one2one	1	81.2052
Tsga13	ENSMUSG00000039032	TSGA13	ENSMFAG00000043607	ortholog_one2one	1	59.3407
Tshb	ENSMUSG00000027857	TSHB	ENSMFAG00000000330	ortholog_one2one	1	86.2319
Tshr	ENSMUSG00000020963	TSHR	ENSMFAG00000036626	ortholog_one2one	1	87.1728
Tshz1	ENSMUSG00000046982	TSHZ1	ENSMFAG00000037350	ortholog_one2one	1	78.5978
Tshz2	ENSMUSG00000047907	TSHZ2	ENSMFAG00000044946	ortholog_one2one	1	90.1942
Tshz3	ENSMUSG00000021217	TSHZ3	ENSMFAG00000033604	ortholog_one2one	1	94.8196
Tsks	ENSMUSG00000059891	TSKS	ENSMFAG00000046167	ortholog_one2one	1	73.3333
Tsku	ENSMUSG00000049580	TSKU	ENSMFAG00000024120	ortholog_one2one	1	84.7458
Tsnaxip1	ENSMUSG00000031893	TSNAXIP1	ENSMFAG00000035364	ortholog_one2one	1	75.8523
Tspan1	ENSMUSG00000028699	TSPAN1	ENSMFAG00000042909	ortholog_one2one	1	75
Tspan12	ENSMUSG00000029669	TSPAN12	ENSMFAG00000002377	ortholog_one2one	1	97.3771
Tspan14	ENSMUSG00000037824	TSPAN14	ENSMFAG00000045856	ortholog_one2one	1	97.4074
Tspan15	ENSMUSG00000037031	TSPAN15	ENSMFAG00000043589	ortholog_one2one	1	59.5238
Tspan17	ENSMUSG00000025875	TSPAN17	ENSMFAG00000040265	ortholog_one2one	1	96.6667
Tspan18	ENSMUSG00000027217	TSPAN18	ENSMFAG00000054272	ortholog_one2one	1	90.7258
Tspan2	ENSMUSG00000027858	TSPAN2	ENSMFAG00000039698	ortholog_one2one	1	93.6652
Tspan3	ENSMUSG00000032324	TSPAN3	ENSMFAG00000031959	ortholog_one2one	1	96.8379
Tspan31	ENSMUSG00000006736	TSPAN31	ENSMFAG00000030163	ortholog_one2one	1	87.619
Tspan33	ENSMUSG00000001763	TSPAN33	ENSMFAG00000038610	ortholog_one2one	1	95.7597
Tspan4	ENSMUSG00000025511	TSPAN4	ENSMFAG00000045086	ortholog_one2one	1	67.5676
Tspan5	ENSMUSG00000028152	TSPAN5	ENSMFAG00000002966	ortholog_one2one	1	100
Tspan6	ENSMUSG00000067377	TSPAN6	ENSMFAG00000038827	ortholog_one2one	1	93.8775
Tspan7	ENSMUSG00000058254	TSPAN7	ENSMFAG00000002802	ortholog_one2one	1	99.1968
Tspan8	ENSMUSG00000034127	TSPAN8	ENSMFAG00000038436	ortholog_one2one	1	68.9362
Tspear	ENSMUSG00000069581	TSPEAR	ENSMFAG00000001348	ortholog_one2one	1	70.7463
Tspo	ENSMUSG00000041736	TSPO	ENSMFAG00000033600	ortholog_one2one	1	81.6568
Tspo2	ENSMUSG00000023995	TSPO2	ENSMFAG00000001664	ortholog_one2one	1	68.5185
Tspoap1	ENSMUSG00000034156	TSPOAP1	ENSMFAG00000032128	ortholog_one2one	1	82.5569
Tspyl5	ENSMUSG00000038984	TSPYL5	ENSMFAG00000030843	ortholog_one2one	1	52.4631
Tsr1	ENSMUSG00000038335	TSR1	ENSMFAG00000021330	ortholog_one2one	1	86.3014
Tsr3	ENSMUSG00000015126	TSR3	ENSMFAG00000031171	ortholog_one2one	1	75.0799
Tssc4	ENSMUSG00000045752	TSSC4	ENSMFAG00000038372	ortholog_one2one	1	61.8297
Tssk4	ENSMUSG00000007591	TSSK4	ENSMFAG00000035821	ortholog_one2one	1	85.9756
Tst	ENSMUSG00000044986	TST	ENSMFAG00000038470	ortholog_one2one	1	91.5825
Tstd1	ENSMUSG00000103711	TSTD1	ENSMFAG00000040041	ortholog_one2one	1	69.9248
Tstd2	ENSMUSG00000035495	TSTD2	ENSMFAG00000002863	ortholog_one2one	1	80.202
Ttbk2	ENSMUSG00000090100	TTBK2	ENSMFAG00000001520	ortholog_one2one	1	89.461
Ttc1	ENSMUSG00000041278	TTC1	ENSMFAG00000040270	ortholog_one2one	1	79.7945
Ttc12	ENSMUSG00000040219	TTC12	ENSMFAG00000001067	ortholog_one2one	1	72.3011
Ttc13	ENSMUSG00000037300	TTC13	ENSMFAG00000038133	ortholog_one2one	1	91.3507
Ttc14	ENSMUSG00000027677	TTC14	ENSMFAG00000046249	ortholog_one2one	1	87.5979
Ttc16	ENSMUSG00000039021	TTC16	ENSMFAG00000042412	ortholog_one2one	1	53.1553
Ttc17	ENSMUSG00000027194	TTC17	ENSMFAG00000033718	ortholog_one2one	1	94.7412
Ttc19	ENSMUSG00000042298	TTC19	ENSMFAG00000036185	ortholog_one2one	1	77.5342
Ttc21a	ENSMUSG00000032514	TTC21A	ENSMFAG00000045979	ortholog_one2one	1	75.9513
Ttc21b	ENSMUSG00000034848	TTC21B	ENSMFAG00000044970	ortholog_one2one	1	85.9316
Ttc22	ENSMUSG00000034919	TTC22	ENSMFAG00000053593	ortholog_one2one	1	66.5493
Ttc23	ENSMUSG00000030555	TTC23	ENSMFAG00000031232	ortholog_one2one	1	66.3677
Ttc23l	ENSMUSG00000022249	TTC23L	ENSMFAG00000001932	ortholog_one2one	1	60.9272
Ttc29	ENSMUSG00000037101	TTC29	ENSMFAG00000046354	ortholog_one2one	1	75.3716
Ttc3	ENSMUSG00000040785	TTC3	ENSMFAG00000045889	ortholog_one2many	1	77.2612
Ttc32	ENSMUSG00000066637	TTC32	ENSMFAG00000040343	ortholog_one2one	1	77.027
Ttc36	ENSMUSG00000039438	TTC36	ENSMFAG00000031481	ortholog_one2one	1	74.1936
Ttc38	ENSMUSG00000035944	TTC38	ENSMFAG00000030939	ortholog_one2one	1	88.172
Ttc39b	ENSMUSG00000038172	TTC39B	ENSMFAG00000002246	ortholog_one2one	1	88.8169
Ttc39c	ENSMUSG00000024424	TTC39C	ENSMFAG00000023934	ortholog_one2one	1	88.9655
Ttc4	ENSMUSG00000025413	TTC4	ENSMFAG00000041685	ortholog_one2one	1	82.9016
Ttc7	ENSMUSG00000036918	TTC7A	ENSMFAG00000040123	ortholog_one2one	1	88.5781
Ttc7b	ENSMUSG00000033530	TTC7B	ENSMFAG00000000808	ortholog_one2one	1	96.9158
Ttc8	ENSMUSG00000021013	TTC8	ENSMFAG00000002219	ortholog_one2one	1	95.8416
Ttc9b	ENSMUSG00000007944	TTC9B	ENSMFAG00000035633	ortholog_one2one	1	89.1213
Ttc9c	ENSMUSG00000071660	TTC9C	ENSMFAG00000036997	ortholog_one2one	1	95.3216
Tti1	ENSMUSG00000027650	TTI1	ENSMFAG00000030342	ortholog_one2one	1	84.424
Tti2	ENSMUSG00000031577	TTI2	ENSMFAG00000039160	ortholog_one2one	1	73.6328
Ttk	ENSMUSG00000038379	TTK	ENSMFAG00000032875	ortholog_one2one	1	74.0964
Ttll1	ENSMUSG00000022442	TTLL1	ENSMFAG00000031274	ortholog_one2one	1	96.9267
Ttll11	ENSMUSG00000026885	TTLL11	ENSMFAG00000030346	ortholog_one2one	1	76.6412
Ttll12	ENSMUSG00000016757	TTLL12	ENSMFAG00000041466	ortholog_one2one	1	83.7246
Ttll3	ENSMUSG00000030276	TTLL3	ENSMFAG00000033928	ortholog_one2one	1	65.1564
Ttll4	ENSMUSG00000033257	TTLL4	ENSMFAG00000000211	ortholog_one2one	1	80.4694
Ttll6	ENSMUSG00000038756	TTLL6	ENSMFAG00000035518	ortholog_one2one	1	66.6667
Ttll7	ENSMUSG00000036745	TTLL7	ENSMFAG00000042407	ortholog_one2one	1	88.3539
Ttll8	ENSMUSG00000022388	TTLL8	ENSMFAG00000031806	ortholog_one2one	1	59.8558
Ttll9	ENSMUSG00000074673	TTLL9	ENSMFAG00000038358	ortholog_one2one	1	72.4512
Ttpal	ENSMUSG00000017679	TTPAL	ENSMFAG00000036596	ortholog_one2one	1	93.0029
Ttyh1	ENSMUSG00000030428	TTYH1	ENSMFAG00000031208	ortholog_one2one	1	71.5556
Ttyh2	ENSMUSG00000034714	TTYH2	ENSMFAG00000038894	ortholog_one2one	1	82.5188
Tub	ENSMUSG00000031028	TUB	ENSMFAG00000031850	ortholog_one2one	1	92.6733
Tuba1b	ENSMUSG00000023004	TUBA1B	ENSMFAG00000035643	ortholog_one2one	1	100
Tuba1c	ENSMUSG00000043091	TUBA1C	ENSMFAG00000042144	ortholog_one2many	1	99.1091
Tuba4a	ENSMUSG00000026202	TUBA4A	ENSMFAG00000007541	ortholog_one2one	1	99.7768
Tuba8	ENSMUSG00000030137	TUBA8	ENSMFAG00000001466	ortholog_one2one	1	99.3318
Tubal3	ENSMUSG00000021216	TUBAL3	ENSMFAG00000042394	ortholog_one2one	1	83.1839
Tubb1	ENSMUSG00000016255	TUBB1	ENSMFAG00000038605	ortholog_one2one	1	91.1308
Tubb3	ENSMUSG00000062380	TUBB3	ENSMFAG00000033629	ortholog_one2one	1	82.2222
Tubb4a	ENSMUSG00000062591	TUBB4A	ENSMFAG00000059050	ortholog_one2one	1	100
Tubb4b	ENSMUSG00000036752	TUBB4B	ENSMFAG00000021762	ortholog_one2one	1	99.7753
Tubb5	ENSMUSG00000001525	TUBB	ENSMFAG00000044340	ortholog_one2one	1	96.6216
Tubd1	ENSMUSG00000020513	TUBD1	ENSMFAG00000045455	ortholog_one2one	1	85.7143
Tube1	ENSMUSG00000019845	TUBE1	ENSMFAG00000043188	ortholog_one2one	1	90.3158
Tubg1	ENSMUSG00000035198	TUBG1	ENSMFAG00000002868	ortholog_one2one	1	98.8913
Tubg2	ENSMUSG00000045007	TUBG2	ENSMFAG00000001256	ortholog_one2one	1	97.561
Tubgcp2	ENSMUSG00000025474	TUBGCP2	ENSMFAG00000036721	ortholog_one2one	1	91.9337
Tubgcp3	ENSMUSG00000000759	TUBGCP3	ENSMFAG00000033216	ortholog_one2one	1	93.7017
Tubgcp4	ENSMUSG00000027263	TUBGCP4	ENSMFAG00000033642	ortholog_one2one	1	94.9911
Tufm	ENSMUSG00000073838	TUFM	ENSMFAG00000033739	ortholog_one2one	1	92.9204
Tuft1	ENSMUSG00000005968	TUFT1	ENSMFAG00000034076	ortholog_one2one	1	82.7381
Tulp1	ENSMUSG00000037446	TULP1	ENSMFAG00000002441	ortholog_one2one	1	68.107
Tulp3	ENSMUSG00000001521	TULP3	ENSMFAG00000040272	ortholog_one2one	1	67.3913
Tulp4	ENSMUSG00000034377	TULP4	ENSMFAG00000002792	ortholog_one2one	1	93.9884
Tusc2	ENSMUSG00000010054	TUSC2	ENSMFAG00000035779	ortholog_one2one	1	93.6364
Tusc3	ENSMUSG00000118664	TUSC3	ENSMFAG00000039566	ortholog_one2one	1	98.4227
Tut1	ENSMUSG00000071645	TUT1	ENSMFAG00000000912	ortholog_one2one	1	79.0564
Tut4	ENSMUSG00000034610	TUT4	ENSMFAG00000011842	ortholog_one2one	1	87.4011
Tvp23a	ENSMUSG00000050908	TVP23A	ENSMFAG00000040781	ortholog_one2one	1	85.5856
Twf1	ENSMUSG00000022451	TWF1	ENSMFAG00000002340	ortholog_one2one	1	94.8571
Twf2	ENSMUSG00000023277	TWF2	ENSMFAG00000030787	ortholog_one2one	1	94.8424
Twist1	ENSMUSG00000035799	TWIST1	ENSMFAG00000045982	ortholog_one2one	1	93.2039
Twnk	ENSMUSG00000025209	TWNK	ENSMFAG00000032824	ortholog_one2one	1	85.9854
Twsg1	ENSMUSG00000024098	TWSG1	ENSMFAG00000034284	ortholog_one2one	1	93.6937
Txlna	ENSMUSG00000053841	TXLNA	ENSMFAG00000041015	ortholog_one2one	1	89.5307
Txlng	ENSMUSG00000038344	TXLNG	ENSMFAG00000035865	ortholog_one2one	1	90.6489
Txn2	ENSMUSG00000005354	TXN2	ENSMFAG00000034407	ortholog_one2one	1	65.0602
Txndc11	ENSMUSG00000022498	TXNDC11	ENSMFAG00000041632	ortholog_one2one	1	83.0169
Txndc17	ENSMUSG00000020803	TXNDC17	ENSMFAG00000029520	ortholog_one2one	1	81.3008
Txndc5	ENSMUSG00000038991	TXNDC5	ENSMFAG00000036977	ortholog_one2one	1	86.0911
Txndc9	ENSMUSG00000058407	TXNDC9	ENSMFAG00000032607	ortholog_one2one	1	89.823
Txnl4a	ENSMUSG00000057130	TXNL4A	ENSMFAG00000045793	ortholog_one2one	1	100
Txnrd1	ENSMUSG00000020250	TXNRD1	ENSMFAG00000043513	ortholog_one2one	1	91.3828
Txnrd2	ENSMUSG00000075704	TXNRD2	ENSMFAG00000039502	ortholog_one2one	1	83.6812
Txnrd3	ENSMUSG00000000811	TXNRD3	ENSMFAG00000001280	ortholog_one2one	1	80.9756
Tyk2	ENSMUSG00000032175	TYK2	ENSMFAG00000044770	ortholog_one2one	1	78.9696
Tyr	ENSMUSG00000004651	TYR	ENSMFAG00000045366	ortholog_one2one	1	84.2402
Tyro3	ENSMUSG00000027298	TYRO3	ENSMFAG00000003863	ortholog_one2one	1	89.6591
Tyrp1	ENSMUSG00000005994	TYRP1	ENSMFAG00000046179	ortholog_one2one	1	86.406
Tysnd1	ENSMUSG00000020087	TYSND1	ENSMFAG00000040775	ortholog_one2one	1	76.7606
Tyw3	ENSMUSG00000047583	TYW3	ENSMFAG00000003496	ortholog_one2one	1	70.0389
Tyw5	ENSMUSG00000048495	TYW5	ENSMFAG00000004016	ortholog_one2one	1	66.3492
U2af2	ENSMUSG00000030435	U2AF2	ENSMFAG00000038383	ortholog_one2one	1	99.3631
U2surp	ENSMUSG00000032407	U2SURP	ENSMFAG00000031084	ortholog_one2one	1	92.0311
Uaca	ENSMUSG00000034485	UACA	ENSMFAG00000035966	ortholog_one2one	1	78.7922
Uap1	ENSMUSG00000026670	UAP1	ENSMFAG00000042529	ortholog_one2one	1	76.6595
Uba1	ENSMUSG00000001924	UBA1	ENSMFAG00000001128	ortholog_one2one	1	90.0756
Uba2	ENSMUSG00000052997	UBA2	ENSMFAG00000036932	ortholog_one2one	1	67.0846
Uba3	ENSMUSG00000030061	UBA3	ENSMFAG00000036648	ortholog_one2one	1	99.3304
Uba5	ENSMUSG00000032557	UBA5	ENSMFAG00000041391	ortholog_one2one	1	88.8337
Uba52	ENSMUSG00000090137	UBA52	ENSMFAG00000049103	ortholog_one2one	1	100
Uba6	ENSMUSG00000035898	UBA6	ENSMFAG00000001344	ortholog_one2one	1	87.6543
Uba7	ENSMUSG00000032596	UBA7	ENSMFAG00000043227	ortholog_one2one	1	75.7421
Ubac2	ENSMUSG00000041765	UBAC2	ENSMFAG00000033588	ortholog_one2one	1	86.087
Ubald2	ENSMUSG00000050628	UBALD2	ENSMFAG00000056614	ortholog_one2one	1	89.0244
Ubap1	ENSMUSG00000028437	UBAP1	ENSMFAG00000032310	ortholog_one2one	1	89.4422
Ubap1l	ENSMUSG00000086228	UBAP1L	ENSMFAG00000042428	ortholog_one2one	1	67.9688
Ubap2l	ENSMUSG00000042520	UBAP2L	ENSMFAG00000033622	ortholog_one2one	1	93.418
Ubash3a	ENSMUSG00000042345	UBASH3A	ENSMFAG00000031488	ortholog_one2one	1	83.4936
Ubash3b	ENSMUSG00000032020	UBASH3B	ENSMFAG00000032807	ortholog_one2one	1	97.6489
Ubb	ENSMUSG00000019505	UBB	ENSMFAG00000041207	ortholog_one2many	1	74.7541
Ubd	ENSMUSG00000035186	UBD	ENSMFAG00000036615	ortholog_one2one	1	72.2222
Ube2a	ENSMUSG00000016308	UBE2A	ENSMFAG00000000307	ortholog_one2one	1	58.5253
Ube2c	ENSMUSG00000001403	UBE2C	ENSMFAG00000028239	ortholog_one2many	1	94.9721
Ube2d1	ENSMUSG00000019927	UBE2D1	ENSMFAG00000045061	ortholog_one2one	1	95.9184
Ube2d2a	ENSMUSG00000091896	UBE2D2	ENSMFAG00000003689	ortholog_one2one	1	83.6735
Ube2d3	ENSMUSG00000078578	UBE2D3	ENSMFAG00000002932	ortholog_one2one	1	85.9873
Ube2e3	ENSMUSG00000027011	UBE2E3	ENSMFAG00000042067	ortholog_one2one	1	99.5169
Ube2f	ENSMUSG00000034343	UBE2F	ENSMFAG00000035899	ortholog_one2many	1	96.7568
Ube2g1	ENSMUSG00000020794	UBE2G1	ENSMFAG00000002210	ortholog_one2one	1	100
Ube2g2	ENSMUSG00000009293	UBE2G2	ENSMFAG00000057431	ortholog_one2one	1	79.3939
Ube2h	ENSMUSG00000039159	UBE2H	ENSMFAG00000059963	ortholog_one2one	1	87.4317
Ube2i	ENSMUSG00000015120	UBE2I	ENSMFAG00000044410	ortholog_one2one	1	87.3418
Ube2j1	ENSMUSG00000028277	UBE2J1	ENSMFAG00000046333	ortholog_one2one	1	90.8805
Ube2k	ENSMUSG00000029203	UBE2K	ENSMFAG00000030518	ortholog_one2one	1	100
Ube2l6	ENSMUSG00000027078	UBE2L6	ENSMFAG00000002288	ortholog_one2one	1	69.9346
Ube2n	ENSMUSG00000074781	UBE2N	ENSMFAG00000000379	ortholog_one2one	1	100
Ube2o	ENSMUSG00000020802	UBE2O	ENSMFAG00000027020	ortholog_one2one	1	94.2547
Ube2q1	ENSMUSG00000042572	UBE2Q1	ENSMFAG00000064720	ortholog_one2one	1	93.8389
Ube2ql1	ENSMUSG00000052981	UBE2QL1	ENSMFAG00000050565	ortholog_one2one	1	52.3026
Ube2s	ENSMUSG00000060860	UBE2S	ENSMFAG00000001052	ortholog_one2many	1	90.583
Ube2t	ENSMUSG00000026429	UBE2T	ENSMFAG00000042839	ortholog_one2one	1	80.3922
Ube2w	ENSMUSG00000025939	UBE2W	ENSMFAG00000000629	ortholog_one2one	1	53.7906
Ube2z	ENSMUSG00000014349	UBE2Z	ENSMFAG00000045564	ortholog_one2one	1	98.8764
Ube3b	ENSMUSG00000029577	UBE3B	ENSMFAG00000032022	ortholog_one2one	1	92.5234
Ube3c	ENSMUSG00000039000	UBE3C	ENSMFAG00000001035	ortholog_one2one	1	93.1671
Ube3d	ENSMUSG00000032415	UBE3D	ENSMFAG00000034654	ortholog_one2one	1	79.8913
Ube4a	ENSMUSG00000059890	UBE4A	ENSMFAG00000041947	ortholog_one2one	1	95.6682
Ube4b	ENSMUSG00000028960	UBE4B	ENSMFAG00000042381	ortholog_one2one	1	97.6982
Ubfd1	ENSMUSG00000030870	UBFD1	ENSMFAG00000044320	ortholog_one2one	1	80.9783
Ubiad1	ENSMUSG00000047719	UBIAD1	ENSMFAG00000001791	ortholog_one2one	1	92.5595
Ubl3	ENSMUSG00000001687	UBL3	ENSMFAG00000044955	ortholog_one2one	1	99.1453
Ubl4a	ENSMUSG00000015290	UBL4A	ENSMFAG00000000884	ortholog_one2one	1	79.6178
Ublcp1	ENSMUSG00000041231	UBLCP1	ENSMFAG00000045929	ortholog_one2one	1	98.1132
Ubn1	ENSMUSG00000039473	UBN1	ENSMFAG00000036657	ortholog_one2one	1	85.5507
Ubn2	ENSMUSG00000038538	UBN2	ENSMFAG00000037061	ortholog_one2one	1	87.8995
Ubox5	ENSMUSG00000027300	UBOX5	ENSMFAG00000041627	ortholog_one2one	1	79.0352
Ubp1	ENSMUSG00000009741	UBP1	ENSMFAG00000035445	ortholog_one2one	1	92.5926
Ubqln3	ENSMUSG00000051618	UBQLN3	ENSMFAG00000023673	ortholog_one2one	1	74.0122
Ubr2	ENSMUSG00000023977	UBR2	ENSMFAG00000041378	ortholog_one2one	1	87.3504
Ubr4	ENSMUSG00000066036	UBR4	ENSMFAG00000035375	ortholog_one2one	1	96.9884
Ubr5	ENSMUSG00000037487	UBR5	ENSMFAG00000044216	ortholog_one2one	1	98.3883
Ubr7	ENSMUSG00000041712	UBR7	ENSMFAG00000018470	ortholog_one2one	1	78.5882
Ubtd1	ENSMUSG00000025171	UBTD1	ENSMFAG00000044920	ortholog_one2one	1	98.6784
Ubtd2	ENSMUSG00000044949	UBTD2	ENSMFAG00000052150	ortholog_one2one	1	97.0085
Ubtf	ENSMUSG00000020923	UBTF	ENSMFAG00000041241	ortholog_one2one	1	97.9058
Ubxn1	ENSMUSG00000071655	UBXN1	ENSMFAG00000045415	ortholog_one2one	1	93.9394
Ubxn11	ENSMUSG00000012126	UBXN11	ENSMFAG00000002490	ortholog_one2one	1	81.405
Ubxn2a	ENSMUSG00000020634	UBXN2A	ENSMFAG00000038617	ortholog_one2one	1	82.1705
Ubxn2b	ENSMUSG00000028243	UBXN2B	ENSMFAG00000014095	ortholog_one2one	1	85.1964
Ubxn4	ENSMUSG00000026353	UBXN4	ENSMFAG00000002817	ortholog_one2one	1	89.921
Ubxn7	ENSMUSG00000053774	UBXN7	ENSMFAG00000037092	ortholog_one2one	1	70.3476
Ubxn8	ENSMUSG00000052906	UBXN8	ENSMFAG00000038759	ortholog_one2one	1	71.8412
Uchl3	ENSMUSG00000022111	UCHL3	ENSMFAG00000002583	ortholog_one2many	1	84.4776
Uchl5	ENSMUSG00000018189	UCHL5	ENSMFAG00000038349	ortholog_one2one	1	87.5
Uck2	ENSMUSG00000026558	UCK2	ENSMFAG00000032681	ortholog_one2one	1	98.0843
Uckl1	ENSMUSG00000089917	UCKL1	ENSMFAG00000001463	ortholog_one2one	1	78.8321
Ucma	ENSMUSG00000026668	UCMA	ENSMFAG00000043336	ortholog_one2one	1	79.7101
Ucn	ENSMUSG00000038676	UCN	ENSMFAG00000050637	ortholog_one2one	1	80.3279
Ucn2	ENSMUSG00000049699	UCN2	ENSMFAG00000054643	ortholog_one2one	1	60.177
Ucp1	ENSMUSG00000031710	UCP1	ENSMFAG00000043786	ortholog_one2one	1	79.1531
Ucp2	ENSMUSG00000033685	UCP2	ENSMFAG00000003662	ortholog_one2one	1	94.822
Ucp3	ENSMUSG00000032942	UCP3	ENSMFAG00000001176	ortholog_one2one	1	86.6883
Ufc1	ENSMUSG00000062963	UFC1	ENSMFAG00000033451	ortholog_one2one	1	97.006
Ufd1	ENSMUSG00000005262	UFD1	ENSMFAG00000040923	ortholog_one2one	1	82.0847
Ufl1	ENSMUSG00000040359	UFL1	ENSMFAG00000038476	ortholog_one2one	1	90.5422
Ufm1	ENSMUSG00000027746	UFM1	ENSMFAG00000004000	ortholog_one2one	1	82.3529
Ufsp2	ENSMUSG00000031634	UFSP2	ENSMFAG00000041642	ortholog_one2one	1	80.6941
Ugcg	ENSMUSG00000028381	UGCG	ENSMFAG00000045961	ortholog_one2one	1	98.2234
Ugdh	ENSMUSG00000029201	UGDH	ENSMFAG00000038896	ortholog_one2one	1	97.5659
Uggt2	ENSMUSG00000042104	UGGT2	ENSMFAG00000043763	ortholog_one2one	1	79.5878
Ugp2	ENSMUSG00000001891	UGP2	ENSMFAG00000035944	ortholog_one2one	1	97.8346
Ugt1a1	ENSMUSG00000089960	UGT1A8	ENSMFAG00000042349	ortholog_one2one	1	78.6916
Ugt8a	ENSMUSG00000032854	UGT8	ENSMFAG00000035714	ortholog_one2one	1	93.5305
Uhmk1	ENSMUSG00000026667	UHMK1	ENSMFAG00000041742	ortholog_one2one	1	99.0453
Uhrf1	ENSMUSG00000001228	UHRF1	ENSMFAG00000037780	ortholog_one2one	1	74.8082
Uhrf2	ENSMUSG00000024817	UHRF2	ENSMFAG00000033273	ortholog_one2one	1	91.5318
Uimc1	ENSMUSG00000025878	UIMC1	ENSMFAG00000038747	ortholog_one2one	1	74.553
Ulk4	ENSMUSG00000040936	ULK4	ENSMFAG00000029259	ortholog_one2one	1	83.9216
Umad1	ENSMUSG00000089862	UMAD1	ENSMFAG00000052878	ortholog_one2one	1	62.1795
Umod	ENSMUSG00000030963	UMOD	ENSMFAG00000045632	ortholog_one2one	1	56.5421
Umps	ENSMUSG00000022814	UMPS	ENSMFAG00000002273	ortholog_one2one	1	88.1497
Unc119	ENSMUSG00000002058	UNC119	ENSMFAG00000041737	ortholog_one2one	1	91.6667
Unc13b	ENSMUSG00000028456	UNC13B	ENSMFAG00000003353	ortholog_one2one	1	71.959
Unc13c	ENSMUSG00000062151	UNC13C	ENSMFAG00000003096	ortholog_one2one	1	91.2217
Unc13d	ENSMUSG00000057948	UNC13D	ENSMFAG00000026038	ortholog_one2one	1	87.8341
Unc45a	ENSMUSG00000030533	UNC45A	ENSMFAG00000042926	ortholog_one2one	1	93.6441
Unc45b	ENSMUSG00000018845	UNC45B	ENSMFAG00000036065	ortholog_one2one	1	95.3714
Unc50	ENSMUSG00000026111	UNC50	ENSMFAG00000037959	ortholog_one2one	1	96.139
Unc5a	ENSMUSG00000025876	UNC5A	ENSMFAG00000043584	ortholog_one2one	1	95.2116
Unc5b	ENSMUSG00000020099	UNC5B	ENSMFAG00000043834	ortholog_one2one	1	92.1693
Unc5c	ENSMUSG00000059921	UNC5C	ENSMFAG00000026235	ortholog_one2one	1	97.3147
Unc5cl	ENSMUSG00000043592	UNC5CL	ENSMFAG00000032643	ortholog_one2one	1	84.3629
Unc79	ENSMUSG00000021198	UNC79	ENSMFAG00000042508	ortholog_one2one	1	95.5316
Unc80	ENSMUSG00000055567	UNC80	ENSMFAG00000038823	ortholog_one2one	1	96.813
Unc93b1	ENSMUSG00000036908	UNC93B1	ENSMFAG00000043671	ortholog_one2one	1	84.9498
Ung	ENSMUSG00000029591	UNG	ENSMFAG00000039615	ortholog_one2one	1	78.7582
Unk	ENSMUSG00000020770	UNK	ENSMFAG00000037148	ortholog_one2one	1	95.0617
Upb1	ENSMUSG00000033427	UPB1	ENSMFAG00000045510	ortholog_one2one	1	84.2239
Upf2	ENSMUSG00000043241	UPF2	ENSMFAG00000043865	ortholog_one2one	1	97.2419
Upf3a	ENSMUSG00000038398	UPF3A	ENSMFAG00000045016	ortholog_one2one	1	67.7725
Upk1a	ENSMUSG00000006313	UPK1A	ENSMFAG00000037616	ortholog_one2one	1	54.4747
Upk1b	ENSMUSG00000049436	UPK1B	ENSMFAG00000001715	ortholog_one2one	1	91.5385
Upk2	ENSMUSG00000041523	UPK2	ENSMFAG00000003839	ortholog_one2one	1	88.0435
Upk3a	ENSMUSG00000022435	UPK3A	ENSMFAG00000038134	ortholog_one2one	1	84.3206
Upk3b	ENSMUSG00000042985	UPK3B	ENSMFAG00000001010	ortholog_one2one	1	78.6232
Upp1	ENSMUSG00000020407	UPP1	ENSMFAG00000003183	ortholog_one2one	1	66.881
Upp2	ENSMUSG00000026839	UPP2	ENSMFAG00000003209	ortholog_one2one	1	85
Uprt	ENSMUSG00000073016	UPRT	ENSMFAG00000049237	ortholog_one2one	1	85.4839
Uqcc1	ENSMUSG00000005882	UQCC1	ENSMFAG00000034648	ortholog_one2one	1	85.4237
Uqcc2	ENSMUSG00000024208	UQCC2	ENSMFAG00000039620	ortholog_one2one	1	80.9859
Uqcrc1	ENSMUSG00000025651	UQCRC1	ENSMFAG00000041533	ortholog_one2one	1	88.9583
Urb1	ENSMUSG00000039929	URB1	ENSMFAG00000034391	ortholog_one2one	1	75.4941
Urb2	ENSMUSG00000031976	URB2	ENSMFAG00000039905	ortholog_one2one	1	71.6535
Urgcp	ENSMUSG00000049680	URGCP	ENSMFAG00000034049	ortholog_one2one	1	86.863
Uri1	ENSMUSG00000030421	URI1	ENSMFAG00000044813	ortholog_one2one	1	69.6798
Urm1	ENSMUSG00000069020	URM1	ENSMFAG00000035214	ortholog_one2one	1	78.2178
Uroc1	ENSMUSG00000034456	UROC1	ENSMFAG00000042232	ortholog_one2one	1	91.2722
Urod	ENSMUSG00000028684	UROD	ENSMFAG00000032524	ortholog_one2one	1	92.0981
Uros	ENSMUSG00000030979	UROS	ENSMFAG00000043500	ortholog_one2one	1	67.5472
Usb1	ENSMUSG00000031792	USB1	ENSMFAG00000003926	ortholog_one2one	1	81.2734
Use1	ENSMUSG00000002395	USE1	ENSMFAG00000039292	ortholog_one2one	1	84.0741
Usf1	ENSMUSG00000026641	USF1	ENSMFAG00000039980	ortholog_one2one	1	98.3871
Usf2	ENSMUSG00000058239	USF2	ENSMFAG00000038362	ortholog_one2one	1	97.9769
Usf3	ENSMUSG00000068284	USF3	ENSMFAG00000032462	ortholog_one2one	1	83.9712
Ush1c	ENSMUSG00000030838	USH1C	ENSMFAG00000000184	ortholog_one2one	1	92.3719
Ush1g	ENSMUSG00000045288	USH1G	ENSMFAG00000033616	ortholog_one2one	1	95.6616
Ush2a	ENSMUSG00000026609	USH2A	ENSMFAG00000043973	ortholog_one2one	1	71.3075
Ushbp1	ENSMUSG00000034911	USHBP1	ENSMFAG00000037623	ortholog_one2one	1	59.8529
Uso1	ENSMUSG00000029407	USO1	ENSMFAG00000037889	ortholog_one2one	1	92.7007
Usp1	ENSMUSG00000028560	USP1	ENSMFAG00000043530	ortholog_one2one	1	88.648
Usp10	ENSMUSG00000031826	USP10	ENSMFAG00000003073	ortholog_one2one	1	82.5977
Usp11	ENSMUSG00000031066	USP11	ENSMFAG00000043917	ortholog_one2one	1	75.4615
Usp12	ENSMUSG00000029640	USP12	ENSMFAG00000031734	ortholog_one2one	1	98.3784
Usp13	ENSMUSG00000056900	USP13	ENSMFAG00000042834	ortholog_one2one	1	95.9491
Usp14	ENSMUSG00000047879	USP14	ENSMFAG00000001226	ortholog_one2one	1	96.5517
Usp15	ENSMUSG00000020124	USP15	ENSMFAG00000000078	ortholog_one2one	1	97.6891
Usp16	ENSMUSG00000025616	USP16	ENSMFAG00000044627	ortholog_one2one	1	77.5758
Usp19	ENSMUSG00000006676	USP19	ENSMFAG00000040355	ortholog_one2one	1	88.9209
Usp20	ENSMUSG00000026854	USP20	ENSMFAG00000001850	ortholog_one2one	1	92.2489
Usp21	ENSMUSG00000053483	USP21	ENSMFAG00000036783	ortholog_one2one	1	96.4664
Usp24	ENSMUSG00000028514	USP24	ENSMFAG00000004054	ortholog_one2one	1	89.3439
Usp25	ENSMUSG00000022867	USP25	ENSMFAG00000039436	ortholog_one2one	1	93.8389
Usp27x	ENSMUSG00000046269	USP27X	ENSMFAG00000035150	ortholog_one2one	1	96.347
Usp28	ENSMUSG00000032267	USP28	ENSMFAG00000042145	ortholog_one2one	1	88.0114
Usp3	ENSMUSG00000032376	USP3	ENSMFAG00000016075	ortholog_one2one	1	89.0385
Usp30	ENSMUSG00000029592	USP30	ENSMFAG00000040319	ortholog_one2one	1	89.7486
Usp31	ENSMUSG00000063317	USP31	ENSMFAG00000036053	ortholog_one2one	1	88.8393
Usp33	ENSMUSG00000025437	USP33	ENSMFAG00000046123	ortholog_one2one	1	87.7888
Usp34	ENSMUSG00000056342	USP34	ENSMFAG00000043581	ortholog_one2one	1	95.7286
Usp35	ENSMUSG00000035713	USP35	ENSMFAG00000001255	ortholog_one2one	1	63.0327
Usp36	ENSMUSG00000033909	USP36	ENSMFAG00000003093	ortholog_one2one	1	73.8616
Usp37	ENSMUSG00000033364	USP37	ENSMFAG00000003758	ortholog_one2one	1	83.3504
Usp38	ENSMUSG00000038250	USP38	ENSMFAG00000031506	ortholog_one2one	1	90.595
Usp39	ENSMUSG00000056305	USP39	ENSMFAG00000041090	ortholog_one2one	1	87.0567
Usp4	ENSMUSG00000032612	USP4	ENSMFAG00000043326	ortholog_one2one	1	90.2287
Usp40	ENSMUSG00000005501	USP40	ENSMFAG00000036495	ortholog_one2one	1	79.6761
Usp43	ENSMUSG00000020905	USP43	ENSMFAG00000038797	ortholog_one2one	1	72.7915
Usp44	ENSMUSG00000020020	USP44	ENSMFAG00000002328	ortholog_one2one	1	79.6062
Usp45	ENSMUSG00000040455	USP45	ENSMFAG00000038745	ortholog_one2one	1	78.2288
Usp46	ENSMUSG00000054814	USP46	ENSMFAG00000041158	ortholog_one2one	1	97.541
Usp47	ENSMUSG00000059263	USP47	ENSMFAG00000043486	ortholog_one2one	1	91.9701
Usp48	ENSMUSG00000043411	USP48	ENSMFAG00000039193	ortholog_one2one	1	93.6293
Usp5	ENSMUSG00000038429	USP5	ENSMFAG00000000814	ortholog_one2one	1	97.7245
Usp50	ENSMUSG00000027364	USP50	ENSMFAG00000043824	ortholog_one2one	1	77.1795
Usp53	ENSMUSG00000039701	USP53	ENSMFAG00000045201	ortholog_one2one	1	74.6492
Usp54	ENSMUSG00000034235	USP54	ENSMFAG00000001363	ortholog_one2one	1	79.9118
Usp7	ENSMUSG00000022710	USP7	ENSMFAG00000040158	ortholog_one2one	1	97.0082
Usp9x	ENSMUSG00000031010	USP9X	ENSMFAG00000025475	ortholog_one2one	1	92.8348
Ust	ENSMUSG00000047712	UST	ENSMFAG00000036448	ortholog_one2one	1	96.0688
Utp11	ENSMUSG00000028907	UTP11	ENSMFAG00000030442	ortholog_one2one	1	86.166
Utp15	ENSMUSG00000041747	UTP15	ENSMFAG00000031908	ortholog_one2one	1	87.8788
Utp18	ENSMUSG00000054079	UTP18	ENSMFAG00000034325	ortholog_one2one	1	81.3406
Utp20	ENSMUSG00000004356	UTP20	ENSMFAG00000037766	ortholog_one2one	1	85.8731
Utp23	ENSMUSG00000022313	UTP23	ENSMFAG00000003374	ortholog_one2one	1	87.1486
Utp25	ENSMUSG00000016181	UTP25	ENSMFAG00000001353	ortholog_one2one	1	86.1979
Utp3	ENSMUSG00000070697	UTP3	ENSMFAG00000013579	ortholog_one2one	1	85.9275
Utp4	ENSMUSG00000041438	UTP4	ENSMFAG00000044575	ortholog_one2one	1	87.3178
Utp6	ENSMUSG00000035575	UTP6	ENSMFAG00000038842	ortholog_one2one	1	86.0972
Utrn	ENSMUSG00000019820	UTRN	ENSMFAG00000033914	ortholog_one2one	1	87.0262
Uvrag	ENSMUSG00000035354	UVRAG	ENSMFAG00000001657	ortholog_one2one	1	74.9284
Uvssa	ENSMUSG00000037355	UVSSA	ENSMFAG00000045124	ortholog_one2one	1	72.9428
Uxs1	ENSMUSG00000057363	UXS1	ENSMFAG00000001172	ortholog_one2one	1	90.7143
Uxt	ENSMUSG00000001134	UXT	ENSMFAG00000002442	ortholog_one2one	1	91.0828
Vac14	ENSMUSG00000010936	VAC14	ENSMFAG00000040036	ortholog_one2one	1	83.1202
Vamp1	ENSMUSG00000030337	VAMP1	ENSMFAG00000035441	ortholog_one2one	1	51.5556
Vamp2	ENSMUSG00000020894	VAMP2	ENSMFAG00000031462	ortholog_one2one	1	66.2577
Vamp3	ENSMUSG00000028955	VAMP3	ENSMFAG00000048362	ortholog_one2one	1	60.4167
Vamp4	ENSMUSG00000026696	VAMP4	ENSMFAG00000031870	ortholog_one2one	1	97.1631
Vamp5	ENSMUSG00000073002	VAMP5	ENSMFAG00000009769	ortholog_one2one	1	81.3726
Vamp8	ENSMUSG00000050732	VAMP8	ENSMFAG00000034493	ortholog_one2one	1	86.1386
Vangl1	ENSMUSG00000027860	VANGL1	ENSMFAG00000000860	ortholog_one2one	1	95.6274
Vangl2	ENSMUSG00000026556	VANGL2	ENSMFAG00000033897	ortholog_one2one	1	99.6161
Vapb	ENSMUSG00000054455	VAPB	ENSMFAG00000034610	ortholog_one2one	1	90.1235
Vars1	ENSMUSG00000007029	VARS1	ENSMFAG00000001032	ortholog_one2one	1	89.0736
Vars2	ENSMUSG00000038838	VARS2	ENSMFAG00000042367	ortholog_one2one	1	83.4906
Vash1	ENSMUSG00000021256	VASH1	ENSMFAG00000032260	ortholog_one2one	1	74.6667
Vash2	ENSMUSG00000037568	VASH2	ENSMFAG00000041909	ortholog_one2one	1	97.4648
Vasp	ENSMUSG00000030403	VASP	ENSMFAG00000036820	ortholog_one2one	1	87.4667
Vat1	ENSMUSG00000034993	VAT1	ENSMFAG00000003023	ortholog_one2one	1	89.1626
Vat1l	ENSMUSG00000046844	VAT1L	ENSMFAG00000034237	ortholog_one2one	1	98.5611
Vav1	ENSMUSG00000034116	VAV1	ENSMFAG00000039752	ortholog_one2one	1	91.3609
Vav2	ENSMUSG00000009621	VAV2	ENSMFAG00000004024	ortholog_one2one	1	90.3226
Vax1	ENSMUSG00000006270	VAX1	ENSMFAG00000044674	ortholog_one2one	1	94.3787
Vax2	ENSMUSG00000034777	VAX2	ENSMFAG00000038576	ortholog_one2one	1	69.863
Vbp1	ENSMUSG00000031197	VBP1	ENSMFAG00000032032	ortholog_one2one	1	97.9592
Vcam1	ENSMUSG00000027962	VCAM1	ENSMFAG00000028887	ortholog_one2one	1	75.6428
Vcan	ENSMUSG00000021614	VCAN	ENSMFAG00000032675	ortholog_one2one	1	63.4764
Vcl	ENSMUSG00000021823	VCL	ENSMFAG00000047574	ortholog_one2one	1	98.6772
Vcp	ENSMUSG00000028452	VCP	ENSMFAG00000029974	ortholog_one2one	1	100
Vcpip1	ENSMUSG00000045210	VCPIP1	ENSMFAG00000031366	ortholog_one2one	1	95.6557
Vcpkmt	ENSMUSG00000049882	VCPKMT	ENSMFAG00000033945	ortholog_one2one	1	91.2281
Vdac2	ENSMUSG00000021771	VDAC2	ENSMFAG00000038869	ortholog_one2one	1	97.5265
Vdr	ENSMUSG00000022479	VDR	ENSMFAG00000040856	ortholog_one2one	1	89.0995
Vegfc	ENSMUSG00000031520	VEGFC	ENSMFAG00000003745	ortholog_one2one	1	85.0602
Vegfd	ENSMUSG00000031380	VEGFD	ENSMFAG00000036854	ortholog_one2one	1	84.0782
Veph1	ENSMUSG00000027831	VEPH1	ENSMFAG00000043410	ortholog_one2one	1	85.114
Vezf1	ENSMUSG00000018377	VEZF1	ENSMFAG00000002811	ortholog_one2one	1	98.8417
Vezt	ENSMUSG00000036099	VEZT	ENSMFAG00000039266	ortholog_one2one	1	81.5051
Vgll3	ENSMUSG00000091243	VGLL3	ENSMFAG00000003253	ortholog_one2one	1	88.3077
Vgll4	ENSMUSG00000030315	VGLL4	ENSMFAG00000009745	ortholog_one2one	1	88.8502
Vhl	ENSMUSG00000033933	VHL	ENSMFAG00000061328	ortholog_one2one	1	84.5304
Vil1	ENSMUSG00000026175	VIL1	ENSMFAG00000043203	ortholog_one2one	1	89.1173
Vill	ENSMUSG00000038775	VILL	ENSMFAG00000002052	ortholog_one2one	1	71.5949
Vim	ENSMUSG00000026728	VIM	ENSMFAG00000003332	ortholog_one2one	1	97.2103
Vip	ENSMUSG00000019772	VIP	ENSMFAG00000040930	ortholog_one2one	1	78.3626
Vipas39	ENSMUSG00000021038	VIPAS39	ENSMFAG00000004659	ortholog_one2one	1	95.5193
Vipr1	ENSMUSG00000032528	VIPR1	ENSMFAG00000044690	ortholog_one2one	1	74.7277
Virma	ENSMUSG00000040720	VIRMA	ENSMFAG00000041706	ortholog_one2one	1	96.1347
Vit	ENSMUSG00000024076	VIT	ENSMFAG00000044880	ortholog_one2one	1	84.4615
Vldlr	ENSMUSG00000024924	VLDLR	ENSMFAG00000032374	ortholog_one2one	1	96.4497
Vmo1	ENSMUSG00000020830	VMO1	ENSMFAG00000001718	ortholog_one2one	1	68.1592
Vmp1	ENSMUSG00000018171	VMP1	ENSMFAG00000032772	ortholog_one2one	1	94.5813
Vnn1	ENSMUSG00000037440	VNN1	ENSMFAG00000044253	ortholog_one2one	1	75.3906
Vps11	ENSMUSG00000032127	VPS11	ENSMFAG00000036620	ortholog_one2one	1	97.8746
Vps13a	ENSMUSG00000046230	VPS13A	ENSMFAG00000001206	ortholog_one2one	1	85.0284
Vps13b	ENSMUSG00000037646	VPS13B	ENSMFAG00000034665	ortholog_one2one	1	87.1525
Vps13c	ENSMUSG00000035284	VPS13C	ENSMFAG00000001003	ortholog_one2one	1	86.5795
Vps13d	ENSMUSG00000020220	VPS13D	ENSMFAG00000044460	ortholog_one2one	1	93.2646
Vps16	ENSMUSG00000027411	VPS16	ENSMFAG00000033888	ortholog_one2one	1	89.1538
Vps18	ENSMUSG00000034216	VPS18	ENSMFAG00000001262	ortholog_one2one	1	95.5807
Vps25	ENSMUSG00000078656	VPS25	ENSMFAG00000062659	ortholog_one2many	1	78.9773
Vps26a	ENSMUSG00000020078	VPS26A	ENSMFAG00000042937	ortholog_one2one	1	98.7768
Vps26b	ENSMUSG00000031988	VPS26B	ENSMFAG00000038681	ortholog_one2one	1	98.8095
Vps26c	ENSMUSG00000022898	VPS26C	ENSMFAG00000041827	ortholog_one2one	1	84.1751
Vps28	ENSMUSG00000115987	VPS28	ENSMFAG00000040271	ortholog_one2one	1	68.7783
Vps29	ENSMUSG00000029462	VPS29	ENSMFAG00000002612	ortholog_one2one	1	99.4505
Vps33a	ENSMUSG00000029434	VPS33A	ENSMFAG00000019477	ortholog_one2one	1	93.6455
Vps35l	ENSMUSG00000030982	VPS35L	ENSMFAG00000002864	ortholog_one2one	1	93.4579
Vps36	ENSMUSG00000031479	VPS36	ENSMFAG00000042233	ortholog_one2one	1	95.5959
Vps37a	ENSMUSG00000031600	VPS37A	ENSMFAG00000003278	ortholog_one2one	1	84.8867
Vps37b	ENSMUSG00000066278	VPS37B	ENSMFAG00000040044	ortholog_one2one	1	78.5965
Vps37d	ENSMUSG00000043614	VPS37D	ENSMFAG00000038378	ortholog_one2one	1	91.5709
Vps39	ENSMUSG00000027291	VPS39	ENSMFAG00000037364	ortholog_one2one	1	96.9143
Vps41	ENSMUSG00000041236	VPS41	ENSMFAG00000041501	ortholog_one2one	1	94.49
Vps45	ENSMUSG00000015747	VPS45	ENSMFAG00000032727	ortholog_one2one	1	94.0351
Vps4a	ENSMUSG00000031913	VPS4A	ENSMFAG00000001733	ortholog_one2one	1	62.2426
Vps4b	ENSMUSG00000009907	VPS4B	ENSMFAG00000042282	ortholog_one2one	1	95.045
Vps50	ENSMUSG00000001376	VPS50	ENSMFAG00000044129	ortholog_one2one	1	95.0207
Vps53	ENSMUSG00000017288	VPS53	ENSMFAG00000002507	ortholog_one2one	1	96.3942
Vps54	ENSMUSG00000020128	VPS54	ENSMFAG00000042525	ortholog_one2one	1	92.9376
Vps8	ENSMUSG00000033653	VPS8	ENSMFAG00000044357	ortholog_one2one	1	92.9923
Vps9d1	ENSMUSG00000001062	VPS9D1	ENSMFAG00000032869	ortholog_one2one	1	75.8089
Vrk1	ENSMUSG00000021115	VRK1	ENSMFAG00000040460	ortholog_one2one	1	88.3838
Vrk2	ENSMUSG00000064090	VRK2	ENSMFAG00000031394	ortholog_one2one	1	67.9921
Vrk3	ENSMUSG00000002205	VRK3	ENSMFAG00000003806	ortholog_one2one	1	74.3929
Vrtn	ENSMUSG00000071235	VRTN	ENSMFAG00000011666	ortholog_one2one	1	70
Vsig1	ENSMUSG00000031430	VSIG1	ENSMFAG00000028316	ortholog_one2one	1	65.3563
Vsig10	ENSMUSG00000066894	VSIG10	ENSMFAG00000023995	ortholog_one2one	1	65.7706
Vsig10l2	ENSMUSG00000098590	VSIG10L2	ENSMFAG00000038033	ortholog_one2one	1	74.3557
Vsig2	ENSMUSG00000001943	VSIG2	ENSMFAG00000046060	ortholog_one2one	1	80.4878
Vsig8	ENSMUSG00000049598	VSIG8	ENSMFAG00000003273	ortholog_one2one	1	78.8969
Vsir	ENSMUSG00000020101	VSIR	ENSMFAG00000031339	ortholog_one2one	1	57.9288
Vsnl1	ENSMUSG00000054459	VSNL1	ENSMFAG00000063922	ortholog_one2one	1	100
Vstm2a	ENSMUSG00000048834	VSTM2A	ENSMFAG00000038380	ortholog_one2one	1	84.322
Vstm2l	ENSMUSG00000037843	VSTM2L	ENSMFAG00000031475	ortholog_one2one	1	58.9109
Vstm4	ENSMUSG00000050666	VSTM4	ENSMFAG00000041628	ortholog_one2one	1	86.8339
Vstm5	ENSMUSG00000031937	VSTM5	ENSMFAG00000054321	ortholog_one2one	1	76.8844
Vsx1	ENSMUSG00000033080	VSX1	ENSMFAG00000043885	ortholog_one2one	1	70.5234
Vsx2	ENSMUSG00000021239	VSX2	ENSMFAG00000050163	ortholog_one2one	1	96.6759
Vta1	ENSMUSG00000019868	VTA1	ENSMFAG00000032780	ortholog_one2one	1	91.2621
Vtcn1	ENSMUSG00000051076	VTCN1	ENSMFAG00000037561	ortholog_one2one	1	83.0389
Vti1a	ENSMUSG00000024983	VTI1A	ENSMFAG00000048356	ortholog_one2one	1	86.1751
Vtn	ENSMUSG00000017344	VTN	ENSMFAG00000033337	ortholog_one2one	1	74.6862
Vwa2	ENSMUSG00000025082	VWA2	ENSMFAG00000022092	ortholog_one2one	1	78.8875
Vwa3a	ENSMUSG00000030889	VWA3A	ENSMFAG00000033453	ortholog_one2one	1	72.2997
Vwa3b	ENSMUSG00000050122	VWA3B	ENSMFAG00000042363	ortholog_one2one	1	71.7445
Vwa5b1	ENSMUSG00000028753	VWA5B1	ENSMFAG00000031936	ortholog_one2one	1	72.9218
Vwa5b2	ENSMUSG00000046613	VWA5B2	ENSMFAG00000033707	ortholog_one2one	1	78.3871
Vwa7	ENSMUSG00000007030	VWA7	ENSMFAG00000039665	ortholog_one2one	1	81.7059
Vwa8	ENSMUSG00000058997	VWA8	ENSMFAG00000036408	ortholog_one2one	1	83.832
Vwc2l	ENSMUSG00000045648	VWC2L	ENSMFAG00000004450	ortholog_one2one	1	98.6487
Vwf	ENSMUSG00000001930	VWF	ENSMFAG00000039466	ortholog_one2one	1	82.7942
Wapl	ENSMUSG00000041408	WAPL	ENSMFAG00000036863	ortholog_one2one	1	93
Wars2	ENSMUSG00000004233	WARS2	ENSMFAG00000001270	ortholog_one2one	1	85.8333
Was	ENSMUSG00000031165	WAS	ENSMFAG00000034169	ortholog_one2one	1	80.7692
Wasf1	ENSMUSG00000019831	WASF1	ENSMFAG00000002297	ortholog_one2one	1	98.2111
Wasf2	ENSMUSG00000028868	WASF2	ENSMFAG00000001141	ortholog_one2one	1	81.2877
Wasf3	ENSMUSG00000029636	WASF3	ENSMFAG00000006706	ortholog_one2one	1	94.012
Washc3	ENSMUSG00000020056	WASHC3	ENSMFAG00000016561	ortholog_one2one	1	84.0206
Washc4	ENSMUSG00000034560	WASHC4	ENSMFAG00000044577	ortholog_one2one	1	96.5047
Washc5	ENSMUSG00000022350	WASHC5	ENSMFAG00000031164	ortholog_one2one	1	95.5997
Wasl	ENSMUSG00000029684	WASL	ENSMFAG00000043459	ortholog_one2one	1	96.008
Wbp1	ENSMUSG00000030035	WBP1	ENSMFAG00000015518	ortholog_one2one	1	80.6691
Wbp1l	ENSMUSG00000047731	WBP1L	ENSMFAG00000042677	ortholog_one2one	1	86.9919
Wbp2	ENSMUSG00000034341	WBP2	ENSMFAG00000031565	ortholog_one2one	1	84.6743
Wbp2nl	ENSMUSG00000022455	WBP2NL	ENSMFAG00000034650	ortholog_one2one	1	51.2535
Wbp4	ENSMUSG00000022023	WBP4	ENSMFAG00000034268	ortholog_one2one	1	77.1277
Wdcp	ENSMUSG00000051721	WDCP	ENSMFAG00000031254	ortholog_one2one	1	61.831
Wdfy1	ENSMUSG00000073643	WDFY1	ENSMFAG00000046048	ortholog_one2one	1	96.5854
Wdfy4	ENSMUSG00000051506	WDFY4	ENSMFAG00000003522	ortholog_one2one	1	81.464
Wdhd1	ENSMUSG00000037572	WDHD1	ENSMFAG00000032915	ortholog_one2one	1	83.7209
Wdpcp	ENSMUSG00000020319	WDPCP	ENSMFAG00000033390	ortholog_one2one	1	77.5623
Wdr1	ENSMUSG00000005103	WDR1	ENSMFAG00000003069	ortholog_one2one	1	95.8746
Wdr11	ENSMUSG00000042055	WDR11	ENSMFAG00000031615	ortholog_one2one	1	94.4399
Wdr12	ENSMUSG00000026019	WDR12	ENSMFAG00000044326	ortholog_one2one	1	80.3783
Wdr13	ENSMUSG00000031166	WDR13	ENSMFAG00000038642	ortholog_one2one	1	97.732
Wdr17	ENSMUSG00000039375	WDR17	ENSMFAG00000043874	ortholog_one2one	1	88.5271
Wdr19	ENSMUSG00000037890	WDR19	ENSMFAG00000001104	ortholog_one2one	1	88.3669
Wdr20	ENSMUSG00000037957	WDR20	ENSMFAG00000028407	ortholog_one2many	1	97.5395
Wdr24	ENSMUSG00000025737	WDR24	ENSMFAG00000031351	ortholog_one2one	1	95.1899
Wdr25	ENSMUSG00000040877	WDR25	ENSMFAG00000032769	ortholog_one2one	1	77.9439
Wdr26	ENSMUSG00000038733	WDR26	ENSMFAG00000036710	ortholog_one2one	1	98.2839
Wdr27	ENSMUSG00000046991	WDR27	ENSMFAG00000031361	ortholog_one2one	1	63.8788
Wdr3	ENSMUSG00000033285	WDR3	ENSMFAG00000034570	ortholog_one2one	1	91.0828
Wdr31	ENSMUSG00000028391	WDR31	ENSMFAG00000038602	ortholog_one2one	1	82.5613
Wdr33	ENSMUSG00000024400	WDR33	ENSMFAG00000005367	ortholog_one2one	1	96.4662
Wdr35	ENSMUSG00000066643	WDR35	ENSMFAG00000034406	ortholog_one2one	1	92.2222
Wdr37	ENSMUSG00000021147	WDR37	ENSMFAG00000030644	ortholog_one2one	1	97.379
Wdr38	ENSMUSG00000035295	WDR38	ENSMFAG00000038461	ortholog_one2one	1	74.9175
Wdr41	ENSMUSG00000042015	WDR41	ENSMFAG00000002206	ortholog_one2one	1	82.1739
Wdr43	ENSMUSG00000041057	WDR43	ENSMFAG00000031243	ortholog_one2one	1	87.0015
Wdr45	ENSMUSG00000039382	WDR45	ENSMFAG00000032970	ortholog_one2one	1	97.7778
Wdr45b	ENSMUSG00000025173	WDR45B	ENSMFAG00000032561	ortholog_one2one	1	82.2674
Wdr46	ENSMUSG00000024312	WDR46	ENSMFAG00000000475	ortholog_one2one	1	83.7621
Wdr48	ENSMUSG00000032512	WDR48	ENSMFAG00000041723	ortholog_one2one	1	98.8166
Wdr5	ENSMUSG00000026917	WDR5	ENSMFAG00000039367	ortholog_one2one	1	100
Wdr53	ENSMUSG00000022787	WDR53	ENSMFAG00000040985	ortholog_one2one	1	83.2402
Wdr54	ENSMUSG00000030032	WDR54	ENSMFAG00000045305	ortholog_one2one	1	89.521
Wdr55	ENSMUSG00000042660	WDR55	ENSMFAG00000001095	ortholog_one2one	1	87.1134
Wdr59	ENSMUSG00000031959	WDR59	ENSMFAG00000036379	ortholog_one2one	1	95.9959
Wdr6	ENSMUSG00000066357	WDR6	ENSMFAG00000037294	ortholog_one2one	1	85.4222
Wdr62	ENSMUSG00000037020	WDR62	ENSMFAG00000045599	ortholog_one2one	1	76.1155
Wdr64	ENSMUSG00000026523	WDR64	ENSMFAG00000032673	ortholog_one2one	1	81.1808
Wdr7	ENSMUSG00000040560	WDR7	ENSMFAG00000033483	ortholog_one2one	1	95.4701
Wdr70	ENSMUSG00000039828	WDR70	ENSMFAG00000030910	ortholog_one2one	1	90.7154
Wdr72	ENSMUSG00000044976	WDR72	ENSMFAG00000046332	ortholog_one2one	1	79.4011
Wdr73	ENSMUSG00000025722	WDR73	ENSMFAG00000003880	ortholog_one2one	1	78.4367
Wdr74	ENSMUSG00000042729	WDR74	ENSMFAG00000034162	ortholog_one2one	1	89.5833
Wdr75	ENSMUSG00000025995	WDR75	ENSMFAG00000039326	ortholog_one2one	1	84.6988
Wdr77	ENSMUSG00000000561	WDR77	ENSMFAG00000030055	ortholog_one2one	1	90.6433
Wdr82	ENSMUSG00000020257	WDR82	ENSMFAG00000065212	ortholog_one2one	1	100
Wdr86	ENSMUSG00000055235	WDR86	ENSMFAG00000000892	ortholog_one2one	1	69.7368
Wdr89	ENSMUSG00000045690	WDR89	ENSMFAG00000021342	ortholog_one2one	1	81.0881
Wdr91	ENSMUSG00000058486	WDR91	ENSMFAG00000003112	ortholog_one2one	1	92.1123
Wdr93	ENSMUSG00000039099	WDR93	ENSMFAG00000035737	ortholog_one2one	1	62.3022
Wdsub1	ENSMUSG00000026988	WDSUB1	ENSMFAG00000023412	ortholog_one2one	1	82.0675
Wdtc1	ENSMUSG00000037622	WDTC1	ENSMFAG00000040733	ortholog_one2one	1	97.0458
Wee1	ENSMUSG00000031016	WEE1	ENSMFAG00000034468	ortholog_one2one	1	90.2477
Wee2	ENSMUSG00000037159	WEE2	ENSMFAG00000038833	ortholog_one2one	1	68.6487
Wfdc1	ENSMUSG00000023336	WFDC1	ENSMFAG00000059724	ortholog_one2one	1	80.5687
Wfdc5	ENSMUSG00000040154	WFDC5	ENSMFAG00000043142	ortholog_one2one	1	65.0794
Wfikkn2	ENSMUSG00000044177	WFIKKN2	ENSMFAG00000041670	ortholog_one2one	1	92.2942
Wfs1	ENSMUSG00000039474	WFS1	ENSMFAG00000040639	ortholog_one2one	1	87.191
Whamm	ENSMUSG00000045795	WHAMM	ENSMFAG00000001026	ortholog_one2one	1	67.7175
Wif1	ENSMUSG00000020218	WIF1	ENSMFAG00000038475	ortholog_one2one	1	94.1953
Wipf1	ENSMUSG00000075284	WIPF1	ENSMFAG00000034165	ortholog_one2one	1	90.2637
Wipf2	ENSMUSG00000038013	WIPF2	ENSMFAG00000039043	ortholog_one2one	1	94.3182
Wipf3	ENSMUSG00000086040	WIPF3	ENSMFAG00000036122	ortholog_one2one	1	72.4638
Wipi1	ENSMUSG00000041895	WIPI1	ENSMFAG00000039344	ortholog_one2one	1	90.3587
Wipi2	ENSMUSG00000029578	WIPI2	ENSMFAG00000044800	ortholog_one2one	1	96.7059
Wiz	ENSMUSG00000024050	WIZ	ENSMFAG00000039361	ortholog_one2one	1	74.9555
Wnk1	ENSMUSG00000045962	WNK1	ENSMFAG00000038865	ortholog_one2one	1	85.3131
Wnk3	ENSMUSG00000041245	WNK3	ENSMFAG00000031003	ortholog_one2one	1	80.7602
Wnt1	ENSMUSG00000022997	WNT1	ENSMFAG00000034644	ortholog_one2one	1	98.6487
Wnt10a	ENSMUSG00000026167	WNT10A	ENSMFAG00000040659	ortholog_one2one	1	70.024
Wnt10b	ENSMUSG00000022996	WNT10B	ENSMFAG00000043880	ortholog_one2one	1	95.8869
Wnt11	ENSMUSG00000015957	WNT11	ENSMFAG00000043196	ortholog_one2one	1	96.6102
Wnt16	ENSMUSG00000029671	WNT16	ENSMFAG00000031359	ortholog_one2one	1	90.6593
Wnt2	ENSMUSG00000010797	WNT2	ENSMFAG00000044147	ortholog_one2one	1	96.6667
Wnt2b	ENSMUSG00000027840	WNT2B	ENSMFAG00000002295	ortholog_one2one	1	76.0925
Wnt3	ENSMUSG00000000125	WNT3	ENSMFAG00000030050	ortholog_one2one	1	98.8732
Wnt3a	ENSMUSG00000009900	WNT3A	ENSMFAG00000042689	ortholog_one2one	1	94.8864
Wnt4	ENSMUSG00000036856	WNT4	ENSMFAG00000045973	ortholog_one2one	1	98.8604
Wnt5a	ENSMUSG00000021994	WNT5A	ENSMFAG00000041614	ortholog_one2one	1	91.5789
Wnt7a	ENSMUSG00000030093	WNT7A	ENSMFAG00000044809	ortholog_one2one	1	99.1404
Wnt8a	ENSMUSG00000012282	WNT8A	ENSMFAG00000045242	ortholog_one2one	1	75.1412
Wnt8b	ENSMUSG00000036961	WNT8B	ENSMFAG00000035598	ortholog_one2one	1	90.7609
Wnt9a	ENSMUSG00000000126	WNT9A	ENSMFAG00000062558	ortholog_one2one	1	87.1233
Wnt9b	ENSMUSG00000018486	WNT9B	ENSMFAG00000040531	ortholog_one2one	1	87.4652
Wrap53	ENSMUSG00000041346	WRAP53	ENSMFAG00000033679	ortholog_one2one	1	79.3233
Wrap73	ENSMUSG00000029029	WRAP73	ENSMFAG00000001728	ortholog_one2one	1	87.6623
Wrn	ENSMUSG00000031583	WRN	ENSMFAG00000043428	ortholog_one2one	1	71.449
Wrnip1	ENSMUSG00000021400	WRNIP1	ENSMFAG00000001313	ortholog_one2one	1	65
Wscd1	ENSMUSG00000020811	WSCD1	ENSMFAG00000003388	ortholog_one2one	1	85.1399
Wt1	ENSMUSG00000016458	WT1	ENSMFAG00000030746	ortholog_one2one	1	92.4565
Wtap	ENSMUSG00000060475	WTAP	ENSMFAG00000035453	ortholog_one2one	1	95.9596
Wwc1	ENSMUSG00000018849	WWC1	ENSMFAG00000039601	ortholog_one2one	1	91.7572
Wwc2	ENSMUSG00000031563	WWC2	ENSMFAG00000033741	ortholog_one2one	1	78.6858
Wwox	ENSMUSG00000004637	WWOX	ENSMFAG00000037127	ortholog_one2one	1	92.9952
Wwp1	ENSMUSG00000041058	WWP1	ENSMFAG00000045719	ortholog_one2one	1	91.0675
Wwp2	ENSMUSG00000031930	WWP2	ENSMFAG00000039657	ortholog_one2one	1	95.7471
Xab2	ENSMUSG00000019470	XAB2	ENSMFAG00000029553	ortholog_one2one	1	94.152
Xcr1	ENSMUSG00000060509	XCR1	ENSMFAG00000006941	ortholog_one2one	1	72.6708
Xdh	ENSMUSG00000024066	XDH	ENSMFAG00000002614	ortholog_one2one	1	88.6891
Xiap	ENSMUSG00000025860	XIAP	ENSMFAG00000036172	ortholog_one2one	1	90.121
Xirp2	ENSMUSG00000027022	XIRP2	ENSMFAG00000000943	ortholog_one2one	1	71.5116
Xkr6	ENSMUSG00000035067	XKR6	ENSMFAG00000001089	ortholog_one2one	1	59.2477
Xkr7	ENSMUSG00000042631	XKR7	ENSMFAG00000002091	ortholog_one2one	1	86.7241
Xkr8	ENSMUSG00000037752	XKR8	ENSMFAG00000037317	ortholog_one2one	1	68.5786
Xkr9	ENSMUSG00000067813	XKR9	ENSMFAG00000040868	ortholog_one2one	1	75.3351
Xkrx	ENSMUSG00000031258	XKRX	ENSMFAG00000001920	ortholog_one2one	1	91.0913
Xpa	ENSMUSG00000028329	XPA	ENSMFAG00000001886	ortholog_one2one	1	73.1618
Xpc	ENSMUSG00000030094	XPC	ENSMFAG00000031847	ortholog_one2one	1	75.0538
Xpnpep2	ENSMUSG00000037005	XPNPEP2	ENSMFAG00000040935	ortholog_one2one	1	81.454
Xpnpep3	ENSMUSG00000022401	XPNPEP3	ENSMFAG00000040751	ortholog_one2one	1	90.5138
Xpo1	ENSMUSG00000020290	XPO1	ENSMFAG00000038679	ortholog_one2one	1	97.8525
Xpo4	ENSMUSG00000021952	XPO4	ENSMFAG00000030414	ortholog_one2one	1	98.6968
Xpo5	ENSMUSG00000067150	XPO5	ENSMFAG00000038120	ortholog_one2one	1	87.7907
Xpo7	ENSMUSG00000022100	XPO7	ENSMFAG00000030886	ortholog_one2one	1	98.988
Xpot	ENSMUSG00000034667	XPOT	ENSMFAG00000032644	ortholog_one2one	1	93.1987
Xpr1	ENSMUSG00000026469	XPR1	ENSMFAG00000036802	ortholog_one2one	1	95.2518
Xrcc1	ENSMUSG00000051768	XRCC1	ENSMFAG00000040166	ortholog_one2one	1	86.2124
Xrcc2	ENSMUSG00000028933	XRCC2	ENSMFAG00000045621	ortholog_one2one	1	78.4173
Xrcc3	ENSMUSG00000021287	XRCC3	ENSMFAG00000045469	ortholog_one2one	1	72.4928
Xrcc4	ENSMUSG00000021615	XRCC4	ENSMFAG00000013259	ortholog_one2one	1	75.4601
Xrcc5	ENSMUSG00000026187	XRCC5	ENSMFAG00000039293	ortholog_one2one	1	78.4153
Xrcc6	ENSMUSG00000022471	XRCC6	ENSMFAG00000003352	ortholog_one2many	1	82.7303
Xrn1	ENSMUSG00000032410	XRN1	ENSMFAG00000032599	ortholog_one2one	1	87.26
Xrn2	ENSMUSG00000027433	XRN2	ENSMFAG00000038122	ortholog_one2one	1	96.1094
Xrra1	ENSMUSG00000035211	XRRA1	ENSMFAG00000002984	ortholog_one2one	1	75.5725
Xxylt1	ENSMUSG00000047434	XXYLT1	ENSMFAG00000044564	ortholog_one2one	1	92.8571
Xylt2	ENSMUSG00000020868	XYLT2	ENSMFAG00000043415	ortholog_one2one	1	93.2948
Yaf2	ENSMUSG00000022634	YAF2	ENSMFAG00000035590	ortholog_one2one	1	91.0615
Yap1	ENSMUSG00000053110	YAP1	ENSMFAG00000037027	ortholog_one2one	1	78.8136
Yars1	ENSMUSG00000028811	YARS1	ENSMFAG00000040933	ortholog_one2one	1	90.7197
Yars2	ENSMUSG00000022792	YARS2	ENSMFAG00000032763	ortholog_one2one	1	85.5932
Ybx1	ENSMUSG00000028639	YBX1	ENSMFAG00000065677	ortholog_one2one	1	87.5776
Ybx2	ENSMUSG00000018554	YBX2	ENSMFAG00000039921	ortholog_one2one	1	83.5655
Ybx3	ENSMUSG00000030189	YBX3	ENSMFAG00000039369	ortholog_one2one	1	87.6712
Yeats4	ENSMUSG00000020171	YEATS4	ENSMFAG00000041089	ortholog_one2one	1	99.5595
Yif1a	ENSMUSG00000024875	YIF1A	ENSMFAG00000032511	ortholog_one2one	1	93.1741
Yif1b	ENSMUSG00000030588	YIF1B	ENSMFAG00000034102	ortholog_one2one	1	85.0649
Yipf2	ENSMUSG00000032182	YIPF2	ENSMFAG00000039576	ortholog_one2one	1	81.7308
Yipf3	ENSMUSG00000071074	YIPF3	ENSMFAG00000032170	ortholog_one2one	1	96.5418
Yipf4	ENSMUSG00000024072	YIPF4	ENSMFAG00000031303	ortholog_one2one	1	97.561
Yipf5	ENSMUSG00000024487	YIPF5	ENSMFAG00000001553	ortholog_one2one	1	92.9961
Yipf6	ENSMUSG00000047694	YIPF6	ENSMFAG00000040579	ortholog_one2one	1	83.0508
Yjefn3	ENSMUSG00000048967	YJEFN3	ENSMFAG00000011503	ortholog_one2one	1	81.2749
Yju2b	ENSMUSG00000004994	YJU2B	ENSMFAG00000038616	ortholog_one2one	1	78.4416
Ykt6	ENSMUSG00000002741	YKT6	ENSMFAG00000036001	ortholog_one2many	1	91.4141
Ylpm1	ENSMUSG00000021244	YLPM1	ENSMFAG00000034471	ortholog_one2one	1	89.2473
Yod1	ENSMUSG00000046404	YOD1	ENSMFAG00000030569	ortholog_one2one	1	88.0466
Ypel1	ENSMUSG00000022773	YPEL	ENSMFAG00000032433	ortholog_one2one	1	99.1525
Ypel2	ENSMUSG00000018427	YPEL	ENSMFAG00000058561	ortholog_one2one	1	100
Ypel4	ENSMUSG00000034059	YPEL4	ENSMFAG00000029685	ortholog_one2one	1	99.2126
Ypel5	ENSMUSG00000039770	YPEL	ENSMFAG00000034462	ortholog_one2one	1	100
Yrdc	ENSMUSG00000028889	YRDC	ENSMFAG00000003487	ortholog_one2one	1	72.5
Ythdc2	ENSMUSG00000034653	YTHDC2	ENSMFAG00000033417	ortholog_one2one	1	92.2491
Ythdf1	ENSMUSG00000038848	YTHDF1	ENSMFAG00000042868	ortholog_one2one	1	94.2755
Ythdf2	ENSMUSG00000040025	YTHDF2	ENSMFAG00000026128	ortholog_one2one	1	97.582
Ywhab	ENSMUSG00000018326	YWHAB	ENSMFAG00000043236	ortholog_one2one	1	91.8699
Ywhag	ENSMUSG00000051391	YWHAG	ENSMFAG00000038574	ortholog_one2one	1	100
Ywhaq	ENSMUSG00000076432	YWHAQ	ENSMFAG00000004741	ortholog_one2many	1	93.0612
Ywhaz	ENSMUSG00000022285	YWHAZ	ENSMFAG00000001740	ortholog_one2one	1	99.5918
Yy1	ENSMUSG00000021264	YY1	ENSMFAG00000000108	ortholog_one2one	1	97.343
Zap70	ENSMUSG00000026117	ZAP70	ENSMFAG00000038123	ortholog_one2one	1	85.5987
Zar1l	ENSMUSG00000056586	ZAR1L	ENSMFAG00000061082	ortholog_one2one	1	58.0756
Zbed4	ENSMUSG00000034333	ZBED4	ENSMFAG00000029961	ortholog_one2one	1	82.5342
Zbtb1	ENSMUSG00000033454	ZBTB1	ENSMFAG00000036968	ortholog_one2one	1	94.5302
Zbtb10	ENSMUSG00000069114	ZBTB10	ENSMFAG00000032056	ortholog_one2one	1	80.4878
Zbtb11	ENSMUSG00000022601	ZBTB11	ENSMFAG00000031897	ortholog_one2one	1	89.5238
Zbtb12	ENSMUSG00000049823	ZBTB12	ENSMFAG00000010877	ortholog_one2one	1	97.6035
Zbtb14	ENSMUSG00000049672	ZBTB14	ENSMFAG00000031970	ortholog_one2one	1	99.3318
Zbtb16	ENSMUSG00000066687	ZBTB16	ENSMFAG00000008415	ortholog_one2one	1	96.8796
Zbtb17	ENSMUSG00000006215	ZBTB17	ENSMFAG00000037882	ortholog_one2one	1	92.0655
Zbtb18	ENSMUSG00000063659	ZBTB18	ENSMFAG00000065061	ortholog_one2one	1	99.6234
Zbtb2	ENSMUSG00000075327	ZBTB2	ENSMFAG00000031487	ortholog_one2one	1	95.1362
Zbtb20	ENSMUSG00000022708	ZBTB20	ENSMFAG00000046230	ortholog_one2one	1	97.8408
Zbtb22	ENSMUSG00000051390	ZBTB22	ENSMFAG00000011344	ortholog_one2one	1	86.8339
Zbtb24	ENSMUSG00000019826	ZBTB24	ENSMFAG00000000893	ortholog_one2one	1	79.5775
Zbtb25	ENSMUSG00000056459	ZBTB25	ENSMFAG00000036916	ortholog_one2one	1	89.2938
Zbtb26	ENSMUSG00000050714	ZBTB26	ENSMFAG00000009076	ortholog_one2one	1	93.6364
Zbtb3	ENSMUSG00000071661	ZBTB3	ENSMFAG00000003520	ortholog_one2one	1	84.556
Zbtb34	ENSMUSG00000068966	ZBTB34	ENSMFAG00000014178	ortholog_one2one	1	91.5058
Zbtb37	ENSMUSG00000043467	ZBTB37	ENSMFAG00000000705	ortholog_one2one	1	94.6429
Zbtb38	ENSMUSG00000040433	ZBTB38	ENSMFAG00000021549	ortholog_one2one	1	80.9524
Zbtb39	ENSMUSG00000044617	ZBTB39	ENSMFAG00000012946	ortholog_one2one	1	88.9045
Zbtb4	ENSMUSG00000018750	ZBTB4	ENSMFAG00000000576	ortholog_one2one	1	86.6599
Zbtb40	ENSMUSG00000060862	ZBTB40	ENSMFAG00000043032	ortholog_one2one	1	73.6884
Zbtb41	ENSMUSG00000033964	ZBTB41	ENSMFAG00000042390	ortholog_one2one	1	93.6123
Zbtb42	ENSMUSG00000037638	ZBTB42	ENSMFAG00000029822	ortholog_one2one	1	75
Zbtb43	ENSMUSG00000026788	ZBTB43	ENSMFAG00000030607	ortholog_one2one	1	92.9336
Zbtb44	ENSMUSG00000047412	ZBTB44	ENSMFAG00000038275	ortholog_one2one	1	87.8247
Zbtb46	ENSMUSG00000027583	ZBTB46	ENSMFAG00000042680	ortholog_one2one	1	77.3333
Zbtb48	ENSMUSG00000028952	ZBTB48	ENSMFAG00000001787	ortholog_one2one	1	91.63
Zbtb49	ENSMUSG00000029127	ZBTB49	ENSMFAG00000043670	ortholog_one2one	1	75.1323
Zbtb5	ENSMUSG00000049657	ZBTB5	ENSMFAG00000026468	ortholog_one2one	1	94.0299
Zbtb6	ENSMUSG00000066798	ZBTB6	ENSMFAG00000009223	ortholog_one2one	1	92.6714
Zbtb7b	ENSMUSG00000028042	ZBTB7B	ENSMFAG00000042075	ortholog_one2one	1	90.8088
Zbtb7c	ENSMUSG00000044646	ZBTB7C	ENSMFAG00000031667	ortholog_one2one	1	83.3603
Zbtb8a	ENSMUSG00000028807	ZBTB8A	ENSMFAG00000033145	ortholog_one2one	1	84.1014
Zbtb8b	ENSMUSG00000048485	ZBTB8B	ENSMFAG00000037573	ortholog_one2one	1	54.352
Zbtb8os	ENSMUSG00000057572	ZBTB8OS	ENSMFAG00000033163	ortholog_one2one	1	81.4371
Zbtb9	ENSMUSG00000079605	ZBTB9	ENSMFAG00000025074	ortholog_one2one	1	78.2135
Zc2hc1a	ENSMUSG00000043542	ZC2HC1A	ENSMFAG00000044759	ortholog_one2one	1	81.7901
Zc2hc1b	ENSMUSG00000019815	ZC2HC1B	ENSMFAG00000003825	ortholog_one2one	1	79.0698
Zc2hc1c	ENSMUSG00000045064	ZC2HC1C	ENSMFAG00000013902	ortholog_one2one	1	65.6546
Zc3h10	ENSMUSG00000039810	ZC3H10	ENSMFAG00000027256	ortholog_one2one	1	97.2414
Zc3h12a	ENSMUSG00000042677	ZC3H12A	ENSMFAG00000032647	ortholog_one2one	1	84.0604
Zc3h12b	ENSMUSG00000035045	ZC3H12B	ENSMFAG00000042237	ortholog_one2one	1	90.8982
Zc3h12c	ENSMUSG00000035164	ZC3H12C	ENSMFAG00000042068	ortholog_one2one	1	92.3077
Zc3h14	ENSMUSG00000021012	ZC3H14	ENSMFAG00000032254	ortholog_one2one	1	86.3946
Zc3h15	ENSMUSG00000027091	ZC3H15	ENSMFAG00000001625	ortholog_one2one	1	92.2535
Zc3h18	ENSMUSG00000017478	ZC3H18	ENSMFAG00000002975	ortholog_one2one	1	89.4515
Zc3h3	ENSMUSG00000075600	ZC3H3	ENSMFAG00000036060	ortholog_one2one	1	67.8947
Zc3h6	ENSMUSG00000042851	ZC3H6	ENSMFAG00000036963	ortholog_one2one	1	77.825
Zc3h7a	ENSMUSG00000037965	ZC3H7A	ENSMFAG00000031501	ortholog_one2one	1	85.3608
Zc3h7b	ENSMUSG00000022390	ZC3H7B	ENSMFAG00000037965	ortholog_one2one	1	95.723
Zc3h8	ENSMUSG00000027387	ZC3H8	ENSMFAG00000031522	ortholog_one2one	1	76.0656
Zc3hc1	ENSMUSG00000039130	ZC3HC1	ENSMFAG00000030176	ortholog_one2one	1	82.2355
Zc4h2	ENSMUSG00000035062	ZC4H2	ENSMFAG00000031983	ortholog_one2one	1	89.2857
Zcchc13	ENSMUSG00000031330	ZCCHC13	ENSMFAG00000039978	ortholog_one2one	1	52.9412
Zcchc14	ENSMUSG00000061410	ZCCHC14	ENSMFAG00000044504	ortholog_one2one	1	56.8161
Zcchc17	ENSMUSG00000028772	ZCCHC17	ENSMFAG00000039045	ortholog_one2one	1	94.6058
Zcchc18	ENSMUSG00000031428	ZCCHC18	ENSMFAG00000045388	ortholog_one2many	1	56.9975
Zcchc2	ENSMUSG00000038866	ZCCHC2	ENSMFAG00000033238	ortholog_one2one	1	77.7489
Zcchc3	ENSMUSG00000074682	ZCCHC3	ENSMFAG00000044780	ortholog_one2one	1	80.25
Zcchc4	ENSMUSG00000029179	ZCCHC4	ENSMFAG00000033636	ortholog_one2one	1	77.3438
Zcchc7	ENSMUSG00000035649	ZCCHC7	ENSMFAG00000006899	ortholog_one2one	1	63.9556
Zcchc8	ENSMUSG00000029427	ZCCHC8	ENSMFAG00000045203	ortholog_one2one	1	79.2666
Zcrb1	ENSMUSG00000022635	ZCRB1	ENSMFAG00000039789	ortholog_one2many	1	94.7059
Zcwpw2	ENSMUSG00000032443	ZCWPW2	ENSMFAG00000043324	ortholog_one2one	1	64.0483
Zdhhc1	ENSMUSG00000039199	ZDHHC1	ENSMFAG00000037894	ortholog_one2one	1	70.2479
Zdhhc12	ENSMUSG00000015335	ZDHHC12	ENSMFAG00000002386	ortholog_one2one	1	86.5169
Zdhhc13	ENSMUSG00000030471	ZDHHC13	ENSMFAG00000044093	ortholog_one2one	1	91.4791
Zdhhc14	ENSMUSG00000034265	ZDHHC14	ENSMFAG00000041727	ortholog_one2one	1	80.5726
Zdhhc15	ENSMUSG00000033906	ZDHHC15	ENSMFAG00000041334	ortholog_one2one	1	94.0653
Zdhhc16	ENSMUSG00000025157	ZDHHC16	ENSMFAG00000041608	ortholog_one2one	1	96.6759
Zdhhc17	ENSMUSG00000035798	ZDHHC17	ENSMFAG00000042288	ortholog_one2one	1	98.576
Zdhhc2	ENSMUSG00000039470	ZDHHC2	ENSMFAG00000036891	ortholog_one2one	1	95.3552
Zdhhc21	ENSMUSG00000028403	ZDHHC21	ENSMFAG00000038466	ortholog_one2one	1	97.3585
Zdhhc22	ENSMUSG00000048483	ZDHHC22	ENSMFAG00000061033	ortholog_one2one	1	92.0152
Zdhhc23	ENSMUSG00000036304	ZDHHC23	ENSMFAG00000040621	ortholog_one2one	1	90.5882
Zdhhc24	ENSMUSG00000006463	ZDHHC24	ENSMFAG00000033910	ortholog_one2one	1	88.0282
Zdhhc4	ENSMUSG00000001844	ZDHHC4	ENSMFAG00000002456	ortholog_one2one	1	73.4694
Zdhhc5	ENSMUSG00000034075	ZDHHC5	ENSMFAG00000031545	ortholog_one2one	1	97.4825
Zdhhc6	ENSMUSG00000024982	ZDHHC6	ENSMFAG00000041749	ortholog_one2one	1	92.4939
Zdhhc7	ENSMUSG00000031823	ZDHHC7	ENSMFAG00000042544	ortholog_one2one	1	95.1299
Zdhhc9	ENSMUSG00000036985	ZDHHC9	ENSMFAG00000003427	ortholog_one2one	1	86.2637
Zeb1	ENSMUSG00000024238	ZEB1	ENSMFAG00000042570	ortholog_one2one	1	86.8398
Zeb2	ENSMUSG00000026872	ZEB2	ENSMFAG00000030381	ortholog_one2one	1	96.4008
Zer1	ENSMUSG00000039686	ZER1	ENSMFAG00000040364	ortholog_one2one	1	96.0835
Zfand2b	ENSMUSG00000026197	ZFAND2B	ENSMFAG00000032980	ortholog_one2one	1	90.6615
Zfand3	ENSMUSG00000044477	ZFAND3	ENSMFAG00000031438	ortholog_one2one	1	95.1542
Zfand5	ENSMUSG00000024750	ZFAND5	ENSMFAG00000037978	ortholog_one2one	1	98.5916
Zfat	ENSMUSG00000022335	ZFAT	ENSMFAG00000041283	ortholog_one2one	1	88.4398
Zfc3h1	ENSMUSG00000034163	ZFC3H1	ENSMFAG00000039403	ortholog_one2one	1	91.4157
Zfhx2	ENSMUSG00000040721	ZFHX2	ENSMFAG00000024524	ortholog_one2one	1	84.6214
Zfhx3	ENSMUSG00000038872	ZFHX3	ENSMFAG00000034225	ortholog_one2one	1	94.2788
Zfhx4	ENSMUSG00000025255	ZFHX4	ENSMFAG00000034757	ortholog_one2one	1	91.4549
Zfp1	ENSMUSG00000055835	ZFP1	ENSMFAG00000001812	ortholog_one2one	1	86.3524
Zfp105	ENSMUSG00000057895	ZNF35	ENSMFAG00000041661	ortholog_one2one	1	81.4885
Zfp106	ENSMUSG00000027288	ZNF106	ENSMFAG00000031499	ortholog_one2one	1	78.125
Zfp128	ENSMUSG00000060397	ZNF8	ENSMFAG00000001075	ortholog_one2one	1	73.6014
Zfp13	ENSMUSG00000062012	ZNF205	ENSMFAG00000031163	ortholog_one2one	1	65.2344
Zfp142	ENSMUSG00000026135	ZNF142	ENSMFAG00000043994	ortholog_one2one	1	84.2105
Zfp143	ENSMUSG00000061079	ZNF143	ENSMFAG00000008022	ortholog_one2one	1	96.8652
Zfp146	ENSMUSG00000037029	ZNF146	ENSMFAG00000063538	ortholog_one2one	1	95.5479
Zfp148	ENSMUSG00000022811	ZNF148	ENSMFAG00000032538	ortholog_one2one	1	97.4811
Zfp174	ENSMUSG00000054939	ZNF174	ENSMFAG00000025850	ortholog_one2one	1	74.9386
Zfp182	ENSMUSG00000054737	ZNF182	ENSMFAG00000036192	ortholog_one2one	1	79.7888
Zfp189	ENSMUSG00000039634	ZNF189	ENSMFAG00000045567	ortholog_one2one	1	93.0921
Zfp2	ENSMUSG00000049321	ZFP2	ENSMFAG00000014508	ortholog_one2one	1	84.0959
Zfp202	ENSMUSG00000025602	ZNF202	ENSMFAG00000002603	ortholog_one2one	1	79.2512
Zfp207	ENSMUSG00000017421	ZNF207	ENSMFAG00000001904	ortholog_one2one	1	96.1207
Zfp217	ENSMUSG00000052056	ZNF217	ENSMFAG00000041447	ortholog_one2one	1	70.5091
Zfp236	ENSMUSG00000041258	ZNF236	ENSMFAG00000044643	ortholog_one2one	1	88.1971
Zfp24	ENSMUSG00000051469	ZNF24	ENSMFAG00000030811	ortholog_one2one	1	94.837
Zfp263	ENSMUSG00000022529	ZNF263	ENSMFAG00000031121	ortholog_one2one	1	83.9706
Zfp276	ENSMUSG00000001065	ZNF276	ENSMFAG00000037319	ortholog_one2one	1	80.2932
Zfp277	ENSMUSG00000055917	ZNF277	ENSMFAG00000035406	ortholog_one2one	1	86.6521
Zfp280c	ENSMUSG00000036916	ZNF280C	ENSMFAG00000042147	ortholog_one2one	1	68.4857
Zfp280d	ENSMUSG00000038535	ZNF280D	ENSMFAG00000036502	ortholog_one2one	1	76.2834
Zfp281	ENSMUSG00000041483	ZNF281	ENSMFAG00000001954	ortholog_one2one	1	91.3774
Zfp286	ENSMUSG00000047342	ZNF286A	ENSMFAG00000037564	ortholog_one2one	1	58.1888
Zfp287	ENSMUSG00000005267	ZNF287	ENSMFAG00000059146	ortholog_one2one	1	83.1551
Zfp292	ENSMUSG00000039967	ZNF292	ENSMFAG00000045756	ortholog_one2one	1	80.7265
Zfp296	ENSMUSG00000011267	ZNF296	ENSMFAG00000040337	ortholog_one2one	1	65.8427
Zfp3	ENSMUSG00000043602	ZFP3	ENSMFAG00000047727	ortholog_one2one	1	81.4889
Zfp318	ENSMUSG00000015597	ZNF318	ENSMFAG00000019122	ortholog_one2one	1	73.3572
Zfp319	ENSMUSG00000046556	ZNF319	ENSMFAG00000052672	ortholog_one2one	1	58.0034
Zfp326	ENSMUSG00000029290	ZNF326	ENSMFAG00000044308	ortholog_one2one	1	86.0345
Zfp330	ENSMUSG00000031711	ZNF330	ENSMFAG00000030809	ortholog_one2one	1	95.5696
Zfp334	ENSMUSG00000017667	ZNF334	ENSMFAG00000037488	ortholog_one2one	1	67.7467
Zfp335	ENSMUSG00000039834	ZNF335	ENSMFAG00000035432	ortholog_one2one	1	87.5841
Zfp346	ENSMUSG00000021481	ZNF346	ENSMFAG00000003577	ortholog_one2one	1	79.5918
Zfp354a	ENSMUSG00000020364	ZNF354A	ENSMFAG00000013407	ortholog_one2one	1	81.1189
Zfp354b	ENSMUSG00000020335	ZNF354B	ENSMFAG00000029623	ortholog_one2one	1	81.5308
Zfp36	ENSMUSG00000044786	ZFP36	ENSMFAG00000000900	ortholog_one2one	1	86.5204
Zfp362	ENSMUSG00000028799	ZNF362	ENSMFAG00000045133	ortholog_one2one	1	88.2775
Zfp365	ENSMUSG00000037855	ZNF365	ENSMFAG00000044758	ortholog_one2one	1	85.049
Zfp366	ENSMUSG00000050919	ZNF366	ENSMFAG00000001780	ortholog_one2one	1	85.1206
Zfp367	ENSMUSG00000044934	ZNF367	ENSMFAG00000056608	ortholog_one2one	1	90.8824
Zfp37	ENSMUSG00000028389	ZFP37	ENSMFAG00000000885	ortholog_one2one	1	73.7288
Zfp384	ENSMUSG00000038346	ZNF384	ENSMFAG00000037538	ortholog_one2one	1	97.089
Zfp385a	ENSMUSG00000000552	ZNF385A	ENSMFAG00000042192	ortholog_one2one	1	79.0476
Zfp385b	ENSMUSG00000027016	ZNF385B	ENSMFAG00000043013	ortholog_one2one	1	90.8714
Zfp385c	ENSMUSG00000014198	ZNF385C	ENSMFAG00000044338	ortholog_one2one	1	80.4196
Zfp395	ENSMUSG00000034522	ZNF395	ENSMFAG00000036920	ortholog_one2one	1	82.2835
Zfp397	ENSMUSG00000024276	ZNF397	ENSMFAG00000038856	ortholog_one2one	1	84.2505
Zfp398	ENSMUSG00000062519	ZNF398	ENSMFAG00000032929	ortholog_one2one	1	91.4463
Zfp407	ENSMUSG00000048410	ZNF407	ENSMFAG00000031607	ortholog_one2one	1	75.1558
Zfp408	ENSMUSG00000075040	ZNF408	ENSMFAG00000036575	ortholog_one2one	1	68.8525
Zfp410	ENSMUSG00000042472	ZNF410	ENSMFAG00000000428	ortholog_one2one	1	91.841
Zfp42	ENSMUSG00000051176	ZFP42	ENSMFAG00000064952	ortholog_one2one	1	57.9861
Zfp423	ENSMUSG00000045333	ZNF423	ENSMFAG00000045032	ortholog_one2one	1	87.1517
Zfp426	ENSMUSG00000059475	ZNF426	ENSMFAG00000030946	ortholog_one2one	1	71.6364
Zfp428	ENSMUSG00000064264	ZNF428	ENSMFAG00000034659	ortholog_one2one	1	89.9471
Zfp449	ENSMUSG00000073176	ZNF449	ENSMFAG00000033980	ortholog_one2one	1	90.1544
Zfp454	ENSMUSG00000048728	ZNF454	ENSMFAG00000043337	ortholog_one2one	1	77.0522
Zfp462	ENSMUSG00000060206	ZNF462	ENSMFAG00000037841	ortholog_one2one	1	93.5471
Zfp474	ENSMUSG00000046886	ZNF474	ENSMFAG00000056098	ortholog_one2one	1	70.8934
Zfp507	ENSMUSG00000044452	ZNF507	ENSMFAG00000031054	ortholog_one2one	1	80.9777
Zfp511	ENSMUSG00000025470	ZNF511	ENSMFAG00000044733	ortholog_one2one	1	59.8592
Zfp512	ENSMUSG00000062761	ZNF512	ENSMFAG00000032585	ortholog_one2one	1	87.0107
Zfp512b	ENSMUSG00000000823	ZNF512B	ENSMFAG00000003486	ortholog_one2one	1	87.2267
Zfp513	ENSMUSG00000043059	ZNF513	ENSMFAG00000040801	ortholog_one2one	1	95.3789
Zfp518b	ENSMUSG00000046572	ZNF518B	ENSMFAG00000030181	ortholog_one2one	1	70.9797
Zfp521	ENSMUSG00000024420	ZNF521	ENSMFAG00000044636	ortholog_one2one	1	97.0252
Zfp523	ENSMUSG00000024220	ZNF76	ENSMFAG00000036518	ortholog_one2one	1	89.9648
Zfp524	ENSMUSG00000051184	ZNF524	ENSMFAG00000023561	ortholog_one2one	1	61.6822
Zfp526	ENSMUSG00000046541	ZNF526	ENSMFAG00000044402	ortholog_one2one	1	86.5185
Zfp532	ENSMUSG00000042439	ZNF532	ENSMFAG00000026367	ortholog_one2one	1	91.411
Zfp536	ENSMUSG00000043456	ZNF536	ENSMFAG00000042864	ortholog_one2one	1	70.6605
Zfp553	ENSMUSG00000045598	ZNF48	ENSMFAG00000033648	ortholog_one2one	1	87.4789
Zfp575	ENSMUSG00000066721	ZNF575	ENSMFAG00000061397	ortholog_one2one	1	82.0084
Zfp592	ENSMUSG00000005621	ZNF592	ENSMFAG00000033727	ortholog_one2one	1	87.0048
Zfp593os	ENSMUSG00000086322	ZNF593OS	ENSMFAG00000036124	ortholog_one2one	1	87.3016
Zfp597	ENSMUSG00000039789	ZNF597	ENSMFAG00000052188	ortholog_one2one	1	62.2912
Zfp598	ENSMUSG00000041130	ZNF598	ENSMFAG00000001763	ortholog_one2one	1	74.6696
Zfp608	ENSMUSG00000052713	ZNF608	ENSMFAG00000043739	ortholog_one2one	1	93.6466
Zfp609	ENSMUSG00000040524	ZNF609	ENSMFAG00000002867	ortholog_one2one	1	93.9844
Zfp612	ENSMUSG00000044676	ZNF23	ENSMFAG00000028694	ortholog_one2one	1	75.744
Zfp618	ENSMUSG00000028358	ZNF618	ENSMFAG00000000894	ortholog_one2one	1	95.9826
Zfp62	ENSMUSG00000046311	ZFP62	ENSMFAG00000033634	ortholog_one2one	1	85.3363
Zfp622	ENSMUSG00000052253	ZNF622	ENSMFAG00000058196	ortholog_one2one	1	82.1429
Zfp623	ENSMUSG00000050846	ZNF623	ENSMFAG00000054876	ortholog_one2one	1	81.5631
Zfp629	ENSMUSG00000045639	ZNF629	ENSMFAG00000038348	ortholog_one2one	1	85.3518
Zfp637	ENSMUSG00000059689	ZNF32	ENSMFAG00000032618	ortholog_one2one	1	95.5882
Zfp639	ENSMUSG00000027667	ZNF639	ENSMFAG00000002403	ortholog_one2one	1	93.1959
Zfp64	ENSMUSG00000027551	ZFP64	ENSMFAG00000034598	ortholog_one2one	1	54.2768
Zfp644	ENSMUSG00000049606	ZNF644	ENSMFAG00000033902	ortholog_one2one	1	84.3537
Zfp646	ENSMUSG00000049739	ZNF646	ENSMFAG00000031195	ortholog_one2one	1	70.9732
Zfp648	ENSMUSG00000066797	ZNF648	ENSMFAG00000057266	ortholog_one2one	1	56.381
Zfp652	ENSMUSG00000075595	ZNF652	ENSMFAG00000039085	ortholog_one2one	1	89.1447
Zfp653	ENSMUSG00000038895	ZNF653	ENSMFAG00000041927	ortholog_one2one	1	92.6829
Zfp654	ENSMUSG00000047141	ZNF654	ENSMFAG00000041264	ortholog_one2one	1	88.8489
Zfp655	ENSMUSG00000007812	ZNF655	ENSMFAG00000037712	ortholog_one2one	1	78.0037
Zfp661	ENSMUSG00000034800	ZNF2	ENSMFAG00000039940	ortholog_one2one	1	77.0492
Zfp664	ENSMUSG00000079215	ZNF664	ENSMFAG00000030650	ortholog_one2one	1	100
Zfp667	ENSMUSG00000054893	ZNF667	ENSMFAG00000037010	ortholog_one2one	1	74.8768
Zfp687	ENSMUSG00000019338	ZNF687	ENSMFAG00000034438	ortholog_one2one	1	86.1762
Zfp689	ENSMUSG00000048921	ZNF689	ENSMFAG00000033034	ortholog_one2one	1	92
Zfp69	ENSMUSG00000064141	ZFP69	ENSMFAG00000038294	ortholog_one2one	1	67.632
Zfp691	ENSMUSG00000045268	ZNF691	ENSMFAG00000002872	ortholog_one2one	1	85.8657
Zfp704	ENSMUSG00000040209	ZNF704	ENSMFAG00000035658	ortholog_one2one	1	65.1943
Zfp711	ENSMUSG00000025529	ZNF711	ENSMFAG00000037179	ortholog_one2one	1	94.7826
Zfp740	ENSMUSG00000046897	ZNF740	ENSMFAG00000051716	ortholog_one2one	1	89.7561
Zfp750	ENSMUSG00000039238	ZNF750	ENSMFAG00000003154	ortholog_one2one	1	72.5462
Zfp768	ENSMUSG00000047371	ZNF768	ENSMFAG00000000769	ortholog_one2one	1	85.7394
Zfp771	ENSMUSG00000054716	ZNF771	ENSMFAG00000036200	ortholog_one2one	1	95.8991
Zfp777	ENSMUSG00000071477	ZNF777	ENSMFAG00000050489	ortholog_one2one	1	89.4915
Zfp786	ENSMUSG00000051499	ZNF786	ENSMFAG00000057080	ortholog_one2one	1	56.1133
Zfp800	ENSMUSG00000039841	ZNF800	ENSMFAG00000000453	ortholog_one2one	1	93.9577
Zfp804a	ENSMUSG00000070866	ZNF804A	ENSMFAG00000042172	ortholog_one2one	1	67.3333
Zfp804b	ENSMUSG00000092094	ZNF804B	ENSMFAG00000044325	ortholog_one2one	1	67.6098
Zfp821	ENSMUSG00000031728	ZNF821	ENSMFAG00000029323	ortholog_one2one	1	92.2518
Zfp827	ENSMUSG00000071064	ZNF827	ENSMFAG00000038497	ortholog_one2one	1	93.6107
Zfp830	ENSMUSG00000046010	ZNF830	ENSMFAG00000025776	ortholog_one2one	1	85.3995
Zfp831	ENSMUSG00000050600	ZNF831	ENSMFAG00000040583	ortholog_one2one	1	57.0639
Zfp879	ENSMUSG00000044296	ZNF879	ENSMFAG00000039136	ortholog_one2one	1	80.2842
Zfp91	ENSMUSG00000024695	ZFP91	ENSMFAG00000043036	ortholog_one2one	1	88.2867
Zfpm2	ENSMUSG00000022306	ZFPM2	ENSMFAG00000045726	ortholog_one2one	1	93.8315
Zfr	ENSMUSG00000022201	ZFR	ENSMFAG00000042691	ortholog_one2one	1	88.8268
Zftraf1	ENSMUSG00000053929	ZFTRAF1	ENSMFAG00000034263	ortholog_one2one	1	85.9649
Zfx	ENSMUSG00000079509	ZFX	ENSMFAG00000031301	ortholog_one2one	1	95.6195
Zfyve1	ENSMUSG00000042628	ZFYVE1	ENSMFAG00000037270	ortholog_one2one	1	96.0103
Zfyve19	ENSMUSG00000068580	ZFYVE19	ENSMFAG00000043261	ortholog_one2one	1	78.6632
Zfyve21	ENSMUSG00000021286	ZFYVE21	ENSMFAG00000043178	ortholog_one2one	1	85.4701
Zfyve26	ENSMUSG00000066440	ZFYVE26	ENSMFAG00000036640	ortholog_one2one	1	82.9577
Zfyve27	ENSMUSG00000018820	ZFYVE27	ENSMFAG00000031815	ortholog_one2one	1	72.7941
Zfyve28	ENSMUSG00000037224	ZFYVE28	ENSMFAG00000062429	ortholog_one2one	1	79.4475
Zfyve9	ENSMUSG00000034557	ZFYVE9	ENSMFAG00000040167	ortholog_one2one	1	89.3343
Zglp1	ENSMUSG00000079681	ZGLP1	ENSMFAG00000059142	ortholog_one2one	1	55.2632
Zgpat	ENSMUSG00000027582	ZGPAT	ENSMFAG00000001467	ortholog_one2one	1	54.416
Zhx1	ENSMUSG00000022361	ZHX1	ENSMFAG00000023007	ortholog_one2one	1	90.8362
Zhx2	ENSMUSG00000071757	ZHX2	ENSMFAG00000043785	ortholog_one2one	1	85.4067
Zhx3	ENSMUSG00000035877	ZHX3	ENSMFAG00000038640	ortholog_one2one	1	85.1735
Zic2	ENSMUSG00000061524	ZIC2	ENSMFAG00000057731	ortholog_one2one	1	93.0057
Zic3	ENSMUSG00000067860	ZIC3	ENSMFAG00000027018	ortholog_one2one	1	97.6395
Zic5	ENSMUSG00000041703	ZIC5	ENSMFAG00000057061	ortholog_one2one	1	87.7813
Zkscan14	ENSMUSG00000029627	ZNF394	ENSMFAG00000045342	ortholog_one2one	1	67.7543
Zkscan16	ENSMUSG00000038630	ZNF483	ENSMFAG00000031397	ortholog_one2one	1	58.9286
Zkscan2	ENSMUSG00000030757	ZKSCAN2	ENSMFAG00000037378	ortholog_one2one	1	81.0417
Zkscan5	ENSMUSG00000055991	ZKSCAN5	ENSMFAG00000037519	ortholog_one2one	1	80.464
Zkscan6	ENSMUSG00000018347	ZNF18	ENSMFAG00000035864	ortholog_one2one	1	77.3381
Zkscan7	ENSMUSG00000063488	ZKSCAN7	ENSMFAG00000042274	ortholog_one2one	1	70.195
Zmat1	ENSMUSG00000052676	ZMAT1	ENSMFAG00000061745	ortholog_one2one	1	60.1236
Zmat2	ENSMUSG00000001383	ZMAT2	ENSMFAG00000037329	ortholog_one2one	1	100
Zmat4	ENSMUSG00000037492	ZMAT4	ENSMFAG00000043475	ortholog_one2one	1	81.6594
Zmiz1	ENSMUSG00000007817	ZMIZ1	ENSMFAG00000043959	ortholog_one2one	1	98.2176
Zmiz2	ENSMUSG00000041164	ZMIZ2	ENSMFAG00000003941	ortholog_one2one	1	91.3043
Zmpste24	ENSMUSG00000043207	ZMPSTE24	ENSMFAG00000044167	ortholog_one2one	1	93.0526
Zmym2	ENSMUSG00000021945	ZMYM2	ENSMFAG00000031877	ortholog_one2one	1	96.0756
Zmym3	ENSMUSG00000031310	ZMYM3	ENSMFAG00000043632	ortholog_one2one	1	94.7445
Zmym4	ENSMUSG00000042446	ZMYM4	ENSMFAG00000032709	ortholog_one2one	1	92.705
Zmym5	ENSMUSG00000040123	ZMYM5	ENSMFAG00000054215	ortholog_one2one	1	67.7831
Zmynd10	ENSMUSG00000010044	ZMYND10	ENSMFAG00000000265	ortholog_one2one	1	89.5455
Zmynd12	ENSMUSG00000070806	ZMYND12	ENSMFAG00000002741	ortholog_one2one	1	83.1956
Zmynd15	ENSMUSG00000040829	ZMYND15	ENSMFAG00000038901	ortholog_one2one	1	86.413
Zmynd8	ENSMUSG00000039671	ZMYND8	ENSMFAG00000033429	ortholog_one2one	1	90.4077
Znfx1	ENSMUSG00000039501	ZNFX1	ENSMFAG00000040759	ortholog_one2one	1	88.2137
Znhit1	ENSMUSG00000059518	ZNHIT1	ENSMFAG00000034086	ortholog_one2one	1	94.1558
Znhit3	ENSMUSG00000020526	ZNHIT3	ENSMFAG00000001234	ortholog_one2one	1	77.4834
Znhit6	ENSMUSG00000074182	ZNHIT6	ENSMFAG00000001461	ortholog_one2one	1	50.6522
Znrd2	ENSMUSG00000079478	ZNRD2	ENSMFAG00000042498	ortholog_one2one	1	89.4472
Znrf1	ENSMUSG00000033545	ZNRF1	ENSMFAG00000039290	ortholog_one2one	1	96.9163
Znrf2	ENSMUSG00000058446	ZNRF2	ENSMFAG00000007926	ortholog_one2many	1	83.6134
Znrf3	ENSMUSG00000041961	ZNRF3	ENSMFAG00000059357	ortholog_one2one	1	60.3505
Zp1	ENSMUSG00000024734	ZP1	ENSMFAG00000046156	ortholog_one2one	1	67.0947
Zp2	ENSMUSG00000030911	ZP2	ENSMFAG00000034578	ortholog_one2one	1	60.4488
Zpbp	ENSMUSG00000020193	ZPBP	ENSMFAG00000042535	ortholog_one2one	1	64.7059
Zpbp2	ENSMUSG00000017195	ZPBP2	ENSMFAG00000002549	ortholog_one2one	1	74.2331
Zpld1	ENSMUSG00000064310	ZPLD1	ENSMFAG00000033639	ortholog_one2one	1	90.8434
Zpr1	ENSMUSG00000032078	ZPR1	ENSMFAG00000030506	ortholog_one2one	1	88.8889
Zranb1	ENSMUSG00000030967	ZRANB1	ENSMFAG00000031080	ortholog_one2one	1	99.2938
Zranb3	ENSMUSG00000036086	ZRANB3	ENSMFAG00000034071	ortholog_one2one	1	77.7362
Zscan12	ENSMUSG00000036721	ZSCAN12	ENSMFAG00000046122	ortholog_one2one	1	68.0639
Zscan20	ENSMUSG00000061894	ZSCAN20	ENSMFAG00000042799	ortholog_one2one	1	76.4078
Zscan22	ENSMUSG00000054715	ZSCAN22	ENSMFAG00000038510	ortholog_one2one	1	73.7903
Zscan26	ENSMUSG00000022228	ZSCAN26	ENSMFAG00000045743	ortholog_one2one	1	71.4592
Zscan29	ENSMUSG00000050619	ZSCAN29	ENSMFAG00000000216	ortholog_one2one	1	81.1751
Zswim1	ENSMUSG00000017764	ZSWIM1	ENSMFAG00000044865	ortholog_one2one	1	84.6154
Zswim2	ENSMUSG00000034552	ZSWIM2	ENSMFAG00000001939	ortholog_one2one	1	67.9873
Zswim3	ENSMUSG00000045822	ZSWIM3	ENSMFAG00000037551	ortholog_one2one	1	74.3885
Zswim4	ENSMUSG00000035671	ZSWIM4	ENSMFAG00000041230	ortholog_one2one	1	79.2007
Zswim5	ENSMUSG00000033948	ZSWIM5	ENSMFAG00000002575	ortholog_one2one	1	92.5084
Zswim6	ENSMUSG00000032846	ZSWIM6	ENSMFAG00000044175	ortholog_one2one	1	94.8633
Zswim7	ENSMUSG00000014243	ZSWIM7	ENSMFAG00000045902	ortholog_one2one	1	74.3421
Zswim8	ENSMUSG00000021819	ZSWIM8	ENSMFAG00000041406	ortholog_one2one	1	97.2162
Zwilch	ENSMUSG00000032400	ZWILCH	ENSMFAG00000036529	ortholog_one2one	1	81.4941
Zxdc	ENSMUSG00000034430	ZXDC	ENSMFAG00000035930	ortholog_one2one	1	79.073
Zyg11a	ENSMUSG00000034645	ZYG11A	ENSMFAG00000046237	ortholog_one2one	1	71.9737
Zyx	ENSMUSG00000029860	ZYX	ENSMFAG00000044249	ortholog_one2one	1	62.766
Zzz3	ENSMUSG00000039068	ZZZ3	ENSMFAG00000043408	ortholog_one2one	1	86.9231
mt-Atp6	ENSMUSG00000064357	ATP6	ENSMFAG00000053176	ortholog_one2one	1	66.8142
mt-Co1	ENSMUSG00000064351	COX1	ENSMFAG00000060073	ortholog_one2one	1	88.9105
mt-Co2	ENSMUSG00000064354	COX2	ENSMFAG00000055785	ortholog_one2one	1	67.8414
mt-Co3	ENSMUSG00000064358	COX3	ENSMFAG00000060632	ortholog_one2one	1	80.0766
mt-Nd2	ENSMUSG00000064345	ND2	ENSMFAG00000050431	ortholog_one2one	1	54.4928
mt-Nd3	ENSMUSG00000064360	ND3	ENSMFAG00000065538	ortholog_one2one	1	64.3478
mt-Nd4	ENSMUSG00000064363	ND4	ENSMFAG00000057489	ortholog_one2one	1	64.9237
mt-Nd4l	ENSMUSG00000065947	ND4L	ENSMFAG00000049515	ortholog_one2one	1	60.2041
mt-Nd5	ENSMUSG00000064367	ND5	ENSMFAG00000053671	ortholog_one2one	1	60.9555
mt-Nd6	ENSMUSG00000064368	ND6	ENSMFAG00000051125	ortholog_one2many	1	51.7442
